# tg_mhd (CUDA FP64)  tgc_slip_cond_n256_re1000_drive0.2_bdrive0.2  N=256 Re=1000 h=1.23199712e-02 delta=3.16227766e-02 delta/h=2.566790 layers=128
# layer k: the nodes k cells from the nearest wall, i.e. the slab [(k-1/2)h, (k+1/2)h] ([0, h/2] for k = 0)
# row 'vol': each layer's share of the volume; then per probe: t and each layer's OHMIC dissipation as a share of the total eps
# vol 1.171863e-02 2.316189e-02 2.279714e-02 2.243529e-02 2.207634e-02 2.172027e-02 2.136711e-02 2.101683e-02 2.066946e-02 2.032497e-02 1.998338e-02 1.964469e-02 1.930889e-02 1.897599e-02 1.864598e-02 1.831887e-02 1.799465e-02 1.767332e-02 1.735489e-02 1.703936e-02 1.672672e-02 1.641697e-02 1.611012e-02 1.580617e-02 1.550511e-02 1.520694e-02 1.491167e-02 1.461929e-02 1.432981e-02 1.404323e-02 1.375953e-02 1.347874e-02 1.320084e-02 1.292583e-02 1.265372e-02 1.238450e-02 1.211817e-02 1.185475e-02 1.159421e-02 1.133657e-02 1.108183e-02 1.082998e-02 1.058103e-02 1.033497e-02 1.009180e-02 9.851535e-03 9.614160e-03 9.379681e-03 9.148095e-03 8.919405e-03 8.693610e-03 8.470709e-03 8.250703e-03 8.033592e-03 7.819376e-03 7.608054e-03 7.399628e-03 7.194096e-03 6.991459e-03 6.791717e-03 6.594869e-03 6.400917e-03 6.209859e-03 6.021696e-03 5.836428e-03 5.654055e-03 5.474576e-03 5.297992e-03 5.124304e-03 4.953510e-03 4.785610e-03 4.620606e-03 4.458496e-03 4.299282e-03 4.142962e-03 3.989536e-03 3.839006e-03 3.691371e-03 3.546630e-03 3.404784e-03 3.265833e-03 3.129777e-03 2.996615e-03 2.866349e-03 2.738977e-03 2.614500e-03 2.492918e-03 2.374230e-03 2.258438e-03 2.145540e-03 2.035537e-03 1.928429e-03 1.824215e-03 1.722897e-03 1.624473e-03 1.528944e-03 1.436310e-03 1.346571e-03 1.259727e-03 1.175777e-03 1.094722e-03 1.016562e-03 9.412971e-04 8.689267e-04 7.994512e-04 7.328705e-04 6.691846e-04 6.083935e-04 5.504972e-04 4.954957e-04 4.433890e-04 3.941772e-04 3.478602e-04 3.044380e-04 2.639106e-04 2.262780e-04 1.915402e-04 1.596973e-04 1.307491e-04 1.046958e-04 8.153727e-05 6.127357e-05 4.390468e-05 2.943061e-05 1.785135e-05 9.166912e-06 3.377283e-06 4.824690e-07
0.000000 6.27425e-03 1.25558e-02 1.25763e-02 1.26082e-02 1.26496e-02 1.26983e-02 1.27526e-02 1.28104e-02 1.28700e-02 1.29295e-02 1.29873e-02 1.30417e-02 1.30911e-02 1.31342e-02 1.31696e-02 1.31963e-02 1.32133e-02 1.32195e-02 1.32145e-02 1.31975e-02 1.31682e-02 1.31264e-02 1.30719e-02 1.30049e-02 1.29255e-02 1.28341e-02 1.27310e-02 1.26169e-02 1.24925e-02 1.23584e-02 1.22154e-02 1.20645e-02 1.19065e-02 1.17423e-02 1.15729e-02 1.13991e-02 1.12219e-02 1.10421e-02 1.08605e-02 1.06778e-02 1.04947e-02 1.03117e-02 1.01294e-02 9.94808e-03 9.76809e-03 9.58961e-03 9.41275e-03 9.23751e-03 9.06382e-03 8.89151e-03 8.72033e-03 8.54999e-03 8.38012e-03 8.21032e-03 8.04016e-03 7.86918e-03 7.69691e-03 7.52291e-03 7.34673e-03 7.16798e-03 6.98629e-03 6.80135e-03 6.61292e-03 6.42081e-03 6.22492e-03 6.02523e-03 5.82181e-03 5.61481e-03 5.40446e-03 5.19109e-03 4.97509e-03 4.75695e-03 4.53721e-03 4.31648e-03 4.09543e-03 3.87476e-03 3.65521e-03 3.43755e-03 3.22255e-03 3.01098e-03 2.80360e-03 2.60115e-03 2.40434e-03 2.21381e-03 2.03019e-03 1.85402e-03 1.68577e-03 1.52585e-03 1.37460e-03 1.23226e-03 1.09901e-03 9.74916e-04 8.60000e-04 7.54186e-04 6.57330e-04 5.69217e-04 4.89570e-04 4.18056e-04 3.54289e-04 2.97847e-04 2.48270e-04 2.05076e-04 1.67763e-04 1.35823e-04 1.08746e-04 8.60278e-05 6.71769e-05 5.17212e-05 3.92123e-05 2.92300e-05 2.13861e-05 1.53263e-05 1.07321e-05 7.32154e-06 4.84899e-06 3.10409e-06 1.91022e-06 1.12225e-06 6.23797e-07 3.24155e-07 1.54915e-07 6.65176e-08 2.47843e-08 7.58385e-09 1.73337e-09 2.46214e-10 1.41329e-11 7.11148e-14
0.250095 5.43967e-03 1.08861e-02 1.09053e-02 1.09351e-02 1.09737e-02 1.10191e-02 1.10683e-02 1.11145e-02 1.11427e-02 1.11249e-02 1.10196e-02 1.07774e-02 1.04446e-02 1.01991e-02 1.01029e-02 1.00911e-02 1.01300e-02 1.02355e-02 1.04539e-02 1.08464e-02 1.14700e-02 1.23539e-02 1.34776e-02 1.47568e-02 1.60422e-02 1.71321e-02 1.77987e-02 1.77436e-02 1.67929e-02 1.53947e-02 1.42212e-02 1.34316e-02 1.28651e-02 1.24210e-02 1.20630e-02 1.17651e-02 1.15083e-02 1.12783e-02 1.10653e-02 1.08628e-02 1.06667e-02 1.04751e-02 1.02868e-02 1.01018e-02 9.91996e-03 9.74107e-03 9.56495e-03 9.39127e-03 9.21962e-03 9.04955e-03 8.88052e-03 8.71197e-03 8.54332e-03 8.37393e-03 8.20320e-03 8.03050e-03 7.85522e-03 7.67681e-03 7.49477e-03 7.30865e-03 7.11811e-03 6.92290e-03 6.72288e-03 6.51802e-03 6.30840e-03 6.09422e-03 5.87579e-03 5.65352e-03 5.42793e-03 5.19961e-03 4.96925e-03 4.73757e-03 4.50536e-03 4.27344e-03 4.04264e-03 3.81381e-03 3.58777e-03 3.36533e-03 3.14727e-03 2.93431e-03 2.72714e-03 2.52637e-03 2.33257e-03 2.14622e-03 1.96773e-03 1.79744e-03 1.63564e-03 1.48253e-03 1.33822e-03 1.20280e-03 1.07625e-03 9.58521e-04 8.49498e-04 7.49011e-04 6.56846e-04 5.72746e-04 4.96413e-04 4.27520e-04 3.65706e-04 3.10590e-04 2.61770e-04 2.18829e-04 1.81341e-04 1.48875e-04 1.20997e-04 9.72781e-05 7.72978e-05 6.06461e-05 4.69291e-05 3.57717e-05 2.68209e-05 1.97484e-05 1.42525e-05 1.00598e-05 6.92625e-06 4.63743e-06 3.00821e-06 1.88193e-06 1.12896e-06 6.44657e-07 3.46952e-07 1.73578e-07 7.90737e-08 3.17242e-08 1.05601e-08 2.58251e-09 3.43204e-10 8.47638e-12
0.500191 4.66228e-03 9.33346e-03 9.35847e-03 9.39590e-03 9.43940e-03 9.47845e-03 9.49841e-03 9.48381e-03 9.42490e-03 9.32650e-03 9.21781e-03 9.16172e-03 9.25805e-03 9.52910e-03 9.83268e-03 1.00714e-02 1.02851e-02 1.05527e-02 1.09361e-02 1.14643e-02 1.21384e-02 1.29397e-02 1.38312e-02 1.47526e-02 1.56179e-02 1.63172e-02 1.67235e-02 1.66485e-02 1.59634e-02 1.49588e-02 1.40959e-02 1.34830e-02 1.30067e-02 1.25972e-02 1.22292e-02 1.18862e-02 1.15599e-02 1.12475e-02 1.09492e-02 1.06658e-02 1.03979e-02 1.01457e-02 9.90911e-03 9.68780e-03 9.48130e-03 9.28856e-03 9.10808e-03 8.93805e-03 8.77670e-03 8.62250e-03 8.47406e-03 8.33005e-03 8.18904e-03 8.04950e-03 7.90983e-03 7.76833e-03 7.62335e-03 7.47331e-03 7.31676e-03 7.15242e-03 6.97928e-03 6.79660e-03 6.60395e-03 6.40119e-03 6.18854e-03 5.96649e-03 5.73585e-03 5.49767e-03 5.25320e-03 5.00389e-03 4.75131e-03 4.49710e-03 4.24292e-03 3.99043e-03 3.74123e-03 3.49679e-03 3.25847e-03 3.02746e-03 2.80478e-03 2.59124e-03 2.38748e-03 2.19397e-03 2.01097e-03 1.83860e-03 1.67685e-03 1.52557e-03 1.38452e-03 1.25336e-03 1.13172e-03 1.01918e-03 9.15266e-04 8.19529e-04 7.31500e-04 6.50722e-04 5.76751e-04 5.09164e-04 4.47561e-04 3.91562e-04 3.40811e-04 2.94976e-04 2.53739e-04 2.16805e-04 1.83890e-04 1.54723e-04 1.29042e-04 1.06592e-04 8.71244e-05 7.03935e-05 5.61585e-05 4.41813e-05 3.42284e-05 2.60712e-05 1.94878e-05 1.42649e-05 1.02002e-05 7.10400e-06 4.80194e-06 3.13657e-06 1.96887e-06 1.17911e-06 6.67083e-07 3.51514e-07 1.68854e-07 7.13998e-08 2.49734e-08 6.37516e-09 8.75015e-10 2.20244e-11
0.750286 4.06710e-03 8.15620e-03 8.21315e-03 8.28551e-03 8.35160e-03 8.39654e-03 8.42088e-03 8.44287e-03 8.48766e-03 8.56559e-03 8.66476e-03 8.79195e-03 9.01615e-03 9.40997e-03 9.95075e-03 1.05466e-02 1.11067e-02 1.15809e-02 1.19737e-02 1.23278e-02 1.26972e-02 1.31210e-02 1.36029e-02 1.41056e-02 1.45663e-02 1.49196e-02 1.51070e-02 1.50278e-02 1.45825e-02 1.39334e-02 1.33895e-02 1.30247e-02 1.27469e-02 1.24931e-02 1.22395e-02 1.19741e-02 1.16909e-02 1.13872e-02 1.10640e-02 1.07251e-02 1.03764e-02 1.00251e-02 9.67878e-03 9.34419e-03 9.02724e-03 8.73263e-03 8.46389e-03 8.22341e-03 8.01241e-03 7.83080e-03 7.67709e-03 7.54829e-03 7.44008e-03 7.34716e-03 7.26377e-03 7.18418e-03 7.10312e-03 7.01598e-03 6.91898e-03 6.80915e-03 6.68432e-03 6.54303e-03 6.38453e-03 6.20868e-03 6.01589e-03 5.80707e-03 5.58352e-03 5.34691e-03 5.09921e-03 4.84260e-03 4.57941e-03 4.31208e-03 4.04308e-03 3.77485e-03 3.50974e-03 3.24996e-03 2.99752e-03 2.75421e-03 2.52154e-03 2.30072e-03 2.09269e-03 1.89805e-03 1.71712e-03 1.54995e-03 1.39633e-03 1.25585e-03 1.12794e-03 1.01187e-03 9.06841e-04 8.12012e-04 7.26507e-04 6.49467e-04 5.80058e-04 5.17496e-04 4.61055e-04 4.10072e-04 3.63959e-04 3.22194e-04 2.84326e-04 2.49967e-04 2.18787e-04 1.90507e-04 1.64896e-04 1.41756e-04 1.20920e-04 1.02247e-04 8.56085e-05 7.08889e-05 5.79776e-05 4.67657e-05 3.71422e-05 2.89921e-05 2.21948e-05 1.66240e-05 1.21482e-05 8.63283e-06 5.94220e-06 3.94288e-06 2.50704e-06 1.51587e-06 8.62733e-07 4.55593e-07 2.18511e-07 9.19587e-08 3.19412e-08 8.09158e-09 1.10327e-09 2.76535e-11
1.000382 3.48821e-03 7.09113e-03 7.34050e-03 7.59417e-03 7.82332e-03 8.03603e-03 8.18798e-03 8.26202e-03 8.34151e-03 8.49718e-03 8.71263e-03 8.95989e-03 9.26470e-03 9.66533e-03 1.01272e-02 1.05815e-02 1.10068e-02 1.14316e-02 1.18914e-02 1.23736e-02 1.28091e-02 1.31321e-02 1.33431e-02 1.35048e-02 1.36903e-02 1.39410e-02 1.42522e-02 1.45459e-02 1.46866e-02 1.46579e-02 1.45747e-02 1.44735e-02 1.43107e-02 1.40517e-02 1.36790e-02 1.31891e-02 1.25936e-02 1.19170e-02 1.11920e-02 1.04547e-02 9.74057e-03 9.08074e-03 8.49935e-03 8.01178e-03 7.62410e-03 7.33370e-03 7.13090e-03 7.00116e-03 6.92735e-03 6.89184e-03 6.87824e-03 6.87244e-03 6.86326e-03 6.84249e-03 6.80466e-03 6.74662e-03 6.66703e-03 6.56594e-03 6.44431e-03 6.30370e-03 6.14586e-03 5.97249e-03 5.78520e-03 5.58549e-03 5.37487e-03 5.15491e-03 4.92731e-03 4.69381e-03 4.45618e-03 4.21618e-03 3.97552e-03 3.73585e-03 3.49872e-03 3.26555e-03 3.03765e-03 2.81620e-03 2.60219e-03 2.39649e-03 2.19978e-03 2.01261e-03 1.83540e-03 1.66840e-03 1.51180e-03 1.36564e-03 1.22989e-03 1.10444e-03 9.89076e-04 8.83544e-04 7.87499e-04 7.00537e-04 6.22190e-04 5.51930e-04 4.89183e-04 4.33333e-04 3.83742e-04 3.39760e-04 3.00750e-04 2.66105e-04 2.35261e-04 2.07715e-04 1.83027e-04 1.60825e-04 1.40796e-04 1.22687e-04 1.06293e-04 9.14510e-05 7.80339e-05 6.59427e-05 5.51000e-05 4.54435e-05 3.69207e-05 2.94832e-05 2.30820e-05 1.76638e-05 1.31678e-05 9.52391e-06 6.65142e-06 4.45994e-06 2.85132e-06 1.72313e-06 9.73501e-07 5.06531e-07 2.37550e-07 9.70623e-08 3.25616e-08 7.95597e-09 1.05135e-09 2.58239e-11
1.250477 2.91570e-03 6.53434e-03 7.75787e-03 8.36926e-03 8.43003e-03 8.46252e-03 8.57160e-03 8.66970e-03 8.71923e-03 8.70465e-03 8.61312e-03 8.46885e-03 8.37451e-03 8.47560e-03 8.83773e-03 9.40202e-03 1.00516e-02 1.06899e-02 1.12808e-02 1.18379e-02 1.24005e-02 1.30152e-02 1.37159e-02 1.45039e-02 1.53394e-02 1.61495e-02 1.68450e-02 1.73278e-02 1.74951e-02 1.73045e-02 1.68076e-02 1.60824e-02 1.51983e-02 1.42228e-02 1.32183e-02 1.22352e-02 1.13086e-02 1.04582e-02 9.69215e-03 9.01172e-03 8.41756e-03 7.91263e-03 7.50135e-03 7.18629e-03 6.96481e-03 6.82753e-03 6.75867e-03 6.73795e-03 6.74348e-03 6.75470e-03 6.75479e-03 6.73190e-03 6.67937e-03 6.59491e-03 6.47944e-03 6.33575e-03 6.16748e-03 5.97832e-03 5.77177e-03 5.55108e-03 5.31950e-03 5.08042e-03 4.83727e-03 4.59326e-03 4.35102e-03 4.11255e-03 3.87927e-03 3.65223e-03 3.43222e-03 3.21987e-03 3.01572e-03 2.82014e-03 2.63344e-03 2.45578e-03 2.28723e-03 2.12776e-03 1.97726e-03 1.83553e-03 1.70227e-03 1.57716e-03 1.45979e-03 1.34970e-03 1.24639e-03 1.14935e-03 1.05803e-03 9.71918e-04 8.90531e-04 8.13462e-04 7.40404e-04 6.71166e-04 6.05678e-04 5.43978e-04 4.86182e-04 4.32442e-04 3.82899e-04 3.37638e-04 2.96661e-04 2.59875e-04 2.27096e-04 1.98068e-04 1.72482e-04 1.50006e-04 1.30292e-04 1.13001e-04 9.78079e-05 8.44186e-05 7.25746e-05 6.20590e-05 5.26972e-05 4.43529e-05 3.69224e-05 3.03271e-05 2.45082e-05 1.94201e-05 1.50266e-05 1.12957e-05 8.19636e-06 5.69386e-06 3.74672e-06 2.30331e-06 1.29951e-06 6.58042e-07 2.91168e-07 1.09039e-07 3.29930e-08 7.28849e-09 8.84342e-10 2.04686e-11
1.500572 2.48503e-03 7.05385e-03 9.31644e-03 9.59680e-03 9.28875e-03 8.94081e-03 8.63627e-03 8.32900e-03 7.97627e-03 7.61738e-03 7.34543e-03 7.22106e-03 7.25133e-03 7.45427e-03 7.88370e-03 8.61354e-03 9.71839e-03 1.12454e-02 1.31815e-02 1.53858e-02 1.75227e-02 1.91369e-02 1.99172e-02 1.99065e-02 1.94054e-02 1.87082e-02 1.79682e-02 1.72230e-02 1.64545e-02 1.56562e-02 1.48606e-02 1.40953e-02 1.33651e-02 1.26675e-02 1.20010e-02 1.13667e-02 1.07669e-02 1.02028e-02 9.67448e-03 9.18241e-03 8.72824e-03 8.31446e-03 7.94274e-03 7.61243e-03 7.32055e-03 7.06312e-03 6.83681e-03 6.63980e-03 6.47099e-03 6.32809e-03 6.20591e-03 6.09591e-03 5.98739e-03 5.86952e-03 5.73356e-03 5.57431e-03 5.39046e-03 5.18399e-03 4.95902e-03 4.72071e-03 4.47429e-03 4.22465e-03 3.97599e-03 3.73183e-03 3.49492e-03 3.26731e-03 3.05041e-03 2.84510e-03 2.65179e-03 2.47057e-03 2.30126e-03 2.14347e-03 1.99665e-03 1.86015e-03 1.73329e-03 1.61533e-03 1.50558e-03 1.40337e-03 1.30808e-03 1.21910e-03 1.13586e-03 1.05780e-03 9.84414e-04 9.15254e-04 8.50054e-04 7.88734e-04 7.31367e-04 6.78046e-04 6.28730e-04 5.83129e-04 5.40700e-04 5.00744e-04 4.62550e-04 4.25532e-04 3.89324e-04 3.53807e-04 3.19102e-04 2.85508e-04 2.53420e-04 2.23247e-04 1.95332e-04 1.69898e-04 1.47035e-04 1.26702e-04 1.08761e-04 9.30188e-05 7.92592e-05 6.72699e-05 5.68496e-05 4.78111e-05 3.99805e-05 3.31989e-05 2.73255e-05 2.22392e-05 1.78402e-05 1.40482e-05 1.07995e-05 8.04479e-06 5.74577e-06 3.87369e-06 2.40701e-06 1.32759e-06 6.12267e-07 2.15945e-07 5.22627e-08 8.07712e-09 7.28452e-10 1.42690e-11
1.750668 2.17878e-03 6.83678e-03 9.53718e-03 9.80210e-03 9.18670e-03 8.41078e-03 7.68487e-03 7.14054e-03 6.83117e-03 6.69048e-03 6.63664e-03 6.79249e-03 7.69968e-03 1.03235e-02 1.52456e-02 2.10058e-02 2.43585e-02 2.41066e-02 2.22384e-02 2.04512e-02 1.90125e-02 1.78339e-02 1.68632e-02 1.60637e-02 1.53977e-02 1.48238e-02 1.42996e-02 1.37872e-02 1.32684e-02 1.27601e-02 1.22831e-02 1.18289e-02 1.13851e-02 1.09529e-02 1.05372e-02 1.01412e-02 9.76636e-03 9.41159e-03 9.07470e-03 8.75349e-03 8.44687e-03 8.15497e-03 7.87879e-03 7.61958e-03 7.37845e-03 7.15598e-03 6.95184e-03 6.76416e-03 6.58941e-03 6.42276e-03 6.25925e-03 6.09502e-03 5.92787e-03 5.75690e-03 5.58147e-03 5.40055e-03 5.21301e-03 5.01846e-03 4.81782e-03 4.61314e-03 4.40648e-03 4.19897e-03 3.99047e-03 3.78024e-03 3.56781e-03 3.35370e-03 3.13945e-03 2.92739e-03 2.72011e-03 2.52017e-03 2.32974e-03 2.15052e-03 1.98361e-03 1.82955e-03 1.68831e-03 1.55945e-03 1.44224e-03 1.33579e-03 1.23919e-03 1.15148e-03 1.07167e-03 9.98666e-04 9.31273e-04 8.68218e-04 8.08318e-04 7.50709e-04 6.95077e-04 6.41743e-04 5.91487e-04 5.45190e-04 5.03457e-04 4.66403e-04 4.33633e-04 4.04363e-04 3.77593e-04 3.52294e-04 3.27574e-04 3.02805e-04 2.77704e-04 2.52336e-04 2.27054e-04 2.02378e-04 1.78860e-04 1.56961e-04 1.36976e-04 1.19016e-04 1.03027e-04 8.88441e-05 7.62525e-05 6.50413e-05 5.50407e-05 4.61349e-05 3.82531e-05 3.13484e-05 2.53746e-05 2.02692e-05 1.59472e-05 1.23061e-05 9.24072e-06 6.66314e-06 4.51836e-06 2.78838e-06 1.47949e-06 6.04206e-07 1.54217e-07 1.79469e-08 7.54513e-10 8.24674e-12
2.000763 1.86823e-03 7.41802e-03 1.10699e-02 1.05776e-02 8.88372e-03 7.62570e-03 7.01864e-03 6.82148e-03 7.41404e-03 1.13806e-02 2.02208e-02 2.76027e-02 2.80738e-02 2.51016e-02 2.21220e-02 1.98371e-02 1.81589e-02 1.68238e-02 1.57036e-02 1.47635e-02 1.39949e-02 1.33792e-02 1.28869e-02 1.24868e-02 1.21494e-02 1.18449e-02 1.15387e-02 1.11913e-02 1.07872e-02 1.03659e-02 9.97565e-03 9.61927e-03 9.27959e-03 8.94943e-03 8.63009e-03 8.32717e-03 8.04676e-03 7.79078e-03 7.55601e-03 7.33642e-03 7.12572e-03 6.91875e-03 6.71209e-03 6.50416e-03 6.29509e-03 6.08667e-03 5.88208e-03 5.68523e-03 5.49972e-03 5.32819e-03 5.17195e-03 5.03104e-03 4.90447e-03 4.79048e-03 4.68675e-03 4.59044e-03 4.49819e-03 4.40665e-03 4.31337e-03 4.21764e-03 4.12031e-03 4.02260e-03 3.92468e-03 3.82506e-03 3.72152e-03 3.61286e-03 3.49994e-03 3.38478e-03 3.26851e-03 3.15029e-03 3.02806e-03 2.90002e-03 2.76567e-03 2.62580e-03 2.48196e-03 2.33591e-03 2.18929e-03 2.04370e-03 1.90074e-03 1.76196e-03 1.62868e-03 1.50184e-03 1.38200e-03 1.26930e-03 1.16367e-03 1.06494e-03 9.73013e-04 8.87969e-04 8.10104e-04 7.39843e-04 6.77534e-04 6.23141e-04 5.75957e-04 5.34545e-04 4.97029e-04 4.61668e-04 4.27409e-04 3.94096e-04 3.62221e-04 3.32366e-04 3.04710e-04 2.78861e-04 2.54097e-04 2.29803e-04 2.05831e-04 1.82551e-04 1.60628e-04 1.40682e-04 1.23042e-04 1.07671e-04 9.42520e-05 8.23437e-05 7.15174e-05 6.14503e-05 5.19706e-05 4.30712e-05 3.48897e-05 2.76263e-05 2.14002e-05 1.61421e-05 1.16422e-05 7.74270e-06 4.49239e-06 2.08107e-06 6.43035e-07 9.28048e-08 3.53429e-09 1.56647e-11
2.250859 1.46167e-03 6.59931e-03 1.06343e-02 1.04262e-02 8.70150e-03 8.77878e-03 1.48162e-02 2.54455e-02 2.99958e-02 2.70767e-02 2.28924e-02 1.96673e-02 1.73018e-02 1.55043e-02 1.41574e-02 1.31449e-02 1.23444e-02 1.17004e-02 1.12034e-02 1.08400e-02 1.05801e-02 1.04038e-02 1.02950e-02 1.02269e-02 1.01684e-02 1.00925e-02 9.97452e-03 9.78561e-03 9.51260e-03 9.19321e-03 8.87923e-03 8.57849e-03 8.27480e-03 7.96389e-03 7.65709e-03 7.37437e-03 7.12821e-03 6.91173e-03 6.70921e-03 6.51153e-03 6.31650e-03 6.12375e-03 5.93357e-03 5.74751e-03 5.56854e-03 5.40060e-03 5.24740e-03 5.11114e-03 4.99180e-03 4.88743e-03 4.79508e-03 4.71151e-03 4.63340e-03 4.55696e-03 4.47811e-03 4.39333e-03 4.30034e-03 4.19798e-03 4.08616e-03 3.96651e-03 3.84261e-03 3.71903e-03 3.59964e-03 3.48650e-03 3.37973e-03 3.27823e-03 3.18067e-03 3.08611e-03 2.99427e-03 2.90532e-03 2.81951e-03 2.73687e-03 2.65713e-03 2.57968e-03 2.50364e-03 2.42816e-03 2.35286e-03 2.27778e-03 2.20273e-03 2.12717e-03 2.05047e-03 1.97210e-03 1.89162e-03 1.80869e-03 1.72309e-03 1.63478e-03 1.54393e-03 1.45102e-03 1.35687e-03 1.26266e-03 1.16990e-03 1.08030e-03 9.95589e-04 9.17231e-04 8.46196e-04 7.82634e-04 7.25592e-04 6.72935e-04 6.21788e-04 5.69852e-04 5.18139e-04 4.72301e-04 4.36655e-04 4.07322e-04 3.77543e-04 3.45270e-04 3.11843e-04 2.78972e-04 2.47809e-04 2.19013e-04 1.93130e-04 1.70549e-04 1.51209e-04 1.34573e-04 1.19860e-04 1.06303e-04 9.32913e-05 8.03998e-05 6.74001e-05 5.43439e-05 4.16014e-05 2.96130e-05 1.87078e-05 9.58646e-06 3.42721e-06 6.36085e-07 3.42841e-08 2.16880e-10
2.500954 1.07912e-03 4.62217e-03 7.34231e-03 9.69071e-03 1.73655e-02 2.83234e-02 3.09069e-02 2.59650e-02 2.08869e-02 1.72861e-02 1.47032e-02 1.28478e-02 1.15432e-02 1.06209e-02 9.94828e-03 9.46643e-03 9.16020e-03 8.98849e-03 8.87582e-03 8.80073e-03 8.76406e-03 8.72771e-03 8.67972e-03 8.64647e-03 8.64138e-03 8.65059e-03 8.65085e-03 8.61134e-03 8.50344e-03 8.33948e-03 8.14640e-03 7.90570e-03 7.58101e-03 7.18684e-03 6.81035e-03 6.55003e-03 6.41879e-03 6.35041e-03 6.28678e-03 6.21765e-03 6.16038e-03 6.12564e-03 6.10789e-03 6.09643e-03 6.08352e-03 6.06380e-03 6.03227e-03 5.98491e-03 5.92028e-03 5.83955e-03 5.74500e-03 5.63806e-03 5.51832e-03 5.38486e-03 5.23882e-03 5.08440e-03 4.92693e-03 4.77020e-03 4.61568e-03 4.46351e-03 4.31365e-03 4.16668e-03 4.02418e-03 3.88880e-03 3.76324e-03 3.64899e-03 3.54553e-03 3.45043e-03 3.36022e-03 3.27146e-03 3.18131e-03 3.08772e-03 2.98923e-03 2.88488e-03 2.77417e-03 2.65715e-03 2.53435e-03 2.40663e-03 2.27482e-03 2.14013e-03 2.00551e-03 1.87582e-03 1.75498e-03 1.64416e-03 1.54283e-03 1.44984e-03 1.36395e-03 1.28420e-03 1.21006e-03 1.14121e-03 1.07732e-03 1.01802e-03 9.63009e-04 9.12053e-04 8.64913e-04 8.21235e-04 7.80638e-04 7.42869e-04 7.07681e-04 6.74494e-04 6.42242e-04 6.09525e-04 5.74844e-04 5.36807e-04 4.94331e-04 4.46854e-04 3.94859e-04 3.41235e-04 2.92741e-04 2.55256e-04 2.22878e-04 1.89634e-04 1.61941e-04 1.41227e-04 1.23615e-04 1.08529e-04 9.68742e-05 8.72589e-05 7.72578e-05 6.65183e-05 5.66423e-05 4.78018e-05 3.75259e-05 2.42334e-05 1.07924e-05 2.43894e-06 1.56052e-07 1.15839e-09
2.751050 9.27403e-04 3.83588e-03 9.33352e-03 2.04288e-02 2.92118e-02 2.69176e-02 2.13193e-02 1.75303e-02 1.48501e-02 1.27103e-02 1.10558e-02 9.90263e-03 9.19560e-03 8.81391e-03 8.61244e-03 8.43272e-03 8.19060e-03 7.95805e-03 7.79709e-03 7.70094e-03 7.67975e-03 7.73449e-03 7.85398e-03 8.03178e-03 8.26034e-03 8.51942e-03 8.75950e-03 8.88451e-03 8.78977e-03 8.45732e-03 7.96793e-03 7.42783e-03 6.93651e-03 6.58069e-03 6.39462e-03 6.33907e-03 6.36066e-03 6.43878e-03 6.56148e-03 6.70445e-03 6.84147e-03 6.95439e-03 7.03297e-03 7.07272e-03 7.07397e-03 7.04095e-03 6.98013e-03 6.89838e-03 6.80215e-03 6.69831e-03 6.59397e-03 6.49236e-03 6.38936e-03 6.27747e-03 6.15336e-03 6.01876e-03 5.87667e-03 5.72943e-03 5.57902e-03 5.42747e-03 5.27677e-03 5.12854e-03 4.98340e-03 4.84041e-03 4.69678e-03 4.54833e-03 4.39072e-03 4.22080e-03 4.03757e-03 3.84232e-03 3.63821e-03 3.42966e-03 3.22177e-03 3.01965e-03 2.82789e-03 2.65005e-03 2.48826e-03 2.34312e-03 2.21404e-03 2.09988e-03 1.99967e-03 1.91282e-03 1.83889e-03 1.77664e-03 1.72293e-03 1.67256e-03 1.61991e-03 1.56205e-03 1.49964e-03 1.43379e-03 1.36420e-03 1.29175e-03 1.21855e-03 1.14519e-03 1.07100e-03 9.95535e-04 9.18884e-04 8.41639e-04 7.65152e-04 6.91264e-04 6.21487e-04 5.56577e-04 4.96642e-04 4.41444e-04 3.90719e-04 3.44155e-04 3.01198e-04 2.61137e-04 2.23286e-04 1.87055e-04 1.52702e-04 1.22440e-04 9.86140e-05 8.01188e-05 6.46954e-05 5.25718e-05 4.37542e-05 3.62121e-05 2.87791e-05 2.24592e-05 1.73704e-05 1.27672e-05 9.36700e-06 7.10110e-06 4.30699e-06 1.32530e-06 1.06721e-07 9.45213e-10
3.001145 1.18656e-03 7.26402e-03 1.81209e-02 2.47703e-02 2.33020e-02 1.99566e-02 1.72778e-02 1.46741e-02 1.24758e-02 1.11405e-02 1.04625e-02 9.96461e-03 9.42736e-03 8.90065e-03 8.48027e-03 8.19333e-03 8.06377e-03 8.10515e-03 8.29539e-03 8.62772e-03 9.11239e-03 9.70664e-03 1.01478e-02 1.00277e-02 9.43509e-03 8.96018e-03 8.77452e-03 8.62727e-03 8.35917e-03 7.98901e-03 7.63918e-03 7.47509e-03 7.52835e-03 7.54888e-03 7.43504e-03 7.31609e-03 7.23391e-03 7.20133e-03 7.21729e-03 7.26991e-03 7.34705e-03 7.43645e-03 7.52297e-03 7.58707e-03 7.61226e-03 7.59583e-03 7.54474e-03 7.46454e-03 7.35862e-03 7.23120e-03 7.08794e-03 6.93530e-03 6.77975e-03 6.62670e-03 6.47903e-03 6.33598e-03 6.19316e-03 6.04409e-03 5.88300e-03 5.70757e-03 5.51958e-03 5.32319e-03 5.12269e-03 4.92119e-03 4.72050e-03 4.52151e-03 4.32467e-03 4.13022e-03 3.93804e-03 3.74734e-03 3.55720e-03 3.36809e-03 3.18309e-03 3.00696e-03 2.84410e-03 2.69874e-03 2.57644e-03 2.47922e-03 2.39753e-03 2.31621e-03 2.22352e-03 2.11700e-03 2.00742e-03 1.90231e-03 1.79618e-03 1.68742e-03 1.58200e-03 1.48332e-03 1.39253e-03 1.30849e-03 1.22896e-03 1.15396e-03 1.08407e-03 1.01773e-03 9.52555e-04 8.87559e-04 8.23439e-04 7.61992e-04 7.05176e-04 6.53923e-04 6.08046e-04 5.66987e-04 5.30041e-04 4.96123e-04 4.63784e-04 4.31655e-04 3.98882e-04 3.65162e-04 3.30372e-04 2.93934e-04 2.54734e-04 2.12362e-04 1.68735e-04 1.28057e-04 9.43766e-05 6.91396e-05 5.10141e-05 3.76097e-05 2.72999e-05 1.93168e-05 1.29346e-05 7.72562e-06 3.79926e-06 1.40325e-06 3.74881e-07 6.76569e-08 4.49806e-09 3.07414e-11
3.251240 1.72162e-03 1.07674e-02 1.96382e-02 2.12436e-02 1.99971e-02 1.79362e-02 1.58008e-02 1.41333e-02 1.27305e-02 1.13686e-02 1.02549e-02 9.61494e-03 9.42614e-03 9.53829e-03 9.84714e-03 1.04662e-02 1.14588e-02 1.21298e-02 1.20165e-02 1.18085e-02 1.16188e-02 1.11756e-02 1.07134e-02 1.02612e-02 9.55646e-03 8.85771e-03 8.39424e-03 8.04544e-03 7.76090e-03 7.52672e-03 7.33810e-03 7.18155e-03 7.04393e-03 6.91966e-03 6.80840e-03 6.71190e-03 6.63124e-03 6.56689e-03 6.51804e-03 6.48046e-03 6.44902e-03 6.42401e-03 6.41245e-03 6.42005e-03 6.44520e-03 6.48054e-03 6.51576e-03 6.54050e-03 6.54617e-03 6.52679e-03 6.48038e-03 6.41124e-03 6.33248e-03 6.25847e-03 6.18165e-03 6.07445e-03 5.92323e-03 5.73774e-03 5.53505e-03 5.32907e-03 5.12841e-03 4.93635e-03 4.75309e-03 4.57973e-03 4.41971e-03 4.27409e-03 4.13803e-03 4.00753e-03 3.88490e-03 3.76918e-03 3.65152e-03 3.52752e-03 3.39718e-03 3.25769e-03 3.10957e-03 2.96123e-03 2.82270e-03 2.69465e-03 2.56521e-03 2.42726e-03 2.29099e-03 2.16581e-03 2.05063e-03 1.94339e-03 1.84199e-03 1.74189e-03 1.63928e-03 1.53378e-03 1.42726e-03 1.32091e-03 1.21454e-03 1.10832e-03 1.00446e-03 9.07421e-04 8.22012e-04 7.50084e-04 6.89528e-04 6.36439e-04 5.87677e-04 5.42234e-04 5.00900e-04 4.64715e-04 4.33943e-04 4.08052e-04 3.85584e-04 3.64787e-04 3.45369e-04 3.28653e-04 3.15274e-04 3.03797e-04 2.91815e-04 2.77744e-04 2.60608e-04 2.38736e-04 2.11185e-04 1.79106e-04 1.44813e-04 1.10561e-04 7.90783e-05 5.30026e-05 3.33384e-05 1.93692e-05 9.94384e-06 4.05800e-06 1.11172e-06 1.63149e-07 8.06594e-09 5.82074e-11
3.501336 2.11347e-03 1.11925e-02 2.01820e-02 2.16235e-02 1.96835e-02 1.78791e-02 1.63152e-02 1.50915e-02 1.43526e-02 1.40354e-02 1.40134e-02 1.41226e-02 1.42551e-02 1.41869e-02 1.37177e-02 1.28755e-02 1.20936e-02 1.15063e-02 1.06968e-02 9.90492e-03 9.30208e-03 8.80550e-03 8.39101e-03 8.03670e-03 7.73817e-03 7.49042e-03 7.28148e-03 7.10133e-03 6.94215e-03 6.80498e-03 6.69076e-03 6.59104e-03 6.49841e-03 6.41142e-03 6.32949e-03 6.24734e-03 6.15470e-03 6.04161e-03 5.91179e-03 5.78091e-03 5.65401e-03 5.53693e-03 5.44812e-03 5.41362e-03 5.44321e-03 5.51390e-03 5.59607e-03 5.67296e-03 5.72879e-03 5.74687e-03 5.71847e-03 5.64537e-03 5.53552e-03 5.39692e-03 5.23840e-03 5.07021e-03 4.90044e-03 4.73484e-03 4.57884e-03 4.43342e-03 4.29078e-03 4.14459e-03 4.00376e-03 3.88365e-03 3.78406e-03 3.68576e-03 3.57178e-03 3.44688e-03 3.32683e-03 3.21658e-03 3.10918e-03 2.99691e-03 2.87676e-03 2.74874e-03 2.61448e-03 2.48050e-03 2.35767e-03 2.25303e-03 2.16584e-03 2.09124e-03 2.02376e-03 1.95961e-03 1.89683e-03 1.83441e-03 1.77169e-03 1.70753e-03 1.64075e-03 1.57186e-03 1.50258e-03 1.43364e-03 1.36488e-03 1.29688e-03 1.23138e-03 1.16983e-03 1.11188e-03 1.05505e-03 9.96583e-04 9.35836e-04 8.73923e-04 8.10498e-04 7.43309e-04 6.72701e-04 6.05542e-04 5.50972e-04 5.07201e-04 4.63335e-04 4.16955e-04 3.71135e-04 3.27735e-04 2.85825e-04 2.47161e-04 2.15968e-04 1.89499e-04 1.62470e-04 1.38965e-04 1.21185e-04 1.01433e-04 8.48300e-05 7.11976e-05 5.79882e-05 4.50541e-05 3.11848e-05 1.79871e-05 8.57179e-06 3.11738e-06 6.20657e-07 3.42929e-08 1.82929e-10
3.751431 2.44428e-03 1.61356e-02 2.35412e-02 2.23738e-02 2.12199e-02 1.91012e-02 1.66098e-02 1.45345e-02 1.31898e-02 1.25590e-02 1.24237e-02 1.23394e-02 1.17981e-02 1.10080e-02 1.04069e-02 9.78802e-03 9.30570e-03 8.97379e-03 8.73664e-03 8.55081e-03 8.37827e-03 8.20201e-03 8.02750e-03 7.87160e-03 7.72521e-03 7.56997e-03 7.41347e-03 7.27010e-03 7.14565e-03 7.04348e-03 6.96323e-03 6.89724e-03 6.84049e-03 6.78587e-03 6.71413e-03 6.64707e-03 6.61660e-03 6.58842e-03 6.54956e-03 6.50449e-03 6.45519e-03 6.40485e-03 6.35288e-03 6.29248e-03 6.21614e-03 6.11970e-03 6.00184e-03 5.86490e-03 5.71849e-03 5.57768e-03 5.45820e-03 5.36826e-03 5.29914e-03 5.23590e-03 5.16351e-03 5.05554e-03 4.90126e-03 4.74250e-03 4.61712e-03 4.49906e-03 4.35523e-03 4.19123e-03 4.01731e-03 3.83682e-03 3.65687e-03 3.48259e-03 3.30945e-03 3.13096e-03 2.95031e-03 2.77957e-03 2.62656e-03 2.48979e-03 2.36559e-03 2.25396e-03 2.15829e-03 2.07923e-03 2.00949e-03 1.94044e-03 1.86948e-03 1.79618e-03 1.72021e-03 1.64586e-03 1.58067e-03 1.52959e-03 1.49353e-03 1.46815e-03 1.44256e-03 1.40995e-03 1.38024e-03 1.36389e-03 1.35430e-03 1.33993e-03 1.31522e-03 1.27795e-03 1.22970e-03 1.17676e-03 1.12029e-03 1.05459e-03 9.78639e-04 8.96544e-04 8.17099e-04 7.49031e-04 6.89876e-04 6.30392e-04 5.62909e-04 4.94208e-04 4.42890e-04 4.07706e-04 3.87565e-04 3.83802e-04 3.85107e-04 3.72479e-04 3.37828e-04 2.86776e-04 2.29480e-04 1.74483e-04 1.26739e-04 8.86658e-05 6.08686e-05 4.02958e-05 2.31931e-05 1.13057e-05 5.74849e-06 3.48397e-06 1.54915e-06 3.36058e-07 2.02253e-08 1.36938e-10
4.001527 2.99091e-03 1.81498e-02 2.73061e-02 2.29489e-02 1.82057e-02 1.53466e-02 1.31884e-02 1.16080e-02 1.06405e-02 1.00734e-02 9.76898e-03 9.66512e-03 9.53261e-03 9.33728e-03 9.22596e-03 8.96468e-03 8.71762e-03 8.74770e-03 8.90082e-03 8.91613e-03 8.72376e-03 8.44886e-03 8.21161e-03 8.04535e-03 7.92563e-03 7.81884e-03 7.70836e-03 7.58538e-03 7.45392e-03 7.32332e-03 7.19444e-03 7.05202e-03 6.85324e-03 6.63341e-03 6.45654e-03 6.31977e-03 6.23107e-03 6.19001e-03 6.20293e-03 6.25765e-03 6.30541e-03 6.29522e-03 6.20948e-03 6.06535e-03 5.92609e-03 5.82254e-03 5.71535e-03 5.58731e-03 5.45353e-03 5.32943e-03 5.20225e-03 5.05790e-03 4.91510e-03 4.79491e-03 4.69107e-03 4.59462e-03 4.50323e-03 4.41829e-03 4.35601e-03 4.30509e-03 4.24719e-03 4.18418e-03 4.10875e-03 4.02362e-03 3.96182e-03 3.94994e-03 3.93331e-03 3.84930e-03 3.71138e-03 3.55751e-03 3.41389e-03 3.28606e-03 3.15912e-03 3.01985e-03 2.86800e-03 2.70738e-03 2.54689e-03 2.39952e-03 2.27849e-03 2.18882e-03 2.12533e-03 2.08102e-03 2.04882e-03 2.01965e-03 1.98436e-03 1.93723e-03 1.87649e-03 1.80277e-03 1.71719e-03 1.61914e-03 1.50915e-03 1.39519e-03 1.29123e-03 1.20402e-03 1.12424e-03 1.03809e-03 9.47753e-04 8.69180e-04 8.09554e-04 7.66919e-04 7.32894e-04 6.99497e-04 6.65428e-04 6.33120e-04 6.03619e-04 5.74728e-04 5.44852e-04 5.15693e-04 4.86951e-04 4.56567e-04 4.28733e-04 4.13974e-04 4.11920e-04 4.04363e-04 4.04393e-04 4.18918e-04 4.10122e-04 3.61370e-04 2.85156e-04 2.00478e-04 1.23496e-04 6.58266e-05 3.22348e-05 1.52222e-05 5.17248e-06 8.00476e-07 3.72975e-08 2.75434e-10
4.251622 3.87465e-03 2.52501e-02 3.61127e-02 2.69807e-02 1.94759e-02 1.61844e-02 1.43277e-02 1.28107e-02 1.16495e-02 1.08070e-02 1.02227e-02 9.92230e-03 9.89122e-03 1.00966e-02 1.04126e-02 1.04665e-02 1.03051e-02 1.02072e-02 9.86856e-03 9.25039e-03 8.63149e-03 8.16111e-03 7.77879e-03 7.42675e-03 7.17192e-03 7.02784e-03 6.93589e-03 6.84449e-03 6.72143e-03 6.57623e-03 6.41339e-03 6.23990e-03 6.11524e-03 6.09212e-03 6.17013e-03 6.25915e-03 6.22397e-03 6.04862e-03 5.84338e-03 5.66156e-03 5.51257e-03 5.38107e-03 5.21333e-03 4.99746e-03 4.78022e-03 4.60187e-03 4.47683e-03 4.38757e-03 4.29205e-03 4.19257e-03 4.10936e-03 4.04051e-03 3.98049e-03 3.92044e-03 3.85223e-03 3.77592e-03 3.69343e-03 3.60768e-03 3.52118e-03 3.43009e-03 3.34007e-03 3.25539e-03 3.17572e-03 3.10407e-03 3.04120e-03 2.97879e-03 2.92112e-03 2.88662e-03 2.85635e-03 2.81398e-03 2.77422e-03 2.73453e-03 2.69475e-03 2.67540e-03 2.67938e-03 2.69249e-03 2.70400e-03 2.70889e-03 2.70299e-03 2.68132e-03 2.63966e-03 2.57859e-03 2.50516e-03 2.42883e-03 2.35635e-03 2.28997e-03 2.22782e-03 2.16431e-03 2.09327e-03 2.01319e-03 1.92821e-03 1.84346e-03 1.75623e-03 1.65373e-03 1.52529e-03 1.38090e-03 1.24890e-03 1.14712e-03 1.07198e-03 1.01517e-03 9.73346e-04 9.44533e-04 9.24200e-04 9.05496e-04 8.81497e-04 8.47337e-04 8.02453e-04 7.54201e-04 6.92038e-04 6.11797e-04 5.41661e-04 4.93444e-04 4.64727e-04 4.45504e-04 4.21125e-04 3.82375e-04 3.30641e-04 2.76251e-04 2.28549e-04 1.87841e-04 1.50340e-04 1.13764e-04 7.52922e-05 3.46094e-05 7.47017e-06 5.59477e-07 2.67498e-08 2.40204e-10
4.501717 3.85144e-03 1.93451e-02 2.94962e-02 2.78988e-02 2.43362e-02 2.01898e-02 1.67855e-02 1.48343e-02 1.37932e-02 1.32189e-02 1.28057e-02 1.25225e-02 1.26329e-02 1.31704e-02 1.36053e-02 1.34105e-02 1.25736e-02 1.15423e-02 1.07431e-02 1.00439e-02 9.36881e-03 8.86649e-03 8.51366e-03 8.22279e-03 7.94740e-03 7.71507e-03 7.55478e-03 7.43494e-03 7.29897e-03 7.13380e-03 6.96369e-03 6.80467e-03 6.63066e-03 6.42069e-03 6.18486e-03 5.93337e-03 5.69121e-03 5.46711e-03 5.22995e-03 4.99008e-03 4.77999e-03 4.60371e-03 4.42579e-03 4.20543e-03 3.99995e-03 3.87039e-03 3.80635e-03 3.77186e-03 3.73772e-03 3.70143e-03 3.66996e-03 3.63711e-03 3.61003e-03 3.59167e-03 3.56981e-03 3.53560e-03 3.48573e-03 3.42197e-03 3.34649e-03 3.26221e-03 3.17377e-03 3.08055e-03 2.97812e-03 2.87560e-03 2.78944e-03 2.70109e-03 2.58378e-03 2.43448e-03 2.27798e-03 2.14743e-03 2.05416e-03 1.98811e-03 1.93838e-03 1.90056e-03 1.87239e-03 1.85083e-03 1.83191e-03 1.81001e-03 1.78007e-03 1.74395e-03 1.71022e-03 1.68568e-03 1.67124e-03 1.66353e-03 1.65667e-03 1.64405e-03 1.62084e-03 1.58570e-03 1.54144e-03 1.49441e-03 1.45074e-03 1.40969e-03 1.36310e-03 1.30635e-03 1.24796e-03 1.20132e-03 1.16522e-03 1.12612e-03 1.07965e-03 1.03150e-03 9.84565e-04 9.37125e-04 8.89367e-04 8.43084e-04 7.99930e-04 7.62946e-04 7.30418e-04 6.92528e-04 6.43378e-04 6.06812e-04 5.92901e-04 6.02866e-04 6.32569e-04 6.65381e-04 6.91781e-04 7.01784e-04 6.79408e-04 6.20503e-04 5.52563e-04 4.96509e-04 4.30797e-04 3.40760e-04 2.41179e-04 1.46316e-04 6.41476e-05 1.40533e-05 8.38089e-07 5.58804e-09
4.751813 3.41482e-03 1.53472e-02 2.29301e-02 2.09498e-02 1.81083e-02 1.67427e-02 1.65904e-02 1.71298e-02 1.74648e-02 1.73967e-02 1.71518e-02 1.67617e-02 1.61315e-02 1.52925e-02 1.43899e-02 1.35423e-02 1.26736e-02 1.17705e-02 1.09896e-02 1.03956e-02 9.97420e-03 9.65423e-03 9.37016e-03 9.02158e-03 8.50832e-03 7.95796e-03 7.60224e-03 7.45611e-03 7.36297e-03 7.16330e-03 6.81864e-03 6.44324e-03 6.14376e-03 5.90512e-03 5.71545e-03 5.57370e-03 5.42684e-03 5.20056e-03 4.96018e-03 4.80188e-03 4.70894e-03 4.63638e-03 4.55478e-03 4.46137e-03 4.35948e-03 4.24290e-03 4.11458e-03 3.99597e-03 3.89716e-03 3.80923e-03 3.72470e-03 3.65767e-03 3.62336e-03 3.61780e-03 3.62916e-03 3.64527e-03 3.65489e-03 3.64879e-03 3.61728e-03 3.54903e-03 3.43851e-03 3.30234e-03 3.16699e-03 3.03761e-03 2.90429e-03 2.75267e-03 2.57898e-03 2.40397e-03 2.25253e-03 2.12817e-03 2.02247e-03 1.92839e-03 1.84221e-03 1.76255e-03 1.68937e-03 1.62321e-03 1.56422e-03 1.51142e-03 1.46316e-03 1.41811e-03 1.37580e-03 1.33648e-03 1.30070e-03 1.26893e-03 1.24136e-03 1.21781e-03 1.19722e-03 1.17680e-03 1.15196e-03 1.11879e-03 1.07875e-03 1.03753e-03 9.97412e-04 9.57162e-04 9.16815e-04 8.77181e-04 8.37882e-04 7.97992e-04 7.57842e-04 7.19537e-04 6.79013e-04 6.32338e-04 5.90188e-04 5.61001e-04 5.48183e-04 5.47815e-04 5.45428e-04 5.31915e-04 5.17209e-04 5.12994e-04 5.17094e-04 5.18962e-04 5.15599e-04 5.10185e-04 5.03274e-04 4.91668e-04 4.75955e-04 4.67405e-04 4.79934e-04 5.15618e-04 5.43247e-04 4.95164e-04 3.69590e-04 2.75075e-04 1.65863e-04 4.42784e-05 2.96168e-06 2.21249e-08
5.001908 2.23891e-03 1.31687e-02 2.13813e-02 2.01078e-02 1.80163e-02 1.76290e-02 1.82265e-02 1.91054e-02 1.90076e-02 1.78652e-02 1.66426e-02 1.56759e-02 1.48902e-02 1.42361e-02 1.36329e-02 1.28835e-02 1.19904e-02 1.11945e-02 1.05454e-02 1.00073e-02 9.61843e-03 9.35224e-03 9.13221e-03 8.86846e-03 8.48544e-03 8.00935e-03 7.54142e-03 7.15352e-03 6.84519e-03 6.56143e-03 6.27348e-03 6.02341e-03 5.84057e-03 5.66270e-03 5.49977e-03 5.38773e-03 5.28590e-03 5.16534e-03 5.02725e-03 4.88271e-03 4.74321e-03 4.62193e-03 4.53336e-03 4.48332e-03 4.46059e-03 4.44112e-03 4.40341e-03 4.33718e-03 4.24945e-03 4.17921e-03 4.13268e-03 4.03590e-03 3.89888e-03 3.82113e-03 3.78836e-03 3.77119e-03 3.75215e-03 3.71700e-03 3.65757e-03 3.57804e-03 3.49328e-03 3.41248e-03 3.32980e-03 3.22966e-03 3.09870e-03 2.94001e-03 2.77692e-03 2.63256e-03 2.51202e-03 2.40862e-03 2.31469e-03 2.22566e-03 2.14023e-03 2.05884e-03 1.98096e-03 1.90402e-03 1.82602e-03 1.74891e-03 1.67728e-03 1.61440e-03 1.56054e-03 1.51401e-03 1.47277e-03 1.43522e-03 1.40040e-03 1.36787e-03 1.33748e-03 1.30902e-03 1.28192e-03 1.25498e-03 1.22646e-03 1.19375e-03 1.15312e-03 1.10085e-03 1.03634e-03 9.64705e-04 8.95934e-04 8.34103e-04 7.68880e-04 6.99826e-04 6.37430e-04 5.84720e-04 5.39709e-04 4.98090e-04 4.55770e-04 4.08983e-04 3.59735e-04 3.19906e-04 2.95981e-04 2.84379e-04 2.79602e-04 2.83594e-04 3.00915e-04 3.26483e-04 3.47073e-04 3.51067e-04 3.39877e-04 3.21689e-04 2.91376e-04 2.40946e-04 1.75393e-04 1.11010e-04 6.28815e-05 2.89531e-05 8.00071e-06 3.44842e-06 5.73291e-07 7.36252e-09
5.252004 1.98078e-03 1.15042e-02 1.92497e-02 1.93275e-02 1.90694e-02 2.17514e-02 2.34357e-02 2.18028e-02 1.92510e-02 1.73672e-02 1.62636e-02 1.57182e-02 1.53206e-02 1.46751e-02 1.38074e-02 1.29974e-02 1.21788e-02 1.12461e-02 1.05093e-02 1.01221e-02 9.86052e-03 9.45645e-03 8.92665e-03 8.49998e-03 8.11947e-03 7.69208e-03 7.28852e-03 6.93547e-03 6.61605e-03 6.34944e-03 6.15862e-03 6.00012e-03 5.83220e-03 5.67175e-03 5.51558e-03 5.36753e-03 5.23816e-03 5.13347e-03 5.05961e-03 5.01916e-03 5.00372e-03 4.99270e-03 4.96571e-03 4.92135e-03 4.87634e-03 4.84158e-03 4.80928e-03 4.76389e-03 4.70191e-03 4.63682e-03 4.57769e-03 4.51856e-03 4.45353e-03 4.36977e-03 4.25497e-03 4.08615e-03 3.88083e-03 3.69692e-03 3.54868e-03 3.42765e-03 3.31933e-03 3.21091e-03 3.09638e-03 2.97567e-03 2.85266e-03 2.73247e-03 2.61847e-03 2.51159e-03 2.41167e-03 2.31821e-03 2.23062e-03 2.14879e-03 2.07257e-03 2.00026e-03 1.92845e-03 1.85428e-03 1.77789e-03 1.70117e-03 1.62483e-03 1.54863e-03 1.47391e-03 1.40393e-03 1.34213e-03 1.29134e-03 1.25349e-03 1.22868e-03 1.21538e-03 1.21343e-03 1.22536e-03 1.24779e-03 1.26586e-03 1.27084e-03 1.26858e-03 1.25988e-03 1.23320e-03 1.19371e-03 1.15205e-03 1.10775e-03 1.05964e-03 1.00880e-03 9.54521e-04 8.95214e-04 8.28301e-04 7.54387e-04 6.82704e-04 6.17114e-04 5.55884e-04 4.94093e-04 4.31637e-04 3.72814e-04 3.15035e-04 2.65958e-04 2.34701e-04 2.16105e-04 2.05832e-04 2.06552e-04 2.20085e-04 2.45014e-04 2.75568e-04 2.99884e-04 2.99753e-04 2.63552e-04 2.14194e-04 1.41825e-04 5.38171e-05 8.75641e-06 4.03160e-07 2.39308e-09
5.502099 2.09647e-03 1.08692e-02 1.80722e-02 1.82608e-02 1.76619e-02 1.89784e-02 2.05241e-02 2.04723e-02 1.89593e-02 1.70766e-02 1.58403e-02 1.49562e-02 1.40168e-02 1.32773e-02 1.26126e-02 1.19427e-02 1.12924e-02 1.07221e-02 1.01604e-02 9.64693e-03 9.29307e-03 8.83877e-03 8.42367e-03 8.18707e-03 7.99585e-03 7.75426e-03 7.48109e-03 7.21165e-03 6.95110e-03 6.69833e-03 6.46009e-03 6.24226e-03 6.05420e-03 5.90074e-03 5.76178e-03 5.61517e-03 5.50107e-03 5.46784e-03 5.46112e-03 5.40102e-03 5.28416e-03 5.16759e-03 5.09956e-03 5.06299e-03 5.03090e-03 4.98909e-03 4.94039e-03 4.90709e-03 4.90065e-03 4.89073e-03 4.82366e-03 4.68615e-03 4.51037e-03 4.33030e-03 4.17999e-03 4.08195e-03 3.99751e-03 3.89653e-03 3.80717e-03 3.75570e-03 3.70374e-03 3.56880e-03 3.36341e-03 3.19704e-03 3.09517e-03 3.00494e-03 2.89455e-03 2.76281e-03 2.61756e-03 2.46752e-03 2.32054e-03 2.18245e-03 2.05710e-03 1.94722e-03 1.85447e-03 1.77884e-03 1.71880e-03 1.67277e-03 1.64048e-03 1.61891e-03 1.59697e-03 1.56699e-03 1.53339e-03 1.49997e-03 1.46449e-03 1.42411e-03 1.38006e-03 1.33562e-03 1.29251e-03 1.24763e-03 1.19974e-03 1.15272e-03 1.10842e-03 1.06812e-03 1.03158e-03 9.95842e-04 9.58730e-04 9.20900e-04 8.85713e-04 8.52923e-04 8.19826e-04 7.88652e-04 7.59640e-04 7.28878e-04 6.92878e-04 6.50676e-04 6.02317e-04 5.46912e-04 4.87808e-04 4.32119e-04 3.79981e-04 3.27274e-04 2.74665e-04 2.27399e-04 1.84076e-04 1.44807e-04 1.15920e-04 9.74718e-05 8.54370e-05 7.80864e-05 7.44296e-05 6.98662e-05 5.66756e-05 3.64240e-05 2.14971e-05 9.03384e-06 9.10786e-07 8.88193e-09
5.752195 2.22183e-03 9.97372e-03 1.60673e-02 1.66162e-02 1.60627e-02 1.60397e-02 1.62913e-02 1.65165e-02 1.63823e-02 1.58400e-02 1.51915e-02 1.46227e-02 1.41472e-02 1.35565e-02 1.27947e-02 1.19306e-02 1.11175e-02 1.06895e-02 1.04080e-02 9.89959e-03 9.31109e-03 8.78534e-03 8.38910e-03 8.10665e-03 7.90012e-03 7.73556e-03 7.58565e-03 7.43334e-03 7.27914e-03 7.14714e-03 7.05232e-03 6.96697e-03 6.84147e-03 6.64465e-03 6.39563e-03 6.16176e-03 5.98492e-03 5.83523e-03 5.68008e-03 5.54830e-03 5.47794e-03 5.45345e-03 5.48384e-03 5.60569e-03 5.72443e-03 5.72669e-03 5.63968e-03 5.47932e-03 5.22917e-03 4.93031e-03 4.65668e-03 4.44565e-03 4.28060e-03 4.12456e-03 3.95140e-03 3.76132e-03 3.59210e-03 3.49197e-03 3.44536e-03 3.40447e-03 3.35766e-03 3.30602e-03 3.24569e-03 3.18098e-03 3.11879e-03 3.05857e-03 3.00327e-03 2.95526e-03 2.87515e-03 2.72387e-03 2.55666e-03 2.43766e-03 2.35148e-03 2.26060e-03 2.15530e-03 2.04628e-03 1.94477e-03 1.85604e-03 1.78002e-03 1.71296e-03 1.65210e-03 1.59708e-03 1.54731e-03 1.50215e-03 1.46229e-03 1.42578e-03 1.38932e-03 1.35811e-03 1.33135e-03 1.29521e-03 1.24369e-03 1.18445e-03 1.12572e-03 1.06673e-03 1.00086e-03 9.41635e-04 9.02596e-04 8.73129e-04 8.43833e-04 8.12409e-04 7.79159e-04 7.45946e-04 7.15820e-04 6.89933e-04 6.66526e-04 6.41742e-04 6.11697e-04 5.75993e-04 5.35783e-04 4.91198e-04 4.44014e-04 3.97352e-04 3.51758e-04 3.04490e-04 2.53809e-04 2.05178e-04 1.65813e-04 1.36577e-04 1.14281e-04 9.57140e-05 7.87543e-05 6.22021e-05 4.45327e-05 2.46004e-05 7.86278e-06 1.01204e-06 3.49075e-08 1.51430e-10
6.002290 2.16978e-03 8.46931e-03 1.34041e-02 1.40501e-02 1.31746e-02 1.28908e-02 1.34809e-02 1.44831e-02 1.55165e-02 1.63624e-02 1.66508e-02 1.60715e-02 1.48478e-02 1.35260e-02 1.25310e-02 1.19659e-02 1.16023e-02 1.11226e-02 1.05000e-02 9.95877e-03 9.57158e-03 9.25430e-03 8.97523e-03 8.74745e-03 8.57200e-03 8.43768e-03 8.32432e-03 8.19177e-03 8.01048e-03 7.79827e-03 7.57783e-03 7.34180e-03 7.09829e-03 6.88993e-03 6.73840e-03 6.59081e-03 6.39736e-03 6.22030e-03 6.15386e-03 6.16792e-03 6.16119e-03 6.09317e-03 5.97209e-03 5.83105e-03 5.71725e-03 5.65191e-03 5.61696e-03 5.61064e-03 5.64864e-03 5.70735e-03 5.71151e-03 5.58935e-03 5.32490e-03 4.96650e-03 4.60249e-03 4.29739e-03 4.06114e-03 3.89275e-03 3.74444e-03 3.57717e-03 3.42364e-03 3.29730e-03 3.17552e-03 3.03982e-03 2.89163e-03 2.73760e-03 2.58648e-03 2.45611e-03 2.35864e-03 2.29137e-03 2.24273e-03 2.19935e-03 2.15512e-03 2.11404e-03 2.08107e-03 2.05357e-03 2.01671e-03 1.95482e-03 1.87172e-03 1.78930e-03 1.71842e-03 1.65185e-03 1.58421e-03 1.51915e-03 1.46045e-03 1.41060e-03 1.36678e-03 1.31849e-03 1.26362e-03 1.20558e-03 1.14517e-03 1.08236e-03 1.01788e-03 9.48363e-04 9.05827e-04 8.95267e-04 8.88550e-04 8.80674e-04 8.72180e-04 8.61337e-04 8.44454e-04 8.20960e-04 7.96384e-04 7.77112e-04 7.64206e-04 7.53927e-04 7.40287e-04 7.18330e-04 6.87708e-04 6.51759e-04 6.15213e-04 5.79942e-04 5.36658e-04 4.67541e-04 3.75601e-04 2.88142e-04 2.20894e-04 1.72416e-04 1.37086e-04 1.09828e-04 8.66485e-05 6.50978e-05 4.44910e-05 2.54039e-05 1.00993e-05 1.99215e-06 1.07258e-07 5.83011e-10
6.252385 2.17706e-03 7.29194e-03 1.12030e-02 1.22935e-02 1.20518e-02 1.20578e-02 1.27985e-02 1.39764e-02 1.50594e-02 1.56971e-02 1.58295e-02 1.55868e-02 1.51228e-02 1.45417e-02 1.38518e-02 1.29993e-02 1.21484e-02 1.15452e-02 1.11317e-02 1.07556e-02 1.03736e-02 1.00191e-02 9.70800e-03 9.42523e-03 9.17345e-03 8.96271e-03 8.77460e-03 8.57511e-03 8.34836e-03 8.12195e-03 7.93016e-03 7.74495e-03 7.53888e-03 7.31814e-03 7.10480e-03 7.02298e-03 7.06690e-03 7.04911e-03 6.87686e-03 6.61855e-03 6.38143e-03 6.20045e-03 6.06286e-03 5.98081e-03 5.95582e-03 5.88786e-03 5.67858e-03 5.40375e-03 5.21484e-03 5.17006e-03 5.25614e-03 5.43001e-03 5.61820e-03 5.73625e-03 5.72621e-03 5.58004e-03 5.33443e-03 5.04657e-03 4.76427e-03 4.50679e-03 4.25771e-03 3.98203e-03 3.67975e-03 3.40302e-03 3.19472e-03 3.04156e-03 2.88504e-03 2.67780e-03 2.46327e-03 2.30167e-03 2.17600e-03 2.06330e-03 1.96102e-03 1.87081e-03 1.79317e-03 1.72707e-03 1.67117e-03 1.62420e-03 1.58546e-03 1.55418e-03 1.52686e-03 1.49762e-03 1.46165e-03 1.41723e-03 1.36803e-03 1.31892e-03 1.26658e-03 1.20680e-03 1.14034e-03 1.06404e-03 9.79709e-04 8.87022e-04 7.93648e-04 7.62365e-04 7.69217e-04 7.83263e-04 7.99286e-04 8.17490e-04 8.36673e-04 8.53758e-04 8.66563e-04 8.74016e-04 8.76205e-04 8.74371e-04 8.70527e-04 8.66722e-04 8.63909e-04 8.61082e-04 8.55052e-04 8.41407e-04 8.16994e-04 7.80697e-04 7.30653e-04 6.62879e-04 5.72796e-04 4.68579e-04 3.73602e-04 2.96284e-04 2.29457e-04 1.68956e-04 1.16010e-04 7.30045e-05 4.12304e-05 1.98667e-05 6.97192e-06 1.26677e-06 6.45244e-08 3.41240e-10
6.502481 1.98359e-03 6.50657e-03 9.84756e-03 1.09202e-02 1.11719e-02 1.16916e-02 1.23585e-02 1.29364e-02 1.35072e-02 1.40348e-02 1.43489e-02 1.45399e-02 1.45425e-02 1.40517e-02 1.33224e-02 1.26947e-02 1.22148e-02 1.18604e-02 1.16309e-02 1.15137e-02 1.14376e-02 1.12891e-02 1.09953e-02 1.06083e-02 1.02631e-02 1.00572e-02 9.98576e-03 9.90386e-03 9.65485e-03 9.30984e-03 9.08297e-03 9.02332e-03 9.00532e-03 8.91402e-03 8.74199e-03 8.55808e-03 8.40916e-03 8.30138e-03 8.22095e-03 8.07302e-03 7.71124e-03 7.17667e-03 6.68735e-03 6.30921e-03 5.95106e-03 5.63570e-03 5.43219e-03 5.32375e-03 5.26767e-03 5.23978e-03 5.23216e-03 5.25107e-03 5.31015e-03 5.40631e-03 5.51525e-03 5.59485e-03 5.59550e-03 5.49912e-03 5.32400e-03 5.08890e-03 4.80588e-03 4.49354e-03 4.17632e-03 3.86901e-03 3.57247e-03 3.29691e-03 3.06094e-03 2.86509e-03 2.69783e-03 2.54231e-03 2.37962e-03 2.21197e-03 2.06060e-03 1.93747e-03 1.83835e-03 1.75816e-03 1.69994e-03 1.66678e-03 1.63679e-03 1.57384e-03 1.49560e-03 1.43039e-03 1.36996e-03 1.30704e-03 1.24177e-03 1.17873e-03 1.11370e-03 1.03646e-03 9.43869e-04 8.29824e-04 6.94068e-04 6.09869e-04 5.88715e-04 5.86955e-04 5.87423e-04 5.86470e-04 5.86495e-04 5.90205e-04 5.98091e-04 6.09599e-04 6.24023e-04 6.39770e-04 6.54699e-04 6.68780e-04 6.84848e-04 7.07241e-04 7.41184e-04 7.89791e-04 8.48520e-04 9.05931e-04 9.51341e-04 9.78052e-04 9.76441e-04 9.28454e-04 8.26274e-04 6.93439e-04 5.65593e-04 4.56630e-04 3.59069e-04 2.67738e-04 1.86638e-04 1.20332e-04 6.94292e-05 3.29092e-05 1.08036e-05 1.79036e-06 8.42172e-08 4.17256e-10
6.752576 1.90891e-03 5.60254e-03 8.54959e-03 1.06890e-02 1.20837e-02 1.25592e-02 1.23616e-02 1.21942e-02 1.23628e-02 1.27384e-02 1.30679e-02 1.31004e-02 1.28212e-02 1.24438e-02 1.20825e-02 1.17738e-02 1.15761e-02 1.15114e-02 1.15000e-02 1.13962e-02 1.11238e-02 1.07489e-02 1.04119e-02 1.02039e-02 1.00799e-02 9.89996e-03 9.60380e-03 9.27532e-03 8.99131e-03 8.78392e-03 8.69720e-03 8.78368e-03 9.10039e-03 9.55338e-03 9.78101e-03 9.54939e-03 9.05258e-03 8.51088e-03 7.94786e-03 7.38480e-03 6.90801e-03 6.58670e-03 6.42298e-03 6.35559e-03 6.31254e-03 6.25389e-03 6.18767e-03 6.14142e-03 6.12387e-03 6.12433e-03 6.12378e-03 6.10296e-03 6.05112e-03 5.97068e-03 5.87489e-03 5.78621e-03 5.72397e-03 5.66719e-03 5.57134e-03 5.40784e-03 5.16653e-03 4.85732e-03 4.51151e-03 4.16386e-03 3.83783e-03 3.54163e-03 3.27164e-03 3.02516e-03 2.80722e-03 2.61932e-03 2.44167e-03 2.25369e-03 2.06799e-03 1.90860e-03 1.78221e-03 1.68771e-03 1.62660e-03 1.59458e-03 1.57480e-03 1.54770e-03 1.50410e-03 1.44596e-03 1.38119e-03 1.31764e-03 1.25428e-03 1.18322e-03 1.09465e-03 9.81019e-04 8.55694e-04 7.56517e-04 6.93813e-04 6.46129e-04 6.00268e-04 5.64135e-04 5.36096e-04 5.08933e-04 4.82830e-04 4.59726e-04 4.40962e-04 4.27475e-04 4.19554e-04 4.18527e-04 4.28358e-04 4.51937e-04 4.88472e-04 5.35840e-04 5.91737e-04 6.52341e-04 7.11212e-04 7.61099e-04 7.98279e-04 8.23182e-04 8.34148e-04 8.28088e-04 8.17760e-04 8.30807e-04 8.53532e-04 8.09815e-04 7.03984e-04 6.00422e-04 4.94938e-04 3.53371e-04 1.96249e-04 7.94526e-05 2.20878e-05 3.44121e-06 1.72262e-07 1.04675e-09
7.002672 1.92693e-03 6.12750e-03 9.88574e-03 1.22252e-02 1.30085e-02 1.26858e-02 1.19985e-02 1.15197e-02 1.12682e-02 1.11122e-02 1.09936e-02 1.08667e-02 1.07662e-02 1.07736e-02 1.08228e-02 1.08379e-02 1.08927e-02 1.09918e-02 1.10008e-02 1.08182e-02 1.04616e-02 1.00262e-02 9.58620e-03 9.17957e-03 8.86005e-03 8.69353e-03 8.71965e-03 8.96510e-03 9.38127e-03 9.62693e-03 9.27586e-03 8.56860e-03 8.18545e-03 8.11726e-03 7.89124e-03 7.47421e-03 7.08364e-03 6.80987e-03 6.64192e-03 6.53679e-03 6.47598e-03 6.46329e-03 6.49015e-03 6.54794e-03 6.63913e-03 6.75635e-03 6.87422e-03 6.96755e-03 7.04063e-03 7.12605e-03 7.23080e-03 7.32306e-03 7.36577e-03 7.33528e-03 7.22437e-03 7.04113e-03 6.80566e-03 6.53893e-03 6.25060e-03 5.94352e-03 5.62447e-03 5.28784e-03 4.91973e-03 4.53090e-03 4.14802e-03 3.79397e-03 3.47954e-03 3.20559e-03 2.97395e-03 2.78368e-03 2.62208e-03 2.47873e-03 2.35319e-03 2.24129e-03 2.12620e-03 1.99584e-03 1.85830e-03 1.72801e-03 1.61220e-03 1.51135e-03 1.42273e-03 1.34419e-03 1.27516e-03 1.21442e-03 1.15481e-03 1.08286e-03 9.87821e-04 8.89831e-04 8.24127e-04 7.49085e-04 6.76175e-04 6.46827e-04 6.36416e-04 6.24193e-04 6.05380e-04 5.81417e-04 5.55614e-04 5.30712e-04 5.07820e-04 4.87703e-04 4.71470e-04 4.58669e-04 4.48440e-04 4.40616e-04 4.32606e-04 4.26454e-04 4.32993e-04 4.59784e-04 5.06295e-04 5.69990e-04 6.49785e-04 7.43095e-04 8.42367e-04 9.37104e-04 1.01868e-03 1.07678e-03 1.09506e-03 1.06406e-03 9.90606e-04 8.83509e-04 7.47183e-04 5.95562e-04 4.37625e-04 2.62022e-04 1.02680e-04 1.98535e-05 1.14208e-06 8.34266e-09
7.252767 1.64836e-03 6.14903e-03 1.06856e-02 1.29305e-02 1.30269e-02 1.20631e-02 1.09588e-02 1.01534e-02 9.66416e-03 9.39180e-03 9.25856e-03 9.23927e-03 9.35418e-03 9.64707e-03 1.00796e-02 1.04645e-02 1.06258e-02 1.05595e-02 1.03630e-02 1.01337e-02 9.92126e-03 9.73284e-03 9.61036e-03 9.62962e-03 9.80255e-03 9.93558e-03 9.75120e-03 9.42617e-03 9.36963e-03 9.38748e-03 9.08662e-03 8.49003e-03 7.79282e-03 7.13050e-03 6.59728e-03 6.22997e-03 5.98570e-03 5.83831e-03 5.81082e-03 5.89633e-03 6.05219e-03 6.24039e-03 6.44208e-03 6.64986e-03 6.86891e-03 7.13132e-03 7.46317e-03 7.77275e-03 7.87353e-03 7.75187e-03 7.56742e-03 7.41354e-03 7.30182e-03 7.22071e-03 7.13416e-03 7.03095e-03 6.92517e-03 6.79995e-03 6.60795e-03 6.31360e-03 5.92351e-03 5.48607e-03 5.06155e-03 4.68097e-03 4.35336e-03 4.08481e-03 3.86505e-03 3.67925e-03 3.51800e-03 3.37056e-03 3.22684e-03 3.08339e-03 2.94403e-03 2.81334e-03 2.69192e-03 2.58043e-03 2.48075e-03 2.39006e-03 2.30001e-03 2.20186e-03 2.09169e-03 1.97160e-03 1.84509e-03 1.70975e-03 1.55783e-03 1.38658e-03 1.20122e-03 1.02979e-03 8.90192e-04 7.45934e-04 6.37658e-04 5.85726e-04 5.58568e-04 5.42642e-04 5.34531e-04 5.32181e-04 5.33179e-04 5.35415e-04 5.37753e-04 5.39910e-04 5.41644e-04 5.42256e-04 5.40988e-04 5.37848e-04 5.33752e-04 5.30072e-04 5.28475e-04 5.30801e-04 5.38928e-04 5.55171e-04 5.83182e-04 6.28196e-04 6.95651e-04 7.88293e-04 9.00608e-04 1.01378e-03 1.10393e-03 1.15869e-03 1.17575e-03 1.14287e-03 1.03674e-03 8.48854e-04 5.97631e-04 3.35454e-04 1.32243e-04 2.76727e-05 1.74599e-06 1.42412e-08
7.502862 1.46730e-03 5.68344e-03 1.03935e-02 1.27530e-02 1.23759e-02 1.09059e-02 9.73721e-03 9.19205e-03 9.02275e-03 8.92378e-03 8.76969e-03 8.66085e-03 8.73169e-03 9.01830e-03 9.48401e-03 9.92372e-03 9.99482e-03 9.71652e-03 9.42039e-03 9.32094e-03 9.61923e-03 1.02669e-02 1.06574e-02 1.05190e-02 1.02227e-02 9.86352e-03 9.42449e-03 9.00119e-03 8.63528e-03 8.28770e-03 7.94289e-03 7.63515e-03 7.38766e-03 7.16488e-03 6.90999e-03 6.64101e-03 6.43584e-03 6.35257e-03 6.44304e-03 6.72445e-03 7.12406e-03 7.54200e-03 7.88103e-03 7.98845e-03 7.72685e-03 7.26442e-03 6.93526e-03 6.78954e-03 6.74078e-03 6.75406e-03 6.79628e-03 6.84266e-03 6.87456e-03 6.85821e-03 6.77038e-03 6.62405e-03 6.43605e-03 6.19266e-03 5.88399e-03 5.54791e-03 5.23292e-03 4.95437e-03 4.70598e-03 4.48505e-03 4.30142e-03 4.16120e-03 4.05320e-03 3.95259e-03 3.83540e-03 3.70130e-03 3.56543e-03 3.43146e-03 3.29333e-03 3.15525e-03 3.03240e-03 2.93250e-03 2.85102e-03 2.77877e-03 2.70665e-03 2.62611e-03 2.53074e-03 2.42147e-03 2.30398e-03 2.17666e-03 2.03210e-03 1.86799e-03 1.67962e-03 1.46499e-03 1.26361e-03 1.10180e-03 9.77573e-04 8.98883e-04 8.55311e-04 8.29730e-04 8.12742e-04 8.01212e-04 7.94197e-04 7.91966e-04 7.96119e-04 8.07611e-04 8.24102e-04 8.40412e-04 8.51304e-04 8.52721e-04 8.42897e-04 8.24057e-04 8.01035e-04 7.78390e-04 7.59143e-04 7.44562e-04 7.34499e-04 7.28542e-04 7.27027e-04 7.31363e-04 7.44972e-04 7.73855e-04 8.21829e-04 8.81881e-04 9.31068e-04 9.40247e-04 8.98060e-04 8.06541e-04 6.45906e-04 4.12116e-04 1.79854e-04 4.02868e-05 2.61280e-06 2.08636e-08
7.752958 1.50032e-03 5.60098e-03 9.99706e-03 1.19192e-02 1.13460e-02 1.01072e-02 9.22971e-03 8.79307e-03 8.54880e-03 8.30814e-03 8.10426e-03 8.05765e-03 8.30199e-03 8.97922e-03 9.79407e-03 1.02496e-02 1.04204e-02 1.04630e-02 1.03705e-02 1.01881e-02 1.00017e-02 9.85252e-03 9.70312e-03 9.49778e-03 9.22836e-03 8.94663e-03 8.69030e-03 8.47521e-03 8.28427e-03 8.11344e-03 7.95350e-03 7.75192e-03 7.49477e-03 7.20882e-03 6.89855e-03 6.61667e-03 6.51986e-03 6.74267e-03 7.27433e-03 7.89406e-03 8.21851e-03 8.05294e-03 7.62857e-03 7.27773e-03 7.10213e-03 7.07302e-03 7.13984e-03 7.23471e-03 7.30438e-03 7.32118e-03 7.27436e-03 7.16702e-03 7.01247e-03 6.83292e-03 6.65439e-03 6.47437e-03 6.22566e-03 5.84994e-03 5.42870e-03 5.09429e-03 4.86827e-03 4.69965e-03 4.55372e-03 4.42138e-03 4.29719e-03 4.17226e-03 4.04098e-03 3.90550e-03 3.77025e-03 3.63653e-03 3.50849e-03 3.39828e-03 3.31489e-03 3.25183e-03 3.19613e-03 3.13936e-03 3.07788e-03 3.01349e-03 2.95126e-03 2.88953e-03 2.81703e-03 2.72385e-03 2.61088e-03 2.48625e-03 2.35522e-03 2.21767e-03 2.07356e-03 1.91436e-03 1.73423e-03 1.56164e-03 1.42135e-03 1.29049e-03 1.17071e-03 1.08990e-03 1.04643e-03 1.02180e-03 1.00321e-03 9.86014e-04 9.69642e-04 9.53587e-04 9.35802e-04 9.16112e-04 8.99756e-04 8.91968e-04 8.92444e-04 8.97231e-04 9.01195e-04 9.00288e-04 8.93532e-04 8.81537e-04 8.64656e-04 8.43435e-04 8.19270e-04 7.94054e-04 7.69072e-04 7.44455e-04 7.19712e-04 6.94315e-04 6.67104e-04 6.34240e-04 5.86442e-04 5.14347e-04 4.16699e-04 2.87637e-04 1.41123e-04 3.52975e-05 2.44927e-06 1.98120e-08
8.003053 1.63965e-03 5.68609e-03 9.69975e-03 1.15298e-02 1.12092e-02 1.00943e-02 9.04753e-03 8.46090e-03 8.34214e-03 8.42166e-03 8.59767e-03 8.90056e-03 9.31010e-03 9.75994e-03 1.01998e-02 1.05627e-02 1.06896e-02 1.05031e-02 1.01309e-02 9.76441e-03 9.52542e-03 9.42880e-03 9.40050e-03 9.32755e-03 9.13937e-03 8.85806e-03 8.57629e-03 8.31661e-03 8.02540e-03 7.69578e-03 7.35627e-03 7.01247e-03 6.68108e-03 6.42938e-03 6.33512e-03 6.44179e-03 6.74793e-03 7.20827e-03 7.62753e-03 7.80932e-03 7.78489e-03 7.70788e-03 7.66182e-03 7.65146e-03 7.67044e-03 7.72050e-03 7.80008e-03 7.88741e-03 7.94817e-03 7.94524e-03 7.84152e-03 7.61866e-03 7.30015e-03 6.95125e-03 6.64592e-03 6.41838e-03 6.21126e-03 5.86764e-03 5.35856e-03 4.93569e-03 4.70509e-03 4.54388e-03 4.40327e-03 4.28217e-03 4.15501e-03 3.99998e-03 3.82464e-03 3.65566e-03 3.51092e-03 3.39052e-03 3.29204e-03 3.21722e-03 3.16573e-03 3.13285e-03 3.11106e-03 3.09240e-03 3.07028e-03 3.04056e-03 3.00285e-03 2.95988e-03 2.91388e-03 2.86483e-03 2.80890e-03 2.73889e-03 2.65035e-03 2.54029e-03 2.39998e-03 2.23491e-03 2.07057e-03 1.91579e-03 1.76719e-03 1.61945e-03 1.47452e-03 1.34908e-03 1.26258e-03 1.21475e-03 1.18800e-03 1.16741e-03 1.14452e-03 1.11387e-03 1.07294e-03 1.02360e-03 9.71008e-04 9.19582e-04 8.70805e-04 8.24330e-04 7.79332e-04 7.34776e-04 6.89508e-04 6.43404e-04 5.98602e-04 5.58194e-04 5.23440e-04 4.93402e-04 4.67106e-04 4.44533e-04 4.25365e-04 4.07819e-04 3.88611e-04 3.63312e-04 3.27779e-04 2.80770e-04 2.22571e-04 1.51512e-04 7.48166e-05 1.90870e-05 1.33700e-06 1.04919e-08
8.253149 1.74393e-03 5.95428e-03 9.91118e-03 1.15167e-02 1.09104e-02 9.51016e-03 8.53192e-03 8.25216e-03 8.32811e-03 8.59639e-03 8.93219e-03 9.22776e-03 9.52784e-03 9.93680e-03 1.04468e-02 1.08188e-02 1.07949e-02 1.04564e-02 1.01006e-02 9.88838e-03 9.76933e-03 9.58684e-03 9.26967e-03 8.87497e-03 8.47938e-03 8.14127e-03 7.88695e-03 7.67290e-03 7.44967e-03 7.22378e-03 7.01393e-03 6.83680e-03 6.71058e-03 6.64391e-03 6.64196e-03 6.72268e-03 6.92867e-03 7.24047e-03 7.56478e-03 7.84956e-03 8.09394e-03 8.30458e-03 8.47825e-03 8.62050e-03 8.75477e-03 8.88934e-03 8.99598e-03 9.02983e-03 8.92948e-03 8.65719e-03 8.24615e-03 7.76320e-03 7.26337e-03 6.77793e-03 6.31981e-03 5.90305e-03 5.54817e-03 5.24728e-03 4.95485e-03 4.61685e-03 4.23715e-03 3.91639e-03 3.72890e-03 3.62460e-03 3.55629e-03 3.50134e-03 3.44042e-03 3.37329e-03 3.30740e-03 3.24881e-03 3.20176e-03 3.16778e-03 3.14403e-03 3.12395e-03 3.10055e-03 3.07004e-03 3.03260e-03 2.99086e-03 2.94782e-03 2.90585e-03 2.86791e-03 2.83777e-03 2.81505e-03 2.79376e-03 2.76620e-03 2.72418e-03 2.65942e-03 2.56259e-03 2.42091e-03 2.23646e-03 2.04788e-03 1.88581e-03 1.74482e-03 1.62237e-03 1.52623e-03 1.46035e-03 1.41693e-03 1.38262e-03 1.34818e-03 1.31010e-03 1.26841e-03 1.22358e-03 1.17481e-03 1.12181e-03 1.06569e-03 1.00760e-03 9.47881e-04 8.86145e-04 8.21680e-04 7.53875e-04 6.82897e-04 6.10348e-04 5.38961e-04 4.71188e-04 4.07978e-04 3.49204e-04 2.95511e-04 2.49078e-04 2.11461e-04 1.81031e-04 1.53416e-04 1.24515e-04 9.23979e-05 5.76380e-05 2.57930e-05 6.01064e-06 3.85825e-07 2.62441e-09
8.503244 1.70773e-03 5.99861e-03 9.62481e-03 1.01088e-02 8.93726e-03 8.27889e-03 8.11497e-03 7.96805e-03 7.85330e-03 7.88527e-03 8.08910e-03 8.38477e-03 8.74473e-03 9.24141e-03 9.83948e-03 1.03246e-02 1.05504e-02 1.06306e-02 1.06531e-02 1.04160e-02 9.86265e-03 9.21662e-03 8.61088e-03 8.09249e-03 7.71153e-03 7.47149e-03 7.30828e-03 7.16587e-03 7.05230e-03 6.97596e-03 6.93273e-03 6.92760e-03 6.98251e-03 7.09830e-03 7.24083e-03 7.40505e-03 7.61736e-03 7.87731e-03 8.15161e-03 8.41133e-03 8.65116e-03 8.87425e-03 9.08694e-03 9.29072e-03 9.45155e-03 9.50448e-03 9.38560e-03 9.08763e-03 8.67751e-03 8.24155e-03 7.82628e-03 7.44157e-03 7.07932e-03 6.72582e-03 6.37333e-03 6.02972e-03 5.71076e-03 5.42294e-03 5.16214e-03 4.92138e-03 4.69317e-03 4.47631e-03 4.28156e-03 4.12309e-03 4.00425e-03 3.91857e-03 3.85888e-03 3.81463e-03 3.77793e-03 3.74414e-03 3.70857e-03 3.67013e-03 3.63027e-03 3.58916e-03 3.54414e-03 3.49083e-03 3.42575e-03 3.34857e-03 3.26228e-03 3.17158e-03 3.08063e-03 2.99137e-03 2.90374e-03 2.81903e-03 2.73819e-03 2.65694e-03 2.56929e-03 2.47068e-03 2.35655e-03 2.22348e-03 2.07284e-03 1.91236e-03 1.75470e-03 1.61499e-03 1.50568e-03 1.42927e-03 1.37813e-03 1.34140e-03 1.30998e-03 1.27764e-03 1.24076e-03 1.19828e-03 1.15170e-03 1.10313e-03 1.05398e-03 1.00560e-03 9.59706e-04 9.17540e-04 8.78919e-04 8.42274e-04 8.05310e-04 7.65738e-04 7.21936e-04 6.73172e-04 6.19088e-04 5.58968e-04 4.91697e-04 4.16799e-04 3.36071e-04 2.54437e-04 1.78638e-04 1.14455e-04 6.48991e-05 3.05593e-05 1.04804e-05 1.95230e-06 1.04371e-07 5.56890e-10
8.753340 1.58428e-03 5.05460e-03 7.59204e-03 8.45276e-03 8.32995e-03 7.89579e-03 7.53070e-03 7.32214e-03 7.29424e-03 7.48304e-03 7.86213e-03 8.27031e-03 8.52404e-03 8.66330e-03 8.87626e-03 9.26992e-03 9.80287e-03 1.02766e-02 1.03988e-02 1.00248e-02 9.38417e-03 8.82560e-03 8.51876e-03 8.40587e-03 8.28993e-03 8.10527e-03 7.92437e-03 7.76876e-03 7.62043e-03 7.50040e-03 7.43789e-03 7.43467e-03 7.49322e-03 7.62081e-03 7.79248e-03 7.97173e-03 8.15486e-03 8.33891e-03 8.50439e-03 8.64667e-03 8.73873e-03 8.73428e-03 8.62330e-03 8.40970e-03 8.13291e-03 7.87680e-03 7.68159e-03 7.54006e-03 7.43173e-03 7.33738e-03 7.24570e-03 7.15433e-03 7.06300e-03 6.96906e-03 6.86942e-03 6.76089e-03 6.63684e-03 6.49006e-03 6.31939e-03 6.12539e-03 5.90566e-03 5.66035e-03 5.39872e-03 5.13830e-03 4.89501e-03 4.67468e-03 4.47619e-03 4.29995e-03 4.15165e-03 4.03340e-03 3.93534e-03 3.84493e-03 3.75618e-03 3.66727e-03 3.57719e-03 3.48609e-03 3.39513e-03 3.30450e-03 3.21247e-03 3.11608e-03 3.01282e-03 2.90205e-03 2.78534e-03 2.66532e-03 2.54289e-03 2.41510e-03 2.28081e-03 2.14726e-03 2.01883e-03 1.89286e-03 1.76676e-03 1.64123e-03 1.52020e-03 1.40734e-03 1.30336e-03 1.20883e-03 1.12730e-03 1.06291e-03 1.01623e-03 9.83566e-04 9.59090e-04 9.37384e-04 9.14691e-04 8.89301e-04 8.61195e-04 8.31292e-04 8.01388e-04 7.74339e-04 7.53012e-04 7.38677e-04 7.30185e-04 7.24524e-04 7.18324e-04 7.09220e-04 6.96217e-04 6.78873e-04 6.55812e-04 6.23537e-04 5.76566e-04 5.09395e-04 4.19314e-04 3.09828e-04 1.94715e-04 9.61466e-05 3.24543e-05 5.62700e-06 2.76751e-07 1.36130e-09
9.003435 1.30178e-03 4.53304e-03 7.18687e-03 7.97309e-03 7.89155e-03 7.80455e-03 7.84644e-03 7.93714e-03 7.89833e-03 7.70894e-03 7.55744e-03 7.49603e-03 7.47329e-03 7.59851e-03 8.01828e-03 8.69211e-03 9.44257e-03 9.99798e-03 1.00551e-02 9.68109e-03 9.28734e-03 9.11014e-03 9.09806e-03 9.08737e-03 8.98710e-03 8.87206e-03 8.83742e-03 8.88609e-03 8.97326e-03 9.07129e-03 9.15218e-03 9.16125e-03 9.08711e-03 8.98444e-03 8.89618e-03 8.80836e-03 8.69458e-03 8.52830e-03 8.28884e-03 7.98056e-03 7.62764e-03 7.28947e-03 7.00769e-03 6.79626e-03 6.64924e-03 6.55159e-03 6.49315e-03 6.47306e-03 6.49258e-03 6.54920e-03 6.63541e-03 6.73624e-03 6.82960e-03 6.89375e-03 6.91949e-03 6.91255e-03 6.87815e-03 6.81179e-03 6.70438e-03 6.54641e-03 6.33138e-03 6.06339e-03 5.76017e-03 5.44304e-03 5.12605e-03 4.81704e-03 4.52366e-03 4.25460e-03 4.01507e-03 3.80237e-03 3.60961e-03 3.43588e-03 3.28625e-03 3.16098e-03 3.05356e-03 2.95650e-03 2.86474e-03 2.77548e-03 2.68690e-03 2.59713e-03 2.50419e-03 2.40610e-03 2.30130e-03 2.18912e-03 2.07034e-03 1.94765e-03 1.82547e-03 1.70803e-03 1.59454e-03 1.47955e-03 1.36753e-03 1.26833e-03 1.18005e-03 1.09718e-03 1.01687e-03 9.38564e-04 8.63574e-04 7.94762e-04 7.35174e-04 6.85890e-04 6.45243e-04 6.10090e-04 5.77476e-04 5.45808e-04 5.15236e-04 4.87037e-04 4.62630e-04 4.43100e-04 4.29204e-04 4.21461e-04 4.20242e-04 4.25786e-04 4.37961e-04 4.55942e-04 4.78099e-04 5.02087e-04 5.24802e-04 5.42098e-04 5.48594e-04 5.37985e-04 5.03836e-04 4.40073e-04 3.42774e-04 2.19351e-04 9.87886e-05 2.27163e-05 1.44247e-06 9.86727e-09
9.253530 1.11650e-03 5.11747e-03 8.84841e-03 9.93595e-03 1.00666e-02 9.98863e-03 9.34543e-03 8.42936e-03 7.68414e-03 7.19263e-03 6.86182e-03 6.70836e-03 6.79107e-03 7.12473e-03 7.67911e-03 8.37818e-03 9.08723e-03 9.56898e-03 9.66025e-03 9.50444e-03 9.36385e-03 9.36099e-03 9.47613e-03 9.64788e-03 9.84334e-03 1.00364e-02 1.01965e-02 1.03042e-02 1.03115e-02 1.01762e-02 9.93939e-03 9.67778e-03 9.43985e-03 9.22676e-03 8.99614e-03 8.70002e-03 8.33747e-03 7.94023e-03 7.54729e-03 7.18304e-03 6.86646e-03 6.61791e-03 6.44399e-03 6.33286e-03 6.26748e-03 6.23354e-03 6.22160e-03 6.22853e-03 6.25086e-03 6.27648e-03 6.28542e-03 6.26133e-03 6.20403e-03 6.12652e-03 6.04460e-03 5.96870e-03 5.90112e-03 5.84007e-03 5.78330e-03 5.72688e-03 5.66612e-03 5.59706e-03 5.50934e-03 5.38110e-03 5.18599e-03 4.90920e-03 4.56979e-03 4.21997e-03 3.90371e-03 3.63442e-03 3.40944e-03 3.22261e-03 3.06760e-03 2.93962e-03 2.83565e-03 2.75218e-03 2.68292e-03 2.62016e-03 2.55770e-03 2.49241e-03 2.42299e-03 2.34613e-03 2.25371e-03 2.13766e-03 2.00023e-03 1.85419e-03 1.71317e-03 1.58354e-03 1.46364e-03 1.34958e-03 1.23831e-03 1.12603e-03 1.01034e-03 8.98923e-04 8.02979e-04 7.23337e-04 6.55614e-04 5.96876e-04 5.46485e-04 5.02851e-04 4.63064e-04 4.25956e-04 3.91733e-04 3.60623e-04 3.32878e-04 3.08960e-04 2.89320e-04 2.73993e-04 2.62353e-04 2.53282e-04 2.45690e-04 2.38987e-04 2.33163e-04 2.28524e-04 2.25323e-04 2.23460e-04 2.22293e-04 2.20608e-04 2.16758e-04 2.08937e-04 1.95465e-04 1.74708e-04 1.44479e-04 1.02699e-04 5.35826e-05 1.46011e-05 1.08494e-06 8.90311e-09
9.503626 1.21180e-03 6.92111e-03 1.34736e-02 1.58182e-02 1.45808e-02 1.17784e-02 9.34841e-03 7.84859e-03 6.85732e-03 6.39037e-03 6.32212e-03 6.47589e-03 6.71807e-03 6.96044e-03 7.24256e-03 7.62513e-03 8.09379e-03 8.54731e-03 8.87597e-03 9.07159e-03 9.22886e-03 9.42701e-03 9.65934e-03 9.85335e-03 9.94257e-03 9.93734e-03 9.87773e-03 9.83510e-03 9.83681e-03 9.77747e-03 9.60030e-03 9.37678e-03 9.18073e-03 8.96557e-03 8.64381e-03 8.23426e-03 7.80504e-03 7.38417e-03 6.99510e-03 6.65922e-03 6.39150e-03 6.19109e-03 6.04015e-03 5.93860e-03 5.89925e-03 5.91002e-03 5.93959e-03 5.95982e-03 5.95931e-03 5.95320e-03 5.95507e-03 5.96314e-03 5.97272e-03 5.96528e-03 5.92133e-03 5.83813e-03 5.72086e-03 5.57284e-03 5.40008e-03 5.21652e-03 5.04463e-03 4.90945e-03 4.82702e-03 4.79955e-03 4.82021e-03 4.87698e-03 4.95052e-03 4.98945e-03 4.88357e-03 4.55041e-03 4.06503e-03 3.60874e-03 3.27621e-03 3.04160e-03 2.86668e-03 2.73295e-03 2.62625e-03 2.53708e-03 2.46049e-03 2.39156e-03 2.32598e-03 2.26126e-03 2.19653e-03 2.13226e-03 2.06585e-03 1.98775e-03 1.89293e-03 1.79031e-03 1.68723e-03 1.57975e-03 1.46557e-03 1.35270e-03 1.24802e-03 1.14649e-03 1.04242e-03 9.41415e-04 8.52761e-04 7.75661e-04 7.02980e-04 6.33272e-04 5.69412e-04 5.13145e-04 4.64493e-04 4.22594e-04 3.86151e-04 3.53800e-04 3.24353e-04 2.96819e-04 2.70405e-04 2.44598e-04 2.19218e-04 1.94343e-04 1.70150e-04 1.46772e-04 1.24265e-04 1.02724e-04 8.24281e-05 6.38658e-05 4.75846e-05 3.39525e-05 2.30358e-05 1.47125e-05 8.86716e-06 5.08148e-06 2.37733e-06 5.68537e-07 3.17205e-08 1.62207e-10
9.753721 1.48272e-03 1.14951e-02 2.02772e-02 1.77114e-02 1.29947e-02 1.04074e-02 8.66597e-03 7.36629e-03 7.00056e-03 6.75277e-03 6.45225e-03 6.36143e-03 6.40939e-03 6.55874e-03 6.82836e-03 7.18005e-03 7.56581e-03 7.96914e-03 8.38067e-03 8.76509e-03 9.08044e-03 9.31169e-03 9.47065e-03 9.57253e-03 9.60411e-03 9.59323e-03 9.63539e-03 9.67902e-03 9.64151e-03 9.55360e-03 9.47868e-03 9.41075e-03 9.27163e-03 8.99806e-03 8.65130e-03 8.33544e-03 8.04207e-03 7.73101e-03 7.38090e-03 6.99325e-03 6.59552e-03 6.20948e-03 5.81880e-03 5.47337e-03 5.27515e-03 5.14213e-03 5.03530e-03 4.96324e-03 4.92583e-03 4.93100e-03 4.98214e-03 5.07225e-03 5.18594e-03 5.30186e-03 5.40325e-03 5.48419e-03 5.54046e-03 5.56631e-03 5.56271e-03 5.53821e-03 5.50167e-03 5.45953e-03 5.41660e-03 5.37700e-03 5.34463e-03 5.31955e-03 5.29449e-03 5.26522e-03 5.24084e-03 5.21083e-03 5.07633e-03 4.72742e-03 4.24829e-03 3.82291e-03 3.49020e-03 3.15473e-03 2.80538e-03 2.54336e-03 2.38501e-03 2.27656e-03 2.19042e-03 2.11566e-03 2.04875e-03 1.98712e-03 1.92640e-03 1.86494e-03 1.79850e-03 1.71025e-03 1.60252e-03 1.50821e-03 1.43951e-03 1.38213e-03 1.32572e-03 1.27139e-03 1.21722e-03 1.14499e-03 1.04962e-03 9.49607e-04 8.55289e-04 7.69072e-04 6.94377e-04 6.31918e-04 5.79217e-04 5.33142e-04 4.91163e-04 4.51884e-04 4.14824e-04 3.79981e-04 3.47541e-04 3.17585e-04 2.89898e-04 2.64010e-04 2.39346e-04 2.15345e-04 1.91496e-04 1.67355e-04 1.42610e-04 1.17235e-04 9.16514e-05 6.67780e-05 4.40225e-05 2.51322e-05 1.17910e-05 4.59296e-06 1.66992e-06 4.30156e-07 3.57373e-08 4.88267e-10
10.003817 1.80262e-03 9.49729e-03 1.46515e-02 1.36007e-02 1.17898e-02 1.00895e-02 8.11166e-03 7.14923e-03 6.92233e-03 6.96133e-03 7.12515e-03 7.33145e-03 7.54724e-03 7.75393e-03 7.90001e-03 7.96413e-03 7.99861e-03 8.08240e-03 8.24907e-03 8.48041e-03 8.74661e-03 9.02426e-03 9.29364e-03 9.53179e-03 9.75519e-03 9.99450e-03 1.01642e-02 1.01612e-02 1.00035e-02 9.81040e-03 9.66217e-03 9.49665e-03 9.23257e-03 8.92526e-03 8.65586e-03 8.44732e-03 8.30192e-03 8.19479e-03 8.04854e-03 7.76367e-03 7.31771e-03 6.78264e-03 6.19208e-03 5.56435e-03 5.07210e-03 4.81785e-03 4.71081e-03 4.66543e-03 4.65986e-03 4.69008e-03 4.73251e-03 4.77156e-03 4.82237e-03 4.89070e-03 4.96536e-03 5.04486e-03 5.14386e-03 5.26420e-03 5.37381e-03 5.44798e-03 5.48813e-03 5.49870e-03 5.47812e-03 5.42626e-03 5.34895e-03 5.25647e-03 5.16071e-03 5.07002e-03 4.98180e-03 4.88039e-03 4.74572e-03 4.56002e-03 4.29377e-03 3.94116e-03 3.59528e-03 3.31508e-03 3.04507e-03 2.76884e-03 2.53924e-03 2.38423e-03 2.27825e-03 2.17994e-03 2.08819e-03 2.01705e-03 1.95642e-03 1.89426e-03 1.80212e-03 1.63867e-03 1.45773e-03 1.34859e-03 1.30793e-03 1.29228e-03 1.28954e-03 1.31197e-03 1.32696e-03 1.28333e-03 1.18595e-03 1.06973e-03 9.58807e-04 8.60815e-04 7.76032e-04 7.03521e-04 6.41937e-04 5.90176e-04 5.46813e-04 5.08793e-04 4.72940e-04 4.37641e-04 4.02802e-04 3.69070e-04 3.37139e-04 3.07217e-04 2.78765e-04 2.50625e-04 2.21436e-04 1.90186e-04 1.56711e-04 1.21980e-04 8.80522e-05 5.76421e-05 3.33066e-05 1.64513e-05 6.74347e-06 2.33642e-06 7.52881e-07 1.90425e-07 2.06017e-08 4.03628e-10
10.253912 1.90664e-03 7.21800e-03 1.15194e-02 1.25360e-02 1.15662e-02 9.68497e-03 8.72918e-03 8.57071e-03 8.64860e-03 8.70557e-03 8.55341e-03 8.25167e-03 8.00560e-03 7.90791e-03 7.91960e-03 8.00626e-03 8.17615e-03 8.42681e-03 8.72409e-03 9.02240e-03 9.28520e-03 9.48929e-03 9.61538e-03 9.66842e-03 9.68293e-03 9.66524e-03 9.58983e-03 9.44737e-03 9.24352e-03 8.98543e-03 8.69558e-03 8.40508e-03 8.14373e-03 7.93158e-03 7.77257e-03 7.65817e-03 7.57673e-03 7.52070e-03 7.47421e-03 7.39149e-03 7.23747e-03 7.03998e-03 6.82094e-03 6.49728e-03 5.94352e-03 5.28531e-03 4.91073e-03 4.86542e-03 4.91431e-03 4.95109e-03 4.98694e-03 5.08178e-03 5.22512e-03 5.30598e-03 5.31987e-03 5.35898e-03 5.39123e-03 5.34024e-03 5.24401e-03 5.15391e-03 5.07121e-03 4.98423e-03 4.88693e-03 4.78016e-03 4.67026e-03 4.56331e-03 4.45838e-03 4.34871e-03 4.23077e-03 4.11129e-03 3.99326e-03 3.86219e-03 3.70949e-03 3.53230e-03 3.33158e-03 3.13927e-03 2.97386e-03 2.83686e-03 2.73307e-03 2.65471e-03 2.58380e-03 2.50606e-03 2.40158e-03 2.24911e-03 2.03137e-03 1.77007e-03 1.55728e-03 1.43483e-03 1.36507e-03 1.32003e-03 1.30015e-03 1.31344e-03 1.34007e-03 1.34583e-03 1.31539e-03 1.24667e-03 1.15362e-03 1.05836e-03 9.75175e-04 9.06929e-04 8.49575e-04 7.97295e-04 7.45972e-04 6.94329e-04 6.43115e-04 5.93490e-04 5.45971e-04 5.00366e-04 4.56087e-04 4.12468e-04 3.69035e-04 3.25713e-04 2.82889e-04 2.41263e-04 2.01577e-04 1.64404e-04 1.30139e-04 9.91662e-05 7.20039e-05 4.92619e-05 3.13909e-05 1.83486e-05 9.51458e-06 4.05985e-06 1.26099e-06 2.41755e-07 2.18600e-08 4.05130e-10
10.504007 1.74308e-03 7.02084e-03 1.16865e-02 1.28384e-02 1.21127e-02 1.12326e-02 1.01216e-02 8.89772e-03 8.01238e-03 7.52931e-03 7.36919e-03 7.47665e-03 7.78992e-03 8.19314e-03 8.57456e-03 8.88870e-03 9.12237e-03 9.26994e-03 9.35073e-03 9.38368e-03 9.37174e-03 9.32131e-03 9.23404e-03 9.10298e-03 8.90985e-03 8.64086e-03 8.33022e-03 8.02089e-03 7.74580e-03 7.53517e-03 7.39401e-03 7.29394e-03 7.20867e-03 7.13426e-03 7.08205e-03 7.05558e-03 7.04247e-03 7.04471e-03 7.08211e-03 7.14423e-03 7.19181e-03 7.19633e-03 7.14905e-03 7.06555e-03 6.99608e-03 6.98690e-03 6.89026e-03 6.47773e-03 6.02242e-03 5.82499e-03 5.75665e-03 5.70068e-03 5.61204e-03 5.45914e-03 5.25264e-03 5.03332e-03 4.84417e-03 4.71143e-03 4.61737e-03 4.53632e-03 4.46306e-03 4.39509e-03 4.33475e-03 4.28783e-03 4.25272e-03 4.21986e-03 4.17542e-03 4.10953e-03 4.02246e-03 3.91132e-03 3.78864e-03 3.67354e-03 3.56937e-03 3.45512e-03 3.32108e-03 3.18245e-03 3.02880e-03 2.87213e-03 2.72711e-03 2.57814e-03 2.42446e-03 2.29425e-03 2.20689e-03 2.14549e-03 2.05704e-03 1.90428e-03 1.73433e-03 1.62631e-03 1.57120e-03 1.51612e-03 1.46628e-03 1.43349e-03 1.40577e-03 1.36761e-03 1.31541e-03 1.25716e-03 1.20099e-03 1.14313e-03 1.07621e-03 1.00711e-03 9.47242e-04 8.98447e-04 8.54953e-04 8.10256e-04 7.60562e-04 7.04426e-04 6.41908e-04 5.74456e-04 5.04855e-04 4.36471e-04 3.72163e-04 3.13616e-04 2.61316e-04 2.15093e-04 1.74839e-04 1.40747e-04 1.12921e-04 9.08313e-05 7.32765e-05 5.88513e-05 4.64108e-05 3.51593e-05 2.45596e-05 1.45980e-05 6.33132e-06 1.49613e-06 1.17812e-07 1.49906e-09
10.754103 1.52728e-03 7.65898e-03 1.35395e-02 1.36652e-02 1.10485e-02 9.04805e-03 7.96429e-03 7.39104e-03 7.16607e-03 7.21320e-03 7.48039e-03 7.89458e-03 8.34124e-03 8.72133e-03 8.98232e-03 9.11431e-03 9.13690e-03 9.06680e-03 8.89979e-03 8.64040e-03 8.33548e-03 8.04135e-03 7.79204e-03 7.61768e-03 7.49813e-03 7.37694e-03 7.23880e-03 7.09695e-03 6.95973e-03 6.84689e-03 6.78150e-03 6.74851e-03 6.71201e-03 6.65481e-03 6.58751e-03 6.53554e-03 6.52553e-03 6.56960e-03 6.65663e-03 6.76273e-03 6.86464e-03 6.95308e-03 7.03577e-03 7.12685e-03 7.23843e-03 7.37957e-03 7.54427e-03 7.70060e-03 7.80972e-03 7.85369e-03 7.83623e-03 7.69954e-03 7.36809e-03 6.94821e-03 6.58090e-03 6.26609e-03 5.97342e-03 5.70776e-03 5.48643e-03 5.31951e-03 5.19814e-03 5.09792e-03 4.99470e-03 4.87906e-03 4.75623e-03 4.62196e-03 4.45929e-03 4.27781e-03 4.08744e-03 3.88064e-03 3.63588e-03 3.37966e-03 3.18274e-03 3.05544e-03 2.96859e-03 2.90018e-03 2.83729e-03 2.77251e-03 2.70122e-03 2.61908e-03 2.50672e-03 2.33295e-03 2.11135e-03 1.91812e-03 1.81719e-03 1.78259e-03 1.75884e-03 1.73125e-03 1.70250e-03 1.67387e-03 1.64402e-03 1.61106e-03 1.57369e-03 1.52968e-03 1.47508e-03 1.40846e-03 1.33524e-03 1.26452e-03 1.20568e-03 1.16595e-03 1.13660e-03 1.08916e-03 1.01507e-03 9.34290e-04 8.58044e-04 7.84392e-04 7.09344e-04 6.30638e-04 5.47450e-04 4.61629e-04 3.78618e-04 3.04600e-04 2.43194e-04 1.94803e-04 1.57489e-04 1.28377e-04 1.05113e-04 8.63780e-05 7.12979e-05 5.87501e-05 4.75322e-05 3.68210e-05 2.62784e-05 1.60966e-05 7.32437e-06 1.84170e-06 1.53420e-07 2.05116e-09
11.004198 1.49619e-03 8.25669e-03 1.32462e-02 1.14376e-02 8.89652e-03 7.96278e-03 7.69189e-03 7.53227e-03 7.42091e-03 7.39172e-03 7.45151e-03 7.56654e-03 7.71640e-03 7.90784e-03 8.12305e-03 8.30260e-03 8.37490e-03 8.30207e-03 8.10907e-03 7.86357e-03 7.62704e-03 7.42932e-03 7.28023e-03 7.18313e-03 7.13800e-03 7.12640e-03 7.09288e-03 6.98560e-03 6.80413e-03 6.59669e-03 6.40380e-03 6.25707e-03 6.20027e-03 6.21738e-03 6.27421e-03 6.36941e-03 6.51261e-03 6.68058e-03 6.83909e-03 6.97937e-03 7.10519e-03 7.22735e-03 7.36279e-03 7.52709e-03 7.72635e-03 7.96216e-03 8.22723e-03 8.44097e-03 8.49342e-03 8.40486e-03 8.27314e-03 8.14387e-03 8.02207e-03 7.91157e-03 7.81349e-03 7.72636e-03 7.64513e-03 7.55484e-03 7.43245e-03 7.24763e-03 6.97939e-03 6.63105e-03 6.21884e-03 5.78306e-03 5.37980e-03 5.04146e-03 4.77239e-03 4.56449e-03 4.40542e-03 4.28456e-03 4.18811e-03 4.09927e-03 4.00323e-03 3.88780e-03 3.74554e-03 3.58128e-03 3.40938e-03 3.21760e-03 2.96824e-03 2.69159e-03 2.43734e-03 2.21811e-03 2.07805e-03 2.01630e-03 1.99171e-03 1.97627e-03 1.95651e-03 1.92808e-03 1.89181e-03 1.84941e-03 1.80213e-03 1.74893e-03 1.68445e-03 1.60233e-03 1.50334e-03 1.39866e-03 1.30210e-03 1.22007e-03 1.15157e-03 1.09712e-03 1.06349e-03 1.05823e-03 1.07045e-03 1.06087e-03 1.00748e-03 9.30649e-04 8.50097e-04 7.66253e-04 6.72406e-04 5.65488e-04 4.52200e-04 3.45823e-04 2.57325e-04 1.90233e-04 1.42070e-04 1.07671e-04 8.20859e-05 6.24675e-05 4.71675e-05 3.48523e-05 2.46976e-05 1.64004e-05 9.94210e-06 5.29430e-06 2.24754e-06 5.89582e-07 6.01268e-08 1.06666e-09
11.254294 1.55568e-03 6.59015e-03 9.97745e-03 9.58342e-03 8.71902e-03 8.24317e-03 7.87036e-03 7.51677e-03 7.17683e-03 6.88101e-03 6.65998e-03 6.52877e-03 6.52588e-03 6.67492e-03 6.91314e-03 7.12078e-03 7.20968e-03 7.18211e-03 7.11216e-03 7.06972e-03 7.07772e-03 7.12532e-03 7.19331e-03 7.26491e-03 7.33724e-03 7.40044e-03 7.41860e-03 7.36206e-03 7.23485e-03 7.11779e-03 7.09371e-03 7.14724e-03 7.22823e-03 7.31453e-03 7.39963e-03 7.46285e-03 7.50302e-03 7.56784e-03 7.66777e-03 7.77156e-03 7.86546e-03 7.93778e-03 7.97551e-03 8.00672e-03 8.07131e-03 8.08956e-03 8.01999e-03 7.98927e-03 8.03233e-03 8.07286e-03 8.06071e-03 7.97957e-03 7.84359e-03 7.70429e-03 7.59901e-03 7.51156e-03 7.41529e-03 7.31196e-03 7.21487e-03 7.12610e-03 7.03839e-03 6.94104e-03 6.82040e-03 6.66405e-03 6.47086e-03 6.25960e-03 6.05393e-03 5.85812e-03 5.66291e-03 5.45739e-03 5.23026e-03 4.97769e-03 4.73311e-03 4.51748e-03 4.27775e-03 4.02735e-03 3.81592e-03 3.61504e-03 3.38982e-03 3.14908e-03 2.93069e-03 2.76687e-03 2.65667e-03 2.58009e-03 2.51788e-03 2.45467e-03 2.38017e-03 2.29108e-03 2.18601e-03 2.06408e-03 1.93267e-03 1.80758e-03 1.69832e-03 1.59968e-03 1.50019e-03 1.39191e-03 1.27529e-03 1.16502e-03 1.08079e-03 1.02096e-03 9.67149e-04 9.19669e-04 8.96996e-04 8.94738e-04 8.88337e-04 8.71967e-04 8.50095e-04 8.15906e-04 7.56813e-04 6.67328e-04 5.55329e-04 4.37997e-04 3.33823e-04 2.53961e-04 1.99657e-04 1.66627e-04 1.45534e-04 1.25227e-04 1.01229e-04 7.55248e-05 5.15820e-05 3.18371e-05 1.72688e-05 7.74106e-06 2.49781e-06 4.41368e-07 2.77252e-08 3.02607e-10
11.504389 1.54368e-03 5.26741e-03 8.12416e-03 8.84082e-03 8.51725e-03 7.98312e-03 7.47833e-03 7.14482e-03 6.94977e-03 6.74542e-03 6.49031e-03 6.28937e-03 6.24546e-03 6.35017e-03 6.49391e-03 6.56455e-03 6.52868e-03 6.43588e-03 6.37619e-03 6.42051e-03 6.56991e-03 6.75489e-03 6.90217e-03 6.98710e-03 7.02743e-03 7.07323e-03 7.17000e-03 7.28988e-03 7.37873e-03 7.44817e-03 7.52647e-03 7.62218e-03 7.71089e-03 7.75904e-03 7.77761e-03 7.79845e-03 7.84458e-03 7.91808e-03 8.00494e-03 8.09150e-03 8.17119e-03 8.24935e-03 8.34907e-03 8.44429e-03 8.43777e-03 8.35410e-03 8.30750e-03 8.30165e-03 8.28245e-03 8.22532e-03 8.11978e-03 7.96147e-03 7.77062e-03 7.58731e-03 7.43954e-03 7.32569e-03 7.22386e-03 7.11854e-03 7.01572e-03 6.92513e-03 6.84392e-03 6.75979e-03 6.65562e-03 6.51398e-03 6.32794e-03 6.10760e-03 5.86998e-03 5.62770e-03 5.39497e-03 5.19853e-03 5.05878e-03 4.94976e-03 4.83080e-03 4.69843e-03 4.54146e-03 4.34698e-03 4.12737e-03 3.89898e-03 3.67866e-03 3.47994e-03 3.30670e-03 3.15896e-03 3.03675e-03 2.93715e-03 2.85086e-03 2.76337e-03 2.65800e-03 2.52025e-03 2.34882e-03 2.15964e-03 1.97163e-03 1.80006e-03 1.65781e-03 1.54702e-03 1.46348e-03 1.40892e-03 1.37542e-03 1.32046e-03 1.21659e-03 1.11446e-03 1.06393e-03 1.03769e-03 9.99188e-04 9.46903e-04 8.92976e-04 8.48097e-04 8.16545e-04 7.95303e-04 7.75234e-04 7.49595e-04 7.12550e-04 6.55103e-04 5.75634e-04 4.86936e-04 4.07680e-04 3.46146e-04 2.99610e-04 2.60073e-04 2.19151e-04 1.74129e-04 1.27484e-04 8.34035e-05 4.67315e-05 2.11910e-05 6.95198e-06 1.25348e-06 6.81844e-08 3.69586e-10
11.754485 1.52118e-03 4.89425e-03 7.43462e-03 8.20579e-03 8.01712e-03 7.62286e-03 7.22854e-03 6.98595e-03 6.89515e-03 6.81268e-03 6.68857e-03 6.61962e-03 6.66819e-03 6.77574e-03 6.84736e-03 6.85179e-03 6.79471e-03 6.70559e-03 6.65722e-03 6.69480e-03 6.79133e-03 6.89914e-03 6.99289e-03 7.06358e-03 7.09781e-03 7.08070e-03 7.02916e-03 6.97451e-03 6.94040e-03 6.96137e-03 7.04331e-03 7.16132e-03 7.29389e-03 7.41845e-03 7.52326e-03 7.62006e-03 7.72185e-03 7.83154e-03 7.94796e-03 8.06290e-03 8.15718e-03 8.21075e-03 8.21535e-03 8.17561e-03 8.10949e-03 8.04644e-03 8.00880e-03 7.99259e-03 7.97696e-03 7.94430e-03 7.88268e-03 7.78804e-03 7.67311e-03 7.56242e-03 7.47796e-03 7.43358e-03 7.43284e-03 7.45861e-03 7.46958e-03 7.42256e-03 7.29535e-03 7.09392e-03 6.84527e-03 6.57754e-03 6.31088e-03 6.05848e-03 5.82483e-03 5.60785e-03 5.40884e-03 5.23539e-03 5.07739e-03 4.91407e-03 4.74447e-03 4.55836e-03 4.34471e-03 4.10052e-03 3.83613e-03 3.58143e-03 3.36765e-03 3.20318e-03 3.07435e-03 2.96358e-03 2.86213e-03 2.76585e-03 2.66975e-03 2.56894e-03 2.45432e-03 2.31591e-03 2.15896e-03 1.99986e-03 1.84767e-03 1.70441e-03 1.57145e-03 1.45173e-03 1.34734e-03 1.25303e-03 1.16444e-03 1.09072e-03 1.04732e-03 1.02759e-03 9.88100e-04 9.17868e-04 8.64615e-04 8.44083e-04 8.36152e-04 8.26775e-04 8.08422e-04 7.77032e-04 7.32835e-04 6.82877e-04 6.42120e-04 6.12015e-04 5.77361e-04 5.17713e-04 4.26980e-04 3.22310e-04 2.27586e-04 1.54408e-04 1.02715e-04 6.83943e-05 4.63055e-05 3.14707e-05 2.07682e-05 1.25162e-05 5.54012e-06 1.21701e-06 7.56637e-08 4.31060e-10
12.004580 1.52140e-03 4.64107e-03 6.91550e-03 7.77766e-03 7.70705e-03 7.33701e-03 6.98773e-03 6.86548e-03 6.95783e-03 7.08023e-03 7.09828e-03 7.06629e-03 7.10552e-03 7.20904e-03 7.25804e-03 7.22570e-03 7.17961e-03 7.14907e-03 7.14605e-03 7.18848e-03 7.28300e-03 7.41369e-03 7.52986e-03 7.59042e-03 7.61280e-03 7.70854e-03 8.08209e-03 8.48594e-03 8.22910e-03 7.66561e-03 7.52553e-03 7.65750e-03 7.75115e-03 7.76844e-03 7.78529e-03 7.79313e-03 7.78208e-03 7.80207e-03 7.87247e-03 7.98181e-03 8.12775e-03 8.34731e-03 8.65697e-03 8.91621e-03 8.95713e-03 8.84729e-03 8.71811e-03 8.59390e-03 8.45804e-03 8.29860e-03 8.11485e-03 7.91058e-03 7.68739e-03 7.44678e-03 7.19796e-03 6.96287e-03 6.76884e-03 6.62476e-03 6.49614e-03 6.32534e-03 6.09695e-03 5.84673e-03 5.60591e-03 5.38229e-03 5.17658e-03 4.98949e-03 4.82098e-03 4.67098e-03 4.53986e-03 4.42480e-03 4.31821e-03 4.21420e-03 4.10674e-03 3.98547e-03 3.84289e-03 3.67955e-03 3.50334e-03 3.32376e-03 3.14687e-03 2.97557e-03 2.81335e-03 2.66622e-03 2.53825e-03 2.42503e-03 2.31656e-03 2.20812e-03 2.10162e-03 1.99467e-03 1.88288e-03 1.76631e-03 1.64744e-03 1.53035e-03 1.41911e-03 1.31833e-03 1.23175e-03 1.15805e-03 1.08887e-03 1.01475e-03 9.37797e-04 8.72915e-04 8.33155e-04 8.08561e-04 7.90805e-04 7.80989e-04 7.57808e-04 7.22032e-04 6.89326e-04 6.67915e-04 6.56100e-04 6.45364e-04 6.22929e-04 5.75899e-04 5.05898e-04 4.26865e-04 3.52883e-04 2.89640e-04 2.30122e-04 1.68032e-04 1.07503e-04 5.76002e-05 2.45173e-05 7.68765e-06 1.63437e-06 3.92660e-07 2.50682e-07 9.18420e-08 8.74627e-09 7.28386e-11
12.254675 1.54227e-03 4.80693e-03 7.16113e-03 7.87139e-03 7.67836e-03 7.23903e-03 6.82128e-03 6.64162e-03 6.74014e-03 6.97377e-03 7.13698e-03 7.13474e-03 7.06539e-03 7.07403e-03 7.14573e-03 7.18545e-03 7.36930e-03 7.94132e-03 8.36372e-03 8.37306e-03 8.52551e-03 8.83508e-03 8.98850e-03 9.10932e-03 9.16337e-03 9.06546e-03 8.88344e-03 8.71829e-03 8.76708e-03 9.12945e-03 9.41525e-03 9.21973e-03 8.77959e-03 8.52681e-03 8.40835e-03 8.23855e-03 8.00718e-03 7.79038e-03 7.64360e-03 7.57054e-03 7.54855e-03 7.55883e-03 7.58995e-03 7.63215e-03 7.67473e-03 7.70634e-03 7.71696e-03 7.70008e-03 7.65599e-03 7.59177e-03 7.51285e-03 7.41598e-03 7.29538e-03 7.15256e-03 6.99792e-03 6.84829e-03 6.72524e-03 6.63822e-03 6.54467e-03 6.36439e-03 6.08416e-03 5.77819e-03 5.50519e-03 5.26711e-03 5.04853e-03 4.84228e-03 4.64685e-03 4.45895e-03 4.27236e-03 4.08290e-03 3.89433e-03 3.71564e-03 3.55437e-03 3.41207e-03 3.28032e-03 3.14367e-03 2.98987e-03 2.81685e-03 2.63855e-03 2.48307e-03 2.36573e-03 2.26486e-03 2.15008e-03 2.02026e-03 1.89512e-03 1.79037e-03 1.70751e-03 1.64095e-03 1.58575e-03 1.53779e-03 1.49252e-03 1.44390e-03 1.38902e-03 1.33321e-03 1.28304e-03 1.23817e-03 1.19167e-03 1.13383e-03 1.05959e-03 9.77712e-04 9.01589e-04 8.35726e-04 7.76702e-04 7.19267e-04 6.63431e-04 6.09303e-04 5.58095e-04 5.13618e-04 4.80425e-04 4.59974e-04 4.47468e-04 4.31234e-04 3.98548e-04 3.49750e-04 2.91512e-04 2.30175e-04 1.72090e-04 1.24222e-04 8.54412e-05 5.11459e-05 2.49355e-05 9.57151e-06 2.76277e-06 5.54327e-07 6.91190e-08 4.73550e-09 1.70768e-10 1.62173e-12
12.504771 1.63563e-03 4.99275e-03 7.36321e-03 8.07875e-03 7.74545e-03 7.18301e-03 6.78619e-03 6.68838e-03 6.77519e-03 7.03996e-03 7.71938e-03 8.15282e-03 7.82513e-03 7.57613e-03 7.70844e-03 7.92138e-03 8.08631e-03 8.19481e-03 8.43574e-03 9.10754e-03 1.00858e-02 1.06651e-02 1.05014e-02 1.01414e-02 9.98128e-03 9.78378e-03 9.50650e-03 9.26440e-03 8.97766e-03 8.62160e-03 8.26884e-03 7.97616e-03 7.76906e-03 7.62336e-03 7.50500e-03 7.39869e-03 7.30671e-03 7.23857e-03 7.19844e-03 7.18085e-03 7.17715e-03 7.18367e-03 7.19841e-03 7.21665e-03 7.23464e-03 7.25218e-03 7.27115e-03 7.29292e-03 7.31198e-03 7.30968e-03 7.26177e-03 7.15757e-03 7.01012e-03 6.84948e-03 6.71079e-03 6.60690e-03 6.45947e-03 6.18038e-03 5.87679e-03 5.66016e-03 5.48442e-03 5.30370e-03 5.13346e-03 4.99422e-03 4.87925e-03 4.76668e-03 4.64272e-03 4.51159e-03 4.38328e-03 4.25330e-03 4.11264e-03 3.96879e-03 3.83112e-03 3.69314e-03 3.54376e-03 3.38585e-03 3.23483e-03 3.09433e-03 2.94584e-03 2.77111e-03 2.57392e-03 2.37760e-03 2.20508e-03 2.06461e-03 1.95221e-03 1.86123e-03 1.78732e-03 1.72610e-03 1.67171e-03 1.62182e-03 1.57825e-03 1.54174e-03 1.51017e-03 1.47930e-03 1.44569e-03 1.40964e-03 1.37184e-03 1.32755e-03 1.26656e-03 1.18637e-03 1.10108e-03 1.00539e-03 8.86186e-04 7.64477e-04 6.57821e-04 5.63619e-04 4.76491e-04 3.98367e-04 3.33794e-04 2.84427e-04 2.48425e-04 2.21964e-04 1.99352e-04 1.74373e-04 1.45262e-04 1.14071e-04 8.31600e-05 5.51905e-05 3.29426e-05 1.76778e-05 8.21829e-06 3.14056e-06 9.29697e-07 1.99572e-07 3.02171e-08 3.12615e-09 1.31355e-10 6.08141e-13
12.754866 1.72640e-03 5.02696e-03 7.50144e-03 8.66866e-03 8.65983e-03 8.13976e-03 7.82675e-03 7.60507e-03 7.42373e-03 7.94501e-03 9.04247e-03 1.01161e-02 1.09204e-02 1.13055e-02 1.09775e-02 1.00821e-02 9.32318e-03 9.01916e-03 8.92230e-03 8.89044e-03 8.88182e-03 8.76655e-03 8.59500e-03 8.48976e-03 8.44933e-03 8.43481e-03 8.42003e-03 8.37155e-03 8.25925e-03 8.11555e-03 7.99911e-03 7.91453e-03 7.82790e-03 7.72189e-03 7.61527e-03 7.54321e-03 7.50809e-03 7.46469e-03 7.39579e-03 7.33857e-03 7.30241e-03 7.25485e-03 7.17594e-03 7.08025e-03 6.99973e-03 6.96113e-03 6.96932e-03 7.00374e-03 7.04069e-03 7.07373e-03 7.08782e-03 7.01061e-03 6.76824e-03 6.46328e-03 6.22444e-03 6.02681e-03 5.82949e-03 5.62856e-03 5.43718e-03 5.26797e-03 5.11735e-03 4.97453e-03 4.83497e-03 4.69475e-03 4.54781e-03 4.39588e-03 4.25026e-03 4.12616e-03 4.03078e-03 3.95180e-03 3.87514e-03 3.79808e-03 3.71738e-03 3.62377e-03 3.51442e-03 3.38453e-03 3.23117e-03 3.06367e-03 2.89302e-03 2.72679e-03 2.57073e-03 2.42856e-03 2.30118e-03 2.18771e-03 2.08622e-03 1.99319e-03 1.90341e-03 1.81289e-03 1.72363e-03 1.63860e-03 1.55341e-03 1.47383e-03 1.41396e-03 1.37366e-03 1.34428e-03 1.31752e-03 1.28797e-03 1.25356e-03 1.21251e-03 1.15944e-03 1.08885e-03 1.00844e-03 9.22734e-04 8.18324e-04 6.98621e-04 5.79963e-04 4.73877e-04 3.86380e-04 3.18388e-04 2.65285e-04 2.20508e-04 1.80800e-04 1.46762e-04 1.19270e-04 9.69043e-05 7.68560e-05 5.79300e-05 4.03855e-05 2.48394e-05 1.32268e-05 6.77088e-06 3.72168e-06 1.84622e-06 6.47490e-07 1.33527e-07 1.27521e-08 3.61456e-10 1.36828e-12
13.004962 1.55214e-03 5.52399e-03 9.21631e-03 1.03561e-02 9.85611e-03 9.88988e-03 1.16822e-02 1.42684e-02 1.52862e-02 1.39761e-02 1.17964e-02 1.03889e-02 9.84835e-03 9.50945e-03 9.15996e-03 8.89575e-03 8.72883e-03 8.52726e-03 8.27138e-03 8.03228e-03 7.83690e-03 7.69953e-03 7.64837e-03 7.69146e-03 7.79644e-03 7.91054e-03 7.99381e-03 8.01724e-03 7.96175e-03 7.85450e-03 7.74486e-03 7.64312e-03 7.53687e-03 7.42433e-03 7.30885e-03 7.18413e-03 7.06272e-03 6.98671e-03 6.96694e-03 6.96260e-03 6.92512e-03 6.84041e-03 6.72534e-03 6.59473e-03 6.44531e-03 6.29031e-03 6.14962e-03 5.98469e-03 5.82974e-03 5.73823e-03 5.67709e-03 5.61560e-03 5.56752e-03 5.55121e-03 5.55896e-03 5.56666e-03 5.55514e-03 5.51773e-03 5.45708e-03 5.37956e-03 5.29009e-03 5.18961e-03 5.07422e-03 4.94427e-03 4.80230e-03 4.64924e-03 4.49281e-03 4.33355e-03 4.16814e-03 3.99498e-03 3.81916e-03 3.64496e-03 3.47641e-03 3.31762e-03 3.16986e-03 3.03191e-03 2.90133e-03 2.77556e-03 2.65256e-03 2.53112e-03 2.41079e-03 2.29159e-03 2.17371e-03 2.05760e-03 1.94434e-03 1.83586e-03 1.73432e-03 1.64052e-03 1.55115e-03 1.45687e-03 1.34901e-03 1.23648e-03 1.14063e-03 1.06994e-03 1.02442e-03 1.00271e-03 9.94526e-04 9.83546e-04 9.60126e-04 9.24704e-04 8.80142e-04 8.25563e-04 7.59852e-04 6.86137e-04 6.08061e-04 5.29833e-04 4.57323e-04 3.94378e-04 3.41019e-04 2.94877e-04 2.53275e-04 2.14894e-04 1.80346e-04 1.50795e-04 1.25729e-04 1.02968e-04 8.10256e-05 6.03726e-05 4.29072e-05 2.97739e-05 1.98332e-05 1.25333e-05 7.30042e-06 3.20572e-06 8.55763e-07 1.09547e-07 4.17484e-09 1.82628e-11
13.255057 1.47573e-03 6.08613e-03 1.06834e-02 1.40938e-02 1.84241e-02 2.03774e-02 1.76131e-02 1.36309e-02 1.12385e-02 1.01859e-02 9.57784e-03 9.08684e-03 8.82162e-03 8.77892e-03 8.74523e-03 8.61073e-03 8.36161e-03 8.08515e-03 7.87047e-03 7.72321e-03 7.60705e-03 7.50334e-03 7.41871e-03 7.36987e-03 7.37155e-03 7.42644e-03 7.51187e-03 7.56840e-03 7.52759e-03 7.39371e-03 7.23296e-03 7.08296e-03 6.94621e-03 6.82153e-03 6.70533e-03 6.59871e-03 6.51531e-03 6.46460e-03 6.43094e-03 6.38314e-03 6.30164e-03 6.19433e-03 6.08213e-03 5.96032e-03 5.81446e-03 5.66840e-03 5.55456e-03 5.47818e-03 5.42659e-03 5.38208e-03 5.32865e-03 5.26219e-03 5.19400e-03 5.13609e-03 5.09071e-03 5.05592e-03 5.03135e-03 5.01767e-03 5.01543e-03 5.02319e-03 5.03381e-03 5.04432e-03 5.05466e-03 5.06447e-03 5.06827e-03 5.04815e-03 4.99051e-03 4.88772e-03 4.73617e-03 4.54499e-03 4.33476e-03 4.12333e-03 3.91755e-03 3.71681e-03 3.51904e-03 3.32405e-03 3.13443e-03 2.95409e-03 2.78498e-03 2.62523e-03 2.47094e-03 2.31926e-03 2.16955e-03 2.02220e-03 1.87731e-03 1.73450e-03 1.59357e-03 1.45567e-03 1.32325e-03 1.19837e-03 1.08197e-03 9.77318e-04 8.93142e-04 8.33336e-04 7.87892e-04 7.47154e-04 7.13422e-04 6.92405e-04 6.75202e-04 6.48349e-04 6.11497e-04 5.71549e-04 5.32432e-04 4.93993e-04 4.55171e-04 4.15611e-04 3.75971e-04 3.37516e-04 3.01404e-04 2.68379e-04 2.38754e-04 2.12392e-04 1.88671e-04 1.66496e-04 1.44502e-04 1.21736e-04 9.86126e-05 7.69592e-05 5.84087e-05 4.29326e-05 2.98731e-05 1.96400e-05 1.22264e-05 6.54113e-06 2.33660e-06 3.84613e-07 1.71336e-08 7.95582e-11
13.505152 1.58611e-03 8.00088e-03 1.76676e-02 2.41760e-02 2.34974e-02 1.84426e-02 1.38691e-02 1.13591e-02 1.00942e-02 9.29881e-03 8.87206e-03 8.71346e-03 8.73638e-03 8.76275e-03 8.60760e-03 8.27932e-03 7.92360e-03 7.62511e-03 7.37316e-03 7.18973e-03 7.09763e-03 7.05958e-03 7.04619e-03 7.07599e-03 7.16915e-03 7.30752e-03 7.43615e-03 7.47702e-03 7.38617e-03 7.22724e-03 7.10093e-03 7.03907e-03 6.99986e-03 6.93215e-03 6.84029e-03 6.72776e-03 6.59819e-03 6.47697e-03 6.39064e-03 6.34785e-03 6.30070e-03 6.17707e-03 5.99365e-03 5.81858e-03 5.68176e-03 5.58369e-03 5.51796e-03 5.47697e-03 5.45202e-03 5.43331e-03 5.41100e-03 5.37818e-03 5.33575e-03 5.28804e-03 5.23421e-03 5.16656e-03 5.07478e-03 4.95150e-03 4.80480e-03 4.66821e-03 4.56347e-03 4.48320e-03 4.42451e-03 4.37924e-03 4.35010e-03 4.34859e-03 4.37957e-03 4.44010e-03 4.51536e-03 4.57557e-03 4.58283e-03 4.51153e-03 4.36766e-03 4.18164e-03 3.98328e-03 3.78627e-03 3.58376e-03 3.35840e-03 3.10801e-03 2.85318e-03 2.61349e-03 2.39150e-03 2.18278e-03 1.98595e-03 1.80117e-03 1.62692e-03 1.46067e-03 1.30150e-03 1.15116e-03 1.01216e-03 8.86892e-04 7.80948e-04 7.03888e-04 6.58886e-04 6.35467e-04 6.20122e-04 6.06323e-04 5.90434e-04 5.69476e-04 5.48273e-04 5.28236e-04 5.02960e-04 4.70612e-04 4.34313e-04 3.98171e-04 3.64589e-04 3.33572e-04 3.04373e-04 2.76832e-04 2.51315e-04 2.28215e-04 2.07596e-04 1.89064e-04 1.71839e-04 1.54917e-04 1.37277e-04 1.18143e-04 9.72950e-05 7.53840e-05 5.40811e-05 3.55822e-05 2.14410e-05 1.17552e-05 5.60078e-06 2.01100e-06 3.83614e-07 2.00233e-08 1.00209e-10
13.755248 2.04195e-03 1.27431e-02 2.60821e-02 2.92128e-02 2.38153e-02 1.72013e-02 1.27438e-02 1.05065e-02 9.63898e-03 9.32934e-03 9.11670e-03 8.79600e-03 8.39770e-03 8.07639e-03 7.87742e-03 7.71967e-03 7.54209e-03 7.38278e-03 7.28836e-03 7.21085e-03 7.11260e-03 7.06171e-03 7.11048e-03 7.22118e-03 7.33478e-03 7.42244e-03 7.48125e-03 7.50225e-03 7.44995e-03 7.29737e-03 7.05860e-03 6.81654e-03 6.64114e-03 6.54527e-03 6.54871e-03 6.65285e-03 6.75173e-03 6.71183e-03 6.58834e-03 6.49702e-03 6.43688e-03 6.35592e-03 6.24520e-03 6.13582e-03 6.04652e-03 5.97238e-03 5.90532e-03 5.84610e-03 5.79899e-03 5.76464e-03 5.73837e-03 5.71264e-03 5.67970e-03 5.63049e-03 5.55311e-03 5.43224e-03 5.24993e-03 5.02557e-03 4.81201e-03 4.62888e-03 4.47871e-03 4.34454e-03 4.20915e-03 4.07880e-03 3.95492e-03 3.83678e-03 3.72629e-03 3.62684e-03 3.54171e-03 3.47399e-03 3.42922e-03 3.41681e-03 3.44442e-03 3.50416e-03 3.55976e-03 3.55559e-03 3.46160e-03 3.30571e-03 3.13304e-03 2.95711e-03 2.76758e-03 2.55634e-03 2.33187e-03 2.11086e-03 1.90266e-03 1.70828e-03 1.52706e-03 1.35982e-03 1.20660e-03 1.06580e-03 9.39179e-04 8.34301e-04 7.56071e-04 7.02950e-04 6.70798e-04 6.53449e-04 6.43137e-04 6.33281e-04 6.19909e-04 6.02023e-04 5.80103e-04 5.52853e-04 5.21846e-04 4.89032e-04 4.52091e-04 4.10245e-04 3.66732e-04 3.24798e-04 2.84769e-04 2.47775e-04 2.16408e-04 1.91436e-04 1.71793e-04 1.56039e-04 1.42969e-04 1.31328e-04 1.19414e-04 1.05375e-04 8.81679e-05 6.83299e-05 4.79441e-05 2.97515e-05 1.58597e-05 6.88354e-06 2.13000e-06 3.44389e-07 1.56624e-08 7.01634e-11
14.005343 2.46392e-03 1.51135e-02 2.69661e-02 2.75331e-02 2.17058e-02 1.56120e-02 1.19447e-02 1.03164e-02 9.58710e-03 9.06618e-03 8.52931e-03 7.99706e-03 7.55520e-03 7.25876e-03 7.13281e-03 7.18859e-03 7.38100e-03 7.57000e-03 7.60071e-03 7.43815e-03 7.16749e-03 6.91332e-03 6.73465e-03 6.62819e-03 6.58763e-03 6.60236e-03 6.62540e-03 6.55537e-03 6.35575e-03 6.13885e-03 6.00944e-03 5.97631e-03 6.00974e-03 6.08092e-03 6.15857e-03 6.21004e-03 6.20294e-03 6.15613e-03 6.20652e-03 6.48745e-03 6.85566e-03 6.93633e-03 6.76903e-03 6.59599e-03 6.47099e-03 6.38014e-03 6.30877e-03 6.24430e-03 6.18500e-03 6.13542e-03 6.09665e-03 6.06534e-03 6.03536e-03 5.99972e-03 5.94731e-03 5.84592e-03 5.64355e-03 5.38195e-03 5.13803e-03 4.93623e-03 4.75797e-03 4.58122e-03 4.41365e-03 4.25781e-03 4.10951e-03 3.96558e-03 3.82542e-03 3.69193e-03 3.57044e-03 3.46611e-03 3.38243e-03 3.32017e-03 3.27616e-03 3.24278e-03 3.20996e-03 3.16887e-03 3.11534e-03 3.05152e-03 2.98047e-03 2.89762e-03 2.79889e-03 2.68331e-03 2.54305e-03 2.37223e-03 2.18317e-03 1.99780e-03 1.82571e-03 1.66167e-03 1.49602e-03 1.32591e-03 1.16387e-03 1.02869e-03 9.26150e-04 8.52209e-04 8.00425e-04 7.63308e-04 7.35012e-04 7.11122e-04 6.88371e-04 6.64299e-04 6.36643e-04 6.03480e-04 5.64965e-04 5.24418e-04 4.84315e-04 4.44465e-04 4.04178e-04 3.62754e-04 3.18575e-04 2.72627e-04 2.29095e-04 1.91840e-04 1.62322e-04 1.39637e-04 1.22355e-04 1.09358e-04 9.94868e-05 9.09562e-05 8.13401e-05 6.85318e-05 5.22377e-05 3.46354e-05 1.91783e-05 8.35659e-06 2.51956e-06 3.92672e-07 1.73432e-08 7.92669e-11
14.255439 2.45274e-03 1.30207e-02 2.26957e-02 2.33079e-02 1.88928e-02 1.41187e-02 1.10107e-02 9.43019e-03 8.60993e-03 8.01133e-03 7.53755e-03 7.22729e-03 7.03306e-03 6.93731e-03 6.97438e-03 7.09242e-03 7.16354e-03 7.16612e-03 7.15733e-03 6.98283e-03 6.66274e-03 6.42944e-03 6.35853e-03 6.39955e-03 6.46704e-03 6.49440e-03 6.44929e-03 6.31623e-03 6.10405e-03 5.87126e-03 5.67223e-03 5.52083e-03 5.41337e-03 5.35251e-03 5.34772e-03 5.40671e-03 5.53188e-03 5.71483e-03 5.93881e-03 6.18079e-03 6.40178e-03 6.53965e-03 6.53941e-03 6.48188e-03 6.56751e-03 6.76657e-03 6.82167e-03 6.69882e-03 6.53542e-03 6.39637e-03 6.29204e-03 6.22485e-03 6.19211e-03 6.17865e-03 6.16173e-03 6.11862e-03 6.00857e-03 5.84098e-03 5.68909e-03 5.57577e-03 5.47664e-03 5.36503e-03 5.22457e-03 5.05936e-03 4.88640e-03 4.71535e-03 4.54386e-03 4.36899e-03 4.19429e-03 4.02660e-03 3.87197e-03 3.73413e-03 3.61330e-03 3.50579e-03 3.40598e-03 3.30909e-03 3.21243e-03 3.11465e-03 3.01485e-03 2.91235e-03 2.80595e-03 2.69310e-03 2.57124e-03 2.43620e-03 2.28454e-03 2.12281e-03 1.96553e-03 1.82332e-03 1.69727e-03 1.58206e-03 1.47020e-03 1.35471e-03 1.23548e-03 1.12331e-03 1.02515e-03 9.38804e-04 8.64635e-04 8.02120e-04 7.47412e-04 6.96753e-04 6.47574e-04 5.97985e-04 5.47078e-04 4.95859e-04 4.47040e-04 4.02806e-04 3.61976e-04 3.22995e-04 2.86128e-04 2.50161e-04 2.14170e-04 1.80666e-04 1.52264e-04 1.28207e-04 1.07070e-04 8.88775e-05 7.45987e-05 6.46908e-05 5.80147e-05 5.18918e-05 4.35175e-05 3.20547e-05 1.95054e-05 9.10715e-06 2.84704e-06 4.46915e-07 1.95573e-08 8.74756e-11
14.505534 2.32466e-03 1.16682e-02 1.98141e-02 1.97066e-02 1.58596e-02 1.26581e-02 1.08955e-02 9.93035e-03 9.34223e-03 8.78798e-03 8.11206e-03 7.46347e-03 6.98719e-03 6.69903e-03 6.62537e-03 6.77481e-03 7.00258e-03 7.05862e-03 6.88566e-03 6.62283e-03 6.47117e-03 6.52256e-03 6.69249e-03 6.85215e-03 6.88439e-03 6.74502e-03 6.55728e-03 6.41148e-03 6.26007e-03 6.08807e-03 5.91697e-03 5.75715e-03 5.62406e-03 5.53219e-03 5.47467e-03 5.44671e-03 5.45686e-03 5.50503e-03 5.58008e-03 5.66665e-03 5.74930e-03 5.82251e-03 5.89153e-03 5.96081e-03 6.03063e-03 6.09597e-03 6.14876e-03 6.19815e-03 6.27644e-03 6.38658e-03 6.46854e-03 6.49288e-03 6.47454e-03 6.42592e-03 6.38250e-03 6.36524e-03 6.35528e-03 6.32993e-03 6.28802e-03 6.22392e-03 6.13379e-03 6.01483e-03 5.86458e-03 5.69616e-03 5.53141e-03 5.37511e-03 5.21517e-03 5.04174e-03 4.85302e-03 4.65155e-03 4.44202e-03 4.23086e-03 4.02524e-03 3.83149e-03 3.65382e-03 3.49410e-03 3.35210e-03 3.22576e-03 3.11068e-03 2.99895e-03 2.88072e-03 2.74846e-03 2.59914e-03 2.43468e-03 2.26282e-03 2.09385e-03 1.93502e-03 1.78830e-03 1.65265e-03 1.52763e-03 1.41397e-03 1.31133e-03 1.21726e-03 1.12817e-03 1.04081e-03 9.54352e-04 8.71486e-04 7.94955e-04 7.23926e-04 6.56162e-04 5.90678e-04 5.27566e-04 4.67676e-04 4.10570e-04 3.55257e-04 3.10578e-04 2.71748e-04 2.34889e-04 2.03988e-04 1.77148e-04 1.54761e-04 1.36400e-04 1.19871e-04 1.04089e-04 8.88229e-05 7.33915e-05 5.77586e-05 4.36037e-05 3.32072e-05 2.71232e-05 2.33280e-05 1.90169e-05 1.31306e-05 6.94135e-06 2.42225e-06 4.15034e-07 1.92560e-08 8.46200e-11
14.755629 2.16878e-03 9.80841e-03 1.58328e-02 1.57183e-02 1.37852e-02 1.23914e-02 1.15499e-02 1.08133e-02 1.00461e-02 9.35960e-03 8.72531e-03 8.06402e-03 7.57271e-03 7.46917e-03 7.47988e-03 7.33950e-03 7.15480e-03 7.02132e-03 6.94322e-03 6.94104e-03 7.00395e-03 7.03618e-03 6.94959e-03 6.77707e-03 6.61135e-03 6.48949e-03 6.42100e-03 6.38550e-03 6.33042e-03 6.25152e-03 6.18634e-03 6.13703e-03 6.07447e-03 5.98626e-03 5.88707e-03 5.79671e-03 5.72137e-03 5.65133e-03 5.58104e-03 5.52526e-03 5.50301e-03 5.51725e-03 5.55841e-03 5.61455e-03 5.67533e-03 5.73218e-03 5.77914e-03 5.81638e-03 5.85198e-03 5.89583e-03 5.95334e-03 6.02550e-03 6.11248e-03 6.22144e-03 6.36099e-03 6.51438e-03 6.64077e-03 6.70601e-03 6.69444e-03 6.62206e-03 6.52687e-03 6.42426e-03 6.31316e-03 6.19290e-03 6.06618e-03 5.93626e-03 5.80255e-03 5.66045e-03 5.50412e-03 5.32951e-03 5.13583e-03 4.92467e-03 4.69932e-03 4.46560e-03 4.23189e-03 4.00642e-03 3.79388e-03 3.59461e-03 3.40639e-03 3.22546e-03 3.04664e-03 2.86641e-03 2.68791e-03 2.51882e-03 2.36228e-03 2.21577e-03 2.07632e-03 1.94177e-03 1.81133e-03 1.68526e-03 1.56327e-03 1.44475e-03 1.32989e-03 1.21947e-03 1.11481e-03 1.01726e-03 9.27163e-04 8.43487e-04 7.64487e-04 6.88604e-04 6.11718e-04 5.26247e-04 4.37330e-04 3.65678e-04 2.94229e-04 2.38217e-04 2.05024e-04 1.81138e-04 1.60518e-04 1.41828e-04 1.25438e-04 1.11211e-04 9.73447e-05 8.24824e-05 6.79235e-05 5.53601e-05 4.42967e-05 3.34437e-05 2.28651e-05 1.41254e-05 8.74673e-06 6.28775e-06 4.75133e-06 2.93295e-06 1.18399e-06 2.29397e-07 1.17727e-08 5.50541e-11
15.005725 2.01604e-03 8.00977e-03 1.33184e-02 1.46442e-02 1.38744e-02 1.27498e-02 1.18292e-02 1.11838e-02 1.05770e-02 9.80491e-03 9.06395e-03 8.53182e-03 8.07021e-03 7.69164e-03 7.49965e-03 7.44396e-03 7.44303e-03 7.45598e-03 7.47842e-03 7.50399e-03 7.48467e-03 7.35507e-03 7.12452e-03 6.88737e-03 6.69817e-03 6.54637e-03 6.41579e-03 6.28781e-03 6.14625e-03 6.01558e-03 5.93372e-03 5.89628e-03 5.86871e-03 5.81946e-03 5.73868e-03 5.64450e-03 5.55928e-03 5.48760e-03 5.42822e-03 5.38884e-03 5.38143e-03 5.40506e-03 5.44354e-03 5.48430e-03 5.52965e-03 5.58681e-03 5.64899e-03 5.69665e-03 5.72500e-03 5.74981e-03 5.78891e-03 5.85233e-03 5.94136e-03 6.04749e-03 6.15228e-03 6.23854e-03 6.30196e-03 6.34631e-03 6.37467e-03 6.38805e-03 6.38851e-03 6.37112e-03 6.32984e-03 6.26553e-03 6.18152e-03 6.08133e-03 5.97000e-03 5.85130e-03 5.72420e-03 5.58547e-03 5.43353e-03 5.26885e-03 5.09316e-03 4.90941e-03 4.72110e-03 4.53031e-03 4.33632e-03 4.13681e-03 3.93237e-03 3.73004e-03 3.54016e-03 3.36660e-03 3.20166e-03 3.03590e-03 2.86582e-03 2.68824e-03 2.50158e-03 2.31363e-03 2.14585e-03 2.02075e-03 1.92668e-03 1.83709e-03 1.74013e-03 1.64232e-03 1.54937e-03 1.45969e-03 1.36798e-03 1.26612e-03 1.14648e-03 1.01669e-03 8.65258e-04 6.97488e-04 5.62071e-04 4.61313e-04 3.89961e-04 3.38703e-04 2.95969e-04 2.56620e-04 2.19886e-04 1.85516e-04 1.52956e-04 1.22096e-04 9.40150e-05 7.06180e-05 5.32398e-05 4.14837e-05 3.34664e-05 2.71356e-05 2.12594e-05 1.53046e-05 9.23807e-06 4.07824e-06 1.16786e-06 2.86761e-07 1.27731e-07 3.71258e-08 2.59996e-09 1.66946e-11
15.255820 1.89072e-03 7.38936e-03 1.29114e-02 1.51091e-02 1.49085e-02 1.39113e-02 1.25671e-02 1.11785e-02 1.01213e-02 9.31330e-03 8.56015e-03 8.01002e-03 7.74146e-03 7.63827e-03 7.62321e-03 7.66679e-03 7.72437e-03 7.76307e-03 7.77473e-03 7.74633e-03 7.64879e-03 7.45647e-03 7.21042e-03 7.00373e-03 6.88618e-03 6.83150e-03 6.78198e-03 6.68689e-03 6.53139e-03 6.35676e-03 6.21013e-03 6.09534e-03 5.99930e-03 5.91429e-03 5.82976e-03 5.72771e-03 5.59715e-03 5.46151e-03 5.36271e-03 5.31767e-03 5.32299e-03 5.36880e-03 5.43204e-03 5.47934e-03 5.49448e-03 5.49412e-03 5.50460e-03 5.54028e-03 5.60110e-03 5.67560e-03 5.74745e-03 5.80507e-03 5.84545e-03 5.87129e-03 5.88643e-03 5.88957e-03 5.87813e-03 5.86141e-03 5.84578e-03 5.83167e-03 5.82560e-03 5.83290e-03 5.84282e-03 5.83947e-03 5.81738e-03 5.77587e-03 5.71577e-03 5.64105e-03 5.55537e-03 5.45930e-03 5.35175e-03 5.23200e-03 5.09997e-03 4.95581e-03 4.79988e-03 4.63306e-03 4.45721e-03 4.27512e-03 4.08959e-03 3.90228e-03 3.71280e-03 3.51800e-03 3.31343e-03 3.10226e-03 2.90501e-03 2.74600e-03 2.62256e-03 2.51495e-03 2.41223e-03 2.31204e-03 2.21549e-03 2.12268e-03 2.03037e-03 1.93341e-03 1.82669e-03 1.71052e-03 1.59687e-03 1.46421e-03 1.30343e-03 1.15092e-03 1.02030e-03 9.25044e-04 8.55764e-04 7.96375e-04 7.40629e-04 6.86568e-04 6.32420e-04 5.76853e-04 5.20095e-04 4.63903e-04 4.10524e-04 3.60982e-04 3.13612e-04 2.64831e-04 2.12514e-04 1.58818e-04 1.09258e-04 6.89904e-05 4.00270e-05 2.13041e-05 1.03663e-05 4.62470e-06 1.86446e-06 6.18670e-07 1.45415e-07 2.06102e-08 1.37682e-09 2.01740e-11
15.505916 1.79783e-03 6.92942e-03 1.25693e-02 1.53991e-02 1.53419e-02 1.38646e-02 1.21348e-02 1.07462e-02 9.66996e-03 8.79868e-03 8.15854e-03 7.79336e-03 7.66309e-03 7.66264e-03 7.69419e-03 7.70671e-03 7.68909e-03 7.65241e-03 7.59778e-03 7.48689e-03 7.30502e-03 7.11666e-03 6.98760e-03 6.92949e-03 6.93392e-03 6.99905e-03 7.12281e-03 7.28840e-03 7.46070e-03 7.59935e-03 7.64202e-03 7.52798e-03 7.29316e-03 7.07025e-03 6.94554e-03 6.86740e-03 6.76079e-03 6.62176e-03 6.46981e-03 6.31698e-03 6.17271e-03 6.04968e-03 5.95843e-03 5.90394e-03 5.88468e-03 5.88892e-03 5.89785e-03 5.89569e-03 5.87714e-03 5.84651e-03 5.80980e-03 5.77029e-03 5.72988e-03 5.69232e-03 5.66836e-03 5.66217e-03 5.66557e-03 5.66683e-03 5.65051e-03 5.60084e-03 5.52060e-03 5.44718e-03 5.40453e-03 5.35775e-03 5.27612e-03 5.16963e-03 5.05117e-03 4.92370e-03 4.78940e-03 4.65055e-03 4.50891e-03 4.36731e-03 4.22922e-03 4.09713e-03 3.97172e-03 3.85159e-03 3.73339e-03 3.61196e-03 3.48108e-03 3.33652e-03 3.18149e-03 3.03028e-03 2.89965e-03 2.79278e-03 2.69962e-03 2.60764e-03 2.50884e-03 2.40432e-03 2.30090e-03 2.20396e-03 2.11378e-03 2.02554e-03 1.93150e-03 1.82912e-03 1.73071e-03 1.63545e-03 1.53982e-03 1.46676e-03 1.42605e-03 1.40757e-03 1.39053e-03 1.35992e-03 1.31650e-03 1.26969e-03 1.22335e-03 1.17577e-03 1.12507e-03 1.07081e-03 1.01303e-03 9.51596e-04 8.86531e-04 8.18979e-04 7.51883e-04 6.86837e-04 6.20587e-04 5.47096e-04 4.62687e-04 3.69292e-04 2.73971e-04 1.85764e-04 1.12379e-04 5.83370e-05 2.43524e-05 7.35090e-06 1.35290e-06 1.14228e-07 2.57263e-09 6.83938e-12
15.756011 1.63535e-03 6.41875e-03 1.16279e-02 1.37822e-02 1.33408e-02 1.24157e-02 1.14735e-02 1.02873e-02 9.08497e-03 8.16433e-03 7.53077e-03 7.11384e-03 6.89267e-03 6.81808e-03 6.81809e-03 6.86286e-03 6.93856e-03 7.00382e-03 7.02710e-03 7.01251e-03 6.98740e-03 6.98422e-03 7.03943e-03 7.20524e-03 7.55748e-03 8.12116e-03 8.62945e-03 8.63180e-03 8.19932e-03 7.85310e-03 7.83977e-03 8.03486e-03 8.17568e-03 8.11563e-03 7.92949e-03 7.74014e-03 7.57165e-03 7.40135e-03 7.21665e-03 7.02679e-03 6.86394e-03 6.75364e-03 6.67507e-03 6.58369e-03 6.46330e-03 6.32597e-03 6.18678e-03 6.05162e-03 5.91943e-03 5.79615e-03 5.69955e-03 5.63691e-03 5.59809e-03 5.57460e-03 5.56281e-03 5.55805e-03 5.55254e-03 5.53679e-03 5.50081e-03 5.43335e-03 5.32536e-03 5.18709e-03 5.05507e-03 4.94971e-03 4.84037e-03 4.70408e-03 4.55969e-03 4.42184e-03 4.29204e-03 4.17028e-03 4.05590e-03 3.94629e-03 3.83789e-03 3.72761e-03 3.61346e-03 3.49538e-03 3.37641e-03 3.26315e-03 3.16310e-03 3.07975e-03 3.01043e-03 2.94858e-03 2.88637e-03 2.81635e-03 2.73244e-03 2.63087e-03 2.51286e-03 2.38605e-03 2.26039e-03 2.14270e-03 2.03445e-03 1.93192e-03 1.83197e-03 1.74214e-03 1.67350e-03 1.62377e-03 1.58980e-03 1.57278e-03 1.56755e-03 1.56695e-03 1.56717e-03 1.56618e-03 1.56252e-03 1.55440e-03 1.53981e-03 1.51786e-03 1.48854e-03 1.45079e-03 1.40297e-03 1.34559e-03 1.28167e-03 1.21459e-03 1.14764e-03 1.08376e-03 1.02247e-03 9.57570e-04 8.80121e-04 7.83799e-04 6.67593e-04 5.35531e-04 3.95716e-04 2.60217e-04 1.44202e-04 6.15248e-05 1.73112e-05 2.44023e-06 1.01153e-07 4.59623e-10
16.006107 1.39079e-03 6.07679e-03 1.06426e-02 1.17461e-02 1.14510e-02 1.06943e-02 9.44127e-03 8.31753e-03 7.42600e-03 6.77846e-03 6.37611e-03 6.14341e-03 6.03487e-03 6.03102e-03 6.11242e-03 6.25764e-03 6.43343e-03 6.60934e-03 6.76231e-03 6.88076e-03 6.99262e-03 7.19650e-03 7.64105e-03 8.17675e-03 8.18330e-03 7.77250e-03 7.75754e-03 8.05306e-03 8.18285e-03 8.16113e-03 8.14020e-03 8.11755e-03 8.04872e-03 7.93734e-03 7.82879e-03 7.75684e-03 7.71794e-03 7.68946e-03 7.64211e-03 7.54432e-03 7.38608e-03 7.18708e-03 6.97115e-03 6.76095e-03 6.57455e-03 6.41251e-03 6.26389e-03 6.12594e-03 6.01410e-03 5.93978e-03 5.88646e-03 5.82702e-03 5.74730e-03 5.65371e-03 5.56514e-03 5.49672e-03 5.44970e-03 5.41109e-03 5.36209e-03 5.28603e-03 5.17426e-03 5.03266e-03 4.88295e-03 4.74521e-03 4.62152e-03 4.50657e-03 4.38754e-03 4.25229e-03 4.10910e-03 3.97715e-03 3.86330e-03 3.76731e-03 3.69138e-03 3.63207e-03 3.58127e-03 3.53334e-03 3.48551e-03 3.43589e-03 3.38317e-03 3.32685e-03 3.26678e-03 3.20228e-03 3.13195e-03 3.05393e-03 2.96640e-03 2.86796e-03 2.75831e-03 2.63952e-03 2.51691e-03 2.39746e-03 2.28678e-03 2.18642e-03 2.09478e-03 2.01361e-03 1.95106e-03 1.91154e-03 1.88994e-03 1.87994e-03 1.87697e-03 1.87662e-03 1.87515e-03 1.87151e-03 1.86290e-03 1.85108e-03 1.84288e-03 1.83443e-03 1.81812e-03 1.79031e-03 1.75128e-03 1.70256e-03 1.64595e-03 1.58407e-03 1.52075e-03 1.45892e-03 1.39695e-03 1.32752e-03 1.24132e-03 1.13176e-03 9.96743e-04 8.38137e-04 6.60902e-04 4.74347e-04 2.95214e-04 1.46514e-04 4.94808e-05 8.45133e-06 4.19127e-07 2.37485e-09
16.256202 1.16445e-03 5.49020e-03 9.67528e-03 1.07902e-02 9.82954e-03 8.34243e-03 7.40439e-03 6.89222e-03 6.61026e-03 6.42672e-03 6.28551e-03 6.17584e-03 6.10114e-03 6.08420e-03 6.13715e-03 6.26196e-03 6.45833e-03 6.70635e-03 6.95762e-03 7.15642e-03 7.24476e-03 7.12951e-03 6.88898e-03 6.86140e-03 7.13609e-03 7.47700e-03 7.74533e-03 7.93322e-03 8.05702e-03 8.14880e-03 8.22819e-03 8.28466e-03 8.30815e-03 8.30837e-03 8.29503e-03 8.25780e-03 8.17758e-03 8.04993e-03 7.88449e-03 7.69356e-03 7.49327e-03 7.30882e-03 7.16891e-03 7.07438e-03 6.98305e-03 6.86106e-03 6.71407e-03 6.57072e-03 6.45773e-03 6.38107e-03 6.32352e-03 6.26323e-03 6.19265e-03 6.11594e-03 6.03362e-03 5.93859e-03 5.81159e-03 5.61747e-03 5.35571e-03 5.08209e-03 4.84334e-03 4.64845e-03 4.48588e-03 4.33690e-03 4.19194e-03 4.05892e-03 3.95270e-03 3.87667e-03 3.81615e-03 3.75693e-03 3.69774e-03 3.64025e-03 3.58284e-03 3.52420e-03 3.46527e-03 3.40773e-03 3.35258e-03 3.30005e-03 3.24983e-03 3.20115e-03 3.15293e-03 3.10391e-03 3.05286e-03 2.99897e-03 2.94213e-03 2.88309e-03 2.82324e-03 2.76398e-03 2.70600e-03 2.64906e-03 2.59264e-03 2.53674e-03 2.48158e-03 2.42712e-03 2.37462e-03 2.32932e-03 2.29838e-03 2.28349e-03 2.27843e-03 2.27443e-03 2.26584e-03 2.25655e-03 2.25279e-03 2.24155e-03 2.22723e-03 2.21731e-03 2.20425e-03 2.17982e-03 2.14661e-03 2.10972e-03 2.06667e-03 2.01407e-03 1.95399e-03 1.89054e-03 1.82251e-03 1.74077e-03 1.63397e-03 1.49573e-03 1.32579e-03 1.12718e-03 9.04240e-04 6.64856e-04 4.27872e-04 2.23307e-04 8.12271e-05 1.51848e-05 8.23257e-07 5.17464e-09
16.506297 1.22277e-03 5.48343e-03 9.54904e-03 1.02018e-02 9.09439e-03 8.11971e-03 7.65606e-03 7.45749e-03 7.31814e-03 7.17859e-03 6.99699e-03 6.77012e-03 6.59627e-03 6.58431e-03 6.73089e-03 6.96288e-03 7.20174e-03 7.36736e-03 7.37580e-03 7.18835e-03 6.91277e-03 6.77059e-03 6.88852e-03 7.15633e-03 7.40415e-03 7.59273e-03 7.74863e-03 7.87547e-03 7.94830e-03 7.98080e-03 8.02007e-03 8.08063e-03 8.15325e-03 8.23091e-03 8.30665e-03 8.36356e-03 8.37580e-03 8.33268e-03 8.25383e-03 8.16171e-03 8.05759e-03 7.94456e-03 7.83468e-03 7.72836e-03 7.62906e-03 7.55439e-03 7.49279e-03 7.41451e-03 7.32035e-03 7.21758e-03 7.09254e-03 6.92168e-03 6.69403e-03 6.42246e-03 6.13166e-03 5.83941e-03 5.55155e-03 5.27201e-03 5.01526e-03 4.80020e-03 4.63170e-03 4.49896e-03 4.38118e-03 4.25599e-03 4.11816e-03 3.97783e-03 3.84214e-03 3.71154e-03 3.58610e-03 3.46692e-03 3.35471e-03 3.25018e-03 3.15426e-03 3.06682e-03 2.98677e-03 2.91360e-03 2.84705e-03 2.78590e-03 2.72836e-03 2.67291e-03 2.61860e-03 2.56506e-03 2.51243e-03 2.46145e-03 2.41333e-03 2.36945e-03 2.33104e-03 2.29889e-03 2.27341e-03 2.25471e-03 2.24266e-03 2.23665e-03 2.23533e-03 2.23646e-03 2.23731e-03 2.23548e-03 2.23000e-03 2.22225e-03 2.21584e-03 2.21464e-03 2.21941e-03 2.22763e-03 2.23904e-03 2.25591e-03 2.27716e-03 2.30050e-03 2.32303e-03 2.33625e-03 2.33216e-03 2.31508e-03 2.28864e-03 2.25070e-03 2.19829e-03 2.12203e-03 2.02094e-03 1.90277e-03 1.76773e-03 1.61100e-03 1.42962e-03 1.22345e-03 9.93330e-04 7.42303e-04 4.87263e-04 2.61676e-04 9.97010e-05 1.97951e-05 1.13675e-06 7.57646e-09
16.756393 1.60197e-03 6.34342e-03 1.04221e-02 1.09353e-02 9.77623e-03 8.92047e-03 8.57585e-03 8.37432e-03 8.07523e-03 7.83673e-03 7.75944e-03 7.67624e-03 7.60311e-03 7.66499e-03 7.87495e-03 8.14648e-03 8.34508e-03 8.32117e-03 8.01692e-03 7.55130e-03 7.16545e-03 7.05618e-03 7.21971e-03 7.46173e-03 7.58827e-03 7.60534e-03 7.61354e-03 7.58659e-03 7.51164e-03 7.49533e-03 7.61914e-03 7.84823e-03 8.06742e-03 8.17498e-03 8.17518e-03 8.13628e-03 8.10168e-03 8.09708e-03 8.11980e-03 8.13866e-03 8.14370e-03 8.15724e-03 8.20044e-03 8.26858e-03 8.32556e-03 8.31735e-03 8.20640e-03 7.99698e-03 7.73721e-03 7.48445e-03 7.25274e-03 7.01680e-03 6.75601e-03 6.47544e-03 6.20043e-03 5.95210e-03 5.72932e-03 5.51596e-03 5.29613e-03 5.06371e-03 4.82331e-03 4.58403e-03 4.35272e-03 4.13196e-03 3.92213e-03 3.72328e-03 3.53513e-03 3.35719e-03 3.18984e-03 3.03491e-03 2.89418e-03 2.76767e-03 2.65374e-03 2.55054e-03 2.45649e-03 2.36963e-03 2.28820e-03 2.21167e-03 2.14012e-03 2.07336e-03 2.01119e-03 1.95361e-03 1.90060e-03 1.85214e-03 1.80826e-03 1.76932e-03 1.73602e-03 1.70927e-03 1.68988e-03 1.67839e-03 1.67486e-03 1.67875e-03 1.68891e-03 1.70355e-03 1.72051e-03 1.73766e-03 1.75328e-03 1.76634e-03 1.77686e-03 1.78602e-03 1.79573e-03 1.80742e-03 1.82104e-03 1.83642e-03 1.85594e-03 1.88316e-03 1.91944e-03 1.95819e-03 1.97869e-03 1.97214e-03 1.95416e-03 1.92989e-03 1.89124e-03 1.82903e-03 1.73493e-03 1.60487e-03 1.45690e-03 1.30870e-03 1.15768e-03 9.93711e-04 8.09360e-04 6.04576e-04 3.95263e-04 2.11522e-04 8.13213e-05 1.66635e-05 1.00027e-06 7.02685e-09
17.006488 2.07075e-03 7.43158e-03 1.08523e-02 1.12178e-02 1.10465e-02 1.05567e-02 9.91313e-03 9.53683e-03 9.37298e-03 9.28063e-03 9.27044e-03 9.32047e-03 9.34489e-03 9.30723e-03 9.19921e-03 8.98087e-03 8.63872e-03 8.25701e-03 7.97438e-03 7.87315e-03 7.89583e-03 7.90419e-03 7.81739e-03 7.72072e-03 7.75299e-03 7.87483e-03 7.95494e-03 7.95430e-03 7.92299e-03 7.91980e-03 7.90787e-03 7.79189e-03 7.58798e-03 7.40069e-03 7.29094e-03 7.25124e-03 7.24856e-03 7.26063e-03 7.29873e-03 7.40062e-03 7.57807e-03 7.78629e-03 7.96979e-03 8.10401e-03 8.18222e-03 8.19223e-03 8.12593e-03 8.00336e-03 7.86405e-03 7.73926e-03 7.62361e-03 7.46822e-03 7.23019e-03 6.91910e-03 6.56504e-03 6.18521e-03 5.79080e-03 5.39790e-03 5.02783e-03 4.69772e-03 4.41373e-03 4.17230e-03 3.96447e-03 3.78032e-03 3.61159e-03 3.45176e-03 3.29536e-03 3.13792e-03 2.97728e-03 2.81475e-03 2.65495e-03 2.50386e-03 2.36634e-03 2.24478e-03 2.13930e-03 2.04841e-03 1.96951e-03 1.89898e-03 1.83265e-03 1.76701e-03 1.70003e-03 1.63126e-03 1.56155e-03 1.49272e-03 1.42686e-03 1.36593e-03 1.31153e-03 1.26488e-03 1.22678e-03 1.19757e-03 1.17700e-03 1.16428e-03 1.15822e-03 1.15771e-03 1.16215e-03 1.17160e-03 1.18620e-03 1.20557e-03 1.22851e-03 1.25320e-03 1.27766e-03 1.30061e-03 1.32221e-03 1.34369e-03 1.36528e-03 1.38622e-03 1.40843e-03 1.43549e-03 1.46091e-03 1.45883e-03 1.42477e-03 1.38567e-03 1.34466e-03 1.29028e-03 1.21443e-03 1.11382e-03 9.97389e-04 8.81519e-04 7.69957e-04 6.53995e-04 5.25343e-04 3.85467e-04 2.47455e-04 1.30220e-04 4.94780e-05 1.01614e-05 6.20112e-07 4.49110e-09
17.256584 2.41368e-03 8.80375e-03 1.38326e-02 1.52577e-02 1.47146e-02 1.35724e-02 1.24254e-02 1.15283e-02 1.09033e-02 1.04377e-02 1.00431e-02 9.73696e-03 9.58439e-03 9.49101e-03 9.27575e-03 8.95921e-03 8.68913e-03 8.51681e-03 8.36813e-03 8.20190e-03 8.08882e-03 8.10398e-03 8.27678e-03 8.61524e-03 9.03874e-03 9.34569e-03 9.32473e-03 8.91990e-03 8.27309e-03 7.62371e-03 7.15356e-03 6.90218e-03 6.82602e-03 6.86886e-03 6.97294e-03 7.08764e-03 7.17587e-03 7.20903e-03 7.17475e-03 7.08632e-03 6.97454e-03 6.86923e-03 6.78857e-03 6.74798e-03 6.76098e-03 6.81538e-03 6.88273e-03 6.95126e-03 7.01712e-03 7.07962e-03 7.13481e-03 7.17400e-03 7.18504e-03 7.13110e-03 6.97509e-03 6.71037e-03 6.35542e-03 5.94452e-03 5.51350e-03 5.09095e-03 4.70622e-03 4.37959e-03 4.10039e-03 3.84371e-03 3.60020e-03 3.37218e-03 3.16207e-03 2.97074e-03 2.79795e-03 2.64221e-03 2.50196e-03 2.37543e-03 2.25952e-03 2.15005e-03 2.04306e-03 1.93572e-03 1.82641e-03 1.71493e-03 1.60433e-03 1.50067e-03 1.40852e-03 1.32863e-03 1.25957e-03 1.19924e-03 1.14580e-03 1.09819e-03 1.05610e-03 1.01953e-03 9.88377e-04 9.62133e-04 9.39885e-04 9.20483e-04 9.02849e-04 8.86327e-04 8.71009e-04 8.57898e-04 8.48647e-04 8.44840e-04 8.47224e-04 8.55285e-04 8.67312e-04 8.81010e-04 8.94821e-04 9.09039e-04 9.24252e-04 9.38642e-04 9.50574e-04 9.62316e-04 9.76946e-04 9.89939e-04 9.77763e-04 9.29722e-04 8.72092e-04 8.13278e-04 7.48203e-04 6.75337e-04 5.98402e-04 5.22243e-04 4.46506e-04 3.67565e-04 2.84407e-04 2.01151e-04 1.25500e-04 6.51956e-05 2.50309e-05 5.33878e-06 3.43530e-07 2.67663e-09
17.506679 2.75585e-03 1.07171e-02 1.84949e-02 2.11380e-02 1.95412e-02 1.66992e-02 1.43641e-02 1.28422e-02 1.18779e-02 1.11872e-02 1.05049e-02 9.82907e-03 9.33639e-03 9.10933e-03 9.10257e-03 9.26682e-03 9.64936e-03 1.03602e-02 1.13406e-02 1.19259e-02 1.13722e-02 1.01194e-02 9.05798e-03 8.41394e-03 8.05823e-03 7.87158e-03 7.78257e-03 7.75530e-03 7.75918e-03 7.76764e-03 7.76776e-03 7.75143e-03 7.69636e-03 7.57756e-03 7.39008e-03 7.15263e-03 6.89637e-03 6.64870e-03 6.42224e-03 6.21679e-03 6.03036e-03 5.86641e-03 5.73369e-03 5.64174e-03 5.59683e-03 5.60731e-03 5.67263e-03 5.75405e-03 5.82039e-03 5.88927e-03 5.96027e-03 6.01915e-03 6.09684e-03 6.20427e-03 6.30507e-03 6.36348e-03 6.32354e-03 6.14986e-03 5.86171e-03 5.50065e-03 5.11240e-03 4.74094e-03 4.41512e-03 4.14361e-03 3.91491e-03 3.71149e-03 3.52324e-03 3.34184e-03 3.16285e-03 2.98678e-03 2.81307e-03 2.63962e-03 2.46739e-03 2.30063e-03 2.14279e-03 1.99422e-03 1.85395e-03 1.72175e-03 1.59857e-03 1.48550e-03 1.38232e-03 1.28653e-03 1.19405e-03 1.10212e-03 1.01177e-03 9.27167e-04 8.53180e-04 7.93308e-04 7.48706e-04 7.18156e-04 6.98928e-04 6.88038e-04 6.82967e-04 6.81755e-04 6.82862e-04 6.85081e-04 6.87596e-04 6.89990e-04 6.92081e-04 6.93711e-04 6.94698e-04 6.95090e-04 6.95209e-04 6.94383e-04 6.89983e-04 6.80814e-04 6.70293e-04 6.62555e-04 6.58620e-04 6.57069e-04 6.52504e-04 6.31481e-04 5.85442e-04 5.29569e-04 4.76251e-04 4.25714e-04 3.75268e-04 3.22956e-04 2.67947e-04 2.10613e-04 1.53455e-04 1.01025e-04 5.81887e-05 2.79018e-05 1.00731e-05 2.10584e-06 1.37944e-07 1.13808e-09
17.756774 3.14299e-03 1.13961e-02 2.03547e-02 2.47195e-02 2.33391e-02 1.95752e-02 1.62831e-02 1.40815e-02 1.26171e-02 1.16471e-02 1.10401e-02 1.07777e-02 1.11987e-02 1.27530e-02 1.45510e-02 1.44144e-02 1.24539e-02 1.06204e-02 9.54379e-03 8.92958e-03 8.54189e-03 8.27971e-03 8.09307e-03 7.98283e-03 7.94231e-03 7.93648e-03 7.94587e-03 7.94451e-03 7.88533e-03 7.76795e-03 7.61691e-03 7.43674e-03 7.24087e-03 7.05704e-03 6.89212e-03 6.73252e-03 6.57156e-03 6.41337e-03 6.25926e-03 6.10598e-03 5.95415e-03 5.81160e-03 5.68763e-03 5.58452e-03 5.49544e-03 5.40980e-03 5.31935e-03 5.22569e-03 5.13785e-03 5.05185e-03 4.96527e-03 4.89639e-03 4.85801e-03 4.85257e-03 4.90027e-03 4.99678e-03 5.02929e-03 4.94069e-03 4.86042e-03 4.85048e-03 4.85771e-03 4.82937e-03 4.73024e-03 4.56555e-03 4.36905e-03 4.17490e-03 3.99080e-03 3.80612e-03 3.61545e-03 3.42202e-03 3.23206e-03 3.05014e-03 2.87746e-03 2.71278e-03 2.55381e-03 2.39741e-03 2.24020e-03 2.08042e-03 1.91939e-03 1.76067e-03 1.60769e-03 1.46294e-03 1.32833e-03 1.20498e-03 1.09223e-03 9.89476e-04 9.00455e-04 8.28894e-04 7.73263e-04 7.31118e-04 7.01929e-04 6.85016e-04 6.78033e-04 6.77115e-04 6.78196e-04 6.78295e-04 6.75733e-04 6.69828e-04 6.60713e-04 6.49360e-04 6.37119e-04 6.24252e-04 6.08680e-04 5.87186e-04 5.58677e-04 5.26578e-04 4.97274e-04 4.75442e-04 4.61378e-04 4.51988e-04 4.42553e-04 4.26659e-04 3.98499e-04 3.59376e-04 3.18559e-04 2.83917e-04 2.55496e-04 2.28501e-04 1.98464e-04 1.63583e-04 1.25042e-04 8.64066e-05 5.22206e-05 2.61711e-05 9.71167e-06 2.02034e-06 1.28650e-07 1.01458e-09
18.006870 3.36304e-03 1.22310e-02 2.14065e-02 2.50406e-02 2.32562e-02 1.99236e-02 1.71502e-02 1.51869e-02 1.38746e-02 1.39079e-02 1.55268e-02 1.63045e-02 1.43834e-02 1.15759e-02 9.78079e-03 9.04652e-03 8.70932e-03 8.38741e-03 8.08062e-03 7.86760e-03 7.78736e-03 7.82500e-03 7.89537e-03 7.90053e-03 7.79185e-03 7.62167e-03 7.44168e-03 7.25865e-03 7.07981e-03 6.92550e-03 6.82012e-03 6.75664e-03 6.69940e-03 6.62250e-03 6.52614e-03 6.42333e-03 6.32496e-03 6.23839e-03 6.16790e-03 6.10908e-03 6.04780e-03 5.97125e-03 5.87292e-03 5.74787e-03 5.59648e-03 5.43011e-03 5.27116e-03 5.14889e-03 5.08551e-03 5.07944e-03 5.10491e-03 5.12780e-03 5.12729e-03 5.10743e-03 5.08229e-03 5.05596e-03 5.01359e-03 4.93240e-03 4.82243e-03 4.72182e-03 4.63833e-03 4.56309e-03 4.49617e-03 4.43036e-03 4.35081e-03 4.26465e-03 4.19629e-03 4.14228e-03 4.07432e-03 3.97054e-03 3.82557e-03 3.64672e-03 3.44512e-03 3.23093e-03 3.01313e-03 2.79832e-03 2.58942e-03 2.38703e-03 2.19225e-03 2.00783e-03 1.83685e-03 1.68133e-03 1.54235e-03 1.42068e-03 1.31729e-03 1.23384e-03 1.17197e-03 1.13129e-03 1.10761e-03 1.08678e-03 1.05148e-03 1.00866e-03 9.74753e-04 9.47151e-04 9.16825e-04 8.81704e-04 8.44723e-04 8.08875e-04 7.75976e-04 7.47412e-04 7.22969e-04 6.98864e-04 6.70004e-04 6.33508e-04 5.89174e-04 5.39937e-04 4.90925e-04 4.45939e-04 4.04994e-04 3.66757e-04 3.31445e-04 2.98756e-04 2.66603e-04 2.33865e-04 2.01708e-04 1.72378e-04 1.47401e-04 1.27003e-04 1.10318e-04 9.53533e-05 7.97114e-05 6.21458e-05 4.33382e-05 2.54729e-05 1.13792e-05 2.94662e-06 2.32462e-07 2.28139e-09
18.256965 3.23947e-03 1.23009e-02 2.05631e-02 2.22800e-02 2.01932e-02 1.81034e-02 1.72090e-02 1.78924e-02 1.81680e-02 1.59903e-02 1.30013e-02 1.07487e-02 9.34834e-03 8.62428e-03 8.25905e-03 7.98615e-03 7.72502e-03 7.50506e-03 7.37371e-03 7.36591e-03 7.43778e-03 7.49018e-03 7.46458e-03 7.33669e-03 7.10716e-03 6.84592e-03 6.62214e-03 6.44635e-03 6.29995e-03 6.18151e-03 6.11198e-03 6.10331e-03 6.15100e-03 6.23710e-03 6.33924e-03 6.44219e-03 6.53528e-03 6.60377e-03 6.62734e-03 6.58215e-03 6.45465e-03 6.26127e-03 6.04499e-03 5.85452e-03 5.72582e-03 5.67455e-03 5.69301e-03 5.74225e-03 5.76377e-03 5.72651e-03 5.67161e-03 5.66035e-03 5.68175e-03 5.70715e-03 5.73498e-03 5.75220e-03 5.74341e-03 5.71005e-03 5.66120e-03 5.59580e-03 5.50138e-03 5.36831e-03 5.20041e-03 5.01133e-03 4.81540e-03 4.62269e-03 4.43884e-03 4.26696e-03 4.10856e-03 3.96187e-03 3.81962e-03 3.67516e-03 3.52741e-03 3.36994e-03 3.19100e-03 2.98882e-03 2.77756e-03 2.57410e-03 2.38656e-03 2.21668e-03 2.06426e-03 1.92950e-03 1.81298e-03 1.71374e-03 1.62834e-03 1.55206e-03 1.48065e-03 1.41177e-03 1.34675e-03 1.29027e-03 1.24540e-03 1.21310e-03 1.19200e-03 1.17909e-03 1.17174e-03 1.16731e-03 1.16350e-03 1.15874e-03 1.15169e-03 1.14072e-03 1.12416e-03 1.10047e-03 1.06716e-03 1.02068e-03 9.59422e-04 8.85577e-04 8.02575e-04 7.11706e-04 6.15291e-04 5.18694e-04 4.28254e-04 3.49261e-04 2.82630e-04 2.21654e-04 1.61720e-04 1.15049e-04 8.78621e-05 7.00281e-05 5.46406e-05 4.06676e-05 2.87731e-05 1.93140e-05 1.19656e-05 6.33862e-06 2.53386e-06 5.95209e-07 4.60307e-08 5.25951e-10
18.507061 2.79699e-03 1.07430e-02 1.75559e-02 1.91587e-02 1.86138e-02 1.83339e-02 1.75624e-02 1.55371e-02 1.34351e-02 1.21029e-02 1.13020e-02 1.07888e-02 1.05053e-02 1.03164e-02 1.00907e-02 9.78455e-03 9.38677e-03 8.93858e-03 8.52864e-03 8.17544e-03 7.82634e-03 7.46606e-03 7.12458e-03 6.80792e-03 6.48198e-03 6.17522e-03 5.96039e-03 5.84853e-03 5.80701e-03 5.80653e-03 5.82635e-03 5.86573e-03 5.95202e-03 6.10452e-03 6.30444e-03 6.50457e-03 6.65101e-03 6.70737e-03 6.67128e-03 6.56660e-03 6.43138e-03 6.31226e-03 6.25330e-03 6.27699e-03 6.36141e-03 6.42412e-03 6.38860e-03 6.29018e-03 6.22364e-03 6.21532e-03 6.24249e-03 6.28213e-03 6.30751e-03 6.30370e-03 6.27207e-03 6.21856e-03 6.14530e-03 6.04947e-03 5.92714e-03 5.77747e-03 5.60520e-03 5.41937e-03 5.22828e-03 5.03464e-03 4.83622e-03 4.63214e-03 4.42753e-03 4.22994e-03 4.04094e-03 3.85173e-03 3.65397e-03 3.45333e-03 3.26025e-03 3.07828e-03 2.90398e-03 2.73454e-03 2.57424e-03 2.43177e-03 2.31242e-03 2.21152e-03 2.11694e-03 2.01986e-03 1.91973e-03 1.81896e-03 1.71788e-03 1.61612e-03 1.51621e-03 1.42551e-03 1.35377e-03 1.30762e-03 1.28713e-03 1.28800e-03 1.30421e-03 1.32855e-03 1.35415e-03 1.37605e-03 1.39153e-03 1.39989e-03 1.40204e-03 1.39937e-03 1.39273e-03 1.38226e-03 1.36806e-03 1.35100e-03 1.33195e-03 1.30940e-03 1.27833e-03 1.23325e-03 1.17216e-03 1.09648e-03 1.00768e-03 9.05435e-04 7.89691e-04 6.63817e-04 5.35531e-04 4.14274e-04 3.06784e-04 2.10963e-04 1.21208e-04 5.86702e-05 2.99850e-05 1.63537e-05 8.92291e-06 4.66615e-06 2.04057e-06 5.49514e-07 4.37605e-08 2.78241e-10
18.757156 1.71810e-03 7.84531e-03 1.49247e-02 1.80943e-02 1.75013e-02 1.51986e-02 1.26758e-02 1.08004e-02 9.83378e-03 9.43431e-03 9.27040e-03 9.17976e-03 9.07347e-03 8.93146e-03 8.78032e-03 8.63827e-03 8.48656e-03 8.31131e-03 8.15158e-03 8.06053e-03 8.02805e-03 8.00324e-03 7.96162e-03 7.90590e-03 7.85070e-03 7.77354e-03 7.66532e-03 7.55683e-03 7.46587e-03 7.39753e-03 7.33710e-03 7.28726e-03 7.27671e-03 7.28659e-03 7.26251e-03 7.17911e-03 7.06109e-03 6.94644e-03 6.85842e-03 6.80766e-03 6.79698e-03 6.81633e-03 6.83871e-03 6.81242e-03 6.69725e-03 6.51992e-03 6.34273e-03 6.21537e-03 6.16350e-03 6.17523e-03 6.21101e-03 6.24111e-03 6.25420e-03 6.24471e-03 6.20768e-03 6.14114e-03 6.04791e-03 5.93170e-03 5.79079e-03 5.62134e-03 5.42639e-03 5.21559e-03 5.00074e-03 4.79304e-03 4.60108e-03 4.42854e-03 4.27144e-03 4.11882e-03 3.95839e-03 3.78272e-03 3.59265e-03 3.39651e-03 3.20432e-03 3.02274e-03 2.85604e-03 2.70671e-03 2.57248e-03 2.44760e-03 2.32845e-03 2.21426e-03 2.10338e-03 1.99349e-03 1.88442e-03 1.77727e-03 1.67309e-03 1.57372e-03 1.48267e-03 1.40438e-03 1.34211e-03 1.29640e-03 1.26593e-03 1.24923e-03 1.24540e-03 1.25361e-03 1.27219e-03 1.29862e-03 1.33069e-03 1.36690e-03 1.40511e-03 1.44106e-03 1.46968e-03 1.48784e-03 1.49518e-03 1.49295e-03 1.48196e-03 1.46188e-03 1.43259e-03 1.39536e-03 1.35262e-03 1.30670e-03 1.25883e-03 1.20872e-03 1.15473e-03 1.09432e-03 1.02474e-03 9.43801e-04 8.50328e-04 7.44348e-04 6.27170e-04 5.01899e-04 3.73819e-04 2.49567e-04 1.40334e-04 6.36439e-05 2.27702e-05 4.94229e-06 3.14386e-07 1.92039e-09
19.007252 1.29307e-03 7.06046e-03 1.37240e-02 1.67949e-02 1.66891e-02 1.43089e-02 1.14412e-02 9.54436e-03 8.62759e-03 8.18195e-03 7.91429e-03 7.74069e-03 7.62699e-03 7.54027e-03 7.47245e-03 7.44089e-03 7.43900e-03 7.43773e-03 7.42611e-03 7.40616e-03 7.38201e-03 7.36076e-03 7.35600e-03 7.38754e-03 7.46888e-03 7.57088e-03 7.64382e-03 7.69792e-03 7.76808e-03 7.80645e-03 7.77543e-03 7.75117e-03 7.74229e-03 7.69199e-03 7.59190e-03 7.48498e-03 7.40662e-03 7.36880e-03 7.36986e-03 7.39100e-03 7.41002e-03 7.42041e-03 7.38313e-03 7.24880e-03 7.04205e-03 6.82240e-03 6.63838e-03 6.52338e-03 6.47487e-03 6.45319e-03 6.42193e-03 6.37467e-03 6.32300e-03 6.27714e-03 6.23432e-03 6.16806e-03 6.05808e-03 5.92554e-03 5.79772e-03 5.67765e-03 5.55543e-03 5.42238e-03 5.27732e-03 5.12558e-03 4.97389e-03 4.82623e-03 4.68179e-03 4.53567e-03 4.38223e-03 4.21806e-03 4.04077e-03 3.84902e-03 3.64836e-03 3.45099e-03 3.26573e-03 3.09176e-03 2.92149e-03 2.74656e-03 2.56589e-03 2.38828e-03 2.22411e-03 2.07714e-03 1.94529e-03 1.82547e-03 1.71680e-03 1.62119e-03 1.54179e-03 1.48136e-03 1.44072e-03 1.41835e-03 1.41145e-03 1.41566e-03 1.42488e-03 1.43437e-03 1.44303e-03 1.45190e-03 1.46143e-03 1.47127e-03 1.48002e-03 1.48558e-03 1.48782e-03 1.48792e-03 1.48617e-03 1.48196e-03 1.47435e-03 1.46242e-03 1.44574e-03 1.42465e-03 1.39976e-03 1.37111e-03 1.33847e-03 1.30170e-03 1.26046e-03 1.21408e-03 1.16175e-03 1.10282e-03 1.03665e-03 9.62112e-04 8.77233e-04 7.78993e-04 6.63849e-04 5.29919e-04 3.81528e-04 2.33179e-04 1.07296e-04 2.72821e-05 1.99317e-06 1.67908e-08
19.257347 1.03041e-03 6.22635e-03 1.34592e-02 1.72342e-02 1.64840e-02 1.35242e-02 1.07747e-02 8.91663e-03 7.82752e-03 7.24956e-03 6.94580e-03 6.73662e-03 6.55399e-03 6.43472e-03 6.39557e-03 6.40748e-03 6.44689e-03 6.50705e-03 6.57991e-03 6.65367e-03 6.73637e-03 6.85412e-03 7.01543e-03 7.20731e-03 7.42289e-03 7.62194e-03 7.76572e-03 7.84748e-03 7.83180e-03 7.77096e-03 7.75071e-03 7.74017e-03 7.66260e-03 7.52024e-03 7.37350e-03 7.26694e-03 7.21457e-03 7.21137e-03 7.24804e-03 7.31021e-03 7.36949e-03 7.42512e-03 7.47900e-03 7.47604e-03 7.39059e-03 7.26378e-03 7.15558e-03 7.09808e-03 7.07532e-03 7.03628e-03 6.94612e-03 6.82021e-03 6.69376e-03 6.58394e-03 6.48836e-03 6.41241e-03 6.35967e-03 6.31302e-03 6.26096e-03 6.20915e-03 6.15610e-03 6.08468e-03 5.98435e-03 5.86229e-03 5.73032e-03 5.58807e-03 5.42067e-03 5.21880e-03 4.99411e-03 4.77070e-03 4.56291e-03 4.37155e-03 4.19122e-03 4.01283e-03 3.82853e-03 3.63302e-03 3.42121e-03 3.19482e-03 2.96619e-03 2.74695e-03 2.54079e-03 2.34562e-03 2.15898e-03 1.98176e-03 1.81953e-03 1.67911e-03 1.56420e-03 1.47849e-03 1.42032e-03 1.38059e-03 1.35297e-03 1.33674e-03 1.33480e-03 1.34959e-03 1.37746e-03 1.41135e-03 1.44733e-03 1.48486e-03 1.52380e-03 1.56252e-03 1.59866e-03 1.63039e-03 1.65618e-03 1.67375e-03 1.67995e-03 1.67217e-03 1.65058e-03 1.61959e-03 1.58633e-03 1.55596e-03 1.52880e-03 1.50201e-03 1.47173e-03 1.43414e-03 1.38632e-03 1.32646e-03 1.25337e-03 1.16583e-03 1.06199e-03 9.39175e-04 7.94625e-04 6.28278e-04 4.47242e-04 2.69265e-04 1.21054e-04 3.02378e-05 2.21313e-06 1.98809e-08
19.507442 8.30226e-04 6.54097e-03 1.41912e-02 1.70290e-02 1.55342e-02 1.26255e-02 9.97828e-03 8.04888e-03 6.90678e-03 6.40622e-03 6.23332e-03 6.12213e-03 6.02854e-03 5.99171e-03 5.98983e-03 5.99263e-03 5.97343e-03 5.92434e-03 5.89356e-03 5.92820e-03 6.05448e-03 6.28345e-03 6.61574e-03 7.05702e-03 7.55295e-03 7.99907e-03 8.24986e-03 8.21394e-03 8.06656e-03 7.97213e-03 7.88649e-03 7.74234e-03 7.54375e-03 7.36218e-03 7.26768e-03 7.26822e-03 7.31743e-03 7.37103e-03 7.41405e-03 7.45015e-03 7.47224e-03 7.44349e-03 7.35485e-03 7.28244e-03 7.23797e-03 7.17847e-03 7.09060e-03 6.99006e-03 6.92268e-03 6.91935e-03 6.94024e-03 6.92146e-03 6.85361e-03 6.76445e-03 6.67419e-03 6.59799e-03 6.55382e-03 6.54002e-03 6.53190e-03 6.50457e-03 6.45017e-03 6.38251e-03 6.31611e-03 6.24657e-03 6.15975e-03 6.04141e-03 5.88466e-03 5.70209e-03 5.50484e-03 5.29017e-03 5.07270e-03 4.86678e-03 4.65130e-03 4.41406e-03 4.16569e-03 3.90827e-03 3.63892e-03 3.36255e-03 3.09264e-03 2.84125e-03 2.60994e-03 2.39883e-03 2.21454e-03 2.06077e-03 1.93551e-03 1.82899e-03 1.72658e-03 1.62767e-03 1.54563e-03 1.48711e-03 1.44467e-03 1.41037e-03 1.38313e-03 1.36439e-03 1.35333e-03 1.34712e-03 1.34544e-03 1.35219e-03 1.37253e-03 1.40983e-03 1.46132e-03 1.51713e-03 1.57246e-03 1.62845e-03 1.68090e-03 1.72126e-03 1.74292e-03 1.74510e-03 1.73266e-03 1.71125e-03 1.68364e-03 1.64989e-03 1.60921e-03 1.56107e-03 1.50498e-03 1.44029e-03 1.36587e-03 1.27982e-03 1.17944e-03 1.06144e-03 9.22081e-04 7.57310e-04 5.65618e-04 3.57801e-04 1.67582e-04 4.37050e-05 3.52098e-06 3.82996e-08
19.757538 7.29906e-04 6.60596e-03 1.41545e-02 1.64233e-02 1.46627e-02 1.18543e-02 9.32593e-03 7.49065e-03 6.49247e-03 6.13336e-03 6.04428e-03 5.97912e-03 5.90403e-03 5.87451e-03 5.89624e-03 5.89907e-03 5.83539e-03 5.72736e-03 5.65207e-03 5.69140e-03 5.86999e-03 6.19568e-03 6.69089e-03 7.36620e-03 8.11278e-03 8.57886e-03 8.50676e-03 8.21813e-03 7.99456e-03 7.78190e-03 7.58698e-03 7.47440e-03 7.48126e-03 7.62125e-03 7.84849e-03 8.09205e-03 8.29974e-03 8.43343e-03 8.46594e-03 8.39101e-03 8.22317e-03 7.99394e-03 7.74208e-03 7.48848e-03 7.24358e-03 7.06143e-03 6.99397e-03 7.00745e-03 7.05941e-03 7.13234e-03 7.21673e-03 7.27660e-03 7.24397e-03 7.08732e-03 6.85455e-03 6.63147e-03 6.47624e-03 6.38042e-03 6.30046e-03 6.21296e-03 6.12779e-03 6.06660e-03 6.03304e-03 6.01260e-03 5.99440e-03 5.97301e-03 5.93399e-03 5.84992e-03 5.69583e-03 5.47102e-03 5.20235e-03 4.92207e-03 4.64641e-03 4.37506e-03 4.09834e-03 3.80234e-03 3.47811e-03 3.13812e-03 2.82777e-03 2.59281e-03 2.43109e-03 2.30527e-03 2.18104e-03 2.05138e-03 1.94000e-03 1.86101e-03 1.79862e-03 1.73329e-03 1.65919e-03 1.57838e-03 1.49523e-03 1.41689e-03 1.35195e-03 1.30454e-03 1.27285e-03 1.25431e-03 1.24743e-03 1.25028e-03 1.26063e-03 1.27655e-03 1.29615e-03 1.31778e-03 1.34153e-03 1.37011e-03 1.40505e-03 1.44072e-03 1.46579e-03 1.47279e-03 1.46506e-03 1.45195e-03 1.43835e-03 1.42128e-03 1.39385e-03 1.35094e-03 1.29234e-03 1.22038e-03 1.13638e-03 1.04076e-03 9.34179e-04 8.17644e-04 6.92108e-04 5.57911e-04 4.15320e-04 2.68923e-04 1.34075e-04 3.86738e-05 3.55347e-06 4.70369e-08
20.007633 7.52267e-04 6.76378e-03 1.39946e-02 1.55257e-02 1.36258e-02 1.11627e-02 9.03277e-03 7.50501e-03 6.63100e-03 6.25079e-03 6.12222e-03 6.05151e-03 5.96443e-03 5.86896e-03 5.78008e-03 5.72593e-03 5.73890e-03 5.82525e-03 5.96250e-03 6.13715e-03 6.39292e-03 6.79492e-03 7.37533e-03 8.09680e-03 8.73338e-03 8.95878e-03 8.75656e-03 8.43048e-03 8.15997e-03 7.97239e-03 7.90019e-03 7.95615e-03 8.10356e-03 8.29576e-03 8.51263e-03 8.74567e-03 8.97446e-03 9.14224e-03 9.18023e-03 9.08107e-03 8.90336e-03 8.70316e-03 8.50873e-03 8.33166e-03 8.17983e-03 8.06574e-03 7.97413e-03 7.87276e-03 7.77566e-03 7.70824e-03 7.65460e-03 7.57776e-03 7.43240e-03 7.18351e-03 6.86294e-03 6.55258e-03 6.29869e-03 6.09998e-03 5.94789e-03 5.83610e-03 5.76132e-03 5.72004e-03 5.69172e-03 5.64672e-03 5.57209e-03 5.47494e-03 5.36572e-03 5.24376e-03 5.09995e-03 4.92681e-03 4.72265e-03 4.48996e-03 4.23275e-03 3.95314e-03 3.64989e-03 3.32834e-03 3.01603e-03 2.75452e-03 2.56046e-03 2.40879e-03 2.27503e-03 2.16789e-03 2.09260e-03 2.02906e-03 1.95944e-03 1.88236e-03 1.80257e-03 1.72266e-03 1.64278e-03 1.56687e-03 1.50850e-03 1.47666e-03 1.46192e-03 1.44829e-03 1.42803e-03 1.40222e-03 1.37452e-03 1.34817e-03 1.32518e-03 1.30570e-03 1.28794e-03 1.26967e-03 1.24993e-03 1.22919e-03 1.20849e-03 1.18873e-03 1.17045e-03 1.15291e-03 1.13410e-03 1.11236e-03 1.08706e-03 1.05516e-03 1.01008e-03 9.51023e-04 8.86571e-04 8.23661e-04 7.62110e-04 6.98084e-04 6.27044e-04 5.45080e-04 4.50534e-04 3.45710e-04 2.37733e-04 1.38164e-04 6.04324e-05 1.52578e-05 1.29730e-06 1.75837e-08
20.257729 8.42931e-04 7.14470e-03 1.42442e-02 1.53419e-02 1.32730e-02 1.08049e-02 8.82656e-03 7.49820e-03 6.70157e-03 6.23910e-03 5.97759e-03 5.86253e-03 5.82858e-03 5.78960e-03 5.72614e-03 5.70160e-03 5.76930e-03 5.92452e-03 6.13228e-03 6.38577e-03 6.72916e-03 7.18832e-03 7.73926e-03 8.32461e-03 8.78902e-03 8.95409e-03 8.86558e-03 8.70764e-03 8.55450e-03 8.44129e-03 8.42856e-03 8.47801e-03 8.51097e-03 8.56197e-03 8.73254e-03 9.01260e-03 9.26076e-03 9.40408e-03 9.50953e-03 9.64319e-03 9.78784e-03 9.87921e-03 9.84561e-03 9.64940e-03 9.34021e-03 8.99391e-03 8.65139e-03 8.33034e-03 8.03646e-03 7.77306e-03 7.54887e-03 7.36819e-03 7.21972e-03 7.07565e-03 6.90161e-03 6.68730e-03 6.45785e-03 6.24493e-03 6.06204e-03 5.90403e-03 5.75873e-03 5.61725e-03 5.47831e-03 5.34399e-03 5.20582e-03 5.05182e-03 4.88332e-03 4.70854e-03 4.52314e-03 4.30135e-03 4.02171e-03 3.70352e-03 3.39678e-03 3.13914e-03 2.93707e-03 2.77220e-03 2.61419e-03 2.44127e-03 2.25937e-03 2.09634e-03 1.96623e-03 1.85525e-03 1.75169e-03 1.65770e-03 1.57770e-03 1.51126e-03 1.45341e-03 1.40089e-03 1.35932e-03 1.34073e-03 1.34790e-03 1.37115e-03 1.39852e-03 1.42004e-03 1.43086e-03 1.43326e-03 1.43279e-03 1.43289e-03 1.43190e-03 1.42433e-03 1.40495e-03 1.37216e-03 1.32914e-03 1.28095e-03 1.23086e-03 1.18001e-03 1.12783e-03 1.07194e-03 1.00999e-03 9.42054e-04 8.69085e-04 7.90655e-04 7.06268e-04 6.17795e-04 5.30207e-04 4.50025e-04 3.82865e-04 3.30537e-04 2.89468e-04 2.55509e-04 2.26651e-04 1.95570e-04 1.50822e-04 9.30631e-05 4.00204e-05 9.28435e-06 7.07041e-07 8.52585e-09
20.507824 9.65553e-04 6.94497e-03 1.36515e-02 1.48243e-02 1.28392e-02 1.04918e-02 8.70032e-03 7.48898e-03 6.68565e-03 6.15250e-03 5.78786e-03 5.54541e-03 5.43400e-03 5.44747e-03 5.51947e-03 5.59972e-03 5.72678e-03 5.95905e-03 6.25268e-03 6.48996e-03 6.65890e-03 6.90063e-03 7.36411e-03 8.04283e-03 8.77315e-03 9.32399e-03 9.45534e-03 9.10673e-03 8.58028e-03 8.23425e-03 8.12947e-03 8.19773e-03 8.39157e-03 8.67565e-03 9.04220e-03 9.45569e-03 9.84092e-03 1.01776e-02 1.04899e-02 1.07460e-02 1.08686e-02 1.08185e-02 1.06128e-02 1.02731e-02 9.82414e-03 9.32055e-03 8.82238e-03 8.36380e-03 7.96164e-03 7.62363e-03 7.34870e-03 7.13359e-03 6.97386e-03 6.86131e-03 6.78184e-03 6.71272e-03 6.62271e-03 6.48289e-03 6.29033e-03 6.06935e-03 5.83571e-03 5.58692e-03 5.32419e-03 5.05879e-03 4.80856e-03 4.58919e-03 4.39756e-03 4.20963e-03 3.99682e-03 3.74916e-03 3.48754e-03 3.24545e-03 3.04048e-03 2.86649e-03 2.70691e-03 2.55061e-03 2.39335e-03 2.23120e-03 2.05970e-03 1.88426e-03 1.72597e-03 1.58886e-03 1.45698e-03 1.32472e-03 1.19524e-03 1.07670e-03 9.80689e-04 9.16993e-04 8.89370e-04 8.95127e-04 9.24985e-04 9.62467e-04 9.89142e-04 9.96976e-04 9.95380e-04 9.99977e-04 1.01741e-03 1.04436e-03 1.07475e-03 1.10611e-03 1.13949e-03 1.16853e-03 1.18410e-03 1.18278e-03 1.16429e-03 1.13194e-03 1.09117e-03 1.04506e-03 9.92384e-04 9.30435e-04 8.57854e-04 7.73722e-04 6.77134e-04 5.69116e-04 4.54212e-04 3.40531e-04 2.37999e-04 1.55367e-04 9.72217e-05 6.21645e-05 4.33415e-05 3.24704e-05 2.48581e-05 1.77923e-05 9.23689e-06 2.44630e-06 2.11381e-07 2.58901e-09
20.757919 1.05444e-03 5.99466e-03 1.14677e-02 1.29085e-02 1.17167e-02 9.89339e-03 8.28684e-03 7.13255e-03 6.35639e-03 5.82069e-03 5.46473e-03 5.26967e-03 5.22426e-03 5.31509e-03 5.49029e-03 5.68131e-03 5.87077e-03 6.08841e-03 6.31803e-03 6.50481e-03 6.70558e-03 7.19144e-03 8.14111e-03 9.15017e-03 9.53476e-03 9.13731e-03 8.39429e-03 7.90630e-03 7.87609e-03 7.99775e-03 8.02293e-03 8.03290e-03 8.17061e-03 8.43364e-03 8.82400e-03 9.43293e-03 1.02567e-02 1.10701e-02 1.15456e-02 1.15337e-02 1.12059e-02 1.07912e-02 1.03693e-02 9.96663e-03 9.59011e-03 9.21688e-03 8.84095e-03 8.48678e-03 8.17487e-03 7.89266e-03 7.60564e-03 7.29075e-03 6.96541e-03 6.67214e-03 6.43377e-03 6.24678e-03 6.09773e-03 5.97181e-03 5.85433e-03 5.73030e-03 5.58473e-03 5.40505e-03 5.18674e-03 4.93962e-03 4.68261e-03 4.42981e-03 4.18705e-03 3.95605e-03 3.73622e-03 3.52756e-03 3.33207e-03 3.15155e-03 2.98619e-03 2.83407e-03 2.69189e-03 2.55573e-03 2.42003e-03 2.27920e-03 2.13194e-03 1.98126e-03 1.82855e-03 1.67190e-03 1.51317e-03 1.36017e-03 1.22176e-03 1.10379e-03 1.00593e-03 9.22775e-04 8.49940e-04 7.90160e-04 7.50875e-04 7.32811e-04 7.26214e-04 7.20345e-04 7.11489e-04 7.01090e-04 6.91323e-04 6.83943e-04 6.80606e-04 6.83216e-04 6.94086e-04 7.11404e-04 7.23341e-04 7.28099e-04 7.36446e-04 7.40147e-04 7.31051e-04 7.13633e-04 6.92781e-04 6.68023e-04 6.36589e-04 5.96723e-04 5.47266e-04 4.85520e-04 4.07610e-04 3.13478e-04 2.13551e-04 1.25916e-04 6.40460e-05 2.95879e-05 1.47600e-05 8.95796e-06 5.16131e-06 2.23264e-06 7.79252e-07 2.17404e-07 2.70001e-08 3.48232e-10
21.008015 1.15446e-03 5.17060e-03 9.61652e-03 1.11606e-02 1.02894e-02 8.76555e-03 7.52839e-03 6.72093e-03 6.15914e-03 5.71285e-03 5.39420e-03 5.25907e-03 5.32261e-03 5.53922e-03 5.81092e-03 6.06574e-03 6.32594e-03 6.62053e-03 6.91664e-03 7.29196e-03 7.94477e-03 8.74839e-03 9.21337e-03 9.14054e-03 8.68212e-03 8.04653e-03 7.61933e-03 7.53635e-03 7.66774e-03 7.90048e-03 8.25830e-03 8.94169e-03 9.94959e-03 1.08623e-02 1.12407e-02 1.10941e-02 1.07488e-02 1.04213e-02 1.01599e-02 9.96553e-03 9.84436e-03 9.79447e-03 9.74830e-03 9.61824e-03 9.39924e-03 9.13964e-03 8.86711e-03 8.58352e-03 8.28720e-03 7.98631e-03 7.69726e-03 7.43459e-03 7.20223e-03 6.99165e-03 6.78875e-03 6.58412e-03 6.37712e-03 6.17241e-03 5.97551e-03 5.79065e-03 5.62021e-03 5.46366e-03 5.31619e-03 5.16913e-03 5.01320e-03 4.84001e-03 4.63993e-03 4.40627e-03 4.14814e-03 3.88836e-03 3.64403e-03 3.41891e-03 3.21156e-03 3.02231e-03 2.85234e-03 2.70008e-03 2.56169e-03 2.43366e-03 2.31294e-03 2.19598e-03 2.07830e-03 1.95438e-03 1.81867e-03 1.66871e-03 1.50801e-03 1.34566e-03 1.19345e-03 1.06226e-03 9.57146e-04 8.72862e-04 7.98400e-04 7.30914e-04 6.75276e-04 6.32642e-04 6.00344e-04 5.75381e-04 5.55362e-04 5.36576e-04 5.14309e-04 4.87294e-04 4.60165e-04 4.39839e-04 4.29900e-04 4.28815e-04 4.30806e-04 4.23156e-04 4.03560e-04 3.88313e-04 3.81526e-04 3.77484e-04 3.72951e-04 3.64636e-04 3.47625e-04 3.17759e-04 2.73700e-04 2.18051e-04 1.56443e-04 9.77703e-05 5.37493e-05 2.94569e-05 1.95932e-05 1.50002e-05 1.01267e-05 5.00783e-06 1.58754e-06 2.60941e-07 1.42231e-08 8.18994e-11
21.258110 1.10319e-03 4.54354e-03 8.33242e-03 9.69833e-03 8.92057e-03 7.71298e-03 6.88681e-03 6.42722e-03 6.08781e-03 5.78149e-03 5.60247e-03 5.62369e-03 5.83372e-03 6.17282e-03 6.54611e-03 6.91214e-03 7.33888e-03 7.91529e-03 8.57765e-03 9.04569e-03 9.17601e-03 9.12265e-03 8.96380e-03 8.61033e-03 8.15560e-03 7.99036e-03 8.32884e-03 9.10300e-03 1.00413e-02 1.08206e-02 1.12586e-02 1.12975e-02 1.09810e-02 1.05052e-02 1.01373e-02 9.97779e-03 9.90895e-03 9.79883e-03 9.62761e-03 9.43614e-03 9.24914e-03 9.06356e-03 8.88125e-03 8.71174e-03 8.55570e-03 8.40866e-03 8.27359e-03 8.15533e-03 8.04582e-03 7.92515e-03 7.77438e-03 7.58350e-03 7.35346e-03 7.09734e-03 6.83624e-03 6.59126e-03 6.37543e-03 6.18768e-03 6.01504e-03 5.84413e-03 5.67116e-03 5.50155e-03 5.34155e-03 5.18995e-03 5.03780e-03 4.87653e-03 4.70482e-03 4.52682e-03 4.34620e-03 4.16245e-03 3.97134e-03 3.77071e-03 3.56543e-03 3.36362e-03 3.17206e-03 2.99580e-03 2.83811e-03 2.69832e-03 2.57116e-03 2.45044e-03 2.33212e-03 2.21370e-03 2.09313e-03 1.96876e-03 1.83926e-03 1.70324e-03 1.55899e-03 1.40652e-03 1.25115e-03 1.10373e-03 9.75628e-04 8.73537e-04 7.96981e-04 7.38464e-04 6.88579e-04 6.42614e-04 5.99309e-04 5.58447e-04 5.20504e-04 4.85571e-04 4.53436e-04 4.24911e-04 4.01818e-04 3.84887e-04 3.72527e-04 3.62974e-04 3.54804e-04 3.43811e-04 3.24126e-04 2.92301e-04 2.53094e-04 2.17935e-04 1.92465e-04 1.73206e-04 1.54279e-04 1.31978e-04 1.05928e-04 7.87976e-05 5.45801e-05 3.74293e-05 2.87428e-05 2.40122e-05 1.75672e-05 9.28933e-06 3.00337e-06 4.58533e-07 1.93760e-08 7.59588e-11
21.508206 9.54177e-04 3.77231e-03 6.89292e-03 8.15924e-03 7.68731e-03 6.87539e-03 6.39782e-03 6.23519e-03 6.21393e-03 6.23969e-03 6.28456e-03 6.39916e-03 6.64530e-03 6.98352e-03 7.38841e-03 7.93784e-03 8.63248e-03 9.27381e-03 9.63353e-03 9.58161e-03 9.13664e-03 8.64794e-03 8.57462e-03 9.03050e-03 9.78080e-03 1.03989e-02 1.05845e-02 1.03580e-02 9.95959e-03 9.63826e-03 9.45793e-03 9.35490e-03 9.28793e-03 9.25285e-03 9.25445e-03 9.29402e-03 9.35517e-03 9.41924e-03 9.48221e-03 9.53482e-03 9.55494e-03 9.53327e-03 9.48624e-03 9.43246e-03 9.36546e-03 9.25279e-03 9.05136e-03 8.73088e-03 8.30307e-03 7.82477e-03 7.36262e-03 6.95591e-03 6.60627e-03 6.29210e-03 6.00622e-03 5.77995e-03 5.62877e-03 5.52091e-03 5.42098e-03 5.31797e-03 5.21919e-03 5.12942e-03 5.03810e-03 4.92979e-03 4.80016e-03 4.65631e-03 4.50667e-03 4.35668e-03 4.21071e-03 4.07186e-03 3.94020e-03 3.81262e-03 3.68359e-03 3.54686e-03 3.39964e-03 3.24632e-03 3.09533e-03 2.95339e-03 2.82445e-03 2.71022e-03 2.60891e-03 2.51389e-03 2.41495e-03 2.30168e-03 2.16858e-03 2.01879e-03 1.85711e-03 1.68164e-03 1.50001e-03 1.34364e-03 1.23681e-03 1.17280e-03 1.13080e-03 1.09135e-03 1.04128e-03 9.77932e-04 9.07697e-04 8.39913e-04 7.77185e-04 7.16014e-04 6.56457e-04 6.01707e-04 5.53919e-04 5.13677e-04 4.80266e-04 4.52117e-04 4.27943e-04 4.06842e-04 3.87372e-04 3.67276e-04 3.43813e-04 3.13421e-04 2.72385e-04 2.22016e-04 1.71676e-04 1.30692e-04 1.00671e-04 7.83845e-05 6.08785e-05 4.68425e-05 3.57981e-05 2.67709e-05 1.81313e-05 9.61557e-06 3.26997e-06 5.28614e-07 2.32814e-08 9.68280e-11
21.758301 8.10808e-04 3.18817e-03 5.93406e-03 7.27397e-03 7.12774e-03 6.58806e-03 6.23941e-03 6.12836e-03 6.14585e-03 6.17554e-03 6.17087e-03 6.20348e-03 6.42350e-03 6.97696e-03 7.93681e-03 9.15373e-03 1.00498e-02 1.00443e-02 9.46811e-03 9.15728e-03 9.36119e-03 9.76377e-03 1.00014e-02 9.97330e-03 9.72360e-03 9.32992e-03 8.89564e-03 8.53697e-03 8.32197e-03 8.24706e-03 8.27998e-03 8.40245e-03 8.59525e-03 8.80831e-03 8.98492e-03 9.10283e-03 9.17789e-03 9.23256e-03 9.27526e-03 9.30894e-03 9.34184e-03 9.37560e-03 9.39181e-03 9.36207e-03 9.26613e-03 9.10196e-03 8.88493e-03 8.63522e-03 8.36305e-03 8.06649e-03 7.74328e-03 7.40659e-03 7.08418e-03 6.79353e-03 6.52371e-03 6.24943e-03 5.92241e-03 5.52218e-03 5.22060e-03 5.07128e-03 4.97878e-03 4.89539e-03 4.80977e-03 4.72698e-03 4.65200e-03 4.57681e-03 4.48566e-03 4.37045e-03 4.23667e-03 4.09480e-03 3.95125e-03 3.80882e-03 3.66975e-03 3.53527e-03 3.40455e-03 3.27590e-03 3.14883e-03 3.02504e-03 2.90575e-03 2.78783e-03 2.66491e-03 2.53158e-03 2.38651e-03 2.23373e-03 2.07995e-03 1.92610e-03 1.76506e-03 1.60108e-03 1.46474e-03 1.37679e-03 1.32523e-03 1.29182e-03 1.26667e-03 1.24619e-03 1.22704e-03 1.20165e-03 1.16759e-03 1.13271e-03 1.09684e-03 1.04826e-03 9.88644e-04 9.34819e-04 8.91772e-04 8.55953e-04 8.23108e-04 7.90269e-04 7.55770e-04 7.18745e-04 6.78940e-04 6.36717e-04 5.92644e-04 5.46395e-04 4.96068e-04 4.38651e-04 3.72153e-04 2.99668e-04 2.30153e-04 1.72123e-04 1.27821e-04 9.42952e-05 6.74375e-05 4.45052e-05 2.51898e-05 1.10670e-05 3.23612e-06 4.75831e-07 2.00207e-08 8.29011e-11
22.008397 7.13674e-04 3.16109e-03 6.20632e-03 7.76849e-03 7.67513e-03 7.03625e-03 6.52967e-03 6.26073e-03 6.15187e-03 6.15834e-03 6.33606e-03 6.77914e-03 7.60839e-03 8.87734e-03 1.00385e-02 1.02818e-02 9.90130e-03 9.75248e-03 9.90837e-03 1.00420e-02 9.98397e-03 9.72916e-03 9.36977e-03 9.01360e-03 8.71386e-03 8.46910e-03 8.28999e-03 8.17031e-03 8.07233e-03 7.99217e-03 7.96687e-03 8.01526e-03 8.11780e-03 8.24173e-03 8.36270e-03 8.46038e-03 8.51284e-03 8.50763e-03 8.45106e-03 8.36217e-03 8.25875e-03 8.14796e-03 8.02596e-03 7.88513e-03 7.72540e-03 7.55722e-03 7.38947e-03 7.22048e-03 7.04500e-03 6.86372e-03 6.68372e-03 6.51368e-03 6.35965e-03 6.22317e-03 6.10075e-03 5.98519e-03 5.87035e-03 5.75793e-03 5.64980e-03 5.52081e-03 5.31374e-03 5.08961e-03 4.93593e-03 4.82905e-03 4.73822e-03 4.64653e-03 4.54435e-03 4.43122e-03 4.30996e-03 4.18397e-03 4.05643e-03 3.93036e-03 3.80697e-03 3.68420e-03 3.55819e-03 3.42668e-03 3.28977e-03 3.14812e-03 3.00125e-03 2.84507e-03 2.67006e-03 2.46572e-03 2.23164e-03 1.99005e-03 1.77094e-03 1.58678e-03 1.43992e-03 1.33154e-03 1.25367e-03 1.19354e-03 1.14382e-03 1.10234e-03 1.06817e-03 1.04026e-03 1.01810e-03 1.00180e-03 9.90566e-04 9.83370e-04 9.81598e-04 9.85535e-04 9.86537e-04 9.72000e-04 9.52937e-04 9.49159e-04 9.57137e-04 9.68376e-04 9.79130e-04 9.87943e-04 9.93850e-04 9.94179e-04 9.84030e-04 9.57881e-04 9.11553e-04 8.43334e-04 7.54267e-04 6.47510e-04 5.27906e-04 4.04357e-04 2.90528e-04 1.97553e-04 1.27477e-04 7.63465e-05 4.01621e-05 1.68138e-05 4.74348e-06 6.76127e-07 2.78378e-08 1.15481e-10
22.258492 6.44100e-04 3.29885e-03 6.71295e-03 8.35775e-03 8.19194e-03 7.51962e-03 7.14341e-03 7.15244e-03 7.32923e-03 7.51099e-03 7.81271e-03 8.52144e-03 9.41568e-03 9.79240e-03 9.73110e-03 9.80897e-03 1.01178e-02 1.03900e-02 1.03149e-02 9.84170e-03 9.21343e-03 8.67831e-03 8.31841e-03 8.07526e-03 7.86796e-03 7.69037e-03 7.57134e-03 7.49826e-03 7.43176e-03 7.37241e-03 7.35368e-03 7.38409e-03 7.43210e-03 7.45881e-03 7.44572e-03 7.39338e-03 7.30926e-03 7.20213e-03 7.08276e-03 6.96048e-03 6.84049e-03 6.72596e-03 6.61921e-03 6.52152e-03 6.43280e-03 6.34920e-03 6.26259e-03 6.16449e-03 6.05154e-03 5.92648e-03 5.79328e-03 5.65252e-03 5.50305e-03 5.34811e-03 5.19840e-03 5.06857e-03 4.97034e-03 4.90471e-03 4.86026e-03 4.82680e-03 4.80022e-03 4.78321e-03 4.79255e-03 4.83902e-03 4.89619e-03 4.94909e-03 4.98687e-03 4.97696e-03 4.92294e-03 4.84750e-03 4.75562e-03 4.64044e-03 4.49497e-03 4.31772e-03 4.11547e-03 3.90061e-03 3.68488e-03 3.47503e-03 3.27319e-03 3.07942e-03 2.89070e-03 2.69479e-03 2.47479e-03 2.23529e-03 2.00730e-03 1.81002e-03 1.64183e-03 1.49699e-03 1.37213e-03 1.26391e-03 1.16828e-03 1.08230e-03 1.00473e-03 9.35017e-04 8.72710e-04 8.17975e-04 7.72163e-04 7.37649e-04 7.16977e-04 7.11076e-04 7.18090e-04 7.32965e-04 7.47483e-04 7.59109e-04 7.74769e-04 7.93516e-04 8.09524e-04 8.22873e-04 8.34670e-04 8.47566e-04 8.64957e-04 8.85355e-04 9.01828e-04 9.05440e-04 8.87938e-04 8.43433e-04 7.70189e-04 6.71199e-04 5.51444e-04 4.17080e-04 2.82011e-04 1.66514e-04 8.31226e-05 3.25153e-05 8.59836e-06 1.16954e-06 4.69740e-08 1.92698e-10
22.508587 5.95431e-04 3.12737e-03 6.22634e-03 7.71399e-03 8.09713e-03 8.33533e-03 8.41878e-03 8.23900e-03 8.12759e-03 8.33221e-03 8.64645e-03 8.96278e-03 9.44441e-03 9.98112e-03 1.03017e-02 1.03097e-02 1.01044e-02 9.86439e-03 9.64172e-03 9.35496e-03 8.96728e-03 8.54159e-03 8.15659e-03 7.87656e-03 7.73235e-03 7.69405e-03 7.69482e-03 7.66400e-03 7.56555e-03 7.43197e-03 7.30298e-03 7.16764e-03 7.00346e-03 6.81677e-03 6.63047e-03 6.46285e-03 6.32053e-03 6.20052e-03 6.09685e-03 6.00462e-03 5.92023e-03 5.83771e-03 5.74951e-03 5.65628e-03 5.56729e-03 5.48848e-03 5.41623e-03 5.34121e-03 5.25680e-03 5.16263e-03 5.06501e-03 4.97501e-03 4.90482e-03 4.85938e-03 4.82432e-03 4.77654e-03 4.71497e-03 4.65975e-03 4.62338e-03 4.60265e-03 4.59634e-03 4.61119e-03 4.65982e-03 4.75093e-03 4.88331e-03 5.04437e-03 5.19970e-03 5.31025e-03 5.35635e-03 5.32830e-03 5.22169e-03 5.04637e-03 4.81869e-03 4.55180e-03 4.25786e-03 3.95486e-03 3.66290e-03 3.39472e-03 3.15265e-03 2.93080e-03 2.71851e-03 2.50525e-03 2.28979e-03 2.09007e-03 1.93120e-03 1.82036e-03 1.74832e-03 1.70359e-03 1.67889e-03 1.67076e-03 1.67722e-03 1.69587e-03 1.72126e-03 1.74080e-03 1.72696e-03 1.63740e-03 1.46159e-03 1.26871e-03 1.13593e-03 1.05011e-03 9.55835e-04 8.45712e-04 7.45930e-04 6.69725e-04 6.13794e-04 5.71965e-04 5.40914e-04 5.17657e-04 5.01053e-04 4.91396e-04 4.88505e-04 4.92164e-04 5.00461e-04 5.09247e-04 5.14155e-04 5.11441e-04 4.97582e-04 4.69799e-04 4.26989e-04 3.69444e-04 2.98180e-04 2.16122e-04 1.32084e-04 6.16284e-05 1.85961e-05 2.73116e-06 1.14203e-07 4.89997e-10
22.758683 5.25013e-04 2.70408e-03 5.19550e-03 6.69381e-03 7.62266e-03 8.22603e-03 8.45640e-03 8.45724e-03 8.48593e-03 8.72589e-03 9.21085e-03 9.78115e-03 1.02099e-02 1.04234e-02 1.04690e-02 1.04458e-02 1.04379e-02 1.04217e-02 1.02957e-02 9.98891e-03 9.53179e-03 9.01533e-03 8.56074e-03 8.26208e-03 8.11636e-03 8.05115e-03 7.98781e-03 7.86495e-03 7.63811e-03 7.31090e-03 6.93637e-03 6.58371e-03 6.31064e-03 6.13444e-03 6.03184e-03 5.96812e-03 5.91925e-03 5.87434e-03 5.83127e-03 5.79409e-03 5.76902e-03 5.75623e-03 5.74476e-03 5.71912e-03 5.67041e-03 5.60424e-03 5.53958e-03 5.49395e-03 5.46982e-03 5.45486e-03 5.42839e-03 5.37686e-03 5.30529e-03 5.22846e-03 5.15830e-03 5.09671e-03 5.03655e-03 4.97260e-03 4.90702e-03 4.84718e-03 4.80605e-03 4.79678e-03 4.81540e-03 4.84300e-03 4.87093e-03 4.90385e-03 4.94779e-03 5.00016e-03 5.04319e-03 5.04340e-03 4.96689e-03 4.79917e-03 4.55700e-03 4.28294e-03 4.01872e-03 3.78106e-03 3.56223e-03 3.34247e-03 3.10940e-03 2.87102e-03 2.64439e-03 2.44100e-03 2.26888e-03 2.13349e-03 2.02972e-03 1.94756e-03 1.87863e-03 1.81628e-03 1.75729e-03 1.70148e-03 1.64922e-03 1.60033e-03 1.55548e-03 1.51759e-03 1.49026e-03 1.47342e-03 1.46180e-03 1.44862e-03 1.42706e-03 1.38897e-03 1.32643e-03 1.23786e-03 1.13177e-03 1.01910e-03 9.05165e-04 8.04267e-04 7.20247e-04 6.43313e-04 5.71293e-04 4.97495e-04 4.20576e-04 3.46463e-04 2.88482e-04 2.50408e-04 2.23495e-04 2.00101e-04 1.77158e-04 1.53873e-04 1.30107e-04 1.06010e-04 8.22013e-05 5.98086e-05 3.98934e-05 2.28183e-05 9.31492e-06 1.88311e-06 1.02529e-07 5.61972e-10
23.008778 4.84223e-04 2.17392e-03 4.28192e-03 5.65775e-03 6.56518e-03 7.54072e-03 8.35418e-03 8.89753e-03 9.45442e-03 1.00532e-02 1.04966e-02 1.07777e-02 1.09752e-02 1.11726e-02 1.13731e-02 1.15460e-02 1.16339e-02 1.15633e-02 1.13012e-02 1.08641e-02 1.03126e-02 9.78191e-03 9.41766e-03 9.22092e-03 9.05126e-03 8.77496e-03 8.34557e-03 7.80100e-03 7.24894e-03 6.81038e-03 6.53004e-03 6.36731e-03 6.25476e-03 6.14647e-03 6.03606e-03 5.94227e-03 5.88182e-03 5.86024e-03 5.87162e-03 5.89616e-03 5.91299e-03 5.91773e-03 5.92170e-03 5.93237e-03 5.94526e-03 5.95101e-03 5.94206e-03 5.92065e-03 5.89433e-03 5.86519e-03 5.82922e-03 5.78086e-03 5.71980e-03 5.65557e-03 5.60183e-03 5.55997e-03 5.51641e-03 5.46535e-03 5.42441e-03 5.41098e-03 5.40874e-03 5.37840e-03 5.30074e-03 5.19119e-03 5.07462e-03 4.96186e-03 4.84888e-03 4.73041e-03 4.60309e-03 4.46076e-03 4.29499e-03 4.10121e-03 3.88272e-03 3.65001e-03 3.41632e-03 3.19196e-03 2.98314e-03 2.79628e-03 2.64051e-03 2.51678e-03 2.40612e-03 2.29268e-03 2.18965e-03 2.11802e-03 2.08149e-03 2.07169e-03 2.07839e-03 2.09372e-03 2.11133e-03 2.11671e-03 2.07731e-03 1.97030e-03 1.82689e-03 1.68756e-03 1.54522e-03 1.39847e-03 1.25931e-03 1.12794e-03 1.03014e-03 9.70004e-04 9.31021e-04 9.09427e-04 9.06817e-04 9.20096e-04 9.39823e-04 9.55875e-04 9.60644e-04 9.44653e-04 9.00254e-04 8.31686e-04 7.50665e-04 6.65985e-04 5.81223e-04 4.96669e-04 4.09532e-04 3.17596e-04 2.29053e-04 1.55739e-04 1.00409e-04 6.00525e-05 3.18471e-05 1.40498e-05 4.72366e-06 1.12054e-06 2.05153e-07 2.92263e-08 1.82172e-09 1.58077e-11
23.258874 5.12431e-04 2.69044e-03 4.84803e-03 5.78784e-03 6.50296e-03 7.63953e-03 9.01870e-03 1.00810e-02 1.06950e-02 1.09933e-02 1.11667e-02 1.14337e-02 1.19004e-02 1.24346e-02 1.27416e-02 1.27116e-02 1.24765e-02 1.21906e-02 1.19011e-02 1.15677e-02 1.11505e-02 1.06860e-02 1.02513e-02 9.84736e-03 9.41084e-03 8.92421e-03 8.40444e-03 7.87923e-03 7.41328e-03 7.07404e-03 6.86233e-03 6.73112e-03 6.63747e-03 6.55536e-03 6.47770e-03 6.41441e-03 6.37622e-03 6.36144e-03 6.35257e-03 6.33383e-03 6.30955e-03 6.29390e-03 6.29327e-03 6.30694e-03 6.33244e-03 6.36227e-03 6.38226e-03 6.38147e-03 6.36003e-03 6.32375e-03 6.27823e-03 6.22602e-03 6.16078e-03 6.06754e-03 5.93841e-03 5.78656e-03 5.63583e-03 5.49957e-03 5.37349e-03 5.24880e-03 5.12802e-03 5.02029e-03 4.92744e-03 4.84161e-03 4.75767e-03 4.68067e-03 4.60030e-03 4.49022e-03 4.33720e-03 4.14442e-03 3.92237e-03 3.68738e-03 3.45830e-03 3.24913e-03 3.06600e-03 2.90877e-03 2.77401e-03 2.65732e-03 2.55398e-03 2.45940e-03 2.36911e-03 2.27923e-03 2.18853e-03 2.09635e-03 1.99868e-03 1.89474e-03 1.79142e-03 1.69997e-03 1.61974e-03 1.55312e-03 1.50935e-03 1.48804e-03 1.48049e-03 1.46621e-03 1.40081e-03 1.23758e-03 1.01231e-03 8.24795e-04 7.19754e-04 6.70530e-04 6.45235e-04 6.29402e-04 6.18427e-04 6.14061e-04 6.17793e-04 6.27257e-04 6.39548e-04 6.53370e-04 6.67987e-04 6.81980e-04 6.91850e-04 6.92104e-04 6.78007e-04 6.48243e-04 6.02604e-04 5.38394e-04 4.52984e-04 3.48895e-04 2.37199e-04 1.38759e-04 6.99477e-05 3.00241e-05 1.05299e-05 3.09918e-06 9.15827e-07 2.07569e-07 1.63029e-08 2.00921e-10
23.508969 5.93289e-04 3.68468e-03 6.82531e-03 7.99349e-03 8.43531e-03 8.75405e-03 9.41247e-03 1.03998e-02 1.13552e-02 1.20710e-02 1.25139e-02 1.27436e-02 1.27476e-02 1.25042e-02 1.22037e-02 1.21162e-02 1.22753e-02 1.24723e-02 1.24900e-02 1.22334e-02 1.17193e-02 1.10662e-02 1.04230e-02 9.84598e-03 9.31149e-03 8.79092e-03 8.27864e-03 7.81619e-03 7.46178e-03 7.23913e-03 7.13004e-03 7.09093e-03 7.07420e-03 7.03928e-03 6.96710e-03 6.86890e-03 6.76951e-03 6.68798e-03 6.63715e-03 6.63064e-03 6.67786e-03 6.77494e-03 6.90162e-03 7.03106e-03 7.13890e-03 7.20165e-03 7.20464e-03 7.14927e-03 7.04484e-03 6.90063e-03 6.72348e-03 6.52207e-03 6.31366e-03 6.12107e-03 5.96191e-03 5.84105e-03 5.75109e-03 5.67881e-03 5.61149e-03 5.53929e-03 5.45030e-03 5.32844e-03 5.18285e-03 5.04874e-03 4.93999e-03 4.84232e-03 4.73318e-03 4.58937e-03 4.39528e-03 4.15557e-03 3.89208e-03 3.62819e-03 3.37907e-03 3.15032e-03 2.94165e-03 2.75236e-03 2.58383e-03 2.43770e-03 2.31354e-03 2.20898e-03 2.12038e-03 2.04200e-03 1.96791e-03 1.89461e-03 1.82489e-03 1.75978e-03 1.69715e-03 1.63734e-03 1.57901e-03 1.51940e-03 1.45729e-03 1.39365e-03 1.32990e-03 1.26647e-03 1.20259e-03 1.13674e-03 1.06735e-03 9.93709e-04 9.16598e-04 8.36556e-04 7.49347e-04 6.47000e-04 5.37992e-04 4.54980e-04 4.09789e-04 3.83296e-04 3.60673e-04 3.37384e-04 3.14231e-04 2.93794e-04 2.78411e-04 2.68922e-04 2.64795e-04 2.65730e-04 2.70622e-04 2.75518e-04 2.74980e-04 2.64997e-04 2.44336e-04 2.13293e-04 1.72936e-04 1.26965e-04 8.14888e-05 4.25794e-05 1.54370e-05 2.81741e-06 1.51307e-07 1.11521e-09
23.759064 6.90624e-04 5.09453e-03 8.86629e-03 9.22290e-03 9.39232e-03 1.01461e-02 1.11542e-02 1.19351e-02 1.22303e-02 1.21136e-02 1.17980e-02 1.14954e-02 1.13657e-02 1.14348e-02 1.17303e-02 1.21719e-02 1.24424e-02 1.23054e-02 1.18259e-02 1.11965e-02 1.05399e-02 9.92850e-03 9.43099e-03 9.03436e-03 8.66086e-03 8.27459e-03 7.90678e-03 7.59884e-03 7.35494e-03 7.18824e-03 7.11085e-03 7.08826e-03 7.07734e-03 7.05854e-03 7.03537e-03 7.02426e-03 7.03679e-03 7.07535e-03 7.14026e-03 7.22889e-03 7.33263e-03 7.43867e-03 7.52988e-03 7.59146e-03 7.62603e-03 7.65311e-03 7.68265e-03 7.69057e-03 7.64050e-03 7.52588e-03 7.37261e-03 7.21717e-03 7.08930e-03 7.00152e-03 6.94873e-03 6.91678e-03 6.89133e-03 6.85960e-03 6.80657e-03 6.71736e-03 6.58652e-03 6.41631e-03 6.20668e-03 5.95684e-03 5.67160e-03 5.36213e-03 5.04460e-03 4.73472e-03 4.44180e-03 4.17017e-03 3.92068e-03 3.68971e-03 3.46946e-03 3.24995e-03 3.02318e-03 2.79007e-03 2.56338e-03 2.36200e-03 2.19759e-03 2.06449e-03 1.95647e-03 1.86946e-03 1.79739e-03 1.74019e-03 1.69887e-03 1.67174e-03 1.65499e-03 1.64292e-03 1.62939e-03 1.60972e-03 1.58156e-03 1.54459e-03 1.49970e-03 1.44798e-03 1.39006e-03 1.32569e-03 1.25364e-03 1.17267e-03 1.08343e-03 9.89036e-04 8.93493e-04 7.99278e-04 7.06531e-04 6.15540e-04 5.30365e-04 4.58652e-04 4.04257e-04 3.60417e-04 3.19091e-04 2.80788e-04 2.48694e-04 2.23178e-04 2.05083e-04 1.95671e-04 1.93655e-04 1.95714e-04 1.99113e-04 2.01317e-04 1.98892e-04 1.89218e-04 1.71294e-04 1.44694e-04 1.09831e-04 6.97273e-05 3.17907e-05 7.53339e-06 5.16782e-07 4.54017e-09
24.009160 8.24264e-04 4.78671e-03 8.37058e-03 9.47236e-03 1.02143e-02 1.10106e-02 1.14179e-02 1.13962e-02 1.13127e-02 1.13583e-02 1.14641e-02 1.15454e-02 1.16015e-02 1.16892e-02 1.17966e-02 1.17834e-02 1.15100e-02 1.09944e-02 1.03697e-02 9.73074e-03 9.12864e-03 8.63397e-03 8.27691e-03 8.01611e-03 7.80181e-03 7.60768e-03 7.44190e-03 7.32128e-03 7.24187e-03 7.21117e-03 7.24230e-03 7.30100e-03 7.34205e-03 7.34497e-03 7.31164e-03 7.26361e-03 7.22938e-03 7.23055e-03 7.27949e-03 7.37660e-03 7.50340e-03 7.62789e-03 7.72734e-03 7.80184e-03 7.86379e-03 7.92501e-03 7.99939e-03 8.10496e-03 8.24767e-03 8.39931e-03 8.51143e-03 8.56751e-03 8.59325e-03 8.61192e-03 8.61376e-03 8.56300e-03 8.42602e-03 8.19731e-03 7.90078e-03 7.57206e-03 7.24188e-03 6.92595e-03 6.62314e-03 6.32592e-03 6.02995e-03 5.73345e-03 5.43804e-03 5.14912e-03 4.87033e-03 4.60110e-03 4.33795e-03 4.07455e-03 3.80373e-03 3.52329e-03 3.24389e-03 2.99128e-03 2.78123e-03 2.60539e-03 2.45323e-03 2.31510e-03 2.18960e-03 2.08303e-03 1.99786e-03 1.93085e-03 1.87737e-03 1.83346e-03 1.79539e-03 1.75951e-03 1.72307e-03 1.68502e-03 1.64605e-03 1.60733e-03 1.56907e-03 1.53003e-03 1.48851e-03 1.44314e-03 1.39272e-03 1.33587e-03 1.27107e-03 1.19712e-03 1.11330e-03 1.01929e-03 9.15191e-04 8.02579e-04 6.87614e-04 5.82990e-04 4.96898e-04 4.25479e-04 3.62576e-04 3.03234e-04 2.46365e-04 1.96208e-04 1.54695e-04 1.22225e-04 1.00843e-04 8.95413e-05 8.40111e-05 8.14358e-05 8.03629e-05 7.86004e-05 7.34839e-05 6.33842e-05 4.81722e-05 2.98163e-05 1.30015e-05 2.99706e-06 2.13718e-07 2.21735e-09
24.259255 9.56878e-04 4.43522e-03 8.01294e-03 9.57119e-03 9.93833e-03 9.87476e-03 9.95970e-03 1.04601e-02 1.11966e-02 1.17797e-02 1.19257e-02 1.17481e-02 1.16020e-02 1.16274e-02 1.16334e-02 1.13942e-02 1.08871e-02 1.02129e-02 9.46621e-03 8.72814e-03 8.08698e-03 7.60261e-03 7.27851e-03 7.09297e-03 7.02076e-03 7.03715e-03 7.11302e-03 7.21011e-03 7.29599e-03 7.36597e-03 7.42190e-03 7.44281e-03 7.41818e-03 7.37282e-03 7.33372e-03 7.30773e-03 7.29454e-03 7.30489e-03 7.35682e-03 7.45960e-03 7.60988e-03 7.80250e-03 8.03908e-03 8.31805e-03 8.61241e-03 8.86458e-03 9.02566e-03 9.11204e-03 9.18193e-03 9.25799e-03 9.32526e-03 9.36781e-03 9.36986e-03 9.31437e-03 9.19891e-03 9.03037e-03 8.80510e-03 8.51440e-03 8.16371e-03 7.78447e-03 7.43471e-03 7.15204e-03 6.90532e-03 6.64716e-03 6.36402e-03 6.06155e-03 5.74409e-03 5.40951e-03 5.07272e-03 4.77122e-03 4.52236e-03 4.30424e-03 4.08867e-03 3.86847e-03 3.65968e-03 3.47850e-03 3.32002e-03 3.16640e-03 3.00316e-03 2.83438e-03 2.67448e-03 2.53262e-03 2.40887e-03 2.29794e-03 2.19455e-03 2.09643e-03 2.00378e-03 1.91752e-03 1.83835e-03 1.76661e-03 1.70245e-03 1.64560e-03 1.59523e-03 1.55040e-03 1.51000e-03 1.47207e-03 1.43385e-03 1.39250e-03 1.34559e-03 1.29105e-03 1.22692e-03 1.15153e-03 1.06420e-03 9.66075e-04 8.60461e-04 7.52305e-04 6.46762e-04 5.47367e-04 4.54433e-04 3.64790e-04 2.78197e-04 2.04273e-04 1.46985e-04 1.02239e-04 7.07003e-05 5.09740e-05 3.74457e-05 2.72778e-05 1.97241e-05 1.47346e-05 1.21439e-05 1.07742e-05 8.97649e-06 6.04065e-06 2.75229e-06 6.30329e-07 4.48123e-08 5.37943e-10
24.509351 1.09060e-03 4.73484e-03 8.37852e-03 9.52091e-03 9.25141e-03 9.03961e-03 9.32061e-03 9.93211e-03 1.05616e-02 1.10942e-02 1.15515e-02 1.19410e-02 1.22401e-02 1.23239e-02 1.20575e-02 1.14793e-02 1.07246e-02 9.88356e-03 9.00590e-03 8.16951e-03 7.49072e-03 7.05277e-03 6.83970e-03 6.77367e-03 6.78394e-03 6.82788e-03 6.88164e-03 6.92278e-03 6.95142e-03 7.00987e-03 7.12409e-03 7.25079e-03 7.32538e-03 7.32874e-03 7.29089e-03 7.25546e-03 7.25820e-03 7.32108e-03 7.44917e-03 7.63987e-03 7.89556e-03 8.21925e-03 8.59986e-03 8.99620e-03 9.32479e-03 9.51605e-03 9.60407e-03 9.66285e-03 9.70217e-03 9.71422e-03 9.72255e-03 9.73586e-03 9.72086e-03 9.63262e-03 9.45159e-03 9.19453e-03 8.90135e-03 8.61297e-03 8.34651e-03 8.08501e-03 7.79514e-03 7.45820e-03 7.08266e-03 6.68731e-03 6.28351e-03 5.86632e-03 5.44337e-03 5.05045e-03 4.71548e-03 4.44338e-03 4.22301e-03 4.03212e-03 3.85003e-03 3.66883e-03 3.49070e-03 3.32129e-03 3.16225e-03 3.00975e-03 2.86188e-03 2.72027e-03 2.58835e-03 2.47030e-03 2.36916e-03 2.28211e-03 2.19880e-03 2.10985e-03 2.01581e-03 1.92496e-03 1.84565e-03 1.78190e-03 1.73324e-03 1.69659e-03 1.66815e-03 1.64437e-03 1.62223e-03 1.59900e-03 1.57203e-03 1.53838e-03 1.49500e-03 1.43940e-03 1.37051e-03 1.28887e-03 1.19567e-03 1.09227e-03 9.80680e-04 8.63109e-04 7.42361e-04 6.23771e-04 5.14539e-04 4.20392e-04 3.43204e-04 2.80642e-04 2.30524e-04 1.94486e-04 1.70984e-04 1.54557e-04 1.41389e-04 1.27071e-04 1.07454e-04 8.13152e-05 5.21222e-05 2.66174e-05 1.00580e-05 2.58939e-06 4.47987e-07 5.56275e-08 3.01892e-09 3.25883e-11
24.759446 1.15374e-03 4.76415e-03 8.10092e-03 9.04304e-03 8.90547e-03 8.79845e-03 8.94003e-03 9.43607e-03 1.02301e-02 1.10748e-02 1.17821e-02 1.23195e-02 1.26807e-02 1.27479e-02 1.23975e-02 1.16787e-02 1.07403e-02 9.71930e-03 8.75159e-03 7.97101e-03 7.44487e-03 7.12705e-03 6.93630e-03 6.82834e-03 6.78333e-03 6.76383e-03 6.72633e-03 6.64624e-03 6.53372e-03 6.44436e-03 6.43418e-03 6.52018e-03 6.71154e-03 7.00543e-03 7.33816e-03 7.60372e-03 7.74789e-03 7.81090e-03 7.87606e-03 8.01151e-03 8.24560e-03 8.56752e-03 8.94089e-03 9.30700e-03 9.58539e-03 9.72233e-03 9.74643e-03 9.72662e-03 9.70147e-03 9.69998e-03 9.76221e-03 9.87290e-03 9.95549e-03 9.95886e-03 9.88231e-03 9.73070e-03 9.48732e-03 9.13011e-03 8.67412e-03 8.18832e-03 7.74070e-03 7.34280e-03 6.96864e-03 6.59224e-03 6.20354e-03 5.83180e-03 5.48597e-03 5.09867e-03 4.67920e-03 4.29805e-03 3.96777e-03 3.66928e-03 3.39383e-03 3.14477e-03 2.92785e-03 2.74344e-03 2.58320e-03 2.43461e-03 2.29066e-03 2.15351e-03 2.02877e-03 1.92056e-03 1.83112e-03 1.76087e-03 1.70813e-03 1.66976e-03 1.64234e-03 1.62276e-03 1.60813e-03 1.59608e-03 1.58491e-03 1.57314e-03 1.55886e-03 1.53979e-03 1.51419e-03 1.48163e-03 1.44248e-03 1.39701e-03 1.34503e-03 1.28600e-03 1.21982e-03 1.14825e-03 1.07557e-03 1.00620e-03 9.41561e-04 8.81044e-04 8.24241e-04 7.70962e-04 7.21275e-04 6.75526e-04 6.32842e-04 5.88235e-04 5.39233e-04 4.93909e-04 4.57051e-04 4.25237e-04 3.94454e-04 3.62132e-04 3.25709e-04 2.82082e-04 2.28859e-04 1.67163e-04 1.04098e-04 5.11240e-05 1.73397e-05 3.09808e-06 1.65151e-07 9.96207e-10
25.009542 1.20086e-03 4.46564e-03 7.38919e-03 8.40475e-03 8.53512e-03 8.87360e-03 9.56789e-03 1.04054e-02 1.11295e-02 1.16182e-02 1.19180e-02 1.21599e-02 1.24106e-02 1.25283e-02 1.22763e-02 1.15939e-02 1.06247e-02 9.57655e-03 8.62925e-03 7.89386e-03 7.40013e-03 7.10277e-03 6.91294e-03 6.76766e-03 6.65620e-03 6.56880e-03 6.48890e-03 6.39522e-03 6.27371e-03 6.16073e-03 6.11302e-03 6.14386e-03 6.23613e-03 6.38337e-03 6.61703e-03 6.99801e-03 7.52437e-03 8.05133e-03 8.40289e-03 8.55358e-03 8.61584e-03 8.70750e-03 8.88256e-03 9.12740e-03 9.37661e-03 9.55910e-03 9.65763e-03 9.71299e-03 9.77493e-03 9.87261e-03 1.00297e-02 1.02718e-02 1.05859e-02 1.08807e-02 1.10308e-02 1.09900e-02 1.08037e-02 1.04543e-02 9.90180e-03 9.23237e-03 8.56938e-03 7.95293e-03 7.35975e-03 6.79287e-03 6.26531e-03 5.77649e-03 5.31565e-03 4.87627e-03 4.46399e-03 4.08817e-03 3.75068e-03 3.44993e-03 3.18563e-03 2.95471e-03 2.74917e-03 2.56059e-03 2.38583e-03 2.22705e-03 2.08654e-03 1.96314e-03 1.85362e-03 1.75562e-03 1.66900e-03 1.59496e-03 1.53396e-03 1.48444e-03 1.44319e-03 1.40704e-03 1.37408e-03 1.34331e-03 1.31373e-03 1.28429e-03 1.25446e-03 1.22415e-03 1.19272e-03 1.15882e-03 1.12108e-03 1.07915e-03 1.03442e-03 9.89965e-04 9.49194e-04 9.14174e-04 8.85088e-04 8.61149e-04 8.42139e-04 8.28129e-04 8.17244e-04 8.05620e-04 7.91326e-04 7.79937e-04 7.78997e-04 7.87040e-04 7.96966e-04 8.03732e-04 8.04171e-04 7.95139e-04 7.74088e-04 7.39286e-04 6.89144e-04 6.21623e-04 5.34246e-04 4.25373e-04 2.98737e-04 1.70616e-04 6.85091e-05 1.43636e-05 8.72534e-07 6.13709e-09
25.259637 1.20616e-03 4.16437e-03 6.88318e-03 8.29800e-03 9.06583e-03 9.72723e-03 1.02909e-02 1.08633e-02 1.14542e-02 1.18944e-02 1.20853e-02 1.21095e-02 1.20844e-02 1.19812e-02 1.16498e-02 1.10023e-02 1.01202e-02 9.19690e-03 8.40350e-03 7.80940e-03 7.39340e-03 7.09337e-03 6.85130e-03 6.64654e-03 6.50634e-03 6.43747e-03 6.39713e-03 6.34443e-03 6.26303e-03 6.17319e-03 6.11194e-03 6.09940e-03 6.13968e-03 6.23218e-03 6.36968e-03 6.53272e-03 6.70812e-03 6.95195e-03 7.40539e-03 8.12919e-03 8.92900e-03 9.52762e-03 9.88991e-03 1.01537e-02 1.03829e-02 1.05553e-02 1.06452e-02 1.06241e-02 1.04726e-02 1.02560e-02 1.00877e-02 1.00054e-02 9.98830e-03 1.00123e-02 1.00427e-02 1.00294e-02 9.93270e-03 9.73735e-03 9.44530e-03 9.07399e-03 8.63844e-03 8.12782e-03 7.53130e-03 6.87990e-03 6.23520e-03 5.64982e-03 5.14092e-03 4.69772e-03 4.30503e-03 3.95649e-03 3.65392e-03 3.39610e-03 3.17170e-03 2.96792e-03 2.77988e-03 2.60801e-03 2.45268e-03 2.31202e-03 2.18214e-03 2.05830e-03 1.93616e-03 1.81418e-03 1.69524e-03 1.58406e-03 1.48327e-03 1.39240e-03 1.31081e-03 1.24057e-03 1.18463e-03 1.14357e-03 1.11482e-03 1.09356e-03 1.07510e-03 1.05694e-03 1.03841e-03 1.01957e-03 1.00060e-03 9.80947e-04 9.59135e-04 9.34077e-04 9.06528e-04 8.79668e-04 8.57605e-04 8.42783e-04 8.35353e-04 8.35068e-04 8.43268e-04 8.61827e-04 8.91707e-04 9.31067e-04 9.73386e-04 1.01234e-03 1.04590e-03 1.07225e-03 1.08818e-03 1.09128e-03 1.08002e-03 1.05165e-03 1.00179e-03 9.25872e-04 8.20179e-04 6.81101e-04 5.06288e-04 3.09164e-04 1.33263e-04 3.00105e-05 1.95007e-06 1.49524e-08
25.509732 1.21321e-03 4.39320e-03 7.45070e-03 8.77084e-03 9.02601e-03 9.30074e-03 9.88494e-03 1.06615e-02 1.13923e-02 1.18635e-02 1.19856e-02 1.18223e-02 1.15027e-02 1.10701e-02 1.04949e-02 9.82125e-03 9.13886e-03 8.51254e-03 7.98993e-03 7.58933e-03 7.28466e-03 7.03402e-03 6.82522e-03 6.66898e-03 6.58125e-03 6.57321e-03 6.60225e-03 6.60141e-03 6.59140e-03 6.72522e-03 7.06918e-03 7.38052e-03 7.40476e-03 7.30403e-03 7.38555e-03 7.67123e-03 7.98220e-03 8.16986e-03 8.18514e-03 8.07169e-03 7.94359e-03 7.92084e-03 8.07176e-03 8.38821e-03 8.79706e-03 9.19267e-03 9.48751e-03 9.65262e-03 9.70366e-03 9.66897e-03 9.58890e-03 9.50633e-03 9.43745e-03 9.37296e-03 9.30644e-03 9.24291e-03 9.18270e-03 9.11708e-03 9.03882e-03 8.93833e-03 8.78686e-03 8.53861e-03 8.14630e-03 7.59206e-03 6.91865e-03 6.20854e-03 5.54104e-03 4.96079e-03 4.47338e-03 4.06584e-03 3.72486e-03 3.44226e-03 3.21157e-03 3.02230e-03 2.86046e-03 2.71439e-03 2.57833e-03 2.45064e-03 2.32943e-03 2.21098e-03 2.09235e-03 1.97286e-03 1.85216e-03 1.73065e-03 1.61346e-03 1.50896e-03 1.42127e-03 1.34595e-03 1.27271e-03 1.19570e-03 1.11956e-03 1.05210e-03 9.97196e-04 9.52639e-04 9.14500e-04 8.83633e-04 8.62161e-04 8.47290e-04 8.32850e-04 8.14508e-04 7.94117e-04 7.80337e-04 7.82628e-04 8.03706e-04 8.39460e-04 8.84415e-04 9.34459e-04 9.86739e-04 1.03994e-03 1.09069e-03 1.13375e-03 1.17094e-03 1.20568e-03 1.23591e-03 1.25760e-03 1.26590e-03 1.25494e-03 1.22361e-03 1.17828e-03 1.11919e-03 1.03012e-03 8.88971e-04 6.84051e-04 4.32637e-04 1.94239e-04 4.56982e-05 3.08163e-06 2.45137e-08
25.759828 1.32877e-03 4.75279e-03 7.50849e-03 8.23516e-03 8.40381e-03 8.93297e-03 9.73212e-03 1.05380e-02 1.11228e-02 1.13485e-02 1.12093e-02 1.08760e-02 1.05612e-02 1.02390e-02 9.74148e-03 9.09256e-03 8.46516e-03 7.96622e-03 7.59696e-03 7.30720e-03 7.11416e-03 7.20759e-03 7.68485e-03 8.16510e-03 8.25918e-03 8.15199e-03 8.14809e-03 8.25971e-03 8.34045e-03 8.26904e-03 8.03516e-03 7.71349e-03 7.38933e-03 7.09883e-03 6.88486e-03 6.80385e-03 6.83763e-03 6.93405e-03 7.05257e-03 7.17210e-03 7.29232e-03 7.40666e-03 7.50904e-03 7.61807e-03 7.76272e-03 7.95597e-03 8.19026e-03 8.42789e-03 8.61088e-03 8.70551e-03 8.71831e-03 8.67475e-03 8.60861e-03 8.56220e-03 8.56751e-03 8.62542e-03 8.70748e-03 8.77218e-03 8.78929e-03 8.75754e-03 8.69157e-03 8.58832e-03 8.42097e-03 8.15474e-03 7.75950e-03 7.24239e-03 6.65002e-03 6.04166e-03 5.46972e-03 4.96406e-03 4.52838e-03 4.15483e-03 3.83654e-03 3.56810e-03 3.34462e-03 3.16158e-03 3.01242e-03 2.88692e-03 2.77271e-03 2.65897e-03 2.53956e-03 2.41336e-03 2.28172e-03 2.14594e-03 2.00843e-03 1.87598e-03 1.75844e-03 1.65799e-03 1.56327e-03 1.47257e-03 1.40460e-03 1.36007e-03 1.32160e-03 1.27952e-03 1.22626e-03 1.14179e-03 1.00780e-03 8.54462e-04 7.38026e-04 6.71529e-04 6.40305e-04 6.30796e-04 6.33411e-04 6.44382e-04 6.64794e-04 6.96529e-04 7.38850e-04 7.88931e-04 8.44591e-04 9.01148e-04 9.54825e-04 1.00331e-03 1.04003e-03 1.06189e-03 1.07193e-03 1.07464e-03 1.07050e-03 1.05266e-03 1.00914e-03 9.42153e-04 8.69022e-04 7.75304e-04 6.18692e-04 3.97354e-04 1.77672e-04 4.15354e-05 2.79857e-06 2.23855e-08
26.009923 1.62429e-03 4.88044e-03 7.13807e-03 8.08096e-03 8.68535e-03 9.39187e-03 9.94180e-03 1.01962e-02 1.03237e-02 1.04712e-02 1.05614e-02 1.04670e-02 1.01642e-02 9.72885e-03 9.33159e-03 9.10249e-03 8.88447e-03 8.49545e-03 8.08380e-03 7.86534e-03 7.86904e-03 8.05020e-03 8.32980e-03 8.51669e-03 8.47189e-03 8.28105e-03 8.08222e-03 7.93049e-03 7.82952e-03 7.72563e-03 7.57490e-03 7.44600e-03 7.39060e-03 7.36960e-03 7.34584e-03 7.30563e-03 7.22880e-03 7.10489e-03 6.97495e-03 6.89301e-03 6.86769e-03 6.88769e-03 6.92896e-03 6.94756e-03 6.92808e-03 6.92022e-03 6.99089e-03 7.15368e-03 7.37016e-03 7.58987e-03 7.75640e-03 7.83359e-03 7.84664e-03 7.84959e-03 7.87333e-03 7.92173e-03 7.98897e-03 8.07378e-03 8.17688e-03 8.29190e-03 8.40312e-03 8.48682e-03 8.51332e-03 8.45068e-03 8.27539e-03 7.98096e-03 7.58866e-03 7.14453e-03 6.68792e-03 6.23890e-03 5.80893e-03 5.40211e-03 5.01310e-03 4.63814e-03 4.28541e-03 3.96898e-03 3.69640e-03 3.46579e-03 3.27078e-03 3.10365e-03 2.95518e-03 2.81523e-03 2.67434e-03 2.52441e-03 2.36003e-03 2.18298e-03 2.00731e-03 1.85706e-03 1.75089e-03 1.68525e-03 1.64374e-03 1.61695e-03 1.59581e-03 1.56134e-03 1.50241e-03 1.41094e-03 1.28578e-03 1.14638e-03 1.01788e-03 9.10493e-04 8.31403e-04 7.86738e-04 7.67015e-04 7.57207e-04 7.49018e-04 7.38699e-04 7.24170e-04 7.06032e-04 6.89121e-04 6.78429e-04 6.74755e-04 6.77447e-04 6.83012e-04 6.87959e-04 6.91129e-04 6.90439e-04 6.84308e-04 6.73159e-04 6.55717e-04 6.22912e-04 5.66733e-04 4.98801e-04 4.13219e-04 2.81929e-04 1.31170e-04 3.09129e-05 2.05582e-06 1.59156e-08
26.260019 1.76949e-03 4.88880e-03 7.18818e-03 8.68301e-03 9.40762e-03 9.64629e-03 9.74574e-03 9.94177e-03 1.01535e-02 1.02210e-02 1.00674e-02 9.75857e-03 9.47952e-03 9.28034e-03 9.05413e-03 8.76767e-03 8.50222e-03 8.33988e-03 8.25339e-03 8.10717e-03 7.86864e-03 7.66118e-03 7.57315e-03 7.59371e-03 7.66800e-03 7.77768e-03 7.95754e-03 8.15214e-03 8.30886e-03 8.48180e-03 8.66000e-03 8.73800e-03 8.66561e-03 8.48447e-03 8.21958e-03 7.85481e-03 7.40594e-03 6.97106e-03 6.64454e-03 6.43956e-03 6.32804e-03 6.28133e-03 6.28057e-03 6.31996e-03 6.39978e-03 6.50407e-03 6.59476e-03 6.64995e-03 6.68117e-03 6.72587e-03 6.84486e-03 7.05147e-03 7.28292e-03 7.47753e-03 7.60642e-03 7.65829e-03 7.65082e-03 7.62959e-03 7.62980e-03 7.66892e-03 7.76085e-03 7.90075e-03 8.04985e-03 8.15997e-03 8.20283e-03 8.16479e-03 8.03070e-03 7.78923e-03 7.45790e-03 7.08279e-03 6.70570e-03 6.34487e-03 5.99718e-03 5.64758e-03 5.28366e-03 4.90694e-03 4.53216e-03 4.17838e-03 3.86022e-03 3.58263e-03 3.34108e-03 3.12591e-03 2.92624e-03 2.73286e-03 2.53999e-03 2.34665e-03 2.16018e-03 1.99975e-03 1.88933e-03 1.83225e-03 1.79762e-03 1.76605e-03 1.74698e-03 1.72720e-03 1.68682e-03 1.62183e-03 1.53311e-03 1.42595e-03 1.30858e-03 1.19668e-03 1.10586e-03 1.02934e-03 9.64567e-04 9.12642e-04 8.62786e-04 8.11092e-04 7.57241e-04 7.02165e-04 6.48008e-04 5.96080e-04 5.47966e-04 5.04864e-04 4.65717e-04 4.31255e-04 4.03871e-04 3.81789e-04 3.59515e-04 3.35306e-04 3.10835e-04 2.85461e-04 2.55929e-04 2.19733e-04 1.78313e-04 1.28653e-04 6.68818e-05 1.72640e-05 1.19717e-06 9.19556e-09
26.510114 1.52462e-03 5.03214e-03 8.62368e-03 1.06322e-02 1.05740e-02 9.67679e-03 9.00230e-03 8.73867e-03 8.70827e-03 8.72986e-03 8.71357e-03 8.67758e-03 8.66464e-03 8.67594e-03 8.67438e-03 8.62457e-03 8.51322e-03 8.36307e-03 8.23068e-03 8.16235e-03 8.15805e-03 8.19076e-03 8.28687e-03 8.44223e-03 8.59438e-03 8.70697e-03 8.80897e-03 8.93043e-03 9.06666e-03 9.21650e-03 9.37511e-03 9.49661e-03 9.47571e-03 9.18696e-03 8.63725e-03 8.03976e-03 7.56380e-03 7.19170e-03 6.85726e-03 6.55106e-03 6.31529e-03 6.17455e-03 6.11469e-03 6.11001e-03 6.13843e-03 6.18630e-03 6.24995e-03 6.33231e-03 6.43168e-03 6.52693e-03 6.58979e-03 6.62247e-03 6.64163e-03 6.63908e-03 6.62911e-03 6.67636e-03 6.80248e-03 6.95122e-03 7.06989e-03 7.15492e-03 7.21771e-03 7.25228e-03 7.26783e-03 7.31694e-03 7.43659e-03 7.60617e-03 7.75764e-03 7.82516e-03 7.77599e-03 7.60619e-03 7.34543e-03 7.02912e-03 6.67016e-03 6.27739e-03 5.87101e-03 5.47187e-03 5.08959e-03 4.72243e-03 4.36526e-03 4.01761e-03 3.68479e-03 3.37221e-03 3.08159e-03 2.81217e-03 2.56407e-03 2.34080e-03 2.14845e-03 1.99556e-03 1.89311e-03 1.83832e-03 1.80619e-03 1.78438e-03 1.77782e-03 1.77700e-03 1.76913e-03 1.74860e-03 1.70638e-03 1.63165e-03 1.53253e-03 1.44123e-03 1.36659e-03 1.29339e-03 1.22111e-03 1.14700e-03 1.07141e-03 9.99150e-04 9.27059e-04 8.51017e-04 7.72546e-04 6.92559e-04 6.08524e-04 5.22918e-04 4.39669e-04 3.62124e-04 2.93863e-04 2.34689e-04 1.81281e-04 1.37920e-04 1.09984e-04 9.16019e-05 7.60185e-05 6.08882e-05 4.60790e-05 3.22382e-05 1.79181e-05 5.08537e-06 3.71415e-07 2.81220e-09
26.760209 1.34814e-03 6.59029e-03 9.52865e-03 8.31571e-03 7.85486e-03 8.33351e-03 8.75622e-03 8.88374e-03 8.83699e-03 8.75220e-03 8.68161e-03 8.62311e-03 8.57243e-03 8.54874e-03 8.57628e-03 8.66114e-03 8.77563e-03 8.88924e-03 8.96309e-03 8.91445e-03 8.74327e-03 8.59114e-03 8.66039e-03 8.84551e-03 9.01065e-03 9.11528e-03 9.15023e-03 9.12216e-03 9.07343e-03 9.05041e-03 9.04553e-03 9.07343e-03 9.15988e-03 9.19960e-03 9.06343e-03 8.75515e-03 8.35618e-03 7.94555e-03 7.58340e-03 7.28973e-03 7.03952e-03 6.81560e-03 6.62978e-03 6.49081e-03 6.38782e-03 6.30301e-03 6.22788e-03 6.16528e-03 6.12149e-03 6.09977e-03 6.09985e-03 6.11996e-03 6.15560e-03 6.19643e-03 6.23520e-03 6.28461e-03 6.36650e-03 6.48160e-03 6.60428e-03 6.71344e-03 6.81385e-03 6.91190e-03 6.99446e-03 7.04211e-03 7.05415e-03 7.05843e-03 7.08257e-03 7.13843e-03 7.23230e-03 7.34896e-03 7.41719e-03 7.34223e-03 7.08525e-03 6.68241e-03 6.20089e-03 5.70076e-03 5.21957e-03 4.77097e-03 4.35207e-03 3.95363e-03 3.57083e-03 3.20778e-03 2.87263e-03 2.57363e-03 2.31900e-03 2.11368e-03 1.95530e-03 1.83783e-03 1.75671e-03 1.70477e-03 1.67302e-03 1.65752e-03 1.65699e-03 1.66822e-03 1.68595e-03 1.70322e-03 1.71223e-03 1.70282e-03 1.65962e-03 1.58796e-03 1.52543e-03 1.48307e-03 1.44048e-03 1.38008e-03 1.30460e-03 1.22419e-03 1.14198e-03 1.05639e-03 9.65962e-04 8.65831e-04 7.56431e-04 6.45768e-04 5.39686e-04 4.37907e-04 3.33508e-04 2.22040e-04 1.21667e-04 6.15064e-05 3.71597e-05 2.68552e-05 2.01191e-05 1.46697e-05 1.00751e-05 6.31876e-06 3.31921e-06 9.75521e-07 7.58646e-08 5.83969e-10
27.010305 1.43870e-03 4.34445e-03 7.03220e-03 9.12395e-03 1.02486e-02 1.05157e-02 1.03272e-02 1.00122e-02 9.70597e-03 9.44461e-03 9.24917e-03 9.14577e-03 9.12420e-03 9.13432e-03 9.15349e-03 9.25278e-03 9.43263e-03 9.26266e-03 8.72167e-03 8.55768e-03 8.63820e-03 8.74187e-03 8.80391e-03 8.80097e-03 8.74608e-03 8.66838e-03 8.54120e-03 8.33312e-03 8.13666e-03 8.08977e-03 8.24074e-03 8.55713e-03 8.98209e-03 9.48109e-03 9.92030e-03 9.94517e-03 9.48118e-03 8.91158e-03 8.45221e-03 8.06539e-03 7.72238e-03 7.43389e-03 7.20716e-03 7.03680e-03 6.90966e-03 6.81204e-03 6.73408e-03 6.66864e-03 6.60933e-03 6.55264e-03 6.50063e-03 6.46043e-03 6.44129e-03 6.44946e-03 6.48296e-03 6.53171e-03 6.58443e-03 6.63521e-03 6.68571e-03 6.74232e-03 6.80565e-03 6.86423e-03 6.90481e-03 6.92520e-03 6.93656e-03 6.95695e-03 7.00075e-03 7.03931e-03 6.97574e-03 6.85505e-03 6.75463e-03 6.62805e-03 6.43854e-03 6.17289e-03 5.83022e-03 5.42489e-03 4.98126e-03 4.52377e-03 4.07184e-03 3.63664e-03 3.22451e-03 2.84555e-03 2.51452e-03 2.24225e-03 2.02817e-03 1.86101e-03 1.72710e-03 1.61964e-03 1.53790e-03 1.48019e-03 1.44364e-03 1.42578e-03 1.42392e-03 1.43491e-03 1.45397e-03 1.47364e-03 1.48790e-03 1.49824e-03 1.51209e-03 1.53306e-03 1.55348e-03 1.56267e-03 1.56122e-03 1.54695e-03 1.48799e-03 1.39556e-03 1.30590e-03 1.21390e-03 1.11144e-03 9.96272e-04 8.69532e-04 7.36076e-04 6.10213e-04 5.03188e-04 3.91760e-04 2.47098e-04 1.15047e-04 4.59813e-05 2.13036e-05 1.24330e-05 8.11581e-06 5.37044e-06 3.36684e-06 1.85748e-06 8.10754e-07 2.08062e-07 1.58617e-08 1.10697e-10
27.260400 1.52141e-03 7.86395e-03 1.40957e-02 1.55159e-02 1.45001e-02 1.30551e-02 1.18438e-02 1.10138e-02 1.05087e-02 1.01830e-02 9.91660e-03 9.71201e-03 9.62014e-03 9.67217e-03 9.83656e-03 9.81465e-03 9.66375e-03 9.65391e-03 9.58327e-03 9.34618e-03 9.01420e-03 8.67511e-03 8.38305e-03 8.16493e-03 8.01516e-03 7.92208e-03 7.89099e-03 7.89187e-03 7.87737e-03 7.85829e-03 7.86278e-03 7.88150e-03 7.89714e-03 7.90889e-03 7.91579e-03 7.93649e-03 8.04593e-03 8.36408e-03 8.89946e-03 9.29751e-03 9.18989e-03 8.80478e-03 8.50663e-03 8.30034e-03 8.08562e-03 7.86001e-03 7.66067e-03 7.50130e-03 7.37557e-03 7.27293e-03 7.18751e-03 7.12264e-03 7.08250e-03 7.05557e-03 7.01677e-03 6.95630e-03 6.89592e-03 6.86015e-03 6.84522e-03 6.83376e-03 6.81988e-03 6.80939e-03 6.81363e-03 6.84099e-03 6.87707e-03 6.88449e-03 6.83406e-03 6.71477e-03 6.53356e-03 6.32702e-03 6.11243e-03 5.87998e-03 5.61859e-03 5.32149e-03 4.99242e-03 4.63454e-03 4.25372e-03 3.86128e-03 3.47066e-03 3.09642e-03 2.75428e-03 2.45771e-03 2.21254e-03 2.01464e-03 1.85232e-03 1.71291e-03 1.59031e-03 1.48588e-03 1.40210e-03 1.33908e-03 1.29544e-03 1.26814e-03 1.25169e-03 1.24197e-03 1.23829e-03 1.24072e-03 1.24991e-03 1.26819e-03 1.29768e-03 1.33842e-03 1.38934e-03 1.44928e-03 1.51888e-03 1.59733e-03 1.64137e-03 1.57497e-03 1.41763e-03 1.25366e-03 1.13393e-03 1.02062e-03 8.95803e-04 7.60911e-04 6.29383e-04 5.18527e-04 4.12121e-04 2.76866e-04 1.46875e-04 6.84810e-05 3.18994e-05 1.53997e-05 7.70981e-06 3.92995e-06 1.96312e-06 9.01208e-07 3.34438e-07 7.57500e-08 5.64865e-09 3.08355e-11
27.510496 1.35225e-03 8.46847e-03 1.66953e-02 1.90157e-02 1.73781e-02 1.48838e-02 1.28650e-02 1.15931e-02 1.09555e-02 1.07802e-02 1.08992e-02 1.10597e-02 1.09571e-02 1.05743e-02 1.02591e-02 1.01785e-02 1.01901e-02 1.01484e-02 9.98441e-03 9.70913e-03 9.38536e-03 9.08576e-03 8.85770e-03 8.71664e-03 8.65839e-03 8.66419e-03 8.69491e-03 8.67171e-03 8.51005e-03 8.20248e-03 7.80585e-03 7.36719e-03 6.92721e-03 6.54569e-03 6.29960e-03 6.25009e-03 6.38450e-03 6.60111e-03 6.79927e-03 6.95617e-03 7.09380e-03 7.26443e-03 7.54506e-03 7.92560e-03 8.22845e-03 8.27788e-03 8.12640e-03 7.94415e-03 7.81002e-03 7.73855e-03 7.73084e-03 7.74483e-03 7.72213e-03 7.65152e-03 7.56961e-03 7.50396e-03 7.45239e-03 7.40320e-03 7.34711e-03 7.28531e-03 7.23235e-03 7.19764e-03 7.16774e-03 7.12164e-03 7.04925e-03 6.94143e-03 6.78694e-03 6.58725e-03 6.35776e-03 6.10757e-03 5.82104e-03 5.47751e-03 5.09244e-03 4.70639e-03 4.33502e-03 3.97176e-03 3.61169e-03 3.25838e-03 2.92190e-03 2.61521e-03 2.34866e-03 2.12531e-03 1.94075e-03 1.78626e-03 1.65305e-03 1.53578e-03 1.43378e-03 1.34830e-03 1.27963e-03 1.22464e-03 1.17960e-03 1.14497e-03 1.12230e-03 1.10961e-03 1.10215e-03 1.09785e-03 1.10057e-03 1.11625e-03 1.14787e-03 1.19484e-03 1.25517e-03 1.32669e-03 1.40733e-03 1.49658e-03 1.59489e-03 1.67058e-03 1.63630e-03 1.47252e-03 1.26152e-03 1.07490e-03 9.26818e-04 7.87492e-04 6.54766e-04 5.39486e-04 4.36824e-04 3.25768e-04 2.13247e-04 1.28750e-04 7.64209e-05 4.46796e-05 2.49527e-05 1.26021e-05 5.33621e-06 1.75649e-06 4.18994e-07 6.34207e-08 4.00319e-09 2.74023e-11
27.760591 1.26327e-03 7.81662e-03 1.56954e-02 1.82380e-02 1.69706e-02 1.49679e-02 1.34803e-02 1.24912e-02 1.17946e-02 1.13308e-02 1.10051e-02 1.07254e-02 1.05645e-02 1.06121e-02 1.07442e-02 1.08189e-02 1.07993e-02 1.07373e-02 1.07042e-02 1.07000e-02 1.06580e-02 1.05166e-02 1.02714e-02 9.97731e-03 9.70217e-03 9.47665e-03 9.28525e-03 9.06696e-03 8.74435e-03 8.30611e-03 7.80418e-03 7.29259e-03 6.83558e-03 6.50641e-03 6.33587e-03 6.28193e-03 6.26788e-03 6.24792e-03 6.23308e-03 6.26807e-03 6.38438e-03 6.55927e-03 6.72356e-03 6.82842e-03 6.88846e-03 6.94444e-03 7.02143e-03 7.14250e-03 7.31490e-03 7.48463e-03 7.57933e-03 7.58815e-03 7.56133e-03 7.54337e-03 7.53809e-03 7.52896e-03 7.51239e-03 7.50415e-03 7.50626e-03 7.48695e-03 7.42110e-03 7.33412e-03 7.26426e-03 7.21264e-03 7.15377e-03 7.06103e-03 6.92184e-03 6.72526e-03 6.44468e-03 6.05781e-03 5.59545e-03 5.12800e-03 4.69603e-03 4.29774e-03 3.92305e-03 3.56994e-03 3.23795e-03 2.92388e-03 2.63099e-03 2.37010e-03 2.14856e-03 1.96398e-03 1.80765e-03 1.67050e-03 1.54800e-03 1.44042e-03 1.34800e-03 1.26896e-03 1.20210e-03 1.14881e-03 1.10967e-03 1.08091e-03 1.05640e-03 1.03216e-03 1.00953e-03 9.93660e-04 9.88614e-04 9.95969e-04 1.01653e-03 1.05090e-03 1.09905e-03 1.16044e-03 1.23429e-03 1.31957e-03 1.41687e-03 1.52202e-03 1.58943e-03 1.54610e-03 1.39946e-03 1.22015e-03 1.04382e-03 8.82972e-04 7.38005e-04 6.09746e-04 5.00588e-04 4.02726e-04 3.08163e-04 2.24090e-04 1.58870e-04 1.09825e-04 7.14701e-05 4.11600e-05 1.92870e-05 6.67618e-06 1.51970e-06 1.87638e-07 8.53201e-09 6.08871e-11
28.010686 1.48242e-03 7.15125e-03 1.39127e-02 1.69466e-02 1.62932e-02 1.41702e-02 1.23018e-02 1.12316e-02 1.08549e-02 1.07879e-02 1.07124e-02 1.06461e-02 1.06867e-02 1.07462e-02 1.07343e-02 1.07255e-02 1.08007e-02 1.09535e-02 1.11416e-02 1.12988e-02 1.13461e-02 1.12501e-02 1.10424e-02 1.07726e-02 1.04636e-02 1.00951e-02 9.62493e-03 9.05373e-03 8.48184e-03 8.01716e-03 7.63539e-03 7.25944e-03 6.90331e-03 6.64018e-03 6.50379e-03 6.46046e-03 6.45934e-03 6.47709e-03 6.50798e-03 6.54497e-03 6.58133e-03 6.61864e-03 6.66777e-03 6.74344e-03 6.85921e-03 7.02572e-03 7.24434e-03 7.49695e-03 7.74915e-03 7.96433e-03 8.11099e-03 8.16864e-03 8.15867e-03 8.13943e-03 8.11517e-03 8.02763e-03 7.85530e-03 7.66767e-03 7.52944e-03 7.43391e-03 7.38220e-03 7.39905e-03 7.47683e-03 7.53812e-03 7.45950e-03 7.16385e-03 6.69003e-03 6.15476e-03 5.65884e-03 5.23921e-03 4.87793e-03 4.54682e-03 4.23626e-03 3.93761e-03 3.63137e-03 3.30979e-03 2.98752e-03 2.68697e-03 2.42427e-03 2.20505e-03 2.02538e-03 1.87541e-03 1.74416e-03 1.62488e-03 1.51876e-03 1.42983e-03 1.35843e-03 1.30164e-03 1.25477e-03 1.21188e-03 1.16882e-03 1.12493e-03 1.07866e-03 1.02790e-03 9.78930e-04 9.42150e-04 9.21755e-04 9.16412e-04 9.23336e-04 9.40581e-04 9.67770e-04 1.00548e-03 1.05392e-03 1.11243e-03 1.18052e-03 1.25618e-03 1.31334e-03 1.28829e-03 1.18996e-03 1.11365e-03 1.04245e-03 9.34513e-04 8.01727e-04 6.70616e-04 5.57120e-04 4.63996e-04 3.85204e-04 3.13551e-04 2.47387e-04 1.87822e-04 1.34253e-04 8.59645e-05 4.54412e-05 1.77783e-05 4.46739e-06 5.73921e-07 2.42035e-08 1.51044e-10
28.260782 1.75609e-03 7.28221e-03 1.32586e-02 1.51483e-02 1.38912e-02 1.23245e-02 1.12805e-02 1.07060e-02 1.04934e-02 1.05336e-02 1.06218e-02 1.05983e-02 1.04929e-02 1.04362e-02 1.05324e-02 1.07384e-02 1.09017e-02 1.09572e-02 1.10081e-02 1.12000e-02 1.15009e-02 1.16483e-02 1.14367e-02 1.09395e-02 1.03511e-02 9.80661e-03 9.36390e-03 9.00840e-03 8.65455e-03 8.20221e-03 7.61557e-03 7.02159e-03 6.62371e-03 6.45269e-03 6.39899e-03 6.38765e-03 6.40325e-03 6.44362e-03 6.50772e-03 6.59791e-03 6.71580e-03 6.86047e-03 7.03113e-03 7.23054e-03 7.46631e-03 7.73787e-03 8.00231e-03 8.18721e-03 8.31148e-03 8.46897e-03 8.61918e-03 8.67423e-03 8.66393e-03 8.64933e-03 8.66783e-03 8.75461e-03 8.94546e-03 9.20491e-03 9.37523e-03 9.30693e-03 8.98993e-03 8.50382e-03 7.92022e-03 7.30311e-03 6.72629e-03 6.22844e-03 5.81446e-03 5.48715e-03 5.22430e-03 4.96462e-03 4.65563e-03 4.29953e-03 3.93460e-03 3.59028e-03 3.27267e-03 2.97620e-03 2.69693e-03 2.43824e-03 2.20979e-03 2.02067e-03 1.87096e-03 1.74990e-03 1.64488e-03 1.55370e-03 1.48325e-03 1.43663e-03 1.40609e-03 1.37597e-03 1.33502e-03 1.28385e-03 1.22879e-03 1.17483e-03 1.12324e-03 1.07044e-03 1.01427e-03 9.60090e-04 9.13575e-04 8.75887e-04 8.47894e-04 8.31504e-04 8.27092e-04 8.33618e-04 8.50810e-04 8.80679e-04 9.19924e-04 9.38336e-04 8.94054e-04 8.23560e-04 7.93746e-04 7.94493e-04 7.98607e-04 7.87015e-04 7.47503e-04 6.78560e-04 5.91812e-04 5.04468e-04 4.27165e-04 3.60911e-04 3.01593e-04 2.44414e-04 1.86648e-04 1.28731e-04 7.47764e-05 3.27736e-05 9.23257e-06 1.29687e-06 5.65906e-08 3.38740e-10
28.510877 1.71388e-03 6.68917e-03 1.17394e-02 1.32010e-02 1.21039e-02 1.08761e-02 1.02524e-02 1.01414e-02 1.02432e-02 1.02635e-02 1.01585e-02 1.01492e-02 1.04196e-02 1.09047e-02 1.14024e-02 1.17561e-02 1.18855e-02 1.18234e-02 1.16900e-02 1.15116e-02 1.11941e-02 1.07334e-02 1.02415e-02 9.81583e-03 9.51434e-03 9.35031e-03 9.29537e-03 9.22801e-03 8.89952e-03 8.27353e-03 7.67334e-03 7.29944e-03 7.08188e-03 6.92789e-03 6.79550e-03 6.67402e-03 6.58551e-03 6.56516e-03 6.63089e-03 6.77849e-03 6.99028e-03 7.23772e-03 7.49522e-03 7.77504e-03 8.10565e-03 8.44797e-03 8.73057e-03 8.94864e-03 9.12694e-03 9.26510e-03 9.38011e-03 9.51411e-03 9.68920e-03 9.87609e-03 9.98265e-03 9.91281e-03 9.64819e-03 9.24015e-03 8.75743e-03 8.25659e-03 7.77545e-03 7.35116e-03 7.01872e-03 6.75870e-03 6.49213e-03 6.15681e-03 5.75655e-03 5.33055e-03 4.90957e-03 4.50845e-03 4.13451e-03 3.79424e-03 3.49508e-03 3.24042e-03 3.02442e-03 2.83226e-03 2.64872e-03 2.46841e-03 2.29480e-03 2.13427e-03 1.99134e-03 1.86642e-03 1.76155e-03 1.68043e-03 1.61847e-03 1.56004e-03 1.49062e-03 1.41146e-03 1.33209e-03 1.25643e-03 1.18326e-03 1.11257e-03 1.04857e-03 9.95786e-04 9.54930e-04 9.24772e-04 9.03126e-04 8.81756e-04 8.51811e-04 8.19223e-04 7.90296e-04 7.62477e-04 7.20870e-04 6.57516e-04 6.00726e-04 5.61909e-04 5.24807e-04 4.90294e-04 4.65060e-04 4.52520e-04 4.52327e-04 4.59702e-04 4.67114e-04 4.67402e-04 4.56685e-04 4.35093e-04 4.04915e-04 3.67827e-04 3.23750e-04 2.72367e-04 2.14882e-04 1.54192e-04 9.50911e-05 4.54461e-05 1.41778e-05 2.18761e-06 1.01657e-07 6.20786e-10
28.760973 1.33479e-03 5.68835e-03 1.04728e-02 1.19510e-02 1.08116e-02 9.58988e-03 9.03460e-03 8.74753e-03 8.55030e-03 8.62654e-03 9.04738e-03 9.55555e-03 9.87002e-03 9.96395e-03 9.97472e-03 1.00134e-02 1.01126e-02 1.02566e-02 1.03631e-02 1.03242e-02 1.01348e-02 9.90993e-03 9.75283e-03 9.69757e-03 9.71097e-03 9.65393e-03 9.41317e-03 9.07722e-03 8.77737e-03 8.54036e-03 8.34749e-03 8.18252e-03 8.03872e-03 7.91351e-03 7.80812e-03 7.73001e-03 7.69477e-03 7.72719e-03 7.85003e-03 8.05807e-03 8.31296e-03 8.57406e-03 8.82577e-03 9.06750e-03 9.29863e-03 9.51969e-03 9.72715e-03 9.91328e-03 1.00771e-02 1.02329e-02 1.04019e-02 1.05813e-02 1.06952e-02 1.06341e-02 1.03834e-02 1.00341e-02 9.65884e-03 9.25663e-03 8.81215e-03 8.32242e-03 7.77687e-03 7.18404e-03 6.59624e-03 6.06660e-03 5.60646e-03 5.19340e-03 4.80163e-03 4.42290e-03 4.06766e-03 3.75408e-03 3.49296e-03 3.27732e-03 3.09136e-03 2.92542e-03 2.77410e-03 2.62797e-03 2.47492e-03 2.30838e-03 2.13381e-03 1.96546e-03 1.81588e-03 1.69164e-03 1.59511e-03 1.51808e-03 1.44200e-03 1.36266e-03 1.29247e-03 1.23390e-03 1.17834e-03 1.11983e-03 1.06036e-03 1.00675e-03 9.66598e-04 9.44456e-04 9.38085e-04 9.39276e-04 9.39010e-04 9.33323e-04 9.18218e-04 8.78984e-04 8.16147e-04 7.55736e-04 7.10199e-04 6.69111e-04 6.18721e-04 5.54972e-04 4.85383e-04 4.19471e-04 3.62376e-04 3.16552e-04 2.83105e-04 2.62129e-04 2.52403e-04 2.50629e-04 2.52065e-04 2.53523e-04 2.54118e-04 2.51877e-04 2.43726e-04 2.26989e-04 1.98164e-04 1.55497e-04 1.03447e-04 5.30502e-05 1.77648e-05 2.92858e-06 1.43241e-07 9.05889e-10
29.011068 1.01076e-03 4.92316e-03 9.34008e-03 1.02344e-02 8.84789e-03 7.95148e-03 7.74157e-03 7.64684e-03 7.59210e-03 7.60236e-03 7.66395e-03 7.80699e-03 8.04963e-03 8.31557e-03 8.51927e-03 8.64837e-03 8.71783e-03 8.72503e-03 8.69180e-03 8.67590e-03 8.69376e-03 8.69993e-03 8.67646e-03 8.67973e-03 8.75430e-03 8.86630e-03 8.95558e-03 8.98949e-03 8.95821e-03 8.87960e-03 8.79076e-03 8.71536e-03 8.65856e-03 8.61760e-03 8.59201e-03 8.59860e-03 8.66225e-03 8.79441e-03 9.00419e-03 9.28962e-03 9.64766e-03 1.00830e-02 1.05497e-02 1.09292e-02 1.11374e-02 1.12208e-02 1.12874e-02 1.13922e-02 1.15472e-02 1.17483e-02 1.19451e-02 1.20437e-02 1.20054e-02 1.18880e-02 1.17433e-02 1.15171e-02 1.10916e-02 1.04145e-02 9.53969e-03 8.59382e-03 7.71027e-03 6.95868e-03 6.33364e-03 5.79285e-03 5.29678e-03 4.82827e-03 4.39322e-03 4.01109e-03 3.69437e-03 3.43466e-03 3.21358e-03 3.01796e-03 2.84099e-03 2.67595e-03 2.51220e-03 2.33770e-03 2.14830e-03 1.95435e-03 1.77365e-03 1.61772e-03 1.49070e-03 1.39307e-03 1.31210e-03 1.23395e-03 1.16419e-03 1.10562e-03 1.05033e-03 9.94488e-04 9.38827e-04 8.84983e-04 8.37094e-04 7.99910e-04 7.73014e-04 7.49717e-04 7.23887e-04 6.93995e-04 6.56169e-04 6.06434e-04 5.49909e-04 4.95969e-04 4.51749e-04 4.20405e-04 3.99875e-04 3.84198e-04 3.67102e-04 3.46526e-04 3.26600e-04 3.14210e-04 3.13685e-04 3.22555e-04 3.32267e-04 3.32740e-04 3.18322e-04 2.89733e-04 2.52733e-04 2.14780e-04 1.79445e-04 1.47741e-04 1.21536e-04 1.01303e-04 8.54368e-05 7.12936e-05 5.47620e-05 3.36806e-05 1.34501e-05 2.56707e-06 1.40501e-07 9.84238e-10
29.261164 9.31744e-04 4.20377e-03 7.77331e-03 8.90907e-03 8.31914e-03 7.49489e-03 6.95428e-03 6.69328e-03 6.65664e-03 6.83816e-03 7.14964e-03 7.42161e-03 7.55518e-03 7.56914e-03 7.54471e-03 7.55712e-03 7.61727e-03 7.65975e-03 7.61316e-03 7.50373e-03 7.41799e-03 7.40452e-03 7.46904e-03 7.59926e-03 7.76715e-03 7.93865e-03 8.09484e-03 8.23405e-03 8.35920e-03 8.47058e-03 8.56339e-03 8.64765e-03 8.77598e-03 9.05408e-03 9.60487e-03 1.02751e-02 1.05428e-02 1.03744e-02 1.02655e-02 1.03898e-02 1.06528e-02 1.09699e-02 1.12917e-02 1.15882e-02 1.18397e-02 1.20336e-02 1.21776e-02 1.23047e-02 1.24331e-02 1.25258e-02 1.25340e-02 1.24661e-02 1.23725e-02 1.22723e-02 1.20877e-02 1.16713e-02 1.09460e-02 9.98873e-03 8.98118e-03 8.06941e-03 7.29993e-03 6.65663e-03 6.10887e-03 5.63219e-03 5.20828e-03 4.82230e-03 4.46731e-03 4.15158e-03 3.88530e-03 3.66014e-03 3.45660e-03 3.25922e-03 3.05991e-03 2.85530e-03 2.64593e-03 2.43784e-03 2.24257e-03 2.06940e-03 1.91574e-03 1.77502e-03 1.65042e-03 1.53790e-03 1.42569e-03 1.31563e-03 1.21121e-03 1.11527e-03 1.03046e-03 9.54155e-04 8.83310e-04 8.18536e-04 7.61883e-04 7.12336e-04 6.66143e-04 6.21194e-04 5.77223e-04 5.33148e-04 4.88393e-04 4.44453e-04 4.03318e-04 3.66846e-04 3.36718e-04 3.13693e-04 2.97356e-04 2.85990e-04 2.76314e-04 2.64671e-04 2.49822e-04 2.33824e-04 2.19702e-04 2.08706e-04 2.00544e-04 1.94804e-04 1.89315e-04 1.78214e-04 1.55981e-04 1.25377e-04 9.43079e-05 6.72994e-05 4.83630e-05 3.76793e-05 2.89502e-05 1.82966e-05 9.12306e-06 4.60020e-06 2.28114e-06 5.89344e-07 4.14832e-08 3.75943e-10
29.511259 1.02643e-03 4.50456e-03 8.24700e-03 9.26394e-03 8.44596e-03 7.58625e-03 7.09774e-03 6.91431e-03 6.93337e-03 7.02437e-03 7.06433e-03 7.00819e-03 6.93893e-03 6.94689e-03 7.00831e-03 7.05411e-03 7.04331e-03 6.96114e-03 6.82426e-03 6.69498e-03 6.64602e-03 6.69588e-03 6.78635e-03 6.87112e-03 6.98922e-03 7.19150e-03 7.50644e-03 7.89936e-03 8.22347e-03 8.41659e-03 8.61324e-03 8.90362e-03 9.27144e-03 9.67606e-03 1.00620e-02 1.03921e-02 1.06746e-02 1.09342e-02 1.11905e-02 1.14484e-02 1.16991e-02 1.19277e-02 1.21174e-02 1.22540e-02 1.23284e-02 1.23412e-02 1.23086e-02 1.22630e-02 1.22354e-02 1.22262e-02 1.22137e-02 1.21902e-02 1.21528e-02 1.20550e-02 1.17748e-02 1.11776e-02 1.02652e-02 9.23185e-03 8.29228e-03 7.52438e-03 6.90488e-03 6.38121e-03 5.90697e-03 5.45681e-03 5.02913e-03 4.63663e-03 4.29025e-03 3.99046e-03 3.73166e-03 3.50684e-03 3.30695e-03 3.12172e-03 2.94211e-03 2.76289e-03 2.58535e-03 2.41637e-03 2.26133e-03 2.11727e-03 1.97607e-03 1.84012e-03 1.72310e-03 1.62378e-03 1.53031e-03 1.43897e-03 1.35224e-03 1.27357e-03 1.20329e-03 1.13901e-03 1.07838e-03 1.01971e-03 9.60922e-04 9.00115e-04 8.36628e-04 7.70679e-04 7.02382e-04 6.31767e-04 5.59957e-04 4.89985e-04 4.26105e-04 3.71906e-04 3.28773e-04 2.95479e-04 2.68973e-04 2.45862e-04 2.23693e-04 2.02028e-04 1.82559e-04 1.66865e-04 1.54655e-04 1.44969e-04 1.37446e-04 1.32248e-04 1.28485e-04 1.23541e-04 1.14433e-04 9.94208e-05 8.10299e-05 6.32936e-05 4.41748e-05 2.61624e-05 1.49334e-05 1.01036e-05 6.85179e-06 3.20084e-06 7.96810e-07 8.66091e-08 3.74246e-09 2.85050e-11
29.761354 1.22117e-03 5.20186e-03 9.39867e-03 1.06429e-02 9.75753e-03 8.51184e-03 7.57776e-03 7.07542e-03 6.88394e-03 6.81380e-03 6.76831e-03 6.79328e-03 6.97047e-03 7.25434e-03 7.42130e-03 7.26558e-03 6.87178e-03 6.49495e-03 6.25298e-03 6.13093e-03 6.13280e-03 6.30830e-03 6.64216e-03 7.00438e-03 7.28417e-03 7.47783e-03 7.60962e-03 7.73320e-03 7.94206e-03 8.28067e-03 8.71810e-03 9.18678e-03 9.63107e-03 1.00388e-02 1.04303e-02 1.08234e-02 1.12171e-02 1.15933e-02 1.19095e-02 1.20998e-02 1.21422e-02 1.20921e-02 1.20181e-02 1.19546e-02 1.19078e-02 1.18711e-02 1.18380e-02 1.18070e-02 1.17837e-02 1.17785e-02 1.17975e-02 1.18402e-02 1.18981e-02 1.19190e-02 1.17691e-02 1.12783e-02 1.04127e-02 9.39516e-03 8.48273e-03 7.74765e-03 7.14298e-03 6.59915e-03 6.06626e-03 5.52886e-03 5.00260e-03 4.51747e-03 4.09498e-03 3.73289e-03 3.41427e-03 3.13090e-03 2.88804e-03 2.68788e-03 2.52299e-03 2.38731e-03 2.27950e-03 2.19264e-03 2.11276e-03 2.02778e-03 1.93091e-03 1.82452e-03 1.71908e-03 1.61782e-03 1.51712e-03 1.41845e-03 1.32770e-03 1.24885e-03 1.18174e-03 1.12359e-03 1.07116e-03 1.02176e-03 9.72672e-04 9.20430e-04 8.61363e-04 7.93822e-04 7.20319e-04 6.46507e-04 5.77730e-04 5.17195e-04 4.65990e-04 4.23061e-04 3.85834e-04 3.51692e-04 3.18803e-04 2.86107e-04 2.53792e-04 2.23449e-04 1.96712e-04 1.73886e-04 1.53211e-04 1.33653e-04 1.15321e-04 9.83448e-05 8.42174e-05 7.36466e-05 6.57278e-05 5.85547e-05 4.99999e-05 3.96448e-05 2.91825e-05 1.88935e-05 9.36798e-06 3.52501e-06 1.68912e-06 1.17615e-06 5.27209e-07 9.85098e-08 5.03327e-09 2.61445e-11
30.011450 1.39761e-03 6.07384e-03 1.07030e-02 1.14868e-02 9.99341e-03 8.54174e-03 7.83734e-03 7.83567e-03 8.13354e-03 8.29869e-03 8.21384e-03 7.95817e-03 7.59601e-03 7.24774e-03 7.03336e-03 6.92335e-03 6.81787e-03 6.69121e-03 6.64514e-03 6.75363e-03 6.94687e-03 7.14785e-03 7.32387e-03 7.45874e-03 7.56377e-03 7.68009e-03 7.85121e-03 8.09027e-03 8.36475e-03 8.65076e-03 8.95006e-03 9.25954e-03 9.57620e-03 9.89903e-03 1.02209e-02 1.05291e-02 1.08047e-02 1.10282e-02 1.11923e-02 1.13103e-02 1.14108e-02 1.15230e-02 1.16476e-02 1.17243e-02 1.16903e-02 1.15695e-02 1.14253e-02 1.12907e-02 1.11735e-02 1.10795e-02 1.10145e-02 1.09762e-02 1.09515e-02 1.09263e-02 1.08836e-02 1.07526e-02 1.03870e-02 9.74489e-03 8.97924e-03 8.22816e-03 7.53549e-03 6.89711e-03 6.29666e-03 5.73098e-03 5.20906e-03 4.73171e-03 4.28457e-03 3.85717e-03 3.46328e-03 3.12890e-03 2.86054e-03 2.64509e-03 2.47471e-03 2.34597e-03 2.24323e-03 2.14674e-03 2.04857e-03 1.94898e-03 1.84735e-03 1.74343e-03 1.64064e-03 1.54114e-03 1.44347e-03 1.34850e-03 1.26046e-03 1.18130e-03 1.11009e-03 1.04579e-03 9.86526e-04 9.28424e-04 8.67096e-04 8.01020e-04 7.33218e-04 6.68426e-04 6.09729e-04 5.58272e-04 5.13914e-04 4.75775e-04 4.42769e-04 4.13843e-04 3.88182e-04 3.65126e-04 3.43449e-04 3.21276e-04 2.97777e-04 2.73907e-04 2.50936e-04 2.29170e-04 2.07672e-04 1.85132e-04 1.61866e-04 1.40177e-04 1.19583e-04 9.84651e-05 7.85170e-05 6.11809e-05 4.63342e-05 3.35220e-05 2.24145e-05 1.33785e-05 6.84913e-06 2.67899e-06 6.47932e-07 9.58199e-08 3.81074e-08 1.32347e-08 1.00139e-09 6.60827e-12
30.261545 1.47446e-03 6.98204e-03 1.30454e-02 1.49959e-02 1.37672e-02 1.16374e-02 9.99177e-03 9.12520e-03 8.73192e-03 8.50552e-03 8.28801e-03 8.06922e-03 7.90249e-03 7.82318e-03 7.79317e-03 7.74258e-03 7.67154e-03 7.60870e-03 7.55930e-03 7.52895e-03 7.51258e-03 7.49382e-03 7.48960e-03 7.54446e-03 7.66412e-03 7.83865e-03 8.06497e-03 8.32542e-03 8.58517e-03 8.83116e-03 9.07599e-03 9.33095e-03 9.60138e-03 9.87724e-03 1.01311e-02 1.03354e-02 1.04788e-02 1.05675e-02 1.06169e-02 1.06452e-02 1.06659e-02 1.06868e-02 1.07132e-02 1.07493e-02 1.07967e-02 1.08493e-02 1.08796e-02 1.08293e-02 1.06595e-02 1.03929e-02 1.00855e-02 9.79188e-03 9.54208e-03 9.33742e-03 9.17085e-03 9.03407e-03 8.89146e-03 8.67648e-03 8.35279e-03 7.93014e-03 7.42969e-03 6.88559e-03 6.34465e-03 5.84034e-03 5.37522e-03 4.93345e-03 4.50472e-03 4.09896e-03 3.73645e-03 3.42231e-03 3.14644e-03 2.90528e-03 2.70067e-03 2.52401e-03 2.36209e-03 2.21200e-03 2.07902e-03 1.96490e-03 1.86428e-03 1.76969e-03 1.67494e-03 1.57375e-03 1.46206e-03 1.34563e-03 1.23652e-03 1.14059e-03 1.05442e-03 9.72141e-04 8.90711e-04 8.10731e-04 7.35519e-04 6.68716e-04 6.11717e-04 5.63914e-04 5.24301e-04 4.91529e-04 4.63957e-04 4.40546e-04 4.20873e-04 4.04428e-04 3.90330e-04 3.77560e-04 3.65323e-04 3.53106e-04 3.40376e-04 3.26132e-04 3.08842e-04 2.88263e-04 2.66381e-04 2.43733e-04 2.18724e-04 1.92344e-04 1.66139e-04 1.39579e-04 1.13845e-04 9.00814e-05 6.63279e-05 4.42702e-05 2.72503e-05 1.54114e-05 7.68061e-06 3.25908e-06 1.14998e-06 3.10127e-07 5.37843e-08 5.08674e-09 2.48711e-10 3.27948e-12
30.511641 1.39607e-03 1.31993e-02 1.94427e-02 1.52591e-02 1.22399e-02 1.08427e-02 1.00250e-02 9.51848e-03 9.21972e-03 9.00932e-03 8.82867e-03 8.69271e-03 8.61718e-03 8.57888e-03 8.51640e-03 8.37063e-03 8.15388e-03 7.92145e-03 7.72318e-03 7.59854e-03 7.55523e-03 7.57704e-03 7.64902e-03 7.76102e-03 7.92238e-03 8.14163e-03 8.40244e-03 8.67063e-03 8.91874e-03 9.14983e-03 9.38646e-03 9.63366e-03 9.87309e-03 1.00704e-02 1.02022e-02 1.02748e-02 1.03130e-02 1.03420e-02 1.03751e-02 1.04095e-02 1.04311e-02 1.04232e-02 1.03760e-02 1.02840e-02 1.01393e-02 9.93381e-03 9.67307e-03 9.38602e-03 9.11702e-03 8.89570e-03 8.71361e-03 8.54112e-03 8.35671e-03 8.15645e-03 7.95257e-03 7.75894e-03 7.57184e-03 7.37158e-03 7.14651e-03 6.90715e-03 6.66775e-03 6.42551e-03 6.16145e-03 5.85658e-03 5.50598e-03 5.12072e-03 4.72458e-03 4.34629e-03 4.00267e-03 3.69399e-03 3.41910e-03 3.17968e-03 2.96832e-03 2.76764e-03 2.56461e-03 2.35955e-03 2.16312e-03 1.98861e-03 1.84384e-03 1.72726e-03 1.63019e-03 1.54074e-03 1.44596e-03 1.33908e-03 1.22703e-03 1.12200e-03 1.02962e-03 9.47908e-04 8.72806e-04 8.03012e-04 7.39403e-04 6.82371e-04 6.31388e-04 5.86017e-04 5.45982e-04 5.10406e-04 4.78029e-04 4.48228e-04 4.21114e-04 3.96795e-04 3.74961e-04 3.55194e-04 3.37531e-04 3.22600e-04 3.10940e-04 3.02064e-04 2.93633e-04 2.83370e-04 2.72673e-04 2.62609e-04 2.50633e-04 2.32613e-04 2.07621e-04 1.79496e-04 1.50843e-04 1.22244e-04 9.45535e-05 6.88739e-05 4.66385e-05 2.81797e-05 1.44940e-05 6.47010e-06 2.54543e-06 8.55744e-07 2.15256e-07 3.06812e-08 1.78956e-09 2.28905e-11
30.761736 1.04779e-03 8.08999e-03 1.19085e-02 1.13589e-02 1.11455e-02 1.09431e-02 1.06545e-02 1.02522e-02 9.77574e-03 9.32974e-03 8.98950e-03 8.76774e-03 8.64045e-03 8.55625e-03 8.44283e-03 8.25703e-03 8.04506e-03 7.90491e-03 7.86466e-03 7.87427e-03 7.89780e-03 7.95152e-03 8.05129e-03 8.20725e-03 8.41774e-03 8.66381e-03 8.92786e-03 9.19658e-03 9.45114e-03 9.66447e-03 9.81000e-03 9.89684e-03 9.96872e-03 1.00489e-02 1.01287e-02 1.01916e-02 1.02208e-02 1.02053e-02 1.01469e-02 1.00558e-02 9.93683e-03 9.78370e-03 9.58544e-03 9.34115e-03 9.07106e-03 8.80658e-03 8.57251e-03 8.38725e-03 8.25704e-03 8.16394e-03 8.07912e-03 7.98052e-03 7.85846e-03 7.71628e-03 7.56570e-03 7.41557e-03 7.26353e-03 7.09965e-03 6.91837e-03 6.72409e-03 6.52275e-03 6.31195e-03 6.07987e-03 5.81407e-03 5.51720e-03 5.21011e-03 4.91538e-03 4.64267e-03 4.39024e-03 4.15533e-03 3.93729e-03 3.73287e-03 3.53713e-03 3.34851e-03 3.16868e-03 2.99898e-03 2.83871e-03 2.68535e-03 2.53600e-03 2.38945e-03 2.24644e-03 2.10771e-03 1.97155e-03 1.83124e-03 1.67655e-03 1.50751e-03 1.34180e-03 1.19609e-03 1.07262e-03 9.66688e-04 8.74138e-04 7.91940e-04 7.18222e-04 6.52748e-04 5.95970e-04 5.47551e-04 5.05800e-04 4.68295e-04 4.33140e-04 3.99755e-04 3.68540e-04 3.40035e-04 3.14713e-04 2.93288e-04 2.76153e-04 2.62115e-04 2.49015e-04 2.36503e-04 2.26032e-04 2.18170e-04 2.11609e-04 2.03784e-04 1.91468e-04 1.72983e-04 1.50624e-04 1.27629e-04 1.05277e-04 8.40569e-05 6.43960e-05 4.68268e-05 3.19162e-05 1.99089e-05 1.07290e-05 4.50092e-06 1.24654e-06 1.75165e-07 8.45759e-09 7.63877e-11
31.011831 1.05476e-03 7.42791e-03 1.23086e-02 1.29537e-02 1.28264e-02 1.23935e-02 1.17668e-02 1.10813e-02 1.04314e-02 9.85940e-03 9.37237e-03 8.95948e-03 8.63114e-03 8.38038e-03 8.18748e-03 8.06415e-03 8.01565e-03 8.01819e-03 8.03419e-03 8.04324e-03 8.06411e-03 8.13809e-03 8.30524e-03 8.56713e-03 8.87220e-03 9.16141e-03 9.38438e-03 9.49526e-03 9.49096e-03 9.44154e-03 9.41927e-03 9.43025e-03 9.44785e-03 9.45285e-03 9.43220e-03 9.38300e-03 9.30779e-03 9.20725e-03 9.07745e-03 8.91324e-03 8.71630e-03 8.50046e-03 8.28522e-03 8.08560e-03 7.91119e-03 7.76923e-03 7.66329e-03 7.59083e-03 7.54496e-03 7.51768e-03 7.49869e-03 7.47375e-03 7.42900e-03 7.35880e-03 7.26839e-03 7.16683e-03 7.05737e-03 6.93628e-03 6.80140e-03 6.65714e-03 6.50748e-03 6.34745e-03 6.16248e-03 5.93418e-03 5.65353e-03 5.33588e-03 5.01738e-03 4.73187e-03 4.49398e-03 4.29963e-03 4.13479e-03 3.98419e-03 3.83997e-03 3.70609e-03 3.59258e-03 3.50846e-03 3.45636e-03 3.42675e-03 3.40000e-03 3.35670e-03 3.28547e-03 3.18351e-03 3.05562e-03 2.91057e-03 2.74426e-03 2.53708e-03 2.29226e-03 2.04590e-03 1.82302e-03 1.62150e-03 1.43243e-03 1.25323e-03 1.08713e-03 9.38689e-04 8.10671e-04 7.03120e-04 6.13833e-04 5.39751e-04 4.78089e-04 4.26286e-04 3.81604e-04 3.41963e-04 3.06982e-04 2.76843e-04 2.50925e-04 2.28203e-04 2.07601e-04 1.88071e-04 1.69564e-04 1.52983e-04 1.38764e-04 1.26527e-04 1.15596e-04 1.04942e-04 9.27681e-05 7.81718e-05 6.26448e-05 4.81310e-05 3.58994e-05 2.63734e-05 1.89877e-05 1.30090e-05 8.14925e-06 4.45533e-06 1.88676e-06 4.29858e-07 2.83230e-08 2.47500e-10
31.261927 1.26708e-03 7.35735e-03 1.31541e-02 1.45947e-02 1.42700e-02 1.36334e-02 1.30022e-02 1.23957e-02 1.18043e-02 1.11585e-02 1.04973e-02 9.96428e-03 9.60073e-03 9.35602e-03 9.16449e-03 9.00536e-03 8.89346e-03 8.83569e-03 8.84666e-03 8.94204e-03 9.08018e-03 9.19847e-03 9.28469e-03 9.35885e-03 9.42395e-03 9.45451e-03 9.42452e-03 9.34226e-03 9.24642e-03 9.16739e-03 9.10292e-03 9.03048e-03 8.94003e-03 8.83514e-03 8.71574e-03 8.57867e-03 8.41402e-03 8.21555e-03 7.99087e-03 7.75833e-03 7.53717e-03 7.34417e-03 7.19190e-03 7.08492e-03 7.02085e-03 6.99265e-03 6.98748e-03 6.98925e-03 6.98568e-03 6.97238e-03 6.95161e-03 6.92887e-03 6.90919e-03 6.89316e-03 6.87435e-03 6.84246e-03 6.79192e-03 6.72441e-03 6.63986e-03 6.53192e-03 6.39697e-03 6.24017e-03 6.06597e-03 5.86769e-03 5.63711e-03 5.38200e-03 5.12086e-03 4.86508e-03 4.61925e-03 4.39104e-03 4.18983e-03 4.01915e-03 3.87591e-03 3.75475e-03 3.65170e-03 3.56501e-03 3.49200e-03 3.42685e-03 3.36033e-03 3.27923e-03 3.17669e-03 3.05875e-03 2.93623e-03 2.81543e-03 2.68345e-03 2.50887e-03 2.28172e-03 2.03827e-03 1.82045e-03 1.63671e-03 1.47542e-03 1.32683e-03 1.18729e-03 1.05606e-03 9.33008e-04 8.18366e-04 7.13230e-04 6.18679e-04 5.34522e-04 4.60661e-04 3.97740e-04 3.45576e-04 3.02967e-04 2.68228e-04 2.40027e-04 2.17528e-04 1.99268e-04 1.83193e-04 1.68688e-04 1.55332e-04 1.40853e-04 1.23874e-04 1.05986e-04 8.93441e-05 7.40783e-05 5.98150e-05 4.66535e-05 3.46679e-05 2.40189e-05 1.52194e-05 9.00932e-06 5.20566e-06 2.91296e-06 1.42906e-06 4.90310e-07 8.45538e-08 5.13906e-09 5.46986e-11
31.512022 1.44386e-03 6.78464e-03 1.23640e-02 1.45443e-02 1.46571e-02 1.42507e-02 1.38166e-02 1.31924e-02 1.23852e-02 1.16746e-02 1.11999e-02 1.09190e-02 1.07447e-02 1.06282e-02 1.05778e-02 1.06110e-02 1.06972e-02 1.07607e-02 1.07460e-02 1.06712e-02 1.05845e-02 1.05135e-02 1.04532e-02 1.03841e-02 1.02955e-02 1.01847e-02 1.00500e-02 9.89803e-03 9.74639e-03 9.60867e-03 9.47217e-03 9.32380e-03 9.16718e-03 8.99049e-03 8.78044e-03 8.52606e-03 8.23264e-03 7.92709e-03 7.63977e-03 7.38503e-03 7.16374e-03 6.97392e-03 6.81424e-03 6.68207e-03 6.57192e-03 6.47678e-03 6.39059e-03 6.30930e-03 6.23322e-03 6.17156e-03 6.13886e-03 6.13539e-03 6.13591e-03 6.11933e-03 6.10012e-03 6.10193e-03 6.11872e-03 6.12100e-03 6.08472e-03 6.01174e-03 5.92611e-03 5.85058e-03 5.78504e-03 5.69889e-03 5.54659e-03 5.30779e-03 5.01196e-03 4.71068e-03 4.43580e-03 4.19174e-03 3.97083e-03 3.76757e-03 3.58389e-03 3.42505e-03 3.29195e-03 3.18009e-03 3.08326e-03 2.99300e-03 2.89869e-03 2.79446e-03 2.68246e-03 2.56788e-03 2.46008e-03 2.37002e-03 2.28960e-03 2.18549e-03 2.03116e-03 1.83991e-03 1.65216e-03 1.49446e-03 1.36488e-03 1.25114e-03 1.14597e-03 1.04756e-03 9.55682e-04 8.70049e-04 7.90928e-04 7.19223e-04 6.53888e-04 5.91246e-04 5.29132e-04 4.69163e-04 4.15225e-04 3.70664e-04 3.34993e-04 3.04208e-04 2.75046e-04 2.46831e-04 2.20178e-04 1.95991e-04 1.74306e-04 1.53674e-04 1.33384e-04 1.14802e-04 9.87004e-05 8.43718e-05 7.01409e-05 5.45486e-05 3.84039e-05 2.38056e-05 1.25299e-05 5.61334e-06 2.35771e-06 1.00925e-06 3.65366e-07 7.06374e-08 4.26627e-09 2.98697e-11
31.762118 1.52272e-03 6.37726e-03 1.17214e-02 1.44819e-02 1.49634e-02 1.41093e-02 1.28708e-02 1.19283e-02 1.13788e-02 1.11123e-02 1.10597e-02 1.12063e-02 1.15099e-02 1.18600e-02 1.21282e-02 1.22244e-02 1.21567e-02 1.20166e-02 1.18592e-02 1.17095e-02 1.15885e-02 1.15029e-02 1.14400e-02 1.13831e-02 1.13215e-02 1.12345e-02 1.10998e-02 1.09350e-02 1.07843e-02 1.06564e-02 1.05068e-02 1.03044e-02 1.00596e-02 9.79408e-03 9.51773e-03 9.22588e-03 8.91411e-03 8.58923e-03 8.26258e-03 7.94164e-03 7.63110e-03 7.33557e-03 7.05942e-03 6.80766e-03 6.58632e-03 6.40081e-03 6.25379e-03 6.14237e-03 6.05632e-03 5.98323e-03 5.91006e-03 5.81682e-03 5.70326e-03 5.60668e-03 5.54481e-03 5.49024e-03 5.41550e-03 5.32180e-03 5.23212e-03 5.16969e-03 5.14022e-03 5.12473e-03 5.08435e-03 4.99585e-03 4.86802e-03 4.69516e-03 4.45940e-03 4.18608e-03 3.92962e-03 3.71719e-03 3.54142e-03 3.38503e-03 3.23490e-03 3.08478e-03 2.93597e-03 2.79680e-03 2.67577e-03 2.57265e-03 2.48208e-03 2.40156e-03 2.33151e-03 2.27201e-03 2.22328e-03 2.18714e-03 2.15593e-03 2.10587e-03 2.01625e-03 1.88760e-03 1.73762e-03 1.58819e-03 1.45369e-03 1.33487e-03 1.22447e-03 1.11767e-03 1.01498e-03 9.17659e-04 8.25423e-04 7.39191e-04 6.61739e-04 5.93656e-04 5.32152e-04 4.79257e-04 4.40346e-04 4.14218e-04 3.94748e-04 3.77488e-04 3.58295e-04 3.29855e-04 2.90906e-04 2.50327e-04 2.16487e-04 1.91166e-04 1.71275e-04 1.53345e-04 1.36569e-04 1.21939e-04 1.08948e-04 9.57869e-05 8.17841e-05 6.53870e-05 4.46819e-05 2.36842e-05 8.92140e-06 2.20160e-06 3.90264e-07 5.79324e-08 4.29975e-09 4.55722e-11
32.012213 1.78514e-03 7.58194e-03 1.37998e-02 1.55086e-02 1.38585e-02 1.21163e-02 1.11889e-02 1.07886e-02 1.06494e-02 1.06773e-02 1.08459e-02 1.11248e-02 1.14586e-02 1.17524e-02 1.19294e-02 1.20005e-02 1.19919e-02 1.19341e-02 1.18789e-02 1.18674e-02 1.19163e-02 1.20180e-02 1.21421e-02 1.22281e-02 1.22286e-02 1.21701e-02 1.20858e-02 1.19767e-02 1.18520e-02 1.17086e-02 1.15067e-02 1.12161e-02 1.08563e-02 1.04769e-02 1.01248e-02 9.81446e-03 9.52164e-03 9.21072e-03 8.86162e-03 8.47480e-03 8.06360e-03 7.64743e-03 7.25131e-03 6.90040e-03 6.61152e-03 6.38975e-03 6.22860e-03 6.11165e-03 6.01615e-03 5.91797e-03 5.79855e-03 5.65900e-03 5.52921e-03 5.43892e-03 5.37792e-03 5.31625e-03 5.25107e-03 5.21281e-03 5.20875e-03 5.17190e-03 5.04824e-03 4.88880e-03 4.76026e-03 4.67001e-03 4.60580e-03 4.55638e-03 4.49382e-03 4.36909e-03 4.14726e-03 3.85582e-03 3.56503e-03 3.31703e-03 3.10898e-03 2.92397e-03 2.75036e-03 2.58325e-03 2.42316e-03 2.27655e-03 2.15271e-03 2.05663e-03 1.98748e-03 1.93985e-03 1.90689e-03 1.88555e-03 1.86712e-03 1.83605e-03 1.78738e-03 1.72608e-03 1.65373e-03 1.56501e-03 1.45775e-03 1.34020e-03 1.22137e-03 1.10189e-03 9.78719e-04 8.54017e-04 7.37019e-04 6.36869e-04 5.54216e-04 4.81258e-04 4.14044e-04 3.55647e-04 3.09035e-04 2.73954e-04 2.48051e-04 2.28937e-04 2.15189e-04 2.06793e-04 2.03380e-04 2.01318e-04 1.99434e-04 2.02431e-04 2.09309e-04 2.06333e-04 1.87460e-04 1.64269e-04 1.45490e-04 1.30290e-04 1.15626e-04 9.92767e-05 8.00080e-05 5.77488e-05 3.45565e-05 1.51374e-05 4.13557e-06 5.75087e-07 2.80047e-08 2.22128e-10
32.262309 1.84556e-03 8.64559e-03 1.40971e-02 1.39394e-02 1.24104e-02 1.14833e-02 1.10220e-02 1.07835e-02 1.06174e-02 1.05253e-02 1.05380e-02 1.06201e-02 1.07213e-02 1.08584e-02 1.10472e-02 1.12524e-02 1.14477e-02 1.16394e-02 1.18352e-02 1.20221e-02 1.21586e-02 1.22067e-02 1.22059e-02 1.22272e-02 1.22572e-02 1.22640e-02 1.22528e-02 1.22325e-02 1.22074e-02 1.21643e-02 1.20639e-02 1.18761e-02 1.16007e-02 1.12621e-02 1.09051e-02 1.05662e-02 1.02304e-02 9.84379e-03 9.38574e-03 8.89232e-03 8.40151e-03 7.93790e-03 7.53380e-03 7.20209e-03 6.92393e-03 6.67874e-03 6.46104e-03 6.27299e-03 6.11143e-03 5.96154e-03 5.80477e-03 5.63662e-03 5.47945e-03 5.37591e-03 5.35492e-03 5.37471e-03 5.34005e-03 5.21781e-03 5.06496e-03 4.94385e-03 4.85508e-03 4.76026e-03 4.64317e-03 4.51952e-03 4.41103e-03 4.32590e-03 4.25941e-03 4.20404e-03 4.14606e-03 4.05386e-03 3.88531e-03 3.63029e-03 3.33879e-03 3.06858e-03 2.83374e-03 2.62335e-03 2.42905e-03 2.25135e-03 2.09685e-03 1.97325e-03 1.88394e-03 1.82529e-03 1.78796e-03 1.76045e-03 1.73085e-03 1.69094e-03 1.64491e-03 1.60441e-03 1.58124e-03 1.57739e-03 1.56582e-03 1.49003e-03 1.31552e-03 1.09224e-03 8.95840e-04 7.45280e-04 6.27269e-04 5.29757e-04 4.46445e-04 3.77089e-04 3.22682e-04 2.80806e-04 2.46995e-04 2.16695e-04 1.84997e-04 1.50645e-04 1.23581e-04 1.11113e-04 1.05244e-04 1.01133e-04 9.68303e-05 9.17547e-05 8.65217e-05 8.17895e-05 7.90748e-05 8.39967e-05 1.05746e-04 1.36057e-04 1.44995e-04 1.36429e-04 1.30393e-04 1.17293e-04 8.78480e-05 4.92524e-05 1.74700e-05 2.95363e-06 1.45183e-07 8.87765e-10
32.512404 1.42036e-03 6.46000e-03 1.11591e-02 1.24219e-02 1.21260e-02 1.17362e-02 1.15153e-02 1.12602e-02 1.09195e-02 1.06218e-02 1.04339e-02 1.03386e-02 1.03294e-02 1.04019e-02 1.05356e-02 1.07009e-02 1.08618e-02 1.09914e-02 1.10889e-02 1.11681e-02 1.12235e-02 1.12547e-02 1.12861e-02 1.13419e-02 1.14374e-02 1.15749e-02 1.17513e-02 1.19651e-02 1.22072e-02 1.24494e-02 1.26369e-02 1.27184e-02 1.26669e-02 1.24677e-02 1.20984e-02 1.15234e-02 1.07612e-02 9.99391e-03 9.44584e-03 9.11273e-03 8.86322e-03 8.58867e-03 8.24387e-03 7.85654e-03 7.47652e-03 7.13342e-03 6.83272e-03 6.56571e-03 6.32233e-03 6.10349e-03 5.92157e-03 5.78852e-03 5.71116e-03 5.69685e-03 5.74552e-03 5.81726e-03 5.80956e-03 5.63646e-03 5.34468e-03 5.04741e-03 4.79841e-03 4.60017e-03 4.44764e-03 4.33648e-03 4.25841e-03 4.19634e-03 4.12860e-03 4.04612e-03 3.95802e-03 3.86924e-03 3.76937e-03 3.63344e-03 3.42901e-03 3.15595e-03 2.86072e-03 2.58979e-03 2.35769e-03 2.16078e-03 1.99567e-03 1.86318e-03 1.76505e-03 1.70048e-03 1.66380e-03 1.64308e-03 1.62325e-03 1.59466e-03 1.56340e-03 1.54035e-03 1.51799e-03 1.47914e-03 1.43172e-03 1.41247e-03 1.43504e-03 1.44292e-03 1.35062e-03 1.16666e-03 9.76856e-04 8.27729e-04 7.16394e-04 6.27077e-04 5.47775e-04 4.74470e-04 4.07547e-04 3.46886e-04 2.90387e-04 2.37055e-04 1.92270e-04 1.60988e-04 1.37696e-04 1.18413e-04 1.02494e-04 8.93144e-05 7.79375e-05 6.77553e-05 5.85050e-05 5.01370e-05 4.29077e-05 3.79686e-05 3.80241e-05 4.58810e-05 5.61051e-05 5.88084e-05 5.85065e-05 5.21858e-05 2.92372e-05 7.03195e-06 4.28151e-07 2.83369e-09
32.762499 1.21232e-03 5.59213e-03 1.02499e-02 1.21597e-02 1.25241e-02 1.26075e-02 1.25217e-02 1.21613e-02 1.16366e-02 1.10888e-02 1.06016e-02 1.02365e-02 1.00072e-02 9.90610e-03 9.93454e-03 1.00742e-02 1.02674e-02 1.04559e-02 1.06122e-02 1.07264e-02 1.07901e-02 1.08097e-02 1.08173e-02 1.08532e-02 1.09533e-02 1.11436e-02 1.14239e-02 1.17611e-02 1.21057e-02 1.24133e-02 1.26532e-02 1.28077e-02 1.28566e-02 1.27499e-02 1.23970e-02 1.17303e-02 1.08638e-02 1.01104e-02 9.61240e-03 9.22471e-03 8.85079e-03 8.50424e-03 8.20363e-03 7.92541e-03 7.63415e-03 7.32470e-03 7.02198e-03 6.74786e-03 6.50844e-03 6.30084e-03 6.11937e-03 5.96461e-03 5.84412e-03 5.76481e-03 5.72706e-03 5.72477e-03 5.74805e-03 5.77853e-03 5.77805e-03 5.69148e-03 5.49223e-03 5.22573e-03 4.96280e-03 4.73451e-03 4.53883e-03 4.36587e-03 4.20539e-03 4.05221e-03 3.90824e-03 3.77331e-03 3.63869e-03 3.49080e-03 3.31249e-03 3.09204e-03 2.84038e-03 2.58420e-03 2.34630e-03 2.13890e-03 1.96577e-03 1.82657e-03 1.72006e-03 1.64487e-03 1.59766e-03 1.57136e-03 1.55627e-03 1.54307e-03 1.52798e-03 1.51215e-03 1.49493e-03 1.47461e-03 1.45038e-03 1.42066e-03 1.38089e-03 1.32340e-03 1.24733e-03 1.16810e-03 1.09963e-03 1.03457e-03 9.56494e-04 8.61838e-04 7.60987e-04 6.65066e-04 5.78453e-04 4.99967e-04 4.27289e-04 3.60337e-04 3.00799e-04 2.49567e-04 2.07941e-04 1.77637e-04 1.55066e-04 1.34693e-04 1.14837e-04 9.60641e-05 7.93104e-05 6.47380e-05 5.18503e-05 4.04058e-05 3.04872e-05 2.24627e-05 1.71548e-05 1.48467e-05 1.37125e-05 1.16380e-05 7.54498e-06 2.38025e-06 1.88665e-07 1.66326e-09
33.012595 1.31500e-03 5.62219e-03 1.00757e-02 1.22635e-02 1.33087e-02 1.39124e-02 1.37867e-02 1.28979e-02 1.17340e-02 1.07879e-02 1.02203e-02 9.94663e-03 9.83461e-03 9.81256e-03 9.87006e-03 1.00088e-02 1.02117e-02 1.04307e-02 1.05999e-02 1.06814e-02 1.06951e-02 1.07083e-02 1.07935e-02 1.09794e-02 1.12379e-02 1.14888e-02 1.16910e-02 1.18826e-02 1.20499e-02 1.21689e-02 1.22555e-02 1.23255e-02 1.23805e-02 1.23928e-02 1.22667e-02 1.18529e-02 1.11367e-02 1.03693e-02 9.83250e-03 9.48774e-03 9.14732e-03 8.77196e-03 8.39996e-03 8.06762e-03 7.79179e-03 7.55865e-03 7.35022e-03 7.15602e-03 6.95528e-03 6.74013e-03 6.52862e-03 6.33860e-03 6.17164e-03 6.01919e-03 5.87295e-03 5.73169e-03 5.60148e-03 5.48846e-03 5.39227e-03 5.30718e-03 5.22546e-03 5.13668e-03 5.02752e-03 4.89117e-03 4.73715e-03 4.58293e-03 4.43546e-03 4.28552e-03 4.12042e-03 3.93567e-03 3.73291e-03 3.51190e-03 3.26758e-03 2.99826e-03 2.71777e-03 2.45253e-03 2.22398e-03 2.03740e-03 1.88780e-03 1.76861e-03 1.67352e-03 1.59654e-03 1.53345e-03 1.48197e-03 1.44003e-03 1.40454e-03 1.37249e-03 1.34167e-03 1.31005e-03 1.27522e-03 1.23442e-03 1.18552e-03 1.12805e-03 1.06284e-03 9.92326e-04 9.21227e-04 8.53346e-04 7.87961e-04 7.21667e-04 6.52760e-04 5.82976e-04 5.15947e-04 4.55164e-04 4.03373e-04 3.62084e-04 3.30068e-04 3.03610e-04 2.79177e-04 2.54379e-04 2.27417e-04 1.98131e-04 1.69636e-04 1.45322e-04 1.24893e-04 1.07258e-04 9.29292e-05 8.21545e-05 7.41210e-05 6.73438e-05 6.02597e-05 5.18187e-05 4.15777e-05 2.95783e-05 1.70224e-05 6.72897e-06 1.35010e-06 8.11275e-08 6.76120e-10
33.262690 1.50759e-03 6.06812e-03 1.07379e-02 1.28080e-02 1.31565e-02 1.31339e-02 1.29408e-02 1.23653e-02 1.14614e-02 1.05557e-02 9.95984e-03 9.71765e-03 9.71356e-03 9.83979e-03 1.00221e-02 1.02151e-02 1.03974e-02 1.05824e-02 1.08008e-02 1.10359e-02 1.12416e-02 1.14108e-02 1.15704e-02 1.17512e-02 1.19661e-02 1.21926e-02 1.23978e-02 1.25560e-02 1.26476e-02 1.26838e-02 1.27005e-02 1.27242e-02 1.27529e-02 1.27588e-02 1.27167e-02 1.25948e-02 1.23139e-02 1.18348e-02 1.12452e-02 1.07282e-02 1.03628e-02 9.99748e-03 9.55888e-03 9.08927e-03 8.63532e-03 8.23389e-03 7.90773e-03 7.63653e-03 7.38888e-03 7.16148e-03 6.94276e-03 6.71041e-03 6.46577e-03 6.22541e-03 5.99781e-03 5.78144e-03 5.57421e-03 5.37819e-03 5.19612e-03 5.02732e-03 4.86940e-03 4.72073e-03 4.57875e-03 4.43783e-03 4.29144e-03 4.13582e-03 3.97036e-03 3.79621e-03 3.61650e-03 3.43579e-03 3.25660e-03 3.07695e-03 2.89292e-03 2.70426e-03 2.51533e-03 2.33167e-03 2.15824e-03 1.99875e-03 1.85549e-03 1.72980e-03 1.62177e-03 1.53002e-03 1.45248e-03 1.38698e-03 1.33037e-03 1.27835e-03 1.22657e-03 1.17174e-03 1.11158e-03 1.04484e-03 9.71462e-04 8.93756e-04 8.16543e-04 7.43464e-04 6.73989e-04 6.06985e-04 5.42881e-04 4.81921e-04 4.24310e-04 3.71408e-04 3.25775e-04 2.89849e-04 2.64238e-04 2.46849e-04 2.33815e-04 2.21859e-04 2.09499e-04 1.96264e-04 1.81906e-04 1.66356e-04 1.49877e-04 1.32915e-04 1.15761e-04 9.86444e-05 8.22214e-05 6.75734e-05 5.57227e-05 4.71628e-05 4.16336e-05 3.81648e-05 3.53374e-05 3.16374e-05 2.57145e-05 1.69944e-05 7.51138e-06 1.61347e-06 1.01899e-07 9.29168e-10
33.512786 1.48203e-03 6.27881e-03 1.07107e-02 1.16070e-02 1.11171e-02 1.10705e-02 1.12502e-02 1.11362e-02 1.07071e-02 1.02197e-02 9.86487e-03 9.70241e-03 9.72382e-03 9.88548e-03 1.01451e-02 1.04660e-02 1.07850e-02 1.10593e-02 1.13065e-02 1.15510e-02 1.17996e-02 1.20619e-02 1.23500e-02 1.26618e-02 1.29717e-02 1.32501e-02 1.34806e-02 1.36496e-02 1.37296e-02 1.36991e-02 1.35781e-02 1.34376e-02 1.33601e-02 1.33779e-02 1.34687e-02 1.36063e-02 1.37514e-02 1.38054e-02 1.36164e-02 1.30438e-02 1.21316e-02 1.12324e-02 1.05908e-02 1.00668e-02 9.55987e-03 9.09617e-03 8.68379e-03 8.30681e-03 7.96348e-03 7.68530e-03 7.49562e-03 7.30753e-03 7.03428e-03 6.71424e-03 6.39743e-03 6.09397e-03 5.80139e-03 5.51865e-03 5.24823e-03 4.99410e-03 4.75919e-03 4.54387e-03 4.34389e-03 4.14844e-03 3.94446e-03 3.72588e-03 3.49747e-03 3.27002e-03 3.05376e-03 2.85440e-03 2.67282e-03 2.50733e-03 2.35654e-03 2.22115e-03 2.10400e-03 2.00801e-03 1.93221e-03 1.86934e-03 1.80921e-03 1.74481e-03 1.67439e-03 1.60033e-03 1.52575e-03 1.44957e-03 1.36904e-03 1.28424e-03 1.19783e-03 1.11257e-03 1.02931e-03 9.47622e-04 8.67914e-04 7.91981e-04 7.21068e-04 6.53600e-04 5.86566e-04 5.19179e-04 4.52949e-04 3.90069e-04 3.33102e-04 2.84304e-04 2.44294e-04 2.12222e-04 1.87122e-04 1.68125e-04 1.54057e-04 1.43596e-04 1.35455e-04 1.28337e-04 1.21049e-04 1.12786e-04 1.03266e-04 9.25294e-05 8.07476e-05 6.82498e-05 5.56178e-05 4.36419e-05 3.31152e-05 2.45893e-05 1.82241e-05 1.37753e-05 1.07004e-05 8.35378e-06 6.20907e-06 4.01899e-06 1.91112e-06 4.83173e-07 4.03754e-08 5.67185e-10
33.762881 1.35850e-03 5.39856e-03 9.03044e-03 1.01592e-02 1.02350e-02 1.02265e-02 1.01528e-02 9.96801e-03 9.73686e-03 9.58053e-03 9.57921e-03 9.73597e-03 9.99958e-03 1.02964e-02 1.05821e-02 1.08644e-02 1.11615e-02 1.14800e-02 1.18253e-02 1.22026e-02 1.26014e-02 1.29959e-02 1.33563e-02 1.36539e-02 1.38530e-02 1.39240e-02 1.38944e-02 1.38293e-02 1.37468e-02 1.36689e-02 1.36129e-02 1.35676e-02 1.35654e-02 1.36036e-02 1.36406e-02 1.36376e-02 1.35923e-02 1.35582e-02 1.35762e-02 1.35553e-02 1.32313e-02 1.24787e-02 1.16064e-02 1.09448e-02 1.04782e-02 1.00178e-02 9.53063e-03 9.07809e-03 8.67095e-03 8.28438e-03 7.89986e-03 7.56817e-03 7.36729e-03 7.12445e-03 6.73169e-03 6.31595e-03 5.93449e-03 5.58875e-03 5.27613e-03 4.99134e-03 4.72795e-03 4.47967e-03 4.24270e-03 4.01721e-03 3.80387e-03 3.60126e-03 3.40772e-03 3.22183e-03 3.04176e-03 2.86665e-03 2.69760e-03 2.53694e-03 2.38662e-03 2.24700e-03 2.11705e-03 1.99514e-03 1.88023e-03 1.77259e-03 1.67331e-03 1.58279e-03 1.50041e-03 1.42634e-03 1.36174e-03 1.30509e-03 1.25007e-03 1.19046e-03 1.12497e-03 1.05569e-03 9.85695e-04 9.17594e-04 8.53061e-04 7.92452e-04 7.34802e-04 6.78605e-04 6.22572e-04 5.66242e-04 5.10937e-04 4.59657e-04 4.14715e-04 3.75845e-04 3.41558e-04 3.11268e-04 2.85030e-04 2.62466e-04 2.42796e-04 2.25272e-04 2.09291e-04 1.94295e-04 1.79709e-04 1.65009e-04 1.49816e-04 1.33939e-04 1.17363e-04 1.00243e-04 8.29133e-05 6.58987e-05 4.98840e-05 3.56373e-05 2.38707e-05 1.50337e-05 9.08966e-06 5.43325e-06 3.15560e-06 1.59499e-06 5.94979e-07 1.36301e-07 1.48696e-08 3.20276e-10
34.012976 1.30141e-03 4.73761e-03 8.16888e-03 9.92846e-03 1.03685e-02 1.02764e-02 1.00015e-02 9.70406e-03 9.50165e-03 9.46286e-03 9.55946e-03 9.73216e-03 9.96857e-03 1.02659e-02 1.05999e-02 1.09600e-02 1.13508e-02 1.17809e-02 1.22450e-02 1.26989e-02 1.30794e-02 1.33739e-02 1.36229e-02 1.38089e-02 1.38899e-02 1.39108e-02 1.39184e-02 1.39042e-02 1.38331e-02 1.36717e-02 1.34992e-02 1.33867e-02 1.33188e-02 1.32661e-02 1.31987e-02 1.31143e-02 1.30410e-02 1.30083e-02 1.30429e-02 1.31601e-02 1.32637e-02 1.30440e-02 1.23311e-02 1.14960e-02 1.08750e-02 1.03277e-02 9.75437e-03 9.20030e-03 8.68484e-03 8.22011e-03 7.80382e-03 7.42188e-03 7.05918e-03 6.71667e-03 6.47178e-03 6.32003e-03 6.06957e-03 5.74105e-03 5.42365e-03 5.12401e-03 4.84104e-03 4.57638e-03 4.32532e-03 4.08295e-03 3.85247e-03 3.63878e-03 3.44132e-03 3.25780e-03 3.08744e-03 2.92959e-03 2.78252e-03 2.64371e-03 2.51059e-03 2.38065e-03 2.25133e-03 2.12009e-03 1.98505e-03 1.84626e-03 1.70647e-03 1.57048e-03 1.44304e-03 1.32698e-03 1.22264e-03 1.12744e-03 1.03632e-03 9.45751e-04 8.56554e-04 7.72553e-04 6.99712e-04 6.43735e-04 6.04170e-04 5.73927e-04 5.46274e-04 5.19197e-04 4.93611e-04 4.70686e-04 4.50999e-04 4.34235e-04 4.19567e-04 4.06141e-04 3.93385e-04 3.81213e-04 3.69800e-04 3.58979e-04 3.47996e-04 3.36003e-04 3.22613e-04 3.07956e-04 2.92326e-04 2.75829e-04 2.58260e-04 2.39224e-04 2.18374e-04 1.95569e-04 1.70902e-04 1.44687e-04 1.17504e-04 9.02882e-05 6.43616e-05 4.13610e-05 2.29846e-05 1.04398e-05 3.66891e-06 1.05576e-06 3.33145e-07 9.67516e-08 1.35396e-08 3.26241e-10
34.263072 1.50045e-03 5.32711e-03 9.10463e-03 1.09343e-02 1.11877e-02 1.08235e-02 1.02009e-02 9.57711e-03 9.15444e-03 8.94058e-03 8.86606e-03 8.90788e-03 9.07622e-03 9.35303e-03 9.68624e-03 1.00598e-02 1.04947e-02 1.09738e-02 1.14436e-02 1.18735e-02 1.22317e-02 1.25074e-02 1.27284e-02 1.29058e-02 1.30561e-02 1.31975e-02 1.33101e-02 1.33650e-02 1.33615e-02 1.33181e-02 1.32752e-02 1.32419e-02 1.32034e-02 1.31537e-02 1.31027e-02 1.30590e-02 1.30162e-02 1.29710e-02 1.29419e-02 1.29584e-02 1.30331e-02 1.30940e-02 1.28993e-02 1.22296e-02 1.13402e-02 1.06322e-02 1.00027e-02 9.29374e-03 8.64508e-03 8.12220e-03 7.67797e-03 7.29307e-03 6.96098e-03 6.66804e-03 6.39703e-03 6.13521e-03 5.87485e-03 5.63014e-03 5.42801e-03 5.23086e-03 5.01058e-03 4.78039e-03 4.53533e-03 4.27912e-03 4.03602e-03 3.82004e-03 3.62989e-03 3.45942e-03 3.30255e-03 3.15472e-03 3.01282e-03 2.87474e-03 2.73923e-03 2.60543e-03 2.47236e-03 2.33849e-03 2.20200e-03 2.06163e-03 1.91735e-03 1.77021e-03 1.62153e-03 1.47257e-03 1.32508e-03 1.18192e-03 1.04659e-03 9.21931e-04 8.09483e-04 7.08949e-04 6.18683e-04 5.37754e-04 4.67023e-04 4.07695e-04 3.59552e-04 3.21819e-04 2.95266e-04 2.81906e-04 2.81566e-04 2.89894e-04 3.03022e-04 3.19284e-04 3.34640e-04 3.45029e-04 3.49955e-04 3.51089e-04 3.50159e-04 3.47959e-04 3.44253e-04 3.38206e-04 3.28798e-04 3.15155e-04 2.96802e-04 2.73778e-04 2.46630e-04 2.16344e-04 1.84243e-04 1.51816e-04 1.20533e-04 9.16772e-05 6.62718e-05 4.51102e-05 2.87266e-05 1.70905e-05 9.33088e-06 4.25784e-06 1.32219e-06 2.12759e-07 1.36722e-08 2.28650e-10
34.513167 1.70569e-03 5.88967e-03 9.87320e-03 1.16782e-02 1.15393e-02 1.05163e-02 9.31486e-03 8.40396e-03 7.92959e-03 7.82183e-03 7.93731e-03 8.11945e-03 8.29805e-03 8.49814e-03 8.75128e-03 9.05304e-03 9.38995e-03 9.79126e-03 1.02919e-02 1.08612e-02 1.14023e-02 1.18144e-02 1.20817e-02 1.22539e-02 1.23945e-02 1.26172e-02 1.28874e-02 1.31110e-02 1.32567e-02 1.33415e-02 1.34007e-02 1.34533e-02 1.35111e-02 1.35898e-02 1.36926e-02 1.37928e-02 1.38455e-02 1.38152e-02 1.36999e-02 1.35318e-02 1.33481e-02 1.31552e-02 1.28972e-02 1.24611e-02 1.17828e-02 1.09786e-02 1.02103e-02 9.47147e-03 8.75596e-03 8.13020e-03 7.62084e-03 7.19758e-03 6.82711e-03 6.49220e-03 6.18490e-03 5.89871e-03 5.62368e-03 5.34586e-03 5.05546e-03 4.75540e-03 4.46575e-03 4.21871e-03 4.03373e-03 3.90013e-03 3.80612e-03 3.74791e-03 3.71114e-03 3.67327e-03 3.61304e-03 3.51796e-03 3.38904e-03 3.23755e-03 3.07661e-03 2.91551e-03 2.75881e-03 2.60770e-03 2.46133e-03 2.31760e-03 2.17364e-03 2.02679e-03 1.87615e-03 1.72404e-03 1.57520e-03 1.43329e-03 1.29873e-03 1.17099e-03 1.05009e-03 9.34975e-04 8.24489e-04 7.19838e-04 6.24770e-04 5.43902e-04 4.78732e-04 4.26235e-04 3.82951e-04 3.48580e-04 3.26706e-04 3.21787e-04 3.30300e-04 3.37064e-04 3.30475e-04 3.14520e-04 2.99070e-04 2.88852e-04 2.83691e-04 2.81474e-04 2.80027e-04 2.77635e-04 2.73039e-04 2.65367e-04 2.54076e-04 2.38898e-04 2.19828e-04 1.97099e-04 1.71186e-04 1.42872e-04 1.13421e-04 8.46767e-05 5.87873e-05 3.75447e-05 2.18387e-05 1.15306e-05 5.60490e-06 2.54963e-06 9.99060e-07 2.37002e-07 1.83476e-08 2.28185e-10
34.763263 1.52965e-03 5.69169e-03 9.79093e-03 1.11408e-02 1.02541e-02 8.97691e-03 8.25497e-03 8.08916e-03 8.15316e-03 8.30587e-03 8.39482e-03 8.28818e-03 8.15710e-03 8.15047e-03 8.23959e-03 8.41772e-03 8.71980e-03 9.13189e-03 9.57173e-03 9.95806e-03 1.02820e-02 1.05498e-02 1.07975e-02 1.11776e-02 1.16577e-02 1.21919e-02 1.27334e-02 1.32064e-02 1.35534e-02 1.37762e-02 1.39185e-02 1.40201e-02 1.41021e-02 1.41622e-02 1.41797e-02 1.41376e-02 1.40413e-02 1.39068e-02 1.37349e-02 1.35158e-02 1.32516e-02 1.29529e-02 1.26058e-02 1.21437e-02 1.15073e-02 1.07582e-02 1.00434e-02 9.41364e-03 8.82223e-03 8.26669e-03 7.76990e-03 7.33191e-03 6.95344e-03 6.61924e-03 6.29689e-03 5.97710e-03 5.65311e-03 5.32149e-03 4.99237e-03 4.67672e-03 4.37616e-03 4.09262e-03 3.84245e-03 3.64074e-03 3.47939e-03 3.34603e-03 3.23988e-03 3.15897e-03 3.09524e-03 3.04043e-03 2.99168e-03 2.95255e-03 2.92820e-03 2.91902e-03 2.91543e-03 2.89710e-03 2.84200e-03 2.74041e-03 2.59963e-03 2.43717e-03 2.27158e-03 2.11567e-03 1.97258e-03 1.83690e-03 1.70151e-03 1.56458e-03 1.42995e-03 1.30115e-03 1.17710e-03 1.05568e-03 9.41522e-04 8.47107e-04 7.82485e-04 7.44158e-04 7.20488e-04 7.09142e-04 7.06582e-04 6.94013e-04 6.64858e-04 6.26903e-04 5.80491e-04 5.23019e-04 4.64746e-04 4.19907e-04 3.88232e-04 3.63487e-04 3.42441e-04 3.23593e-04 3.05841e-04 2.88471e-04 2.71103e-04 2.53502e-04 2.35415e-04 2.16489e-04 1.96278e-04 1.74319e-04 1.50288e-04 1.24265e-04 9.70344e-05 7.02107e-05 4.59814e-05 2.64731e-05 1.29509e-05 5.20215e-06 1.65437e-06 3.54996e-07 3.42160e-08 6.28354e-10
35.013358 1.06620e-03 4.74508e-03 8.90139e-03 1.07825e-02 1.08335e-02 1.01192e-02 9.11508e-03 8.26841e-03 7.98644e-03 8.11046e-03 8.22448e-03 8.15731e-03 7.97468e-03 7.79724e-03 7.71993e-03 7.81433e-03 8.11426e-03 8.57074e-03 9.08213e-03 9.50927e-03 9.87182e-03 1.02823e-02 1.06730e-02 1.10803e-02 1.15074e-02 1.19174e-02 1.22966e-02 1.26438e-02 1.29288e-02 1.31177e-02 1.32096e-02 1.32356e-02 1.32397e-02 1.32460e-02 1.32477e-02 1.32322e-02 1.32097e-02 1.31946e-02 1.31514e-02 1.29990e-02 1.26912e-02 1.22444e-02 1.16932e-02 1.10862e-02 1.04876e-02 9.93119e-03 9.44833e-03 9.07315e-03 8.76745e-03 8.44050e-03 8.05939e-03 7.64433e-03 7.22321e-03 6.81419e-03 6.39690e-03 5.99150e-03 5.62437e-03 5.29283e-03 4.99107e-03 4.71851e-03 4.47212e-03 4.24282e-03 4.01965e-03 3.80166e-03 3.60336e-03 3.43507e-03 3.29128e-03 3.16705e-03 3.06192e-03 2.97312e-03 2.89437e-03 2.81784e-03 2.73841e-03 2.65780e-03 2.58126e-03 2.51180e-03 2.44905e-03 2.39244e-03 2.34581e-03 2.32159e-03 2.33723e-03 2.38498e-03 2.42645e-03 2.43144e-03 2.39202e-03 2.31472e-03 2.21056e-03 2.09055e-03 1.96616e-03 1.85124e-03 1.75629e-03 1.68079e-03 1.61775e-03 1.55498e-03 1.47885e-03 1.38942e-03 1.29953e-03 1.22327e-03 1.16573e-03 1.12020e-03 1.07677e-03 1.03032e-03 9.80619e-04 9.31314e-04 8.86521e-04 8.44984e-04 8.02746e-04 7.58285e-04 7.12167e-04 6.65302e-04 6.18220e-04 5.70848e-04 5.22852e-04 4.74143e-04 4.25029e-04 3.75861e-04 3.26410e-04 2.75848e-04 2.23699e-04 1.70955e-04 1.20416e-04 7.60393e-05 4.15069e-05 1.85765e-05 6.20545e-06 1.23964e-06 9.51195e-08 1.33797e-09
35.263454 8.87147e-04 7.59125e-03 1.46054e-02 1.41374e-02 1.12415e-02 9.70507e-03 9.04722e-03 8.51732e-03 8.04735e-03 7.71309e-03 7.50030e-03 7.36585e-03 7.29681e-03 7.32201e-03 7.48607e-03 7.81275e-03 8.27270e-03 8.73802e-03 9.11191e-03 9.46815e-03 9.76320e-03 1.00110e-02 1.02642e-02 1.05348e-02 1.08024e-02 1.10491e-02 1.12615e-02 1.14278e-02 1.15414e-02 1.16134e-02 1.16614e-02 1.16914e-02 1.17037e-02 1.16990e-02 1.16862e-02 1.16900e-02 1.17385e-02 1.18452e-02 1.19830e-02 1.20522e-02 1.19083e-02 1.14832e-02 1.08896e-02 1.03078e-02 9.78703e-03 9.30428e-03 8.86580e-03 8.49450e-03 8.18782e-03 7.92910e-03 7.69459e-03 7.41693e-03 7.08172e-03 6.74000e-03 6.40935e-03 6.07862e-03 5.73710e-03 5.38317e-03 5.02820e-03 4.69648e-03 4.41097e-03 4.17756e-03 3.98604e-03 3.81958e-03 3.66281e-03 3.51179e-03 3.37672e-03 3.26450e-03 3.16844e-03 3.08063e-03 2.99914e-03 2.92549e-03 2.86011e-03 2.80000e-03 2.74025e-03 2.67804e-03 2.61222e-03 2.53896e-03 2.45446e-03 2.37065e-03 2.32462e-03 2.33124e-03 2.33853e-03 2.31881e-03 2.28499e-03 2.25196e-03 2.23038e-03 2.23382e-03 2.26578e-03 2.30909e-03 2.33720e-03 2.32756e-03 2.27148e-03 2.17749e-03 2.06386e-03 1.94674e-03 1.83513e-03 1.73051e-03 1.62882e-03 1.52762e-03 1.42937e-03 1.33613e-03 1.24979e-03 1.17376e-03 1.11055e-03 1.06029e-03 1.02009e-03 9.83550e-04 9.43542e-04 8.96802e-04 8.44378e-04 7.88332e-04 7.30146e-04 6.70914e-04 6.11047e-04 5.50488e-04 4.89182e-04 4.27782e-04 3.67650e-04 3.07791e-04 2.44123e-04 1.75666e-04 1.08897e-04 5.43822e-05 1.95480e-05 3.93675e-06 2.69961e-07 3.04094e-09
35.513549 9.18720e-04 9.26914e-03 1.38980e-02 1.15928e-02 1.04645e-02 9.88934e-03 9.05766e-03 8.22484e-03 7.64103e-03 7.35576e-03 7.27038e-03 7.26210e-03 7.31560e-03 7.47579e-03 7.73420e-03 8.08395e-03 8.50542e-03 8.95633e-03 9.35564e-03 9.60094e-03 9.68086e-03 9.65789e-03 9.64399e-03 9.74083e-03 9.95769e-03 1.02220e-02 1.04557e-02 1.06149e-02 1.06954e-02 1.07244e-02 1.07235e-02 1.06935e-02 1.06462e-02 1.06031e-02 1.05726e-02 1.05565e-02 1.05695e-02 1.06338e-02 1.07508e-02 1.08688e-02 1.08638e-02 1.06334e-02 1.02621e-02 9.89270e-03 9.55440e-03 9.22625e-03 8.88813e-03 8.53949e-03 8.20151e-03 7.89717e-03 7.63169e-03 7.39071e-03 7.14981e-03 6.89002e-03 6.60478e-03 6.29596e-03 5.96995e-03 5.63654e-03 5.30599e-03 4.98611e-03 4.68331e-03 4.40542e-03 4.16034e-03 3.95085e-03 3.77393e-03 3.62308e-03 3.49007e-03 3.37034e-03 3.26629e-03 3.17963e-03 3.10997e-03 3.06067e-03 3.03634e-03 3.03476e-03 3.04000e-03 3.02688e-03 2.97870e-03 2.89877e-03 2.80244e-03 2.70512e-03 2.62650e-03 2.59830e-03 2.61340e-03 2.60543e-03 2.56376e-03 2.52196e-03 2.49295e-03 2.46800e-03 2.43472e-03 2.38876e-03 2.33396e-03 2.27695e-03 2.22241e-03 2.17120e-03 2.11951e-03 2.05958e-03 1.98299e-03 1.88522e-03 1.76914e-03 1.64413e-03 1.52021e-03 1.40312e-03 1.29470e-03 1.19524e-03 1.10502e-03 1.02438e-03 9.52989e-04 8.89694e-04 8.32958e-04 7.81174e-04 7.33095e-04 6.88051e-04 6.45317e-04 6.02604e-04 5.55090e-04 4.98132e-04 4.31410e-04 3.59464e-04 2.89376e-04 2.27571e-04 1.76671e-04 1.34221e-04 9.52149e-05 5.75875e-05 2.54518e-05 6.10367e-06 4.67498e-07 5.50780e-09
35.763644 1.15812e-03 7.09261e-03 1.07715e-02 1.04813e-02 1.02379e-02 9.85831e-03 9.22838e-03 8.59760e-03 8.16594e-03 7.94047e-03 7.84149e-03 7.84950e-03 7.97584e-03 8.22433e-03 8.54454e-03 8.84318e-03 9.06483e-03 9.20561e-03 9.29319e-03 9.34049e-03 9.31393e-03 9.23563e-03 9.20381e-03 9.27178e-03 9.40852e-03 9.56085e-03 9.69524e-03 9.79406e-03 9.84333e-03 9.83778e-03 9.78585e-03 9.70494e-03 9.61071e-03 9.51017e-03 9.41284e-03 9.34250e-03 9.32898e-03 9.38628e-03 9.50642e-03 9.66824e-03 9.82321e-03 9.88487e-03 9.79595e-03 9.58216e-03 9.30393e-03 9.01247e-03 8.73814e-03 8.48860e-03 8.25346e-03 8.00715e-03 7.72605e-03 7.40528e-03 7.06823e-03 6.75756e-03 6.49483e-03 6.26532e-03 6.04630e-03 5.82355e-03 5.59066e-03 5.34861e-03 5.10059e-03 4.84043e-03 4.56179e-03 4.27781e-03 4.01416e-03 3.78919e-03 3.60335e-03 3.44451e-03 3.30285e-03 3.18040e-03 3.08567e-03 3.02168e-03 2.98360e-03 2.96228e-03 2.95000e-03 2.94583e-03 2.95339e-03 2.97359e-03 3.00090e-03 3.02527e-03 3.04581e-03 3.08194e-03 3.15953e-03 3.26517e-03 3.30382e-03 3.23001e-03 3.11308e-03 2.98656e-03 2.84703e-03 2.69294e-03 2.52916e-03 2.36686e-03 2.21883e-03 2.09341e-03 1.98928e-03 1.90129e-03 1.82691e-03 1.76334e-03 1.70516e-03 1.64551e-03 1.57960e-03 1.50695e-03 1.43035e-03 1.35316e-03 1.27711e-03 1.20223e-03 1.12793e-03 1.05366e-03 9.79099e-04 9.04315e-04 8.29944e-04 7.57281e-04 6.88021e-04 6.23705e-04 5.64990e-04 5.10524e-04 4.55555e-04 3.92364e-04 3.14169e-04 2.21980e-04 1.29754e-04 5.89301e-05 2.13979e-05 9.01972e-06 5.04816e-06 1.72870e-06 1.78790e-07 2.77115e-09
36.013740 1.46421e-03 6.60021e-03 1.03860e-02 1.12678e-02 1.13468e-02 1.09807e-02 1.04030e-02 9.81644e-03 9.33544e-03 9.06147e-03 8.96688e-03 8.98168e-03 9.08812e-03 9.23121e-03 9.28988e-03 9.19990e-03 9.03083e-03 8.87856e-03 8.79532e-03 8.81929e-03 8.91024e-03 8.98902e-03 9.02468e-03 9.03530e-03 9.05839e-03 9.10847e-03 9.17749e-03 9.24523e-03 9.28075e-03 9.26160e-03 9.18973e-03 9.08379e-03 8.95965e-03 8.82154e-03 8.68009e-03 8.56383e-03 8.50402e-03 8.51350e-03 8.57436e-03 8.64577e-03 8.69691e-03 8.72916e-03 8.75319e-03 8.74827e-03 8.66504e-03 8.47417e-03 8.19703e-03 7.88380e-03 7.58050e-03 7.31284e-03 7.08070e-03 6.87060e-03 6.66637e-03 6.45228e-03 6.22187e-03 5.98577e-03 5.76086e-03 5.55464e-03 5.36436e-03 5.18355e-03 5.00746e-03 4.83480e-03 4.66533e-03 4.49625e-03 4.32006e-03 4.12459e-03 3.90476e-03 3.67674e-03 3.46104e-03 3.27205e-03 3.12516e-03 3.02310e-03 2.94868e-03 2.87977e-03 2.80786e-03 2.74171e-03 2.69738e-03 2.68822e-03 2.71559e-03 2.76591e-03 2.82761e-03 2.90464e-03 3.01673e-03 3.17743e-03 3.34814e-03 3.44725e-03 3.46230e-03 3.44062e-03 3.37081e-03 3.26098e-03 3.13054e-03 2.97612e-03 2.80738e-03 2.64287e-03 2.48172e-03 2.33007e-03 2.20005e-03 2.09184e-03 2.00775e-03 1.95142e-03 1.91808e-03 1.89601e-03 1.87269e-03 1.83921e-03 1.79228e-03 1.73366e-03 1.66733e-03 1.59666e-03 1.52363e-03 1.44941e-03 1.37472e-03 1.29981e-03 1.22414e-03 1.14645e-03 1.06519e-03 9.79193e-04 8.88196e-04 7.92880e-04 6.94031e-04 5.90935e-04 4.80817e-04 3.61932e-04 2.39279e-04 1.27112e-04 4.54192e-05 7.71002e-06 3.36764e-07 1.28307e-09
36.263835 1.55441e-03 6.22314e-03 1.07038e-02 1.27290e-02 1.31545e-02 1.28259e-02 1.20509e-02 1.12228e-02 1.06348e-02 1.02962e-02 1.00992e-02 9.96492e-03 9.83784e-03 9.64699e-03 9.36295e-03 9.06801e-03 8.86812e-03 8.77767e-03 8.74694e-03 8.75394e-03 8.79735e-03 8.86163e-03 8.92320e-03 8.96347e-03 8.97546e-03 8.96552e-03 8.94956e-03 8.94002e-03 8.93077e-03 8.90861e-03 8.87188e-03 8.82642e-03 8.76672e-03 8.67013e-03 8.52472e-03 8.35789e-03 8.21402e-03 8.11077e-03 8.04388e-03 7.99806e-03 7.95111e-03 7.88779e-03 7.80539e-03 7.71326e-03 7.62125e-03 7.51898e-03 7.38040e-03 7.19140e-03 6.96190e-03 6.71879e-03 6.49505e-03 6.31207e-03 6.16840e-03 6.04533e-03 5.91849e-03 5.77000e-03 5.59634e-03 5.40641e-03 5.21335e-03 5.02803e-03 4.85728e-03 4.70417e-03 4.56829e-03 4.44648e-03 4.33416e-03 4.22588e-03 4.11255e-03 3.97587e-03 3.79378e-03 3.56911e-03 3.34242e-03 3.15438e-03 3.01693e-03 2.91613e-03 2.82675e-03 2.73794e-03 2.66561e-03 2.62534e-03 2.61600e-03 2.63760e-03 2.69917e-03 2.80842e-03 2.95714e-03 3.11830e-03 3.26196e-03 3.36884e-03 3.42671e-03 3.44338e-03 3.44348e-03 3.41574e-03 3.34689e-03 3.24977e-03 3.15066e-03 3.07489e-03 3.00833e-03 2.92756e-03 2.84013e-03 2.76168e-03 2.69611e-03 2.64007e-03 2.58484e-03 2.51640e-03 2.42200e-03 2.30146e-03 2.17246e-03 2.05886e-03 1.97103e-03 1.90107e-03 1.83593e-03 1.76981e-03 1.70388e-03 1.63963e-03 1.57617e-03 1.51120e-03 1.44197e-03 1.36522e-03 1.27726e-03 1.17440e-03 1.05378e-03 9.14613e-04 7.58895e-04 5.91471e-04 4.20853e-04 2.57941e-04 1.16304e-04 2.67813e-05 1.64291e-06 1.02206e-08
36.513931 1.40191e-03 5.82291e-03 1.09269e-02 1.41273e-02 1.50503e-02 1.42927e-02 1.30555e-02 1.20933e-02 1.14418e-02 1.09848e-02 1.06432e-02 1.03338e-02 1.00039e-02 9.67549e-03 9.38396e-03 9.13410e-03 8.92459e-03 8.78355e-03 8.74950e-03 8.81835e-03 8.94262e-03 9.06586e-03 9.14389e-03 9.15182e-03 9.09211e-03 8.99988e-03 8.93141e-03 8.92114e-03 8.95533e-03 8.99443e-03 8.99728e-03 8.93797e-03 8.81859e-03 8.65531e-03 8.46288e-03 8.25575e-03 8.04653e-03 7.83939e-03 7.63863e-03 7.45040e-03 7.27261e-03 7.10315e-03 6.95176e-03 6.82482e-03 6.71485e-03 6.61645e-03 6.53469e-03 6.47481e-03 6.43070e-03 6.38307e-03 6.31014e-03 6.20463e-03 6.07853e-03 5.94887e-03 5.82488e-03 5.70672e-03 5.58817e-03 5.45961e-03 5.31338e-03 5.14962e-03 4.97744e-03 4.81016e-03 4.65927e-03 4.53075e-03 4.42447e-03 4.33603e-03 4.25937e-03 4.18551e-03 4.09738e-03 3.97062e-03 3.78820e-03 3.55780e-03 3.30805e-03 3.07128e-03 2.87532e-03 2.73789e-03 2.65493e-03 2.60718e-03 2.58565e-03 2.59267e-03 2.62667e-03 2.68642e-03 2.77764e-03 2.90515e-03 3.06304e-03 3.23378e-03 3.39051e-03 3.50229e-03 3.55356e-03 3.55796e-03 3.53063e-03 3.47063e-03 3.38464e-03 3.30733e-03 3.25809e-03 3.21290e-03 3.14818e-03 3.06737e-03 2.98146e-03 2.89519e-03 2.81045e-03 2.72834e-03 2.64887e-03 2.57166e-03 2.49486e-03 2.41276e-03 2.31635e-03 2.19872e-03 2.06274e-03 1.92298e-03 1.79583e-03 1.68856e-03 1.59904e-03 1.52069e-03 1.44577e-03 1.36745e-03 1.28201e-03 1.18909e-03 1.08865e-03 9.77884e-04 8.51241e-04 7.01172e-04 5.22863e-04 3.28491e-04 1.50338e-04 3.58337e-05 2.34233e-06 1.65080e-08
36.764026 1.24112e-03 5.91439e-03 1.17900e-02 1.48527e-02 1.49611e-02 1.39997e-02 1.30585e-02 1.23072e-02 1.16856e-02 1.11030e-02 1.05040e-02 9.94316e-03 9.54732e-03 9.37890e-03 9.37071e-03 9.37572e-03 9.27103e-03 9.08916e-03 8.97185e-03 9.00952e-03 9.18777e-03 9.38247e-03 9.43749e-03 9.35769e-03 9.27850e-03 9.24602e-03 9.22544e-03 9.19660e-03 9.15597e-03 9.09935e-03 9.01981e-03 8.91401e-03 8.78488e-03 8.64045e-03 8.48225e-03 8.29563e-03 8.06911e-03 7.80968e-03 7.53788e-03 7.28195e-03 7.06226e-03 6.87657e-03 6.71080e-03 6.56211e-03 6.44042e-03 6.35227e-03 6.29292e-03 6.24871e-03 6.20418e-03 6.15491e-03 6.11058e-03 6.07874e-03 6.05145e-03 6.01194e-03 5.94939e-03 5.86313e-03 5.75814e-03 5.64103e-03 5.51858e-03 5.39732e-03 5.28244e-03 5.17512e-03 5.07142e-03 4.96613e-03 4.85857e-03 4.75411e-03 4.66073e-03 4.58313e-03 4.51638e-03 4.44298e-03 4.33752e-03 4.17739e-03 3.95154e-03 3.66461e-03 3.34128e-03 3.02527e-03 2.76689e-03 2.60190e-03 2.52930e-03 2.52335e-03 2.56556e-03 2.64270e-03 2.73835e-03 2.82804e-03 2.89026e-03 2.96586e-03 3.11867e-03 3.32046e-03 3.49716e-03 3.60537e-03 3.64218e-03 3.62697e-03 3.57916e-03 3.51160e-03 3.43686e-03 3.36697e-03 3.30345e-03 3.23318e-03 3.14293e-03 3.03358e-03 2.91584e-03 2.80371e-03 2.70695e-03 2.62602e-03 2.55460e-03 2.48209e-03 2.39505e-03 2.28209e-03 2.14107e-03 1.98050e-03 1.81307e-03 1.64875e-03 1.49247e-03 1.34574e-03 1.20881e-03 1.08196e-03 9.65731e-04 8.60603e-04 7.66360e-04 6.81052e-04 5.99637e-04 5.13454e-04 4.11442e-04 2.86383e-04 1.47912e-04 3.98359e-05 2.90062e-06 2.31547e-08
37.014121 1.14323e-03 5.94388e-03 1.16819e-02 1.41886e-02 1.43896e-02 1.37526e-02 1.27434e-02 1.17294e-02 1.09309e-02 1.03705e-02 9.95803e-03 9.62421e-03 9.38034e-03 9.25035e-03 9.19340e-03 9.11942e-03 9.00721e-03 8.93404e-03 8.97260e-03 9.14034e-03 9.36478e-03 9.49101e-03 9.47249e-03 9.46114e-03 9.53072e-03 9.58225e-03 9.56552e-03 9.50202e-03 9.40580e-03 9.29095e-03 9.17460e-03 9.06120e-03 8.93948e-03 8.79339e-03 8.61770e-03 8.42212e-03 8.22050e-03 8.01523e-03 7.79700e-03 7.55893e-03 7.30901e-03 7.07087e-03 6.86757e-03 6.70197e-03 6.56698e-03 6.46411e-03 6.39814e-03 6.36395e-03 6.34380e-03 6.31572e-03 6.26722e-03 6.20390e-03 6.14338e-03 6.10121e-03 6.08291e-03 6.08361e-03 6.09018e-03 6.08448e-03 6.05057e-03 5.98254e-03 5.88573e-03 5.77299e-03 5.66046e-03 5.56073e-03 5.47435e-03 5.38947e-03 5.29095e-03 5.16984e-03 5.02558e-03 4.86073e-03 4.67583e-03 4.46888e-03 4.23521e-03 3.97016e-03 3.67760e-03 3.37377e-03 3.08151e-03 2.82559e-03 2.63384e-03 2.52685e-03 2.50013e-03 2.53074e-03 2.59811e-03 2.69275e-03 2.80522e-03 2.91698e-03 3.01386e-03 3.09019e-03 3.17023e-03 3.30294e-03 3.47235e-03 3.62864e-03 3.74248e-03 3.80194e-03 3.80682e-03 3.76581e-03 3.69370e-03 3.60644e-03 3.51327e-03 3.41173e-03 3.29290e-03 3.14831e-03 2.97431e-03 2.78142e-03 2.59221e-03 2.42302e-03 2.27534e-03 2.14043e-03 2.00565e-03 1.85975e-03 1.69843e-03 1.52572e-03 1.35034e-03 1.18120e-03 1.02308e-03 8.75823e-04 7.38265e-04 6.11312e-04 4.98071e-04 4.02380e-04 3.26082e-04 2.64490e-04 2.07215e-04 1.44698e-04 7.65486e-05 2.15128e-05 1.64024e-06 1.34939e-08
37.264217 1.08181e-03 5.75238e-03 1.14098e-02 1.39324e-02 1.39844e-02 1.29872e-02 1.17043e-02 1.06550e-02 9.95256e-03 9.47087e-03 9.12674e-03 8.88961e-03 8.73823e-03 8.65264e-03 8.59707e-03 8.54824e-03 8.53497e-03 8.59905e-03 8.73913e-03 8.92030e-03 9.10740e-03 9.26690e-03 9.36236e-03 9.42898e-03 9.53962e-03 9.64428e-03 9.68885e-03 9.69774e-03 9.69565e-03 9.68204e-03 9.63523e-03 9.53779e-03 9.39293e-03 9.21655e-03 9.02358e-03 8.81450e-03 8.57916e-03 8.31575e-03 8.03723e-03 7.75707e-03 7.47738e-03 7.19637e-03 6.92726e-03 6.70311e-03 6.55175e-03 6.47616e-03 6.46480e-03 6.50623e-03 6.59144e-03 6.70541e-03 6.82034e-03 6.90664e-03 6.95154e-03 6.96074e-03 6.94533e-03 6.91395e-03 6.87452e-03 6.83514e-03 6.79922e-03 6.76091e-03 6.70709e-03 6.62421e-03 6.50440e-03 6.34854e-03 6.16671e-03 5.97330e-03 5.77655e-03 5.57360e-03 5.35571e-03 5.11878e-03 4.86999e-03 4.61840e-03 4.36231e-03 4.09564e-03 3.81871e-03 3.53746e-03 3.26041e-03 2.99963e-03 2.77365e-03 2.60740e-03 2.51745e-03 2.49128e-03 2.49256e-03 2.49620e-03 2.50663e-03 2.53967e-03 2.60316e-03 2.69060e-03 2.78567e-03 2.87684e-03 2.95765e-03 3.03848e-03 3.16421e-03 3.33960e-03 3.52998e-03 3.70802e-03 3.85250e-03 3.94330e-03 3.96749e-03 3.92498e-03 3.82607e-03 3.68596e-03 3.51639e-03 3.31530e-03 3.07108e-03 2.78097e-03 2.46430e-03 2.15762e-03 1.89133e-03 1.67354e-03 1.49428e-03 1.33616e-03 1.18260e-03 1.02530e-03 8.68119e-04 7.20982e-04 5.89864e-04 4.74918e-04 3.73929e-04 2.85309e-04 2.09336e-04 1.47406e-04 9.89935e-05 6.03149e-05 2.84881e-05 7.29843e-06 5.19459e-07 3.84107e-09
37.514312 9.86898e-04 5.53063e-03 1.10590e-02 1.32791e-02 1.29901e-02 1.18718e-02 1.06606e-02 9.62706e-03 8.83522e-03 8.30675e-03 8.01608e-03 7.89995e-03 7.90462e-03 7.97521e-03 8.05908e-03 8.13740e-03 8.20825e-03 8.26081e-03 8.30141e-03 8.36780e-03 8.49457e-03 8.68604e-03 8.92633e-03 9.19497e-03 9.45012e-03 9.65246e-03 9.81023e-03 9.92493e-03 1.00017e-02 1.00609e-02 1.00837e-02 1.00283e-02 9.88363e-03 9.67111e-03 9.41954e-03 9.15190e-03 8.88220e-03 8.61374e-03 8.34321e-03 8.06944e-03 7.80020e-03 7.54844e-03 7.32191e-03 7.12232e-03 6.95572e-03 6.83120e-03 6.74958e-03 6.70765e-03 6.70855e-03 6.76028e-03 6.86676e-03 7.01955e-03 7.19764e-03 7.37579e-03 7.53290e-03 7.65494e-03 7.73568e-03 7.77675e-03 7.78428e-03 7.76120e-03 7.70333e-03 7.60495e-03 7.46525e-03 7.28888e-03 7.08200e-03 6.84690e-03 6.58085e-03 6.28058e-03 5.94930e-03 5.60470e-03 5.28026e-03 5.00596e-03 4.78286e-03 4.58254e-03 4.36724e-03 4.10745e-03 3.79466e-03 3.44808e-03 3.10591e-03 2.81072e-03 2.59944e-03 2.49024e-03 2.46742e-03 2.48556e-03 2.50549e-03 2.52096e-03 2.54538e-03 2.59074e-03 2.65617e-03 2.72703e-03 2.78526e-03 2.81574e-03 2.80912e-03 2.76710e-03 2.72108e-03 2.72885e-03 2.81125e-03 2.94531e-03 3.10362e-03 3.26291e-03 3.39473e-03 3.46294e-03 3.43885e-03 3.31969e-03 3.12209e-03 2.86203e-03 2.55966e-03 2.24251e-03 1.92796e-03 1.63605e-03 1.38950e-03 1.19529e-03 1.04224e-03 9.10417e-04 7.82143e-04 6.50914e-04 5.21892e-04 4.03713e-04 3.02178e-04 2.19248e-04 1.53289e-04 1.00887e-04 6.01758e-05 3.08800e-05 1.20087e-05 2.57500e-06 1.62946e-07 1.03879e-09
37.764408 9.35479e-04 5.09685e-03 1.01278e-02 1.21202e-02 1.17988e-02 1.07925e-02 9.72885e-03 8.80106e-03 8.09161e-03 7.60229e-03 7.29939e-03 7.15736e-03 7.15354e-03 7.25644e-03 7.42571e-03 7.62058e-03 7.79757e-03 7.92861e-03 8.02537e-03 8.12702e-03 8.26954e-03 8.46031e-03 8.67955e-03 8.91188e-03 9.16146e-03 9.43065e-03 9.70103e-03 9.92684e-03 1.00727e-02 1.01658e-02 1.02273e-02 1.02288e-02 1.01440e-02 9.96834e-03 9.71608e-03 9.42501e-03 9.13943e-03 8.88676e-03 8.67317e-03 8.49050e-03 8.32073e-03 8.13737e-03 7.92686e-03 7.70614e-03 7.50031e-03 7.32283e-03 7.17857e-03 7.06771e-03 6.99207e-03 6.96064e-03 6.98564e-03 7.07413e-03 7.22123e-03 7.40852e-03 7.60821e-03 7.79025e-03 7.93214e-03 8.02698e-03 8.07828e-03 8.08729e-03 8.05144e-03 7.97331e-03 7.86324e-03 7.73221e-03 7.58553e-03 7.42117e-03 7.23014e-03 6.99999e-03 6.72284e-03 6.40358e-03 6.06197e-03 5.72654e-03 5.42264e-03 5.16024e-03 4.93010e-03 4.70752e-03 4.45668e-03 4.14278e-03 3.75776e-03 3.34054e-03 2.96656e-03 2.70429e-03 2.57034e-03 2.52903e-03 2.53400e-03 2.55683e-03 2.57982e-03 2.59352e-03 2.60479e-03 2.61787e-03 2.62333e-03 2.61135e-03 2.57853e-03 2.52861e-03 2.47020e-03 2.39873e-03 2.30389e-03 2.21706e-03 2.17381e-03 2.18680e-03 2.25664e-03 2.37540e-03 2.51865e-03 2.63807e-03 2.67569e-03 2.60024e-03 2.42109e-03 2.16781e-03 1.87891e-03 1.59472e-03 1.33618e-03 1.11329e-03 9.35220e-04 8.02407e-04 7.01394e-04 6.11312e-04 5.16975e-04 4.15932e-04 3.14811e-04 2.21729e-04 1.44236e-04 8.69467e-05 4.77172e-05 2.19294e-05 7.21756e-06 1.29712e-06 7.60531e-08 4.82857e-10
38.014503 9.21333e-04 4.74566e-03 9.32783e-03 1.11978e-02 1.10436e-02 1.03580e-02 9.46573e-03 8.46426e-03 7.61439e-03 7.07876e-03 6.84717e-03 6.82146e-03 6.90365e-03 7.02836e-03 7.15769e-03 7.28165e-03 7.39817e-03 7.50709e-03 7.62675e-03 7.77998e-03 7.97359e-03 8.20459e-03 8.46778e-03 8.74905e-03 9.01500e-03 9.21864e-03 9.33545e-03 9.40034e-03 9.47672e-03 9.60906e-03 9.79861e-03 1.00033e-02 1.01771e-02 1.02784e-02 1.02756e-02 1.01723e-02 9.99161e-03 9.75365e-03 9.47472e-03 9.17073e-03 8.85722e-03 8.56395e-03 8.37247e-03 8.34369e-03 8.30058e-03 8.05492e-03 7.75065e-03 7.53919e-03 7.41335e-03 7.33752e-03 7.29365e-03 7.27230e-03 7.26943e-03 7.29047e-03 7.34950e-03 7.45524e-03 7.59309e-03 7.72402e-03 7.80614e-03 7.81920e-03 7.77221e-03 7.69387e-03 7.61139e-03 7.52840e-03 7.42741e-03 7.29555e-03 7.13446e-03 6.94839e-03 6.73786e-03 6.50403e-03 6.25285e-03 5.99544e-03 5.74580e-03 5.51651e-03 5.31206e-03 5.12257e-03 4.92138e-03 4.67001e-03 4.33617e-03 3.92455e-03 3.49447e-03 3.13052e-03 2.88279e-03 2.74674e-03 2.69433e-03 2.69740e-03 2.72144e-03 2.72937e-03 2.70944e-03 2.67648e-03 2.63973e-03 2.59346e-03 2.52845e-03 2.44043e-03 2.33467e-03 2.22552e-03 2.12278e-03 2.01121e-03 1.89841e-03 1.83377e-03 1.81624e-03 1.81736e-03 1.82991e-03 1.86037e-03 1.91545e-03 1.99625e-03 2.06878e-03 2.06026e-03 1.92589e-03 1.68668e-03 1.40607e-03 1.14120e-03 9.14186e-04 7.31440e-04 5.99171e-04 5.10590e-04 4.42259e-04 3.75807e-04 3.04934e-04 2.31298e-04 1.59922e-04 9.76471e-05 5.15731e-05 2.27160e-05 7.12740e-06 1.18555e-06 6.98983e-08 5.72184e-10
38.264599 9.55990e-04 4.75837e-03 9.30874e-03 1.10622e-02 1.06272e-02 9.75196e-03 8.95645e-03 8.25143e-03 7.68727e-03 7.31001e-03 7.10892e-03 7.03138e-03 7.01019e-03 6.99127e-03 6.96830e-03 6.97717e-03 7.03554e-03 7.13097e-03 7.24678e-03 7.37909e-03 7.53910e-03 7.74667e-03 8.01313e-03 8.31786e-03 8.62133e-03 8.90555e-03 9.15561e-03 9.34634e-03 9.48172e-03 9.61384e-03 9.79919e-03 1.00522e-02 1.03498e-02 1.06480e-02 1.09009e-02 1.10778e-02 1.11621e-02 1.11456e-02 1.10311e-02 1.08298e-02 1.05469e-02 1.01876e-02 9.78665e-03 9.43311e-03 9.28908e-03 9.38858e-03 9.28690e-03 8.76246e-03 8.25468e-03 7.93442e-03 7.66402e-03 7.38876e-03 7.13592e-03 6.93521e-03 6.80204e-03 6.74214e-03 6.75356e-03 6.82784e-03 6.94935e-03 7.08917e-03 7.20243e-03 7.24614e-03 7.20720e-03 7.10464e-03 6.96579e-03 6.81268e-03 6.66179e-03 6.51610e-03 6.36125e-03 6.17982e-03 5.96805e-03 5.73925e-03 5.51387e-03 5.30773e-03 5.12727e-03 4.96803e-03 4.81201e-03 4.62723e-03 4.37810e-03 4.05166e-03 3.68152e-03 3.33207e-03 3.05478e-03 2.86945e-03 2.77148e-03 2.74288e-03 2.75900e-03 2.79150e-03 2.81231e-03 2.80135e-03 2.75883e-03 2.69948e-03 2.63026e-03 2.54720e-03 2.44507e-03 2.32265e-03 2.18399e-03 2.03313e-03 1.87171e-03 1.71192e-03 1.58696e-03 1.51687e-03 1.49010e-03 1.49031e-03 1.50965e-03 1.54482e-03 1.59201e-03 1.64401e-03 1.68044e-03 1.65719e-03 1.52683e-03 1.29192e-03 1.01353e-03 7.57265e-04 5.56502e-04 4.20326e-04 3.37776e-04 2.80990e-04 2.29134e-04 1.76534e-04 1.26587e-04 8.24021e-05 4.62658e-05 2.11135e-05 7.17453e-06 1.40346e-06 1.04030e-07 1.28613e-09
38.514694 1.08800e-03 5.13613e-03 9.32012e-03 1.03917e-02 9.79716e-03 9.22243e-03 8.90948e-03 8.63564e-03 8.26234e-03 7.83278e-03 7.44190e-03 7.13163e-03 6.90301e-03 6.76760e-03 6.74897e-03 6.83440e-03 6.97882e-03 7.14581e-03 7.31300e-03 7.47193e-03 7.62923e-03 7.79051e-03 7.95391e-03 8.14162e-03 8.39115e-03 8.71066e-03 9.08840e-03 9.49914e-03 9.88446e-03 1.01996e-02 1.04618e-02 1.07120e-02 1.09731e-02 1.12487e-02 1.15306e-02 1.18046e-02 1.20476e-02 1.22193e-02 1.22730e-02 1.21798e-02 1.19317e-02 1.15322e-02 1.10351e-02 1.05817e-02 1.03059e-02 1.01498e-02 9.86246e-03 9.34463e-03 8.77368e-03 8.28914e-03 7.92172e-03 7.66633e-03 7.45566e-03 7.23896e-03 7.01620e-03 6.80908e-03 6.64434e-03 6.53999e-03 6.49795e-03 6.50962e-03 6.56275e-03 6.63536e-03 6.68544e-03 6.66191e-03 6.53995e-03 6.34449e-03 6.12749e-03 5.92608e-03 5.74889e-03 5.58749e-03 5.42706e-03 5.25502e-03 5.07234e-03 4.89363e-03 4.73192e-03 4.58401e-03 4.42946e-03 4.24254e-03 4.00827e-03 3.73787e-03 3.46772e-03 3.23171e-03 3.04359e-03 2.90371e-03 2.80769e-03 2.74985e-03 2.72365e-03 2.71915e-03 2.71936e-03 2.70012e-03 2.64004e-03 2.53635e-03 2.40942e-03 2.28486e-03 2.17535e-03 2.08005e-03 1.99117e-03 1.89912e-03 1.79043e-03 1.65263e-03 1.49627e-03 1.35610e-03 1.26272e-03 1.22049e-03 1.21453e-03 1.22591e-03 1.24155e-03 1.26402e-03 1.30014e-03 1.34339e-03 1.36089e-03 1.29077e-03 1.09434e-03 8.22042e-04 5.69869e-04 3.88043e-04 2.75532e-04 2.09200e-04 1.62146e-04 1.19706e-04 8.08209e-05 4.93695e-05 2.67029e-05 1.19404e-05 4.01514e-06 8.75748e-07 8.86887e-08 1.66237e-09
38.764789 1.19837e-03 5.07619e-03 8.76364e-03 9.73895e-03 9.44399e-03 9.18794e-03 9.02277e-03 8.76452e-03 8.35411e-03 7.83803e-03 7.32914e-03 6.95935e-03 6.81698e-03 6.89265e-03 7.09156e-03 7.31727e-03 7.51410e-03 7.66826e-03 7.80074e-03 7.93003e-03 8.04887e-03 8.15720e-03 8.29113e-03 8.49449e-03 8.78939e-03 9.18073e-03 9.64872e-03 1.01447e-02 1.06112e-02 1.10143e-02 1.13483e-02 1.16124e-02 1.18163e-02 1.19804e-02 1.21205e-02 1.22386e-02 1.23176e-02 1.23372e-02 1.23004e-02 1.22363e-02 1.21752e-02 1.21034e-02 1.19287e-02 1.15382e-02 1.09403e-02 1.02850e-02 9.71721e-03 9.29618e-03 9.00545e-03 8.76511e-03 8.47521e-03 8.12388e-03 7.79141e-03 7.52002e-03 7.30013e-03 7.12034e-03 6.97418e-03 6.85988e-03 6.77836e-03 6.72867e-03 6.70362e-03 6.68646e-03 6.65234e-03 6.57658e-03 6.44564e-03 6.25978e-03 6.02604e-03 5.75968e-03 5.49348e-03 5.26104e-03 5.06520e-03 4.88144e-03 4.68610e-03 4.47229e-03 4.24823e-03 4.02350e-03 3.79516e-03 3.55504e-03 3.31247e-03 3.09397e-03 2.92070e-03 2.79832e-03 2.72139e-03 2.67974e-03 2.66345e-03 2.66474e-03 2.67659e-03 2.69011e-03 2.68987e-03 2.64454e-03 2.50774e-03 2.26862e-03 1.99751e-03 1.77742e-03 1.63114e-03 1.54333e-03 1.49369e-03 1.46494e-03 1.44334e-03 1.41371e-03 1.35201e-03 1.23310e-03 1.07455e-03 9.50570e-04 8.92101e-04 8.74655e-04 8.83744e-04 9.09523e-04 9.44463e-04 9.85276e-04 1.02085e-03 1.02394e-03 9.59468e-04 8.07287e-04 5.92863e-04 3.88722e-04 2.49725e-04 1.71153e-04 1.24707e-04 8.93238e-05 5.83455e-05 3.33618e-05 1.61346e-05 6.24258e-06 1.74046e-06 2.89434e-07 2.19066e-08 3.62230e-10
39.014885 1.19613e-03 4.86914e-03 8.55133e-03 9.89005e-03 9.77877e-03 9.33516e-03 8.79469e-03 8.20898e-03 7.67592e-03 7.30256e-03 7.14005e-03 7.15821e-03 7.29685e-03 7.49623e-03 7.70041e-03 7.88211e-03 8.03948e-03 8.17944e-03 8.31388e-03 8.45600e-03 8.61952e-03 8.82256e-03 9.08662e-03 9.43646e-03 9.86210e-03 1.02826e-02 1.06338e-02 1.09057e-02 1.11012e-02 1.12595e-02 1.14356e-02 1.16351e-02 1.18281e-02 1.19850e-02 1.20892e-02 1.21426e-02 1.21653e-02 1.21874e-02 1.22152e-02 1.22075e-02 1.20925e-02 1.18355e-02 1.14875e-02 1.11110e-02 1.07005e-02 1.02365e-02 9.76449e-03 9.36365e-03 9.06603e-03 8.85069e-03 8.69410e-03 8.57086e-03 8.42650e-03 8.23799e-03 8.03641e-03 7.84116e-03 7.65826e-03 7.49433e-03 7.35473e-03 7.24257e-03 7.15564e-03 7.08371e-03 7.00535e-03 6.88830e-03 6.70822e-03 6.47601e-03 6.23105e-03 5.99997e-03 5.77212e-03 5.52202e-03 5.25417e-03 4.99447e-03 4.74103e-03 4.46948e-03 4.17141e-03 3.86430e-03 3.57522e-03 3.31894e-03 3.09182e-03 2.88880e-03 2.71691e-03 2.58370e-03 2.48438e-03 2.40747e-03 2.34523e-03 2.29458e-03 2.25055e-03 2.20001e-03 2.11703e-03 1.97062e-03 1.76728e-03 1.56556e-03 1.41027e-03 1.30012e-03 1.21915e-03 1.16024e-03 1.11762e-03 1.08047e-03 1.04103e-03 9.97880e-04 9.52920e-04 9.06271e-04 8.61104e-04 8.29961e-04 8.13758e-04 8.05560e-04 8.09753e-04 8.32167e-04 8.65204e-04 8.98501e-04 9.21021e-04 9.13572e-04 8.52738e-04 7.31656e-04 5.72420e-04 4.09148e-04 2.69112e-04 1.69243e-04 1.09886e-04 7.43186e-05 4.81365e-05 2.78513e-05 1.38167e-05 5.59698e-06 1.73638e-06 3.56585e-07 3.27709e-08 4.68222e-10
39.264980 1.14334e-03 4.86766e-03 8.88965e-03 1.04852e-02 1.02525e-02 9.42943e-03 8.45998e-03 7.60677e-03 7.09744e-03 6.97406e-03 7.10818e-03 7.35012e-03 7.62377e-03 7.89994e-03 8.16276e-03 8.40565e-03 8.60568e-03 8.73090e-03 8.80767e-03 8.94039e-03 9.18921e-03 9.49365e-03 9.78523e-03 1.00539e-02 1.03133e-02 1.05777e-02 1.08524e-02 1.11212e-02 1.13557e-02 1.15507e-02 1.17198e-02 1.18550e-02 1.19462e-02 1.20071e-02 1.20539e-02 1.20848e-02 1.20816e-02 1.20145e-02 1.18544e-02 1.16073e-02 1.13316e-02 1.10952e-02 1.09292e-02 1.08204e-02 1.07068e-02 1.05027e-02 1.01709e-02 9.74419e-03 9.30127e-03 8.92241e-03 8.63330e-03 8.40622e-03 8.21443e-03 8.04930e-03 7.90493e-03 7.77873e-03 7.67861e-03 7.60721e-03 7.55433e-03 7.50552e-03 7.44386e-03 7.35142e-03 7.21875e-03 7.05001e-03 6.85504e-03 6.64515e-03 6.43260e-03 6.22044e-03 6.00246e-03 5.77243e-03 5.52916e-03 5.27404e-03 5.00398e-03 4.71660e-03 4.41985e-03 4.12748e-03 3.85024e-03 3.59392e-03 3.36119e-03 3.14773e-03 2.94271e-03 2.74138e-03 2.54868e-03 2.36839e-03 2.19911e-03 2.03700e-03 1.87243e-03 1.69721e-03 1.52114e-03 1.36194e-03 1.22722e-03 1.11342e-03 1.01577e-03 9.37335e-04 8.82905e-04 8.55270e-04 8.51176e-04 8.58484e-04 8.66096e-04 8.68453e-04 8.62109e-04 8.43427e-04 8.10369e-04 7.65553e-04 7.17191e-04 6.83872e-04 6.84971e-04 7.09729e-04 7.38832e-04 7.74152e-04 8.15223e-04 8.45442e-04 8.36711e-04 7.69671e-04 6.49756e-04 4.98653e-04 3.43750e-04 2.13614e-04 1.25984e-04 7.63962e-05 4.69704e-05 2.70253e-05 1.39857e-05 6.24043e-06 2.23441e-06 5.79330e-07 7.91701e-08 1.89867e-09
39.515076 1.16305e-03 5.05775e-03 9.57464e-03 1.15871e-02 1.10987e-02 9.50595e-03 7.93856e-03 6.99564e-03 6.68747e-03 6.78496e-03 7.09284e-03 7.51291e-03 8.01090e-03 8.48536e-03 8.77165e-03 8.84244e-03 8.85159e-03 8.91387e-03 8.99420e-03 9.03418e-03 9.05807e-03 9.13686e-03 9.31794e-03 9.60289e-03 9.96048e-03 1.03631e-02 1.07919e-02 1.12073e-02 1.15620e-02 1.18451e-02 1.20793e-02 1.22761e-02 1.24315e-02 1.25412e-02 1.25972e-02 1.25833e-02 1.24776e-02 1.22656e-02 1.19643e-02 1.16236e-02 1.12936e-02 1.09959e-02 1.07252e-02 1.04718e-02 1.02497e-02 1.00896e-02 9.97435e-03 9.84008e-03 9.65640e-03 9.41053e-03 9.10081e-03 8.76699e-03 8.45117e-03 8.16592e-03 7.90645e-03 7.66268e-03 7.43140e-03 7.22181e-03 7.03950e-03 6.87924e-03 6.74758e-03 6.66258e-03 6.62036e-03 6.58983e-03 6.54507e-03 6.47899e-03 6.38595e-03 6.25901e-03 6.10006e-03 5.91643e-03 5.71246e-03 5.48959e-03 5.25082e-03 5.00264e-03 4.75324e-03 4.50698e-03 4.26306e-03 4.02571e-03 3.80078e-03 3.57970e-03 3.34998e-03 3.10880e-03 2.85389e-03 2.58041e-03 2.29405e-03 2.01607e-03 1.77253e-03 1.57464e-03 1.41342e-03 1.27570e-03 1.15329e-03 1.03639e-03 9.22913e-04 8.26191e-04 7.67610e-04 7.58228e-04 7.73573e-04 7.86303e-04 7.92366e-04 7.91338e-04 7.79235e-04 7.52068e-04 7.09338e-04 6.56119e-04 6.01962e-04 5.55480e-04 5.19245e-04 4.89717e-04 4.65018e-04 4.53044e-04 4.56886e-04 4.68269e-04 4.69988e-04 4.47082e-04 3.99412e-04 3.34754e-04 2.61473e-04 1.87327e-04 1.22402e-04 7.68144e-05 4.75291e-05 2.74221e-05 1.47097e-05 7.15351e-06 2.80095e-06 7.56213e-07 1.05797e-07 2.65458e-09
39.765171 1.22024e-03 5.65785e-03 1.09997e-02 1.28364e-02 1.10941e-02 8.57636e-03 7.03892e-03 6.57904e-03 6.71034e-03 7.02847e-03 7.37169e-03 7.71117e-03 8.01160e-03 8.24882e-03 8.42944e-03 8.55756e-03 8.62334e-03 8.62709e-03 8.60031e-03 8.60200e-03 8.67802e-03 8.82270e-03 9.02741e-03 9.30241e-03 9.63859e-03 1.00195e-02 1.04419e-02 1.08918e-02 1.13317e-02 1.17376e-02 1.21159e-02 1.24673e-02 1.27798e-02 1.30464e-02 1.32556e-02 1.33684e-02 1.33271e-02 1.31034e-02 1.27287e-02 1.22666e-02 1.17740e-02 1.12900e-02 1.08465e-02 1.04785e-02 1.01980e-02 9.97384e-03 9.77966e-03 9.62633e-03 9.52534e-03 9.44140e-03 9.32702e-03 9.17065e-03 8.96164e-03 8.69272e-03 8.38113e-03 8.05233e-03 7.71810e-03 7.37833e-03 7.05388e-03 6.78339e-03 6.58641e-03 6.45822e-03 6.38515e-03 6.34414e-03 6.29626e-03 6.20320e-03 6.05448e-03 5.87017e-03 5.67771e-03 5.49416e-03 5.32321e-03 5.15846e-03 4.99099e-03 4.81323e-03 4.61923e-03 4.40942e-03 4.18731e-03 3.94946e-03 3.69323e-03 3.42602e-03 3.16058e-03 2.90713e-03 2.66955e-03 2.44634e-03 2.23431e-03 2.03770e-03 1.87224e-03 1.74208e-03 1.62551e-03 1.50818e-03 1.40721e-03 1.30818e-03 1.14407e-03 9.99408e-04 9.31112e-04 8.95493e-04 8.70939e-04 8.49423e-04 8.27162e-04 8.00983e-04 7.68630e-04 7.28306e-04 6.76737e-04 6.10514e-04 5.32030e-04 4.51513e-04 3.80797e-04 3.27257e-04 2.92607e-04 2.74166e-04 2.65630e-04 2.59101e-04 2.47738e-04 2.26769e-04 1.96555e-04 1.61914e-04 1.27728e-04 9.65092e-05 6.96463e-05 4.94474e-05 3.52575e-05 2.33355e-05 1.38724e-05 7.44602e-06 3.20170e-06 9.15221e-07 1.29345e-07 3.22791e-09
40.015266 1.12327e-03 6.01524e-03 1.09944e-02 1.13479e-02 9.41605e-03 7.79699e-03 6.90291e-03 6.59176e-03 6.62157e-03 6.82495e-03 7.10654e-03 7.42158e-03 7.76237e-03 8.07627e-03 8.27562e-03 8.33327e-03 8.29109e-03 8.22932e-03 8.24176e-03 8.35519e-03 8.53416e-03 8.76775e-03 9.05283e-03 9.37069e-03 9.72148e-03 1.01082e-02 1.05100e-02 1.08964e-02 1.12519e-02 1.15977e-02 1.19722e-02 1.23764e-02 1.27678e-02 1.30984e-02 1.33444e-02 1.35114e-02 1.36050e-02 1.35876e-02 1.33949e-02 1.30126e-02 1.25108e-02 1.19913e-02 1.15249e-02 1.11357e-02 1.08139e-02 1.05345e-02 1.02735e-02 1.00138e-02 9.74885e-03 9.48951e-03 9.26947e-03 9.12706e-03 9.05836e-03 8.99613e-03 8.87193e-03 8.66530e-03 8.39121e-03 8.09188e-03 7.80075e-03 7.52727e-03 7.27072e-03 7.02789e-03 6.80175e-03 6.58715e-03 6.36718e-03 6.13680e-03 5.89619e-03 5.64365e-03 5.38121e-03 5.11561e-03 4.85576e-03 4.60788e-03 4.37335e-03 4.15261e-03 3.95028e-03 3.76591e-03 3.59125e-03 3.41580e-03 3.23201e-03 3.04056e-03 2.85261e-03 2.68444e-03 2.54693e-03 2.43006e-03 2.28561e-03 2.09072e-03 1.93149e-03 1.79994e-03 1.62951e-03 1.46266e-03 1.29772e-03 1.16475e-03 1.08448e-03 1.02617e-03 9.71531e-04 9.19730e-04 8.77841e-04 8.49277e-04 8.29612e-04 8.11877e-04 7.90858e-04 7.63434e-04 7.28271e-04 6.85277e-04 6.34187e-04 5.74096e-04 5.04823e-04 4.28186e-04 3.48747e-04 2.74702e-04 2.16672e-04 1.80818e-04 1.61742e-04 1.47893e-04 1.31466e-04 1.09659e-04 8.47798e-05 6.20164e-05 4.38256e-05 3.08349e-05 2.25858e-05 1.67089e-05 1.14968e-05 6.93069e-06 3.28727e-06 1.02097e-06 1.52645e-07 3.92270e-09
40.265362 9.25005e-04 4.63875e-03 8.34513e-03 8.95641e-03 8.08853e-03 7.29132e-03 6.83331e-03 6.67619e-03 6.72761e-03 6.89517e-03 7.12372e-03 7.39802e-03 7.69791e-03 7.95887e-03 8.11011e-03 8.14214e-03 8.12518e-03 8.12223e-03 8.13782e-03 8.20435e-03 8.37207e-03 8.60119e-03 8.85930e-03 9.21650e-03 9.65492e-03 1.01314e-02 1.06283e-02 1.11090e-02 1.15153e-02 1.18169e-02 1.20298e-02 1.21809e-02 1.22939e-02 1.23907e-02 1.24816e-02 1.25764e-02 1.26946e-02 1.28382e-02 1.29838e-02 1.31025e-02 1.31450e-02 1.30441e-02 1.27672e-02 1.23467e-02 1.18551e-02 1.13660e-02 1.09310e-02 1.05702e-02 1.02780e-02 1.00392e-02 9.84594e-03 9.69900e-03 9.59340e-03 9.50676e-03 9.40683e-03 9.26778e-03 9.07046e-03 8.80369e-03 8.48684e-03 8.15568e-03 7.82351e-03 7.49467e-03 7.18059e-03 6.88221e-03 6.59657e-03 6.33699e-03 6.10936e-03 5.88762e-03 5.64481e-03 5.37192e-03 5.06385e-03 4.71206e-03 4.32768e-03 3.95866e-03 3.64260e-03 3.37973e-03 3.16228e-03 2.98511e-03 2.84192e-03 2.72628e-03 2.63235e-03 2.54236e-03 2.41023e-03 2.22721e-03 2.05302e-03 1.89374e-03 1.74677e-03 1.62100e-03 1.50096e-03 1.35697e-03 1.20320e-03 1.07239e-03 9.68902e-04 8.89553e-04 8.33896e-04 7.95556e-04 7.65165e-04 7.38939e-04 7.18803e-04 7.06041e-04 6.97561e-04 6.87316e-04 6.69417e-04 6.41195e-04 6.04194e-04 5.61785e-04 5.16539e-04 4.69916e-04 4.22522e-04 3.73267e-04 3.18352e-04 2.55690e-04 1.93699e-04 1.46538e-04 1.17622e-04 9.81143e-05 7.90086e-05 5.85570e-05 3.98449e-05 2.56450e-05 1.66977e-05 1.15739e-05 8.18403e-06 5.32549e-06 2.76951e-06 9.49042e-07 1.54576e-07 4.19572e-09
40.515457 9.33946e-04 4.21519e-03 7.20233e-03 7.95456e-03 7.62928e-03 7.17092e-03 6.89628e-03 6.83322e-03 6.92355e-03 7.09925e-03 7.30659e-03 7.52694e-03 7.76511e-03 7.97518e-03 8.09228e-03 8.15265e-03 8.20608e-03 8.23452e-03 8.18033e-03 8.09401e-03 8.10195e-03 8.25246e-03 8.52995e-03 8.89343e-03 9.31628e-03 9.75903e-03 1.01690e-02 1.05012e-02 1.07391e-02 1.09150e-02 1.10792e-02 1.12505e-02 1.14331e-02 1.16414e-02 1.18682e-02 1.20725e-02 1.22297e-02 1.23480e-02 1.24390e-02 1.25044e-02 1.25424e-02 1.25586e-02 1.25599e-02 1.25345e-02 1.24581e-02 1.23128e-02 1.20865e-02 1.17875e-02 1.14697e-02 1.11948e-02 1.09816e-02 1.08111e-02 1.06563e-02 1.04944e-02 1.03059e-02 1.00696e-02 9.76786e-03 9.40185e-03 8.99660e-03 8.58615e-03 8.19595e-03 7.84333e-03 7.53300e-03 7.25415e-03 6.99451e-03 6.74422e-03 6.48582e-03 6.19303e-03 5.85076e-03 5.47533e-03 5.09231e-03 4.70347e-03 4.30531e-03 3.91212e-03 3.54480e-03 3.21627e-03 2.93116e-03 2.68953e-03 2.48804e-03 2.32015e-03 2.17566e-03 2.04551e-03 1.92347e-03 1.79614e-03 1.66383e-03 1.54457e-03 1.43389e-03 1.32520e-03 1.20776e-03 1.07540e-03 9.49655e-04 8.53646e-04 7.91664e-04 7.53857e-04 7.29099e-04 7.10812e-04 6.95110e-04 6.79550e-04 6.63504e-04 6.47727e-04 6.33062e-04 6.19487e-04 6.05827e-04 5.90175e-04 5.71041e-04 5.48386e-04 5.23476e-04 4.97931e-04 4.73003e-04 4.49281e-04 4.26424e-04 4.02762e-04 3.74042e-04 3.31521e-04 2.69317e-04 2.00217e-04 1.41495e-04 9.37297e-05 5.59094e-05 3.08580e-05 1.65640e-05 9.12884e-06 5.46856e-06 3.36645e-06 1.78827e-06 6.52562e-07 1.14332e-07 3.27199e-09
40.765553 9.51260e-04 4.37843e-03 7.38383e-03 8.05668e-03 7.79243e-03 7.49768e-03 7.33146e-03 7.26758e-03 7.29060e-03 7.37887e-03 7.50461e-03 7.65830e-03 7.81873e-03 7.94292e-03 8.03335e-03 8.11064e-03 8.13913e-03 8.13985e-03 8.14649e-03 8.15159e-03 8.15846e-03 8.17884e-03 8.21567e-03 8.26957e-03 8.36162e-03 8.52918e-03 8.79143e-03 9.12128e-03 9.44918e-03 9.72364e-03 9.95298e-03 1.01761e-02 1.04208e-02 1.06799e-02 1.09336e-02 1.11853e-02 1.14437e-02 1.16914e-02 1.18941e-02 1.20326e-02 1.21281e-02 1.22133e-02 1.22921e-02 1.23535e-02 1.23856e-02 1.23752e-02 1.23273e-02 1.22674e-02 1.22219e-02 1.21924e-02 1.21572e-02 1.20848e-02 1.19379e-02 1.16984e-02 1.13957e-02 1.10815e-02 1.07771e-02 1.04676e-02 1.01308e-02 9.75010e-03 9.31845e-03 8.85001e-03 8.37634e-03 7.92070e-03 7.48583e-03 7.06412e-03 6.64883e-03 6.23716e-03 5.82836e-03 5.42131e-03 5.01496e-03 4.61094e-03 4.21400e-03 3.83029e-03 3.46524e-03 3.12426e-03 2.81370e-03 2.53834e-03 2.29962e-03 2.09431e-03 1.90990e-03 1.73556e-03 1.58711e-03 1.47118e-03 1.36190e-03 1.25284e-03 1.15085e-03 1.05741e-03 9.63206e-04 8.59183e-04 7.61233e-04 6.90754e-04 6.50742e-04 6.30049e-04 6.18725e-04 6.11691e-04 6.06258e-04 6.00904e-04 5.94940e-04 5.88223e-04 5.80920e-04 5.73382e-04 5.66080e-04 5.59528e-04 5.54133e-04 5.49996e-04 5.46713e-04 5.43265e-04 5.38091e-04 5.29456e-04 5.15881e-04 4.96358e-04 4.70278e-04 4.37249e-04 3.96788e-04 3.47674e-04 2.88386e-04 2.20864e-04 1.51899e-04 8.85197e-05 4.06078e-05 1.48577e-05 5.16368e-06 2.11177e-06 9.43357e-07 3.32549e-07 5.93210e-08 1.73925e-09
41.015648 9.71060e-04 4.67200e-03 8.20629e-03 9.00642e-03 8.58507e-03 8.13042e-03 7.88042e-03 7.78277e-03 7.75042e-03 7.72677e-03 7.68564e-03 7.62606e-03 7.57917e-03 7.59248e-03 7.66522e-03 7.77664e-03 7.91276e-03 8.03449e-03 8.11008e-03 8.13454e-03 8.10736e-03 8.02282e-03 7.90094e-03 7.79088e-03 7.73750e-03 7.76222e-03 7.85962e-03 7.99846e-03 8.13680e-03 8.27397e-03 8.45824e-03 8.71325e-03 9.00321e-03 9.29090e-03 9.58331e-03 9.87055e-03 1.01588e-02 1.06034e-02 1.12169e-02 1.17698e-02 1.21560e-02 1.23906e-02 1.25006e-02 1.25206e-02 1.24915e-02 1.24509e-02 1.24164e-02 1.23795e-02 1.23299e-02 1.22802e-02 1.22480e-02 1.22249e-02 1.21738e-02 1.20681e-02 1.19263e-02 1.17797e-02 1.16178e-02 1.14000e-02 1.11132e-02 1.07818e-02 1.04186e-02 1.00005e-02 9.50321e-03 8.93811e-03 8.34819e-03 7.77872e-03 7.25206e-03 6.76180e-03 6.28756e-03 5.81338e-03 5.33506e-03 4.85691e-03 4.38606e-03 3.93220e-03 3.50892e-03 3.12725e-03 2.79194e-03 2.50499e-03 2.26532e-03 2.06592e-03 1.89278e-03 1.71754e-03 1.51701e-03 1.33254e-03 1.20539e-03 1.09961e-03 9.79517e-04 8.62373e-04 7.69696e-04 6.96609e-04 6.33992e-04 5.81834e-04 5.43151e-04 5.18242e-04 5.03753e-04 4.96000e-04 4.92739e-04 4.92576e-04 4.94407e-04 4.97356e-04 5.00886e-04 5.04880e-04 5.09615e-04 5.15584e-04 5.23203e-04 5.32487e-04 5.42753e-04 5.52454e-04 5.59235e-04 5.60380e-04 5.53633e-04 5.37978e-04 5.13824e-04 4.82472e-04 4.45143e-04 4.02030e-04 3.52162e-04 2.94906e-04 2.31849e-04 1.66151e-04 1.02472e-04 4.92810e-05 1.64639e-05 3.70942e-06 7.11128e-07 1.54617e-07 2.40631e-08 6.87092e-10
41.265744 9.47510e-04 5.06793e-03 9.27832e-03 1.00654e-02 9.35348e-03 8.77646e-03 8.46899e-03 8.26721e-03 8.05857e-03 7.79724e-03 7.49284e-03 7.21028e-03 7.03744e-03 7.01334e-03 7.10991e-03 7.26535e-03 7.41168e-03 7.50822e-03 7.55369e-03 7.56073e-03 7.55247e-03 7.55946e-03 7.59678e-03 7.66095e-03 7.75152e-03 7.86269e-03 7.95639e-03 7.95083e-03 7.79001e-03 7.53341e-03 7.29937e-03 7.19472e-03 7.25186e-03 7.52305e-03 8.12848e-03 8.81374e-03 9.38454e-03 9.90966e-03 1.04288e-02 1.09347e-02 1.13991e-02 1.17926e-02 1.20960e-02 1.22987e-02 1.24011e-02 1.24237e-02 1.24047e-02 1.23816e-02 1.23734e-02 1.23791e-02 1.23820e-02 1.23558e-02 1.22834e-02 1.21720e-02 1.20414e-02 1.19022e-02 1.17482e-02 1.15715e-02 1.13802e-02 1.11929e-02 1.10013e-02 1.07521e-02 1.04023e-02 9.97615e-03 9.53201e-03 9.09719e-03 8.65158e-03 8.15795e-03 7.60200e-03 7.00436e-03 6.39878e-03 5.80900e-03 5.24690e-03 4.72011e-03 4.23184e-03 3.77569e-03 3.33988e-03 2.92397e-03 2.54381e-03 2.21308e-03 1.93164e-03 1.69054e-03 1.48087e-03 1.30003e-03 1.14547e-03 1.01127e-03 8.97146e-04 7.96276e-04 7.05822e-04 6.30116e-04 5.69980e-04 5.21296e-04 4.81661e-04 4.51878e-04 4.31924e-04 4.20079e-04 4.14236e-04 4.12569e-04 4.13937e-04 4.17798e-04 4.23883e-04 4.32036e-04 4.42134e-04 4.53920e-04 4.66802e-04 4.79737e-04 4.91253e-04 4.99533e-04 5.02605e-04 4.98673e-04 4.86563e-04 4.66028e-04 4.37765e-04 4.03212e-04 3.64237e-04 3.22726e-04 2.79977e-04 2.36246e-04 1.91436e-04 1.46641e-04 1.03671e-04 6.40597e-05 3.11671e-05 1.02347e-05 1.92136e-06 1.88364e-07 1.10158e-08 2.15086e-10
41.515839 8.67076e-04 5.08059e-03 9.52224e-03 1.03057e-02 9.59568e-03 9.12500e-03 8.86594e-03 8.58997e-03 8.21638e-03 7.74153e-03 7.22645e-03 6.79421e-03 6.56933e-03 6.57866e-03 6.73506e-03 6.93651e-03 7.12006e-03 7.24353e-03 7.30210e-03 7.35842e-03 7.46779e-03 7.59942e-03 7.70006e-03 7.75000e-03 7.75202e-03 7.70781e-03 7.57341e-03 7.25380e-03 6.80929e-03 6.59360e-03 6.79503e-03 7.11727e-03 7.35469e-03 7.59463e-03 7.87692e-03 8.19243e-03 8.54607e-03 8.94839e-03 9.39763e-03 9.86402e-03 1.03001e-02 1.06743e-02 1.09860e-02 1.12484e-02 1.14731e-02 1.16708e-02 1.18537e-02 1.20301e-02 1.21992e-02 1.23512e-02 1.24723e-02 1.25507e-02 1.25741e-02 1.25270e-02 1.24035e-02 1.22341e-02 1.20649e-02 1.19091e-02 1.17461e-02 1.15543e-02 1.13251e-02 1.10498e-02 1.07281e-02 1.03990e-02 1.01063e-02 9.83131e-03 9.51155e-03 9.10549e-03 8.61478e-03 8.06531e-03 7.48389e-03 6.88995e-03 6.29732e-03 5.71562e-03 5.15006e-03 4.60603e-03 4.09460e-03 3.62584e-03 3.19633e-03 2.79482e-03 2.42184e-03 2.08942e-03 1.80317e-03 1.55968e-03 1.35779e-03 1.19841e-03 1.06936e-03 9.57489e-04 8.62096e-04 7.77731e-04 7.00914e-04 6.35756e-04 5.84859e-04 5.46648e-04 5.18395e-04 4.98118e-04 4.84319e-04 4.75266e-04 4.68891e-04 4.63312e-04 4.57487e-04 4.51413e-04 4.45556e-04 4.39961e-04 4.33828e-04 4.25832e-04 4.14776e-04 4.00078e-04 3.81771e-04 3.60104e-04 3.35146e-04 3.06774e-04 2.75039e-04 2.40598e-04 2.04888e-04 1.69894e-04 1.37456e-04 1.08511e-04 8.30592e-05 6.09775e-05 4.25780e-05 2.78902e-05 1.61815e-05 7.26292e-06 2.03802e-06 2.70107e-07 1.10692e-08 4.89027e-11
41.765934 7.57707e-04 4.54916e-03 8.79948e-03 9.95983e-03 9.60156e-03 9.26681e-03 9.06793e-03 8.78219e-03 8.28561e-03 7.64635e-03 7.08057e-03 6.76850e-03 6.75744e-03 6.98078e-03 7.29774e-03 7.55086e-03 7.65070e-03 7.62907e-03 7.55645e-03 7.47210e-03 7.38385e-03 7.28635e-03 7.17917e-03 7.07021e-03 6.92965e-03 6.69247e-03 6.46592e-03 6.53206e-03 6.79394e-03 6.94704e-03 7.05152e-03 7.20531e-03 7.38362e-03 7.56354e-03 7.74460e-03 7.93280e-03 8.13414e-03 8.35374e-03 8.59316e-03 8.84998e-03 9.12444e-03 9.42276e-03 9.75185e-03 1.01105e-02 1.04822e-02 1.08361e-02 1.11443e-02 1.14017e-02 1.16279e-02 1.18458e-02 1.20619e-02 1.22607e-02 1.24162e-02 1.25072e-02 1.25236e-02 1.24661e-02 1.23531e-02 1.22184e-02 1.20787e-02 1.19184e-02 1.17035e-02 1.14098e-02 1.10558e-02 1.06946e-02 1.03667e-02 1.00814e-02 9.81969e-03 9.53209e-03 9.16399e-03 8.68948e-03 8.11859e-03 7.48570e-03 6.83360e-03 6.19786e-03 5.59871e-03 5.04412e-03 4.53837e-03 4.08661e-03 3.68864e-03 3.32876e-03 2.98140e-03 2.63469e-03 2.30374e-03 2.01232e-03 1.76874e-03 1.56775e-03 1.40526e-03 1.28091e-03 1.18365e-03 1.09789e-03 1.02301e-03 9.52262e-04 8.83852e-04 8.28526e-04 7.89511e-04 7.62580e-04 7.43066e-04 7.27842e-04 7.14533e-04 7.00564e-04 6.83030e-04 6.59310e-04 6.27818e-04 5.88335e-04 5.42207e-04 4.92298e-04 4.42111e-04 3.94416e-04 3.50453e-04 3.10092e-04 2.72379e-04 2.36032e-04 1.99897e-04 1.63499e-04 1.27468e-04 9.34827e-05 6.37055e-05 4.00353e-05 2.33846e-05 1.31247e-05 7.34608e-06 4.13670e-06 2.34790e-06 1.25286e-06 4.88996e-07 9.88734e-08 6.82722e-09 6.61383e-11
42.016030 6.61430e-04 4.12337e-03 8.36201e-03 9.99138e-03 9.96529e-03 9.64821e-03 9.28992e-03 8.81174e-03 8.25222e-03 7.79098e-03 7.56819e-03 7.55766e-03 7.66056e-03 7.80250e-03 7.93369e-03 8.03424e-03 8.08027e-03 8.03652e-03 7.88855e-03 7.63918e-03 7.30736e-03 6.93328e-03 6.57009e-03 6.25494e-03 6.01838e-03 5.97729e-03 6.21962e-03 6.55387e-03 6.77187e-03 6.89295e-03 6.98760e-03 7.08066e-03 7.18273e-03 7.30771e-03 7.46456e-03 7.65121e-03 7.85724e-03 8.07330e-03 8.29786e-03 8.53347e-03 8.78643e-03 9.06991e-03 9.39588e-03 9.76335e-03 1.01558e-02 1.05451e-02 1.08959e-02 1.11755e-02 1.13700e-02 1.14954e-02 1.15874e-02 1.16769e-02 1.17731e-02 1.18649e-02 1.19335e-02 1.19685e-02 1.19690e-02 1.19346e-02 1.18609e-02 1.17359e-02 1.15436e-02 1.12879e-02 1.10033e-02 1.07356e-02 1.05130e-02 1.03311e-02 1.01355e-02 9.83119e-03 9.35728e-03 8.74693e-03 8.08829e-03 7.45014e-03 6.85429e-03 6.29352e-03 5.75699e-03 5.24321e-03 4.75855e-03 4.30974e-03 3.90059e-03 3.53254e-03 3.20321e-03 2.90454e-03 2.62637e-03 2.36395e-03 2.12170e-03 1.90974e-03 1.73776e-03 1.61077e-03 1.52335e-03 1.45813e-03 1.39799e-03 1.33335e-03 1.25720e-03 1.17774e-03 1.11391e-03 1.06993e-03 1.03835e-03 1.01185e-03 9.85387e-04 9.54868e-04 9.16400e-04 8.66956e-04 8.06020e-04 7.36486e-04 6.63141e-04 5.90195e-04 5.20242e-04 4.54666e-04 3.94265e-04 3.39522e-04 2.90644e-04 2.47451e-04 2.09235e-04 1.74819e-04 1.42964e-04 1.12926e-04 8.48666e-05 5.97736e-05 3.88599e-05 2.29418e-05 1.22135e-05 6.10704e-06 3.02234e-06 1.28015e-06 3.49002e-07 5.08937e-08 3.85430e-09 7.62809e-11
42.266125 6.38919e-04 3.91313e-03 8.10070e-03 1.00617e-02 1.03979e-02 1.01741e-02 9.71239e-03 9.14615e-03 8.59086e-03 8.17825e-03 8.01080e-03 8.08833e-03 8.32807e-03 8.62192e-03 8.85759e-03 8.95161e-03 8.87035e-03 8.60990e-03 8.18596e-03 7.64660e-03 7.07418e-03 6.56333e-03 6.18247e-03 5.93985e-03 5.81307e-03 5.81535e-03 5.96889e-03 6.20969e-03 6.43235e-03 6.61677e-03 6.79412e-03 6.96518e-03 7.11850e-03 7.26000e-03 7.40723e-03 7.57925e-03 7.79189e-03 8.05507e-03 8.37106e-03 8.73190e-03 9.11338e-03 9.47906e-03 9.80566e-03 1.00987e-02 1.03773e-02 1.06514e-02 1.09113e-02 1.11323e-02 1.12896e-02 1.13738e-02 1.13972e-02 1.13870e-02 1.13707e-02 1.13655e-02 1.13781e-02 1.14035e-02 1.14170e-02 1.13827e-02 1.12809e-02 1.11184e-02 1.09171e-02 1.07072e-02 1.05258e-02 1.04044e-02 1.03435e-02 1.02725e-02 1.00483e-02 9.58260e-03 8.94755e-03 8.27913e-03 7.65958e-03 7.10613e-03 6.60159e-03 6.12478e-03 5.66640e-03 5.22709e-03 4.80801e-03 4.40658e-03 4.01971e-03 3.64764e-03 3.29480e-03 2.96883e-03 2.67707e-03 2.42183e-03 2.20024e-03 2.00994e-03 1.85472e-03 1.74303e-03 1.67667e-03 1.64185e-03 1.61957e-03 1.59615e-03 1.55528e-03 1.48302e-03 1.39631e-03 1.32461e-03 1.27546e-03 1.23978e-03 1.20280e-03 1.15226e-03 1.08454e-03 1.00455e-03 9.20756e-04 8.39417e-04 7.62688e-04 6.90548e-04 6.22465e-04 5.57720e-04 4.95507e-04 4.35228e-04 3.76816e-04 3.20821e-04 2.68151e-04 2.19659e-04 1.76055e-04 1.37951e-04 1.05510e-04 7.82252e-05 5.54879e-05 3.69836e-05 2.23729e-05 1.15165e-05 5.12363e-06 2.26663e-06 7.52003e-07 1.18425e-07 8.02369e-09 1.28710e-10
42.516221 6.92157e-04 3.78723e-03 7.98225e-03 1.04748e-02 1.10620e-02 1.05566e-02 9.70447e-03 8.98369e-03 8.56937e-03 8.46169e-03 8.55482e-03 8.73755e-03 8.97631e-03 9.21864e-03 9.35950e-03 9.34107e-03 9.15297e-03 8.79083e-03 8.27959e-03 7.69782e-03 7.15180e-03 6.72406e-03 6.44064e-03 6.27896e-03 6.20165e-03 6.17388e-03 6.16952e-03 6.17729e-03 6.19540e-03 6.24290e-03 6.35138e-03 6.53219e-03 6.77787e-03 7.07818e-03 7.42058e-03 7.78048e-03 8.12231e-03 8.42187e-03 8.68342e-03 8.92793e-03 9.17234e-03 9.42609e-03 9.69848e-03 9.99963e-03 1.03307e-02 1.06662e-02 1.09557e-02 1.11588e-02 1.12660e-02 1.12868e-02 1.12354e-02 1.11322e-02 1.10122e-02 1.09207e-02 1.08905e-02 1.09261e-02 1.10080e-02 1.10851e-02 1.10726e-02 1.09016e-02 1.06038e-02 1.03075e-02 1.01213e-02 1.00542e-02 1.00204e-02 9.88176e-03 9.54213e-03 9.01963e-03 8.40615e-03 7.78795e-03 7.21614e-03 6.70798e-03 6.25606e-03 5.84400e-03 5.45805e-03 5.09039e-03 4.73759e-03 4.39709e-03 4.06591e-03 3.74235e-03 3.42761e-03 3.12560e-03 2.84222e-03 2.58405e-03 2.35585e-03 2.15966e-03 1.99838e-03 1.87858e-03 1.80343e-03 1.76213e-03 1.73597e-03 1.71247e-03 1.68376e-03 1.64281e-03 1.59118e-03 1.54034e-03 1.50114e-03 1.47245e-03 1.43118e-03 1.35072e-03 1.24382e-03 1.14768e-03 1.07406e-03 1.01168e-03 9.50899e-04 8.89272e-04 8.26575e-04 7.62374e-04 6.96425e-04 6.29030e-04 5.60591e-04 4.91087e-04 4.20661e-04 3.50609e-04 2.83280e-04 2.21215e-04 1.66564e-04 1.20779e-04 8.42809e-05 5.62266e-05 3.49975e-05 1.93881e-05 9.23911e-06 4.44013e-06 2.17485e-06 5.47399e-07 4.00278e-08 5.10029e-10
42.766316 8.29462e-04 4.55129e-03 9.41330e-03 1.15720e-02 1.12668e-02 1.03332e-02 9.55826e-03 9.03520e-03 8.72886e-03 8.59384e-03 8.57430e-03 8.65132e-03 8.83120e-03 9.05366e-03 9.19389e-03 9.17638e-03 9.01331e-03 8.74976e-03 8.41645e-03 8.04023e-03 7.66836e-03 7.34676e-03 7.09192e-03 6.89719e-03 6.75337e-03 6.65802e-03 6.61185e-03 6.60404e-03 6.60792e-03 6.62168e-03 6.67323e-03 6.76874e-03 6.89195e-03 7.03547e-03 7.20347e-03 7.40276e-03 7.64041e-03 7.92297e-03 8.25112e-03 8.61478e-03 8.99578e-03 9.36852e-03 9.69727e-03 9.95225e-03 1.01375e-02 1.02896e-02 1.04443e-02 1.06087e-02 1.07603e-02 1.08634e-02 1.08886e-02 1.08362e-02 1.07453e-02 1.06680e-02 1.06408e-02 1.06759e-02 1.07622e-02 1.08615e-02 1.09064e-02 1.08315e-02 1.06225e-02 1.03255e-02 1.00187e-02 9.76581e-03 9.55740e-03 9.32973e-03 9.02323e-03 8.61241e-03 8.11206e-03 7.57073e-03 7.04550e-03 6.56903e-03 6.14212e-03 5.75145e-03 5.38459e-03 5.03500e-03 4.70191e-03 4.38663e-03 4.08796e-03 3.80170e-03 3.52381e-03 3.25318e-03 2.99227e-03 2.74665e-03 2.52351e-03 2.32973e-03 2.17199e-03 2.05811e-03 1.99022e-03 1.95608e-03 1.93732e-03 1.92369e-03 1.91162e-03 1.89790e-03 1.87998e-03 1.85861e-03 1.83112e-03 1.77860e-03 1.68322e-03 1.56443e-03 1.45061e-03 1.35229e-03 1.27184e-03 1.20181e-03 1.13309e-03 1.06548e-03 9.98930e-04 9.31660e-04 8.62793e-04 7.92767e-04 7.22129e-04 6.49888e-04 5.73819e-04 4.93497e-04 4.12166e-04 3.34550e-04 2.63954e-04 2.01806e-04 1.48546e-04 1.04107e-04 6.78019e-05 3.87997e-05 1.73506e-05 4.78239e-06 5.69331e-07 6.74375e-08 1.28273e-08 3.26031e-10
43.016411 9.19365e-04 5.33736e-03 1.06834e-02 1.23663e-02 1.15426e-02 1.04471e-02 9.66610e-03 9.12074e-03 8.75135e-03 8.56187e-03 8.53560e-03 8.64154e-03 8.83799e-03 9.02656e-03 9.10236e-03 9.05060e-03 8.91688e-03 8.74185e-03 8.54927e-03 8.34523e-03 8.12230e-03 7.88993e-03 7.68083e-03 7.51423e-03 7.38496e-03 7.29082e-03 7.24742e-03 7.26431e-03 7.31920e-03 7.38739e-03 7.46494e-03 7.54613e-03 7.62438e-03 7.70373e-03 7.79074e-03 7.88904e-03 7.99918e-03 8.11979e-03 8.25134e-03 8.40046e-03 8.58173e-03 8.80909e-03 9.07799e-03 9.36140e-03 9.63120e-03 9.87915e-03 1.01061e-02 1.02969e-02 1.04190e-02 1.04450e-02 1.03822e-02 1.02817e-02 1.02069e-02 1.01937e-02 1.02461e-02 1.03514e-02 1.04858e-02 1.06123e-02 1.06778e-02 1.06311e-02 1.04702e-02 1.02433e-02 9.99144e-03 9.71847e-03 9.41209e-03 9.07129e-03 8.70148e-03 8.30232e-03 7.87367e-03 7.42565e-03 6.98305e-03 6.56745e-03 6.17932e-03 5.80792e-03 5.44450e-03 5.08625e-03 4.73545e-03 4.39630e-03 4.07158e-03 3.76218e-03 3.46892e-03 3.19388e-03 2.94036e-03 2.71203e-03 2.51195e-03 2.34327e-03 2.21176e-03 2.12524e-03 2.08243e-03 2.06718e-03 2.06664e-03 2.07554e-03 2.08613e-03 2.08697e-03 2.07154e-03 2.04420e-03 1.99555e-03 1.89776e-03 1.77429e-03 1.66277e-03 1.56386e-03 1.46929e-03 1.37811e-03 1.29118e-03 1.20278e-03 1.11383e-03 1.02684e-03 9.39461e-04 8.51972e-04 7.66870e-04 6.85410e-04 6.06842e-04 5.29177e-04 4.51603e-04 3.76759e-04 3.09738e-04 2.54695e-04 2.12490e-04 1.80511e-04 1.53847e-04 1.27224e-04 9.72224e-05 6.42389e-05 3.31615e-05 1.11961e-05 1.81636e-06 8.02983e-08 3.42755e-10
43.266507 9.63484e-04 5.42724e-03 1.08764e-02 1.27323e-02 1.19398e-02 1.06879e-02 9.67675e-03 8.95562e-03 8.51171e-03 8.32286e-03 8.34394e-03 8.51839e-03 8.76314e-03 8.95778e-03 9.01547e-03 8.95044e-03 8.83036e-03 8.70355e-03 8.58603e-03 8.48485e-03 8.40884e-03 8.35756e-03 8.31465e-03 8.27353e-03 8.25914e-03 8.29996e-03 8.39125e-03 8.48660e-03 8.53581e-03 8.54340e-03 8.54868e-03 8.56570e-03 8.59036e-03 8.62865e-03 8.68987e-03 8.77221e-03 8.86075e-03 8.93556e-03 8.98380e-03 9.01156e-03 9.04521e-03 9.11143e-03 9.21325e-03 9.33377e-03 9.46013e-03 9.59242e-03 9.72908e-03 9.85513e-03 9.94583e-03 9.97904e-03 9.94852e-03 9.87867e-03 9.82404e-03 9.82729e-03 9.89324e-03 1.00106e-02 1.01594e-02 1.02999e-02 1.03743e-02 1.03348e-02 1.01777e-02 9.94234e-03 9.67595e-03 9.40514e-03 9.12618e-03 8.81749e-03 8.46730e-03 8.07938e-03 7.65862e-03 7.22484e-03 6.81081e-03 6.43090e-03 6.07240e-03 5.71653e-03 5.35413e-03 4.98601e-03 4.61779e-03 4.25634e-03 3.90793e-03 3.57718e-03 3.26720e-03 2.98123e-03 2.72377e-03 2.49909e-03 2.31013e-03 2.16051e-03 2.05645e-03 1.99957e-03 1.97484e-03 1.96615e-03 1.96952e-03 1.98229e-03 1.99712e-03 2.00340e-03 1.99465e-03 1.97189e-03 1.92489e-03 1.82897e-03 1.70373e-03 1.58607e-03 1.48231e-03 1.38895e-03 1.30306e-03 1.22124e-03 1.13897e-03 1.05481e-03 9.72171e-04 8.91020e-04 8.07478e-04 7.21964e-04 6.38512e-04 5.58472e-04 4.79482e-04 4.01507e-04 3.31407e-04 2.77408e-04 2.41430e-04 2.17732e-04 1.97601e-04 1.74453e-04 1.45602e-04 1.11970e-04 7.68540e-05 4.44588e-05 1.90168e-05 4.35320e-06 2.75595e-07 1.80615e-09
43.516602 1.05379e-03 5.55195e-03 1.11572e-02 1.33198e-02 1.24303e-02 1.06971e-02 9.22055e-03 8.24379e-03 7.70521e-03 7.49686e-03 7.51872e-03 7.68576e-03 7.92746e-03 8.16503e-03 8.32493e-03 8.37847e-03 8.34510e-03 8.26646e-03 8.17791e-03 8.10462e-03 8.07069e-03 8.09695e-03 8.20161e-03 8.39500e-03 8.65503e-03 8.91394e-03 9.10129e-03 9.19954e-03 9.23428e-03 9.25065e-03 9.28478e-03 9.33660e-03 9.39157e-03 9.44434e-03 9.49166e-03 9.52808e-03 9.54945e-03 9.55394e-03 9.54372e-03 9.53162e-03 9.54198e-03 9.59450e-03 9.68603e-03 9.79570e-03 9.90676e-03 1.00162e-02 1.01256e-02 1.02276e-02 1.02994e-02 1.03123e-02 1.02703e-02 1.02453e-02 1.03050e-02 1.04343e-02 1.05791e-02 1.06850e-02 1.07157e-02 1.06584e-02 1.05096e-02 1.02785e-02 9.99654e-03 9.70220e-03 9.41802e-03 9.14218e-03 8.84680e-03 8.50496e-03 8.12750e-03 7.73922e-03 7.33914e-03 6.92167e-03 6.50495e-03 6.11038e-03 5.73784e-03 5.37570e-03 5.01710e-03 4.66224e-03 4.31364e-03 3.97463e-03 3.64973e-03 3.34386e-03 3.06165e-03 2.80763e-03 2.58575e-03 2.39809e-03 2.24411e-03 2.12143e-03 2.02683e-03 1.95500e-03 1.89750e-03 1.85083e-03 1.81815e-03 1.80325e-03 1.80718e-03 1.82513e-03 1.84696e-03 1.86372e-03 1.86543e-03 1.82273e-03 1.71010e-03 1.55638e-03 1.40551e-03 1.27424e-03 1.16427e-03 1.07205e-03 9.91352e-04 9.15261e-04 8.38655e-04 7.60822e-04 6.84227e-04 6.10883e-04 5.42318e-04 4.77990e-04 4.13255e-04 3.48364e-04 2.91297e-04 2.47177e-04 2.14495e-04 1.87926e-04 1.62584e-04 1.35795e-04 1.07180e-04 7.82274e-05 5.13719e-05 2.88703e-05 1.22495e-05 2.82366e-06 1.79357e-07 1.14797e-09
43.766698 1.12540e-03 6.05832e-03 1.21743e-02 1.41080e-02 1.23210e-02 9.79305e-03 7.95781e-03 6.87747e-03 6.30799e-03 6.07947e-03 6.08632e-03 6.25655e-03 6.51741e-03 6.77798e-03 6.96489e-03 7.06049e-03 7.09508e-03 7.11200e-03 7.14482e-03 7.21666e-03 7.34088e-03 7.52224e-03 7.76405e-03 8.07017e-03 8.43582e-03 8.82232e-03 9.15749e-03 9.39489e-03 9.54722e-03 9.66597e-03 9.79610e-03 9.93809e-03 1.00728e-02 1.01887e-02 1.02706e-02 1.02959e-02 1.02508e-02 1.01458e-02 1.00098e-02 9.87267e-03 9.75927e-03 9.69006e-03 9.67032e-03 9.68578e-03 9.72198e-03 9.78041e-03 9.87098e-03 9.99706e-03 1.01509e-02 1.03223e-02 1.05255e-02 1.07797e-02 1.10473e-02 1.12628e-02 1.13904e-02 1.14477e-02 1.14671e-02 1.14399e-02 1.13214e-02 1.10992e-02 1.08140e-02 1.05045e-02 1.01699e-02 9.79129e-03 9.36621e-03 8.90998e-03 8.43550e-03 7.94667e-03 7.44751e-03 6.94900e-03 6.46335e-03 5.99883e-03 5.55912e-03 5.14409e-03 4.75216e-03 4.38128e-03 4.03076e-03 3.70321e-03 3.40339e-03 3.13408e-03 2.89445e-03 2.68204e-03 2.49419e-03 2.32683e-03 2.17359e-03 2.02952e-03 1.89687e-03 1.78157e-03 1.68330e-03 1.60036e-03 1.53391e-03 1.48650e-03 1.46232e-03 1.46467e-03 1.49331e-03 1.54528e-03 1.61673e-03 1.69839e-03 1.75578e-03 1.72666e-03 1.57576e-03 1.36579e-03 1.18595e-03 1.05181e-03 9.45106e-04 8.54293e-04 7.73786e-04 6.98570e-04 6.22612e-04 5.43780e-04 4.68647e-04 4.02617e-04 3.41508e-04 2.84533e-04 2.35937e-04 1.96511e-04 1.64410e-04 1.37660e-04 1.14006e-04 9.13102e-05 6.89701e-05 4.80489e-05 3.01900e-05 1.64505e-05 6.93795e-06 1.62023e-06 1.03151e-07 6.02968e-10
44.016793 9.88366e-04 6.15529e-03 1.22859e-02 1.32885e-02 1.07631e-02 8.18968e-03 6.58956e-03 5.75833e-03 5.42595e-03 5.39899e-03 5.52568e-03 5.70998e-03 5.90438e-03 6.07654e-03 6.20475e-03 6.29819e-03 6.39118e-03 6.51258e-03 6.67109e-03 6.86539e-03 7.09218e-03 7.34907e-03 7.64179e-03 7.98774e-03 8.39486e-03 8.84530e-03 9.30347e-03 9.72409e-03 1.00858e-02 1.04159e-02 1.07420e-02 1.10446e-02 1.12813e-02 1.14216e-02 1.14543e-02 1.13882e-02 1.12396e-02 1.10225e-02 1.07578e-02 1.04827e-02 1.02379e-02 1.00586e-02 9.97259e-03 9.98039e-03 1.00577e-02 1.01835e-02 1.03450e-02 1.05303e-02 1.07239e-02 1.09112e-02 1.11049e-02 1.13350e-02 1.15903e-02 1.18059e-02 1.19197e-02 1.19098e-02 1.17708e-02 1.15032e-02 1.11404e-02 1.07321e-02 1.03093e-02 9.88233e-03 9.45727e-03 9.04136e-03 8.63615e-03 8.24030e-03 7.85415e-03 7.47996e-03 7.11961e-03 6.77074e-03 6.42849e-03 6.09033e-03 5.75513e-03 5.41854e-03 5.07596e-03 4.73189e-03 4.39815e-03 4.08245e-03 3.78368e-03 3.49650e-03 3.21783e-03 2.94792e-03 2.68660e-03 2.43169e-03 2.18325e-03 1.94882e-03 1.74001e-03 1.56152e-03 1.41137e-03 1.28738e-03 1.18770e-03 1.11120e-03 1.05676e-03 1.02303e-03 1.00962e-03 1.01909e-03 1.05345e-03 1.11684e-03 1.21336e-03 1.33691e-03 1.46130e-03 1.52569e-03 1.43314e-03 1.19109e-03 9.83199e-04 8.69045e-04 7.92484e-04 7.32121e-04 6.76922e-04 6.13271e-04 5.36735e-04 4.52317e-04 3.72608e-04 3.06333e-04 2.50860e-04 2.00049e-04 1.52971e-04 1.13831e-04 8.44848e-05 6.21737e-05 4.35227e-05 2.76227e-05 1.53779e-05 7.34366e-06 2.78996e-06 6.08662e-07 3.67719e-08 1.85948e-10
44.266888 6.95263e-04 5.47638e-03 1.09583e-02 1.13303e-02 9.02456e-03 7.13334e-03 6.15113e-03 5.70806e-03 5.52631e-03 5.47750e-03 5.51186e-03 5.60886e-03 5.74653e-03 5.89850e-03 6.05036e-03 6.20599e-03 6.36978e-03 6.53612e-03 6.69982e-03 6.86047e-03 7.02223e-03 7.21390e-03 7.47810e-03 7.83196e-03 8.26092e-03 8.74404e-03 9.26758e-03 9.81082e-03 1.03422e-02 1.08509e-02 1.13273e-02 1.17172e-02 1.19677e-02 1.20816e-02 1.20960e-02 1.20340e-02 1.18931e-02 1.16701e-02 1.13879e-02 1.11000e-02 1.08665e-02 1.07214e-02 1.06676e-02 1.07009e-02 1.08121e-02 1.09783e-02 1.11690e-02 1.13591e-02 1.15444e-02 1.17377e-02 1.19601e-02 1.22263e-02 1.25078e-02 1.27160e-02 1.27580e-02 1.25950e-02 1.22460e-02 1.17718e-02 1.12375e-02 1.06837e-02 1.01326e-02 9.60003e-03 9.09323e-03 8.60953e-03 8.14258e-03 7.68794e-03 7.24756e-03 6.82668e-03 6.42708e-03 6.04709e-03 5.68444e-03 5.33767e-03 5.00689e-03 4.69239e-03 4.39250e-03 4.10716e-03 3.83990e-03 3.58961e-03 3.34944e-03 3.11584e-03 2.88848e-03 2.66570e-03 2.44701e-03 2.23658e-03 2.04279e-03 1.87143e-03 1.72019e-03 1.58441e-03 1.46072e-03 1.34464e-03 1.23140e-03 1.12122e-03 1.02314e-03 9.46759e-04 8.95040e-04 8.66276e-04 8.57859e-04 8.68008e-04 8.92874e-04 9.25473e-04 9.66536e-04 1.03827e-03 1.16335e-03 1.28124e-03 1.24330e-03 1.04890e-03 8.64470e-04 7.57001e-04 6.93406e-04 6.49272e-04 6.12233e-04 5.58144e-04 4.80109e-04 3.98477e-04 3.24035e-04 2.54511e-04 1.88721e-04 1.31930e-04 8.90165e-05 5.88984e-05 3.71967e-05 2.09621e-05 9.74723e-06 3.50241e-06 9.35160e-07 1.52994e-07 7.60744e-09 3.36962e-11
44.516984 5.70631e-04 4.85263e-03 9.53272e-03 9.79469e-03 8.26884e-03 7.17811e-03 6.59138e-03 6.21764e-03 5.95280e-03 5.78142e-03 5.69589e-03 5.69145e-03 5.76466e-03 5.90299e-03 6.08764e-03 6.30310e-03 6.53051e-03 6.74817e-03 6.94190e-03 7.11634e-03 7.30614e-03 7.54330e-03 7.83957e-03 8.19512e-03 8.59545e-03 9.02720e-03 9.48492e-03 9.95469e-03 1.04081e-02 1.08291e-02 1.12126e-02 1.15313e-02 1.17498e-02 1.18683e-02 1.19164e-02 1.19124e-02 1.18480e-02 1.17194e-02 1.15570e-02 1.14122e-02 1.13233e-02 1.13058e-02 1.13663e-02 1.14985e-02 1.16696e-02 1.18518e-02 1.20465e-02 1.22587e-02 1.24772e-02 1.26849e-02 1.28747e-02 1.30457e-02 1.31785e-02 1.32243e-02 1.31235e-02 1.28397e-02 1.23946e-02 1.18514e-02 1.12654e-02 1.06637e-02 1.00607e-02 9.47272e-03 8.91031e-03 8.37022e-03 7.84582e-03 7.33867e-03 6.85606e-03 6.40306e-03 5.98042e-03 5.58731e-03 5.22173e-03 4.87884e-03 4.55210e-03 4.23471e-03 3.91997e-03 3.60955e-03 3.31566e-03 3.04629e-03 2.80201e-03 2.58084e-03 2.37962e-03 2.19513e-03 2.02640e-03 1.87709e-03 1.74775e-03 1.63122e-03 1.52440e-03 1.42687e-03 1.33302e-03 1.23415e-03 1.12580e-03 1.01783e-03 9.23970e-04 8.50652e-04 8.00541e-04 7.73810e-04 7.67838e-04 7.79075e-04 8.02659e-04 8.31291e-04 8.58074e-04 8.88160e-04 9.40499e-04 1.02106e-03 1.09066e-03 1.07793e-03 9.84554e-04 8.83449e-04 8.06976e-04 7.47621e-04 6.94443e-04 6.27897e-04 5.36698e-04 4.45503e-04 3.71027e-04 2.98871e-04 2.21814e-04 1.50829e-04 9.63317e-05 5.97880e-05 3.66501e-05 2.07231e-05 9.53460e-06 3.14661e-06 6.58474e-07 8.22629e-08 6.17136e-09 1.25912e-10
44.767079 6.58113e-04 4.63745e-03 8.96086e-03 9.71391e-03 8.76863e-03 7.78893e-03 7.09984e-03 6.63641e-03 6.30237e-03 6.05071e-03 5.88485e-03 5.82644e-03 5.88497e-03 6.04231e-03 6.26306e-03 6.51601e-03 6.77582e-03 7.02232e-03 7.25098e-03 7.48419e-03 7.74847e-03 8.05165e-03 8.39370e-03 8.76475e-03 9.14328e-03 9.52105e-03 9.89904e-03 1.02669e-02 1.06062e-02 1.09125e-02 1.11914e-02 1.14326e-02 1.16177e-02 1.17440e-02 1.18257e-02 1.18832e-02 1.19309e-02 1.19661e-02 1.19707e-02 1.19357e-02 1.18909e-02 1.18851e-02 1.19366e-02 1.20358e-02 1.21789e-02 1.23720e-02 1.26102e-02 1.28572e-02 1.30564e-02 1.31707e-02 1.32024e-02 1.31766e-02 1.31137e-02 1.30107e-02 1.28347e-02 1.25387e-02 1.21164e-02 1.16125e-02 1.10698e-02 1.05056e-02 9.93497e-03 9.37690e-03 8.83524e-03 8.30552e-03 7.78327e-03 7.26464e-03 6.75023e-03 6.24757e-03 5.76524e-03 5.30724e-03 4.87349e-03 4.46260e-03 4.07351e-03 3.70364e-03 3.35086e-03 3.02192e-03 2.72724e-03 2.47368e-03 2.26074e-03 2.07976e-03 1.91995e-03 1.77794e-03 1.65999e-03 1.56590e-03 1.48035e-03 1.39687e-03 1.32197e-03 1.25462e-03 1.18914e-03 1.11764e-03 1.04064e-03 9.71196e-04 9.18458e-04 8.80579e-04 8.55526e-04 8.41124e-04 8.31637e-04 8.25058e-04 8.20576e-04 8.19012e-04 8.20750e-04 8.20126e-04 8.10199e-04 7.95361e-04 7.82927e-04 7.64062e-04 7.29747e-04 6.87113e-04 6.44962e-04 6.04644e-04 5.65024e-04 5.23597e-04 4.74651e-04 4.12520e-04 3.38920e-04 2.63041e-04 1.92358e-04 1.35179e-04 9.93386e-05 7.63383e-05 5.06069e-05 2.56018e-05 1.15263e-05 4.79782e-06 1.43636e-06 2.69915e-07 2.74090e-08 5.77629e-10
45.017175 7.66232e-04 4.97130e-03 9.18091e-03 9.76574e-03 8.91971e-03 8.04740e-03 7.38351e-03 6.93235e-03 6.62676e-03 6.40061e-03 6.23331e-03 6.14582e-03 6.18178e-03 6.35880e-03 6.63429e-03 6.94368e-03 7.24170e-03 7.51093e-03 7.75527e-03 7.99182e-03 8.24631e-03 8.54342e-03 8.87489e-03 9.19640e-03 9.49243e-03 9.77985e-03 1.00590e-02 1.03182e-02 1.05520e-02 1.07701e-02 1.09808e-02 1.11791e-02 1.13603e-02 1.15293e-02 1.17034e-02 1.18971e-02 1.20969e-02 1.22626e-02 1.23616e-02 1.23927e-02 1.23755e-02 1.23396e-02 1.23262e-02 1.23751e-02 1.25060e-02 1.27124e-02 1.29573e-02 1.31870e-02 1.33645e-02 1.34785e-02 1.35221e-02 1.34724e-02 1.32939e-02 1.29709e-02 1.25313e-02 1.20133e-02 1.14460e-02 1.08546e-02 1.02586e-02 9.66594e-03 9.07667e-03 8.50200e-03 7.96752e-03 7.48565e-03 7.04329e-03 6.61929e-03 6.20186e-03 5.79258e-03 5.39819e-03 5.02107e-03 4.65684e-03 4.29624e-03 3.93065e-03 3.56533e-03 3.21974e-03 2.90725e-03 2.62984e-03 2.38239e-03 2.15529e-03 1.94306e-03 1.75193e-03 1.59363e-03 1.46591e-03 1.35211e-03 1.24602e-03 1.15696e-03 1.08984e-03 1.03872e-03 1.00238e-03 9.78770e-04 9.67347e-04 9.66196e-04 9.71898e-04 9.77205e-04 9.78760e-04 9.81044e-04 9.84381e-04 9.87416e-04 9.87067e-04 9.79277e-04 9.61749e-04 9.35755e-04 9.04441e-04 8.69677e-04 8.31132e-04 7.87077e-04 7.36019e-04 6.79085e-04 6.19899e-04 5.62539e-04 5.09941e-04 4.62364e-04 4.17314e-04 3.71492e-04 3.22857e-04 2.71723e-04 2.20099e-04 1.69996e-04 1.22460e-04 7.85392e-05 4.22595e-05 1.90119e-05 8.29900e-06 3.77885e-06 1.35478e-06 3.05468e-07 3.62669e-08 8.46081e-10
45.267270 8.74667e-04 4.77571e-03 8.52486e-03 9.37987e-03 8.95668e-03 8.29804e-03 7.81172e-03 7.52369e-03 7.28773e-03 7.06319e-03 6.90491e-03 6.84755e-03 6.88711e-03 6.99705e-03 7.15060e-03 7.33667e-03 7.53877e-03 7.73964e-03 7.95271e-03 8.21113e-03 8.51158e-03 8.79891e-03 9.04758e-03 9.28348e-03 9.51451e-03 9.72629e-03 9.91203e-03 1.00722e-02 1.02166e-02 1.03710e-02 1.05510e-02 1.07510e-02 1.09708e-02 1.12200e-02 1.14959e-02 1.17752e-02 1.20343e-02 1.22649e-02 1.24605e-02 1.26060e-02 1.26945e-02 1.27431e-02 1.27861e-02 1.28580e-02 1.29711e-02 1.30918e-02 1.31580e-02 1.31338e-02 1.30324e-02 1.28998e-02 1.27864e-02 1.27144e-02 1.26627e-02 1.25791e-02 1.24074e-02 1.21103e-02 1.16738e-02 1.11011e-02 1.04126e-02 9.65150e-03 8.88322e-03 8.17386e-03 7.55601e-03 7.02640e-03 6.56959e-03 6.16146e-03 5.77613e-03 5.40557e-03 5.04874e-03 4.69759e-03 4.34264e-03 3.97964e-03 3.61180e-03 3.24903e-03 2.90576e-03 2.59964e-03 2.34128e-03 2.12948e-03 1.95663e-03 1.82085e-03 1.72245e-03 1.64066e-03 1.55144e-03 1.45259e-03 1.35910e-03 1.28793e-03 1.23854e-03 1.20219e-03 1.17823e-03 1.16320e-03 1.15788e-03 1.15896e-03 1.15509e-03 1.14807e-03 1.14216e-03 1.13535e-03 1.12465e-03 1.10830e-03 1.08583e-03 1.05772e-03 1.02522e-03 9.89736e-04 9.52236e-04 9.13004e-04 8.72032e-04 8.29373e-04 7.84980e-04 7.38369e-04 6.88710e-04 6.35435e-04 5.78841e-04 5.20231e-04 4.61524e-04 4.04663e-04 3.51078e-04 3.01301e-04 2.54821e-04 2.10382e-04 1.66616e-04 1.23024e-04 8.14013e-05 4.60665e-05 2.11040e-05 7.28318e-06 1.76796e-06 3.00555e-07 3.23803e-08 7.56322e-10
45.517366 9.69265e-04 4.56170e-03 7.97525e-03 8.90005e-03 8.74911e-03 8.57650e-03 8.42326e-03 8.20792e-03 8.02275e-03 7.90237e-03 7.81440e-03 7.74259e-03 7.69324e-03 7.64819e-03 7.57281e-03 7.50123e-03 7.52722e-03 7.68191e-03 7.89773e-03 8.11055e-03 8.31126e-03 8.50343e-03 8.68438e-03 8.85356e-03 9.00845e-03 9.14759e-03 9.28006e-03 9.41654e-03 9.56139e-03 9.72595e-03 9.91891e-03 1.01421e-02 1.04030e-02 1.06951e-02 1.09924e-02 1.12807e-02 1.15656e-02 1.18521e-02 1.21378e-02 1.24280e-02 1.27216e-02 1.29828e-02 1.31720e-02 1.32821e-02 1.33230e-02 1.32992e-02 1.32070e-02 1.30383e-02 1.27941e-02 1.25054e-02 1.22212e-02 1.19820e-02 1.18137e-02 1.17172e-02 1.16614e-02 1.15961e-02 1.14723e-02 1.12524e-02 1.09085e-02 1.04220e-02 9.79566e-03 9.07008e-03 8.31836e-03 7.61282e-03 6.99463e-03 6.46775e-03 6.01025e-03 5.59162e-03 5.18738e-03 4.78299e-03 4.37197e-03 3.96011e-03 3.56866e-03 3.22341e-03 2.93905e-03 2.70936e-03 2.50492e-03 2.30636e-03 2.13772e-03 2.01904e-03 1.93733e-03 1.86735e-03 1.78422e-03 1.67191e-03 1.54487e-03 1.43877e-03 1.36312e-03 1.31160e-03 1.27838e-03 1.25858e-03 1.24468e-03 1.22915e-03 1.21215e-03 1.19427e-03 1.17358e-03 1.14834e-03 1.11830e-03 1.08501e-03 1.05162e-03 1.02145e-03 9.96218e-04 9.75724e-04 9.58758e-04 9.43602e-04 9.28242e-04 9.10666e-04 8.89234e-04 8.62881e-04 8.31097e-04 7.93825e-04 7.51380e-04 7.04392e-04 6.53733e-04 6.00384e-04 5.45198e-04 4.88595e-04 4.30431e-04 3.70352e-04 3.08522e-04 2.46110e-04 1.84931e-04 1.26404e-04 7.29548e-05 3.14786e-05 8.62781e-06 1.22815e-06 7.32546e-08 1.03438e-09
45.767461 1.02486e-03 4.33964e-03 7.32492e-03 8.40418e-03 8.67621e-03 8.75148e-03 8.82095e-03 8.84093e-03 8.74368e-03 8.57894e-03 8.41889e-03 8.28169e-03 8.18490e-03 8.14984e-03 8.13883e-03 8.08997e-03 7.98929e-03 7.86888e-03 7.78467e-03 7.79316e-03 7.90571e-03 8.07276e-03 8.24295e-03 8.39120e-03 8.51756e-03 8.63533e-03 8.75370e-03 8.87701e-03 9.01169e-03 9.17327e-03 9.36477e-03 9.57879e-03 9.82322e-03 1.01108e-02 1.04348e-02 1.07755e-02 1.11162e-02 1.14390e-02 1.17452e-02 1.20795e-02 1.24348e-02 1.27223e-02 1.29388e-02 1.31565e-02 1.33679e-02 1.34888e-02 1.34649e-02 1.33034e-02 1.30390e-02 1.27127e-02 1.23646e-02 1.20275e-02 1.17233e-02 1.14624e-02 1.12526e-02 1.11009e-02 1.10014e-02 1.09272e-02 1.08340e-02 1.06727e-02 1.04020e-02 9.99436e-03 9.44032e-03 8.76391e-03 8.02922e-03 7.31150e-03 6.66070e-03 6.08837e-03 5.57360e-03 5.08105e-03 4.58843e-03 4.10089e-03 3.63589e-03 3.20511e-03 2.81657e-03 2.48275e-03 2.21817e-03 2.02623e-03 1.89716e-03 1.81744e-03 1.77662e-03 1.75954e-03 1.73946e-03 1.69512e-03 1.62894e-03 1.56066e-03 1.50101e-03 1.45059e-03 1.40673e-03 1.36762e-03 1.33387e-03 1.30398e-03 1.27304e-03 1.23626e-03 1.19192e-03 1.14126e-03 1.08822e-03 1.03870e-03 9.96325e-04 9.59531e-04 9.25978e-04 8.97254e-04 8.74763e-04 8.56681e-04 8.40130e-04 8.22825e-04 8.03493e-04 7.81900e-04 7.58565e-04 7.34272e-04 7.09586e-04 6.84588e-04 6.58866e-04 6.31677e-04 6.02168e-04 5.69539e-04 5.33034e-04 4.91686e-04 4.44076e-04 3.88927e-04 3.25941e-04 2.53889e-04 1.71346e-04 8.85741e-05 2.93030e-05 4.71622e-06 2.38680e-07 2.06970e-09
46.017556 9.96653e-04 4.23225e-03 6.96188e-03 7.64505e-03 7.88726e-03 8.31941e-03 8.71405e-03 8.86194e-03 8.78598e-03 8.69766e-03 8.72912e-03 8.79518e-03 8.75393e-03 8.57247e-03 8.32833e-03 8.11621e-03 7.93967e-03 7.74377e-03 7.53850e-03 7.37634e-03 7.29593e-03 7.32582e-03 7.46982e-03 7.68957e-03 7.92294e-03 8.12364e-03 8.29083e-03 8.44337e-03 8.58709e-03 8.73559e-03 8.91421e-03 9.12724e-03 9.36962e-03 9.64591e-03 9.95843e-03 1.02936e-02 1.06277e-02 1.09413e-02 1.12541e-02 1.16359e-02 1.20587e-02 1.24348e-02 1.27934e-02 1.31660e-02 1.35059e-02 1.37465e-02 1.38540e-02 1.38290e-02 1.36869e-02 1.34501e-02 1.31458e-02 1.28015e-02 1.24396e-02 1.20802e-02 1.17450e-02 1.14530e-02 1.12119e-02 1.10139e-02 1.08387e-02 1.06614e-02 1.04568e-02 1.02043e-02 9.88368e-03 9.46584e-03 8.92256e-03 8.26113e-03 7.53876e-03 6.82714e-03 6.17374e-03 5.59221e-03 5.06552e-03 4.56510e-03 4.07984e-03 3.62019e-03 3.19826e-03 2.82252e-03 2.49872e-03 2.21945e-03 1.97475e-03 1.77289e-03 1.63460e-03 1.57141e-03 1.56805e-03 1.58735e-03 1.59966e-03 1.60234e-03 1.59908e-03 1.58824e-03 1.56790e-03 1.53617e-03 1.49195e-03 1.43755e-03 1.37731e-03 1.31291e-03 1.24349e-03 1.16900e-03 1.09313e-03 1.02254e-03 9.59580e-04 9.00983e-04 8.48630e-04 8.06232e-04 7.73031e-04 7.46172e-04 7.23005e-04 7.01719e-04 6.81580e-04 6.62845e-04 6.46238e-04 6.32134e-04 6.19860e-04 6.07564e-04 5.92752e-04 5.73098e-04 5.47015e-04 5.13931e-04 4.74324e-04 4.29431e-04 3.80410e-04 3.27412e-04 2.70212e-04 2.09691e-04 1.46546e-04 8.29274e-05 3.12109e-05 5.72322e-06 3.05109e-07 2.18036e-09
46.267652 9.10399e-04 3.63197e-03 5.84484e-03 6.55487e-03 6.99505e-03 7.62289e-03 8.41851e-03 9.11961e-03 9.38588e-03 9.19002e-03 8.79108e-03 8.42845e-03 8.18391e-03 7.96008e-03 7.65161e-03 7.33189e-03 7.09295e-03 6.94104e-03 6.86774e-03 6.86851e-03 6.93233e-03 7.04329e-03 7.17333e-03 7.28535e-03 7.38160e-03 7.51358e-03 7.72123e-03 7.99246e-03 8.28787e-03 8.59425e-03 8.91671e-03 9.23998e-03 9.53756e-03 9.79088e-03 9.99734e-03 1.01711e-02 1.03391e-02 1.05290e-02 1.07743e-02 1.11304e-02 1.15846e-02 1.20803e-02 1.26210e-02 1.31942e-02 1.37359e-02 1.41848e-02 1.45039e-02 1.46704e-02 1.46839e-02 1.45709e-02 1.43651e-02 1.40893e-02 1.37557e-02 1.33783e-02 1.29833e-02 1.26040e-02 1.22642e-02 1.19590e-02 1.16559e-02 1.13193e-02 1.09325e-02 1.04984e-02 1.00258e-02 9.52387e-03 9.00320e-03 8.46858e-03 7.90770e-03 7.30001e-03 6.65324e-03 6.02280e-03 5.46566e-03 4.99083e-03 4.57748e-03 4.20009e-03 3.83382e-03 3.46756e-03 3.10779e-03 2.75955e-03 2.41415e-03 2.07308e-03 1.77431e-03 1.56550e-03 1.45536e-03 1.40561e-03 1.37676e-03 1.36455e-03 1.36667e-03 1.37179e-03 1.37438e-03 1.37346e-03 1.36704e-03 1.35193e-03 1.32598e-03 1.28744e-03 1.23415e-03 1.16588e-03 1.08865e-03 1.01364e-03 9.43409e-04 8.72801e-04 8.04228e-04 7.43521e-04 6.92664e-04 6.50571e-04 6.15570e-04 5.86282e-04 5.61781e-04 5.41913e-04 5.26720e-04 5.14917e-04 5.03631e-04 4.89947e-04 4.72031e-04 4.49039e-04 4.20960e-04 3.88656e-04 3.53630e-04 3.17055e-04 2.78353e-04 2.35903e-04 1.90696e-04 1.45887e-04 1.01698e-04 5.77735e-05 2.18248e-05 4.00586e-06 2.11604e-07 1.42526e-09
46.517747 8.75268e-04 3.17888e-03 5.28540e-03 6.44511e-03 7.40516e-03 8.50390e-03 9.43382e-03 9.86377e-03 9.70672e-03 9.11118e-03 8.34145e-03 7.63970e-03 7.14980e-03 6.89027e-03 6.77694e-03 6.71529e-03 6.65946e-03 6.60920e-03 6.59053e-03 6.61668e-03 6.65494e-03 6.67084e-03 6.67912e-03 6.73046e-03 6.87958e-03 7.12067e-03 7.43017e-03 7.80409e-03 8.23206e-03 8.68325e-03 9.10527e-03 9.44742e-03 9.70995e-03 9.92544e-03 1.01199e-02 1.03076e-02 1.05033e-02 1.07303e-02 1.10083e-02 1.13479e-02 1.17531e-02 1.22239e-02 1.27522e-02 1.32910e-02 1.37814e-02 1.42080e-02 1.45869e-02 1.49162e-02 1.51567e-02 1.52618e-02 1.52164e-02 1.50401e-02 1.47681e-02 1.44383e-02 1.40871e-02 1.37471e-02 1.34346e-02 1.31299e-02 1.27895e-02 1.23782e-02 1.18918e-02 1.13447e-02 1.07499e-02 1.01177e-02 9.45911e-03 8.78672e-03 8.11562e-03 7.46195e-03 6.83700e-03 6.24304e-03 5.68290e-03 5.17549e-03 4.74013e-03 4.37419e-03 4.06307e-03 3.79021e-03 3.53202e-03 3.25581e-03 2.93404e-03 2.56245e-03 2.16650e-03 1.80071e-03 1.51706e-03 1.31555e-03 1.16991e-03 1.07655e-03 1.02914e-03 1.00720e-03 9.94863e-04 9.86702e-04 9.82412e-04 9.81289e-04 9.80711e-04 9.76067e-04 9.62560e-04 9.37622e-04 9.03703e-04 8.66805e-04 8.26193e-04 7.76105e-04 7.18679e-04 6.60067e-04 6.03636e-04 5.51254e-04 5.04067e-04 4.62110e-04 4.25173e-04 3.94765e-04 3.71740e-04 3.52915e-04 3.35452e-04 3.18756e-04 3.01838e-04 2.83393e-04 2.63207e-04 2.42223e-04 2.21298e-04 1.99912e-04 1.76491e-04 1.50729e-04 1.24411e-04 9.85100e-05 7.14398e-05 4.23863e-05 1.67948e-05 3.22135e-06 1.74798e-07 1.16463e-09
46.767843 8.61084e-04 3.27820e-03 6.05888e-03 8.20029e-03 9.77692e-03 1.07674e-02 1.09529e-02 1.04216e-02 9.45283e-03 8.37995e-03 7.48281e-03 6.86710e-03 6.50309e-03 6.32009e-03 6.25019e-03 6.23441e-03 6.21983e-03 6.18286e-03 6.13884e-03 6.10414e-03 6.06587e-03 6.01888e-03 6.03987e-03 6.18233e-03 6.41219e-03 6.69770e-03 7.02557e-03 7.37700e-03 7.72071e-03 8.05735e-03 8.42943e-03 8.85848e-03 9.32389e-03 9.78688e-03 1.02123e-02 1.05806e-02 1.08904e-02 1.11571e-02 1.14058e-02 1.16634e-02 1.19652e-02 1.23569e-02 1.28384e-02 1.33336e-02 1.37672e-02 1.41243e-02 1.44267e-02 1.46969e-02 1.49408e-02 1.51353e-02 1.52343e-02 1.52026e-02 1.50467e-02 1.48051e-02 1.45249e-02 1.42561e-02 1.40205e-02 1.37913e-02 1.35176e-02 1.31659e-02 1.27315e-02 1.22219e-02 1.16470e-02 1.10166e-02 1.03417e-02 9.63567e-03 8.91190e-03 8.18479e-03 7.47333e-03 6.80041e-03 6.18457e-03 5.63258e-03 5.14167e-03 4.70560e-03 4.31736e-03 3.96926e-03 3.65317e-03 3.36126e-03 3.08441e-03 2.80703e-03 2.50721e-03 2.17278e-03 1.82014e-03 1.49050e-03 1.22533e-03 1.03778e-03 9.09252e-04 8.18076e-04 7.53564e-04 7.09655e-04 6.79724e-04 6.57882e-04 6.41274e-04 6.28960e-04 6.19616e-04 6.11530e-04 6.04450e-04 5.98177e-04 5.89351e-04 5.73270e-04 5.48288e-04 5.17478e-04 4.84755e-04 4.50967e-04 4.15888e-04 3.79834e-04 3.43673e-04 3.10894e-04 2.82372e-04 2.54896e-04 2.30935e-04 2.12703e-04 1.97653e-04 1.82977e-04 1.68349e-04 1.54869e-04 1.42816e-04 1.30848e-04 1.17409e-04 1.02751e-04 8.81353e-05 7.29169e-05 5.47667e-05 3.34400e-05 1.37941e-05 2.79466e-06 1.59064e-07 1.07063e-09
47.017938 8.50870e-04 3.69635e-03 7.71510e-03 1.12062e-02 1.31201e-02 1.30665e-02 1.16194e-02 9.91460e-03 8.61706e-03 7.73514e-03 7.09583e-03 6.63719e-03 6.34026e-03 6.13166e-03 5.94752e-03 5.79336e-03 5.69045e-03 5.63645e-03 5.61766e-03 5.61303e-03 5.60831e-03 5.62678e-03 5.68712e-03 5.79508e-03 5.96420e-03 6.20470e-03 6.51596e-03 6.88335e-03 7.28288e-03 7.70318e-03 8.14686e-03 8.60487e-03 9.06029e-03 9.50590e-03 9.93935e-03 1.03514e-02 1.07244e-02 1.10421e-02 1.13036e-02 1.15341e-02 1.17861e-02 1.21222e-02 1.25688e-02 1.30696e-02 1.35307e-02 1.39060e-02 1.42029e-02 1.44394e-02 1.46274e-02 1.47795e-02 1.49040e-02 1.49835e-02 1.49762e-02 1.48560e-02 1.46535e-02 1.44252e-02 1.41965e-02 1.39580e-02 1.36981e-02 1.34097e-02 1.30763e-02 1.26740e-02 1.21892e-02 1.16253e-02 1.09975e-02 1.03274e-02 9.63944e-03 8.95523e-03 8.28535e-03 7.62920e-03 6.98640e-03 6.36523e-03 5.77923e-03 5.23952e-03 4.75083e-03 4.31140e-03 3.91489e-03 3.55385e-03 3.22203e-03 2.91129e-03 2.60659e-03 2.28992e-03 1.95182e-03 1.60587e-03 1.29943e-03 1.08325e-03 9.48252e-04 8.53594e-04 7.76463e-04 7.08433e-04 6.46834e-04 5.90883e-04 5.40554e-04 4.97146e-04 4.62487e-04 4.36869e-04 4.18972e-04 4.07009e-04 3.98942e-04 3.92246e-04 3.85650e-04 3.79480e-04 3.72967e-04 3.63387e-04 3.48559e-04 3.29334e-04 3.07220e-04 2.81414e-04 2.52610e-04 2.22869e-04 1.94938e-04 1.71621e-04 1.51898e-04 1.34277e-04 1.19039e-04 1.06962e-04 9.79834e-05 9.12755e-05 8.56811e-05 8.00218e-05 7.30140e-05 6.27282e-05 4.75833e-05 2.89319e-05 1.19776e-05 2.48131e-06 1.45227e-07 9.70476e-10
47.268033 7.86869e-04 4.47482e-03 1.04468e-02 1.48286e-02 1.55746e-02 1.38125e-02 1.16051e-02 9.93467e-03 8.75552e-03 7.85008e-03 7.14996e-03 6.62644e-03 6.22758e-03 5.91956e-03 5.68355e-03 5.50503e-03 5.37772e-03 5.29454e-03 5.23960e-03 5.20649e-03 5.20811e-03 5.26379e-03 5.39071e-03 5.59917e-03 5.88854e-03 6.24460e-03 6.64174e-03 7.04579e-03 7.42846e-03 7.79273e-03 8.15930e-03 8.53282e-03 8.90551e-03 9.27100e-03 9.62367e-03 9.95955e-03 1.02786e-02 1.05836e-02 1.08792e-02 1.11766e-02 1.15005e-02 1.18810e-02 1.23252e-02 1.27951e-02 1.32275e-02 1.35803e-02 1.38441e-02 1.40291e-02 1.41532e-02 1.42313e-02 1.42720e-02 1.42895e-02 1.43146e-02 1.43690e-02 1.44229e-02 1.44087e-02 1.42834e-02 1.40599e-02 1.37797e-02 1.34705e-02 1.31330e-02 1.27502e-02 1.23009e-02 1.17752e-02 1.11829e-02 1.05472e-02 9.89483e-03 9.24893e-03 8.61986e-03 8.00514e-03 7.39742e-03 6.79335e-03 6.19777e-03 5.62233e-03 5.08047e-03 4.58199e-03 4.13031e-03 3.72354e-03 3.35629e-03 3.01812e-03 2.69267e-03 2.36342e-03 2.02263e-03 1.68106e-03 1.37917e-03 1.16429e-03 1.02638e-03 9.27547e-04 8.48187e-04 7.79600e-04 7.17589e-04 6.61316e-04 6.11438e-04 5.67598e-04 5.28679e-04 4.93648e-04 4.61204e-04 4.30891e-04 4.03532e-04 3.80031e-04 3.61156e-04 3.47487e-04 3.38804e-04 3.33663e-04 3.29341e-04 3.22105e-04 3.08061e-04 2.85154e-04 2.54996e-04 2.21597e-04 1.88152e-04 1.58172e-04 1.32858e-04 1.09021e-04 8.77206e-05 7.27028e-05 6.37264e-05 5.88042e-05 5.65196e-05 5.52460e-05 5.29073e-05 4.71978e-05 3.66433e-05 2.25722e-05 9.43024e-06 1.97518e-06 1.17532e-07 7.88025e-10
47.518129 6.86439e-04 5.72969e-03 1.38705e-02 1.82727e-02 1.76848e-02 1.50459e-02 1.23072e-02 9.96687e-03 8.28529e-03 7.29096e-03 6.72836e-03 6.35717e-03 6.06491e-03 5.81100e-03 5.57257e-03 5.33698e-03 5.11302e-03 4.94308e-03 4.87490e-03 4.91344e-03 5.03211e-03 5.20904e-03 5.43901e-03 5.72630e-03 6.07418e-03 6.47172e-03 6.88818e-03 7.28550e-03 7.64191e-03 7.97655e-03 8.32553e-03 8.69550e-03 9.06749e-03 9.42254e-03 9.75164e-03 1.00572e-02 1.03493e-02 1.06392e-02 1.09334e-02 1.12336e-02 1.15401e-02 1.18514e-02 1.21585e-02 1.24439e-02 1.26917e-02 1.28950e-02 1.30540e-02 1.31815e-02 1.33056e-02 1.34586e-02 1.36516e-02 1.38540e-02 1.40123e-02 1.40958e-02 1.41072e-02 1.40616e-02 1.39704e-02 1.38349e-02 1.36493e-02 1.34116e-02 1.31228e-02 1.27720e-02 1.23339e-02 1.17932e-02 1.11669e-02 1.04970e-02 9.82374e-03 9.16912e-03 8.53759e-03 7.92279e-03 7.31734e-03 6.72107e-03 6.14118e-03 5.58695e-03 5.06563e-03 4.58147e-03 4.13597e-03 3.72778e-03 3.35187e-03 3.00014e-03 2.66296e-03 2.33177e-03 2.00535e-03 1.69763e-03 1.44068e-03 1.25638e-03 1.12599e-03 1.02491e-03 9.41789e-04 8.70514e-04 8.06984e-04 7.49423e-04 6.98123e-04 6.53966e-04 6.16986e-04 5.86552e-04 5.61243e-04 5.39248e-04 5.19254e-04 4.99903e-04 4.80050e-04 4.59471e-04 4.38189e-04 4.16650e-04 3.96039e-04 3.77189e-04 3.59671e-04 3.41700e-04 3.20212e-04 2.92058e-04 2.56420e-04 2.15954e-04 1.75208e-04 1.37744e-04 1.03970e-04 7.38524e-05 5.14171e-05 3.92875e-05 3.44164e-05 3.26349e-05 3.10950e-05 2.78435e-05 2.17854e-05 1.35012e-05 5.63063e-06 1.16717e-06 6.87120e-08 4.57500e-10
47.768224 5.92212e-04 7.34915e-03 1.75511e-02 2.15189e-02 1.94933e-02 1.51972e-02 1.11139e-02 8.43923e-03 6.99935e-03 6.20020e-03 5.71113e-03 5.41588e-03 5.27337e-03 5.24512e-03 5.26394e-03 5.25774e-03 5.19837e-03 5.12459e-03 5.09970e-03 5.16107e-03 5.31626e-03 5.55249e-03 5.84259e-03 6.16434e-03 6.51783e-03 6.91029e-03 7.33294e-03 7.75665e-03 8.15233e-03 8.52392e-03 8.89399e-03 9.26568e-03 9.62389e-03 9.95049e-03 1.02345e-02 1.04812e-02 1.07100e-02 1.09419e-02 1.11879e-02 1.14461e-02 1.17057e-02 1.19513e-02 1.21671e-02 1.23428e-02 1.24849e-02 1.26221e-02 1.27841e-02 1.29717e-02 1.31585e-02 1.33218e-02 1.34593e-02 1.35802e-02 1.36895e-02 1.37811e-02 1.38339e-02 1.38144e-02 1.37022e-02 1.35102e-02 1.32708e-02 1.30124e-02 1.27438e-02 1.24431e-02 1.20619e-02 1.15606e-02 1.09460e-02 1.02683e-02 9.57886e-03 8.90289e-03 8.24610e-03 7.60974e-03 6.99685e-03 6.41282e-03 5.86301e-03 5.34992e-03 4.87258e-03 4.42824e-03 4.01347e-03 3.62383e-03 3.25374e-03 2.89791e-03 2.55413e-03 2.22621e-03 1.92468e-03 1.66516e-03 1.46078e-03 1.30751e-03 1.18996e-03 1.09694e-03 1.02083e-03 9.55709e-04 8.98652e-04 8.48735e-04 8.04967e-04 7.66170e-04 7.31394e-04 6.99736e-04 6.70687e-04 6.44637e-04 6.22219e-04 6.03434e-04 5.88787e-04 5.78837e-04 5.71353e-04 5.62486e-04 5.48815e-04 5.27791e-04 4.98786e-04 4.63788e-04 4.26087e-04 3.87898e-04 3.49699e-04 3.10948e-04 2.70057e-04 2.25762e-04 1.78696e-04 1.31199e-04 8.76629e-05 5.37462e-05 3.24569e-05 2.16265e-05 1.66718e-05 1.38511e-05 1.06586e-05 6.44125e-06 2.55770e-06 4.98139e-07 2.75298e-08 1.75159e-10
48.018320 5.34993e-04 8.42762e-03 1.90487e-02 2.13409e-02 1.73740e-02 1.23078e-02 8.85145e-03 6.96903e-03 5.90965e-03 5.26264e-03 4.87837e-03 4.69174e-03 4.65103e-03 4.69409e-03 4.76256e-03 4.83622e-03 4.93424e-03 5.08672e-03 5.30706e-03 5.58986e-03 5.91684e-03 6.25846e-03 6.58542e-03 6.88282e-03 7.16486e-03 7.47265e-03 7.83998e-03 8.25743e-03 8.68335e-03 9.09290e-03 9.48209e-03 9.84416e-03 1.01765e-02 1.04839e-02 1.07693e-02 1.10364e-02 1.12928e-02 1.15468e-02 1.18049e-02 1.20642e-02 1.23055e-02 1.24991e-02 1.26252e-02 1.27026e-02 1.27880e-02 1.29234e-02 1.30934e-02 1.32512e-02 1.33678e-02 1.34480e-02 1.35117e-02 1.35725e-02 1.36284e-02 1.36583e-02 1.36316e-02 1.35357e-02 1.33904e-02 1.32221e-02 1.30337e-02 1.28082e-02 1.25258e-02 1.21666e-02 1.17104e-02 1.11479e-02 1.04972e-02 9.80341e-03 9.10872e-03 8.43264e-03 7.78193e-03 7.16230e-03 6.57773e-03 6.02848e-03 5.51264e-03 5.02702e-03 4.56747e-03 4.13028e-03 3.71396e-03 3.31967e-03 2.95062e-03 2.61168e-03 2.30840e-03 2.04389e-03 1.81647e-03 1.62146e-03 1.45567e-03 1.32009e-03 1.21628e-03 1.13993e-03 1.08308e-03 1.03988e-03 1.00716e-03 9.82429e-04 9.62573e-04 9.44515e-04 9.25919e-04 9.05185e-04 8.82565e-04 8.60235e-04 8.39268e-04 8.19067e-04 8.02123e-04 7.93278e-04 7.91992e-04 7.93708e-04 7.94197e-04 7.88591e-04 7.71147e-04 7.37413e-04 6.86949e-04 6.24049e-04 5.54825e-04 4.83604e-04 4.12539e-04 3.42074e-04 2.71584e-04 2.02994e-04 1.41690e-04 9.24614e-05 5.64331e-05 3.23645e-05 1.81779e-05 1.05210e-05 6.06807e-06 3.08758e-06 1.10457e-06 1.96335e-07 1.01214e-08 6.58503e-11
48.268415 5.52756e-04 7.43575e-03 1.53935e-02 1.56249e-02 1.23878e-02 9.49025e-03 7.45684e-03 6.10376e-03 5.24761e-03 4.73750e-03 4.46811e-03 4.37608e-03 4.41335e-03 4.52280e-03 4.65137e-03 4.78341e-03 4.93435e-03 5.11850e-03 5.33738e-03 5.59209e-03 5.88539e-03 6.21812e-03 6.59094e-03 6.99111e-03 7.38523e-03 7.75573e-03 8.13354e-03 8.55318e-03 9.00365e-03 9.45588e-03 9.87848e-03 1.02344e-02 1.05150e-02 1.07540e-02 1.09913e-02 1.12420e-02 1.15014e-02 1.17610e-02 1.20169e-02 1.22699e-02 1.25168e-02 1.27388e-02 1.29164e-02 1.30645e-02 1.32301e-02 1.34412e-02 1.36877e-02 1.39527e-02 1.42267e-02 1.44937e-02 1.47187e-02 1.48541e-02 1.48610e-02 1.47373e-02 1.45250e-02 1.42774e-02 1.40210e-02 1.37511e-02 1.34553e-02 1.31209e-02 1.27256e-02 1.22432e-02 1.16643e-02 1.10051e-02 1.02944e-02 9.56372e-03 8.84317e-03 8.15124e-03 7.49296e-03 6.86796e-03 6.27514e-03 5.71363e-03 5.18360e-03 4.68537e-03 4.21738e-03 3.77566e-03 3.35675e-03 2.96177e-03 2.59766e-03 2.27362e-03 1.99440e-03 1.75690e-03 1.55421e-03 1.38244e-03 1.24310e-03 1.13869e-03 1.06664e-03 1.02056e-03 9.95473e-04 9.88535e-04 9.96541e-04 1.01409e-03 1.03477e-03 1.05437e-03 1.07255e-03 1.09167e-03 1.11449e-03 1.14072e-03 1.16474e-03 1.18189e-03 1.19738e-03 1.21928e-03 1.24695e-03 1.27580e-03 1.30282e-03 1.32519e-03 1.33770e-03 1.33136e-03 1.29481e-03 1.22202e-03 1.11870e-03 9.96940e-04 8.66623e-04 7.32433e-04 5.95672e-04 4.59122e-04 3.31852e-04 2.26440e-04 1.49540e-04 9.73113e-05 6.10831e-05 3.50203e-05 1.71642e-05 6.55585e-06 1.68060e-06 2.25367e-07 1.00359e-08 6.86981e-11
48.518511 6.58557e-04 5.29613e-03 1.02094e-02 1.07129e-02 9.38235e-03 7.98322e-03 6.77676e-03 5.81655e-03 5.12992e-03 4.70041e-03 4.48637e-03 4.44315e-03 4.52754e-03 4.68361e-03 4.85056e-03 5.00767e-03 5.17461e-03 5.36191e-03 5.56085e-03 5.77627e-03 6.02429e-03 6.31129e-03 6.64096e-03 7.01974e-03 7.43515e-03 7.83547e-03 8.17360e-03 8.47046e-03 8.79689e-03 9.20441e-03 9.67452e-03 1.01283e-02 1.04944e-02 1.07729e-02 1.10150e-02 1.12599e-02 1.15139e-02 1.17654e-02 1.20058e-02 1.22379e-02 1.24692e-02 1.26980e-02 1.29108e-02 1.31052e-02 1.33156e-02 1.35891e-02 1.39374e-02 1.43372e-02 1.47500e-02 1.51242e-02 1.53988e-02 1.55312e-02 1.55226e-02 1.54080e-02 1.52238e-02 1.49903e-02 1.47166e-02 1.44032e-02 1.40359e-02 1.35924e-02 1.30654e-02 1.24737e-02 1.18438e-02 1.11894e-02 1.05113e-02 9.81264e-03 9.10848e-03 8.41243e-03 7.72864e-03 7.06041e-03 6.41590e-03 5.80565e-03 5.23788e-03 4.71593e-03 4.23849e-03 3.80068e-03 3.39537e-03 3.01517e-03 2.65505e-03 2.31494e-03 2.00251e-03 1.73098e-03 1.50857e-03 1.33293e-03 1.19638e-03 1.09139e-03 1.01163e-03 9.54468e-04 9.19442e-04 9.03527e-04 9.00785e-04 9.06052e-04 9.16934e-04 9.31930e-04 9.49302e-04 9.69277e-04 9.94624e-04 1.02572e-03 1.06051e-03 1.10887e-03 1.18498e-03 1.28332e-03 1.38891e-03 1.48877e-03 1.57260e-03 1.63594e-03 1.67903e-03 1.69948e-03 1.69028e-03 1.64582e-03 1.56632e-03 1.45721e-03 1.32490e-03 1.17250e-03 1.00177e-03 8.19541e-04 6.39588e-04 4.76775e-04 3.38946e-04 2.26277e-04 1.37405e-04 7.33167e-05 3.40137e-05 1.38143e-05 4.42081e-06 7.72641e-07 4.00087e-08 2.60376e-10
48.768606 8.25755e-04 4.53518e-03 8.40699e-03 9.27953e-03 8.56016e-03 7.54353e-03 6.57899e-03 5.78688e-03 5.22107e-03 4.87921e-03 4.72738e-03 4.72937e-03 4.85187e-03 5.04005e-03 5.22688e-03 5.38315e-03 5.52277e-03 5.66213e-03 5.80915e-03 5.98166e-03 6.19424e-03 6.44433e-03 6.72756e-03 7.05060e-03 7.42784e-03 7.84223e-03 8.21846e-03 8.49360e-03 8.71445e-03 8.99476e-03 9.38442e-03 9.85079e-03 1.03226e-02 1.07451e-02 1.11106e-02 1.14254e-02 1.16898e-02 1.19083e-02 1.20987e-02 1.22840e-02 1.24852e-02 1.27184e-02 1.29834e-02 1.32540e-02 1.35029e-02 1.37491e-02 1.40495e-02 1.44249e-02 1.48313e-02 1.52022e-02 1.54890e-02 1.56735e-02 1.57607e-02 1.57642e-02 1.56912e-02 1.55313e-02 1.52592e-02 1.48582e-02 1.43496e-02 1.37823e-02 1.31921e-02 1.25888e-02 1.19624e-02 1.12999e-02 1.05994e-02 9.86916e-03 9.11911e-03 8.35872e-03 7.60085e-03 6.86522e-03 6.17306e-03 5.53820e-03 4.96467e-03 4.45014e-03 3.98900e-03 3.57227e-03 3.18712e-03 2.81794e-03 2.45223e-03 2.09597e-03 1.78079e-03 1.53490e-03 1.35775e-03 1.23325e-03 1.14384e-03 1.07436e-03 1.01706e-03 9.71856e-04 9.40940e-04 9.21593e-04 9.06999e-04 8.92758e-04 8.77814e-04 8.61186e-04 8.42562e-04 8.25627e-04 8.14814e-04 8.06292e-04 8.02953e-04 8.28161e-04 8.86260e-04 9.65574e-04 1.05817e-03 1.15636e-03 1.25104e-03 1.33196e-03 1.38842e-03 1.41214e-03 1.39877e-03 1.34688e-03 1.25724e-03 1.13351e-03 9.83824e-04 8.23883e-04 6.75031e-04 5.53339e-04 4.61603e-04 3.91634e-04 3.31215e-04 2.70717e-04 2.05721e-04 1.37683e-04 7.49159e-05 2.97941e-05 7.64455e-06 1.02694e-06 4.53305e-08 2.93126e-10
49.018701 9.66172e-04 4.75893e-03 8.69678e-03 9.59099e-03 8.61549e-03 7.39849e-03 6.47627e-03 5.84043e-03 5.40435e-03 5.13342e-03 5.01580e-03 5.03571e-03 5.16386e-03 5.34044e-03 5.49566e-03 5.60526e-03 5.69562e-03 5.80043e-03 5.93831e-03 6.11955e-03 6.33752e-03 6.57780e-03 6.83465e-03 7.11299e-03 7.43182e-03 7.80406e-03 8.19423e-03 8.52300e-03 8.75852e-03 8.97696e-03 9.26726e-03 9.65348e-03 1.01128e-02 1.05928e-02 1.10417e-02 1.14265e-02 1.17441e-02 1.20183e-02 1.22843e-02 1.25688e-02 1.28766e-02 1.32011e-02 1.35368e-02 1.38735e-02 1.41836e-02 1.44251e-02 1.45774e-02 1.46863e-02 1.48212e-02 1.49977e-02 1.51842e-02 1.53507e-02 1.54807e-02 1.55387e-02 1.54550e-02 1.51885e-02 1.47787e-02 1.42967e-02 1.37840e-02 1.32547e-02 1.27060e-02 1.21299e-02 1.15209e-02 1.08764e-02 1.01945e-02 9.47461e-03 8.72465e-03 7.96425e-03 7.21891e-03 6.51045e-03 5.85228e-03 5.25036e-03 4.70582e-03 4.21507e-03 3.76853e-03 3.35090e-03 2.94184e-03 2.52467e-03 2.11237e-03 1.75095e-03 1.47315e-03 1.27661e-03 1.14243e-03 1.04991e-03 9.82592e-04 9.27651e-04 8.76885e-04 8.29789e-04 7.90127e-04 7.58824e-04 7.33144e-04 7.11079e-04 6.92603e-04 6.77961e-04 6.68547e-04 6.66490e-04 6.67693e-04 6.64984e-04 6.70341e-04 6.94467e-04 7.26371e-04 7.58642e-04 7.90245e-04 8.19641e-04 8.45322e-04 8.67975e-04 8.90630e-04 9.17424e-04 9.69028e-04 1.05700e-03 1.08178e-03 9.63114e-04 7.79969e-04 6.25115e-04 5.33121e-04 4.94535e-04 4.80304e-04 4.66986e-04 4.42391e-04 4.02132e-04 3.45990e-04 2.75113e-04 1.91978e-04 1.06145e-04 3.87770e-05 6.90012e-06 3.55229e-07 2.31921e-09
49.268797 9.73862e-04 5.05433e-03 8.91181e-03 9.23239e-03 8.17771e-03 7.22809e-03 6.46964e-03 5.87693e-03 5.45867e-03 5.21015e-03 5.10827e-03 5.12009e-03 5.21520e-03 5.35682e-03 5.50352e-03 5.63803e-03 5.77484e-03 5.93816e-03 6.14095e-03 6.37741e-03 6.62506e-03 6.86891e-03 7.10815e-03 7.34798e-03 7.60426e-03 7.90384e-03 8.25914e-03 8.62444e-03 8.91048e-03 9.10004e-03 9.28563e-03 9.56393e-03 9.96516e-03 1.04634e-02 1.10135e-02 1.15587e-02 1.20526e-02 1.25070e-02 1.29628e-02 1.34646e-02 1.39975e-02 1.45198e-02 1.49834e-02 1.53384e-02 1.55874e-02 1.57272e-02 1.57844e-02 1.57451e-02 1.56364e-02 1.55314e-02 1.54775e-02 1.54031e-02 1.52148e-02 1.49584e-02 1.47133e-02 1.44706e-02 1.41883e-02 1.38358e-02 1.34046e-02 1.29064e-02 1.23624e-02 1.17893e-02 1.11852e-02 1.05376e-02 9.84355e-03 9.11664e-03 8.38053e-03 7.65785e-03 6.96387e-03 6.30619e-03 5.68642e-03 5.10118e-03 4.54330e-03 4.00571e-03 3.48570e-03 2.98382e-03 2.50557e-03 2.07086e-03 1.71202e-03 1.44827e-03 1.26561e-03 1.13674e-03 1.04351e-03 9.74887e-04 9.21439e-04 8.76025e-04 8.35303e-04 7.99679e-04 7.71446e-04 7.51943e-04 7.40307e-04 7.34571e-04 7.33185e-04 7.35922e-04 7.42565e-04 7.47642e-04 7.39535e-04 7.16962e-04 6.96193e-04 6.83243e-04 6.69083e-04 6.48750e-04 6.22884e-04 5.93112e-04 5.60771e-04 5.27334e-04 4.94927e-04 4.66066e-04 4.42673e-04 4.25022e-04 4.10240e-04 3.93005e-04 3.75272e-04 3.74928e-04 3.99376e-04 4.16764e-04 3.84304e-04 3.18533e-04 2.79567e-04 2.53489e-04 2.11524e-04 1.58663e-04 1.06771e-04 6.21799e-05 2.69296e-05 6.06256e-06 3.90185e-07 3.07826e-09
