# tg_mhd (CUDA FP64)  tgc_noslip_cond_n192_re250_drive0.2_bdrive0.2  N=192 Re=250 h=1.64481291e-02 delta=6.32455532e-02 delta/h=3.845152 layers=96
# layer k: the nodes k cells from the nearest wall, i.e. the slab [(k-1/2)h, (k+1/2)h] ([0, h/2] for k = 0)
# row 'vol': each layer's share of the volume; then per probe: t and each layer's share of eps
# vol 1.562472e-02 3.075947e-02 3.011192e-02 2.947127e-02 2.883750e-02 2.821063e-02 2.759064e-02 2.697754e-02 2.637133e-02 2.577200e-02 2.517957e-02 2.459403e-02 2.401537e-02 2.344360e-02 2.287872e-02 2.232073e-02 2.176963e-02 2.122542e-02 2.068810e-02 2.015766e-02 1.963412e-02 1.911746e-02 1.860769e-02 1.810481e-02 1.760882e-02 1.711972e-02 1.663751e-02 1.616218e-02 1.569375e-02 1.523220e-02 1.477754e-02 1.432977e-02 1.388889e-02 1.345490e-02 1.302780e-02 1.260758e-02 1.219426e-02 1.178782e-02 1.138827e-02 1.099561e-02 1.060984e-02 1.023096e-02 9.858966e-03 9.493861e-03 9.135646e-03 8.784319e-03 8.439881e-03 8.102331e-03 7.771671e-03 7.447899e-03 7.131016e-03 6.821022e-03 6.517916e-03 6.221700e-03 5.932372e-03 5.649932e-03 5.374382e-03 5.105720e-03 4.843947e-03 4.589063e-03 4.341068e-03 4.099961e-03 3.865743e-03 3.638414e-03 3.417974e-03 3.204422e-03 2.997759e-03 2.797985e-03 2.605100e-03 2.419103e-03 2.239996e-03 2.067777e-03 1.902446e-03 1.744005e-03 1.592452e-03 1.447788e-03 1.310013e-03 1.179126e-03 1.055129e-03 9.380197e-04 8.277995e-04 7.244681e-04 6.280254e-04 5.384715e-04 4.558064e-04 3.800300e-04 3.111424e-04 2.491435e-04 1.940334e-04 1.458121e-04 1.044795e-04 7.003574e-05 4.248069e-05 2.181441e-05 8.036888e-06 1.148127e-06
0.000000 7.64681e-01 1.70924e-01 1.39686e-03 1.40188e-03 1.40815e-03 1.41523e-03 1.42271e-03 1.43017e-03 1.43724e-03 1.44356e-03 1.44879e-03 1.45266e-03 1.45491e-03 1.45534e-03 1.45379e-03 1.45013e-03 1.44431e-03 1.43628e-03 1.42605e-03 1.41369e-03 1.39927e-03 1.38291e-03 1.36474e-03 1.34495e-03 1.32370e-03 1.30119e-03 1.27761e-03 1.25315e-03 1.22800e-03 1.20231e-03 1.17624e-03 1.14992e-03 1.12346e-03 1.09694e-03 1.07040e-03 1.04389e-03 1.01741e-03 9.90944e-04 9.64449e-04 9.37876e-04 9.11161e-04 8.84229e-04 8.57005e-04 8.29414e-04 8.01387e-04 7.72867e-04 7.43809e-04 7.14187e-04 6.83994e-04 6.53246e-04 6.21983e-04 5.90268e-04 5.58188e-04 5.25850e-04 4.93382e-04 4.60929e-04 4.28650e-04 3.96713e-04 3.65292e-04 3.34562e-04 3.04695e-04 2.75856e-04 2.48198e-04 2.21861e-04 1.96963e-04 1.73605e-04 1.51863e-04 1.31792e-04 1.13418e-04 9.67473e-05 8.17599e-05 6.84150e-05 5.66516e-05 4.63913e-05 3.75411e-05 2.99962e-05 2.36438e-05 1.83657e-05 1.40418e-05 1.05530e-05 7.78352e-06 5.62377e-06 3.97171e-06 2.73450e-06 1.82944e-06 1.18447e-06 7.38248e-07 4.39840e-07 2.48061e-07 1.30570e-07 6.27685e-08 2.66014e-08 9.33396e-09 2.39084e-09 3.29089e-10 8.29797e-12
0.250012 1.44733e-01 2.23272e-01 1.54756e-01 8.62318e-02 4.01750e-02 1.78078e-02 9.66265e-03 7.36701e-03 6.81043e-03 6.62381e-03 6.52390e-03 6.49286e-03 6.53587e-03 6.67150e-03 6.93414e-03 7.35609e-03 7.93990e-03 8.63385e-03 9.32316e-03 9.84105e-03 9.98336e-03 9.65261e-03 9.05625e-03 8.49892e-03 8.07931e-03 7.75583e-03 7.48951e-03 7.26054e-03 7.05634e-03 6.86845e-03 6.69119e-03 6.52096e-03 6.35566e-03 6.19415e-03 6.03586e-03 5.88041e-03 5.72741e-03 5.57639e-03 5.42677e-03 5.27788e-03 5.12897e-03 4.97928e-03 4.82809e-03 4.67470e-03 4.51854e-03 4.35913e-03 4.19617e-03 4.02951e-03 3.85918e-03 3.68537e-03 3.50847e-03 3.32900e-03 3.14763e-03 2.96515e-03 2.78240e-03 2.60033e-03 2.41987e-03 2.24199e-03 2.06762e-03 1.89766e-03 1.73295e-03 1.57426e-03 1.42225e-03 1.27753e-03 1.14060e-03 1.01184e-03 8.91566e-04 7.79970e-04 6.77157e-04 5.83139e-04 4.97834e-04 4.21077e-04 3.52619e-04 2.92139e-04 2.39246e-04 1.93492e-04 1.54378e-04 1.21365e-04 9.38855e-05 7.13565e-05 5.31898e-05 3.88053e-05 2.76424e-05 1.91706e-05 1.28992e-05 8.38485e-06 5.23674e-06 3.11996e-06 1.75593e-06 9.20527e-07 4.40005e-07 1.85204e-07 6.45171e-08 1.64155e-08 2.24777e-09 5.65012e-11
0.500023 8.97596e-02 1.45504e-01 1.16074e-01 8.39332e-02 5.51202e-02 3.38423e-02 2.06619e-02 1.36349e-02 1.03458e-02 9.04416e-03 8.73794e-03 8.89465e-03 9.26402e-03 9.76874e-03 1.03940e-02 1.11242e-02 1.19181e-02 1.27027e-02 1.33754e-02 1.38075e-02 1.38423e-02 1.34161e-02 1.27365e-02 1.20862e-02 1.15473e-02 1.10778e-02 1.06467e-02 1.02431e-02 9.86271e-03 9.50381e-03 9.16626e-03 8.85038e-03 8.55647e-03 8.28437e-03 8.03332e-03 7.80190e-03 7.58808e-03 7.38937e-03 7.20294e-03 7.02574e-03 6.85455e-03 6.68613e-03 6.51726e-03 6.34497e-03 6.16658e-03 5.97990e-03 5.78331e-03 5.57582e-03 5.35713e-03 5.12756e-03 4.88807e-03 4.64013e-03 4.38559e-03 4.12665e-03 3.86563e-03 3.60493e-03 3.34685e-03 3.09354e-03 2.84693e-03 2.60863e-03 2.37998e-03 2.16198e-03 1.95534e-03 1.76050e-03 1.57766e-03 1.40688e-03 1.24802e-03 1.10088e-03 9.65184e-04 8.40597e-04 7.26774e-04 6.23350e-04 5.29948e-04 4.46180e-04 3.71640e-04 3.05902e-04 2.48508e-04 1.98968e-04 1.56753e-04 1.21298e-04 9.20022e-05 6.82358e-05 4.93506e-05 3.46911e-05 2.36100e-05 1.54835e-05 9.72678e-06 5.80916e-06 3.26528e-06 1.70314e-06 8.07101e-07 3.35848e-07 1.15482e-07 2.90115e-08 3.93179e-09 9.82089e-11
0.750035 6.56396e-02 1.05981e-01 8.66989e-02 6.81964e-02 5.10025e-02 3.62882e-02 2.52522e-02 1.80102e-02 1.38575e-02 1.19015e-02 1.13819e-02 1.16932e-02 1.24053e-02 1.32500e-02 1.40720e-02 1.48011e-02 1.54216e-02 1.59296e-02 1.62975e-02 1.64591e-02 1.63120e-02 1.58204e-02 1.51551e-02 1.45312e-02 1.39963e-02 1.35024e-02 1.30158e-02 1.25243e-02 1.20255e-02 1.15238e-02 1.10276e-02 1.05472e-02 1.00936e-02 9.67638e-03 9.30311e-03 8.97825e-03 8.70275e-03 8.47403e-03 8.28634e-03 8.13139e-03 7.99938e-03 7.87989e-03 7.76281e-03 7.63911e-03 7.50127e-03 7.34356e-03 7.16210e-03 6.95479e-03 6.72113e-03 6.46201e-03 6.17946e-03 5.87648e-03 5.55675e-03 5.22445e-03 4.88405e-03 4.54009e-03 4.19702e-03 3.85900e-03 3.52978e-03 3.21259e-03 2.91005e-03 2.62413e-03 2.35616e-03 2.10689e-03 1.87649e-03 1.66471e-03 1.47094e-03 1.29432e-03 1.13384e-03 9.88404e-04 8.56936e-04 7.38391e-04 6.31807e-04 5.36310e-04 4.51123e-04 3.75550e-04 3.08966e-04 2.50795e-04 2.00491e-04 1.57519e-04 1.21338e-04 9.13881e-05 6.70845e-05 4.78143e-05 3.29422e-05 2.18202e-05 1.38036e-05 8.27020e-06 4.64203e-06 2.40512e-06 1.12589e-06 4.60399e-07 1.54993e-07 3.80899e-08 5.06616e-09 1.25044e-10
1.000046 5.01559e-02 7.97004e-02 6.58385e-02 5.40433e-02 4.32059e-02 3.34989e-02 2.56941e-02 2.01729e-02 1.67342e-02 1.49184e-02 1.42767e-02 1.43902e-02 1.49014e-02 1.55691e-02 1.62610e-02 1.69159e-02 1.75041e-02 1.80020e-02 1.83807e-02 1.86021e-02 1.86107e-02 1.83827e-02 1.80118e-02 1.75985e-02 1.71249e-02 1.65310e-02 1.57970e-02 1.49413e-02 1.40072e-02 1.30524e-02 1.21389e-02 1.13214e-02 1.06392e-02 1.01111e-02 9.73578e-03 9.49512e-03 9.36017e-03 9.29747e-03 9.27439e-03 9.26274e-03 9.24059e-03 9.19248e-03 9.10884e-03 8.98482e-03 8.81911e-03 8.61281e-03 8.36861e-03 8.09014e-03 7.78160e-03 7.44752e-03 7.09267e-03 6.72190e-03 6.34002e-03 5.95176e-03 5.56153e-03 5.17337e-03 4.79079e-03 4.41679e-03 4.05382e-03 3.70380e-03 3.36828e-03 3.04844e-03 2.74526e-03 2.45954e-03 2.19194e-03 1.94301e-03 1.71308e-03 1.50226e-03 1.31040e-03 1.13701e-03 9.81342e-04 8.42375e-04 7.18927e-04 6.09715e-04 5.13442e-04 4.28861e-04 3.54819e-04 2.90291e-04 2.34378e-04 1.86301e-04 1.45383e-04 1.11014e-04 8.26299e-05 5.96783e-05 4.15988e-05 2.78061e-05 1.76861e-05 1.06032e-05 5.92057e-06 3.03103e-06 1.39169e-06 5.54038e-07 1.80428e-07 4.27601e-08 5.50287e-09 1.32854e-10
1.250058 4.10625e-02 6.26649e-02 5.03919e-02 4.16346e-02 3.46119e-02 2.89028e-02 2.45664e-02 2.13740e-02 1.89474e-02 1.71084e-02 1.59164e-02 1.54295e-02 1.55728e-02 1.61804e-02 1.70748e-02 1.81297e-02 1.92684e-02 2.04111e-02 2.14435e-02 2.22264e-02 2.26111e-02 2.24953e-02 2.18969e-02 2.09031e-02 1.96104e-02 1.81428e-02 1.66392e-02 1.52162e-02 1.39529e-02 1.28938e-02 1.20576e-02 1.14450e-02 1.10424e-02 1.08228e-02 1.07477e-02 1.07707e-02 1.08437e-02 1.09226e-02 1.09731e-02 1.09717e-02 1.09057e-02 1.07710e-02 1.05694e-02 1.03062e-02 9.98908e-03 9.62666e-03 9.22788e-03 8.80145e-03 8.35558e-03 7.89779e-03 7.43498e-03 6.97341e-03 6.51869e-03 6.07566e-03 5.64827e-03 5.23948e-03 4.85120e-03 4.48431e-03 4.13877e-03 3.81375e-03 3.50784e-03 3.21920e-03 2.94584e-03 2.68581e-03 2.43745e-03 2.19964e-03 1.97192e-03 1.75458e-03 1.54855e-03 1.35516e-03 1.17586e-03 1.01185e-03 8.63866e-04 7.32027e-04 6.15871e-04 5.14456e-04 4.26528e-04 3.50685e-04 2.85519e-04 2.29716e-04 1.82120e-04 1.41752e-04 1.07816e-04 7.96678e-05 5.67789e-05 3.86827e-05 2.49174e-05 1.49743e-05 8.26255e-06 4.10828e-06 1.80017e-06 6.74821e-07 2.05735e-07 4.57142e-08 5.55902e-09 1.28989e-10
1.500069 3.18476e-02 4.80695e-02 3.82028e-02 3.17031e-02 2.75129e-02 2.48553e-02 2.29060e-02 2.10431e-02 1.91232e-02 1.74002e-02 1.62629e-02 1.59648e-02 1.65544e-02 1.79781e-02 2.01231e-02 2.27235e-02 2.52642e-02 2.70849e-02 2.76889e-02 2.70118e-02 2.54052e-02 2.33720e-02 2.13351e-02 1.95431e-02 1.80682e-02 1.68765e-02 1.59074e-02 1.51079e-02 1.44406e-02 1.38820e-02 1.34195e-02 1.30470e-02 1.27608e-02 1.25557e-02 1.24230e-02 1.23478e-02 1.23095e-02 1.22829e-02 1.22414e-02 1.21608e-02 1.20230e-02 1.18171e-02 1.15399e-02 1.11943e-02 1.07878e-02 1.03306e-02 9.83407e-03 9.30987e-03 8.76914e-03 8.22215e-03 7.67806e-03 7.14474e-03 6.62861e-03 6.13457e-03 5.66598e-03 5.22480e-03 4.81181e-03 4.42689e-03 4.06930e-03 3.73793e-03 3.43143e-03 3.14832e-03 2.88691e-03 2.64529e-03 2.42118e-03 2.21196e-03 2.01478e-03 1.82697e-03 1.64641e-03 1.47202e-03 1.30391e-03 1.14329e-03 9.92069e-04 8.52247e-04 7.25428e-04 6.12468e-04 5.13382e-04 4.27460e-04 3.53492e-04 2.90029e-04 2.35595e-04 1.88848e-04 1.48673e-04 1.14222e-04 8.49197e-05 6.04248e-05 4.05604e-05 2.52033e-05 1.41454e-05 6.95289e-06 2.88754e-06 9.77138e-07 2.60194e-07 5.08140e-08 5.61199e-09 1.22157e-10
1.750081 2.42105e-02 3.67842e-02 2.93351e-02 2.48294e-02 2.26153e-02 2.15443e-02 2.06433e-02 1.95213e-02 1.83020e-02 1.74280e-02 1.75524e-02 1.93364e-02 2.30429e-02 2.79449e-02 3.21167e-02 3.35625e-02 3.19590e-02 2.87768e-02 2.56540e-02 2.32553e-02 2.14784e-02 2.00526e-02 1.88599e-02 1.78911e-02 1.71068e-02 1.64468e-02 1.58746e-02 1.53708e-02 1.49233e-02 1.45254e-02 1.41740e-02 1.38672e-02 1.36024e-02 1.33751e-02 1.31780e-02 1.30019e-02 1.28366e-02 1.26718e-02 1.24985e-02 1.23086e-02 1.20955e-02 1.18534e-02 1.15771e-02 1.12628e-02 1.09080e-02 1.05129e-02 1.00799e-02 9.61380e-03 9.12139e-03 8.61054e-03 8.08956e-03 7.56658e-03 7.04892e-03 6.54285e-03 6.05328e-03 5.58389e-03 5.13710e-03 4.71436e-03 4.31630e-03 3.94299e-03 3.59421e-03 3.26967e-03 2.96917e-03 2.69260e-03 2.43969e-03 2.20969e-03 2.00094e-03 1.81083e-03 1.63596e-03 1.47278e-03 1.31831e-03 1.17081e-03 1.03002e-03 8.96979e-04 7.73393e-04 6.60976e-04 5.60863e-04 4.73331e-04 3.97803e-04 3.33059e-04 2.77527e-04 2.29561e-04 1.87668e-04 1.50646e-04 1.17685e-04 8.83996e-05 6.28288e-05 4.13447e-05 2.44545e-05 1.24842e-05 5.21234e-06 1.66819e-06 3.85124e-07 6.14531e-08 5.75662e-09 1.14531e-10
2.000092 1.93993e-02 2.99979e-02 2.45695e-02 2.14854e-02 2.01677e-02 1.96635e-02 1.92205e-02 1.87257e-02 1.88647e-02 2.10570e-02 2.64085e-02 3.35545e-02 3.84716e-02 3.82501e-02 3.41095e-02 2.93315e-02 2.58436e-02 2.37076e-02 2.23342e-02 2.12469e-02 2.01701e-02 1.90215e-02 1.79244e-02 1.70238e-02 1.63247e-02 1.57635e-02 1.52944e-02 1.48896e-02 1.45299e-02 1.42030e-02 1.39019e-02 1.36221e-02 1.33605e-02 1.31130e-02 1.28743e-02 1.26379e-02 1.23968e-02 1.21447e-02 1.18777e-02 1.15940e-02 1.12946e-02 1.09817e-02 1.06585e-02 1.03278e-02 9.99210e-03 9.65378e-03 9.31468e-03 8.97608e-03 8.63836e-03 8.30092e-03 7.96243e-03 7.62115e-03 7.27537e-03 6.92378e-03 6.56568e-03 6.20113e-03 5.83094e-03 5.45657e-03 5.07994e-03 4.70342e-03 4.32985e-03 3.96261e-03 3.60560e-03 3.26311e-03 2.93934e-03 2.63801e-03 2.36176e-03 2.11179e-03 1.88748e-03 1.68654e-03 1.50532e-03 1.33977e-03 1.18629e-03 1.04257e-03 9.07859e-04 7.82716e-04 6.68377e-04 5.66044e-04 4.76317e-04 3.98947e-04 3.32893e-04 2.76573e-04 2.28199e-04 1.86073e-04 1.48808e-04 1.15466e-04 8.56225e-05 5.93959e-05 3.73892e-05 2.04447e-05 9.12464e-06 3.05156e-06 6.86986e-07 9.31597e-08 6.69930e-09 1.14066e-10
2.250104 1.77602e-02 2.77430e-02 2.29438e-02 2.01818e-02 1.88183e-02 1.81633e-02 1.82056e-02 2.00631e-02 2.51324e-02 3.25962e-02 3.83887e-02 3.89567e-02 3.51886e-02 3.04441e-02 2.68077e-02 2.45627e-02 2.33032e-02 2.25665e-02 2.19860e-02 2.13104e-02 2.03918e-02 1.92465e-02 1.80962e-02 1.71529e-02 1.64344e-02 1.58651e-02 1.53886e-02 1.49706e-02 1.45889e-02 1.42308e-02 1.38901e-02 1.35646e-02 1.32532e-02 1.29535e-02 1.26604e-02 1.23663e-02 1.20626e-02 1.17426e-02 1.14032e-02 1.10451e-02 1.06725e-02 1.02913e-02 9.90827e-03 9.52989e-03 9.16253e-03 8.81170e-03 8.48121e-03 8.17226e-03 7.88321e-03 7.61036e-03 7.34947e-03 7.09707e-03 6.85075e-03 6.60866e-03 6.36894e-03 6.12947e-03 5.88805e-03 5.64267e-03 5.39183e-03 5.13470e-03 4.87108e-03 4.60128e-03 4.32592e-03 4.04574e-03 3.76149e-03 3.47405e-03 3.18476e-03 2.89589e-03 2.61109e-03 2.33541e-03 2.07453e-03 1.83349e-03 1.61525e-03 1.42001e-03 1.24549e-03 1.08818e-03 9.44836e-04 8.13451e-04 6.93381e-04 5.84810e-04 4.88027e-04 4.02905e-04 3.28758e-04 2.64497e-04 2.08892e-04 1.60794e-04 1.19307e-04 8.39050e-05 5.45098e-05 3.14475e-05 1.51647e-05 5.57899e-06 1.36870e-06 1.84492e-07 1.05770e-08 1.39738e-10
2.500116 1.77839e-02 2.75225e-02 2.21961e-02 1.88665e-02 1.71746e-02 1.72313e-02 1.98816e-02 2.53700e-02 3.16474e-02 3.52402e-02 3.45724e-02 3.12488e-02 2.77784e-02 2.53844e-02 2.40520e-02 2.33983e-02 2.31143e-02 2.29804e-02 2.27849e-02 2.23358e-02 2.15127e-02 2.03616e-02 1.91458e-02 1.81099e-02 1.72840e-02 1.65972e-02 1.59995e-02 1.54641e-02 1.49764e-02 1.45301e-02 1.41233e-02 1.37561e-02 1.34276e-02 1.31332e-02 1.28624e-02 1.25988e-02 1.23229e-02 1.20172e-02 1.16706e-02 1.12807e-02 1.08545e-02 1.04058e-02 9.95135e-03 9.50758e-03 9.08733e-03 8.69832e-03 8.34280e-03 8.01835e-03 7.71972e-03 7.44107e-03 7.17747e-03 6.92542e-03 6.68224e-03 6.44538e-03 6.21196e-03 5.97905e-03 5.74419e-03 5.50600e-03 5.26439e-03 5.02040e-03 4.77574e-03 4.53233e-03 4.29195e-03 4.05597e-03 3.82524e-03 3.60011e-03 3.38050e-03 3.16603e-03 2.95607e-03 2.74988e-03 2.54659e-03 2.34541e-03 2.14574e-03 1.94744e-03 1.75099e-03 1.55760e-03 1.36921e-03 1.18852e-03 1.01876e-03 8.62948e-04 7.22888e-04 5.98644e-04 4.89089e-04 3.92853e-04 3.08878e-04 2.36404e-04 1.74724e-04 1.23088e-04 8.08785e-05 4.78671e-05 2.41363e-05 9.48450e-06 2.51760e-06 3.60183e-07 2.00301e-08 2.40103e-10
2.750127 1.90830e-02 2.86298e-02 2.19340e-02 1.80545e-02 1.71333e-02 1.90339e-02 2.32295e-02 2.79685e-02 3.08592e-02 3.07923e-02 2.87011e-02 2.63201e-02 2.47374e-02 2.40622e-02 2.39135e-02 2.39173e-02 2.38927e-02 2.37909e-02 2.35523e-02 2.30575e-02 2.21815e-02 2.09399e-02 1.95845e-02 1.83817e-02 1.74019e-02 1.66063e-02 1.59553e-02 1.54178e-02 1.49686e-02 1.45930e-02 1.42851e-02 1.40395e-02 1.38383e-02 1.36451e-02 1.34132e-02 1.31107e-02 1.27436e-02 1.23495e-02 1.19628e-02 1.15881e-02 1.12104e-02 1.08186e-02 1.04132e-02 1.00012e-02 9.58908e-03 9.18056e-03 8.77745e-03 8.38126e-03 7.99447e-03 7.62060e-03 7.26333e-03 6.92521e-03 6.60687e-03 6.30685e-03 6.02213e-03 5.74902e-03 5.48404e-03 5.22460e-03 4.96938e-03 4.71833e-03 4.47226e-03 4.23230e-03 3.99947e-03 3.77445e-03 3.55772e-03 3.34960e-03 3.15045e-03 2.96066e-03 2.78057e-03 2.61029e-03 2.44946e-03 2.29711e-03 2.15146e-03 2.01004e-03 1.86989e-03 1.72793e-03 1.58156e-03 1.42927e-03 1.27132e-03 1.11012e-03 9.49988e-04 7.96333e-04 6.54166e-04 5.26762e-04 4.15126e-04 3.18630e-04 2.36130e-04 1.66670e-04 1.09659e-04 6.49626e-05 3.28045e-05 1.29591e-05 3.49751e-06 5.23241e-07 3.28249e-08 4.73136e-10
3.000139 2.15002e-02 3.11452e-02 2.30500e-02 1.90581e-02 1.89710e-02 2.15850e-02 2.52490e-02 2.80730e-02 2.88866e-02 2.79444e-02 2.63881e-02 2.51965e-02 2.46571e-02 2.45076e-02 2.43802e-02 2.41155e-02 2.37896e-02 2.35136e-02 2.32216e-02 2.26847e-02 2.17018e-02 2.03089e-02 1.88222e-02 1.75583e-02 1.66125e-02 1.59492e-02 1.55192e-02 1.52599e-02 1.50876e-02 1.49710e-02 1.49888e-02 1.51631e-02 1.52995e-02 1.51820e-02 1.47898e-02 1.42408e-02 1.36489e-02 1.30620e-02 1.24855e-02 1.19184e-02 1.13641e-02 1.08279e-02 1.03142e-02 9.82488e-03 9.35885e-03 8.91203e-03 8.47913e-03 8.05624e-03 7.64305e-03 7.24283e-03 6.86050e-03 6.49989e-03 6.16198e-03 5.84489e-03 5.54497e-03 5.25821e-03 4.98126e-03 4.71188e-03 4.44906e-03 4.19290e-03 3.94439e-03 3.70529e-03 3.47784e-03 3.26447e-03 3.06725e-03 2.88748e-03 2.72538e-03 2.58009e-03 2.44978e-03 2.33189e-03 2.22348e-03 2.12147e-03 2.02289e-03 1.92491e-03 1.82480e-03 1.71989e-03 1.60766e-03 1.48606e-03 1.35407e-03 1.21246e-03 1.06406e-03 9.13579e-04 7.66561e-04 6.28095e-04 5.01853e-04 3.89787e-04 2.92378e-04 2.09177e-04 1.39570e-04 8.36614e-05 4.25038e-05 1.67795e-05 4.53159e-06 7.01267e-07 5.06349e-08 8.82329e-10
3.250150 2.43322e-02 3.45598e-02 2.52401e-02 2.09962e-02 2.09927e-02 2.32441e-02 2.58813e-02 2.75413e-02 2.77947e-02 2.70866e-02 2.61212e-02 2.53333e-02 2.47737e-02 2.42901e-02 2.37882e-02 2.33560e-02 2.31277e-02 2.30188e-02 2.27259e-02 2.20267e-02 2.09644e-02 1.98285e-02 1.90074e-02 1.86639e-02 1.85940e-02 1.84699e-02 1.81141e-02 1.75487e-02 1.68672e-02 1.61366e-02 1.54164e-02 1.47803e-02 1.42908e-02 1.39498e-02 1.36871e-02 1.34151e-02 1.30804e-02 1.26735e-02 1.22155e-02 1.17339e-02 1.12445e-02 1.07462e-02 1.02280e-02 9.68281e-03 9.11545e-03 8.54337e-03 7.98936e-03 7.47267e-03 7.00345e-03 6.58219e-03 6.20285e-03 5.85676e-03 5.53560e-03 5.23258e-03 4.94264e-03 4.66221e-03 4.38900e-03 4.12203e-03 3.86182e-03 3.61061e-03 3.37216e-03 3.15096e-03 2.95076e-03 2.77333e-03 2.61806e-03 2.48236e-03 2.36267e-03 2.25534e-03 2.15720e-03 2.06586e-03 1.97950e-03 1.89654e-03 1.81538e-03 1.73434e-03 1.65174e-03 1.56591e-03 1.47512e-03 1.37759e-03 1.27189e-03 1.15753e-03 1.03542e-03 9.07990e-04 7.78725e-04 6.51518e-04 5.30134e-04 4.17836e-04 3.17082e-04 2.29302e-04 1.55023e-04 9.46367e-05 4.92255e-05 1.99553e-05 5.54730e-06 8.96170e-07 7.06874e-08 1.35457e-09
3.500162 2.71131e-02 3.81934e-02 2.76408e-02 2.26479e-02 2.20067e-02 2.35262e-02 2.54750e-02 2.67886e-02 2.71668e-02 2.68825e-02 2.63629e-02 2.58664e-02 2.54076e-02 2.49200e-02 2.45301e-02 2.45379e-02 2.49486e-02 2.52538e-02 2.49419e-02 2.40212e-02 2.28361e-02 2.15992e-02 2.04014e-02 1.93311e-02 1.83849e-02 1.75049e-02 1.66707e-02 1.59001e-02 1.52178e-02 1.46299e-02 1.41180e-02 1.36576e-02 1.32472e-02 1.29141e-02 1.26931e-02 1.25933e-02 1.25682e-02 1.25125e-02 1.23079e-02 1.18895e-02 1.12763e-02 1.05467e-02 9.78948e-03 9.06943e-03 8.41889e-03 7.84446e-03 7.33805e-03 6.88617e-03 6.47605e-03 6.09835e-03 5.74734e-03 5.41943e-03 5.11145e-03 4.81966e-03 4.53952e-03 4.26654e-03 3.99816e-03 3.73560e-03 3.48430e-03 3.25177e-03 3.04374e-03 2.86110e-03 2.70002e-03 2.55488e-03 2.42110e-03 2.29612e-03 2.17918e-03 2.07058e-03 1.97069e-03 1.87911e-03 1.79427e-03 1.71365e-03 1.63447e-03 1.55432e-03 1.47162e-03 1.38560e-03 1.29596e-03 1.20250e-03 1.10496e-03 1.00315e-03 8.97308e-04 7.88387e-04 6.78209e-04 5.69318e-04 4.64648e-04 3.67079e-04 2.79010e-04 2.02045e-04 1.36973e-04 8.42310e-05 4.45105e-05 1.85492e-05 5.38703e-06 9.37762e-07 8.37596e-08 1.76844e-09
3.750173 3.06979e-02 4.27171e-02 3.01961e-02 2.39160e-02 2.26798e-02 2.42705e-02 2.67052e-02 2.84775e-02 2.89596e-02 2.84920e-02 2.78132e-02 2.73069e-02 2.69302e-02 2.66126e-02 2.63418e-02 2.59573e-02 2.52641e-02 2.43900e-02 2.35418e-02 2.26837e-02 2.16793e-02 2.04613e-02 1.91235e-02 1.78343e-02 1.67016e-02 1.57777e-02 1.50816e-02 1.45832e-02 1.42233e-02 1.39448e-02 1.36990e-02 1.34453e-02 1.31563e-02 1.28201e-02 1.24379e-02 1.20212e-02 1.15930e-02 1.11854e-02 1.08232e-02 1.04975e-02 1.01613e-02 9.76564e-03 9.29898e-03 8.78901e-03 8.27321e-03 7.77582e-03 7.30477e-03 6.85939e-03 6.43800e-03 6.04116e-03 5.67106e-03 5.32902e-03 5.01310e-03 4.71721e-03 4.43310e-03 4.15509e-03 3.88467e-03 3.63035e-03 3.40106e-03 3.19882e-03 3.01853e-03 2.85371e-03 2.70026e-03 2.55598e-03 2.41944e-03 2.28980e-03 2.16711e-03 2.05195e-03 1.94488e-03 1.84574e-03 1.75317e-03 1.66458e-03 1.57663e-03 1.48617e-03 1.39126e-03 1.29164e-03 1.18853e-03 1.08370e-03 9.78424e-04 8.73136e-04 7.67874e-04 6.63105e-04 5.60212e-04 4.61377e-04 3.69076e-04 2.85550e-04 2.12432e-04 1.50579e-04 1.00115e-04 6.07251e-05 3.20432e-05 1.36391e-05 4.21136e-06 8.35661e-07 9.03487e-08 2.12254e-09
4.000185 3.42803e-02 4.74765e-02 3.36793e-02 2.76234e-02 2.73411e-02 2.88175e-02 2.93959e-02 2.89511e-02 2.83717e-02 2.80984e-02 2.80636e-02 2.80390e-02 2.77847e-02 2.70513e-02 2.58310e-02 2.45586e-02 2.35509e-02 2.27345e-02 2.19500e-02 2.10612e-02 1.99375e-02 1.85673e-02 1.71844e-02 1.60860e-02 1.53597e-02 1.48956e-02 1.45421e-02 1.41948e-02 1.38067e-02 1.33713e-02 1.29044e-02 1.24312e-02 1.19786e-02 1.15693e-02 1.12159e-02 1.09160e-02 1.06531e-02 1.04047e-02 1.01504e-02 9.87853e-03 9.58642e-03 9.27654e-03 8.94981e-03 8.60353e-03 8.23554e-03 7.84737e-03 7.44257e-03 7.02503e-03 6.60073e-03 6.17999e-03 5.77595e-03 5.39906e-03 5.05237e-03 4.73290e-03 4.43769e-03 4.16724e-03 3.92230e-03 3.70003e-03 3.49575e-03 3.30661e-03 3.13177e-03 2.97020e-03 2.81962e-03 2.67727e-03 2.54095e-03 2.40955e-03 2.28300e-03 2.16192e-03 2.04706e-03 1.93866e-03 1.83576e-03 1.73571e-03 1.63461e-03 1.52859e-03 1.41566e-03 1.29670e-03 1.17467e-03 1.05286e-03 9.33292e-04 8.16618e-04 7.03029e-04 5.93292e-04 4.89067e-04 3.92534e-04 3.05764e-04 2.30228e-04 1.66605e-04 1.14827e-04 7.42726e-05 4.40139e-05 2.29850e-05 9.96273e-06 3.29859e-06 7.51306e-07 9.46319e-08 2.36615e-09
4.250197 3.79951e-02 5.44622e-02 4.15476e-02 3.53184e-02 3.16655e-02 2.87389e-02 2.73790e-02 2.75868e-02 2.83755e-02 2.89985e-02 2.91581e-02 2.86720e-02 2.74650e-02 2.58792e-02 2.43924e-02 2.31370e-02 2.20484e-02 2.10896e-02 2.02290e-02 1.93773e-02 1.84075e-02 1.72950e-02 1.62032e-02 1.52896e-02 1.45523e-02 1.39241e-02 1.33645e-02 1.28574e-02 1.23911e-02 1.19522e-02 1.15308e-02 1.11298e-02 1.07651e-02 1.04559e-02 1.02127e-02 1.00298e-02 9.88700e-03 9.75805e-03 9.61925e-03 9.45437e-03 9.25494e-03 9.01841e-03 8.74710e-03 8.44745e-03 8.12813e-03 7.79683e-03 7.45752e-03 7.10986e-03 6.75114e-03 6.38003e-03 6.00025e-03 5.62159e-03 5.25687e-03 4.91595e-03 4.60224e-03 4.31455e-03 4.05145e-03 3.81282e-03 3.59844e-03 3.40630e-03 3.23256e-03 3.07254e-03 2.92201e-03 2.77794e-03 2.63867e-03 2.50373e-03 2.37350e-03 2.24870e-03 2.12998e-03 2.01737e-03 1.90979e-03 1.80464e-03 1.69800e-03 1.58576e-03 1.46563e-03 1.33830e-03 1.20693e-03 1.07515e-03 9.45383e-04 8.18769e-04 6.96067e-04 5.78619e-04 4.68573e-04 3.68438e-04 2.80405e-04 2.05818e-04 1.44976e-04 9.72394e-05 6.13271e-05 3.56454e-05 1.85064e-05 8.18288e-06 2.87128e-06 7.15407e-07 9.70031e-08 2.47662e-09
4.500208 4.20558e-02 6.12954e-02 4.68767e-02 3.75431e-02 3.13589e-02 2.80553e-02 2.72969e-02 2.78898e-02 2.88366e-02 2.94574e-02 2.92429e-02 2.81348e-02 2.66291e-02 2.52218e-02 2.40334e-02 2.29798e-02 2.19711e-02 2.09485e-02 1.98747e-02 1.87402e-02 1.75638e-02 1.63881e-02 1.52911e-02 1.43391e-02 1.35365e-02 1.28609e-02 1.22942e-02 1.18118e-02 1.13840e-02 1.09897e-02 1.06232e-02 1.02914e-02 1.00076e-02 9.78341e-03 9.62250e-03 9.51710e-03 9.44836e-03 9.38998e-03 9.31444e-03 9.20047e-03 9.03761e-03 8.82578e-03 8.57254e-03 8.29016e-03 7.99192e-03 7.68802e-03 7.38294e-03 7.07534e-03 6.76035e-03 6.43342e-03 6.09365e-03 5.74501e-03 5.39528e-03 5.05393e-03 4.72979e-03 4.42909e-03 4.15458e-03 3.90594e-03 3.68086e-03 3.47606e-03 3.28796e-03 3.11319e-03 2.94895e-03 2.79322e-03 2.64486e-03 2.50354e-03 2.36956e-03 2.24340e-03 2.12525e-03 2.01445e-03 1.90924e-03 1.80692e-03 1.70431e-03 1.59823e-03 1.48618e-03 1.36714e-03 1.24203e-03 1.11312e-03 9.82896e-04 8.53418e-04 7.26524e-04 6.04260e-04 4.89067e-04 3.83611e-04 2.90365e-04 2.11116e-04 1.46617e-04 9.65177e-05 5.95572e-05 3.38842e-05 1.73476e-05 7.70149e-06 2.78581e-06 7.27300e-07 1.01716e-07 2.60273e-09
4.750220 4.34426e-02 6.32312e-02 4.77796e-02 3.78406e-02 3.20655e-02 2.92319e-02 2.82925e-02 2.83623e-02 2.88090e-02 2.90112e-02 2.86615e-02 2.79811e-02 2.72620e-02 2.65028e-02 2.55262e-02 2.42201e-02 2.26260e-02 2.09011e-02 1.92506e-02 1.78369e-02 1.66843e-02 1.56823e-02 1.47522e-02 1.39060e-02 1.31482e-02 1.24668e-02 1.18632e-02 1.13430e-02 1.09043e-02 1.05385e-02 1.02363e-02 9.99193e-03 9.80382e-03 9.67134e-03 9.58917e-03 9.54266e-03 9.50783e-03 9.45771e-03 9.37021e-03 9.23048e-03 9.02992e-03 8.76703e-03 8.44944e-03 8.09386e-03 7.72188e-03 7.35293e-03 6.99844e-03 6.66117e-03 6.33905e-03 6.02918e-03 5.72935e-03 5.43818e-03 5.15515e-03 4.88065e-03 4.61577e-03 4.36155e-03 4.11852e-03 3.88667e-03 3.66581e-03 3.45587e-03 3.25695e-03 3.06914e-03 2.89239e-03 2.72652e-03 2.57133e-03 2.42673e-03 2.29277e-03 2.16939e-03 2.05608e-03 1.95145e-03 1.85309e-03 1.75807e-03 1.66368e-03 1.56786e-03 1.46889e-03 1.36507e-03 1.25503e-03 1.13857e-03 1.01681e-03 8.91933e-04 7.66705e-04 6.44157e-04 5.27277e-04 4.18829e-04 3.21285e-04 2.36679e-04 1.66317e-04 1.10530e-04 6.86445e-05 3.91573e-05 2.00065e-05 8.81983e-06 3.15794e-06 8.15365e-07 1.12578e-07 2.84332e-09
5.000231 4.20675e-02 6.17331e-02 4.71636e-02 3.81478e-02 3.32374e-02 3.07503e-02 2.96344e-02 2.93098e-02 2.93740e-02 2.95055e-02 2.95775e-02 2.94784e-02 2.89876e-02 2.79223e-02 2.62787e-02 2.42401e-02 2.20989e-02 2.01400e-02 1.85349e-02 1.73048e-02 1.63228e-02 1.54186e-02 1.45471e-02 1.37569e-02 1.30662e-02 1.24599e-02 1.19282e-02 1.14706e-02 1.10887e-02 1.07804e-02 1.05364e-02 1.03407e-02 1.01762e-02 1.00298e-02 9.89356e-03 9.76001e-03 9.61804e-03 9.45380e-03 9.25550e-03 9.01692e-03 8.73726e-03 8.41884e-03 8.06579e-03 7.68481e-03 7.28707e-03 6.88823e-03 6.50468e-03 6.14827e-03 5.82367e-03 5.52966e-03 5.26195e-03 5.01524e-03 4.78442e-03 4.56523e-03 4.35442e-03 4.14951e-03 3.94851e-03 3.74991e-03 3.55289e-03 3.35763e-03 3.16539e-03 2.97820e-03 2.79843e-03 2.62827e-03 2.46949e-03 2.32330e-03 2.19032e-03 2.07044e-03 1.96274e-03 1.86531e-03 1.77538e-03 1.68977e-03 1.60561e-03 1.52071e-03 1.43350e-03 1.34254e-03 1.24634e-03 1.14365e-03 1.03408e-03 9.18497e-04 7.99198e-04 6.79575e-04 5.63350e-04 4.53843e-04 3.53763e-04 2.65284e-04 1.90019e-04 1.28818e-04 8.16167e-05 4.74454e-05 2.46009e-05 1.08907e-05 3.84671e-06 9.63858e-07 1.29057e-07 3.20407e-09
5.250243 4.03060e-02 5.97679e-02 4.61949e-02 3.79181e-02 3.36982e-02 3.18697e-02 3.13363e-02 3.13949e-02 3.15866e-02 3.16576e-02 3.14363e-02 3.07010e-02 2.93236e-02 2.74102e-02 2.52272e-02 2.30616e-02 2.11170e-02 1.94825e-02 1.81596e-02 1.70902e-02 1.61799e-02 1.53423e-02 1.45652e-02 1.38863e-02 1.33132e-02 1.28261e-02 1.24051e-02 1.20294e-02 1.16786e-02 1.13416e-02 1.10186e-02 1.07125e-02 1.04211e-02 1.01390e-02 9.86317e-03 9.59573e-03 9.33912e-03 9.09183e-03 8.84781e-03 8.59879e-03 8.33704e-03 8.05673e-03 7.75433e-03 7.42871e-03 7.08147e-03 6.71744e-03 6.34517e-03 5.97633e-03 5.62351e-03 5.29693e-03 5.00199e-03 4.73895e-03 4.50431e-03 4.29264e-03 4.09813e-03 3.91559e-03 3.74074e-03 3.57011e-03 3.40090e-03 3.23123e-03 3.06042e-03 2.88925e-03 2.71980e-03 2.55497e-03 2.39787e-03 2.25126e-03 2.11711e-03 1.99637e-03 1.88884e-03 1.79321e-03 1.70721e-03 1.62800e-03 1.55250e-03 1.47762e-03 1.40071e-03 1.31990e-03 1.23413e-03 1.14268e-03 1.04470e-03 9.39453e-04 8.27534e-04 7.11626e-04 5.95885e-04 4.84606e-04 3.81386e-04 2.88988e-04 2.09393e-04 1.43749e-04 9.23013e-05 5.43900e-05 2.85594e-05 1.27565e-05 4.51081e-06 1.12098e-06 1.48399e-07 3.66088e-09
5.500254 3.90489e-02 5.80518e-02 4.49298e-02 3.70913e-02 3.35959e-02 3.27648e-02 3.32237e-02 3.39103e-02 3.41266e-02 3.35470e-02 3.21437e-02 3.01168e-02 2.78198e-02 2.55747e-02 2.35380e-02 2.17395e-02 2.01873e-02 1.89098e-02 1.79092e-02 1.71267e-02 1.64544e-02 1.57955e-02 1.51586e-02 1.45943e-02 1.40871e-02 1.35875e-02 1.30723e-02 1.25470e-02 1.20274e-02 1.15284e-02 1.10604e-02 1.06303e-02 1.02418e-02 9.89639e-03 9.59225e-03 9.32404e-03 9.08310e-03 8.85885e-03 8.64099e-03 8.42124e-03 8.19345e-03 7.95278e-03 7.69527e-03 7.41833e-03 7.12136e-03 6.80592e-03 6.47543e-03 6.13481e-03 5.79033e-03 5.44955e-03 5.12077e-03 4.81179e-03 4.52810e-03 4.27178e-03 4.04160e-03 3.83419e-03 3.64526e-03 3.47037e-03 3.30540e-03 3.14670e-03 2.99136e-03 2.83736e-03 2.68391e-03 2.53160e-03 2.38230e-03 2.23866e-03 2.10344e-03 1.97881e-03 1.86593e-03 1.76491e-03 1.67503e-03 1.59484e-03 1.52195e-03 1.45291e-03 1.38369e-03 1.31117e-03 1.23404e-03 1.15213e-03 1.06450e-03 9.69010e-04 8.64172e-04 7.51343e-04 6.34724e-04 5.19647e-04 4.11026e-04 3.12736e-04 2.27490e-04 1.56830e-04 1.01170e-04 5.99208e-05 3.16403e-05 1.42247e-05 5.06899e-06 1.27015e-06 1.69277e-07 4.19076e-09
5.750266 3.77752e-02 5.60364e-02 4.31809e-02 3.58142e-02 3.32271e-02 3.35013e-02 3.48139e-02 3.56645e-02 3.51779e-02 3.33177e-02 3.06878e-02 2.79982e-02 2.56862e-02 2.38288e-02 2.22869e-02 2.09322e-02 1.97362e-02 1.87353e-02 1.79742e-02 1.74364e-02 1.70097e-02 1.65625e-02 1.60530e-02 1.54849e-02 1.48486e-02 1.41517e-02 1.34299e-02 1.27236e-02 1.20649e-02 1.14756e-02 1.09666e-02 1.05376e-02 1.01786e-02 9.87390e-03 9.60817e-03 9.36969e-03 9.15038e-03 8.94374e-03 8.74331e-03 8.54258e-03 8.33578e-03 8.11879e-03 7.88943e-03 7.64692e-03 7.39108e-03 7.12167e-03 6.83851e-03 6.54188e-03 6.23304e-03 5.91460e-03 5.59056e-03 5.26615e-03 4.94735e-03 4.64022e-03 4.34998e-03 4.08026e-03 3.83268e-03 3.60696e-03 3.40121e-03 3.21237e-03 3.03689e-03 2.87131e-03 2.71289e-03 2.55990e-03 2.41176e-03 2.26891e-03 2.13250e-03 2.00404e-03 1.88491e-03 1.77615e-03 1.67847e-03 1.59209e-03 1.51608e-03 1.44764e-03 1.38233e-03 1.31593e-03 1.24637e-03 1.17322e-03 1.09512e-03 1.00858e-03 9.10187e-04 7.99919e-04 6.81775e-04 5.61925e-04 4.46581e-04 3.40874e-04 2.48479e-04 1.71537e-04 1.10759e-04 6.56381e-05 3.46822e-05 1.56236e-05 5.59735e-06 1.41569e-06 1.90559e-07 4.74623e-09
6.000277 3.51757e-02 5.27130e-02 4.12181e-02 3.50521e-02 3.36379e-02 3.46231e-02 3.56416e-02 3.52452e-02 3.32980e-02 3.06180e-02 2.81014e-02 2.61166e-02 2.45938e-02 2.33040e-02 2.20490e-02 2.08060e-02 1.97179e-02 1.89224e-02 1.83980e-02 1.79825e-02 1.75055e-02 1.68979e-02 1.62102e-02 1.55010e-02 1.47769e-02 1.40427e-02 1.33253e-02 1.26571e-02 1.20604e-02 1.15436e-02 1.11041e-02 1.07342e-02 1.04255e-02 1.01691e-02 9.95314e-03 9.76190e-03 9.57837e-03 9.38912e-03 9.18773e-03 8.97449e-03 8.75341e-03 8.52875e-03 8.30285e-03 8.07574e-03 7.84584e-03 7.61065e-03 7.36741e-03 7.11354e-03 6.84706e-03 6.56703e-03 6.27376e-03 5.96892e-03 5.65542e-03 5.33704e-03 5.01803e-03 4.70266e-03 4.39494e-03 4.09854e-03 3.81686e-03 3.55282e-03 3.30829e-03 3.08354e-03 2.87733e-03 2.68749e-03 2.51176e-03 2.34843e-03 2.19644e-03 2.05539e-03 1.92527e-03 1.80648e-03 1.69972e-03 1.60574e-03 1.52441e-03 1.45361e-03 1.38919e-03 1.32671e-03 1.26357e-03 1.19856e-03 1.12920e-03 1.05051e-03 9.57587e-04 8.49386e-04 7.29779e-04 6.05575e-04 4.83997e-04 3.71183e-04 2.71632e-04 1.88100e-04 1.21715e-04 7.22085e-05 3.81544e-05 1.71812e-05 6.16030e-06 1.56333e-06 2.11493e-07 5.28822e-09
6.250289 3.20345e-02 4.89763e-02 3.98296e-02 3.54340e-02 3.45772e-02 3.46750e-02 3.40026e-02 3.22871e-02 3.01811e-02 2.83719e-02 2.70099e-02 2.58426e-02 2.46596e-02 2.34434e-02 2.23080e-02 2.13533e-02 2.05615e-02 1.98287e-02 1.90529e-02 1.81883e-02 1.72339e-02 1.62343e-02 1.52976e-02 1.45033e-02 1.38460e-02 1.32934e-02 1.28219e-02 1.24121e-02 1.20477e-02 1.17187e-02 1.14210e-02 1.11528e-02 1.09101e-02 1.06860e-02 1.04725e-02 1.02639e-02 1.00574e-02 9.85243e-03 9.64872e-03 9.44535e-03 9.24057e-03 9.03264e-03 8.82037e-03 8.60318e-03 8.38079e-03 8.15296e-03 7.91928e-03 7.67913e-03 7.43161e-03 7.17565e-03 6.91019e-03 6.63445e-03 6.34814e-03 6.05163e-03 5.74605e-03 5.43317e-03 5.11525e-03 4.79464e-03 4.47374e-03 4.15521e-03 3.84260e-03 3.54073e-03 3.25507e-03 2.99027e-03 2.74884e-03 2.53079e-03 2.33438e-03 2.15741e-03 1.99821e-03 1.85611e-03 1.73125e-03 1.62398e-03 1.53366e-03 1.45765e-03 1.39151e-03 1.33075e-03 1.27236e-03 1.21400e-03 1.15147e-03 1.07823e-03 9.88470e-04 8.80923e-04 7.59838e-04 6.32763e-04 5.07656e-04 3.91087e-04 2.87705e-04 2.00352e-04 1.30350e-04 7.76994e-05 4.12108e-05 1.86074e-05 6.68341e-06 1.69834e-06 2.30094e-07 5.76156e-09
6.500301 2.79947e-02 4.41229e-02 3.77551e-02 3.47065e-02 3.35340e-02 3.26658e-02 3.15743e-02 3.03968e-02 2.93521e-02 2.84622e-02 2.75667e-02 2.65319e-02 2.54254e-02 2.43905e-02 2.34296e-02 2.24443e-02 2.13790e-02 2.02451e-02 1.90677e-02 1.78609e-02 1.66372e-02 1.54601e-02 1.44690e-02 1.37407e-02 1.32235e-02 1.28382e-02 1.25385e-02 1.22991e-02 1.21008e-02 1.19249e-02 1.17533e-02 1.15712e-02 1.13713e-02 1.11539e-02 1.09245e-02 1.06913e-02 1.04622e-02 1.02423e-02 1.00330e-02 9.83238e-03 9.63622e-03 9.43961e-03 9.23812e-03 9.02880e-03 8.81047e-03 8.58338e-03 8.34860e-03 8.10744e-03 7.86110e-03 7.61049e-03 7.35613e-03 7.09814e-03 6.83623e-03 6.56965e-03 6.29718e-03 6.01731e-03 5.72853e-03 5.42983e-03 5.12102e-03 4.80276e-03 4.47643e-03 4.14437e-03 3.81045e-03 3.48073e-03 3.16306e-03 2.86548e-03 2.59407e-03 2.35164e-03 2.13821e-03 1.95260e-03 1.79390e-03 1.66151e-03 1.55390e-03 1.46742e-03 1.39660e-03 1.33580e-03 1.28043e-03 1.22602e-03 1.16633e-03 1.09361e-03 1.00188e-03 8.90554e-04 7.64990e-04 6.33996e-04 5.06473e-04 3.89242e-04 2.86482e-04 2.00215e-04 1.31064e-04 7.87432e-05 4.21467e-05 1.92289e-05 6.98613e-06 1.79425e-06 2.44797e-07 6.14680e-09
6.750312 2.36261e-02 3.83029e-02 3.41011e-02 3.22457e-02 3.15598e-02 3.11976e-02 3.09089e-02 3.05874e-02 3.01099e-02 2.94169e-02 2.84959e-02 2.73812e-02 2.61998e-02 2.50388e-02 2.38919e-02 2.27569e-02 2.16510e-02 2.05592e-02 1.94291e-02 1.82156e-02 1.69164e-02 1.56279e-02 1.45492e-02 1.37858e-02 1.32701e-02 1.29004e-02 1.26191e-02 1.23933e-02 1.21983e-02 1.20168e-02 1.18395e-02 1.16632e-02 1.14876e-02 1.13127e-02 1.11364e-02 1.09546e-02 1.07623e-02 1.05570e-02 1.03396e-02 1.01150e-02 9.88894e-03 9.66643e-03 9.44962e-03 9.23736e-03 9.02601e-03 8.81124e-03 8.58985e-03 8.36076e-03 8.12481e-03 7.88392e-03 7.64012e-03 7.39494e-03 7.14915e-03 6.90275e-03 6.65487e-03 6.40356e-03 6.14586e-03 5.87810e-03 5.59687e-03 5.29999e-03 4.98706e-03 4.65934e-03 4.31924e-03 3.97024e-03 3.61746e-03 3.26818e-03 2.93170e-03 2.61788e-03 2.33512e-03 2.08876e-03 1.88095e-03 1.71155e-03 1.57830e-03 1.47622e-03 1.39785e-03 1.33496e-03 1.28008e-03 1.22630e-03 1.16601e-03 1.09120e-03 9.96226e-04 8.81068e-04 7.51795e-04 6.17998e-04 4.89228e-04 3.72571e-04 2.72016e-04 1.89028e-04 1.23478e-04 7.43674e-05 4.01229e-05 1.85743e-05 6.89373e-06 1.81364e-06 2.52015e-07 6.37956e-09
7.000324 2.04895e-02 3.36772e-02 3.07335e-02 3.01372e-02 3.05774e-02 3.10901e-02 3.12534e-02 3.09468e-02 3.02586e-02 2.93745e-02 2.83838e-02 2.73013e-02 2.61923e-02 2.51136e-02 2.40787e-02 2.31006e-02 2.21762e-02 2.12527e-02 2.02437e-02 1.90832e-02 1.77623e-02 1.63990e-02 1.52466e-02 1.44483e-02 1.39234e-02 1.35370e-02 1.32116e-02 1.29116e-02 1.26164e-02 1.23114e-02 1.19930e-02 1.16768e-02 1.13865e-02 1.11333e-02 1.09113e-02 1.07092e-02 1.05184e-02 1.03336e-02 1.01513e-02 9.96978e-03 9.78823e-03 9.60712e-03 9.42702e-03 9.24752e-03 9.06655e-03 8.88084e-03 8.68720e-03 8.48391e-03 8.27123e-03 8.05094e-03 7.82529e-03 7.59608e-03 7.36431e-03 7.13025e-03 6.89358e-03 6.65335e-03 6.40759e-03 6.15316e-03 5.88609e-03 5.60281e-03 5.30135e-03 4.98195e-03 4.64654e-03 4.29793e-03 3.93943e-03 3.57546e-03 3.21238e-03 2.85892e-03 2.52587e-03 2.22466e-03 1.96517e-03 1.75349e-03 1.59030e-03 1.47036e-03 1.38344e-03 1.31731e-03 1.26081e-03 1.20495e-03 1.14210e-03 1.06521e-03 9.69376e-04 8.54539e-04 7.26391e-04 5.94276e-04 4.67678e-04 3.53660e-04 2.56148e-04 1.76498e-04 1.14396e-04 6.85368e-05 3.69734e-05 1.72510e-05 6.51256e-06 1.75250e-06 2.48258e-07 6.34744e-09
7.250335 1.97957e-02 3.23109e-02 2.94374e-02 2.93667e-02 3.03633e-02 3.09946e-02 3.07707e-02 2.99202e-02 2.89375e-02 2.81348e-02 2.74742e-02 2.67794e-02 2.59803e-02 2.51054e-02 2.42155e-02 2.33739e-02 2.26015e-02 2.18481e-02 2.10185e-02 2.00266e-02 1.88317e-02 1.75293e-02 1.63939e-02 1.56037e-02 1.50655e-02 1.45934e-02 1.40764e-02 1.34982e-02 1.29059e-02 1.23604e-02 1.18940e-02 1.15003e-02 1.11550e-02 1.08412e-02 1.05549e-02 1.02983e-02 1.00737e-02 9.88027e-03 9.71463e-03 9.57133e-03 9.44404e-03 9.32599e-03 9.21030e-03 9.09046e-03 8.96116e-03 8.81904e-03 8.66288e-03 8.49315e-03 8.31143e-03 8.11978e-03 7.92008e-03 7.71357e-03 7.50071e-03 7.28142e-03 7.05530e-03 6.82171e-03 6.57950e-03 6.32670e-03 6.06071e-03 5.77908e-03 5.48038e-03 5.16468e-03 4.83322e-03 4.48763e-03 4.12966e-03 3.76165e-03 3.38765e-03 3.01462e-03 2.65308e-03 2.31662e-03 2.01978e-03 1.77432e-03 1.58540e-03 1.44942e-03 1.35492e-03 1.28642e-03 1.22930e-03 1.17270e-03 1.10909e-03 1.03259e-03 9.38995e-04 8.27852e-04 7.03856e-04 5.75542e-04 4.52087e-04 3.40629e-04 2.45340e-04 1.67823e-04 1.07882e-04 6.41388e-05 3.44221e-05 1.60492e-05 6.08867e-06 1.65411e-06 2.36747e-07 6.09521e-09
7.500347 2.15824e-02 3.45270e-02 3.04446e-02 2.95255e-02 2.97980e-02 2.96600e-02 2.88038e-02 2.77223e-02 2.69615e-02 2.66469e-02 2.64888e-02 2.61301e-02 2.54549e-02 2.45838e-02 2.37173e-02 2.30064e-02 2.24869e-02 2.20826e-02 2.16585e-02 2.10810e-02 2.02358e-02 1.91058e-02 1.78613e-02 1.66693e-02 1.55646e-02 1.45774e-02 1.37717e-02 1.31678e-02 1.27141e-02 1.23354e-02 1.19844e-02 1.16423e-02 1.13010e-02 1.09569e-02 1.06133e-02 1.02821e-02 9.98005e-03 9.72007e-03 9.50647e-03 9.33525e-03 9.19772e-03 9.08368e-03 8.98315e-03 8.88729e-03 8.78895e-03 8.68291e-03 8.56599e-03 8.43691e-03 8.29578e-03 8.14337e-03 7.98034e-03 7.80691e-03 7.62273e-03 7.42709e-03 7.21903e-03 6.99745e-03 6.76115e-03 6.50902e-03 6.24024e-03 5.95457e-03 5.65230e-03 5.33389e-03 4.99962e-03 4.64925e-03 4.28241e-03 3.89965e-03 3.50430e-03 3.10444e-03 2.71385e-03 2.35040e-03 2.03179e-03 1.77062e-03 1.57108e-03 1.42842e-03 1.33047e-03 1.26090e-03 1.20379e-03 1.14733e-03 1.08408e-03 1.00892e-03 9.18232e-04 8.11319e-04 6.91889e-04 5.67423e-04 4.46549e-04 3.36464e-04 2.41771e-04 1.64579e-04 1.05060e-04 6.19555e-05 3.29883e-05 1.52814e-05 5.77286e-06 1.56625e-06 2.24545e-07 5.79704e-09
7.750358 2.52041e-02 3.94576e-02 3.30084e-02 2.99243e-02 2.84974e-02 2.72720e-02 2.60260e-02 2.51308e-02 2.48376e-02 2.49863e-02 2.51347e-02 2.48970e-02 2.42151e-02 2.33390e-02 2.26451e-02 2.23871e-02 2.24332e-02 2.23566e-02 2.19497e-02 2.13277e-02 2.04699e-02 1.92821e-02 1.79632e-02 1.67724e-02 1.57630e-02 1.48989e-02 1.41616e-02 1.35362e-02 1.30004e-02 1.25316e-02 1.21133e-02 1.17360e-02 1.13923e-02 1.10729e-02 1.07660e-02 1.04627e-02 1.01650e-02 9.88550e-03 9.63887e-03 9.43143e-03 9.25959e-03 9.11515e-03 8.98986e-03 8.87682e-03 8.77039e-03 8.66611e-03 8.56077e-03 8.45226e-03 8.33903e-03 8.21951e-03 8.09170e-03 7.95297e-03 7.80034e-03 7.63088e-03 7.44232e-03 7.23334e-03 7.00369e-03 6.75402e-03 6.48542e-03 6.19895e-03 5.89508e-03 5.57331e-03 5.23198e-03 4.86835e-03 4.47941e-03 4.06380e-03 3.62502e-03 3.17520e-03 2.73695e-03 2.33933e-03 2.00718e-03 1.74993e-03 1.56025e-03 1.42356e-03 1.32602e-03 1.25433e-03 1.19499e-03 1.13692e-03 1.07269e-03 9.97286e-04 9.07469e-04 8.02707e-04 6.86277e-04 5.64770e-04 4.46033e-04 3.36972e-04 2.42381e-04 1.64798e-04 1.04823e-04 6.14611e-05 3.24935e-05 1.49441e-05 5.61122e-06 1.51614e-06 2.16948e-07 5.59897e-09
8.000370 2.98320e-02 4.56203e-02 3.61773e-02 3.04325e-02 2.71342e-02 2.50132e-02 2.36800e-02 2.30934e-02 2.31375e-02 2.35485e-02 2.39541e-02 2.39658e-02 2.34358e-02 2.26122e-02 2.18808e-02 2.13778e-02 2.10662e-02 2.09043e-02 2.08031e-02 2.06046e-02 2.00877e-02 1.91514e-02 1.79972e-02 1.68985e-02 1.59397e-02 1.50911e-02 1.43282e-02 1.36453e-02 1.30436e-02 1.25233e-02 1.20796e-02 1.17024e-02 1.13785e-02 1.10950e-02 1.08425e-02 1.06169e-02 1.04148e-02 1.02293e-02 1.00514e-02 9.87477e-03 9.69886e-03 9.52641e-03 9.36070e-03 9.20382e-03 9.05637e-03 8.91762e-03 8.78562e-03 8.65747e-03 8.52953e-03 8.39776e-03 8.25817e-03 8.10722e-03 7.94218e-03 7.76131e-03 7.56383e-03 7.34972e-03 7.11942e-03 6.87344e-03 6.61194e-03 6.33428e-03 6.03867e-03 5.72191e-03 5.37931e-03 5.00520e-03 4.59439e-03 4.14512e-03 3.66381e-03 3.17002e-03 2.69747e-03 2.28577e-03 1.96276e-03 1.72917e-03 1.56235e-03 1.43695e-03 1.33862e-03 1.26000e-03 1.19352e-03 1.13061e-03 1.06346e-03 9.86107e-04 8.95149e-04 7.90491e-04 6.75591e-04 5.56570e-04 4.40458e-04 3.33522e-04 2.40324e-04 1.63507e-04 1.03911e-04 6.07715e-05 3.19992e-05 1.46466e-05 5.47609e-06 1.47553e-06 2.10858e-07 5.43888e-09
8.250382 3.46210e-02 5.17385e-02 3.94714e-02 3.15056e-02 2.69128e-02 2.45462e-02 2.37385e-02 2.38803e-02 2.43366e-02 2.46535e-02 2.45134e-02 2.37327e-02 2.25414e-02 2.13753e-02 2.04087e-02 1.96493e-02 1.91408e-02 1.88995e-02 1.88321e-02 1.87588e-02 1.84578e-02 1.78075e-02 1.69497e-02 1.61028e-02 1.53318e-02 1.46125e-02 1.39311e-02 1.32935e-02 1.27133e-02 1.22036e-02 1.17714e-02 1.14175e-02 1.11407e-02 1.09380e-02 1.08001e-02 1.07077e-02 1.06342e-02 1.05558e-02 1.04591e-02 1.03409e-02 1.02038e-02 1.00522e-02 9.88996e-03 9.72010e-03 9.54465e-03 9.36465e-03 9.18024e-03 8.99088e-03 8.79569e-03 8.59374e-03 8.38436e-03 8.16727e-03 7.94260e-03 7.71081e-03 7.47245e-03 7.22796e-03 6.97728e-03 6.71954e-03 6.45280e-03 6.17382e-03 5.87803e-03 5.55979e-03 5.21306e-03 4.83275e-03 4.41690e-03 3.96941e-03 3.50265e-03 3.03842e-03 2.60531e-03 2.23172e-03 1.93585e-03 1.71746e-03 1.55886e-03 1.43711e-03 1.33701e-03 1.25276e-03 1.18086e-03 1.11497e-03 1.04667e-03 9.68693e-04 8.77262e-04 7.72783e-04 6.59204e-04 5.42559e-04 4.29333e-04 3.25191e-04 2.34334e-04 1.59316e-04 1.01045e-04 5.88727e-05 3.08169e-05 1.39970e-05 5.19246e-06 1.39201e-06 1.98739e-07 5.13334e-09
8.500393 3.94373e-02 5.73368e-02 4.21687e-02 3.30234e-02 2.96523e-02 2.91938e-02 2.86132e-02 2.72185e-02 2.55243e-02 2.38190e-02 2.24249e-02 2.14301e-02 2.05449e-02 1.95919e-02 1.86467e-02 1.78644e-02 1.73320e-02 1.70475e-02 1.69290e-02 1.68246e-02 1.65517e-02 1.60267e-02 1.53807e-02 1.47785e-02 1.42399e-02 1.37225e-02 1.32104e-02 1.27108e-02 1.22381e-02 1.18094e-02 1.14456e-02 1.11683e-02 1.09910e-02 1.09094e-02 1.08992e-02 1.09232e-02 1.09458e-02 1.09429e-02 1.09036e-02 1.08246e-02 1.07068e-02 1.05531e-02 1.03679e-02 1.01570e-02 9.92644e-03 9.68167e-03 9.42701e-03 9.16548e-03 8.89893e-03 8.62843e-03 8.35462e-03 8.07806e-03 7.79938e-03 7.51934e-03 7.23865e-03 6.95775e-03 6.67648e-03 6.39385e-03 6.10774e-03 5.81493e-03 5.51126e-03 5.19220e-03 4.85375e-03 4.49371e-03 4.11298e-03 3.71653e-03 3.31376e-03 2.91801e-03 2.54528e-03 2.21204e-03 1.93152e-03 1.70889e-03 1.53856e-03 1.40765e-03 1.30369e-03 1.21891e-03 1.14800e-03 1.08418e-03 1.01890e-03 9.44403e-04 8.56533e-04 7.55589e-04 6.45511e-04 5.32207e-04 4.21912e-04 3.20086e-04 2.30884e-04 1.56962e-04 9.93897e-05 5.76623e-05 2.99242e-05 1.33933e-05 4.87261e-06 1.28387e-06 1.81996e-07 4.70755e-09
8.750405 4.22909e-02 6.02877e-02 4.48542e-02 3.80849e-02 3.62171e-02 3.43056e-02 3.08159e-02 2.66700e-02 2.31504e-02 2.10872e-02 2.02133e-02 1.97179e-02 1.91337e-02 1.84240e-02 1.76888e-02 1.70085e-02 1.64417e-02 1.60195e-02 1.57113e-02 1.54293e-02 1.50644e-02 1.45730e-02 1.40594e-02 1.36338e-02 1.32854e-02 1.29608e-02 1.26348e-02 1.23049e-02 1.19781e-02 1.16680e-02 1.13957e-02 1.11870e-02 1.10622e-02 1.10233e-02 1.10490e-02 1.11032e-02 1.11504e-02 1.11674e-02 1.11436e-02 1.10756e-02 1.09631e-02 1.08071e-02 1.06106e-02 1.03788e-02 1.01182e-02 9.83582e-03 9.53852e-03 9.23207e-03 8.92113e-03 8.60901e-03 8.29780e-03 7.98861e-03 7.68183e-03 7.37746e-03 7.07529e-03 6.77488e-03 6.47559e-03 6.17638e-03 5.87576e-03 5.57180e-03 5.26229e-03 4.94509e-03 4.61852e-03 4.28191e-03 3.93601e-03 3.58334e-03 3.22848e-03 2.87820e-03 2.54141e-03 2.22864e-03 1.95054e-03 1.71514e-03 1.52505e-03 1.37662e-03 1.26234e-03 1.17404e-03 1.10385e-03 1.04328e-03 9.83076e-04 9.14985e-04 8.34056e-04 7.39747e-04 6.35355e-04 5.26423e-04 4.19091e-04 3.18950e-04 2.30465e-04 1.56681e-04 9.90171e-05 5.71891e-05 2.94344e-05 1.29884e-05 4.62679e-06 1.19236e-06 1.67021e-07 4.31987e-09
9.000416 4.35723e-02 6.21817e-02 4.76113e-02 4.18236e-02 3.92784e-02 3.56805e-02 3.04709e-02 2.51669e-02 2.13999e-02 1.95400e-02 1.88838e-02 1.86465e-02 1.84337e-02 1.81252e-02 1.76810e-02 1.71166e-02 1.65041e-02 1.59180e-02 1.53869e-02 1.48911e-02 1.43815e-02 1.38390e-02 1.33441e-02 1.29735e-02 1.27035e-02 1.24732e-02 1.22429e-02 1.19955e-02 1.17304e-02 1.14598e-02 1.12060e-02 1.09955e-02 1.08513e-02 1.07839e-02 1.07853e-02 1.08310e-02 1.08906e-02 1.09387e-02 1.09603e-02 1.09485e-02 1.09001e-02 1.08127e-02 1.06838e-02 1.05125e-02 1.03013e-02 1.00561e-02 9.78408e-03 9.49157e-03 9.18326e-03 8.86263e-03 8.53268e-03 8.19632e-03 7.85648e-03 7.51588e-03 7.17683e-03 6.84106e-03 6.50961e-03 6.18271e-03 5.85987e-03 5.53993e-03 5.22129e-03 4.90213e-03 4.58073e-03 4.25580e-03 3.92681e-03 3.59433e-03 3.26039e-03 2.92872e-03 2.60495e-03 2.29649e-03 2.01193e-03 1.75978e-03 1.54633e-03 1.37371e-03 1.23946e-03 1.13781e-03 1.06115e-03 1.00027e-03 9.44719e-04 8.84460e-04 8.12507e-04 7.26574e-04 6.28864e-04 5.24491e-04 4.19657e-04 3.20337e-04 2.31555e-04 1.56971e-04 9.85348e-05 5.63040e-05 2.85821e-05 1.24298e-05 4.37284e-06 1.11795e-06 1.56260e-07 4.04825e-09
9.250428 4.42072e-02 6.28819e-02 4.79693e-02 4.17883e-02 3.87815e-02 3.48361e-02 2.96033e-02 2.45850e-02 2.10328e-02 1.91624e-02 1.85129e-02 1.84925e-02 1.86515e-02 1.87102e-02 1.85211e-02 1.80644e-02 1.74099e-02 1.66461e-02 1.58308e-02 1.49926e-02 1.41531e-02 1.33606e-02 1.27152e-02 1.22762e-02 1.20061e-02 1.18369e-02 1.17160e-02 1.16057e-02 1.14803e-02 1.13280e-02 1.11520e-02 1.09681e-02 1.07988e-02 1.06652e-02 1.05796e-02 1.05422e-02 1.05423e-02 1.05641e-02 1.05916e-02 1.06115e-02 1.06146e-02 1.05947e-02 1.05472e-02 1.04670e-02 1.03483e-02 1.01871e-02 9.98428e-03 9.74531e-03 9.47792e-03 9.18880e-03 8.88218e-03 8.56020e-03 8.22408e-03 7.87520e-03 7.51581e-03 7.14906e-03 6.77882e-03 6.40911e-03 6.04354e-03 5.68480e-03 5.33436e-03 4.99236e-03 4.65779e-03 4.32886e-03 4.00349e-03 3.67990e-03 3.35714e-03 3.03567e-03 2.71789e-03 2.40843e-03 2.11419e-03 1.84368e-03 1.60525e-03 1.40469e-03 1.24344e-03 1.11882e-03 1.02549e-03 9.56009e-04 9.00302e-04 8.46660e-04 7.84906e-04 7.09566e-04 6.20720e-04 5.22578e-04 4.21292e-04 3.23263e-04 2.34177e-04 1.58443e-04 9.87351e-05 5.56492e-05 2.77087e-05 1.18139e-05 4.11172e-06 1.05448e-06 1.48593e-07 3.86258e-09
9.500439 4.30536e-02 6.12638e-02 4.62798e-02 3.97147e-02 3.67876e-02 3.34599e-02 2.91181e-02 2.48796e-02 2.16563e-02 1.97307e-02 1.89551e-02 1.89187e-02 1.91585e-02 1.93258e-02 1.92253e-02 1.88048e-02 1.81104e-02 1.72266e-02 1.62332e-02 1.51937e-02 1.41669e-02 1.32285e-02 1.24784e-02 1.19611e-02 1.16370e-02 1.14476e-02 1.13487e-02 1.13054e-02 1.12877e-02 1.12722e-02 1.12422e-02 1.11885e-02 1.11092e-02 1.10079e-02 1.08924e-02 1.07732e-02 1.06610e-02 1.05645e-02 1.04882e-02 1.04311e-02 1.03872e-02 1.03475e-02 1.03028e-02 1.02454e-02 1.01697e-02 1.00700e-02 9.94100e-03 9.77820e-03 9.58055e-03 9.35083e-03 9.09404e-03 8.81520e-03 8.51797e-03 8.20438e-03 7.87535e-03 7.53150e-03 7.17381e-03 6.80420e-03 6.42569e-03 6.04232e-03 5.65870e-03 5.27935e-03 4.90793e-03 4.54665e-03 4.19599e-03 3.85490e-03 3.52142e-03 3.19363e-03 2.87066e-03 2.55363e-03 2.24650e-03 1.95626e-03 1.69204e-03 1.46245e-03 1.27216e-03 1.12044e-03 1.00304e-03 9.14688e-04 8.48559e-04 7.94455e-04 7.40287e-04 6.76519e-04 5.99435e-04 5.10990e-04 4.16545e-04 3.22587e-04 2.35313e-04 1.59834e-04 9.95728e-05 5.57891e-05 2.74332e-05 1.15023e-05 3.95354e-06 1.01331e-06 1.43440e-07 3.72953e-09
9.750451 4.00202e-02 5.74765e-02 4.35586e-02 3.73099e-02 3.48716e-02 3.24038e-02 2.89759e-02 2.54082e-02 2.24509e-02 2.04368e-02 1.94208e-02 1.91704e-02 1.92937e-02 1.94386e-02 1.93781e-02 1.90200e-02 1.83771e-02 1.75236e-02 1.65507e-02 1.55364e-02 1.45407e-02 1.36293e-02 1.28863e-02 1.23426e-02 1.19556e-02 1.16771e-02 1.14799e-02 1.13481e-02 1.12694e-02 1.12334e-02 1.12298e-02 1.12476e-02 1.12736e-02 1.12930e-02 1.12907e-02 1.12537e-02 1.11743e-02 1.10537e-02 1.09022e-02 1.07366e-02 1.05739e-02 1.04254e-02 1.02941e-02 1.01754e-02 1.00611e-02 9.94287e-03 9.81433e-03 9.67048e-03 9.50722e-03 9.32161e-03 9.11267e-03 8.88143e-03 8.63015e-03 8.36117e-03 8.07617e-03 7.77604e-03 7.46110e-03 7.13151e-03 6.78767e-03 6.43060e-03 6.06222e-03 5.68544e-03 5.30404e-03 4.92223e-03 4.54401e-03 4.17242e-03 3.80896e-03 3.45349e-03 3.10491e-03 2.76251e-03 2.42775e-03 2.10572e-03 1.80553e-03 1.53836e-03 1.31308e-03 1.13169e-03 9.89023e-04 8.77689e-04 7.92011e-04 7.26150e-04 6.70875e-04 6.15160e-04 5.51008e-04 4.76246e-04 3.93727e-04 3.08954e-04 2.28053e-04 1.56514e-04 9.83427e-05 5.54418e-05 2.73376e-05 1.14423e-05 3.91215e-06 9.97158e-07 1.40476e-07 3.63570e-09
10.000462 3.63469e-02 5.30787e-02 4.09383e-02 3.54659e-02 3.35271e-02 3.16722e-02 2.88074e-02 2.56015e-02 2.28160e-02 2.08220e-02 1.97145e-02 1.93245e-02 1.93253e-02 1.94013e-02 1.93270e-02 1.89922e-02 1.83936e-02 1.76031e-02 1.67182e-02 1.58149e-02 1.49339e-02 1.41172e-02 1.34364e-02 1.29191e-02 1.25230e-02 1.22033e-02 1.19409e-02 1.17286e-02 1.15627e-02 1.14413e-02 1.13626e-02 1.13240e-02 1.13207e-02 1.13443e-02 1.13824e-02 1.14187e-02 1.14343e-02 1.14112e-02 1.13371e-02 1.12096e-02 1.10376e-02 1.08377e-02 1.06284e-02 1.04241e-02 1.02318e-02 1.00514e-02 9.87776e-03 9.70426e-03 9.52453e-03 9.33352e-03 9.12776e-03 8.90553e-03 8.66697e-03 8.41364e-03 8.14770e-03 7.87102e-03 7.58475e-03 7.28924e-03 6.98425e-03 6.66920e-03 6.34348e-03 6.00670e-03 5.65898e-03 5.30114e-03 4.93474e-03 4.56195e-03 4.18513e-03 3.80630e-03 3.42682e-03 3.04775e-03 2.67114e-03 2.30212e-03 1.95060e-03 1.63077e-03 1.35689e-03 1.13651e-03 9.66123e-04 8.34437e-04 7.30633e-04 6.48407e-04 5.82773e-04 5.26405e-04 4.70904e-04 4.10544e-04 3.44178e-04 2.74466e-04 2.06034e-04 1.43838e-04 9.19629e-05 5.27789e-05 2.64966e-05 1.12697e-05 3.88973e-06 9.90577e-07 1.38515e-07 3.56192e-09
10.250474 3.33063e-02 4.96343e-02 3.91733e-02 3.43919e-02 3.26297e-02 3.09495e-02 2.83425e-02 2.53726e-02 2.27630e-02 2.08864e-02 1.98260e-02 1.94105e-02 1.93415e-02 1.93412e-02 1.92063e-02 1.88333e-02 1.82246e-02 1.74632e-02 1.66521e-02 1.58529e-02 1.50738e-02 1.43313e-02 1.36986e-02 1.32183e-02 1.28547e-02 1.25610e-02 1.23141e-02 1.21039e-02 1.19246e-02 1.17728e-02 1.16468e-02 1.15463e-02 1.14712e-02 1.14213e-02 1.13951e-02 1.13891e-02 1.13963e-02 1.14056e-02 1.14020e-02 1.13694e-02 1.12946e-02 1.11722e-02 1.10065e-02 1.08093e-02 1.05949e-02 1.03752e-02 1.01568e-02 9.94108e-03 9.72605e-03 9.50840e-03 9.28481e-03 9.05262e-03 8.81009e-03 8.55665e-03 8.29302e-03 8.02095e-03 7.74264e-03 7.45993e-03 7.17381e-03 6.88404e-03 6.58921e-03 6.28693e-03 5.97427e-03 5.64824e-03 5.30636e-03 4.94718e-03 4.57057e-03 4.17781e-03 3.77136e-03 3.35482e-03 2.93343e-03 2.51539e-03 2.11324e-03 1.74357e-03 1.42324e-03 1.16267e-03 9.60862e-04 8.07047e-04 6.87735e-04 5.92573e-04 5.15100e-04 4.50355e-04 3.93119e-04 3.38468e-04 2.83402e-04 2.27648e-04 1.73180e-04 1.23096e-04 8.04720e-05 4.74267e-05 2.45469e-05 1.07754e-05 3.81280e-06 9.80187e-07 1.36548e-07 3.49094e-09
10.500486 3.12023e-02 4.74735e-02 3.83125e-02 3.39693e-02 3.20715e-02 3.02022e-02 2.76306e-02 2.48569e-02 2.24669e-02 2.07792e-02 1.98605e-02 1.95167e-02 1.94436e-02 1.93859e-02 1.91741e-02 1.87324e-02 1.80820e-02 1.73155e-02 1.65300e-02 1.57648e-02 1.50046e-02 1.42609e-02 1.36271e-02 1.31639e-02 1.28332e-02 1.25754e-02 1.23581e-02 1.21669e-02 1.19956e-02 1.18414e-02 1.17038e-02 1.15829e-02 1.14791e-02 1.13923e-02 1.13221e-02 1.12676e-02 1.12269e-02 1.11977e-02 1.11762e-02 1.11565e-02 1.11297e-02 1.10848e-02 1.10111e-02 1.09021e-02 1.07581e-02 1.05856e-02 1.03938e-02 1.01909e-02 9.98112e-03 9.76563e-03 9.54397e-03 9.31546e-03 9.07986e-03 8.83736e-03 8.58835e-03 8.33342e-03 8.07319e-03 7.80826e-03 7.53885e-03 7.26449e-03 6.98365e-03 6.69366e-03 6.39080e-03 6.07076e-03 5.72929e-03 5.36304e-03 4.97046e-03 4.55260e-03 4.11369e-03 3.66118e-03 3.20555e-03 2.75982e-03 2.33859e-03 1.95580e-03 1.62102e-03 1.33670e-03 1.09976e-03 9.06149e-04 7.52211e-04 6.31928e-04 5.36246e-04 4.56257e-04 3.85741e-04 3.21132e-04 2.60730e-04 2.04310e-04 1.52793e-04 1.07701e-04 7.05093e-05 4.20762e-05 2.23039e-05 1.01107e-05 3.68884e-06 9.63979e-07 1.34303e-07 3.41473e-09
10.750497 2.96515e-02 4.60193e-02 3.78534e-02 3.37333e-02 3.15394e-02 2.93466e-02 2.67368e-02 2.41640e-02 2.20492e-02 2.06133e-02 1.98884e-02 1.96699e-02 1.96605e-02 1.96277e-02 1.94329e-02 1.90237e-02 1.84250e-02 1.77091e-02 1.69402e-02 1.61357e-02 1.52836e-02 1.44248e-02 1.36937e-02 1.31730e-02 1.28174e-02 1.25501e-02 1.23257e-02 1.21232e-02 1.19335e-02 1.17541e-02 1.15858e-02 1.14307e-02 1.12911e-02 1.11689e-02 1.10646e-02 1.09773e-02 1.09049e-02 1.08442e-02 1.07917e-02 1.07440e-02 1.06980e-02 1.06499e-02 1.05949e-02 1.05274e-02 1.04415e-02 1.03337e-02 1.02049e-02 1.00594e-02 9.90282e-03 9.73923e-03 9.56992e-03 9.39430e-03 9.21111e-03 9.01934e-03 8.81836e-03 8.60782e-03 8.38749e-03 8.15708e-03 7.91598e-03 7.66292e-03 7.39575e-03 7.11125e-03 6.80534e-03 6.47348e-03 6.11145e-03 5.71659e-03 5.28935e-03 4.83524e-03 4.36582e-03 3.89764e-03 3.44858e-03 3.03310e-03 2.65845e-03 2.32249e-03 2.01527e-03 1.72627e-03 1.45454e-03 1.21055e-03 1.00557e-03 8.41396e-04 7.10398e-04 6.01521e-04 5.05270e-04 4.15866e-04 3.31370e-04 2.52785e-04 1.82690e-04 1.23770e-04 7.76854e-05 4.45264e-05 2.28486e-05 1.01649e-05 3.68959e-06 9.63681e-07 1.33601e-07 3.37091e-09
11.000509 2.81369e-02 4.44859e-02 3.71433e-02 3.30864e-02 3.05656e-02 2.81478e-02 2.56140e-02 2.32976e-02 2.14745e-02 2.03052e-02 1.98010e-02 1.97546e-02 1.98807e-02 1.99688e-02 1.99069e-02 1.96604e-02 1.92395e-02 1.86655e-02 1.79479e-02 1.70873e-02 1.60985e-02 1.50725e-02 1.41908e-02 1.35559e-02 1.31175e-02 1.27880e-02 1.25148e-02 1.22718e-02 1.20453e-02 1.18291e-02 1.16218e-02 1.14252e-02 1.12429e-02 1.10785e-02 1.09343e-02 1.08111e-02 1.07072e-02 1.06194e-02 1.05438e-02 1.04762e-02 1.04126e-02 1.03495e-02 1.02837e-02 1.02120e-02 1.01315e-02 1.00396e-02 9.93461e-03 9.81716e-03 9.68973e-03 9.55556e-03 9.41697e-03 9.27443e-03 9.12688e-03 8.97240e-03 8.80878e-03 8.63369e-03 8.44483e-03 8.24005e-03 8.01736e-03 7.77476e-03 7.50999e-03 7.22019e-03 6.90193e-03 6.55152e-03 6.16627e-03 5.74682e-03 5.30023e-03 4.84174e-03 4.39242e-03 3.97211e-03 3.59195e-03 3.25099e-03 2.93741e-03 2.63361e-03 2.32657e-03 2.01980e-03 1.73319e-03 1.48587e-03 1.28218e-03 1.11447e-03 9.72043e-04 8.45329e-04 7.26838e-04 6.11755e-04 4.98497e-04 3.88673e-04 2.86262e-04 1.96227e-04 1.22931e-04 6.87936e-05 3.34449e-05 1.36720e-05 4.49616e-06 1.08099e-06 1.42850e-07 3.53580e-09
11.250520 2.65979e-02 4.27212e-02 3.60510e-02 3.19705e-02 2.91875e-02 2.67106e-02 2.43946e-02 2.23990e-02 2.08685e-02 1.99384e-02 1.96404e-02 1.97905e-02 2.01091e-02 2.03780e-02 2.04848e-02 2.04035e-02 2.01421e-02 1.96964e-02 1.90440e-02 1.81743e-02 1.71154e-02 1.59854e-02 1.49947e-02 1.42577e-02 1.37201e-02 1.32914e-02 1.29217e-02 1.25887e-02 1.22806e-02 1.19914e-02 1.17189e-02 1.14650e-02 1.12343e-02 1.10320e-02 1.08621e-02 1.07249e-02 1.06174e-02 1.05342e-02 1.04690e-02 1.04160e-02 1.03704e-02 1.03280e-02 1.02843e-02 1.02352e-02 1.01766e-02 1.01051e-02 1.00189e-02 9.91742e-03 9.80193e-03 9.67429e-03 9.53625e-03 9.38860e-03 9.23107e-03 9.06256e-03 8.88154e-03 8.68616e-03 8.47440e-03 8.24420e-03 7.99353e-03 7.72037e-03 7.42251e-03 7.09744e-03 6.74254e-03 6.35636e-03 5.94109e-03 5.50567e-03 5.06669e-03 4.64423e-03 4.25364e-03 3.89911e-03 3.57328e-03 3.26109e-03 2.94524e-03 2.61542e-03 2.27970e-03 1.96493e-03 1.69827e-03 1.48784e-03 1.32312e-03 1.18780e-03 1.06838e-03 9.55362e-04 8.42461e-04 7.26407e-04 6.07064e-04 4.87156e-04 3.71413e-04 2.65368e-04 1.74244e-04 1.02143e-04 5.12891e-05 2.08971e-05 6.48202e-06 1.40790e-06 1.70801e-07 4.09854e-09
11.500532 2.52769e-02 4.10113e-02 3.48259e-02 3.07468e-02 2.78626e-02 2.54747e-02 2.34373e-02 2.17648e-02 2.04992e-02 1.97452e-02 1.95591e-02 1.98110e-02 2.02571e-02 2.06777e-02 2.09390e-02 2.09934e-02 2.08360e-02 2.04592e-02 1.98468e-02 1.89976e-02 1.79392e-02 1.67867e-02 1.57610e-02 1.49836e-02 1.43896e-02 1.38784e-02 1.34012e-02 1.29438e-02 1.25043e-02 1.20865e-02 1.16987e-02 1.13527e-02 1.10607e-02 1.08302e-02 1.06600e-02 1.05408e-02 1.04598e-02 1.04055e-02 1.03699e-02 1.03479e-02 1.03354e-02 1.03281e-02 1.03211e-02 1.03086e-02 1.02853e-02 1.02468e-02 1.01901e-02 1.01136e-02 1.00177e-02 9.90316e-03 9.77118e-03 9.62243e-03 9.45702e-03 9.27465e-03 9.07466e-03 8.85617e-03 8.61814e-03 8.35944e-03 8.07892e-03 7.77523e-03 7.44687e-03 7.09251e-03 6.71224e-03 6.30968e-03 5.89367e-03 5.47733e-03 5.07372e-03 4.69041e-03 4.32710e-03 3.97731e-03 3.63074e-03 3.27517e-03 2.90159e-03 2.51472e-03 2.13956e-03 1.81064e-03 1.54944e-03 1.35339e-03 1.20446e-03 1.08310e-03 9.74962e-04 8.71085e-04 7.66420e-04 6.58930e-04 5.49240e-04 4.40211e-04 3.36136e-04 2.41687e-04 1.60908e-04 9.66387e-05 5.02945e-05 2.14327e-05 6.96458e-06 1.57148e-06 1.95567e-07 4.76915e-09
11.750543 2.42887e-02 3.94726e-02 3.35671e-02 2.95927e-02 2.68237e-02 2.46355e-02 2.28331e-02 2.13654e-02 2.02489e-02 1.95786e-02 1.94188e-02 1.96758e-02 2.01479e-02 2.06404e-02 2.10236e-02 2.12360e-02 2.12485e-02 2.10268e-02 2.05273e-02 1.97245e-02 1.86325e-02 1.73823e-02 1.62466e-02 1.53909e-02 1.47493e-02 1.41964e-02 1.36624e-02 1.31229e-02 1.25784e-02 1.20486e-02 1.15662e-02 1.11642e-02 1.08595e-02 1.06458e-02 1.05021e-02 1.04064e-02 1.03437e-02 1.03056e-02 1.02870e-02 1.02836e-02 1.02907e-02 1.03025e-02 1.03127e-02 1.03150e-02 1.03037e-02 1.02748e-02 1.02256e-02 1.01549e-02 1.00626e-02 9.94918e-03 9.81544e-03 9.66223e-03 9.49036e-03 9.30060e-03 9.09357e-03 8.86970e-03 8.62915e-03 8.37183e-03 8.09738e-03 7.80555e-03 7.49679e-03 7.17333e-03 6.83962e-03 6.50126e-03 6.16228e-03 5.82257e-03 5.47835e-03 5.12541e-03 4.76156e-03 4.38505e-03 3.99087e-03 3.57088e-03 3.12294e-03 2.66470e-03 2.23546e-03 1.87506e-03 1.59823e-03 1.39118e-03 1.22841e-03 1.08874e-03 9.59895e-04 8.36245e-04 7.15629e-04 5.97807e-04 4.84019e-04 3.76785e-04 2.79420e-04 1.95232e-04 1.26659e-04 7.47037e-05 3.88103e-05 1.69722e-05 5.87180e-06 1.45333e-06 1.96870e-07 5.00978e-09
12.000555 2.35990e-02 3.80469e-02 3.21933e-02 2.83739e-02 2.58350e-02 2.38329e-02 2.21221e-02 2.06870e-02 1.96092e-02 1.90050e-02 1.89216e-02 1.92512e-02 1.97965e-02 2.03795e-02 2.08851e-02 2.12549e-02 2.14507e-02 2.14209e-02 2.10931e-02 2.03974e-02 1.93033e-02 1.79345e-02 1.66172e-02 1.55836e-02 1.47916e-02 1.41038e-02 1.34444e-02 1.28126e-02 1.22506e-02 1.17957e-02 1.14482e-02 1.11806e-02 1.09654e-02 1.07895e-02 1.06506e-02 1.05493e-02 1.04845e-02 1.04519e-02 1.04456e-02 1.04580e-02 1.04805e-02 1.05042e-02 1.05205e-02 1.05221e-02 1.05037e-02 1.04619e-02 1.03949e-02 1.03021e-02 1.01838e-02 1.00406e-02 9.87382e-03 9.68518e-03 9.47695e-03 9.25178e-03 9.01268e-03 8.76285e-03 8.50564e-03 8.24462e-03 7.98381e-03 7.72773e-03 7.48042e-03 7.24285e-03 7.00976e-03 6.76914e-03 6.50650e-03 6.21199e-03 5.88511e-03 5.53268e-03 5.16140e-03 4.76981e-03 4.34626e-03 3.87892e-03 3.37712e-03 2.88400e-03 2.45610e-03 2.12290e-03 1.87174e-03 1.66968e-03 1.48961e-03 1.31814e-03 1.15121e-03 9.88606e-04 8.31345e-04 6.81012e-04 5.39857e-04 4.10820e-04 2.97204e-04 2.01991e-04 1.27036e-04 7.24579e-05 3.64511e-05 1.55632e-05 5.34313e-06 1.33889e-06 1.85766e-07 4.81817e-09
12.250567 2.31366e-02 3.67603e-02 3.07272e-02 2.69375e-02 2.45283e-02 2.25870e-02 2.08515e-02 1.93938e-02 1.83767e-02 1.79221e-02 1.80260e-02 1.85317e-02 1.92284e-02 1.99524e-02 2.06083e-02 2.11478e-02 2.15313e-02 2.16992e-02 2.15618e-02 2.10049e-02 1.99206e-02 1.83693e-02 1.67083e-02 1.53033e-02 1.42624e-02 1.35296e-02 1.30102e-02 1.26129e-02 1.22741e-02 1.19650e-02 1.16827e-02 1.14351e-02 1.12307e-02 1.10732e-02 1.09621e-02 1.08939e-02 1.08630e-02 1.08623e-02 1.08837e-02 1.09179e-02 1.09548e-02 1.09852e-02 1.10010e-02 1.09960e-02 1.09656e-02 1.09068e-02 1.08175e-02 1.06972e-02 1.05462e-02 1.03660e-02 1.01592e-02 9.92924e-03 9.68054e-03 9.41834e-03 9.14861e-03 8.87787e-03 8.61291e-03 8.36024e-03 8.12447e-03 7.90554e-03 7.69617e-03 7.48236e-03 7.24846e-03 6.98376e-03 6.68622e-03 6.36106e-03 6.01591e-03 5.65515e-03 5.27483e-03 4.86173e-03 4.40301e-03 3.90729e-03 3.41791e-03 2.99171e-03 2.65701e-03 2.39925e-03 2.18483e-03 1.98737e-03 1.79430e-03 1.60189e-03 1.40997e-03 1.21955e-03 1.03232e-03 8.50746e-04 6.78174e-04 5.18713e-04 3.76815e-04 2.56564e-04 1.60826e-04 9.05114e-05 4.41379e-05 1.77795e-05 5.58716e-06 1.27260e-06 1.67476e-07 4.33017e-09
12.500578 2.27274e-02 3.56018e-02 2.92936e-02 2.53512e-02 2.28843e-02 2.09050e-02 1.91586e-02 1.77703e-02 1.69281e-02 1.67171e-02 1.70601e-02 1.77432e-02 1.85508e-02 1.93526e-02 2.00874e-02 2.07140e-02 2.11665e-02 2.13473e-02 2.11664e-02 2.05831e-02 1.95906e-02 1.82756e-02 1.69077e-02 1.57283e-02 1.47744e-02 1.39947e-02 1.33532e-02 1.28308e-02 1.24141e-02 1.20914e-02 1.18490e-02 1.16712e-02 1.15441e-02 1.14579e-02 1.14067e-02 1.13871e-02 1.13956e-02 1.14269e-02 1.14737e-02 1.15269e-02 1.15782e-02 1.16196e-02 1.16433e-02 1.16417e-02 1.16079e-02 1.15369e-02 1.14258e-02 1.12747e-02 1.10858e-02 1.08630e-02 1.06117e-02 1.03378e-02 1.00477e-02 9.74859e-03 9.44915e-03 9.15923e-03 8.88772e-03 8.63858e-03 8.40755e-03 8.18264e-03 7.94887e-03 7.69395e-03 7.41138e-03 7.10018e-03 6.76295e-03 6.40382e-03 6.02644e-03 5.63136e-03 5.21453e-03 4.77205e-03 4.31260e-03 3.86582e-03 3.46990e-03 3.14548e-03 2.88463e-03 2.66367e-03 2.46076e-03 2.26281e-03 2.06385e-03 1.86179e-03 1.65636e-03 1.44844e-03 1.23999e-03 1.03408e-03 8.34912e-04 6.47581e-04 4.77624e-04 3.30344e-04 2.10041e-04 1.19218e-04 5.78014e-05 2.24540e-05 6.44086e-06 1.26035e-06 1.45521e-07 3.64620e-09
12.750590 2.22523e-02 3.45634e-02 2.80629e-02 2.39019e-02 2.12767e-02 1.92484e-02 1.75780e-02 1.63831e-02 1.58138e-02 1.58843e-02 1.64215e-02 1.71199e-02 1.77328e-02 1.82027e-02 1.86388e-02 1.91854e-02 1.98506e-02 2.04533e-02 2.07408e-02 2.05329e-02 1.97758e-02 1.85895e-02 1.72853e-02 1.61319e-02 1.51914e-02 1.44318e-02 1.38236e-02 1.33414e-02 1.29585e-02 1.26519e-02 1.24054e-02 1.22106e-02 1.20655e-02 1.19717e-02 1.19306e-02 1.19386e-02 1.19858e-02 1.20595e-02 1.21486e-02 1.22429e-02 1.23303e-02 1.23967e-02 1.24281e-02 1.24129e-02 1.23432e-02 1.22150e-02 1.20286e-02 1.17883e-02 1.15016e-02 1.11793e-02 1.08351e-02 1.04854e-02 1.01476e-02 9.83659e-03 9.56057e-03 9.31758e-03 9.09622e-03 8.87975e-03 8.65176e-03 8.40047e-03 8.12038e-03 7.81139e-03 7.47680e-03 7.12131e-03 6.74958e-03 6.36542e-03 5.97109e-03 5.56726e-03 5.15493e-03 4.73984e-03 4.33608e-03 3.96301e-03 3.63531e-03 3.35504e-03 3.11268e-03 2.89432e-03 2.68770e-03 2.48436e-03 2.27915e-03 2.06936e-03 1.85397e-03 1.63345e-03 1.40968e-03 1.18599e-03 9.67044e-04 7.58506e-04 5.66574e-04 3.97415e-04 2.56489e-04 1.47687e-04 7.23007e-05 2.79186e-05 7.63742e-06 1.31540e-06 1.27989e-07 3.00585e-09
13.000601 2.19498e-02 3.39396e-02 2.73033e-02 2.29613e-02 2.02089e-02 1.81850e-02 1.66339e-02 1.55957e-02 1.51216e-02 1.51612e-02 1.55734e-02 1.61996e-02 1.69443e-02 1.77225e-02 1.84201e-02 1.89672e-02 1.93603e-02 1.96144e-02 1.97164e-02 1.95970e-02 1.91373e-02 1.83077e-02 1.73154e-02 1.64073e-02 1.56517e-02 1.50157e-02 1.44715e-02 1.40044e-02 1.36054e-02 1.32714e-02 1.30057e-02 1.28145e-02 1.27016e-02 1.26615e-02 1.26802e-02 1.27420e-02 1.28353e-02 1.29499e-02 1.30699e-02 1.31735e-02 1.32372e-02 1.32400e-02 1.31671e-02 1.30110e-02 1.27738e-02 1.24666e-02 1.21081e-02 1.17218e-02 1.13320e-02 1.09603e-02 1.06216e-02 1.03218e-02 1.00584e-02 9.82162e-03 9.59848e-03 9.37547e-03 9.14122e-03 8.88784e-03 8.61127e-03 8.31097e-03 7.98929e-03 7.65054e-03 7.29995e-03 6.94254e-03 6.58208e-03 6.22062e-03 5.85866e-03 5.49627e-03 5.13471e-03 4.77786e-03 4.43248e-03 4.10647e-03 3.80591e-03 3.53265e-03 3.28401e-03 3.05421e-03 2.83638e-03 2.62397e-03 2.41159e-03 2.19535e-03 1.97308e-03 1.74444e-03 1.51105e-03 1.27634e-03 1.04528e-03 8.23862e-04 6.18701e-04 4.36554e-04 2.83649e-04 1.64628e-04 8.13076e-05 3.15663e-05 8.52051e-06 1.37041e-06 1.16153e-07 2.53590e-09
13.250613 2.22407e-02 3.42251e-02 2.73333e-02 2.27791e-02 1.98627e-02 1.77330e-02 1.61212e-02 1.51023e-02 1.48156e-02 1.52390e-02 1.60857e-02 1.69421e-02 1.75546e-02 1.78972e-02 1.80573e-02 1.81564e-02 1.82980e-02 1.85176e-02 1.87605e-02 1.88929e-02 1.87317e-02 1.81856e-02 1.74171e-02 1.66635e-02 1.60098e-02 1.54453e-02 1.49584e-02 1.45458e-02 1.42066e-02 1.39441e-02 1.37613e-02 1.36556e-02 1.36158e-02 1.36284e-02 1.36823e-02 1.37663e-02 1.38614e-02 1.39384e-02 1.39646e-02 1.39123e-02 1.37649e-02 1.35199e-02 1.31899e-02 1.27989e-02 1.23768e-02 1.19525e-02 1.15488e-02 1.11795e-02 1.08490e-02 1.05541e-02 1.02866e-02 1.00362e-02 9.79284e-03 9.54826e-03 9.29668e-03 9.03496e-03 8.76217e-03 8.47888e-03 8.18650e-03 7.88672e-03 7.58114e-03 7.27124e-03 6.95827e-03 6.64331e-03 6.32721e-03 6.01052e-03 5.69363e-03 5.37693e-03 5.06129e-03 4.74841e-03 4.44107e-03 4.14283e-03 3.85744e-03 3.58783e-03 3.33517e-03 3.09834e-03 2.87393e-03 2.65690e-03 2.44163e-03 2.22325e-03 1.99866e-03 1.76714e-03 1.53040e-03 1.29214e-03 1.05750e-03 8.32624e-04 6.24347e-04 4.39733e-04 2.85246e-04 1.65477e-04 8.18742e-05 3.18955e-05 8.59365e-06 1.34401e-06 1.05494e-07 2.19043e-09
13.500624 2.30979e-02 3.52572e-02 2.78027e-02 2.27435e-02 1.95399e-02 1.75508e-02 1.64770e-02 1.60624e-02 1.60499e-02 1.62899e-02 1.67059e-02 1.71555e-02 1.74889e-02 1.76652e-02 1.77424e-02 1.78180e-02 1.79698e-02 1.82158e-02 1.84960e-02 1.86830e-02 1.86091e-02 1.81887e-02 1.75662e-02 1.69589e-02 1.64471e-02 1.60207e-02 1.56667e-02 1.53798e-02 1.51584e-02 1.50014e-02 1.49011e-02 1.48431e-02 1.48104e-02 1.47880e-02 1.47583e-02 1.46980e-02 1.45811e-02 1.43881e-02 1.41132e-02 1.37651e-02 1.33640e-02 1.29356e-02 1.25046e-02 1.20896e-02 1.17009e-02 1.13406e-02 1.10055e-02 1.06894e-02 1.03858e-02 1.00897e-02 9.79808e-03 9.50984e-03 9.22513e-03 8.94461e-03 8.66871e-03 8.39732e-03 8.12967e-03 7.86447e-03 7.60010e-03 7.33495e-03 7.06757e-03 6.79690e-03 6.52240e-03 6.24399e-03 5.96205e-03 5.67729e-03 5.39056e-03 5.10281e-03 4.81515e-03 4.52894e-03 4.24605e-03 3.96899e-03 3.70075e-03 3.44430e-03 3.20165e-03 2.97288e-03 2.75555e-03 2.54507e-03 2.33592e-03 2.12344e-03 1.90504e-03 1.68061e-03 1.45209e-03 1.22296e-03 9.97889e-04 7.82693e-04 5.84091e-04 4.09073e-04 2.63798e-04 1.52244e-04 7.50971e-05 2.92590e-05 7.89402e-06 1.22698e-06 9.38473e-08 1.91299e-09
13.750636 2.37607e-02 3.58180e-02 2.77423e-02 2.24381e-02 1.95501e-02 1.81643e-02 1.74811e-02 1.70343e-02 1.67372e-02 1.67096e-02 1.69692e-02 1.73353e-02 1.76457e-02 1.78678e-02 1.80380e-02 1.82073e-02 1.84087e-02 1.86386e-02 1.88513e-02 1.89651e-02 1.88682e-02 1.85033e-02 1.79971e-02 1.75322e-02 1.71669e-02 1.68788e-02 1.66484e-02 1.64678e-02 1.63297e-02 1.62215e-02 1.61233e-02 1.60106e-02 1.58595e-02 1.56498e-02 1.53695e-02 1.50197e-02 1.46160e-02 1.41831e-02 1.37462e-02 1.33231e-02 1.29214e-02 1.25406e-02 1.21751e-02 1.18183e-02 1.14651e-02 1.11127e-02 1.07602e-02 1.04073e-02 1.00541e-02 9.70111e-03 9.34949e-03 9.00154e-03 8.66034e-03 8.32913e-03 8.01054e-03 7.70612e-03 7.41616e-03 7.13971e-03 6.87483e-03 6.61900e-03 6.36945e-03 6.12349e-03 5.87881e-03 5.63354e-03 5.38636e-03 5.13646e-03 4.88353e-03 4.62778e-03 4.36987e-03 4.11106e-03 3.85318e-03 3.59881e-03 3.35111e-03 3.11334e-03 2.88787e-03 2.67508e-03 2.47265e-03 2.27620e-03 2.08092e-03 1.88338e-03 1.68232e-03 1.47822e-03 1.27268e-03 1.06812e-03 8.68140e-04 6.77680e-04 5.02786e-04 3.49741e-04 2.23860e-04 1.28249e-04 6.29060e-05 2.44727e-05 6.63380e-06 1.04328e-06 8.13000e-08 1.67848e-09
14.000647 2.38479e-02 3.56337e-02 2.73464e-02 2.21700e-02 1.95981e-02 1.84770e-02 1.79016e-02 1.74426e-02 1.71047e-02 1.70486e-02 1.73066e-02 1.77401e-02 1.82115e-02 1.86555e-02 1.90297e-02 1.93008e-02 1.94589e-02 1.95254e-02 1.95282e-02 1.94584e-02 1.92463e-02 1.88496e-02 1.83913e-02 1.80347e-02 1.78094e-02 1.76640e-02 1.75546e-02 1.74544e-02 1.73413e-02 1.71921e-02 1.69822e-02 1.66924e-02 1.63202e-02 1.58838e-02 1.54165e-02 1.49543e-02 1.45219e-02 1.41275e-02 1.37642e-02 1.34174e-02 1.30721e-02 1.27178e-02 1.23492e-02 1.19653e-02 1.15663e-02 1.11526e-02 1.07248e-02 1.02852e-02 9.83872e-03 9.39263e-03 8.95486e-03 8.53230e-03 8.12970e-03 7.74944e-03 7.39220e-03 7.05758e-03 6.74462e-03 6.45190e-03 6.17753e-03 5.91913e-03 5.67395e-03 5.43905e-03 5.21152e-03 4.98862e-03 4.76792e-03 4.54722e-03 4.32469e-03 4.09888e-03 3.86900e-03 3.63510e-03 3.39838e-03 3.16126e-03 2.92733e-03 2.70070e-03 2.48492e-03 2.28154e-03 2.08940e-03 1.90519e-03 1.72518e-03 1.54692e-03 1.36963e-03 1.19369e-03 1.01993e-03 8.49711e-04 6.85421e-04 5.30713e-04 3.90225e-04 2.68744e-04 1.70143e-04 9.63728e-05 4.68046e-05 1.81369e-05 4.96542e-06 8.10582e-07 6.81131e-08 1.47434e-09
14.250659 2.37327e-02 3.53301e-02 2.69393e-02 2.17881e-02 1.93323e-02 1.83604e-02 1.79376e-02 1.76006e-02 1.73353e-02 1.73328e-02 1.77085e-02 1.83778e-02 1.91617e-02 1.98733e-02 2.03444e-02 2.05033e-02 2.04191e-02 2.02363e-02 2.00507e-02 1.98436e-02 1.95158e-02 1.90296e-02 1.85316e-02 1.81849e-02 1.79994e-02 1.79061e-02 1.78444e-02 1.77673e-02 1.76350e-02 1.74209e-02 1.71183e-02 1.67428e-02 1.63276e-02 1.59110e-02 1.55220e-02 1.51710e-02 1.48484e-02 1.45322e-02 1.41985e-02 1.38312e-02 1.34266e-02 1.29904e-02 1.25331e-02 1.20639e-02 1.15881e-02 1.11073e-02 1.06217e-02 1.01330e-02 9.64611e-03 9.16783e-03 8.70535e-03 8.26387e-03 7.84588e-03 7.45153e-03 7.07988e-03 6.72990e-03 6.40097e-03 6.09274e-03 5.80467e-03 5.53565e-03 5.28376e-03 5.04632e-03 4.82019e-03 4.60202e-03 4.38858e-03 4.17689e-03 3.96427e-03 3.74838e-03 3.52743e-03 3.30047e-03 3.06784e-03 2.83155e-03 2.59526e-03 2.36379e-03 2.14193e-03 1.93302e-03 1.73790e-03 1.55513e-03 1.38216e-03 1.21687e-03 1.05814e-03 9.05785e-04 7.60076e-04 6.21759e-04 4.92264e-04 3.73848e-04 2.69341e-04 1.81520e-04 1.12312e-04 6.21307e-05 2.95310e-05 1.13190e-05 3.15984e-06 5.61584e-07 5.51902e-08 1.29443e-09
14.500671 2.33918e-02 3.49309e-02 2.65811e-02 2.13982e-02 1.89373e-02 1.79965e-02 1.76437e-02 1.74003e-02 1.72510e-02 1.74289e-02 1.80892e-02 1.90950e-02 2.01226e-02 2.08574e-02 2.11411e-02 2.10504e-02 2.07982e-02 2.05445e-02 2.03005e-02 1.99761e-02 1.94787e-02 1.88355e-02 1.82428e-02 1.78564e-02 1.76531e-02 1.75388e-02 1.74431e-02 1.73250e-02 1.71649e-02 1.69620e-02 1.67294e-02 1.64864e-02 1.62501e-02 1.60278e-02 1.58120e-02 1.55816e-02 1.53090e-02 1.49720e-02 1.45636e-02 1.40937e-02 1.35833e-02 1.30560e-02 1.25307e-02 1.20182e-02 1.15207e-02 1.10358e-02 1.05599e-02 1.00913e-02 9.63147e-03 9.18354e-03 8.75112e-03 8.33654e-03 7.94034e-03 7.56171e-03 7.19949e-03 6.85301e-03 6.52236e-03 6.20822e-03 5.91123e-03 5.63148e-03 5.36811e-03 5.11924e-03 4.88215e-03 4.65351e-03 4.42979e-03 4.20754e-03 3.98365e-03 3.75553e-03 3.52125e-03 3.27984e-03 3.03158e-03 2.77842e-03 2.52402e-03 2.27332e-03 2.03146e-03 1.80262e-03 1.58910e-03 1.39125e-03 1.20803e-03 1.03797e-03 8.79866e-04 7.33055e-04 5.97474e-04 4.73590e-04 3.62371e-04 2.65178e-04 1.83471e-04 1.18310e-04 6.97976e-05 3.67307e-05 1.66402e-05 6.18721e-06 1.78119e-06 3.69071e-07 4.51730e-08 1.14582e-09
14.750682 2.26591e-02 3.41795e-02 2.61612e-02 2.09951e-02 1.83987e-02 1.73057e-02 1.69046e-02 1.67678e-02 1.68643e-02 1.73798e-02 1.83748e-02 1.95668e-02 2.05385e-02 2.10424e-02 2.11057e-02 2.09344e-02 2.07104e-02 2.04749e-02 2.01592e-02 1.96815e-02 1.90160e-02 1.82544e-02 1.76041e-02 1.71864e-02 1.69491e-02 1.67966e-02 1.66745e-02 1.65619e-02 1.64547e-02 1.63583e-02 1.62800e-02 1.62203e-02 1.61657e-02 1.60907e-02 1.59653e-02 1.57653e-02 1.54778e-02 1.51037e-02 1.46571e-02 1.41616e-02 1.36422e-02 1.31194e-02 1.26060e-02 1.21075e-02 1.16254e-02 1.11587e-02 1.07060e-02 1.02659e-02 9.83810e-03 9.42352e-03 9.02337e-03 8.63860e-03 8.26944e-03 7.91549e-03 7.57614e-03 7.25100e-03 6.93998e-03 6.64302e-03 6.35966e-03 6.08874e-03 5.82835e-03 5.57619e-03 5.32995e-03 5.08755e-03 4.84707e-03 4.60652e-03 4.36378e-03 4.11666e-03 3.86335e-03 3.60289e-03 3.33560e-03 3.06336e-03 2.78953e-03 2.51842e-03 2.25453e-03 2.00159e-03 1.76209e-03 1.53721e-03 1.32716e-03 1.13171e-03 9.50541e-04 7.83480e-04 6.30686e-04 4.92767e-04 3.70820e-04 2.66255e-04 1.80369e-04 1.13732e-04 6.56300e-05 3.38618e-05 1.50861e-05 5.52722e-06 1.58369e-06 3.37268e-07 4.25814e-08 1.05976e-09
15.000694 2.17872e-02 3.32017e-02 2.55741e-02 2.04007e-02 1.75958e-02 1.63218e-02 1.59012e-02 1.59327e-02 1.63271e-02 1.71458e-02 1.82949e-02 1.94160e-02 2.01773e-02 2.05046e-02 2.05270e-02 2.04142e-02 2.02498e-02 2.00124e-02 1.96352e-02 1.90739e-02 1.83391e-02 1.75361e-02 1.68591e-02 1.64135e-02 1.61518e-02 1.59965e-02 1.59086e-02 1.58759e-02 1.58950e-02 1.59604e-02 1.60554e-02 1.61494e-02 1.62052e-02 1.61877e-02 1.60718e-02 1.58473e-02 1.55221e-02 1.51184e-02 1.46644e-02 1.41849e-02 1.36977e-02 1.32140e-02 1.27411e-02 1.22825e-02 1.18392e-02 1.14097e-02 1.09914e-02 1.05816e-02 1.01793e-02 9.78489e-03 9.40074e-03 9.02996e-03 8.67552e-03 8.33938e-03 8.02227e-03 7.72379e-03 7.44261e-03 7.17670e-03 6.92322e-03 6.67852e-03 6.43820e-03 6.19770e-03 5.95319e-03 5.70236e-03 5.44472e-03 5.18111e-03 4.91285e-03 4.64095e-03 4.36591e-03 4.08796e-03 3.80765e-03 3.52614e-03 3.24534e-03 2.96759e-03 2.69536e-03 2.43083e-03 2.17560e-03 1.93065e-03 1.69644e-03 1.47326e-03 1.26148e-03 1.06170e-03 8.74800e-04 7.01975e-04 5.44866e-04 4.05655e-04 2.86808e-04 1.90317e-04 1.16727e-04 6.46213e-05 3.09651e-05 1.19366e-05 3.31280e-06 5.77761e-07 5.31828e-08 1.09546e-09
15.250705 2.10597e-02 3.22594e-02 2.48741e-02 1.96761e-02 1.67108e-02 1.52904e-02 1.48439e-02 1.50155e-02 1.56363e-02 1.66103e-02 1.77439e-02 1.87264e-02 1.93606e-02 1.96589e-02 1.97376e-02 1.97048e-02 1.95994e-02 1.93917e-02 1.90259e-02 1.84663e-02 1.77232e-02 1.69001e-02 1.61927e-02 1.57181e-02 1.54547e-02 1.53536e-02 1.53892e-02 1.55406e-02 1.57781e-02 1.60608e-02 1.63395e-02 1.65614e-02 1.66789e-02 1.66572e-02 1.64811e-02 1.61576e-02 1.57147e-02 1.51952e-02 1.46459e-02 1.41074e-02 1.36061e-02 1.31519e-02 1.27419e-02 1.23662e-02 1.20132e-02 1.16732e-02 1.13389e-02 1.10057e-02 1.06710e-02 1.03346e-02 9.99799e-03 9.66386e-03 9.33529e-03 9.01465e-03 8.70288e-03 8.39941e-03 8.10273e-03 7.81124e-03 7.52384e-03 7.23973e-03 6.95780e-03 6.67613e-03 6.39218e-03 6.10374e-03 5.80999e-03 5.51187e-03 5.21174e-03 4.91262e-03 4.61737e-03 4.32817e-03 4.04623e-03 3.77188e-03 3.50486e-03 3.24468e-03 2.99090e-03 2.74327e-03 2.50160e-03 2.26574e-03 2.03559e-03 1.81122e-03 1.59303e-03 1.38179e-03 1.17854e-03 9.84425e-04 8.00770e-04 6.29328e-04 4.72812e-04 3.34984e-04 2.19778e-04 1.29873e-04 6.59057e-05 2.64382e-05 7.32954e-06 1.15507e-06 8.13995e-08 1.32080e-09
15.500717 2.05418e-02 3.14567e-02 2.41854e-02 1.89794e-02 1.58910e-02 1.43566e-02 1.39174e-02 1.42041e-02 1.49343e-02 1.59244e-02 1.69899e-02 1.79039e-02 1.85445e-02 1.89383e-02 1.91653e-02 1.92830e-02 1.92941e-02 1.91579e-02 1.88232e-02 1.82609e-02 1.74888e-02 1.66312e-02 1.59188e-02 1.55006e-02 1.53643e-02 1.54437e-02 1.56869e-02 1.60473e-02 1.64649e-02 1.68616e-02 1.71559e-02 1.72869e-02 1.72304e-02 1.69987e-02 1.66280e-02 1.61636e-02 1.56487e-02 1.51190e-02 1.46020e-02 1.41175e-02 1.36788e-02 1.32915e-02 1.29544e-02 1.26597e-02 1.23953e-02 1.21485e-02 1.19076e-02 1.16635e-02 1.14092e-02 1.11394e-02 1.08508e-02 1.05412e-02 1.02101e-02 9.85788e-03 9.48626e-03 9.09804e-03 8.69737e-03 8.28939e-03 7.87954e-03 7.47269e-03 7.07252e-03 6.68128e-03 6.30006e-03 5.92950e-03 5.57048e-03 5.22445e-03 4.89318e-03 4.57834e-03 4.28103e-03 4.00159e-03 3.73965e-03 3.49412e-03 3.26334e-03 3.04522e-03 2.83751e-03 2.63792e-03 2.44410e-03 2.25375e-03 2.06483e-03 1.87596e-03 1.68671e-03 1.49768e-03 1.31025e-03 1.12614e-03 9.46963e-04 7.74055e-04 6.08799e-04 4.53664e-04 3.13196e-04 1.93817e-04 1.02085e-04 4.20322e-05 1.17875e-05 1.82438e-06 1.18094e-07 1.72334e-09
15.750728 2.02089e-02 3.07436e-02 2.34313e-02 1.82188e-02 1.51281e-02 1.36450e-02 1.32862e-02 1.36061e-02 1.42962e-02 1.52150e-02 1.62430e-02 1.72054e-02 1.79976e-02 1.86220e-02 1.91039e-02 1.94404e-02 1.95970e-02 1.95298e-02 1.92116e-02 1.86513e-02 1.79054e-02 1.71270e-02 1.65712e-02 1.63974e-02 1.65618e-02 1.69205e-02 1.73180e-02 1.76159e-02 1.77240e-02 1.76224e-02 1.73533e-02 1.69889e-02 1.65978e-02 1.62250e-02 1.58877e-02 1.55829e-02 1.52974e-02 1.50168e-02 1.47318e-02 1.44395e-02 1.41436e-02 1.38513e-02 1.35708e-02 1.33074e-02 1.30627e-02 1.28333e-02 1.26122e-02 1.23901e-02 1.21565e-02 1.19003e-02 1.16108e-02 1.12780e-02 1.08950e-02 1.04601e-02 9.97850e-03 9.46166e-03 8.92415e-03 8.37931e-03 7.83709e-03 7.30431e-03 6.78617e-03 6.28761e-03 5.81366e-03 5.36873e-03 4.95563e-03 4.57519e-03 4.22685e-03 3.90936e-03 3.62107e-03 3.35993e-03 3.12361e-03 2.90970e-03 2.71575e-03 2.53920e-03 2.37718e-03 2.22645e-03 2.08341e-03 1.94424e-03 1.80528e-03 1.66347e-03 1.51693e-03 1.36519e-03 1.20921e-03 1.05099e-03 8.93031e-04 7.37880e-04 5.87866e-04 4.45356e-04 3.13698e-04 1.98317e-04 1.06514e-04 4.45895e-05 1.27120e-05 2.01513e-06 1.36580e-07 2.10369e-09
16.000740 1.99917e-02 3.00550e-02 2.25606e-02 1.73535e-02 1.44198e-02 1.31462e-02 1.29099e-02 1.32173e-02 1.38286e-02 1.47005e-02 1.57790e-02 1.69099e-02 1.79663e-02 1.88894e-02 1.96303e-02 2.01395e-02 2.03918e-02 2.04035e-02 2.02239e-02 1.99070e-02 1.94894e-02 1.90557e-02 1.87886e-02 1.87576e-02 1.88050e-02 1.87349e-02 1.84645e-02 1.80189e-02 1.74770e-02 1.69240e-02 1.64224e-02 1.60035e-02 1.56716e-02 1.54144e-02 1.52121e-02 1.50453e-02 1.48987e-02 1.47617e-02 1.46268e-02 1.44883e-02 1.43405e-02 1.41783e-02 1.39985e-02 1.38004e-02 1.35864e-02 1.33596e-02 1.31215e-02 1.28698e-02 1.25973e-02 1.22932e-02 1.19456e-02 1.15462e-02 1.10938e-02 1.05939e-02 1.00559e-02 9.48921e-03 8.90227e-03 8.30205e-03 7.69458e-03 7.08624e-03 6.48591e-03 5.90605e-03 5.36086e-03 4.86196e-03 4.41451e-03 4.01678e-03 3.66320e-03 3.34783e-03 3.06588e-03 2.81367e-03 2.58813e-03 2.38654e-03 2.20640e-03 2.04531e-03 1.90091e-03 1.77070e-03 1.65195e-03 1.54153e-03 1.43588e-03 1.33115e-03 1.22357e-03 1.11011e-03 9.89212e-04 8.61405e-04 7.29387e-04 5.97413e-04 4.70197e-04 3.51892e-04 2.45814e-04 1.55142e-04 8.37857e-05 3.55236e-05 1.03767e-05 1.73535e-06 1.32100e-07 2.28741e-09
16.250752 1.96210e-02 2.91460e-02 2.15362e-02 1.64339e-02 1.37997e-02 1.28281e-02 1.27377e-02 1.30498e-02 1.36408e-02 1.45674e-02 1.58122e-02 1.71962e-02 1.85231e-02 1.96616e-02 2.05449e-02 2.11878e-02 2.16698e-02 2.20675e-02 2.23776e-02 2.24857e-02 2.22152e-02 2.15236e-02 2.06438e-02 1.98188e-02 1.90826e-02 1.83919e-02 1.77416e-02 1.71506e-02 1.66368e-02 1.62091e-02 1.58641e-02 1.55872e-02 1.53574e-02 1.51543e-02 1.49634e-02 1.47788e-02 1.46017e-02 1.44372e-02 1.42903e-02 1.41626e-02 1.40510e-02 1.39482e-02 1.38442e-02 1.37289e-02 1.35921e-02 1.34224e-02 1.32079e-02 1.29386e-02 1.26112e-02 1.22314e-02 1.18110e-02 1.13617e-02 1.08894e-02 1.03917e-02 9.86215e-03 9.29651e-03 8.69690e-03 8.07272e-03 7.43899e-03 6.81364e-03 6.21500e-03 5.65897e-03 5.15580e-03 4.70744e-03 4.30769e-03 3.94603e-03 3.61278e-03 3.30182e-03 3.01051e-03 2.73829e-03 2.48559e-03 2.25297e-03 2.04076e-03 1.84876e-03 1.67617e-03 1.52156e-03 1.38293e-03 1.25780e-03 1.14333e-03 1.03655e-03 9.34475e-04 8.34345e-04 7.33819e-04 6.31461e-04 5.27398e-04 4.23850e-04 3.24975e-04 2.35661e-04 1.59765e-04 9.90375e-05 5.36548e-05 2.34118e-05 7.24852e-06 1.34335e-06 1.20074e-07 2.33301e-09
16.500763 1.87117e-02 2.76601e-02 2.03552e-02 1.56384e-02 1.33973e-02 1.26727e-02 1.26657e-02 1.30169e-02 1.37171e-02 1.48648e-02 1.64168e-02 1.81307e-02 1.97450e-02 2.11018e-02 2.21541e-02 2.29429e-02 2.35382e-02 2.39702e-02 2.41826e-02 2.40307e-02 2.33530e-02 2.21800e-02 2.08492e-02 1.96763e-02 1.87115e-02 1.78975e-02 1.72079e-02 1.66390e-02 1.61847e-02 1.58284e-02 1.55457e-02 1.53103e-02 1.51009e-02 1.49050e-02 1.47185e-02 1.45439e-02 1.43854e-02 1.42454e-02 1.41226e-02 1.40128e-02 1.39109e-02 1.38118e-02 1.37100e-02 1.35967e-02 1.34588e-02 1.32806e-02 1.30480e-02 1.27528e-02 1.23956e-02 1.19848e-02 1.15294e-02 1.10320e-02 1.04898e-02 9.90146e-03 9.27417e-03 8.62441e-03 7.97405e-03 7.34521e-03 6.75663e-03 6.22165e-03 5.74707e-03 5.33227e-03 4.96948e-03 4.64600e-03 4.34812e-03 4.06477e-03 3.78915e-03 3.51821e-03 3.25145e-03 2.98987e-03 2.73526e-03 2.48982e-03 2.25572e-03 2.03474e-03 1.82806e-03 1.63610e-03 1.45855e-03 1.29446e-03 1.14239e-03 1.00066e-03 8.67681e-04 7.42239e-04 6.23682e-04 5.11968e-04 4.07640e-04 3.11841e-04 2.26370e-04 1.53586e-04 9.57762e-05 5.39780e-05 2.69641e-05 1.15036e-05 3.85648e-06 8.74054e-07 1.01968e-07 2.29382e-09
16.750775 1.73147e-02 2.56903e-02 1.90974e-02 1.49416e-02 1.30243e-02 1.24418e-02 1.25599e-02 1.31567e-02 1.42518e-02 1.58748e-02 1.78700e-02 1.98925e-02 2.16158e-02 2.28635e-02 2.36196e-02 2.40101e-02 2.42343e-02 2.44425e-02 2.46137e-02 2.45330e-02 2.39229e-02 2.27311e-02 2.12823e-02 1.99348e-02 1.87960e-02 1.78456e-02 1.70618e-02 1.64248e-02 1.59116e-02 1.55000e-02 1.51706e-02 1.49072e-02 1.46975e-02 1.45341e-02 1.44131e-02 1.43313e-02 1.42816e-02 1.42533e-02 1.42341e-02 1.42119e-02 1.41725e-02 1.41005e-02 1.39841e-02 1.38187e-02 1.36022e-02 1.33285e-02 1.29868e-02 1.25691e-02 1.20763e-02 1.15165e-02 1.09012e-02 1.02436e-02 9.55988e-03 8.87121e-03 8.20123e-03 7.57249e-03 7.00243e-03 6.50076e-03 6.06866e-03 5.69948e-03 5.38079e-03 5.09727e-03 4.83393e-03 4.57904e-03 4.32558e-03 4.07106e-03 3.81631e-03 3.56400e-03 3.31746e-03 3.07975e-03 2.85301e-03 2.63821e-03 2.43511e-03 2.24260e-03 2.05899e-03 1.88219e-03 1.71000e-03 1.54042e-03 1.37218e-03 1.20525e-03 1.04103e-03 8.82124e-04 7.31588e-04 5.92272e-04 4.66316e-04 3.54989e-04 2.58811e-04 1.77918e-04 1.12546e-04 6.32396e-05 3.01541e-05 1.15918e-05 3.41883e-06 7.23723e-07 8.69790e-08 2.05657e-09
17.000786 1.60003e-02 2.38187e-02 1.78262e-02 1.40739e-02 1.23994e-02 1.20959e-02 1.26668e-02 1.38614e-02 1.55494e-02 1.76012e-02 1.97678e-02 2.16853e-02 2.30695e-02 2.38418e-02 2.41213e-02 2.41665e-02 2.42502e-02 2.44991e-02 2.47959e-02 2.48356e-02 2.43121e-02 2.31824e-02 2.17697e-02 2.04157e-02 1.92216e-02 1.81802e-02 1.72940e-02 1.65663e-02 1.59865e-02 1.55335e-02 1.51835e-02 1.49162e-02 1.47189e-02 1.45847e-02 1.45075e-02 1.44773e-02 1.44790e-02 1.44931e-02 1.44967e-02 1.44680e-02 1.43932e-02 1.42667e-02 1.40838e-02 1.38353e-02 1.35088e-02 1.30953e-02 1.25933e-02 1.20096e-02 1.13577e-02 1.06561e-02 9.92743e-03 9.19842e-03 8.49700e-03 7.84835e-03 7.27043e-03 6.77103e-03 6.34761e-03 5.98935e-03 5.68054e-03 5.40429e-03 5.14591e-03 4.89511e-03 4.64660e-03 4.39932e-03 4.15491e-03 3.91627e-03 3.68630e-03 3.46720e-03 3.25997e-03 3.06447e-03 2.87966e-03 2.70390e-03 2.53523e-03 2.37133e-03 2.20951e-03 2.04700e-03 1.88136e-03 1.71131e-03 1.53722e-03 1.36121e-03 1.18667e-03 1.01728e-03 8.56315e-04 7.06211e-04 5.68616e-04 4.44576e-04 3.34687e-04 2.39265e-04 1.58750e-04 9.42219e-05 4.73028e-05 1.85491e-05 5.11531e-06 8.80180e-07 8.17669e-08 1.75902e-09
17.250798 1.51532e-02 2.25024e-02 1.67581e-02 1.31937e-02 1.17675e-02 1.19287e-02 1.31635e-02 1.50392e-02 1.72223e-02 1.94628e-02 2.14870e-02 2.29935e-02 2.38426e-02 2.41304e-02 2.41035e-02 2.40490e-02 2.41707e-02 2.44823e-02 2.47907e-02 2.48035e-02 2.42911e-02 2.32737e-02 2.20656e-02 2.09397e-02 1.99168e-02 1.89424e-02 1.80246e-02 1.72088e-02 1.65295e-02 1.59938e-02 1.55912e-02 1.53076e-02 1.51279e-02 1.50307e-02 1.49861e-02 1.49605e-02 1.49236e-02 1.48535e-02 1.47390e-02 1.45756e-02 1.43609e-02 1.40910e-02 1.37593e-02 1.33594e-02 1.28875e-02 1.23439e-02 1.17339e-02 1.10680e-02 1.03636e-02 9.64439e-03 8.93868e-03 8.27478e-03 7.67564e-03 7.15421e-03 6.71124e-03 6.33659e-03 6.01345e-03 5.72382e-03 5.45295e-03 5.19135e-03 4.93475e-03 4.68270e-03 4.43710e-03 4.20065e-03 3.97576e-03 3.76381e-03 3.56487e-03 3.37796e-03 3.20138e-03 3.03316e-03 2.87118e-03 2.71316e-03 2.55665e-03 2.39915e-03 2.23842e-03 2.07301e-03 1.90267e-03 1.72854e-03 1.55298e-03 1.37896e-03 1.20937e-03 1.04651e-03 8.91885e-04 7.46362e-04 6.10512e-04 4.84968e-04 3.70616e-04 2.68629e-04 1.80565e-04 1.08575e-04 5.52047e-05 2.18110e-05 5.94633e-06 9.67378e-07 8.11846e-08 1.66426e-09
17.500809 1.49364e-02 2.20104e-02 1.62328e-02 1.27432e-02 1.15418e-02 1.20991e-02 1.38277e-02 1.61770e-02 1.86917e-02 2.10018e-02 2.27770e-02 2.38046e-02 2.41452e-02 2.40798e-02 2.39283e-02 2.39281e-02 2.41624e-02 2.45327e-02 2.48077e-02 2.47384e-02 2.41717e-02 2.31817e-02 2.20968e-02 2.11839e-02 2.04346e-02 1.97220e-02 1.89660e-02 1.81728e-02 1.74161e-02 1.67844e-02 1.63281e-02 1.60369e-02 1.58574e-02 1.57295e-02 1.56103e-02 1.54761e-02 1.53135e-02 1.51127e-02 1.48661e-02 1.45696e-02 1.42217e-02 1.38206e-02 1.33608e-02 1.28349e-02 1.22369e-02 1.15680e-02 1.08403e-02 1.00788e-02 9.31942e-03 8.60159e-03 7.95770e-03 7.40444e-03 6.94030e-03 6.55027e-03 6.21404e-03 5.91296e-03 5.63352e-03 5.36774e-03 5.11208e-03 4.86587e-03 4.62995e-03 4.40545e-03 4.19300e-03 3.99234e-03 3.80241e-03 3.62166e-03 3.44839e-03 3.28097e-03 3.11788e-03 2.95768e-03 2.79901e-03 2.64056e-03 2.48114e-03 2.31982e-03 2.15608e-03 1.98999e-03 1.82233e-03 1.65439e-03 1.48785e-03 1.32443e-03 1.16570e-03 1.01291e-03 8.66958e-04 7.28450e-04 5.97904e-04 4.76005e-04 3.63847e-04 2.63069e-04 1.75894e-04 1.05017e-04 5.30246e-05 2.08497e-05 5.68092e-06 9.32799e-07 8.06352e-08 1.70434e-09
17.750821 1.52574e-02 2.22762e-02 1.62874e-02 1.27677e-02 1.16782e-02 1.24392e-02 1.44187e-02 1.70295e-02 1.97278e-02 2.20271e-02 2.35711e-02 2.42524e-02 2.42889e-02 2.40668e-02 2.39143e-02 2.39990e-02 2.43088e-02 2.46857e-02 2.49044e-02 2.47669e-02 2.41679e-02 2.31854e-02 2.21140e-02 2.12046e-02 2.04854e-02 1.98868e-02 1.93553e-02 1.88617e-02 1.83933e-02 1.79483e-02 1.75319e-02 1.71570e-02 1.68357e-02 1.65654e-02 1.63280e-02 1.60990e-02 1.58561e-02 1.55819e-02 1.52623e-02 1.48826e-02 1.44236e-02 1.38626e-02 1.31838e-02 1.23905e-02 1.15095e-02 1.05875e-02 9.68098e-03 8.84232e-03 8.10655e-03 7.48513e-03 6.96917e-03 6.53859e-03 6.17138e-03 5.84941e-03 5.56018e-03 5.29617e-03 5.05320e-03 4.82877e-03 4.62090e-03 4.42748e-03 4.24609e-03 4.07415e-03 3.90914e-03 3.74883e-03 3.59146e-03 3.43578e-03 3.28096e-03 3.12651e-03 2.97214e-03 2.81766e-03 2.66287e-03 2.50756e-03 2.35153e-03 2.19466e-03 2.03696e-03 1.87869e-03 1.72034e-03 1.56263e-03 1.40646e-03 1.25285e-03 1.10289e-03 9.57630e-04 8.18073e-04 6.85129e-04 5.59693e-04 4.42785e-04 3.35732e-04 2.40311e-04 1.58757e-04 9.35271e-05 4.66093e-05 1.81520e-05 4.94907e-06 8.34841e-07 7.71633e-08 1.71698e-09
18.000832 1.57502e-02 2.28745e-02 1.66462e-02 1.30162e-02 1.19461e-02 1.28468e-02 1.50123e-02 1.77338e-02 2.03954e-02 2.25516e-02 2.39458e-02 2.45387e-02 2.45522e-02 2.43365e-02 2.41800e-02 2.42284e-02 2.44732e-02 2.47814e-02 2.49573e-02 2.48182e-02 2.42534e-02 2.33153e-02 2.22666e-02 2.13499e-02 2.06180e-02 2.00384e-02 1.95857e-02 1.92305e-02 1.89335e-02 1.86668e-02 1.84223e-02 1.81960e-02 1.79769e-02 1.77549e-02 1.75260e-02 1.72817e-02 1.69920e-02 1.66023e-02 1.60554e-02 1.53242e-02 1.44248e-02 1.34027e-02 1.23150e-02 1.12222e-02 1.01812e-02 9.23552e-03 8.40830e-03 7.70251e-03 7.10687e-03 6.60346e-03 6.17385e-03 5.80252e-03 5.47804e-03 5.19265e-03 4.94089e-03 4.71832e-03 4.52055e-03 4.34300e-03 4.18105e-03 4.03040e-03 3.88727e-03 3.74860e-03 3.61202e-03 3.47584e-03 3.33899e-03 3.20092e-03 3.06142e-03 2.92053e-03 2.77841e-03 2.63521e-03 2.49107e-03 2.34612e-03 2.20045e-03 2.05413e-03 1.90730e-03 1.76013e-03 1.61289e-03 1.46601e-03 1.32005e-03 1.17578e-03 1.03412e-03 8.96110e-04 7.62889e-04 6.35645e-04 5.15652e-04 4.04331e-04 3.03327e-04 2.14519e-04 1.39915e-04 8.13782e-05 4.00764e-05 1.54633e-05 4.20713e-06 7.22150e-07 6.99119e-08 1.61225e-09
18.250844 1.61093e-02 2.34316e-02 1.70939e-02 1.34109e-02 1.23784e-02 1.33916e-02 1.56308e-02 1.82767e-02 2.07404e-02 2.27244e-02 2.40929e-02 2.47957e-02 2.49426e-02 2.47760e-02 2.45515e-02 2.44519e-02 2.45334e-02 2.47201e-02 2.48502e-02 2.47515e-02 2.43033e-02 2.35261e-02 2.26386e-02 2.18583e-02 2.12299e-02 2.07063e-02 2.02551e-02 1.98761e-02 1.95839e-02 1.93844e-02 1.92655e-02 1.92011e-02 1.91562e-02 1.90804e-02 1.88960e-02 1.85084e-02 1.78551e-02 1.69451e-02 1.58451e-02 1.46371e-02 1.33928e-02 1.21714e-02 1.10209e-02 9.97551e-03 9.05233e-03 8.25276e-03 7.56682e-03 6.97849e-03 6.47043e-03 6.02746e-03 5.63847e-03 5.29648e-03 4.99720e-03 4.73695e-03 4.51128e-03 4.31477e-03 4.14158e-03 3.98622e-03 3.84397e-03 3.71093e-03 3.58386e-03 3.46005e-03 3.33730e-03 3.21393e-03 3.08879e-03 2.96129e-03 2.83126e-03 2.69888e-03 2.56456e-03 2.42879e-03 2.29208e-03 2.15489e-03 2.01761e-03 1.88051e-03 1.74377e-03 1.60753e-03 1.47193e-03 1.33717e-03 1.20356e-03 1.07159e-03 9.41932e-04 8.15396e-04 6.92953e-04 5.75726e-04 4.65050e-04 3.62523e-04 2.69976e-04 1.89345e-04 1.22436e-04 7.06400e-05 3.45416e-05 1.32399e-05 3.57692e-06 6.10112e-07 5.92037e-08 1.38047e-09
18.500856 1.63607e-02 2.39717e-02 1.76533e-02 1.39982e-02 1.30243e-02 1.40756e-02 1.62435e-02 1.86846e-02 2.08970e-02 2.27122e-02 2.40655e-02 2.48813e-02 2.51901e-02 2.51576e-02 2.49859e-02 2.48270e-02 2.47442e-02 2.47332e-02 2.47502e-02 2.47036e-02 2.44568e-02 2.39449e-02 2.33005e-02 2.26994e-02 2.21718e-02 2.16837e-02 2.12579e-02 2.09491e-02 2.07742e-02 2.06924e-02 2.06292e-02 2.05021e-02 2.02279e-02 1.97338e-02 1.89879e-02 1.80192e-02 1.68982e-02 1.56997e-02 1.44813e-02 1.32837e-02 1.21376e-02 1.10690e-02 1.00969e-02 9.22938e-03 8.46241e-03 7.78393e-03 7.18042e-03 6.64141e-03 6.16023e-03 5.73249e-03 5.35481e-03 5.02395e-03 4.73626e-03 4.48704e-03 4.27060e-03 4.08090e-03 3.91240e-03 3.76034e-03 3.62071e-03 3.49006e-03 3.36532e-03 3.24376e-03 3.12300e-03 3.00114e-03 2.87681e-03 2.74929e-03 2.61846e-03 2.48471e-03 2.34878e-03 2.21160e-03 2.07414e-03 1.93727e-03 1.80176e-03 1.66816e-03 1.53686e-03 1.40809e-03 1.28196e-03 1.15857e-03 1.03801e-03 9.20467e-04 8.06246e-04 6.95762e-04 5.89567e-04 4.88403e-04 3.93274e-04 3.05492e-04 2.26621e-04 1.58299e-04 1.01983e-04 5.86779e-05 2.86477e-05 1.09643e-05 2.94546e-06 4.93685e-07 4.66849e-08 1.08168e-09
18.750867 1.67231e-02 2.47123e-02 1.84065e-02 1.47870e-02 1.38551e-02 1.48521e-02 1.68036e-02 1.89097e-02 2.07898e-02 2.24009e-02 2.37428e-02 2.47210e-02 2.52881e-02 2.55098e-02 2.55144e-02 2.54575e-02 2.54616e-02 2.55276e-02 2.55266e-02 2.53214e-02 2.48604e-02 2.42054e-02 2.35531e-02 2.30657e-02 2.27340e-02 2.25020e-02 2.23519e-02 2.22431e-02 2.20865e-02 2.17946e-02 2.13297e-02 2.07011e-02 1.99270e-02 1.90146e-02 1.79722e-02 1.68245e-02 1.56148e-02 1.43969e-02 1.32243e-02 1.21383e-02 1.11605e-02 1.02904e-02 9.51304e-03 8.81005e-03 8.16865e-03 7.58313e-03 7.05077e-03 6.56751e-03 6.12739e-03 5.72523e-03 5.35869e-03 5.02769e-03 4.73207e-03 4.46987e-03 4.23742e-03 4.03036e-03 3.84443e-03 3.67571e-03 3.52051e-03 3.37535e-03 3.23712e-03 3.10309e-03 2.97094e-03 2.83868e-03 2.70479e-03 2.56832e-03 2.42893e-03 2.28695e-03 2.14313e-03 1.99856e-03 1.85448e-03 1.71213e-03 1.57268e-03 1.43711e-03 1.30622e-03 1.18055e-03 1.06039e-03 9.45827e-04 8.36807e-04 7.33200e-04 6.34892e-04 5.41861e-04 4.54235e-04 3.72345e-04 2.96754e-04 2.28246e-04 1.67745e-04 1.16180e-04 7.43053e-05 4.25255e-05 2.07151e-05 7.94295e-06 2.14511e-06 3.61108e-07 3.40916e-08 7.88944e-10
19.000879 1.73361e-02 2.57418e-02 1.93362e-02 1.57112e-02 1.47682e-02 1.55592e-02 1.70482e-02 1.85919e-02 2.00659e-02 2.15729e-02 2.30715e-02 2.43441e-02 2.52686e-02 2.59172e-02 2.64332e-02 2.68723e-02 2.71240e-02 2.70136e-02 2.64773e-02 2.56135e-02 2.46015e-02 2.36543e-02 2.30069e-02 2.27533e-02 2.27689e-02 2.28694e-02 2.29174e-02 2.28060e-02 2.24582e-02 2.18592e-02 2.10661e-02 2.01641e-02 1.92059e-02 1.81936e-02 1.71138e-02 1.59755e-02 1.48180e-02 1.36914e-02 1.26345e-02 1.16658e-02 1.07871e-02 9.99373e-03 9.28123e-03 8.64582e-03 8.08133e-03 7.57762e-03 7.12215e-03 6.70275e-03 6.31002e-03 5.93923e-03 5.59058e-03 5.26630e-03 4.96709e-03 4.69110e-03 4.43541e-03 4.19764e-03 3.97620e-03 3.76973e-03 3.57655e-03 3.39450e-03 3.22114e-03 3.05419e-03 2.89172e-03 2.73225e-03 2.57459e-03 2.41788e-03 2.26166e-03 2.10587e-03 1.95086e-03 1.79730e-03 1.64606e-03 1.49819e-03 1.35483e-03 1.21711e-03 1.08612e-03 9.62705e-04 8.47429e-04 7.40491e-04 6.41755e-04 5.50832e-04 4.67229e-04 3.90491e-04 3.20326e-04 2.56671e-04 1.99687e-04 1.49696e-04 1.07059e-04 7.20458e-05 4.47180e-05 2.48413e-05 1.17965e-05 4.46995e-06 1.22864e-06 2.20888e-07 2.28668e-08 5.46518e-10
19.250890 1.83017e-02 2.71549e-02 2.04996e-02 1.68155e-02 1.56428e-02 1.57491e-02 1.63385e-02 1.72724e-02 1.86286e-02 2.03560e-02 2.22222e-02 2.39436e-02 2.54065e-02 2.66380e-02 2.75991e-02 2.81311e-02 2.80879e-02 2.74674e-02 2.64163e-02 2.51730e-02 2.39910e-02 2.30679e-02 2.25214e-02 2.23224e-02 2.23082e-02 2.23257e-02 2.22896e-02 2.21427e-02 2.18323e-02 2.13233e-02 2.06185e-02 1.97586e-02 1.87973e-02 1.77772e-02 1.67257e-02 1.56663e-02 1.46255e-02 1.36284e-02 1.26924e-02 1.18253e-02 1.10275e-02 1.02956e-02 9.62374e-03 9.00508e-03 8.43390e-03 7.90857e-03 7.43121e-03 7.00284e-03 6.61865e-03 6.26866e-03 5.94255e-03 5.63344e-03 5.33834e-03 5.05645e-03 4.78748e-03 4.53065e-03 4.28468e-03 4.04796e-03 3.81887e-03 3.59601e-03 3.37831e-03 3.16519e-03 2.95655e-03 2.75263e-03 2.55385e-03 2.36067e-03 2.17345e-03 1.99246e-03 1.81789e-03 1.64993e-03 1.48878e-03 1.33474e-03 1.18827e-03 1.05000e-03 9.20647e-04 8.00924e-04 6.91339e-04 5.92065e-04 5.02875e-04 4.23181e-04 3.52169e-04 2.88975e-04 2.32850e-04 1.83260e-04 1.39915e-04 1.02720e-04 7.16716e-05 4.67491e-05 2.78215e-05 1.45815e-05 6.42043e-06 2.25609e-06 6.09612e-07 1.23103e-07 1.51374e-08 3.77299e-10
19.500902 1.97185e-02 2.91955e-02 2.20686e-02 1.78990e-02 1.58073e-02 1.48306e-02 1.47743e-02 1.56035e-02 1.71339e-02 1.91485e-02 2.14095e-02 2.36394e-02 2.56136e-02 2.71317e-02 2.79969e-02 2.81383e-02 2.76690e-02 2.68074e-02 2.57681e-02 2.47051e-02 2.36948e-02 2.27837e-02 2.20664e-02 2.15971e-02 2.13216e-02 2.11586e-02 2.10417e-02 2.09034e-02 2.06807e-02 2.03296e-02 1.98272e-02 1.91720e-02 1.83860e-02 1.75127e-02 1.66040e-02 1.57042e-02 1.48394e-02 1.40171e-02 1.32331e-02 1.24799e-02 1.17526e-02 1.10491e-02 1.03687e-02 9.71380e-03 9.09260e-03 8.51780e-03 7.99910e-03 7.53744e-03 7.12577e-03 6.75379e-03 6.41210e-03 6.09361e-03 5.79328e-03 5.50740e-03 5.23310e-03 4.96804e-03 4.71017e-03 4.45752e-03 4.20815e-03 3.96029e-03 3.71254e-03 3.46427e-03 3.21593e-03 2.96908e-03 2.72619e-03 2.49004e-03 2.26315e-03 2.04734e-03 1.84361e-03 1.65224e-03 1.47305e-03 1.30567e-03 1.14978e-03 1.00520e-03 8.72022e-04 7.50470e-04 6.40798e-04 5.43066e-04 4.56988e-04 3.81875e-04 3.16696e-04 2.60239e-04 2.11286e-04 1.68761e-04 1.31815e-04 9.98519e-05 7.25001e-05 4.95760e-05 3.10673e-05 1.71120e-05 7.80745e-06 2.74249e-06 6.92686e-07 1.21064e-07 1.27032e-08 2.84585e-10
19.750913 2.14524e-02 3.14969e-02 2.33873e-02 1.81408e-02 1.50336e-02 1.35366e-02 1.34371e-02 1.43795e-02 1.60456e-02 1.82669e-02 2.08299e-02 2.33318e-02 2.53458e-02 2.66131e-02 2.71153e-02 2.70362e-02 2.66235e-02 2.60519e-02 2.53671e-02 2.45310e-02 2.35227e-02 2.24422e-02 2.15130e-02 2.08713e-02 2.04724e-02 2.02125e-02 2.00106e-02 1.98062e-02 1.95522e-02 1.92151e-02 1.87806e-02 1.82573e-02 1.76718e-02 1.70536e-02 1.64211e-02 1.57766e-02 1.51135e-02 1.44288e-02 1.37294e-02 1.30280e-02 1.23326e-02 1.16464e-02 1.09770e-02 1.03382e-02 9.74291e-03 9.19574e-03 8.69302e-03 8.22811e-03 7.79556e-03 7.39212e-03 7.01579e-03 6.66472e-03 6.33652e-03 6.02807e-03 5.73574e-03 5.45583e-03 5.18493e-03 4.92025e-03 4.65944e-03 4.40040e-03 4.14110e-03 3.87976e-03 3.61540e-03 3.34851e-03 3.08140e-03 2.81792e-03 2.56241e-03 2.31861e-03 2.08893e-03 1.87429e-03 1.67456e-03 1.48904e-03 1.31688e-03 1.15738e-03 1.01008e-03 8.74828e-04 7.51723e-04 6.40928e-04 5.42455e-04 4.55954e-04 3.80634e-04 3.15340e-04 2.58735e-04 2.09510e-04 1.66546e-04 1.28994e-04 9.62940e-05 6.81581e-05 4.45870e-05 2.58986e-05 1.25776e-05 4.69013e-06 1.19860e-06 1.82434e-07 1.38755e-08 2.43910e-10
20.000925 2.27563e-02 3.28968e-02 2.36641e-02 1.75261e-02 1.41060e-02 1.27529e-02 1.28758e-02 1.39614e-02 1.57156e-02 1.79661e-02 2.04143e-02 2.26023e-02 2.42046e-02 2.51725e-02 2.56342e-02 2.57675e-02 2.57093e-02 2.55042e-02 2.50994e-02 2.44162e-02 2.34543e-02 2.23728e-02 2.14384e-02 2.07842e-02 2.03416e-02 1.99998e-02 1.96860e-02 1.93504e-02 1.89628e-02 1.85258e-02 1.80697e-02 1.76257e-02 1.71976e-02 1.67536e-02 1.62476e-02 1.56542e-02 1.49855e-02 1.42755e-02 1.35556e-02 1.28485e-02 1.21760e-02 1.15581e-02 1.10034e-02 1.05050e-02 1.00464e-02 9.61007e-03 9.18375e-03 8.76187e-03 8.34421e-03 7.93399e-03 7.53607e-03 7.15537e-03 6.79550e-03 6.45808e-03 6.14271e-03 5.84737e-03 5.56891e-03 5.30347e-03 5.04671e-03 4.79413e-03 4.54145e-03 4.28526e-03 4.02374e-03 3.75722e-03 3.48828e-03 3.22114e-03 2.96059e-03 2.71081e-03 2.47446e-03 2.25254e-03 2.04477e-03 1.85015e-03 1.66758e-03 1.49605e-03 1.33483e-03 1.18346e-03 1.04175e-03 9.09846e-04 7.88055e-04 6.76654e-04 5.75616e-04 4.84478e-04 4.02420e-04 3.28514e-04 2.62006e-04 2.02504e-04 1.50026e-04 1.04921e-04 6.77123e-05 3.89268e-05 1.88567e-05 7.06461e-06 1.80039e-06 2.59185e-07 1.64451e-08 2.35538e-10
20.250937 2.30006e-02 3.29514e-02 2.31991e-02 1.68317e-02 1.36305e-02 1.26461e-02 1.30450e-02 1.42568e-02 1.59527e-02 1.79161e-02 1.98785e-02 2.15465e-02 2.28074e-02 2.37170e-02 2.43568e-02 2.47891e-02 2.50531e-02 2.51373e-02 2.49681e-02 2.44731e-02 2.36633e-02 2.26945e-02 2.18277e-02 2.11899e-02 2.06979e-02 2.02332e-02 1.97485e-02 1.92564e-02 1.87944e-02 1.83832e-02 1.79941e-02 1.75584e-02 1.70165e-02 1.63618e-02 1.56367e-02 1.48930e-02 1.41631e-02 1.34608e-02 1.27956e-02 1.21789e-02 1.16202e-02 1.11214e-02 1.06759e-02 1.02710e-02 9.89275e-03 9.52940e-03 9.17307e-03 8.82023e-03 8.47141e-03 8.12994e-03 7.80014e-03 7.48557e-03 7.18809e-03 6.90747e-03 6.64143e-03 6.38598e-03 6.13588e-03 5.88525e-03 5.62848e-03 5.36112e-03 5.08096e-03 4.78862e-03 4.48760e-03 4.18368e-03 3.88363e-03 3.59380e-03 3.31903e-03 3.06196e-03 2.82315e-03 2.60150e-03 2.39504e-03 2.20150e-03 2.01884e-03 1.84544e-03 1.68010e-03 1.52200e-03 1.37065e-03 1.22586e-03 1.08777e-03 9.56728e-04 8.33146e-04 7.17207e-04 6.08752e-04 5.07366e-04 4.12673e-04 3.24701e-04 2.44156e-04 1.72517e-04 1.11838e-04 6.42202e-05 3.09564e-05 1.15158e-05 2.89547e-06 4.00068e-07 2.24962e-08 2.73631e-10
20.500948 2.24333e-02 3.21518e-02 2.25402e-02 1.63782e-02 1.35101e-02 1.28632e-02 1.34742e-02 1.46851e-02 1.61348e-02 1.76628e-02 1.91400e-02 2.04334e-02 2.15197e-02 2.24507e-02 2.32664e-02 2.39818e-02 2.45734e-02 2.49631e-02 2.50457e-02 2.47496e-02 2.40681e-02 2.31173e-02 2.21575e-02 2.13670e-02 2.07259e-02 2.01710e-02 1.96811e-02 1.92310e-02 1.87646e-02 1.82266e-02 1.76042e-02 1.69288e-02 1.62416e-02 1.55645e-02 1.48974e-02 1.42331e-02 1.35717e-02 1.29260e-02 1.23147e-02 1.17529e-02 1.12478e-02 1.08002e-02 1.04076e-02 1.00651e-02 9.76586e-03 9.50122e-03 9.26297e-03 9.04437e-03 8.84047e-03 8.64739e-03 8.46117e-03 8.27668e-03 8.08706e-03 7.88395e-03 7.65850e-03 7.40272e-03 7.11107e-03 6.78178e-03 6.41765e-03 6.02606e-03 5.61799e-03 5.20617e-03 4.80292e-03 4.41831e-03 4.05920e-03 3.72917e-03 3.42914e-03 3.15809e-03 2.91374e-03 2.69302e-03 2.49236e-03 2.30805e-03 2.13655e-03 1.97478e-03 1.82034e-03 1.67156e-03 1.52741e-03 1.38739e-03 1.25136e-03 1.11944e-03 9.91914e-04 8.69034e-04 7.50961e-04 6.37701e-04 5.29224e-04 4.25724e-04 3.28007e-04 2.37902e-04 1.58427e-04 9.33851e-05 4.61055e-05 1.74981e-05 4.45587e-06 6.12775e-07 3.28051e-08 3.67574e-10
20.750960 2.15192e-02 3.10049e-02 2.18852e-02 1.61095e-02 1.35375e-02 1.30725e-02 1.37034e-02 1.47509e-02 1.58953e-02 1.70689e-02 1.82316e-02 1.92981e-02 2.02689e-02 2.12303e-02 2.22434e-02 2.32798e-02 2.42221e-02 2.49207e-02 2.52526e-02 2.51364e-02 2.45290e-02 2.35269e-02 2.24399e-02 2.15217e-02 2.07747e-02 2.01002e-02 1.94394e-02 1.87855e-02 1.81637e-02 1.75983e-02 1.70847e-02 1.65896e-02 1.60740e-02 1.55125e-02 1.49000e-02 1.42526e-02 1.36024e-02 1.29841e-02 1.24208e-02 1.19210e-02 1.14842e-02 1.11070e-02 1.07850e-02 1.05144e-02 1.02924e-02 1.01150e-02 9.97468e-03 9.85974e-03 9.75439e-03 9.64057e-03 9.50018e-03 9.31745e-03 9.08090e-03 8.78445e-03 8.42791e-03 8.01672e-03 7.56116e-03 7.07502e-03 6.57383e-03 6.07300e-03 5.58601e-03 5.12314e-03 4.69101e-03 4.29274e-03 3.92880e-03 3.59798e-03 3.29826e-03 3.02749e-03 2.78356e-03 2.56438e-03 2.36767e-03 2.19076e-03 2.03048e-03 1.88329e-03 1.74559e-03 1.61419e-03 1.48663e-03 1.36143e-03 1.23806e-03 1.11664e-03 9.97610e-04 8.81440e-04 7.68443e-04 6.58759e-04 5.52465e-04 4.49799e-04 3.51489e-04 2.59207e-04 1.75958e-04 1.05972e-04 5.35559e-05 2.08314e-05 5.43854e-06 7.66662e-07 4.22310e-08 4.91335e-10
21.000971 2.03289e-02 2.95829e-02 2.12176e-02 1.59357e-02 1.35770e-02 1.30985e-02 1.35537e-02 1.43404e-02 1.52051e-02 1.61174e-02 1.70591e-02 1.79912e-02 1.89823e-02 2.01442e-02 2.14760e-02 2.28484e-02 2.40980e-02 2.50978e-02 2.57454e-02 2.59213e-02 2.54989e-02 2.45082e-02 2.32615e-02 2.20779e-02 2.10446e-02 2.01387e-02 1.93524e-02 1.86840e-02 1.81152e-02 1.76114e-02 1.71352e-02 1.66588e-02 1.61671e-02 1.56558e-02 1.51317e-02 1.46122e-02 1.41168e-02 1.36534e-02 1.32159e-02 1.27944e-02 1.23861e-02 1.20003e-02 1.16531e-02 1.13565e-02 1.11086e-02 1.08942e-02 1.06919e-02 1.04807e-02 1.02452e-02 9.97703e-03 9.67411e-03 9.33813e-03 8.97240e-03 8.58033e-03 8.16514e-03 7.73030e-03 7.28011e-03 6.82004e-03 6.35659e-03 5.89676e-03 5.44733e-03 5.01423e-03 4.60211e-03 4.21418e-03 3.85234e-03 3.51738e-03 3.20926e-03 2.92736e-03 2.67075e-03 2.43833e-03 2.22900e-03 2.04161e-03 1.87478e-03 1.72667e-03 1.59470e-03 1.47548e-03 1.36507e-03 1.25945e-03 1.15524e-03 1.05019e-03 9.43430e-04 8.35359e-04 7.27200e-04 6.20563e-04 5.17100e-04 4.18321e-04 3.25600e-04 2.40353e-04 1.64440e-04 1.00546e-04 5.19135e-05 2.07232e-05 5.57570e-06 8.17778e-07 4.83564e-08 6.20561e-10
21.250983 1.90545e-02 2.80681e-02 2.05547e-02 1.58031e-02 1.36001e-02 1.30112e-02 1.32151e-02 1.37088e-02 1.42962e-02 1.49903e-02 1.58472e-02 1.69061e-02 1.82165e-02 1.97533e-02 2.13931e-02 2.30225e-02 2.45841e-02 2.60040e-02 2.71127e-02 2.76552e-02 2.73944e-02 2.63380e-02 2.48681e-02 2.34016e-02 2.20877e-02 2.09273e-02 1.99226e-02 1.90763e-02 1.83709e-02 1.77703e-02 1.72330e-02 1.67262e-02 1.62373e-02 1.57770e-02 1.53642e-02 1.49985e-02 1.46416e-02 1.42406e-02 1.37714e-02 1.32548e-02 1.27351e-02 1.22507e-02 1.18179e-02 1.14306e-02 1.10707e-02 1.07197e-02 1.03655e-02 1.00039e-02 9.63621e-03 9.26599e-03 8.89584e-03 8.52658e-03 8.15835e-03 7.79206e-03 7.42944e-03 7.07209e-03 6.72050e-03 6.37413e-03 6.03192e-03 5.69292e-03 5.35652e-03 5.02259e-03 4.69138e-03 4.36357e-03 4.04027e-03 3.72310e-03 3.41416e-03 3.11598e-03 2.83132e-03 2.56292e-03 2.31323e-03 2.08409e-03 1.87659e-03 1.69100e-03 1.52678e-03 1.38256e-03 1.25606e-03 1.14409e-03 1.04258e-03 9.46989e-04 8.53090e-04 7.57830e-04 6.60038e-04 5.60578e-04 4.61899e-04 3.67220e-04 2.79688e-04 2.01846e-04 1.35534e-04 8.21104e-05 4.26190e-05 1.74007e-05 4.87741e-06 7.64027e-07 5.06190e-08 7.34391e-10
21.500994 1.80802e-02 2.68699e-02 2.00408e-02 1.57467e-02 1.36640e-02 1.29427e-02 1.28924e-02 1.31248e-02 1.35415e-02 1.42517e-02 1.53752e-02 1.68891e-02 1.86550e-02 2.05197e-02 2.24189e-02 2.43824e-02 2.64040e-02 2.83104e-02 2.97503e-02 3.03283e-02 2.97956e-02 2.82740e-02 2.63118e-02 2.44554e-02 2.28987e-02 2.16112e-02 2.05187e-02 1.95470e-02 1.86403e-02 1.77785e-02 1.69820e-02 1.62972e-02 1.57596e-02 1.53577e-02 1.50286e-02 1.46892e-02 1.42806e-02 1.37936e-02 1.32579e-02 1.27116e-02 1.21821e-02 1.16820e-02 1.12135e-02 1.07723e-02 1.03510e-02 9.94179e-03 9.53681e-03 9.13022e-03 8.72019e-03 8.31065e-03 7.91112e-03 7.53372e-03 7.18825e-03 6.87827e-03 6.60050e-03 6.34731e-03 6.10982e-03 5.87995e-03 5.65127e-03 5.41919e-03 5.18093e-03 4.93535e-03 4.68260e-03 4.42381e-03 4.16063e-03 3.89492e-03 3.62859e-03 3.36352e-03 3.10158e-03 2.84472e-03 2.59490e-03 2.35410e-03 2.12418e-03 1.90668e-03 1.70269e-03 1.51277e-03 1.33698e-03 1.17505e-03 1.02650e-03 8.90799e-04 7.67198e-04 6.54537e-04 5.51166e-04 4.55349e-04 3.66033e-04 2.83503e-04 2.09309e-04 1.45465e-04 9.35165e-05 5.41039e-05 2.69428e-05 1.07499e-05 3.06679e-06 5.27869e-07 4.31183e-08 7.56778e-10
21.751006 1.76631e-02 2.63213e-02 1.98509e-02 1.58452e-02 1.38186e-02 1.29435e-02 1.26798e-02 1.28274e-02 1.34464e-02 1.46836e-02 1.65052e-02 1.86369e-02 2.08160e-02 2.29564e-02 2.50866e-02 2.72145e-02 2.92230e-02 3.08559e-02 3.17931e-02 3.17700e-02 3.06822e-02 2.87381e-02 2.65030e-02 2.44973e-02 2.28657e-02 2.15116e-02 2.03036e-02 1.91622e-02 1.80854e-02 1.71211e-02 1.63117e-02 1.56583e-02 1.51247e-02 1.46607e-02 1.42229e-02 1.37844e-02 1.33362e-02 1.28788e-02 1.24140e-02 1.19433e-02 1.14689e-02 1.09924e-02 1.05134e-02 1.00296e-02 9.53938e-03 9.04590e-03 8.55943e-03 8.09661e-03 7.67616e-03 7.31261e-03 7.01051e-03 6.76249e-03 6.55239e-03 6.36158e-03 6.17442e-03 5.98090e-03 5.77687e-03 5.56278e-03 5.34177e-03 5.11787e-03 4.89452e-03 4.67393e-03 4.45687e-03 4.24300e-03 4.03136e-03 3.82080e-03 3.61037e-03 3.39952e-03 3.18813e-03 2.97657e-03 2.76550e-03 2.55584e-03 2.34855e-03 2.14449e-03 1.94430e-03 1.74832e-03 1.55666e-03 1.36946e-03 1.18716e-03 1.01096e-03 8.43160e-04 6.87042e-04 5.46211e-04 4.23450e-04 3.19750e-04 2.34183e-04 1.64700e-04 1.09279e-04 6.66155e-05 3.59771e-05 1.64237e-05 5.99314e-06 1.64587e-06 3.13987e-07 3.30388e-08 6.92684e-10
22.001017 1.77450e-02 2.63995e-02 1.99906e-02 1.60783e-02 1.40416e-02 1.30805e-02 1.28618e-02 1.34041e-02 1.47916e-02 1.69250e-02 1.94446e-02 2.19362e-02 2.41873e-02 2.61684e-02 2.78987e-02 2.93868e-02 3.06069e-02 3.14651e-02 3.17817e-02 3.13393e-02 2.99958e-02 2.78947e-02 2.55578e-02 2.34871e-02 2.18152e-02 2.04444e-02 1.92678e-02 1.82257e-02 1.72911e-02 1.64567e-02 1.57249e-02 1.50936e-02 1.45477e-02 1.40622e-02 1.36148e-02 1.31902e-02 1.27748e-02 1.23525e-02 1.19078e-02 1.14301e-02 1.09167e-02 1.03728e-02 9.81026e-03 9.24568e-03 8.69947e-03 8.19426e-03 7.75108e-03 7.38281e-03 7.08830e-03 6.85237e-03 6.65246e-03 6.46719e-03 6.28203e-03 6.09021e-03 5.89063e-03 5.68499e-03 5.47570e-03 5.26494e-03 5.05439e-03 4.84532e-03 4.63869e-03 4.43526e-03 4.23563e-03 4.04016e-03 3.84893e-03 3.66165e-03 3.47773e-03 3.29638e-03 3.11677e-03 2.93818e-03 2.76011e-03 2.58223e-03 2.40440e-03 2.22648e-03 2.04834e-03 1.86976e-03 1.69053e-03 1.51064e-03 1.33051e-03 1.15127e-03 9.75059e-04 8.05207e-04 6.46032e-04 5.02162e-04 3.77407e-04 2.73701e-04 1.90695e-04 1.26281e-04 7.77444e-05 4.28311e-05 1.99450e-05 7.28189e-06 1.91188e-06 3.30790e-07 3.19452e-08 6.66064e-10
22.251029 1.80874e-02 2.68017e-02 2.02701e-02 1.63397e-02 1.43849e-02 1.36910e-02 1.40418e-02 1.54061e-02 1.75851e-02 2.01826e-02 2.27602e-02 2.49961e-02 2.67642e-02 2.80758e-02 2.90160e-02 2.97145e-02 3.02664e-02 3.06309e-02 3.06027e-02 2.99141e-02 2.84098e-02 2.62632e-02 2.40031e-02 2.20730e-02 2.05474e-02 1.93262e-02 1.83147e-02 1.74474e-02 1.66878e-02 1.60221e-02 1.54421e-02 1.49318e-02 1.44697e-02 1.40381e-02 1.36214e-02 1.31991e-02 1.27480e-02 1.22511e-02 1.17037e-02 1.11122e-02 1.04906e-02 9.85872e-03 9.24221e-03 8.67176e-03 8.17549e-03 7.76786e-03 7.44309e-03 7.17916e-03 6.94977e-03 6.73494e-03 6.52440e-03 6.31506e-03 6.10700e-03 5.90085e-03 5.69649e-03 5.49284e-03 5.28823e-03 5.08125e-03 4.87147e-03 4.65974e-03 4.44797e-03 4.23863e-03 4.03404e-03 3.83599e-03 3.64544e-03 3.46253e-03 3.28674e-03 3.11708e-03 2.95234e-03 2.79126e-03 2.63259e-03 2.47519e-03 2.31800e-03 2.16007e-03 2.00064e-03 1.83921e-03 1.67564e-03 1.51022e-03 1.34372e-03 1.17739e-03 1.01302e-03 8.53052e-04 7.00534e-04 5.58975e-04 4.31810e-04 3.21689e-04 2.29863e-04 1.56028e-04 9.87700e-05 5.63870e-05 2.74649e-05 1.04984e-05 2.80482e-06 4.54305e-07 3.79592e-08 7.51019e-10
22.501041 1.84900e-02 2.72555e-02 2.05636e-02 1.67001e-02 1.51102e-02 1.50584e-02 1.61563e-02 1.80907e-02 2.04532e-02 2.28443e-02 2.49438e-02 2.65344e-02 2.75759e-02 2.81844e-02 2.85470e-02 2.88337e-02 2.91003e-02 2.92339e-02 2.89930e-02 2.81435e-02 2.66206e-02 2.46509e-02 2.26713e-02 2.09870e-02 1.96325e-02 1.85411e-02 1.76694e-02 1.69958e-02 1.64910e-02 1.61016e-02 1.57601e-02 1.54130e-02 1.50360e-02 1.46201e-02 1.41549e-02 1.36276e-02 1.30282e-02 1.23531e-02 1.16111e-02 1.08320e-02 1.00684e-02 9.38136e-03 8.81381e-03 8.37014e-03 8.02154e-03 7.72960e-03 7.46571e-03 7.21524e-03 6.97294e-03 6.73770e-03 6.50934e-03 6.28717e-03 6.06968e-03 5.85487e-03 5.64086e-03 5.42637e-03 5.21070e-03 4.99363e-03 4.77518e-03 4.55562e-03 4.33558e-03 4.11626e-03 3.89947e-03 3.68744e-03 3.48238e-03 3.28605e-03 3.09944e-03 2.92260e-03 2.75481e-03 2.59473e-03 2.44071e-03 2.29095e-03 2.14368e-03 1.99734e-03 1.85071e-03 1.70302e-03 1.55404e-03 1.40407e-03 1.25386e-03 1.10451e-03 9.57449e-04 8.14395e-04 6.77433e-04 5.48958e-04 4.31478e-04 3.27235e-04 2.37784e-04 1.63743e-04 1.04885e-04 6.05308e-05 2.98669e-05 1.16182e-05 3.17249e-06 5.26882e-07 4.56427e-08 9.45962e-10
22.751052 1.88364e-02 2.76705e-02 2.09233e-02 1.72754e-02 1.61607e-02 1.66848e-02 1.82177e-02 2.02485e-02 2.23259e-02 2.41520e-02 2.55577e-02 2.64668e-02 2.69481e-02 2.71708e-02 2.73059e-02 2.74604e-02 2.76272e-02 2.76645e-02 2.73505e-02 2.65410e-02 2.52350e-02 2.35392e-02 2.17576e-02 2.02292e-02 1.90673e-02 1.82335e-02 1.76653e-02 1.72888e-02 1.70176e-02 1.67761e-02 1.65222e-02 1.62396e-02 1.59056e-02 1.54724e-02 1.48793e-02 1.40918e-02 1.31421e-02 1.21349e-02 1.11973e-02 1.04110e-02 9.78736e-03 9.29327e-03 8.88579e-03 8.53150e-03 8.21077e-03 7.91380e-03 7.63531e-03 7.37135e-03 7.11835e-03 6.87306e-03 6.63280e-03 6.39561e-03 6.16030e-03 5.92632e-03 5.69355e-03 5.46206e-03 5.23186e-03 5.00285e-03 4.77471e-03 4.54690e-03 4.31877e-03 4.08974e-03 3.85968e-03 3.62942e-03 3.40105e-03 3.17782e-03 2.96342e-03 2.76093e-03 2.57208e-03 2.39693e-03 2.23417e-03 2.08158e-03 1.93660e-03 1.79680e-03 1.66011e-03 1.52505e-03 1.39075e-03 1.25695e-03 1.12390e-03 9.92190e-04 8.62768e-04 7.36874e-04 6.16075e-04 5.02226e-04 3.97329e-04 3.03277e-04 2.21568e-04 1.53102e-04 9.81803e-05 5.66643e-05 2.80283e-05 1.10266e-05 3.10681e-06 5.54669e-07 5.41015e-08 1.21141e-09
23.001064 1.90824e-02 2.80133e-02 2.12801e-02 1.78018e-02 1.69543e-02 1.77185e-02 1.93204e-02 2.11429e-02 2.27675e-02 2.40513e-02 2.49711e-02 2.55138e-02 2.57496e-02 2.58234e-02 2.58755e-02 2.59840e-02 2.61061e-02 2.60881e-02 2.58096e-02 2.52289e-02 2.42262e-02 2.27886e-02 2.12854e-02 2.01062e-02 1.93148e-02 1.87975e-02 1.84543e-02 1.82344e-02 1.81135e-02 1.80446e-02 1.79117e-02 1.75452e-02 1.68254e-02 1.57906e-02 1.46261e-02 1.35326e-02 1.26090e-02 1.18454e-02 1.11906e-02 1.06105e-02 1.00956e-02 9.64272e-03 9.24471e-03 8.89027e-03 8.56754e-03 8.26637e-03 7.97903e-03 7.70011e-03 7.42608e-03 7.15501e-03 6.88613e-03 6.61944e-03 6.35528e-03 6.09409e-03 5.83620e-03 5.58179e-03 5.33090e-03 5.08341e-03 4.83905e-03 4.59732e-03 4.35754e-03 4.11874e-03 3.87976e-03 3.63941e-03 3.39703e-03 3.15336e-03 2.91129e-03 2.67586e-03 2.45294e-03 2.24721e-03 2.06076e-03 1.89287e-03 1.74081e-03 1.60104e-03 1.47009e-03 1.34513e-03 1.22415e-03 1.10588e-03 9.89642e-04 8.75170e-04 7.62643e-04 6.52738e-04 5.46671e-04 4.46117e-04 3.52990e-04 2.69155e-04 1.96143e-04 1.34970e-04 8.61022e-05 4.94873e-05 2.45180e-05 9.80207e-06 2.89130e-06 5.68059e-07 6.27741e-08 1.49314e-09
23.251075 1.91107e-02 2.80633e-02 2.13165e-02 1.77986e-02 1.69085e-02 1.76244e-02 1.91239e-02 2.07415e-02 2.21071e-02 2.31729e-02 2.39543e-02 2.44152e-02 2.45888e-02 2.45881e-02 2.45221e-02 2.44395e-02 2.43436e-02 2.42950e-02 2.43441e-02 2.42974e-02 2.38133e-02 2.28193e-02 2.16824e-02 2.08274e-02 2.04116e-02 2.03952e-02 2.06167e-02 2.07720e-02 2.05063e-02 1.96609e-02 1.84388e-02 1.72144e-02 1.61670e-02 1.52247e-02 1.42976e-02 1.34001e-02 1.25867e-02 1.18846e-02 1.12880e-02 1.07777e-02 1.03338e-02 9.94063e-03 9.58643e-03 9.26212e-03 8.95928e-03 8.66952e-03 8.38517e-03 8.10038e-03 7.81190e-03 7.51911e-03 7.22341e-03 6.92734e-03 6.63362e-03 6.34451e-03 6.06148e-03 5.78519e-03 5.51564e-03 5.25231e-03 4.99437e-03 4.74069e-03 4.48995e-03 4.24067e-03 3.99118e-03 3.73974e-03 3.48467e-03 3.22474e-03 2.96021e-03 2.69409e-03 2.43289e-03 2.18543e-03 1.95988e-03 1.76071e-03 1.58769e-03 1.43706e-03 1.30362e-03 1.18248e-03 1.06991e-03 9.63366e-04 8.61173e-04 7.62107e-04 6.65341e-04 5.70640e-04 4.78589e-04 3.90567e-04 3.08469e-04 2.34283e-04 1.69700e-04 1.15872e-04 7.33206e-05 4.19096e-05 2.08252e-05 8.50881e-06 2.65486e-06 5.76645e-07 7.06922e-08 1.74980e-09
23.501087 1.86978e-02 2.75309e-02 2.08216e-02 1.71441e-02 1.60683e-02 1.66560e-02 1.80655e-02 1.96166e-02 2.09775e-02 2.21176e-02 2.30050e-02 2.35269e-02 2.36565e-02 2.34718e-02 2.30877e-02 2.26842e-02 2.25363e-02 2.28143e-02 2.33551e-02 2.38258e-02 2.40040e-02 2.39246e-02 2.39221e-02 2.42124e-02 2.44844e-02 2.41915e-02 2.31397e-02 2.16720e-02 2.02599e-02 1.90358e-02 1.78742e-02 1.67167e-02 1.56213e-02 1.46459e-02 1.38028e-02 1.30759e-02 1.24421e-02 1.18815e-02 1.13791e-02 1.09253e-02 1.05152e-02 1.01467e-02 9.81692e-03 9.51839e-03 9.23986e-03 8.96958e-03 8.69814e-03 8.41975e-03 8.13234e-03 7.83694e-03 7.53643e-03 7.23438e-03 6.93401e-03 6.63786e-03 6.34763e-03 6.06418e-03 5.78763e-03 5.51745e-03 5.25255e-03 4.99138e-03 4.73209e-03 4.47262e-03 4.21082e-03 3.94450e-03 3.67159e-03 3.39034e-03 3.10006e-03 2.80231e-03 2.50248e-03 2.21040e-03 1.93838e-03 1.69694e-03 1.49084e-03 1.31829e-03 1.17323e-03 1.04848e-03 9.37977e-04 8.37517e-04 7.44394e-04 6.56679e-04 5.72795e-04 4.91614e-04 4.12832e-04 3.37157e-04 2.66124e-04 2.01625e-04 1.45412e-04 9.87335e-05 6.21486e-05 3.54647e-05 1.77595e-05 7.45224e-06 2.46145e-06 5.81990e-07 7.66549e-08 1.94148e-09
23.751098 1.78514e-02 2.64779e-02 1.99971e-02 1.62292e-02 1.49484e-02 1.53427e-02 1.66347e-02 1.82130e-02 1.97658e-02 2.11863e-02 2.23146e-02 2.29270e-02 2.29385e-02 2.24393e-02 2.16787e-02 2.10675e-02 2.10184e-02 2.17696e-02 2.33661e-02 2.55986e-02 2.78408e-02 2.92451e-02 2.93624e-02 2.83011e-02 2.64543e-02 2.43293e-02 2.23198e-02 2.05694e-02 1.90854e-02 1.78381e-02 1.67764e-02 1.58488e-02 1.50213e-02 1.42760e-02 1.36021e-02 1.29903e-02 1.24312e-02 1.19151e-02 1.14348e-02 1.09892e-02 1.05832e-02 1.02209e-02 9.89933e-03 9.60879e-03 9.33731e-03 9.07406e-03 8.81094e-03 8.54331e-03 8.26993e-03 7.99214e-03 7.71230e-03 7.43257e-03 7.15444e-03 6.87881e-03 6.60618e-03 6.33676e-03 6.07039e-03 5.80646e-03 5.54389e-03 5.28120e-03 5.01659e-03 4.74806e-03 4.47349e-03 4.19072e-03 3.89761e-03 3.59233e-03 3.27405e-03 2.94417e-03 2.60808e-03 2.27624e-03 1.96298e-03 1.68231e-03 1.44281e-03 1.24518e-03 1.08376e-03 9.50216e-04 8.36661e-04 7.37225e-04 6.48085e-04 5.66716e-04 4.91169e-04 4.19868e-04 3.51873e-04 2.87159e-04 2.26598e-04 1.71609e-04 1.23676e-04 8.39315e-05 5.28882e-05 3.03400e-05 1.54026e-05 6.64647e-06 2.30013e-06 5.75817e-07 7.89883e-08 2.02293e-09
24.001110 1.70378e-02 2.54237e-02 1.91739e-02 1.53483e-02 1.38536e-02 1.40412e-02 1.52753e-02 1.70226e-02 1.89250e-02 2.07276e-02 2.20968e-02 2.26719e-02 2.23385e-02 2.13499e-02 2.02996e-02 1.99668e-02 2.10156e-02 2.36708e-02 2.74525e-02 3.11585e-02 3.33066e-02 3.30542e-02 3.08624e-02 2.78726e-02 2.49398e-02 2.24731e-02 2.05820e-02 1.91668e-02 1.80534e-02 1.71069e-02 1.62579e-02 1.54799e-02 1.47638e-02 1.41050e-02 1.34980e-02 1.29350e-02 1.24053e-02 1.18999e-02 1.14175e-02 1.09673e-02 1.05603e-02 1.02001e-02 9.88091e-03 9.59221e-03 9.32238e-03 9.06149e-03 8.80291e-03 8.54398e-03 8.28503e-03 8.02754e-03 7.77261e-03 7.52035e-03 7.27019e-03 7.02141e-03 6.77330e-03 6.52516e-03 6.27615e-03 6.02515e-03 5.77074e-03 5.51128e-03 5.24497e-03 4.96996e-03 4.68438e-03 4.38637e-03 4.07417e-03 3.74647e-03 3.40314e-03 3.04666e-03 2.68368e-03 2.32577e-03 1.98798e-03 1.68458e-03 1.42450e-03 1.20914e-03 1.03372e-03 8.90342e-04 7.70944e-04 6.68969e-04 5.79812e-04 5.00411e-04 4.28581e-04 3.62642e-04 3.01439e-04 2.44522e-04 1.92172e-04 1.45197e-04 1.04566e-04 7.10496e-05 4.49553e-05 2.60122e-05 1.34090e-05 5.92698e-06 2.11849e-06 5.48018e-07 7.66851e-08 1.97259e-09
24.251122 1.67147e-02 2.49153e-02 1.86578e-02 1.47379e-02 1.31148e-02 1.32408e-02 1.45614e-02 1.65463e-02 1.87367e-02 2.07192e-02 2.20244e-02 2.22692e-02 2.15249e-02 2.04238e-02 1.99212e-02 2.08690e-02 2.35677e-02 2.75297e-02 3.15964e-02 3.43707e-02 3.47802e-02 3.27156e-02 2.92718e-02 2.58411e-02 2.31250e-02 2.11571e-02 1.97198e-02 1.85929e-02 1.76367e-02 1.67840e-02 1.60081e-02 1.52990e-02 1.46507e-02 1.40554e-02 1.35007e-02 1.29692e-02 1.24441e-02 1.19215e-02 1.14150e-02 1.09465e-02 1.05302e-02 1.01668e-02 9.84740e-03 9.55890e-03 9.28947e-03 9.03107e-03 8.77977e-03 8.53417e-03 8.29359e-03 8.05706e-03 7.82317e-03 7.59050e-03 7.35786e-03 7.12439e-03 6.88927e-03 6.65161e-03 6.41024e-03 6.16372e-03 5.91040e-03 5.64852e-03 5.37633e-03 5.09211e-03 4.79423e-03 4.48118e-03 4.15180e-03 3.80573e-03 3.44440e-03 3.07215e-03 2.69728e-03 2.33188e-03 1.98971e-03 1.68255e-03 1.41720e-03 1.19456e-03 1.01090e-03 8.59945e-04 7.34718e-04 6.28961e-04 5.37813e-04 4.57853e-04 3.86728e-04 3.22772e-04 2.64852e-04 2.12381e-04 1.65301e-04 1.23941e-04 8.87733e-05 6.01454e-05 3.80716e-05 2.21378e-05 1.15360e-05 5.18758e-06 1.89386e-06 4.99045e-07 7.04559e-08 1.81315e-09
24.501133 1.69475e-02 2.52249e-02 1.88127e-02 1.47898e-02 1.31115e-02 1.32380e-02 1.45883e-02 1.65673e-02 1.86407e-02 2.03616e-02 2.13264e-02 2.13426e-02 2.07399e-02 2.03030e-02 2.08501e-02 2.28086e-02 2.59899e-02 2.96386e-02 3.26926e-02 3.41557e-02 3.34802e-02 3.09475e-02 2.76771e-02 2.47533e-02 2.25182e-02 2.08341e-02 1.95124e-02 1.84252e-02 1.74925e-02 1.66684e-02 1.59302e-02 1.52676e-02 1.46707e-02 1.41217e-02 1.35915e-02 1.30499e-02 1.24866e-02 1.19211e-02 1.13872e-02 1.09101e-02 1.04963e-02 1.01385e-02 9.82363e-03 9.53999e-03 9.27945e-03 9.03630e-03 8.80569e-03 8.58311e-03 8.36458e-03 8.14697e-03 7.92809e-03 7.70659e-03 7.48163e-03 7.25253e-03 7.01854e-03 6.77864e-03 6.53160e-03 6.27602e-03 6.01052e-03 5.73385e-03 5.44491e-03 5.14281e-03 4.82678e-03 4.49626e-03 4.15116e-03 3.79246e-03 3.42292e-03 3.04795e-03 2.67587e-03 2.31727e-03 1.98309e-03 1.68208e-03 1.41910e-03 1.19490e-03 1.00697e-03 8.50725e-04 7.20548e-04 6.10851e-04 5.16878e-04 4.35100e-04 3.63105e-04 2.99269e-04 2.42505e-04 1.92154e-04 1.47932e-04 1.09840e-04 7.79926e-05 5.24355e-05 3.29754e-05 1.90910e-05 9.94557e-06 4.49715e-06 1.65814e-06 4.40567e-07 6.22687e-08 1.59621e-09
24.751145 1.76271e-02 2.63508e-02 1.97596e-02 1.55936e-02 1.37720e-02 1.37204e-02 1.47885e-02 1.63460e-02 1.79117e-02 1.91820e-02 1.99551e-02 2.02075e-02 2.02758e-02 2.07284e-02 2.20255e-02 2.42659e-02 2.71122e-02 2.99018e-02 3.18906e-02 3.25190e-02 3.15801e-02 2.93750e-02 2.67171e-02 2.43372e-02 2.24227e-02 2.08686e-02 1.95770e-02 1.84898e-02 1.75637e-02 1.67646e-02 1.60664e-02 1.54452e-02 1.48707e-02 1.43034e-02 1.37114e-02 1.30927e-02 1.24759e-02 1.18964e-02 1.13761e-02 1.09188e-02 1.05174e-02 1.01629e-02 9.84877e-03 9.56950e-03 9.31894e-03 9.08992e-03 8.87513e-03 8.66820e-03 8.46408e-03 8.25910e-03 8.05070e-03 7.83714e-03 7.61708e-03 7.38934e-03 7.15272e-03 6.90595e-03 6.64779e-03 6.37722e-03 6.09361e-03 5.79673e-03 5.48677e-03 5.16423e-03 4.82975e-03 4.48425e-03 4.12905e-03 3.76635e-03 3.39964e-03 3.03403e-03 2.67618e-03 2.33372e-03 2.01414e-03 1.72348e-03 1.46539e-03 1.24083e-03 1.04851e-03 8.85407e-04 7.47396e-04 6.30007e-04 5.29186e-04 4.41770e-04 3.65507e-04 2.98797e-04 2.40443e-04 1.89538e-04 1.45457e-04 1.07839e-04 7.65103e-05 5.13531e-05 3.21436e-05 1.84249e-05 9.44315e-06 4.18054e-06 1.50711e-06 3.92041e-07 5.43890e-08 1.37589e-09
25.001156 1.86394e-02 2.80447e-02 2.11899e-02 1.67555e-02 1.46054e-02 1.41360e-02 1.46838e-02 1.56717e-02 1.67419e-02 1.77387e-02 1.85807e-02 1.92635e-02 1.99901e-02 2.10863e-02 2.27623e-02 2.49531e-02 2.73137e-02 2.93598e-02 3.06534e-02 3.09147e-02 3.00323e-02 2.81781e-02 2.59195e-02 2.38178e-02 2.20523e-02 2.05862e-02 1.93739e-02 1.83777e-02 1.75562e-02 1.68658e-02 1.62576e-02 1.56756e-02 1.50728e-02 1.44372e-02 1.37938e-02 1.31776e-02 1.26098e-02 1.20932e-02 1.16191e-02 1.11796e-02 1.07733e-02 1.04033e-02 1.00709e-02 9.77378e-03 9.50654e-03 9.26255e-03 9.03516e-03 8.81841e-03 8.60723e-03 8.39747e-03 8.18582e-03 7.96958e-03 7.74646e-03 7.51439e-03 7.27139e-03 7.01564e-03 6.74566e-03 6.46056e-03 6.16019e-03 5.84523e-03 5.51706e-03 5.17763e-03 4.82927e-03 4.47451e-03 4.11611e-03 3.75715e-03 3.40116e-03 3.05220e-03 2.71476e-03 2.39349e-03 2.09274e-03 1.81604e-03 1.56568e-03 1.34252e-03 1.14601e-03 9.74434e-04 8.25256e-04 6.95677e-04 5.83113e-04 4.85416e-04 4.00792e-04 3.27635e-04 2.64445e-04 2.09870e-04 1.62802e-04 1.22461e-04 8.83988e-05 6.04149e-05 3.83938e-05 2.21341e-05 1.11909e-05 4.74319e-06 1.58505e-06 3.76634e-07 4.86432e-08 1.18851e-09
25.251168 1.98368e-02 2.99459e-02 2.26681e-02 1.78241e-02 1.52261e-02 1.42637e-02 1.43294e-02 1.49253e-02 1.57598e-02 1.67155e-02 1.77236e-02 1.87454e-02 1.98784e-02 2.12953e-02 2.30646e-02 2.50583e-02 2.69925e-02 2.85500e-02 2.94755e-02 2.95874e-02 2.87617e-02 2.70847e-02 2.50111e-02 2.30307e-02 2.13303e-02 1.99206e-02 1.87926e-02 1.79154e-02 1.72227e-02 1.66254e-02 1.60442e-02 1.54485e-02 1.48590e-02 1.43103e-02 1.38197e-02 1.33772e-02 1.29557e-02 1.25340e-02 1.21094e-02 1.16932e-02 1.12979e-02 1.09313e-02 1.05954e-02 1.02879e-02 1.00047e-02 9.74009e-03 9.48852e-03 9.24460e-03 9.00366e-03 8.76188e-03 8.51631e-03 8.26476e-03 8.00555e-03 7.73730e-03 7.45880e-03 7.16896e-03 6.86690e-03 6.55214e-03 6.22472e-03 5.88539e-03 5.53568e-03 5.17786e-03 4.81484e-03 4.44990e-03 4.08648e-03 3.72800e-03 3.37777e-03 3.03905e-03 2.71498e-03 2.40855e-03 2.12241e-03 1.85856e-03 1.61814e-03 1.40126e-03 1.20704e-03 1.03393e-03 8.80165e-04 7.44201e-04 6.24855e-04 5.21055e-04 4.31526e-04 3.54680e-04 2.88745e-04 2.31989e-04 1.82925e-04 1.40453e-04 1.03916e-04 7.30487e-05 4.78361e-05 2.83431e-05 1.45441e-05 6.06934e-06 1.89597e-06 3.98969e-07 4.55485e-08 1.04682e-09
25.501179 2.10511e-02 3.17619e-02 2.39467e-02 1.86249e-02 1.55821e-02 1.41960e-02 1.39283e-02 1.43420e-02 1.51569e-02 1.62305e-02 1.74558e-02 1.87416e-02 2.00987e-02 2.15989e-02 2.32490e-02 2.49392e-02 2.64790e-02 2.76676e-02 2.83294e-02 2.83101e-02 2.74878e-02 2.59352e-02 2.40634e-02 2.23081e-02 2.08107e-02 1.95344e-02 1.84246e-02 1.74255e-02 1.65002e-02 1.56666e-02 1.49865e-02 1.45084e-02 1.42146e-02 1.40188e-02 1.38230e-02 1.35742e-02 1.32699e-02 1.29307e-02 1.25786e-02 1.22298e-02 1.18941e-02 1.15764e-02 1.12779e-02 1.09970e-02 1.07300e-02 1.04723e-02 1.02183e-02 9.96250e-03 9.69945e-03 9.42467e-03 9.13495e-03 8.82871e-03 8.50599e-03 8.16806e-03 7.81690e-03 7.45463e-03 7.08311e-03 6.70386e-03 6.31826e-03 5.92781e-03 5.53444e-03 5.14056e-03 4.74896e-03 4.36261e-03 3.98448e-03 3.61743e-03 3.26420e-03 2.92741e-03 2.60948e-03 2.31242e-03 2.03763e-03 1.78570e-03 1.55641e-03 1.34880e-03 1.16153e-03 9.93192e-04 8.42709e-04 7.09363e-04 5.92606e-04 4.91693e-04 4.05440e-04 3.32218e-04 2.70152e-04 2.17362e-04 1.72181e-04 1.33299e-04 9.98467e-05 7.13751e-05 4.77517e-05 2.90249e-05 1.52954e-05 6.50464e-06 2.02015e-06 4.04673e-07 4.26957e-08 9.34001e-10
25.751191 2.22659e-02 3.34404e-02 2.50249e-02 1.92355e-02 1.58291e-02 1.41373e-02 1.36537e-02 1.39813e-02 1.48467e-02 1.60812e-02 1.75314e-02 1.90408e-02 2.05382e-02 2.20286e-02 2.35071e-02 2.49175e-02 2.61561e-02 2.70859e-02 2.75499e-02 2.74072e-02 2.65816e-02 2.51729e-02 2.35176e-02 2.18843e-02 2.02668e-02 1.86201e-02 1.70566e-02 1.57834e-02 1.49484e-02 1.45269e-02 1.43472e-02 1.42316e-02 1.40928e-02 1.39216e-02 1.37301e-02 1.35243e-02 1.33041e-02 1.30703e-02 1.28266e-02 1.25793e-02 1.23347e-02 1.20972e-02 1.18686e-02 1.16472e-02 1.14286e-02 1.12059e-02 1.09718e-02 1.07187e-02 1.04410e-02 1.01347e-02 9.79896e-03 9.43481e-03 9.04530e-03 8.63444e-03 8.20648e-03 7.76546e-03 7.31506e-03 6.85875e-03 6.40006e-03 5.94276e-03 5.49084e-03 5.04836e-03 4.61923e-03 4.20693e-03 3.81433e-03 3.44362e-03 3.09615e-03 2.77241e-03 2.47210e-03 2.19428e-03 1.93763e-03 1.70077e-03 1.48252e-03 1.28207e-03 1.09902e-03 9.33287e-04 7.84920e-04 6.53848e-04 5.39655e-04 4.41455e-04 3.57910e-04 2.87387e-04 2.28166e-04 1.78613e-04 1.37288e-04 1.02996e-04 7.47936e-05 5.19720e-05 3.39939e-05 2.04156e-05 1.08140e-05 4.72948e-06 1.54589e-06 3.30378e-07 3.67376e-08 8.16867e-10
26.001202 2.39200e-02 3.55367e-02 2.62976e-02 2.00061e-02 1.63142e-02 1.44314e-02 1.38127e-02 1.40701e-02 1.49463e-02 1.62700e-02 1.78630e-02 1.95264e-02 2.11478e-02 2.27183e-02 2.42391e-02 2.56378e-02 2.67459e-02 2.73697e-02 2.73872e-02 2.67404e-02 2.53594e-02 2.33195e-02 2.10556e-02 1.90701e-02 1.75925e-02 1.66130e-02 1.59905e-02 1.55497e-02 1.51696e-02 1.48091e-02 1.44778e-02 1.41917e-02 1.39518e-02 1.37480e-02 1.35676e-02 1.33998e-02 1.32367e-02 1.30736e-02 1.29087e-02 1.27422e-02 1.25747e-02 1.24056e-02 1.22326e-02 1.20515e-02 1.18563e-02 1.16410e-02 1.13997e-02 1.11281e-02 1.08231e-02 1.04837e-02 1.01099e-02 9.70324e-03 9.26631e-03 8.80299e-03 8.31826e-03 7.81810e-03 7.30929e-03 6.79902e-03 6.29446e-03 5.80231e-03 5.32839e-03 4.87729e-03 4.45211e-03 4.05438e-03 3.68408e-03 3.33991e-03 3.01967e-03 2.72074e-03 2.44062e-03 2.17737e-03 1.92983e-03 1.69766e-03 1.48118e-03 1.28109e-03 1.09817e-03 9.32952e-04 7.85550e-04 6.55576e-04 5.42146e-04 4.43979e-04 3.59559e-04 2.87318e-04 2.25803e-04 1.73765e-04 1.30184e-04 9.42438e-05 6.52695e-05 4.26659e-05 2.58519e-05 1.41869e-05 6.86355e-06 2.83476e-06 9.46633e-07 2.26467e-07 2.88589e-08 6.85407e-10
26.251214 2.66598e-02 3.89599e-02 2.84233e-02 2.14685e-02 1.75036e-02 1.54697e-02 1.46943e-02 1.47875e-02 1.55454e-02 1.68598e-02 1.86128e-02 2.06267e-02 2.26995e-02 2.45819e-02 2.59799e-02 2.66690e-02 2.65802e-02 2.57943e-02 2.44845e-02 2.28629e-02 2.11730e-02 1.96552e-02 1.84926e-02 1.77216e-02 1.72009e-02 1.67484e-02 1.62658e-02 1.57511e-02 1.52503e-02 1.48053e-02 1.44331e-02 1.41307e-02 1.38846e-02 1.36789e-02 1.35007e-02 1.33409e-02 1.31940e-02 1.30563e-02 1.29245e-02 1.27946e-02 1.26617e-02 1.25198e-02 1.23629e-02 1.21851e-02 1.19806e-02 1.17443e-02 1.14718e-02 1.11597e-02 1.08061e-02 1.04111e-02 9.97672e-03 9.50735e-03 9.00952e-03 8.49156e-03 7.96295e-03 7.43362e-03 6.91303e-03 6.40942e-03 5.92914e-03 5.47628e-03 5.05262e-03 4.65785e-03 4.29004e-03 3.94617e-03 3.62276e-03 3.31638e-03 3.02415e-03 2.74404e-03 2.47508e-03 2.21732e-03 1.97172e-03 1.73976e-03 1.52314e-03 1.32335e-03 1.14142e-03 9.77740e-04 8.31972e-04 7.03182e-04 5.89994e-04 4.90812e-04 4.04046e-04 3.28283e-04 2.62387e-04 2.05499e-04 1.56959e-04 1.16209e-04 8.26999e-05 5.58584e-05 3.51037e-05 1.98923e-05 9.69585e-06 3.80833e-06 1.11281e-06 2.20816e-07 2.45721e-08 5.68959e-10
26.501226 3.07236e-02 4.41214e-02 3.17457e-02 2.38723e-02 1.94767e-02 1.70901e-02 1.59416e-02 1.57814e-02 1.66083e-02 1.83822e-02 2.07262e-02 2.29045e-02 2.42525e-02 2.45816e-02 2.41365e-02 2.33227e-02 2.25310e-02 2.19068e-02 2.12881e-02 2.05479e-02 1.97194e-02 1.88752e-02 1.81023e-02 1.74609e-02 1.69352e-02 1.64752e-02 1.60420e-02 1.56129e-02 1.51845e-02 1.47701e-02 1.43890e-02 1.40546e-02 1.37710e-02 1.35352e-02 1.33414e-02 1.31842e-02 1.30576e-02 1.29547e-02 1.28662e-02 1.27807e-02 1.26858e-02 1.25691e-02 1.24201e-02 1.22303e-02 1.19946e-02 1.17102e-02 1.13768e-02 1.09960e-02 1.05709e-02 1.01066e-02 9.60965e-03 9.08815e-03 8.55174e-03 8.01092e-03 7.47633e-03 6.95772e-03 6.46300e-03 5.99743e-03 5.56332e-03 5.16024e-03 4.78569e-03 4.43602e-03 4.10735e-03 3.79613e-03 3.49949e-03 3.21533e-03 2.94217e-03 2.67918e-03 2.42608e-03 2.18318e-03 1.95134e-03 1.73184e-03 1.52614e-03 1.33564e-03 1.16137e-03 1.00376e-03 8.62547e-04 7.36830e-04 6.25239e-04 5.26209e-04 4.38244e-04 3.60122e-04 2.90977e-04 2.30268e-04 1.77666e-04 1.32898e-04 9.56396e-05 6.54584e-05 4.18381e-05 2.42391e-05 1.21251e-05 4.84883e-06 1.38446e-06 2.45121e-07 2.28318e-08 4.89934e-10
26.751237 3.54431e-02 5.01993e-02 3.56474e-02 2.64591e-02 2.12357e-02 1.84211e-02 1.74401e-02 1.79334e-02 1.91872e-02 2.03694e-02 2.10469e-02 2.12122e-02 2.10615e-02 2.08948e-02 2.08830e-02 2.09416e-02 2.09457e-02 2.08418e-02 2.06140e-02 2.02437e-02 1.96822e-02 1.89195e-02 1.80779e-02 1.73069e-02 1.66569e-02 1.61118e-02 1.56429e-02 1.52209e-02 1.48214e-02 1.44331e-02 1.40606e-02 1.37187e-02 1.34224e-02 1.31804e-02 1.29940e-02 1.28581e-02 1.27645e-02 1.27019e-02 1.26566e-02 1.26131e-02 1.25547e-02 1.24665e-02 1.23357e-02 1.21538e-02 1.19161e-02 1.16218e-02 1.12737e-02 1.08765e-02 1.04362e-02 9.95918e-03 9.45233e-03 8.92298e-03 8.37924e-03 7.83001e-03 7.28485e-03 6.75336e-03 6.24430e-03 5.76458e-03 5.31838e-03 4.90678e-03 4.52812e-03 4.17898e-03 3.85530e-03 3.55328e-03 3.26977e-03 3.00222e-03 2.74848e-03 2.50669e-03 2.27533e-03 2.05351e-03 1.84113e-03 1.63894e-03 1.44830e-03 1.27081e-03 1.10781e-03 9.60027e-04 8.27395e-04 7.09071e-04 6.03666e-04 5.09578e-04 4.25321e-04 3.49759e-04 2.82197e-04 2.22331e-04 1.70115e-04 1.25577e-04 8.86764e-05 5.91932e-05 3.66980e-05 2.05611e-05 9.97050e-06 3.90964e-06 1.11944e-06 2.04949e-07 2.01342e-08 4.44558e-10
27.001249 3.90663e-02 5.49651e-02 3.86686e-02 2.83734e-02 2.29297e-02 2.05613e-02 1.97286e-02 1.93196e-02 1.89901e-02 1.88561e-02 1.89968e-02 1.93665e-02 1.98304e-02 2.02172e-02 2.04420e-02 2.05175e-02 2.04912e-02 2.03973e-02 2.02335e-02 1.99639e-02 1.95327e-02 1.89167e-02 1.81920e-02 1.74511e-02 1.67196e-02 1.60062e-02 1.53402e-02 1.47560e-02 1.42698e-02 1.38715e-02 1.35328e-02 1.32260e-02 1.29396e-02 1.26796e-02 1.24614e-02 1.22977e-02 1.21915e-02 1.21350e-02 1.21130e-02 1.21069e-02 1.20984e-02 1.20709e-02 1.20102e-02 1.19052e-02 1.17474e-02 1.15315e-02 1.12555e-02 1.09207e-02 1.05318e-02 1.00956e-02 9.61992e-03 9.11234e-03 8.58012e-03 8.03034e-03 7.47040e-03 6.90856e-03 6.35412e-03 5.81714e-03 5.30730e-03 4.83239e-03 4.39688e-03 4.00153e-03 3.64412e-03 3.32079e-03 3.02731e-03 2.75950e-03 2.51329e-03 2.28457e-03 2.06946e-03 1.86481e-03 1.66881e-03 1.48135e-03 1.30367e-03 1.13782e-03 9.85764e-04 8.48773e-04 7.27047e-04 6.19756e-04 5.25335e-04 4.41922e-04 3.67764e-04 3.01509e-04 2.42310e-04 1.89789e-04 1.43903e-04 1.04768e-04 7.24978e-05 4.70475e-05 2.81089e-05 1.50572e-05 6.96067e-06 2.63550e-06 7.64966e-07 1.55812e-07 1.79794e-08 4.24948e-10
27.251260 3.97125e-02 5.61880e-02 4.01136e-02 2.99212e-02 2.43160e-02 2.14334e-02 2.00408e-02 1.95036e-02 1.94141e-02 1.95148e-02 1.97206e-02 1.99565e-02 2.01299e-02 2.01985e-02 2.01633e-02 2.00470e-02 1.98774e-02 1.96768e-02 1.94537e-02 1.91935e-02 1.88503e-02 1.83895e-02 1.78557e-02 1.73056e-02 1.67350e-02 1.61263e-02 1.54845e-02 1.48313e-02 1.41992e-02 1.36254e-02 1.31416e-02 1.27619e-02 1.24778e-02 1.22641e-02 1.20927e-02 1.19445e-02 1.18129e-02 1.17001e-02 1.16095e-02 1.15413e-02 1.14915e-02 1.14527e-02 1.14156e-02 1.13698e-02 1.13041e-02 1.12072e-02 1.10685e-02 1.08798e-02 1.06345e-02 1.03296e-02 9.96556e-03 9.54667e-03 9.07951e-03 8.57166e-03 8.03077e-03 7.46461e-03 6.88162e-03 6.29182e-03 5.70719e-03 5.14111e-03 4.60653e-03 4.11365e-03 3.66812e-03 3.27091e-03 2.91972e-03 2.61047e-03 2.33812e-03 2.09671e-03 1.87947e-03 1.67970e-03 1.49216e-03 1.31421e-03 1.14589e-03 9.89108e-04 8.46298e-04 7.19226e-04 6.08364e-04 5.12848e-04 4.30857e-04 3.60157e-04 2.98601e-04 2.44462e-04 1.96564e-04 1.54255e-04 1.17286e-04 8.56544e-05 5.94373e-05 3.86486e-05 2.31111e-05 1.23777e-05 5.72093e-06 2.17692e-06 6.48646e-07 1.40962e-07 1.74228e-08 4.18261e-10
27.501272 3.71090e-02 5.32300e-02 3.89053e-02 2.94928e-02 2.42787e-02 2.21926e-02 2.18605e-02 2.19767e-02 2.18205e-02 2.13418e-02 2.07845e-02 2.03039e-02 1.99369e-02 1.96805e-02 1.95047e-02 1.93638e-02 1.92136e-02 1.90233e-02 1.87755e-02 1.84564e-02 1.80523e-02 1.75814e-02 1.71233e-02 1.67317e-02 1.63813e-02 1.60279e-02 1.56442e-02 1.52156e-02 1.47390e-02 1.42245e-02 1.36952e-02 1.31828e-02 1.27197e-02 1.23300e-02 1.20237e-02 1.17957e-02 1.16293e-02 1.15027e-02 1.13945e-02 1.12892e-02 1.11801e-02 1.10682e-02 1.09590e-02 1.08584e-02 1.07691e-02 1.06890e-02 1.06114e-02 1.05260e-02 1.04206e-02 1.02820e-02 1.00970e-02 9.85369e-03 9.54426e-03 9.16613e-03 8.72211e-03 8.21917e-03 7.66689e-03 7.07662e-03 6.46127e-03 5.83551e-03 5.21553e-03 4.61791e-03 4.05749e-03 3.54514e-03 3.08673e-03 2.68396e-03 2.33573e-03 2.03856e-03 1.78601e-03 1.56872e-03 1.37639e-03 1.20074e-03 1.03749e-03 8.86326e-04 7.49099e-04 6.27843e-04 5.23410e-04 4.35117e-04 3.61091e-04 2.98895e-04 2.46108e-04 2.00707e-04 1.61228e-04 1.26760e-04 9.68372e-05 7.12913e-05 5.00834e-05 3.31596e-05 2.03408e-05 1.12728e-05 5.43451e-06 2.16114e-06 6.63985e-07 1.44148e-07 1.73600e-08 4.07678e-10
27.751283 3.24551e-02 4.72346e-02 3.54418e-02 2.80626e-02 2.46133e-02 2.40063e-02 2.44653e-02 2.45307e-02 2.37526e-02 2.24799e-02 2.12317e-02 2.02757e-02 1.96485e-02 1.92891e-02 1.90964e-02 1.89673e-02 1.88228e-02 1.86170e-02 1.83299e-02 1.79546e-02 1.74978e-02 1.70127e-02 1.66048e-02 1.63238e-02 1.61254e-02 1.59466e-02 1.57402e-02 1.54731e-02 1.51307e-02 1.47222e-02 1.42749e-02 1.38218e-02 1.33890e-02 1.29919e-02 1.26378e-02 1.23288e-02 1.20628e-02 1.18328e-02 1.16285e-02 1.14391e-02 1.12559e-02 1.10743e-02 1.08938e-02 1.07176e-02 1.05509e-02 1.03995e-02 1.02670e-02 1.01534e-02 1.00539e-02 9.95847e-03 9.85335e-03 9.72210e-03 9.54781e-03 9.31559e-03 9.01506e-03 8.64203e-03 8.19858e-03 7.69193e-03 7.13272e-03 6.53384e-03 5.91009e-03 5.27822e-03 4.65637e-03 4.06207e-03 3.50958e-03 3.00836e-03 2.56395e-03 2.17954e-03 1.85575e-03 1.58844e-03 1.36755e-03 1.17984e-03 1.01374e-03 8.62720e-04 7.25348e-04 6.02855e-04 4.96616e-04 4.06759e-04 3.32010e-04 2.70207e-04 2.18941e-04 1.76021e-04 1.39713e-04 1.08801e-04 8.25232e-05 6.04619e-05 4.23912e-05 2.81271e-05 1.74044e-05 9.82473e-06 4.88235e-06 2.01954e-06 6.41987e-07 1.40176e-07 1.64846e-08 3.79070e-10
28.001295 2.77120e-02 4.10441e-02 3.18538e-02 2.67775e-02 2.50345e-02 2.53917e-02 2.61600e-02 2.60710e-02 2.48870e-02 2.31514e-02 2.15197e-02 2.03158e-02 1.95651e-02 1.91639e-02 1.89712e-02 1.88571e-02 1.87258e-02 1.85173e-02 1.82014e-02 1.77725e-02 1.72550e-02 1.67365e-02 1.63515e-02 1.61429e-02 1.60323e-02 1.59258e-02 1.57647e-02 1.55260e-02 1.52203e-02 1.48799e-02 1.45369e-02 1.42091e-02 1.38994e-02 1.36040e-02 1.33184e-02 1.30405e-02 1.27698e-02 1.25062e-02 1.22490e-02 1.19961e-02 1.17455e-02 1.14966e-02 1.12504e-02 1.10092e-02 1.07763e-02 1.05557e-02 1.03507e-02 1.01634e-02 9.99293e-03 9.83482e-03 9.68109e-03 9.52075e-03 9.34097e-03 9.12868e-03 8.87225e-03 8.56316e-03 8.19705e-03 7.77382e-03 7.29701e-03 6.77289e-03 6.21003e-03 5.61959e-03 5.01613e-03 4.41753e-03 3.84293e-03 3.30879e-03 2.82586e-03 2.39936e-03 2.03147e-03 1.72222e-03 1.46747e-03 1.25753e-03 1.07952e-03 9.22203e-04 7.79341e-04 6.49576e-04 5.34065e-04 4.34065e-04 3.49683e-04 2.79768e-04 2.22388e-04 1.75384e-04 1.36765e-04 1.04906e-04 7.86044e-05 5.70323e-05 3.96469e-05 2.60682e-05 1.59525e-05 8.89204e-06 4.37300e-06 1.80362e-06 5.76051e-07 1.25942e-07 1.46245e-08 3.30885e-10
28.251307 2.44507e-02 3.69019e-02 2.94801e-02 2.58851e-02 2.51053e-02 2.58651e-02 2.67530e-02 2.66928e-02 2.54600e-02 2.35826e-02 2.17584e-02 2.03802e-02 1.95166e-02 1.90751e-02 1.89085e-02 1.88717e-02 1.88453e-02 1.87385e-02 1.84859e-02 1.80534e-02 1.74579e-02 1.68136e-02 1.63048e-02 1.59994e-02 1.58053e-02 1.56168e-02 1.53947e-02 1.51517e-02 1.49170e-02 1.47103e-02 1.45345e-02 1.43830e-02 1.42454e-02 1.41101e-02 1.39649e-02 1.37973e-02 1.35975e-02 1.33599e-02 1.30849e-02 1.27787e-02 1.24513e-02 1.21135e-02 1.17754e-02 1.14452e-02 1.11297e-02 1.08345e-02 1.05640e-02 1.03194e-02 1.00964e-02 9.88559e-03 9.67523e-03 9.45428e-03 9.21413e-03 8.94845e-03 8.65245e-03 8.32237e-03 7.95538e-03 7.54965e-03 7.10452e-03 6.62068e-03 6.10077e-03 5.55038e-03 4.97957e-03 4.40389e-03 3.84355e-03 3.31963e-03 2.84880e-03 2.43945e-03 2.09190e-03 1.80111e-03 1.55919e-03 1.35634e-03 1.18187e-03 1.02618e-03 8.82849e-04 7.49381e-04 6.26266e-04 5.15252e-04 4.17852e-04 3.34572e-04 2.64834e-04 2.07285e-04 1.60211e-04 1.21878e-04 9.07570e-05 6.56168e-05 4.55427e-05 2.98821e-05 1.81543e-05 9.93129e-06 4.71262e-06 1.84410e-06 5.54268e-07 1.14511e-07 1.27044e-08 2.78681e-10
28.501318 2.33598e-02 3.57922e-02 2.89981e-02 2.57918e-02 2.50962e-02 2.56460e-02 2.63413e-02 2.63094e-02 2.52566e-02 2.35423e-02 2.17859e-02 2.04025e-02 1.95075e-02 1.90466e-02 1.89013e-02 1.89423e-02 1.90444e-02 1.90872e-02 1.89594e-02 1.85806e-02 1.79331e-02 1.71251e-02 1.63793e-02 1.58242e-02 1.54237e-02 1.51186e-02 1.48910e-02 1.47336e-02 1.46308e-02 1.45642e-02 1.45200e-02 1.44879e-02 1.44578e-02 1.44176e-02 1.43538e-02 1.42536e-02 1.41071e-02 1.39091e-02 1.36601e-02 1.33654e-02 1.30336e-02 1.26745e-02 1.22979e-02 1.19125e-02 1.15262e-02 1.11484e-02 1.07908e-02 1.04645e-02 1.01725e-02 9.90627e-03 9.65008e-03 9.38723e-03 9.10471e-03 8.79444e-03 8.45286e-03 8.07965e-03 7.67619e-03 7.24415e-03 6.78461e-03 6.29816e-03 5.78595e-03 5.25165e-03 4.70348e-03 4.15541e-03 3.62609e-03 3.13538e-03 2.69953e-03 2.32735e-03 2.01887e-03 1.76676e-03 1.55937e-03 1.38407e-03 1.22988e-03 1.08881e-03 9.56277e-04 8.30525e-04 7.11768e-04 6.01219e-04 5.00295e-04 4.10091e-04 3.31120e-04 2.63269e-04 2.05906e-04 1.58050e-04 1.18569e-04 8.63476e-05 6.04084e-05 3.99717e-05 2.44493e-05 1.33725e-05 6.24135e-06 2.33481e-06 6.46498e-07 1.19456e-07 1.18973e-08 2.44299e-10
28.751330 2.46151e-02 3.79160e-02 3.05528e-02 2.66219e-02 2.51027e-02 2.48174e-02 2.49794e-02 2.49267e-02 2.42722e-02 2.30883e-02 2.17516e-02 2.05858e-02 1.97299e-02 1.92058e-02 1.89736e-02 1.89530e-02 1.90357e-02 1.90991e-02 1.90214e-02 1.87021e-02 1.80875e-02 1.72534e-02 1.64333e-02 1.58062e-02 1.53732e-02 1.50725e-02 1.48627e-02 1.47200e-02 1.46266e-02 1.45653e-02 1.45171e-02 1.44663e-02 1.44043e-02 1.43286e-02 1.42369e-02 1.41255e-02 1.39896e-02 1.38268e-02 1.36362e-02 1.34170e-02 1.31671e-02 1.28855e-02 1.25728e-02 1.22308e-02 1.18633e-02 1.14781e-02 1.10891e-02 1.07128e-02 1.03598e-02 1.00292e-02 9.71144e-03 9.39385e-03 9.06455e-03 8.71375e-03 8.33427e-03 7.92222e-03 7.47714e-03 7.00156e-03 6.49991e-03 5.97761e-03 5.44091e-03 4.89756e-03 4.35781e-03 3.83475e-03 3.34321e-03 2.89734e-03 2.50767e-03 2.17881e-03 1.90839e-03 1.68774e-03 1.50472e-03 1.34726e-03 1.20598e-03 1.07509e-03 9.51767e-04 8.35139e-04 7.25350e-04 6.22967e-04 5.28618e-04 4.42797e-04 3.65761e-04 2.97509e-04 2.37809e-04 1.86249e-04 1.42306e-04 1.05405e-04 7.49779e-05 5.04960e-05 3.14996e-05 1.75932e-05 8.35955e-06 3.14105e-06 8.46409e-07 1.44551e-07 1.27979e-08 2.41279e-10
29.001341 2.76354e-02 4.23142e-02 3.33463e-02 2.77885e-02 2.48562e-02 2.35488e-02 2.32682e-02 2.33910e-02 2.33358e-02 2.28302e-02 2.19560e-02 2.09426e-02 2.00068e-02 1.92938e-02 1.88519e-02 1.86502e-02 1.86154e-02 1.86536e-02 1.86538e-02 1.84959e-02 1.80758e-02 1.74129e-02 1.67127e-02 1.61513e-02 1.57331e-02 1.54042e-02 1.51372e-02 1.49193e-02 1.47359e-02 1.45698e-02 1.44038e-02 1.42224e-02 1.40177e-02 1.37973e-02 1.35826e-02 1.33946e-02 1.32412e-02 1.31160e-02 1.30059e-02 1.28956e-02 1.27701e-02 1.26173e-02 1.24300e-02 1.22068e-02 1.19494e-02 1.16610e-02 1.13464e-02 1.10127e-02 1.06671e-02 1.03132e-02 9.95006e-03 9.57456e-03 9.18267e-03 8.77025e-03 8.33350e-03 7.86974e-03 7.37824e-03 6.86082e-03 6.32211e-03 5.76947e-03 5.21253e-03 4.66261e-03 4.13193e-03 3.63259e-03 3.17539e-03 2.76863e-03 2.41690e-03 2.12008e-03 1.87289e-03 1.66581e-03 1.48768e-03 1.32878e-03 1.18270e-03 1.04636e-03 9.18806e-04 8.00056e-04 6.90325e-04 5.89774e-04 4.98464e-04 4.16355e-04 3.43288e-04 2.78966e-04 2.22949e-04 1.74692e-04 1.33611e-04 9.91375e-05 7.07460e-05 4.79470e-05 3.02690e-05 1.72554e-05 8.45416e-06 3.30327e-06 9.26405e-07 1.62235e-07 1.42771e-08 2.63176e-10
29.251353 3.09577e-02 4.68036e-02 3.58073e-02 2.84126e-02 2.42612e-02 2.24530e-02 2.22431e-02 2.27444e-02 2.31057e-02 2.28496e-02 2.19812e-02 2.08058e-02 1.96833e-02 1.88547e-02 1.83907e-02 1.82502e-02 1.83509e-02 1.85889e-02 1.88248e-02 1.88863e-02 1.86141e-02 1.80044e-02 1.72879e-02 1.66847e-02 1.62233e-02 1.58453e-02 1.54998e-02 1.51504e-02 1.47789e-02 1.43930e-02 1.40184e-02 1.36796e-02 1.33824e-02 1.31137e-02 1.28593e-02 1.26196e-02 1.24084e-02 1.22386e-02 1.21112e-02 1.20168e-02 1.19426e-02 1.18772e-02 1.18105e-02 1.17326e-02 1.16328e-02 1.15002e-02 1.13254e-02 1.11034e-02 1.08344e-02 1.05216e-02 1.01688e-02 9.77893e-03 9.35416e-03 8.89669e-03 8.40914e-03 7.89500e-03 7.35886e-03 6.80652e-03 6.24492e-03 5.68203e-03 5.12669e-03 4.58833e-03 4.07655e-03 3.60048e-03 3.16795e-03 2.78446e-03 2.45212e-03 2.16892e-03 1.92870e-03 1.72235e-03 1.54008e-03 1.37384e-03 1.21858e-03 1.07213e-03 9.34282e-04 8.05690e-04 6.87149e-04 5.79221e-04 4.82116e-04 3.95734e-04 3.19764e-04 2.53761e-04 1.97190e-04 1.49451e-04 1.09902e-04 7.78881e-05 5.27504e-05 3.37856e-05 2.01895e-05 1.10346e-05 5.33265e-06 2.14862e-06 6.56537e-07 1.31963e-07 1.34926e-08 2.70457e-10
29.501364 3.30476e-02 4.93295e-02 3.67952e-02 2.81990e-02 2.36036e-02 2.20130e-02 2.22299e-02 2.29331e-02 2.31127e-02 2.24236e-02 2.11284e-02 1.97357e-02 1.86711e-02 1.81235e-02 1.80680e-02 1.83766e-02 1.88993e-02 1.94793e-02 1.99392e-02 2.00917e-02 1.97905e-02 1.90681e-02 1.81975e-02 1.74158e-02 1.67419e-02 1.61219e-02 1.55441e-02 1.50221e-02 1.45625e-02 1.41574e-02 1.37895e-02 1.34426e-02 1.31091e-02 1.27854e-02 1.24653e-02 1.21463e-02 1.18411e-02 1.15749e-02 1.13701e-02 1.12330e-02 1.11545e-02 1.11169e-02 1.11015e-02 1.10922e-02 1.10749e-02 1.10374e-02 1.09671e-02 1.08523e-02 1.06839e-02 1.04570e-02 1.01699e-02 9.82339e-03 9.42030e-03 8.96535e-03 8.46539e-03 7.92920e-03 7.36706e-03 6.79004e-03 6.20933e-03 5.63553e-03 5.07837e-03 4.54650e-03 4.04756e-03 3.58808e-03 3.17321e-03 2.80613e-03 2.48735e-03 2.21421e-03 1.98098e-03 1.77986e-03 1.60254e-03 1.44174e-03 1.29223e-03 1.15095e-03 1.01677e-03 8.89743e-04 7.70527e-04 6.59854e-04 5.58306e-04 4.66254e-04 3.83847e-04 3.10993e-04 2.47347e-04 1.92346e-04 1.45332e-04 1.05704e-04 7.30287e-05 4.70529e-05 2.75719e-05 1.42039e-05 6.15516e-06 2.12909e-06 5.56013e-07 1.01737e-07 1.04398e-08 2.18553e-10
29.751376 3.32339e-02 4.91591e-02 3.61808e-02 2.74403e-02 2.31757e-02 2.21176e-02 2.25681e-02 2.29493e-02 2.24524e-02 2.11796e-02 1.97020e-02 1.85344e-02 1.79271e-02 1.78952e-02 1.83227e-02 1.90583e-02 1.99475e-02 2.08104e-02 2.14287e-02 2.15828e-02 2.11199e-02 2.01070e-02 1.89057e-02 1.78520e-02 1.70104e-02 1.63161e-02 1.57238e-02 1.52130e-02 1.47633e-02 1.43488e-02 1.39465e-02 1.35423e-02 1.31311e-02 1.27141e-02 1.22998e-02 1.19065e-02 1.15609e-02 1.12863e-02 1.10896e-02 1.09603e-02 1.08797e-02 1.08297e-02 1.07959e-02 1.07677e-02 1.07356e-02 1.06908e-02 1.06229e-02 1.05212e-02 1.03752e-02 1.01766e-02 9.91976e-03 9.60211e-03 9.22433e-03 8.79027e-03 8.30684e-03 7.78337e-03 7.23091e-03 6.66135e-03 6.08671e-03 5.51865e-03 4.96817e-03 4.44527e-03 3.95875e-03 3.51567e-03 3.12086e-03 2.77630e-03 2.48082e-03 2.23008e-03 2.01730e-03 1.83445e-03 1.67369e-03 1.52848e-03 1.39412e-03 1.26767e-03 1.14740e-03 1.03233e-03 9.22023e-04 8.16574e-04 7.16590e-04 6.22925e-04 5.36270e-04 4.56862e-04 3.84418e-04 3.18295e-04 2.57754e-04 2.02251e-04 1.51727e-04 1.06775e-04 6.86012e-05 3.86715e-05 1.80252e-05 6.35681e-06 1.48685e-06 1.90356e-07 1.04390e-08 1.40534e-10
30.001387 3.18156e-02 4.68844e-02 3.45547e-02 2.65650e-02 2.29920e-02 2.22177e-02 2.23211e-02 2.19768e-02 2.09414e-02 1.96929e-02 1.87277e-02 1.82287e-02 1.81795e-02 1.85190e-02 1.91784e-02 2.00642e-02 2.10346e-02 2.18945e-02 2.24275e-02 2.24604e-02 2.19001e-02 2.08350e-02 1.96119e-02 1.85431e-02 1.76773e-02 1.69499e-02 1.63178e-02 1.57537e-02 1.52307e-02 1.47234e-02 1.42123e-02 1.36927e-02 1.31801e-02 1.27033e-02 1.22868e-02 1.19384e-02 1.16543e-02 1.14306e-02 1.12646e-02 1.11487e-02 1.10680e-02 1.10055e-02 1.09455e-02 1.08758e-02 1.07870e-02 1.06715e-02 1.05233e-02 1.03373e-02 1.01094e-02 9.83669e-03 9.51829e-03 9.15541e-03 8.75148e-03 8.31168e-03 7.84220e-03 7.34939e-03 6.83946e-03 6.31866e-03 5.79385e-03 5.27301e-03 4.76544e-03 4.28130e-03 3.83060e-03 3.42183e-03 3.06059e-03 2.74850e-03 2.48301e-03 2.25815e-03 2.06617e-03 1.89936e-03 1.75144e-03 1.61792e-03 1.49567e-03 1.38216e-03 1.27498e-03 1.17203e-03 1.07202e-03 9.74700e-04 8.80698e-04 7.90787e-04 7.05281e-04 6.23781e-04 5.45359e-04 4.68969e-04 3.93879e-04 3.20028e-04 2.48313e-04 1.80763e-04 1.20415e-04 7.07426e-05 3.46162e-05 1.28790e-05 3.14326e-06 3.92704e-07 1.61483e-08 1.04844e-10
30.251399 2.96654e-02 4.38023e-02 3.27186e-02 2.57804e-02 2.26718e-02 2.16267e-02 2.10390e-02 2.02044e-02 1.92761e-02 1.86470e-02 1.84733e-02 1.86697e-02 1.91159e-02 1.97176e-02 2.03745e-02 2.10057e-02 2.16018e-02 2.22058e-02 2.27789e-02 2.30911e-02 2.28182e-02 2.18831e-02 2.06470e-02 1.95142e-02 1.85787e-02 1.77701e-02 1.70333e-02 1.63388e-02 1.56684e-02 1.50179e-02 1.44026e-02 1.38483e-02 1.33716e-02 1.29688e-02 1.26270e-02 1.23397e-02 1.21061e-02 1.19220e-02 1.17771e-02 1.16572e-02 1.15466e-02 1.14303e-02 1.12959e-02 1.11345e-02 1.09410e-02 1.07131e-02 1.04505e-02 1.01537e-02 9.82340e-03 9.46115e-03 9.06958e-03 8.65267e-03 8.21528e-03 7.76224e-03 7.29759e-03 6.82445e-03 6.34553e-03 5.86402e-03 5.38461e-03 4.91396e-03 4.46052e-03 4.03343e-03 3.64092e-03 3.28857e-03 2.97832e-03 2.70846e-03 2.47457e-03 2.27104e-03 2.09248e-03 1.93457e-03 1.79411e-03 1.66860e-03 1.55568e-03 1.45285e-03 1.35748e-03 1.26722e-03 1.18040e-03 1.09611e-03 1.01396e-03 9.33505e-04 8.53836e-04 7.73568e-04 6.91138e-04 6.05318e-04 5.15738e-04 4.23318e-04 3.30539e-04 2.41451e-04 1.61222e-04 9.51052e-05 4.69807e-05 1.77934e-05 4.45258e-06 5.68104e-07 2.26316e-08 1.08283e-10
30.501411 2.77649e-02 4.11533e-02 3.11298e-02 2.48560e-02 2.17052e-02 2.01292e-02 1.90902e-02 1.83146e-02 1.79597e-02 1.81486e-02 1.87543e-02 1.94928e-02 2.01285e-02 2.05551e-02 2.08198e-02 2.11364e-02 2.17397e-02 2.26320e-02 2.35210e-02 2.40128e-02 2.38052e-02 2.28912e-02 2.16579e-02 2.05025e-02 1.95079e-02 1.86004e-02 1.77348e-02 1.69115e-02 1.61560e-02 1.54962e-02 1.49402e-02 1.44709e-02 1.40651e-02 1.37107e-02 1.34046e-02 1.31398e-02 1.29027e-02 1.26785e-02 1.24553e-02 1.22260e-02 1.19868e-02 1.17355e-02 1.14705e-02 1.11907e-02 1.08952e-02 1.05828e-02 1.02513e-02 9.89854e-03 9.52236e-03 9.12195e-03 8.69811e-03 8.25305e-03 7.78990e-03 7.31231e-03 6.82448e-03 6.33161e-03 5.84030e-03 5.35862e-03 4.89541e-03 4.45906e-03 4.05616e-03 3.69051e-03 3.36298e-03 3.07196e-03 2.81422e-03 2.58582e-03 2.38285e-03 2.20188e-03 2.04022e-03 1.89584e-03 1.76725e-03 1.65317e-03 1.55214e-03 1.46231e-03 1.38145e-03 1.30720e-03 1.23731e-03 1.16977e-03 1.10273e-03 1.03430e-03 9.62426e-04 8.85035e-04 8.00315e-04 7.07214e-04 6.05967e-04 4.98553e-04 3.88973e-04 2.83109e-04 1.87955e-04 1.10149e-04 5.41231e-05 2.04664e-05 5.14090e-06 6.61358e-07 2.65091e-08 1.19834e-10
30.751422 2.68392e-02 3.96833e-02 2.98864e-02 2.35975e-02 2.01220e-02 1.82384e-02 1.72822e-02 1.70372e-02 1.74151e-02 1.82318e-02 1.91625e-02 1.98847e-02 2.02836e-02 2.04801e-02 2.07289e-02 2.12630e-02 2.21318e-02 2.31710e-02 2.40928e-02 2.45958e-02 2.44488e-02 2.36494e-02 2.25314e-02 2.14387e-02 2.04409e-02 1.94902e-02 1.85905e-02 1.77803e-02 1.70867e-02 1.65070e-02 1.60177e-02 1.55944e-02 1.52176e-02 1.48682e-02 1.45271e-02 1.41790e-02 1.38154e-02 1.34341e-02 1.30385e-02 1.26353e-02 1.22330e-02 1.18396e-02 1.14597e-02 1.10933e-02 1.07357e-02 1.03787e-02 1.00125e-02 9.62779e-03 9.21791e-03 8.77975e-03 8.31396e-03 7.82416e-03 7.31609e-03 6.79708e-03 6.27595e-03 5.76272e-03 5.26782e-03 4.80077e-03 4.36877e-03 3.97590e-03 3.62315e-03 3.30904e-03 3.03048e-03 2.78360e-03 2.56439e-03 2.36907e-03 2.19433e-03 2.03750e-03 1.89660e-03 1.77035e-03 1.65793e-03 1.55866e-03 1.47163e-03 1.39551e-03 1.32853e-03 1.26853e-03 1.21312e-03 1.15973e-03 1.10567e-03 1.04823e-03 9.84719e-04 9.12734e-04 8.30441e-04 7.37019e-04 6.33139e-04 5.21403e-04 4.06577e-04 2.95376e-04 1.95542e-04 1.14215e-04 5.59557e-05 2.11289e-05 5.31327e-06 6.86776e-07 2.78405e-08 1.26907e-10
31.001434 2.70814e-02 3.96486e-02 2.92316e-02 2.24736e-02 1.87514e-02 1.69472e-02 1.63836e-02 1.66243e-02 1.73362e-02 1.82450e-02 1.91007e-02 1.97336e-02 2.01562e-02 2.05086e-02 2.09418e-02 2.15504e-02 2.23381e-02 2.32054e-02 2.39654e-02 2.44021e-02 2.43225e-02 2.36915e-02 2.27692e-02 2.18647e-02 2.10656e-02 2.03429e-02 1.96871e-02 1.90922e-02 1.85404e-02 1.80188e-02 1.75256e-02 1.70580e-02 1.66040e-02 1.61457e-02 1.56671e-02 1.51602e-02 1.46263e-02 1.40752e-02 1.35203e-02 1.29743e-02 1.24462e-02 1.19414e-02 1.14618e-02 1.10053e-02 1.05653e-02 1.01314e-02 9.69121e-03 9.23458e-03 8.75582e-03 8.25494e-03 7.73659e-03 7.20823e-03 6.67853e-03 6.15637e-03 5.65029e-03 5.16784e-03 4.71505e-03 4.29607e-03 3.91308e-03 3.56647e-03 3.25522e-03 2.97720e-03 2.72951e-03 2.50887e-03 2.31195e-03 2.13566e-03 1.97734e-03 1.83487e-03 1.70668e-03 1.59170e-03 1.48917e-03 1.39850e-03 1.31895e-03 1.24956e-03 1.18897e-03 1.13544e-03 1.08686e-03 1.04077e-03 9.94471e-04 9.45113e-04 8.89918e-04 8.26425e-04 7.52842e-04 6.68443e-04 5.73997e-04 4.72123e-04 3.67435e-04 2.66262e-04 1.75750e-04 1.02344e-04 5.00139e-05 1.88656e-05 4.75201e-06 6.18153e-07 2.54912e-08 1.18830e-10
31.251445 2.80703e-02 4.08283e-02 2.95258e-02 2.21963e-02 1.82990e-02 1.65723e-02 1.61652e-02 1.65058e-02 1.72389e-02 1.81579e-02 1.90843e-02 1.98599e-02 2.04394e-02 2.08753e-02 2.12599e-02 2.16835e-02 2.21796e-02 2.26932e-02 2.31096e-02 2.33135e-02 2.31997e-02 2.27514e-02 2.21731e-02 2.17091e-02 2.13944e-02 2.11309e-02 2.08362e-02 2.04665e-02 2.00115e-02 1.94913e-02 1.89407e-02 1.83840e-02 1.78236e-02 1.72476e-02 1.66434e-02 1.60059e-02 1.53390e-02 1.46547e-02 1.39695e-02 1.32997e-02 1.26562e-02 1.20433e-02 1.14589e-02 1.08973e-02 1.03515e-02 9.81379e-03 9.27671e-03 8.73524e-03 8.18865e-03 7.64061e-03 7.09761e-03 6.56712e-03 6.05609e-03 5.57014e-03 5.11310e-03 4.68686e-03 4.29160e-03 3.92642e-03 3.59011e-03 3.28167e-03 3.00039e-03 2.74543e-03 2.51545e-03 2.30848e-03 2.12213e-03 1.95396e-03 1.80177e-03 1.66374e-03 1.53852e-03 1.42513e-03 1.32289e-03 1.23123e-03 1.14960e-03 1.07728e-03 1.01330e-03 9.56395e-04 9.04983e-04 8.57205e-04 8.10942e-04 7.63896e-04 7.13732e-04 6.58307e-04 5.96000e-04 5.26086e-04 4.49106e-04 3.67136e-04 2.83842e-04 2.04188e-04 1.33676e-04 7.71342e-05 3.73332e-05 1.39626e-05 3.50208e-06 4.58255e-07 1.94404e-08 9.32320e-11
31.501457 2.92862e-02 4.27444e-02 3.07233e-02 2.27756e-02 1.85100e-02 1.65848e-02 1.60937e-02 1.64551e-02 1.72992e-02 1.83617e-02 1.93958e-02 2.02079e-02 2.07453e-02 2.10704e-02 2.12919e-02 2.15072e-02 2.17530e-02 2.20021e-02 2.21973e-02 2.22795e-02 2.21761e-02 2.18730e-02 2.15371e-02 2.13498e-02 2.12954e-02 2.12564e-02 2.11575e-02 2.09675e-02 2.06729e-02 2.02719e-02 1.97776e-02 1.92133e-02 1.86003e-02 1.79512e-02 1.72725e-02 1.65698e-02 1.58491e-02 1.51174e-02 1.43815e-02 1.36482e-02 1.29243e-02 1.22152e-02 1.15242e-02 1.08515e-02 1.01958e-02 9.55494e-03 8.92783e-03 8.31509e-03 7.71957e-03 7.14581e-03 6.59911e-03 6.08442e-03 5.60538e-03 5.16345e-03 4.75741e-03 4.38358e-03 4.03700e-03 3.71305e-03 3.40886e-03 3.12373e-03 2.85850e-03 2.61440e-03 2.39202e-03 2.19082e-03 2.00923e-03 1.84509e-03 1.69617e-03 1.56045e-03 1.43626e-03 1.32236e-03 1.21782e-03 1.12196e-03 1.03425e-03 9.54177e-04 8.81151e-04 8.14454e-04 7.53201e-04 6.96331e-04 6.42622e-04 5.90714e-04 5.39163e-04 4.86558e-04 4.31740e-04 3.74088e-04 3.13824e-04 2.52239e-04 1.91707e-04 1.35447e-04 8.69411e-05 4.90712e-05 2.31807e-05 8.46452e-06 2.08913e-06 2.75302e-07 1.23602e-08 6.19418e-11
31.751468 3.06309e-02 4.49991e-02 3.23409e-02 2.36819e-02 1.88556e-02 1.66068e-02 1.60249e-02 1.64427e-02 1.73580e-02 1.84142e-02 1.93848e-02 2.01549e-02 2.07030e-02 2.10691e-02 2.13332e-02 2.15828e-02 2.18600e-02 2.21318e-02 2.23098e-02 2.22986e-02 2.20214e-02 2.15034e-02 2.09572e-02 2.05924e-02 2.04195e-02 2.03465e-02 2.03025e-02 2.02397e-02 2.01190e-02 1.99115e-02 1.96021e-02 1.91928e-02 1.86979e-02 1.81364e-02 1.75252e-02 1.68775e-02 1.62029e-02 1.55071e-02 1.47927e-02 1.40610e-02 1.33141e-02 1.25560e-02 1.17926e-02 1.10315e-02 1.02805e-02 9.54682e-03 8.83686e-03 8.15639e-03 7.51111e-03 6.90666e-03 6.34781e-03 5.83711e-03 5.37389e-03 4.95444e-03 4.57317e-03 4.22402e-03 3.90131e-03 3.60014e-03 3.31672e-03 3.04877e-03 2.79591e-03 2.55928e-03 2.34067e-03 2.14134e-03 1.96140e-03 1.79970e-03 1.65418e-03 1.52240e-03 1.40203e-03 1.29101e-03 1.18775e-03 1.09107e-03 1.00014e-03 9.14416e-04 8.33531e-04 7.57200e-04 6.85151e-04 6.17077e-04 5.52621e-04 4.91376e-04 4.32891e-04 3.76696e-04 3.22359e-04 2.69618e-04 2.18579e-04 1.69906e-04 1.24875e-04 8.52184e-05 5.27027e-05 2.85504e-05 1.28886e-05 4.49421e-06 1.07455e-06 1.44125e-07 7.24412e-09 3.86345e-11
32.001480 3.22957e-02 4.74617e-02 3.39785e-02 2.45501e-02 1.91689e-02 1.66313e-02 1.59049e-02 1.61705e-02 1.68911e-02 1.78081e-02 1.88180e-02 1.98311e-02 2.07427e-02 2.14903e-02 2.20845e-02 2.25645e-02 2.29291e-02 2.31172e-02 2.30450e-02 2.26561e-02 2.19444e-02 2.10229e-02 2.01614e-02 1.95674e-02 1.92262e-02 1.90305e-02 1.89070e-02 1.88149e-02 1.87261e-02 1.86186e-02 1.84747e-02 1.82818e-02 1.80330e-02 1.77238e-02 1.73495e-02 1.69043e-02 1.63849e-02 1.57935e-02 1.51381e-02 1.44310e-02 1.36865e-02 1.29179e-02 1.21366e-02 1.13521e-02 1.05732e-02 9.80855e-03 9.06741e-03 8.35797e-03 7.68633e-03 7.05625e-03 6.46976e-03 5.92816e-03 5.43222e-03 4.98138e-03 4.57296e-03 4.20232e-03 3.86423e-03 3.55430e-03 3.26940e-03 3.00700e-03 2.76458e-03 2.53973e-03 2.33084e-03 2.13755e-03 1.96030e-03 1.79952e-03 1.65483e-03 1.52477e-03 1.40711e-03 1.29933e-03 1.19911e-03 1.10457e-03 1.01438e-03 9.27731e-04 8.44178e-04 7.63561e-04 6.85875e-04 6.11186e-04 5.39589e-04 4.71187e-04 4.06104e-04 3.44494e-04 2.86534e-04 2.32437e-04 1.82516e-04 1.37294e-04 9.75738e-05 6.43298e-05 3.83946e-05 2.00458e-05 8.70705e-06 2.92300e-06 6.82823e-07 9.43152e-08 5.31640e-09 2.98438e-11
32.251491 3.43431e-02 5.00804e-02 3.55310e-02 2.53581e-02 1.94874e-02 1.65864e-02 1.55155e-02 1.55229e-02 1.61990e-02 1.73007e-02 1.86409e-02 2.00353e-02 2.13114e-02 2.23666e-02 2.31805e-02 2.37549e-02 2.40593e-02 2.40337e-02 2.36250e-02 2.28273e-02 2.17038e-02 2.04400e-02 1.93352e-02 1.85671e-02 1.80807e-02 1.77550e-02 1.75230e-02 1.73558e-02 1.72349e-02 1.71427e-02 1.70611e-02 1.69730e-02 1.68641e-02 1.67233e-02 1.65409e-02 1.63060e-02 1.60059e-02 1.56286e-02 1.51667e-02 1.46195e-02 1.39937e-02 1.33020e-02 1.25613e-02 1.17898e-02 1.10053e-02 1.02242e-02 9.46080e-03 8.72799e-03 8.03587e-03 7.39070e-03 6.79371e-03 6.24123e-03 5.72688e-03 5.24511e-03 4.79373e-03 4.37375e-03 3.98675e-03 3.63272e-03 3.31008e-03 3.01735e-03 2.75387e-03 2.51895e-03 2.31053e-03 2.12511e-03 1.95868e-03 1.80787e-03 1.67033e-03 1.54437e-03 1.42842e-03 1.32082e-03 1.21984e-03 1.12398e-03 1.03215e-03 9.43688e-04 8.58323e-04 7.76013e-04 6.96833e-04 6.20877e-04 5.48223e-04 4.78927e-04 4.13046e-04 3.50670e-04 2.91946e-04 2.37105e-04 1.86495e-04 1.40659e-04 1.00394e-04 6.66535e-05 4.02417e-05 2.13985e-05 9.54633e-06 3.31246e-06 7.96474e-07 1.10479e-07 6.05858e-09 3.56100e-11
32.501503 3.63667e-02 5.23397e-02 3.66949e-02 2.58552e-02 1.95188e-02 1.63008e-02 1.51804e-02 1.54719e-02 1.65895e-02 1.80379e-02 1.95289e-02 2.09235e-02 2.21361e-02 2.31398e-02 2.39459e-02 2.45327e-02 2.48196e-02 2.47011e-02 2.41021e-02 2.30353e-02 2.16156e-02 2.00812e-02 1.87554e-02 1.78064e-02 1.71660e-02 1.67113e-02 1.63740e-02 1.61218e-02 1.59337e-02 1.57936e-02 1.56882e-02 1.56054e-02 1.55337e-02 1.54610e-02 1.53759e-02 1.52667e-02 1.51211e-02 1.49256e-02 1.46674e-02 1.43360e-02 1.39254e-02 1.34339e-02 1.28643e-02 1.22248e-02 1.15275e-02 1.07879e-02 1.00241e-02 9.25578e-03 8.50306e-03 7.78469e-03 7.11513e-03 6.50217e-03 5.94604e-03 5.44045e-03 4.97551e-03 4.54159e-03 4.13275e-03 3.74790e-03 3.38932e-03 3.06009e-03 2.76259e-03 2.49823e-03 2.26743e-03 2.06907e-03 1.90004e-03 1.75553e-03 1.62990e-03 1.51767e-03 1.41415e-03 1.31579e-03 1.22023e-03 1.12619e-03 1.03332e-03 9.41968e-04 8.52896e-04 7.67003e-04 6.85086e-04 6.07695e-04 5.35088e-04 4.67260e-04 4.04019e-04 3.45078e-04 2.90134e-04 2.38947e-04 1.91415e-04 1.47692e-04 1.08314e-04 7.42034e-05 4.64188e-05 2.56815e-05 1.19644e-05 4.33715e-06 1.07786e-06 1.49408e-07 7.84828e-09 5.10402e-11
32.751515 3.72673e-02 5.27912e-02 3.64965e-02 2.54487e-02 1.92355e-02 1.65076e-02 1.61452e-02 1.71442e-02 1.86074e-02 1.99794e-02 2.11345e-02 2.21406e-02 2.30495e-02 2.38845e-02 2.46259e-02 2.51786e-02 2.53993e-02 2.51556e-02 2.43847e-02 2.31344e-02 2.15477e-02 1.98749e-02 1.84381e-02 1.73960e-02 1.66726e-02 1.61401e-02 1.57246e-02 1.53893e-02 1.51128e-02 1.48807e-02 1.46831e-02 1.45130e-02 1.43664e-02 1.42406e-02 1.41330e-02 1.40394e-02 1.39527e-02 1.38612e-02 1.37489e-02 1.35974e-02 1.33888e-02 1.31090e-02 1.27490e-02 1.23056e-02 1.17814e-02 1.11835e-02 1.05222e-02 9.81032e-03 9.06468e-03 8.30620e-03 7.55897e-03 6.84637e-03 6.18624e-03 5.58763e-03 5.05056e-03 4.56839e-03 4.13154e-03 3.73110e-03 3.36128e-03 3.02002e-03 2.70813e-03 2.42775e-03 2.18097e-03 1.96870e-03 1.78984e-03 1.64085e-03 1.51635e-03 1.41016e-03 1.31634e-03 1.22976e-03 1.14645e-03 1.06375e-03 9.80326e-04 8.95980e-04 8.11442e-04 7.27994e-04 6.47117e-04 5.70166e-04 4.98158e-04 4.31665e-04 3.70824e-04 3.15417e-04 2.64992e-04 2.18988e-04 1.76876e-04 1.38305e-04 1.03292e-04 7.23460e-05 4.63781e-05 2.63092e-05 1.25568e-05 4.65543e-06 1.17958e-06 1.65762e-07 8.89866e-09 6.90373e-11
33.001526 3.58662e-02 5.01637e-02 3.44777e-02 2.44879e-02 1.96236e-02 1.82789e-02 1.89417e-02 2.03510e-02 2.16425e-02 2.24971e-02 2.30547e-02 2.35535e-02 2.40950e-02 2.46692e-02 2.51971e-02 2.55550e-02 2.56141e-02 2.52665e-02 2.44536e-02 2.32006e-02 2.16207e-02 1.99457e-02 1.84878e-02 1.74006e-02 1.66108e-02 1.59951e-02 1.54817e-02 1.50377e-02 1.46480e-02 1.43059e-02 1.40082e-02 1.37529e-02 1.35381e-02 1.33608e-02 1.32166e-02 1.31002e-02 1.30052e-02 1.29239e-02 1.28461e-02 1.27577e-02 1.26408e-02 1.24769e-02 1.22497e-02 1.19482e-02 1.15673e-02 1.11064e-02 1.05686e-02 9.96015e-03 9.29116e-03 8.57669e-03 7.83796e-03 7.10122e-03 6.39359e-03 5.73709e-03 5.14395e-03 4.61550e-03 4.14483e-03 3.72143e-03 3.33548e-03 2.98043e-03 2.65395e-03 2.35723e-03 2.09350e-03 1.86587e-03 1.67515e-03 1.51852e-03 1.38990e-03 1.28185e-03 1.18774e-03 1.10257e-03 1.02292e-03 9.46393e-04 8.71413e-04 7.97079e-04 7.23150e-04 6.49973e-04 5.78341e-04 5.09276e-04 4.43801e-04 3.82753e-04 3.26655e-04 2.75691e-04 2.29728e-04 1.88405e-04 1.51251e-04 1.17838e-04 8.79579e-05 6.17758e-05 3.98257e-05 2.27666e-05 1.09666e-05 4.11321e-06 1.06064e-06 1.54186e-07 9.02280e-09 8.90165e-11
33.251538 3.23844e-02 4.52681e-02 3.17272e-02 2.40593e-02 2.12696e-02 2.13671e-02 2.26419e-02 2.39424e-02 2.46971e-02 2.48805e-02 2.48249e-02 2.48358e-02 2.49925e-02 2.52412e-02 2.54937e-02 2.56589e-02 2.56424e-02 2.53317e-02 2.46197e-02 2.34644e-02 2.19290e-02 2.02323e-02 1.86994e-02 1.75072e-02 1.66092e-02 1.59022e-02 1.53207e-02 1.48285e-02 1.44031e-02 1.40296e-02 1.36989e-02 1.34058e-02 1.31484e-02 1.29262e-02 1.27385e-02 1.25823e-02 1.24512e-02 1.23351e-02 1.22214e-02 1.20969e-02 1.19500e-02 1.17711e-02 1.15524e-02 1.12870e-02 1.09680e-02 1.05891e-02 1.01457e-02 9.63666e-03 9.06579e-03 8.44305e-03 7.78454e-03 7.11128e-03 6.44674e-03 5.81291e-03 5.22585e-03 4.69267e-03 4.21162e-03 3.77508e-03 3.37402e-03 3.00164e-03 2.65541e-03 2.33712e-03 2.05157e-03 1.80403e-03 1.59723e-03 1.42918e-03 1.29319e-03 1.18034e-03 1.08266e-03 9.94661e-04 9.13169e-04 8.36396e-04 7.63286e-04 6.93176e-04 6.25667e-04 5.60607e-04 4.98085e-04 4.38398e-04 3.81958e-04 3.29188e-04 2.80422e-04 2.35841e-04 1.95456e-04 1.59121e-04 1.26598e-04 9.76471e-05 7.21512e-05 5.02145e-05 3.21534e-05 1.83247e-05 8.84920e-06 3.35660e-06 8.89117e-07 1.37224e-07 9.19427e-09 1.15936e-10
33.501549 2.84118e-02 4.03057e-02 2.95993e-02 2.45308e-02 2.35642e-02 2.44778e-02 2.57249e-02 2.65469e-02 2.67352e-02 2.64517e-02 2.60544e-02 2.57960e-02 2.57036e-02 2.57103e-02 2.57512e-02 2.57657e-02 2.56718e-02 2.53494e-02 2.46689e-02 2.35586e-02 2.20577e-02 2.03740e-02 1.88326e-02 1.76161e-02 1.66875e-02 1.59509e-02 1.53438e-02 1.48303e-02 1.43870e-02 1.39976e-02 1.36515e-02 1.33417e-02 1.30638e-02 1.28140e-02 1.25889e-02 1.23844e-02 1.21957e-02 1.20165e-02 1.18397e-02 1.16575e-02 1.14624e-02 1.12471e-02 1.10043e-02 1.07273e-02 1.04099e-02 1.00470e-02 9.63470e-03 9.17206e-03 8.66165e-03 8.11051e-03 7.53002e-03 6.93499e-03 6.34208e-03 5.76740e-03 5.22365e-03 4.71774e-03 4.24994e-03 3.81556e-03 3.40837e-03 3.02418e-03 2.66305e-03 2.32934e-03 2.02990e-03 1.77107e-03 1.55563e-03 1.38089e-03 1.23928e-03 1.12137e-03 1.01902e-03 9.26911e-04 8.42051e-04 7.62897e-04 6.88640e-04 6.18836e-04 5.53212e-04 4.91576e-04 4.33796e-04 3.79795e-04 3.29552e-04 2.83072e-04 2.40360e-04 2.01391e-04 1.66089e-04 1.34333e-04 1.05979e-04 8.09110e-05 5.91005e-05 4.06506e-05 2.57580e-05 1.45782e-05 7.04021e-06 2.70471e-06 7.42530e-07 1.23984e-07 9.65908e-09 1.48001e-10
33.751561 2.53564e-02 3.68807e-02 2.86478e-02 2.55641e-02 2.56453e-02 2.66199e-02 2.73341e-02 2.75435e-02 2.73487e-02 2.69395e-02 2.65516e-02 2.63077e-02 2.61657e-02 2.60515e-02 2.59284e-02 2.57737e-02 2.55393e-02 2.51321e-02 2.44359e-02 2.33714e-02 2.19519e-02 2.03537e-02 1.88813e-02 1.77148e-02 1.68213e-02 1.61088e-02 1.55159e-02 1.50078e-02 1.45622e-02 1.41642e-02 1.38040e-02 1.34761e-02 1.31771e-02 1.29040e-02 1.26533e-02 1.24210e-02 1.22021e-02 1.19905e-02 1.17793e-02 1.15618e-02 1.13320e-02 1.10841e-02 1.08124e-02 1.05104e-02 1.01719e-02 9.79203e-03 9.36820e-03 8.90147e-03 8.39678e-03 7.86241e-03 7.30911e-03 6.74905e-03 6.19488e-03 5.65820e-03 5.14760e-03 4.66677e-03 4.21423e-03 3.78532e-03 3.37576e-03 2.98494e-03 2.61707e-03 2.27990e-03 1.98167e-03 1.72775e-03 1.51824e-03 1.34766e-03 1.20707e-03 1.08739e-03 9.81765e-04 8.86019e-04 7.97862e-04 7.16087e-04 6.40061e-04 5.69452e-04 5.04057e-04 4.43699e-04 3.88180e-04 3.37267e-04 2.90713e-04 2.48265e-04 2.09684e-04 1.74748e-04 1.43258e-04 1.15041e-04 8.99638e-05 6.79547e-05 4.90268e-05 3.32730e-05 2.08080e-05 1.16527e-05 5.60588e-06 2.17627e-06 6.20129e-07 1.12392e-07 1.00260e-08 1.76122e-10
34.001572 2.37707e-02 3.54806e-02 2.88435e-02 2.67723e-02 2.70015e-02 2.73865e-02 2.73147e-02 2.70229e-02 2.67358e-02 2.65064e-02 2.63664e-02 2.62878e-02 2.61796e-02 2.59962e-02 2.57584e-02 2.54935e-02 2.51826e-02 2.47452e-02 2.40690e-02 2.30701e-02 2.17450e-02 2.02452e-02 1.88595e-02 1.77678e-02 1.69407e-02 1.62842e-02 1.57328e-02 1.52494e-02 1.48132e-02 1.44126e-02 1.40423e-02 1.37011e-02 1.33903e-02 1.31113e-02 1.28629e-02 1.26412e-02 1.24384e-02 1.22437e-02 1.20457e-02 1.18344e-02 1.16024e-02 1.13442e-02 1.10542e-02 1.07270e-02 1.03571e-02 9.94081e-03 9.47725e-03 8.96956e-03 8.42487e-03 7.85383e-03 7.26967e-03 6.68695e-03 6.11969e-03 5.57883e-03 5.06958e-03 4.59050e-03 4.13566e-03 3.69913e-03 3.27953e-03 2.88164e-03 2.51457e-03 2.18783e-03 1.90741e-03 1.67365e-03 1.48118e-03 1.32119e-03 1.18463e-03 1.06451e-03 9.56389e-04 8.57701e-04 7.66971e-04 6.83317e-04 6.06195e-04 5.35255e-04 4.70235e-04 4.10892e-04 3.56955e-04 3.08112e-04 2.64009e-04 2.24265e-04 1.88502e-04 1.56366e-04 1.27556e-04 1.01836e-04 7.90566e-05 5.91614e-05 4.21887e-05 2.82370e-05 1.73877e-05 9.59159e-06 4.56786e-06 1.77973e-06 5.23009e-07 1.01776e-07 1.00842e-08 1.93927e-10
34.251584 2.34527e-02 3.56684e-02 2.96541e-02 2.75446e-02 2.71288e-02 2.66674e-02 2.60322e-02 2.56151e-02 2.55067e-02 2.55612e-02 2.56536e-02 2.56910e-02 2.56146e-02 2.54417e-02 2.52305e-02 2.50121e-02 2.47554e-02 2.43735e-02 2.37620e-02 2.28487e-02 2.16298e-02 2.02383e-02 1.89453e-02 1.79279e-02 1.71571e-02 1.65335e-02 1.59862e-02 1.54814e-02 1.50109e-02 1.45804e-02 1.41998e-02 1.38759e-02 1.36108e-02 1.34012e-02 1.32369e-02 1.31005e-02 1.29695e-02 1.28236e-02 1.26510e-02 1.24474e-02 1.22112e-02 1.19391e-02 1.16258e-02 1.12643e-02 1.08485e-02 1.03748e-02 9.84350e-03 9.25975e-03 8.63437e-03 7.98387e-03 7.32912e-03 6.69163e-03 6.08828e-03 5.52662e-03 5.00380e-03 4.51055e-03 4.03832e-03 3.58525e-03 3.15740e-03 2.76526e-03 2.41837e-03 2.12121e-03 1.87175e-03 1.66281e-03 1.48512e-03 1.33037e-03 1.19276e-03 1.06876e-03 9.56285e-04 8.53937e-04 7.60614e-04 6.75396e-04 5.97523e-04 5.26388e-04 4.61521e-04 4.02541e-04 3.49105e-04 3.00857e-04 2.57411e-04 2.18353e-04 1.83267e-04 1.51763e-04 1.23513e-04 9.82730e-05 7.59073e-05 5.63928e-05 3.98070e-05 2.62786e-05 1.58950e-05 8.58065e-06 3.99648e-06 1.53499e-06 4.54794e-07 9.23676e-08 9.79297e-09 1.99251e-10
34.501596 2.38551e-02 3.65769e-02 3.03710e-02 2.75119e-02 2.62249e-02 2.52251e-02 2.44978e-02 2.42281e-02 2.42859e-02 2.44394e-02 2.45705e-02 2.46388e-02 2.46456e-02 2.46255e-02 2.46028e-02 2.45609e-02 2.44430e-02 2.41714e-02 2.36704e-02 2.28895e-02 2.18137e-02 2.05372e-02 1.93023e-02 1.82852e-02 1.74647e-02 1.67485e-02 1.60841e-02 1.54714e-02 1.49408e-02 1.45242e-02 1.42379e-02 1.40750e-02 1.40016e-02 1.39634e-02 1.39087e-02 1.38110e-02 1.36714e-02 1.35029e-02 1.33147e-02 1.31064e-02 1.28689e-02 1.25873e-02 1.22457e-02 1.18309e-02 1.13347e-02 1.07556e-02 1.01017e-02 9.39210e-03 8.65591e-03 7.92531e-03 7.22761e-03 6.57883e-03 5.98164e-03 5.42837e-03 4.90796e-03 4.41299e-03 3.94324e-03 3.50479e-03 3.10612e-03 2.75361e-03 2.44846e-03 2.18633e-03 1.95955e-03 1.76025e-03 1.58238e-03 1.42218e-03 1.27744e-03 1.14661e-03 1.02830e-03 9.21125e-04 8.23707e-04 7.34827e-04 6.53488e-04 5.78935e-04 5.10618e-04 4.48117e-04 3.91069e-04 3.39116e-04 2.91883e-04 2.48982e-04 2.10029e-04 1.74674e-04 1.42636e-04 1.13735e-04 8.79099e-05 6.52313e-05 4.58747e-05 3.00608e-05 1.79463e-05 9.47925e-06 4.26902e-06 1.56672e-06 4.42262e-07 8.70509e-08 9.24054e-09 1.92134e-10
34.751607 2.46720e-02 3.78472e-02 3.10695e-02 2.73992e-02 2.55233e-02 2.43551e-02 2.36708e-02 2.33788e-02 2.32881e-02 2.32714e-02 2.33113e-02 2.34065e-02 2.35535e-02 2.37488e-02 2.39631e-02 2.41380e-02 2.42051e-02 2.41022e-02 2.37782e-02 2.31839e-02 2.22602e-02 2.10297e-02 1.96955e-02 1.84570e-02 1.73682e-02 1.64494e-02 1.57476e-02 1.52854e-02 1.50332e-02 1.49154e-02 1.48360e-02 1.47263e-02 1.45731e-02 1.44002e-02 1.42361e-02 1.40962e-02 1.39809e-02 1.38774e-02 1.37610e-02 1.35991e-02 1.33585e-02 1.30130e-02 1.25480e-02 1.19631e-02 1.12753e-02 1.05173e-02 9.72980e-03 8.95208e-03 8.21359e-03 7.53024e-03 6.90487e-03 6.33112e-03 5.79912e-03 5.30001e-03 4.82822e-03 4.38218e-03 3.96404e-03 3.57815e-03 3.22837e-03 2.91563e-03 2.63757e-03 2.38999e-03 2.16861e-03 1.96987e-03 1.79088e-03 1.62915e-03 1.48233e-03 1.34828e-03 1.22518e-03 1.11154e-03 1.00626e-03 9.08541e-04 8.17797e-04 7.33578e-04 6.55493e-04 5.83170e-04 5.16226e-04 4.54259e-04 3.96854e-04 3.43595e-04 2.94096e-04 2.48046e-04 2.05253e-04 1.65685e-04 1.29503e-04 9.70574e-05 6.88410e-05 4.53992e-05 2.71697e-05 1.42706e-05 6.28614e-06 2.18742e-06 5.57933e-07 9.49537e-08 8.89141e-09 1.78212e-10
35.001619 2.56700e-02 3.93386e-02 3.20656e-02 2.78847e-02 2.56709e-02 2.43007e-02 2.33514e-02 2.26725e-02 2.22055e-02 2.19701e-02 2.19887e-02 2.22129e-02 2.25681e-02 2.29863e-02 2.33953e-02 2.37233e-02 2.39137e-02 2.39248e-02 2.37085e-02 2.31747e-02 2.21964e-02 2.07948e-02 1.93215e-02 1.81730e-02 1.74323e-02 1.69426e-02 1.65359e-02 1.61347e-02 1.57417e-02 1.53905e-02 1.51075e-02 1.49014e-02 1.47682e-02 1.46959e-02 1.46642e-02 1.46435e-02 1.45955e-02 1.44781e-02 1.42528e-02 1.38932e-02 1.33903e-02 1.27544e-02 1.20142e-02 1.12120e-02 1.03944e-02 9.60296e-03 8.86614e-03 8.19628e-03 7.59194e-03 7.04338e-03 6.53840e-03 6.06589e-03 5.61722e-03 5.18691e-03 4.77327e-03 4.37848e-03 4.00713e-03 3.66376e-03 3.35113e-03 3.06967e-03 2.81802e-03 2.59356e-03 2.39295e-03 2.21247e-03 2.04843e-03 1.89748e-03 1.75691e-03 1.62475e-03 1.49969e-03 1.38104e-03 1.26847e-03 1.16189e-03 1.06129e-03 9.66619e-04 8.77727e-04 7.94350e-04 7.16102e-04 6.42498e-04 5.72987e-04 5.06992e-04 4.43960e-04 3.83438e-04 3.25154e-04 2.69118e-04 2.15717e-04 1.65765e-04 1.20478e-04 8.13190e-05 4.96985e-05 2.65313e-05 1.17482e-05 4.00416e-06 9.44573e-07 1.33994e-07 9.62868e-09 1.67603e-10
35.251630 2.63857e-02 4.05033e-02 3.30208e-02 2.85695e-02 2.60467e-02 2.42931e-02 2.28537e-02 2.16818e-02 2.08908e-02 2.05984e-02 2.07967e-02 2.13204e-02 2.19577e-02 2.25376e-02 2.29483e-02 2.31423e-02 2.31151e-02 2.28683e-02 2.24170e-02 2.18464e-02 2.12526e-02 2.06324e-02 1.99642e-02 1.92507e-02 1.84938e-02 1.77445e-02 1.70960e-02 1.66113e-02 1.62969e-02 1.61232e-02 1.60474e-02 1.60245e-02 1.60113e-02 1.59699e-02 1.58687e-02 1.56804e-02 1.53799e-02 1.49450e-02 1.43637e-02 1.36429e-02 1.28140e-02 1.19278e-02 1.10411e-02 1.02012e-02 9.43723e-03 8.75906e-03 8.16115e-03 7.62891e-03 7.14473e-03 6.69230e-03 6.25898e-03 5.83700e-03 5.42391e-03 5.02211e-03 4.63713e-03 4.27542e-03 3.94205e-03 3.63944e-03 3.36729e-03 3.12337e-03 2.90446e-03 2.70721e-03 2.52844e-03 2.36524e-03 2.21493e-03 2.07513e-03 1.94376e-03 1.81920e-03 1.70030e-03 1.58635e-03 1.47701e-03 1.37218e-03 1.27189e-03 1.17613e-03 1.08478e-03 9.97578e-04 9.14134e-04 8.33929e-04 7.56386e-04 6.80928e-04 6.07045e-04 5.34346e-04 4.62613e-04 3.91861e-04 3.22445e-04 2.55217e-04 1.91693e-04 1.34100e-04 8.51161e-05 4.72086e-05 2.16441e-05 7.54451e-06 1.75985e-06 2.26616e-07 1.25485e-08 1.71492e-10
35.501642 2.60042e-02 4.01320e-02 3.28287e-02 2.82902e-02 2.55176e-02 2.34453e-02 2.16883e-02 2.03120e-02 1.95287e-02 1.94521e-02 1.99557e-02 2.07077e-02 2.13797e-02 2.17928e-02 2.19168e-02 2.18149e-02 2.16058e-02 2.14488e-02 2.14452e-02 2.15169e-02 2.14340e-02 2.10215e-02 2.03690e-02 1.96950e-02 1.91193e-02 1.86782e-02 1.83879e-02 1.82376e-02 1.81859e-02 1.81757e-02 1.81495e-02 1.80613e-02 1.78837e-02 1.76045e-02 1.72158e-02 1.67036e-02 1.60523e-02 1.52599e-02 1.43511e-02 1.33750e-02 1.23889e-02 1.14422e-02 1.05677e-02 9.78125e-03 9.08449e-03 8.46885e-03 7.91994e-03 7.42188e-03 6.96045e-03 6.52465e-03 6.10689e-03 5.70236e-03 5.30864e-03 4.92575e-03 4.55621e-03 4.20441e-03 3.87530e-03 3.57279e-03 3.29878e-03 3.05300e-03 2.83353e-03 2.63751e-03 2.46174e-03 2.30313e-03 2.15884e-03 2.02647e-03 1.90404e-03 1.78995e-03 1.68293e-03 1.58197e-03 1.48620e-03 1.39490e-03 1.30745e-03 1.22335e-03 1.14212e-03 1.06333e-03 9.86452e-04 9.10902e-04 8.36035e-04 7.61236e-04 6.86034e-04 6.10210e-04 5.33847e-04 4.57319e-04 3.81287e-04 3.06759e-04 2.35253e-04 1.68976e-04 1.10806e-04 6.38690e-05 3.05499e-05 1.10951e-05 2.66307e-06 3.39261e-07 1.66850e-08 1.89518e-10
35.751653 2.42145e-02 3.76315e-02 3.08963e-02 2.65411e-02 2.37652e-02 2.16900e-02 2.00303e-02 1.88796e-02 1.83916e-02 1.85590e-02 1.91514e-02 1.98256e-02 2.03434e-02 2.06388e-02 2.07596e-02 2.08315e-02 2.09695e-02 2.11724e-02 2.13589e-02 2.14515e-02 2.13701e-02 2.10792e-02 2.07057e-02 2.04242e-02 2.02830e-02 2.02460e-02 2.02768e-02 2.03414e-02 2.03977e-02 2.03991e-02 2.03032e-02 2.00825e-02 1.97268e-02 1.92337e-02 1.85990e-02 1.78179e-02 1.68983e-02 1.58711e-02 1.47861e-02 1.36981e-02 1.26536e-02 1.16843e-02 1.08081e-02 1.00312e-02 9.34999e-03 8.75249e-03 8.22076e-03 7.73415e-03 7.27247e-03 6.81861e-03 6.36127e-03 5.89760e-03 5.43368e-03 4.98145e-03 4.55320e-03 4.15736e-03 3.79730e-03 3.47249e-03 3.18027e-03 2.91736e-03 2.68065e-03 2.46749e-03 2.27568e-03 2.10328e-03 1.94844e-03 1.80924e-03 1.68374e-03 1.57004e-03 1.46642e-03 1.37142e-03 1.28384e-03 1.20270e-03 1.12707e-03 1.05600e-03 9.88547e-04 9.23744e-04 8.60688e-04 7.98536e-04 7.36521e-04 6.73968e-04 6.10376e-04 5.45489e-04 4.79364e-04 4.12379e-04 3.45243e-04 2.79046e-04 2.15330e-04 1.56126e-04 1.03870e-04 6.11397e-05 3.00606e-05 1.12702e-05 2.79012e-06 3.63281e-07 1.78606e-08 2.01067e-10
36.001665 2.19800e-02 3.42484e-02 2.81396e-02 2.41747e-02 2.16546e-02 1.98224e-02 1.84602e-02 1.76232e-02 1.73699e-02 1.76489e-02 1.82681e-02 1.89438e-02 1.94876e-02 1.98888e-02 2.02173e-02 2.05142e-02 2.07827e-02 2.10261e-02 2.12394e-02 2.13898e-02 2.14142e-02 2.12899e-02 2.11358e-02 2.10976e-02 2.11976e-02 2.13804e-02 2.15940e-02 2.18004e-02 2.19624e-02 2.20390e-02 2.19888e-02 2.17772e-02 2.13761e-02 2.07612e-02 1.99211e-02 1.88757e-02 1.76877e-02 1.64492e-02 1.52517e-02 1.41586e-02 1.31958e-02 1.23579e-02 1.16221e-02 1.09594e-02 1.03418e-02 9.74507e-03 9.14951e-03 8.54138e-03 7.91584e-03 7.28040e-03 6.65415e-03 6.06005e-03 5.51476e-03 5.02374e-03 4.58361e-03 4.18722e-03 3.82726e-03 3.49771e-03 3.19407e-03 2.91315e-03 2.65287e-03 2.41200e-03 2.18995e-03 1.98648e-03 1.80142e-03 1.63448e-03 1.48498e-03 1.35179e-03 1.23337e-03 1.12794e-03 1.03368e-03 9.49000e-04 8.72570e-04 8.03274e-04 7.40052e-04 6.81801e-04 6.27367e-04 5.75634e-04 5.25627e-04 4.76585e-04 4.27984e-04 3.79537e-04 3.31167e-04 2.83000e-04 2.35395e-04 1.89024e-04 1.44934e-04 1.04514e-04 6.93397e-05 4.09043e-05 2.03014e-05 7.74806e-06 1.97135e-06 2.68704e-07 1.47429e-08 1.97758e-10
36.251676 2.01258e-02 3.12807e-02 2.56086e-02 2.20118e-02 1.98035e-02 1.82637e-02 1.72052e-02 1.66486e-02 1.66068e-02 1.70290e-02 1.77503e-02 1.85160e-02 1.91546e-02 1.96353e-02 2.00016e-02 2.03156e-02 2.06131e-02 2.08875e-02 2.11031e-02 2.12212e-02 2.12143e-02 2.11120e-02 2.10527e-02 2.11633e-02 2.14497e-02 2.18573e-02 2.23355e-02 2.28258e-02 2.32380e-02 2.34540e-02 2.33651e-02 2.29215e-02 2.21532e-02 2.11511e-02 2.00270e-02 1.88835e-02 1.77981e-02 1.68149e-02 1.59420e-02 1.51581e-02 1.44263e-02 1.37102e-02 1.29840e-02 1.22346e-02 1.14585e-02 1.06589e-02 9.84393e-03 9.02815e-03 8.23263e-03 7.48133e-03 6.79378e-03 6.17886e-03 5.63407e-03 5.15030e-03 4.71723e-03 4.32583e-03 3.96867e-03 3.63973e-03 3.33420e-03 3.04847e-03 2.78008e-03 2.52755e-03 2.29018e-03 2.06781e-03 1.86064e-03 1.66900e-03 1.49321e-03 1.33337e-03 1.18923e-03 1.06004e-03 9.44600e-04 8.41438e-04 7.49081e-04 6.66272e-04 5.92016e-04 5.25453e-04 4.65701e-04 4.11780e-04 3.62674e-04 3.17449e-04 2.75370e-04 2.35945e-04 1.98915e-04 1.64213e-04 1.31926e-04 1.02285e-04 7.56758e-05 5.26124e-05 3.36456e-05 1.91844e-05 9.29243e-06 3.53561e-06 9.33823e-07 1.43925e-07 1.06719e-08 1.93340e-10
36.501688 1.88070e-02 2.90713e-02 2.35781e-02 2.01858e-02 1.82526e-02 1.70414e-02 1.63102e-02 1.60252e-02 1.61930e-02 1.67803e-02 1.76167e-02 1.84384e-02 1.91006e-02 1.96064e-02 1.99946e-02 2.02966e-02 2.05288e-02 2.06900e-02 2.07769e-02 2.07993e-02 2.07695e-02 2.07376e-02 2.08497e-02 2.12283e-02 2.18497e-02 2.25786e-02 2.32338e-02 2.36439e-02 2.37112e-02 2.34377e-02 2.28957e-02 2.21822e-02 2.13865e-02 2.05766e-02 1.97950e-02 1.90592e-02 1.83650e-02 1.76921e-02 1.70114e-02 1.62944e-02 1.55216e-02 1.46877e-02 1.38003e-02 1.28762e-02 1.19362e-02 1.10016e-02 1.00923e-02 9.22539e-03 8.41520e-03 7.67274e-03 7.00346e-03 6.40471e-03 5.86785e-03 5.38354e-03 4.94443e-03 4.54493e-03 4.18032e-03 3.84625e-03 3.53883e-03 3.25475e-03 2.99141e-03 2.74674e-03 2.51902e-03 2.30663e-03 2.10800e-03 1.92168e-03 1.74650e-03 1.58163e-03 1.42659e-03 1.28108e-03 1.14487e-03 1.01762e-03 8.99025e-04 7.88844e-04 6.87062e-04 5.93827e-04 5.09283e-04 4.33372e-04 3.65732e-04 3.05731e-04 2.52618e-04 2.05675e-04 1.64337e-04 1.28218e-04 9.70838e-05 7.07751e-05 4.91412e-05 3.19935e-05 1.90888e-05 1.01029e-05 4.54348e-06 1.64881e-06 4.54492e-07 8.70863e-08 9.24666e-09 2.00023e-10
36.751700 1.79267e-02 2.75183e-02 2.20040e-02 1.86825e-02 1.69874e-02 1.61017e-02 1.56753e-02 1.56292e-02 1.59731e-02 1.66782e-02 1.75844e-02 1.84567e-02 1.91541e-02 1.96529e-02 1.99850e-02 2.02032e-02 2.03559e-02 2.04820e-02 2.06107e-02 2.07586e-02 2.09212e-02 2.11168e-02 2.14225e-02 2.18346e-02 2.22126e-02 2.24389e-02 2.25062e-02 2.24577e-02 2.23239e-02 2.21120e-02 2.18217e-02 2.14587e-02 2.10368e-02 2.05711e-02 2.00679e-02 1.95208e-02 1.89147e-02 1.82358e-02 1.74803e-02 1.66560e-02 1.57779e-02 1.48625e-02 1.39237e-02 1.29736e-02 1.20274e-02 1.11044e-02 1.02248e-02 9.40334e-03 8.64621e-03 7.95349e-03 7.32310e-03 6.75072e-03 6.22924e-03 5.75072e-03 5.30864e-03 4.89874e-03 4.51864e-03 4.16723e-03 3.84394e-03 3.54831e-03 3.27959e-03 3.03656e-03 2.81729e-03 2.61908e-03 2.43855e-03 2.27198e-03 2.11568e-03 1.96648e-03 1.82189e-03 1.68025e-03 1.54062e-03 1.40271e-03 1.26675e-03 1.13348e-03 1.00401e-03 8.79747e-04 7.62191e-04 6.52677e-04 5.52170e-04 4.61153e-04 3.79656e-04 3.07384e-04 2.43901e-04 1.88777e-04 1.41660e-04 1.02273e-04 7.03295e-05 4.54408e-05 2.70402e-05 1.43747e-05 6.52161e-06 2.37015e-06 6.37570e-07 1.14791e-07 1.11486e-08 2.22498e-10
37.001711 1.71672e-02 2.62525e-02 2.07431e-02 1.74657e-02 1.59522e-02 1.53245e-02 1.51376e-02 1.52683e-02 1.57254e-02 1.64944e-02 1.74332e-02 1.83156e-02 1.90052e-02 1.94975e-02 1.98501e-02 2.01355e-02 2.04188e-02 2.07517e-02 2.11503e-02 2.15463e-02 2.17673e-02 2.16820e-02 2.13908e-02 2.11069e-02 2.09501e-02 2.09464e-02 2.10720e-02 2.12608e-02 2.14253e-02 2.14901e-02 2.14158e-02 2.12048e-02 2.08894e-02 2.05068e-02 2.00745e-02 1.95810e-02 1.89992e-02 1.83166e-02 1.75522e-02 1.67404e-02 1.58989e-02 1.50206e-02 1.40997e-02 1.31512e-02 1.22050e-02 1.12875e-02 1.04120e-02 9.58586e-03 8.82429e-03 8.14700e-03 7.56001e-03 7.05077e-03 6.59791e-03 6.18106e-03 5.78511e-03 5.40118e-03 5.02605e-03 4.66110e-03 4.31081e-03 3.98102e-03 3.67722e-03 3.40317e-03 3.16003e-03 2.94634e-03 2.75838e-03 2.59102e-03 2.43864e-03 2.29596e-03 2.15864e-03 2.02354e-03 1.88866e-03 1.75298e-03 1.61622e-03 1.47871e-03 1.34122e-03 1.20491e-03 1.07119e-03 9.41611e-04 8.17682e-04 7.00702e-04 5.91666e-04 4.91230e-04 3.99780e-04 3.17542e-04 2.44708e-04 1.81509e-04 1.28206e-04 8.49810e-05 5.17706e-05 2.80973e-05 1.29504e-05 4.71282e-06 1.21793e-06 1.93672e-07 1.54018e-08 2.68954e-10
37.251723 1.63218e-02 2.50379e-02 1.97076e-02 1.65196e-02 1.51235e-02 1.46403e-02 1.45669e-02 1.47461e-02 1.52005e-02 1.59518e-02 1.68880e-02 1.78018e-02 1.85763e-02 1.92201e-02 1.97787e-02 2.02916e-02 2.07937e-02 2.12912e-02 2.17012e-02 2.18649e-02 2.16652e-02 2.11764e-02 2.06917e-02 2.04623e-02 2.04948e-02 2.06619e-02 2.08512e-02 2.10006e-02 2.10870e-02 2.11060e-02 2.10564e-02 2.09353e-02 2.07400e-02 2.04716e-02 2.01377e-02 1.97523e-02 1.93273e-02 1.88506e-02 1.82704e-02 1.75240e-02 1.65901e-02 1.55053e-02 1.43409e-02 1.31738e-02 1.20646e-02 1.10495e-02 1.01495e-02 9.37483e-03 8.72160e-03 8.17394e-03 7.71080e-03 7.31025e-03 6.95077e-03 6.61228e-03 6.27749e-03 5.93341e-03 5.57312e-03 5.19708e-03 4.81290e-03 4.43300e-03 4.07101e-03 3.73829e-03 3.44185e-03 3.18377e-03 2.96185e-03 2.77077e-03 2.60362e-03 2.45320e-03 2.31322e-03 2.17888e-03 2.04696e-03 1.91560e-03 1.78391e-03 1.65169e-03 1.51919e-03 1.38694e-03 1.25569e-03 1.12630e-03 9.99683e-04 8.76781e-04 7.58498e-04 6.45690e-04 5.39161e-04 4.39703e-04 3.48157e-04 2.65487e-04 1.92806e-04 1.31293e-04 8.19705e-05 4.53751e-05 2.11619e-05 7.69391e-06 1.94331e-06 2.90263e-07 2.07393e-08 3.38796e-10
37.501734 1.55832e-02 2.40999e-02 1.90176e-02 1.58885e-02 1.44627e-02 1.39260e-02 1.37898e-02 1.38998e-02 1.43008e-02 1.50505e-02 1.60599e-02 1.71165e-02 1.80623e-02 1.88468e-02 1.94929e-02 2.00782e-02 2.06782e-02 2.12965e-02 2.18577e-02 2.22562e-02 2.23759e-02 2.21608e-02 2.17398e-02 2.13113e-02 2.09723e-02 2.07579e-02 2.06865e-02 2.07374e-02 2.08566e-02 2.09840e-02 2.10722e-02 2.10896e-02 2.10149e-02 2.08360e-02 2.05569e-02 2.02018e-02 1.97936e-02 1.93188e-02 1.87077e-02 1.78666e-02 1.67587e-02 1.54586e-02 1.41163e-02 1.28702e-02 1.17903e-02 1.08822e-02 1.01200e-02 9.47488e-03 8.92518e-03 8.45419e-03 8.04549e-03 7.68034e-03 7.33864e-03 7.00138e-03 6.65291e-03 6.28260e-03 5.88649e-03 5.46818e-03 5.03802e-03 4.61056e-03 4.20114e-03 3.82287e-03 3.48462e-03 3.19043e-03 2.93977e-03 2.72833e-03 2.54919e-03 2.39429e-03 2.25600e-03 2.12809e-03 2.00604e-03 1.88677e-03 1.76835e-03 1.64967e-03 1.53029e-03 1.41026e-03 1.29000e-03 1.17011e-03 1.05136e-03 9.34511e-04 8.20305e-04 7.09455e-04 6.02649e-04 5.00611e-04 4.04204e-04 3.14559e-04 2.33190e-04 1.61997e-04 1.03022e-04 5.79420e-05 2.73511e-05 1.00060e-05 2.51889e-06 3.69228e-07 2.55265e-08 4.13528e-10
37.751746 1.52406e-02 2.37295e-02 1.87421e-02 1.54767e-02 1.37808e-02 1.29960e-02 1.27303e-02 1.28394e-02 1.33291e-02 1.41954e-02 1.52749e-02 1.63128e-02 1.72006e-02 1.80331e-02 1.89822e-02 2.01607e-02 2.15254e-02 2.28534e-02 2.38272e-02 2.41951e-02 2.38872e-02 2.30846e-02 2.21986e-02 2.15702e-02 2.12510e-02 2.11447e-02 2.11670e-02 2.12609e-02 2.13783e-02 2.14700e-02 2.14831e-02 2.13696e-02 2.11017e-02 2.06901e-02 2.01925e-02 1.96999e-02 1.92902e-02 1.89575e-02 1.85758e-02 1.79584e-02 1.69952e-02 1.57473e-02 1.44011e-02 1.31390e-02 1.20534e-02 1.11524e-02 1.04057e-02 9.77937e-03 9.24469e-03 8.77625e-03 8.34951e-03 7.94194e-03 7.53578e-03 7.11954e-03 6.68742e-03 6.23855e-03 5.77657e-03 5.30909e-03 4.84648e-03 4.40000e-03 3.98016e-03 3.59563e-03 3.25272e-03 2.95496e-03 2.70244e-03 2.49152e-03 2.31557e-03 2.16663e-03 2.03713e-03 1.92081e-03 1.81290e-03 1.70991e-03 1.60937e-03 1.50962e-03 1.40962e-03 1.30882e-03 1.20709e-03 1.10456e-03 1.00157e-03 8.98643e-04 7.96372e-04 6.95465e-04 5.96707e-04 5.00972e-04 4.09241e-04 3.22675e-04 2.42736e-04 1.71326e-04 1.10746e-04 6.32781e-05 3.03067e-05 1.12282e-05 2.85492e-06 4.21243e-07 2.93145e-08 4.82438e-10
38.001757 1.52289e-02 2.37289e-02 1.86340e-02 1.50583e-02 1.29725e-02 1.19351e-02 1.16626e-02 1.19469e-02 1.26121e-02 1.35105e-02 1.45326e-02 1.56566e-02 1.69795e-02 1.85964e-02 2.04435e-02 2.22662e-02 2.37375e-02 2.46394e-02 2.49494e-02 2.47883e-02 2.42999e-02 2.36368e-02 2.30322e-02 2.26544e-02 2.24722e-02 2.23826e-02 2.23218e-02 2.22474e-02 2.21131e-02 2.18689e-02 2.14797e-02 2.09515e-02 2.03401e-02 1.97301e-02 1.91967e-02 1.87827e-02 1.85010e-02 1.83296e-02 1.81815e-02 1.78910e-02 1.72839e-02 1.63039e-02 1.50651e-02 1.37706e-02 1.25841e-02 1.15716e-02 1.07250e-02 1.00082e-02 9.38374e-03 8.82076e-03 8.29470e-03 7.78752e-03 7.28778e-03 6.78995e-03 6.29339e-03 5.80118e-03 5.31850e-03 4.85084e-03 4.40304e-03 3.97956e-03 3.58527e-03 3.22568e-03 2.90592e-03 2.62878e-03 2.39338e-03 2.19537e-03 2.02852e-03 1.88639e-03 1.76314e-03 1.65382e-03 1.55430e-03 1.46130e-03 1.37232e-03 1.28560e-03 1.20000e-03 1.11491e-03 1.03003e-03 9.45288e-04 8.60678e-04 7.76268e-04 6.92178e-04 6.08640e-04 5.26048e-04 4.45018e-04 3.66420e-04 2.91401e-04 2.21398e-04 1.58166e-04 1.03761e-04 6.03276e-05 2.94612e-05 1.11456e-05 2.89866e-06 4.39315e-07 3.16805e-08 5.37478e-10
38.251769 1.51929e-02 2.35681e-02 1.83656e-02 1.45710e-02 1.22582e-02 1.11508e-02 1.09799e-02 1.14335e-02 1.22671e-02 1.34130e-02 1.49129e-02 1.67462e-02 1.87567e-02 2.07108e-02 2.24111e-02 2.37562e-02 2.47309e-02 2.53729e-02 2.57327e-02 2.58416e-02 2.56825e-02 2.52647e-02 2.47536e-02 2.43173e-02 2.39486e-02 2.35675e-02 2.31253e-02 2.25955e-02 2.19622e-02 2.12328e-02 2.04540e-02 1.97061e-02 1.90690e-02 1.85816e-02 1.82312e-02 1.79793e-02 1.77958e-02 1.76673e-02 1.75713e-02 1.74357e-02 1.71294e-02 1.65196e-02 1.55664e-02 1.43652e-02 1.30876e-02 1.18840e-02 1.08296e-02 9.93277e-03 9.16645e-03 8.49484e-03 7.88631e-03 7.31836e-03 6.77802e-03 6.25961e-03 5.76145e-03 5.28293e-03 4.82357e-03 4.38397e-03 3.96694e-03 3.57756e-03 3.22160e-03 2.90307e-03 2.62239e-03 2.37672e-03 2.16168e-03 1.97304e-03 1.80733e-03 1.66158e-03 1.53303e-03 1.41890e-03 1.31639e-03 1.22281e-03 1.13575e-03 1.05323e-03 9.73815e-04 8.96644e-04 8.21341e-04 7.47843e-04 6.76207e-04 6.06462e-04 5.38556e-04 4.72391e-04 4.07925e-04 3.45277e-04 2.84819e-04 2.27222e-04 1.73464e-04 1.24796e-04 8.27012e-05 4.87567e-05 2.42495e-05 9.39210e-06 2.52091e-06 4.00631e-07 3.09945e-08 5.53576e-10
38.501781 1.48370e-02 2.28856e-02 1.78074e-02 1.40883e-02 1.18043e-02 1.07707e-02 1.07642e-02 1.15330e-02 1.28865e-02 1.46725e-02 1.66840e-02 1.86856e-02 2.05305e-02 2.21764e-02 2.36290e-02 2.49074e-02 2.60191e-02 2.69359e-02 2.75934e-02 2.79120e-02 2.78002e-02 2.72503e-02 2.64607e-02 2.56411e-02 2.48113e-02 2.39100e-02 2.29130e-02 2.18402e-02 2.07551e-02 1.97615e-02 1.89626e-02 1.84004e-02 1.80328e-02 1.77767e-02 1.75681e-02 1.73821e-02 1.72142e-02 1.70578e-02 1.68968e-02 1.67007e-02 1.64137e-02 1.59508e-02 1.52298e-02 1.42315e-02 1.30357e-02 1.17893e-02 1.06290e-02 9.62554e-03 8.78162e-03 8.06387e-03 7.43328e-03 6.85957e-03 6.32321e-03 5.81276e-03 5.32275e-03 4.85284e-03 4.40725e-03 3.99295e-03 3.61654e-03 3.28087e-03 2.98360e-03 2.71889e-03 2.48029e-03 2.26275e-03 2.06309e-03 1.87953e-03 1.71102e-03 1.55681e-03 1.41615e-03 1.28816e-03 1.17180e-03 1.06590e-03 9.69163e-04 8.80244e-04 7.97820e-04 7.20724e-04 6.48062e-04 5.79279e-04 5.14119e-04 4.52512e-04 3.94439e-04 3.39838e-04 2.88595e-04 2.40607e-04 1.95869e-04 1.54554e-04 1.17028e-04 8.38252e-05 5.55919e-05 3.30216e-05 1.66893e-05 6.64194e-06 1.86269e-06 3.18230e-07 2.72610e-08 5.18804e-10
38.751792 1.42470e-02 2.18589e-02 1.70451e-02 1.36091e-02 1.15903e-02 1.08830e-02 1.13077e-02 1.25693e-02 1.43381e-02 1.63359e-02 1.83628e-02 2.02879e-02 2.20626e-02 2.37050e-02 2.52539e-02 2.67256e-02 2.80767e-02 2.91967e-02 2.99452e-02 3.01981e-02 2.98538e-02 2.89209e-02 2.76267e-02 2.62090e-02 2.47244e-02 2.31751e-02 2.16382e-02 2.02515e-02 1.91433e-02 1.83622e-02 1.78637e-02 1.75576e-02 1.73629e-02 1.72245e-02 1.71022e-02 1.69594e-02 1.67658e-02 1.65022e-02 1.61608e-02 1.57421e-02 1.52512e-02 1.46904e-02 1.40491e-02 1.33027e-02 1.24311e-02 1.14494e-02 1.04176e-02 9.41579e-03 8.50434e-03 7.70366e-03 7.00220e-03 6.37660e-03 5.80693e-03 5.28256e-03 4.80164e-03 4.36733e-03 3.98255e-03 3.64591e-03 3.35091e-03 3.08847e-03 2.84998e-03 2.62902e-03 2.42156e-03 2.22537e-03 2.03939e-03 1.86325e-03 1.69701e-03 1.54088e-03 1.39505e-03 1.25952e-03 1.13407e-03 1.01817e-03 9.11190e-04 8.12411e-04 7.21165e-04 6.36854e-04 5.58965e-04 4.87065e-04 4.20814e-04 3.59952e-04 3.04291e-04 2.53686e-04 2.08008e-04 1.67138e-04 1.30979e-04 9.94732e-05 7.25931e-05 5.03091e-05 3.25343e-05 1.90941e-05 9.72053e-06 3.99856e-06 1.19918e-06 2.28736e-07 2.23522e-08 4.53806e-10
39.001804 1.38825e-02 2.12045e-02 1.65699e-02 1.35190e-02 1.19743e-02 1.17182e-02 1.25041e-02 1.40280e-02 1.59828e-02 1.81043e-02 2.01952e-02 2.21451e-02 2.39469e-02 2.56524e-02 2.72957e-02 2.88503e-02 3.02251e-02 3.12885e-02 3.19006e-02 3.19268e-02 3.12276e-02 2.97695e-02 2.77757e-02 2.55602e-02 2.33599e-02 2.13991e-02 1.98572e-02 1.87692e-02 1.80601e-02 1.76258e-02 1.73683e-02 1.72079e-02 1.70878e-02 1.69654e-02 1.68015e-02 1.65606e-02 1.62164e-02 1.57582e-02 1.51954e-02 1.45581e-02 1.38897e-02 1.32333e-02 1.26146e-02 1.20287e-02 1.14378e-02 1.07862e-02 1.00322e-02 9.17735e-03 8.26924e-03 7.37601e-03 6.55426e-03 5.83340e-03 5.21926e-03 4.70452e-03 4.27612e-03 3.91855e-03 3.61581e-03 3.35341e-03 3.11976e-03 2.90643e-03 2.70770e-03 2.51970e-03 2.33992e-03 2.16676e-03 1.99943e-03 1.83773e-03 1.68197e-03 1.53280e-03 1.39099e-03 1.25729e-03 1.13218e-03 1.01583e-03 9.07977e-04 8.08073e-04 7.15440e-04 6.29444e-04 5.49609e-04 4.75637e-04 4.07365e-04 3.44705e-04 2.87586e-04 2.35929e-04 1.89642e-04 1.48642e-04 1.12874e-04 8.23388e-05 5.70759e-05 3.70960e-05 2.22499e-05 1.20849e-05 5.79356e-06 2.34813e-06 7.43816e-07 1.60656e-07 1.79860e-08 3.86180e-10
39.251815 1.42241e-02 2.16667e-02 1.69744e-02 1.41656e-02 1.30029e-02 1.31033e-02 1.42022e-02 1.60053e-02 1.81551e-02 2.03397e-02 2.23971e-02 2.42945e-02 2.60514e-02 2.76743e-02 2.91417e-02 3.04291e-02 3.15123e-02 3.23295e-02 3.27303e-02 3.24629e-02 3.12441e-02 2.90249e-02 2.62439e-02 2.35742e-02 2.14511e-02 1.99432e-02 1.89326e-02 1.82824e-02 1.78782e-02 1.76234e-02 1.74420e-02 1.72816e-02 1.71027e-02 1.68656e-02 1.65313e-02 1.60708e-02 1.54781e-02 1.47753e-02 1.40077e-02 1.32308e-02 1.24943e-02 1.18303e-02 1.12468e-02 1.07272e-02 1.02340e-02 9.71930e-03 9.13890e-03 8.46914e-03 7.71936e-03 6.93148e-03 6.16389e-03 5.46828e-03 4.87358e-03 4.38379e-03 3.98567e-03 3.65888e-03 3.38360e-03 3.14421e-03 2.92992e-03 2.73374e-03 2.55115e-03 2.37907e-03 2.21519e-03 2.05787e-03 1.90600e-03 1.75910e-03 1.61717e-03 1.48063e-03 1.35009e-03 1.22623e-03 1.10960e-03 1.00055e-03 8.99166e-04 8.05197e-04 7.18151e-04 6.37390e-04 5.62279e-04 4.92308e-04 4.27147e-04 3.66634e-04 3.10715e-04 2.59385e-04 2.12632e-04 1.70420e-04 1.32702e-04 9.94654e-05 7.08026e-05 4.69582e-05 2.82747e-05 1.49543e-05 6.68453e-06 2.42371e-06 6.80914e-07 1.36152e-07 1.49648e-08 3.21975e-10
39.501827 1.53831e-02 2.33628e-02 1.82807e-02 1.54298e-02 1.45396e-02 1.50743e-02 1.66014e-02 1.86527e-02 2.08007e-02 2.28181e-02 2.46640e-02 2.63320e-02 2.77891e-02 2.90121e-02 3.00248e-02 3.08909e-02 3.16449e-02 3.21835e-02 3.21960e-02 3.12741e-02 2.92625e-02 2.65777e-02 2.39852e-02 2.19638e-02 2.05383e-02 1.95736e-02 1.89478e-02 1.85565e-02 1.83025e-02 1.81045e-02 1.79034e-02 1.76533e-02 1.73083e-02 1.68251e-02 1.61805e-02 1.53874e-02 1.44965e-02 1.35800e-02 1.27054e-02 1.19133e-02 1.12101e-02 1.05799e-02 1.00039e-02 9.47091e-03 8.97464e-03 8.50338e-03 8.03531e-03 7.54494e-03 7.01588e-03 6.45064e-03 5.87052e-03 5.30609e-03 4.78475e-03 4.32283e-03 3.92434e-03 3.58422e-03 3.29281e-03 3.03953e-03 2.81513e-03 2.61248e-03 2.42645e-03 2.25348e-03 2.09107e-03 1.93743e-03 1.79135e-03 1.65209e-03 1.51931e-03 1.39302e-03 1.27341e-03 1.16073e-03 1.05515e-03 9.56680e-04 8.65206e-04 7.80443e-04 7.01972e-04 6.29260e-04 5.61714e-04 4.98756e-04 4.39884e-04 3.84710e-04 3.32968e-04 2.84501e-04 2.39234e-04 1.97152e-04 1.58297e-04 1.22782e-04 9.08508e-05 6.29484e-05 3.97478e-05 2.20070e-05 1.01341e-05 3.62109e-06 9.20583e-07 1.50322e-07 1.33079e-08 2.61959e-10
39.751838 1.69558e-02 2.56970e-02 2.00805e-02 1.70921e-02 1.65183e-02 1.75535e-02 1.94036e-02 2.14299e-02 2.33062e-02 2.49789e-02 2.64683e-02 2.77380e-02 2.87443e-02 2.95081e-02 3.01093e-02 3.06176e-02 3.09737e-02 3.09176e-02 3.01390e-02 2.86143e-02 2.66563e-02 2.46305e-02 2.28405e-02 2.14728e-02 2.05290e-02 1.99122e-02 1.95140e-02 1.92330e-02 1.89848e-02 1.87065e-02 1.83416e-02 1.78307e-02 1.71316e-02 1.62489e-02 1.52430e-02 1.42063e-02 1.32216e-02 1.23311e-02 1.15347e-02 1.08126e-02 1.01487e-02 9.53924e-03 8.98732e-03 8.49557e-03 8.06028e-03 7.66847e-03 7.29895e-03 6.92770e-03 6.53556e-03 6.11425e-03 5.66814e-03 5.21125e-03 4.76161e-03 4.33565e-03 3.94469e-03 3.59398e-03 3.28347e-03 3.00948e-03 2.76642e-03 2.54843e-03 2.35032e-03 2.16809e-03 1.99891e-03 1.84088e-03 1.69284e-03 1.55405e-03 1.42411e-03 1.30277e-03 1.18986e-03 1.08519e-03 9.88464e-04 8.99278e-04 8.17116e-04 7.41399e-04 6.71511e-04 6.06821e-04 5.46699e-04 4.90540e-04 4.37790e-04 3.87969e-04 3.40689e-04 2.95660e-04 2.52709e-04 2.11786e-04 1.72980e-04 1.36543e-04 1.02920e-04 7.27875e-05 4.70555e-05 2.67552e-05 1.26488e-05 4.58901e-06 1.14263e-06 1.68733e-07 1.23806e-08 2.16715e-10
40.001850 1.82567e-02 2.77462e-02 2.18310e-02 1.88521e-02 1.85956e-02 1.99400e-02 2.18224e-02 2.36180e-02 2.51611e-02 2.64836e-02 2.75975e-02 2.84670e-02 2.90983e-02 2.95550e-02 2.98756e-02 2.99833e-02 2.96971e-02 2.89262e-02 2.78365e-02 2.66746e-02 2.54720e-02 2.41804e-02 2.29647e-02 2.20332e-02 2.13991e-02 2.09477e-02 2.05529e-02 2.01136e-02 1.95554e-02 1.88231e-02 1.78968e-02 1.68164e-02 1.56730e-02 1.45626e-02 1.35441e-02 1.26313e-02 1.18140e-02 1.10791e-02 1.04190e-02 9.83088e-03 9.31308e-03 8.86170e-03 8.46807e-03 8.11764e-03 7.79122e-03 7.46848e-03 7.13277e-03 6.77470e-03 6.39269e-03 5.99114e-03 5.57797e-03 5.16268e-03 4.75507e-03 4.36391e-03 3.99584e-03 3.65480e-03 3.34218e-03 3.05742e-03 2.79861e-03 2.56304e-03 2.34772e-03 2.14978e-03 1.96689e-03 1.79730e-03 1.63990e-03 1.49408e-03 1.35953e-03 1.23608e-03 1.12346e-03 1.02121e-03 9.28653e-04 8.44941e-04 7.69112e-04 7.00168e-04 6.37125e-04 5.79043e-04 5.25064e-04 4.74434e-04 4.26517e-04 3.80790e-04 3.36847e-04 2.94394e-04 2.53272e-04 2.13484e-04 1.75220e-04 1.38888e-04 1.05110e-04 7.47044e-05 4.86464e-05 2.79535e-05 1.33910e-05 4.91522e-06 1.22291e-06 1.74058e-07 1.15647e-08 1.86235e-10
40.251861 1.88786e-02 2.89418e-02 2.31139e-02 2.03088e-02 2.02658e-02 2.16999e-02 2.34769e-02 2.50324e-02 2.62634e-02 2.72226e-02 2.79621e-02 2.85315e-02 2.90010e-02 2.93868e-02 2.95667e-02 2.93477e-02 2.86912e-02 2.78489e-02 2.71420e-02 2.66044e-02 2.59875e-02 2.51284e-02 2.41850e-02 2.33741e-02 2.26864e-02 2.19629e-02 2.10629e-02 1.99414e-02 1.86623e-02 1.73507e-02 1.61135e-02 1.49920e-02 1.39725e-02 1.30266e-02 1.21409e-02 1.13217e-02 1.05862e-02 9.95123e-03 9.42522e-03 9.00510e-03 8.67641e-03 8.41623e-03 8.19727e-03 7.99143e-03 7.77249e-03 7.51896e-03 7.21783e-03 6.86788e-03 6.47947e-03 6.06988e-03 5.65684e-03 5.25360e-03 4.86746e-03 4.50115e-03 4.15506e-03 3.82876e-03 3.52152e-03 3.23243e-03 2.96054e-03 2.70496e-03 2.46495e-03 2.24001e-03 2.02984e-03 1.83442e-03 1.65393e-03 1.48871e-03 1.33897e-03 1.20466e-03 1.08521e-03 9.79595e-04 8.86384e-04 8.04015e-04 7.30937e-04 6.65676e-04 6.06840e-04 5.53127e-04 5.03371e-04 4.56591e-04 4.12016e-04 3.69067e-04 3.27336e-04 2.86565e-04 2.46665e-04 2.07739e-04 1.70119e-04 1.34373e-04 1.01274e-04 7.17243e-05 4.66470e-05 2.68756e-05 1.29644e-05 4.80155e-06 1.20029e-06 1.68655e-07 1.06563e-08 1.63045e-10
40.501873 1.88926e-02 2.92666e-02 2.37593e-02 2.12107e-02 2.13088e-02 2.27306e-02 2.43427e-02 2.56120e-02 2.64900e-02 2.71203e-02 2.76539e-02 2.81933e-02 2.87694e-02 2.92774e-02 2.95011e-02 2.93112e-02 2.88693e-02 2.85258e-02 2.84144e-02 2.82956e-02 2.78071e-02 2.67963e-02 2.54464e-02 2.39876e-02 2.24862e-02 2.09774e-02 1.95318e-02 1.81961e-02 1.69758e-02 1.58519e-02 1.47984e-02 1.38008e-02 1.28622e-02 1.19958e-02 1.12160e-02 1.05314e-02 9.94277e-03 9.44407e-03 9.02475e-03 8.67248e-03 8.37499e-03 8.12122e-03 7.90158e-03 7.70704e-03 7.52676e-03 7.34570e-03 7.14491e-03 6.90640e-03 6.62004e-03 6.28765e-03 5.92175e-03 5.54002e-03 5.15921e-03 4.79113e-03 4.44171e-03 4.11230e-03 3.80165e-03 3.50765e-03 3.22804e-03 2.96059e-03 2.70318e-03 2.45414e-03 2.21292e-03 1.98082e-03 1.76110e-03 1.55817e-03 1.37609e-03 1.21710e-03 1.08104e-03 9.65647e-04 8.67587e-04 7.83449e-04 7.10358e-04 6.46058e-04 5.88721e-04 5.36763e-04 4.88802e-04 4.43699e-04 4.00581e-04 3.58827e-04 3.18027e-04 2.77961e-04 2.38598e-04 2.00128e-04 1.62984e-04 1.27845e-04 9.55816e-05 6.71370e-05 4.33726e-05 2.49185e-05 1.20526e-05 4.49706e-06 1.13277e-06 1.58866e-07 9.76029e-09 1.43814e-10
40.751885 1.84682e-02 2.88492e-02 2.37513e-02 2.14915e-02 2.16726e-02 2.29896e-02 2.43909e-02 2.54316e-02 2.61200e-02 2.66319e-02 2.71525e-02 2.78205e-02 2.86535e-02 2.94795e-02 3.00541e-02 3.03039e-02 3.03996e-02 3.05050e-02 3.05187e-02 3.01061e-02 2.89487e-02 2.70828e-02 2.49576e-02 2.29685e-02 2.11834e-02 1.95638e-02 1.81190e-02 1.68566e-02 1.57508e-02 1.47678e-02 1.38835e-02 1.30810e-02 1.23470e-02 1.16712e-02 1.10468e-02 1.04707e-02 9.94133e-03 9.45785e-03 9.01874e-03 8.62221e-03 8.26697e-03 7.95266e-03 7.67961e-03 7.44763e-03 7.25411e-03 7.09178e-03 6.94706e-03 6.80038e-03 6.62997e-03 6.41830e-03 6.15792e-03 5.85317e-03 5.51700e-03 5.16545e-03 4.81292e-03 4.46968e-03 4.14143e-03 3.83003e-03 3.53472e-03 3.25332e-03 2.98288e-03 2.72006e-03 2.46154e-03 2.20522e-03 1.95216e-03 1.70801e-03 1.48208e-03 1.28358e-03 1.11749e-03 9.82895e-04 8.74528e-04 7.85758e-04 7.10884e-04 6.45898e-04 5.88152e-04 5.35778e-04 4.87329e-04 4.41659e-04 3.97910e-04 3.55483e-04 3.14002e-04 2.73292e-04 2.33385e-04 1.94537e-04 1.57245e-04 1.22239e-04 9.04197e-05 6.27423e-05 4.00244e-05 2.27510e-05 1.09446e-05 4.09066e-06 1.03785e-06 1.46542e-07 8.95498e-09 1.29312e-10
41.001896 1.77121e-02 2.78537e-02 2.32013e-02 2.12177e-02 2.14519e-02 2.27340e-02 2.41397e-02 2.52105e-02 2.58867e-02 2.63754e-02 2.69560e-02 2.77843e-02 2.88115e-02 2.98258e-02 3.05974e-02 3.10801e-02 3.14144e-02 3.16335e-02 3.15551e-02 3.09113e-02 2.94482e-02 2.71738e-02 2.45264e-02 2.20121e-02 1.98821e-02 1.81945e-02 1.69002e-02 1.58911e-02 1.50566e-02 1.43113e-02 1.36022e-02 1.29084e-02 1.22319e-02 1.15857e-02 1.09835e-02 1.04334e-02 9.93653e-03 9.48854e-03 9.08229e-03 8.71076e-03 8.36901e-03 8.05521e-03 7.77039e-03 7.51706e-03 7.29709e-03 7.10965e-03 6.94979e-03 6.80789e-03 6.66987e-03 6.51855e-03 6.33692e-03 6.11313e-03 5.84459e-03 5.53832e-03 5.20721e-03 4.86525e-03 4.52403e-03 4.19142e-03 3.87162e-03 3.56574e-03 3.27256e-03 2.98927e-03 2.71210e-03 2.43726e-03 2.16259e-03 1.89031e-03 1.62894e-03 1.39155e-03 1.18990e-03 1.02861e-03 9.03813e-04 8.06683e-04 7.28063e-04 6.61146e-04 6.01769e-04 5.47546e-04 4.97023e-04 4.49204e-04 4.03365e-04 3.58986e-04 3.15729e-04 2.73441e-04 2.32181e-04 1.92242e-04 1.54162e-04 1.18697e-04 8.67649e-05 5.93162e-05 3.71502e-05 2.06809e-05 9.75285e-06 3.59623e-06 9.10029e-07 1.29946e-07 8.15225e-09 1.19672e-10
41.251908 1.68755e-02 2.66821e-02 2.24591e-02 2.08026e-02 2.12650e-02 2.27947e-02 2.44608e-02 2.56580e-02 2.61976e-02 2.62899e-02 2.63658e-02 2.68240e-02 2.77718e-02 2.89576e-02 3.00881e-02 3.10789e-02 3.18870e-02 3.23443e-02 3.21932e-02 3.11906e-02 2.92101e-02 2.64444e-02 2.35089e-02 2.09990e-02 1.90927e-02 1.76771e-02 1.65796e-02 1.56648e-02 1.48493e-02 1.40905e-02 1.33731e-02 1.26972e-02 1.20686e-02 1.14928e-02 1.09719e-02 1.05042e-02 1.00846e-02 9.70587e-03 9.35972e-03 9.03793e-03 8.73383e-03 8.44374e-03 8.16782e-03 7.90937e-03 7.67291e-03 7.46159e-03 7.27523e-03 7.10945e-03 6.95592e-03 6.80309e-03 6.63703e-03 6.44314e-03 6.20981e-03 5.93287e-03 5.61767e-03 5.27664e-03 4.92409e-03 4.57174e-03 4.22696e-03 3.89312e-03 3.57079e-03 3.25867e-03 2.95421e-03 2.65423e-03 2.35626e-03 2.06093e-03 1.77458e-03 1.50949e-03 1.27945e-03 1.09298e-03 9.49334e-04 8.40125e-04 7.54385e-04 6.82913e-04 6.19819e-04 5.61971e-04 5.07850e-04 4.56665e-04 4.07901e-04 3.61142e-04 3.16050e-04 2.72405e-04 2.30182e-04 1.89599e-04 1.51141e-04 1.15533e-04 8.36715e-05 5.64890e-05 3.47675e-05 1.88972e-05 8.64969e-06 3.09378e-06 7.67341e-07 1.10351e-07 7.29672e-09 1.12668e-10
41.501919 1.65012e-02 2.61353e-02 2.22093e-02 2.09328e-02 2.17211e-02 2.33970e-02 2.48422e-02 2.53761e-02 2.50674e-02 2.45995e-02 2.46544e-02 2.54273e-02 2.66826e-02 2.80933e-02 2.94184e-02 3.04817e-02 3.11748e-02 3.14323e-02 3.11628e-02 3.02208e-02 2.84550e-02 2.59716e-02 2.33174e-02 2.10356e-02 1.92590e-02 1.78742e-02 1.67534e-02 1.58058e-02 1.49683e-02 1.42017e-02 1.34882e-02 1.28227e-02 1.22066e-02 1.16451e-02 1.11438e-02 1.07052e-02 1.03255e-02 9.99536e-03 9.70191e-03 9.43200e-03 9.17461e-03 8.92280e-03 8.67463e-03 8.43281e-03 8.20273e-03 7.98971e-03 7.79644e-03 7.62134e-03 7.45829e-03 7.29729e-03 7.12554e-03 6.92867e-03 6.69284e-03 6.40909e-03 6.07798e-03 5.71075e-03 5.32476e-03 4.93648e-03 4.55668e-03 4.18987e-03 3.83638e-03 3.49464e-03 3.16239e-03 2.83724e-03 2.51751e-03 2.20401e-03 1.90214e-03 1.62207e-03 1.37579e-03 1.17170e-03 1.01069e-03 8.86213e-04 7.88058e-04 7.06612e-04 6.35186e-04 5.70117e-04 5.09751e-04 4.53401e-04 4.00686e-04 3.51237e-04 3.04651e-04 2.60553e-04 2.18704e-04 1.79092e-04 1.41987e-04 1.07933e-04 7.76777e-05 5.20297e-05 3.16728e-05 1.69356e-05 7.56824e-06 2.62626e-06 6.34788e-07 9.16788e-08 6.44784e-09 1.05225e-10
41.751931 1.72683e-02 2.70813e-02 2.28765e-02 2.14895e-02 2.19833e-02 2.29977e-02 2.35615e-02 2.34278e-02 2.30048e-02 2.28648e-02 2.32994e-02 2.42718e-02 2.55830e-02 2.69610e-02 2.81216e-02 2.89404e-02 2.94946e-02 2.98416e-02 2.98684e-02 2.93438e-02 2.80431e-02 2.60113e-02 2.37242e-02 2.16579e-02 1.99231e-02 1.84528e-02 1.72083e-02 1.61762e-02 1.53156e-02 1.45582e-02 1.38496e-02 1.31723e-02 1.25344e-02 1.19512e-02 1.14346e-02 1.09901e-02 1.06153e-02 1.03009e-02 1.00329e-02 9.79608e-03 9.57719e-03 9.36626e-03 9.15780e-03 8.95100e-03 8.74880e-03 8.55584e-03 8.37568e-03 8.20828e-03 8.04830e-03 7.88507e-03 7.70377e-03 7.48765e-03 7.22131e-03 6.89576e-03 6.51377e-03 6.09105e-03 5.65058e-03 5.21340e-03 4.79245e-03 4.39221e-03 4.01191e-03 3.64875e-03 3.29964e-03 2.96188e-03 2.63396e-03 2.31671e-03 2.01430e-03 1.73397e-03 1.48407e-03 1.27077e-03 1.09534e-03 9.53529e-04 8.37656e-04 7.39756e-04 6.53809e-04 5.76305e-04 5.05615e-04 4.41073e-04 3.82293e-04 3.28844e-04 2.80180e-04 2.35715e-04 1.94943e-04 1.57544e-04 1.23453e-04 9.28744e-05 6.62160e-05 4.39698e-05 2.65409e-05 1.40602e-05 6.21036e-06 2.12521e-06 5.09536e-07 7.52156e-08 5.66815e-09 9.63422e-11
42.001942 1.92373e-02 2.93889e-02 2.39435e-02 2.16076e-02 2.12417e-02 2.14898e-02 2.15743e-02 2.13558e-02 2.11135e-02 2.12021e-02 2.18070e-02 2.28805e-02 2.42141e-02 2.55510e-02 2.67155e-02 2.76868e-02 2.85099e-02 2.91408e-02 2.94054e-02 2.90693e-02 2.79350e-02 2.60704e-02 2.39420e-02 2.19896e-02 2.03021e-02 1.88169e-02 1.75098e-02 1.63943e-02 1.54797e-02 1.47332e-02 1.40848e-02 1.34735e-02 1.28801e-02 1.23183e-02 1.18112e-02 1.13738e-02 1.10077e-02 1.07037e-02 1.04475e-02 1.02248e-02 1.00240e-02 9.83649e-03 9.65633e-03 9.48043e-03 9.30814e-03 9.14025e-03 8.97697e-03 8.81556e-03 8.64840e-03 8.46275e-03 8.24227e-03 7.97018e-03 7.63401e-03 7.23174e-03 6.77577e-03 6.29041e-03 5.80277e-03 5.33307e-03 4.89089e-03 4.47741e-03 4.08976e-03 3.72398e-03 3.37631e-03 3.04376e-03 2.72467e-03 2.41917e-03 2.12935e-03 1.85918e-03 1.61355e-03 1.39659e-03 1.20976e-03 1.05097e-03 9.15499e-04 7.97890e-04 6.93686e-04 6.00116e-04 5.15815e-04 4.40157e-04 3.72687e-04 3.12839e-04 2.59892e-04 2.13073e-04 1.71672e-04 1.35152e-04 1.03197e-04 7.57012e-05 5.26948e-05 3.42356e-05 2.02837e-05 1.05951e-05 4.64465e-06 1.59471e-06 3.92145e-07 6.18249e-08 5.10769e-09 8.91615e-11
42.251954 2.15369e-02 3.20491e-02 2.49601e-02 2.13989e-02 2.01926e-02 1.99040e-02 1.97187e-02 1.94551e-02 1.93257e-02 1.96009e-02 2.03776e-02 2.15604e-02 2.29834e-02 2.45081e-02 2.60383e-02 2.74768e-02 2.86828e-02 2.94633e-02 2.96084e-02 2.89612e-02 2.74788e-02 2.53869e-02 2.32206e-02 2.13817e-02 1.98802e-02 1.85861e-02 1.74281e-02 1.63914e-02 1.54891e-02 1.47364e-02 1.41184e-02 1.35833e-02 1.30774e-02 1.25833e-02 1.21219e-02 1.17226e-02 1.13971e-02 1.11355e-02 1.09187e-02 1.07297e-02 1.05575e-02 1.03958e-02 1.02404e-02 1.00884e-02 9.93700e-03 9.78274e-03 9.62002e-03 9.44027e-03 9.23186e-03 8.98101e-03 8.67382e-03 8.30036e-03 7.86020e-03 7.36660e-03 6.84467e-03 6.32293e-03 5.82329e-03 5.35637e-03 4.92350e-03 4.52148e-03 4.14607e-03 3.79340e-03 3.46030e-03 3.14429e-03 2.84363e-03 2.55740e-03 2.28573e-03 2.02993e-03 1.79230e-03 1.57525e-03 1.38015e-03 1.20653e-03 1.05227e-03 9.14509e-04 7.90644e-04 6.78934e-04 5.78428e-04 4.88582e-04 4.08880e-04 3.38643e-04 2.77027e-04 2.23142e-04 1.76190e-04 1.35567e-04 1.00893e-04 7.19647e-05 4.86334e-05 3.06741e-05 1.76811e-05 9.03441e-06 3.91611e-06 1.35614e-06 3.47297e-07 5.89905e-08 5.20685e-09 9.05853e-11
42.501966 2.34617e-02 3.44426e-02 2.59591e-02 2.12840e-02 1.93190e-02 1.85558e-02 1.81477e-02 1.78954e-02 1.79464e-02 1.84571e-02 1.94472e-02 2.08419e-02 2.25385e-02 2.43970e-02 2.62125e-02 2.77349e-02 2.87488e-02 2.91310e-02 2.88386e-02 2.78700e-02 2.62544e-02 2.42036e-02 2.21902e-02 2.05541e-02 1.92640e-02 1.81620e-02 1.71580e-02 1.62262e-02 1.53770e-02 1.46365e-02 1.40237e-02 1.35275e-02 1.31040e-02 1.27050e-02 1.23158e-02 1.19610e-02 1.16724e-02 1.14577e-02 1.12992e-02 1.11726e-02 1.10597e-02 1.09498e-02 1.08371e-02 1.07168e-02 1.05835e-02 1.04296e-02 1.02453e-02 1.00179e-02 9.73414e-03 9.38211e-03 8.95673e-03 8.46460e-03 7.92583e-03 7.36952e-03 6.82438e-03 6.31011e-03 5.83449e-03 5.39661e-03 4.99179e-03 4.61502e-03 4.26217e-03 3.93008e-03 3.61635e-03 3.31911e-03 3.03695e-03 2.76883e-03 2.51418e-03 2.27299e-03 2.04576e-03 1.83331e-03 1.63624e-03 1.45455e-03 1.28755e-03 1.13412e-03 9.93126e-04 8.63707e-04 7.45308e-04 6.37563e-04 5.40106e-04 4.52450e-04 3.73984e-04 3.04066e-04 2.42152e-04 1.87885e-04 1.41116e-04 1.01812e-04 6.99005e-05 4.50953e-05 2.68190e-05 1.42540e-05 6.44313e-06 2.30050e-06 5.85294e-07 9.20923e-08 7.07047e-09 1.10966e-10
42.751977 2.48987e-02 3.64283e-02 2.69089e-02 2.12763e-02 1.86197e-02 1.74572e-02 1.69544e-02 1.68748e-02 1.72639e-02 1.81598e-02 1.94992e-02 2.11350e-02 2.28582e-02 2.44388e-02 2.57086e-02 2.66186e-02 2.72055e-02 2.74801e-02 2.73556e-02 2.66920e-02 2.53885e-02 2.35737e-02 2.16919e-02 2.01051e-02 1.88246e-02 1.77366e-02 1.67851e-02 1.59523e-02 1.52283e-02 1.46053e-02 1.40766e-02 1.36327e-02 1.32532e-02 1.29064e-02 1.25675e-02 1.22401e-02 1.19536e-02 1.17353e-02 1.15868e-02 1.14878e-02 1.14138e-02 1.13468e-02 1.12739e-02 1.11831e-02 1.10608e-02 1.08912e-02 1.06587e-02 1.03507e-02 9.96133e-03 9.49535e-03 8.96981e-03 8.41114e-03 7.84841e-03 7.30530e-03 6.79535e-03 6.32249e-03 5.88489e-03 5.47877e-03 5.10043e-03 4.74663e-03 4.41437e-03 4.10084e-03 3.80361e-03 3.52085e-03 3.25140e-03 2.99475e-03 2.75079e-03 2.51972e-03 2.30173e-03 2.09689e-03 1.90492e-03 1.72529e-03 1.55728e-03 1.40009e-03 1.25291e-03 1.11499e-03 9.85692e-04 8.64550e-04 7.51221e-04 6.45456e-04 5.47082e-04 4.56037e-04 3.72436e-04 2.96630e-04 2.29186e-04 1.70742e-04 1.21763e-04 8.22836e-05 5.18066e-05 2.94594e-05 1.43113e-05 5.42361e-06 1.39946e-06 2.02391e-07 1.24913e-08 1.62758e-10
43.001989 2.59974e-02 3.80483e-02 2.77215e-02 2.12581e-02 1.80157e-02 1.66131e-02 1.62380e-02 1.65663e-02 1.74636e-02 1.87552e-02 2.01970e-02 2.15477e-02 2.26502e-02 2.34843e-02 2.41566e-02 2.48044e-02 2.54677e-02 2.60244e-02 2.62501e-02 2.59382e-02 2.49583e-02 2.33853e-02 2.16149e-02 2.00340e-02 1.87299e-02 1.76492e-02 1.67566e-02 1.60270e-02 1.54281e-02 1.49246e-02 1.44868e-02 1.40940e-02 1.37318e-02 1.33860e-02 1.30452e-02 1.27097e-02 1.23983e-02 1.21386e-02 1.19476e-02 1.18185e-02 1.17257e-02 1.16384e-02 1.15301e-02 1.13799e-02 1.11714e-02 1.08939e-02 1.05433e-02 1.01242e-02 9.64974e-03 9.13977e-03 8.61658e-03 8.09953e-03 7.60126e-03 7.12728e-03 6.67843e-03 6.25391e-03 5.85305e-03 5.47542e-03 5.12016e-03 4.78564e-03 4.46967e-03 4.17001e-03 3.88476e-03 3.61269e-03 3.35329e-03 3.10666e-03 2.87323e-03 2.65333e-03 2.44693e-03 2.25350e-03 2.07212e-03 1.90169e-03 1.74115e-03 1.58952e-03 1.44589e-03 1.30939e-03 1.17917e-03 1.05448e-03 9.34727e-04 8.19562e-04 7.08909e-04 6.03025e-04 5.02545e-04 4.08511e-04 3.22300e-04 2.45417e-04 1.79152e-04 1.24212e-04 8.05277e-05 4.74090e-05 2.39961e-05 9.49832e-06 2.53292e-06 3.64560e-07 2.06724e-08 2.42060e-10
43.252000 2.68966e-02 3.93833e-02 2.83894e-02 2.12273e-02 1.75609e-02 1.61342e-02 1.60993e-02 1.69298e-02 1.82092e-02 1.95443e-02 2.06481e-02 2.14258e-02 2.19643e-02 2.24381e-02 2.29983e-02 2.36856e-02 2.43943e-02 2.49266e-02 2.51070e-02 2.48488e-02 2.41055e-02 2.29249e-02 2.15857e-02 2.03739e-02 1.93424e-02 1.84386e-02 1.76400e-02 1.69406e-02 1.63301e-02 1.57936e-02 1.53151e-02 1.48815e-02 1.44842e-02 1.41177e-02 1.37756e-02 1.34512e-02 1.31409e-02 1.28460e-02 1.25685e-02 1.23050e-02 1.20436e-02 1.17677e-02 1.14639e-02 1.11249e-02 1.07488e-02 1.03378e-02 9.89740e-03 9.43614e-03 8.96391e-03 8.49020e-03 8.02237e-03 7.56529e-03 7.12223e-03 6.69609e-03 6.28992e-03 5.90620e-03 5.54589e-03 5.20801e-03 4.89016e-03 4.58948e-03 4.30328e-03 4.02950e-03 3.76703e-03 3.51574e-03 3.27622e-03 3.04934e-03 2.83571e-03 2.63543e-03 2.44795e-03 2.27224e-03 2.10695e-03 1.95075e-03 1.80243e-03 1.66106e-03 1.52587e-03 1.39615e-03 1.27118e-03 1.15011e-03 1.03210e-03 9.16423e-04 8.02651e-04 6.90879e-04 5.81883e-04 4.77200e-04 3.79011e-04 2.89805e-04 2.11840e-04 1.46623e-04 9.46277e-05 5.54090e-05 2.79918e-05 1.11517e-05 3.02057e-06 4.43749e-07 2.57589e-08 3.11559e-10
43.502012 2.76610e-02 4.05128e-02 2.90040e-02 2.13202e-02 1.74025e-02 1.61010e-02 1.64591e-02 1.76854e-02 1.91035e-02 2.02301e-02 2.08988e-02 2.12344e-02 2.14811e-02 2.18240e-02 2.23113e-02 2.28611e-02 2.33156e-02 2.35448e-02 2.35235e-02 2.32989e-02 2.28696e-02 2.22221e-02 2.14999e-02 2.08641e-02 2.02978e-02 1.97185e-02 1.91020e-02 1.84647e-02 1.78337e-02 1.72369e-02 1.66933e-02 1.62069e-02 1.57655e-02 1.53470e-02 1.49272e-02 1.44869e-02 1.40166e-02 1.35192e-02 1.30064e-02 1.24932e-02 1.19907e-02 1.15033e-02 1.10292e-02 1.05632e-02 1.01001e-02 9.63541e-03 9.16731e-03 8.69630e-03 8.22528e-03 7.75912e-03 7.30406e-03 6.86680e-03 6.45319e-03 6.06688e-03 5.70845e-03 5.37579e-03 5.06523e-03 4.77283e-03 4.49519e-03 4.22977e-03 3.97501e-03 3.73024e-03 3.49560e-03 3.27169e-03 3.05923e-03 2.85872e-03 2.67030e-03 2.49364e-03 2.32804e-03 2.17248e-03 2.02578e-03 1.88675e-03 1.75430e-03 1.62751e-03 1.50566e-03 1.38813e-03 1.27427e-03 1.16324e-03 1.05406e-03 9.45615e-04 8.36931e-04 7.27531e-04 6.17834e-04 5.09458e-04 4.05204e-04 3.08617e-04 2.23192e-04 1.51551e-04 9.49654e-05 5.33822e-05 2.56736e-05 9.75466e-06 2.56617e-06 3.81771e-07 2.44155e-08 3.41292e-10
43.752023 2.82437e-02 4.13704e-02 2.95476e-02 2.15667e-02 1.75647e-02 1.64640e-02 1.71534e-02 1.85716e-02 1.98706e-02 2.06365e-02 2.09288e-02 2.10197e-02 2.11187e-02 2.12965e-02 2.15308e-02 2.17531e-02 2.19022e-02 2.19807e-02 2.20357e-02 2.20800e-02 2.20272e-02 2.17891e-02 2.14588e-02 2.11837e-02 2.09612e-02 2.07172e-02 2.04210e-02 2.00707e-02 1.96635e-02 1.91939e-02 1.86582e-02 1.80568e-02 1.73961e-02 1.66887e-02 1.59522e-02 1.52069e-02 1.44717e-02 1.37611e-02 1.30832e-02 1.24397e-02 1.18277e-02 1.12414e-02 1.06738e-02 1.01184e-02 9.57181e-03 9.03414e-03 8.50930e-03 8.00323e-03 7.52194e-03 7.06970e-03 6.64817e-03 6.25640e-03 5.89163e-03 5.55031e-03 5.22897e-03 4.92486e-03 4.63601e-03 4.36113e-03 4.09938e-03 3.85024e-03 3.61341e-03 3.38876e-03 3.17620e-03 2.97562e-03 2.78674e-03 2.60916e-03 2.44232e-03 2.28557e-03 2.13823e-03 1.99959e-03 1.86894e-03 1.74558e-03 1.62881e-03 1.51793e-03 1.41221e-03 1.31084e-03 1.21283e-03 1.11698e-03 1.02183e-03 9.25832e-04 8.27553e-04 7.26126e-04 6.21720e-04 5.15929e-04 4.11837e-04 3.13576e-04 2.25461e-04 1.51004e-04 9.22649e-05 4.97259e-05 2.24142e-05 7.80747e-06 1.88379e-06 2.74804e-07 2.03266e-08 3.44623e-10
44.002035 2.85023e-02 4.17299e-02 2.98272e-02 2.18161e-02 1.79183e-02 1.70369e-02 1.78476e-02 1.90984e-02 2.00054e-02 2.04168e-02 2.05590e-02 2.06292e-02 2.06706e-02 2.06770e-02 2.06555e-02 2.06273e-02 2.06396e-02 2.07540e-02 2.09887e-02 2.12851e-02 2.15094e-02 2.15573e-02 2.15208e-02 2.15657e-02 2.17016e-02 2.18222e-02 2.18343e-02 2.16820e-02 2.13389e-02 2.08080e-02 2.01177e-02 1.93113e-02 1.84347e-02 1.75276e-02 1.66207e-02 1.57359e-02 1.48868e-02 1.40791e-02 1.33112e-02 1.25763e-02 1.18665e-02 1.11766e-02 1.05063e-02 9.86037e-03 9.24542e-03 8.66751e-03 8.12972e-03 7.63146e-03 7.16926e-03 6.73824e-03 6.33360e-03 5.95138e-03 5.58877e-03 5.24394e-03 4.91583e-03 4.60397e-03 4.30835e-03 4.02916e-03 3.76653e-03 3.52038e-03 3.29025e-03 3.07544e-03 2.87510e-03 2.68827e-03 2.51398e-03 2.35123e-03 2.19913e-03 2.05682e-03 1.92358e-03 1.79884e-03 1.68208e-03 1.57286e-03 1.47068e-03 1.37494e-03 1.28487e-03 1.19940e-03 1.11719e-03 1.03649e-03 9.55315e-04 8.71626e-04 7.83772e-04 6.90969e-04 5.93706e-04 4.93939e-04 3.94975e-04 3.01003e-04 2.16321e-04 1.44482e-04 8.76853e-05 4.66021e-05 2.04385e-05 6.77730e-06 1.52847e-06 2.17240e-07 1.80548e-08 3.49297e-10
44.252046 2.83689e-02 4.15407e-02 2.98209e-02 2.20752e-02 1.84333e-02 1.76125e-02 1.81383e-02 1.88931e-02 1.94116e-02 1.97025e-02 1.98999e-02 2.00337e-02 2.00551e-02 1.99536e-02 1.97817e-02 1.96339e-02 1.96199e-02 1.98096e-02 2.01901e-02 2.06774e-02 2.11317e-02 2.14437e-02 2.16863e-02 2.19973e-02 2.23535e-02 2.26161e-02 2.26782e-02 2.25031e-02 2.21095e-02 2.15465e-02 2.08671e-02 2.01124e-02 1.93069e-02 1.84637e-02 1.75920e-02 1.67020e-02 1.58060e-02 1.49158e-02 1.40404e-02 1.31855e-02 1.23545e-02 1.15510e-02 1.07789e-02 1.00436e-02 9.35060e-03 8.70446e-03 8.10733e-03 7.55853e-03 7.05470e-03 6.59064e-03 6.16041e-03 5.75852e-03 5.38067e-03 5.02404e-03 4.68700e-03 4.36860e-03 4.06818e-03 3.78523e-03 3.51936e-03 3.27034e-03 3.03798e-03 2.82204e-03 2.62209e-03 2.43748e-03 2.26734e-03 2.11067e-03 1.96644e-03 1.83365e-03 1.71141e-03 1.59893e-03 1.49551e-03 1.40044e-03 1.31291e-03 1.23196e-03 1.15643e-03 1.08486e-03 1.01549e-03 9.46270e-04 8.74978e-04 7.99617e-04 7.18894e-04 6.32655e-04 5.42074e-04 4.49560e-04 3.58446e-04 2.72535e-04 1.95524e-04 1.30418e-04 7.90675e-05 4.20001e-05 1.84266e-05 6.11838e-06 1.38681e-06 2.01775e-07 1.77039e-08 3.58519e-10
44.502058 2.79069e-02 4.10378e-02 2.98089e-02 2.25419e-02 1.90800e-02 1.79764e-02 1.79426e-02 1.82302e-02 1.85373e-02 1.87841e-02 1.89790e-02 1.90894e-02 1.90533e-02 1.88830e-02 1.86791e-02 1.85821e-02 1.87089e-02 1.90980e-02 1.96951e-02 2.03799e-02 2.09892e-02 2.14072e-02 2.17063e-02 2.20221e-02 2.23447e-02 2.25694e-02 2.26261e-02 2.25034e-02 2.22285e-02 2.18425e-02 2.13789e-02 2.08528e-02 2.02627e-02 1.95993e-02 1.88566e-02 1.80372e-02 1.71538e-02 1.62248e-02 1.52704e-02 1.43092e-02 1.33568e-02 1.24266e-02 1.15293e-02 1.06728e-02 9.86218e-03 9.09991e-03 8.38702e-03 7.72440e-03 7.11349e-03 6.55571e-03 6.05128e-03 5.59804e-03 5.19107e-03 4.82339e-03 4.48725e-03 4.17549e-03 3.88261e-03 3.60519e-03 3.34175e-03 3.09228e-03 2.85753e-03 2.63834e-03 2.43527e-03 2.24841e-03 2.07743e-03 1.92173e-03 1.78048e-03 1.65278e-03 1.53766e-03 1.43408e-03 1.34093e-03 1.25698e-03 1.18087e-03 1.11106e-03 1.04584e-03 9.83339e-04 9.21525e-04 8.58315e-04 7.91801e-04 7.20610e-04 6.44264e-04 5.63391e-04 4.79674e-04 3.95595e-04 3.14091e-04 2.38207e-04 1.70750e-04 1.13951e-04 6.91961e-05 3.68729e-05 1.62863e-05 5.48831e-06 1.28021e-06 1.93483e-07 1.73339e-08 3.55243e-10
44.752070 2.73309e-02 4.05821e-02 3.00079e-02 2.31403e-02 1.95924e-02 1.80398e-02 1.75475e-02 1.75554e-02 1.76953e-02 1.77825e-02 1.78091e-02 1.77884e-02 1.77201e-02 1.76602e-02 1.77010e-02 1.79185e-02 1.83537e-02 1.89974e-02 1.97745e-02 2.05571e-02 2.11874e-02 2.15699e-02 2.17934e-02 2.19977e-02 2.21866e-02 2.22882e-02 2.22664e-02 2.21302e-02 2.19108e-02 2.16396e-02 2.13323e-02 2.09853e-02 2.05805e-02 2.00951e-02 1.95114e-02 1.88230e-02 1.80366e-02 1.71695e-02 1.62442e-02 1.52831e-02 1.43057e-02 1.33276e-02 1.23629e-02 1.14250e-02 1.05266e-02 9.67817e-03 8.88653e-03 8.15449e-03 7.48159e-03 6.86550e-03 6.30321e-03 5.79149e-03 5.32685e-03 4.90523e-03 4.52193e-03 4.17189e-03 3.85014e-03 3.55238e-03 3.27537e-03 3.01703e-03 2.77627e-03 2.55265e-03 2.34592e-03 2.15588e-03 1.98223e-03 1.82458e-03 1.68236e-03 1.55483e-03 1.44094e-03 1.33947e-03 1.24896e-03 1.16783e-03 1.09438e-03 1.02681e-03 9.63186e-04 9.01559e-04 8.40004e-04 7.76806e-04 7.10682e-04 6.41014e-04 5.67997e-04 4.92638e-04 4.16599e-04 3.41955e-04 2.70927e-04 2.05662e-04 1.48042e-04 9.95347e-05 6.10789e-05 3.29960e-05 1.48431e-05 5.13196e-06 1.23553e-06 1.89410e-07 1.64611e-08 3.31564e-10
45.002081 2.67981e-02 4.02379e-02 3.02246e-02 2.35312e-02 1.98360e-02 1.80783e-02 1.74388e-02 1.72845e-02 1.71822e-02 1.69838e-02 1.67859e-02 1.67176e-02 1.68346e-02 1.71372e-02 1.75939e-02 1.81750e-02 1.88642e-02 1.96357e-02 2.04302e-02 2.11528e-02 2.16805e-02 2.19461e-02 2.20503e-02 2.21315e-02 2.21983e-02 2.21898e-02 2.20695e-02 2.18357e-02 2.15095e-02 2.11220e-02 2.07011e-02 2.02626e-02 1.98091e-02 1.93329e-02 1.88219e-02 1.82645e-02 1.76532e-02 1.69849e-02 1.62613e-02 1.54868e-02 1.46694e-02 1.38193e-02 1.29497e-02 1.20752e-02 1.12112e-02 1.03722e-02 9.56996e-03 8.81232e-03 8.10236e-03 7.43939e-03 6.82088e-03 6.24451e-03 5.70928e-03 5.21527e-03 4.76250e-03 4.34996e-03 3.97543e-03 3.63583e-03 3.32774e-03 3.04774e-03 2.79265e-03 2.55962e-03 2.34629e-03 2.15091e-03 1.97234e-03 1.80989e-03 1.66306e-03 1.53116e-03 1.41311e-03 1.30748e-03 1.21257e-03 1.12664e-03 1.04795e-03 9.74799e-04 9.05522e-04 8.38515e-04 7.72318e-04 7.05748e-04 6.38061e-04 5.69066e-04 4.99163e-04 4.29281e-04 3.60727e-04 2.95003e-04 2.33613e-04 1.77922e-04 1.29054e-04 8.78478e-05 5.48581e-05 3.03344e-05 1.40667e-05 5.04918e-06 1.25866e-06 1.91991e-07 1.54484e-08 2.95153e-10
45.252093 2.61602e-02 3.97114e-02 3.03288e-02 2.39531e-02 2.03905e-02 1.87421e-02 1.81594e-02 1.79146e-02 1.75490e-02 1.70085e-02 1.65655e-02 1.64834e-02 1.68135e-02 1.74577e-02 1.82787e-02 1.91567e-02 2.00042e-02 2.07623e-02 2.13885e-02 2.18417e-02 2.20654e-02 2.20440e-02 2.18977e-02 2.17684e-02 2.16750e-02 2.15645e-02 2.13908e-02 2.11274e-02 2.07654e-02 2.03126e-02 1.97908e-02 1.92315e-02 1.86676e-02 1.81235e-02 1.76083e-02 1.71154e-02 1.66282e-02 1.61274e-02 1.55963e-02 1.50241e-02 1.44069e-02 1.37467e-02 1.30498e-02 1.23259e-02 1.15867e-02 1.08443e-02 1.01103e-02 9.39396e-03 8.70153e-03 8.03567e-03 7.39629e-03 6.78230e-03 6.19393e-03 5.63444e-03 5.10985e-03 4.62663e-03 4.18878e-03 3.79649e-03 3.44691e-03 3.13566e-03 2.85803e-03 2.60945e-03 2.38563e-03 2.18291e-03 1.99858e-03 1.83090e-03 1.67885e-03 1.54157e-03 1.41796e-03 1.30650e-03 1.20539e-03 1.11279e-03 1.02700e-03 9.46486e-04 8.69930e-04 7.96166e-04 7.24231e-04 6.53431e-04 5.83416e-04 5.14231e-04 4.46305e-04 3.80381e-04 3.17394e-04 2.58337e-04 2.04143e-04 1.55601e-04 1.13319e-04 7.77373e-05 4.91492e-05 2.76862e-05 1.31827e-05 4.89461e-06 1.25898e-06 1.91607e-07 1.43494e-08 2.56960e-10
45.502104 2.52095e-02 3.87280e-02 3.02470e-02 2.45645e-02 2.15512e-02 2.04083e-02 2.01371e-02 1.98019e-02 1.89470e-02 1.77869e-02 1.69212e-02 1.67502e-02 1.72474e-02 1.81592e-02 1.92116e-02 2.01959e-02 2.09860e-02 2.15270e-02 2.18147e-02 2.18735e-02 2.17225e-02 2.13983e-02 2.10241e-02 2.07225e-02 2.05062e-02 2.03254e-02 2.01367e-02 1.99134e-02 1.96420e-02 1.93170e-02 1.89332e-02 1.84843e-02 1.79742e-02 1.74267e-02 1.68770e-02 1.63513e-02 1.58565e-02 1.53833e-02 1.49164e-02 1.44410e-02 1.39455e-02 1.34230e-02 1.28710e-02 1.22908e-02 1.16866e-02 1.10643e-02 1.04304e-02 9.79113e-03 9.15180e-03 8.51645e-03 7.88780e-03 7.26749e-03 6.65685e-03 6.05854e-03 5.47849e-03 4.92689e-03 4.41630e-03 3.95709e-03 3.55334e-03 3.20249e-03 2.89802e-03 2.63248e-03 2.39901e-03 2.19176e-03 2.00598e-03 1.83820e-03 1.68613e-03 1.54820e-03 1.42307e-03 1.30923e-03 1.20499e-03 1.10856e-03 1.01832e-03 9.32873e-04 8.51110e-04 7.72192e-04 6.95548e-04 6.20888e-04 5.48216e-04 4.77815e-04 4.10197e-04 3.46020e-04 2.85991e-04 2.30779e-04 1.80948e-04 1.36945e-04 9.90942e-05 6.76188e-05 4.26259e-05 2.40528e-05 1.15589e-05 4.37026e-06 1.15029e-06 1.77346e-07 1.29893e-08 2.23934e-10
45.752116 2.36278e-02 3.68524e-02 2.97132e-02 2.53163e-02 2.33812e-02 2.29029e-02 2.26397e-02 2.16995e-02 2.00157e-02 1.82705e-02 1.72677e-02 1.72727e-02 1.80077e-02 1.90479e-02 2.00621e-02 2.08656e-02 2.13929e-02 2.16423e-02 2.16337e-02 2.14007e-02 2.09868e-02 2.04610e-02 1.99502e-02 1.95517e-02 1.92595e-02 1.90258e-02 1.88190e-02 1.86242e-02 1.84327e-02 1.82369e-02 1.80257e-02 1.77793e-02 1.74697e-02 1.70736e-02 1.65947e-02 1.60701e-02 1.55481e-02 1.50573e-02 1.45995e-02 1.41617e-02 1.37302e-02 1.32943e-02 1.28459e-02 1.23780e-02 1.18856e-02 1.13655e-02 1.08174e-02 1.02426e-02 9.64466e-03 9.02824e-03 8.39882e-03 7.76219e-03 7.12401e-03 6.48966e-03 5.86491e-03 5.25758e-03 4.67936e-03 4.14527e-03 3.66911e-03 3.25779e-03 2.90918e-03 2.61488e-03 2.36481e-03 2.14996e-03 1.96306e-03 1.79841e-03 1.65171e-03 1.51973e-03 1.40000e-03 1.29042e-03 1.18907e-03 1.09419e-03 1.00425e-03 9.18047e-04 8.34736e-04 7.53786e-04 6.74967e-04 5.98318e-04 5.24115e-04 4.52830e-04 3.85064e-04 3.21476e-04 2.62710e-04 2.09333e-04 1.61808e-04 1.20486e-04 8.55994e-05 5.72505e-05 3.53583e-05 1.95907e-05 9.30312e-06 3.51560e-06 9.39793e-07 1.49989e-07 1.14995e-08 2.01083e-10
46.002127 2.15533e-02 3.43128e-02 2.89074e-02 2.61561e-02 2.52064e-02 2.47046e-02 2.36619e-02 2.18823e-02 1.98558e-02 1.83401e-02 1.78228e-02 1.82109e-02 1.90726e-02 2.00111e-02 2.07946e-02 2.13350e-02 2.16306e-02 2.17012e-02 2.15451e-02 2.11518e-02 2.05419e-02 1.98115e-02 1.91307e-02 1.86093e-02 1.82297e-02 1.79335e-02 1.76851e-02 1.74697e-02 1.72837e-02 1.71267e-02 1.69946e-02 1.68741e-02 1.67408e-02 1.65630e-02 1.63111e-02 1.59728e-02 1.55652e-02 1.51283e-02 1.47006e-02 1.42975e-02 1.39126e-02 1.35311e-02 1.31408e-02 1.27338e-02 1.23038e-02 1.18453e-02 1.13532e-02 1.08247e-02 1.02592e-02 9.65883e-03 9.02811e-03 8.37346e-03 7.70275e-03 7.02461e-03 6.34792e-03 5.68207e-03 5.03825e-03 4.43081e-03 3.87635e-03 3.38909e-03 2.97537e-03 2.63169e-03 2.34790e-03 2.11205e-03 1.91363e-03 1.74438e-03 1.59794e-03 1.46933e-03 1.35454e-03 1.25028e-03 1.15385e-03 1.06303e-03 9.76159e-04 8.92095e-04 8.10174e-04 7.30113e-04 6.51916e-04 5.75807e-04 5.02183e-04 4.31575e-04 3.64608e-04 3.01952e-04 2.44268e-04 1.92169e-04 1.46181e-04 1.06716e-04 7.40311e-05 4.81620e-05 2.88521e-05 1.54998e-05 7.16832e-06 2.67284e-06 7.24109e-07 1.22504e-07 1.03892e-08 1.91907e-10
46.252139 1.96406e-02 3.19787e-02 2.80879e-02 2.64453e-02 2.56596e-02 2.44642e-02 2.26115e-02 2.05770e-02 1.89508e-02 1.81525e-02 1.82704e-02 1.90242e-02 2.00131e-02 2.09395e-02 2.16431e-02 2.20690e-02 2.22311e-02 2.21637e-02 2.18751e-02 2.13470e-02 2.05815e-02 1.96788e-02 1.88404e-02 1.81911e-02 1.77033e-02 1.73099e-02 1.69730e-02 1.66803e-02 1.64324e-02 1.62347e-02 1.60898e-02 1.59928e-02 1.59302e-02 1.58787e-02 1.58093e-02 1.56931e-02 1.55114e-02 1.52634e-02 1.49664e-02 1.46452e-02 1.43161e-02 1.39809e-02 1.36313e-02 1.32580e-02 1.28550e-02 1.24189e-02 1.19475e-02 1.14382e-02 1.08896e-02 1.03012e-02 9.67477e-03 9.01443e-03 8.32651e-03 7.61929e-03 6.90247e-03 6.18689e-03 5.48505e-03 4.81205e-03 4.18566e-03 3.62347e-03 3.13786e-03 2.73207e-03 2.40015e-03 2.13050e-03 1.91024e-03 1.72794e-03 1.57448e-03 1.44275e-03 1.32714e-03 1.22320e-03 1.12742e-03 1.03715e-03 9.50597e-04 8.66714e-04 7.85022e-04 7.05432e-04 6.28070e-04 5.53179e-04 4.81086e-04 4.12197e-04 3.47006e-04 2.86085e-04 2.30049e-04 1.79520e-04 1.35077e-04 9.72046e-05 6.62069e-05 4.21126e-05 2.45764e-05 1.28398e-05 5.79205e-06 2.13353e-06 5.88359e-07 1.06559e-07 1.00493e-08 1.96525e-10
46.502151 1.82085e-02 3.01400e-02 2.69714e-02 2.54153e-02 2.41837e-02 2.25195e-02 2.06078e-02 1.89536e-02 1.79201e-02 1.76893e-02 1.82205e-02 1.92364e-02 2.04127e-02 2.15199e-02 2.24170e-02 2.30227e-02 2.33044e-02 2.32603e-02 2.28911e-02 2.21977e-02 2.12101e-02 2.00707e-02 1.90391e-02 1.82609e-02 1.76806e-02 1.72035e-02 1.67847e-02 1.64130e-02 1.60922e-02 1.58297e-02 1.56309e-02 1.54962e-02 1.54204e-02 1.53907e-02 1.53860e-02 1.53795e-02 1.53439e-02 1.52585e-02 1.51149e-02 1.49174e-02 1.46770e-02 1.44024e-02 1.40951e-02 1.37511e-02 1.33658e-02 1.29370e-02 1.24647e-02 1.19507e-02 1.13964e-02 1.08034e-02 1.01731e-02 9.50772e-03 8.81134e-03 8.09035e-03 7.35372e-03 6.61262e-03 5.88012e-03 5.17130e-03 4.50308e-03 3.89254e-03 3.35369e-03 2.89414e-03 2.51367e-03 2.20520e-03 1.95743e-03 1.75767e-03 1.59409e-03 1.45671e-03 1.33765e-03 1.23093e-03 1.13221e-03 1.03858e-03 9.48386e-04 8.60893e-04 7.76013e-04 6.93967e-04 6.15051e-04 5.39526e-04 4.67609e-04 3.99520e-04 3.35540e-04 2.76041e-04 2.21489e-04 1.72404e-04 1.29308e-04 9.26596e-05 6.27535e-05 3.96152e-05 2.28951e-05 1.18246e-05 5.27595e-06 1.93569e-06 5.42083e-07 1.02974e-07 1.03896e-08 2.11182e-10
46.752162 1.73307e-02 2.87407e-02 2.54694e-02 2.34124e-02 2.17517e-02 2.01202e-02 1.86601e-02 1.75968e-02 1.70861e-02 1.72370e-02 1.80041e-02 1.91317e-02 2.03396e-02 2.14642e-02 2.24375e-02 2.32336e-02 2.38332e-02 2.41890e-02 2.42013e-02 2.37468e-02 2.27512e-02 2.13428e-02 1.99137e-02 1.87908e-02 1.80035e-02 1.74420e-02 1.70052e-02 1.66233e-02 1.62649e-02 1.59368e-02 1.56625e-02 1.54591e-02 1.53291e-02 1.52624e-02 1.52413e-02 1.52435e-02 1.52440e-02 1.52188e-02 1.51494e-02 1.50267e-02 1.48512e-02 1.46282e-02 1.43612e-02 1.40493e-02 1.36889e-02 1.32770e-02 1.28129e-02 1.22984e-02 1.17364e-02 1.11303e-02 1.04835e-02 9.79941e-03 9.08247e-03 8.33965e-03 7.58135e-03 6.82117e-03 6.07438e-03 5.35636e-03 4.68156e-03 4.06272e-03 3.50993e-03 3.02968e-03 2.62404e-03 2.29034e-03 2.02145e-03 1.80683e-03 1.63438e-03 1.49226e-03 1.37041e-03 1.26116e-03 1.15932e-03 1.06184e-03 9.67313e-04 8.75426e-04 7.86461e-04 7.00885e-04 6.19117e-04 5.41435e-04 4.68008e-04 3.98967e-04 3.34485e-04 2.74824e-04 2.20342e-04 1.71470e-04 1.28655e-04 9.22880e-05 6.26125e-05 3.96191e-05 2.29544e-05 1.18769e-05 5.30190e-06 1.94549e-06 5.47485e-07 1.05864e-07 1.10031e-08 2.28829e-10
47.002174 1.70569e-02 2.79047e-02 2.40618e-02 2.14416e-02 1.95460e-02 1.81305e-02 1.71769e-02 1.66727e-02 1.66190e-02 1.70612e-02 1.79520e-02 1.90705e-02 2.01779e-02 2.11437e-02 2.19364e-02 2.25881e-02 2.31593e-02 2.36800e-02 2.40848e-02 2.42035e-02 2.38170e-02 2.28518e-02 2.15671e-02 2.03034e-02 1.91971e-02 1.82800e-02 1.75888e-02 1.71193e-02 1.67909e-02 1.64940e-02 1.61739e-02 1.58586e-02 1.56041e-02 1.54368e-02 1.53463e-02 1.53055e-02 1.52854e-02 1.52592e-02 1.52042e-02 1.51040e-02 1.49495e-02 1.47393e-02 1.44757e-02 1.41621e-02 1.38001e-02 1.33901e-02 1.29320e-02 1.24253e-02 1.18694e-02 1.12649e-02 1.06138e-02 9.91909e-03 9.18453e-03 8.41798e-03 7.63466e-03 6.85497e-03 6.09918e-03 5.38366e-03 4.71991e-03 4.11537e-03 3.57469e-03 3.10070e-03 2.69464e-03 2.35552e-03 2.07914e-03 1.85757e-03 1.67991e-03 1.53416e-03 1.40935e-03 1.29702e-03 1.19174e-03 1.09063e-03 9.92692e-04 8.97906e-04 8.06657e-04 7.19330e-04 6.36156e-04 5.57218e-04 4.82534e-04 4.12160e-04 3.46254e-04 2.85106e-04 2.29120e-04 1.78768e-04 1.34537e-04 9.68473e-05 6.59711e-05 4.19275e-05 2.43948e-05 1.26610e-05 5.65386e-06 2.06654e-06 5.77091e-07 1.10884e-07 1.15542e-08 2.42581e-10
47.252185 1.73162e-02 2.77099e-02 2.31289e-02 2.00568e-02 1.80812e-02 1.69057e-02 1.63715e-02 1.63137e-02 1.66113e-02 1.72287e-02 1.81031e-02 1.90683e-02 1.99628e-02 2.07068e-02 2.12890e-02 2.17501e-02 2.21560e-02 2.25408e-02 2.28585e-02 2.30014e-02 2.28379e-02 2.23310e-02 2.16792e-02 2.10950e-02 2.05618e-02 1.99715e-02 1.92932e-02 1.85740e-02 1.78974e-02 1.73424e-02 1.69389e-02 1.66440e-02 1.63817e-02 1.61203e-02 1.58915e-02 1.57295e-02 1.56262e-02 1.55425e-02 1.54379e-02 1.52855e-02 1.50735e-02 1.48031e-02 1.44829e-02 1.41226e-02 1.37284e-02 1.33002e-02 1.28324e-02 1.23197e-02 1.17623e-02 1.11625e-02 1.05158e-02 9.81586e-03 9.06713e-03 8.28897e-03 7.50766e-03 6.74695e-03 6.02325e-03 5.34606e-03 4.72047e-03 4.14934e-03 3.63446e-03 3.17707e-03 2.77806e-03 2.43768e-03 2.15451e-03 1.92396e-03 1.73773e-03 1.58496e-03 1.45464e-03 1.33788e-03 1.22899e-03 1.12509e-03 1.02521e-03 9.29290e-04 8.37532e-04 7.50037e-04 6.66736e-04 5.87450e-04 5.12014e-04 4.40382e-04 3.72696e-04 3.09289e-04 2.50646e-04 1.97345e-04 1.49986e-04 1.09119e-04 7.51608e-05 4.82947e-05 2.83682e-05 1.48085e-05 6.60249e-06 2.38047e-06 6.45176e-07 1.18779e-07 1.19496e-08 2.48819e-10
47.502197 1.79116e-02 2.80070e-02 2.26936e-02 1.93057e-02 1.73921e-02 1.65058e-02 1.63375e-02 1.65935e-02 1.70522e-02 1.76254e-02 1.82768e-02 1.89368e-02 1.95397e-02 2.00465e-02 2.04448e-02 2.07678e-02 2.10720e-02 2.13785e-02 2.16469e-02 2.17870e-02 2.16628e-02 2.12212e-02 2.06727e-02 2.02748e-02 2.00593e-02 1.99374e-02 1.98414e-02 1.97190e-02 1.95196e-02 1.92109e-02 1.87996e-02 1.83350e-02 1.78862e-02 1.75021e-02 1.71821e-02 1.68819e-02 1.65532e-02 1.61822e-02 1.57880e-02 1.53918e-02 1.49983e-02 1.46027e-02 1.42004e-02 1.37883e-02 1.33626e-02 1.29193e-02 1.24541e-02 1.19550e-02 1.14017e-02 1.07794e-02 1.00932e-02 9.36693e-03 8.63106e-03 7.91043e-03 7.21873e-03 6.55996e-03 5.93360e-03 5.33907e-03 4.77755e-03 4.25188e-03 3.76562e-03 3.32224e-03 2.92467e-03 2.57512e-03 2.27479e-03 2.02290e-03 1.81535e-03 1.64450e-03 1.50075e-03 1.37519e-03 1.26142e-03 1.15577e-03 1.05647e-03 9.62669e-04 8.73788e-04 7.89268e-04 7.08515e-04 6.30980e-04 5.56276e-04 4.84267e-04 4.15104e-04 3.49206e-04 2.87184e-04 2.29762e-04 1.77708e-04 1.31773e-04 9.26278e-05 6.07746e-05 3.64154e-05 1.93108e-05 8.66077e-06 3.08036e-06 7.96715e-07 1.34327e-07 1.22754e-08 2.46074e-10
47.752208 1.87521e-02 2.87059e-02 2.26967e-02 1.90864e-02 1.73442e-02 1.68055e-02 1.69497e-02 1.73335e-02 1.76823e-02 1.79595e-02 1.82476e-02 1.85839e-02 1.89372e-02 1.92503e-02 1.94975e-02 1.97122e-02 1.99566e-02 2.02715e-02 2.06297e-02 2.09128e-02 2.09294e-02 2.05883e-02 2.01045e-02 1.97610e-02 1.96083e-02 1.95753e-02 1.96249e-02 1.97454e-02 1.99119e-02 2.00724e-02 2.01565e-02 2.00989e-02 1.98629e-02 1.94504e-02 1.88964e-02 1.82521e-02 1.75679e-02 1.68825e-02 1.62147e-02 1.55613e-02 1.49145e-02 1.42848e-02 1.36934e-02 1.31467e-02 1.26309e-02 1.21280e-02 1.16248e-02 1.11116e-02 1.05802e-02 1.00267e-02 9.45318e-03 8.86657e-03 8.27539e-03 7.68673e-03 7.10526e-03 6.53381e-03 5.97465e-03 5.43051e-03 4.90510e-03 4.40299e-03 3.92901e-03 3.48755e-03 3.08239e-03 2.71689e-03 2.39411e-03 2.11600e-03 1.88187e-03 1.68731e-03 1.52502e-03 1.38704e-03 1.26680e-03 1.15979e-03 1.06305e-03 9.74469e-04 8.92281e-04 8.14926e-04 7.41023e-04 6.69431e-04 5.99336e-04 5.30332e-04 4.62445e-04 3.96095e-04 3.31992e-04 2.71022e-04 2.14168e-04 1.62465e-04 1.16963e-04 7.86459e-05 4.82737e-05 2.61549e-05 1.18976e-05 4.22015e-06 1.05084e-06 1.60299e-07 1.25982e-08 2.32649e-10
48.002220 1.98853e-02 2.98684e-02 2.31280e-02 1.92928e-02 1.77428e-02 1.75292e-02 1.78494e-02 1.81316e-02 1.81673e-02 1.80785e-02 1.80618e-02 1.81707e-02 1.83393e-02 1.84932e-02 1.86203e-02 1.87854e-02 1.90850e-02 1.95620e-02 2.01417e-02 2.06413e-02 2.08231e-02 2.05850e-02 2.01603e-02 1.98524e-02 1.97170e-02 1.96838e-02 1.97226e-02 1.98304e-02 1.99893e-02 2.01577e-02 2.02815e-02 2.03087e-02 2.01982e-02 1.99244e-02 1.94805e-02 1.88804e-02 1.81551e-02 1.73435e-02 1.64832e-02 1.56111e-02 1.47683e-02 1.39935e-02 1.33014e-02 1.26754e-02 1.20924e-02 1.15454e-02 1.10353e-02 1.05553e-02 1.00901e-02 9.62345e-03 9.14287e-03 8.64236e-03 8.12293e-03 7.59045e-03 7.05240e-03 6.51541e-03 5.98467e-03 5.46446e-03 4.95890e-03 4.47221e-03 4.00830e-03 3.57048e-03 3.16175e-03 2.78567e-03 2.44679e-03 2.14951e-03 1.89581e-03 1.68365e-03 1.50750e-03 1.36040e-03 1.23599e-03 1.12918e-03 1.03609e-03 9.53632e-04 8.79185e-04 8.10476e-04 7.45509e-04 6.82582e-04 6.20347e-04 5.57911e-04 4.94910e-04 4.31517e-04 3.68355e-04 3.06375e-04 2.46747e-04 1.90814e-04 1.40057e-04 9.60078e-05 6.00509e-05 3.31096e-05 1.52702e-05 5.43967e-06 1.32932e-06 1.88822e-07 1.27620e-08 2.09245e-10
48.252231 2.12535e-02 3.14066e-02 2.38762e-02 1.97452e-02 1.82988e-02 1.82768e-02 1.86111e-02 1.86922e-02 1.84470e-02 1.81151e-02 1.78968e-02 1.77995e-02 1.77602e-02 1.77725e-02 1.79077e-02 1.82687e-02 1.89053e-02 1.97508e-02 2.06233e-02 2.12788e-02 2.14665e-02 2.11022e-02 2.04612e-02 1.99050e-02 1.95509e-02 1.93725e-02 1.93443e-02 1.94280e-02 1.95604e-02 1.96743e-02 1.97190e-02 1.96678e-02 1.95131e-02 1.92574e-02 1.89064e-02 1.84668e-02 1.79468e-02 1.73551e-02 1.66987e-02 1.59842e-02 1.52227e-02 1.44347e-02 1.36508e-02 1.29058e-02 1.22257e-02 1.16088e-02 1.10273e-02 1.04570e-02 9.89883e-03 9.36395e-03 8.85347e-03 8.35714e-03 7.86295e-03 7.36376e-03 6.85857e-03 6.35071e-03 5.84552e-03 5.34856e-03 4.86483e-03 4.39833e-03 3.95189e-03 3.52750e-03 3.12743e-03 2.75554e-03 2.41730e-03 2.11801e-03 1.86030e-03 1.64299e-03 1.46186e-03 1.31131e-03 1.18566e-03 1.07986e-03 9.89615e-04 9.11418e-04 8.42368e-04 7.80006e-04 7.22162e-04 6.66890e-04 6.12477e-04 5.57550e-04 5.01213e-04 4.43152e-04 3.83654e-04 3.23534e-04 2.64033e-04 2.06736e-04 1.53510e-04 1.06363e-04 6.71899e-05 3.73822e-05 1.73698e-05 6.20829e-06 1.50519e-06 2.05680e-07 1.24679e-08 1.80015e-10
48.502243 2.26287e-02 3.29628e-02 2.46298e-02 2.01376e-02 1.86911e-02 1.87620e-02 1.90836e-02 1.90233e-02 1.85656e-02 1.79855e-02 1.75098e-02 1.72156e-02 1.71359e-02 1.73139e-02 1.77821e-02 1.85375e-02 1.95150e-02 2.05720e-02 2.15012e-02 2.20685e-02 2.20505e-02 2.14053e-02 2.04663e-02 1.96460e-02 1.90832e-02 1.87442e-02 1.85837e-02 1.85566e-02 1.86168e-02 1.87239e-02 1.88420e-02 1.89363e-02 1.89759e-02 1.89373e-02 1.88053e-02 1.85722e-02 1.82373e-02 1.78050e-02 1.72815e-02 1.66725e-02 1.59826e-02 1.52181e-02 1.43913e-02 1.35245e-02 1.26503e-02 1.18064e-02 1.10238e-02 1.03113e-02 9.65203e-03 9.02758e-03 8.43938e-03 7.89586e-03 7.39178e-03 6.91053e-03 6.43744e-03 5.96611e-03 5.49733e-03 5.03552e-03 4.58567e-03 4.15161e-03 3.73572e-03 3.34003e-03 2.96768e-03 2.62338e-03 2.31193e-03 2.03621e-03 1.79633e-03 1.59037e-03 1.41527e-03 1.26736e-03 1.14261e-03 1.03703e-03 9.46936e-04 8.69187e-04 8.01156e-04 7.40599e-04 6.85509e-04 6.34007e-04 5.84310e-04 5.34796e-04 4.84142e-04 4.31518e-04 3.76727e-04 3.20258e-04 2.63244e-04 2.07365e-04 1.54711e-04 1.07578e-04 6.81351e-05 3.79825e-05 1.76743e-05 6.31872e-06 1.52613e-06 2.04841e-07 1.16386e-08 1.49592e-10
48.752255 2.37712e-02 3.41495e-02 2.50859e-02 2.02861e-02 1.88690e-02 1.90252e-02 1.92736e-02 1.89471e-02 1.81414e-02 1.72915e-02 1.67344e-02 1.65584e-02 1.67342e-02 1.72289e-02 1.80152e-02 1.90393e-02 2.01887e-02 2.12907e-02 2.21381e-02 2.25248e-02 2.22743e-02 2.14030e-02 2.02923e-02 1.93700e-02 1.87589e-02 1.84016e-02 1.82419e-02 1.82375e-02 1.83466e-02 1.85296e-02 1.87500e-02 1.89708e-02 1.91507e-02 1.92470e-02 1.92254e-02 1.90687e-02 1.87786e-02 1.83688e-02 1.78570e-02 1.72579e-02 1.65794e-02 1.58231e-02 1.49876e-02 1.40749e-02 1.30978e-02 1.20857e-02 1.10834e-02 1.01411e-02 9.29553e-03 8.55309e-03 7.89530e-03 7.30348e-03 6.76910e-03 6.28227e-03 5.82691e-03 5.38877e-03 4.96121e-03 4.54391e-03 4.13943e-03 3.75085e-03 3.38137e-03 3.03466e-03 2.71467e-03 2.42416e-03 2.16358e-03 1.93136e-03 1.72525e-03 1.54315e-03 1.38321e-03 1.24354e-03 1.12203e-03 1.01642e-03 9.24449e-04 8.44025e-04 7.73235e-04 7.10324e-04 6.53626e-04 6.01512e-04 5.52363e-04 5.04586e-04 4.56721e-04 4.07611e-04 3.56633e-04 3.03878e-04 2.50215e-04 1.97234e-04 1.47057e-04 1.02053e-04 6.44356e-05 3.57830e-05 1.65845e-05 5.90752e-06 1.42213e-06 1.89736e-07 1.04500e-08 1.21538e-10
49.002266 2.45563e-02 3.48514e-02 2.52455e-02 2.02812e-02 1.89135e-02 1.90040e-02 1.89431e-02 1.82038e-02 1.71176e-02 1.62411e-02 1.58681e-02 1.59773e-02 1.64603e-02 1.72432e-02 1.82649e-02 1.94431e-02 2.06612e-02 2.17664e-02 2.25790e-02 2.29242e-02 2.26595e-02 2.18242e-02 2.07944e-02 1.99697e-02 1.94333e-02 1.90902e-02 1.88697e-02 1.87466e-02 1.87199e-02 1.87913e-02 1.89453e-02 1.91431e-02 1.93306e-02 1.94536e-02 1.94717e-02 1.93630e-02 1.91214e-02 1.87515e-02 1.82621e-02 1.76621e-02 1.69587e-02 1.61569e-02 1.52621e-02 1.42831e-02 1.32354e-02 1.21442e-02 1.10442e-02 9.97742e-03 8.98732e-03 8.10889e-03 7.35466e-03 6.70995e-03 6.14785e-03 5.64676e-03 5.19177e-03 4.77023e-03 4.37288e-03 3.99560e-03 3.63852e-03 3.30388e-03 2.99433e-03 2.71167e-03 2.45601e-03 2.22578e-03 2.01824e-03 1.83038e-03 1.65958e-03 1.50389e-03 1.36210e-03 1.23338e-03 1.11712e-03 1.01262e-03 9.19096e-04 8.35617e-04 7.61124e-04 6.94449e-04 6.34333e-04 5.79440e-04 5.28383e-04 4.79751e-04 4.32171e-04 3.84426e-04 3.35667e-04 2.85646e-04 2.34903e-04 1.84791e-04 1.37320e-04 9.48203e-05 5.94626e-05 3.27433e-05 1.50305e-05 5.30248e-06 1.26687e-06 1.68469e-07 9.16271e-09 9.74420e-11
49.252278 2.49182e-02 3.51248e-02 2.52391e-02 2.01801e-02 1.87372e-02 1.85485e-02 1.80606e-02 1.69887e-02 1.58426e-02 1.51804e-02 1.51933e-02 1.57495e-02 1.66528e-02 1.77715e-02 1.90259e-02 2.03510e-02 2.16600e-02 2.28222e-02 2.36723e-02 2.40480e-02 2.38127e-02 2.29969e-02 2.19564e-02 2.10697e-02 2.04061e-02 1.98774e-02 1.94451e-02 1.91263e-02 1.89481e-02 1.89129e-02 1.89877e-02 1.91173e-02 1.92444e-02 1.93235e-02 1.93225e-02 1.92198e-02 1.90004e-02 1.86544e-02 1.81766e-02 1.75681e-02 1.68363e-02 1.59954e-02 1.50638e-02 1.40631e-02 1.30157e-02 1.19450e-02 1.08744e-02 9.82586e-03 8.81971e-03 7.87766e-03 7.02503e-03 6.28306e-03 5.65409e-03 5.11977e-03 4.65557e-03 4.24241e-03 3.86836e-03 3.52710e-03 3.21591e-03 2.93368e-03 2.67920e-03 2.45059e-03 2.24522e-03 2.05997e-03 1.89154e-03 1.73689e-03 1.59351e-03 1.45962e-03 1.33420e-03 1.21684e-03 1.10754e-03 1.00646e-03 9.13715e-04 8.29259e-04 7.52789e-04 6.83733e-04 6.21263e-04 5.64342e-04 5.11786e-04 4.62334e-04 4.14726e-04 3.67789e-04 3.20593e-04 2.72667e-04 2.24235e-04 1.76361e-04 1.30882e-04 9.00838e-05 5.61693e-05 3.06625e-05 1.39103e-05 4.83767e-06 1.13944e-06 1.50021e-07 8.02948e-09 7.70490e-11
49.502289 2.47620e-02 3.49348e-02 2.50863e-02 1.99334e-02 1.82107e-02 1.75506e-02 1.66297e-02 1.54505e-02 1.46552e-02 1.47242e-02 1.56342e-02 1.70036e-02 1.84462e-02 1.97648e-02 2.09390e-02 2.20307e-02 2.30779e-02 2.40314e-02 2.47568e-02 2.50777e-02 2.48117e-02 2.39412e-02 2.28025e-02 2.17870e-02 2.09939e-02 2.03624e-02 1.98604e-02 1.94852e-02 1.92313e-02 1.90790e-02 1.89944e-02 1.89400e-02 1.88849e-02 1.88065e-02 1.86860e-02 1.85059e-02 1.82494e-02 1.79019e-02 1.74529e-02 1.68976e-02 1.62374e-02 1.54796e-02 1.46362e-02 1.37228e-02 1.27574e-02 1.17601e-02 1.07515e-02 9.75019e-03 8.76936e-03 7.81727e-03 6.90535e-03 6.05941e-03 5.31544e-03 4.69576e-03 4.19327e-03 3.78227e-03 3.43718e-03 3.14014e-03 2.87986e-03 2.64887e-03 2.44182e-03 2.25464e-03 2.08414e-03 1.92771e-03 1.78316e-03 1.64860e-03 1.52245e-03 1.40345e-03 1.29074e-03 1.18386e-03 1.08269e-03 9.87407e-04 8.98325e-04 8.15758e-04 7.39882e-04 6.70637e-04 6.07663e-04 5.50295e-04 4.97603e-04 4.48472e-04 4.01708e-04 3.56148e-04 3.10795e-04 2.65002e-04 2.18720e-04 1.72720e-04 1.28638e-04 8.87278e-05 5.53121e-05 3.00909e-05 1.35483e-05 4.65436e-06 1.07852e-06 1.39371e-07 7.20463e-09 5.99800e-11
49.752301 2.40622e-02 3.42066e-02 2.46555e-02 1.93130e-02 1.70451e-02 1.58352e-02 1.48341e-02 1.43160e-02 1.47845e-02 1.62486e-02 1.81683e-02 1.98868e-02 2.10785e-02 2.18212e-02 2.23892e-02 2.30310e-02 2.38414e-02 2.47347e-02 2.54915e-02 2.58358e-02 2.55127e-02 2.45095e-02 2.32357e-02 2.21460e-02 2.13511e-02 2.07607e-02 2.02960e-02 1.99117e-02 1.95779e-02 1.92751e-02 1.89925e-02 1.87251e-02 1.84710e-02 1.82259e-02 1.79809e-02 1.77217e-02 1.74302e-02 1.70876e-02 1.66776e-02 1.61878e-02 1.56110e-02 1.49439e-02 1.41871e-02 1.33457e-02 1.24304e-02 1.14592e-02 1.04569e-02 9.45243e-03 8.47324e-03 7.53924e-03 6.66073e-03 5.84451e-03 5.10461e-03 4.46275e-03 3.93350e-03 3.51131e-03 3.17475e-03 2.89957e-03 2.66682e-03 2.46378e-03 2.28229e-03 2.11708e-03 1.96477e-03 1.82317e-03 1.69084e-03 1.56673e-03 1.45000e-03 1.33993e-03 1.23588e-03 1.13736e-03 1.04404e-03 9.55785e-04 8.72625e-04 7.94715e-04 7.22238e-04 6.55300e-04 5.93829e-04 5.37499e-04 4.85698e-04 4.37554e-04 3.92014e-04 3.47962e-04 3.04369e-04 2.60473e-04 2.16027e-04 1.71564e-04 1.28528e-04 8.91207e-05 5.57714e-05 3.03891e-05 1.36606e-05 4.66554e-06 1.06919e-06 1.35652e-07 6.71292e-09 4.70137e-11
49.999845 2.29357e-02 3.29798e-02 2.38393e-02 1.82645e-02 1.55408e-02 1.43192e-02 1.41634e-02 1.51431e-02 1.70583e-02 1.92377e-02 2.09674e-02 2.19468e-02 2.23536e-02 2.25766e-02 2.29493e-02 2.36278e-02 2.45682e-02 2.55600e-02 2.62991e-02 2.64728e-02 2.58663e-02 2.45993e-02 2.31995e-02 2.21270e-02 2.14364e-02 2.09824e-02 2.06433e-02 2.03433e-02 2.00355e-02 1.96942e-02 1.93145e-02 1.89067e-02 1.84858e-02 1.80623e-02 1.76386e-02 1.72097e-02 1.67654e-02 1.62930e-02 1.57803e-02 1.52187e-02 1.46041e-02 1.39370e-02 1.32206e-02 1.24587e-02 1.16548e-02 1.08136e-02 9.94375e-03 9.05995e-03 8.18396e-03 7.34092e-03 6.55211e-03 5.82769e-03 5.16606e-03 4.56286e-03 4.02147e-03 3.55231e-03 3.16184e-03 2.84487e-03 2.58738e-03 2.37357e-03 2.19035e-03 2.02835e-03 1.88136e-03 1.74551e-03 1.61852e-03 1.49909e-03 1.38653e-03 1.28041e-03 1.18044e-03 1.08636e-03 9.97915e-04 9.14886e-04 8.37095e-04 7.64405e-04 6.96719e-04 6.33937e-04 5.75902e-04 5.22337e-04 4.72782e-04 4.26560e-04 3.82798e-04 3.40499e-04 2.98669e-04 2.56511e-04 2.13675e-04 1.70549e-04 1.28447e-04 8.95169e-05 5.62584e-05 3.07423e-05 1.38322e-05 4.71687e-06 1.07590e-06 1.35101e-07 6.47834e-09 3.90471e-11
