# tg_mhd (CUDA FP64)  tgc_noslip_cond_n256_re1000_drive0.1_bdrive0.1  N=256 Re=1000 h=1.23199712e-02 delta=3.16227766e-02 delta/h=2.566790 layers=128
# layer k: the nodes k cells from the nearest wall, i.e. the slab [(k-1/2)h, (k+1/2)h] ([0, h/2] for k = 0)
# row 'vol': each layer's share of the volume; then per probe: t and each layer's VISCOUS dissipation as a share of the total eps
# vol 1.171863e-02 2.316189e-02 2.279714e-02 2.243529e-02 2.207634e-02 2.172027e-02 2.136711e-02 2.101683e-02 2.066946e-02 2.032497e-02 1.998338e-02 1.964469e-02 1.930889e-02 1.897599e-02 1.864598e-02 1.831887e-02 1.799465e-02 1.767332e-02 1.735489e-02 1.703936e-02 1.672672e-02 1.641697e-02 1.611012e-02 1.580617e-02 1.550511e-02 1.520694e-02 1.491167e-02 1.461929e-02 1.432981e-02 1.404323e-02 1.375953e-02 1.347874e-02 1.320084e-02 1.292583e-02 1.265372e-02 1.238450e-02 1.211817e-02 1.185475e-02 1.159421e-02 1.133657e-02 1.108183e-02 1.082998e-02 1.058103e-02 1.033497e-02 1.009180e-02 9.851535e-03 9.614160e-03 9.379681e-03 9.148095e-03 8.919405e-03 8.693610e-03 8.470709e-03 8.250703e-03 8.033592e-03 7.819376e-03 7.608054e-03 7.399628e-03 7.194096e-03 6.991459e-03 6.791717e-03 6.594869e-03 6.400917e-03 6.209859e-03 6.021696e-03 5.836428e-03 5.654055e-03 5.474576e-03 5.297992e-03 5.124304e-03 4.953510e-03 4.785610e-03 4.620606e-03 4.458496e-03 4.299282e-03 4.142962e-03 3.989536e-03 3.839006e-03 3.691371e-03 3.546630e-03 3.404784e-03 3.265833e-03 3.129777e-03 2.996615e-03 2.866349e-03 2.738977e-03 2.614500e-03 2.492918e-03 2.374230e-03 2.258438e-03 2.145540e-03 2.035537e-03 1.928429e-03 1.824215e-03 1.722897e-03 1.624473e-03 1.528944e-03 1.436310e-03 1.346571e-03 1.259727e-03 1.175777e-03 1.094722e-03 1.016562e-03 9.412971e-04 8.689267e-04 7.994512e-04 7.328705e-04 6.691846e-04 6.083935e-04 5.504972e-04 4.954957e-04 4.433890e-04 3.941772e-04 3.478602e-04 3.044380e-04 2.639106e-04 2.262780e-04 1.915402e-04 1.596973e-04 1.307491e-04 1.046958e-04 8.153727e-05 6.127357e-05 4.390468e-05 2.943061e-05 1.785135e-05 9.166912e-06 3.377283e-06 4.824690e-07
0.000000 7.77046e-01 1.72678e-01 1.58578e-04 1.58679e-04 1.58810e-04 1.58965e-04 1.59137e-04 1.59322e-04 1.59512e-04 1.59702e-04 1.59885e-04 1.60057e-04 1.60212e-04 1.60342e-04 1.60443e-04 1.60510e-04 1.60538e-04 1.60523e-04 1.60458e-04 1.60340e-04 1.60165e-04 1.59928e-04 1.59625e-04 1.59252e-04 1.58806e-04 1.58283e-04 1.57681e-04 1.56995e-04 1.56224e-04 1.55365e-04 1.54415e-04 1.53374e-04 1.52241e-04 1.51016e-04 1.49697e-04 1.48284e-04 1.46777e-04 1.45177e-04 1.43485e-04 1.41701e-04 1.39827e-04 1.37864e-04 1.35814e-04 1.33680e-04 1.31464e-04 1.29169e-04 1.26798e-04 1.24355e-04 1.21842e-04 1.19264e-04 1.16625e-04 1.13929e-04 1.11180e-04 1.08384e-04 1.05544e-04 1.02666e-04 9.97546e-05 9.68150e-05 9.38523e-05 9.08719e-05 8.78790e-05 8.48789e-05 8.18768e-05 7.88782e-05 7.58883e-05 7.29121e-05 6.99549e-05 6.70217e-05 6.41174e-05 6.12467e-05 5.84143e-05 5.56247e-05 5.28820e-05 5.01905e-05 4.75540e-05 4.49761e-05 4.24603e-05 4.00097e-05 3.76273e-05 3.53157e-05 3.30774e-05 3.09144e-05 2.88286e-05 2.68215e-05 2.48945e-05 2.30484e-05 2.12841e-05 1.96018e-05 1.80017e-05 1.64838e-05 1.50475e-05 1.36922e-05 1.24170e-05 1.12207e-05 1.01018e-05 9.05876e-06 8.08969e-06 7.19253e-06 6.36505e-06 5.60486e-06 4.90938e-06 4.27592e-06 3.70167e-06 3.18370e-06 2.71902e-06 2.30454e-06 1.93716e-06 1.61371e-06 1.33105e-06 1.08600e-06 8.75453e-07 6.96309e-07 5.45544e-07 4.20211e-07 3.17456e-07 2.34535e-07 1.68833e-07 1.17872e-07 7.93330e-08 5.10615e-08 3.10841e-08 1.76179e-08 9.08084e-09 4.09988e-09 1.51924e-09 4.06466e-10 5.76871e-11 1.47976e-12
0.250095 2.55729e-01 3.14944e-01 1.49935e-01 4.43329e-02 8.27524e-03 1.40472e-03 6.88855e-04 6.59174e-04 6.66529e-04 6.72365e-04 6.76810e-04 6.80097e-04 6.81809e-04 6.82003e-04 6.82655e-04 6.85998e-04 6.92946e-04 7.03629e-04 7.17550e-04 7.33499e-04 7.49602e-04 7.63676e-04 7.73759e-04 7.78658e-04 7.78270e-04 7.73764e-04 7.67489e-04 7.62429e-04 7.59326e-04 7.54527e-04 7.45833e-04 7.34819e-04 7.23015e-04 7.11051e-04 6.99116e-04 6.87193e-04 6.75166e-04 6.62913e-04 6.50373e-04 6.37560e-04 6.24534e-04 6.11367e-04 5.98122e-04 5.84853e-04 5.71603e-04 5.58406e-04 5.45292e-04 5.32283e-04 5.19397e-04 5.06645e-04 4.94034e-04 4.81567e-04 4.69247e-04 4.57071e-04 4.45039e-04 4.33147e-04 4.21392e-04 4.09773e-04 3.98285e-04 3.86926e-04 3.75695e-04 3.64589e-04 3.53606e-04 3.42746e-04 3.32007e-04 3.21386e-04 3.10883e-04 3.00494e-04 2.90217e-04 2.80049e-04 2.69986e-04 2.60023e-04 2.50157e-04 2.40383e-04 2.30697e-04 2.21096e-04 2.11577e-04 2.02138e-04 1.92779e-04 1.83502e-04 1.74310e-04 1.65210e-04 1.56208e-04 1.47316e-04 1.38547e-04 1.29915e-04 1.21437e-04 1.13132e-04 1.05020e-04 9.71225e-05 8.94603e-05 8.20551e-05 7.49280e-05 6.80986e-05 6.15855e-05 5.54050e-05 4.95710e-05 4.40947e-05 3.89842e-05 3.42443e-05 2.98764e-05 2.58786e-05 2.22455e-05 1.89683e-05 1.60355e-05 1.34325e-05 1.11423e-05 9.14602e-06 7.42295e-06 5.95123e-06 4.70823e-06 3.67100e-06 2.81671e-06 2.12302e-06 1.56847e-06 1.13276e-06 7.97017e-07 5.43967e-07 3.58070e-07 2.25584e-07 1.34573e-07 7.48571e-08 3.79378e-08 1.68789e-08 6.17893e-09 1.63769e-09 2.30937e-10 5.90287e-12
0.500191 1.75365e-01 2.36079e-01 1.41748e-01 6.72257e-02 2.54916e-02 8.30728e-03 2.84343e-03 1.39627e-03 1.05454e-03 9.86451e-04 9.83199e-04 9.93732e-04 1.00760e-03 1.02837e-03 1.06436e-03 1.11931e-03 1.19006e-03 1.26953e-03 1.34884e-03 1.41926e-03 1.47378e-03 1.50798e-03 1.52041e-03 1.51264e-03 1.48905e-03 1.45614e-03 1.42106e-03 1.39011e-03 1.36563e-03 1.34252e-03 1.31411e-03 1.27947e-03 1.24116e-03 1.20120e-03 1.16059e-03 1.12017e-03 1.08065e-03 1.04254e-03 1.00617e-03 9.71655e-04 9.39005e-04 9.08143e-04 8.78961e-04 8.51357e-04 8.25251e-04 8.00594e-04 7.77358e-04 7.55515e-04 7.35027e-04 7.15840e-04 6.97888e-04 6.81097e-04 6.65388e-04 6.50682e-04 6.36895e-04 6.23942e-04 6.11739e-04 6.00199e-04 5.89235e-04 5.78760e-04 5.68686e-04 5.58930e-04 5.49405e-04 5.40029e-04 5.30720e-04 5.21400e-04 5.11994e-04 5.02431e-04 4.92644e-04 4.82573e-04 4.72162e-04 4.61367e-04 4.50147e-04 4.38475e-04 4.26329e-04 4.13700e-04 4.00588e-04 3.87001e-04 3.72960e-04 3.58492e-04 3.43634e-04 3.28432e-04 3.12939e-04 2.97214e-04 2.81322e-04 2.65333e-04 2.49319e-04 2.33356e-04 2.17521e-04 2.01891e-04 1.86543e-04 1.71549e-04 1.56982e-04 1.42907e-04 1.29386e-04 1.16473e-04 1.04218e-04 9.26593e-05 8.18306e-05 7.17553e-05 6.24484e-05 5.39158e-05 4.61550e-05 3.91550e-05 3.28968e-05 2.73538e-05 2.24932e-05 1.82760e-05 1.46584e-05 1.15932e-05 9.03001e-06 6.91719e-06 5.20256e-06 3.83459e-06 2.76346e-06 1.94195e-06 1.32624e-06 8.76562e-07 5.57662e-07 3.39040e-07 1.95022e-07 1.04613e-07 5.11904e-08 2.20465e-08 7.84403e-09 2.03171e-09 2.81862e-10 7.13861e-12
0.750286 1.37109e-01 1.84011e-01 1.14735e-01 6.28498e-02 3.03840e-02 1.33917e-02 5.86072e-03 2.89689e-03 1.82890e-03 1.48411e-03 1.40712e-03 1.43492e-03 1.51461e-03 1.62881e-03 1.76336e-03 1.90048e-03 2.02603e-03 2.13268e-03 2.21678e-03 2.27558e-03 2.30655e-03 2.30846e-03 2.28316e-03 2.23613e-03 2.17534e-03 2.10895e-03 2.04296e-03 1.98064e-03 1.92253e-03 1.86438e-03 1.80032e-03 1.72990e-03 1.65762e-03 1.58720e-03 1.51994e-03 1.45602e-03 1.39540e-03 1.33807e-03 1.28417e-03 1.23386e-03 1.18732e-03 1.14463e-03 1.10578e-03 1.07067e-03 1.03911e-03 1.01089e-03 9.85755e-04 9.63472e-04 9.43800e-04 9.26504e-04 9.11355e-04 8.98130e-04 8.86606e-04 8.76563e-04 8.67782e-04 8.60046e-04 8.53136e-04 8.46840e-04 8.40951e-04 8.35273e-04 8.29617e-04 8.23805e-04 8.17672e-04 8.11059e-04 8.03821e-04 7.95824e-04 7.86943e-04 7.77067e-04 7.66097e-04 7.53946e-04 7.40547e-04 7.25848e-04 7.09817e-04 6.92442e-04 6.73735e-04 6.53732e-04 6.32492e-04 6.10096e-04 5.86650e-04 5.62278e-04 5.37121e-04 5.11332e-04 4.85075e-04 4.58519e-04 4.31832e-04 4.05183e-04 3.78731e-04 3.52628e-04 3.27016e-04 3.02022e-04 2.77760e-04 2.54329e-04 2.31816e-04 2.10293e-04 1.89818e-04 1.70439e-04 1.52190e-04 1.35098e-04 1.19176e-04 1.04430e-04 9.08565e-05 7.84432e-05 6.71692e-05 5.70061e-05 4.79178e-05 3.98608e-05 3.27852e-05 2.66349e-05 2.13486e-05 1.68605e-05 1.31012e-05 9.99905e-06 7.48118e-06 5.47477e-06 3.90844e-06 2.71350e-06 1.82524e-06 1.18412e-06 7.36671e-07 4.36266e-07 2.43516e-07 1.26335e-07 5.96479e-08 2.47687e-08 8.51072e-09 2.13858e-09 2.90020e-10 7.24818e-12
1.000382 1.11821e-01 1.44052e-01 8.91588e-02 5.21643e-02 2.91697e-02 1.57612e-02 8.47777e-03 4.83548e-03 3.20443e-03 2.60404e-03 2.48272e-03 2.54381e-03 2.64284e-03 2.72476e-03 2.77919e-03 2.81206e-03 2.83045e-03 2.83611e-03 2.82683e-03 2.80123e-03 2.76118e-03 2.71086e-03 2.65455e-03 2.59534e-03 2.53540e-03 2.47621e-03 2.41737e-03 2.35594e-03 2.28840e-03 2.21261e-03 2.12896e-03 2.04057e-03 1.95188e-03 1.86663e-03 1.78698e-03 1.71368e-03 1.64672e-03 1.58573e-03 1.53033e-03 1.48025e-03 1.43532e-03 1.39546e-03 1.36063e-03 1.33074e-03 1.30568e-03 1.28519e-03 1.26895e-03 1.25652e-03 1.24739e-03 1.24103e-03 1.23684e-03 1.23426e-03 1.23270e-03 1.23164e-03 1.23060e-03 1.22913e-03 1.22686e-03 1.22348e-03 1.21873e-03 1.21239e-03 1.20431e-03 1.19438e-03 1.18255e-03 1.16880e-03 1.15319e-03 1.13577e-03 1.11664e-03 1.09593e-03 1.07373e-03 1.05019e-03 1.02542e-03 9.99523e-04 9.72593e-04 9.44700e-04 9.15894e-04 8.86204e-04 8.55644e-04 8.24218e-04 7.91928e-04 7.58786e-04 7.24821e-04 6.90090e-04 6.54684e-04 6.18731e-04 5.82402e-04 5.45901e-04 5.09460e-04 4.73331e-04 4.37773e-04 4.03037e-04 3.69358e-04 3.36941e-04 3.05957e-04 2.76539e-04 2.48782e-04 2.22744e-04 1.98451e-04 1.75903e-04 1.55076e-04 1.35933e-04 1.18420e-04 1.02476e-04 8.80369e-05 7.50311e-05 6.33873e-05 5.30324e-05 4.38929e-05 3.58943e-05 2.89618e-05 2.30193e-05 1.79893e-05 1.37931e-05 1.03503e-05 7.57935e-06 5.39821e-06 3.72485e-06 2.47874e-06 1.58231e-06 9.62769e-07 5.54061e-07 2.98620e-07 1.48735e-07 6.71284e-08 2.65894e-08 8.72299e-09 2.10296e-09 2.76206e-10 6.77182e-12
1.250477 9.10534e-02 1.11801e-01 6.68436e-02 4.05543e-02 2.56862e-02 1.67313e-02 1.11317e-02 7.73718e-03 5.78808e-03 4.71132e-03 4.12054e-03 3.78647e-03 3.58755e-03 3.46108e-03 3.36960e-03 3.28766e-03 3.20115e-03 3.10906e-03 3.01971e-03 2.94152e-03 2.87674e-03 2.82259e-03 2.77620e-03 2.73721e-03 2.70645e-03 2.68303e-03 2.66241e-03 2.63674e-03 2.59878e-03 2.54644e-03 2.48263e-03 2.41106e-03 2.33472e-03 2.25677e-03 2.18039e-03 2.10810e-03 2.04145e-03 1.98106e-03 1.92697e-03 1.87901e-03 1.83703e-03 1.80108e-03 1.77129e-03 1.74776e-03 1.73045e-03 1.71911e-03 1.71319e-03 1.71191e-03 1.71429e-03 1.71922e-03 1.72552e-03 1.73206e-03 1.73777e-03 1.74173e-03 1.74312e-03 1.74129e-03 1.73576e-03 1.72618e-03 1.71235e-03 1.69420e-03 1.67179e-03 1.64529e-03 1.61496e-03 1.58107e-03 1.54400e-03 1.50413e-03 1.46193e-03 1.41791e-03 1.37259e-03 1.32650e-03 1.28012e-03 1.23390e-03 1.18820e-03 1.14332e-03 1.09944e-03 1.05669e-03 1.01509e-03 9.74590e-04 9.35076e-04 8.96379e-04 8.58292e-04 8.20590e-04 7.83041e-04 7.45431e-04 7.07577e-04 6.69350e-04 6.30689e-04 5.91613e-04 5.52231e-04 5.12739e-04 4.73409e-04 4.34569e-04 3.96580e-04 3.59805e-04 3.24579e-04 2.91189e-04 2.59856e-04 2.30726e-04 2.03875e-04 1.79306e-04 1.56969e-04 1.36768e-04 1.18578e-04 1.02257e-04 8.76582e-05 7.46376e-05 6.30591e-05 5.27986e-05 4.37444e-05 3.57977e-05 2.88715e-05 2.28885e-05 1.77792e-05 1.34789e-05 9.92572e-06 7.05729e-06 4.80880e-06 3.11084e-06 1.88819e-06 1.05979e-06 5.40569e-07 2.45746e-07 9.76422e-08 3.32820e-08 9.45392e-09 2.04552e-09 2.51857e-10 5.97975e-12
1.500572 6.91280e-02 8.22934e-02 4.74726e-02 2.93048e-02 2.09509e-02 1.62506e-02 1.26879e-02 9.83393e-03 7.65556e-03 6.10300e-03 5.08436e-03 4.46365e-03 4.08613e-03 3.82534e-03 3.61423e-03 3.43718e-03 3.29969e-03 3.20471e-03 3.14531e-03 3.10824e-03 3.08062e-03 3.05445e-03 3.02775e-03 3.00279e-03 2.98206e-03 2.96474e-03 2.94657e-03 2.92240e-03 2.88947e-03 2.84945e-03 2.80664e-03 2.76386e-03 2.72214e-03 2.68219e-03 2.64431e-03 2.60819e-03 2.57319e-03 2.53877e-03 2.50475e-03 2.47148e-03 2.43962e-03 2.40997e-03 2.38317e-03 2.35959e-03 2.33928e-03 2.32215e-03 2.30806e-03 2.29688e-03 2.28841e-03 2.28232e-03 2.27806e-03 2.27487e-03 2.27180e-03 2.26779e-03 2.26178e-03 2.25271e-03 2.23966e-03 2.22182e-03 2.19858e-03 2.16947e-03 2.13426e-03 2.09290e-03 2.04558e-03 1.99272e-03 1.93486e-03 1.87272e-03 1.80708e-03 1.73882e-03 1.66882e-03 1.59797e-03 1.52708e-03 1.45689e-03 1.38802e-03 1.32100e-03 1.25621e-03 1.19396e-03 1.13441e-03 1.07767e-03 1.02376e-03 9.72619e-04 9.24130e-04 8.78125e-04 8.34385e-04 7.92646e-04 7.52604e-04 7.13928e-04 6.76267e-04 6.39276e-04 6.02634e-04 5.66079e-04 5.29433e-04 4.92633e-04 4.55745e-04 4.18973e-04 3.82637e-04 3.47138e-04 3.12910e-04 2.80365e-04 2.49848e-04 2.21609e-04 1.95782e-04 1.72400e-04 1.51402e-04 1.32658e-04 1.15991e-04 1.01197e-04 8.80616e-05 7.63719e-05 6.59301e-05 5.65604e-05 4.81157e-05 4.04801e-05 3.35698e-05 2.73315e-05 2.17387e-05 1.67866e-05 1.24850e-05 8.85012e-06 5.89427e-06 3.61516e-06 1.98393e-06 9.34092e-07 3.55230e-07 1.00672e-07 1.95961e-08 2.60649e-09 2.37008e-10 5.19262e-12
1.750668 4.74952e-02 5.54907e-02 3.10662e-02 1.97967e-02 1.58080e-02 1.35167e-02 1.13189e-02 9.30185e-03 7.69648e-03 6.51719e-03 5.64832e-03 4.98595e-03 4.48420e-03 4.13376e-03 3.92543e-03 3.82453e-03 3.75961e-03 3.65065e-03 3.49326e-03 3.39446e-03 3.43110e-03 3.51677e-03 3.52735e-03 3.45431e-03 3.35321e-03 3.25712e-03 3.17115e-03 3.09262e-03 3.02123e-03 2.95968e-03 2.90991e-03 2.87132e-03 2.84224e-03 2.82118e-03 2.80662e-03 2.79685e-03 2.79007e-03 2.78456e-03 2.77881e-03 2.77161e-03 2.76207e-03 2.74966e-03 2.73419e-03 2.71578e-03 2.69482e-03 2.67193e-03 2.64787e-03 2.62357e-03 2.59991e-03 2.57758e-03 2.55689e-03 2.53769e-03 2.51945e-03 2.50144e-03 2.48305e-03 2.46389e-03 2.44384e-03 2.42286e-03 2.40086e-03 2.37757e-03 2.35252e-03 2.32505e-03 2.29433e-03 2.25937e-03 2.21919e-03 2.17291e-03 2.11991e-03 2.05999e-03 1.99338e-03 1.92074e-03 1.84302e-03 1.76141e-03 1.67714e-03 1.59144e-03 1.50545e-03 1.42015e-03 1.33639e-03 1.25486e-03 1.17611e-03 1.10059e-03 1.02861e-03 9.60405e-04 8.96133e-04 8.35879e-04 7.79676e-04 7.27502e-04 6.79263e-04 6.34759e-04 5.93655e-04 5.55471e-04 5.19612e-04 4.85432e-04 4.52318e-04 4.19776e-04 3.87494e-04 3.55388e-04 3.23600e-04 2.92463e-04 2.62432e-04 2.33998e-04 2.07605e-04 1.83584e-04 1.62119e-04 1.43240e-04 1.26838e-04 1.12701e-04 1.00547e-04 9.00643e-05 8.09313e-05 7.28397e-05 6.55040e-05 5.86717e-05 5.21326e-05 4.57308e-05 3.93762e-05 3.30547e-05 2.68326e-05 2.08510e-05 1.53083e-05 1.04293e-05 6.42155e-06 3.42779e-06 1.48008e-06 4.60179e-07 8.54523e-08 7.32152e-09 2.82081e-10 4.63015e-12
2.000763 3.22311e-02 3.69732e-02 2.08670e-02 1.42447e-02 1.21919e-02 1.08970e-02 9.53034e-03 8.33519e-03 7.41138e-03 6.66952e-03 6.05047e-03 5.58474e-03 5.34402e-03 5.30436e-03 5.16919e-03 4.63553e-03 4.16775e-03 4.41310e-03 4.79387e-03 4.60519e-03 4.14460e-03 3.80523e-03 3.62637e-03 3.53169e-03 3.46224e-03 3.39063e-03 3.31067e-03 3.22678e-03 3.14804e-03 3.08259e-03 3.03268e-03 2.99551e-03 2.96754e-03 2.94602e-03 2.92864e-03 2.91347e-03 2.89908e-03 2.88444e-03 2.86889e-03 2.85195e-03 2.83326e-03 2.81264e-03 2.78996e-03 2.76524e-03 2.73859e-03 2.71025e-03 2.68050e-03 2.64963e-03 2.61778e-03 2.58492e-03 2.55089e-03 2.51553e-03 2.47872e-03 2.44048e-03 2.40094e-03 2.36036e-03 2.31910e-03 2.27754e-03 2.23607e-03 2.19506e-03 2.15486e-03 2.11587e-03 2.07849e-03 2.04307e-03 2.00987e-03 1.97899e-03 1.95034e-03 1.92352e-03 1.89770e-03 1.87171e-03 1.84415e-03 1.81373e-03 1.77950e-03 1.74085e-03 1.69749e-03 1.64933e-03 1.59638e-03 1.53876e-03 1.47665e-03 1.41029e-03 1.34000e-03 1.26616e-03 1.18927e-03 1.11001e-03 1.02935e-03 9.48519e-04 8.68923e-04 7.91957e-04 7.18905e-04 6.50894e-04 5.88870e-04 5.33491e-04 4.84966e-04 4.42928e-04 4.06445e-04 3.74177e-04 3.44624e-04 3.16406e-04 2.88509e-04 2.60458e-04 2.32358e-04 2.04789e-04 1.78585e-04 1.54579e-04 1.33414e-04 1.15435e-04 1.00687e-04 8.89663e-05 7.98968e-05 7.30053e-05 6.77797e-05 6.37031e-05 6.02709e-05 5.69953e-05 5.34146e-05 4.91207e-05 4.38196e-05 3.74199e-05 3.01177e-05 2.24225e-05 1.50717e-05 8.82845e-06 4.24314e-06 1.49358e-06 3.11490e-07 2.64848e-08 5.36028e-10 4.37991e-12
2.250859 2.48776e-02 2.81958e-02 1.62811e-02 1.19574e-02 1.07847e-02 9.92897e-03 8.99910e-03 8.18062e-03 7.50189e-03 6.96366e-03 6.64003e-03 6.57193e-03 6.37534e-03 5.68428e-03 5.32010e-03 5.69512e-03 5.96678e-03 5.71430e-03 5.12914e-03 4.61822e-03 4.34599e-03 4.22890e-03 4.15822e-03 4.07724e-03 3.97552e-03 3.86428e-03 3.75763e-03 3.66642e-03 3.59795e-03 3.55428e-03 3.52992e-03 3.51496e-03 3.50109e-03 3.48378e-03 3.46116e-03 3.43305e-03 3.40025e-03 3.36413e-03 3.32625e-03 3.28813e-03 3.25095e-03 3.21540e-03 3.18157e-03 3.14885e-03 3.11591e-03 3.08094e-03 3.04221e-03 2.99849e-03 2.94931e-03 2.89496e-03 2.83630e-03 2.77459e-03 2.71126e-03 2.64786e-03 2.58590e-03 2.52693e-03 2.47251e-03 2.42400e-03 2.38200e-03 2.34576e-03 2.31318e-03 2.28150e-03 2.24819e-03 2.21154e-03 2.17063e-03 2.12510e-03 2.07481e-03 2.02002e-03 1.96152e-03 1.90082e-03 1.83995e-03 1.78104e-03 1.72587e-03 1.67555e-03 1.63040e-03 1.58988e-03 1.55269e-03 1.51704e-03 1.48115e-03 1.44365e-03 1.40396e-03 1.36230e-03 1.31940e-03 1.27627e-03 1.23382e-03 1.19265e-03 1.15281e-03 1.11369e-03 1.07395e-03 1.03161e-03 9.84102e-04 9.28533e-04 8.62372e-04 7.84828e-04 6.98112e-04 6.07415e-04 5.19418e-04 4.40406e-04 3.74714e-04 3.23670e-04 2.85440e-04 2.56133e-04 2.31563e-04 2.08565e-04 1.85457e-04 1.61907e-04 1.38571e-04 1.16609e-04 9.71907e-05 8.11287e-05 6.87352e-05 5.98663e-05 5.40535e-05 5.06382e-05 4.88587e-05 4.78695e-05 4.67168e-05 4.43672e-05 3.99315e-05 3.31021e-05 2.45254e-05 1.56892e-05 8.23890e-06 3.21840e-06 7.59034e-07 7.16130e-08 1.20446e-09 3.79183e-12
2.500954 2.20945e-02 2.48676e-02 1.44313e-02 1.09818e-02 1.02946e-02 9.76160e-03 8.99466e-03 8.15743e-03 7.41075e-03 6.97011e-03 6.73435e-03 6.14973e-03 5.65787e-03 5.96375e-03 6.24664e-03 6.10632e-03 5.89597e-03 5.71423e-03 5.52730e-03 5.38976e-03 5.30992e-03 5.21054e-03 5.04628e-03 4.84523e-03 4.65445e-03 4.49890e-03 4.38279e-03 4.30052e-03 4.24368e-03 4.20392e-03 4.17270e-03 4.14133e-03 4.10335e-03 4.05619e-03 4.00073e-03 3.94022e-03 3.87862e-03 3.81892e-03 3.76208e-03 3.70712e-03 3.65195e-03 3.59441e-03 3.53339e-03 3.46935e-03 3.40400e-03 3.33928e-03 3.27682e-03 3.21802e-03 3.16371e-03 3.11362e-03 3.06633e-03 3.02009e-03 2.97393e-03 2.92810e-03 2.88340e-03 2.84020e-03 2.79810e-03 2.75626e-03 2.71390e-03 2.67069e-03 2.62667e-03 2.58223e-03 2.53791e-03 2.49435e-03 2.45212e-03 2.41161e-03 2.37308e-03 2.33663e-03 2.30205e-03 2.26867e-03 2.23537e-03 2.20090e-03 2.16441e-03 2.12557e-03 2.08406e-03 2.03942e-03 1.99142e-03 1.94028e-03 1.88652e-03 1.83076e-03 1.77363e-03 1.71567e-03 1.65740e-03 1.59923e-03 1.54150e-03 1.48431e-03 1.42747e-03 1.37050e-03 1.31278e-03 1.25389e-03 1.19388e-03 1.13329e-03 1.07288e-03 1.01327e-03 9.54631e-04 8.96625e-04 8.38483e-04 7.79238e-04 7.18264e-04 6.55899e-04 5.93403e-04 5.31518e-04 4.68273e-04 3.99437e-04 3.25168e-04 2.57033e-04 2.09580e-04 1.83124e-04 1.65733e-04 1.47996e-04 1.27618e-04 1.05898e-04 8.47998e-05 6.59804e-05 5.06070e-05 3.92555e-05 3.18032e-05 2.74542e-05 2.48820e-05 2.24675e-05 1.88471e-05 1.37181e-05 8.10904e-06 3.54374e-06 9.39862e-07 1.00138e-07 1.79391e-09 3.69756e-12
2.751050 2.16756e-02 2.43613e-02 1.39426e-02 1.04912e-02 9.96907e-03 9.58820e-03 8.77808e-03 7.79017e-03 7.00234e-03 6.42703e-03 5.87607e-03 5.66071e-03 5.91189e-03 6.10357e-03 6.08121e-03 6.07681e-03 6.13935e-03 6.22707e-03 6.30615e-03 6.28396e-03 6.10153e-03 5.81917e-03 5.54339e-03 5.32008e-03 5.13717e-03 4.97621e-03 4.82851e-03 4.69170e-03 4.56826e-03 4.46367e-03 4.38145e-03 4.31968e-03 4.27260e-03 4.23344e-03 4.19514e-03 4.15235e-03 4.10396e-03 4.05186e-03 3.99758e-03 3.94010e-03 3.87622e-03 3.80292e-03 3.72005e-03 3.63085e-03 3.54016e-03 3.45205e-03 3.36875e-03 3.29097e-03 3.21943e-03 3.15589e-03 3.10241e-03 3.05964e-03 3.02618e-03 2.99939e-03 2.97675e-03 2.95672e-03 2.93870e-03 2.92261e-03 2.90861e-03 2.89706e-03 2.88854e-03 2.88381e-03 2.88350e-03 2.88786e-03 2.89665e-03 2.90927e-03 2.92455e-03 2.94058e-03 2.95462e-03 2.96319e-03 2.96249e-03 2.94904e-03 2.92031e-03 2.87519e-03 2.81407e-03 2.73868e-03 2.65188e-03 2.55696e-03 2.45666e-03 2.35321e-03 2.24909e-03 2.14708e-03 2.04988e-03 1.96001e-03 1.87963e-03 1.81032e-03 1.75291e-03 1.70720e-03 1.67179e-03 1.64393e-03 1.61938e-03 1.59262e-03 1.55731e-03 1.50716e-03 1.43686e-03 1.34312e-03 1.22585e-03 1.08945e-03 9.43080e-04 7.98258e-04 6.64742e-04 5.47990e-04 4.49669e-04 3.69553e-04 3.06811e-04 2.60219e-04 2.27758e-04 2.05928e-04 1.89215e-04 1.71548e-04 1.51475e-04 1.33965e-04 1.21119e-04 1.08468e-04 9.30279e-05 7.57143e-05 5.82326e-05 4.23465e-05 2.98733e-05 2.13275e-05 1.54587e-05 1.06269e-05 6.17264e-06 2.58293e-06 6.12543e-07 5.79092e-08 1.26587e-09 6.70720e-12
3.001145 2.32598e-02 2.58125e-02 1.42355e-02 1.02039e-02 9.46928e-03 9.02894e-03 8.19842e-03 7.23604e-03 6.43478e-03 5.90892e-03 5.71844e-03 5.83612e-03 6.02648e-03 6.13961e-03 6.30545e-03 6.54755e-03 6.72068e-03 6.70496e-03 6.51431e-03 6.26367e-03 6.04172e-03 5.84287e-03 5.61587e-03 5.35819e-03 5.11363e-03 4.90872e-03 4.74550e-03 4.62971e-03 4.57955e-03 4.61030e-03 4.69865e-03 4.77229e-03 4.76142e-03 4.65467e-03 4.49555e-03 4.33213e-03 4.18846e-03 4.06977e-03 3.97082e-03 3.88132e-03 3.79574e-03 3.72796e-03 3.69960e-03 3.69625e-03 3.67414e-03 3.61674e-03 3.53992e-03 3.46195e-03 3.39088e-03 3.32520e-03 3.26465e-03 3.21178e-03 3.16736e-03 3.13063e-03 3.10029e-03 3.07513e-03 3.05447e-03 3.03825e-03 3.02690e-03 3.02124e-03 3.02254e-03 3.03239e-03 3.05254e-03 3.08479e-03 3.13055e-03 3.18985e-03 3.25970e-03 3.33221e-03 3.39409e-03 3.42870e-03 3.42135e-03 3.36574e-03 3.26779e-03 3.14317e-03 3.00999e-03 2.88195e-03 2.76571e-03 2.66213e-03 2.56933e-03 2.48538e-03 2.40895e-03 2.33833e-03 2.27165e-03 2.20873e-03 2.15119e-03 2.10047e-03 2.05577e-03 2.01328e-03 1.96742e-03 1.91333e-03 1.84841e-03 1.77158e-03 1.68135e-03 1.57648e-03 1.46118e-03 1.34697e-03 1.24417e-03 1.15292e-03 1.06579e-03 9.75524e-04 8.78794e-04 7.76440e-04 6.72939e-04 5.74378e-04 4.84586e-04 4.04261e-04 3.34247e-04 2.75820e-04 2.28434e-04 1.89841e-04 1.57631e-04 1.30489e-04 1.08394e-04 9.09886e-05 7.64975e-05 6.35993e-05 5.25686e-05 4.32591e-05 3.45213e-05 2.58101e-05 1.81764e-05 1.29108e-05 8.86708e-06 4.50015e-06 1.18697e-06 1.07428e-07 1.86662e-09 3.89740e-12
3.251240 2.57817e-02 2.85064e-02 1.52272e-02 1.02049e-02 9.05217e-03 8.54971e-03 7.84473e-03 7.05101e-03 6.46323e-03 6.22999e-03 6.29767e-03 6.47884e-03 6.61729e-03 6.68883e-03 6.67691e-03 6.58414e-03 6.44676e-03 6.28344e-03 6.10216e-03 5.91033e-03 5.72507e-03 5.58631e-03 5.53827e-03 5.58121e-03 5.66313e-03 5.71644e-03 5.65677e-03 5.41640e-03 5.10013e-03 4.92343e-03 4.86371e-03 4.76748e-03 4.65687e-03 4.60348e-03 4.57250e-03 4.53063e-03 4.47851e-03 4.42107e-03 4.35948e-03 4.29241e-03 4.22048e-03 4.14495e-03 4.05587e-03 3.95473e-03 3.86073e-03 3.77626e-03 3.69635e-03 3.61907e-03 3.54475e-03 3.47441e-03 3.40911e-03 3.34976e-03 3.29706e-03 3.25110e-03 3.21093e-03 3.17478e-03 3.14115e-03 3.10965e-03 3.08092e-03 3.05621e-03 3.03724e-03 3.02657e-03 3.02853e-03 3.04973e-03 3.09696e-03 3.17117e-03 3.26066e-03 3.33901e-03 3.36994e-03 3.32296e-03 3.19963e-03 3.04060e-03 2.88942e-03 2.76291e-03 2.66240e-03 2.58567e-03 2.52710e-03 2.48038e-03 2.44300e-03 2.41660e-03 2.40246e-03 2.39730e-03 2.39215e-03 2.37399e-03 2.33057e-03 2.25695e-03 2.15818e-03 2.04400e-03 1.92122e-03 1.79152e-03 1.65663e-03 1.52317e-03 1.39992e-03 1.29039e-03 1.19140e-03 1.09925e-03 1.01363e-03 9.35821e-04 8.66298e-04 8.04115e-04 7.47423e-04 6.95227e-04 6.48322e-04 6.07051e-04 5.70588e-04 5.37620e-04 5.04644e-04 4.67108e-04 4.22689e-04 3.71976e-04 3.17277e-04 2.61506e-04 2.07550e-04 1.57975e-04 1.14991e-04 8.03550e-05 5.48797e-05 3.77313e-05 2.64859e-05 1.85766e-05 1.25781e-05 7.85980e-06 4.40706e-06 2.15514e-06 6.98757e-07 9.47168e-08 3.36154e-09 1.46527e-11
3.501336 2.87257e-02 3.17843e-02 1.65188e-02 1.02533e-02 8.68569e-03 8.38360e-03 8.13522e-03 7.80564e-03 7.54578e-03 7.37157e-03 7.16281e-03 6.89393e-03 6.64403e-03 6.46082e-03 6.37493e-03 6.42017e-03 6.58094e-03 6.73658e-03 6.71793e-03 6.52225e-03 6.32228e-03 6.20392e-03 6.13132e-03 6.04126e-03 5.88877e-03 5.67427e-03 5.46247e-03 5.29102e-03 5.13595e-03 5.00255e-03 4.89760e-03 4.81504e-03 4.74955e-03 4.69794e-03 4.65361e-03 4.60753e-03 4.55346e-03 4.48925e-03 4.40593e-03 4.31211e-03 4.23605e-03 4.17877e-03 4.12283e-03 4.05968e-03 3.99090e-03 3.92100e-03 3.85293e-03 3.78846e-03 3.72836e-03 3.67144e-03 3.61596e-03 3.56261e-03 3.51282e-03 3.46511e-03 3.41604e-03 3.36339e-03 3.30719e-03 3.24837e-03 3.18759e-03 3.12627e-03 3.06928e-03 3.02629e-03 3.00843e-03 3.02108e-03 3.05803e-03 3.10046e-03 3.11717e-03 3.06964e-03 2.94492e-03 2.79145e-03 2.66975e-03 2.58376e-03 2.51756e-03 2.46816e-03 2.43254e-03 2.40684e-03 2.38662e-03 2.36700e-03 2.34336e-03 2.31027e-03 2.26245e-03 2.19860e-03 2.12283e-03 2.03966e-03 1.94953e-03 1.85135e-03 1.74690e-03 1.64138e-03 1.54047e-03 1.44767e-03 1.36369e-03 1.28716e-03 1.21560e-03 1.14721e-03 1.08167e-03 1.01841e-03 9.57093e-04 8.99166e-04 8.44086e-04 7.88553e-04 7.32165e-04 6.78767e-04 6.30472e-04 5.86563e-04 5.46452e-04 5.09454e-04 4.74416e-04 4.40599e-04 4.08005e-04 3.76871e-04 3.46969e-04 3.17187e-04 2.85529e-04 2.49882e-04 2.09468e-04 1.65830e-04 1.22470e-04 8.35090e-05 5.23681e-05 3.05940e-05 1.71548e-05 9.37568e-06 4.85287e-06 2.17611e-06 6.88499e-07 1.16525e-07 8.60023e-09 1.10847e-10
3.751431 3.23229e-02 3.53522e-02 1.77739e-02 1.02950e-02 8.45682e-03 8.57550e-03 8.82734e-03 8.78466e-03 8.54770e-03 8.11565e-03 7.64645e-03 7.38686e-03 7.32182e-03 7.29374e-03 7.21887e-03 7.10794e-03 6.99091e-03 6.88511e-03 6.79640e-03 6.70382e-03 6.53834e-03 6.25195e-03 5.95158e-03 5.69464e-03 5.46818e-03 5.27697e-03 5.12026e-03 4.98719e-03 4.87198e-03 4.77893e-03 4.70931e-03 4.65435e-03 4.60460e-03 4.56364e-03 4.53953e-03 4.52375e-03 4.48443e-03 4.41683e-03 4.37598e-03 4.35232e-03 4.30984e-03 4.27886e-03 4.27377e-03 4.27013e-03 4.25798e-03 4.23982e-03 4.21342e-03 4.17352e-03 4.11692e-03 4.04401e-03 3.95748e-03 3.85986e-03 3.75187e-03 3.63350e-03 3.50636e-03 3.37413e-03 3.24140e-03 3.11311e-03 2.99456e-03 2.89144e-03 2.80890e-03 2.74921e-03 2.70877e-03 2.67770e-03 2.64208e-03 2.58748e-03 2.50815e-03 2.41801e-03 2.34100e-03 2.28398e-03 2.24067e-03 2.21606e-03 2.21509e-03 2.22310e-03 2.21590e-03 2.17786e-03 2.10759e-03 2.01700e-03 1.92333e-03 1.83735e-03 1.76087e-03 1.69183e-03 1.62851e-03 1.57101e-03 1.52038e-03 1.47672e-03 1.43811e-03 1.40087e-03 1.36104e-03 1.31605e-03 1.26494e-03 1.20760e-03 1.14486e-03 1.07760e-03 1.00519e-03 9.30947e-04 8.65257e-04 8.11968e-04 7.67465e-04 7.30911e-04 6.99884e-04 6.69125e-04 6.37414e-04 6.05869e-04 5.72801e-04 5.34595e-04 4.89559e-04 4.40417e-04 3.92985e-04 3.52174e-04 3.19434e-04 2.92714e-04 2.67945e-04 2.41267e-04 2.10773e-04 1.76888e-04 1.41596e-04 1.07390e-04 7.65314e-05 5.05791e-05 3.03208e-05 1.60196e-05 7.21121e-06 2.59564e-06 6.67409e-07 1.11443e-07 1.07231e-08 1.90375e-10
4.001527 3.73857e-02 4.09601e-02 2.06256e-02 1.18819e-02 9.30870e-03 9.02395e-03 9.39743e-03 9.56097e-03 9.28260e-03 8.81393e-03 8.44103e-03 8.18703e-03 7.94247e-03 7.66291e-03 7.37356e-03 7.09912e-03 6.82477e-03 6.49197e-03 6.12300e-03 5.83419e-03 5.63811e-03 5.49710e-03 5.38177e-03 5.26724e-03 5.14409e-03 5.02005e-03 4.90682e-03 4.81353e-03 4.74541e-03 4.69852e-03 4.66625e-03 4.64152e-03 4.61757e-03 4.58920e-03 4.54480e-03 4.48264e-03 4.43518e-03 4.42081e-03 4.42233e-03 4.42350e-03 4.42740e-03 4.43172e-03 4.42585e-03 4.40330e-03 4.36195e-03 4.30209e-03 4.22487e-03 4.13118e-03 4.02171e-03 3.89914e-03 3.76814e-03 3.63224e-03 3.49266e-03 3.35121e-03 3.21238e-03 3.08209e-03 2.96395e-03 2.85719e-03 2.75934e-03 2.66961e-03 2.58867e-03 2.51616e-03 2.44852e-03 2.37949e-03 2.30636e-03 2.23575e-03 2.17517e-03 2.12403e-03 2.07781e-03 2.03255e-03 1.98223e-03 1.91866e-03 1.83850e-03 1.74837e-03 1.66142e-03 1.58826e-03 1.53157e-03 1.48799e-03 1.45352e-03 1.42659e-03 1.40709e-03 1.39444e-03 1.38698e-03 1.38240e-03 1.37828e-03 1.37211e-03 1.36149e-03 1.34452e-03 1.31958e-03 1.28520e-03 1.24116e-03 1.18855e-03 1.12755e-03 1.05524e-03 9.65997e-04 8.68675e-04 7.86002e-04 7.22821e-04 6.74184e-04 6.35309e-04 5.99553e-04 5.62938e-04 5.27682e-04 4.97476e-04 4.70511e-04 4.40377e-04 4.04154e-04 3.65133e-04 3.27436e-04 2.93631e-04 2.65751e-04 2.44357e-04 2.27352e-04 2.10917e-04 1.91538e-04 1.67404e-04 1.38928e-04 1.08469e-04 7.91814e-05 5.36141e-05 3.31414e-05 1.81937e-05 8.46424e-06 3.03827e-06 7.17165e-07 9.95184e-08 8.60924e-09 1.65960e-10
4.251622 5.25038e-02 5.42916e-02 2.53246e-02 1.39093e-02 1.06578e-02 1.01168e-02 1.02696e-02 1.03102e-02 1.01007e-02 9.76107e-03 9.37605e-03 8.96939e-03 8.53460e-03 8.06157e-03 7.55230e-03 7.00432e-03 6.47412e-03 6.06947e-03 5.80602e-03 5.62473e-03 5.47740e-03 5.35019e-03 5.24652e-03 5.16698e-03 5.10545e-03 5.05681e-03 5.02402e-03 5.00641e-03 4.98436e-03 4.93391e-03 4.85792e-03 4.77624e-03 4.69476e-03 4.61022e-03 4.53372e-03 4.48559e-03 4.45788e-03 4.43261e-03 4.40753e-03 4.37571e-03 4.32342e-03 4.25154e-03 4.16962e-03 4.08697e-03 4.00762e-03 3.93041e-03 3.85329e-03 3.77489e-03 3.69262e-03 3.60134e-03 3.49681e-03 3.38295e-03 3.27078e-03 3.16482e-03 3.05935e-03 2.94925e-03 2.83494e-03 2.72048e-03 2.61208e-03 2.51580e-03 2.43522e-03 2.37069e-03 2.32004e-03 2.27885e-03 2.23999e-03 2.19498e-03 2.13650e-03 2.05930e-03 1.96114e-03 1.84522e-03 1.72378e-03 1.61293e-03 1.52247e-03 1.45201e-03 1.39559e-03 1.34654e-03 1.30323e-03 1.26658e-03 1.23544e-03 1.20962e-03 1.19232e-03 1.18878e-03 1.20260e-03 1.23274e-03 1.27368e-03 1.31828e-03 1.36106e-03 1.39921e-03 1.43105e-03 1.45199e-03 1.45197e-03 1.41944e-03 1.35041e-03 1.24744e-03 1.10924e-03 9.57996e-04 8.42699e-04 7.67103e-04 7.14206e-04 6.75216e-04 6.42634e-04 6.09840e-04 5.71754e-04 5.27280e-04 4.78946e-04 4.29892e-04 3.83572e-04 3.42782e-04 3.06515e-04 2.71435e-04 2.37157e-04 2.07093e-04 1.83222e-04 1.63611e-04 1.45503e-04 1.27051e-04 1.07025e-04 8.51407e-05 6.26558e-05 4.19510e-05 2.51608e-05 1.32382e-05 5.96771e-06 2.21380e-06 5.98875e-07 1.00084e-07 9.23235e-09 1.85391e-10
4.501717 5.64108e-02 5.87468e-02 2.61209e-02 1.30314e-02 1.00179e-02 9.72986e-03 1.00386e-02 1.03245e-02 1.04310e-02 1.03688e-02 1.01469e-02 9.74793e-03 9.18900e-03 8.54423e-03 7.90134e-03 7.32302e-03 6.85359e-03 6.49856e-03 6.22899e-03 6.03163e-03 5.89815e-03 5.80406e-03 5.73476e-03 5.68307e-03 5.63636e-03 5.58126e-03 5.48339e-03 5.30671e-03 5.08328e-03 4.88089e-03 4.73001e-03 4.62740e-03 4.55963e-03 4.50927e-03 4.45898e-03 4.39885e-03 4.33964e-03 4.28283e-03 4.21134e-03 4.12582e-03 4.03738e-03 3.95027e-03 3.86429e-03 3.78111e-03 3.70626e-03 3.64399e-03 3.59270e-03 3.54612e-03 3.49608e-03 3.43398e-03 3.35285e-03 3.24918e-03 3.12600e-03 2.99661e-03 2.87527e-03 2.76426e-03 2.65726e-03 2.55307e-03 2.45593e-03 2.36625e-03 2.28072e-03 2.19778e-03 2.11955e-03 2.04959e-03 1.98817e-03 1.93605e-03 1.89390e-03 1.85721e-03 1.82006e-03 1.77756e-03 1.72584e-03 1.66756e-03 1.60359e-03 1.53220e-03 1.46210e-03 1.39722e-03 1.33206e-03 1.26571e-03 1.20472e-03 1.15924e-03 1.13666e-03 1.13712e-03 1.15537e-03 1.18525e-03 1.22137e-03 1.25714e-03 1.28472e-03 1.29909e-03 1.30041e-03 1.29149e-03 1.27350e-03 1.24588e-03 1.21064e-03 1.17515e-03 1.14577e-03 1.11861e-03 1.07973e-03 1.01553e-03 9.35589e-04 8.53680e-04 7.74761e-04 7.01291e-04 6.35228e-04 5.77643e-04 5.25828e-04 4.74453e-04 4.21185e-04 3.68754e-04 3.20800e-04 2.78274e-04 2.40073e-04 2.05031e-04 1.72534e-04 1.42446e-04 1.15291e-04 9.19468e-05 7.22727e-05 5.52544e-05 4.02866e-05 2.73775e-05 1.68795e-05 9.14565e-06 4.18884e-06 1.57444e-06 4.65415e-07 9.22336e-08 9.31366e-09 1.97783e-10
4.751813 5.05406e-02 5.41860e-02 2.51598e-02 1.22434e-02 8.77006e-03 8.39807e-03 8.77659e-03 9.24675e-03 9.57646e-03 9.71987e-03 9.75147e-03 9.69589e-03 9.49339e-03 9.10658e-03 8.54113e-03 7.90545e-03 7.36175e-03 6.94336e-03 6.60190e-03 6.35629e-03 6.22555e-03 6.15866e-03 6.08710e-03 5.95848e-03 5.76533e-03 5.56412e-03 5.38397e-03 5.19679e-03 4.99601e-03 4.81802e-03 4.69400e-03 4.62262e-03 4.57545e-03 4.51146e-03 4.42360e-03 4.33462e-03 4.25420e-03 4.17348e-03 4.08562e-03 3.98807e-03 3.88299e-03 3.78175e-03 3.68948e-03 3.60107e-03 3.51278e-03 3.42623e-03 3.34558e-03 3.27269e-03 3.20466e-03 3.13591e-03 3.06113e-03 2.97799e-03 2.88909e-03 2.80113e-03 2.72132e-03 2.64979e-03 2.57717e-03 2.49460e-03 2.40390e-03 2.31330e-03 2.22866e-03 2.15229e-03 2.08773e-03 2.03568e-03 1.98302e-03 1.93025e-03 1.87947e-03 1.82268e-03 1.75545e-03 1.68391e-03 1.61443e-03 1.54084e-03 1.46780e-03 1.40689e-03 1.35485e-03 1.30526e-03 1.25826e-03 1.21808e-03 1.18788e-03 1.16827e-03 1.15934e-03 1.16034e-03 1.16821e-03 1.17954e-03 1.19312e-03 1.20947e-03 1.22682e-03 1.23840e-03 1.23557e-03 1.21466e-03 1.18028e-03 1.14069e-03 1.10052e-03 1.06073e-03 1.02150e-03 9.83199e-04 9.47498e-04 9.14036e-04 8.81067e-04 8.48603e-04 8.16665e-04 7.82433e-04 7.41825e-04 6.92774e-04 6.35724e-04 5.72777e-04 5.06854e-04 4.40083e-04 3.73706e-04 3.10042e-04 2.52347e-04 2.02614e-04 1.60810e-04 1.25800e-04 9.65115e-05 7.23060e-05 5.25541e-05 3.66626e-05 2.45178e-05 1.59011e-05 9.95880e-06 5.84233e-06 3.08809e-06 1.40315e-06 4.92649e-07 1.06961e-07 1.07132e-08 2.36368e-10
5.001908 4.18766e-02 4.68186e-02 2.33901e-02 1.18641e-02 8.15246e-03 7.57625e-03 7.76423e-03 8.01958e-03 8.22527e-03 8.44526e-03 8.72966e-03 8.98131e-03 9.03616e-03 8.81490e-03 8.39329e-03 7.89826e-03 7.39957e-03 6.96983e-03 6.68889e-03 6.54838e-03 6.45933e-03 6.33637e-03 6.15669e-03 5.95173e-03 5.74871e-03 5.54807e-03 5.34857e-03 5.15412e-03 4.96768e-03 4.80941e-03 4.70504e-03 4.63119e-03 4.53144e-03 4.40132e-03 4.26846e-03 4.14059e-03 4.00949e-03 3.87529e-03 3.76569e-03 3.69684e-03 3.65058e-03 3.60567e-03 3.54757e-03 3.46678e-03 3.36823e-03 3.26799e-03 3.17634e-03 3.09179e-03 3.00814e-03 2.92254e-03 2.83821e-03 2.76092e-03 2.69411e-03 2.63717e-03 2.58675e-03 2.53944e-03 2.49345e-03 2.44762e-03 2.39893e-03 2.34275e-03 2.27600e-03 2.19767e-03 2.11034e-03 2.02859e-03 1.95991e-03 1.89055e-03 1.82195e-03 1.75023e-03 1.67812e-03 1.60971e-03 1.54355e-03 1.48524e-03 1.43590e-03 1.38917e-03 1.34302e-03 1.30020e-03 1.26316e-03 1.23262e-03 1.20832e-03 1.18932e-03 1.17480e-03 1.16496e-03 1.16001e-03 1.15871e-03 1.15923e-03 1.16027e-03 1.15954e-03 1.15324e-03 1.13955e-03 1.11945e-03 1.09451e-03 1.06523e-03 1.02740e-03 9.78806e-04 9.27467e-04 8.81569e-04 8.42346e-04 8.07798e-04 7.76175e-04 7.46895e-04 7.20009e-04 6.95368e-04 6.72324e-04 6.50333e-04 6.29573e-04 6.10277e-04 5.91116e-04 5.68094e-04 5.35662e-04 4.90489e-04 4.34303e-04 3.72103e-04 3.08290e-04 2.45436e-04 1.85656e-04 1.31518e-04 8.60622e-05 5.17669e-05 2.88857e-05 1.53503e-05 8.08977e-06 4.36140e-06 2.37659e-06 1.17063e-06 4.43126e-07 1.06922e-07 1.24116e-08 3.13203e-10
5.252004 3.57976e-02 4.15017e-02 2.19352e-02 1.15609e-02 7.76585e-03 6.93154e-03 7.02681e-03 7.27989e-03 7.49962e-03 7.69393e-03 7.84567e-03 7.91249e-03 7.94464e-03 8.03231e-03 8.12973e-03 8.05469e-03 7.76376e-03 7.41936e-03 7.15080e-03 6.95211e-03 6.74858e-03 6.48102e-03 6.15651e-03 5.82455e-03 5.53347e-03 5.29972e-03 5.09575e-03 4.88463e-03 4.67756e-03 4.51723e-03 4.40608e-03 4.30301e-03 4.18270e-03 4.05362e-03 3.93258e-03 3.82859e-03 3.74023e-03 3.66418e-03 3.60469e-03 3.57333e-03 3.56247e-03 3.54453e-03 3.50081e-03 3.43330e-03 3.35342e-03 3.26790e-03 3.17635e-03 3.07534e-03 2.96469e-03 2.85126e-03 2.74500e-03 2.65137e-03 2.56938e-03 2.49572e-03 2.42931e-03 2.37157e-03 2.32081e-03 2.27177e-03 2.22318e-03 2.17607e-03 2.12749e-03 2.07277e-03 2.01027e-03 1.94149e-03 1.86979e-03 1.80023e-03 1.73592e-03 1.67686e-03 1.62343e-03 1.57495e-03 1.53031e-03 1.48914e-03 1.45026e-03 1.41273e-03 1.37646e-03 1.34138e-03 1.30703e-03 1.27301e-03 1.23999e-03 1.21001e-03 1.18466e-03 1.16264e-03 1.14031e-03 1.11681e-03 1.09672e-03 1.08359e-03 1.07358e-03 1.05874e-03 1.03427e-03 1.00378e-03 9.76438e-04 9.54518e-04 9.29809e-04 8.95511e-04 8.53805e-04 8.10664e-04 7.69893e-04 7.33064e-04 7.00578e-04 6.72204e-04 6.47708e-04 6.26770e-04 6.08919e-04 5.93588e-04 5.80467e-04 5.69871e-04 5.61703e-04 5.54406e-04 5.45187e-04 5.31680e-04 5.12549e-04 4.85884e-04 4.49685e-04 4.03895e-04 3.51235e-04 2.96010e-04 2.42056e-04 1.91246e-04 1.43771e-04 9.98464e-05 6.13976e-05 3.20098e-05 1.37958e-05 4.76941e-06 1.16630e-06 1.66516e-07 1.36567e-08 3.16552e-10
5.502099 3.32512e-02 3.86292e-02 2.08723e-02 1.12045e-02 7.37152e-03 6.74610e-03 7.12978e-03 7.40260e-03 7.46835e-03 7.49870e-03 7.48701e-03 7.38613e-03 7.22606e-03 7.10634e-03 7.10117e-03 7.20200e-03 7.37780e-03 7.55426e-03 7.58323e-03 7.40959e-03 7.13630e-03 6.83080e-03 6.45404e-03 6.02920e-03 5.65798e-03 5.38350e-03 5.17667e-03 4.98605e-03 4.79305e-03 4.62012e-03 4.47685e-03 4.33995e-03 4.18821e-03 4.02257e-03 3.86754e-03 3.74735e-03 3.65520e-03 3.57873e-03 3.51244e-03 3.45732e-03 3.41479e-03 3.37376e-03 3.32557e-03 3.26710e-03 3.19215e-03 3.09931e-03 2.99710e-03 2.89842e-03 2.81158e-03 2.73610e-03 2.66696e-03 2.60188e-03 2.54118e-03 2.48216e-03 2.41992e-03 2.35045e-03 2.26656e-03 2.16133e-03 2.04244e-03 1.92745e-03 1.82882e-03 1.74895e-03 1.68452e-03 1.63230e-03 1.59138e-03 1.56150e-03 1.53879e-03 1.51723e-03 1.49235e-03 1.46234e-03 1.42750e-03 1.38952e-03 1.35132e-03 1.31622e-03 1.28616e-03 1.26071e-03 1.23778e-03 1.21524e-03 1.19268e-03 1.17150e-03 1.15320e-03 1.13803e-03 1.12496e-03 1.11264e-03 1.10047e-03 1.08853e-03 1.07683e-03 1.06471e-03 1.05102e-03 1.03473e-03 1.01552e-03 9.93111e-04 9.66709e-04 9.35434e-04 8.98897e-04 8.57114e-04 8.10740e-04 7.62053e-04 7.14688e-04 6.71841e-04 6.35005e-04 6.03544e-04 5.75768e-04 5.50433e-04 5.27256e-04 5.06382e-04 4.87715e-04 4.71252e-04 4.57232e-04 4.45092e-04 4.33211e-04 4.19646e-04 4.02450e-04 3.80228e-04 3.52269e-04 3.17565e-04 2.75438e-04 2.27934e-04 1.79139e-04 1.32564e-04 9.06738e-05 5.55190e-05 2.88027e-05 1.15134e-05 3.00047e-06 3.94966e-07 2.15905e-08 3.00517e-10
5.752195 3.24455e-02 3.71085e-02 1.99159e-02 1.09250e-02 7.49410e-03 7.00735e-03 7.44099e-03 7.72343e-03 7.80609e-03 7.87932e-03 7.89687e-03 7.70847e-03 7.34663e-03 6.98573e-03 6.70949e-03 6.52732e-03 6.48089e-03 6.58491e-03 6.75008e-03 6.86078e-03 6.92700e-03 6.98652e-03 6.87576e-03 6.51336e-03 6.09974e-03 5.79166e-03 5.56687e-03 5.34264e-03 5.10305e-03 4.88297e-03 4.69693e-03 4.54775e-03 4.41388e-03 4.27821e-03 4.14781e-03 4.03107e-03 3.93286e-03 3.85560e-03 3.79594e-03 3.74495e-03 3.69198e-03 3.62484e-03 3.53397e-03 3.41442e-03 3.27192e-03 3.12200e-03 2.97913e-03 2.84930e-03 2.73145e-03 2.62058e-03 2.51022e-03 2.39685e-03 2.28180e-03 2.16976e-03 2.06841e-03 1.98305e-03 1.91115e-03 1.85090e-03 1.80549e-03 1.76619e-03 1.71314e-03 1.64328e-03 1.57351e-03 1.51948e-03 1.48218e-03 1.44911e-03 1.40828e-03 1.36223e-03 1.32590e-03 1.30796e-03 1.29897e-03 1.28455e-03 1.26086e-03 1.23222e-03 1.20353e-03 1.17732e-03 1.15405e-03 1.13360e-03 1.11667e-03 1.10485e-03 1.09943e-03 1.10031e-03 1.10596e-03 1.11428e-03 1.12414e-03 1.13610e-03 1.15078e-03 1.16602e-03 1.17630e-03 1.17539e-03 1.15992e-03 1.13129e-03 1.09416e-03 1.05243e-03 1.00756e-03 9.60950e-04 9.15873e-04 8.75208e-04 8.37149e-04 7.97329e-04 7.55170e-04 7.12873e-04 6.70776e-04 6.26196e-04 5.76433e-04 5.22470e-04 4.69234e-04 4.22059e-04 3.83344e-04 3.52461e-04 3.27747e-04 3.07637e-04 2.90552e-04 2.74909e-04 2.59244e-04 2.42018e-04 2.21633e-04 1.95911e-04 1.62035e-04 1.21620e-04 8.17954e-05 4.87845e-05 2.48474e-05 9.73562e-06 2.37520e-06 2.59436e-07 1.00529e-08 1.33313e-10
6.002290 3.20823e-02 3.61404e-02 1.93558e-02 1.11327e-02 7.91394e-03 7.30458e-03 7.60506e-03 7.87793e-03 7.91762e-03 7.85261e-03 7.81392e-03 7.79447e-03 7.65813e-03 7.30801e-03 6.85827e-03 6.50059e-03 6.28736e-03 6.18745e-03 6.22211e-03 6.35595e-03 6.48525e-03 6.61285e-03 6.64991e-03 6.47484e-03 6.21222e-03 6.00378e-03 5.83014e-03 5.64312e-03 5.43937e-03 5.23698e-03 5.04479e-03 4.87277e-03 4.72367e-03 4.58909e-03 4.45219e-03 4.30210e-03 4.14344e-03 3.98937e-03 3.85004e-03 3.72782e-03 3.62083e-03 3.52499e-03 3.43416e-03 3.34437e-03 3.25448e-03 3.16346e-03 3.06845e-03 2.96430e-03 2.84709e-03 2.72053e-03 2.59612e-03 2.48158e-03 2.37348e-03 2.26920e-03 2.17144e-03 2.07988e-03 1.98907e-03 1.88408e-03 1.75507e-03 1.61767e-03 1.49255e-03 1.39100e-03 1.31951e-03 1.27750e-03 1.25494e-03 1.24106e-03 1.23075e-03 1.22237e-03 1.21460e-03 1.20641e-03 1.19723e-03 1.18572e-03 1.17007e-03 1.15014e-03 1.12753e-03 1.10201e-03 1.07294e-03 1.04618e-03 1.02986e-03 1.02562e-03 1.03070e-03 1.04228e-03 1.05812e-03 1.07656e-03 1.09668e-03 1.11750e-03 1.13666e-03 1.15023e-03 1.15483e-03 1.15065e-03 1.14214e-03 1.13590e-03 1.13630e-03 1.14068e-03 1.13850e-03 1.12030e-03 1.09107e-03 1.06270e-03 1.03766e-03 1.01046e-03 9.73677e-04 9.21759e-04 8.53840e-04 7.73811e-04 6.88415e-04 6.04730e-04 5.27827e-04 4.60010e-04 4.01649e-04 3.52132e-04 3.10308e-04 2.74749e-04 2.44156e-04 2.17720e-04 1.95090e-04 1.75873e-04 1.59037e-04 1.42917e-04 1.25312e-04 1.03300e-04 7.61614e-05 4.82046e-05 2.51812e-05 9.92858e-06 2.41763e-06 2.68636e-07 1.16325e-08 1.72219e-10
6.252385 3.15813e-02 3.46910e-02 1.83991e-02 1.07121e-02 7.69197e-03 7.29096e-03 7.69772e-03 7.84407e-03 7.62887e-03 7.32719e-03 7.22787e-03 7.38490e-03 7.47789e-03 7.29356e-03 7.00458e-03 6.81737e-03 6.71020e-03 6.54999e-03 6.37518e-03 6.32229e-03 6.31510e-03 6.30145e-03 6.27665e-03 6.14215e-03 5.89751e-03 5.66758e-03 5.52168e-03 5.46301e-03 5.46252e-03 5.49269e-03 5.49541e-03 5.41154e-03 5.22865e-03 4.97281e-03 4.69328e-03 4.43741e-03 4.22382e-03 4.04471e-03 3.89393e-03 3.76996e-03 3.66075e-03 3.54992e-03 3.43178e-03 3.31098e-03 3.19539e-03 3.09683e-03 3.02439e-03 2.97103e-03 2.92171e-03 2.87005e-03 2.81449e-03 2.74991e-03 2.66790e-03 2.55987e-03 2.42270e-03 2.26020e-03 2.07587e-03 1.88428e-03 1.71246e-03 1.57634e-03 1.47599e-03 1.40361e-03 1.34857e-03 1.30061e-03 1.25341e-03 1.20547e-03 1.15807e-03 1.11365e-03 1.07466e-03 1.04288e-03 1.01896e-03 1.00228e-03 9.91567e-04 9.85568e-04 9.83328e-04 9.84087e-04 9.87034e-04 9.90982e-04 9.94559e-04 9.97195e-04 9.99395e-04 1.00161e-03 1.00425e-03 1.00861e-03 1.01601e-03 1.02596e-03 1.03564e-03 1.04302e-03 1.05055e-03 1.06156e-03 1.07228e-03 1.07238e-03 1.05754e-03 1.03704e-03 1.02298e-03 1.01883e-03 1.02060e-03 1.02080e-03 1.01196e-03 9.90273e-04 9.55904e-04 9.11467e-04 8.60651e-04 8.07002e-04 7.53020e-04 6.99487e-04 6.45421e-04 5.88974e-04 5.28839e-04 4.65424e-04 4.01114e-04 3.39389e-04 2.83400e-04 2.35040e-04 1.94720e-04 1.61554e-04 1.34131e-04 1.11206e-04 9.16761e-05 7.42815e-05 5.75565e-05 4.05060e-05 2.38882e-05 1.04309e-05 2.78275e-06 3.63526e-07 2.27174e-08 4.11858e-10
6.502481 3.08035e-02 3.32270e-02 1.70565e-02 9.90508e-03 7.50587e-03 7.19985e-03 7.49238e-03 7.70969e-03 7.57882e-03 7.18883e-03 6.90205e-03 6.92056e-03 7.07830e-03 7.18361e-03 7.26754e-03 7.37458e-03 7.36622e-03 7.11530e-03 6.78434e-03 6.55321e-03 6.43492e-03 6.39751e-03 6.33770e-03 6.08803e-03 5.69603e-03 5.35126e-03 5.12620e-03 5.01692e-03 5.03794e-03 5.17914e-03 5.36819e-03 5.50588e-03 5.51209e-03 5.35750e-03 5.08305e-03 4.77041e-03 4.48366e-03 4.25112e-03 4.07484e-03 3.94073e-03 3.83803e-03 3.76068e-03 3.69145e-03 3.61002e-03 3.51520e-03 3.42265e-03 3.34081e-03 3.26427e-03 3.18428e-03 3.09224e-03 2.98460e-03 2.86264e-03 2.73000e-03 2.59079e-03 2.44370e-03 2.27558e-03 2.08015e-03 1.88934e-03 1.74307e-03 1.64281e-03 1.56854e-03 1.50508e-03 1.44471e-03 1.38411e-03 1.32364e-03 1.26604e-03 1.21396e-03 1.16824e-03 1.12796e-03 1.09177e-03 1.05922e-03 1.03095e-03 1.00777e-03 9.90011e-04 9.77695e-04 9.71923e-04 9.75063e-04 9.85901e-04 9.96387e-04 1.00051e-03 1.00071e-03 1.00098e-03 1.00086e-03 9.97869e-04 9.92646e-04 9.88442e-04 9.85480e-04 9.80158e-04 9.69629e-04 9.52657e-04 9.28777e-04 9.02457e-04 8.81340e-04 8.67768e-04 8.59351e-04 8.52367e-04 8.43134e-04 8.29073e-04 8.08921e-04 7.82813e-04 7.52454e-04 7.20850e-04 6.91192e-04 6.65808e-04 6.46302e-04 6.33659e-04 6.26594e-04 6.20234e-04 6.07586e-04 5.82152e-04 5.40462e-04 4.83678e-04 4.16723e-04 3.45903e-04 2.77097e-04 2.14190e-04 1.59585e-04 1.15666e-04 8.31517e-05 6.00398e-05 4.31384e-05 2.96816e-05 1.81145e-05 8.59562e-06 2.62086e-06 4.33547e-07 3.84619e-08 8.42038e-10
6.752576 3.00997e-02 3.21884e-02 1.61605e-02 9.55077e-03 7.66928e-03 7.37817e-03 7.48794e-03 7.63325e-03 7.63145e-03 7.43796e-03 7.18162e-03 7.05749e-03 7.19399e-03 7.51017e-03 7.77951e-03 7.83573e-03 7.70908e-03 7.59498e-03 7.50881e-03 7.35218e-03 7.16609e-03 6.97911e-03 6.72598e-03 6.44547e-03 6.14029e-03 5.78190e-03 5.43097e-03 5.15238e-03 4.93612e-03 4.76238e-03 4.67840e-03 4.72038e-03 4.84014e-03 4.96105e-03 5.03647e-03 5.04452e-03 4.97976e-03 4.85857e-03 4.70531e-03 4.53613e-03 4.35826e-03 4.17892e-03 4.01264e-03 3.87132e-03 3.75205e-03 3.64707e-03 3.54423e-03 3.41304e-03 3.24933e-03 3.07728e-03 2.91309e-03 2.76035e-03 2.61671e-03 2.47945e-03 2.34386e-03 2.20514e-03 2.07351e-03 1.97391e-03 1.91163e-03 1.86398e-03 1.81071e-03 1.74745e-03 1.67767e-03 1.60634e-03 1.53870e-03 1.47873e-03 1.42781e-03 1.38541e-03 1.35005e-03 1.31934e-03 1.28959e-03 1.25758e-03 1.22420e-03 1.19427e-03 1.16795e-03 1.13722e-03 1.10063e-03 1.06957e-03 1.05217e-03 1.04510e-03 1.04128e-03 1.03678e-03 1.03097e-03 1.02398e-03 1.01486e-03 1.00208e-03 9.85439e-04 9.66598e-04 9.45996e-04 9.20551e-04 8.89041e-04 8.57077e-04 8.29627e-04 8.06120e-04 7.85382e-04 7.65925e-04 7.46195e-04 7.25118e-04 7.01548e-04 6.74682e-04 6.44527e-04 6.11817e-04 5.77886e-04 5.44952e-04 5.16369e-04 4.95393e-04 4.83368e-04 4.79804e-04 4.83221e-04 4.90344e-04 4.94691e-04 4.88189e-04 4.65579e-04 4.26662e-04 3.75104e-04 3.16378e-04 2.54182e-04 1.90963e-04 1.32754e-04 8.57996e-05 5.19970e-05 2.95959e-05 1.53539e-05 6.56825e-06 1.95990e-06 3.58493e-07 3.90789e-08 9.77211e-10
7.002672 2.90043e-02 3.07124e-02 1.53472e-02 9.39952e-03 7.89606e-03 7.59456e-03 7.44077e-03 7.33263e-03 7.32998e-03 7.36987e-03 7.37584e-03 7.38267e-03 7.52328e-03 7.83973e-03 8.11477e-03 8.11190e-03 7.98768e-03 7.94576e-03 7.92807e-03 7.85155e-03 7.66952e-03 7.35856e-03 6.97504e-03 6.61614e-03 6.34252e-03 6.13542e-03 5.92228e-03 5.63093e-03 5.27876e-03 4.96649e-03 4.76154e-03 4.65126e-03 4.59641e-03 4.59398e-03 4.66523e-03 4.78438e-03 4.84331e-03 4.73615e-03 4.49669e-03 4.25961e-03 4.09806e-03 3.99665e-03 3.91956e-03 3.84575e-03 3.76487e-03 3.67025e-03 3.55766e-03 3.41529e-03 3.24226e-03 3.05961e-03 2.88949e-03 2.74094e-03 2.61292e-03 2.50028e-03 2.39726e-03 2.30271e-03 2.22753e-03 2.18681e-03 2.16918e-03 2.14189e-03 2.09345e-03 2.03477e-03 1.97530e-03 1.91758e-03 1.86249e-03 1.81133e-03 1.76335e-03 1.71544e-03 1.66492e-03 1.61120e-03 1.55559e-03 1.50005e-03 1.44427e-03 1.38582e-03 1.32564e-03 1.26949e-03 1.22224e-03 1.18389e-03 1.15140e-03 1.12271e-03 1.09861e-03 1.08174e-03 1.07383e-03 1.07332e-03 1.07547e-03 1.07476e-03 1.06730e-03 1.05138e-03 1.02647e-03 9.92615e-04 9.51974e-04 9.09525e-04 8.68175e-04 8.26366e-04 7.83700e-04 7.40922e-04 6.97831e-04 6.54815e-04 6.12991e-04 5.73274e-04 5.36248e-04 5.02450e-04 4.72264e-04 4.46011e-04 4.24227e-04 4.07125e-04 3.93911e-04 3.83447e-04 3.75358e-04 3.70376e-04 3.69401e-04 3.70584e-04 3.67796e-04 3.54342e-04 3.27808e-04 2.90684e-04 2.47943e-04 2.03823e-04 1.58968e-04 1.14161e-04 7.41185e-05 4.29180e-05 2.11543e-05 7.89991e-06 1.86355e-06 2.47250e-07 2.27791e-08 6.05935e-10
7.252767 2.67315e-02 2.83812e-02 1.43140e-02 8.91106e-03 7.64286e-03 7.38856e-03 7.13018e-03 6.89384e-03 6.86382e-03 7.01872e-03 7.24801e-03 7.49640e-03 7.76693e-03 8.00122e-03 8.04223e-03 7.92503e-03 7.91570e-03 7.97900e-03 7.90123e-03 7.70323e-03 7.48077e-03 7.25795e-03 7.02526e-03 6.75240e-03 6.41477e-03 6.05938e-03 5.76575e-03 5.55453e-03 5.37312e-03 5.15795e-03 4.91022e-03 4.68877e-03 4.52108e-03 4.40064e-03 4.33208e-03 4.31428e-03 4.32260e-03 4.32173e-03 4.27256e-03 4.16052e-03 4.01170e-03 3.85254e-03 3.69324e-03 3.54104e-03 3.40533e-03 3.29609e-03 3.22070e-03 3.17282e-03 3.12753e-03 3.06403e-03 2.97963e-03 2.88885e-03 2.80900e-03 2.74565e-03 2.69362e-03 2.64774e-03 2.61121e-03 2.58315e-03 2.54558e-03 2.49106e-03 2.43165e-03 2.37571e-03 2.32163e-03 2.26373e-03 2.19647e-03 2.11755e-03 2.02926e-03 1.93603e-03 1.84147e-03 1.74774e-03 1.65629e-03 1.56928e-03 1.49057e-03 1.42395e-03 1.37040e-03 1.32721e-03 1.28956e-03 1.25323e-03 1.21713e-03 1.18287e-03 1.15243e-03 1.12680e-03 1.10659e-03 1.09267e-03 1.08540e-03 1.08305e-03 1.08125e-03 1.07406e-03 1.05592e-03 1.02355e-03 9.76877e-04 9.19386e-04 8.56427e-04 7.92094e-04 7.30365e-04 6.75318e-04 6.27676e-04 5.85693e-04 5.47390e-04 5.11176e-04 4.76020e-04 4.41903e-04 4.10117e-04 3.82552e-04 3.60363e-04 3.43438e-04 3.30735e-04 3.20831e-04 3.12396e-04 3.04508e-04 2.97029e-04 2.90403e-04 2.83827e-04 2.73802e-04 2.56146e-04 2.29524e-04 1.96365e-04 1.60922e-04 1.26838e-04 9.54561e-05 6.64159e-05 4.08078e-05 2.09461e-05 8.05187e-06 1.89581e-06 2.21186e-07 1.43578e-08 3.07689e-10
7.502862 2.41769e-02 2.60167e-02 1.33352e-02 8.41526e-03 7.29250e-03 7.08700e-03 6.90691e-03 6.77149e-03 6.82218e-03 7.03547e-03 7.30219e-03 7.55042e-03 7.77518e-03 7.94684e-03 8.00869e-03 7.98766e-03 7.95782e-03 7.89373e-03 7.75633e-03 7.61050e-03 7.49469e-03 7.31318e-03 6.97743e-03 6.56090e-03 6.17780e-03 5.85740e-03 5.56718e-03 5.27848e-03 4.99976e-03 4.76514e-03 4.59825e-03 4.48751e-03 4.40358e-03 4.32991e-03 4.26588e-03 4.21191e-03 4.15984e-03 4.10324e-03 4.04991e-03 4.00388e-03 3.94292e-03 3.84470e-03 3.71665e-03 3.57901e-03 3.45142e-03 3.35142e-03 3.28408e-03 3.24223e-03 3.21586e-03 3.19252e-03 3.15925e-03 3.10780e-03 3.03920e-03 2.96157e-03 2.88313e-03 2.80968e-03 2.74916e-03 2.70315e-03 2.65620e-03 2.60316e-03 2.54997e-03 2.49431e-03 2.42955e-03 2.35213e-03 2.26296e-03 2.16516e-03 2.06242e-03 1.95863e-03 1.85728e-03 1.76075e-03 1.67059e-03 1.58814e-03 1.51450e-03 1.44980e-03 1.39255e-03 1.33969e-03 1.28793e-03 1.23609e-03 1.18621e-03 1.14093e-03 1.10010e-03 1.06190e-03 1.02712e-03 9.99548e-04 9.81437e-04 9.71730e-04 9.67473e-04 9.64180e-04 9.56000e-04 9.38110e-04 9.09093e-04 8.70391e-04 8.24836e-04 7.75556e-04 7.24951e-04 6.75172e-04 6.27550e-04 5.81908e-04 5.37915e-04 4.95984e-04 4.57014e-04 4.21821e-04 3.90848e-04 3.64102e-04 3.41152e-04 3.21372e-04 3.04455e-04 2.90526e-04 2.79412e-04 2.70105e-04 2.61318e-04 2.52159e-04 2.41857e-04 2.28961e-04 2.11349e-04 1.87628e-04 1.58633e-04 1.27374e-04 9.73812e-05 7.09793e-05 4.87702e-05 3.05000e-05 1.62498e-05 6.60624e-06 1.73843e-06 2.55640e-07 2.10157e-08 4.36622e-10
7.752958 2.19898e-02 2.43018e-02 1.28500e-02 8.30560e-03 7.28255e-03 7.15980e-03 7.16908e-03 7.23535e-03 7.35147e-03 7.47355e-03 7.58573e-03 7.71851e-03 7.89325e-03 8.06953e-03 8.13227e-03 8.03934e-03 7.93042e-03 7.94177e-03 8.00982e-03 7.95382e-03 7.68150e-03 7.27034e-03 6.83027e-03 6.41113e-03 6.01956e-03 5.65615e-03 5.35813e-03 5.15041e-03 4.99513e-03 4.83825e-03 4.65904e-03 4.47539e-03 4.32062e-03 4.21232e-03 4.14075e-03 4.08638e-03 4.03697e-03 3.98541e-03 3.92746e-03 3.86814e-03 3.81945e-03 3.78491e-03 3.74748e-03 3.68499e-03 3.59469e-03 3.48989e-03 3.38781e-03 3.29973e-03 3.22607e-03 3.16377e-03 3.10847e-03 3.05320e-03 2.99201e-03 2.92591e-03 2.86106e-03 2.79978e-03 2.73895e-03 2.67656e-03 2.60821e-03 2.52919e-03 2.44766e-03 2.36964e-03 2.29213e-03 2.21205e-03 2.12892e-03 2.04389e-03 1.95921e-03 1.87789e-03 1.80298e-03 1.73610e-03 1.67612e-03 1.61940e-03 1.56157e-03 1.49916e-03 1.43094e-03 1.35898e-03 1.28810e-03 1.22354e-03 1.16827e-03 1.12243e-03 1.08450e-03 1.05187e-03 1.02164e-03 9.94141e-04 9.72839e-04 9.59061e-04 9.50561e-04 9.44179e-04 9.37409e-04 9.27598e-04 9.11293e-04 8.85446e-04 8.48997e-04 8.03823e-04 7.54257e-04 7.04764e-04 6.58050e-04 6.14886e-04 5.74921e-04 5.37605e-04 5.02572e-04 4.69673e-04 4.38907e-04 4.10287e-04 3.83719e-04 3.59068e-04 3.36416e-04 3.16096e-04 2.98238e-04 2.82258e-04 2.67010e-04 2.51453e-04 2.34758e-04 2.15832e-04 1.93377e-04 1.66836e-04 1.37199e-04 1.06840e-04 7.85370e-05 5.44084e-05 3.53334e-05 2.11019e-05 1.10830e-05 4.73663e-06 1.48131e-06 3.05579e-07 3.50472e-08 8.18890e-10
8.003053 2.09015e-02 2.35895e-02 1.27908e-02 8.45275e-03 7.51238e-03 7.57248e-03 7.89618e-03 8.17022e-03 8.21474e-03 8.09007e-03 7.97419e-03 7.97551e-03 8.04400e-03 8.04673e-03 7.98068e-03 7.99107e-03 8.15906e-03 8.38116e-03 8.46018e-03 8.27942e-03 7.85835e-03 7.32981e-03 6.85665e-03 6.49401e-03 6.20155e-03 5.96610e-03 5.75243e-03 5.50507e-03 5.21918e-03 4.93400e-03 4.69160e-03 4.50866e-03 4.37557e-03 4.27227e-03 4.17338e-03 4.05260e-03 3.90562e-03 3.76226e-03 3.66174e-03 3.61617e-03 3.60162e-03 3.58430e-03 3.54747e-03 3.49098e-03 3.42191e-03 3.34899e-03 3.28042e-03 3.22198e-03 3.17157e-03 3.11966e-03 3.05669e-03 2.98146e-03 2.90203e-03 2.82546e-03 2.75002e-03 2.67058e-03 2.58831e-03 2.50988e-03 2.43893e-03 2.37142e-03 2.30057e-03 2.22824e-03 2.16190e-03 2.10333e-03 2.04944e-03 1.99678e-03 1.94389e-03 1.89197e-03 1.84429e-03 1.80441e-03 1.77292e-03 1.74440e-03 1.70946e-03 1.66071e-03 1.59637e-03 1.52008e-03 1.43860e-03 1.35803e-03 1.28172e-03 1.21126e-03 1.14789e-03 1.09266e-03 1.04627e-03 1.00927e-03 9.82131e-04 9.64121e-04 9.53007e-04 9.46806e-04 9.45278e-04 9.48500e-04 9.53996e-04 9.56393e-04 9.49913e-04 9.30469e-04 8.96281e-04 8.48561e-04 7.91839e-04 7.32313e-04 6.75244e-04 6.23381e-04 5.77166e-04 5.35912e-04 4.98808e-04 4.65145e-04 4.34196e-04 4.05476e-04 3.79297e-04 3.56667e-04 3.38064e-04 3.22396e-04 3.07460e-04 2.90898e-04 2.70677e-04 2.45547e-04 2.15552e-04 1.82072e-04 1.47285e-04 1.13427e-04 8.23287e-05 5.54617e-05 3.40603e-05 1.87275e-05 9.02971e-06 3.73148e-06 1.28594e-06 3.31752e-07 4.59171e-08 1.16071e-09
8.253149 2.00333e-02 2.30998e-02 1.28532e-02 8.62650e-03 7.80494e-03 8.23513e-03 8.95521e-03 9.26406e-03 8.99131e-03 8.54640e-03 8.25776e-03 8.06521e-03 7.86672e-03 7.75599e-03 7.83319e-03 8.05334e-03 8.28665e-03 8.41085e-03 8.36069e-03 8.13789e-03 7.81383e-03 7.49454e-03 7.21351e-03 6.94955e-03 6.70561e-03 6.45623e-03 6.16710e-03 5.83633e-03 5.49645e-03 5.18488e-03 4.90819e-03 4.64678e-03 4.37931e-03 4.11231e-03 3.88838e-03 3.74907e-03 3.69392e-03 3.68323e-03 3.67329e-03 3.64902e-03 3.62119e-03 3.59671e-03 3.56985e-03 3.53208e-03 3.47126e-03 3.37249e-03 3.24081e-03 3.11658e-03 3.03524e-03 2.98174e-03 2.92212e-03 2.84688e-03 2.76332e-03 2.67864e-03 2.59881e-03 2.52887e-03 2.46822e-03 2.41007e-03 2.34805e-03 2.28265e-03 2.22152e-03 2.17216e-03 2.13673e-03 2.11516e-03 2.10631e-03 2.10599e-03 2.10654e-03 2.09759e-03 2.06992e-03 2.02108e-03 1.95837e-03 1.89618e-03 1.84663e-03 1.80561e-03 1.75378e-03 1.68016e-03 1.59174e-03 1.50009e-03 1.41199e-03 1.33052e-03 1.25778e-03 1.19512e-03 1.14373e-03 1.10522e-03 1.07865e-03 1.06054e-03 1.04737e-03 1.03566e-03 1.02259e-03 1.00749e-03 9.90894e-04 9.72035e-04 9.48853e-04 9.20039e-04 8.86135e-04 8.49516e-04 8.13289e-04 7.79937e-04 7.50399e-04 7.23765e-04 6.97882e-04 6.70108e-04 6.38076e-04 6.00868e-04 5.60153e-04 5.19730e-04 4.83173e-04 4.51877e-04 4.25049e-04 4.00710e-04 3.76473e-04 3.50228e-04 3.20970e-04 2.89214e-04 2.56475e-04 2.24213e-04 1.93165e-04 1.63383e-04 1.34472e-04 1.05748e-04 7.68355e-05 4.88852e-05 2.51846e-05 9.46299e-06 2.36058e-06 4.09856e-07 4.75652e-08 1.11693e-09
8.503244 1.90604e-02 2.24587e-02 1.27966e-02 8.77169e-03 8.22700e-03 9.00331e-03 9.77478e-03 9.83686e-03 9.33542e-03 8.71687e-03 8.21541e-03 7.89339e-03 7.75906e-03 7.77875e-03 7.87507e-03 7.95119e-03 7.96083e-03 7.91295e-03 7.80919e-03 7.66063e-03 7.53928e-03 7.49910e-03 7.48356e-03 7.40780e-03 7.25152e-03 7.04432e-03 6.79695e-03 6.47822e-03 6.06141e-03 5.56558e-03 5.04641e-03 4.57775e-03 4.23004e-03 4.03312e-03 3.96319e-03 3.97002e-03 4.00696e-03 4.04071e-03 4.04914e-03 4.01872e-03 3.94454e-03 3.83477e-03 3.70571e-03 3.57235e-03 3.45701e-03 3.36570e-03 3.26318e-03 3.12909e-03 2.98789e-03 2.86563e-03 2.76766e-03 2.69057e-03 2.63091e-03 2.58331e-03 2.53994e-03 2.49581e-03 2.45231e-03 2.41369e-03 2.38107e-03 2.35153e-03 2.32238e-03 2.29474e-03 2.27329e-03 2.26143e-03 2.25515e-03 2.24612e-03 2.23219e-03 2.21781e-03 2.20445e-03 2.18534e-03 2.15056e-03 2.09697e-03 2.03343e-03 1.97352e-03 1.91906e-03 1.85835e-03 1.78319e-03 1.69666e-03 1.60704e-03 1.52124e-03 1.44268e-03 1.37389e-03 1.31841e-03 1.27736e-03 1.24738e-03 1.22370e-03 1.20174e-03 1.17678e-03 1.14493e-03 1.10498e-03 1.05896e-03 1.01033e-03 9.61397e-04 9.12773e-04 8.65645e-04 8.21891e-04 7.82200e-04 7.46743e-04 7.15610e-04 6.88479e-04 6.64821e-04 6.44192e-04 6.26392e-04 6.11460e-04 5.99353e-04 5.89428e-04 5.79999e-04 5.68279e-04 5.50990e-04 5.25623e-04 4.91696e-04 4.51116e-04 4.07279e-04 3.63559e-04 3.22100e-04 2.83488e-04 2.47314e-04 2.12984e-04 1.80026e-04 1.47772e-04 1.15231e-04 8.19193e-05 4.94502e-05 2.25784e-05 6.54590e-06 9.79921e-07 6.79312e-08 9.40286e-10
8.753340 1.77971e-02 2.15251e-02 1.27341e-02 9.09281e-03 8.74882e-03 9.48848e-03 1.00137e-02 9.85647e-03 9.22940e-03 8.55708e-03 8.12017e-03 7.94323e-03 7.90547e-03 7.90379e-03 7.87735e-03 7.78754e-03 7.63921e-03 7.49087e-03 7.38916e-03 7.32067e-03 7.28741e-03 7.31537e-03 7.39099e-03 7.46808e-03 7.49670e-03 7.42569e-03 7.21612e-03 6.86140e-03 6.39149e-03 5.86334e-03 5.34902e-03 4.92187e-03 4.63064e-03 4.48048e-03 4.43686e-03 4.44067e-03 4.43473e-03 4.39837e-03 4.33677e-03 4.24302e-03 4.10054e-03 3.91737e-03 3.72996e-03 3.56253e-03 3.41227e-03 3.27117e-03 3.13932e-03 3.02622e-03 2.93806e-03 2.87274e-03 2.82522e-03 2.78916e-03 2.75782e-03 2.72791e-03 2.70142e-03 2.68157e-03 2.66842e-03 2.65978e-03 2.65437e-03 2.65177e-03 2.64745e-03 2.63499e-03 2.61309e-03 2.58416e-03 2.55341e-03 2.52727e-03 2.50829e-03 2.49304e-03 2.47502e-03 2.44813e-03 2.40823e-03 2.35354e-03 2.28600e-03 2.21286e-03 2.14340e-03 2.08040e-03 2.01922e-03 1.95586e-03 1.89083e-03 1.82566e-03 1.76051e-03 1.69684e-03 1.63901e-03 1.59068e-03 1.55101e-03 1.51456e-03 1.47269e-03 1.41635e-03 1.34102e-03 1.24973e-03 1.15094e-03 1.05290e-03 9.61498e-04 8.83630e-04 8.23420e-04 7.77605e-04 7.41667e-04 7.13487e-04 6.91915e-04 6.75512e-04 6.62433e-04 6.50822e-04 6.39153e-04 6.26343e-04 6.11685e-04 5.94752e-04 5.75430e-04 5.53992e-04 5.31055e-04 5.07399e-04 4.83737e-04 4.60312e-04 4.36056e-04 4.07678e-04 3.70100e-04 3.20048e-04 2.60665e-04 2.00523e-04 1.47546e-04 1.05282e-04 7.36288e-05 5.04855e-05 3.24534e-05 1.71297e-05 6.05724e-06 1.17703e-06 1.05266e-07 1.57984e-09
9.003435 1.67789e-02 2.08470e-02 1.28688e-02 9.50908e-03 9.06756e-03 9.53493e-03 9.82226e-03 9.56478e-03 8.98753e-03 8.48690e-03 8.21276e-03 8.06187e-03 7.92401e-03 7.78634e-03 7.67175e-03 7.55858e-03 7.39555e-03 7.19343e-03 7.02362e-03 6.94156e-03 6.97611e-03 7.14057e-03 7.38284e-03 7.57329e-03 7.59167e-03 7.40552e-03 7.05708e-03 6.62798e-03 6.21027e-03 5.86852e-03 5.61876e-03 5.43230e-03 5.26204e-03 5.07119e-03 4.86191e-03 4.67965e-03 4.55085e-03 4.44897e-03 4.33563e-03 4.19509e-03 4.03465e-03 3.87182e-03 3.71997e-03 3.58618e-03 3.47528e-03 3.38862e-03 3.32339e-03 3.27425e-03 3.23430e-03 3.19726e-03 3.16083e-03 3.12931e-03 3.11109e-03 3.11083e-03 3.12445e-03 3.13797e-03 3.13399e-03 3.11293e-03 3.09095e-03 3.07414e-03 3.05362e-03 3.02171e-03 2.98243e-03 2.94426e-03 2.91105e-03 2.88224e-03 2.85621e-03 2.83102e-03 2.80306e-03 2.76631e-03 2.71497e-03 2.64870e-03 2.57358e-03 2.49596e-03 2.41911e-03 2.34601e-03 2.28055e-03 2.22606e-03 2.18183e-03 2.14001e-03 2.08886e-03 2.02121e-03 1.94169e-03 1.86444e-03 1.79939e-03 1.74341e-03 1.68580e-03 1.61220e-03 1.51131e-03 1.38211e-03 1.23259e-03 1.08363e-03 9.63681e-04 8.82148e-04 8.27048e-04 7.85903e-04 7.51998e-04 7.21768e-04 6.93191e-04 6.65274e-04 6.37668e-04 6.10257e-04 5.82943e-04 5.55698e-04 5.28745e-04 5.02663e-04 4.78367e-04 4.56958e-04 4.39436e-04 4.26284e-04 4.17290e-04 4.11805e-04 4.07921e-04 3.98923e-04 3.73003e-04 3.23502e-04 2.57481e-04 1.89231e-04 1.29832e-04 8.40185e-05 5.17807e-05 3.05770e-05 1.70793e-05 8.41687e-06 3.15925e-06 7.68234e-07 9.50304e-08 1.98066e-09
9.253530 1.62495e-02 2.06445e-02 1.31097e-02 9.76038e-03 9.08805e-03 9.32360e-03 9.47474e-03 9.21214e-03 8.74861e-03 8.36459e-03 8.09246e-03 7.86361e-03 7.67933e-03 7.54630e-03 7.41352e-03 7.22420e-03 6.98617e-03 6.77772e-03 6.67068e-03 6.66755e-03 6.75902e-03 6.97655e-03 7.29545e-03 7.55958e-03 7.60023e-03 7.37720e-03 6.97291e-03 6.53264e-03 6.18230e-03 5.94630e-03 5.77444e-03 5.61466e-03 5.43532e-03 5.22102e-03 4.97744e-03 4.73073e-03 4.50971e-03 4.33371e-03 4.20013e-03 4.08102e-03 3.96007e-03 3.85116e-03 3.77048e-03 3.72132e-03 3.69552e-03 3.67693e-03 3.65177e-03 3.61903e-03 3.58862e-03 3.56972e-03 3.56228e-03 3.55193e-03 3.52133e-03 3.47810e-03 3.44738e-03 3.44048e-03 3.44496e-03 3.43555e-03 3.39555e-03 3.33389e-03 3.27555e-03 3.23579e-03 3.21119e-03 3.19041e-03 3.16375e-03 3.12547e-03 3.07445e-03 3.01376e-03 2.94819e-03 2.88166e-03 2.81575e-03 2.75012e-03 2.68478e-03 2.62235e-03 2.56761e-03 2.52510e-03 2.49635e-03 2.47753e-03 2.45947e-03 2.42928e-03 2.37170e-03 2.27280e-03 2.13217e-03 1.97668e-03 1.84393e-03 1.74081e-03 1.64866e-03 1.55697e-03 1.45889e-03 1.34490e-03 1.21308e-03 1.07701e-03 9.54904e-04 8.56749e-04 7.82749e-04 7.27289e-04 6.83928e-04 6.47530e-04 6.14456e-04 5.82571e-04 5.51197e-04 5.20686e-04 4.91769e-04 4.65115e-04 4.41273e-04 4.20783e-04 4.04185e-04 3.91780e-04 3.83271e-04 3.77867e-04 3.75291e-04 3.75983e-04 3.77572e-04 3.71230e-04 3.46697e-04 3.01957e-04 2.44323e-04 1.83968e-04 1.28946e-04 8.39164e-05 5.04736e-05 2.78487e-05 1.38401e-05 5.92323e-06 2.01913e-06 4.94904e-07 6.63218e-08 1.56141e-09
9.503626 1.62372e-02 2.08854e-02 1.34374e-02 9.95472e-03 9.04242e-03 9.06328e-03 9.11560e-03 8.90336e-03 8.52275e-03 8.13269e-03 7.80774e-03 7.57646e-03 7.44171e-03 7.35049e-03 7.22462e-03 7.03191e-03 6.79624e-03 6.60185e-03 6.55186e-03 6.63595e-03 6.78429e-03 6.98545e-03 7.21203e-03 7.35853e-03 7.33173e-03 7.14049e-03 6.86435e-03 6.57469e-03 6.30608e-03 6.06278e-03 5.83225e-03 5.60153e-03 5.37329e-03 5.16770e-03 4.99431e-03 4.83704e-03 4.68433e-03 4.53597e-03 4.38520e-03 4.23294e-03 4.08763e-03 3.95467e-03 3.84005e-03 3.74760e-03 3.67812e-03 3.63389e-03 3.61623e-03 3.61271e-03 3.60318e-03 3.58480e-03 3.56919e-03 3.56161e-03 3.55498e-03 3.54199e-03 3.52612e-03 3.51477e-03 3.50598e-03 3.48974e-03 3.46448e-03 3.44086e-03 3.42387e-03 3.40582e-03 3.37934e-03 3.34533e-03 3.30683e-03 3.26273e-03 3.20848e-03 3.13949e-03 3.05342e-03 2.95235e-03 2.84480e-03 2.74477e-03 2.66553e-03 2.61286e-03 2.58395e-03 2.57181e-03 2.56955e-03 2.57143e-03 2.57165e-03 2.56137e-03 2.52425e-03 2.43400e-03 2.26729e-03 2.03808e-03 1.80730e-03 1.62503e-03 1.48899e-03 1.38074e-03 1.29237e-03 1.21963e-03 1.15093e-03 1.06482e-03 9.52271e-04 8.30972e-04 7.26727e-04 6.50439e-04 5.97395e-04 5.58798e-04 5.27959e-04 5.00835e-04 4.75413e-04 4.51200e-04 4.28724e-04 4.08939e-04 3.92683e-04 3.80379e-04 3.71918e-04 3.66517e-04 3.62696e-04 3.58891e-04 3.54266e-04 3.48032e-04 3.37568e-04 3.18862e-04 2.89856e-04 2.52144e-04 2.09293e-04 1.64902e-04 1.22189e-04 8.40674e-05 5.28083e-05 2.95715e-05 1.42455e-05 5.61304e-06 1.70557e-06 3.74676e-07 4.68753e-08 1.09197e-09
9.753721 1.70313e-02 2.18310e-02 1.40680e-02 1.03702e-02 9.20600e-03 9.03209e-03 9.01069e-03 8.78249e-03 8.34980e-03 7.89292e-03 7.56962e-03 7.43237e-03 7.43309e-03 7.43860e-03 7.33078e-03 7.10095e-03 6.84725e-03 6.70356e-03 6.70903e-03 6.79896e-03 6.90516e-03 6.99709e-03 7.05125e-03 7.03287e-03 6.90727e-03 6.67131e-03 6.38836e-03 6.16207e-03 6.04287e-03 5.99726e-03 5.96123e-03 5.88100e-03 5.73626e-03 5.54368e-03 5.33383e-03 5.12340e-03 4.90650e-03 4.67480e-03 4.43685e-03 4.21440e-03 4.02803e-03 3.88767e-03 3.78904e-03 3.71562e-03 3.65317e-03 3.60275e-03 3.56624e-03 3.53725e-03 3.51150e-03 3.49000e-03 3.47756e-03 3.47981e-03 3.49057e-03 3.49766e-03 3.50544e-03 3.52126e-03 3.53600e-03 3.53595e-03 3.51551e-03 3.47984e-03 3.44284e-03 3.41560e-03 3.39703e-03 3.37906e-03 3.35448e-03 3.31711e-03 3.25990e-03 3.17802e-03 3.07545e-03 2.96611e-03 2.86562e-03 2.78240e-03 2.71751e-03 2.66907e-03 2.63459e-03 2.61139e-03 2.59691e-03 2.58869e-03 2.58361e-03 2.57626e-03 2.55512e-03 2.49702e-03 2.36886e-03 2.15242e-03 1.87791e-03 1.61143e-03 1.39870e-03 1.24785e-03 1.15399e-03 1.10259e-03 1.06617e-03 1.01918e-03 9.51033e-04 8.62999e-04 7.62150e-04 6.61088e-04 5.75701e-04 5.14142e-04 4.72429e-04 4.42391e-04 4.18219e-04 3.97213e-04 3.78705e-04 3.63000e-04 3.50536e-04 3.41352e-04 3.34965e-04 3.30440e-04 3.26494e-04 3.21660e-04 3.14506e-04 3.03650e-04 2.87815e-04 2.66436e-04 2.40193e-04 2.10499e-04 1.78597e-04 1.45405e-04 1.12049e-04 8.02787e-05 5.22875e-05 3.00421e-05 1.45973e-05 5.67114e-06 1.65381e-06 3.37324e-07 3.82395e-08 8.20525e-10
10.003817 1.83379e-02 2.33728e-02 1.49944e-02 1.10202e-02 9.68944e-03 9.34088e-03 9.08493e-03 8.64084e-03 8.18650e-03 7.86994e-03 7.62288e-03 7.42753e-03 7.32682e-03 7.27699e-03 7.20625e-03 7.11070e-03 7.03776e-03 7.01794e-03 7.01971e-03 6.96515e-03 6.83380e-03 6.71215e-03 6.66623e-03 6.66728e-03 6.65428e-03 6.58548e-03 6.45817e-03 6.29221e-03 6.11075e-03 5.95006e-03 5.82531e-03 5.71249e-03 5.58245e-03 5.42661e-03 5.24897e-03 5.04810e-03 4.82453e-03 4.60611e-03 4.42614e-03 4.29004e-03 4.19069e-03 4.12145e-03 4.05958e-03 3.95139e-03 3.76495e-03 3.56666e-03 3.44467e-03 3.39998e-03 3.39288e-03 3.40295e-03 3.42250e-03 3.44347e-03 3.45829e-03 3.46477e-03 3.46654e-03 3.46766e-03 3.46683e-03 3.45836e-03 3.44085e-03 3.42117e-03 3.40401e-03 3.38180e-03 3.34427e-03 3.29292e-03 3.23780e-03 3.18474e-03 3.13134e-03 3.07255e-03 3.00726e-03 2.93881e-03 2.87129e-03 2.80769e-03 2.74995e-03 2.69881e-03 2.65386e-03 2.61469e-03 2.58173e-03 2.55570e-03 2.53612e-03 2.51950e-03 2.49739e-03 2.45492e-03 2.37157e-03 2.22858e-03 2.02454e-03 1.78562e-03 1.55162e-03 1.35048e-03 1.19429e-03 1.08731e-03 1.02255e-03 9.81303e-04 9.40477e-04 8.85203e-04 8.14386e-04 7.34056e-04 6.48950e-04 5.63102e-04 4.85536e-04 4.25881e-04 3.84762e-04 3.55954e-04 3.34060e-04 3.16656e-04 3.03004e-04 2.92782e-04 2.85373e-04 2.79641e-04 2.74140e-04 2.67494e-04 2.58651e-04 2.46979e-04 2.32353e-04 2.15195e-04 1.96199e-04 1.75750e-04 1.53628e-04 1.29351e-04 1.02975e-04 7.57747e-05 5.02138e-05 2.90307e-05 1.40525e-05 5.41630e-06 1.57950e-06 3.26082e-07 3.68079e-08 7.62279e-10
10.253912 1.95427e-02 2.50781e-02 1.61267e-02 1.18438e-02 1.03353e-02 9.70583e-03 9.18006e-03 8.65633e-03 8.15336e-03 7.71698e-03 7.46373e-03 7.40747e-03 7.42305e-03 7.37985e-03 7.23178e-03 7.04927e-03 6.92964e-03 6.94810e-03 7.12323e-03 7.32640e-03 7.42180e-03 7.35636e-03 7.14565e-03 6.86367e-03 6.59493e-03 6.35906e-03 6.13542e-03 5.94504e-03 5.82447e-03 5.75891e-03 5.70145e-03 5.63269e-03 5.56942e-03 5.50369e-03 5.36273e-03 5.10057e-03 4.79466e-03 4.54765e-03 4.36193e-03 4.19265e-03 4.02606e-03 3.87279e-03 3.74403e-03 3.64297e-03 3.56664e-03 3.51117e-03 3.47182e-03 3.44092e-03 3.40995e-03 3.37383e-03 3.33322e-03 3.29327e-03 3.26000e-03 3.23719e-03 3.22582e-03 3.22533e-03 3.23445e-03 3.25025e-03 3.26644e-03 3.27333e-03 3.26275e-03 3.23617e-03 3.20557e-03 3.18139e-03 3.16082e-03 3.13250e-03 3.09027e-03 3.03775e-03 2.98171e-03 2.92572e-03 2.86967e-03 2.81247e-03 2.75399e-03 2.69545e-03 2.63856e-03 2.58483e-03 2.53537e-03 2.49069e-03 2.44966e-03 2.40835e-03 2.36077e-03 2.30123e-03 2.22543e-03 2.12941e-03 2.00948e-03 1.86588e-03 1.70811e-03 1.55333e-03 1.41232e-03 1.28167e-03 1.16067e-03 1.06136e-03 9.89345e-04 9.31628e-04 8.70192e-04 7.97690e-04 7.17967e-04 6.37231e-04 5.57541e-04 4.78845e-04 4.06630e-04 3.50682e-04 3.13400e-04 2.88311e-04 2.69051e-04 2.52946e-04 2.39362e-04 2.28186e-04 2.19036e-04 2.10947e-04 2.02606e-04 1.92945e-04 1.81641e-04 1.69106e-04 1.55936e-04 1.42235e-04 1.27365e-04 1.10288e-04 9.03567e-05 6.81934e-05 4.60177e-05 2.68468e-05 1.30039e-05 4.99745e-06 1.46806e-06 3.14135e-07 3.72702e-08 7.94518e-10
10.504007 2.15855e-02 2.75635e-02 1.75577e-02 1.27825e-02 1.10097e-02 1.01381e-02 9.39863e-03 8.67203e-03 8.04369e-03 7.63145e-03 7.46299e-03 7.42083e-03 7.36843e-03 7.30703e-03 7.32599e-03 7.46843e-03 7.68038e-03 7.83951e-03 7.86159e-03 7.75045e-03 7.55018e-03 7.30784e-03 7.08082e-03 6.90662e-03 6.77921e-03 6.65179e-03 6.43940e-03 6.09624e-03 5.71569e-03 5.41335e-03 5.18803e-03 4.99227e-03 4.80213e-03 4.61465e-03 4.44182e-03 4.29693e-03 4.18320e-03 4.09513e-03 4.02216e-03 3.95148e-03 3.87432e-03 3.79155e-03 3.71054e-03 3.63620e-03 3.56624e-03 3.49461e-03 3.41774e-03 3.33771e-03 3.26122e-03 3.19563e-03 3.14508e-03 3.10918e-03 3.08464e-03 3.06763e-03 3.05519e-03 3.04537e-03 3.03724e-03 3.03087e-03 3.02710e-03 3.02711e-03 3.03172e-03 3.04028e-03 3.04981e-03 3.05506e-03 3.05090e-03 3.03655e-03 3.01663e-03 2.99505e-03 2.96865e-03 2.93083e-03 2.88011e-03 2.82131e-03 2.75996e-03 2.69874e-03 2.63839e-03 2.57959e-03 2.52318e-03 2.46861e-03 2.41296e-03 2.35244e-03 2.28501e-03 2.21117e-03 2.13245e-03 2.04953e-03 1.96163e-03 1.86725e-03 1.76600e-03 1.66024e-03 1.55459e-03 1.45223e-03 1.35207e-03 1.25096e-03 1.14913e-03 1.05106e-03 9.60034e-04 8.74059e-04 7.88857e-04 7.03964e-04 6.23443e-04 5.50107e-04 4.80975e-04 4.11896e-04 3.47274e-04 2.96987e-04 2.63058e-04 2.39098e-04 2.19240e-04 2.01285e-04 1.85158e-04 1.71355e-04 1.59932e-04 1.50203e-04 1.41139e-04 1.31940e-04 1.22278e-04 1.12053e-04 1.00946e-04 8.82871e-05 7.34282e-05 5.64644e-05 3.88273e-05 2.30049e-05 1.12657e-05 4.36856e-06 1.30435e-06 2.90309e-07 3.64789e-08 8.16108e-10
10.754103 2.38923e-02 3.06052e-02 1.94040e-02 1.39526e-02 1.18007e-02 1.05852e-02 9.51421e-03 8.56328e-03 7.87910e-03 7.53270e-03 7.44168e-03 7.48955e-03 7.62117e-03 7.81258e-03 8.01458e-03 8.15780e-03 8.22004e-03 8.23957e-03 8.20889e-03 8.04026e-03 7.70054e-03 7.29731e-03 6.96463e-03 6.70144e-03 6.39803e-03 5.97311e-03 5.48448e-03 5.10126e-03 4.89484e-03 4.76276e-03 4.60181e-03 4.41171e-03 4.22641e-03 4.06455e-03 3.93484e-03 3.83986e-03 3.77624e-03 3.73714e-03 3.71433e-03 3.69910e-03 3.68333e-03 3.66085e-03 3.62785e-03 3.58217e-03 3.52281e-03 3.45110e-03 3.37209e-03 3.29350e-03 3.22257e-03 3.16370e-03 3.11820e-03 3.08517e-03 3.06238e-03 3.04688e-03 3.03528e-03 3.02449e-03 3.01251e-03 2.99849e-03 2.98218e-03 2.96360e-03 2.94311e-03 2.92168e-03 2.90096e-03 2.88314e-03 2.87038e-03 2.86416e-03 2.86438e-03 2.86886e-03 2.87347e-03 2.87370e-03 2.86666e-03 2.85084e-03 2.82330e-03 2.78054e-03 2.72360e-03 2.65833e-03 2.58965e-03 2.51855e-03 2.44423e-03 2.36669e-03 2.28721e-03 2.20719e-03 2.12724e-03 2.04724e-03 1.96691e-03 1.88621e-03 1.80524e-03 1.72416e-03 1.64309e-03 1.56212e-03 1.48112e-03 1.39922e-03 1.31434e-03 1.22343e-03 1.12455e-03 1.01947e-03 9.13654e-04 8.12916e-04 7.20679e-04 6.38296e-04 5.65934e-04 5.00821e-04 4.36572e-04 3.71202e-04 3.12546e-04 2.66646e-04 2.30674e-04 2.00229e-04 1.73625e-04 1.51012e-04 1.33067e-04 1.19764e-04 1.10014e-04 1.02250e-04 9.50830e-05 8.75580e-05 7.90544e-05 6.90887e-05 5.73696e-05 4.41353e-05 3.04724e-05 1.81899e-05 9.00676e-06 3.55427e-06 1.09425e-06 2.55868e-07 3.40421e-08 8.00224e-10
11.004198 2.60007e-02 3.38035e-02 2.15946e-02 1.52740e-02 1.25155e-02 1.09828e-02 9.83288e-03 8.82060e-03 7.93542e-03 7.38442e-03 7.39745e-03 7.89876e-03 8.49737e-03 8.81693e-03 8.74721e-03 8.40949e-03 7.99068e-03 7.60654e-03 7.27986e-03 7.01405e-03 6.82775e-03 6.70809e-03 6.55645e-03 6.24657e-03 5.79854e-03 5.39337e-03 5.15070e-03 5.00699e-03 4.83582e-03 4.60591e-03 4.36659e-03 4.15511e-03 3.98057e-03 3.84012e-03 3.72806e-03 3.64181e-03 3.58297e-03 3.55333e-03 3.55008e-03 3.56429e-03 3.58296e-03 3.59324e-03 3.58706e-03 3.56347e-03 3.52758e-03 3.48661e-03 3.44593e-03 3.40720e-03 3.36933e-03 3.33086e-03 3.29178e-03 3.25333e-03 3.21659e-03 3.18184e-03 3.14898e-03 3.11799e-03 3.08869e-03 3.06054e-03 3.03273e-03 3.00453e-03 2.97551e-03 2.94564e-03 2.91538e-03 2.88563e-03 2.85764e-03 2.83282e-03 2.81252e-03 2.79776e-03 2.78904e-03 2.78604e-03 2.78759e-03 2.79162e-03 2.79523e-03 2.79469e-03 2.78525e-03 2.76096e-03 2.71613e-03 2.64938e-03 2.56608e-03 2.47438e-03 2.38040e-03 2.28724e-03 2.19609e-03 2.10715e-03 2.02029e-03 1.93562e-03 1.85374e-03 1.77547e-03 1.70145e-03 1.63169e-03 1.56532e-03 1.50055e-03 1.43472e-03 1.36451e-03 1.28610e-03 1.19612e-03 1.09417e-03 9.85106e-04 8.77540e-04 7.79041e-04 6.92766e-04 6.17962e-04 5.51342e-04 4.86605e-04 4.18852e-04 3.53052e-04 2.97090e-04 2.50373e-04 2.09155e-04 1.72018e-04 1.39130e-04 1.11681e-04 9.05816e-05 7.53114e-05 6.43350e-05 5.60973e-05 4.94985e-05 4.36566e-05 3.75419e-05 3.02757e-05 2.18902e-05 1.35631e-05 6.90118e-06 2.79050e-06 8.90079e-07 2.19315e-07 3.08167e-08 7.60912e-10
11.254294 2.78625e-02 3.66118e-02 2.34682e-02 1.64177e-02 1.33205e-02 1.14646e-02 9.83473e-03 8.59532e-03 8.13900e-03 8.30670e-03 8.57321e-03 8.61830e-03 8.37572e-03 7.93480e-03 7.46955e-03 7.09656e-03 6.84460e-03 6.71363e-03 6.69736e-03 6.76009e-03 6.79567e-03 6.67048e-03 6.36377e-03 6.00155e-03 5.72061e-03 5.53942e-03 5.35329e-03 5.07574e-03 4.75151e-03 4.46634e-03 4.24289e-03 4.06490e-03 3.91955e-03 3.80362e-03 3.71786e-03 3.66106e-03 3.62692e-03 3.60690e-03 3.59671e-03 3.59696e-03 3.60553e-03 3.61310e-03 3.60962e-03 3.59274e-03 3.56726e-03 3.53899e-03 3.51198e-03 3.48915e-03 3.47177e-03 3.45827e-03 3.44474e-03 3.42671e-03 3.40093e-03 3.36635e-03 3.32397e-03 3.27630e-03 3.22655e-03 3.17763e-03 3.13155e-03 3.08923e-03 3.05088e-03 3.01630e-03 2.98521e-03 2.95734e-03 2.93241e-03 2.91022e-03 2.89074e-03 2.87415e-03 2.86069e-03 2.85010e-03 2.84109e-03 2.83129e-03 2.81796e-03 2.79906e-03 2.77364e-03 2.74131e-03 2.70147e-03 2.65259e-03 2.59223e-03 2.51847e-03 2.43262e-03 2.33975e-03 2.24591e-03 2.15525e-03 2.06956e-03 1.98902e-03 1.91331e-03 1.84225e-03 1.77578e-03 1.71357e-03 1.65481e-03 1.59794e-03 1.54072e-03 1.48039e-03 1.41409e-03 1.33912e-03 1.25335e-03 1.15645e-03 1.05190e-03 9.46967e-04 8.48987e-04 7.61215e-04 6.82734e-04 6.11267e-04 5.42912e-04 4.72984e-04 4.03745e-04 3.42315e-04 2.89544e-04 2.42239e-04 1.98712e-04 1.58330e-04 1.21732e-04 9.05342e-05 6.56732e-05 4.67106e-05 3.25561e-05 2.24044e-05 1.58081e-05 1.19425e-05 9.33852e-06 6.76454e-06 4.07765e-06 1.91402e-06 6.86225e-07 1.83231e-07 2.71251e-08 6.99240e-10
11.504389 2.91674e-02 3.85275e-02 2.46858e-02 1.69779e-02 1.33158e-02 1.12355e-02 1.00167e-02 9.36645e-03 8.96133e-03 8.62510e-03 8.26334e-03 7.81354e-03 7.32232e-03 6.89994e-03 6.61455e-03 6.48417e-03 6.51390e-03 6.68194e-03 6.88988e-03 6.98383e-03 6.87632e-03 6.61981e-03 6.33467e-03 6.10233e-03 5.91204e-03 5.68180e-03 5.36031e-03 4.99152e-03 4.66247e-03 4.42090e-03 4.25568e-03 4.13623e-03 4.04274e-03 3.96655e-03 3.90460e-03 3.85620e-03 3.82031e-03 3.79326e-03 3.76756e-03 3.73321e-03 3.68354e-03 3.62322e-03 3.56893e-03 3.53630e-03 3.52644e-03 3.52876e-03 3.53227e-03 3.53134e-03 3.52687e-03 3.52290e-03 3.51949e-03 3.51148e-03 3.49348e-03 3.46375e-03 3.42429e-03 3.37868e-03 3.33005e-03 3.28029e-03 3.23044e-03 3.18128e-03 3.13361e-03 3.08843e-03 3.04701e-03 3.01073e-03 2.98076e-03 2.95772e-03 2.94138e-03 2.93035e-03 2.92165e-03 2.91090e-03 2.89382e-03 2.86789e-03 2.83280e-03 2.78959e-03 2.73976e-03 2.68474e-03 2.62592e-03 2.56441e-03 2.50088e-03 2.43531e-03 2.36698e-03 2.29524e-03 2.22079e-03 2.14589e-03 2.07310e-03 2.00435e-03 1.94045e-03 1.88122e-03 1.82592e-03 1.77376e-03 1.72380e-03 1.67478e-03 1.62492e-03 1.57187e-03 1.51287e-03 1.44549e-03 1.36829e-03 1.28096e-03 1.18472e-03 1.08324e-03 9.82535e-04 8.88166e-04 8.01976e-04 7.21957e-04 6.45538e-04 5.71068e-04 4.97262e-04 4.26476e-04 3.63663e-04 3.09550e-04 2.61808e-04 2.18527e-04 1.78284e-04 1.40757e-04 1.06991e-04 7.83583e-05 5.53723e-05 3.74753e-05 2.37625e-05 1.37385e-05 7.25035e-06 3.72827e-06 2.00382e-06 1.05745e-06 4.66944e-07 1.45416e-07 2.31372e-08 6.26477e-10
11.754485 2.92019e-02 3.89249e-02 2.49110e-02 1.67180e-02 1.29986e-02 1.12832e-02 1.02545e-02 9.45043e-03 8.79701e-03 8.25438e-03 7.73486e-03 7.22062e-03 6.80203e-03 6.55314e-03 6.46959e-03 6.54058e-03 6.75162e-03 7.00106e-03 7.13570e-03 7.08888e-03 6.90884e-03 6.67304e-03 6.43196e-03 6.20401e-03 5.97724e-03 5.72258e-03 5.42508e-03 5.10832e-03 4.82529e-03 4.61465e-03 4.47294e-03 4.37565e-03 4.30320e-03 4.24406e-03 4.19051e-03 4.13656e-03 4.07788e-03 4.01259e-03 3.94203e-03 3.87037e-03 3.80296e-03 3.74369e-03 3.69253e-03 3.64519e-03 3.59802e-03 3.55571e-03 3.53170e-03 3.53474e-03 3.55576e-03 3.57322e-03 3.57116e-03 3.54944e-03 3.51714e-03 3.48188e-03 3.44697e-03 3.41294e-03 3.37898e-03 3.34374e-03 3.30591e-03 3.26466e-03 3.22001e-03 3.17299e-03 3.12531e-03 3.07860e-03 3.03336e-03 2.98863e-03 2.94298e-03 2.89633e-03 2.85061e-03 2.80858e-03 2.77172e-03 2.73922e-03 2.70852e-03 2.67653e-03 2.64052e-03 2.59847e-03 2.54936e-03 2.49365e-03 2.43342e-03 2.37173e-03 2.31125e-03 2.25313e-03 2.19722e-03 2.14317e-03 2.09076e-03 2.03944e-03 1.98855e-03 1.93768e-03 1.88671e-03 1.83568e-03 1.78427e-03 1.73145e-03 1.67601e-03 1.61701e-03 1.55329e-03 1.48302e-03 1.40447e-03 1.31728e-03 1.22284e-03 1.12395e-03 1.02461e-03 9.29538e-04 8.42167e-04 7.62413e-04 6.86997e-04 6.12998e-04 5.39685e-04 4.67746e-04 4.00310e-04 3.40961e-04 2.90063e-04 2.46011e-04 2.07129e-04 1.72193e-04 1.40612e-04 1.12379e-04 8.78055e-05 6.69788e-05 4.94516e-05 3.45484e-05 2.19632e-05 1.20658e-05 5.43469e-06 1.93930e-06 5.57332e-07 1.32804e-07 1.96824e-08 5.42916e-10
12.004580 2.84157e-02 3.80815e-02 2.44245e-02 1.62849e-02 1.26265e-02 1.09855e-02 9.96328e-03 9.14849e-03 8.48589e-03 7.93260e-03 7.44662e-03 7.05137e-03 6.79169e-03 6.67191e-03 6.68930e-03 6.84671e-03 7.08441e-03 7.26491e-03 7.28232e-03 7.14014e-03 6.90659e-03 6.65068e-03 6.41932e-03 6.22761e-03 6.05513e-03 5.86333e-03 5.62704e-03 5.35762e-03 5.09829e-03 4.88857e-03 4.73653e-03 4.62868e-03 4.55001e-03 4.48955e-03 4.43876e-03 4.39062e-03 4.33977e-03 4.28304e-03 4.21962e-03 4.14973e-03 4.07335e-03 3.99089e-03 3.90469e-03 3.81987e-03 3.74311e-03 3.68048e-03 3.63585e-03 3.60955e-03 3.59792e-03 3.59545e-03 3.59808e-03 3.60288e-03 3.60392e-03 3.59195e-03 3.56155e-03 3.51613e-03 3.46378e-03 3.41070e-03 3.35886e-03 3.30701e-03 3.25243e-03 3.19273e-03 3.12765e-03 3.05953e-03 2.99184e-03 2.92696e-03 2.86535e-03 2.80633e-03 2.74940e-03 2.69493e-03 2.64386e-03 2.59727e-03 2.55589e-03 2.51978e-03 2.48836e-03 2.46065e-03 2.43574e-03 2.41273e-03 2.39035e-03 2.36683e-03 2.34023e-03 2.30908e-03 2.27278e-03 2.23140e-03 2.18517e-03 2.13411e-03 2.07799e-03 2.01680e-03 1.95129e-03 1.88234e-03 1.81010e-03 1.73437e-03 1.65527e-03 1.57324e-03 1.48857e-03 1.40094e-03 1.30972e-03 1.21513e-03 1.11883e-03 1.02319e-03 9.30417e-04 8.42607e-04 7.61495e-04 6.87422e-04 6.18978e-04 5.54252e-04 4.91682e-04 4.30104e-04 3.70258e-04 3.15083e-04 2.66812e-04 2.25509e-04 1.90185e-04 1.59948e-04 1.34214e-04 1.12220e-04 9.29331e-05 7.54814e-05 5.93563e-05 4.43703e-05 3.06621e-05 1.87467e-05 9.46134e-06 3.56203e-06 8.94324e-07 1.48784e-07 1.72810e-08 4.58917e-10
12.254675 2.69892e-02 3.63955e-02 2.35515e-02 1.57834e-02 1.21793e-02 1.05527e-02 9.56757e-03 8.78600e-03 8.15615e-03 7.67363e-03 7.33246e-03 7.13957e-03 7.06848e-03 7.05709e-03 7.07563e-03 7.14100e-03 7.24527e-03 7.31043e-03 7.25583e-03 7.08381e-03 6.86188e-03 6.65072e-03 6.47082e-03 6.31121e-03 6.14916e-03 5.96649e-03 5.75810e-03 5.53595e-03 5.32573e-03 5.14825e-03 5.00470e-03 4.88466e-03 4.77978e-03 4.68740e-03 4.60785e-03 4.54176e-03 4.48816e-03 4.44274e-03 4.39771e-03 4.34594e-03 4.28548e-03 4.21951e-03 4.15272e-03 4.08816e-03 4.02662e-03 3.96777e-03 3.91157e-03 3.85878e-03 3.81054e-03 3.76763e-03 3.72996e-03 3.69627e-03 3.66382e-03 3.62852e-03 3.58619e-03 3.53438e-03 3.47300e-03 3.40331e-03 3.32679e-03 3.24552e-03 3.16290e-03 3.08285e-03 3.00814e-03 2.93963e-03 2.87729e-03 2.82097e-03 2.77040e-03 2.72495e-03 2.68369e-03 2.64563e-03 2.61005e-03 2.57668e-03 2.54591e-03 2.51860e-03 2.49578e-03 2.47811e-03 2.46554e-03 2.45713e-03 2.45111e-03 2.44513e-03 2.43653e-03 2.42270e-03 2.40131e-03 2.37051e-03 2.32888e-03 2.27535e-03 2.20964e-03 2.13249e-03 2.04488e-03 1.94827e-03 1.84502e-03 1.73769e-03 1.62824e-03 1.51786e-03 1.40722e-03 1.29711e-03 1.18901e-03 1.08527e-03 9.88240e-04 8.99226e-04 8.18159e-04 7.43836e-04 6.74248e-04 6.07292e-04 5.42098e-04 4.79746e-04 4.21670e-04 3.67519e-04 3.16043e-04 2.67302e-04 2.22687e-04 1.83411e-04 1.49723e-04 1.21256e-04 9.76721e-05 7.88232e-05 6.43217e-05 5.31253e-05 4.36327e-05 3.43826e-05 2.48984e-05 1.58413e-05 8.34775e-06 3.30706e-06 8.59213e-07 1.36574e-07 1.45727e-08 3.83758e-10
12.504771 2.50220e-02 3.40360e-02 2.23380e-02 1.51994e-02 1.17602e-02 1.01172e-02 9.08387e-03 8.28927e-03 7.73800e-03 7.44178e-03 7.32758e-03 7.29295e-03 7.26937e-03 7.23818e-03 7.20090e-03 7.17126e-03 7.16521e-03 7.15734e-03 7.09828e-03 6.98155e-03 6.83977e-03 6.69318e-03 6.53902e-03 6.37181e-03 6.19196e-03 6.00112e-03 5.80044e-03 5.59647e-03 5.40413e-03 5.23565e-03 5.09158e-03 4.96646e-03 4.85558e-03 4.75637e-03 4.66837e-03 4.59258e-03 4.52876e-03 4.47386e-03 4.42528e-03 4.38300e-03 4.34701e-03 4.31585e-03 4.28679e-03 4.25544e-03 4.21604e-03 4.16374e-03 4.09782e-03 4.02211e-03 3.94172e-03 3.85999e-03 3.77831e-03 3.69781e-03 3.62013e-03 3.54674e-03 3.47771e-03 3.41134e-03 3.34499e-03 3.27646e-03 3.20495e-03 3.13121e-03 3.05701e-03 2.98423e-03 2.91440e-03 2.84899e-03 2.79020e-03 2.74072e-03 2.70225e-03 2.67446e-03 2.65529e-03 2.64201e-03 2.63215e-03 2.62403e-03 2.61701e-03 2.61138e-03 2.60804e-03 2.60794e-03 2.61161e-03 2.61864e-03 2.62758e-03 2.63600e-03 2.64090e-03 2.63905e-03 2.62733e-03 2.60304e-03 2.56419e-03 2.50957e-03 2.43786e-03 2.34795e-03 2.24075e-03 2.11900e-03 1.98614e-03 1.84629e-03 1.70359e-03 1.56140e-03 1.42249e-03 1.28966e-03 1.16562e-03 1.05243e-03 9.51205e-04 8.62314e-04 7.85435e-04 7.18746e-04 6.57845e-04 5.97123e-04 5.33684e-04 4.68790e-04 4.05904e-04 3.48038e-04 2.96109e-04 2.49271e-04 2.06597e-04 1.68078e-04 1.34147e-04 1.04940e-04 8.02137e-05 5.96554e-05 4.30364e-05 3.01917e-05 2.09064e-05 1.46676e-05 1.04633e-05 7.14806e-06 4.19144e-06 1.85230e-06 5.39411e-07 9.87289e-08 1.17744e-08 3.19304e-10
12.754866 2.26536e-02 3.10795e-02 2.07621e-02 1.44537e-02 1.12530e-02 9.54072e-03 8.43336e-03 7.75042e-03 7.43709e-03 7.28823e-03 7.12349e-03 6.95525e-03 6.89101e-03 6.93508e-03 6.98180e-03 6.96866e-03 6.92457e-03 6.89033e-03 6.86665e-03 6.83163e-03 6.76530e-03 6.65464e-03 6.49692e-03 6.30238e-03 6.08676e-03 5.86197e-03 5.63605e-03 5.41982e-03 5.22794e-03 5.06798e-03 4.93599e-03 4.82613e-03 4.73566e-03 4.66220e-03 4.60191e-03 4.55007e-03 4.50147e-03 4.45176e-03 4.39853e-03 4.34068e-03 4.27801e-03 4.21138e-03 4.14262e-03 4.07386e-03 4.00677e-03 3.94184e-03 3.87815e-03 3.81371e-03 3.74696e-03 3.67878e-03 3.61229e-03 3.55008e-03 3.49274e-03 3.43941e-03 3.38828e-03 3.33662e-03 3.28142e-03 3.22050e-03 3.15345e-03 3.08184e-03 3.00886e-03 2.93849e-03 2.87443e-03 2.81942e-03 2.77484e-03 2.74084e-03 2.71664e-03 2.70095e-03 2.69244e-03 2.69007e-03 2.69321e-03 2.70157e-03 2.71495e-03 2.73297e-03 2.75493e-03 2.77974e-03 2.80610e-03 2.83275e-03 2.85862e-03 2.88269e-03 2.90350e-03 2.91869e-03 2.92463e-03 2.91640e-03 2.88841e-03 2.83621e-03 2.75863e-03 2.65802e-03 2.53873e-03 2.40562e-03 2.26318e-03 2.11508e-03 1.96435e-03 1.81397e-03 1.66682e-03 1.52480e-03 1.38842e-03 1.25812e-03 1.13603e-03 1.02485e-03 9.24993e-04 8.35048e-04 7.53513e-04 6.77469e-04 6.02363e-04 5.25287e-04 4.47767e-04 3.74616e-04 3.10345e-04 2.56641e-04 2.12402e-04 1.75299e-04 1.43220e-04 1.14909e-04 8.99092e-05 6.82076e-05 4.98818e-05 3.48885e-05 2.30322e-05 1.40507e-05 7.70451e-06 3.73211e-06 1.63875e-06 6.80077e-07 2.45470e-07 6.39991e-08 9.38423e-09 2.61533e-10
13.004962 2.05906e-02 2.83903e-02 1.92157e-02 1.36393e-02 1.07065e-02 9.06595e-03 8.05933e-03 7.48871e-03 7.17146e-03 6.89143e-03 6.58632e-03 6.37064e-03 6.34662e-03 6.45980e-03 6.57645e-03 6.62887e-03 6.63835e-03 6.64701e-03 6.66985e-03 6.68951e-03 6.66854e-03 6.57402e-03 6.40273e-03 6.18060e-03 5.93861e-03 5.69415e-03 5.45417e-03 5.22913e-03 5.03709e-03 4.88828e-03 4.77499e-03 4.68338e-03 4.60483e-03 4.53584e-03 4.47494e-03 4.42009e-03 4.36689e-03 4.30943e-03 4.24316e-03 4.16648e-03 4.08072e-03 3.98991e-03 3.90013e-03 3.81763e-03 3.74597e-03 3.68433e-03 3.62901e-03 3.57678e-03 3.52709e-03 3.48148e-03 3.44124e-03 3.40553e-03 3.37145e-03 3.33634e-03 3.29926e-03 3.26071e-03 3.22189e-03 3.18407e-03 3.14799e-03 3.11365e-03 3.08067e-03 3.04875e-03 3.01797e-03 2.98898e-03 2.96289e-03 2.94075e-03 2.92317e-03 2.91055e-03 2.90344e-03 2.90264e-03 2.90902e-03 2.92325e-03 2.94549e-03 2.97520e-03 3.01109e-03 3.05145e-03 3.09455e-03 3.13892e-03 3.18324e-03 3.22585e-03 3.26375e-03 3.29127e-03 3.29968e-03 3.27922e-03 3.22347e-03 3.13273e-03 3.01369e-03 2.87617e-03 2.72987e-03 2.58267e-03 2.44001e-03 2.30478e-03 2.17758e-03 2.05748e-03 1.94376e-03 1.83655e-03 1.73426e-03 1.63151e-03 1.52423e-03 1.41578e-03 1.31249e-03 1.21567e-03 1.12158e-03 1.02541e-03 9.23097e-04 8.12207e-04 6.93816e-04 5.73849e-04 4.61469e-04 3.65030e-04 2.88277e-04 2.29622e-04 1.84728e-04 1.49386e-04 1.20509e-04 9.60519e-05 7.49443e-05 5.68507e-05 4.16850e-05 2.92416e-05 1.91679e-05 1.11926e-05 5.37094e-06 1.90205e-06 4.52823e-07 7.37160e-08 8.07456e-09 1.97260e-10
13.255057 1.91851e-02 2.64977e-02 1.80756e-02 1.30600e-02 1.04670e-02 9.00437e-03 8.03465e-03 7.37374e-03 6.90455e-03 6.51519e-03 6.20010e-03 6.01626e-03 5.98585e-03 6.07687e-03 6.22062e-03 6.35238e-03 6.45178e-03 6.53062e-03 6.59171e-03 6.61507e-03 6.57986e-03 6.48551e-03 6.34611e-03 6.17342e-03 5.97045e-03 5.73748e-03 5.48203e-03 5.22597e-03 5.00205e-03 4.83161e-03 4.70930e-03 4.61669e-03 4.53983e-03 4.47126e-03 4.40608e-03 4.34182e-03 4.27785e-03 4.21343e-03 4.14756e-03 4.08009e-03 4.01154e-03 3.94173e-03 3.86988e-03 3.79641e-03 3.72376e-03 3.65506e-03 3.59257e-03 3.53722e-03 3.48914e-03 3.44803e-03 3.41304e-03 3.38256e-03 3.35467e-03 3.32822e-03 3.30345e-03 3.28162e-03 3.26399e-03 3.25103e-03 3.24231e-03 3.23670e-03 3.23270e-03 3.22868e-03 3.22315e-03 3.21507e-03 3.20420e-03 3.19137e-03 3.17867e-03 3.16911e-03 3.16585e-03 3.17151e-03 3.18773e-03 3.21490e-03 3.25200e-03 3.29691e-03 3.34706e-03 3.40027e-03 3.45516e-03 3.51065e-03 3.56425e-03 3.60989e-03 3.63733e-03 3.63535e-03 3.59711e-03 3.52348e-03 3.42159e-03 3.30039e-03 3.16717e-03 3.02675e-03 2.88220e-03 2.73547e-03 2.58786e-03 2.44108e-03 2.29880e-03 2.16584e-03 2.04446e-03 1.93099e-03 1.81808e-03 1.70219e-03 1.58850e-03 1.48653e-03 1.40153e-03 1.33134e-03 1.26911e-03 1.20721e-03 1.14016e-03 1.06568e-03 9.83701e-04 8.94840e-04 7.99999e-04 7.00671e-04 5.99562e-04 5.00993e-04 4.10074e-04 3.30753e-04 2.64337e-04 2.09529e-04 1.63651e-04 1.24307e-04 9.04910e-05 6.23334e-05 4.00421e-05 2.33106e-05 1.15713e-05 4.37301e-06 1.05455e-06 1.33309e-07 8.64104e-09 1.53095e-10
13.505152 1.83963e-02 2.53880e-02 1.74261e-02 1.28352e-02 1.05244e-02 9.16538e-03 8.14344e-03 7.34011e-03 6.73865e-03 6.31519e-03 6.05798e-03 5.93740e-03 5.91170e-03 5.95953e-03 6.06683e-03 6.21023e-03 6.36476e-03 6.50907e-03 6.61826e-03 6.66243e-03 6.62565e-03 6.51881e-03 6.36322e-03 6.17180e-03 5.95085e-03 5.70877e-03 5.45777e-03 5.21465e-03 5.00261e-03 4.83910e-03 4.72094e-03 4.63178e-03 4.55800e-03 4.49383e-03 4.43915e-03 4.39400e-03 4.35248e-03 4.30447e-03 4.24466e-03 4.17563e-03 4.10274e-03 4.03041e-03 3.96167e-03 3.89784e-03 3.83858e-03 3.78276e-03 3.72970e-03 3.67951e-03 3.63262e-03 3.58907e-03 3.54836e-03 3.50998e-03 3.47404e-03 3.44147e-03 3.41372e-03 3.39221e-03 3.37793e-03 3.37117e-03 3.37131e-03 3.37659e-03 3.38421e-03 3.39078e-03 3.39351e-03 3.39129e-03 3.38536e-03 3.37889e-03 3.37585e-03 3.37976e-03 3.39308e-03 3.41695e-03 3.45118e-03 3.49459e-03 3.54566e-03 3.60310e-03 3.66542e-03 3.72945e-03 3.78906e-03 3.83541e-03 3.85939e-03 3.85481e-03 3.82036e-03 3.75898e-03 3.67554e-03 3.57446e-03 3.45889e-03 3.33244e-03 3.20128e-03 3.07228e-03 2.94816e-03 2.82633e-03 2.70283e-03 2.57600e-03 2.44652e-03 2.31502e-03 2.18043e-03 2.04066e-03 1.89499e-03 1.74603e-03 1.60009e-03 1.46607e-03 1.35146e-03 1.25719e-03 1.17901e-03 1.11350e-03 1.05789e-03 1.00669e-03 9.53769e-04 8.96023e-04 8.33506e-04 7.67799e-04 7.00645e-04 6.32954e-04 5.64406e-04 4.94231e-04 4.22757e-04 3.52171e-04 2.85537e-04 2.25112e-04 1.71658e-04 1.25053e-04 8.51127e-05 5.20102e-05 2.65590e-05 1.00518e-05 2.35695e-06 2.71609e-07 1.32363e-08 1.69483e-10
13.755248 1.79643e-02 2.47201e-02 1.70331e-02 1.27320e-02 1.05985e-02 9.28492e-03 8.18555e-03 7.23908e-03 6.54767e-03 6.15691e-03 5.99846e-03 5.95001e-03 5.94316e-03 5.97970e-03 6.06796e-03 6.19803e-03 6.35243e-03 6.50003e-03 6.59678e-03 6.60948e-03 6.53793e-03 6.40922e-03 6.24619e-03 6.05195e-03 5.82702e-03 5.58522e-03 5.34651e-03 5.12616e-03 4.93759e-03 4.79159e-03 4.68613e-03 4.60816e-03 4.54685e-03 4.49967e-03 4.46777e-03 4.44621e-03 4.42233e-03 4.38688e-03 4.33901e-03 4.28183e-03 4.21959e-03 4.15608e-03 4.09328e-03 4.03179e-03 3.97166e-03 3.91298e-03 3.85596e-03 3.80074e-03 3.74755e-03 3.69727e-03 3.65164e-03 3.61282e-03 3.58289e-03 3.56342e-03 3.55521e-03 3.55792e-03 3.56995e-03 3.58846e-03 3.60950e-03 3.62852e-03 3.64112e-03 3.64431e-03 3.63787e-03 3.62481e-03 3.61012e-03 3.59883e-03 3.59469e-03 3.59995e-03 3.61573e-03 3.64257e-03 3.68019e-03 3.72647e-03 3.77673e-03 3.82428e-03 3.86208e-03 3.88427e-03 3.88670e-03 3.86661e-03 3.82230e-03 3.75578e-03 3.68133e-03 3.62514e-03 3.59600e-03 3.56394e-03 3.49280e-03 3.37813e-03 3.23855e-03 3.09081e-03 2.94184e-03 2.79305e-03 2.64489e-03 2.49849e-03 2.35529e-03 2.21602e-03 2.08001e-03 1.94523e-03 1.80907e-03 1.66931e-03 1.52550e-03 1.38158e-03 1.24689e-03 1.12986e-03 1.03177e-03 9.51691e-04 8.89071e-04 8.39014e-04 7.93355e-04 7.46242e-04 6.95670e-04 6.41854e-04 5.85920e-04 5.29255e-04 4.72962e-04 4.17466e-04 3.62581e-04 3.07979e-04 2.53740e-04 2.00744e-04 1.50784e-04 1.06142e-04 6.86755e-05 3.92812e-05 1.85156e-05 6.56004e-06 1.56821e-06 2.12276e-07 1.21610e-08 1.24377e-10
14.005343 1.76922e-02 2.42453e-02 1.66877e-02 1.25520e-02 1.05480e-02 9.26008e-03 8.05961e-03 6.98727e-03 6.25534e-03 5.89870e-03 5.79397e-03 5.80308e-03 5.85971e-03 5.95825e-03 6.08795e-03 6.21602e-03 6.32640e-03 6.41939e-03 6.47205e-03 6.44664e-03 6.33541e-03 6.16951e-03 5.98704e-03 5.80442e-03 5.61847e-03 5.42483e-03 5.22609e-03 5.02959e-03 4.84736e-03 4.69264e-03 4.57167e-03 4.48407e-03 4.42732e-03 4.39505e-03 4.37429e-03 4.34608e-03 4.29497e-03 4.22392e-03 4.14984e-03 4.08665e-03 4.03919e-03 4.00603e-03 3.98258e-03 3.96293e-03 3.94138e-03 3.91395e-03 3.87946e-03 3.83977e-03 3.79884e-03 3.76120e-03 3.73069e-03 3.71011e-03 3.70127e-03 3.70483e-03 3.72006e-03 3.74457e-03 3.77424e-03 3.80341e-03 3.82580e-03 3.83639e-03 3.83366e-03 3.82036e-03 3.80145e-03 3.78135e-03 3.76325e-03 3.74959e-03 3.74225e-03 3.74171e-03 3.74570e-03 3.74875e-03 3.74435e-03 3.72945e-03 3.70614e-03 3.67476e-03 3.63756e-03 3.63473e-03 3.72782e-03 3.87440e-03 3.92886e-03 3.83199e-03 3.65296e-03 3.46668e-03 3.30050e-03 3.15571e-03 3.02650e-03 2.90579e-03 2.78722e-03 2.66663e-03 2.54255e-03 2.41582e-03 2.28859e-03 2.16328e-03 2.04174e-03 1.92492e-03 1.81272e-03 1.70421e-03 1.59788e-03 1.49160e-03 1.38189e-03 1.26416e-03 1.13737e-03 1.00913e-03 8.91409e-04 7.91633e-04 7.11260e-04 6.48233e-04 5.97965e-04 5.54933e-04 5.14705e-04 4.74636e-04 4.33634e-04 3.91810e-04 3.49971e-04 3.09007e-04 2.69506e-04 2.31654e-04 1.95275e-04 1.60001e-04 1.25678e-04 9.28789e-05 6.29254e-05 3.72676e-05 1.74341e-05 5.38051e-06 8.88692e-07 9.29010e-08 9.03645e-09 1.57733e-10
14.255439 1.77544e-02 2.42115e-02 1.65730e-02 1.24718e-02 1.05396e-02 9.23551e-03 7.92779e-03 6.74264e-03 5.93115e-03 5.52672e-03 5.42278e-03 5.50079e-03 5.67469e-03 5.88963e-03 6.09890e-03 6.26223e-03 6.37079e-03 6.43522e-03 6.44899e-03 6.39455e-03 6.27106e-03 6.09879e-03 5.90501e-03 5.70983e-03 5.52004e-03 5.33213e-03 5.14006e-03 4.94293e-03 4.74907e-03 4.57212e-03 4.42398e-03 4.31221e-03 4.23330e-03 4.16808e-03 4.09538e-03 4.00485e-03 3.90077e-03 3.80406e-03 3.73655e-03 3.70330e-03 3.69696e-03 3.70807e-03 3.72864e-03 3.75244e-03 3.77495e-03 3.79311e-03 3.80565e-03 3.81417e-03 3.82284e-03 3.83600e-03 3.85597e-03 3.88325e-03 3.91718e-03 3.95544e-03 3.99321e-03 4.02370e-03 4.03999e-03 4.03744e-03 4.01578e-03 3.97883e-03 3.93175e-03 3.87874e-03 3.82318e-03 3.76830e-03 3.71759e-03 3.67534e-03 3.64499e-03 3.62134e-03 3.58888e-03 3.56134e-03 3.62114e-03 3.81647e-03 4.02197e-03 4.06784e-03 3.94489e-03 3.74857e-03 3.54639e-03 3.36100e-03 3.19717e-03 3.05464e-03 2.93097e-03 2.82213e-03 2.72297e-03 2.62812e-03 2.53331e-03 2.43609e-03 2.33572e-03 2.23273e-03 2.12827e-03 2.02365e-03 1.92010e-03 1.81867e-03 1.72025e-03 1.62545e-03 1.53434e-03 1.44662e-03 1.36174e-03 1.27834e-03 1.19299e-03 1.10011e-03 9.95454e-04 8.81539e-04 7.68485e-04 6.67375e-04 5.83781e-04 5.17928e-04 4.67308e-04 4.27703e-04 3.94240e-04 3.63142e-04 3.32650e-04 3.02560e-04 2.73258e-04 2.45054e-04 2.17993e-04 1.91906e-04 1.66473e-04 1.41245e-04 1.15777e-04 8.99761e-05 6.44389e-05 4.04591e-05 2.01691e-05 6.67384e-06 1.14543e-06 1.03476e-07 9.86585e-09 2.19731e-10
14.505534 1.82451e-02 2.47534e-02 1.68292e-02 1.26394e-02 1.06876e-02 9.30451e-03 7.87093e-03 6.54817e-03 5.59947e-03 5.08848e-03 4.96389e-03 5.12869e-03 5.44789e-03 5.79968e-03 6.09999e-03 6.30497e-03 6.41436e-03 6.44137e-03 6.39312e-03 6.28197e-03 6.13289e-03 5.97100e-03 5.80688e-03 5.63866e-03 5.46311e-03 5.27953e-03 5.08644e-03 4.88214e-03 4.67081e-03 4.46561e-03 4.28659e-03 4.14947e-03 4.04745e-03 3.95406e-03 3.85126e-03 3.74150e-03 3.63687e-03 3.55633e-03 3.51616e-03 3.51548e-03 3.54178e-03 3.58071e-03 3.62161e-03 3.65990e-03 3.69482e-03 3.72643e-03 3.75581e-03 3.78673e-03 3.82452e-03 3.87230e-03 3.92761e-03 3.98224e-03 4.02576e-03 4.05055e-03 4.05325e-03 4.03441e-03 3.99814e-03 3.95099e-03 3.90050e-03 3.85336e-03 3.81309e-03 3.77713e-03 3.73843e-03 3.70594e-03 3.72730e-03 3.84919e-03 4.03203e-03 4.16540e-03 4.18505e-03 4.10768e-03 3.97061e-03 3.80200e-03 3.62597e-03 3.46014e-03 3.31120e-03 3.17736e-03 3.05391e-03 2.93710e-03 2.82490e-03 2.71609e-03 2.60942e-03 2.50364e-03 2.39797e-03 2.29218e-03 2.18645e-03 2.08132e-03 1.97764e-03 1.87626e-03 1.77788e-03 1.68303e-03 1.59226e-03 1.50613e-03 1.42510e-03 1.34922e-03 1.27776e-03 1.20873e-03 1.13867e-03 1.06394e-03 9.83658e-04 9.01065e-04 8.20112e-04 7.40622e-04 6.59877e-04 5.79178e-04 5.05131e-04 4.43941e-04 3.96917e-04 3.61042e-04 3.31862e-04 3.05860e-04 2.81329e-04 2.57872e-04 2.35429e-04 2.13781e-04 1.92608e-04 1.71655e-04 1.50768e-04 1.29824e-04 1.08639e-04 8.69686e-05 6.47624e-05 4.26743e-05 2.26680e-05 8.20601e-06 1.57306e-06 1.39101e-07 1.13518e-08 3.00313e-10
14.755629 1.92412e-02 2.58632e-02 1.74345e-02 1.30225e-02 1.08790e-02 9.27803e-03 7.67354e-03 6.22844e-03 5.19241e-03 4.67929e-03 4.64844e-03 4.90140e-03 5.23935e-03 5.57137e-03 5.84294e-03 6.01730e-03 6.09590e-03 6.10363e-03 6.06385e-03 5.99130e-03 5.89671e-03 5.78691e-03 5.66586e-03 5.53809e-03 5.40631e-03 5.26576e-03 5.10412e-03 4.90943e-03 4.68155e-03 4.44017e-03 4.22420e-03 4.06682e-03 3.96392e-03 3.88228e-03 3.79752e-03 3.71053e-03 3.63817e-03 3.59818e-03 3.59142e-03 3.60631e-03 3.63278e-03 3.66573e-03 3.70154e-03 3.73571e-03 3.76428e-03 3.78661e-03 3.80544e-03 3.82360e-03 3.84042e-03 3.85116e-03 3.85038e-03 3.83761e-03 3.81851e-03 3.79984e-03 3.78409e-03 3.76752e-03 3.74416e-03 3.71800e-03 3.71637e-03 3.77935e-03 3.91636e-03 4.07902e-03 4.19745e-03 4.23726e-03 4.20964e-03 4.14360e-03 4.06047e-03 3.96435e-03 3.85168e-03 3.72585e-03 3.59695e-03 3.47232e-03 3.35277e-03 3.23564e-03 3.11883e-03 3.00184e-03 2.88456e-03 2.76631e-03 2.64636e-03 2.52498e-03 2.40338e-03 2.28269e-03 2.16333e-03 2.04561e-03 1.93040e-03 1.81903e-03 1.71274e-03 1.61227e-03 1.51776e-03 1.42905e-03 1.34605e-03 1.26891e-03 1.19797e-03 1.13344e-03 1.07466e-03 1.01938e-03 9.63476e-04 9.02314e-04 8.33491e-04 7.59197e-04 6.85775e-04 6.19738e-04 5.62850e-04 5.11342e-04 4.61016e-04 4.12127e-04 3.68107e-04 3.31227e-04 3.00982e-04 2.75452e-04 2.52895e-04 2.32306e-04 2.13165e-04 1.95010e-04 1.77290e-04 1.59512e-04 1.41365e-04 1.22709e-04 1.03487e-04 8.36684e-05 6.33126e-05 4.29088e-05 2.39875e-05 9.50756e-06 2.09156e-06 1.99518e-07 1.26543e-08 3.45524e-10
15.005725 2.06013e-02 2.73575e-02 1.82021e-02 1.33143e-02 1.07247e-02 8.81713e-03 7.13804e-03 5.76121e-03 4.87553e-03 4.56509e-03 4.62729e-03 4.79572e-03 5.00312e-03 5.22903e-03 5.41562e-03 5.53448e-03 5.59457e-03 5.61551e-03 5.61369e-03 5.59817e-03 5.56992e-03 5.52627e-03 5.46691e-03 5.39306e-03 5.30110e-03 5.18478e-03 5.04229e-03 4.87484e-03 4.68426e-03 4.48413e-03 4.31086e-03 4.19352e-03 4.11352e-03 4.03101e-03 3.93753e-03 3.85836e-03 3.81233e-03 3.79468e-03 3.79478e-03 3.80493e-03 3.81663e-03 3.82362e-03 3.82242e-03 3.81046e-03 3.78885e-03 3.76456e-03 3.74646e-03 3.73838e-03 3.73598e-03 3.73064e-03 3.71545e-03 3.69027e-03 3.66876e-03 3.67920e-03 3.74600e-03 3.86222e-03 3.98589e-03 4.06980e-03 4.09340e-03 4.06884e-03 4.02516e-03 3.98702e-03 3.96138e-03 3.94114e-03 3.91711e-03 3.88238e-03 3.83045e-03 3.75641e-03 3.66069e-03 3.54948e-03 3.43064e-03 3.31005e-03 3.19102e-03 3.07467e-03 2.96016e-03 2.84527e-03 2.72747e-03 2.60511e-03 2.47818e-03 2.34811e-03 2.21703e-03 2.08720e-03 1.96080e-03 1.83965e-03 1.72497e-03 1.61732e-03 1.51672e-03 1.42288e-03 1.33539e-03 1.25388e-03 1.17808e-03 1.10790e-03 1.04345e-03 9.84843e-04 9.31821e-04 8.83139e-04 8.36154e-04 7.87299e-04 7.33565e-04 6.74152e-04 6.11326e-04 5.50143e-04 4.96536e-04 4.53636e-04 4.18990e-04 3.86582e-04 3.52449e-04 3.17527e-04 2.85164e-04 2.57457e-04 2.34257e-04 2.14303e-04 1.96416e-04 1.79835e-04 1.63990e-04 1.48325e-04 1.32348e-04 1.15734e-04 9.83555e-05 8.02406e-05 6.15091e-05 4.25149e-05 2.45000e-05 1.02089e-05 2.43247e-06 2.49375e-07 1.33975e-08 3.33911e-10
15.255820 2.21971e-02 2.91842e-02 1.90290e-02 1.33284e-02 1.01655e-02 8.10543e-03 6.59861e-03 5.50159e-03 4.89556e-03 4.71492e-03 4.71905e-03 4.79019e-03 4.89768e-03 5.00990e-03 5.10446e-03 5.16698e-03 5.19670e-03 5.20792e-03 5.21766e-03 5.23286e-03 5.24857e-03 5.25501e-03 5.24453e-03 5.21483e-03 5.16731e-03 5.10201e-03 5.01381e-03 4.89664e-03 4.75426e-03 4.60962e-03 4.50026e-03 4.43683e-03 4.37963e-03 4.29652e-03 4.20448e-03 4.12907e-03 4.07091e-03 4.01828e-03 3.96719e-03 3.92113e-03 3.88078e-03 3.84735e-03 3.82430e-03 3.81156e-03 3.80219e-03 3.78728e-03 3.76771e-03 3.76095e-03 3.78899e-03 3.85488e-03 3.93600e-03 4.00196e-03 4.03266e-03 4.02408e-03 3.98860e-03 3.94807e-03 3.92106e-03 3.91481e-03 3.92575e-03 3.94408e-03 3.95786e-03 3.95651e-03 3.93406e-03 3.89045e-03 3.82940e-03 3.75528e-03 3.67114e-03 3.57829e-03 3.47702e-03 3.36811e-03 3.25393e-03 3.13812e-03 3.02404e-03 2.91282e-03 2.80271e-03 2.69045e-03 2.57299e-03 2.44872e-03 2.31818e-03 2.18371e-03 2.04834e-03 1.91508e-03 1.78734e-03 1.66868e-03 1.56137e-03 1.46548e-03 1.37936e-03 1.30079e-03 1.22777e-03 1.15889e-03 1.09328e-03 1.03054e-03 9.70650e-04 9.13877e-04 8.60642e-04 8.11095e-04 7.64531e-04 7.19065e-04 6.72141e-04 6.21898e-04 5.68571e-04 5.14855e-04 4.64898e-04 4.22328e-04 3.88130e-04 3.59732e-04 3.32710e-04 3.04177e-04 2.74635e-04 2.46641e-04 2.22195e-04 2.01535e-04 1.83740e-04 1.67730e-04 1.52664e-04 1.37881e-04 1.22848e-04 1.07224e-04 9.09033e-05 7.39817e-05 5.66954e-05 3.94466e-05 2.31941e-05 1.00667e-05 2.56444e-06 2.84109e-07 1.39154e-08 2.91914e-10
15.505916 2.41365e-02 3.14662e-02 2.00144e-02 1.33430e-02 9.70542e-03 7.59498e-03 6.27510e-03 5.48820e-03 5.11090e-03 4.97621e-03 4.94475e-03 4.93199e-03 4.91931e-03 4.92802e-03 4.97518e-03 5.05342e-03 5.13455e-03 5.19205e-03 5.21595e-03 5.21311e-03 5.20029e-03 5.18912e-03 5.18012e-03 5.16902e-03 5.15198e-03 5.12374e-03 5.07477e-03 4.99729e-03 4.89715e-03 4.79651e-03 4.71882e-03 4.65852e-03 4.58955e-03 4.50540e-03 4.40476e-03 4.29524e-03 4.19594e-03 4.11521e-03 4.05180e-03 4.00092e-03 3.96373e-03 3.95700e-03 3.99618e-03 4.06589e-03 4.13146e-03 4.17649e-03 4.20094e-03 4.20068e-03 4.17120e-03 4.11631e-03 4.05293e-03 4.00607e-03 3.99072e-03 4.00236e-03 4.02504e-03 4.04366e-03 4.04940e-03 4.03916e-03 4.01338e-03 3.97452e-03 3.92610e-03 3.87151e-03 3.81248e-03 3.74839e-03 3.67696e-03 3.59588e-03 3.50400e-03 3.40183e-03 3.29194e-03 3.17926e-03 3.06897e-03 2.96334e-03 2.86138e-03 2.76052e-03 2.65809e-03 2.55234e-03 2.44250e-03 2.32802e-03 2.20804e-03 2.08220e-03 1.95201e-03 1.82153e-03 1.69635e-03 1.58195e-03 1.48212e-03 1.39771e-03 1.32652e-03 1.26428e-03 1.20642e-03 1.14964e-03 1.09234e-03 1.03431e-03 9.76029e-04 9.18226e-04 8.61677e-04 8.07033e-04 7.54632e-04 7.04270e-04 6.55049e-04 6.05631e-04 5.55148e-04 5.04343e-04 4.55785e-04 4.12427e-04 3.75550e-04 3.43961e-04 3.15170e-04 2.87395e-04 2.60520e-04 2.35451e-04 2.13041e-04 1.93525e-04 1.76440e-04 1.60880e-04 1.45931e-04 1.30948e-04 1.15547e-04 9.95314e-05 8.29302e-05 6.60413e-05 4.93685e-05 3.35586e-05 1.94994e-05 8.57039e-06 2.29219e-06 2.77166e-07 1.37596e-08 2.46259e-10
15.756011 2.58796e-02 3.36979e-02 2.11547e-02 1.36002e-02 9.40415e-03 7.13883e-03 6.03689e-03 5.57544e-03 5.39835e-03 5.29632e-03 5.20170e-03 5.14712e-03 5.15524e-03 5.19558e-03 5.23345e-03 5.26069e-03 5.27912e-03 5.28620e-03 5.27866e-03 5.26263e-03 5.25400e-03 5.26391e-03 5.29342e-03 5.34110e-03 5.40337e-03 5.46083e-03 5.46573e-03 5.36957e-03 5.18037e-03 4.97099e-03 4.81924e-03 4.74112e-03 4.69494e-03 4.63983e-03 4.55640e-03 4.46543e-03 4.41795e-03 4.43608e-03 4.48530e-03 4.51954e-03 4.53226e-03 4.54116e-03 4.54727e-03 4.52840e-03 4.46714e-03 4.37239e-03 4.26985e-03 4.18660e-03 4.13624e-03 4.11204e-03 4.09886e-03 4.08558e-03 4.06749e-03 4.04443e-03 4.01770e-03 3.98804e-03 3.95543e-03 3.91952e-03 3.87904e-03 3.83081e-03 3.77001e-03 3.69275e-03 3.59916e-03 3.49407e-03 3.38411e-03 3.27464e-03 3.16903e-03 3.06916e-03 2.97537e-03 2.88637e-03 2.80014e-03 2.71494e-03 2.62967e-03 2.54344e-03 2.45501e-03 2.36327e-03 2.26771e-03 2.16846e-03 2.06594e-03 1.96081e-03 1.85424e-03 1.74837e-03 1.64645e-03 1.55253e-03 1.47054e-03 1.40267e-03 1.34773e-03 1.30119e-03 1.25736e-03 1.21171e-03 1.16189e-03 1.10747e-03 1.04931e-03 9.88830e-04 9.27456e-04 8.66183e-04 8.05502e-04 7.45527e-04 6.86307e-04 6.28148e-04 5.71787e-04 5.18398e-04 4.69378e-04 4.25866e-04 3.88068e-04 3.54647e-04 3.22971e-04 2.90956e-04 2.58945e-04 2.29143e-04 2.03486e-04 1.82482e-04 1.65432e-04 1.51052e-04 1.37898e-04 1.24633e-04 1.10278e-04 9.44420e-05 7.74048e-05 5.99735e-05 4.32015e-05 2.81313e-05 1.56848e-05 6.71030e-06 1.80000e-06 2.27830e-07 1.18186e-08 1.94313e-10
16.006107 2.64680e-02 3.50171e-02 2.20520e-02 1.36495e-02 8.90310e-03 6.70704e-03 5.96705e-03 5.78600e-03 5.72134e-03 5.67258e-03 5.62743e-03 5.55362e-03 5.45011e-03 5.35733e-03 5.31133e-03 5.31249e-03 5.33080e-03 5.33575e-03 5.32568e-03 5.32771e-03 5.36913e-03 5.46380e-03 5.60622e-03 5.74429e-03 5.79770e-03 5.74539e-03 5.63684e-03 5.50737e-03 5.34913e-03 5.15892e-03 4.98552e-03 4.91474e-03 4.98340e-03 5.12689e-03 5.23603e-03 5.25546e-03 5.20813e-03 5.14217e-03 5.08642e-03 5.04502e-03 5.00003e-03 4.92378e-03 4.81191e-03 4.68678e-03 4.57027e-03 4.47245e-03 4.39314e-03 4.32742e-03 4.27105e-03 4.22034e-03 4.17203e-03 4.12667e-03 4.08803e-03 4.05793e-03 4.03351e-03 4.00766e-03 3.97014e-03 3.91037e-03 3.82172e-03 3.70530e-03 3.56954e-03 3.42619e-03 3.28695e-03 3.16116e-03 3.05282e-03 2.96104e-03 2.88249e-03 2.81170e-03 2.74294e-03 2.67250e-03 2.59840e-03 2.51951e-03 2.43566e-03 2.34786e-03 2.25776e-03 2.16691e-03 2.07625e-03 1.98606e-03 1.89629e-03 1.80712e-03 1.71941e-03 1.63509e-03 1.55704e-03 1.48857e-03 1.43228e-03 1.38865e-03 1.35525e-03 1.32724e-03 1.29955e-03 1.26873e-03 1.23251e-03 1.18913e-03 1.13813e-03 1.08086e-03 1.01939e-03 9.55186e-04 8.88746e-04 8.20035e-04 7.49282e-04 6.77801e-04 6.08450e-04 5.45134e-04 4.91308e-04 4.48366e-04 4.14886e-04 3.87383e-04 3.61977e-04 3.34545e-04 3.01491e-04 2.63815e-04 2.26744e-04 1.94337e-04 1.67597e-04 1.46011e-04 1.28593e-04 1.13960e-04 1.00384e-04 8.62752e-05 7.08611e-05 5.45225e-05 3.84985e-05 2.42541e-05 1.29620e-05 5.30695e-06 1.37482e-06 1.71091e-07 8.83455e-09 1.39849e-10
16.256202 2.58959e-02 3.48930e-02 2.20419e-02 1.32602e-02 8.47749e-03 6.58305e-03 6.13035e-03 6.10878e-03 6.09395e-03 5.97923e-03 5.78140e-03 5.55475e-03 5.36008e-03 5.25194e-03 5.24271e-03 5.29338e-03 5.35712e-03 5.42024e-03 5.50132e-03 5.62396e-03 5.77229e-03 5.87623e-03 5.88299e-03 5.80723e-03 5.69175e-03 5.58106e-03 5.52662e-03 5.56348e-03 5.67767e-03 5.81021e-03 5.89344e-03 5.89061e-03 5.81616e-03 5.72049e-03 5.64683e-03 5.60016e-03 5.55737e-03 5.49870e-03 5.41717e-03 5.30895e-03 5.17829e-03 5.04458e-03 4.92552e-03 4.82469e-03 4.74474e-03 4.68982e-03 4.65256e-03 4.61928e-03 4.58386e-03 4.54671e-03 4.50807e-03 4.46725e-03 4.42133e-03 4.36385e-03 4.28599e-03 4.18009e-03 4.04415e-03 3.88467e-03 3.71424e-03 3.54549e-03 3.38762e-03 3.24727e-03 3.12873e-03 3.03122e-03 2.94924e-03 2.87671e-03 2.80872e-03 2.74167e-03 2.67263e-03 2.59933e-03 2.52119e-03 2.43919e-03 2.35451e-03 2.26771e-03 2.17936e-03 2.09049e-03 2.00222e-03 1.91512e-03 1.82912e-03 1.74399e-03 1.66016e-03 1.57943e-03 1.50515e-03 1.44136e-03 1.39130e-03 1.35583e-03 1.33251e-03 1.31604e-03 1.30073e-03 1.28295e-03 1.26006e-03 1.22866e-03 1.18617e-03 1.13303e-03 1.07176e-03 1.00486e-03 9.34009e-04 8.60373e-04 7.85378e-04 7.11245e-04 6.40904e-04 5.77166e-04 5.21994e-04 4.76658e-04 4.42035e-04 4.17651e-04 3.99923e-04 3.82264e-04 3.57831e-04 3.22731e-04 2.79434e-04 2.35635e-04 1.96888e-04 1.64231e-04 1.37058e-04 1.14582e-04 9.57240e-05 7.90749e-05 6.33544e-05 4.80024e-05 3.34180e-05 2.06426e-05 1.07261e-05 4.23694e-06 1.05235e-06 1.24857e-07 6.29645e-09 1.01715e-10
16.506297 2.44291e-02 3.32385e-02 2.11276e-02 1.27882e-02 8.36234e-03 6.69925e-03 6.33195e-03 6.26816e-03 6.11317e-03 5.84610e-03 5.55857e-03 5.32775e-03 5.20452e-03 5.20563e-03 5.30396e-03 5.45542e-03 5.63196e-03 5.81238e-03 5.95126e-03 5.98959e-03 5.91411e-03 5.79351e-03 5.73807e-03 5.81479e-03 5.99599e-03 6.19344e-03 6.32973e-03 6.36810e-03 6.31452e-03 6.21085e-03 6.10504e-03 6.02188e-03 5.95761e-03 5.89491e-03 5.82517e-03 5.75744e-03 5.70099e-03 5.64462e-03 5.56657e-03 5.46371e-03 5.35563e-03 5.26058e-03 5.18729e-03 5.14659e-03 5.14747e-03 5.18199e-03 5.22289e-03 5.23632e-03 5.20227e-03 5.12509e-03 5.01694e-03 4.88238e-03 4.72267e-03 4.54116e-03 4.34504e-03 4.14540e-03 3.95329e-03 3.77460e-03 3.61080e-03 3.46333e-03 3.33441e-03 3.22471e-03 3.13188e-03 3.05019e-03 2.97264e-03 2.89524e-03 2.81734e-03 2.73941e-03 2.66171e-03 2.58393e-03 2.50523e-03 2.42449e-03 2.34066e-03 2.25329e-03 2.16322e-03 2.07263e-03 1.98362e-03 1.89661e-03 1.81050e-03 1.72437e-03 1.63923e-03 1.55834e-03 1.48612e-03 1.42659e-03 1.38203e-03 1.35212e-03 1.33323e-03 1.31924e-03 1.30484e-03 1.28702e-03 1.26248e-03 1.22639e-03 1.17552e-03 1.11060e-03 1.03559e-03 9.56189e-04 8.78257e-04 8.06187e-04 7.41913e-04 6.85158e-04 6.34414e-04 5.88036e-04 5.45147e-04 5.05980e-04 4.71410e-04 4.41968e-04 4.16959e-04 3.94029e-04 3.69520e-04 3.39985e-04 3.04118e-04 2.63940e-04 2.23972e-04 1.87668e-04 1.55705e-04 1.27611e-04 1.02911e-04 8.11969e-05 6.20531e-05 4.51559e-05 3.04741e-05 1.83513e-05 9.28123e-06 3.53591e-06 8.37414e-07 9.50079e-08 4.94265e-09 8.65548e-11
16.756393 2.20970e-02 3.03922e-02 1.97125e-02 1.23792e-02 8.44022e-03 6.86853e-03 6.37026e-03 6.08779e-03 5.73169e-03 5.37296e-03 5.16595e-03 5.17921e-03 5.37069e-03 5.64004e-03 5.88357e-03 6.02723e-03 6.04909e-03 5.98904e-03 5.93751e-03 5.99402e-03 6.19349e-03 6.46551e-03 6.69417e-03 6.80838e-03 6.79966e-03 6.68509e-03 6.48847e-03 6.25147e-03 6.03171e-03 5.87389e-03 5.79090e-03 5.77338e-03 5.80057e-03 5.84255e-03 5.86821e-03 5.85809e-03 5.81005e-03 5.73784e-03 5.66656e-03 5.61938e-03 5.60494e-03 5.62494e-03 5.68125e-03 5.76262e-03 5.83836e-03 5.87488e-03 5.85223e-03 5.76462e-03 5.61644e-03 5.41996e-03 5.19098e-03 4.94649e-03 4.70265e-03 4.47147e-03 4.25876e-03 4.06506e-03 3.88926e-03 3.73077e-03 3.58979e-03 3.46916e-03 3.36974e-03 3.28404e-03 3.20212e-03 3.11824e-03 3.03013e-03 2.93783e-03 2.84353e-03 2.75067e-03 2.66165e-03 2.57569e-03 2.48941e-03 2.40049e-03 2.31070e-03 2.22427e-03 2.14258e-03 2.06184e-03 1.97661e-03 1.88464e-03 1.78831e-03 1.69287e-03 1.60432e-03 1.52789e-03 1.46732e-03 1.42424e-03 1.39692e-03 1.37904e-03 1.36179e-03 1.33894e-03 1.30832e-03 1.26835e-03 1.21682e-03 1.15301e-03 1.07874e-03 9.97953e-04 9.16414e-04 8.40167e-04 7.72835e-04 7.14702e-04 6.64042e-04 6.18495e-04 5.75931e-04 5.35304e-04 4.97025e-04 4.62206e-04 4.31429e-04 4.04305e-04 3.79774e-04 3.56398e-04 3.32623e-04 3.07141e-04 2.79126e-04 2.48434e-04 2.16086e-04 1.84237e-04 1.54693e-04 1.27863e-04 1.03438e-04 8.12087e-05 6.12425e-05 4.37473e-05 2.89835e-05 1.72245e-05 8.65160e-06 3.27738e-06 7.68532e-07 8.66847e-08 4.58077e-09 8.07962e-11
17.006488 1.95335e-02 2.72414e-02 1.81953e-02 1.20318e-02 8.62869e-03 7.05736e-03 6.21527e-03 5.53815e-03 5.05804e-03 4.94160e-03 5.15759e-03 5.52775e-03 5.88159e-03 6.11137e-03 6.18882e-03 6.18439e-03 6.22518e-03 6.39085e-03 6.64877e-03 6.89568e-03 7.04691e-03 7.07871e-03 7.00902e-03 6.86245e-03 6.65539e-03 6.40758e-03 6.15593e-03 5.94488e-03 5.80594e-03 5.74237e-03 5.72206e-03 5.70170e-03 5.67064e-03 5.65310e-03 5.66623e-03 5.70015e-03 5.73929e-03 5.78197e-03 5.83484e-03 5.90490e-03 6.00359e-03 6.14156e-03 6.30109e-03 6.41983e-03 6.42170e-03 6.27640e-03 6.02218e-03 5.72586e-03 5.43693e-03 5.17566e-03 4.94156e-03 4.72568e-03 4.51969e-03 4.32075e-03 4.13316e-03 3.96472e-03 3.82162e-03 3.70375e-03 3.60352e-03 3.51246e-03 3.42484e-03 3.33716e-03 3.24819e-03 3.15833e-03 3.06773e-03 2.97446e-03 2.87438e-03 2.76402e-03 2.64610e-03 2.53229e-03 2.43499e-03 2.35385e-03 2.27566e-03 2.18819e-03 2.08969e-03 1.98582e-03 1.88279e-03 1.78469e-03 1.69434e-03 1.61432e-03 1.54694e-03 1.49356e-03 1.45318e-03 1.42170e-03 1.39352e-03 1.36436e-03 1.33199e-03 1.29486e-03 1.25158e-03 1.20149e-03 1.14457e-03 1.08102e-03 1.01214e-03 9.42000e-04 8.76176e-04 8.17349e-04 7.63045e-04 7.08484e-04 6.51060e-04 5.92392e-04 5.36422e-04 4.86223e-04 4.42635e-04 4.04815e-04 3.71685e-04 3.42626e-04 3.17116e-04 2.94288e-04 2.72888e-04 2.51552e-04 2.29262e-04 2.05663e-04 1.81054e-04 1.56320e-04 1.32660e-04 1.10796e-04 9.06762e-05 7.21258e-05 5.51735e-05 3.99451e-05 2.67567e-05 1.60550e-05 8.16398e-06 3.16122e-06 7.71493e-07 9.19164e-08 4.73494e-09 7.40200e-11
17.256584 1.75545e-02 2.46396e-02 1.68697e-02 1.17529e-02 8.78349e-03 7.00164e-03 5.76403e-03 4.98864e-03 4.74791e-03 4.95408e-03 5.36895e-03 5.76043e-03 6.02185e-03 6.18569e-03 6.35045e-03 6.57385e-03 6.82105e-03 7.01157e-03 7.09740e-03 7.08680e-03 7.01328e-03 6.90089e-03 6.74765e-03 6.53618e-03 6.28257e-03 6.06213e-03 5.93863e-03 5.88033e-03 5.80584e-03 5.68515e-03 5.55633e-03 5.47728e-03 5.47656e-03 5.53784e-03 5.62103e-03 5.69766e-03 5.77742e-03 5.90237e-03 6.11031e-03 6.39286e-03 6.67539e-03 6.84441e-03 6.82257e-03 6.62712e-03 6.33888e-03 6.02153e-03 5.69352e-03 5.36112e-03 5.04092e-03 4.74860e-03 4.49074e-03 4.27192e-03 4.09744e-03 3.96705e-03 3.87221e-03 3.79831e-03 3.73038e-03 3.66031e-03 3.58696e-03 3.51136e-03 3.43378e-03 3.35300e-03 3.26689e-03 3.17324e-03 3.07098e-03 2.96168e-03 2.84976e-03 2.73855e-03 2.62590e-03 2.50711e-03 2.38246e-03 2.25899e-03 2.14455e-03 2.04255e-03 1.95175e-03 1.86855e-03 1.78999e-03 1.71560e-03 1.64672e-03 1.58459e-03 1.52934e-03 1.48013e-03 1.43574e-03 1.39502e-03 1.35690e-03 1.32036e-03 1.28437e-03 1.24790e-03 1.20968e-03 1.16791e-03 1.12060e-03 1.06707e-03 1.00998e-03 9.55215e-04 9.07160e-04 8.63485e-04 8.16769e-04 7.62468e-04 7.03519e-04 6.45725e-04 5.91531e-04 5.40019e-04 4.90000e-04 4.41639e-04 3.96065e-04 3.54386e-04 3.17183e-04 2.84486e-04 2.55876e-04 2.30565e-04 2.07498e-04 1.85549e-04 1.63755e-04 1.41485e-04 1.18703e-04 9.63352e-05 7.59959e-05 5.88459e-05 4.48219e-05 3.31091e-05 2.30467e-05 1.44735e-05 7.67273e-06 3.08611e-06 7.90931e-07 1.00129e-07 4.87880e-09 6.02794e-11
17.506679 1.65323e-02 2.30999e-02 1.60002e-02 1.14938e-02 8.67798e-03 6.77011e-03 5.49795e-03 4.84614e-03 4.79342e-03 5.14811e-03 5.60546e-03 5.96159e-03 6.20972e-03 6.43552e-03 6.67453e-03 6.87964e-03 6.98898e-03 6.98923e-03 6.91607e-03 6.81430e-03 6.70261e-03 6.57047e-03 6.40133e-03 6.20877e-03 6.04911e-03 5.96115e-03 5.89904e-03 5.79111e-03 5.64969e-03 5.55101e-03 5.53234e-03 5.56231e-03 5.59750e-03 5.64157e-03 5.74354e-03 5.94798e-03 6.24711e-03 6.57655e-03 6.85746e-03 7.02760e-03 7.03353e-03 6.84086e-03 6.48203e-03 6.06075e-03 5.67940e-03 5.37299e-03 5.11585e-03 4.87069e-03 4.62200e-03 4.37920e-03 4.16407e-03 3.99516e-03 3.88042e-03 3.81743e-03 3.79272e-03 3.78214e-03 3.75942e-03 3.70752e-03 3.62303e-03 3.51446e-03 3.39660e-03 3.28035e-03 3.16629e-03 3.04971e-03 2.92960e-03 2.81035e-03 2.69639e-03 2.58776e-03 2.48099e-03 2.37319e-03 2.26498e-03 2.16075e-03 2.06677e-03 1.98735e-03 1.92103e-03 1.86125e-03 1.80145e-03 1.73911e-03 1.67538e-03 1.61271e-03 1.55321e-03 1.49823e-03 1.44842e-03 1.40379e-03 1.36377e-03 1.32732e-03 1.29289e-03 1.25849e-03 1.22168e-03 1.18004e-03 1.13225e-03 1.07974e-03 1.02708e-03 9.79278e-04 9.37135e-04 8.95866e-04 8.49670e-04 7.97548e-04 7.43356e-04 6.91276e-04 6.42881e-04 5.97172e-04 5.52076e-04 5.06063e-04 4.58772e-04 4.10888e-04 3.63836e-04 3.19326e-04 2.78790e-04 2.42981e-04 2.11947e-04 1.85261e-04 1.62223e-04 1.41898e-04 1.23046e-04 1.04258e-04 8.46212e-05 6.45215e-05 4.56118e-05 2.97989e-05 1.81554e-05 1.04902e-05 5.67404e-06 2.57006e-06 7.77648e-07 1.14728e-07 5.38974e-09 4.56790e-11
17.756774 1.66084e-02 2.28518e-02 1.56820e-02 1.12986e-02 8.55977e-03 6.67262e-03 5.48307e-03 5.03183e-03 5.20223e-03 5.66523e-03 6.09576e-03 6.37038e-03 6.52991e-03 6.62977e-03 6.67763e-03 6.67161e-03 6.63623e-03 6.60383e-03 6.58498e-03 6.56329e-03 6.51216e-03 6.42159e-03 6.30917e-03 6.21124e-03 6.15391e-03 6.12796e-03 6.11064e-03 6.08020e-03 6.00797e-03 5.90703e-03 5.85812e-03 5.93563e-03 6.13066e-03 6.35547e-03 6.50974e-03 6.55227e-03 6.51627e-03 6.45693e-03 6.40347e-03 6.34983e-03 6.26586e-03 6.12521e-03 5.93205e-03 5.71369e-03 5.49025e-03 5.26051e-03 5.01437e-03 4.75643e-03 4.51522e-03 4.32485e-03 4.19685e-03 4.11238e-03 4.03975e-03 3.95757e-03 3.86474e-03 3.77025e-03 3.67753e-03 3.58253e-03 3.48056e-03 3.36959e-03 3.25032e-03 3.12521e-03 2.99717e-03 2.86930e-03 2.74511e-03 2.62801e-03 2.52014e-03 2.42164e-03 2.33104e-03 2.24637e-03 2.16581e-03 2.08783e-03 2.01180e-03 1.93854e-03 1.86988e-03 1.80705e-03 1.74957e-03 1.69564e-03 1.64356e-03 1.59259e-03 1.54284e-03 1.49473e-03 1.44863e-03 1.40473e-03 1.36292e-03 1.32269e-03 1.28294e-03 1.24201e-03 1.19800e-03 1.14958e-03 1.09711e-03 1.04321e-03 9.91782e-04 9.45381e-04 9.03190e-04 8.61643e-04 8.17686e-04 7.71416e-04 7.25325e-04 6.81696e-04 6.41527e-04 6.05128e-04 5.72324e-04 5.41813e-04 5.10989e-04 4.76893e-04 4.37444e-04 3.92198e-04 3.42739e-04 2.92603e-04 2.45940e-04 2.05431e-04 1.71487e-04 1.43178e-04 1.19438e-04 9.94180e-05 8.21511e-05 6.63541e-05 5.09747e-05 3.59966e-05 2.25242e-05 1.20154e-05 5.28750e-06 1.91131e-06 5.51897e-07 9.49401e-08 5.18622e-09 4.29615e-11
18.006870 1.74044e-02 2.34632e-02 1.57767e-02 1.12530e-02 8.50970e-03 6.67400e-03 5.64831e-03 5.44764e-03 5.82047e-03 6.31914e-03 6.62795e-03 6.70112e-03 6.62916e-03 6.49751e-03 6.36383e-03 6.28125e-03 6.28766e-03 6.37255e-03 6.48479e-03 6.57049e-03 6.60205e-03 6.59540e-03 6.60051e-03 6.66149e-03 6.78086e-03 6.91733e-03 7.00558e-03 6.99357e-03 6.86175e-03 6.62486e-03 6.34786e-03 6.11301e-03 5.96433e-03 5.89838e-03 5.88169e-03 5.88422e-03 5.90313e-03 5.94597e-03 6.00776e-03 6.06700e-03 6.08988e-03 6.04339e-03 5.92124e-03 5.74978e-03 5.55899e-03 5.35981e-03 5.14710e-03 4.91249e-03 4.65949e-03 4.41049e-03 4.19394e-03 4.02462e-03 3.89802e-03 3.79952e-03 3.71371e-03 3.62493e-03 3.52045e-03 3.40059e-03 3.27665e-03 3.15692e-03 3.04196e-03 2.92911e-03 2.81630e-03 2.70309e-03 2.59043e-03 2.48008e-03 2.37468e-03 2.27721e-03 2.18925e-03 2.11038e-03 2.03889e-03 1.97272e-03 1.91005e-03 1.84964e-03 1.79112e-03 1.73488e-03 1.68170e-03 1.63218e-03 1.58637e-03 1.54366e-03 1.50313e-03 1.46395e-03 1.42560e-03 1.38790e-03 1.35072e-03 1.31360e-03 1.27553e-03 1.23489e-03 1.18995e-03 1.13964e-03 1.08427e-03 1.02568e-03 9.66399e-04 9.08345e-04 8.52305e-04 7.98708e-04 7.48864e-04 7.04614e-04 6.66539e-04 6.33648e-04 6.05142e-04 5.81405e-04 5.63230e-04 5.50668e-04 5.42279e-04 5.34887e-04 5.23734e-04 5.03363e-04 4.69982e-04 4.23673e-04 3.67493e-04 3.06199e-04 2.46550e-04 1.94594e-04 1.52135e-04 1.17706e-04 8.94247e-05 6.61694e-05 4.73471e-05 3.24523e-05 2.09154e-05 1.21732e-05 5.89800e-06 2.10373e-06 4.92400e-07 6.78816e-08 3.92258e-09 5.26101e-11
18.256965 1.82972e-02 2.43694e-02 1.61967e-02 1.13602e-02 8.41905e-03 6.57690e-03 5.77480e-03 5.88799e-03 6.41305e-03 6.81665e-03 6.90414e-03 6.76521e-03 6.55718e-03 6.39141e-03 6.31732e-03 6.34443e-03 6.45069e-03 6.58400e-03 6.71068e-03 6.85906e-03 7.08992e-03 7.40172e-03 7.67789e-03 7.77955e-03 7.65707e-03 7.35498e-03 6.96329e-03 6.57617e-03 6.25956e-03 6.02875e-03 5.87749e-03 5.79853e-03 5.77504e-03 5.78199e-03 5.79379e-03 5.80396e-03 5.82556e-03 5.86181e-03 5.89585e-03 5.90631e-03 5.88602e-03 5.84642e-03 5.79619e-03 5.71651e-03 5.57484e-03 5.36626e-03 5.11782e-03 4.85607e-03 4.59480e-03 4.34651e-03 4.12452e-03 3.93536e-03 3.77897e-03 3.65155e-03 3.54209e-03 3.43299e-03 3.31392e-03 3.18961e-03 3.06849e-03 2.95288e-03 2.84082e-03 2.73008e-03 2.62073e-03 2.51501e-03 2.41453e-03 2.31945e-03 2.22997e-03 2.14710e-03 2.07192e-03 2.00485e-03 1.94546e-03 1.89265e-03 1.84496e-03 1.80080e-03 1.75868e-03 1.71753e-03 1.67686e-03 1.63673e-03 1.59761e-03 1.55995e-03 1.52393e-03 1.48934e-03 1.45571e-03 1.42250e-03 1.38907e-03 1.35461e-03 1.31800e-03 1.27784e-03 1.23279e-03 1.18210e-03 1.12602e-03 1.06572e-03 1.00281e-03 9.38847e-04 8.75421e-04 8.14167e-04 7.55827e-04 6.99694e-04 6.45523e-04 5.95934e-04 5.55638e-04 5.28020e-04 5.12503e-04 5.05543e-04 5.04039e-04 5.06747e-04 5.13086e-04 5.21652e-04 5.28486e-04 5.25400e-04 5.02604e-04 4.57241e-04 3.96103e-04 3.27408e-04 2.58336e-04 1.96413e-04 1.45164e-04 1.03677e-04 7.02372e-05 4.39664e-05 2.46622e-05 1.20428e-05 4.93787e-06 1.56702e-06 3.48812e-07 5.16876e-08 4.10246e-09 8.96013e-11
18.507061 1.89665e-02 2.53187e-02 1.68209e-02 1.14875e-02 8.20954e-03 6.40531e-03 5.91273e-03 6.32213e-03 6.90992e-03 7.16886e-03 7.08484e-03 6.89384e-03 6.79256e-03 6.82232e-03 6.88426e-03 6.87462e-03 6.83885e-03 6.95272e-03 7.28499e-03 7.67314e-03 7.92751e-03 7.98483e-03 7.85607e-03 7.58654e-03 7.24189e-03 6.87554e-03 6.51911e-03 6.20026e-03 5.95068e-03 5.79520e-03 5.75073e-03 5.80743e-03 5.91039e-03 5.98393e-03 5.97589e-03 5.88342e-03 5.74040e-03 5.59752e-03 5.50343e-03 5.47306e-03 5.47840e-03 5.47311e-03 5.42393e-03 5.33098e-03 5.21344e-03 5.07791e-03 4.91895e-03 4.73440e-03 4.52772e-03 4.30831e-03 4.09241e-03 3.89679e-03 3.72829e-03 3.57808e-03 3.43029e-03 3.27922e-03 3.13175e-03 2.99484e-03 2.86931e-03 2.75292e-03 2.64397e-03 2.54238e-03 2.44881e-03 2.36270e-03 2.28199e-03 2.20489e-03 2.13146e-03 2.06312e-03 2.00139e-03 1.94697e-03 1.89960e-03 1.85835e-03 1.82194e-03 1.78903e-03 1.75841e-03 1.72905e-03 1.70027e-03 1.67176e-03 1.64362e-03 1.61610e-03 1.58940e-03 1.56345e-03 1.53784e-03 1.51182e-03 1.48434e-03 1.45403e-03 1.41920e-03 1.37801e-03 1.32898e-03 1.27155e-03 1.20659e-03 1.13642e-03 1.06433e-03 9.93770e-04 9.27022e-04 8.64075e-04 8.03200e-04 7.43053e-04 6.83841e-04 6.26678e-04 5.72726e-04 5.23134e-04 4.79410e-04 4.44036e-04 4.20799e-04 4.12737e-04 4.18078e-04 4.30166e-04 4.43315e-04 4.56419e-04 4.69422e-04 4.77555e-04 4.70311e-04 4.39693e-04 3.88342e-04 3.24196e-04 2.55599e-04 1.91057e-04 1.35130e-04 8.87032e-05 5.20595e-05 2.56996e-05 9.68298e-06 2.40996e-06 3.51198e-07 4.25092e-08 5.17612e-09 1.54135e-10
18.757156 1.95147e-02 2.61781e-02 1.74198e-02 1.16947e-02 8.19530e-03 6.44152e-03 6.10629e-03 6.63410e-03 7.26056e-03 7.55419e-03 7.60503e-03 7.56565e-03 7.40057e-03 7.12200e-03 6.94002e-03 7.02659e-03 7.28915e-03 7.52852e-03 7.67482e-03 7.75922e-03 7.79998e-03 7.78550e-03 7.69986e-03 7.53693e-03 7.30219e-03 7.00934e-03 6.68489e-03 6.38353e-03 6.16312e-03 6.03215e-03 5.95388e-03 5.87979e-03 5.77357e-03 5.62495e-03 5.46300e-03 5.34417e-03 5.29692e-03 5.28773e-03 5.25287e-03 5.15333e-03 5.00478e-03 4.86634e-03 4.78912e-03 4.76484e-03 4.73712e-03 4.66637e-03 4.55821e-03 4.43136e-03 4.29641e-03 4.15907e-03 4.01849e-03 3.86550e-03 3.69343e-03 3.50934e-03 3.32875e-03 3.16258e-03 3.01266e-03 2.87598e-03 2.74955e-03 2.63231e-03 2.52441e-03 2.42544e-03 2.33385e-03 2.24817e-03 2.16824e-03 2.09485e-03 2.02888e-03 1.97082e-03 1.92067e-03 1.87784e-03 1.84122e-03 1.80942e-03 1.78106e-03 1.75507e-03 1.73070e-03 1.70760e-03 1.68568e-03 1.66503e-03 1.64575e-03 1.62778e-03 1.61086e-03 1.59436e-03 1.57729e-03 1.55828e-03 1.53564e-03 1.50747e-03 1.47186e-03 1.42732e-03 1.37334e-03 1.31077e-03 1.24194e-03 1.17003e-03 1.09805e-03 1.02782e-03 9.59851e-04 8.94234e-04 8.31389e-04 7.71974e-04 7.16393e-04 6.64596e-04 6.16156e-04 5.70420e-04 5.26691e-04 4.84445e-04 4.43603e-04 4.04946e-04 3.70591e-04 3.44197e-04 3.29886e-04 3.28407e-04 3.33931e-04 3.39289e-04 3.43932e-04 3.49918e-04 3.52331e-04 3.41726e-04 3.13624e-04 2.69261e-04 2.14111e-04 1.56778e-04 1.03943e-04 5.95823e-05 2.70130e-05 8.34232e-06 1.43180e-06 1.25211e-07 9.31050e-09 2.56284e-10
19.007252 2.02188e-02 2.70963e-02 1.80378e-02 1.20861e-02 8.39673e-03 6.53688e-03 6.26380e-03 7.06382e-03 8.01251e-03 8.36122e-03 8.04126e-03 7.48255e-03 7.13771e-03 7.15167e-03 7.36957e-03 7.58900e-03 7.70384e-03 7.69654e-03 7.64105e-03 7.64287e-03 7.72929e-03 7.84025e-03 7.89270e-03 7.82628e-03 7.62453e-03 7.32222e-03 6.99006e-03 6.68866e-03 6.42072e-03 6.15186e-03 5.86533e-03 5.57789e-03 5.32223e-03 5.11798e-03 4.95875e-03 4.82729e-03 4.71899e-03 4.64759e-03 4.62644e-03 4.65087e-03 4.69208e-03 4.70254e-03 4.64220e-03 4.51319e-03 4.36336e-03 4.24429e-03 4.16408e-03 4.09123e-03 3.99974e-03 3.88787e-03 3.76412e-03 3.63640e-03 3.50574e-03 3.36548e-03 3.20970e-03 3.04136e-03 2.87248e-03 2.71696e-03 2.58227e-03 2.46715e-03 2.36581e-03 2.27294e-03 2.18599e-03 2.10473e-03 2.02983e-03 1.96178e-03 1.90058e-03 1.84589e-03 1.79725e-03 1.75420e-03 1.71632e-03 1.68321e-03 1.65447e-03 1.62971e-03 1.60848e-03 1.59025e-03 1.57442e-03 1.56030e-03 1.54709e-03 1.53394e-03 1.51996e-03 1.50426e-03 1.48593e-03 1.46404e-03 1.43767e-03 1.40595e-03 1.36819e-03 1.32412e-03 1.27411e-03 1.21930e-03 1.16140e-03 1.10218e-03 1.04308e-03 9.85069e-04 9.28894e-04 8.75143e-04 8.24222e-04 7.76390e-04 7.31864e-04 6.90828e-04 6.53290e-04 6.18935e-04 5.87136e-04 5.57079e-04 5.27759e-04 4.97689e-04 4.64647e-04 4.26255e-04 3.81735e-04 3.33599e-04 2.87528e-04 2.50522e-04 2.27585e-04 2.16878e-04 2.09742e-04 2.01794e-04 1.97153e-04 1.94710e-04 1.84530e-04 1.59617e-04 1.22318e-04 8.06364e-05 4.27607e-05 1.60445e-05 3.54677e-06 3.86322e-07 2.31339e-08 4.95713e-10
19.257347 2.15081e-02 2.83288e-02 1.85326e-02 1.22402e-02 8.44691e-03 6.88184e-03 7.04966e-03 7.86222e-03 8.29784e-03 8.11112e-03 7.72048e-03 7.55456e-03 7.67939e-03 7.90254e-03 8.02054e-03 7.96535e-03 7.80684e-03 7.65941e-03 7.60795e-03 7.68728e-03 7.86272e-03 8.04356e-03 8.14067e-03 8.10211e-03 7.90878e-03 7.56857e-03 7.12213e-03 6.62973e-03 6.15666e-03 5.75722e-03 5.44842e-03 5.21830e-03 5.04482e-03 4.89842e-03 4.75732e-03 4.62684e-03 4.52409e-03 4.45176e-03 4.40080e-03 4.36368e-03 4.33862e-03 4.32597e-03 4.32025e-03 4.30592e-03 4.25975e-03 4.16305e-03 4.02068e-03 3.86236e-03 3.71936e-03 3.59548e-03 3.46660e-03 3.31751e-03 3.16153e-03 3.01770e-03 2.89045e-03 2.77300e-03 2.65705e-03 2.53906e-03 2.42176e-03 2.31067e-03 2.20955e-03 2.11891e-03 2.03703e-03 1.96156e-03 1.89070e-03 1.82372e-03 1.76077e-03 1.70250e-03 1.64967e-03 1.60291e-03 1.56255e-03 1.52858e-03 1.50063e-03 1.47799e-03 1.45967e-03 1.44452e-03 1.43131e-03 1.41884e-03 1.40606e-03 1.39206e-03 1.37609e-03 1.35755e-03 1.33591e-03 1.31067e-03 1.28142e-03 1.24782e-03 1.20973e-03 1.16746e-03 1.12184e-03 1.07409e-03 1.02553e-03 9.77208e-04 9.30087e-04 8.85034e-04 8.42506e-04 8.02308e-04 7.64025e-04 7.27751e-04 6.94383e-04 6.65254e-04 6.41441e-04 6.23163e-04 6.09453e-04 5.98087e-04 5.85817e-04 5.68948e-04 5.44151e-04 5.09442e-04 4.65266e-04 4.14782e-04 3.62390e-04 3.11607e-04 2.64159e-04 2.20734e-04 1.82403e-04 1.50532e-04 1.24666e-04 1.02508e-04 8.40502e-05 7.21372e-05 6.38789e-05 5.08689e-05 3.19475e-05 1.40256e-05 3.64424e-06 4.75085e-07 3.25692e-08 7.02522e-10
19.507442 2.31380e-02 2.93293e-02 1.84386e-02 1.19870e-02 8.62743e-03 7.54965e-03 7.56547e-03 7.73509e-03 7.83425e-03 7.97054e-03 8.19077e-03 8.43006e-03 8.59144e-03 8.60376e-03 8.45203e-03 8.18869e-03 7.91214e-03 7.72007e-03 7.66996e-03 7.76249e-03 7.94146e-03 8.11783e-03 8.21018e-03 8.15804e-03 7.90480e-03 7.43115e-03 6.82452e-03 6.24530e-03 5.80533e-03 5.50806e-03 5.29675e-03 5.12153e-03 4.96832e-03 4.84315e-03 4.74104e-03 4.64758e-03 4.55510e-03 4.46524e-03 4.37973e-03 4.29839e-03 4.22216e-03 4.15278e-03 4.09004e-03 4.02845e-03 3.95842e-03 3.86919e-03 3.75081e-03 3.59941e-03 3.42414e-03 3.24687e-03 3.09170e-03 2.96873e-03 2.86539e-03 2.76324e-03 2.66092e-03 2.56624e-03 2.47911e-03 2.39397e-03 2.30774e-03 2.22066e-03 2.13435e-03 2.05064e-03 1.97119e-03 1.89705e-03 1.82850e-03 1.76532e-03 1.70731e-03 1.65441e-03 1.60663e-03 1.56382e-03 1.52564e-03 1.49154e-03 1.46090e-03 1.43309e-03 1.40759e-03 1.38400e-03 1.36200e-03 1.34128e-03 1.32145e-03 1.30198e-03 1.28219e-03 1.26129e-03 1.23838e-03 1.21256e-03 1.18305e-03 1.14938e-03 1.11162e-03 1.07049e-03 1.02694e-03 9.81737e-04 9.35263e-04 8.88193e-04 8.41972e-04 7.98394e-04 7.58691e-04 7.23278e-04 6.92245e-04 6.65731e-04 6.43673e-04 6.25392e-04 6.09644e-04 5.95173e-04 5.81205e-04 5.67474e-04 5.53680e-04 5.38762e-04 5.20868e-04 4.98201e-04 4.69588e-04 4.34404e-04 3.92783e-04 3.46354e-04 2.98261e-04 2.51739e-04 2.08575e-04 1.68941e-04 1.32291e-04 9.84402e-05 6.83701e-05 4.43827e-05 2.85181e-05 1.95170e-05 1.29454e-05 6.39520e-06 1.85091e-06 2.78443e-07 2.31722e-08 5.07356e-10
19.757538 2.40636e-02 2.94502e-02 1.78936e-02 1.16785e-02 8.72404e-03 7.62545e-03 7.35374e-03 7.48055e-03 7.91477e-03 8.49930e-03 9.00492e-03 9.28216e-03 9.30595e-03 9.12496e-03 8.80552e-03 8.42093e-03 8.06452e-03 7.82734e-03 7.75050e-03 7.80935e-03 7.93151e-03 8.02508e-03 8.01858e-03 7.89676e-03 7.66661e-03 7.29482e-03 6.76386e-03 6.17871e-03 5.69759e-03 5.37728e-03 5.18300e-03 5.06960e-03 4.98969e-03 4.90973e-03 4.82411e-03 4.73730e-03 4.65192e-03 4.56699e-03 4.47896e-03 4.38239e-03 4.27124e-03 4.13957e-03 3.98396e-03 3.80700e-03 3.62099e-03 3.44898e-03 3.31248e-03 3.21140e-03 3.12432e-03 3.03213e-03 2.93054e-03 2.82255e-03 2.71394e-03 2.61327e-03 2.52444e-03 2.44361e-03 2.36721e-03 2.29487e-03 2.22516e-03 2.15506e-03 2.08284e-03 2.00930e-03 1.93682e-03 1.86801e-03 1.80493e-03 1.74866e-03 1.69928e-03 1.65612e-03 1.61822e-03 1.58453e-03 1.55390e-03 1.52511e-03 1.49698e-03 1.46851e-03 1.43909e-03 1.40854e-03 1.37708e-03 1.34524e-03 1.31368e-03 1.28292e-03 1.25311e-03 1.22390e-03 1.19440e-03 1.16346e-03 1.12996e-03 1.09310e-03 1.05269e-03 1.00909e-03 9.63158e-04 9.16063e-04 8.69273e-04 8.24464e-04 7.83248e-04 7.46643e-04 7.14642e-04 6.86253e-04 6.60048e-04 6.34865e-04 6.10285e-04 5.86747e-04 5.65240e-04 5.46602e-04 5.30760e-04 5.16474e-04 5.01965e-04 4.85786e-04 4.67017e-04 4.45100e-04 4.19734e-04 3.90713e-04 3.57739e-04 3.20713e-04 2.80586e-04 2.39606e-04 2.00215e-04 1.63811e-04 1.30725e-04 1.00888e-04 7.38990e-05 4.92988e-05 2.83838e-05 1.42082e-05 7.08719e-06 3.40753e-06 1.08409e-06 1.64822e-07 1.04990e-08 1.57123e-10
20.007633 2.40747e-02 2.90303e-02 1.73403e-02 1.12880e-02 8.43027e-03 7.30547e-03 7.17022e-03 7.63224e-03 8.37569e-03 9.09133e-03 9.57126e-03 9.75874e-03 9.69577e-03 9.44150e-03 9.04332e-03 8.57664e-03 8.16831e-03 7.92699e-03 7.86066e-03 7.89241e-03 7.92626e-03 7.88896e-03 7.76787e-03 7.62009e-03 7.49870e-03 7.34550e-03 7.00500e-03 6.43280e-03 5.82625e-03 5.40844e-03 5.19719e-03 5.09463e-03 5.03383e-03 4.98738e-03 4.94142e-03 4.88757e-03 4.81884e-03 4.72506e-03 4.59435e-03 4.42125e-03 4.21200e-03 3.98443e-03 3.76463e-03 3.57667e-03 3.42703e-03 3.30301e-03 3.19184e-03 3.09293e-03 3.00877e-03 2.93663e-03 2.87066e-03 2.80383e-03 2.72881e-03 2.64202e-03 2.54615e-03 2.44677e-03 2.34797e-03 2.25264e-03 2.16385e-03 2.08377e-03 2.01251e-03 1.94848e-03 1.88968e-03 1.83481e-03 1.78344e-03 1.73574e-03 1.69189e-03 1.65186e-03 1.61550e-03 1.58248e-03 1.55230e-03 1.52420e-03 1.49714e-03 1.46997e-03 1.44167e-03 1.41159e-03 1.37949e-03 1.34550e-03 1.30992e-03 1.27311e-03 1.23541e-03 1.19705e-03 1.15811e-03 1.11840e-03 1.07760e-03 1.03551e-03 9.92293e-04 9.48742e-04 9.06089e-04 8.65538e-04 8.27683e-04 7.92333e-04 7.58824e-04 7.26517e-04 6.95091e-04 6.64556e-04 6.35121e-04 6.07069e-04 5.80666e-04 5.56087e-04 5.33330e-04 5.12148e-04 4.92119e-04 4.72878e-04 4.54073e-04 4.35059e-04 4.14819e-04 3.92316e-04 3.66970e-04 3.38808e-04 3.08220e-04 2.75658e-04 2.41735e-04 2.07596e-04 1.74849e-04 1.44782e-04 1.17752e-04 9.35372e-05 7.19439e-05 5.23992e-05 3.39512e-05 1.76267e-05 6.67011e-06 1.87125e-06 4.42216e-07 7.11450e-08 4.35584e-09 4.52285e-11
20.257729 2.36604e-02 2.84974e-02 1.68224e-02 1.07385e-02 7.96738e-03 7.07179e-03 7.23452e-03 7.91768e-03 8.72527e-03 9.38701e-03 9.77466e-03 9.87566e-03 9.74246e-03 9.44095e-03 9.03839e-03 8.63111e-03 8.32102e-03 8.13589e-03 8.02741e-03 7.95218e-03 7.89649e-03 7.83748e-03 7.75037e-03 7.65068e-03 7.58371e-03 7.52354e-03 7.31123e-03 6.82041e-03 6.17156e-03 5.62463e-03 5.30168e-03 5.15299e-03 5.09990e-03 5.09083e-03 5.07739e-03 5.01288e-03 4.87564e-03 4.67741e-03 4.44864e-03 4.22086e-03 4.01701e-03 3.84503e-03 3.69633e-03 3.55758e-03 3.42564e-03 3.30507e-03 3.19846e-03 3.10725e-03 3.03038e-03 2.96108e-03 2.89294e-03 2.82202e-03 2.74488e-03 2.66011e-03 2.56916e-03 2.47608e-03 2.38600e-03 2.30178e-03 2.22348e-03 2.15064e-03 2.08342e-03 2.02184e-03 1.96522e-03 1.91240e-03 1.86216e-03 1.81352e-03 1.76593e-03 1.71941e-03 1.67437e-03 1.63123e-03 1.59016e-03 1.55096e-03 1.51308e-03 1.47573e-03 1.43807e-03 1.39939e-03 1.35921e-03 1.31741e-03 1.27412e-03 1.22972e-03 1.18469e-03 1.13946e-03 1.09431e-03 1.04939e-03 1.00474e-03 9.60566e-04 9.17377e-04 8.75994e-04 8.37255e-04 8.01597e-04 7.68855e-04 7.38434e-04 7.09700e-04 6.82273e-04 6.56057e-04 6.31059e-04 6.07208e-04 5.84310e-04 5.62082e-04 5.40175e-04 5.18198e-04 4.95892e-04 4.73449e-04 4.51327e-04 4.29513e-04 4.07195e-04 3.83330e-04 3.57399e-04 3.29638e-04 3.00681e-04 2.71114e-04 2.41284e-04 2.11437e-04 1.82087e-04 1.54206e-04 1.28815e-04 1.06210e-04 8.58863e-05 6.74972e-05 5.12502e-05 3.66564e-05 2.26383e-05 1.04185e-05 2.99504e-06 4.47372e-07 3.54223e-08 2.31306e-09 3.29475e-11
20.507824 2.28452e-02 2.77145e-02 1.62727e-02 1.02136e-02 7.60628e-03 7.00557e-03 7.39865e-03 8.11928e-03 8.84064e-03 9.38683e-03 9.66250e-03 9.68777e-03 9.55429e-03 9.33387e-03 9.07400e-03 8.82777e-03 8.62089e-03 8.42693e-03 8.23117e-03 8.07533e-03 7.97528e-03 7.89401e-03 7.82228e-03 7.78426e-03 7.77960e-03 7.74218e-03 7.53960e-03 7.07665e-03 6.43022e-03 5.81497e-03 5.41526e-03 5.25870e-03 5.23715e-03 5.22075e-03 5.13034e-03 4.94671e-03 4.69900e-03 4.43963e-03 4.20997e-03 4.02221e-03 3.86783e-03 3.73678e-03 3.62521e-03 3.52866e-03 3.44048e-03 3.35497e-03 3.26400e-03 3.16388e-03 3.06176e-03 2.96492e-03 2.87441e-03 2.78989e-03 2.71207e-03 2.64077e-03 2.57447e-03 2.51188e-03 2.45257e-03 2.39671e-03 2.34409e-03 2.29317e-03 2.24182e-03 2.18882e-03 2.13437e-03 2.07932e-03 2.02436e-03 1.96987e-03 1.91596e-03 1.86254e-03 1.80934e-03 1.75619e-03 1.70312e-03 1.65037e-03 1.59806e-03 1.54603e-03 1.49380e-03 1.44084e-03 1.38678e-03 1.33149e-03 1.27516e-03 1.21814e-03 1.16084e-03 1.10373e-03 1.04722e-03 9.91760e-04 9.37863e-04 8.86194e-04 8.37503e-04 7.92431e-04 7.51301e-04 7.14086e-04 6.80539e-04 6.50337e-04 6.23183e-04 5.98863e-04 5.77237e-04 5.58071e-04 5.40848e-04 5.24734e-04 5.08750e-04 4.92067e-04 4.74416e-04 4.56363e-04 4.38695e-04 4.21304e-04 4.03177e-04 3.83250e-04 3.60988e-04 3.36541e-04 3.10542e-04 2.83684e-04 2.56413e-04 2.28887e-04 2.01157e-04 1.73479e-04 1.46614e-04 1.21757e-04 9.98036e-05 8.05161e-05 6.29992e-05 4.72108e-05 3.37739e-05 2.21587e-05 1.17089e-05 4.08804e-06 7.51747e-07 6.23140e-08 3.27810e-09 5.52168e-11
20.757919 2.15713e-02 2.66070e-02 1.57969e-02 9.94876e-03 7.49115e-03 7.05201e-03 7.55144e-03 8.25430e-03 8.87233e-03 9.28841e-03 9.44766e-03 9.41429e-03 9.31941e-03 9.23962e-03 9.16828e-03 9.04920e-03 8.83418e-03 8.54207e-03 8.24880e-03 8.04084e-03 7.95578e-03 7.95851e-03 7.99094e-03 8.01407e-03 7.99497e-03 7.87482e-03 7.57598e-03 7.07247e-03 6.45800e-03 5.90427e-03 5.54338e-03 5.37761e-03 5.29183e-03 5.16625e-03 4.96634e-03 4.72563e-03 4.48116e-03 4.25111e-03 4.04958e-03 3.88823e-03 3.76426e-03 3.66233e-03 3.56841e-03 3.47239e-03 3.37049e-03 3.27175e-03 3.18467e-03 3.10411e-03 3.02183e-03 2.93830e-03 2.85963e-03 2.79055e-03 2.73185e-03 2.68050e-03 2.63121e-03 2.58015e-03 2.52710e-03 2.47357e-03 2.42167e-03 2.37354e-03 2.32967e-03 2.28822e-03 2.24627e-03 2.20192e-03 2.15504e-03 2.10639e-03 2.05659e-03 2.00592e-03 1.95432e-03 1.90138e-03 1.84637e-03 1.78843e-03 1.72701e-03 1.66219e-03 1.59471e-03 1.52548e-03 1.45526e-03 1.38455e-03 1.31372e-03 1.24311e-03 1.17317e-03 1.10446e-03 1.03759e-03 9.73141e-04 9.11690e-04 8.53748e-04 7.99714e-04 7.49798e-04 7.04016e-04 6.62167e-04 6.23821e-04 5.88490e-04 5.55971e-04 5.26457e-04 5.00243e-04 4.77370e-04 4.57575e-04 4.40353e-04 4.24907e-04 4.10347e-04 3.96302e-04 3.83050e-04 3.70704e-04 3.58825e-04 3.46620e-04 3.33062e-04 3.17410e-04 2.99701e-04 2.80498e-04 2.60325e-04 2.39404e-04 2.17700e-04 1.95045e-04 1.71281e-04 1.46535e-04 1.21566e-04 9.77577e-05 7.63500e-05 5.76120e-05 4.13343e-05 2.78579e-05 1.73705e-05 9.21155e-06 3.44749e-06 7.23366e-07 7.53594e-08 5.20187e-09 1.06976e-10
21.008015 2.00448e-02 2.52707e-02 1.54268e-02 9.97503e-03 7.60706e-03 7.17360e-03 7.69230e-03 8.37876e-03 8.87526e-03 9.07389e-03 9.02219e-03 8.92020e-03 8.93404e-03 9.03653e-03 9.07794e-03 8.95909e-03 8.68297e-03 8.32796e-03 8.02120e-03 7.88100e-03 7.93568e-03 8.07642e-03 8.14618e-03 8.08200e-03 7.91616e-03 7.66877e-03 7.29841e-03 6.78893e-03 6.22681e-03 5.74568e-03 5.42532e-03 5.23890e-03 5.09023e-03 4.91345e-03 4.71847e-03 4.54458e-03 4.40047e-03 4.25705e-03 4.08742e-03 3.89805e-03 3.71248e-03 3.54772e-03 3.41739e-03 3.32599e-03 3.25809e-03 3.19335e-03 3.12502e-03 3.05732e-03 2.99543e-03 2.94096e-03 2.89182e-03 2.84363e-03 2.79233e-03 2.73675e-03 2.67888e-03 2.62200e-03 2.56846e-03 2.51832e-03 2.46923e-03 2.42020e-03 2.37374e-03 2.33217e-03 2.29557e-03 2.26155e-03 2.22604e-03 2.18565e-03 2.13934e-03 2.08812e-03 2.03362e-03 1.97692e-03 1.91811e-03 1.85661e-03 1.79167e-03 1.72289e-03 1.65037e-03 1.57465e-03 1.49670e-03 1.41770e-03 1.33889e-03 1.26146e-03 1.18642e-03 1.11445e-03 1.04589e-03 9.80818e-04 9.19122e-04 8.60499e-04 8.04526e-04 7.51016e-04 7.00303e-04 6.53051e-04 6.09673e-04 5.69806e-04 5.32414e-04 4.96812e-04 4.63547e-04 4.33839e-04 4.08213e-04 3.86081e-04 3.66515e-04 3.48958e-04 3.33216e-04 3.19165e-04 3.06796e-04 2.95980e-04 2.85633e-04 2.74205e-04 2.61192e-04 2.47259e-04 2.33154e-04 2.19059e-04 2.04743e-04 1.89906e-04 1.74301e-04 1.57647e-04 1.39575e-04 1.19806e-04 9.85482e-05 7.68146e-05 5.61787e-05 3.81377e-05 2.37283e-05 1.32864e-05 6.32918e-06 2.23411e-06 4.94597e-07 7.17157e-08 7.75446e-09 1.84030e-10
21.258110 1.85637e-02 2.38855e-02 1.50714e-02 1.00869e-02 7.82166e-03 7.35582e-03 7.79480e-03 8.31824e-03 8.53319e-03 8.49213e-03 8.42299e-03 8.45450e-03 8.55524e-03 8.63612e-03 8.63694e-03 8.52064e-03 8.27892e-03 7.97431e-03 7.73960e-03 7.69843e-03 7.83559e-03 7.97397e-03 7.94535e-03 7.74122e-03 7.44606e-03 7.09269e-03 6.66054e-03 6.16457e-03 5.68330e-03 5.30884e-03 5.07538e-03 4.93635e-03 4.82661e-03 4.72684e-03 4.64555e-03 4.56997e-03 4.46582e-03 4.31022e-03 4.11085e-03 3.90305e-03 3.72406e-03 3.58413e-03 3.46753e-03 3.35661e-03 3.24741e-03 3.14803e-03 3.06839e-03 3.01040e-03 2.96616e-03 2.92439e-03 2.87875e-03 2.83105e-03 2.78669e-03 2.74779e-03 2.71171e-03 2.67433e-03 2.63290e-03 2.58689e-03 2.53656e-03 2.47987e-03 2.41434e-03 2.34385e-03 2.27651e-03 2.21749e-03 2.16782e-03 2.12555e-03 2.08731e-03 2.04961e-03 2.00880e-03 1.96121e-03 1.90429e-03 1.83782e-03 1.76400e-03 1.68618e-03 1.60729e-03 1.52917e-03 1.45265e-03 1.37813e-03 1.30593e-03 1.23640e-03 1.16983e-03 1.10633e-03 1.04572e-03 9.87443e-04 9.30668e-04 8.74691e-04 8.19340e-04 7.64989e-04 7.12256e-04 6.61813e-04 6.14263e-04 5.69944e-04 5.28678e-04 4.89744e-04 4.52602e-04 4.17776e-04 3.86412e-04 3.58970e-04 3.35002e-04 3.13989e-04 2.95706e-04 2.79948e-04 2.66660e-04 2.55575e-04 2.45351e-04 2.34545e-04 2.23084e-04 2.11712e-04 2.00723e-04 1.89736e-04 1.78217e-04 1.65883e-04 1.52715e-04 1.38793e-04 1.24152e-04 1.08706e-04 9.22749e-05 7.48148e-05 5.68163e-05 3.95440e-05 2.46584e-05 1.33588e-05 5.91010e-06 1.91358e-06 4.24201e-07 7.78275e-08 1.02783e-08 2.53980e-10
21.508206 1.74290e-02 2.29031e-02 1.48644e-02 1.01938e-02 8.04469e-03 7.51096e-03 7.69552e-03 7.94984e-03 8.06742e-03 8.07943e-03 8.02789e-03 7.98345e-03 8.03797e-03 8.15954e-03 8.18182e-03 8.00128e-03 7.67649e-03 7.35327e-03 7.18832e-03 7.25716e-03 7.44818e-03 7.54142e-03 7.43849e-03 7.20020e-03 6.88646e-03 6.49860e-03 6.04644e-03 5.58768e-03 5.20923e-03 4.97129e-03 4.87183e-03 4.86929e-03 4.90075e-03 4.88408e-03 4.76838e-03 4.59330e-03 4.45172e-03 4.38750e-03 4.35691e-03 4.28235e-03 4.11983e-03 3.88596e-03 3.63913e-03 3.43169e-03 3.27754e-03 3.16100e-03 3.06225e-03 2.97283e-03 2.89799e-03 2.84905e-03 2.83035e-03 2.83176e-03 2.83332e-03 2.81759e-03 2.77784e-03 2.71636e-03 2.63877e-03 2.55052e-03 2.45672e-03 2.36406e-03 2.27970e-03 2.20502e-03 2.13668e-03 2.07476e-03 2.02222e-03 1.98032e-03 1.94709e-03 1.91716e-03 1.88320e-03 1.83852e-03 1.77959e-03 1.70737e-03 1.62703e-03 1.54564e-03 1.46885e-03 1.39899e-03 1.33568e-03 1.27756e-03 1.22330e-03 1.17200e-03 1.12309e-03 1.07597e-03 1.02974e-03 9.83191e-04 9.35303e-04 8.85818e-04 8.35311e-04 7.84621e-04 7.34279e-04 6.84522e-04 6.35526e-04 5.87384e-04 5.40271e-04 4.94861e-04 4.52150e-04 4.12845e-04 3.77137e-04 3.44706e-04 3.15092e-04 2.88584e-04 2.66031e-04 2.47800e-04 2.33602e-04 2.22658e-04 2.13528e-04 2.04712e-04 1.95803e-04 1.87279e-04 1.79261e-04 1.71146e-04 1.62191e-04 1.51964e-04 1.40348e-04 1.27421e-04 1.13399e-04 9.85739e-05 8.32659e-05 6.78262e-05 5.26609e-05 3.82591e-05 2.52644e-05 1.44822e-05 6.68576e-06 2.23287e-06 5.08681e-07 9.24528e-08 1.17087e-08 2.84838e-10
21.758301 1.69894e-02 2.28688e-02 1.51025e-02 1.04325e-02 8.28243e-03 7.64022e-03 7.67167e-03 7.83091e-03 7.83556e-03 7.66964e-03 7.50355e-03 7.46538e-03 7.51952e-03 7.54342e-03 7.45889e-03 7.27310e-03 7.04929e-03 6.89442e-03 6.91452e-03 7.09438e-03 7.27110e-03 7.30265e-03 7.17762e-03 6.92902e-03 6.56056e-03 6.09476e-03 5.61458e-03 5.23052e-03 5.02372e-03 5.00610e-03 5.09973e-03 5.17122e-03 5.14800e-03 5.07664e-03 5.03130e-03 5.01918e-03 4.99409e-03 4.91532e-03 4.77521e-03 4.59065e-03 4.38534e-03 4.17511e-03 3.96161e-03 3.74435e-03 3.53528e-03 3.35762e-03 3.23581e-03 3.17640e-03 3.15296e-03 3.12283e-03 3.06185e-03 2.97590e-03 2.88381e-03 2.79665e-03 2.71276e-03 2.62759e-03 2.54165e-03 2.45793e-03 2.37650e-03 2.29360e-03 2.20591e-03 2.11670e-03 2.03443e-03 1.96364e-03 1.90430e-03 1.85486e-03 1.81112e-03 1.76727e-03 1.71820e-03 1.66092e-03 1.59557e-03 1.52512e-03 1.45395e-03 1.38637e-03 1.32533e-03 1.27160e-03 1.22431e-03 1.18210e-03 1.14380e-03 1.10849e-03 1.07529e-03 1.04327e-03 1.01135e-03 9.78419e-04 9.43554e-04 9.06320e-04 8.66722e-04 8.25006e-04 7.81447e-04 7.36251e-04 6.89413e-04 6.40534e-04 5.89176e-04 5.35757e-04 4.82108e-04 4.31012e-04 3.84823e-04 3.44069e-04 3.07471e-04 2.74213e-04 2.45884e-04 2.24416e-04 2.09411e-04 1.98911e-04 1.90955e-04 1.83826e-04 1.76411e-04 1.68683e-04 1.61022e-04 1.53377e-04 1.45335e-04 1.36442e-04 1.26313e-04 1.14730e-04 1.01751e-04 8.77048e-05 7.31233e-05 5.86777e-05 4.50583e-05 3.27471e-05 2.19660e-05 1.29546e-05 6.20099e-06 2.16574e-06 5.21022e-07 9.75332e-08 1.22679e-08 2.96532e-10
22.008397 1.73677e-02 2.38194e-02 1.58322e-02 1.08722e-02 8.61819e-03 7.94126e-03 7.84182e-03 7.71446e-03 7.45870e-03 7.20605e-03 7.06507e-03 7.06520e-03 7.14245e-03 7.18633e-03 7.11908e-03 6.94701e-03 6.78183e-03 6.77626e-03 6.96895e-03 7.22491e-03 7.38651e-03 7.38178e-03 7.17441e-03 6.75100e-03 6.18621e-03 5.62793e-03 5.22331e-03 5.05414e-03 5.08002e-03 5.17747e-03 5.26485e-03 5.33879e-03 5.40279e-03 5.43438e-03 5.41719e-03 5.35137e-03 5.23850e-03 5.08638e-03 4.91826e-03 4.75797e-03 4.60872e-03 4.45872e-03 4.30519e-03 4.16236e-03 4.04459e-03 3.94384e-03 3.83205e-03 3.68913e-03 3.52090e-03 3.35122e-03 3.20078e-03 3.07195e-03 2.95504e-03 2.84425e-03 2.74251e-03 2.65484e-03 2.58154e-03 2.51727e-03 2.45407e-03 2.38418e-03 2.30147e-03 2.20376e-03 2.09920e-03 2.00538e-03 1.93190e-03 1.87213e-03 1.81532e-03 1.75586e-03 1.69160e-03 1.62246e-03 1.55146e-03 1.48300e-03 1.42002e-03 1.36323e-03 1.31213e-03 1.26581e-03 1.22331e-03 1.18391e-03 1.14722e-03 1.11311e-03 1.08142e-03 1.05175e-03 1.02350e-03 9.95948e-04 9.68359e-04 9.40019e-04 9.10250e-04 8.78455e-04 8.44191e-04 8.07137e-04 7.66767e-04 7.22078e-04 6.71954e-04 6.15967e-04 5.55034e-04 4.91718e-04 4.29935e-04 3.73661e-04 3.25058e-04 2.83588e-04 2.47948e-04 2.19319e-04 1.99796e-04 1.87924e-04 1.79933e-04 1.73107e-04 1.65915e-04 1.57702e-04 1.48761e-04 1.39631e-04 1.30482e-04 1.21097e-04 1.11086e-04 1.00119e-04 8.81036e-05 7.52317e-05 6.19664e-05 4.89752e-05 3.69430e-05 2.63375e-05 1.73605e-05 1.01347e-05 4.87619e-06 1.76473e-06 4.64806e-07 9.77707e-08 1.30146e-08 3.20103e-10
22.258492 1.82126e-02 2.52144e-02 1.67752e-02 1.14515e-02 9.02560e-03 8.11788e-03 7.71187e-03 7.42347e-03 7.19363e-03 7.04094e-03 6.99017e-03 7.02313e-03 7.06766e-03 7.05302e-03 6.96372e-03 6.85937e-03 6.85174e-03 7.01265e-03 7.28105e-03 7.50573e-03 7.54528e-03 7.31204e-03 6.81829e-03 6.19599e-03 5.63369e-03 5.27846e-03 5.15300e-03 5.18004e-03 5.27732e-03 5.38145e-03 5.43258e-03 5.40667e-03 5.33448e-03 5.25317e-03 5.16463e-03 5.05336e-03 4.92586e-03 4.81151e-03 4.72782e-03 4.66959e-03 4.62544e-03 4.58865e-03 4.55558e-03 4.51256e-03 4.43101e-03 4.28814e-03 4.09082e-03 3.87258e-03 3.66720e-03 3.48957e-03 3.33818e-03 3.20550e-03 3.08549e-03 2.97692e-03 2.88206e-03 2.80227e-03 2.73485e-03 2.67362e-03 2.61251e-03 2.54842e-03 2.48018e-03 2.40505e-03 2.31830e-03 2.21953e-03 2.11823e-03 2.02649e-03 1.94831e-03 1.88036e-03 1.81741e-03 1.75492e-03 1.69115e-03 1.62787e-03 1.56816e-03 1.51365e-03 1.46393e-03 1.41776e-03 1.37400e-03 1.33205e-03 1.29179e-03 1.25352e-03 1.21752e-03 1.18371e-03 1.15134e-03 1.11927e-03 1.08637e-03 1.05189e-03 1.01541e-03 9.76604e-04 9.35077e-04 8.90429e-04 8.42247e-04 7.90045e-04 7.33421e-04 6.72339e-04 6.07385e-04 5.40083e-04 4.73183e-04 4.10496e-04 3.55726e-04 3.10348e-04 2.72487e-04 2.39635e-04 2.12829e-04 1.94660e-04 1.83501e-04 1.75048e-04 1.66625e-04 1.57099e-04 1.46250e-04 1.34626e-04 1.22890e-04 1.11331e-04 9.98786e-05 8.83361e-05 7.65669e-05 6.45830e-05 5.25946e-05 4.10201e-05 3.03813e-05 2.11283e-05 1.35376e-05 7.72620e-06 3.70816e-06 1.39240e-06 4.03222e-07 9.50527e-08 1.34906e-08 3.42309e-10
22.508587 1.89025e-02 2.63543e-02 1.76356e-02 1.20067e-02 9.23626e-03 7.99828e-03 7.39274e-03 7.06945e-03 6.93113e-03 6.92894e-03 6.99006e-03 7.03971e-03 7.04783e-03 7.02973e-03 7.01819e-03 7.05505e-03 7.19768e-03 7.44081e-03 7.63275e-03 7.59057e-03 7.25972e-03 6.72647e-03 6.14976e-03 5.69555e-03 5.46643e-03 5.44716e-03 5.53255e-03 5.60239e-03 5.57493e-03 5.44612e-03 5.28025e-03 5.13562e-03 5.01852e-03 4.90215e-03 4.77457e-03 4.66047e-03 4.58433e-03 4.54031e-03 4.51084e-03 4.48714e-03 4.46996e-03 4.45546e-03 4.42090e-03 4.33918e-03 4.20784e-03 4.05001e-03 3.88878e-03 3.73566e-03 3.59660e-03 3.47380e-03 3.36438e-03 3.26264e-03 3.16466e-03 3.07086e-03 2.98464e-03 2.90845e-03 2.84028e-03 2.77476e-03 2.70872e-03 2.64431e-03 2.58529e-03 2.53219e-03 2.48135e-03 2.42671e-03 2.36337e-03 2.29110e-03 2.21462e-03 2.14064e-03 2.07348e-03 2.01214e-03 1.95083e-03 1.88403e-03 1.81240e-03 1.74226e-03 1.67927e-03 1.62483e-03 1.57755e-03 1.53519e-03 1.49572e-03 1.45770e-03 1.42034e-03 1.38315e-03 1.34529e-03 1.30538e-03 1.26199e-03 1.21438e-03 1.16260e-03 1.10692e-03 1.04724e-03 9.83293e-04 9.15222e-04 8.43795e-04 7.70253e-04 6.96040e-04 6.22640e-04 5.51684e-04 4.85359e-04 4.26733e-04 3.78512e-04 3.39629e-04 3.05193e-04 2.72524e-04 2.43539e-04 2.21043e-04 2.05050e-04 1.92651e-04 1.80996e-04 1.68689e-04 1.55239e-04 1.40797e-04 1.25944e-04 1.11276e-04 9.71628e-05 8.37374e-05 7.09857e-05 5.88393e-05 4.72807e-05 3.64329e-05 2.65749e-05 1.80657e-05 1.12214e-05 6.19350e-06 2.91052e-06 1.10774e-06 3.41828e-07 8.74551e-08 1.31588e-08 3.47010e-10
22.758683 1.93017e-02 2.70878e-02 1.82533e-02 1.23562e-02 9.22255e-03 7.69626e-03 6.95657e-03 6.66237e-03 6.65456e-03 6.76812e-03 6.86116e-03 6.89854e-03 6.93324e-03 7.01590e-03 7.15396e-03 7.33030e-03 7.51450e-03 7.63622e-03 7.58499e-03 7.27272e-03 6.75785e-03 6.25452e-03 5.95334e-03 5.89850e-03 6.00556e-03 6.11833e-03 6.07590e-03 5.82050e-03 5.45873e-03 5.14369e-03 4.93717e-03 4.80443e-03 4.68221e-03 4.55248e-03 4.44301e-03 4.37001e-03 4.32468e-03 4.29308e-03 4.26840e-03 4.24924e-03 4.22422e-03 4.16901e-03 4.07174e-03 3.94776e-03 3.81837e-03 3.69323e-03 3.57609e-03 3.47092e-03 3.38114e-03 3.30614e-03 3.24071e-03 3.17872e-03 3.11670e-03 3.05406e-03 2.99133e-03 2.92827e-03 2.86269e-03 2.79294e-03 2.72288e-03 2.66182e-03 2.61717e-03 2.58906e-03 2.57160e-03 2.55672e-03 2.53708e-03 2.50790e-03 2.46712e-03 2.41497e-03 2.35466e-03 2.29216e-03 2.23170e-03 2.17081e-03 2.10286e-03 2.02587e-03 1.94525e-03 1.86833e-03 1.79883e-03 1.73630e-03 1.67823e-03 1.62216e-03 1.56661e-03 1.51091e-03 1.45439e-03 1.39602e-03 1.33491e-03 1.27090e-03 1.20431e-03 1.13558e-03 1.06500e-03 9.93021e-04 9.20284e-04 8.47501e-04 7.75296e-04 7.04231e-04 6.35031e-04 5.69177e-04 5.09628e-04 4.59510e-04 4.17894e-04 3.79928e-04 3.43616e-04 3.10416e-04 2.81408e-04 2.56746e-04 2.36048e-04 2.18236e-04 2.01830e-04 1.85633e-04 1.69009e-04 1.51801e-04 1.34232e-04 1.16779e-04 9.99833e-05 8.42734e-05 6.98762e-05 5.68263e-05 4.50465e-05 3.44588e-05 2.50812e-05 1.70582e-05 1.05990e-05 5.84172e-06 2.74050e-06 1.04351e-06 3.20305e-07 8.06213e-08 1.21963e-08 3.30694e-10
23.008778 1.97376e-02 2.76140e-02 1.85832e-02 1.24664e-02 9.03507e-03 7.29909e-03 6.51942e-03 6.28346e-03 6.31696e-03 6.41485e-03 6.49322e-03 6.59896e-03 6.80473e-03 7.07926e-03 7.30787e-03 7.42270e-03 7.42842e-03 7.33668e-03 7.13026e-03 6.81686e-03 6.49822e-03 6.31424e-03 6.32617e-03 6.48141e-03 6.63592e-03 6.59834e-03 6.28034e-03 5.80940e-03 5.39093e-03 5.11060e-03 4.91050e-03 4.70472e-03 4.48740e-03 4.30111e-03 4.16637e-03 4.08503e-03 4.04571e-03 4.02159e-03 3.98281e-03 3.90967e-03 3.80139e-03 3.67978e-03 3.57090e-03 3.48372e-03 3.41331e-03 3.35260e-03 3.29755e-03 3.24657e-03 3.19795e-03 3.14885e-03 3.09814e-03 3.04969e-03 3.00985e-03 2.98081e-03 2.95738e-03 2.93077e-03 2.89466e-03 2.84868e-03 2.79802e-03 2.75043e-03 2.71215e-03 2.68587e-03 2.67103e-03 2.66502e-03 2.66424e-03 2.66463e-03 2.66151e-03 2.64922e-03 2.62190e-03 2.57531e-03 2.50910e-03 2.42707e-03 2.33393e-03 2.23264e-03 2.12589e-03 2.01917e-03 1.91907e-03 1.82920e-03 1.74889e-03 1.67513e-03 1.60513e-03 1.53699e-03 1.46923e-03 1.40068e-03 1.33087e-03 1.26008e-03 1.18886e-03 1.11773e-03 1.04694e-03 9.76452e-04 9.06036e-04 8.35370e-04 7.64414e-04 6.94216e-04 6.27876e-04 5.70150e-04 5.22175e-04 4.79018e-04 4.38460e-04 4.01546e-04 3.68342e-04 3.38073e-04 3.10080e-04 2.84008e-04 2.59698e-04 2.37016e-04 2.15724e-04 1.95444e-04 1.75748e-04 1.56315e-04 1.37061e-04 1.18167e-04 1.00015e-04 8.30592e-05 6.76717e-05 5.40458e-05 4.21864e-05 3.19760e-05 2.32744e-05 1.60035e-05 1.01683e-05 5.79491e-06 2.83690e-06 1.12354e-06 3.41303e-07 7.81866e-08 1.10284e-08 3.00323e-10
23.258874 2.02032e-02 2.79820e-02 1.86801e-02 1.24157e-02 8.79654e-03 6.92052e-03 6.09361e-03 5.84252e-03 5.86446e-03 5.99923e-03 6.21691e-03 6.53807e-03 6.89977e-03 7.16015e-03 7.24642e-03 7.20154e-03 7.09272e-03 6.94568e-03 6.77624e-03 6.63670e-03 6.59254e-03 6.67317e-03 6.84873e-03 7.00128e-03 6.94268e-03 6.59411e-03 6.09203e-03 5.63758e-03 5.32427e-03 5.09594e-03 4.84753e-03 4.56700e-03 4.30647e-03 4.10587e-03 3.98377e-03 3.92428e-03 3.88038e-03 3.80864e-03 3.70088e-03 3.58176e-03 3.47796e-03 3.39464e-03 3.32066e-03 3.24525e-03 3.16543e-03 3.08560e-03 3.01555e-03 2.96596e-03 2.94263e-03 2.94381e-03 2.96232e-03 2.98880e-03 3.01323e-03 3.02621e-03 3.02132e-03 2.99765e-03 2.96124e-03 2.92316e-03 2.89331e-03 2.87503e-03 2.86508e-03 2.85737e-03 2.84682e-03 2.83159e-03 2.81259e-03 2.79145e-03 2.76886e-03 2.74424e-03 2.71605e-03 2.68182e-03 2.63719e-03 2.57535e-03 2.49011e-03 2.38260e-03 2.26143e-03 2.13577e-03 2.01200e-03 1.89455e-03 1.78640e-03 1.68853e-03 1.60007e-03 1.51924e-03 1.44413e-03 1.37314e-03 1.30500e-03 1.23857e-03 1.17277e-03 1.10647e-03 1.03844e-03 9.67593e-04 8.94082e-04 8.21223e-04 7.56083e-04 7.00610e-04 6.48579e-04 5.98277e-04 5.51219e-04 5.07531e-04 4.66816e-04 4.28940e-04 3.93900e-04 3.61569e-04 3.31627e-04 3.03646e-04 2.77227e-04 2.52072e-04 2.27990e-04 2.04861e-04 1.82590e-04 1.61080e-04 1.40235e-04 1.20023e-04 1.00567e-04 8.21827e-05 6.53206e-05 5.04269e-05 3.77979e-05 2.75000e-05 1.93735e-05 1.31128e-05 8.38507e-06 4.92100e-06 2.53167e-06 1.06633e-06 3.38208e-07 7.52651e-08 9.95624e-09 2.68757e-10
23.508969 2.04469e-02 2.81299e-02 1.86969e-02 1.23751e-02 8.62368e-03 6.61090e-03 5.70899e-03 5.44469e-03 5.52007e-03 5.78983e-03 6.16663e-03 6.55120e-03 6.85612e-03 7.05096e-03 7.14155e-03 7.13202e-03 7.03539e-03 6.90010e-03 6.80702e-03 6.81933e-03 6.93180e-03 7.08408e-03 7.18505e-03 7.12937e-03 6.86524e-03 6.43225e-03 5.93733e-03 5.49799e-03 5.15350e-03 4.85343e-03 4.56882e-03 4.32051e-03 4.12918e-03 3.99660e-03 3.89859e-03 3.79716e-03 3.67155e-03 3.53595e-03 3.41843e-03 3.33098e-03 3.26763e-03 3.21833e-03 3.17686e-03 3.13938e-03 3.10102e-03 3.05717e-03 3.00856e-03 2.96250e-03 2.92751e-03 2.90854e-03 2.90583e-03 2.91345e-03 2.92137e-03 2.92441e-03 2.92684e-03 2.93572e-03 2.95385e-03 2.97952e-03 3.00864e-03 3.03694e-03 3.06128e-03 3.07922e-03 3.08837e-03 3.08621e-03 3.07021e-03 3.03873e-03 2.99224e-03 2.93356e-03 2.86681e-03 2.79615e-03 2.72445e-03 2.64963e-03 2.56349e-03 2.46083e-03 2.34431e-03 2.21844e-03 2.08703e-03 1.95541e-03 1.83088e-03 1.71948e-03 1.62270e-03 1.53822e-03 1.46288e-03 1.39381e-03 1.32815e-03 1.26293e-03 1.19584e-03 1.12667e-03 1.05878e-03 9.97080e-04 9.40183e-04 8.83000e-04 8.25799e-04 7.70765e-04 7.18248e-04 6.67579e-04 6.18236e-04 5.70175e-04 5.23720e-04 4.79334e-04 4.37475e-04 3.98550e-04 3.62890e-04 3.30690e-04 3.01898e-04 2.76131e-04 2.52684e-04 2.30692e-04 2.09381e-04 1.88271e-04 1.67222e-04 1.46301e-04 1.25618e-04 1.05270e-04 8.54343e-05 6.65033e-05 4.91077e-05 3.39846e-05 2.17654e-05 1.27700e-05 6.85782e-06 3.42282e-06 1.61814e-06 7.05110e-07 2.54366e-07 6.50794e-08 9.18086e-09 2.53544e-10
23.759064 2.05101e-02 2.81914e-02 1.87630e-02 1.24193e-02 8.54492e-03 6.40354e-03 5.44925e-03 5.23513e-03 5.43831e-03 5.81569e-03 6.18669e-03 6.48587e-03 6.74283e-03 6.97723e-03 7.14055e-03 7.17459e-03 7.10121e-03 7.01955e-03 7.01876e-03 7.09493e-03 7.15159e-03 7.11100e-03 6.99819e-03 6.85099e-03 6.61884e-03 6.25165e-03 5.79916e-03 5.34926e-03 4.96085e-03 4.66378e-03 4.44724e-03 4.27680e-03 4.12689e-03 3.98119e-03 3.82637e-03 3.66461e-03 3.51839e-03 3.40668e-03 3.32835e-03 3.27088e-03 3.22424e-03 3.18476e-03 3.15060e-03 3.11797e-03 3.08384e-03 3.05028e-03 3.02365e-03 3.00904e-03 3.00586e-03 3.00665e-03 2.99876e-03 2.97116e-03 2.92384e-03 2.86950e-03 2.82406e-03 2.79751e-03 2.79583e-03 2.82755e-03 2.89888e-03 3.00067e-03 3.10711e-03 3.19064e-03 3.23680e-03 3.24660e-03 3.22978e-03 3.19692e-03 3.15522e-03 3.10775e-03 3.05453e-03 2.99433e-03 2.92417e-03 2.83634e-03 2.72662e-03 2.60358e-03 2.47731e-03 2.35056e-03 2.22330e-03 2.09751e-03 1.97668e-03 1.86309e-03 1.75723e-03 1.65883e-03 1.56699e-03 1.48088e-03 1.40098e-03 1.32936e-03 1.26698e-03 1.21012e-03 1.15348e-03 1.09576e-03 1.03863e-03 9.83510e-04 9.30708e-04 8.79791e-04 8.30033e-04 7.80719e-04 7.31356e-04 6.81770e-04 6.32102e-04 5.82725e-04 5.34148e-04 4.86929e-04 4.41630e-04 3.98789e-04 3.58917e-04 3.22467e-04 2.89810e-04 2.61188e-04 2.36626e-04 2.15779e-04 1.97865e-04 1.81805e-04 1.66542e-04 1.51285e-04 1.35522e-04 1.18921e-04 1.01287e-04 8.26604e-05 6.35034e-05 4.48183e-05 2.80843e-05 1.48988e-05 6.26606e-06 1.91494e-06 3.97803e-07 6.47785e-08 8.68119e-09 2.53831e-10
24.009160 2.05662e-02 2.83738e-02 1.89425e-02 1.25303e-02 8.53846e-03 6.31224e-03 5.36642e-03 5.24717e-03 5.55791e-03 5.98159e-03 6.33420e-03 6.59220e-03 6.80241e-03 6.97186e-03 7.06650e-03 7.08131e-03 7.06609e-03 7.07473e-03 7.09491e-03 7.04340e-03 6.88291e-03 6.70663e-03 6.60137e-03 6.51516e-03 6.33940e-03 6.03422e-03 5.63970e-03 5.23114e-03 4.89404e-03 4.66293e-03 4.49751e-03 4.34211e-03 4.16894e-03 3.97876e-03 3.79056e-03 3.62881e-03 3.50468e-03 3.41141e-03 3.33818e-03 3.28193e-03 3.24529e-03 3.22796e-03 3.22354e-03 3.22261e-03 3.21457e-03 3.18808e-03 3.13831e-03 3.07402e-03 3.00998e-03 2.95499e-03 2.91087e-03 2.87754e-03 2.85556e-03 2.84585e-03 2.84706e-03 2.85296e-03 2.85527e-03 2.84908e-03 2.83650e-03 2.83042e-03 2.85427e-03 2.92547e-03 3.03345e-03 3.14298e-03 3.22206e-03 3.26073e-03 3.26632e-03 3.24955e-03 3.21667e-03 3.16857e-03 3.09994e-03 3.00376e-03 2.88557e-03 2.76024e-03 2.63718e-03 2.51816e-03 2.40226e-03 2.28921e-03 2.17928e-03 2.07251e-03 1.96936e-03 1.87189e-03 1.78293e-03 1.70206e-03 1.62474e-03 1.54669e-03 1.46697e-03 1.38732e-03 1.31010e-03 1.23705e-03 1.16903e-03 1.10619e-03 1.04820e-03 9.94353e-04 9.43585e-04 8.94614e-04 8.46176e-04 7.97350e-04 7.47804e-04 6.97833e-04 6.48110e-04 5.99288e-04 5.51709e-04 5.05440e-04 4.60550e-04 4.17357e-04 3.76401e-04 3.38205e-04 3.03127e-04 2.71468e-04 2.43653e-04 2.20088e-04 2.00668e-04 1.84443e-04 1.69893e-04 1.55587e-04 1.40578e-04 1.24382e-04 1.06754e-04 8.75815e-05 6.69790e-05 4.56506e-05 2.55791e-05 1.02870e-05 2.41132e-06 2.48974e-07 1.04973e-08 1.79671e-10
24.259255 2.07294e-02 2.87210e-02 1.92117e-02 1.26906e-02 8.62310e-03 6.38104e-03 5.47348e-03 5.42131e-03 5.79248e-03 6.24340e-03 6.57900e-03 6.76582e-03 6.85297e-03 6.89148e-03 6.91533e-03 6.95034e-03 7.00226e-03 7.02219e-03 6.93164e-03 6.73710e-03 6.55131e-03 6.45468e-03 6.42759e-03 6.39850e-03 6.28874e-03 6.04816e-03 5.68259e-03 5.28108e-03 4.95597e-03 4.72417e-03 4.53100e-03 4.33857e-03 4.14323e-03 3.95825e-03 3.79921e-03 3.67278e-03 3.57556e-03 3.50182e-03 3.44918e-03 3.41674e-03 3.40098e-03 3.39512e-03 3.38943e-03 3.36907e-03 3.32021e-03 3.24370e-03 3.15476e-03 3.06990e-03 3.00021e-03 2.95075e-03 2.91835e-03 2.89288e-03 2.86463e-03 2.82984e-03 2.79112e-03 2.75635e-03 2.73462e-03 2.72876e-03 2.73334e-03 2.74359e-03 2.76174e-03 2.79493e-03 2.85561e-03 2.95812e-03 3.09961e-03 3.24949e-03 3.36954e-03 3.43987e-03 3.46082e-03 3.43717e-03 3.36851e-03 3.25751e-03 3.12014e-03 2.97611e-03 2.83597e-03 2.70274e-03 2.57713e-03 2.45996e-03 2.35338e-03 2.25879e-03 2.17340e-03 2.09155e-03 2.00872e-03 1.92290e-03 1.83401e-03 1.74305e-03 1.65151e-03 1.56099e-03 1.47310e-03 1.38933e-03 1.31091e-03 1.23869e-03 1.17310e-03 1.11394e-03 1.06032e-03 1.01061e-03 9.62733e-04 9.14585e-04 8.64662e-04 8.12529e-04 7.58866e-04 7.04946e-04 6.51891e-04 6.00189e-04 5.49725e-04 5.00206e-04 4.51717e-04 4.05001e-04 3.61072e-04 3.20451e-04 2.82931e-04 2.48250e-04 2.16887e-04 1.89938e-04 1.67959e-04 1.50009e-04 1.34009e-04 1.17895e-04 1.00370e-04 8.10595e-05 6.05994e-05 4.06013e-05 2.30946e-05 9.99739e-06 2.66603e-06 3.00323e-07 7.75416e-09 4.28677e-11
24.509351 2.07947e-02 2.88731e-02 1.93286e-02 1.27814e-02 8.73042e-03 6.52856e-03 5.66431e-03 5.64458e-03 6.01964e-03 6.43917e-03 6.70825e-03 6.79496e-03 6.77300e-03 6.73758e-03 6.74678e-03 6.80085e-03 6.84223e-03 6.80389e-03 6.70175e-03 6.61461e-03 6.57428e-03 6.57611e-03 6.62263e-03 6.66951e-03 6.60903e-03 6.34613e-03 5.90740e-03 5.45550e-03 5.10788e-03 4.83936e-03 4.59355e-03 4.36117e-03 4.15863e-03 4.00089e-03 3.88998e-03 3.81592e-03 3.76595e-03 3.73031e-03 3.70168e-03 3.67426e-03 3.64387e-03 3.60368e-03 3.54478e-03 3.46817e-03 3.38683e-03 3.31140e-03 3.24152e-03 3.16955e-03 3.08754e-03 2.99316e-03 2.89215e-03 2.79564e-03 2.71395e-03 2.65236e-03 2.61132e-03 2.58665e-03 2.57253e-03 2.56873e-03 2.57992e-03 2.60941e-03 2.65689e-03 2.71950e-03 2.79413e-03 2.88040e-03 2.98316e-03 3.11029e-03 3.25960e-03 3.40541e-03 3.50745e-03 3.53688e-03 3.49080e-03 3.38770e-03 3.25580e-03 3.11940e-03 2.99119e-03 2.87501e-03 2.77050e-03 2.67482e-03 2.58416e-03 2.49542e-03 2.40678e-03 2.31721e-03 2.22604e-03 2.13262e-03 2.03657e-03 1.93797e-03 1.83753e-03 1.73647e-03 1.63640e-03 1.53902e-03 1.44597e-03 1.35862e-03 1.27791e-03 1.20413e-03 1.13676e-03 1.07447e-03 1.01550e-03 9.58169e-04 9.01439e-04 8.44995e-04 7.89049e-04 7.33975e-04 6.79936e-04 6.26659e-04 5.73531e-04 5.20052e-04 4.66268e-04 4.12812e-04 3.60781e-04 3.11645e-04 2.66736e-04 2.26397e-04 1.90007e-04 1.57150e-04 1.28474e-04 1.05059e-04 8.69193e-05 7.23526e-05 5.88439e-05 4.47020e-05 3.03271e-05 1.78995e-05 9.10600e-06 3.76978e-06 1.03820e-06 1.26718e-07 3.49343e-09 1.54259e-11
24.759446 2.05053e-02 2.84795e-02 1.90632e-02 1.26475e-02 8.73536e-03 6.64168e-03 5.82749e-03 5.78751e-03 6.08744e-03 6.41844e-03 6.61794e-03 6.65608e-03 6.59370e-03 6.52393e-03 6.50601e-03 6.52097e-03 6.51903e-03 6.51495e-03 6.56357e-03 6.66734e-03 6.80096e-03 6.97015e-03 7.15496e-03 7.24642e-03 7.09880e-03 6.66183e-03 6.07742e-03 5.55334e-03 5.15807e-03 4.84249e-03 4.57336e-03 4.36122e-03 4.21762e-03 4.13697e-03 4.09876e-03 4.07881e-03 4.06062e-03 4.03451e-03 3.99480e-03 3.93976e-03 3.87093e-03 3.79549e-03 3.72197e-03 3.64885e-03 3.56285e-03 3.44936e-03 3.30467e-03 3.14064e-03 2.97902e-03 2.83948e-03 2.73003e-03 2.64792e-03 2.58748e-03 2.54443e-03 2.51526e-03 2.49806e-03 2.49359e-03 2.50457e-03 2.53575e-03 2.59270e-03 2.67787e-03 2.78572e-03 2.90141e-03 3.00532e-03 3.08059e-03 3.11929e-03 3.12627e-03 3.11971e-03 3.12256e-03 3.14460e-03 3.17096e-03 3.17319e-03 3.13820e-03 3.07930e-03 3.01419e-03 2.94845e-03 2.88010e-03 2.80667e-03 2.72715e-03 2.64183e-03 2.55202e-03 2.45960e-03 2.36652e-03 2.27436e-03 2.18396e-03 2.09537e-03 2.00796e-03 1.92077e-03 1.83287e-03 1.74379e-03 1.65368e-03 1.56334e-03 1.47391e-03 1.38657e-03 1.30224e-03 1.22159e-03 1.14507e-03 1.07298e-03 1.00538e-03 9.41569e-04 8.79469e-04 8.15702e-04 7.47167e-04 6.73307e-04 5.97056e-04 5.23195e-04 4.55300e-04 3.94139e-04 3.38529e-04 2.87108e-04 2.39473e-04 1.96155e-04 1.57651e-04 1.23781e-04 9.41348e-05 6.87629e-05 4.82013e-05 3.28774e-05 2.23065e-05 1.48647e-05 8.95934e-06 4.43286e-06 1.80957e-06 6.98163e-07 2.33546e-07 4.28275e-08 2.63695e-09 2.70497e-11
25.009542 2.00409e-02 2.78309e-02 1.86351e-02 1.24451e-02 8.74037e-03 6.75889e-03 5.92212e-03 5.75845e-03 5.92222e-03 6.18050e-03 6.37717e-03 6.43263e-03 6.36147e-03 6.24196e-03 6.14021e-03 6.08412e-03 6.10560e-03 6.23729e-03 6.46856e-03 6.76918e-03 7.13402e-03 7.53778e-03 7.86076e-03 7.91706e-03 7.58025e-03 6.91552e-03 6.15758e-03 5.51011e-03 5.03033e-03 4.69554e-03 4.48219e-03 4.36972e-03 4.32984e-03 4.33497e-03 4.36077e-03 4.38097e-03 4.37048e-03 4.31733e-03 4.23219e-03 4.14517e-03 4.07848e-03 4.02071e-03 3.93858e-03 3.81213e-03 3.65187e-03 3.48440e-03 3.33004e-03 3.19200e-03 3.05880e-03 2.92122e-03 2.78500e-03 2.66290e-03 2.56349e-03 2.49282e-03 2.45927e-03 2.47109e-03 2.53089e-03 2.63338e-03 2.76481e-03 2.90325e-03 3.02244e-03 3.09971e-03 3.12431e-03 3.10204e-03 3.05216e-03 2.99632e-03 2.94756e-03 2.90879e-03 2.88008e-03 2.86421e-03 2.86394e-03 2.87465e-03 2.88282e-03 2.87729e-03 2.85799e-03 2.82974e-03 2.79465e-03 2.75128e-03 2.69736e-03 2.63248e-03 2.55850e-03 2.47811e-03 2.39369e-03 2.30718e-03 2.22044e-03 2.13532e-03 2.05360e-03 1.97689e-03 1.90658e-03 1.84397e-03 1.79054e-03 1.74811e-03 1.71739e-03 1.69430e-03 1.66738e-03 1.62153e-03 1.54691e-03 1.44429e-03 1.32220e-03 1.19094e-03 1.05927e-03 9.33343e-04 8.16711e-04 7.11017e-04 6.16544e-04 5.32644e-04 4.58247e-04 3.92211e-04 3.33415e-04 2.80817e-04 2.33627e-04 1.91462e-04 1.54220e-04 1.21699e-04 9.34237e-05 6.89524e-05 4.82234e-05 3.15408e-05 1.92214e-05 1.11154e-05 6.28375e-06 3.35177e-06 1.46367e-06 4.48931e-07 9.32914e-08 1.42074e-08 1.03512e-09 8.22223e-12
25.259637 1.96687e-02 2.73418e-02 1.83677e-02 1.23943e-02 8.81622e-03 6.79570e-03 5.80381e-03 5.48874e-03 5.57924e-03 5.83121e-03 6.04189e-03 6.09994e-03 6.00305e-03 5.82216e-03 5.65720e-03 5.60553e-03 5.72078e-03 5.99138e-03 6.38443e-03 6.89607e-03 7.51511e-03 8.13032e-03 8.52150e-03 8.47667e-03 7.94219e-03 7.08768e-03 6.19899e-03 5.48596e-03 5.00691e-03 4.72876e-03 4.60047e-03 4.57588e-03 4.60590e-03 4.63533e-03 4.61782e-03 4.53888e-03 4.42383e-03 4.32258e-03 4.27759e-03 4.28825e-03 4.30294e-03 4.26662e-03 4.17415e-03 4.05953e-03 3.94239e-03 3.80228e-03 3.60969e-03 3.36951e-03 3.12124e-03 2.90842e-03 2.75638e-03 2.66958e-03 2.64284e-03 2.67339e-03 2.76099e-03 2.89660e-03 3.05260e-03 3.18708e-03 3.26173e-03 3.25920e-03 3.18914e-03 3.08204e-03 2.97267e-03 2.88370e-03 2.82218e-03 2.78598e-03 2.77003e-03 2.76959e-03 2.78188e-03 2.80410e-03 2.82775e-03 2.83794e-03 2.82300e-03 2.78339e-03 2.72772e-03 2.66372e-03 2.59555e-03 2.52574e-03 2.45658e-03 2.39049e-03 2.32948e-03 2.27422e-03 2.22379e-03 2.17858e-03 2.14569e-03 2.13920e-03 2.16593e-03 2.20719e-03 2.22293e-03 2.18077e-03 2.07854e-03 1.93894e-03 1.78876e-03 1.64535e-03 1.51616e-03 1.40259e-03 1.30213e-03 1.21040e-03 1.12390e-03 1.04107e-03 9.61336e-04 8.84258e-04 8.09305e-04 7.35920e-04 6.63656e-04 5.92289e-04 5.21896e-04 4.52904e-04 3.86152e-04 3.22906e-04 2.64661e-04 2.12731e-04 1.67864e-04 1.30144e-04 9.91399e-05 7.41342e-05 5.43440e-05 3.90621e-05 2.76454e-05 1.93789e-05 1.33805e-05 8.72499e-06 4.85093e-06 1.94537e-06 4.49628e-07 4.54946e-08 1.66387e-09 1.62149e-11
25.509732 1.95036e-02 2.71734e-02 1.83269e-02 1.24234e-02 8.79676e-03 6.62930e-03 5.49058e-03 5.08360e-03 5.12634e-03 5.35277e-03 5.55602e-03 5.61821e-03 5.51793e-03 5.32693e-03 5.18006e-03 5.19306e-03 5.39304e-03 5.74918e-03 6.25310e-03 6.92424e-03 7.71053e-03 8.41499e-03 8.77773e-03 8.63973e-03 8.04062e-03 7.19811e-03 6.38006e-03 5.75873e-03 5.36077e-03 5.11848e-03 4.95250e-03 4.81509e-03 4.68401e-03 4.55001e-03 4.42111e-03 4.32727e-03 4.30653e-03 4.38081e-03 4.53476e-03 4.70570e-03 4.80740e-03 4.77750e-03 4.59658e-03 4.28690e-03 3.91588e-03 3.57465e-03 3.32703e-03 3.18158e-03 3.11030e-03 3.08408e-03 3.09376e-03 3.14740e-03 3.25080e-03 3.38743e-03 3.51340e-03 3.57502e-03 3.54108e-03 3.42313e-03 3.26312e-03 3.10403e-03 2.97188e-03 2.87526e-03 2.81401e-03 2.78518e-03 2.77961e-03 2.78018e-03 2.77143e-03 2.75017e-03 2.72257e-03 2.69311e-03 2.66058e-03 2.62244e-03 2.57877e-03 2.53209e-03 2.48471e-03 2.43572e-03 2.38006e-03 2.31535e-03 2.25728e-03 2.24594e-03 2.31592e-03 2.44281e-03 2.54063e-03 2.53815e-03 2.43639e-03 2.28338e-03 2.12395e-03 1.97944e-03 1.85387e-03 1.74541e-03 1.65153e-03 1.56802e-03 1.48854e-03 1.40836e-03 1.32646e-03 1.24361e-03 1.16033e-03 1.07692e-03 9.93976e-04 9.12440e-04 8.33439e-04 7.58064e-04 6.87205e-04 6.21444e-04 5.60979e-04 5.05578e-04 4.54625e-04 4.07326e-04 3.62988e-04 3.21157e-04 2.81477e-04 2.43510e-04 2.06858e-04 1.71429e-04 1.37513e-04 1.05687e-04 7.67896e-05 5.19576e-05 3.24001e-05 1.88033e-05 1.07115e-05 6.43542e-06 3.87289e-06 1.86470e-06 5.44691e-07 7.42574e-08 4.44366e-09 7.94600e-11
25.759828 1.93989e-02 2.70898e-02 1.82773e-02 1.23063e-02 8.56705e-03 6.28801e-03 5.06603e-03 4.59259e-03 4.57485e-03 4.76551e-03 4.97451e-03 5.06841e-03 5.00352e-03 4.85634e-03 4.77391e-03 4.85423e-03 5.09179e-03 5.45703e-03 5.98589e-03 6.71565e-03 7.52792e-03 8.16664e-03 8.43884e-03 8.32259e-03 7.92082e-03 7.38240e-03 6.83244e-03 6.32756e-03 5.86444e-03 5.42415e-03 5.01435e-03 4.67217e-03 4.42992e-03 4.29533e-03 4.26666e-03 4.35094e-03 4.55384e-03 4.85102e-03 5.15183e-03 5.29116e-03 5.12713e-03 4.68831e-03 4.17439e-03 3.77643e-03 3.54115e-03 3.42116e-03 3.38145e-03 3.42347e-03 3.54814e-03 3.72334e-03 3.88352e-03 3.96290e-03 3.93597e-03 3.82442e-03 3.66756e-03 3.49617e-03 3.33181e-03 3.19220e-03 3.08744e-03 3.01356e-03 2.95537e-03 2.89948e-03 2.84287e-03 2.78862e-03 2.73966e-03 2.69740e-03 2.66172e-03 2.63040e-03 2.59853e-03 2.55795e-03 2.49743e-03 2.40654e-03 2.28691e-03 2.16828e-03 2.11076e-03 2.16869e-03 2.32412e-03 2.47100e-03 2.50891e-03 2.43254e-03 2.30195e-03 2.16941e-03 2.05563e-03 1.96247e-03 1.88674e-03 1.82428e-03 1.76897e-03 1.71374e-03 1.65377e-03 1.58803e-03 1.51801e-03 1.44562e-03 1.37204e-03 1.29768e-03 1.22249e-03 1.14643e-03 1.06979e-03 9.93397e-04 9.18557e-04 8.46604e-04 7.78394e-04 7.14204e-04 6.54025e-04 5.97847e-04 5.45638e-04 4.97141e-04 4.51762e-04 4.08700e-04 3.67223e-04 3.26906e-04 2.87722e-04 2.49967e-04 2.14049e-04 1.80275e-04 1.48798e-04 1.19766e-04 9.34729e-05 7.02993e-05 5.04961e-05 3.40561e-05 2.08621e-05 1.09952e-05 4.66786e-06 1.52964e-06 3.89846e-07 7.26815e-08 7.57924e-09 1.72137e-10
26.009923 1.92413e-02 2.69093e-02 1.81000e-02 1.20159e-02 8.17875e-03 5.85190e-03 4.60544e-03 4.10308e-03 4.05525e-03 4.23382e-03 4.45108e-03 4.56668e-03 4.54598e-03 4.47950e-03 4.49985e-03 4.65896e-03 4.91096e-03 5.23985e-03 5.74070e-03 6.44608e-03 7.15512e-03 7.63240e-03 7.83730e-03 7.84206e-03 7.68862e-03 7.38078e-03 6.94159e-03 6.43473e-03 5.92571e-03 5.44644e-03 5.02832e-03 4.73112e-03 4.59041e-03 4.57594e-03 4.62841e-03 4.70986e-03 4.81892e-03 4.96688e-03 5.11797e-03 5.16009e-03 4.98470e-03 4.60797e-03 4.17786e-03 3.84699e-03 3.68405e-03 3.70847e-03 3.89711e-03 4.13602e-03 4.27469e-03 4.25747e-03 4.13950e-03 3.99376e-03 3.85377e-03 3.72189e-03 3.59176e-03 3.45850e-03 3.32078e-03 3.18119e-03 3.04703e-03 2.92898e-03 2.83568e-03 2.77001e-03 2.73109e-03 2.71570e-03 2.71324e-03 2.69946e-03 2.64139e-03 2.51745e-03 2.34090e-03 2.16692e-03 2.06994e-03 2.09075e-03 2.18862e-03 2.26652e-03 2.25992e-03 2.17953e-03 2.07129e-03 1.96928e-03 1.88722e-03 1.82753e-03 1.78731e-03 1.76099e-03 1.74223e-03 1.72529e-03 1.70537e-03 1.67874e-03 1.64308e-03 1.59773e-03 1.54333e-03 1.48142e-03 1.41402e-03 1.34333e-03 1.27123e-03 1.19877e-03 1.12621e-03 1.05366e-03 9.81746e-04 9.11884e-04 8.45614e-04 7.83891e-04 7.26934e-04 6.74531e-04 6.26288e-04 5.81655e-04 5.39895e-04 5.00165e-04 4.61705e-04 4.23995e-04 3.86772e-04 3.49934e-04 3.13457e-04 2.77371e-04 2.41811e-04 2.07056e-04 1.73533e-04 1.41792e-04 1.12452e-04 8.61205e-05 6.33148e-05 4.43668e-05 2.92873e-05 1.77141e-05 9.21622e-06 3.68918e-06 9.70384e-07 1.39908e-07 9.53909e-09 1.54593e-10
26.260019 1.91347e-02 2.67604e-02 1.79016e-02 1.16800e-02 7.76122e-03 5.43846e-03 4.22822e-03 3.74933e-03 3.70507e-03 3.87233e-03 4.07244e-03 4.19382e-03 4.23268e-03 4.27350e-03 4.40257e-03 4.62703e-03 4.90365e-03 5.25825e-03 5.77391e-03 6.39506e-03 6.92757e-03 7.27281e-03 7.45143e-03 7.46552e-03 7.28993e-03 6.94173e-03 6.50237e-03 6.07057e-03 5.69557e-03 5.37048e-03 5.08663e-03 4.87014e-03 4.74988e-03 4.71579e-03 4.74329e-03 4.83433e-03 5.00959e-03 5.23588e-03 5.38475e-03 5.36227e-03 5.17775e-03 4.88156e-03 4.58281e-03 4.40989e-03 4.41305e-03 4.53696e-03 4.64911e-03 4.62762e-03 4.46741e-03 4.25744e-03 4.06927e-03 3.91755e-03 3.79002e-03 3.67083e-03 3.54658e-03 3.40977e-03 3.26144e-03 3.11015e-03 2.96849e-03 2.84977e-03 2.76374e-03 2.70845e-03 2.66217e-03 2.58973e-03 2.46958e-03 2.32022e-03 2.19330e-03 2.13220e-03 2.13194e-03 2.14396e-03 2.12268e-03 2.05932e-03 1.97268e-03 1.88388e-03 1.80455e-03 1.73840e-03 1.68554e-03 1.64515e-03 1.61624e-03 1.59759e-03 1.58750e-03 1.58361e-03 1.58270e-03 1.58100e-03 1.57477e-03 1.56075e-03 1.53667e-03 1.50161e-03 1.45626e-03 1.40250e-03 1.34252e-03 1.27818e-03 1.21076e-03 1.14118e-03 1.07033e-03 9.99375e-04 9.29826e-04 8.63305e-04 8.01175e-04 7.44322e-04 6.93037e-04 6.46890e-04 6.04723e-04 5.65012e-04 5.26469e-04 4.88455e-04 4.50928e-04 4.14118e-04 3.78242e-04 3.43355e-04 3.09365e-04 2.76114e-04 2.43491e-04 2.11530e-04 1.80455e-04 1.50643e-04 1.22541e-04 9.65690e-05 7.30850e-05 5.24169e-05 3.48932e-05 2.08198e-05 1.04559e-05 3.96093e-06 9.53339e-07 1.15291e-07 5.64703e-09 6.52960e-11
26.510114 1.92899e-02 2.68841e-02 1.78260e-02 1.14257e-02 7.44837e-03 5.17298e-03 4.03204e-03 3.59743e-03 3.56508e-03 3.71368e-03 3.88714e-03 4.01341e-03 4.10836e-03 4.23633e-03 4.44239e-03 4.72145e-03 5.05726e-03 5.44658e-03 5.88726e-03 6.36924e-03 6.81541e-03 7.09997e-03 7.16937e-03 7.05068e-03 6.78738e-03 6.43071e-03 6.04479e-03 5.68571e-03 5.37909e-03 5.10978e-03 4.87523e-03 4.75365e-03 4.85540e-03 5.17113e-03 5.45707e-03 5.48185e-03 5.36327e-03 5.31969e-03 5.39690e-03 5.52622e-03 5.60953e-03 5.55702e-03 5.33768e-03 5.03120e-03 4.79682e-03 4.72859e-03 4.74571e-03 4.69112e-03 4.51934e-03 4.30128e-03 4.09899e-03 3.92059e-03 3.75422e-03 3.59644e-03 3.45234e-03 3.32375e-03 3.20392e-03 3.08237e-03 2.95130e-03 2.80743e-03 2.65190e-03 2.49286e-03 2.34695e-03 2.23131e-03 2.14980e-03 2.08943e-03 2.03185e-03 1.96681e-03 1.89553e-03 1.82471e-03 1.75982e-03 1.70281e-03 1.65296e-03 1.60854e-03 1.56807e-03 1.53111e-03 1.49860e-03 1.47263e-03 1.45546e-03 1.44821e-03 1.44987e-03 1.45721e-03 1.46572e-03 1.47099e-03 1.46978e-03 1.46056e-03 1.44322e-03 1.41845e-03 1.38693e-03 1.34901e-03 1.30475e-03 1.25412e-03 1.19733e-03 1.13502e-03 1.06846e-03 9.99500e-04 9.30522e-04 8.64111e-04 8.02615e-04 7.47425e-04 6.98229e-04 6.53021e-04 6.09360e-04 5.65914e-04 5.22832e-04 4.80949e-04 4.40952e-04 4.03081e-04 3.67202e-04 3.32975e-04 3.00017e-04 2.68031e-04 2.36878e-04 2.06593e-04 1.77338e-04 1.49328e-04 1.22776e-04 9.78733e-05 7.48396e-05 5.39955e-05 3.58285e-05 2.09857e-05 1.01424e-05 3.62544e-06 8.06525e-07 8.58365e-08 3.19041e-09 2.35382e-11
26.760209 1.98450e-02 2.74400e-02 1.79690e-02 1.13328e-02 7.31532e-03 5.11100e-03 4.05030e-03 3.66156e-03 3.62741e-03 3.73126e-03 3.84996e-03 3.96031e-03 4.10743e-03 4.33030e-03 4.60862e-03 4.88441e-03 5.14739e-03 5.47268e-03 5.90113e-03 6.34058e-03 6.66051e-03 6.79542e-03 6.75071e-03 6.57652e-03 6.33040e-03 6.05146e-03 5.78852e-03 5.62388e-03 5.62821e-03 5.80831e-03 5.98654e-03 5.82378e-03 5.38001e-03 5.08911e-03 5.05723e-03 5.12749e-03 5.19888e-03 5.24730e-03 5.27483e-03 5.29153e-03 5.30197e-03 5.28918e-03 5.21164e-03 5.03120e-03 4.77647e-03 4.56617e-03 4.48752e-03 4.46692e-03 4.37946e-03 4.21772e-03 4.04742e-03 3.90286e-03 3.77810e-03 3.65788e-03 3.53433e-03 3.40611e-03 3.27030e-03 3.11963e-03 2.94833e-03 2.75875e-03 2.56148e-03 2.37043e-03 2.19800e-03 2.05145e-03 1.93017e-03 1.82771e-03 1.73842e-03 1.66071e-03 1.59490e-03 1.54084e-03 1.49741e-03 1.46298e-03 1.43571e-03 1.41386e-03 1.39592e-03 1.38083e-03 1.36822e-03 1.35851e-03 1.35254e-03 1.35087e-03 1.35314e-03 1.35803e-03 1.36379e-03 1.36879e-03 1.37176e-03 1.37150e-03 1.36672e-03 1.35598e-03 1.33793e-03 1.31167e-03 1.27717e-03 1.23537e-03 1.18785e-03 1.13619e-03 1.08145e-03 1.02433e-03 9.65897e-04 9.08055e-04 8.53026e-04 8.01821e-04 7.52874e-04 7.02955e-04 6.50318e-04 5.96435e-04 5.44266e-04 4.95773e-04 4.51324e-04 4.10418e-04 3.72360e-04 3.36533e-04 3.02480e-04 2.69913e-04 2.38686e-04 2.08738e-04 1.80036e-04 1.52554e-04 1.26282e-04 1.01281e-04 7.77497e-05 5.60920e-05 3.69577e-05 2.12306e-05 9.86002e-06 3.29570e-06 6.71561e-07 6.70777e-08 2.64432e-09 2.04539e-11
27.010305 2.07648e-02 2.84086e-02 1.83359e-02 1.14031e-02 7.35158e-03 5.23929e-03 4.26875e-03 3.89591e-03 3.78857e-03 3.77949e-03 3.83725e-03 3.99916e-03 4.26494e-03 4.55224e-03 4.77798e-03 4.96487e-03 5.19834e-03 5.50257e-03 5.83074e-03 6.11073e-03 6.27467e-03 6.30803e-03 6.29320e-03 6.36982e-03 6.62826e-03 7.00114e-03 7.14829e-03 6.77155e-03 6.13142e-03 5.63520e-03 5.31485e-03 5.06758e-03 4.87803e-03 4.76339e-03 4.71746e-03 4.71453e-03 4.72567e-03 4.72926e-03 4.71858e-03 4.70003e-03 4.68459e-03 4.68023e-03 4.68093e-03 4.65539e-03 4.55553e-03 4.36919e-03 4.18204e-03 4.10373e-03 4.10151e-03 4.06252e-03 3.97059e-03 3.87327e-03 3.79082e-03 3.70948e-03 3.60556e-03 3.46617e-03 3.29572e-03 3.10741e-03 2.91159e-03 2.71216e-03 2.51064e-03 2.31129e-03 2.12338e-03 1.95879e-03 1.82466e-03 1.71780e-03 1.62894e-03 1.55161e-03 1.48437e-03 1.42754e-03 1.38111e-03 1.34458e-03 1.31727e-03 1.29835e-03 1.28668e-03 1.28076e-03 1.27886e-03 1.27938e-03 1.28127e-03 1.28423e-03 1.28846e-03 1.29409e-03 1.30072e-03 1.30726e-03 1.31219e-03 1.31390e-03 1.31107e-03 1.30281e-03 1.28867e-03 1.26849e-03 1.24218e-03 1.20969e-03 1.17109e-03 1.12690e-03 1.07857e-03 1.02880e-03 9.81116e-04 9.38589e-04 9.01956e-04 8.68092e-04 8.30037e-04 7.80753e-04 7.19534e-04 6.53377e-04 5.90276e-04 5.33389e-04 4.82026e-04 4.34872e-04 3.91204e-04 3.50705e-04 3.13162e-04 2.78320e-04 2.45854e-04 2.15380e-04 1.86486e-04 1.58793e-04 1.32048e-04 1.06231e-04 8.16089e-05 5.87421e-05 3.84560e-05 2.18055e-05 9.88808e-06 3.17306e-06 6.08543e-07 5.83261e-08 2.64755e-09 2.63990e-11
27.260400 2.20369e-02 2.97816e-02 1.89185e-02 1.16247e-02 7.55289e-03 5.54729e-03 4.62035e-03 4.15663e-03 3.89272e-03 3.80360e-03 3.93200e-03 4.22722e-03 4.54150e-03 4.77663e-03 4.95460e-03 5.12076e-03 5.26660e-03 5.36709e-03 5.45727e-03 5.66847e-03 6.14867e-03 6.85462e-03 7.38493e-03 7.37684e-03 7.00718e-03 6.60893e-03 6.24571e-03 5.87621e-03 5.51776e-03 5.20247e-03 4.93718e-03 4.72301e-03 4.56260e-03 4.45114e-03 4.37639e-03 4.32682e-03 4.29399e-03 4.26949e-03 4.24778e-03 4.22774e-03 4.21151e-03 4.20504e-03 4.21595e-03 4.24343e-03 4.26464e-03 4.23197e-03 4.10751e-03 3.93875e-03 3.84705e-03 3.85538e-03 3.86114e-03 3.80799e-03 3.71664e-03 3.61487e-03 3.50913e-03 3.39034e-03 3.24861e-03 3.08243e-03 2.89979e-03 2.71258e-03 2.52900e-03 2.35059e-03 2.17634e-03 2.01003e-03 1.86217e-03 1.74116e-03 1.64383e-03 1.56112e-03 1.48902e-03 1.42884e-03 1.38193e-03 1.34761e-03 1.32413e-03 1.30966e-03 1.30254e-03 1.30098e-03 1.30277e-03 1.30541e-03 1.30656e-03 1.30461e-03 1.29910e-03 1.29054e-03 1.27984e-03 1.26777e-03 1.25471e-03 1.24083e-03 1.22619e-03 1.21079e-03 1.19454e-03 1.17714e-03 1.15805e-03 1.13658e-03 1.11216e-03 1.08467e-03 1.05454e-03 1.02275e-03 9.90548e-04 9.59238e-04 9.29774e-04 9.01436e-04 8.69458e-04 8.25344e-04 7.64505e-04 6.93610e-04 6.24367e-04 5.62118e-04 5.05804e-04 4.53960e-04 4.06297e-04 3.62679e-04 3.22683e-04 2.85742e-04 2.51408e-04 2.19363e-04 1.89246e-04 1.60600e-04 1.33044e-04 1.06486e-04 8.12306e-05 5.79319e-05 3.74828e-05 2.09397e-05 9.32622e-06 2.93652e-06 5.54341e-07 5.36861e-08 2.72952e-09 3.16710e-11
27.510496 2.37145e-02 3.15572e-02 1.96700e-02 1.19681e-02 7.90610e-03 5.96671e-03 4.96155e-03 4.33132e-03 3.98422e-03 3.96933e-03 4.21604e-03 4.52933e-03 4.77287e-03 4.93887e-03 5.05083e-03 5.12029e-03 5.23159e-03 5.54826e-03 6.04407e-03 6.43550e-03 6.62252e-03 6.73531e-03 6.77360e-03 6.64420e-03 6.36273e-03 6.01827e-03 5.67664e-03 5.36665e-03 5.10011e-03 4.88271e-03 4.70724e-03 4.55650e-03 4.41885e-03 4.29756e-03 4.20093e-03 4.12939e-03 4.07642e-03 4.03654e-03 4.00969e-03 3.99859e-03 4.00467e-03 4.02572e-03 4.05514e-03 4.08368e-03 4.10331e-03 4.10451e-03 4.06495e-03 3.95651e-03 3.79489e-03 3.67046e-03 3.64915e-03 3.66841e-03 3.63929e-03 3.55149e-03 3.43748e-03 3.32229e-03 3.20933e-03 3.09152e-03 2.96238e-03 2.81902e-03 2.66212e-03 2.49478e-03 2.32102e-03 2.14557e-03 1.97714e-03 1.83032e-03 1.71536e-03 1.62614e-03 1.54871e-03 1.47682e-03 1.41279e-03 1.36127e-03 1.32553e-03 1.30610e-03 1.30063e-03 1.30478e-03 1.31348e-03 1.32194e-03 1.32604e-03 1.32271e-03 1.31037e-03 1.28934e-03 1.26174e-03 1.23067e-03 1.19918e-03 1.16957e-03 1.14318e-03 1.12046e-03 1.10112e-03 1.08427e-03 1.06862e-03 1.05296e-03 1.03644e-03 1.01886e-03 1.00046e-03 9.81617e-04 9.62601e-04 9.43489e-04 9.23990e-04 9.02924e-04 8.76899e-04 8.38978e-04 7.82070e-04 7.08177e-04 6.30141e-04 5.59190e-04 4.97185e-04 4.42696e-04 3.95546e-04 3.54792e-04 3.17881e-04 2.82453e-04 2.47736e-04 2.14232e-04 1.82552e-04 1.52800e-04 1.24756e-04 9.83234e-05 7.37683e-05 5.16729e-05 3.27943e-05 1.79573e-05 7.85657e-06 2.45618e-06 4.73024e-07 4.95202e-08 2.87163e-09 3.72154e-11
27.760591 2.56435e-02 3.34384e-02 2.03766e-02 1.23165e-02 8.30418e-03 6.36227e-03 5.22318e-03 4.49815e-03 4.19972e-03 4.28401e-03 4.53379e-03 4.75811e-03 4.93162e-03 5.11168e-03 5.36963e-03 5.70227e-03 5.95770e-03 6.06806e-03 6.14205e-03 6.23762e-03 6.31394e-03 6.33665e-03 6.29094e-03 6.15470e-03 5.92201e-03 5.63125e-03 5.34027e-03 5.08624e-03 4.87848e-03 4.71304e-03 4.58208e-03 4.47297e-03 4.36749e-03 4.25441e-03 4.14397e-03 4.05868e-03 4.00994e-03 3.98908e-03 3.97847e-03 3.96519e-03 3.94626e-03 3.92971e-03 3.93296e-03 3.96796e-03 4.02326e-03 4.06893e-03 4.07420e-03 4.01822e-03 3.89634e-03 3.73003e-03 3.58049e-03 3.51906e-03 3.53366e-03 3.52750e-03 3.45021e-03 3.33228e-03 3.21291e-03 3.10500e-03 3.00432e-03 2.90188e-03 2.78746e-03 2.65182e-03 2.49160e-03 2.31225e-03 2.12518e-03 1.94258e-03 1.77725e-03 1.64267e-03 1.54430e-03 1.47405e-03 1.41817e-03 1.36740e-03 1.32003e-03 1.28016e-03 1.25396e-03 1.24509e-03 1.25150e-03 1.26582e-03 1.27894e-03 1.28356e-03 1.27575e-03 1.25496e-03 1.22330e-03 1.18468e-03 1.14392e-03 1.10544e-03 1.07234e-03 1.04589e-03 1.02564e-03 1.00996e-03 9.96835e-04 9.84619e-04 9.72451e-04 9.60114e-04 9.47565e-04 9.34622e-04 9.20892e-04 9.05792e-04 8.88548e-04 8.68201e-04 8.43223e-04 8.10132e-04 7.62889e-04 6.97730e-04 6.20461e-04 5.43766e-04 4.76177e-04 4.19060e-04 3.71762e-04 3.32838e-04 2.98556e-04 2.65067e-04 2.31180e-04 1.97779e-04 1.65973e-04 1.36316e-04 1.08954e-04 8.39756e-05 6.15843e-05 4.21253e-05 2.60634e-05 1.39062e-05 5.96290e-06 1.86525e-06 3.76892e-07 4.50555e-08 3.09581e-09 4.59308e-11
28.010686 2.73642e-02 3.49551e-02 2.08655e-02 1.25672e-02 8.59208e-03 6.60526e-03 5.38864e-03 4.71052e-03 4.55330e-03 4.70934e-03 4.92041e-03 5.11286e-03 5.35234e-03 5.64938e-03 5.92647e-03 6.13220e-03 6.24466e-03 6.25467e-03 6.19292e-03 6.11210e-03 6.05006e-03 6.01458e-03 5.98119e-03 5.90248e-03 5.73691e-03 5.48802e-03 5.21513e-03 4.98489e-03 4.81565e-03 4.68481e-03 4.57312e-03 4.47672e-03 4.38850e-03 4.29445e-03 4.19191e-03 4.09786e-03 4.02963e-03 3.98470e-03 3.94894e-03 3.91753e-03 3.89477e-03 3.88024e-03 3.87093e-03 3.87156e-03 3.89044e-03 3.92869e-03 3.97367e-03 3.99815e-03 3.97114e-03 3.87785e-03 3.73421e-03 3.58617e-03 3.49135e-03 3.46926e-03 3.46000e-03 3.39051e-03 3.26859e-03 3.14519e-03 3.04066e-03 2.94528e-03 2.84494e-03 2.73067e-03 2.59742e-03 2.44244e-03 2.26687e-03 2.07823e-03 1.88934e-03 1.71441e-03 1.56656e-03 1.45588e-03 1.38413e-03 1.34183e-03 1.31398e-03 1.28830e-03 1.25930e-03 1.22919e-03 1.20529e-03 1.19346e-03 1.19257e-03 1.19519e-03 1.19278e-03 1.17992e-03 1.15534e-03 1.12115e-03 1.08155e-03 1.04164e-03 1.00596e-03 9.77140e-04 9.55466e-04 9.39473e-04 9.27204e-04 9.17206e-04 9.08702e-04 9.01098e-04 8.93521e-04 8.84838e-04 8.74003e-04 8.60320e-04 8.43370e-04 8.22776e-04 7.97895e-04 7.66915e-04 7.25691e-04 6.69653e-04 5.99755e-04 5.24756e-04 4.54802e-04 3.94928e-04 3.45875e-04 3.06491e-04 2.73183e-04 2.41193e-04 2.08488e-04 1.76113e-04 1.45472e-04 1.17194e-04 9.15748e-05 6.88881e-05 4.93113e-05 3.29164e-05 1.98325e-05 1.02883e-05 4.32016e-06 1.36009e-06 2.93467e-07 4.09253e-08 3.34931e-09 5.69719e-11
28.260782 2.83661e-02 3.57822e-02 2.10960e-02 1.26194e-02 8.59546e-03 6.62184e-03 5.53972e-03 5.07089e-03 5.03342e-03 5.16679e-03 5.32047e-03 5.48436e-03 5.69458e-03 5.95950e-03 6.21246e-03 6.36065e-03 6.37611e-03 6.30395e-03 6.20405e-03 6.11202e-03 6.04168e-03 5.99485e-03 5.95796e-03 5.89841e-03 5.77638e-03 5.57418e-03 5.32764e-03 5.11020e-03 4.95799e-03 4.84117e-03 4.72442e-03 4.60376e-03 4.48714e-03 4.37370e-03 4.25348e-03 4.12507e-03 4.00732e-03 3.92337e-03 3.87689e-03 3.85172e-03 3.83213e-03 3.81445e-03 3.80124e-03 3.79463e-03 3.79554e-03 3.80436e-03 3.82144e-03 3.84504e-03 3.86597e-03 3.86500e-03 3.82142e-03 3.73051e-03 3.61557e-03 3.51998e-03 3.47603e-03 3.46709e-03 3.43313e-03 3.33960e-03 3.21251e-03 3.08669e-03 2.96516e-03 2.83507e-03 2.68931e-03 2.52874e-03 2.35660e-03 2.17714e-03 1.99740e-03 1.82656e-03 1.67267e-03 1.54045e-03 1.43246e-03 1.35122e-03 1.29749e-03 1.26594e-03 1.24609e-03 1.22713e-03 1.20197e-03 1.17028e-03 1.13790e-03 1.11100e-03 1.09083e-03 1.07396e-03 1.05567e-03 1.03258e-03 1.00382e-03 9.70961e-04 9.37241e-04 9.06151e-04 8.80010e-04 8.59475e-04 8.44190e-04 8.33504e-04 8.26450e-04 8.21491e-04 8.16779e-04 8.10793e-04 8.02783e-04 7.92657e-04 7.80433e-04 7.65779e-04 7.47815e-04 7.24527e-04 6.91880e-04 6.45220e-04 5.83913e-04 5.14055e-04 4.44693e-04 3.82173e-04 3.29073e-04 2.85854e-04 2.50636e-04 2.19055e-04 1.87652e-04 1.56540e-04 1.27372e-04 1.00962e-04 7.74637e-05 5.70720e-05 3.99611e-05 2.60826e-05 1.53378e-05 7.75156e-06 3.19659e-06 1.02001e-06 2.37677e-07 3.85296e-08 3.64563e-09 6.85671e-11
28.510877 2.84411e-02 3.58132e-02 2.10136e-02 1.23807e-02 8.28788e-03 6.49332e-03 5.72433e-03 5.45336e-03 5.41966e-03 5.46151e-03 5.52662e-03 5.64976e-03 5.84742e-03 6.07257e-03 6.26149e-03 6.37494e-03 6.41209e-03 6.39296e-03 6.34105e-03 6.28198e-03 6.23659e-03 6.20694e-03 6.17285e-03 6.10426e-03 5.97772e-03 5.78663e-03 5.55231e-03 5.32612e-03 5.14125e-03 4.97344e-03 4.79745e-03 4.62560e-03 4.47664e-03 4.35374e-03 4.24702e-03 4.14500e-03 4.04266e-03 3.94483e-03 3.86570e-03 3.81593e-03 3.79023e-03 3.77477e-03 3.76122e-03 3.74991e-03 3.74430e-03 3.74471e-03 3.74698e-03 3.74687e-03 3.74429e-03 3.74155e-03 3.73761e-03 3.72632e-03 3.70241e-03 3.66923e-03 3.64045e-03 3.63148e-03 3.64040e-03 3.63525e-03 3.57316e-03 3.44020e-03 3.26083e-03 3.06641e-03 2.87069e-03 2.67306e-03 2.47078e-03 2.26804e-03 2.07723e-03 1.91020e-03 1.76923e-03 1.64835e-03 1.54097e-03 1.44422e-03 1.35897e-03 1.28908e-03 1.23795e-03 1.20329e-03 1.17724e-03 1.15059e-03 1.11760e-03 1.07888e-03 1.03913e-03 1.00199e-03 9.68277e-04 9.37498e-04 9.08990e-04 8.81935e-04 8.55396e-04 8.28909e-04 8.03041e-04 7.79372e-04 7.59840e-04 7.45730e-04 7.36866e-04 7.31586e-04 7.27577e-04 7.23004e-04 7.17115e-04 7.10005e-04 7.01936e-04 6.92844e-04 6.82080e-04 6.67650e-04 6.45435e-04 6.10675e-04 5.61926e-04 5.03278e-04 4.41684e-04 3.82666e-04 3.29129e-04 2.82594e-04 2.43317e-04 2.09212e-04 1.76980e-04 1.45420e-04 1.15969e-04 9.00939e-05 6.80392e-05 4.95311e-05 3.43205e-05 2.21683e-05 1.28869e-05 6.43220e-06 2.63474e-06 8.56255e-07 2.14082e-07 3.91322e-08 4.09826e-09 8.24381e-11
28.760973 2.76742e-02 3.50249e-02 2.05337e-02 1.18874e-02 7.80996e-03 6.22447e-03 5.71698e-03 5.59766e-03 5.59634e-03 5.62466e-03 5.67946e-03 5.76795e-03 5.88168e-03 6.01764e-03 6.16845e-03 6.30604e-03 6.40028e-03 6.43836e-03 6.43278e-03 6.41539e-03 6.41029e-03 6.40877e-03 6.37360e-03 6.27152e-03 6.10433e-03 5.90295e-03 5.69176e-03 5.47282e-03 5.23610e-03 4.98124e-03 4.74795e-03 4.57918e-03 4.46147e-03 4.35431e-03 4.23915e-03 4.12191e-03 4.01525e-03 3.92687e-03 3.85901e-03 3.81311e-03 3.78904e-03 3.78073e-03 3.77753e-03 3.77136e-03 3.76151e-03 3.75259e-03 3.74750e-03 3.74270e-03 3.73144e-03 3.71153e-03 3.68763e-03 3.66562e-03 3.64773e-03 3.63646e-03 3.64134e-03 3.67655e-03 3.74480e-03 3.82096e-03 3.85799e-03 3.81451e-03 3.67808e-03 3.46781e-03 3.22079e-03 2.97078e-03 2.73191e-03 2.50235e-03 2.28303e-03 2.08522e-03 1.91914e-03 1.78470e-03 1.67400e-03 1.57718e-03 1.48649e-03 1.39883e-03 1.31679e-03 1.24672e-03 1.19250e-03 1.15094e-03 1.11415e-03 1.07525e-03 1.03242e-03 9.87952e-04 9.44326e-04 9.02178e-04 8.61408e-04 8.22658e-04 7.87112e-04 7.55356e-04 7.27130e-04 7.02317e-04 6.81787e-04 6.66838e-04 6.57756e-04 6.53172e-04 6.50799e-04 6.48556e-04 6.45166e-04 6.40146e-04 6.33552e-04 6.25729e-04 6.16860e-04 6.05793e-04 5.89140e-04 5.62762e-04 5.25083e-04 4.78562e-04 4.27773e-04 3.76689e-04 3.27902e-04 2.83212e-04 2.43628e-04 2.08533e-04 1.75776e-04 1.43688e-04 1.12932e-04 8.55749e-05 6.29449e-05 4.50158e-05 3.10290e-05 2.01502e-05 1.18624e-05 6.02833e-06 2.52492e-06 8.41966e-07 2.17415e-07 4.15323e-08 4.57990e-09 9.72556e-11
29.011068 2.62034e-02 3.34241e-02 1.96547e-02 1.12668e-02 7.27789e-03 5.79759e-03 5.47926e-03 5.55866e-03 5.67276e-03 5.74245e-03 5.79965e-03 5.83828e-03 5.85006e-03 5.87870e-03 5.96094e-03 6.07821e-03 6.18914e-03 6.26501e-03 6.30506e-03 6.33394e-03 6.37359e-03 6.41811e-03 6.43303e-03 6.37761e-03 6.23886e-03 6.04020e-03 5.80203e-03 5.52637e-03 5.23320e-03 4.95470e-03 4.72028e-03 4.55124e-03 4.42924e-03 4.31659e-03 4.19981e-03 4.08741e-03 3.98558e-03 3.89463e-03 3.81993e-03 3.77222e-03 3.75612e-03 3.76360e-03 3.78014e-03 3.79413e-03 3.80005e-03 3.79715e-03 3.78757e-03 3.77325e-03 3.75281e-03 3.72279e-03 3.68275e-03 3.63787e-03 3.59531e-03 3.55911e-03 3.53203e-03 3.52329e-03 3.55112e-03 3.63071e-03 3.75080e-03 3.86056e-03 3.89190e-03 3.80527e-03 3.61311e-03 3.36153e-03 3.09572e-03 2.83804e-03 2.59227e-03 2.36417e-03 2.16630e-03 2.00371e-03 1.86985e-03 1.75521e-03 1.65243e-03 1.55579e-03 1.46151e-03 1.37038e-03 1.28794e-03 1.21945e-03 1.16477e-03 1.11831e-03 1.07322e-03 1.02559e-03 9.75438e-04 9.25001e-04 8.76484e-04 8.30950e-04 7.88471e-04 7.48780e-04 7.11719e-04 6.77530e-04 6.47266e-04 6.22891e-04 6.06361e-04 5.98038e-04 5.95954e-04 5.96705e-04 5.97026e-04 5.94755e-04 5.89163e-04 5.80970e-04 5.71597e-04 5.61238e-04 5.47335e-04 5.25969e-04 4.95078e-04 4.55714e-04 4.10644e-04 3.62863e-04 3.15428e-04 2.71449e-04 2.32953e-04 1.99629e-04 1.69269e-04 1.39743e-04 1.10720e-04 8.36902e-05 6.05489e-05 4.22670e-05 2.85833e-05 1.85132e-05 1.11131e-05 5.89099e-06 2.61445e-06 9.17543e-07 2.38600e-07 4.35374e-08 4.70823e-09 1.03834e-10
29.261164 2.42685e-02 3.12539e-02 1.85244e-02 1.06093e-02 6.77655e-03 5.39075e-03 5.22857e-03 5.46350e-03 5.68404e-03 5.80359e-03 5.82512e-03 5.76150e-03 5.66686e-03 5.61568e-03 5.64836e-03 5.75248e-03 5.89142e-03 6.02319e-03 6.11866e-03 6.18364e-03 6.24447e-03 6.30975e-03 6.35644e-03 6.34881e-03 6.26247e-03 6.09476e-03 5.86363e-03 5.59572e-03 5.30929e-03 5.02370e-03 4.77308e-03 4.57530e-03 4.41746e-03 4.28624e-03 4.17717e-03 4.07917e-03 3.97678e-03 3.87044e-03 3.77843e-03 3.71709e-03 3.69008e-03 3.69297e-03 3.71662e-03 3.74819e-03 3.77561e-03 3.79215e-03 3.79610e-03 3.78687e-03 3.76297e-03 3.72372e-03 3.67123e-03 3.61052e-03 3.54816e-03 3.49036e-03 3.44110e-03 3.40346e-03 3.38541e-03 3.40315e-03 3.47102e-03 3.58073e-03 3.69346e-03 3.75837e-03 3.73856e-03 3.62235e-03 3.42320e-03 3.17420e-03 2.90998e-03 2.65124e-03 2.41324e-03 2.21195e-03 2.05160e-03 1.92172e-03 1.80880e-03 1.70445e-03 1.60520e-03 1.51007e-03 1.41974e-03 1.33651e-03 1.26309e-03 1.20023e-03 1.14557e-03 1.09488e-03 1.04454e-03 9.92856e-04 9.40071e-04 8.87746e-04 8.38013e-04 7.92619e-04 7.52050e-04 7.15363e-04 6.81049e-04 6.48487e-04 6.18905e-04 5.94884e-04 5.78492e-04 5.69530e-04 5.65372e-04 5.62264e-04 5.56982e-04 5.48200e-04 5.36986e-04 5.25326e-04 5.13050e-04 4.96766e-04 4.72796e-04 4.40280e-04 4.00855e-04 3.56562e-04 3.09389e-04 2.62778e-04 2.21269e-04 1.87037e-04 1.58220e-04 1.31527e-04 1.05395e-04 8.04847e-05 5.83618e-05 4.02334e-05 2.64261e-05 1.64997e-05 9.67425e-06 5.19308e-06 2.44435e-06 9.37156e-07 2.59974e-07 4.58429e-08 4.51465e-09 9.81962e-11
29.511259 2.21981e-02 2.88783e-02 1.73242e-02 9.99960e-03 6.39130e-03 5.11219e-03 5.04956e-03 5.37742e-03 5.64171e-03 5.71917e-03 5.65897e-03 5.54250e-03 5.42185e-03 5.34654e-03 5.36839e-03 5.49886e-03 5.70699e-03 5.93536e-03 6.11527e-03 6.20068e-03 6.19797e-03 6.15297e-03 6.11092e-03 6.08127e-03 6.02401e-03 5.90705e-03 5.75941e-03 5.60846e-03 5.43764e-03 5.22764e-03 4.98845e-03 4.74836e-03 4.53270e-03 4.35457e-03 4.20898e-03 4.08100e-03 3.96640e-03 3.87030e-03 3.79093e-03 3.72459e-03 3.67532e-03 3.64913e-03 3.64565e-03 3.65727e-03 3.67392e-03 3.68806e-03 3.69643e-03 3.69840e-03 3.69305e-03 3.67716e-03 3.64655e-03 3.59983e-03 3.54067e-03 3.47581e-03 3.41177e-03 3.35366e-03 3.30670e-03 3.27891e-03 3.28277e-03 3.33077e-03 3.42121e-03 3.52538e-03 3.59592e-03 3.59488e-03 3.51414e-03 3.36901e-03 3.17889e-03 2.95673e-03 2.71238e-03 2.46512e-03 2.24397e-03 2.06634e-03 1.92755e-03 1.81280e-03 1.71014e-03 1.61410e-03 1.52366e-03 1.43951e-03 1.36226e-03 1.29178e-03 1.22694e-03 1.16587e-03 1.10690e-03 1.04947e-03 9.94255e-04 9.42246e-04 8.93952e-04 8.49036e-04 8.06561e-04 7.65772e-04 7.26824e-04 6.90544e-04 6.57344e-04 6.26802e-04 5.98509e-04 5.72874e-04 5.50923e-04 5.33366e-04 5.19648e-04 5.07796e-04 4.95546e-04 4.82098e-04 4.68354e-04 4.54310e-04 4.36854e-04 4.12273e-04 3.80214e-04 3.43020e-04 3.02245e-04 2.58567e-04 2.15313e-04 1.78250e-04 1.49675e-04 1.26155e-04 1.03406e-04 8.03300e-05 5.83510e-05 3.93327e-05 2.44541e-05 1.39977e-05 7.46403e-06 3.76753e-06 1.76163e-06 7.11412e-07 2.20571e-07 4.31542e-08 4.24385e-09 9.05324e-11
29.761354 2.02901e-02 2.66623e-02 1.62305e-02 9.49569e-03 6.10543e-03 4.92190e-03 4.93862e-03 5.31496e-03 5.55920e-03 5.56924e-03 5.45168e-03 5.31624e-03 5.21623e-03 5.18863e-03 5.25977e-03 5.43155e-03 5.68831e-03 5.98306e-03 6.21920e-03 6.28809e-03 6.16788e-03 5.96288e-03 5.79504e-03 5.68945e-03 5.62056e-03 5.58839e-03 5.58337e-03 5.56706e-03 5.50289e-03 5.37096e-03 5.17862e-03 4.95938e-03 4.74632e-03 4.54935e-03 4.36609e-03 4.20272e-03 4.06578e-03 3.95299e-03 3.86052e-03 3.78316e-03 3.71272e-03 3.64507e-03 3.58512e-03 3.54184e-03 3.52104e-03 3.52232e-03 3.53832e-03 3.55690e-03 3.56700e-03 3.56344e-03 3.54617e-03 3.51656e-03 3.47630e-03 3.42872e-03 3.37838e-03 3.32933e-03 3.28489e-03 3.24936e-03 3.22995e-03 3.23579e-03 3.27189e-03 3.33156e-03 3.39559e-03 3.43834e-03 3.43538e-03 3.37338e-03 3.25726e-03 3.10497e-03 2.93379e-03 2.75026e-03 2.55534e-03 2.35951e-03 2.17938e-03 2.02211e-03 1.88522e-03 1.76411e-03 1.65505e-03 1.55556e-03 1.46419e-03 1.38011e-03 1.30274e-03 1.23174e-03 1.16683e-03 1.10745e-03 1.05259e-03 1.00088e-03 9.51026e-04 9.02101e-04 8.53704e-04 8.06176e-04 7.60715e-04 7.18644e-04 6.80255e-04 6.44799e-04 6.11480e-04 5.79793e-04 5.49257e-04 5.19604e-04 4.91402e-04 4.66290e-04 4.45920e-04 4.30271e-04 4.17430e-04 4.04943e-04 3.90246e-04 3.70232e-04 3.42959e-04 3.09837e-04 2.74047e-04 2.37203e-04 1.99492e-04 1.63342e-04 1.33860e-04 1.12922e-04 9.63776e-05 7.93905e-05 6.08710e-05 4.25411e-05 2.66026e-05 1.45689e-05 6.92323e-06 2.92860e-06 1.11396e-06 3.71314e-07 1.23102e-07 3.32204e-08 3.92996e-09 8.67614e-11
30.011450 1.87179e-02 2.48479e-02 1.53678e-02 9.14186e-03 5.94385e-03 4.85905e-03 4.94208e-03 5.31324e-03 5.48870e-03 5.43107e-03 5.29080e-03 5.18045e-03 5.13645e-03 5.17025e-03 5.28686e-03 5.48250e-03 5.75015e-03 6.05743e-03 6.30229e-03 6.34644e-03 6.16278e-03 5.88232e-03 5.63229e-03 5.44545e-03 5.33783e-03 5.33128e-03 5.39929e-03 5.46872e-03 5.47458e-03 5.39423e-03 5.24573e-03 5.06164e-03 4.86839e-03 4.68710e-03 4.52816e-03 4.38350e-03 4.23988e-03 4.09352e-03 3.94990e-03 3.81658e-03 3.69681e-03 3.59020e-03 3.50145e-03 3.44081e-03 3.40890e-03 3.39211e-03 3.37952e-03 3.37217e-03 3.37293e-03 3.37876e-03 3.38457e-03 3.38640e-03 3.38082e-03 3.36594e-03 3.34251e-03 3.31298e-03 3.28021e-03 3.24734e-03 3.21880e-03 3.20162e-03 3.20515e-03 3.23449e-03 3.27964e-03 3.31385e-03 3.31032e-03 3.26237e-03 3.18544e-03 3.09724e-03 2.99806e-03 2.87620e-03 2.72696e-03 2.56324e-03 2.41267e-03 2.29124e-03 2.18736e-03 2.08075e-03 1.96072e-03 1.82932e-03 1.69604e-03 1.57011e-03 1.45644e-03 1.35632e-03 1.26945e-03 1.19475e-03 1.13032e-03 1.07323e-03 1.01963e-03 9.65636e-04 9.09044e-04 8.50743e-04 7.93342e-04 7.38253e-04 6.85379e-04 6.35106e-04 5.88686e-04 5.47053e-04 5.10361e-04 4.78293e-04 4.50314e-04 4.25807e-04 4.04268e-04 3.85377e-04 3.68635e-04 3.52600e-04 3.34844e-04 3.13197e-04 2.86878e-04 2.56730e-04 2.24861e-04 1.93497e-04 1.63579e-04 1.34996e-04 1.08855e-04 8.81631e-05 7.42103e-05 6.39406e-05 5.32895e-05 4.10807e-05 2.87009e-05 1.80934e-05 1.04487e-05 5.63711e-06 2.64106e-06 8.69105e-07 1.79957e-07 3.32750e-08 4.11672e-09 9.67555e-11
30.261545 1.74971e-02 2.34866e-02 1.47961e-02 9.01016e-03 5.98157e-03 4.95327e-03 5.02876e-03 5.33492e-03 5.43495e-03 5.34439e-03 5.22807e-03 5.18113e-03 5.20895e-03 5.28993e-03 5.40852e-03 5.56185e-03 5.76192e-03 6.01028e-03 6.24339e-03 6.34231e-03 6.25519e-03 6.04477e-03 5.78808e-03 5.53633e-03 5.34880e-03 5.26210e-03 5.25414e-03 5.27118e-03 5.26825e-03 5.22470e-03 5.14115e-03 5.02736e-03 4.89300e-03 4.74300e-03 4.57882e-03 4.40605e-03 4.23581e-03 4.07741e-03 3.93318e-03 3.80190e-03 3.68549e-03 3.58826e-03 3.50748e-03 3.43071e-03 3.35218e-03 3.28439e-03 3.24204e-03 3.22800e-03 3.23818e-03 3.26372e-03 3.29018e-03 3.30558e-03 3.30721e-03 3.29794e-03 3.28075e-03 3.25779e-03 3.23175e-03 3.20605e-03 3.18392e-03 3.16792e-03 3.16142e-03 3.16994e-03 3.19680e-03 3.23184e-03 3.24625e-03 3.20942e-03 3.12001e-03 3.01386e-03 2.92598e-03 2.85240e-03 2.76533e-03 2.65702e-03 2.54731e-03 2.44865e-03 2.35601e-03 2.26361e-03 2.17077e-03 2.07792e-03 1.98118e-03 1.87065e-03 1.73843e-03 1.59124e-03 1.44879e-03 1.32635e-03 1.22436e-03 1.13645e-03 1.05881e-03 9.89079e-04 9.25065e-04 8.66484e-04 8.12821e-04 7.60905e-04 7.08306e-04 6.56090e-04 6.06690e-04 5.61242e-04 5.19515e-04 4.81112e-04 4.45926e-04 4.13777e-04 3.83959e-04 3.55396e-04 3.27598e-04 3.01136e-04 2.76759e-04 2.54295e-04 2.32433e-04 2.09372e-04 1.84219e-04 1.57962e-04 1.32597e-04 1.09424e-04 8.86032e-05 7.03358e-05 5.57841e-05 4.57710e-05 3.89232e-05 3.26485e-05 2.57420e-05 1.88667e-05 1.31008e-05 8.66398e-06 4.98326e-06 2.03085e-06 4.70185e-07 6.00008e-08 5.25891e-09 1.27876e-10
30.511641 1.65343e-02 2.25164e-02 1.45272e-02 9.12906e-03 6.19217e-03 5.08870e-03 5.04346e-03 5.26501e-03 5.35409e-03 5.31619e-03 5.27951e-03 5.30325e-03 5.37128e-03 5.45440e-03 5.53825e-03 5.62315e-03 5.72423e-03 5.86706e-03 6.05287e-03 6.21943e-03 6.28235e-03 6.21052e-03 6.02730e-03 5.78090e-03 5.54120e-03 5.37162e-03 5.27959e-03 5.22923e-03 5.18971e-03 5.14013e-03 5.06779e-03 4.97004e-03 4.84424e-03 4.69049e-03 4.51885e-03 4.34468e-03 4.18094e-03 4.03620e-03 3.91350e-03 3.80757e-03 3.70678e-03 3.60326e-03 3.50118e-03 3.41134e-03 3.34063e-03 3.29085e-03 3.26201e-03 3.25402e-03 3.26315e-03 3.27728e-03 3.28387e-03 3.28082e-03 3.27223e-03 3.25925e-03 3.24110e-03 3.21930e-03 3.19738e-03 3.17840e-03 3.16356e-03 3.15251e-03 3.14477e-03 3.14162e-03 3.14614e-03 3.15665e-03 3.15553e-03 3.11427e-03 3.02619e-03 2.92262e-03 2.83532e-03 2.76807e-03 2.71551e-03 2.67550e-03 2.63830e-03 2.58665e-03 2.51097e-03 2.41389e-03 2.30204e-03 2.18294e-03 2.06613e-03 1.96013e-03 1.86317e-03 1.75557e-03 1.61961e-03 1.47120e-03 1.33664e-03 1.22219e-03 1.12824e-03 1.05284e-03 9.87737e-04 9.27478e-04 8.69449e-04 8.10443e-04 7.48894e-04 6.85935e-04 6.24464e-04 5.67492e-04 5.16579e-04 4.71561e-04 4.31375e-04 3.95085e-04 3.62378e-04 3.33087e-04 3.06642e-04 2.82246e-04 2.59232e-04 2.37214e-04 2.16060e-04 1.95624e-04 1.75225e-04 1.53670e-04 1.30597e-04 1.07493e-04 8.65146e-05 6.87769e-05 5.42349e-05 4.26394e-05 3.39196e-05 2.76175e-05 2.26490e-05 1.81339e-05 1.39369e-05 1.00509e-05 6.21309e-06 2.74567e-06 6.95298e-07 8.89492e-08 6.88039e-09 1.65983e-10
30.761736 1.57681e-02 2.18557e-02 1.44986e-02 9.42150e-03 6.44696e-03 5.08042e-03 4.78245e-03 4.92423e-03 5.10771e-03 5.23480e-03 5.33297e-03 5.41732e-03 5.47930e-03 5.51973e-03 5.55170e-03 5.58987e-03 5.64500e-03 5.72770e-03 5.85170e-03 6.00701e-03 6.13823e-03 6.18177e-03 6.11951e-03 5.97517e-03 5.77982e-03 5.57805e-03 5.42809e-03 5.33935e-03 5.27101e-03 5.19614e-03 5.10615e-03 4.99869e-03 4.87700e-03 4.74127e-03 4.58812e-03 4.42175e-03 4.25627e-03 4.10346e-03 3.96242e-03 3.82604e-03 3.69467e-03 3.57809e-03 3.48674e-03 3.42580e-03 3.39447e-03 3.38752e-03 3.39728e-03 3.41437e-03 3.42808e-03 3.42656e-03 3.40371e-03 3.36866e-03 3.33739e-03 3.31449e-03 3.29296e-03 3.26698e-03 3.23707e-03 3.20695e-03 3.17997e-03 3.15795e-03 3.14234e-03 3.13659e-03 3.14496e-03 3.16309e-03 3.17239e-03 3.15369e-03 3.10189e-03 3.02305e-03 2.92780e-03 2.82751e-03 2.73020e-03 2.63821e-03 2.54937e-03 2.46027e-03 2.36850e-03 2.27341e-03 2.17620e-03 2.07964e-03 1.98716e-03 1.90045e-03 1.81529e-03 1.71889e-03 1.60276e-03 1.48197e-03 1.38007e-03 1.29844e-03 1.22384e-03 1.15089e-03 1.07922e-03 1.00853e-03 9.37526e-04 8.65363e-04 7.92870e-04 7.21649e-04 6.53512e-04 5.90288e-04 5.33293e-04 4.82877e-04 4.38623e-04 3.99853e-04 3.65920e-04 3.36222e-04 3.10090e-04 2.86773e-04 2.65569e-04 2.45917e-04 2.27322e-04 2.09200e-04 1.90957e-04 1.72245e-04 1.52749e-04 1.31893e-04 1.09745e-04 8.79594e-05 6.87690e-05 5.33329e-05 4.14779e-05 3.24638e-05 2.55442e-05 2.00546e-05 1.54004e-05 1.10720e-05 6.78371e-06 3.00647e-06 7.84711e-07 1.06103e-07 8.43533e-09 2.02136e-10
31.011831 1.52283e-02 2.14396e-02 1.45737e-02 9.74424e-03 6.66581e-03 4.93166e-03 4.27654e-03 4.29239e-03 4.59277e-03 4.94007e-03 5.21767e-03 5.37666e-03 5.42485e-03 5.41635e-03 5.41183e-03 5.44830e-03 5.53274e-03 5.64923e-03 5.77636e-03 5.89499e-03 5.98662e-03 6.03828e-03 6.04506e-03 6.00432e-03 5.91497e-03 5.77872e-03 5.60537e-03 5.43959e-03 5.32982e-03 5.25240e-03 5.16349e-03 5.06261e-03 4.96277e-03 4.86211e-03 4.74595e-03 4.60413e-03 4.43950e-03 4.26071e-03 4.07672e-03 3.89899e-03 3.74181e-03 3.61819e-03 3.53531e-03 3.49225e-03 3.48145e-03 3.49319e-03 3.51998e-03 3.55728e-03 3.59987e-03 3.63757e-03 3.65464e-03 3.63863e-03 3.59484e-03 3.54287e-03 3.49668e-03 3.45965e-03 3.43612e-03 3.43490e-03 3.45776e-03 3.48661e-03 3.48974e-03 3.44505e-03 3.35260e-03 3.22995e-03 3.10116e-03 2.98469e-03 2.88708e-03 2.80529e-03 2.73286e-03 2.66379e-03 2.59341e-03 2.51847e-03 2.43709e-03 2.34909e-03 2.25647e-03 2.16260e-03 2.06965e-03 1.97723e-03 1.88558e-03 1.79852e-03 1.71665e-03 1.63311e-03 1.54588e-03 1.46455e-03 1.39265e-03 1.32257e-03 1.25124e-03 1.18076e-03 1.11081e-03 1.03918e-03 9.65680e-04 8.91833e-04 8.18958e-04 7.48070e-04 6.80600e-04 6.18206e-04 5.61750e-04 5.10905e-04 4.64773e-04 4.22657e-04 3.84356e-04 3.50021e-04 3.19838e-04 2.93705e-04 2.71085e-04 2.51186e-04 2.33340e-04 2.17279e-04 2.03003e-04 1.90189e-04 1.77621e-04 1.63476e-04 1.46228e-04 1.25613e-04 1.03257e-04 8.17948e-05 6.31864e-05 4.80792e-05 3.61750e-05 2.67922e-05 1.92155e-05 1.28282e-05 7.31699e-06 3.06962e-06 7.86398e-07 1.11984e-07 9.80382e-09 2.41318e-10
31.261927 1.49211e-02 2.12033e-02 1.46341e-02 9.98834e-03 6.86005e-03 4.82979e-03 3.81364e-03 3.60684e-03 3.88950e-03 4.36183e-03 4.80975e-03 5.11068e-03 5.23524e-03 5.23901e-03 5.21879e-03 5.25700e-03 5.38681e-03 5.58388e-03 5.78719e-03 5.93460e-03 5.99664e-03 5.98994e-03 5.95282e-03 5.90765e-03 5.85154e-03 5.77608e-03 5.68034e-03 5.55705e-03 5.40433e-03 5.27025e-03 5.19455e-03 5.13848e-03 5.06735e-03 4.98606e-03 4.89323e-03 4.77567e-03 4.62599e-03 4.44869e-03 4.25841e-03 4.07522e-03 3.91714e-03 3.79459e-03 3.71055e-03 3.66410e-03 3.65243e-03 3.67117e-03 3.71432e-03 3.77613e-03 3.85265e-03 3.93960e-03 4.03079e-03 4.11646e-03 4.17878e-03 4.19394e-03 4.14837e-03 4.04786e-03 3.90699e-03 3.74273e-03 3.57487e-03 3.41860e-03 3.28029e-03 3.16110e-03 3.06061e-03 2.97761e-03 2.90950e-03 2.85219e-03 2.80066e-03 2.74977e-03 2.69513e-03 2.63376e-03 2.56444e-03 2.48800e-03 2.40671e-03 2.32178e-03 2.23165e-03 2.13516e-03 2.03643e-03 1.94234e-03 1.85630e-03 1.77680e-03 1.70012e-03 1.62206e-03 1.53989e-03 1.45499e-03 1.37111e-03 1.29157e-03 1.21740e-03 1.14630e-03 1.07522e-03 1.00357e-03 9.32740e-04 8.64409e-04 8.00151e-04 7.41259e-04 6.87989e-04 6.39455e-04 5.94475e-04 5.52159e-04 5.11818e-04 4.72832e-04 4.34722e-04 3.97272e-04 3.60668e-04 3.25625e-04 2.93290e-04 2.64847e-04 2.41032e-04 2.21803e-04 2.06350e-04 1.93628e-04 1.83046e-04 1.74359e-04 1.66609e-04 1.57312e-04 1.43532e-04 1.24664e-04 1.03253e-04 8.23041e-05 6.32846e-05 4.64822e-05 3.18351e-05 1.94221e-05 9.72850e-06 3.51157e-06 7.88532e-07 1.11685e-07 1.14009e-08 2.96922e-10
31.512022 1.47700e-02 2.10795e-02 1.46385e-02 1.00969e-02 6.99635e-03 4.83684e-03 3.58237e-03 3.15250e-03 3.30602e-03 3.74251e-03 4.21700e-03 4.58899e-03 4.81770e-03 4.93403e-03 5.00562e-03 5.10263e-03 5.26934e-03 5.50053e-03 5.74244e-03 5.92630e-03 6.00563e-03 5.97693e-03 5.87803e-03 5.76500e-03 5.68011e-03 5.63335e-03 5.61066e-03 5.59562e-03 5.56840e-03 5.49607e-03 5.38712e-03 5.30948e-03 5.26647e-03 5.19722e-03 5.08861e-03 4.95513e-03 4.80006e-03 4.62662e-03 4.44661e-03 4.27661e-03 4.13513e-03 4.04112e-03 4.00439e-03 4.01782e-03 4.06601e-03 4.14074e-03 4.24574e-03 4.38018e-03 4.51797e-03 4.61947e-03 4.66004e-03 4.63531e-03 4.55090e-03 4.41540e-03 4.23793e-03 4.03221e-03 3.82139e-03 3.62913e-03 3.46424e-03 3.32235e-03 3.19885e-03 3.09292e-03 3.00407e-03 2.92993e-03 2.86665e-03 2.81016e-03 2.75704e-03 2.70463e-03 2.65101e-03 2.59447e-03 2.53256e-03 2.46189e-03 2.38017e-03 2.28898e-03 2.19396e-03 2.10138e-03 2.01440e-03 1.93215e-03 1.85156e-03 1.76975e-03 1.68440e-03 1.59344e-03 1.49726e-03 1.40058e-03 1.30962e-03 1.22787e-03 1.15496e-03 1.08834e-03 1.02578e-03 9.66464e-04 9.10633e-04 8.58744e-04 8.10652e-04 7.65240e-04 7.21167e-04 6.77934e-04 6.35855e-04 5.95322e-04 5.56391e-04 5.18845e-04 4.82341e-04 4.46535e-04 4.11212e-04 3.76427e-04 3.42606e-04 3.10530e-04 2.81040e-04 2.54617e-04 2.31329e-04 2.11233e-04 1.94571e-04 1.81350e-04 1.70923e-04 1.62252e-04 1.54344e-04 1.45886e-04 1.34822e-04 1.19538e-04 1.00255e-04 7.85740e-05 5.63562e-05 3.54631e-05 1.80594e-05 6.50283e-06 1.40284e-06 1.75857e-07 1.59390e-08 3.89492e-10
31.762118 1.46803e-02 2.09958e-02 1.45763e-02 1.00557e-02 7.02676e-03 4.89734e-03 3.56968e-03 2.99918e-03 3.01075e-03 3.33504e-03 3.72687e-03 4.05401e-03 4.30256e-03 4.51574e-03 4.73008e-03 4.95362e-03 5.17993e-03 5.39782e-03 5.58595e-03 5.71705e-03 5.77067e-03 5.74895e-03 5.68488e-03 5.62303e-03 5.59196e-03 5.60017e-03 5.64112e-03 5.69640e-03 5.74458e-03 5.76711e-03 5.74945e-03 5.68036e-03 5.56975e-03 5.45687e-03 5.34941e-03 5.21182e-03 5.02662e-03 4.80749e-03 4.59968e-03 4.47080e-03 4.45486e-03 4.52270e-03 4.62403e-03 4.72439e-03 4.79847e-03 4.82801e-03 4.81283e-03 4.76685e-03 4.70592e-03 4.64168e-03 4.57948e-03 4.51837e-03 4.45335e-03 4.37690e-03 4.27899e-03 4.14903e-03 3.98143e-03 3.78208e-03 3.57085e-03 3.37333e-03 3.20536e-03 3.06809e-03 2.95648e-03 2.86615e-03 2.79354e-03 2.73426e-03 2.68257e-03 2.63206e-03 2.57688e-03 2.51287e-03 2.43847e-03 2.35527e-03 2.26744e-03 2.17972e-03 2.09508e-03 2.01358e-03 1.93322e-03 1.85179e-03 1.76819e-03 1.68214e-03 1.59312e-03 1.50078e-03 1.40713e-03 1.31711e-03 1.23572e-03 1.16496e-03 1.10355e-03 1.04878e-03 9.98721e-04 9.53319e-04 9.13096e-04 8.76553e-04 8.40674e-04 8.03578e-04 7.65236e-04 7.26469e-04 6.88101e-04 6.50703e-04 6.14560e-04 5.79652e-04 5.45693e-04 5.12235e-04 4.78819e-04 4.45119e-04 4.11082e-04 3.77040e-04 3.43713e-04 3.12008e-04 2.82609e-04 2.55617e-04 2.30611e-04 2.07069e-04 1.84842e-04 1.64444e-04 1.46910e-04 1.32967e-04 1.22017e-04 1.12059e-04 1.00621e-04 8.57616e-05 6.69366e-05 4.56396e-05 2.52576e-05 1.00619e-05 2.46096e-06 3.30754e-07 2.55020e-08 5.12878e-10
32.012213 1.45440e-02 2.08371e-02 1.44314e-02 9.90429e-03 6.95809e-03 4.94150e-03 3.65710e-03 3.04001e-03 2.95950e-03 3.19608e-03 3.52653e-03 3.81726e-03 4.04892e-03 4.26856e-03 4.52233e-03 4.81009e-03 5.08271e-03 5.27697e-03 5.35578e-03 5.33295e-03 5.26855e-03 5.23856e-03 5.29828e-03 5.45192e-03 5.65457e-03 5.85269e-03 6.01360e-03 6.12029e-03 6.16179e-03 6.13636e-03 6.06259e-03 5.96829e-03 5.85663e-03 5.69993e-03 5.47830e-03 5.22813e-03 5.03808e-03 4.97505e-03 5.02095e-03 5.09484e-03 5.12774e-03 5.10484e-03 5.04680e-03 4.97938e-03 4.92215e-03 4.88408e-03 4.85821e-03 4.82402e-03 4.75969e-03 4.65543e-03 4.51914e-03 4.37098e-03 4.23206e-03 4.11552e-03 4.02418e-03 3.95172e-03 3.88255e-03 3.79412e-03 3.66727e-03 3.49922e-03 3.30713e-03 3.11813e-03 2.95320e-03 2.81885e-03 2.71145e-03 2.62499e-03 2.55399e-03 2.49275e-03 2.43502e-03 2.37541e-03 2.31085e-03 2.24082e-03 2.16649e-03 2.08956e-03 2.01123e-03 1.93180e-03 1.85107e-03 1.76903e-03 1.68620e-03 1.60308e-03 1.51965e-03 1.43614e-03 1.35419e-03 1.27642e-03 1.20471e-03 1.13930e-03 1.08008e-03 1.02836e-03 9.85565e-04 9.49964e-04 9.17432e-04 8.85089e-04 8.52219e-04 8.19047e-04 7.85948e-04 7.53363e-04 7.21828e-04 6.91789e-04 6.63314e-04 6.35949e-04 6.08809e-04 5.80867e-04 5.51294e-04 5.19695e-04 4.86114e-04 4.50902e-04 4.14566e-04 3.77725e-04 3.41112e-04 3.05444e-04 2.71119e-04 2.38030e-04 2.05809e-04 1.74358e-04 1.44297e-04 1.16942e-04 9.37731e-05 7.56182e-05 6.20814e-05 5.16752e-05 4.22916e-05 3.18147e-05 1.98062e-05 8.93960e-06 2.52299e-06 3.90481e-07 3.00698e-08 5.27701e-10
32.262309 1.42851e-02 2.05133e-02 1.41967e-02 9.69879e-03 6.82516e-03 4.92806e-03 3.75204e-03 3.19351e-03 3.11282e-03 3.30567e-03 3.58426e-03 3.85630e-03 4.11792e-03 4.38396e-03 4.63911e-03 4.84269e-03 4.96265e-03 4.99780e-03 4.97002e-03 4.91422e-03 4.88286e-03 4.94248e-03 5.14548e-03 5.48268e-03 5.86564e-03 6.18653e-03 6.39140e-03 6.48676e-03 6.50082e-03 6.44646e-03 6.31749e-03 6.10994e-03 5.83766e-03 5.54456e-03 5.30627e-03 5.18890e-03 5.19031e-03 5.24353e-03 5.27782e-03 5.25708e-03 5.18575e-03 5.09992e-03 5.03962e-03 5.02059e-03 5.02422e-03 5.01220e-03 4.95167e-03 4.83091e-03 4.66055e-03 4.46427e-03 4.26605e-03 4.08197e-03 3.91984e-03 3.78319e-03 3.67388e-03 3.59119e-03 3.53137e-03 3.48987e-03 3.46028e-03 3.42669e-03 3.36320e-03 3.25025e-03 3.09014e-03 2.90357e-03 2.71630e-03 2.55027e-03 2.41946e-03 2.32755e-03 2.26794e-03 2.22770e-03 2.19348e-03 2.15557e-03 2.10884e-03 2.05176e-03 1.98511e-03 1.91113e-03 1.83289e-03 1.75351e-03 1.67518e-03 1.59836e-03 1.52187e-03 1.44404e-03 1.36453e-03 1.28532e-03 1.21039e-03 1.14416e-03 1.08853e-03 1.04092e-03 9.96780e-04 9.53723e-04 9.12025e-04 8.72570e-04 8.35703e-04 8.01341e-04 7.69418e-04 7.40086e-04 7.13568e-04 6.89836e-04 6.68347e-04 6.47993e-04 6.27286e-04 6.04681e-04 5.78940e-04 5.49474e-04 5.16526e-04 4.80996e-04 4.43982e-04 4.06395e-04 3.68846e-04 3.31733e-04 2.95262e-04 2.59372e-04 2.23791e-04 1.88369e-04 1.53485e-04 1.20148e-04 8.97692e-05 6.37649e-05 4.30762e-05 2.79224e-05 1.79583e-05 1.20394e-05 7.97639e-06 4.27137e-06 1.48817e-06 2.81447e-07 2.34880e-08 3.86099e-10
32.512404 1.39557e-02 2.00818e-02 1.39090e-02 9.47796e-03 6.66427e-03 4.87556e-03 3.83968e-03 3.40162e-03 3.37930e-03 3.57536e-03 3.85514e-03 4.16596e-03 4.47349e-03 4.71421e-03 4.83144e-03 4.83132e-03 4.77690e-03 4.73636e-03 4.75201e-03 4.84812e-03 5.04047e-03 5.32084e-03 5.63978e-03 5.92322e-03 6.12035e-03 6.23546e-03 6.30214e-03 6.33436e-03 6.31384e-03 6.21317e-03 6.02712e-03 5.78654e-03 5.54684e-03 5.36267e-03 5.25116e-03 5.18274e-03 5.12238e-03 5.06501e-03 5.02338e-03 4.99801e-03 4.98298e-03 4.97921e-03 4.98858e-03 5.00262e-03 5.00016e-03 4.95573e-03 4.85357e-03 4.69804e-03 4.51110e-03 4.31859e-03 4.13746e-03 3.97254e-03 3.82143e-03 3.68108e-03 3.55112e-03 3.43385e-03 3.33242e-03 3.24857e-03 3.18095e-03 3.12613e-03 3.08201e-03 3.04872e-03 3.02095e-03 2.98024e-03 2.90187e-03 2.77068e-03 2.59256e-03 2.39793e-03 2.22777e-03 2.10729e-03 2.03479e-03 1.99254e-03 1.96187e-03 1.93010e-03 1.89071e-03 1.84146e-03 1.78280e-03 1.71675e-03 1.64551e-03 1.57051e-03 1.49298e-03 1.41522e-03 1.34091e-03 1.27303e-03 1.21110e-03 1.15127e-03 1.09033e-03 1.02918e-03 9.71550e-04 9.20319e-04 8.75923e-04 8.37086e-04 8.02020e-04 7.69254e-04 7.38084e-04 7.08584e-04 6.81260e-04 6.56571e-04 6.34560e-04 6.14664e-04 5.95692e-04 5.75989e-04 5.53842e-04 5.28050e-04 4.98376e-04 4.65572e-04 4.30935e-04 3.95727e-04 3.60811e-04 3.26584e-04 2.93078e-04 2.60064e-04 2.27071e-04 1.93625e-04 1.59919e-04 1.27110e-04 9.66889e-05 6.98172e-05 4.72335e-05 2.93221e-05 1.61738e-05 7.70888e-06 3.29585e-06 1.39204e-06 5.23224e-07 1.23652e-07 1.23570e-08 2.13018e-10
32.762499 1.37127e-02 1.97379e-02 1.36671e-02 9.28858e-03 6.51619e-03 4.81756e-03 3.91710e-03 3.62467e-03 3.72715e-03 4.01710e-03 4.35110e-03 4.64330e-03 4.82951e-03 4.87719e-03 4.81901e-03 4.74132e-03 4.73556e-03 4.86067e-03 5.12361e-03 5.46782e-03 5.78844e-03 5.99674e-03 6.08092e-03 6.08650e-03 6.05667e-03 6.01253e-03 5.95911e-03 5.88805e-03 5.78572e-03 5.64642e-03 5.49169e-03 5.36404e-03 5.27724e-03 5.19575e-03 5.07550e-03 4.92027e-03 4.77714e-03 4.68478e-03 4.65221e-03 4.66841e-03 4.71668e-03 4.78083e-03 4.84516e-03 4.89376e-03 4.91058e-03 4.88226e-03 4.80715e-03 4.70132e-03 4.58588e-03 4.46703e-03 4.33645e-03 4.18706e-03 4.01983e-03 3.84133e-03 3.66101e-03 3.48792e-03 3.32702e-03 3.17899e-03 3.04348e-03 2.92149e-03 2.81500e-03 2.72548e-03 2.65314e-03 2.59693e-03 2.55393e-03 2.51741e-03 2.47618e-03 2.41883e-03 2.33717e-03 2.22516e-03 2.08759e-03 1.94966e-03 1.84013e-03 1.76621e-03 1.71425e-03 1.66762e-03 1.61714e-03 1.56060e-03 1.49955e-03 1.43687e-03 1.37488e-03 1.31419e-03 1.25338e-03 1.19037e-03 1.12480e-03 1.05922e-03 9.97582e-04 9.42639e-04 8.94946e-04 8.53566e-04 8.17028e-04 7.83763e-04 7.52306e-04 7.21585e-04 6.91199e-04 6.61455e-04 6.33075e-04 6.06773e-04 5.82943e-04 5.61522e-04 5.41982e-04 5.23353e-04 5.04328e-04 4.83546e-04 4.60015e-04 4.33459e-04 4.04356e-04 3.73644e-04 3.42322e-04 3.11111e-04 2.80325e-04 2.49885e-04 2.19393e-04 1.88186e-04 1.55991e-04 1.24091e-04 9.48624e-05 6.98705e-05 4.92946e-05 3.27329e-05 1.97882e-05 1.02680e-05 4.21232e-06 1.28114e-06 3.04660e-07 6.22273e-08 7.14594e-09 1.39011e-10
33.012595 1.36488e-02 1.96097e-02 1.35396e-02 9.15156e-03 6.38571e-03 4.77211e-03 4.04161e-03 3.95786e-03 4.23185e-03 4.58864e-03 4.85575e-03 4.97501e-03 4.96228e-03 4.87344e-03 4.79438e-03 4.82600e-03 5.04137e-03 5.43086e-03 5.88132e-03 6.22827e-03 6.36000e-03 6.28391e-03 6.09230e-03 5.88084e-03 5.70295e-03 5.57197e-03 5.48780e-03 5.45517e-03 5.46379e-03 5.45777e-03 5.36535e-03 5.17429e-03 4.94527e-03 4.75118e-03 4.62491e-03 4.55904e-03 4.53497e-03 4.54030e-03 4.57294e-03 4.63936e-03 4.74609e-03 4.88520e-03 5.02600e-03 5.12584e-03 5.15139e-03 5.09223e-03 4.96854e-03 4.82329e-03 4.67919e-03 4.51781e-03 4.31754e-03 4.08636e-03 3.85167e-03 3.63556e-03 3.44452e-03 3.27388e-03 3.11576e-03 2.96427e-03 2.81730e-03 2.67620e-03 2.54455e-03 2.42669e-03 2.32626e-03 2.24497e-03 2.18219e-03 2.13541e-03 2.10101e-03 2.07449e-03 2.04995e-03 2.02136e-03 1.98620e-03 1.94468e-03 1.89123e-03 1.81297e-03 1.70724e-03 1.59384e-03 1.49789e-03 1.42673e-03 1.37060e-03 1.31764e-03 1.26246e-03 1.20491e-03 1.14649e-03 1.08874e-03 1.03288e-03 9.79636e-04 9.29228e-04 8.81671e-04 8.37034e-04 7.95469e-04 7.57039e-04 7.21538e-04 6.88482e-04 6.57329e-04 6.27755e-04 5.99739e-04 5.73411e-04 5.48839e-04 5.25943e-04 5.04548e-04 4.84457e-04 4.65431e-04 4.47064e-04 4.28707e-04 4.09599e-04 3.89137e-04 3.67060e-04 3.43463e-04 3.18720e-04 2.93254e-04 2.67267e-04 2.40600e-04 2.12740e-04 1.82978e-04 1.50949e-04 1.17932e-04 8.73704e-05 6.23974e-05 4.35045e-05 2.94139e-05 1.87682e-05 1.06896e-05 4.93304e-06 1.63411e-06 3.63747e-07 6.10626e-08 6.82415e-09 1.44808e-10
33.262690 1.37370e-02 1.96707e-02 1.35068e-02 9.04826e-03 6.28261e-03 4.80939e-03 4.32667e-03 4.46691e-03 4.80728e-03 5.04947e-03 5.11949e-03 5.07567e-03 4.98431e-03 4.90951e-03 4.94360e-03 5.16738e-03 5.56846e-03 6.01656e-03 6.33953e-03 6.43160e-03 6.29560e-03 6.01698e-03 5.72181e-03 5.52945e-03 5.49147e-03 5.55329e-03 5.59036e-03 5.50782e-03 5.31588e-03 5.09794e-03 4.92092e-03 4.79406e-03 4.69786e-03 4.62428e-03 4.58901e-03 4.61398e-03 4.69457e-03 4.80343e-03 4.93773e-03 5.10406e-03 5.25506e-03 5.32032e-03 5.28189e-03 5.16903e-03 5.01209e-03 4.84080e-03 4.69222e-03 4.57226e-03 4.44417e-03 4.28006e-03 4.08796e-03 3.88684e-03 3.68608e-03 3.48810e-03 3.29457e-03 3.10745e-03 2.92828e-03 2.75830e-03 2.59881e-03 2.45113e-03 2.31660e-03 2.19741e-03 2.09720e-03 2.01942e-03 1.96331e-03 1.92174e-03 1.88570e-03 1.85102e-03 1.81778e-03 1.78650e-03 1.75643e-03 1.72427e-03 1.68595e-03 1.64059e-03 1.59183e-03 1.54367e-03 1.49313e-03 1.43032e-03 1.35161e-03 1.26792e-03 1.19362e-03 1.13323e-03 1.08223e-03 1.03497e-03 9.88580e-04 9.42360e-04 8.96431e-04 8.51102e-04 8.06760e-04 7.63831e-04 7.22712e-04 6.83712e-04 6.47077e-04 6.13067e-04 5.81950e-04 5.53856e-04 5.28606e-04 5.05665e-04 4.84287e-04 4.63761e-04 4.43630e-04 4.23752e-04 4.04157e-04 3.84849e-04 3.65749e-04 3.46817e-04 3.28018e-04 3.09191e-04 2.90186e-04 2.70976e-04 2.51288e-04 2.30350e-04 2.07082e-04 1.80472e-04 1.50076e-04 1.16953e-04 8.45231e-05 5.72668e-05 3.74351e-05 2.40792e-05 1.51129e-05 8.87991e-06 4.45275e-06 1.65642e-06 4.09941e-07 7.09753e-08 7.98408e-09 1.80157e-10
33.512786 1.39510e-02 1.98729e-02 1.35364e-02 8.98484e-03 6.26534e-03 4.99784e-03 4.74472e-03 4.95510e-03 5.17536e-03 5.24244e-03 5.19526e-03 5.10022e-03 5.01821e-03 5.02760e-03 5.18625e-03 5.47267e-03 5.78857e-03 6.02331e-03 6.11926e-03 6.09360e-03 6.01476e-03 5.95504e-03 5.94285e-03 5.94164e-03 5.87757e-03 5.70489e-03 5.45096e-03 5.19210e-03 4.99906e-03 4.89874e-03 4.86340e-03 4.84825e-03 4.84517e-03 4.89110e-03 5.01149e-03 5.17137e-03 5.29786e-03 5.33778e-03 5.29212e-03 5.20262e-03 5.10682e-03 5.01607e-03 4.92621e-03 4.83149e-03 4.73866e-03 4.65303e-03 4.55455e-03 4.41265e-03 4.22408e-03 4.01326e-03 3.80042e-03 3.58984e-03 3.38121e-03 3.17764e-03 2.98427e-03 2.80587e-03 2.64627e-03 2.50748e-03 2.38859e-03 2.28710e-03 2.20110e-03 2.12735e-03 2.06016e-03 1.99616e-03 1.93407e-03 1.87207e-03 1.81030e-03 1.75130e-03 1.69704e-03 1.64819e-03 1.60544e-03 1.56893e-03 1.53690e-03 1.50595e-03 1.47261e-03 1.43487e-03 1.39274e-03 1.34769e-03 1.30160e-03 1.25539e-03 1.20731e-03 1.15435e-03 1.09678e-03 1.03903e-03 9.84931e-04 9.35014e-04 8.88123e-04 8.43390e-04 8.00527e-04 7.59414e-04 7.19893e-04 6.81853e-04 6.45357e-04 6.10686e-04 5.78225e-04 5.48265e-04 5.20820e-04 4.95570e-04 4.71946e-04 4.49348e-04 4.27364e-04 4.05888e-04 3.85018e-04 3.64827e-04 3.45267e-04 3.26279e-04 3.07815e-04 2.89704e-04 2.71857e-04 2.54459e-04 2.37431e-04 2.19851e-04 2.00213e-04 1.77148e-04 1.50057e-04 1.19671e-04 8.84437e-05 6.01971e-05 3.82625e-05 2.33775e-05 1.39608e-05 7.99117e-06 4.07973e-06 1.62980e-06 4.46725e-07 8.25738e-08 9.40169e-09 2.19629e-10
33.762881 1.42848e-02 2.01888e-02 1.36149e-02 8.98283e-03 6.34924e-03 5.24287e-03 5.05293e-03 5.17946e-03 5.28046e-03 5.27056e-03 5.17713e-03 5.07204e-03 5.03954e-03 5.11732e-03 5.26430e-03 5.41179e-03 5.54541e-03 5.71072e-03 5.93859e-03 6.19657e-03 6.41579e-03 6.53103e-03 6.48992e-03 6.26633e-03 5.89747e-03 5.50552e-03 5.24178e-03 5.16366e-03 5.20674e-03 5.28392e-03 5.34897e-03 5.38523e-03 5.38545e-03 5.33573e-03 5.22346e-03 5.07529e-03 4.94572e-03 4.87076e-03 4.84153e-03 4.81628e-03 4.76065e-03 4.67367e-03 4.57483e-03 4.47966e-03 4.38627e-03 4.27588e-03 4.13188e-03 3.96188e-03 3.78738e-03 3.62061e-03 3.46047e-03 3.30211e-03 3.14423e-03 2.99057e-03 2.84848e-03 2.72459e-03 2.61978e-03 2.52816e-03 2.44163e-03 2.35462e-03 2.26432e-03 2.16917e-03 2.06957e-03 1.97015e-03 1.87815e-03 1.79828e-03 1.73048e-03 1.67260e-03 1.62288e-03 1.57956e-03 1.54060e-03 1.50465e-03 1.47121e-03 1.43994e-03 1.40998e-03 1.37999e-03 1.34868e-03 1.31548e-03 1.28064e-03 1.24436e-03 1.20630e-03 1.16593e-03 1.12320e-03 1.07830e-03 1.03103e-03 9.81496e-04 9.31039e-04 8.81260e-04 8.32816e-04 7.85703e-04 7.40042e-04 6.96276e-04 6.54945e-04 6.16449e-04 5.80945e-04 5.48328e-04 5.18257e-04 4.90251e-04 4.63842e-04 4.38764e-04 4.15042e-04 3.92887e-04 3.72427e-04 3.53463e-04 3.35476e-04 3.17861e-04 3.00086e-04 2.81736e-04 2.62742e-04 2.43566e-04 2.24704e-04 2.05910e-04 1.86243e-04 1.64760e-04 1.40923e-04 1.14852e-04 8.78069e-05 6.22802e-05 4.10386e-05 2.56027e-05 1.54705e-05 8.96775e-06 4.65266e-06 1.90172e-06 5.33644e-07 9.79123e-08 1.09097e-08 2.58918e-10
34.012976 1.46827e-02 2.05747e-02 1.37436e-02 9.03852e-03 6.45064e-03 5.37444e-03 5.13113e-03 5.18009e-03 5.23209e-03 5.19688e-03 5.10842e-03 5.04605e-03 5.05203e-03 5.10401e-03 5.17108e-03 5.27860e-03 5.49154e-03 5.83246e-03 6.23227e-03 6.56746e-03 6.73575e-03 6.70071e-03 6.49737e-03 6.22601e-03 6.00445e-03 5.87456e-03 5.79032e-03 5.70386e-03 5.60569e-03 5.49801e-03 5.38102e-03 5.25084e-03 5.10524e-03 4.96598e-03 4.85437e-03 4.76939e-03 4.70186e-03 4.63475e-03 4.54884e-03 4.44449e-03 4.34259e-03 4.25658e-03 4.17863e-03 4.09870e-03 4.01861e-03 3.93605e-03 3.83962e-03 3.72740e-03 3.60547e-03 3.48084e-03 3.35944e-03 3.24560e-03 3.14138e-03 3.04291e-03 2.94157e-03 2.83142e-03 2.71351e-03 2.59428e-03 2.47977e-03 2.37167e-03 2.26857e-03 2.16706e-03 2.06319e-03 1.95643e-03 1.85289e-03 1.76163e-03 1.68745e-03 1.62881e-03 1.58174e-03 1.54314e-03 1.51120e-03 1.48439e-03 1.46087e-03 1.43869e-03 1.41616e-03 1.39213e-03 1.36580e-03 1.33649e-03 1.30371e-03 1.26754e-03 1.22885e-03 1.18852e-03 1.14657e-03 1.10214e-03 1.05446e-03 1.00383e-03 9.51397e-04 8.98131e-04 8.44613e-04 7.91575e-04 7.39870e-04 6.90209e-04 6.43246e-04 5.99670e-04 5.60030e-04 5.24472e-04 4.92614e-04 4.63645e-04 4.36652e-04 4.11085e-04 3.87111e-04 3.65443e-04 3.46604e-04 3.30308e-04 3.15538e-04 3.01112e-04 2.86135e-04 2.70057e-04 2.52523e-04 2.33482e-04 2.13272e-04 1.92170e-04 1.70194e-04 1.47529e-04 1.24594e-04 1.01624e-04 7.87871e-05 5.69492e-05 3.78964e-05 2.33642e-05 1.37547e-05 7.92996e-06 4.28027e-06 1.87555e-06 5.58999e-07 1.03505e-07 1.14224e-08 2.81042e-10
34.263072 1.50073e-02 2.09091e-02 1.38788e-02 9.09400e-03 6.47649e-03 5.34949e-03 5.04408e-03 5.06142e-03 5.12038e-03 5.12235e-03 5.08219e-03 5.04907e-03 5.05652e-03 5.11524e-03 5.23712e-03 5.44386e-03 5.73135e-03 6.04047e-03 6.28759e-03 6.42594e-03 6.48303e-03 6.54272e-03 6.65332e-03 6.73845e-03 6.66135e-03 6.38489e-03 6.00268e-03 5.63279e-03 5.33778e-03 5.12195e-03 4.96692e-03 4.86879e-03 4.82772e-03 4.81826e-03 4.81080e-03 4.79215e-03 4.75179e-03 4.67120e-03 4.54415e-03 4.39260e-03 4.24658e-03 4.12274e-03 4.02400e-03 3.94347e-03 3.87009e-03 3.79552e-03 3.71836e-03 3.64247e-03 3.56421e-03 3.47902e-03 3.38934e-03 3.29557e-03 3.19481e-03 3.08532e-03 2.96771e-03 2.84564e-03 2.72297e-03 2.60111e-03 2.48025e-03 2.36110e-03 2.24579e-03 2.13735e-03 2.03764e-03 1.94574e-03 1.85988e-03 1.78063e-03 1.71034e-03 1.64997e-03 1.59827e-03 1.55371e-03 1.51597e-03 1.48531e-03 1.46112e-03 1.44137e-03 1.42325e-03 1.40408e-03 1.38176e-03 1.35497e-03 1.32303e-03 1.28580e-03 1.24362e-03 1.19749e-03 1.14897e-03 1.09952e-03 1.04968e-03 9.98960e-04 9.46452e-04 8.91860e-04 8.36127e-04 7.80799e-04 7.26954e-04 6.75089e-04 6.25572e-04 5.78923e-04 5.35854e-04 4.97017e-04 4.62565e-04 4.31906e-04 4.03905e-04 3.77537e-04 3.52708e-04 3.30406e-04 3.11737e-04 2.96765e-04 2.84351e-04 2.72849e-04 2.60955e-04 2.48002e-04 2.33442e-04 2.16731e-04 1.98041e-04 1.77955e-04 1.56653e-04 1.34299e-04 1.11605e-04 8.94942e-05 6.86181e-05 4.94901e-05 3.28789e-05 1.97540e-05 1.06934e-05 5.34424e-06 2.57004e-06 1.15259e-06 3.99430e-07 8.61681e-08 1.00851e-08 2.59728e-10
34.513167 1.51642e-02 2.10910e-02 1.39667e-02 9.10985e-03 6.42812e-03 5.24786e-03 4.92632e-03 4.96862e-03 5.06397e-03 5.09042e-03 5.07292e-03 5.08679e-03 5.16973e-03 5.30886e-03 5.47693e-03 5.64555e-03 5.78289e-03 5.88104e-03 5.98339e-03 6.15287e-03 6.40467e-03 6.67983e-03 6.87769e-03 6.90645e-03 6.72436e-03 6.36587e-03 5.93091e-03 5.53138e-03 5.23224e-03 5.03859e-03 4.93360e-03 4.89309e-03 4.88192e-03 4.87405e-03 4.85539e-03 4.81581e-03 4.75438e-03 4.67976e-03 4.59410e-03 4.48830e-03 4.35806e-03 4.21430e-03 4.07608e-03 3.95777e-03 3.86027e-03 3.77081e-03 3.67761e-03 3.58620e-03 3.50516e-03 3.42771e-03 3.34398e-03 3.25091e-03 3.14845e-03 3.03779e-03 2.92080e-03 2.79814e-03 2.67068e-03 2.54184e-03 2.41687e-03 2.30065e-03 2.19667e-03 2.10713e-03 2.03243e-03 1.96968e-03 1.91297e-03 1.85637e-03 1.79682e-03 1.73401e-03 1.66856e-03 1.60214e-03 1.53915e-03 1.48539e-03 1.44395e-03 1.41367e-03 1.39120e-03 1.37307e-03 1.35614e-03 1.33733e-03 1.31400e-03 1.28434e-03 1.24756e-03 1.20385e-03 1.15447e-03 1.10168e-03 1.04810e-03 9.95500e-04 9.44225e-04 8.93542e-04 8.42308e-04 7.89701e-04 7.35919e-04 6.82046e-04 6.29312e-04 5.78776e-04 5.31490e-04 4.88511e-04 4.50460e-04 4.16996e-04 3.86918e-04 3.58991e-04 3.32875e-04 3.09347e-04 2.89491e-04 2.73661e-04 2.61177e-04 2.50663e-04 2.40504e-04 2.29365e-04 2.16402e-04 2.01069e-04 1.83577e-04 1.64834e-04 1.45125e-04 1.24243e-04 1.02660e-04 8.15451e-05 6.19836e-05 4.46431e-05 3.00008e-05 1.84619e-05 1.01954e-05 4.94950e-06 2.07931e-06 7.70488e-07 2.59149e-07 6.63703e-08 9.00700e-09 2.39542e-10
34.763263 1.51476e-02 2.10965e-02 1.39951e-02 9.12286e-03 6.42240e-03 5.25945e-03 4.97252e-03 5.00472e-03 5.03658e-03 5.02412e-03 5.05465e-03 5.16907e-03 5.32176e-03 5.44624e-03 5.51781e-03 5.56758e-03 5.65086e-03 5.79808e-03 5.99475e-03 6.20693e-03 6.41123e-03 6.59126e-03 6.71706e-03 6.74066e-03 6.61947e-03 6.35909e-03 6.03099e-03 5.72846e-03 5.49994e-03 5.32923e-03 5.17827e-03 5.03341e-03 4.90685e-03 4.80729e-03 4.72849e-03 4.65955e-03 4.59140e-03 4.51746e-03 4.43519e-03 4.34540e-03 4.24944e-03 4.15086e-03 4.05734e-03 3.97319e-03 3.89108e-03 3.79477e-03 3.67455e-03 3.54123e-03 3.41492e-03 3.30162e-03 3.19766e-03 3.10139e-03 3.00777e-03 2.91080e-03 2.80892e-03 2.70206e-03 2.59090e-03 2.47876e-03 2.37107e-03 2.27346e-03 2.18996e-03 2.12177e-03 2.06718e-03 2.02175e-03 1.97930e-03 1.93419e-03 1.88298e-03 1.82379e-03 1.75490e-03 1.67619e-03 1.59286e-03 1.51528e-03 1.45256e-03 1.40696e-03 1.37467e-03 1.35028e-03 1.32958e-03 1.30959e-03 1.28782e-03 1.26211e-03 1.23070e-03 1.19247e-03 1.14732e-03 1.09620e-03 1.04127e-03 9.85517e-04 9.31513e-04 8.80172e-04 8.30991e-04 7.82972e-04 7.35081e-04 6.86612e-04 6.37548e-04 5.88527e-04 5.40682e-04 4.95494e-04 4.54362e-04 4.17876e-04 3.85472e-04 3.56050e-04 3.28999e-04 3.04619e-04 2.83619e-04 2.66341e-04 2.52500e-04 2.41416e-04 2.32033e-04 2.22671e-04 2.11438e-04 1.97254e-04 1.80241e-04 1.61446e-04 1.41747e-04 1.21140e-04 9.98319e-05 7.89574e-05 5.98318e-05 4.32166e-05 2.94342e-05 1.86509e-05 1.08199e-05 5.60158e-06 2.47547e-06 8.91005e-07 2.66485e-07 6.58001e-08 9.41207e-09 2.52109e-10
35.013358 1.50596e-02 2.10423e-02 1.40591e-02 9.28892e-03 6.68085e-03 5.55712e-03 5.17142e-03 4.99582e-03 4.87199e-03 4.85825e-03 4.97638e-03 5.14222e-03 5.26418e-03 5.33264e-03 5.41153e-03 5.55791e-03 5.76198e-03 5.97130e-03 6.15090e-03 6.29499e-03 6.40659e-03 6.50340e-03 6.60864e-03 6.69442e-03 6.67928e-03 6.51646e-03 6.24381e-03 5.94297e-03 5.67412e-03 5.44015e-03 5.21152e-03 4.98260e-03 4.78182e-03 4.62903e-03 4.51353e-03 4.41311e-03 4.31354e-03 4.21569e-03 4.13186e-03 4.07434e-03 4.04180e-03 4.01326e-03 3.95922e-03 3.86332e-03 3.73339e-03 3.59350e-03 3.46771e-03 3.36478e-03 3.27353e-03 3.17652e-03 3.06910e-03 2.96208e-03 2.86634e-03 2.78070e-03 2.69695e-03 2.61023e-03 2.52224e-03 2.43848e-03 2.36362e-03 2.29913e-03 2.24487e-03 2.20022e-03 2.16239e-03 2.12521e-03 2.08187e-03 2.02863e-03 1.96604e-03 1.89677e-03 1.82237e-03 1.74218e-03 1.65663e-03 1.57102e-03 1.49379e-03 1.43080e-03 1.38247e-03 1.34562e-03 1.31624e-03 1.29074e-03 1.26578e-03 1.23830e-03 1.20585e-03 1.16701e-03 1.12148e-03 1.06992e-03 1.01403e-03 9.56706e-04 9.01393e-04 8.50324e-04 8.03414e-04 7.59251e-04 7.16484e-04 6.74178e-04 6.31767e-04 5.89111e-04 5.46534e-04 5.04779e-04 4.64786e-04 4.27271e-04 3.92435e-04 3.60147e-04 3.30424e-04 3.03735e-04 2.80746e-04 2.61722e-04 2.46267e-04 2.33742e-04 2.23755e-04 2.15693e-04 2.07637e-04 1.96931e-04 1.82503e-04 1.65073e-04 1.45646e-04 1.25004e-04 1.03777e-04 8.28941e-05 6.35569e-05 4.66073e-05 3.23680e-05 2.09798e-05 1.24656e-05 6.58976e-06 2.93558e-06 1.03256e-06 2.88531e-07 6.76792e-08 9.79931e-09 2.66256e-10
35.263454 1.50738e-02 2.11872e-02 1.43781e-02 9.79859e-03 7.24000e-03 5.92385e-03 5.19546e-03 4.75507e-03 4.57011e-03 4.61882e-03 4.78468e-03 4.95213e-03 5.09752e-03 5.25651e-03 5.44856e-03 5.65763e-03 5.86677e-03 6.07963e-03 6.29048e-03 6.45347e-03 6.52458e-03 6.54242e-03 6.60787e-03 6.73282e-03 6.77542e-03 6.60360e-03 6.24974e-03 5.85021e-03 5.51047e-03 5.25003e-03 5.03195e-03 4.82304e-03 4.62228e-03 4.44077e-03 4.28193e-03 4.15398e-03 4.06372e-03 4.00593e-03 3.96521e-03 3.91874e-03 3.84921e-03 3.75566e-03 3.64767e-03 3.53386e-03 3.41988e-03 3.31313e-03 3.22361e-03 3.15838e-03 3.11483e-03 3.07857e-03 3.02934e-03 2.95352e-03 2.85273e-03 2.74014e-03 2.63156e-03 2.53937e-03 2.46998e-03 2.42288e-03 2.39128e-03 2.36511e-03 2.33554e-03 2.29811e-03 2.25191e-03 2.19715e-03 2.13549e-03 2.06999e-03 2.00280e-03 1.93423e-03 1.86405e-03 1.79100e-03 1.71314e-03 1.63149e-03 1.55061e-03 1.47577e-03 1.41118e-03 1.35867e-03 1.31705e-03 1.28285e-03 1.25183e-03 1.22040e-03 1.18635e-03 1.14849e-03 1.10574e-03 1.05687e-03 1.00158e-03 9.42076e-04 8.83204e-04 8.29703e-04 7.83144e-04 7.42002e-04 7.03895e-04 6.66942e-04 6.29912e-04 5.92242e-04 5.54047e-04 5.15899e-04 4.78368e-04 4.41672e-04 4.05766e-04 3.70714e-04 3.36998e-04 3.05631e-04 2.77929e-04 2.54945e-04 2.36844e-04 2.22747e-04 2.11394e-04 2.02048e-04 1.94329e-04 1.86731e-04 1.76467e-04 1.62170e-04 1.44848e-04 1.25743e-04 1.05820e-04 8.61730e-05 6.77570e-05 5.11900e-05 3.67760e-05 2.47121e-05 1.51797e-05 8.21203e-06 3.66612e-06 1.24096e-06 3.13549e-07 6.67263e-08 9.56886e-09 2.64624e-10
35.513549 1.53440e-02 2.17786e-02 1.50812e-02 1.05485e-02 7.75986e-03 6.01589e-03 4.93730e-03 4.37590e-03 4.22870e-03 4.33835e-03 4.54776e-03 4.77631e-03 5.00357e-03 5.22075e-03 5.42510e-03 5.63424e-03 5.87817e-03 6.16136e-03 6.42944e-03 6.59243e-03 6.61094e-03 6.56646e-03 6.59574e-03 6.69969e-03 6.68740e-03 6.42126e-03 5.99994e-03 5.59895e-03 5.29210e-03 5.06404e-03 4.87685e-03 4.69827e-03 4.51140e-03 4.32889e-03 4.18006e-03 4.07382e-03 3.99445e-03 3.90742e-03 3.79472e-03 3.67002e-03 3.55267e-03 3.45268e-03 3.37027e-03 3.29986e-03 3.23546e-03 3.17568e-03 3.12419e-03 3.08474e-03 3.05657e-03 3.03278e-03 3.00156e-03 2.95339e-03 2.88939e-03 2.81894e-03 2.75000e-03 2.68501e-03 2.62353e-03 2.56404e-03 2.50335e-03 2.43781e-03 2.36713e-03 2.29660e-03 2.23304e-03 2.17771e-03 2.12525e-03 2.07067e-03 2.01403e-03 1.95608e-03 1.89600e-03 1.83379e-03 1.76965e-03 1.70299e-03 1.63343e-03 1.56191e-03 1.49127e-03 1.42529e-03 1.36628e-03 1.31412e-03 1.26744e-03 1.22473e-03 1.18437e-03 1.14403e-03 1.10064e-03 1.05130e-03 9.94914e-04 9.33644e-04 8.72501e-04 8.16610e-04 7.68279e-04 7.26518e-04 6.88975e-04 6.53798e-04 6.19923e-04 5.86619e-04 5.53348e-04 5.19868e-04 4.86125e-04 4.51993e-04 4.17287e-04 3.82027e-04 3.46652e-04 3.12126e-04 2.79866e-04 2.51421e-04 2.27978e-04 2.09898e-04 1.96501e-04 1.86267e-04 1.77552e-04 1.69252e-04 1.60349e-04 1.49112e-04 1.34395e-04 1.17260e-04 9.95034e-05 8.21702e-05 6.58781e-05 5.10052e-05 3.77144e-05 2.61728e-05 1.66263e-05 9.28189e-06 4.24716e-06 1.44665e-06 3.48864e-07 6.75051e-08 9.33977e-09 2.58362e-10
35.763644 1.58573e-02 2.27457e-02 1.59630e-02 1.11874e-02 7.96142e-03 5.80678e-03 4.53586e-03 3.96770e-03 3.87624e-03 4.04388e-03 4.31212e-03 4.59183e-03 4.84794e-03 5.08513e-03 5.33167e-03 5.61352e-03 5.93186e-03 6.24852e-03 6.48901e-03 6.59137e-03 6.57776e-03 6.55050e-03 6.56922e-03 6.54962e-03 6.36568e-03 6.04108e-03 5.71414e-03 5.45711e-03 5.25677e-03 5.08540e-03 4.92224e-03 4.75602e-03 4.58365e-03 4.40064e-03 4.21230e-03 4.04300e-03 3.90145e-03 3.77342e-03 3.65374e-03 3.54902e-03 3.46200e-03 3.38830e-03 3.32445e-03 3.27010e-03 3.22483e-03 3.18631e-03 3.15133e-03 3.11710e-03 3.08234e-03 3.04988e-03 3.02528e-03 3.00849e-03 2.99011e-03 2.95715e-03 2.90068e-03 2.82069e-03 2.72696e-03 2.63381e-03 2.55155e-03 2.48213e-03 2.42114e-03 2.36279e-03 2.30251e-03 2.23691e-03 2.16805e-03 2.10254e-03 2.04226e-03 1.98456e-03 1.92756e-03 1.87098e-03 1.81503e-03 1.75965e-03 1.70403e-03 1.64648e-03 1.58543e-03 1.52079e-03 1.45443e-03 1.38922e-03 1.32749e-03 1.26989e-03 1.21499e-03 1.15994e-03 1.10176e-03 1.03892e-03 9.72343e-04 9.05261e-04 8.41858e-04 7.85407e-04 7.37114e-04 6.96123e-04 6.60381e-04 6.27771e-04 5.96828e-04 5.66725e-04 5.36929e-04 5.07047e-04 4.76833e-04 4.46115e-04 4.14710e-04 3.82486e-04 3.49494e-04 3.16135e-04 2.83340e-04 2.52584e-04 2.25474e-04 2.03099e-04 1.85641e-04 1.72395e-04 1.61975e-04 1.52715e-04 1.43253e-04 1.32672e-04 1.20055e-04 1.04967e-04 8.85449e-05 7.26323e-05 5.81792e-05 4.52645e-05 3.37721e-05 2.37261e-05 1.53003e-05 8.69744e-06 4.07961e-06 1.44200e-06 3.60231e-07 6.86293e-08 9.15971e-09 2.50020e-10
36.013740 1.63845e-02 2.36875e-02 1.66670e-02 1.14957e-02 7.86115e-03 5.45074e-03 4.10622e-03 3.55830e-03 3.50658e-03 3.71188e-03 4.01365e-03 4.33030e-03 4.64809e-03 4.98142e-03 5.33108e-03 5.67463e-03 5.98384e-03 6.23427e-03 6.40964e-03 6.51717e-03 6.57276e-03 6.56132e-03 6.45503e-03 6.26149e-03 6.02450e-03 5.80496e-03 5.63728e-03 5.49747e-03 5.35014e-03 5.18851e-03 5.02044e-03 4.85027e-03 4.67790e-03 4.49920e-03 4.30840e-03 4.11515e-03 3.95145e-03 3.82763e-03 3.71799e-03 3.61279e-03 3.52128e-03 3.44699e-03 3.38550e-03 3.33140e-03 3.28109e-03 3.23284e-03 3.18649e-03 3.14381e-03 3.10954e-03 3.08876e-03 3.07993e-03 3.07355e-03 3.05691e-03 3.01951e-03 2.95802e-03 2.87804e-03 2.79149e-03 2.71067e-03 2.64156e-03 2.58159e-03 2.52401e-03 2.46270e-03 2.39421e-03 2.32204e-03 2.25458e-03 2.19369e-03 2.13442e-03 2.07250e-03 2.00723e-03 1.94007e-03 1.87279e-03 1.80680e-03 1.74299e-03 1.68184e-03 1.62359e-03 1.56822e-03 1.51518e-03 1.46291e-03 1.40834e-03 1.34765e-03 1.27839e-03 1.20119e-03 1.11931e-03 1.03684e-03 9.57487e-04 8.84295e-04 8.19349e-04 7.63309e-04 7.15473e-04 6.74440e-04 6.38622e-04 6.06455e-04 5.76580e-04 5.47981e-04 5.19946e-04 4.91975e-04 4.63751e-04 4.35119e-04 4.06026e-04 3.76445e-04 3.46371e-04 3.15886e-04 2.85345e-04 2.55633e-04 2.28163e-04 2.04326e-04 1.84805e-04 1.69400e-04 1.57238e-04 1.46957e-04 1.36951e-04 1.26011e-04 1.13703e-04 9.97889e-05 8.42052e-05 6.80436e-05 5.30231e-05 4.00332e-05 2.90809e-05 1.99864e-05 1.26658e-05 7.10806e-06 3.32498e-06 1.20121e-06 3.17151e-07 6.34116e-08 8.45873e-09 2.29403e-10
36.263835 1.67086e-02 2.42746e-02 1.70255e-02 1.15135e-02 7.61644e-03 5.08590e-03 3.72760e-03 3.20736e-03 3.18201e-03 3.40714e-03 3.74838e-03 4.14966e-03 4.58132e-03 5.00139e-03 5.36686e-03 5.66701e-03 5.92393e-03 6.16263e-03 6.38227e-03 6.53866e-03 6.57121e-03 6.47414e-03 6.30725e-03 6.12326e-03 5.94618e-03 5.80444e-03 5.70173e-03 5.59921e-03 5.46188e-03 5.28359e-03 5.07987e-03 4.87694e-03 4.69590e-03 4.53864e-03 4.39000e-03 4.23409e-03 4.07437e-03 3.93688e-03 3.83114e-03 3.73009e-03 3.62313e-03 3.52562e-03 3.44157e-03 3.36126e-03 3.27838e-03 3.19817e-03 3.13231e-03 3.08785e-03 3.06416e-03 3.05792e-03 3.06300e-03 3.06813e-03 3.06155e-03 3.03710e-03 2.99438e-03 2.93713e-03 2.87362e-03 2.81388e-03 2.76185e-03 2.71159e-03 2.65510e-03 2.59003e-03 2.51820e-03 2.44478e-03 2.37582e-03 2.31304e-03 2.25328e-03 2.19160e-03 2.12470e-03 2.05212e-03 1.97528e-03 1.89604e-03 1.81651e-03 1.74032e-03 1.67185e-03 1.61201e-03 1.55574e-03 1.49553e-03 1.42669e-03 1.34898e-03 1.26497e-03 1.17826e-03 1.09277e-03 1.01200e-03 9.38330e-04 8.72568e-04 8.14293e-04 7.62679e-04 7.17165e-04 6.77320e-04 6.42324e-04 6.10901e-04 5.81725e-04 5.53752e-04 5.26252e-04 4.98753e-04 4.70999e-04 4.42892e-04 4.14385e-04 3.85403e-04 3.55865e-04 3.25779e-04 2.95450e-04 2.65753e-04 2.38072e-04 2.13720e-04 1.93355e-04 1.76897e-04 1.63803e-04 1.53239e-04 1.43994e-04 1.34499e-04 1.23397e-04 1.10186e-04 9.49397e-05 7.80370e-05 6.07122e-05 4.47191e-05 3.12312e-05 2.05631e-05 1.25317e-05 6.80222e-06 3.08652e-06 1.08168e-06 2.77800e-07 5.46246e-08 7.24236e-09 1.95888e-10
36.513931 1.67654e-02 2.44288e-02 1.70662e-02 1.13618e-02 7.34570e-03 4.79010e-03 3.46414e-03 2.99552e-03 3.02034e-03 3.29943e-03 3.70843e-03 4.16553e-03 4.59690e-03 4.96845e-03 5.30009e-03 5.61936e-03 5.93224e-03 6.21949e-03 6.42053e-03 6.47035e-03 6.38791e-03 6.26767e-03 6.16517e-03 6.06567e-03 5.96912e-03 5.90364e-03 5.84766e-03 5.74258e-03 5.56710e-03 5.34712e-03 5.11761e-03 4.90361e-03 4.71631e-03 4.55162e-03 4.39936e-03 4.25383e-03 4.11450e-03 3.98619e-03 3.88339e-03 3.80639e-03 3.71678e-03 3.58988e-03 3.44602e-03 3.31096e-03 3.19987e-03 3.12021e-03 3.06941e-03 3.03859e-03 3.02057e-03 3.01186e-03 3.00962e-03 3.00918e-03 3.00506e-03 2.99321e-03 2.97158e-03 2.94053e-03 2.90402e-03 2.86869e-03 2.83905e-03 2.81245e-03 2.78059e-03 2.73653e-03 2.67906e-03 2.61268e-03 2.54411e-03 2.47808e-03 2.41472e-03 2.34926e-03 2.27619e-03 2.19539e-03 2.11359e-03 2.03760e-03 1.96656e-03 1.89276e-03 1.80874e-03 1.71225e-03 1.60658e-03 1.49789e-03 1.39189e-03 1.29181e-03 1.19889e-03 1.11414e-03 1.03864e-03 9.72326e-04 9.13627e-04 8.60668e-04 8.12402e-04 7.68478e-04 7.28474e-04 6.91618e-04 6.57159e-04 6.24647e-04 5.93800e-04 5.64335e-04 5.35975e-04 5.08494e-04 4.81621e-04 4.54950e-04 4.27970e-04 4.00193e-04 3.71308e-04 3.41400e-04 3.11181e-04 2.81925e-04 2.55009e-04 2.31393e-04 2.11425e-04 1.94982e-04 1.81693e-04 1.71053e-04 1.62364e-04 1.54553e-04 1.46104e-04 1.35420e-04 1.21418e-04 1.03926e-04 8.39378e-05 6.34757e-05 4.47398e-05 2.92081e-05 1.73953e-05 9.13438e-06 3.97881e-06 1.32873e-06 3.21567e-07 5.76107e-08 6.85358e-09 1.76975e-10
36.764026 1.66299e-02 2.42695e-02 1.69020e-02 1.11327e-02 7.09671e-03 4.58579e-03 3.34714e-03 2.97984e-03 3.09436e-03 3.42351e-03 3.81004e-03 4.17550e-03 4.51865e-03 4.87945e-03 5.27165e-03 5.66537e-03 6.00446e-03 6.21623e-03 6.25442e-03 6.15880e-03 6.04001e-03 5.98581e-03 5.99568e-03 6.02337e-03 6.04738e-03 6.05664e-03 6.02004e-03 5.90713e-03 5.70949e-03 5.45307e-03 5.18857e-03 4.95665e-03 4.76228e-03 4.58896e-03 4.42634e-03 4.27628e-03 4.14307e-03 4.02450e-03 3.91292e-03 3.80588e-03 3.70219e-03 3.58126e-03 3.43537e-03 3.29854e-03 3.19701e-03 3.12730e-03 3.07804e-03 3.04217e-03 3.01655e-03 3.00056e-03 2.99387e-03 2.99322e-03 2.99306e-03 2.98882e-03 2.97864e-03 2.96307e-03 2.94423e-03 2.92458e-03 2.90530e-03 2.88507e-03 2.86099e-03 2.83120e-03 2.79420e-03 2.74645e-03 2.68410e-03 2.60785e-03 2.52592e-03 2.44922e-03 2.38243e-03 2.32170e-03 2.25916e-03 2.18801e-03 2.10476e-03 2.00907e-03 1.90225e-03 1.78567e-03 1.66099e-03 1.53252e-03 1.40764e-03 1.29352e-03 1.19414e-03 1.11017e-03 1.04008e-03 9.81197e-04 9.30687e-04 8.86035e-04 8.45093e-04 8.06115e-04 7.67976e-04 7.30190e-04 6.92656e-04 6.55524e-04 6.19211e-04 5.84248e-04 5.50959e-04 5.19266e-04 4.88733e-04 4.58747e-04 4.28702e-04 3.98222e-04 3.67386e-04 3.36825e-04 3.07564e-04 2.80666e-04 2.56899e-04 2.36597e-04 2.19719e-04 2.05993e-04 1.95064e-04 1.86584e-04 1.80169e-04 1.75167e-04 1.70350e-04 1.63859e-04 1.53684e-04 1.38525e-04 1.18551e-04 9.54657e-05 7.17735e-05 4.98252e-05 3.12701e-05 1.70053e-05 7.40854e-06 2.30912e-06 4.75440e-07 7.36213e-08 8.64502e-09 2.25029e-10
37.014121 1.64253e-02 2.39833e-02 1.66583e-02 1.08920e-02 6.89803e-03 4.49257e-03 3.39262e-03 3.13568e-03 3.27738e-03 3.54170e-03 3.82655e-03 4.13480e-03 4.48746e-03 4.87745e-03 5.27520e-03 5.63022e-03 5.87522e-03 5.96858e-03 5.93624e-03 5.85576e-03 5.80296e-03 5.81777e-03 5.90451e-03 6.04919e-03 6.22329e-03 6.36820e-03 6.39973e-03 6.24759e-03 5.93014e-03 5.57077e-03 5.27742e-03 5.05581e-03 4.86564e-03 4.69014e-03 4.53401e-03 4.40135e-03 4.28742e-03 4.17583e-03 4.04073e-03 3.86847e-03 3.68744e-03 3.55017e-03 3.46403e-03 3.38793e-03 3.30823e-03 3.23895e-03 3.18317e-03 3.13702e-03 3.09971e-03 3.07236e-03 3.05554e-03 3.04849e-03 3.04767e-03 3.04688e-03 3.04021e-03 3.02509e-03 3.00333e-03 2.97909e-03 2.95480e-03 2.92799e-03 2.89264e-03 2.84477e-03 2.78779e-03 2.73045e-03 2.67875e-03 2.63233e-03 2.58625e-03 2.53348e-03 2.46757e-03 2.38559e-03 2.28955e-03 2.18452e-03 2.07560e-03 1.96599e-03 1.85675e-03 1.74765e-03 1.63840e-03 1.53003e-03 1.42567e-03 1.32944e-03 1.24413e-03 1.16987e-03 1.10498e-03 1.04747e-03 9.95545e-04 9.47730e-04 9.02800e-04 8.59865e-04 8.18407e-04 7.78230e-04 7.39308e-04 7.01579e-04 6.64813e-04 6.28611e-04 5.92490e-04 5.55999e-04 5.18836e-04 4.80963e-04 4.42690e-04 4.04705e-04 3.68003e-04 3.33699e-04 3.02787e-04 2.75937e-04 2.53401e-04 2.35067e-04 2.20567e-04 2.09423e-04 2.01176e-04 1.95465e-04 1.91935e-04 1.89933e-04 1.88199e-04 1.84872e-04 1.77938e-04 1.65900e-04 1.48350e-04 1.26150e-04 1.01106e-04 7.53980e-05 5.11497e-05 3.02797e-05 1.44973e-05 4.96911e-06 1.05258e-06 1.33151e-07 1.22853e-08 3.12609e-10
37.264217 1.61954e-02 2.36423e-02 1.63880e-02 1.06828e-02 6.78744e-03 4.51619e-03 3.53057e-03 3.30817e-03 3.40096e-03 3.59619e-03 3.85222e-03 4.16328e-03 4.50693e-03 4.86151e-03 5.20003e-03 5.47141e-03 5.62866e-03 5.67321e-03 5.65832e-03 5.65199e-03 5.69804e-03 5.80962e-03 5.99677e-03 6.27700e-03 6.62260e-03 6.89934e-03 6.91254e-03 6.60483e-03 6.16540e-03 5.80020e-03 5.53369e-03 5.31471e-03 5.12156e-03 4.95217e-03 4.80121e-03 4.65732e-03 4.50445e-03 4.32514e-03 4.12073e-03 3.92106e-03 3.75359e-03 3.62304e-03 3.53514e-03 3.49613e-03 3.47639e-03 3.44339e-03 3.39946e-03 3.35282e-03 3.30600e-03 3.26176e-03 3.22242e-03 3.18984e-03 3.16553e-03 3.14870e-03 3.13432e-03 3.11329e-03 3.07666e-03 3.02313e-03 2.96223e-03 2.90650e-03 2.86145e-03 2.82677e-03 2.79990e-03 2.77254e-03 2.73247e-03 2.67248e-03 2.59307e-03 2.49862e-03 2.39456e-03 2.28647e-03 2.17876e-03 2.07401e-03 1.97351e-03 1.87779e-03 1.78653e-03 1.69882e-03 1.61370e-03 1.53072e-03 1.45017e-03 1.37289e-03 1.29996e-03 1.23225e-03 1.17010e-03 1.11328e-03 1.06112e-03 1.01275e-03 9.67228e-04 9.23703e-04 8.81479e-04 8.40036e-04 7.98993e-04 7.58078e-04 7.17105e-04 6.75956e-04 6.34560e-04 5.92875e-04 5.50903e-04 5.08716e-04 4.66548e-04 4.24928e-04 3.84763e-04 3.47257e-04 3.13622e-04 2.84722e-04 2.60877e-04 2.41902e-04 2.27313e-04 2.16541e-04 2.09055e-04 2.04401e-04 2.02075e-04 2.01246e-04 2.00553e-04 1.98243e-04 1.92568e-04 1.82190e-04 1.66461e-04 1.45584e-04 1.20608e-04 9.32546e-05 6.57157e-05 4.05093e-05 2.03236e-05 7.38089e-06 1.65210e-06 1.98441e-07 1.40556e-08 3.11375e-10
37.514312 1.59484e-02 2.32708e-02 1.61244e-02 1.05436e-02 6.78131e-03 4.61767e-03 3.68239e-03 3.45530e-03 3.51883e-03 3.68711e-03 3.91613e-03 4.18726e-03 4.47909e-03 4.77158e-03 5.03397e-03 5.22749e-03 5.33603e-03 5.38411e-03 5.42444e-03 5.51288e-03 5.68932e-03 5.97579e-03 6.38052e-03 6.86578e-03 7.28015e-03 7.39979e-03 7.17467e-03 6.82138e-03 6.51666e-03 6.23985e-03 5.95383e-03 5.67914e-03 5.43327e-03 5.21412e-03 5.00991e-03 4.80103e-03 4.57571e-03 4.35291e-03 4.16791e-03 4.03529e-03 3.94428e-03 3.87624e-03 3.81540e-03 3.75849e-03 3.71636e-03 3.68446e-03 3.63754e-03 3.57380e-03 3.50920e-03 3.44899e-03 3.39403e-03 3.34476e-03 3.30034e-03 3.26042e-03 3.22632e-03 3.19809e-03 3.17387e-03 3.15268e-03 3.12848e-03 3.08436e-03 3.00613e-03 2.89675e-03 2.77297e-03 2.65444e-03 2.55337e-03 2.46954e-03 2.39512e-03 2.32239e-03 2.24635e-03 2.16504e-03 2.08044e-03 1.99724e-03 1.91888e-03 1.84508e-03 1.77299e-03 1.69977e-03 1.62444e-03 1.54808e-03 1.47301e-03 1.40170e-03 1.33584e-03 1.27609e-03 1.22222e-03 1.17346e-03 1.12870e-03 1.08658e-03 1.04570e-03 1.00481e-03 9.63005e-04 9.19870e-04 8.75371e-04 8.29715e-04 7.83178e-04 7.36006e-04 6.88336e-04 6.40129e-04 5.91190e-04 5.41389e-04 4.91072e-04 4.41434e-04 3.94453e-04 3.52251e-04 3.16221e-04 2.86577e-04 2.62590e-04 2.43217e-04 2.27618e-04 2.15337e-04 2.06198e-04 2.00080e-04 1.96693e-04 1.95345e-04 1.94789e-04 1.93355e-04 1.89323e-04 1.81283e-04 1.68310e-04 1.50065e-04 1.26923e-04 1.00114e-04 7.17743e-05 4.48555e-05 2.27917e-05 8.42312e-06 1.92484e-06 2.24089e-07 1.25068e-08 2.20779e-10
37.764408 1.57436e-02 2.29576e-02 1.59221e-02 1.04889e-02 6.86374e-03 4.78158e-03 3.86809e-03 3.62802e-03 3.65846e-03 3.77498e-03 3.94017e-03 4.14672e-03 4.37351e-03 4.59311e-03 4.78082e-03 4.92451e-03 5.03881e-03 5.16042e-03 5.32474e-03 5.55528e-03 5.88162e-03 6.34220e-03 6.91591e-03 7.44891e-03 7.73305e-03 7.69220e-03 7.42738e-03 7.08431e-03 6.74267e-03 6.41798e-03 6.10924e-03 5.82545e-03 5.57522e-03 5.35048e-03 5.13049e-03 4.90559e-03 4.68824e-03 4.49651e-03 4.33846e-03 4.21554e-03 4.12384e-03 4.05210e-03 3.98898e-03 3.92578e-03 3.86139e-03 3.81222e-03 3.78058e-03 3.74264e-03 3.69440e-03 3.63711e-03 3.56872e-03 3.49877e-03 3.45516e-03 3.46335e-03 3.50318e-03 3.51461e-03 3.45904e-03 3.34328e-03 3.19170e-03 3.02419e-03 2.85604e-03 2.70131e-03 2.56955e-03 2.46241e-03 2.37681e-03 2.30848e-03 2.25164e-03 2.19863e-03 2.14220e-03 2.07851e-03 2.00778e-03 1.93327e-03 1.85973e-03 1.79100e-03 1.72807e-03 1.66980e-03 1.61485e-03 1.56246e-03 1.51209e-03 1.46312e-03 1.41479e-03 1.36652e-03 1.31804e-03 1.26949e-03 1.22111e-03 1.17298e-03 1.12483e-03 1.07619e-03 1.02679e-03 9.76747e-04 9.26411e-04 8.76031e-04 8.25664e-04 7.75238e-04 7.24549e-04 6.73148e-04 6.20398e-04 5.65995e-04 5.10745e-04 4.56832e-04 4.07017e-04 3.63273e-04 3.26018e-04 2.94445e-04 2.67376e-04 2.43882e-04 2.23470e-04 2.05994e-04 1.91465e-04 1.79880e-04 1.71068e-04 1.64531e-04 1.59345e-04 1.54271e-04 1.48061e-04 1.39775e-04 1.28884e-04 1.15176e-04 9.86602e-05 7.96129e-05 5.88324e-05 3.80696e-05 2.01292e-05 7.82542e-06 1.90645e-06 2.30089e-07 1.03952e-08 1.16575e-10
38.014503 1.56505e-02 2.28111e-02 1.58433e-02 1.05297e-02 7.02765e-03 5.01557e-03 4.10294e-03 3.82047e-03 3.79776e-03 3.86451e-03 3.97817e-03 4.11729e-03 4.25327e-03 4.37414e-03 4.49650e-03 4.65150e-03 4.85792e-03 5.10430e-03 5.38293e-03 5.73807e-03 6.21614e-03 6.77239e-03 7.30314e-03 7.69957e-03 7.81230e-03 7.59240e-03 7.22071e-03 6.87857e-03 6.58914e-03 6.32479e-03 6.07419e-03 5.82954e-03 5.58095e-03 5.32524e-03 5.07532e-03 4.85593e-03 4.68072e-03 4.54286e-03 4.43009e-03 4.33636e-03 4.25954e-03 4.19635e-03 4.14221e-03 4.09067e-03 4.03532e-03 3.97523e-03 3.91155e-03 3.85422e-03 3.83688e-03 3.87753e-03 3.93401e-03 3.94289e-03 3.87954e-03 3.75334e-03 3.58508e-03 3.39884e-03 3.21470e-03 3.04525e-03 2.89711e-03 2.77244e-03 2.66840e-03 2.57777e-03 2.49341e-03 2.41224e-03 2.33430e-03 2.26075e-03 2.19275e-03 2.13022e-03 2.07129e-03 2.01321e-03 1.95376e-03 1.89251e-03 1.83060e-03 1.76980e-03 1.71225e-03 1.65984e-03 1.61315e-03 1.57122e-03 1.53204e-03 1.49336e-03 1.45310e-03 1.40971e-03 1.36227e-03 1.31066e-03 1.25569e-03 1.19892e-03 1.14221e-03 1.08710e-03 1.03436e-03 9.84006e-04 9.35576e-04 8.88447e-04 8.41933e-04 7.95240e-04 7.47476e-04 6.97777e-04 6.45649e-04 5.91473e-04 5.36760e-04 4.83676e-04 4.34071e-04 3.88838e-04 3.48013e-04 3.11253e-04 2.78232e-04 2.48835e-04 2.23131e-04 2.01106e-04 1.82375e-04 1.66208e-04 1.51812e-04 1.38539e-04 1.25868e-04 1.13327e-04 1.00538e-04 8.73671e-05 7.40388e-05 6.10645e-05 4.89396e-05 3.78319e-05 2.76084e-05 1.82457e-05 1.02095e-05 4.35661e-06 1.20230e-06 1.63922e-07 6.91344e-09 3.73972e-11
38.264599 1.56053e-02 2.27571e-02 1.58456e-02 1.06304e-02 7.23515e-03 5.28115e-03 4.35614e-03 4.03102e-03 3.98044e-03 4.02653e-03 4.08548e-03 4.11743e-03 4.12578e-03 4.16466e-03 4.29615e-03 4.52266e-03 4.79920e-03 5.12278e-03 5.53885e-03 6.03235e-03 6.51481e-03 6.94175e-03 7.27957e-03 7.39515e-03 7.21880e-03 6.92580e-03 6.71429e-03 6.56501e-03 6.37295e-03 6.10906e-03 5.81193e-03 5.53130e-03 5.29509e-03 5.10615e-03 4.95326e-03 4.82461e-03 4.71259e-03 4.61124e-03 4.51795e-03 4.43386e-03 4.36015e-03 4.29787e-03 4.25160e-03 4.23150e-03 4.24953e-03 4.30184e-03 4.35978e-03 4.38195e-03 4.33082e-03 4.19626e-03 3.99558e-03 3.75978e-03 3.52594e-03 3.32190e-03 3.15528e-03 3.01975e-03 2.90677e-03 2.81142e-03 2.73128e-03 2.66321e-03 2.60207e-03 2.54212e-03 2.47919e-03 2.41237e-03 2.34387e-03 2.27620e-03 2.21013e-03 2.14534e-03 2.08159e-03 2.01976e-03 1.96174e-03 1.90871e-03 1.85928e-03 1.80945e-03 1.75479e-03 1.69357e-03 1.62834e-03 1.56383e-03 1.50319e-03 1.44673e-03 1.39297e-03 1.34017e-03 1.28720e-03 1.23371e-03 1.17986e-03 1.12607e-03 1.07293e-03 1.02122e-03 9.71729e-04 9.25109e-04 8.81595e-04 8.40833e-04 8.01851e-04 7.63191e-04 7.23234e-04 6.80730e-04 6.35465e-04 5.88514e-04 5.41577e-04 4.95771e-04 4.51141e-04 4.07371e-04 3.64659e-04 3.23864e-04 2.86144e-04 2.52542e-04 2.23612e-04 1.99111e-04 1.78062e-04 1.59278e-04 1.41810e-04 1.24991e-04 1.08344e-04 9.16429e-05 7.50228e-05 5.90014e-05 4.43382e-05 3.17803e-05 2.18082e-05 1.44697e-05 9.35258e-06 5.79803e-06 3.26554e-06 1.50912e-06 4.81332e-07 7.93750e-08 4.09243e-09 2.33138e-11
38.514694 1.55018e-02 2.26354e-02 1.58197e-02 1.07166e-02 7.42040e-03 5.52036e-03 4.59931e-03 4.26127e-03 4.19983e-03 4.21332e-03 4.19081e-03 4.11295e-03 4.04295e-03 4.06281e-03 4.19729e-03 4.43017e-03 4.77645e-03 5.25218e-03 5.77792e-03 6.22677e-03 6.56614e-03 6.82103e-03 6.93779e-03 6.84262e-03 6.60359e-03 6.37253e-03 6.20677e-03 6.07320e-03 5.93296e-03 5.76044e-03 5.55681e-03 5.35409e-03 5.18707e-03 5.06348e-03 4.96425e-03 4.86576e-03 4.75376e-03 4.63315e-03 4.53285e-03 4.48371e-03 4.49186e-03 4.54667e-03 4.63293e-03 4.71321e-03 4.73508e-03 4.65889e-03 4.45925e-03 4.15147e-03 3.80981e-03 3.51392e-03 3.29743e-03 3.15200e-03 3.05262e-03 2.97483e-03 2.90260e-03 2.83066e-03 2.76166e-03 2.69992e-03 2.64612e-03 2.59684e-03 2.54770e-03 2.49667e-03 2.44465e-03 2.39378e-03 2.34563e-03 2.30092e-03 2.25860e-03 2.21485e-03 2.16535e-03 2.10850e-03 2.04612e-03 1.98214e-03 1.92010e-03 1.86133e-03 1.80412e-03 1.74395e-03 1.67594e-03 1.59901e-03 1.51748e-03 1.43796e-03 1.36496e-03 1.29932e-03 1.23936e-03 1.18266e-03 1.12724e-03 1.07214e-03 1.01734e-03 9.63455e-04 9.11426e-04 8.62196e-04 8.16472e-04 7.74513e-04 7.36032e-04 7.00215e-04 6.65829e-04 6.31400e-04 5.95525e-04 5.57377e-04 5.17317e-04 4.76897e-04 4.37548e-04 3.99064e-04 3.60275e-04 3.21145e-04 2.83255e-04 2.48396e-04 2.17350e-04 1.89941e-04 1.65795e-04 1.44655e-04 1.26102e-04 1.09403e-04 9.37848e-05 7.87817e-05 6.43533e-05 5.07536e-05 3.83211e-05 2.73603e-05 1.81511e-05 1.09703e-05 5.96086e-06 2.91140e-06 1.29342e-06 5.30442e-07 1.84493e-07 3.89211e-08 2.81908e-09 2.47008e-11
38.764789 1.54370e-02 2.25521e-02 1.58090e-02 1.07999e-02 7.58063e-03 5.72641e-03 4.82153e-03 4.48252e-03 4.40805e-03 4.38816e-03 4.30802e-03 4.16625e-03 4.04399e-03 4.01896e-03 4.13480e-03 4.43413e-03 4.92899e-03 5.51276e-03 6.00241e-03 6.32063e-03 6.52889e-03 6.65406e-03 6.61890e-03 6.39818e-03 6.11101e-03 5.88434e-03 5.74507e-03 5.67108e-03 5.63721e-03 5.61255e-03 5.56704e-03 5.48101e-03 5.35337e-03 5.20427e-03 5.06163e-03 4.94932e-03 4.88826e-03 4.88396e-03 4.90402e-03 4.89990e-03 4.84732e-03 4.73019e-03 4.52115e-03 4.22779e-03 3.91566e-03 3.64811e-03 3.43962e-03 3.27494e-03 3.13973e-03 3.02899e-03 2.94231e-03 2.87757e-03 2.82788e-03 2.78378e-03 2.73829e-03 2.69020e-03 2.64327e-03 2.60246e-03 2.57054e-03 2.54701e-03 2.52830e-03 2.50852e-03 2.48117e-03 2.44227e-03 2.39248e-03 2.33607e-03 2.27815e-03 2.22280e-03 2.17154e-03 2.12320e-03 2.07585e-03 2.02802e-03 1.97878e-03 1.92809e-03 1.87676e-03 1.82525e-03 1.77201e-03 1.71305e-03 1.64450e-03 1.56579e-03 1.48070e-03 1.39491e-03 1.31300e-03 1.23691e-03 1.16657e-03 1.10104e-03 1.03939e-03 9.80866e-04 9.24968e-04 8.71446e-04 8.20392e-04 7.72129e-04 7.26931e-04 6.84705e-04 6.44876e-04 6.06557e-04 5.68853e-04 5.31067e-04 4.92820e-04 4.54268e-04 4.16303e-04 3.80043e-04 3.45751e-04 3.12645e-04 2.79847e-04 2.47009e-04 2.14395e-04 1.83042e-04 1.54532e-04 1.30111e-04 1.10010e-04 9.35769e-05 7.98425e-05 6.79739e-05 5.74094e-05 4.77800e-05 3.87999e-05 3.02517e-05 2.20844e-05 1.45464e-05 8.21598e-06 3.73902e-06 1.29235e-06 3.47479e-07 9.26398e-08 2.12520e-08 1.72828e-09 1.18104e-11
39.014885 1.54583e-02 2.25494e-02 1.58140e-02 1.08659e-02 7.70722e-03 5.88752e-03 4.99134e-03 4.65009e-03 4.57329e-03 4.54909e-03 4.45395e-03 4.27910e-03 4.10966e-03 4.05552e-03 4.21151e-03 4.62535e-03 5.22426e-03 5.80621e-03 6.20333e-03 6.42877e-03 6.55691e-03 6.54735e-03 6.35137e-03 6.06991e-03 5.83553e-03 5.67462e-03 5.56304e-03 5.49416e-03 5.46485e-03 5.46309e-03 5.48043e-03 5.50517e-03 5.51795e-03 5.50472e-03 5.45551e-03 5.35929e-03 5.20517e-03 4.97920e-03 4.67359e-03 4.31534e-03 3.96509e-03 3.67418e-03 3.45763e-03 3.30183e-03 3.18364e-03 3.08538e-03 2.99904e-03 2.92284e-03 2.85672e-03 2.80064e-03 2.75474e-03 2.71917e-03 2.69330e-03 2.67527e-03 2.66198e-03 2.64918e-03 2.63253e-03 2.60958e-03 2.58072e-03 2.54814e-03 2.51427e-03 2.48053e-03 2.44654e-03 2.41034e-03 2.36984e-03 2.32448e-03 2.27547e-03 2.22503e-03 2.17591e-03 2.13074e-03 2.09027e-03 2.05311e-03 2.01731e-03 1.98103e-03 1.94280e-03 1.90178e-03 1.85755e-03 1.80903e-03 1.75403e-03 1.69021e-03 1.61666e-03 1.53467e-03 1.44751e-03 1.35942e-03 1.27447e-03 1.19551e-03 1.12349e-03 1.05745e-03 9.95501e-04 9.35979e-04 8.78141e-04 8.22009e-04 7.67872e-04 7.15977e-04 6.66474e-04 6.19394e-04 5.74589e-04 5.31757e-04 4.90591e-04 4.50985e-04 4.13172e-04 3.77641e-04 3.44655e-04 3.13728e-04 2.83678e-04 2.53234e-04 2.21811e-04 1.90098e-04 1.59859e-04 1.32948e-04 1.10414e-04 9.22952e-05 7.79394e-05 6.64231e-05 5.68474e-05 4.84682e-05 4.07147e-05 3.31819e-05 2.56675e-05 1.82545e-05 1.13794e-05 5.78642e-06 2.17185e-06 5.41241e-07 9.30461e-08 1.44667e-08 1.12610e-09 7.90105e-12
39.264980 1.55132e-02 2.25687e-02 1.58070e-02 1.09044e-02 7.80073e-03 6.00588e-03 5.10653e-03 4.75716e-03 4.68469e-03 4.68252e-03 4.61734e-03 4.45674e-03 4.27919e-03 4.22987e-03 4.44181e-03 4.94317e-03 5.59134e-03 6.15481e-03 6.51224e-03 6.67934e-03 6.66202e-03 6.46937e-03 6.19670e-03 5.93260e-03 5.68185e-03 5.43256e-03 5.21807e-03 5.10273e-03 5.12332e-03 5.24920e-03 5.40644e-03 5.51560e-03 5.52320e-03 5.41337e-03 5.18979e-03 4.87759e-03 4.52869e-03 4.19610e-03 3.91086e-03 3.68184e-03 3.50329e-03 3.36125e-03 3.24217e-03 3.13812e-03 3.04594e-03 2.96592e-03 2.90023e-03 2.85025e-03 2.81495e-03 2.79110e-03 2.77420e-03 2.75950e-03 2.74351e-03 2.72470e-03 2.70295e-03 2.67812e-03 2.64919e-03 2.61456e-03 2.57390e-03 2.52969e-03 2.48612e-03 2.44632e-03 2.41072e-03 2.37745e-03 2.34351e-03 2.30650e-03 2.26573e-03 2.22203e-03 2.17668e-03 2.13122e-03 2.08788e-03 2.04886e-03 2.01421e-03 1.98184e-03 1.94955e-03 1.91569e-03 1.87917e-03 1.83930e-03 1.79463e-03 1.74248e-03 1.68056e-03 1.60885e-03 1.53007e-03 1.44813e-03 1.36646e-03 1.28738e-03 1.21246e-03 1.14253e-03 1.07727e-03 1.01523e-03 9.54531e-04 8.94070e-04 8.33959e-04 7.75106e-04 7.18498e-04 6.64790e-04 6.14198e-04 5.66552e-04 5.21476e-04 4.78662e-04 4.38071e-04 3.99933e-04 3.64429e-04 3.31262e-04 2.99596e-04 2.68443e-04 2.37168e-04 2.05924e-04 1.75761e-04 1.48120e-04 1.24109e-04 1.04102e-04 8.78000e-05 7.45017e-05 6.33762e-05 5.36615e-05 4.47698e-05 3.63178e-05 2.81376e-05 2.03028e-05 1.31369e-05 7.16747e-06 2.98306e-06 8.19748e-07 1.29357e-07 1.29701e-08 9.27112e-10 1.28979e-11
39.515076 1.55539e-02 2.25712e-02 1.57928e-02 1.09385e-02 7.88936e-03 6.11540e-03 5.20500e-03 4.83805e-03 4.76617e-03 4.79395e-03 4.77985e-03 4.67018e-03 4.53341e-03 4.52992e-03 4.80817e-03 5.38534e-03 6.09873e-03 6.69234e-03 6.96931e-03 6.88467e-03 6.54345e-03 6.11455e-03 5.73003e-03 5.44813e-03 5.26416e-03 5.13448e-03 5.01337e-03 4.88885e-03 4.78642e-03 4.73629e-03 4.74779e-03 4.79998e-03 4.84065e-03 4.81734e-03 4.71123e-03 4.53714e-03 4.32548e-03 4.10844e-03 3.91112e-03 3.74536e-03 3.60824e-03 3.48662e-03 3.36933e-03 3.25736e-03 3.15962e-03 3.08347e-03 3.02933e-03 2.99101e-03 2.96011e-03 2.93022e-03 2.89824e-03 2.86299e-03 2.82404e-03 2.78194e-03 2.73855e-03 2.69562e-03 2.65324e-03 2.60995e-03 2.56387e-03 2.51406e-03 2.46171e-03 2.41007e-03 2.36249e-03 2.32021e-03 2.28191e-03 2.24492e-03 2.20704e-03 2.16757e-03 2.12694e-03 2.08579e-03 2.04441e-03 2.00312e-03 1.96308e-03 1.92562e-03 1.89021e-03 1.85494e-03 1.81805e-03 1.77837e-03 1.73610e-03 1.69116e-03 1.64202e-03 1.58647e-03 1.52274e-03 1.45106e-03 1.37458e-03 1.29821e-03 1.22613e-03 1.16004e-03 1.09955e-03 1.04340e-03 9.90145e-04 9.38316e-04 8.86679e-04 8.34530e-04 7.81781e-04 7.28801e-04 6.76209e-04 6.24720e-04 5.74997e-04 5.27528e-04 4.82598e-04 4.40359e-04 4.00914e-04 3.64153e-04 3.29516e-04 2.96188e-04 2.63555e-04 2.31494e-04 2.00510e-04 1.71598e-04 1.45736e-04 1.23382e-04 1.04384e-04 8.82081e-05 7.41965e-05 6.17448e-05 5.03962e-05 3.98853e-05 3.01443e-05 2.12926e-05 1.36068e-05 7.45318e-06 3.18506e-06 9.12171e-07 1.44065e-07 1.20226e-08 8.08535e-10 1.55800e-11
39.765171 1.56435e-02 2.26423e-02 1.58373e-02 1.10261e-02 8.02668e-03 6.27112e-03 5.34568e-03 4.94910e-03 4.85506e-03 4.88574e-03 4.91143e-03 4.88181e-03 4.86026e-03 5.00508e-03 5.45863e-03 6.16230e-03 6.78226e-03 6.97122e-03 6.72147e-03 6.31203e-03 5.96499e-03 5.70385e-03 5.46989e-03 5.22772e-03 4.97277e-03 4.72287e-03 4.50628e-03 4.33978e-03 4.22873e-03 4.18236e-03 4.21875e-03 4.33421e-03 4.47582e-03 4.57399e-03 4.58917e-03 4.52068e-03 4.38971e-03 4.22667e-03 4.06610e-03 3.93236e-03 3.82650e-03 3.73013e-03 3.62457e-03 3.50875e-03 3.39659e-03 3.30016e-03 3.22132e-03 3.15471e-03 3.09380e-03 3.03466e-03 2.97642e-03 2.91960e-03 2.86418e-03 2.80942e-03 2.75480e-03 2.70038e-03 2.64586e-03 2.59020e-03 2.53257e-03 2.47313e-03 2.41309e-03 2.35425e-03 2.29861e-03 2.24767e-03 2.20141e-03 2.15790e-03 2.11444e-03 2.06937e-03 2.02304e-03 1.97696e-03 1.93249e-03 1.88996e-03 1.84870e-03 1.80803e-03 1.76819e-03 1.72937e-03 1.69082e-03 1.65048e-03 1.60694e-03 1.56059e-03 1.51124e-03 1.45862e-03 1.40255e-03 1.34195e-03 1.27552e-03 1.20432e-03 1.13306e-03 1.06749e-03 1.01061e-03 9.61842e-04 9.18885e-04 8.79494e-04 8.42066e-04 8.05577e-04 7.69316e-04 7.32671e-04 6.95056e-04 6.56069e-04 6.15704e-04 5.74404e-04 5.32880e-04 4.91808e-04 4.51641e-04 4.12640e-04 3.74879e-04 3.38196e-04 3.02433e-04 2.67672e-04 2.34221e-04 2.02655e-04 1.73777e-04 1.48210e-04 1.26000e-04 1.06666e-04 8.95290e-05 7.39773e-05 5.96073e-05 4.62740e-05 3.40847e-05 2.33374e-05 1.44138e-05 7.64439e-06 3.18787e-06 8.99519e-07 1.39791e-07 1.12390e-08 7.73233e-10 1.60078e-11
40.015266 1.59761e-02 2.30378e-02 1.61026e-02 1.12782e-02 8.30036e-03 6.54704e-03 5.58841e-03 5.13012e-03 4.96990e-03 4.96703e-03 5.03198e-03 5.14913e-03 5.39457e-03 5.83968e-03 6.36055e-03 6.66720e-03 6.63887e-03 6.44420e-03 6.25710e-03 6.07182e-03 5.82411e-03 5.52162e-03 5.21305e-03 4.91656e-03 4.62742e-03 4.36103e-03 4.14836e-03 4.00611e-03 3.93122e-03 3.91432e-03 3.95871e-03 4.07211e-03 4.22791e-03 4.35875e-03 4.40413e-03 4.35610e-03 4.25626e-03 4.15626e-03 4.08355e-03 4.03431e-03 3.98659e-03 3.91996e-03 3.82561e-03 3.70564e-03 3.57476e-03 3.45237e-03 3.34714e-03 3.25570e-03 3.17101e-03 3.08882e-03 3.00902e-03 2.93385e-03 2.86523e-03 2.80322e-03 2.74607e-03 2.69151e-03 2.63753e-03 2.58216e-03 2.52356e-03 2.46091e-03 2.39496e-03 2.32760e-03 2.26104e-03 2.19719e-03 2.13732e-03 2.08144e-03 2.02763e-03 1.97273e-03 1.91475e-03 1.85468e-03 1.79571e-03 1.74061e-03 1.69008e-03 1.64298e-03 1.59773e-03 1.55409e-03 1.51267e-03 1.47205e-03 1.42994e-03 1.38574e-03 1.33797e-03 1.28598e-03 1.23147e-03 1.17609e-03 1.11872e-03 1.05711e-03 9.92558e-04 9.30905e-04 8.77569e-04 8.33407e-04 7.96190e-04 7.63413e-04 7.33326e-04 7.04952e-04 6.77863e-04 6.51890e-04 6.26818e-04 6.02211e-04 5.77481e-04 5.52114e-04 5.25818e-04 4.98470e-04 4.69951e-04 4.40037e-04 4.08505e-04 3.75361e-04 3.41014e-04 3.06230e-04 2.71738e-04 2.37986e-04 2.05533e-04 1.75349e-04 1.48325e-04 1.24680e-04 1.04011e-04 8.56851e-05 6.91200e-05 5.39288e-05 4.00048e-05 2.75518e-05 1.70253e-05 8.95196e-06 3.66236e-06 1.00393e-06 1.50295e-07 1.19138e-08 8.58273e-10 1.72935e-11
40.265362 1.67439e-02 2.40396e-02 1.67823e-02 1.18247e-02 8.79764e-03 6.99494e-03 5.95452e-03 5.38697e-03 5.11964e-03 5.06422e-03 5.21363e-03 5.59886e-03 6.14514e-03 6.61192e-03 6.79356e-03 6.71474e-03 6.53195e-03 6.32782e-03 6.09194e-03 5.83068e-03 5.58628e-03 5.36267e-03 5.11185e-03 4.80001e-03 4.45258e-03 4.13607e-03 3.90789e-03 3.78381e-03 3.74247e-03 3.75215e-03 3.80093e-03 3.89377e-03 4.01634e-03 4.11798e-03 4.14447e-03 4.09126e-03 4.00721e-03 3.94327e-03 3.91589e-03 3.91177e-03 3.90636e-03 3.87831e-03 3.82034e-03 3.73809e-03 3.63491e-03 3.51346e-03 3.38598e-03 3.26614e-03 3.16063e-03 3.06825e-03 2.98505e-03 2.90910e-03 2.84049e-03 2.77928e-03 2.72474e-03 2.67532e-03 2.62873e-03 2.58214e-03 2.53225e-03 2.47595e-03 2.41132e-03 2.33842e-03 2.25948e-03 2.17840e-03 2.09965e-03 2.02662e-03 1.95962e-03 1.89527e-03 1.82850e-03 1.75671e-03 1.68254e-03 1.61174e-03 1.54794e-03 1.49084e-03 1.43804e-03 1.38793e-03 1.34112e-03 1.29708e-03 1.25481e-03 1.21308e-03 1.16929e-03 1.12205e-03 1.07269e-03 1.02355e-03 9.74771e-04 9.23510e-04 8.68099e-04 8.12575e-04 7.63420e-04 7.22735e-04 6.88489e-04 6.58412e-04 6.31196e-04 6.06099e-04 5.82641e-04 5.60524e-04 5.39578e-04 5.19671e-04 5.00666e-04 4.82439e-04 4.64834e-04 4.47548e-04 4.30024e-04 4.11445e-04 3.90905e-04 3.67764e-04 3.42026e-04 3.14397e-04 2.85777e-04 2.56505e-04 2.26348e-04 1.95533e-04 1.65466e-04 1.37833e-04 1.13363e-04 9.18772e-05 7.29286e-05 5.61622e-05 4.14159e-05 2.87103e-05 1.81766e-05 9.99446e-06 4.35657e-06 1.28978e-06 2.09309e-07 1.68092e-08 1.06258e-09 2.06973e-11
40.515457 1.79995e-02 2.57749e-02 1.79920e-02 1.27411e-02 9.54969e-03 7.61048e-03 6.41873e-03 5.68166e-03 5.27425e-03 5.22001e-03 5.57096e-03 6.20148e-03 6.79928e-03 7.10385e-03 7.06724e-03 6.79698e-03 6.44033e-03 6.11267e-03 5.85630e-03 5.64605e-03 5.44102e-03 5.21723e-03 4.96357e-03 4.67875e-03 4.37650e-03 4.08713e-03 3.85133e-03 3.70347e-03 3.64854e-03 3.65620e-03 3.69042e-03 3.73341e-03 3.78244e-03 3.83940e-03 3.89106e-03 3.90752e-03 3.87640e-03 3.81991e-03 3.76994e-03 3.74061e-03 3.72541e-03 3.70320e-03 3.65136e-03 3.56564e-03 3.46648e-03 3.37568e-03 3.29346e-03 3.21079e-03 3.12561e-03 3.04474e-03 2.97306e-03 2.90790e-03 2.84550e-03 2.78520e-03 2.72728e-03 2.67122e-03 2.61639e-03 2.56233e-03 2.50828e-03 2.45249e-03 2.39224e-03 2.32471e-03 2.24834e-03 2.16407e-03 2.07569e-03 1.98873e-03 1.90775e-03 1.83282e-03 1.75761e-03 1.67558e-03 1.58993e-03 1.51084e-03 1.44410e-03 1.38779e-03 1.33591e-03 1.28472e-03 1.23449e-03 1.18555e-03 1.13805e-03 1.09151e-03 1.04512e-03 9.98648e-04 9.52544e-04 9.07766e-04 8.64666e-04 8.21451e-04 7.75262e-04 7.26957e-04 6.81960e-04 6.43508e-04 6.10407e-04 5.80804e-04 5.53844e-04 5.29136e-04 5.06287e-04 4.84856e-04 4.64475e-04 4.44950e-04 4.26284e-04 4.08599e-04 3.91985e-04 3.76391e-04 3.61593e-04 3.47212e-04 3.32758e-04 3.17724e-04 3.01741e-04 2.84701e-04 2.66698e-04 2.47660e-04 2.26925e-04 2.03464e-04 1.77131e-04 1.49731e-04 1.23846e-04 1.00675e-04 8.00325e-05 6.15019e-05 4.49536e-05 3.05853e-05 1.88160e-05 1.00332e-05 4.31180e-06 1.30724e-06 2.28081e-07 2.00556e-08 1.25861e-09 2.48837e-11
40.765553 1.96530e-02 2.81743e-02 1.97199e-02 1.40177e-02 1.05206e-02 8.31746e-03 6.86002e-03 5.90702e-03 5.45560e-03 5.54875e-03 6.05721e-03 6.67513e-03 7.09618e-03 7.17083e-03 6.95045e-03 6.60130e-03 6.25597e-03 5.95359e-03 5.69136e-03 5.46236e-03 5.24986e-03 5.03173e-03 4.79888e-03 4.56089e-03 4.33463e-03 4.13265e-03 3.96137e-03 3.82597e-03 3.73048e-03 3.66809e-03 3.62422e-03 3.58922e-03 3.56519e-03 3.57022e-03 3.62552e-03 3.72179e-03 3.80630e-03 3.81660e-03 3.74077e-03 3.62640e-03 3.52140e-03 3.44420e-03 3.39153e-03 3.34762e-03 3.29637e-03 3.23406e-03 3.17047e-03 3.11353e-03 3.05886e-03 3.00005e-03 2.93882e-03 2.87987e-03 2.82231e-03 2.76365e-03 2.70360e-03 2.64393e-03 2.58645e-03 2.53104e-03 2.47546e-03 2.41694e-03 2.35362e-03 2.28465e-03 2.20925e-03 2.12653e-03 2.03674e-03 1.94308e-03 1.85213e-03 1.76770e-03 1.68514e-03 1.59983e-03 1.51511e-03 1.43890e-03 1.37514e-03 1.32080e-03 1.27079e-03 1.22369e-03 1.17888e-03 1.13404e-03 1.08711e-03 1.03738e-03 9.85244e-04 9.31418e-04 8.77469e-04 8.26014e-04 7.78890e-04 7.35682e-04 6.93837e-04 6.51964e-04 6.12785e-04 5.78732e-04 5.48778e-04 5.21209e-04 4.95360e-04 4.71163e-04 4.48544e-04 4.27248e-04 4.06926e-04 3.87290e-04 3.68243e-04 3.49886e-04 3.32401e-04 3.15886e-04 3.00270e-04 2.85358e-04 2.70973e-04 2.57043e-04 2.43628e-04 2.30858e-04 2.18809e-04 2.07328e-04 1.95837e-04 1.83228e-04 1.68106e-04 1.49661e-04 1.28749e-04 1.07645e-04 8.80459e-05 7.01719e-05 5.37528e-05 3.87692e-05 2.55216e-05 1.45831e-05 6.65473e-06 2.11285e-06 3.77611e-07 2.98024e-08 1.22488e-09 2.16952e-11
41.015648 2.15294e-02 3.10105e-02 2.18185e-02 1.55213e-02 1.15296e-02 8.88343e-03 7.10524e-03 6.07353e-03 5.74191e-03 5.92687e-03 6.34179e-03 6.71844e-03 6.90026e-03 6.87793e-03 6.70699e-03 6.42879e-03 6.09184e-03 5.76655e-03 5.50341e-03 5.30319e-03 5.13211e-03 4.95500e-03 4.75683e-03 4.54337e-03 4.33118e-03 4.14068e-03 3.99148e-03 3.89353e-03 3.83211e-03 3.76869e-03 3.67755e-03 3.57027e-03 3.47899e-03 3.43268e-03 3.44057e-03 3.48749e-03 3.54680e-03 3.59551e-03 3.60576e-03 3.55156e-03 3.45273e-03 3.35817e-03 3.29078e-03 3.24296e-03 3.19524e-03 3.13344e-03 3.05837e-03 2.98086e-03 2.91271e-03 2.85752e-03 2.81038e-03 2.76832e-03 2.73446e-03 2.70714e-03 2.67711e-03 2.63724e-03 2.58458e-03 2.51989e-03 2.44653e-03 2.36792e-03 2.28662e-03 2.20414e-03 2.12025e-03 2.03268e-03 1.93984e-03 1.84681e-03 1.76000e-03 1.67872e-03 1.60298e-03 1.53238e-03 1.46538e-03 1.40345e-03 1.34694e-03 1.29204e-03 1.23657e-03 1.18223e-03 1.13062e-03 1.08259e-03 1.03797e-03 9.94322e-04 9.48285e-04 8.98406e-04 8.45578e-04 7.91200e-04 7.36720e-04 6.83533e-04 6.32763e-04 5.86842e-04 5.48875e-04 5.18589e-04 4.92725e-04 4.68580e-04 4.45135e-04 4.22409e-04 4.00737e-04 3.80360e-04 3.61257e-04 3.43170e-04 3.25720e-04 3.08587e-04 2.91642e-04 2.74934e-04 2.58555e-04 2.42501e-04 2.26729e-04 2.11343e-04 1.96655e-04 1.83058e-04 1.70820e-04 1.59950e-04 1.50159e-04 1.40919e-04 1.31536e-04 1.21185e-04 1.09117e-04 9.52031e-05 8.03346e-05 6.58357e-05 5.23470e-05 3.97703e-05 2.80428e-05 1.75351e-05 9.02198e-06 3.36342e-06 7.38310e-07 6.94765e-08 1.84954e-09 1.28763e-11
41.265744 2.34417e-02 3.39807e-02 2.40110e-02 1.69417e-02 1.22498e-02 9.11701e-03 7.20310e-03 6.28865e-03 6.03410e-03 6.09227e-03 6.27896e-03 6.51505e-03 6.69038e-03 6.69536e-03 6.51813e-03 6.23117e-03 5.92834e-03 5.67764e-03 5.49101e-03 5.33107e-03 5.15043e-03 4.92834e-03 4.67998e-03 4.43950e-03 4.23847e-03 4.09413e-03 4.00156e-03 3.93426e-03 3.85984e-03 3.75685e-03 3.62951e-03 3.50638e-03 3.41717e-03 3.37324e-03 3.36485e-03 3.37257e-03 3.38012e-03 3.37596e-03 3.35570e-03 3.33559e-03 3.33028e-03 3.31012e-03 3.24941e-03 3.17366e-03 3.10862e-03 3.05170e-03 2.99038e-03 2.91885e-03 2.84322e-03 2.77492e-03 2.72012e-03 2.67737e-03 2.64259e-03 2.61210e-03 2.58288e-03 2.55114e-03 2.51214e-03 2.46399e-03 2.40516e-03 2.33031e-03 2.23225e-03 2.11227e-03 1.98665e-03 1.87837e-03 1.79974e-03 1.74003e-03 1.68304e-03 1.62506e-03 1.56856e-03 1.51385e-03 1.45979e-03 1.40556e-03 1.34856e-03 1.28641e-03 1.22100e-03 1.15713e-03 1.09865e-03 1.04538e-03 9.94324e-04 9.44463e-04 8.96713e-04 8.50072e-04 8.03302e-04 7.57620e-04 7.13203e-04 6.68042e-04 6.22140e-04 5.78372e-04 5.38588e-04 5.02504e-04 4.69903e-04 4.41143e-04 4.15807e-04 3.92330e-04 3.69399e-04 3.47106e-04 3.26393e-04 3.07834e-04 2.91182e-04 2.75644e-04 2.60361e-04 2.44765e-04 2.28719e-04 2.12383e-04 1.95980e-04 1.79734e-04 1.63976e-04 1.49178e-04 1.35768e-04 1.23927e-04 1.13496e-04 1.04053e-04 9.51075e-05 8.63036e-05 7.74093e-05 6.81548e-05 5.82978e-05 4.79354e-05 3.76720e-05 2.82858e-05 2.00931e-05 1.30159e-05 7.16841e-06 2.98957e-06 7.80865e-07 9.42759e-08 3.17079e-09 1.23828e-11
41.515839 2.52427e-02 3.67548e-02 2.59173e-02 1.79076e-02 1.25046e-02 9.12693e-03 7.29686e-03 6.43035e-03 6.08928e-03 6.10011e-03 6.31930e-03 6.54907e-03 6.65232e-03 6.59550e-03 6.41456e-03 6.16901e-03 5.91073e-03 5.67449e-03 5.47173e-03 5.28531e-03 5.08453e-03 4.85678e-03 4.61960e-03 4.40252e-03 4.22334e-03 4.07733e-03 3.94302e-03 3.80104e-03 3.65160e-03 3.51190e-03 3.40383e-03 3.34317e-03 3.32609e-03 3.33130e-03 3.33977e-03 3.34287e-03 3.33471e-03 3.30949e-03 3.26492e-03 3.20582e-03 3.14128e-03 3.07790e-03 3.03774e-03 3.03712e-03 3.03472e-03 2.99697e-03 2.94037e-03 2.88192e-03 2.82195e-03 2.75786e-03 2.69296e-03 2.63425e-03 2.58638e-03 2.55060e-03 2.52724e-03 2.51275e-03 2.49246e-03 2.44201e-03 2.34238e-03 2.20251e-03 2.06049e-03 1.94942e-03 1.87242e-03 1.81637e-03 1.77032e-03 1.72756e-03 1.68404e-03 1.63950e-03 1.59499e-03 1.54821e-03 1.49384e-03 1.42712e-03 1.34851e-03 1.26693e-03 1.19358e-03 1.13119e-03 1.07449e-03 1.01974e-03 9.67905e-04 9.19567e-04 8.70867e-04 8.19292e-04 7.69321e-04 7.24953e-04 6.84568e-04 6.46213e-04 6.11185e-04 5.79657e-04 5.49160e-04 5.18027e-04 4.86668e-04 4.56004e-04 4.26239e-04 3.97197e-04 3.68990e-04 3.41830e-04 3.16038e-04 2.92594e-04 2.72265e-04 2.54559e-04 2.38375e-04 2.22745e-04 2.06959e-04 1.90694e-04 1.74047e-04 1.57350e-04 1.41012e-04 1.25483e-04 1.11212e-04 9.85230e-05 8.74859e-05 7.78924e-05 6.93298e-05 6.13511e-05 5.36688e-05 4.62056e-05 3.89483e-05 3.18230e-05 2.47447e-05 1.78401e-05 1.16895e-05 6.93090e-06 3.64892e-06 1.57337e-06 4.66398e-07 6.99578e-08 3.07492e-09 1.29056e-11
41.765934 2.67697e-02 3.89300e-02 2.71571e-02 1.82703e-02 1.24490e-02 9.05380e-03 7.25063e-03 6.41044e-03 6.19920e-03 6.32512e-03 6.54230e-03 6.71370e-03 6.76025e-03 6.64057e-03 6.37793e-03 6.05925e-03 5.78006e-03 5.57887e-03 5.42598e-03 5.26949e-03 5.08298e-03 4.87092e-03 4.64586e-03 4.41851e-03 4.20076e-03 3.99886e-03 3.80375e-03 3.60762e-03 3.42809e-03 3.29057e-03 3.20801e-03 3.18340e-03 3.20604e-03 3.25263e-03 3.29753e-03 3.32166e-03 3.31769e-03 3.28797e-03 3.23850e-03 3.17486e-03 3.10173e-03 3.02460e-03 2.95262e-03 2.89171e-03 2.83870e-03 2.81197e-03 2.82955e-03 2.84477e-03 2.82153e-03 2.78602e-03 2.76612e-03 2.76270e-03 2.76214e-03 2.74593e-03 2.69195e-03 2.58492e-03 2.43542e-03 2.27926e-03 2.14923e-03 2.05490e-03 1.98801e-03 1.93613e-03 1.89015e-03 1.84598e-03 1.80379e-03 1.76440e-03 1.72648e-03 1.68606e-03 1.63622e-03 1.56806e-03 1.47865e-03 1.38113e-03 1.29572e-03 1.22728e-03 1.16529e-03 1.10300e-03 1.04201e-03 9.85109e-04 9.34533e-04 8.89265e-04 8.46892e-04 8.08809e-04 7.76071e-04 7.45256e-04 7.11202e-04 6.72533e-04 6.32901e-04 5.96044e-04 5.62479e-04 5.30954e-04 5.00490e-04 4.70867e-04 4.42279e-04 4.14933e-04 3.88951e-04 3.64163e-04 3.38962e-04 3.10643e-04 2.79954e-04 2.51654e-04 2.28338e-04 2.08946e-04 1.91683e-04 1.75250e-04 1.58899e-04 1.42440e-04 1.26116e-04 1.10379e-04 9.57035e-05 8.24657e-05 7.08659e-05 6.09035e-05 5.23974e-05 4.50424e-05 3.84999e-05 3.25052e-05 2.69284e-05 2.17443e-05 1.69520e-05 1.24952e-05 8.34492e-06 4.78990e-06 2.27890e-06 8.66486e-07 2.39716e-07 3.81115e-08 1.99936e-09 1.02000e-11
42.016030 2.77594e-02 4.01337e-02 2.76344e-02 1.82444e-02 1.22724e-02 8.88924e-03 7.20773e-03 6.57201e-03 6.49170e-03 6.63162e-03 6.79781e-03 6.87800e-03 6.81452e-03 6.60581e-03 6.30488e-03 5.99108e-03 5.72697e-03 5.53187e-03 5.38672e-03 5.25902e-03 5.12149e-03 4.95298e-03 4.74090e-03 4.49452e-03 4.24407e-03 4.01105e-03 3.78501e-03 3.55736e-03 3.35154e-03 3.18997e-03 3.08170e-03 3.03413e-03 3.04028e-03 3.07809e-03 3.12667e-03 3.17020e-03 3.19526e-03 3.19330e-03 3.16421e-03 3.11559e-03 3.05821e-03 3.00086e-03 2.94756e-03 2.89872e-03 2.85594e-03 2.82550e-03 2.81003e-03 2.80288e-03 2.82109e-03 2.89170e-03 2.97403e-03 3.00465e-03 2.96747e-03 2.87094e-03 2.73462e-03 2.58921e-03 2.45774e-03 2.34285e-03 2.23870e-03 2.14467e-03 2.06375e-03 1.99759e-03 1.94472e-03 1.90173e-03 1.86486e-03 1.82854e-03 1.78193e-03 1.70931e-03 1.60287e-03 1.48122e-03 1.37832e-03 1.30478e-03 1.24283e-03 1.17907e-03 1.11580e-03 1.05678e-03 1.00312e-03 9.56365e-04 9.16474e-04 8.81650e-04 8.50578e-04 8.21916e-04 7.93587e-04 7.63956e-04 7.32880e-04 7.01266e-04 6.70159e-04 6.40183e-04 6.11414e-04 5.83548e-04 5.56111e-04 5.28580e-04 5.00445e-04 4.71291e-04 4.40907e-04 4.09455e-04 3.77579e-04 3.45688e-04 3.12415e-04 2.76137e-04 2.39961e-04 2.09910e-04 1.87551e-04 1.69943e-04 1.54066e-04 1.38424e-04 1.22631e-04 1.06908e-04 9.17416e-05 7.76417e-05 6.49868e-05 5.39687e-05 4.45993e-05 3.67447e-05 3.01722e-05 2.46108e-05 1.98204e-05 1.56413e-05 1.20009e-05 8.86659e-06 6.16300e-06 3.81093e-06 1.92393e-06 7.24040e-07 1.85751e-07 2.79369e-08 1.59452e-09 1.14092e-11
42.266125 2.80265e-02 4.03608e-02 2.76025e-02 1.80680e-02 1.20722e-02 8.81778e-03 7.37168e-03 6.89927e-03 6.83125e-03 6.86844e-03 6.88819e-03 6.85475e-03 6.74646e-03 6.54222e-03 6.26109e-03 5.96885e-03 5.72922e-03 5.56327e-03 5.45190e-03 5.35926e-03 5.25006e-03 5.09665e-03 4.88581e-03 4.62874e-03 4.35722e-03 4.09286e-03 3.82728e-03 3.56181e-03 3.32635e-03 3.13942e-03 3.00636e-03 2.93157e-03 2.90555e-03 2.90922e-03 2.92683e-03 2.94743e-03 2.96299e-03 2.96816e-03 2.96153e-03 2.94633e-03 2.92784e-03 2.91048e-03 2.89754e-03 2.89122e-03 2.89162e-03 2.89726e-03 2.90836e-03 2.92981e-03 2.96704e-03 3.00962e-03 3.02741e-03 3.01302e-03 2.99360e-03 2.96267e-03 2.88536e-03 2.77096e-03 2.65821e-03 2.55491e-03 2.44242e-03 2.32095e-03 2.21066e-03 2.12587e-03 2.06607e-03 2.01924e-03 1.96391e-03 1.87541e-03 1.74672e-03 1.60593e-03 1.49265e-03 1.41279e-03 1.34117e-03 1.26369e-03 1.18840e-03 1.12440e-03 1.07269e-03 1.03081e-03 9.95477e-04 9.63761e-04 9.34119e-04 9.05487e-04 8.76464e-04 8.46155e-04 8.15122e-04 7.85042e-04 7.57372e-04 7.32437e-04 7.09534e-04 6.87471e-04 6.64972e-04 6.40893e-04 6.14349e-04 5.84858e-04 5.52501e-04 5.17991e-04 4.82505e-04 4.47191e-04 4.12484e-04 3.77620e-04 3.41024e-04 3.01779e-04 2.62000e-04 2.27055e-04 2.00369e-04 1.80362e-04 1.63659e-04 1.48028e-04 1.32522e-04 1.16902e-04 1.01333e-04 8.62150e-05 7.20167e-05 5.91324e-05 4.78132e-05 3.81497e-05 3.00826e-05 2.34325e-05 1.79559e-05 1.34265e-05 9.69863e-06 6.70416e-06 4.38953e-06 2.65286e-06 1.38519e-06 5.62567e-07 1.57947e-07 2.58314e-08 1.67402e-09 1.70088e-11
42.516221 2.77849e-02 4.00489e-02 2.73694e-02 1.78685e-02 1.19788e-02 8.93174e-03 7.64111e-03 7.18123e-03 7.01709e-03 6.91691e-03 6.82021e-03 6.72801e-03 6.62314e-03 6.46777e-03 6.25556e-03 6.02958e-03 5.84063e-03 5.70269e-03 5.59223e-03 5.47845e-03 5.34352e-03 5.17747e-03 4.97127e-03 4.72546e-03 4.45636e-03 4.18119e-03 3.90357e-03 3.63400e-03 3.38736e-03 3.16798e-03 2.99405e-03 2.88265e-03 2.81980e-03 2.78271e-03 2.75928e-03 2.74372e-03 2.73231e-03 2.72310e-03 2.71589e-03 2.71146e-03 2.71042e-03 2.71375e-03 2.72453e-03 2.74819e-03 2.79033e-03 2.85346e-03 2.93393e-03 3.02023e-03 3.09714e-03 3.15602e-03 3.19904e-03 3.22688e-03 3.22071e-03 3.15221e-03 3.03167e-03 2.91784e-03 2.84043e-03 2.75604e-03 2.62351e-03 2.46718e-03 2.32875e-03 2.22002e-03 2.12670e-03 2.02628e-03 1.90978e-03 1.79177e-03 1.69018e-03 1.60042e-03 1.50487e-03 1.40166e-03 1.30638e-03 1.23141e-03 1.17641e-03 1.13396e-03 1.09653e-03 1.05928e-03 1.02025e-03 9.80650e-04 9.43986e-04 9.12238e-04 8.83957e-04 8.57048e-04 8.30916e-04 8.05868e-04 7.82062e-04 7.58987e-04 7.35349e-04 7.09422e-04 6.79774e-04 6.45938e-04 6.08715e-04 5.69982e-04 5.32052e-04 4.96737e-04 4.64630e-04 4.35097e-04 4.06708e-04 3.77608e-04 3.46102e-04 3.11956e-04 2.77635e-04 2.46925e-04 2.21710e-04 2.01164e-04 1.83481e-04 1.67286e-04 1.51818e-04 1.36637e-04 1.21486e-04 1.06319e-04 9.13206e-05 7.68341e-05 6.32536e-05 5.09267e-05 4.00915e-05 3.08422e-05 2.31210e-05 1.67550e-05 1.15474e-05 7.38007e-06 4.24124e-06 2.13193e-06 9.24152e-07 3.43760e-07 1.04146e-07 2.04406e-08 1.63372e-09 2.19975e-11
42.766316 2.75457e-02 3.97628e-02 2.71691e-02 1.77418e-02 1.20215e-02 9.11982e-03 7.85661e-03 7.34474e-03 7.09736e-03 6.91275e-03 6.75284e-03 6.62855e-03 6.52499e-03 6.40429e-03 6.25119e-03 6.08522e-03 5.92931e-03 5.78775e-03 5.65381e-03 5.52141e-03 5.38243e-03 5.21813e-03 5.00682e-03 4.75237e-03 4.49327e-03 4.24827e-03 3.97950e-03 3.67594e-03 3.39336e-03 3.16572e-03 2.98670e-03 2.85466e-03 2.76182e-03 2.69230e-03 2.63926e-03 2.60356e-03 2.58493e-03 2.57958e-03 2.58212e-03 2.58858e-03 2.59907e-03 2.61792e-03 2.65063e-03 2.70071e-03 2.77053e-03 2.86594e-03 2.99739e-03 3.16653e-03 3.34090e-03 3.45275e-03 3.45631e-03 3.38423e-03 3.30510e-03 3.24124e-03 3.16661e-03 3.05439e-03 2.90508e-03 2.74731e-03 2.59682e-03 2.44557e-03 2.30432e-03 2.18719e-03 2.09005e-03 2.00340e-03 1.92037e-03 1.83463e-03 1.74067e-03 1.63987e-03 1.54138e-03 1.45440e-03 1.38104e-03 1.31704e-03 1.25665e-03 1.19566e-03 1.13331e-03 1.07461e-03 1.02648e-03 9.89172e-04 9.56822e-04 9.25051e-04 8.93365e-04 8.62413e-04 8.31842e-04 8.00397e-04 7.67106e-04 7.31979e-04 6.95653e-04 6.58861e-04 6.22303e-04 5.86675e-04 5.52745e-04 5.21287e-04 4.92613e-04 4.66219e-04 4.41194e-04 4.16901e-04 3.93022e-04 3.68936e-04 3.43551e-04 3.16454e-04 2.88946e-04 2.63126e-04 2.40278e-04 2.20470e-04 2.03068e-04 1.87278e-04 1.72418e-04 1.58009e-04 1.43741e-04 1.29418e-04 1.14944e-04 1.00352e-04 8.58160e-05 7.16241e-05 5.81414e-05 4.57455e-05 3.47498e-05 2.53344e-05 1.75262e-05 1.12589e-05 6.47202e-06 3.14841e-06 1.20843e-06 3.48279e-07 8.01559e-08 1.52026e-08 1.44960e-09 2.38974e-11
43.016411 2.75786e-02 3.97068e-02 2.70688e-02 1.77051e-02 1.21335e-02 9.30492e-03 8.01401e-03 7.43214e-03 7.11194e-03 6.86635e-03 6.66105e-03 6.51096e-03 6.41140e-03 6.32797e-03 6.22600e-03 6.09455e-03 5.94448e-03 5.79157e-03 5.64191e-03 5.48691e-03 5.30871e-03 5.09937e-03 4.86892e-03 4.62330e-03 4.36707e-03 4.11979e-03 3.88298e-03 3.63831e-03 3.40019e-03 3.19264e-03 3.01415e-03 2.86580e-03 2.75270e-03 2.67053e-03 2.61295e-03 2.57926e-03 2.56844e-03 2.57546e-03 2.59688e-03 2.63440e-03 2.69061e-03 2.76708e-03 2.87034e-03 3.01236e-03 3.18707e-03 3.33509e-03 3.37256e-03 3.30423e-03 3.24252e-03 3.26509e-03 3.33915e-03 3.39190e-03 3.38204e-03 3.30768e-03 3.18189e-03 3.01853e-03 2.83995e-03 2.67340e-03 2.53059e-03 2.40764e-03 2.30080e-03 2.20821e-03 2.12607e-03 2.05092e-03 1.98113e-03 1.91464e-03 1.84851e-03 1.78008e-03 1.70601e-03 1.62246e-03 1.52885e-03 1.43034e-03 1.33562e-03 1.25390e-03 1.19010e-03 1.13966e-03 1.09428e-03 1.05008e-03 1.00648e-03 9.62943e-04 9.18683e-04 8.73460e-04 8.27936e-04 7.83205e-04 7.40165e-04 6.99359e-04 6.60998e-04 6.24936e-04 5.90908e-04 5.58961e-04 5.29468e-04 5.02561e-04 4.77794e-04 4.54522e-04 4.32233e-04 4.10372e-04 3.88231e-04 3.65179e-04 3.41172e-04 3.17015e-04 2.93808e-04 2.72243e-04 2.52451e-04 2.34263e-04 2.17473e-04 2.01894e-04 1.87290e-04 1.73340e-04 1.59702e-04 1.46112e-04 1.32421e-04 1.18562e-04 1.04524e-04 9.03513e-05 7.61758e-05 6.22499e-05 4.89481e-05 3.67149e-05 2.59708e-05 1.70283e-05 1.00638e-05 5.12238e-06 2.09366e-06 6.26898e-07 1.27552e-07 1.78075e-08 1.48171e-09 2.49703e-11
43.266507 2.76660e-02 3.96359e-02 2.69430e-02 1.75852e-02 1.20437e-02 9.22050e-03 7.91055e-03 7.30470e-03 6.96794e-03 6.71577e-03 6.51203e-03 6.37279e-03 6.29563e-03 6.24141e-03 6.16322e-03 6.03872e-03 5.87030e-03 5.66683e-03 5.43858e-03 5.20044e-03 4.96536e-03 4.73909e-03 4.52928e-03 4.33920e-03 4.16274e-03 3.99347e-03 3.81425e-03 3.61227e-03 3.40606e-03 3.21987e-03 3.05791e-03 2.92135e-03 2.81671e-03 2.74693e-03 2.70552e-03 2.68562e-03 2.68742e-03 2.71553e-03 2.77738e-03 2.88404e-03 3.04872e-03 3.26710e-03 3.47261e-03 3.54857e-03 3.46658e-03 3.34428e-03 3.28523e-03 3.28445e-03 3.30447e-03 3.32605e-03 3.33296e-03 3.30934e-03 3.25401e-03 3.17739e-03 3.08690e-03 2.98253e-03 2.86524e-03 2.74205e-03 2.61903e-03 2.49756e-03 2.38259e-03 2.28389e-03 2.20657e-03 2.14841e-03 2.10270e-03 2.05835e-03 2.00279e-03 1.92778e-03 1.83335e-03 1.72852e-03 1.62604e-03 1.53490e-03 1.45742e-03 1.39076e-03 1.33028e-03 1.27238e-03 1.21515e-03 1.15787e-03 1.10047e-03 1.04323e-03 9.86637e-04 9.31398e-04 8.78252e-04 8.27665e-04 7.79643e-04 7.33807e-04 6.89775e-04 6.47606e-04 6.07843e-04 5.71034e-04 5.37248e-04 5.06144e-04 4.77355e-04 4.50536e-04 4.25175e-04 4.00673e-04 3.76667e-04 3.53454e-04 3.31730e-04 3.11846e-04 2.93652e-04 2.76748e-04 2.60670e-04 2.44978e-04 2.29343e-04 2.13625e-04 1.97911e-04 1.82465e-04 1.67557e-04 1.53308e-04 1.39643e-04 1.26367e-04 1.13257e-04 1.00132e-04 8.68881e-05 7.35262e-05 6.01773e-05 4.71266e-05 3.48111e-05 2.37784e-05 1.45963e-05 7.71535e-06 3.29377e-06 1.03699e-06 2.15525e-07 2.71123e-08 1.91493e-09 3.05933e-11
43.516602 2.75803e-02 3.92804e-02 2.64871e-02 1.70261e-02 1.14888e-02 8.76137e-03 7.54217e-03 6.99249e-03 6.69692e-03 6.48767e-03 6.32795e-03 6.22123e-03 6.15419e-03 6.08735e-03 5.97446e-03 5.78618e-03 5.52909e-03 5.24108e-03 4.96353e-03 4.73017e-03 4.55882e-03 4.42661e-03 4.29412e-03 4.15152e-03 4.00954e-03 3.87227e-03 3.72669e-03 3.56428e-03 3.40083e-03 3.25579e-03 3.13427e-03 3.03741e-03 2.96664e-03 2.92403e-03 2.91170e-03 2.93006e-03 2.98023e-03 3.06855e-03 3.20581e-03 3.37948e-03 3.51149e-03 3.51150e-03 3.41747e-03 3.35969e-03 3.37456e-03 3.40018e-03 3.39492e-03 3.36547e-03 3.33098e-03 3.30266e-03 3.28382e-03 3.26978e-03 3.24741e-03 3.20265e-03 3.13115e-03 3.04184e-03 2.94961e-03 2.86355e-03 2.78133e-03 2.69444e-03 2.59853e-03 2.49715e-03 2.39869e-03 2.31034e-03 2.23288e-03 2.16104e-03 2.08722e-03 2.00771e-03 1.92578e-03 1.84701e-03 1.77361e-03 1.70387e-03 1.63530e-03 1.56649e-03 1.49698e-03 1.42682e-03 1.35669e-03 1.28749e-03 1.21999e-03 1.15483e-03 1.09245e-03 1.03279e-03 9.75238e-04 9.18727e-04 8.62203e-04 8.05328e-04 7.48963e-04 6.94734e-04 6.43926e-04 5.96965e-04 5.53865e-04 5.14647e-04 4.79272e-04 4.47426e-04 4.18475e-04 3.91754e-04 3.67089e-04 3.44766e-04 3.24857e-04 3.07017e-04 2.90772e-04 2.75677e-04 2.61334e-04 2.47369e-04 2.33423e-04 2.19177e-04 2.04399e-04 1.89041e-04 1.73310e-04 1.57641e-04 1.42521e-04 1.28263e-04 1.14880e-04 1.02149e-04 8.97543e-05 7.74231e-05 6.50114e-05 5.25580e-05 4.03163e-05 2.87601e-05 1.85409e-05 1.03526e-05 4.69373e-06 1.57044e-06 3.40631e-07 4.19660e-08 2.74006e-09 4.30919e-11
43.766698 2.73942e-02 3.85871e-02 2.55779e-02 1.60872e-02 1.07099e-02 8.18997e-03 7.10917e-03 6.63058e-03 6.38614e-03 6.23118e-03 6.11567e-03 6.01674e-03 5.90758e-03 5.75588e-03 5.54449e-03 5.28858e-03 5.02188e-03 4.78326e-03 4.60257e-03 4.46992e-03 4.35042e-03 4.22382e-03 4.09063e-03 3.96078e-03 3.83999e-03 3.72605e-03 3.61055e-03 3.49062e-03 3.37985e-03 3.29536e-03 3.24606e-03 3.23357e-03 3.24763e-03 3.26849e-03 3.28558e-03 3.31296e-03 3.37523e-03 3.46749e-03 3.52709e-03 3.47632e-03 3.33651e-03 3.23415e-03 3.23539e-03 3.28831e-03 3.33211e-03 3.35096e-03 3.34938e-03 3.33316e-03 3.30770e-03 3.27906e-03 3.25444e-03 3.24069e-03 3.23799e-03 3.23651e-03 3.22326e-03 3.19046e-03 3.13733e-03 3.06837e-03 2.99039e-03 2.90760e-03 2.81729e-03 2.71359e-03 2.59742e-03 2.47992e-03 2.37509e-03 2.28867e-03 2.21502e-03 2.14538e-03 2.07550e-03 2.00478e-03 1.93260e-03 1.85753e-03 1.77879e-03 1.69754e-03 1.61640e-03 1.53778e-03 1.46297e-03 1.39218e-03 1.32501e-03 1.26065e-03 1.19785e-03 1.13505e-03 1.07061e-03 1.00333e-03 9.33260e-04 8.62216e-04 7.93294e-04 7.29134e-04 6.70682e-04 6.17810e-04 5.70298e-04 5.28028e-04 4.90808e-04 4.58138e-04 4.29218e-04 4.03220e-04 3.79580e-04 3.57977e-04 3.38123e-04 3.19684e-04 3.02323e-04 2.85737e-04 2.69663e-04 2.53879e-04 2.38203e-04 2.22498e-04 2.06676e-04 1.90695e-04 1.74566e-04 1.58388e-04 1.42397e-04 1.26960e-04 1.12459e-04 9.90663e-05 8.66324e-05 7.48103e-05 6.32835e-05 5.18888e-05 4.06335e-05 2.97521e-05 1.97857e-05 1.14801e-05 5.47149e-06 1.94769e-06 4.48830e-07 5.60345e-08 3.34778e-09 4.91370e-11
44.016793 2.72115e-02 3.77434e-02 2.45080e-02 1.51637e-02 1.00710e-02 7.76904e-03 6.79760e-03 6.35799e-03 6.12699e-03 5.97483e-03 5.83793e-03 5.68407e-03 5.50738e-03 5.31509e-03 5.11085e-03 4.90554e-03 4.72855e-03 4.59045e-03 4.46896e-03 4.34220e-03 4.20356e-03 4.05966e-03 3.92321e-03 3.80254e-03 3.69458e-03 3.59060e-03 3.48924e-03 3.40421e-03 3.35817e-03 3.36247e-03 3.40870e-03 3.47736e-03 3.54919e-03 3.61257e-03 3.66184e-03 3.69247e-03 3.69062e-03 3.62299e-03 3.47050e-03 3.29103e-03 3.18206e-03 3.16104e-03 3.17026e-03 3.17498e-03 3.18105e-03 3.19848e-03 3.22580e-03 3.25369e-03 3.27152e-03 3.27398e-03 3.26368e-03 3.24702e-03 3.23076e-03 3.22087e-03 3.21777e-03 3.21384e-03 3.19919e-03 3.16722e-03 3.11497e-03 3.04478e-03 2.96553e-03 2.88329e-03 2.79271e-03 2.68889e-03 2.58117e-03 2.48357e-03 2.39903e-03 2.31941e-03 2.23603e-03 2.14617e-03 2.05157e-03 1.95524e-03 1.86036e-03 1.76970e-03 1.68487e-03 1.60605e-03 1.53256e-03 1.46329e-03 1.39680e-03 1.33142e-03 1.26529e-03 1.19675e-03 1.12467e-03 1.04897e-03 9.71070e-04 8.94089e-04 8.21560e-04 7.55480e-04 6.96025e-04 6.42788e-04 5.95411e-04 5.53642e-04 5.17157e-04 4.85333e-04 4.57236e-04 4.31883e-04 4.08500e-04 3.86591e-04 3.65845e-04 3.46014e-04 3.26872e-04 3.08201e-04 2.89803e-04 2.71505e-04 2.53177e-04 2.34742e-04 2.16197e-04 1.97617e-04 1.79137e-04 1.60926e-04 1.43153e-04 1.25974e-04 1.09556e-04 9.41293e-05 7.99771e-05 6.72891e-05 5.59538e-05 4.55610e-05 3.57032e-05 2.63241e-05 1.77855e-05 1.06291e-05 5.30929e-06 2.01640e-06 5.01550e-07 6.63370e-08 3.70695e-09 4.49927e-11
44.266888 2.71236e-02 3.71228e-02 2.37312e-02 1.46074e-02 9.77811e-03 7.60420e-03 6.64724e-03 6.16532e-03 5.87714e-03 5.67102e-03 5.49152e-03 5.32305e-03 5.17144e-03 5.03533e-03 4.90993e-03 4.79505e-03 4.68128e-03 4.55496e-03 4.41287e-03 4.25968e-03 4.10258e-03 3.95254e-03 3.82196e-03 3.71360e-03 3.62013e-03 3.53779e-03 3.47501e-03 3.44615e-03 3.45671e-03 3.49743e-03 3.56221e-03 3.65584e-03 3.77349e-03 3.88812e-03 3.95936e-03 3.95009e-03 3.84045e-03 3.64388e-03 3.42206e-03 3.25777e-03 3.18128e-03 3.15326e-03 3.13318e-03 3.11678e-03 3.11263e-03 3.12209e-03 3.14125e-03 3.16639e-03 3.19429e-03 3.22010e-03 3.23705e-03 3.24050e-03 3.23165e-03 3.21436e-03 3.19208e-03 3.16937e-03 3.14894e-03 3.12658e-03 3.09510e-03 3.05223e-03 3.00159e-03 2.94750e-03 2.88914e-03 2.82251e-03 2.74940e-03 2.67723e-03 2.60760e-03 2.53218e-03 2.44177e-03 2.33567e-03 2.22143e-03 2.10769e-03 1.99949e-03 1.89841e-03 1.80413e-03 1.71581e-03 1.63273e-03 1.55418e-03 1.47915e-03 1.40621e-03 1.33362e-03 1.25961e-03 1.18285e-03 1.10309e-03 1.02188e-03 9.42331e-04 8.67189e-04 7.97504e-04 7.33428e-04 6.75007e-04 6.22386e-04 5.76026e-04 5.36389e-04 5.03123e-04 4.74922e-04 4.50239e-04 4.27892e-04 4.07115e-04 3.87375e-04 3.68234e-04 3.49334e-04 3.30411e-04 3.11293e-04 2.91876e-04 2.72114e-04 2.52009e-04 2.31618e-04 2.11053e-04 1.90471e-04 1.70067e-04 1.50053e-04 1.30643e-04 1.12038e-04 9.44355e-05 7.80550e-05 6.31631e-05 5.00361e-05 3.88221e-05 2.93838e-05 2.13393e-05 1.43844e-05 8.60681e-06 4.34146e-06 1.71428e-06 4.65244e-07 7.04600e-08 4.37496e-09 4.88752e-11
44.516984 2.71302e-02 3.68802e-02 2.34269e-02 1.44838e-02 9.76893e-03 7.54177e-03 6.46698e-03 5.89275e-03 5.56427e-03 5.36514e-03 5.22942e-03 5.12227e-03 5.02684e-03 4.93849e-03 4.85835e-03 4.77720e-03 4.67365e-03 4.53377e-03 4.36532e-03 4.18899e-03 4.02502e-03 3.88970e-03 3.78876e-03 3.71538e-03 3.66043e-03 3.62060e-03 3.59616e-03 3.58952e-03 3.60546e-03 3.64511e-03 3.70794e-03 3.79466e-03 3.89811e-03 3.99396e-03 4.04148e-03 4.00102e-03 3.86258e-03 3.66290e-03 3.46690e-03 3.32273e-03 3.23520e-03 3.18390e-03 3.15431e-03 3.14246e-03 3.14574e-03 3.15953e-03 3.17584e-03 3.18588e-03 3.18702e-03 3.18422e-03 3.18390e-03 3.18787e-03 3.19194e-03 3.18899e-03 3.17398e-03 3.14678e-03 3.10992e-03 3.06590e-03 3.01775e-03 2.96949e-03 2.92406e-03 2.88176e-03 2.84105e-03 2.80055e-03 2.76162e-03 2.72864e-03 2.70192e-03 2.67060e-03 2.61816e-03 2.53554e-03 2.42803e-03 2.30968e-03 2.19190e-03 2.07903e-03 1.97160e-03 1.86979e-03 1.77407e-03 1.68465e-03 1.60092e-03 1.52147e-03 1.44436e-03 1.36750e-03 1.28927e-03 1.20930e-03 1.12881e-03 1.04931e-03 9.71121e-04 8.93976e-04 8.17797e-04 7.43101e-04 6.71758e-04 6.07112e-04 5.52099e-04 5.07249e-04 4.71043e-04 4.41418e-04 4.16513e-04 3.94754e-04 3.74937e-04 3.56325e-04 3.38572e-04 3.21508e-04 3.04962e-04 2.88698e-04 2.72421e-04 2.55836e-04 2.38692e-04 2.20812e-04 2.02128e-04 1.82703e-04 1.62738e-04 1.42557e-04 1.22552e-04 1.03117e-04 8.46006e-05 6.73322e-05 5.16747e-05 3.80442e-05 2.68053e-05 1.80607e-05 1.15300e-05 6.73993e-06 3.38265e-06 1.34169e-06 3.79335e-07 6.49623e-08 4.94055e-09 6.65248e-11
44.767079 2.73067e-02 3.71131e-02 2.36013e-02 1.46584e-02 9.81338e-03 7.37962e-03 6.17381e-03 5.57699e-03 5.29422e-03 5.16654e-03 5.09786e-03 5.03688e-03 4.96714e-03 4.89360e-03 4.82368e-03 4.74449e-03 4.62835e-03 4.46829e-03 4.28946e-03 4.12367e-03 3.99183e-03 3.90331e-03 3.85380e-03 3.82899e-03 3.81376e-03 3.79763e-03 3.77827e-03 3.76457e-03 3.76692e-03 3.78065e-03 3.79611e-03 3.81515e-03 3.84338e-03 3.87485e-03 3.88628e-03 3.84883e-03 3.75391e-03 3.62438e-03 3.49618e-03 3.39161e-03 3.31128e-03 3.25106e-03 3.21213e-03 3.19080e-03 3.17683e-03 3.16431e-03 3.15551e-03 3.15270e-03 3.15205e-03 3.14870e-03 3.14302e-03 3.13928e-03 3.13979e-03 3.14140e-03 3.13633e-03 3.11546e-03 3.07331e-03 3.01129e-03 2.93637e-03 2.85730e-03 2.78256e-03 2.71906e-03 2.66827e-03 2.62574e-03 2.58976e-03 2.56633e-03 2.56080e-03 2.56720e-03 2.56713e-03 2.53926e-03 2.47596e-03 2.38669e-03 2.28452e-03 2.17908e-03 2.07596e-03 1.97728e-03 1.88357e-03 1.79509e-03 1.71167e-03 1.63231e-03 1.55540e-03 1.47946e-03 1.40398e-03 1.32949e-03 1.25632e-03 1.18347e-03 1.10895e-03 1.03057e-03 9.47136e-04 8.59386e-04 7.71195e-04 6.88897e-04 6.17760e-04 5.60228e-04 5.15957e-04 4.81761e-04 4.52672e-04 4.24507e-04 3.95673e-04 3.66847e-04 3.39589e-04 3.15151e-04 2.93917e-04 2.75473e-04 2.59009e-04 2.43663e-04 2.28662e-04 2.13355e-04 1.97253e-04 1.80105e-04 1.61936e-04 1.43040e-04 1.23902e-04 1.05066e-04 8.70016e-05 7.00257e-05 5.43396e-05 4.01735e-05 2.79086e-05 1.80021e-05 1.06952e-05 5.77874e-06 2.73609e-06 1.05807e-06 3.03313e-07 5.55515e-08 4.83608e-09 7.87150e-11
45.017175 2.78238e-02 3.79191e-02 2.41690e-02 1.49638e-02 9.82054e-03 7.16412e-03 5.87681e-03 5.30402e-03 5.09114e-03 5.03290e-03 5.01079e-03 4.97412e-03 4.91959e-03 4.86115e-03 4.79762e-03 4.70292e-03 4.55901e-03 4.38674e-03 4.22832e-03 4.11056e-03 4.03873e-03 4.00962e-03 4.01406e-03 4.03514e-03 4.05289e-03 4.05364e-03 4.03548e-03 4.00310e-03 3.95468e-03 3.87930e-03 3.78109e-03 3.69091e-03 3.64138e-03 3.63923e-03 3.66005e-03 3.66872e-03 3.64370e-03 3.58411e-03 3.50372e-03 3.41615e-03 3.32446e-03 3.23287e-03 3.15577e-03 3.10532e-03 3.07991e-03 3.06946e-03 3.06841e-03 3.07594e-03 3.08700e-03 3.09392e-03 3.09331e-03 3.08583e-03 3.07248e-03 3.05376e-03 3.02993e-03 2.99942e-03 2.95771e-03 2.89979e-03 2.82570e-03 2.74272e-03 2.65984e-03 2.57943e-03 2.49861e-03 2.41864e-03 2.34663e-03 2.28925e-03 2.25230e-03 2.24240e-03 2.25361e-03 2.26606e-03 2.26732e-03 2.24835e-03 2.20185e-03 2.13310e-03 2.05569e-03 1.97966e-03 1.90783e-03 1.83953e-03 1.77358e-03 1.70853e-03 1.64273e-03 1.57510e-03 1.50576e-03 1.43577e-03 1.36641e-03 1.29767e-03 1.22741e-03 1.15271e-03 1.07135e-03 9.84125e-04 8.95093e-04 8.08832e-04 7.30629e-04 6.65948e-04 6.16913e-04 5.79351e-04 5.45120e-04 5.08141e-04 4.67406e-04 4.25328e-04 3.84905e-04 3.48069e-04 3.15535e-04 2.87314e-04 2.62983e-04 2.41728e-04 2.22513e-04 2.04363e-04 1.86514e-04 1.68466e-04 1.50022e-04 1.31306e-04 1.12699e-04 9.47142e-05 7.78476e-05 6.24503e-05 4.86631e-05 3.64678e-05 2.58519e-05 1.69627e-05 1.00663e-05 5.28533e-06 2.39040e-06 8.89389e-07 2.51167e-07 4.66017e-08 4.30378e-09 7.87899e-11
45.267270 2.86561e-02 3.91462e-02 2.49660e-02 1.53315e-02 9.83182e-03 6.96006e-03 5.60372e-03 5.05983e-03 4.91059e-03 4.90746e-03 4.92218e-03 4.91612e-03 4.89334e-03 4.85216e-03 4.77282e-03 4.64412e-03 4.48632e-03 4.33849e-03 4.22933e-03 4.16454e-03 4.14056e-03 4.15784e-03 4.21365e-03 4.29150e-03 4.36304e-03 4.39642e-03 4.36373e-03 4.25155e-03 4.07029e-03 3.85306e-03 3.65180e-03 3.51777e-03 3.47186e-03 3.49634e-03 3.54901e-03 3.58491e-03 3.57380e-03 3.51146e-03 3.41859e-03 3.32151e-03 3.23675e-03 3.17434e-03 3.13756e-03 3.12120e-03 3.11468e-03 3.10414e-03 3.08209e-03 3.05377e-03 3.02782e-03 3.00555e-03 2.98304e-03 2.95949e-03 2.93693e-03 2.91380e-03 2.88444e-03 2.84514e-03 2.79760e-03 2.74596e-03 2.69126e-03 2.62904e-03 2.55325e-03 2.46462e-03 2.37225e-03 2.28221e-03 2.19072e-03 2.09719e-03 2.01759e-03 1.96986e-03 1.95315e-03 1.96279e-03 1.99237e-03 2.02402e-03 2.03984e-03 2.02843e-03 1.98947e-03 1.93580e-03 1.88406e-03 1.84311e-03 1.81120e-03 1.77999e-03 1.74033e-03 1.68651e-03 1.61798e-03 1.53854e-03 1.45345e-03 1.36682e-03 1.28102e-03 1.19693e-03 1.11432e-03 1.03189e-03 9.48620e-04 8.65868e-04 7.88257e-04 7.21927e-04 6.69831e-04 6.28538e-04 5.90902e-04 5.51581e-04 5.09379e-04 4.65820e-04 4.22889e-04 3.81830e-04 3.43413e-04 3.08564e-04 2.78034e-04 2.51602e-04 2.28126e-04 2.06397e-04 1.85632e-04 1.65361e-04 1.45297e-04 1.25408e-04 1.05949e-04 8.73777e-05 7.02167e-05 5.49039e-05 4.16774e-05 3.05394e-05 2.13330e-05 1.39001e-05 8.19602e-06 4.23360e-06 1.87301e-06 7.01496e-07 2.10434e-07 4.22026e-08 4.13809e-09 8.03664e-11
45.517366 2.96668e-02 4.05691e-02 2.58562e-02 1.57318e-02 9.86175e-03 6.78342e-03 5.36531e-03 4.84547e-03 4.74679e-03 4.79267e-03 4.85584e-03 4.89876e-03 4.90574e-03 4.85520e-03 4.74310e-03 4.59968e-03 4.46610e-03 4.36368e-03 4.29262e-03 4.25283e-03 4.25801e-03 4.32576e-03 4.45346e-03 4.60472e-03 4.71729e-03 4.72601e-03 4.59230e-03 4.33317e-03 4.02152e-03 3.74304e-03 3.55546e-03 3.47457e-03 3.47877e-03 3.52782e-03 3.58113e-03 3.60794e-03 3.59143e-03 3.52882e-03 3.43271e-03 3.32826e-03 3.23967e-03 3.17981e-03 3.14608e-03 3.12298e-03 3.09352e-03 3.05102e-03 3.00197e-03 2.95378e-03 2.90721e-03 2.86239e-03 2.82186e-03 2.78797e-03 2.76095e-03 2.73854e-03 2.71742e-03 2.69531e-03 2.67195e-03 2.64745e-03 2.61832e-03 2.57670e-03 2.51726e-03 2.44197e-03 2.35491e-03 2.25908e-03 2.16137e-03 2.07387e-03 2.00567e-03 1.95211e-03 1.90744e-03 1.87632e-03 1.86398e-03 1.87379e-03 1.89935e-03 1.92142e-03 1.91976e-03 1.88793e-03 1.83985e-03 1.79891e-03 1.77812e-03 1.77287e-03 1.76767e-03 1.74413e-03 1.68738e-03 1.59563e-03 1.48475e-03 1.37381e-03 1.26975e-03 1.17082e-03 1.07542e-03 9.84739e-04 9.00250e-04 8.22384e-04 7.51964e-04 6.90875e-04 6.40110e-04 5.97836e-04 5.60218e-04 5.23860e-04 4.87234e-04 4.50422e-04 4.13987e-04 3.78227e-04 3.43499e-04 3.10762e-04 2.81110e-04 2.54765e-04 2.30901e-04 2.08472e-04 1.86919e-04 1.66053e-04 1.45707e-04 1.25733e-04 1.06172e-04 8.73142e-05 6.96401e-05 5.36810e-05 3.98626e-05 2.83841e-05 1.91976e-05 1.21031e-05 6.88656e-06 3.38725e-06 1.40060e-06 5.08251e-07 1.68430e-07 4.03006e-08 4.53721e-09 9.42815e-11
45.767461 3.07373e-02 4.19796e-02 2.66858e-02 1.60977e-02 9.90738e-03 6.65870e-03 5.19057e-03 4.68784e-03 4.62920e-03 4.72408e-03 4.84278e-03 4.93017e-03 4.94845e-03 4.88151e-03 4.75598e-03 4.62406e-03 4.52068e-03 4.44615e-03 4.39248e-03 4.37586e-03 4.43074e-03 4.56947e-03 4.75305e-03 4.90408e-03 4.94738e-03 4.84335e-03 4.60233e-03 4.28849e-03 3.99886e-03 3.81003e-03 3.74197e-03 3.76201e-03 3.81126e-03 3.83839e-03 3.81923e-03 3.75204e-03 3.64545e-03 3.51425e-03 3.37750e-03 3.25528e-03 3.16298e-03 3.10562e-03 3.07475e-03 3.05055e-03 3.01655e-03 2.96908e-03 2.90884e-03 2.83803e-03 2.76781e-03 2.71116e-03 2.66892e-03 2.63270e-03 2.59697e-03 2.56418e-03 2.54240e-03 2.53992e-03 2.55770e-03 2.58374e-03 2.59843e-03 2.58904e-03 2.55589e-03 2.50370e-03 2.43465e-03 2.35112e-03 2.26011e-03 2.17244e-03 2.09524e-03 2.02800e-03 1.96446e-03 1.89985e-03 1.84374e-03 1.81325e-03 1.81351e-03 1.83113e-03 1.84226e-03 1.82793e-03 1.78696e-03 1.73570e-03 1.69476e-03 1.67435e-03 1.66417e-03 1.63691e-03 1.58034e-03 1.51087e-03 1.43896e-03 1.35729e-03 1.25794e-03 1.14316e-03 1.02466e-03 9.15140e-04 8.21085e-04 7.42260e-04 6.75592e-04 6.18376e-04 5.68984e-04 5.26158e-04 4.88406e-04 4.54082e-04 4.21924e-04 3.91334e-04 3.62068e-04 3.33956e-04 3.07158e-04 2.82273e-04 2.59698e-04 2.39027e-04 2.19342e-04 1.99920e-04 1.80552e-04 1.61368e-04 1.42536e-04 1.24102e-04 1.06048e-04 8.84475e-05 7.15585e-05 5.58084e-05 4.16902e-05 2.96184e-05 1.98179e-05 1.22935e-05 6.88045e-06 3.33016e-06 1.33687e-06 4.59576e-07 1.51162e-07 3.96753e-08 5.05217e-09 1.13800e-10
46.017556 3.17556e-02 4.31959e-02 2.73226e-02 1.63674e-02 9.96377e-03 6.60152e-03 5.08824e-03 4.58503e-03 4.55483e-03 4.69866e-03 4.87057e-03 4.99320e-03 5.02277e-03 4.95723e-03 4.83615e-03 4.71087e-03 4.61348e-03 4.55412e-03 4.54096e-03 4.59098e-03 4.71305e-03 4.88129e-03 5.03194e-03 5.09649e-03 5.04432e-03 4.89392e-03 4.69066e-03 4.48331e-03 4.31038e-03 4.18813e-03 4.10870e-03 4.04656e-03 3.97185e-03 3.87015e-03 3.75031e-03 3.63031e-03 3.51662e-03 3.40618e-03 3.30367e-03 3.22100e-03 3.16272e-03 3.11965e-03 3.07737e-03 3.02604e-03 2.96380e-03 2.89280e-03 2.81450e-03 2.73403e-03 2.66151e-03 2.60401e-03 2.56090e-03 2.52706e-03 2.49830e-03 2.47433e-03 2.45800e-03 2.45144e-03 2.45388e-03 2.46402e-03 2.48213e-03 2.50490e-03 2.51933e-03 2.50858e-03 2.46642e-03 2.40356e-03 2.33457e-03 2.26122e-03 2.18037e-03 2.09815e-03 2.02119e-03 1.94822e-03 1.87796e-03 1.81640e-03 1.77404e-03 1.75591e-03 1.75358e-03 1.74932e-03 1.72819e-03 1.68767e-03 1.63948e-03 1.58591e-03 1.50724e-03 1.41146e-03 1.33435e-03 1.29255e-03 1.27728e-03 1.25848e-03 1.20468e-03 1.10875e-03 9.88694e-04 8.68911e-04 7.64658e-04 6.79499e-04 6.10389e-04 5.52894e-04 5.03643e-04 4.60648e-04 4.22721e-04 3.88909e-04 3.58378e-04 3.30503e-04 3.04869e-04 2.81290e-04 2.59913e-04 2.41053e-04 2.24630e-04 2.09857e-04 1.95620e-04 1.81085e-04 1.65940e-04 1.50271e-04 1.34330e-04 1.18366e-04 1.02543e-04 8.69722e-05 7.17903e-05 5.72423e-05 4.37034e-05 3.16217e-05 2.14124e-05 1.33478e-05 7.48322e-06 3.64628e-06 1.48382e-06 5.03968e-07 1.54706e-07 3.94923e-08 5.31825e-09 1.27142e-10
46.267652 3.26233e-02 4.41410e-02 2.77441e-02 1.65148e-02 9.99885e-03 6.58980e-03 5.04306e-03 4.51826e-03 4.49722e-03 4.68149e-03 4.90122e-03 5.05949e-03 5.11380e-03 5.06719e-03 4.95347e-03 4.82202e-03 4.72446e-03 4.69641e-03 4.74586e-03 4.86263e-03 5.02806e-03 5.20528e-03 5.33842e-03 5.38029e-03 5.31657e-03 5.16246e-03 4.94450e-03 4.69003e-03 4.42690e-03 4.18046e-03 3.96869e-03 3.79864e-03 3.66904e-03 3.57736e-03 3.51973e-03 3.48772e-03 3.46635e-03 3.43705e-03 3.38948e-03 3.32615e-03 3.25255e-03 3.17046e-03 3.07917e-03 2.98131e-03 2.88312e-03 2.79073e-03 2.70829e-03 2.63657e-03 2.57780e-03 2.53536e-03 2.50664e-03 2.48433e-03 2.46347e-03 2.44216e-03 2.41860e-03 2.39325e-03 2.37123e-03 2.35781e-03 2.35300e-03 2.35375e-03 2.35878e-03 2.36753e-03 2.37536e-03 2.37051e-03 2.34056e-03 2.28852e-03 2.23025e-03 2.16856e-03 2.09744e-03 2.02506e-03 1.95921e-03 1.89250e-03 1.81998e-03 1.74937e-03 1.69093e-03 1.64867e-03 1.62131e-03 1.60115e-03 1.55251e-03 1.44626e-03 1.32224e-03 1.21864e-03 1.13876e-03 1.08906e-03 1.07270e-03 1.06980e-03 1.04874e-03 9.92048e-04 9.05150e-04 8.05999e-04 7.10996e-04 6.28198e-04 5.58620e-04 5.00316e-04 4.50970e-04 4.08589e-04 3.71582e-04 3.38833e-04 3.09660e-04 2.83651e-04 2.60523e-04 2.40080e-04 2.22201e-04 2.06753e-04 1.93411e-04 1.81567e-04 1.70449e-04 1.59368e-04 1.47873e-04 1.35776e-04 1.23088e-04 1.09947e-04 9.65363e-05 8.30391e-05 6.96456e-05 5.65818e-05 4.41429e-05 3.27036e-05 2.26832e-05 1.44611e-05 8.27061e-06 4.10703e-06 1.70218e-06 5.75814e-07 1.65153e-07 3.93318e-08 5.34957e-09 1.32357e-10
46.517747 3.32282e-02 4.48082e-02 2.80344e-02 1.65837e-02 9.98550e-03 6.56789e-03 5.01351e-03 4.47050e-03 4.44655e-03 4.65208e-03 4.90505e-03 5.09834e-03 5.18720e-03 5.17630e-03 5.10464e-03 5.01816e-03 4.94525e-03 4.91124e-03 4.96521e-03 5.14230e-03 5.39341e-03 5.60190e-03 5.67487e-03 5.59396e-03 5.39538e-03 5.12673e-03 4.82025e-03 4.49642e-03 4.17959e-03 3.89682e-03 3.67133e-03 3.51759e-03 3.43522e-03 3.41092e-03 3.42485e-03 3.45385e-03 3.47246e-03 3.45685e-03 3.39452e-03 3.29308e-03 3.17330e-03 3.05411e-03 2.94562e-03 2.84899e-03 2.76307e-03 2.68833e-03 2.62417e-03 2.56910e-03 2.52632e-03 2.49967e-03 2.48518e-03 2.47397e-03 2.45794e-03 2.43273e-03 2.39993e-03 2.36530e-03 2.33439e-03 2.31071e-03 2.29571e-03 2.28856e-03 2.28642e-03 2.28608e-03 2.28568e-03 2.28484e-03 2.28175e-03 2.26806e-03 2.23125e-03 2.17135e-03 2.10399e-03 2.03730e-03 1.97264e-03 1.91568e-03 1.85793e-03 1.78147e-03 1.68739e-03 1.59717e-03 1.52008e-03 1.42294e-03 1.30332e-03 1.20901e-03 1.14351e-03 1.08251e-03 1.02146e-03 9.70711e-04 9.36154e-04 9.11692e-04 8.84152e-04 8.42518e-04 7.83901e-04 7.13342e-04 6.39520e-04 5.69886e-04 5.08157e-04 4.54767e-04 4.08646e-04 3.68565e-04 3.33500e-04 3.02500e-04 2.74813e-04 2.50156e-04 2.28517e-04 2.09766e-04 1.93569e-04 1.79493e-04 1.67093e-04 1.55964e-04 1.45745e-04 1.36111e-04 1.26753e-04 1.17380e-04 1.07746e-04 9.76906e-05 8.71621e-05 7.62164e-05 6.49975e-05 5.37310e-05 4.27265e-05 3.23648e-05 2.30578e-05 1.51871e-05 9.02920e-06 4.68418e-06 2.02573e-06 6.97104e-07 1.89265e-07 4.08622e-08 5.37066e-09 1.34626e-10
46.767843 3.34667e-02 4.51562e-02 2.82452e-02 1.66345e-02 9.93324e-03 6.49707e-03 4.95754e-03 4.42587e-03 4.40622e-03 4.61277e-03 4.87132e-03 5.08897e-03 5.22599e-03 5.27087e-03 5.24000e-03 5.18926e-03 5.19787e-03 5.30342e-03 5.45480e-03 5.55892e-03 5.56592e-03 5.48941e-03 5.36353e-03 5.20756e-03 5.02338e-03 4.80610e-03 4.55556e-03 4.28562e-03 4.02201e-03 3.78929e-03 3.60591e-03 3.48213e-03 3.41273e-03 3.37713e-03 3.35005e-03 3.31424e-03 3.26420e-03 3.20097e-03 3.12534e-03 3.03748e-03 2.94229e-03 2.85068e-03 2.77553e-03 2.72025e-03 2.67265e-03 2.62485e-03 2.58659e-03 2.56979e-03 2.57541e-03 2.59097e-03 2.59720e-03 2.58012e-03 2.53768e-03 2.47957e-03 2.42091e-03 2.37391e-03 2.34285e-03 2.32467e-03 2.31350e-03 2.30432e-03 2.29364e-03 2.27886e-03 2.25811e-03 2.23098e-03 2.19888e-03 2.16429e-03 2.12843e-03 2.08736e-03 2.03245e-03 1.96336e-03 1.89205e-03 1.82643e-03 1.77152e-03 1.72867e-03 1.67521e-03 1.56767e-03 1.39492e-03 1.21991e-03 1.09725e-03 1.02277e-03 9.76674e-04 9.45596e-04 9.19544e-04 8.91321e-04 8.59170e-04 8.24416e-04 7.86673e-04 7.43568e-04 6.93522e-04 6.37461e-04 5.78579e-04 5.20949e-04 4.67911e-04 4.21094e-04 3.80446e-04 3.44977e-04 3.13589e-04 2.85477e-04 2.59981e-04 2.36546e-04 2.15092e-04 1.95900e-04 1.78993e-04 1.64005e-04 1.50444e-04 1.37940e-04 1.26333e-04 1.15607e-04 1.05760e-04 9.67103e-05 8.82629e-05 8.01419e-05 7.20706e-05 6.38627e-05 5.54628e-05 4.69198e-05 3.83503e-05 2.99623e-05 2.20889e-05 1.51297e-05 9.42852e-06 5.17915e-06 2.38806e-06 8.64885e-07 2.31865e-07 4.52222e-08 5.47897e-09 1.36511e-10
47.017938 3.33144e-02 4.51097e-02 2.83118e-02 1.66431e-02 9.84194e-03 6.38205e-03 4.88965e-03 4.41048e-03 4.39924e-03 4.57948e-03 4.82144e-03 5.04630e-03 5.18586e-03 5.22984e-03 5.26203e-03 5.37432e-03 5.54859e-03 5.66963e-03 5.64890e-03 5.49481e-03 5.27306e-03 5.04612e-03 4.84596e-03 4.67338e-03 4.51435e-03 4.35764e-03 4.20291e-03 4.05958e-03 3.93634e-03 3.82572e-03 3.70868e-03 3.57465e-03 3.42959e-03 3.28966e-03 3.16924e-03 3.07302e-03 2.99705e-03 2.93575e-03 2.88595e-03 2.84312e-03 2.79851e-03 2.74557e-03 2.69090e-03 2.65305e-03 2.64378e-03 2.66028e-03 2.69022e-03 2.72104e-03 2.74339e-03 2.74377e-03 2.71172e-03 2.65150e-03 2.57901e-03 2.51211e-03 2.46218e-03 2.43008e-03 2.40853e-03 2.38833e-03 2.36334e-03 2.33193e-03 2.29550e-03 2.25594e-03 2.21381e-03 2.16821e-03 2.11789e-03 2.06268e-03 2.00428e-03 1.94606e-03 1.89116e-03 1.83880e-03 1.78400e-03 1.72828e-03 1.68182e-03 1.63223e-03 1.54096e-03 1.40713e-03 1.27125e-03 1.15692e-03 1.06433e-03 9.88296e-04 9.25804e-04 8.76773e-04 8.41615e-04 8.18668e-04 8.02495e-04 7.85126e-04 7.59998e-04 7.24418e-04 6.79263e-04 6.27577e-04 5.73278e-04 5.20159e-04 4.71164e-04 4.27951e-04 3.90758e-04 3.58657e-04 3.30153e-04 3.03926e-04 2.79217e-04 2.55613e-04 2.32861e-04 2.11194e-04 1.91124e-04 1.72759e-04 1.55756e-04 1.39708e-04 1.24431e-04 1.09993e-04 9.66055e-05 8.44860e-05 7.37533e-05 6.43720e-05 5.61454e-05 4.87684e-05 4.19382e-05 3.54766e-05 2.93663e-05 2.36437e-05 1.82894e-05 1.33108e-05 8.87149e-06 5.23360e-06 2.60021e-06 1.00946e-06 2.79025e-07 5.11439e-08 5.58396e-09 1.35649e-10
47.268033 3.29058e-02 4.47101e-02 2.81546e-02 1.65229e-02 9.68323e-03 6.25320e-03 4.86273e-03 4.47118e-03 4.47100e-03 4.59324e-03 4.74069e-03 4.87539e-03 5.00297e-03 5.16300e-03 5.35242e-03 5.48642e-03 5.48946e-03 5.37648e-03 5.21265e-03 5.04614e-03 4.88902e-03 4.72537e-03 4.52968e-03 4.29957e-03 4.07359e-03 3.90020e-03 3.79484e-03 3.73680e-03 3.69498e-03 3.64415e-03 3.57428e-03 3.48981e-03 3.39559e-03 3.29198e-03 3.18000e-03 3.06475e-03 2.95451e-03 2.85916e-03 2.79020e-03 2.75835e-03 2.76307e-03 2.77782e-03 2.75941e-03 2.71434e-03 2.71400e-03 2.77412e-03 2.83456e-03 2.85877e-03 2.84903e-03 2.81352e-03 2.76016e-03 2.69952e-03 2.64241e-03 2.59572e-03 2.55919e-03 2.52637e-03 2.48970e-03 2.44514e-03 2.39297e-03 2.33599e-03 2.27713e-03 2.21805e-03 2.15903e-03 2.09962e-03 2.03931e-03 1.97794e-03 1.91552e-03 1.85199e-03 1.78884e-03 1.73291e-03 1.69209e-03 1.65535e-03 1.59237e-03 1.49693e-03 1.39874e-03 1.31495e-03 1.23900e-03 1.16655e-03 1.10025e-03 1.04052e-03 9.83970e-04 9.29450e-04 8.80473e-04 8.40938e-04 8.10884e-04 7.86756e-04 7.64086e-04 7.38933e-04 7.07919e-04 6.69011e-04 6.22922e-04 5.73092e-04 5.23937e-04 4.78937e-04 4.39752e-04 4.06278e-04 3.77222e-04 3.50971e-04 3.26409e-04 3.03036e-04 2.80461e-04 2.58337e-04 2.36786e-04 2.16094e-04 1.96177e-04 1.76676e-04 1.57330e-04 1.38143e-04 1.19363e-04 1.01393e-04 8.46843e-05 6.96412e-05 5.65381e-05 4.54594e-05 3.62845e-05 2.87373e-05 2.24977e-05 1.73254e-05 1.30912e-05 9.66258e-06 6.82327e-06 4.40302e-06 2.42401e-06 1.03835e-06 3.08385e-07 5.66807e-08 5.77004e-09 1.36192e-10
47.518129 3.25451e-02 4.42406e-02 2.78420e-02 1.62687e-02 9.48903e-03 6.19194e-03 4.95222e-03 4.63317e-03 4.58538e-03 4.57685e-03 4.60035e-03 4.70379e-03 4.88549e-03 5.06305e-03 5.13943e-03 5.09452e-03 4.98076e-03 4.85170e-03 4.72920e-03 4.61670e-03 4.50970e-03 4.39357e-03 4.24801e-03 4.06490e-03 3.85832e-03 3.65035e-03 3.46287e-03 3.32315e-03 3.25190e-03 3.23942e-03 3.25414e-03 3.26865e-03 3.26733e-03 3.24540e-03 3.20585e-03 3.15309e-03 3.09007e-03 3.02188e-03 2.95727e-03 2.90278e-03 2.85982e-03 2.83162e-03 2.81529e-03 2.79055e-03 2.77332e-03 2.81512e-03 2.89446e-03 2.93963e-03 2.93110e-03 2.89390e-03 2.84998e-03 2.80637e-03 2.76223e-03 2.71556e-03 2.66511e-03 2.60994e-03 2.54983e-03 2.48583e-03 2.41949e-03 2.35193e-03 2.28371e-03 2.21511e-03 2.14642e-03 2.07781e-03 2.00932e-03 1.94147e-03 1.87698e-03 1.82099e-03 1.77454e-03 1.72718e-03 1.66262e-03 1.57714e-03 1.48887e-03 1.41646e-03 1.35937e-03 1.30780e-03 1.25653e-03 1.20578e-03 1.15682e-03 1.10993e-03 1.06471e-03 1.02059e-03 9.77535e-04 9.36564e-04 8.98603e-04 8.62949e-04 8.27551e-04 7.90885e-04 7.53074e-04 7.14795e-04 6.75417e-04 6.33287e-04 5.88032e-04 5.41666e-04 4.97316e-04 4.57358e-04 4.22541e-04 3.92308e-04 3.65810e-04 3.42598e-04 3.22228e-04 3.03705e-04 2.85939e-04 2.68269e-04 2.50228e-04 2.31320e-04 2.11182e-04 1.89751e-04 1.67293e-04 1.44324e-04 1.21525e-04 9.96466e-05 7.94246e-05 6.14846e-05 4.62514e-05 3.38743e-05 2.42116e-05 1.69044e-05 1.15240e-05 7.69526e-06 5.07825e-06 3.27826e-06 1.93641e-06 9.24558e-07 3.05199e-07 5.96222e-08 6.06378e-09 1.43899e-10
47.768224 3.23781e-02 4.38566e-02 2.74474e-02 1.59335e-02 9.32396e-03 6.25788e-03 5.16681e-03 4.81696e-03 4.61133e-03 4.47143e-03 4.47416e-03 4.58860e-03 4.68732e-03 4.69193e-03 4.62630e-03 4.54489e-03 4.47259e-03 4.41132e-03 4.35904e-03 4.31007e-03 4.24633e-03 4.14011e-03 3.97246e-03 3.75444e-03 3.52912e-03 3.33843e-03 3.20023e-03 3.11721e-03 3.08702e-03 3.09734e-03 3.12878e-03 3.16705e-03 3.20451e-03 3.23413e-03 3.24509e-03 3.22596e-03 3.17570e-03 3.10993e-03 3.04975e-03 3.00278e-03 2.96171e-03 2.92465e-03 2.90539e-03 2.91485e-03 2.93054e-03 2.92215e-03 2.91835e-03 2.94904e-03 2.98121e-03 2.97865e-03 2.94379e-03 2.89356e-03 2.83875e-03 2.78313e-03 2.72701e-03 2.66969e-03 2.61064e-03 2.54959e-03 2.48586e-03 2.41838e-03 2.34652e-03 2.27083e-03 2.19333e-03 2.11780e-03 2.04938e-03 1.99090e-03 1.93779e-03 1.87963e-03 1.80864e-03 1.72463e-03 1.63450e-03 1.54949e-03 1.47770e-03 1.41914e-03 1.36938e-03 1.32436e-03 1.28121e-03 1.23792e-03 1.19389e-03 1.15015e-03 1.10861e-03 1.07095e-03 1.03703e-03 1.00436e-03 9.69862e-04 9.32408e-04 8.93258e-04 8.53673e-04 8.13313e-04 7.71366e-04 7.28043e-04 6.84017e-04 6.39040e-04 5.92369e-04 5.44441e-04 4.97292e-04 4.53398e-04 4.14471e-04 3.81319e-04 3.54387e-04 3.33624e-04 3.17703e-04 3.04401e-04 2.91879e-04 2.78977e-04 2.64793e-04 2.48565e-04 2.29821e-04 2.08515e-04 1.85052e-04 1.60194e-04 1.34909e-04 1.10231e-04 8.71360e-05 6.64488e-05 4.87581e-05 3.43482e-05 2.31622e-05 1.48519e-05 8.95117e-06 5.05630e-06 2.76557e-06 1.51117e-06 7.48608e-07 2.68745e-07 5.58803e-08 5.83555e-09 1.45138e-10
48.018320 3.22360e-02 4.33590e-02 2.68899e-02 1.55169e-02 9.20702e-03 6.41955e-03 5.37870e-03 4.86430e-03 4.50982e-03 4.34797e-03 4.32308e-03 4.31121e-03 4.28365e-03 4.26663e-03 4.25553e-03 4.22373e-03 4.16016e-03 4.07569e-03 3.98910e-03 3.91442e-03 3.85233e-03 3.78962e-03 3.70658e-03 3.59374e-03 3.46549e-03 3.34727e-03 3.26113e-03 3.21898e-03 3.21563e-03 3.22583e-03 3.22358e-03 3.20216e-03 3.16905e-03 3.13392e-03 3.10373e-03 3.08268e-03 3.07466e-03 3.08354e-03 3.10653e-03 3.12645e-03 3.12045e-03 3.08522e-03 3.04424e-03 3.02719e-03 3.03930e-03 3.04166e-03 3.00989e-03 2.98091e-03 2.99106e-03 3.02118e-03 3.02725e-03 2.99351e-03 2.93361e-03 2.86528e-03 2.79826e-03 2.73530e-03 2.67573e-03 2.61781e-03 2.55988e-03 2.50083e-03 2.44071e-03 2.38071e-03 2.32155e-03 2.26121e-03 2.19504e-03 2.11966e-03 2.03550e-03 1.94429e-03 1.84731e-03 1.74901e-03 1.65901e-03 1.58523e-03 1.52631e-03 1.47419e-03 1.42215e-03 1.36810e-03 1.31285e-03 1.25826e-03 1.20662e-03 1.16006e-03 1.11951e-03 1.08418e-03 1.05190e-03 1.02042e-03 9.88206e-04 9.54266e-04 9.18383e-04 8.81493e-04 8.44767e-04 8.07922e-04 7.69012e-04 7.26352e-04 6.79959e-04 6.30780e-04 5.79696e-04 5.27895e-04 4.77385e-04 4.30579e-04 3.89600e-04 3.56064e-04 3.30799e-04 3.12935e-04 2.99833e-04 2.88716e-04 2.77846e-04 2.66272e-04 2.53318e-04 2.38359e-04 2.20859e-04 2.00606e-04 1.77929e-04 1.53670e-04 1.28948e-04 1.04907e-04 8.25492e-05 6.26524e-05 4.57208e-05 3.19541e-05 2.12276e-05 1.31631e-05 7.35982e-06 3.58244e-06 1.54554e-06 6.32133e-07 2.20045e-07 4.74077e-08 5.04380e-09 1.30760e-10
48.268415 3.19322e-02 4.25494e-02 2.61282e-02 1.50983e-02 9.21784e-03 6.61967e-03 5.46047e-03 4.79889e-03 4.40465e-03 4.17894e-03 4.06169e-03 4.04536e-03 4.08715e-03 4.11476e-03 4.08194e-03 3.98668e-03 3.86198e-03 3.75576e-03 3.70822e-03 3.73155e-03 3.79521e-03 3.84072e-03 3.82278e-03 3.73537e-03 3.59966e-03 3.44166e-03 3.28737e-03 3.16196e-03 3.08335e-03 3.05353e-03 3.06461e-03 3.10578e-03 3.15973e-03 3.20743e-03 3.23566e-03 3.23900e-03 3.22242e-03 3.20012e-03 3.18538e-03 3.17851e-03 3.16435e-03 3.12717e-03 3.07248e-03 3.02678e-03 3.01666e-03 3.04356e-03 3.06943e-03 3.06495e-03 3.04503e-03 3.03430e-03 3.03656e-03 3.03307e-03 3.00684e-03 2.95912e-03 2.90167e-03 2.84436e-03 2.79112e-03 2.74185e-03 2.69495e-03 2.64797e-03 2.59743e-03 2.53956e-03 2.47207e-03 2.39508e-03 2.30973e-03 2.21665e-03 2.11763e-03 2.01864e-03 1.92863e-03 1.85249e-03 1.78584e-03 1.71990e-03 1.65015e-03 1.57739e-03 1.50361e-03 1.43084e-03 1.36190e-03 1.29950e-03 1.24447e-03 1.19548e-03 1.15119e-03 1.11102e-03 1.07402e-03 1.03884e-03 1.00458e-03 9.70586e-04 9.35985e-04 9.00154e-04 8.63877e-04 8.28776e-04 7.94479e-04 7.57451e-04 7.14225e-04 6.64606e-04 6.10806e-04 5.55365e-04 5.00701e-04 4.49209e-04 4.03022e-04 3.63945e-04 3.33243e-04 3.10654e-04 2.93984e-04 2.80496e-04 2.68192e-04 2.55821e-04 2.42638e-04 2.28271e-04 2.12480e-04 1.94981e-04 1.75579e-04 1.54450e-04 1.32229e-04 1.09849e-04 8.83098e-05 6.85097e-05 5.11487e-05 3.66512e-05 2.50952e-05 1.62165e-05 9.59190e-06 4.92537e-06 2.07574e-06 7.10240e-07 2.01718e-07 4.14429e-08 4.67891e-09 1.25130e-10
48.518511 3.12626e-02 4.12778e-02 2.52363e-02 1.48582e-02 9.41373e-03 6.79834e-03 5.47854e-03 4.75024e-03 4.33105e-03 4.12647e-03 4.06939e-03 4.07643e-03 4.10090e-03 4.13003e-03 4.15066e-03 4.14136e-03 4.09015e-03 4.00576e-03 3.90711e-03 3.80881e-03 3.71718e-03 3.62796e-03 3.52983e-03 3.42185e-03 3.31545e-03 3.22247e-03 3.15557e-03 3.12919e-03 3.14723e-03 3.18914e-03 3.22345e-03 3.23175e-03 3.21421e-03 3.18516e-03 3.16296e-03 3.15752e-03 3.16548e-03 3.17598e-03 3.18178e-03 3.18474e-03 3.18762e-03 3.17888e-03 3.13758e-03 3.06603e-03 2.99682e-03 2.96294e-03 2.97485e-03 3.00685e-03 3.01934e-03 3.00592e-03 2.98431e-03 2.96729e-03 2.95739e-03 2.94918e-03 2.93610e-03 2.91532e-03 2.88744e-03 2.85382e-03 2.81355e-03 2.76312e-03 2.69918e-03 2.62196e-03 2.53695e-03 2.45319e-03 2.37783e-03 2.31115e-03 2.24740e-03 2.18007e-03 2.10619e-03 2.02641e-03 1.94271e-03 1.85697e-03 1.77102e-03 1.68674e-03 1.60583e-03 1.52913e-03 1.45616e-03 1.38760e-03 1.32653e-03 1.27418e-03 1.22838e-03 1.18593e-03 1.14439e-03 1.10243e-03 1.05986e-03 1.01752e-03 9.76434e-04 9.36725e-04 8.97878e-04 8.60268e-04 8.24614e-04 7.89015e-04 7.49045e-04 7.01848e-04 6.47899e-04 5.89446e-04 5.29595e-04 4.71906e-04 4.19578e-04 3.75095e-04 3.39883e-04 3.13322e-04 2.92878e-04 2.75921e-04 2.60751e-04 2.46233e-04 2.31475e-04 2.15911e-04 1.99371e-04 1.81932e-04 1.63707e-04 1.44786e-04 1.25343e-04 1.05732e-04 8.64786e-05 6.82232e-05 5.16474e-05 3.73596e-05 2.57176e-05 1.66939e-05 9.97311e-06 5.23790e-06 2.27933e-06 7.84367e-07 2.10930e-07 4.24162e-08 5.16099e-09 1.39878e-10
48.768606 3.01407e-02 3.96562e-02 2.44354e-02 1.48404e-02 9.63080e-03 6.92849e-03 5.61068e-03 5.00248e-03 4.70859e-03 4.56742e-03 4.53283e-03 4.55320e-03 4.55594e-03 4.49365e-03 4.36257e-03 4.18738e-03 4.00199e-03 3.83505e-03 3.70234e-03 3.60567e-03 3.53215e-03 3.45930e-03 3.36941e-03 3.26270e-03 3.15459e-03 3.06463e-03 3.01319e-03 3.01776e-03 3.07852e-03 3.16654e-03 3.23960e-03 3.26637e-03 3.23561e-03 3.16039e-03 3.07197e-03 2.99854e-03 2.95134e-03 2.93310e-03 2.94875e-03 2.99824e-03 3.06565e-03 3.12064e-03 3.12910e-03 3.07715e-03 2.99277e-03 2.92023e-03 2.88127e-03 2.87983e-03 2.90739e-03 2.93249e-03 2.92816e-03 2.90279e-03 2.87753e-03 2.86261e-03 2.85881e-03 2.85953e-03 2.85237e-03 2.82628e-03 2.78062e-03 2.72587e-03 2.67285e-03 2.62335e-03 2.57263e-03 2.51739e-03 2.45859e-03 2.39854e-03 2.33809e-03 2.27613e-03 2.21002e-03 2.13686e-03 2.05581e-03 1.96948e-03 1.88203e-03 1.79610e-03 1.71204e-03 1.63120e-03 1.55766e-03 1.49384e-03 1.43843e-03 1.38861e-03 1.34173e-03 1.29561e-03 1.24864e-03 1.19980e-03 1.14891e-03 1.09699e-03 1.04628e-03 9.99036e-04 9.55486e-04 9.14175e-04 8.74177e-04 8.34688e-04 7.93157e-04 7.46548e-04 6.93296e-04 6.33403e-04 5.68840e-04 5.03582e-04 4.42582e-04 3.90442e-04 3.49468e-04 3.18364e-04 2.93758e-04 2.72863e-04 2.54163e-04 2.36766e-04 2.19969e-04 2.03214e-04 1.86149e-04 1.68651e-04 1.50778e-04 1.32700e-04 1.14657e-04 9.69529e-05 7.99131e-05 6.38453e-05 4.90680e-05 3.59653e-05 2.49289e-05 1.61593e-05 9.57229e-06 4.96803e-06 2.14614e-06 7.46774e-07 2.09462e-07 4.54373e-08 5.91978e-09 1.58508e-10
49.018701 2.92026e-02 3.86016e-02 2.40281e-02 1.47409e-02 9.73501e-03 7.49660e-03 6.61258e-03 6.08492e-03 5.59680e-03 5.16393e-03 4.83430e-03 4.61494e-03 4.46878e-03 4.34529e-03 4.21534e-03 4.07349e-03 3.92465e-03 3.77826e-03 3.64610e-03 3.53610e-03 3.44530e-03 3.36062e-03 3.26841e-03 3.16568e-03 3.06368e-03 2.98074e-03 2.93311e-03 2.93115e-03 2.97239e-03 3.03275e-03 3.07984e-03 3.09354e-03 3.06881e-03 3.01398e-03 2.94635e-03 2.88103e-03 2.82622e-03 2.78878e-03 2.77649e-03 2.79234e-03 2.83219e-03 2.88677e-03 2.93655e-03 2.95489e-03 2.93398e-03 2.89181e-03 2.84529e-03 2.80183e-03 2.77652e-03 2.79025e-03 2.83975e-03 2.88600e-03 2.89090e-03 2.85233e-03 2.79251e-03 2.73401e-03 2.68972e-03 2.66110e-03 2.64341e-03 2.62853e-03 2.60365e-03 2.56299e-03 2.51589e-03 2.47077e-03 2.42781e-03 2.38462e-03 2.33861e-03 2.28757e-03 2.22990e-03 2.16394e-03 2.08896e-03 2.00702e-03 1.92221e-03 1.83866e-03 1.76027e-03 1.68965e-03 1.62695e-03 1.57089e-03 1.51979e-03 1.47178e-03 1.42498e-03 1.37774e-03 1.32877e-03 1.27728e-03 1.22303e-03 1.16671e-03 1.11053e-03 1.05778e-03 1.01002e-03 9.65291e-04 9.21567e-04 8.79015e-04 8.36329e-04 7.90283e-04 7.38583e-04 6.79982e-04 6.14890e-04 5.46243e-04 4.79445e-04 4.20557e-04 3.73148e-04 3.36494e-04 3.07146e-04 2.81904e-04 2.58984e-04 2.37506e-04 2.16947e-04 1.96968e-04 1.77400e-04 1.58208e-04 1.39438e-04 1.21179e-04 1.03575e-04 8.68580e-05 7.12900e-05 5.70627e-05 4.42539e-05 3.29132e-05 2.31682e-05 1.51913e-05 9.05750e-06 4.71977e-06 2.04855e-06 7.21501e-07 2.09194e-07 4.78633e-08 6.40473e-09 1.66501e-10
49.268797 3.00622e-02 3.91546e-02 2.37245e-02 1.45674e-02 1.06194e-02 8.89349e-03 7.67767e-03 6.64405e-03 5.80370e-03 5.17466e-03 4.75591e-03 4.51484e-03 4.39559e-03 4.32915e-03 4.25727e-03 4.15125e-03 4.01052e-03 3.85260e-03 3.70002e-03 3.56735e-03 3.45607e-03 3.35850e-03 3.26398e-03 3.16434e-03 3.06115e-03 2.97014e-03 2.91358e-03 2.90607e-03 2.94091e-03 2.98573e-03 3.00562e-03 2.98728e-03 2.93594e-03 2.86463e-03 2.78577e-03 2.70938e-03 2.65028e-03 2.62793e-03 2.65190e-03 2.70965e-03 2.77491e-03 2.82525e-03 2.84665e-03 2.83446e-03 2.80314e-03 2.78011e-03 2.78038e-03 2.79690e-03 2.81227e-03 2.81276e-03 2.79879e-03 2.78304e-03 2.77031e-03 2.74740e-03 2.70344e-03 2.64997e-03 2.60822e-03 2.58524e-03 2.57300e-03 2.55849e-03 2.52982e-03 2.48905e-03 2.44569e-03 2.40104e-03 2.35367e-03 2.30397e-03 2.25287e-03 2.20088e-03 2.14771e-03 2.09111e-03 2.02695e-03 1.95404e-03 1.87837e-03 1.80779e-03 1.74453e-03 1.68700e-03 1.63401e-03 1.58500e-03 1.53914e-03 1.49509e-03 1.45128e-03 1.40624e-03 1.35883e-03 1.30828e-03 1.25429e-03 1.19722e-03 1.13882e-03 1.08247e-03 1.03086e-03 9.82746e-04 9.36436e-04 8.93135e-04 8.51178e-04 8.06924e-04 7.57903e-04 7.02982e-04 6.42812e-04 5.79088e-04 5.14648e-04 4.54056e-04 4.02146e-04 3.60768e-04 3.27729e-04 2.99392e-04 2.73298e-04 2.48415e-04 2.24355e-04 2.00955e-04 1.78219e-04 1.56273e-04 1.35281e-04 1.15389e-04 9.67664e-05 7.96581e-05 6.43253e-05 5.09035e-05 3.93236e-05 2.93874e-05 2.09326e-05 1.39350e-05 8.45412e-06 4.51360e-06 2.03124e-06 7.46651e-07 2.23207e-07 5.13933e-08 6.74649e-09 1.68168e-10
49.518892 3.23614e-02 4.00656e-02 2.31914e-02 1.46422e-02 1.12328e-02 9.19806e-03 7.70753e-03 6.63858e-03 5.83455e-03 5.22715e-03 4.81990e-03 4.60979e-03 4.54286e-03 4.53223e-03 4.49806e-03 4.39652e-03 4.23083e-03 4.03722e-03 3.85263e-03 3.69224e-03 3.55251e-03 3.42619e-03 3.31058e-03 3.20673e-03 3.11847e-03 3.05539e-03 3.02974e-03 3.04402e-03 3.08082e-03 3.10578e-03 3.09262e-03 3.04017e-03 2.96092e-03 2.86714e-03 2.76600e-03 2.66436e-03 2.57781e-03 2.52988e-03 2.53801e-03 2.59883e-03 2.68805e-03 2.77303e-03 2.82708e-03 2.84510e-03 2.84791e-03 2.85733e-03 2.87124e-03 2.87236e-03 2.85075e-03 2.81007e-03 2.76169e-03 2.71887e-03 2.69363e-03 2.69350e-03 2.71402e-03 2.73522e-03 2.73451e-03 2.70419e-03 2.65343e-03 2.59353e-03 2.53110e-03 2.47143e-03 2.41463e-03 2.35710e-03 2.29764e-03 2.23754e-03 2.17843e-03 2.12104e-03 2.06466e-03 2.00644e-03 1.94245e-03 1.87394e-03 1.80846e-03 1.74917e-03 1.69411e-03 1.64210e-03 1.59326e-03 1.54776e-03 1.50521e-03 1.46452e-03 1.42426e-03 1.38294e-03 1.33925e-03 1.29216e-03 1.24109e-03 1.18623e-03 1.12907e-03 1.07286e-03 1.02052e-03 9.71241e-04 9.23178e-04 8.77465e-04 8.33787e-04 7.89692e-04 7.43407e-04 6.94086e-04 6.41533e-04 5.86037e-04 5.28178e-04 4.70057e-04 4.16250e-04 3.71228e-04 3.35477e-04 3.05864e-04 2.79140e-04 2.53712e-04 2.29114e-04 2.05201e-04 1.81927e-04 1.59376e-04 1.37722e-04 1.17139e-04 9.78125e-05 7.99941e-05 6.39909e-05 5.00409e-05 3.81973e-05 2.83124e-05 2.01387e-05 1.34838e-05 8.28472e-06 4.52903e-06 2.12321e-06 8.22185e-07 2.54241e-07 5.79723e-08 7.30555e-09 1.73664e-10
49.768988 3.27968e-02 3.91914e-02 2.21552e-02 1.38856e-02 1.04300e-02 8.45190e-03 7.23129e-03 6.41911e-03 5.79360e-03 5.31701e-03 5.00525e-03 4.84637e-03 4.79377e-03 4.77915e-03 4.73068e-03 4.60489e-03 4.41235e-03 4.20088e-03 4.01088e-03 3.85075e-03 3.70659e-03 3.56581e-03 3.43248e-03 3.32397e-03 3.25561e-03 3.23073e-03 3.24176e-03 3.27273e-03 3.29899e-03 3.29368e-03 3.24739e-03 3.17189e-03 3.08103e-03 2.97976e-03 2.86750e-03 2.74803e-03 2.63610e-03 2.55544e-03 2.53044e-03 2.57132e-03 2.66103e-03 2.76034e-03 2.83411e-03 2.87253e-03 2.88301e-03 2.87293e-03 2.85009e-03 2.82846e-03 2.82131e-03 2.83112e-03 2.84992e-03 2.86713e-03 2.87485e-03 2.86966e-03 2.85410e-03 2.83578e-03 2.82038e-03 2.80388e-03 2.77497e-03 2.72334e-03 2.64489e-03 2.54894e-03 2.45324e-03 2.36733e-03 2.29018e-03 2.21880e-03 2.15192e-03 2.08824e-03 2.02451e-03 1.95781e-03 1.88951e-03 1.82289e-03 1.75882e-03 1.69687e-03 1.63678e-03 1.57886e-03 1.52397e-03 1.47275e-03 1.42516e-03 1.38052e-03 1.33774e-03 1.29558e-03 1.25304e-03 1.20951e-03 1.16472e-03 1.11861e-03 1.07168e-03 1.02546e-03 9.81463e-04 9.38393e-04 8.93202e-04 8.44758e-04 7.94055e-04 7.44160e-04 6.97558e-04 6.53186e-04 6.08987e-04 5.63563e-04 5.15839e-04 4.65500e-04 4.14662e-04 3.68227e-04 3.30194e-04 3.00112e-04 2.74722e-04 2.51381e-04 2.28987e-04 2.07191e-04 1.85835e-04 1.64908e-04 1.44547e-04 1.24946e-04 1.06277e-04 8.86850e-05 7.23278e-05 5.74276e-05 4.42384e-05 3.29188e-05 2.34534e-05 1.57342e-05 9.70180e-06 5.34318e-06 2.54543e-06 1.00876e-06 3.15230e-07 7.01160e-08 8.37189e-09 1.88431e-10
49.999987 3.14495e-02 3.70026e-02 2.07507e-02 1.26959e-02 9.26011e-03 7.56105e-03 6.66031e-03 6.10994e-03 5.69588e-03 5.36750e-03 5.12325e-03 4.96249e-03 4.87313e-03 4.82053e-03 4.75123e-03 4.62405e-03 4.44360e-03 4.25134e-03 4.08255e-03 3.94016e-03 3.80557e-03 3.66589e-03 3.53034e-03 3.42439e-03 3.36850e-03 3.36137e-03 3.38189e-03 3.40419e-03 3.40757e-03 3.37893e-03 3.32002e-03 3.24592e-03 3.16929e-03 3.09105e-03 3.00389e-03 2.90486e-03 2.80448e-03 2.72540e-03 2.69247e-03 2.71377e-03 2.76734e-03 2.81659e-03 2.83886e-03 2.83516e-03 2.82150e-03 2.81537e-03 2.82426e-03 2.84457e-03 2.87003e-03 2.89778e-03 2.92748e-03 2.95810e-03 2.98656e-03 3.00831e-03 3.01812e-03 3.01054e-03 2.98041e-03 2.92552e-03 2.85039e-03 2.76356e-03 2.66836e-03 2.56223e-03 2.45053e-03 2.34979e-03 2.26681e-03 2.19560e-03 2.13020e-03 2.06524e-03 1.99885e-03 1.93403e-03 1.86956e-03 1.80458e-03 1.74036e-03 1.67608e-03 1.61115e-03 1.54645e-03 1.48342e-03 1.42312e-03 1.36592e-03 1.31161e-03 1.25977e-03 1.21008e-03 1.16239e-03 1.11663e-03 1.07287e-03 1.03116e-03 9.91347e-04 9.52774e-04 9.13782e-04 8.71393e-04 8.22769e-04 7.68418e-04 7.14211e-04 6.66742e-04 6.25972e-04 5.88632e-04 5.53154e-04 5.18527e-04 4.83265e-04 4.45834e-04 4.06053e-04 3.66289e-04 3.30216e-04 2.99610e-04 2.73428e-04 2.49868e-04 2.27968e-04 2.07462e-04 1.88168e-04 1.69788e-04 1.52029e-04 1.34722e-04 1.17843e-04 1.01479e-04 8.57848e-05 7.09398e-05 5.71191e-05 4.44627e-05 3.30666e-05 2.30392e-05 1.46102e-05 8.12919e-06 3.81198e-06 1.44523e-06 4.22621e-07 8.74245e-08 9.77942e-09 2.08173e-10
