# tg_mhd (CUDA FP64)  hydro_noslip_nofield_n384_re1000  N=384 Re=1000 h=8.20259178e-03 delta=3.16227766e-02 delta/h=3.855218 layers=192
# layer k: the nodes k cells from the nearest wall, i.e. the slab [(k-1/2)h, (k+1/2)h] ([0, h/2] for k = 0)
# row 'vol': each layer's share of the volume; then per probe: t and each layer's share of eps
# vol 7.812465e-03 1.550265e-02 1.534032e-02 1.517884e-02 1.501822e-02 1.485845e-02 1.469954e-02 1.454148e-02 1.438428e-02 1.422793e-02 1.407244e-02 1.391780e-02 1.376401e-02 1.361108e-02 1.345900e-02 1.330778e-02 1.315741e-02 1.300789e-02 1.285923e-02 1.271143e-02 1.256448e-02 1.241838e-02 1.227314e-02 1.212875e-02 1.198522e-02 1.184254e-02 1.170071e-02 1.155974e-02 1.141962e-02 1.128036e-02 1.114195e-02 1.100440e-02 1.086770e-02 1.073186e-02 1.059687e-02 1.046273e-02 1.032945e-02 1.019702e-02 1.006545e-02 9.934732e-03 9.804868e-03 9.675859e-03 9.547704e-03 9.420403e-03 9.293956e-03 9.168364e-03 9.043626e-03 8.919743e-03 8.796714e-03 8.674540e-03 8.553219e-03 8.432753e-03 8.313142e-03 8.194385e-03 8.076482e-03 7.959434e-03 7.843240e-03 7.727900e-03 7.613415e-03 7.499784e-03 7.387007e-03 7.275085e-03 7.164017e-03 7.053804e-03 6.944445e-03 6.835940e-03 6.728289e-03 6.621494e-03 6.515552e-03 6.410465e-03 6.306232e-03 6.202853e-03 6.100329e-03 5.998659e-03 5.897844e-03 5.797883e-03 5.698776e-03 5.600524e-03 5.503126e-03 5.406582e-03 5.310893e-03 5.216058e-03 5.122078e-03 5.028952e-03 4.936680e-03 4.845263e-03 4.754700e-03 4.664991e-03 4.576137e-03 4.488137e-03 4.400991e-03 4.314700e-03 4.229263e-03 4.144681e-03 4.060953e-03 3.978079e-03 3.896060e-03 3.814895e-03 3.734584e-03 3.655128e-03 3.576526e-03 3.498779e-03 3.421886e-03 3.345847e-03 3.270663e-03 3.196333e-03 3.122857e-03 3.050236e-03 2.978469e-03 2.907556e-03 2.837498e-03 2.768294e-03 2.699945e-03 2.632450e-03 2.565809e-03 2.500023e-03 2.435091e-03 2.371013e-03 2.307790e-03 2.245421e-03 2.183907e-03 2.123247e-03 2.063441e-03 2.004489e-03 1.946392e-03 1.889150e-03 1.832762e-03 1.777228e-03 1.722548e-03 1.668723e-03 1.615752e-03 1.563636e-03 1.512374e-03 1.461966e-03 1.412413e-03 1.363714e-03 1.315869e-03 1.268879e-03 1.222743e-03 1.177461e-03 1.133034e-03 1.089461e-03 1.046743e-03 1.004879e-03 9.638694e-04 9.237141e-04 8.844132e-04 8.459666e-04 8.083744e-04 7.716366e-04 7.357531e-04 7.007241e-04 6.665493e-04 6.332290e-04 6.007630e-04 5.691514e-04 5.383942e-04 5.084913e-04 4.794428e-04 4.512486e-04 4.239089e-04 3.974235e-04 3.717924e-04 3.470158e-04 3.230935e-04 3.000255e-04 2.778120e-04 2.564528e-04 2.359479e-04 2.162975e-04 1.975014e-04 1.795597e-04 1.624723e-04 1.462393e-04 1.308607e-04 1.163364e-04 1.026665e-04 8.985102e-05 7.788987e-05 6.678309e-05 5.653068e-05 4.713263e-05 3.858895e-05 3.089964e-05 2.406470e-05 1.808412e-05 1.295791e-05 8.686074e-06 5.268602e-06 2.705498e-06 9.967625e-07 1.423946e-07
0.000000 8.12531e-01 1.80563e-01 7.32918e-05 7.33138e-05 7.33432e-05 7.33791e-05 7.34208e-05 7.34673e-05 7.35180e-05 7.35718e-05 7.36281e-05 7.36860e-05 7.37447e-05 7.38033e-05 7.38612e-05 7.39173e-05 7.39711e-05 7.40217e-05 7.40684e-05 7.41103e-05 7.41467e-05 7.41769e-05 7.42002e-05 7.42158e-05 7.42231e-05 7.42213e-05 7.42099e-05 7.41880e-05 7.41553e-05 7.41109e-05 7.40543e-05 7.39849e-05 7.39022e-05 7.38057e-05 7.36948e-05 7.35690e-05 7.34279e-05 7.32710e-05 7.30979e-05 7.29082e-05 7.27016e-05 7.24777e-05 7.22362e-05 7.19768e-05 7.16993e-05 7.14033e-05 7.10888e-05 7.07555e-05 7.04033e-05 7.00320e-05 6.96416e-05 6.92321e-05 6.88033e-05 6.83553e-05 6.78882e-05 6.74019e-05 6.68965e-05 6.63722e-05 6.58292e-05 6.52675e-05 6.46874e-05 6.40892e-05 6.34730e-05 6.28392e-05 6.21880e-05 6.15199e-05 6.08351e-05 6.01341e-05 5.94172e-05 5.86850e-05 5.79378e-05 5.71762e-05 5.64006e-05 5.56116e-05 5.48097e-05 5.39955e-05 5.31696e-05 5.23326e-05 5.14850e-05 5.06275e-05 4.97607e-05 4.88854e-05 4.80022e-05 4.71117e-05 4.62146e-05 4.53117e-05 4.44036e-05 4.34911e-05 4.25749e-05 4.16557e-05 4.07341e-05 3.98111e-05 3.88871e-05 3.79631e-05 3.70397e-05 3.61176e-05 3.51975e-05 3.42802e-05 3.33664e-05 3.24567e-05 3.15518e-05 3.06524e-05 2.97592e-05 2.88727e-05 2.79938e-05 2.71229e-05 2.62607e-05 2.54077e-05 2.45646e-05 2.37319e-05 2.29102e-05 2.20999e-05 2.13015e-05 2.05156e-05 1.97425e-05 1.89828e-05 1.82368e-05 1.75048e-05 1.67874e-05 1.60847e-05 1.53972e-05 1.47251e-05 1.40686e-05 1.34281e-05 1.28036e-05 1.21954e-05 1.16037e-05 1.10286e-05 1.04701e-05 9.92846e-06 9.40360e-06 8.89560e-06 8.40444e-06 7.93012e-06 7.47259e-06 7.03176e-06 6.60756e-06 6.19987e-06 5.80853e-06 5.43339e-06 5.07427e-06 4.73096e-06 4.40323e-06 4.09085e-06 3.79354e-06 3.51102e-06 3.24300e-06 2.98917e-06 2.74919e-06 2.52272e-06 2.30940e-06 2.10887e-06 1.92074e-06 1.74463e-06 1.58014e-06 1.42685e-06 1.28436e-06 1.15225e-06 1.03009e-06 9.17453e-07 8.13910e-07 7.19029e-07 6.32380e-07 5.53532e-07 4.82055e-07 4.17525e-07 3.59521e-07 3.07625e-07 2.61430e-07 2.20532e-07 1.84538e-07 1.53063e-07 1.25734e-07 1.02186e-07 8.20706e-08 6.50488e-08 5.07972e-08 3.90067e-08 2.93837e-08 2.16507e-08 1.55472e-08 1.08299e-08 7.27405e-09 4.67319e-09 2.84018e-09 1.60746e-09 8.27514e-10 3.73229e-10 1.38189e-10 3.69491e-11 5.24179e-12 1.34429e-13
0.100072 3.21940e-01 4.01711e-01 1.88185e-01 5.10350e-02 7.54931e-03 7.53436e-04 3.21693e-04 3.20502e-04 3.20402e-04 3.20350e-04 3.20609e-04 3.20887e-04 3.21154e-04 3.21422e-04 3.21688e-04 3.21947e-04 3.22196e-04 3.22432e-04 3.22651e-04 3.22850e-04 3.23024e-04 3.23173e-04 3.23291e-04 3.23376e-04 3.23424e-04 3.23434e-04 3.23401e-04 3.23322e-04 3.23196e-04 3.23019e-04 3.22788e-04 3.22502e-04 3.22157e-04 3.21751e-04 3.21282e-04 3.20748e-04 3.20146e-04 3.19476e-04 3.18734e-04 3.17919e-04 3.17030e-04 3.16064e-04 3.15022e-04 3.13900e-04 3.12699e-04 3.11417e-04 3.10053e-04 3.08606e-04 3.07077e-04 3.05463e-04 3.03766e-04 3.01984e-04 3.00118e-04 2.98167e-04 2.96132e-04 2.94013e-04 2.91810e-04 2.89524e-04 2.87155e-04 2.84705e-04 2.82174e-04 2.79563e-04 2.76873e-04 2.74106e-04 2.71263e-04 2.68345e-04 2.65354e-04 2.62293e-04 2.59161e-04 2.55963e-04 2.52699e-04 2.49371e-04 2.45983e-04 2.42536e-04 2.39033e-04 2.35475e-04 2.31867e-04 2.28210e-04 2.24507e-04 2.20760e-04 2.16974e-04 2.13150e-04 2.09292e-04 2.05402e-04 2.01483e-04 1.97539e-04 1.93573e-04 1.89588e-04 1.85587e-04 1.81573e-04 1.77549e-04 1.73518e-04 1.69485e-04 1.65451e-04 1.61419e-04 1.57394e-04 1.53379e-04 1.49375e-04 1.45387e-04 1.41417e-04 1.37469e-04 1.33545e-04 1.29648e-04 1.25781e-04 1.21947e-04 1.18149e-04 1.14388e-04 1.10669e-04 1.06992e-04 1.03361e-04 9.97783e-05 9.62457e-05 9.27653e-05 8.93395e-05 8.59699e-05 8.26587e-05 7.94075e-05 7.62179e-05 7.30917e-05 7.00301e-05 6.70346e-05 6.41064e-05 6.12466e-05 5.84562e-05 5.57361e-05 5.30872e-05 5.05100e-05 4.80052e-05 4.55733e-05 4.32144e-05 4.09289e-05 3.87169e-05 3.65784e-05 3.45133e-05 3.25213e-05 3.06022e-05 2.87556e-05 2.69808e-05 2.52774e-05 2.36445e-05 2.20814e-05 2.05871e-05 1.91607e-05 1.78011e-05 1.65072e-05 1.52777e-05 1.41113e-05 1.30066e-05 1.19623e-05 1.09767e-05 1.00485e-05 9.17585e-06 8.35723e-06 7.59091e-06 6.87515e-06 6.20817e-06 5.58817e-06 5.01333e-06 4.48179e-06 3.99170e-06 3.54119e-06 3.12837e-06 2.75136e-06 2.40830e-06 2.09732e-06 1.81656e-06 1.56419e-06 1.33840e-06 1.13742e-06 9.59478e-07 8.02876e-07 6.65937e-07 5.47033e-07 4.44584e-07 3.57066e-07 2.83009e-07 2.21004e-07 1.69707e-07 1.27840e-07 9.41961e-08 6.76412e-08 4.71179e-08 3.16473e-08 2.03317e-08 1.23568e-08 6.99359e-09 3.60028e-09 1.62381e-09 6.01222e-10 1.60755e-10 2.28055e-11 5.84862e-13
0.200143 2.30253e-01 3.46109e-01 2.24080e-01 1.08591e-01 3.88914e-02 1.02393e-02 2.14706e-03 6.18399e-04 4.45266e-04 4.40307e-04 4.42574e-04 4.43273e-04 4.43652e-04 4.44046e-04 4.44454e-04 4.44859e-04 4.45250e-04 4.45626e-04 4.45979e-04 4.46307e-04 4.46604e-04 4.46865e-04 4.47085e-04 4.47261e-04 4.47388e-04 4.47460e-04 4.47475e-04 4.47428e-04 4.47314e-04 4.47131e-04 4.46874e-04 4.46539e-04 4.46122e-04 4.45622e-04 4.45033e-04 4.44354e-04 4.43580e-04 4.42709e-04 4.41739e-04 4.40667e-04 4.39490e-04 4.38206e-04 4.36814e-04 4.35311e-04 4.33696e-04 4.31967e-04 4.30123e-04 4.28163e-04 4.26085e-04 4.23890e-04 4.21576e-04 4.19142e-04 4.16590e-04 4.13918e-04 4.11127e-04 4.08217e-04 4.05189e-04 4.02044e-04 3.98782e-04 3.95404e-04 3.91912e-04 3.88307e-04 3.84591e-04 3.80765e-04 3.76831e-04 3.72793e-04 3.68651e-04 3.64408e-04 3.60067e-04 3.55631e-04 3.51102e-04 3.46484e-04 3.41780e-04 3.36992e-04 3.32125e-04 3.27182e-04 3.22166e-04 3.17082e-04 3.11933e-04 3.06722e-04 3.01455e-04 2.96135e-04 2.90767e-04 2.85353e-04 2.79900e-04 2.74411e-04 2.68891e-04 2.63343e-04 2.57773e-04 2.52185e-04 2.46583e-04 2.40971e-04 2.35356e-04 2.29740e-04 2.24128e-04 2.18524e-04 2.12934e-04 2.07361e-04 2.01810e-04 1.96285e-04 1.90790e-04 1.85329e-04 1.79907e-04 1.74526e-04 1.69192e-04 1.63908e-04 1.58677e-04 1.53503e-04 1.48391e-04 1.43342e-04 1.38360e-04 1.33449e-04 1.28611e-04 1.23849e-04 1.19167e-04 1.14566e-04 1.10049e-04 1.05618e-04 1.01276e-04 9.70237e-05 9.28642e-05 8.87987e-05 8.48288e-05 8.09558e-05 7.71810e-05 7.35054e-05 6.99300e-05 6.64554e-05 6.30824e-05 5.98112e-05 5.66423e-05 5.35758e-05 5.06115e-05 4.77494e-05 4.49891e-05 4.23301e-05 3.97719e-05 3.73136e-05 3.49544e-05 3.26933e-05 3.05291e-05 2.84605e-05 2.64861e-05 2.46045e-05 2.28140e-05 2.11129e-05 1.94993e-05 1.79713e-05 1.65269e-05 1.51641e-05 1.38806e-05 1.26742e-05 1.15426e-05 1.04833e-05 9.49413e-06 8.57245e-06 7.71578e-06 6.92159e-06 6.18730e-06 5.51035e-06 4.88811e-06 4.31800e-06 3.79740e-06 3.32371e-06 2.89435e-06 2.50675e-06 2.15838e-06 1.84673e-06 1.56933e-06 1.32376e-06 1.10765e-06 9.18686e-07 7.54621e-07 6.13271e-07 4.92527e-07 3.90361e-07 3.04826e-07 2.34065e-07 1.76316e-07 1.29911e-07 9.32850e-08 6.49795e-08 4.36433e-08 2.80380e-08 1.70401e-08 9.64402e-09 4.96465e-09 2.23915e-09 8.29046e-10 2.21670e-10 3.14470e-11 8.06476e-13
0.300215 1.86359e-01 3.03590e-01 2.23423e-01 1.34615e-01 6.61961e-02 2.65271e-02 8.75155e-03 2.55898e-03 8.99017e-04 5.71172e-04 5.31708e-04 5.33352e-04 5.36166e-04 5.37492e-04 5.38229e-04 5.38825e-04 5.39392e-04 5.39944e-04 5.40474e-04 5.40976e-04 5.41443e-04 5.41870e-04 5.42250e-04 5.42577e-04 5.42846e-04 5.43051e-04 5.43187e-04 5.43248e-04 5.43229e-04 5.43125e-04 5.42931e-04 5.42643e-04 5.42254e-04 5.41763e-04 5.41162e-04 5.40450e-04 5.39622e-04 5.38674e-04 5.37603e-04 5.36405e-04 5.35077e-04 5.33617e-04 5.32022e-04 5.30289e-04 5.28416e-04 5.26401e-04 5.24243e-04 5.21940e-04 5.19490e-04 5.16893e-04 5.14148e-04 5.11254e-04 5.08210e-04 5.05018e-04 5.01676e-04 4.98186e-04 4.94548e-04 4.90763e-04 4.86832e-04 4.82756e-04 4.78537e-04 4.74176e-04 4.69677e-04 4.65040e-04 4.60269e-04 4.55366e-04 4.50333e-04 4.45175e-04 4.39894e-04 4.34494e-04 4.28978e-04 4.23351e-04 4.17615e-04 4.11776e-04 4.05837e-04 3.99804e-04 3.93680e-04 3.87470e-04 3.81180e-04 3.74813e-04 3.68376e-04 3.61872e-04 3.55308e-04 3.48689e-04 3.42020e-04 3.35306e-04 3.28553e-04 3.21767e-04 3.14952e-04 3.08115e-04 3.01261e-04 2.94395e-04 2.87524e-04 2.80652e-04 2.73786e-04 2.66930e-04 2.60090e-04 2.53271e-04 2.46479e-04 2.39720e-04 2.32997e-04 2.26317e-04 2.19683e-04 2.13102e-04 2.06578e-04 2.00115e-04 1.93718e-04 1.87392e-04 1.81140e-04 1.74967e-04 1.68877e-04 1.62873e-04 1.56960e-04 1.51140e-04 1.45418e-04 1.39796e-04 1.34276e-04 1.28863e-04 1.23559e-04 1.18365e-04 1.13285e-04 1.08320e-04 1.03472e-04 9.87425e-05 9.41337e-05 8.96464e-05 8.52818e-05 8.10407e-05 7.69239e-05 7.29318e-05 6.90647e-05 6.53228e-05 6.17061e-05 5.82142e-05 5.48468e-05 5.16033e-05 4.84828e-05 4.54845e-05 4.26073e-05 3.98498e-05 3.72106e-05 3.46883e-05 3.22809e-05 2.99868e-05 2.78038e-05 2.57300e-05 2.37629e-05 2.19003e-05 2.01397e-05 1.84786e-05 1.69142e-05 1.54438e-05 1.40646e-05 1.27738e-05 1.15682e-05 1.04450e-05 9.40110e-06 8.43332e-06 7.53857e-06 6.71369e-06 5.95551e-06 5.26085e-06 4.62652e-06 4.04937e-06 3.52624e-06 3.05400e-06 2.62956e-06 2.24986e-06 1.91189e-06 1.61271e-06 1.34942e-06 1.11921e-06 9.19330e-07 7.47125e-07 6.00026e-07 4.75559e-07 3.71355e-07 2.85150e-07 2.14796e-07 1.58263e-07 1.13644e-07 7.91608e-08 5.31681e-08 3.41570e-08 2.07589e-08 1.17487e-08 6.04813e-09 2.72783e-09 1.00998e-09 2.70046e-10 3.83099e-11 9.82480e-13
0.400286 1.63128e-01 2.72785e-01 2.13232e-01 1.44152e-01 8.37239e-02 4.16856e-02 1.78632e-02 6.72338e-03 2.40534e-03 1.02585e-03 6.72499e-04 6.07187e-04 6.03508e-04 6.07467e-04 6.10297e-04 6.11914e-04 6.12983e-04 6.13855e-04 6.14657e-04 6.15420e-04 6.16146e-04 6.16830e-04 6.17464e-04 6.18041e-04 6.18554e-04 6.18996e-04 6.19359e-04 6.19638e-04 6.19825e-04 6.19915e-04 6.19900e-04 6.19775e-04 6.19534e-04 6.19172e-04 6.18682e-04 6.18061e-04 6.17303e-04 6.16403e-04 6.15357e-04 6.14161e-04 6.12810e-04 6.11302e-04 6.09633e-04 6.07800e-04 6.05799e-04 6.03630e-04 6.01288e-04 5.98773e-04 5.96083e-04 5.93217e-04 5.90173e-04 5.86951e-04 5.83550e-04 5.79971e-04 5.76213e-04 5.72277e-04 5.68164e-04 5.63875e-04 5.59411e-04 5.54774e-04 5.49966e-04 5.44990e-04 5.39846e-04 5.34539e-04 5.29072e-04 5.23447e-04 5.17668e-04 5.11739e-04 5.05664e-04 4.99448e-04 4.93093e-04 4.86607e-04 4.79992e-04 4.73254e-04 4.66399e-04 4.59431e-04 4.52357e-04 4.45182e-04 4.37911e-04 4.30551e-04 4.23108e-04 4.15588e-04 4.07997e-04 4.00342e-04 3.92628e-04 3.84863e-04 3.77053e-04 3.69205e-04 3.61324e-04 3.53419e-04 3.45494e-04 3.37558e-04 3.29616e-04 3.21675e-04 3.13741e-04 3.05821e-04 2.97922e-04 2.90049e-04 2.82210e-04 2.74409e-04 2.66653e-04 2.58948e-04 2.51300e-04 2.43714e-04 2.36196e-04 2.28751e-04 2.21385e-04 2.14102e-04 2.06908e-04 1.99807e-04 1.92804e-04 1.85903e-04 1.79108e-04 1.72423e-04 1.65852e-04 1.59398e-04 1.53066e-04 1.46857e-04 1.40776e-04 1.34823e-04 1.29003e-04 1.23318e-04 1.17768e-04 1.12357e-04 1.07085e-04 1.01954e-04 9.69659e-05 9.21205e-05 8.74188e-05 8.28614e-05 7.84484e-05 7.41799e-05 7.00556e-05 6.60753e-05 6.22382e-05 5.85437e-05 5.49906e-05 5.15779e-05 4.83041e-05 4.51676e-05 4.21669e-05 3.92998e-05 3.65645e-05 3.39587e-05 3.14799e-05 2.91258e-05 2.68936e-05 2.47807e-05 2.27840e-05 2.09007e-05 1.91277e-05 1.74616e-05 1.58994e-05 1.44376e-05 1.30727e-05 1.18015e-05 1.06202e-05 9.52540e-06 8.51346e-06 7.58075e-06 6.72367e-06 5.93856e-06 5.22180e-06 4.56978e-06 3.97891e-06 3.44562e-06 2.96640e-06 2.53777e-06 2.15632e-06 1.81869e-06 1.52162e-06 1.26191e-06 1.03645e-06 8.42236e-07 6.76355e-07 5.36014e-07 4.18532e-07 3.21354e-07 2.42053e-07 1.78335e-07 1.28050e-07 8.91912e-08 5.99023e-08 3.84817e-08 2.33864e-08 1.32354e-08 6.81325e-09 3.07284e-09 1.13770e-09 3.04192e-10 4.31536e-11 1.10669e-12
0.500358 1.49168e-01 2.50996e-01 2.01420e-01 1.45353e-01 9.36190e-02 5.34534e-02 2.70592e-02 1.22492e-02 5.10253e-03 2.12790e-03 1.06471e-03 7.45234e-04 6.70431e-04 6.61531e-04 6.65315e-04 6.69385e-04 6.72127e-04 6.73959e-04 6.75340e-04 6.76521e-04 6.77604e-04 6.78624e-04 6.79588e-04 6.80490e-04 6.81324e-04 6.82082e-04 6.82754e-04 6.83334e-04 6.83812e-04 6.84181e-04 6.84433e-04 6.84561e-04 6.84558e-04 6.84418e-04 6.84132e-04 6.83696e-04 6.83103e-04 6.82348e-04 6.81424e-04 6.80328e-04 6.79054e-04 6.77599e-04 6.75957e-04 6.74126e-04 6.72101e-04 6.69880e-04 6.67461e-04 6.64841e-04 6.62017e-04 6.58989e-04 6.55756e-04 6.52316e-04 6.48669e-04 6.44815e-04 6.40754e-04 6.36488e-04 6.32015e-04 6.27339e-04 6.22461e-04 6.17383e-04 6.12107e-04 6.06635e-04 6.00971e-04 5.95119e-04 5.89081e-04 5.82861e-04 5.76464e-04 5.69895e-04 5.63157e-04 5.56256e-04 5.49197e-04 5.41986e-04 5.34627e-04 5.27128e-04 5.19494e-04 5.11732e-04 5.03847e-04 4.95847e-04 4.87738e-04 4.79527e-04 4.71221e-04 4.62827e-04 4.54353e-04 4.45806e-04 4.37193e-04 4.28521e-04 4.19798e-04 4.11032e-04 4.02230e-04 3.93400e-04 3.84549e-04 3.75684e-04 3.66813e-04 3.57944e-04 3.49084e-04 3.40241e-04 3.31420e-04 3.22630e-04 3.13878e-04 3.05170e-04 2.96514e-04 2.87915e-04 2.79381e-04 2.70918e-04 2.62531e-04 2.54228e-04 2.46014e-04 2.37894e-04 2.29874e-04 2.21959e-04 2.14154e-04 2.06465e-04 1.98895e-04 1.91449e-04 1.84132e-04 1.76947e-04 1.69897e-04 1.62987e-04 1.56220e-04 1.49597e-04 1.43123e-04 1.36799e-04 1.30629e-04 1.24612e-04 1.18753e-04 1.13050e-04 1.07507e-04 1.02124e-04 9.69018e-05 9.18404e-05 8.69402e-05 8.22012e-05 7.76233e-05 7.32057e-05 6.89479e-05 6.48489e-05 6.09075e-05 5.71223e-05 5.34917e-05 5.00141e-05 4.66873e-05 4.35092e-05 4.04776e-05 3.75898e-05 3.48433e-05 3.22352e-05 2.97625e-05 2.74222e-05 2.52109e-05 2.31254e-05 2.11622e-05 1.93177e-05 1.75883e-05 1.59702e-05 1.44597e-05 1.30528e-05 1.17456e-05 1.05342e-05 9.41464e-06 8.38279e-06 7.43466e-06 6.56623e-06 5.77346e-06 5.05234e-06 4.39889e-06 3.80916e-06 3.27925e-06 2.80531e-06 2.38356e-06 2.01029e-06 1.68187e-06 1.39477e-06 1.14554e-06 9.30854e-07 7.47500e-07 5.92382e-07 4.62535e-07 3.55133e-07 2.67490e-07 1.97073e-07 1.41502e-07 9.85594e-08 6.61932e-08 4.25225e-08 2.58418e-08 1.46249e-08 7.52847e-09 3.39538e-09 1.25711e-09 3.36119e-10 4.76827e-11 1.22284e-12
0.600430 1.31678e-01 2.31529e-01 1.93386e-01 1.46202e-01 1.00538e-01 6.28378e-02 3.56456e-02 1.84058e-02 8.76303e-03 3.98901e-03 1.89456e-03 1.08398e-03 8.12378e-04 7.38466e-04 7.26495e-04 7.29737e-04 7.34726e-04 7.38660e-04 7.41505e-04 7.43670e-04 7.45467e-04 7.47067e-04 7.48550e-04 7.49943e-04 7.51253e-04 7.52477e-04 7.53606e-04 7.54630e-04 7.55540e-04 7.56327e-04 7.56980e-04 7.57490e-04 7.57850e-04 7.58050e-04 7.58081e-04 7.57937e-04 7.57610e-04 7.57093e-04 7.56380e-04 7.55463e-04 7.54338e-04 7.52999e-04 7.51441e-04 7.49660e-04 7.47652e-04 7.45412e-04 7.42939e-04 7.40229e-04 7.37280e-04 7.34090e-04 7.30658e-04 7.26984e-04 7.23065e-04 7.18904e-04 7.14500e-04 7.09854e-04 7.04967e-04 6.99841e-04 6.94479e-04 6.88882e-04 6.83054e-04 6.76998e-04 6.70717e-04 6.64217e-04 6.57500e-04 6.50573e-04 6.43440e-04 6.36106e-04 6.28577e-04 6.20859e-04 6.12959e-04 6.04883e-04 5.96637e-04 5.88229e-04 5.79666e-04 5.70956e-04 5.62105e-04 5.53123e-04 5.44016e-04 5.34793e-04 5.25463e-04 5.16032e-04 5.06511e-04 4.96907e-04 4.87229e-04 4.77486e-04 4.67687e-04 4.57839e-04 4.47952e-04 4.38034e-04 4.28095e-04 4.18142e-04 4.08185e-04 3.98231e-04 3.88290e-04 3.78369e-04 3.68477e-04 3.58622e-04 3.48812e-04 3.39054e-04 3.29357e-04 3.19728e-04 3.10174e-04 3.00702e-04 2.91320e-04 2.82034e-04 2.72850e-04 2.63775e-04 2.54816e-04 2.45977e-04 2.37264e-04 2.28684e-04 2.20240e-04 2.11938e-04 2.03782e-04 1.95776e-04 1.87925e-04 1.80232e-04 1.72701e-04 1.65335e-04 1.58136e-04 1.51108e-04 1.44252e-04 1.37570e-04 1.31065e-04 1.24738e-04 1.18590e-04 1.12621e-04 1.06833e-04 1.01226e-04 9.57996e-05 9.05538e-05 8.54882e-05 8.06021e-05 7.58945e-05 7.13642e-05 6.70098e-05 6.28297e-05 5.88218e-05 5.49841e-05 5.13143e-05 4.78099e-05 4.44681e-05 4.12861e-05 3.82607e-05 3.53888e-05 3.26670e-05 3.00917e-05 2.76593e-05 2.53659e-05 2.32077e-05 2.11807e-05 1.92807e-05 1.75035e-05 1.58450e-05 1.43007e-05 1.28662e-05 1.15373e-05 1.03093e-05 9.17786e-06 8.13850e-06 7.18673e-06 6.31809e-06 5.52814e-06 4.81247e-06 4.16672e-06 3.58660e-06 3.06785e-06 2.60631e-06 2.19790e-06 1.83863e-06 1.52460e-06 1.25204e-06 1.01730e-06 8.16846e-07 6.47282e-07 5.05360e-07 3.87984e-07 2.92213e-07 2.15273e-07 1.54561e-07 1.07649e-07 7.22944e-08 4.64398e-08 2.82212e-08 1.59709e-08 8.22113e-09 3.70768e-09 1.37271e-09 3.67021e-10 5.20661e-11 1.33525e-12
0.700501 1.32818e-01 2.20173e-01 1.80831e-01 1.40563e-01 1.01520e-01 6.75859e-02 4.14878e-02 2.35468e-02 1.24402e-02 6.22738e-03 3.08326e-03 1.64486e-03 1.05326e-03 8.38520e-04 7.73733e-04 7.61374e-04 7.64158e-04 7.69663e-04 7.74564e-04 7.78416e-04 7.81467e-04 7.84012e-04 7.86252e-04 7.88301e-04 7.90211e-04 7.92004e-04 7.93682e-04 7.95242e-04 7.96672e-04 7.97965e-04 7.99108e-04 8.00090e-04 8.00903e-04 8.01534e-04 8.01976e-04 8.02218e-04 8.02252e-04 8.02070e-04 8.01664e-04 8.01028e-04 8.00154e-04 7.99037e-04 7.97670e-04 7.96050e-04 7.94171e-04 7.92031e-04 7.89624e-04 7.86949e-04 7.84004e-04 7.80787e-04 7.77295e-04 7.73530e-04 7.69491e-04 7.65177e-04 7.60591e-04 7.55733e-04 7.50605e-04 7.45210e-04 7.39551e-04 7.33630e-04 7.27451e-04 7.21018e-04 7.14337e-04 7.07411e-04 7.00247e-04 6.92849e-04 6.85224e-04 6.77379e-04 6.69319e-04 6.61052e-04 6.52585e-04 6.43926e-04 6.35082e-04 6.26061e-04 6.16872e-04 6.07524e-04 5.98024e-04 5.88381e-04 5.78605e-04 5.68705e-04 5.58689e-04 5.48568e-04 5.38350e-04 5.28044e-04 5.17662e-04 5.07211e-04 4.96701e-04 4.86143e-04 4.75545e-04 4.64917e-04 4.54269e-04 4.43609e-04 4.32948e-04 4.22294e-04 4.11657e-04 4.01046e-04 3.90468e-04 3.79934e-04 3.69452e-04 3.59029e-04 3.48676e-04 3.38398e-04 3.28204e-04 3.18103e-04 3.08100e-04 2.98204e-04 2.88420e-04 2.78757e-04 2.69220e-04 2.59815e-04 2.50548e-04 2.41425e-04 2.32451e-04 2.23631e-04 2.14970e-04 2.06472e-04 1.98142e-04 1.89982e-04 1.81997e-04 1.74190e-04 1.66564e-04 1.59121e-04 1.51863e-04 1.44793e-04 1.37912e-04 1.31222e-04 1.24724e-04 1.18418e-04 1.12305e-04 1.06385e-04 1.00658e-04 9.51237e-05 8.97816e-05 8.46306e-05 7.96695e-05 7.48971e-05 7.03115e-05 6.59108e-05 6.16930e-05 5.76557e-05 5.37962e-05 5.01119e-05 4.65996e-05 4.32564e-05 4.00787e-05 3.70632e-05 3.42060e-05 3.15035e-05 2.89516e-05 2.65463e-05 2.42834e-05 2.21586e-05 2.01675e-05 1.83056e-05 1.65684e-05 1.49512e-05 1.34495e-05 1.20585e-05 1.07735e-05 9.58975e-06 8.50259e-06 7.50725e-06 6.59903e-06 5.77324e-06 5.02524e-06 4.35045e-06 3.74433e-06 3.20243e-06 2.72037e-06 2.29387e-06 1.91873e-06 1.59088e-06 1.30636e-06 1.06135e-06 8.52153e-07 6.75212e-07 5.27131e-07 4.04673e-07 3.04765e-07 2.24508e-07 1.61183e-07 1.12257e-07 7.53854e-08 4.84236e-08 2.94258e-08 1.66521e-08 8.57158e-09 3.86566e-09 1.43117e-09 3.82648e-10 5.42824e-11 1.39208e-12
0.800573 1.18748e-01 2.08019e-01 1.75481e-01 1.38514e-01 1.03315e-01 7.23520e-02 4.73182e-02 2.89023e-02 1.65672e-02 9.00961e-03 4.75875e-03 2.56051e-03 1.51655e-03 1.06396e-03 8.88120e-04 8.30323e-04 8.17814e-04 8.20249e-04 8.26254e-04 8.32180e-04 8.37197e-04 8.41358e-04 8.44892e-04 8.48003e-04 8.50825e-04 8.53434e-04 8.55868e-04 8.58141e-04 8.60253e-04 8.62199e-04 8.63967e-04 8.65547e-04 8.66927e-04 8.68096e-04 8.69041e-04 8.69753e-04 8.70221e-04 8.70436e-04 8.70389e-04 8.70071e-04 8.69476e-04 8.68596e-04 8.67426e-04 8.65959e-04 8.64192e-04 8.62119e-04 8.59739e-04 8.57047e-04 8.54042e-04 8.50722e-04 8.47086e-04 8.43134e-04 8.38867e-04 8.34285e-04 8.29391e-04 8.24185e-04 8.18671e-04 8.12851e-04 8.06731e-04 8.00313e-04 7.93602e-04 7.86604e-04 7.79324e-04 7.71769e-04 7.63944e-04 7.55856e-04 7.47513e-04 7.38922e-04 7.30091e-04 7.21029e-04 7.11743e-04 7.02243e-04 6.92537e-04 6.82636e-04 6.72547e-04 6.62282e-04 6.51850e-04 6.41260e-04 6.30524e-04 6.19652e-04 6.08653e-04 5.97539e-04 5.86320e-04 5.75007e-04 5.63610e-04 5.52140e-04 5.40608e-04 5.29024e-04 5.17399e-04 5.05744e-04 4.94069e-04 4.82384e-04 4.70701e-04 4.59028e-04 4.47376e-04 4.35756e-04 4.24176e-04 4.12647e-04 4.01177e-04 3.89777e-04 3.78455e-04 3.67219e-04 3.56079e-04 3.45042e-04 3.34117e-04 3.23312e-04 3.12634e-04 3.02089e-04 2.91686e-04 2.81430e-04 2.71329e-04 2.61387e-04 2.51611e-04 2.42006e-04 2.32578e-04 2.23330e-04 2.14267e-04 2.05394e-04 1.96713e-04 1.88229e-04 1.79944e-04 1.71860e-04 1.63982e-04 1.56309e-04 1.48845e-04 1.41590e-04 1.34545e-04 1.27711e-04 1.21089e-04 1.14679e-04 1.08479e-04 1.02491e-04 9.67117e-05 9.11416e-05 8.57788e-05 8.06216e-05 7.56681e-05 7.09161e-05 6.63630e-05 6.20062e-05 5.78428e-05 5.38696e-05 5.00833e-05 4.64802e-05 4.30568e-05 3.98090e-05 3.67328e-05 3.38240e-05 3.10781e-05 2.84907e-05 2.60573e-05 2.37729e-05 2.16329e-05 1.96323e-05 1.77661e-05 1.60294e-05 1.44171e-05 1.29240e-05 1.15450e-05 1.02750e-05 9.10886e-06 8.04144e-06 7.06765e-06 6.18242e-06 5.38074e-06 4.65766e-06 4.00828e-06 3.42780e-06 2.91151e-06 2.45479e-06 2.05313e-06 1.70216e-06 1.39763e-06 1.13540e-06 9.11537e-07 7.22211e-07 5.63784e-07 4.32783e-07 3.25915e-07 2.40075e-07 1.72351e-07 1.20028e-07 8.06011e-08 5.17719e-08 3.14594e-08 1.78024e-08 9.16344e-09 4.13249e-09 1.52993e-09 4.09048e-10 5.80271e-11 1.48811e-12
0.900645 1.15979e-01 1.98451e-01 1.67168e-01 1.34438e-01 1.02808e-01 7.44944e-02 5.10593e-02 3.30588e-02 2.02434e-02 1.17953e-02 6.63340e-03 3.70478e-03 2.16015e-03 1.40368e-03 1.06187e-03 9.22156e-04 8.73556e-04 8.62543e-04 8.65224e-04 8.71807e-04 8.78717e-04 8.84910e-04 8.90260e-04 8.94910e-04 8.99035e-04 9.02770e-04 9.06202e-04 9.09382e-04 9.12333e-04 9.15064e-04 9.17571e-04 9.19847e-04 9.21881e-04 9.23662e-04 9.25177e-04 9.26416e-04 9.27366e-04 9.28017e-04 9.28361e-04 9.28387e-04 9.28088e-04 9.27458e-04 9.26490e-04 9.25178e-04 9.23518e-04 9.21506e-04 9.19139e-04 9.16416e-04 9.13334e-04 9.09893e-04 9.06093e-04 9.01934e-04 8.97419e-04 8.92549e-04 8.87327e-04 8.81755e-04 8.75839e-04 8.69582e-04 8.62990e-04 8.56067e-04 8.48821e-04 8.41257e-04 8.33382e-04 8.25205e-04 8.16732e-04 8.07972e-04 7.98934e-04 7.89626e-04 7.80058e-04 7.70239e-04 7.60179e-04 7.49888e-04 7.39377e-04 7.28656e-04 7.17736e-04 7.06628e-04 6.95343e-04 6.83892e-04 6.72287e-04 6.60539e-04 6.48659e-04 6.36659e-04 6.24552e-04 6.12347e-04 6.00059e-04 5.87696e-04 5.75273e-04 5.62799e-04 5.50288e-04 5.37749e-04 5.25195e-04 5.12636e-04 5.00084e-04 4.87550e-04 4.75044e-04 4.62578e-04 4.50161e-04 4.37804e-04 4.25516e-04 4.13309e-04 4.01190e-04 3.89170e-04 3.77257e-04 3.65461e-04 3.53789e-04 3.42250e-04 3.30852e-04 3.19602e-04 3.08507e-04 2.97575e-04 2.86812e-04 2.76224e-04 2.65817e-04 2.55597e-04 2.45569e-04 2.35737e-04 2.26106e-04 2.16680e-04 2.07463e-04 1.98459e-04 1.89670e-04 1.81099e-04 1.72747e-04 1.64619e-04 1.56713e-04 1.49033e-04 1.41579e-04 1.34351e-04 1.27349e-04 1.20574e-04 1.14025e-04 1.07701e-04 1.01601e-04 9.57243e-05 9.00682e-05 8.46311e-05 7.94107e-05 7.44046e-05 6.96100e-05 6.50238e-05 6.06428e-05 5.64635e-05 5.24823e-05 4.86951e-05 4.50980e-05 4.16867e-05 3.84568e-05 3.54036e-05 3.25224e-05 2.98085e-05 2.72567e-05 2.48621e-05 2.26196e-05 2.05237e-05 1.85693e-05 1.67510e-05 1.50633e-05 1.35009e-05 1.20583e-05 1.07301e-05 9.51074e-06 8.39492e-06 7.37721e-06 6.45227e-06 5.61481e-06 4.85961e-06 4.18153e-06 3.57552e-06 3.03661e-06 2.55997e-06 2.14087e-06 1.77472e-06 1.45706e-06 1.18357e-06 9.50124e-07 7.52721e-07 5.87555e-07 4.50997e-07 3.39609e-07 2.50146e-07 1.79570e-07 1.25050e-07 8.39688e-08 5.39326e-08 3.27711e-08 1.85441e-08 9.54492e-09 4.30442e-09 1.59356e-09 4.26053e-10 6.04387e-11 1.54994e-12
1.000716 1.16246e-01 1.93662e-01 1.60251e-01 1.28980e-01 1.00413e-01 7.48301e-02 5.31780e-02 3.60084e-02 2.32497e-02 1.43610e-02 8.55680e-03 5.00467e-03 2.96626e-03 1.86904e-03 1.31590e-03 1.05660e-03 9.45967e-04 9.05792e-04 8.96612e-04 8.99735e-04 9.06885e-04 9.14702e-04 9.22015e-04 9.28544e-04 9.34333e-04 9.39508e-04 9.44190e-04 9.48467e-04 9.52397e-04 9.56012e-04 9.59327e-04 9.62345e-04 9.65063e-04 9.67472e-04 9.69563e-04 9.71325e-04 9.72748e-04 9.73821e-04 9.74536e-04 9.74883e-04 9.74855e-04 9.74446e-04 9.73650e-04 9.72462e-04 9.70880e-04 9.68899e-04 9.66519e-04 9.63737e-04 9.60555e-04 9.56973e-04 9.52992e-04 9.48614e-04 9.43843e-04 9.38681e-04 9.33132e-04 9.27203e-04 9.20898e-04 9.14222e-04 9.07183e-04 8.99788e-04 8.92044e-04 8.83959e-04 8.75541e-04 8.66800e-04 8.57744e-04 8.48383e-04 8.38727e-04 8.28786e-04 8.18571e-04 8.08093e-04 7.97362e-04 7.86390e-04 7.75188e-04 7.63769e-04 7.52143e-04 7.40323e-04 7.28320e-04 7.16148e-04 7.03819e-04 6.91344e-04 6.78736e-04 6.66008e-04 6.53172e-04 6.40240e-04 6.27226e-04 6.14141e-04 6.00997e-04 5.87808e-04 5.74585e-04 5.61340e-04 5.48085e-04 5.34832e-04 5.21593e-04 5.08378e-04 4.95201e-04 4.82070e-04 4.68998e-04 4.55995e-04 4.43072e-04 4.30238e-04 4.17504e-04 4.04879e-04 3.92372e-04 3.79993e-04 3.67750e-04 3.55652e-04 3.43707e-04 3.31922e-04 3.20305e-04 3.08864e-04 2.97604e-04 2.86532e-04 2.75654e-04 2.64976e-04 2.54503e-04 2.44240e-04 2.34191e-04 2.24360e-04 2.14751e-04 2.05368e-04 1.96213e-04 1.87289e-04 1.78599e-04 1.70143e-04 1.61923e-04 1.53941e-04 1.46197e-04 1.38691e-04 1.31424e-04 1.24395e-04 1.17603e-04 1.11048e-04 1.04727e-04 9.86403e-05 9.27848e-05 8.71584e-05 8.17586e-05 7.65826e-05 7.16274e-05 6.68896e-05 6.23656e-05 5.80517e-05 5.39439e-05 5.00380e-05 4.63295e-05 4.28140e-05 3.94866e-05 3.63425e-05 3.33767e-05 3.05841e-05 2.79593e-05 2.54971e-05 2.31919e-05 2.10384e-05 1.90308e-05 1.71636e-05 1.54312e-05 1.38279e-05 1.23479e-05 1.09857e-05 9.73550e-06 8.59177e-06 7.54889e-06 6.60132e-06 5.74359e-06 4.97029e-06 4.27613e-06 3.65588e-06 3.10443e-06 2.61680e-06 2.18812e-06 1.81367e-06 1.48886e-06 1.20928e-06 9.70660e-07 7.68916e-07 6.00142e-07 4.60620e-07 3.46827e-07 2.55444e-07 1.83361e-07 1.27682e-07 8.57313e-08 5.50619e-08 3.34558e-08 1.89308e-08 9.74363e-09 4.39391e-09 1.62665e-09 4.34893e-10 6.16922e-11 1.58208e-12
1.100788 1.09055e-01 1.86718e-01 1.56274e-01 1.26018e-01 9.90857e-02 7.54863e-02 5.53549e-02 3.89463e-02 2.62808e-02 1.70445e-02 1.06825e-02 6.54316e-03 3.99843e-03 2.51959e-03 1.70714e-03 1.28607e-03 1.08189e-03 9.91476e-04 9.57556e-04 9.49995e-04 9.53728e-04 9.61605e-04 9.70449e-04 9.78983e-04 9.86794e-04 9.93825e-04 1.00015e-03 1.00585e-03 1.01103e-03 1.01573e-03 1.02001e-03 1.02387e-03 1.02735e-03 1.03042e-03 1.03310e-03 1.03538e-03 1.03725e-03 1.03870e-03 1.03973e-03 1.04032e-03 1.04048e-03 1.04019e-03 1.03946e-03 1.03827e-03 1.03664e-03 1.03455e-03 1.03201e-03 1.02902e-03 1.02558e-03 1.02169e-03 1.01736e-03 1.01259e-03 1.00738e-03 1.00175e-03 9.95689e-04 9.89213e-04 9.82327e-04 9.75040e-04 9.67359e-04 9.59294e-04 9.50853e-04 9.42047e-04 9.32885e-04 9.23377e-04 9.13536e-04 9.03370e-04 8.92893e-04 8.82115e-04 8.71048e-04 8.59705e-04 8.48097e-04 8.36238e-04 8.24139e-04 8.11814e-04 7.99276e-04 7.86537e-04 7.73611e-04 7.60511e-04 7.47250e-04 7.33842e-04 7.20299e-04 7.06635e-04 6.92864e-04 6.78998e-04 6.65051e-04 6.51036e-04 6.36966e-04 6.22854e-04 6.08713e-04 5.94555e-04 5.80393e-04 5.66240e-04 5.52108e-04 5.38009e-04 5.23954e-04 5.09956e-04 4.96026e-04 4.82174e-04 4.68412e-04 4.54751e-04 4.41201e-04 4.27771e-04 4.14472e-04 4.01314e-04 3.88304e-04 3.75453e-04 3.62767e-04 3.50257e-04 3.37928e-04 3.25789e-04 3.13847e-04 3.02108e-04 2.90578e-04 2.79263e-04 2.68168e-04 2.57299e-04 2.46660e-04 2.36256e-04 2.26089e-04 2.16164e-04 2.06483e-04 1.97049e-04 1.87864e-04 1.78931e-04 1.70249e-04 1.61821e-04 1.53647e-04 1.45727e-04 1.38060e-04 1.30647e-04 1.23487e-04 1.16578e-04 1.09919e-04 1.03507e-04 9.73415e-05 9.14188e-05 8.57365e-05 8.02913e-05 7.50800e-05 7.00988e-05 6.53440e-05 6.08113e-05 5.64964e-05 5.23949e-05 4.85019e-05 4.48125e-05 4.13216e-05 3.80240e-05 3.49142e-05 3.19869e-05 2.92362e-05 2.66567e-05 2.42423e-05 2.19874e-05 1.98858e-05 1.79317e-05 1.61191e-05 1.44420e-05 1.28943e-05 1.14701e-05 1.01633e-05 8.96801e-06 7.87837e-06 6.88852e-06 5.99269e-06 5.18522e-06 4.46050e-06 3.81307e-06 3.23755e-06 2.72873e-06 2.28148e-06 1.89087e-06 1.55210e-06 1.26053e-06 1.01171e-06 8.01376e-07 6.25432e-07 4.79997e-07 3.61395e-07 2.66158e-07 1.91041e-07 1.33023e-07 8.93138e-08 5.73605e-08 3.48512e-08 1.97197e-08 1.01494e-08 4.57681e-09 1.69433e-09 4.52982e-10 6.42575e-11 1.64786e-12
1.200859 1.05604e-01 1.79330e-01 1.50875e-01 1.23232e-01 9.78782e-02 7.55978e-02 5.67035e-02 4.11604e-02 2.88403e-02 1.95042e-02 1.27714e-02 8.15871e-03 5.15733e-03 3.30139e-03 2.20993e-03 1.59956e-03 1.27595e-03 1.11500e-03 1.04210e-03 1.01468e-03 1.00951e-03 1.01443e-03 1.02335e-03 1.03335e-03 1.04312e-03 1.05219e-03 1.06042e-03 1.06782e-03 1.07447e-03 1.08044e-03 1.08580e-03 1.09058e-03 1.09483e-03 1.09856e-03 1.10178e-03 1.10449e-03 1.10670e-03 1.10840e-03 1.10960e-03 1.11029e-03 1.11046e-03 1.11012e-03 1.10926e-03 1.10789e-03 1.10601e-03 1.10361e-03 1.10070e-03 1.09729e-03 1.09338e-03 1.08897e-03 1.08408e-03 1.07870e-03 1.07284e-03 1.06652e-03 1.05974e-03 1.05252e-03 1.04485e-03 1.03675e-03 1.02823e-03 1.01931e-03 1.00998e-03 1.00028e-03 9.90193e-04 9.79750e-04 9.68957e-04 9.57828e-04 9.46375e-04 9.34611e-04 9.22551e-04 9.10206e-04 8.97592e-04 8.84721e-04 8.71607e-04 8.58265e-04 8.44707e-04 8.30949e-04 8.17005e-04 8.02888e-04 7.88613e-04 7.74193e-04 7.59643e-04 7.44978e-04 7.30210e-04 7.15354e-04 7.00425e-04 6.85434e-04 6.70398e-04 6.55328e-04 6.40238e-04 6.25142e-04 6.10053e-04 5.94983e-04 5.79946e-04 5.64953e-04 5.50017e-04 5.35151e-04 5.20366e-04 5.05673e-04 4.91084e-04 4.76610e-04 4.62261e-04 4.48048e-04 4.33981e-04 4.20069e-04 4.06323e-04 3.92750e-04 3.79359e-04 3.66160e-04 3.53159e-04 3.40364e-04 3.27782e-04 3.15420e-04 3.03284e-04 2.91380e-04 2.79714e-04 2.68290e-04 2.57113e-04 2.46187e-04 2.35516e-04 2.25104e-04 2.14952e-04 2.05064e-04 1.95442e-04 1.86086e-04 1.77000e-04 1.68182e-04 1.59634e-04 1.51355e-04 1.43345e-04 1.35604e-04 1.28130e-04 1.20922e-04 1.13977e-04 1.07294e-04 1.00870e-04 9.47026e-05 8.87878e-05 8.31224e-05 7.77029e-05 7.25250e-05 6.75846e-05 6.28772e-05 5.83980e-05 5.41422e-05 5.01044e-05 4.62796e-05 4.26621e-05 3.92463e-05 3.60265e-05 3.29968e-05 3.01512e-05 2.74836e-05 2.49878e-05 2.26577e-05 2.04870e-05 1.84694e-05 1.65985e-05 1.48680e-05 1.32717e-05 1.18032e-05 1.04562e-05 9.22458e-06 8.10215e-06 7.08281e-06 6.16057e-06 5.32952e-06 4.58384e-06 3.91785e-06 3.32599e-06 2.80284e-06 2.34310e-06 1.94167e-06 1.59359e-06 1.29406e-06 1.03851e-06 8.22505e-07 6.41854e-07 4.92553e-07 3.70814e-07 2.73072e-07 1.95988e-07 1.36458e-07 9.16142e-08 5.88344e-08 3.57449e-08 2.02245e-08 1.04088e-08 4.69363e-09 1.73753e-09 4.64523e-10 6.58938e-11 1.68981e-12
1.300931 1.13810e-01 1.82684e-01 1.46007e-01 1.16398e-01 9.27123e-02 7.25601e-02 5.54322e-02 4.12344e-02 2.98031e-02 2.09003e-02 1.42335e-02 9.45673e-03 6.18971e-03 4.05756e-03 2.72861e-03 1.93678e-03 1.48595e-03 1.24168e-03 1.11737e-03 1.06002e-03 1.03858e-03 1.03551e-03 1.04120e-03 1.05058e-03 1.06106e-03 1.07139e-03 1.08103e-03 1.08979e-03 1.09765e-03 1.10464e-03 1.11083e-03 1.11628e-03 1.12104e-03 1.12514e-03 1.12861e-03 1.13149e-03 1.13377e-03 1.13546e-03 1.13659e-03 1.13714e-03 1.13713e-03 1.13655e-03 1.13542e-03 1.13373e-03 1.13149e-03 1.12871e-03 1.12539e-03 1.12155e-03 1.11718e-03 1.11229e-03 1.10690e-03 1.10102e-03 1.09464e-03 1.08779e-03 1.08048e-03 1.07271e-03 1.06450e-03 1.05585e-03 1.04679e-03 1.03732e-03 1.02745e-03 1.01720e-03 1.00658e-03 9.95609e-04 9.84292e-04 9.72645e-04 9.60683e-04 9.48417e-04 9.35864e-04 9.23036e-04 9.09947e-04 8.96612e-04 8.83044e-04 8.69257e-04 8.55267e-04 8.41086e-04 8.26729e-04 8.12211e-04 7.97545e-04 7.82746e-04 7.67827e-04 7.52802e-04 7.37687e-04 7.22493e-04 7.07236e-04 6.91928e-04 6.76584e-04 6.61216e-04 6.45839e-04 6.30464e-04 6.15105e-04 5.99775e-04 5.84486e-04 5.69251e-04 5.54081e-04 5.38988e-04 5.23985e-04 5.09082e-04 4.94291e-04 4.79622e-04 4.65086e-04 4.50693e-04 4.36453e-04 4.22375e-04 4.08469e-04 3.94743e-04 3.81206e-04 3.67867e-04 3.54732e-04 3.41810e-04 3.29106e-04 3.16628e-04 3.04382e-04 2.92374e-04 2.80609e-04 2.69091e-04 2.57825e-04 2.46816e-04 2.36067e-04 2.25581e-04 2.15360e-04 2.05408e-04 1.95726e-04 1.86315e-04 1.77177e-04 1.68312e-04 1.59721e-04 1.51403e-04 1.43358e-04 1.35585e-04 1.28082e-04 1.20848e-04 1.13881e-04 1.07179e-04 1.00738e-04 9.45565e-05 8.86301e-05 8.29554e-05 7.75286e-05 7.23456e-05 6.74018e-05 6.26927e-05 5.82134e-05 5.39587e-05 4.99234e-05 4.61021e-05 4.24891e-05 3.90786e-05 3.58648e-05 3.28417e-05 3.00032e-05 2.73431e-05 2.48551e-05 2.25329e-05 2.03701e-05 1.83605e-05 1.64976e-05 1.47749e-05 1.31863e-05 1.17252e-05 1.03854e-05 9.16059e-06 8.04467e-06 7.03149e-06 6.11502e-06 5.28936e-06 4.54867e-06 3.88728e-06 3.29962e-06 2.78028e-06 2.32398e-06 1.92561e-06 1.58024e-06 1.28310e-06 1.02961e-06 8.15385e-07 6.36245e-07 4.88210e-07 3.67518e-07 2.70627e-07 1.94221e-07 1.35220e-07 9.07784e-08 5.82950e-08 3.54157e-08 2.00375e-08 1.03123e-08 4.64998e-09 1.72134e-09 4.60186e-10 6.52780e-11 1.67401e-12
1.401003 9.78732e-02 1.70773e-01 1.44836e-01 1.17626e-01 9.37078e-02 7.38214e-02 5.73105e-02 4.35941e-02 3.23679e-02 2.34140e-02 1.65004e-02 1.13587e-02 7.68859e-03 5.17834e-03 3.53294e-03 2.49827e-03 1.87356e-03 1.51177e-03 1.31192e-03 1.20829e-03 1.15991e-03 1.14219e-03 1.14073e-03 1.14735e-03 1.15753e-03 1.16880e-03 1.17994e-03 1.19033e-03 1.19973e-03 1.20808e-03 1.21540e-03 1.22174e-03 1.22716e-03 1.23173e-03 1.23548e-03 1.23847e-03 1.24073e-03 1.24228e-03 1.24314e-03 1.24332e-03 1.24285e-03 1.24173e-03 1.23998e-03 1.23760e-03 1.23460e-03 1.23100e-03 1.22681e-03 1.22204e-03 1.21669e-03 1.21079e-03 1.20434e-03 1.19736e-03 1.18986e-03 1.18185e-03 1.17334e-03 1.16435e-03 1.15490e-03 1.14499e-03 1.13464e-03 1.12387e-03 1.11269e-03 1.10111e-03 1.08915e-03 1.07682e-03 1.06414e-03 1.05112e-03 1.03778e-03 1.02413e-03 1.01019e-03 9.95972e-04 9.81491e-04 9.66762e-04 9.51800e-04 9.36621e-04 9.21239e-04 9.05669e-04 8.89926e-04 8.74026e-04 8.57983e-04 8.41811e-04 8.25526e-04 8.09143e-04 7.92675e-04 7.76138e-04 7.59545e-04 7.42911e-04 7.26250e-04 7.09576e-04 6.92902e-04 6.76243e-04 6.59612e-04 6.43022e-04 6.26486e-04 6.10016e-04 5.93626e-04 5.77328e-04 5.61134e-04 5.45056e-04 5.29105e-04 5.13293e-04 4.97630e-04 4.82127e-04 4.66795e-04 4.51643e-04 4.36681e-04 4.21918e-04 4.07364e-04 3.93025e-04 3.78912e-04 3.65030e-04 3.51389e-04 3.37993e-04 3.24850e-04 3.11966e-04 2.99347e-04 2.86996e-04 2.74920e-04 2.63121e-04 2.51604e-04 2.40373e-04 2.29429e-04 2.18776e-04 2.08415e-04 1.98347e-04 1.88574e-04 1.79096e-04 1.69913e-04 1.61025e-04 1.52431e-04 1.44130e-04 1.36121e-04 1.28401e-04 1.20969e-04 1.13820e-04 1.06954e-04 1.00365e-04 9.40511e-05 8.80073e-05 8.22294e-05 7.67129e-05 7.14529e-05 6.64443e-05 6.16817e-05 5.71595e-05 5.28720e-05 4.88133e-05 4.49771e-05 4.13572e-05 3.79472e-05 3.47406e-05 3.17308e-05 2.89110e-05 2.62746e-05 2.38147e-05 2.15244e-05 1.93969e-05 1.74253e-05 1.56027e-05 1.39224e-05 1.23774e-05 1.09611e-05 9.66671e-06 8.48768e-06 7.41748e-06 6.44968e-06 5.57797e-06 4.79616e-06 4.09820e-06 3.47818e-06 2.93035e-06 2.44911e-06 2.02905e-06 1.66494e-06 1.35172e-06 1.08457e-06 8.58826e-07 6.70082e-07 5.14131e-07 3.87001e-07 2.84952e-07 2.04489e-07 1.42360e-07 9.55662e-08 6.13665e-08 3.72801e-08 2.10915e-08 1.08544e-08 4.89428e-09 1.81173e-09 4.84345e-10 6.87041e-11 1.76186e-12
1.501074 1.09781e-01 1.74424e-01 1.39116e-01 1.11247e-01 8.88814e-02 7.03549e-02 5.51369e-02 4.26671e-02 3.24421e-02 2.41357e-02 1.75379e-02 1.24619e-02 8.69968e-03 6.01944e-03 4.18472e-03 2.97686e-03 2.21118e-03 1.74359e-03 1.46905e-03 1.31522e-03 1.23453e-03 1.19685e-03 1.18364e-03 1.18377e-03 1.19069e-03 1.20063e-03 1.21148e-03 1.22211e-03 1.23194e-03 1.24073e-03 1.24838e-03 1.25491e-03 1.26037e-03 1.26482e-03 1.26832e-03 1.27092e-03 1.27269e-03 1.27366e-03 1.27388e-03 1.27335e-03 1.27212e-03 1.27021e-03 1.26763e-03 1.26440e-03 1.26053e-03 1.25605e-03 1.25097e-03 1.24530e-03 1.23906e-03 1.23226e-03 1.22492e-03 1.21706e-03 1.20868e-03 1.19980e-03 1.19045e-03 1.18062e-03 1.17035e-03 1.15963e-03 1.14850e-03 1.13696e-03 1.12502e-03 1.11272e-03 1.10005e-03 1.08703e-03 1.07368e-03 1.06002e-03 1.04605e-03 1.03180e-03 1.01728e-03 1.00251e-03 9.87487e-04 9.72241e-04 9.56785e-04 9.41132e-04 9.25297e-04 9.09294e-04 8.93139e-04 8.76845e-04 8.60428e-04 8.43901e-04 8.27279e-04 8.10577e-04 7.93807e-04 7.76985e-04 7.60124e-04 7.43237e-04 7.26339e-04 7.09442e-04 6.92561e-04 6.75708e-04 6.58896e-04 6.42137e-04 6.25446e-04 6.08833e-04 5.92311e-04 5.75891e-04 5.59586e-04 5.43407e-04 5.27365e-04 5.11471e-04 4.95734e-04 4.80167e-04 4.64777e-04 4.49576e-04 4.34572e-04 4.19773e-04 4.05190e-04 3.90829e-04 3.76699e-04 3.62806e-04 3.49159e-04 3.35762e-04 3.22624e-04 3.09748e-04 2.97141e-04 2.84808e-04 2.72752e-04 2.60978e-04 2.49489e-04 2.38288e-04 2.27378e-04 2.16762e-04 2.06440e-04 1.96413e-04 1.86684e-04 1.77252e-04 1.68117e-04 1.59278e-04 1.50735e-04 1.42486e-04 1.34530e-04 1.26864e-04 1.19486e-04 1.12394e-04 1.05583e-04 9.90502e-05 9.27921e-05 8.68043e-05 8.10821e-05 7.56210e-05 7.04158e-05 6.54614e-05 6.07521e-05 5.62823e-05 5.20462e-05 4.80376e-05 4.42503e-05 4.06779e-05 3.73140e-05 3.41520e-05 3.11851e-05 2.84066e-05 2.58097e-05 2.33875e-05 2.11332e-05 1.90399e-05 1.71006e-05 1.53086e-05 1.36569e-05 1.21388e-05 1.07475e-05 9.47643e-06 8.31898e-06 7.26867e-06 6.31912e-06 5.46408e-06 4.69743e-06 4.01317e-06 3.40548e-06 2.86866e-06 2.39721e-06 1.98578e-06 1.62921e-06 1.32256e-06 1.06104e-06 8.40102e-07 6.55404e-07 5.02820e-07 3.78452e-07 2.78634e-07 1.99939e-07 1.39182e-07 9.34271e-08 5.99895e-08 3.64417e-08 2.06162e-08 1.06094e-08 4.78365e-09 1.77073e-09 4.73375e-10 6.71472e-11 1.72192e-12
1.601146 1.03258e-01 1.71422e-01 1.38936e-01 1.09913e-01 8.71340e-02 6.91554e-02 5.46856e-02 4.29035e-02 3.32507e-02 2.53426e-02 1.89341e-02 1.38588e-02 9.96523e-03 7.08525e-03 5.03397e-03 3.62619e-03 2.69383e-03 2.09708e-03 1.72790e-03 1.50772e-03 1.38218e-03 1.31516e-03 1.28336e-03 1.27211e-03 1.27237e-03 1.27864e-03 1.28765e-03 1.29748e-03 1.30707e-03 1.31584e-03 1.32351e-03 1.33000e-03 1.33529e-03 1.33943e-03 1.34248e-03 1.34450e-03 1.34557e-03 1.34573e-03 1.34505e-03 1.34357e-03 1.34132e-03 1.33835e-03 1.33466e-03 1.33031e-03 1.32529e-03 1.31965e-03 1.31339e-03 1.30653e-03 1.29911e-03 1.29112e-03 1.28259e-03 1.27354e-03 1.26399e-03 1.25394e-03 1.24342e-03 1.23245e-03 1.22103e-03 1.20919e-03 1.19694e-03 1.18430e-03 1.17128e-03 1.15790e-03 1.14417e-03 1.13011e-03 1.11574e-03 1.10106e-03 1.08611e-03 1.07088e-03 1.05539e-03 1.03967e-03 1.02372e-03 1.00756e-03 9.91209e-04 9.74673e-04 9.57971e-04 9.41116e-04 9.24124e-04 9.07008e-04 8.89782e-04 8.72462e-04 8.55061e-04 8.37592e-04 8.20070e-04 8.02509e-04 7.84922e-04 7.67322e-04 7.49724e-04 7.32139e-04 7.14582e-04 6.97065e-04 6.79601e-04 6.62203e-04 6.44882e-04 6.27651e-04 6.10523e-04 5.93508e-04 5.76618e-04 5.59865e-04 5.43259e-04 5.26811e-04 5.10533e-04 4.94433e-04 4.78522e-04 4.62809e-04 4.47303e-04 4.32014e-04 4.16950e-04 4.02119e-04 3.87529e-04 3.73187e-04 3.59100e-04 3.45275e-04 3.31718e-04 3.18435e-04 3.05431e-04 2.92711e-04 2.80279e-04 2.68139e-04 2.56296e-04 2.44751e-04 2.33508e-04 2.22569e-04 2.11935e-04 2.01608e-04 1.91588e-04 1.81876e-04 1.72471e-04 1.63374e-04 1.54582e-04 1.46095e-04 1.37911e-04 1.30028e-04 1.22442e-04 1.15151e-04 1.08151e-04 1.01439e-04 9.50103e-05 8.88610e-05 8.29861e-05 7.73806e-05 7.20392e-05 6.69566e-05 6.21267e-05 5.75438e-05 5.32017e-05 4.90939e-05 4.52140e-05 4.15553e-05 3.81111e-05 3.48745e-05 3.18386e-05 2.89962e-05 2.63403e-05 2.38639e-05 2.15596e-05 1.94205e-05 1.74394e-05 1.56091e-05 1.39226e-05 1.23729e-05 1.09530e-05 9.65616e-06 8.47547e-06 7.40431e-06 6.43613e-06 5.56450e-06 4.78313e-06 4.08588e-06 3.46676e-06 2.91994e-06 2.43979e-06 2.02084e-06 1.65782e-06 1.34565e-06 1.07947e-06 8.54622e-07 6.66680e-07 5.11433e-07 3.84909e-07 2.83370e-07 2.03326e-07 1.41532e-07 9.50000e-08 6.09968e-08 3.70521e-08 2.09609e-08 1.07864e-08 4.86337e-09 1.80021e-09 4.81248e-10 6.82633e-11 1.75053e-12
1.701218 9.95601e-02 1.66614e-01 1.36425e-01 1.08625e-01 8.59433e-02 6.81080e-02 5.41553e-02 4.30280e-02 3.39468e-02 2.64398e-02 2.02471e-02 1.52201e-02 1.12461e-02 8.20582e-03 5.96115e-03 4.36190e-03 3.26095e-03 2.52724e-03 2.05320e-03 1.75629e-03 1.57655e-03 1.47229e-03 1.41550e-03 1.38786e-03 1.37758e-03 1.37723e-03 1.38216e-03 1.38952e-03 1.39759e-03 1.40538e-03 1.41233e-03 1.41817e-03 1.42279e-03 1.42618e-03 1.42837e-03 1.42943e-03 1.42942e-03 1.42843e-03 1.42651e-03 1.42372e-03 1.42012e-03 1.41574e-03 1.41063e-03 1.40482e-03 1.39835e-03 1.39123e-03 1.38350e-03 1.37518e-03 1.36628e-03 1.35683e-03 1.34686e-03 1.33637e-03 1.32539e-03 1.31393e-03 1.30202e-03 1.28966e-03 1.27689e-03 1.26371e-03 1.25014e-03 1.23619e-03 1.22189e-03 1.20725e-03 1.19228e-03 1.17700e-03 1.16143e-03 1.14558e-03 1.12946e-03 1.11310e-03 1.09650e-03 1.07968e-03 1.06266e-03 1.04544e-03 1.02805e-03 1.01050e-03 9.92803e-04 9.74971e-04 9.57021e-04 9.38966e-04 9.20820e-04 9.02598e-04 8.84312e-04 8.65977e-04 8.47606e-04 8.29212e-04 8.10809e-04 7.92411e-04 7.74029e-04 7.55678e-04 7.37370e-04 7.19117e-04 7.00932e-04 6.82828e-04 6.64816e-04 6.46909e-04 6.29118e-04 6.11454e-04 5.93930e-04 5.76555e-04 5.59342e-04 5.42300e-04 5.25440e-04 5.08772e-04 4.92305e-04 4.76049e-04 4.60013e-04 4.44206e-04 4.28637e-04 4.13313e-04 3.98241e-04 3.83431e-04 3.68887e-04 3.54618e-04 3.40629e-04 3.26925e-04 3.13513e-04 3.00396e-04 2.87580e-04 2.75068e-04 2.62864e-04 2.50971e-04 2.39391e-04 2.28127e-04 2.17180e-04 2.06551e-04 1.96241e-04 1.86250e-04 1.76578e-04 1.67225e-04 1.58188e-04 1.49467e-04 1.41059e-04 1.32963e-04 1.25174e-04 1.17691e-04 1.10508e-04 1.03623e-04 9.70313e-05 9.07276e-05 8.47072e-05 7.89649e-05 7.34949e-05 6.82917e-05 6.33490e-05 5.86607e-05 5.42202e-05 5.00208e-05 4.60559e-05 4.23183e-05 3.88011e-05 3.54971e-05 3.23989e-05 2.94994e-05 2.67910e-05 2.42664e-05 2.19183e-05 1.97391e-05 1.77215e-05 1.58582e-05 1.41418e-05 1.25651e-05 1.11209e-05 9.80225e-06 8.60207e-06 7.51353e-06 6.52991e-06 5.64461e-06 4.85119e-06 4.14336e-06 3.51499e-06 2.96013e-06 2.47303e-06 2.04810e-06 1.67996e-06 1.36346e-06 1.09363e-06 8.65744e-07 6.75288e-07 5.17988e-07 3.89808e-07 2.86953e-07 2.05881e-07 1.43301e-07 9.61816e-08 6.17520e-08 3.75090e-08 2.12185e-08 1.09186e-08 4.92279e-09 1.82216e-09 4.87107e-10 6.90936e-11 1.77181e-12
1.801289 1.07034e-01 1.69262e-01 1.33170e-01 1.04530e-01 8.24268e-02 6.52236e-02 5.19680e-02 4.16429e-02 3.33535e-02 2.65009e-02 2.07652e-02 1.59987e-02 1.21225e-02 9.06360e-03 6.72970e-03 5.00929e-03 3.78275e-03 2.93535e-03 2.36681e-03 1.99579e-03 1.76029e-03 1.61532e-03 1.52942e-03 1.48127e-03 1.45672e-03 1.44649e-03 1.44461e-03 1.44724e-03 1.45198e-03 1.45732e-03 1.46239e-03 1.46665e-03 1.46987e-03 1.47191e-03 1.47278e-03 1.47248e-03 1.47110e-03 1.46869e-03 1.46532e-03 1.46106e-03 1.45598e-03 1.45012e-03 1.44354e-03 1.43627e-03 1.42835e-03 1.41981e-03 1.41068e-03 1.40099e-03 1.39077e-03 1.38002e-03 1.36879e-03 1.35707e-03 1.34491e-03 1.33230e-03 1.31928e-03 1.30586e-03 1.29205e-03 1.27788e-03 1.26335e-03 1.24849e-03 1.23330e-03 1.21781e-03 1.20204e-03 1.18598e-03 1.16967e-03 1.15311e-03 1.13632e-03 1.11931e-03 1.10210e-03 1.08470e-03 1.06712e-03 1.04939e-03 1.03150e-03 1.01348e-03 9.95342e-04 9.77094e-04 9.58753e-04 9.40330e-04 9.21841e-04 9.03296e-04 8.84710e-04 8.66095e-04 8.47464e-04 8.28830e-04 8.10205e-04 7.91602e-04 7.73032e-04 7.54509e-04 7.36044e-04 7.17650e-04 6.99337e-04 6.81117e-04 6.63003e-04 6.45005e-04 6.27134e-04 6.09401e-04 5.91817e-04 5.74392e-04 5.57137e-04 5.40061e-04 5.23175e-04 5.06487e-04 4.90007e-04 4.73744e-04 4.57707e-04 4.41903e-04 4.26341e-04 4.11029e-04 3.95974e-04 3.81183e-04 3.66662e-04 3.52418e-04 3.38457e-04 3.24785e-04 3.11405e-04 2.98324e-04 2.85545e-04 2.73071e-04 2.60907e-04 2.49056e-04 2.37519e-04 2.26298e-04 2.15396e-04 2.04813e-04 1.94550e-04 1.84607e-04 1.74983e-04 1.65678e-04 1.56691e-04 1.48019e-04 1.39661e-04 1.31615e-04 1.23877e-04 1.16443e-04 1.09311e-04 1.02477e-04 9.59345e-05 8.96803e-05 8.37091e-05 7.80153e-05 7.25934e-05 6.74375e-05 6.25414e-05 5.78986e-05 5.35028e-05 4.93470e-05 4.54245e-05 4.17282e-05 3.82510e-05 3.49856e-05 3.19247e-05 2.90609e-05 2.63869e-05 2.38951e-05 2.15782e-05 1.94286e-05 1.74391e-05 1.56023e-05 1.39108e-05 1.23575e-05 1.09351e-05 9.63671e-06 8.45529e-06 7.38405e-06 6.41632e-06 5.54553e-06 4.76530e-06 4.06939e-06 3.45175e-06 2.90648e-06 2.42789e-06 2.01046e-06 1.64890e-06 1.33810e-06 1.07318e-06 8.49468e-07 6.62531e-07 5.08158e-07 3.82379e-07 2.81464e-07 2.01929e-07 1.40541e-07 9.43237e-08 6.05561e-08 3.67809e-08 2.08058e-08 1.07058e-08 4.82674e-09 1.78657e-09 4.77584e-10 6.77420e-11 1.73714e-12
1.901361 1.01768e-01 1.68286e-01 1.34375e-01 1.03747e-01 8.06534e-02 6.35607e-02 5.07502e-02 4.09517e-02 3.32037e-02 2.68381e-02 2.14715e-02 1.69277e-02 1.31361e-02 1.00547e-02 7.62918e-03 5.78273e-03 4.42230e-03 3.45018e-03 2.77477e-03 2.31733e-03 2.01478e-03 1.81928e-03 1.69608e-03 1.62078e-03 1.57664e-03 1.55239e-03 1.54048e-03 1.53594e-03 1.53549e-03 1.53703e-03 1.53919e-03 1.54115e-03 1.54241e-03 1.54271e-03 1.54193e-03 1.54004e-03 1.53707e-03 1.53306e-03 1.52809e-03 1.52221e-03 1.51549e-03 1.50800e-03 1.49978e-03 1.49089e-03 1.48137e-03 1.47125e-03 1.46057e-03 1.44936e-03 1.43764e-03 1.42544e-03 1.41277e-03 1.39967e-03 1.38616e-03 1.37224e-03 1.35793e-03 1.34327e-03 1.32825e-03 1.31290e-03 1.29724e-03 1.28127e-03 1.26501e-03 1.24849e-03 1.23170e-03 1.21467e-03 1.19741e-03 1.17994e-03 1.16226e-03 1.14439e-03 1.12635e-03 1.10814e-03 1.08979e-03 1.07129e-03 1.05268e-03 1.03395e-03 1.01513e-03 9.96214e-04 9.77230e-04 9.58186e-04 9.39094e-04 9.19967e-04 9.00816e-04 8.81655e-04 8.62495e-04 8.43348e-04 8.24227e-04 8.05143e-04 7.86108e-04 7.67134e-04 7.48231e-04 7.29412e-04 7.10688e-04 6.92070e-04 6.73568e-04 6.55194e-04 6.36958e-04 6.18871e-04 6.00942e-04 5.83182e-04 5.65601e-04 5.48208e-04 5.31012e-04 5.14024e-04 4.97250e-04 4.80702e-04 4.64385e-04 4.48310e-04 4.32483e-04 4.16913e-04 4.01606e-04 3.86568e-04 3.71808e-04 3.57331e-04 3.43142e-04 3.29247e-04 3.15652e-04 3.02360e-04 2.89377e-04 2.76705e-04 2.64348e-04 2.52310e-04 2.40592e-04 2.29196e-04 2.18125e-04 2.07378e-04 1.96958e-04 1.86863e-04 1.77094e-04 1.67650e-04 1.58529e-04 1.49730e-04 1.41251e-04 1.33089e-04 1.25240e-04 1.17703e-04 1.10472e-04 1.03544e-04 9.69146e-05 9.05780e-05 8.45294e-05 7.87633e-05 7.32739e-05 6.80551e-05 6.31005e-05 5.84036e-05 5.39577e-05 4.97558e-05 4.57909e-05 4.20557e-05 3.85429e-05 3.52450e-05 3.21546e-05 2.92640e-05 2.65658e-05 2.40522e-05 2.17156e-05 1.95485e-05 1.75433e-05 1.56925e-05 1.39886e-05 1.24243e-05 1.09923e-05 9.68544e-06 8.49662e-06 7.41894e-06 6.44561e-06 5.56999e-06 4.78562e-06 4.08617e-06 3.46551e-06 2.91769e-06 2.43694e-06 2.01772e-06 1.65467e-06 1.34264e-06 1.07671e-06 8.52180e-07 6.64587e-07 5.09692e-07 3.83504e-07 2.82271e-07 2.02494e-07 1.40926e-07 9.45769e-08 6.07156e-08 3.68762e-08 2.08588e-08 1.07328e-08 4.83876e-09 1.79098e-09 4.78755e-10 6.79074e-11 1.74137e-12
2.001432 9.82551e-02 1.62050e-01 1.31186e-01 1.03303e-01 8.04102e-02 6.29416e-02 5.01805e-02 4.07481e-02 3.34412e-02 2.74690e-02 2.23972e-02 1.80299e-02 1.42994e-02 1.11840e-02 8.65933e-03 6.67918e-03 5.17556e-03 4.06807e-03 3.27464e-03 2.72007e-03 2.34081e-03 2.08648e-03 1.91907e-03 1.81098e-03 1.74272e-03 1.70079e-03 1.67593e-03 1.66188e-03 1.65438e-03 1.65061e-03 1.64867e-03 1.64735e-03 1.64587e-03 1.64377e-03 1.64079e-03 1.63682e-03 1.63181e-03 1.62579e-03 1.61881e-03 1.61092e-03 1.60218e-03 1.59267e-03 1.58244e-03 1.57154e-03 1.56002e-03 1.54793e-03 1.53530e-03 1.52217e-03 1.50856e-03 1.49450e-03 1.48001e-03 1.46512e-03 1.44985e-03 1.43421e-03 1.41823e-03 1.40191e-03 1.38529e-03 1.36837e-03 1.35116e-03 1.33369e-03 1.31596e-03 1.29800e-03 1.27981e-03 1.26141e-03 1.24281e-03 1.22403e-03 1.20508e-03 1.18596e-03 1.16670e-03 1.14730e-03 1.12778e-03 1.10816e-03 1.08843e-03 1.06862e-03 1.04874e-03 1.02880e-03 1.00881e-03 9.88788e-04 9.68739e-04 9.48677e-04 9.28616e-04 9.08566e-04 8.88540e-04 8.68549e-04 8.48604e-04 8.28718e-04 8.08901e-04 7.89164e-04 7.69519e-04 7.49976e-04 7.30547e-04 7.11241e-04 6.92071e-04 6.73044e-04 6.54174e-04 6.35467e-04 6.16936e-04 5.98589e-04 5.80436e-04 5.62486e-04 5.44748e-04 5.27230e-04 5.09942e-04 4.92892e-04 4.76087e-04 4.59535e-04 4.43245e-04 4.27223e-04 4.11476e-04 3.96011e-04 3.80834e-04 3.65951e-04 3.51368e-04 3.37090e-04 3.23122e-04 3.09469e-04 2.96135e-04 2.83123e-04 2.70437e-04 2.58079e-04 2.46052e-04 2.34358e-04 2.22999e-04 2.11975e-04 2.01287e-04 1.90935e-04 1.80919e-04 1.71237e-04 1.61889e-04 1.52873e-04 1.44186e-04 1.35826e-04 1.27789e-04 1.20072e-04 1.12671e-04 1.05582e-04 9.87990e-05 9.23182e-05 8.61335e-05 8.02394e-05 7.46297e-05 6.92980e-05 6.42378e-05 5.94423e-05 5.49044e-05 5.06169e-05 4.65724e-05 4.27635e-05 3.91825e-05 3.58217e-05 3.26733e-05 2.97294e-05 2.69823e-05 2.44239e-05 2.20466e-05 1.98423e-05 1.78033e-05 1.59218e-05 1.41903e-05 1.26010e-05 1.11465e-05 9.81953e-06 8.61273e-06 7.51904e-06 6.53150e-06 5.64332e-06 4.84787e-06 4.13871e-06 3.50958e-06 2.95439e-06 2.46728e-06 2.04259e-06 1.67486e-06 1.35887e-06 1.08961e-06 8.62310e-07 6.72424e-07 5.15658e-07 3.87961e-07 2.85530e-07 2.04819e-07 1.42535e-07 9.56509e-08 6.14019e-08 3.72913e-08 2.10928e-08 1.08528e-08 4.89274e-09 1.81091e-09 4.84076e-10 6.86613e-11 1.76069e-12
2.101504 1.09437e-01 1.71015e-01 1.30601e-01 9.86764e-02 7.57475e-02 5.90407e-02 4.69688e-02 3.82441e-02 3.16851e-02 2.64145e-02 2.19273e-02 1.80009e-02 1.45696e-02 1.16288e-02 9.17929e-03 7.20313e-03 5.65907e-03 4.48862e-03 3.62550e-03 3.00427e-03 2.56638e-03 2.26314e-03 2.05629e-03 1.91710e-03 1.82464e-03 1.76402e-03 1.72480e-03 1.69972e-03 1.68375e-03 1.67341e-03 1.66635e-03 1.66097e-03 1.65619e-03 1.65135e-03 1.64602e-03 1.63996e-03 1.63307e-03 1.62529e-03 1.61665e-03 1.60718e-03 1.59693e-03 1.58595e-03 1.57431e-03 1.56206e-03 1.54924e-03 1.53590e-03 1.52208e-03 1.50781e-03 1.49312e-03 1.47805e-03 1.46261e-03 1.44682e-03 1.43071e-03 1.41429e-03 1.39758e-03 1.38060e-03 1.36336e-03 1.34588e-03 1.32816e-03 1.31023e-03 1.29209e-03 1.27376e-03 1.25525e-03 1.23657e-03 1.21773e-03 1.19875e-03 1.17964e-03 1.16040e-03 1.14106e-03 1.12161e-03 1.10207e-03 1.08246e-03 1.06278e-03 1.04305e-03 1.02327e-03 1.00346e-03 9.83621e-04 9.63774e-04 9.43927e-04 9.24090e-04 9.04275e-04 8.84491e-04 8.64749e-04 8.45061e-04 8.25436e-04 8.05885e-04 7.86419e-04 7.67047e-04 7.47780e-04 7.28627e-04 7.09599e-04 6.90705e-04 6.71955e-04 6.53357e-04 6.34921e-04 6.16657e-04 5.98573e-04 5.80677e-04 5.62979e-04 5.45486e-04 5.28206e-04 5.11148e-04 4.94320e-04 4.77728e-04 4.61380e-04 4.45283e-04 4.29444e-04 4.13869e-04 3.98565e-04 3.83539e-04 3.68794e-04 3.54339e-04 3.40176e-04 3.26312e-04 3.12751e-04 2.99497e-04 2.86554e-04 2.73925e-04 2.61614e-04 2.49623e-04 2.37955e-04 2.26611e-04 2.15592e-04 2.04900e-04 1.94536e-04 1.84499e-04 1.74788e-04 1.65404e-04 1.56344e-04 1.47607e-04 1.39191e-04 1.31093e-04 1.23310e-04 1.15838e-04 1.08674e-04 1.01813e-04 9.52503e-05 8.89814e-05 8.30006e-05 7.73022e-05 7.18804e-05 6.67289e-05 6.18411e-05 5.72104e-05 5.28299e-05 4.86923e-05 4.47906e-05 4.11173e-05 3.76650e-05 3.44259e-05 3.13926e-05 2.85574e-05 2.59124e-05 2.34501e-05 2.11627e-05 1.90425e-05 1.70819e-05 1.52734e-05 1.36095e-05 1.20828e-05 1.06860e-05 9.41196e-06 8.25368e-06 7.20425e-06 6.25694e-06 5.40517e-06 4.64252e-06 3.96277e-06 3.35986e-06 2.82794e-06 2.36135e-06 1.95463e-06 1.60253e-06 1.30003e-06 1.04231e-06 8.24786e-07 6.43098e-07 4.93122e-07 3.70973e-07 2.73005e-07 1.95819e-07 1.36263e-07 9.14359e-08 5.86928e-08 3.56442e-08 2.01603e-08 1.03726e-08 4.67610e-09 1.73069e-09 4.62623e-10 6.56176e-11 1.68263e-12
2.201576 9.68856e-02 1.62062e-01 1.30871e-01 1.00839e-01 7.67907e-02 5.92591e-02 4.70077e-02 3.84039e-02 3.20810e-02 2.70831e-02 2.28428e-02 1.90918e-02 1.57466e-02 1.28080e-02 1.02955e-02 8.21375e-03 6.54287e-03 5.24169e-03 4.25589e-03 3.52687e-03 2.99870e-03 2.62245e-03 2.35802e-03 2.17416e-03 2.04742e-03 1.96066e-03 1.90155e-03 1.86134e-03 1.83383e-03 1.81464e-03 1.80070e-03 1.78988e-03 1.78073e-03 1.77223e-03 1.76376e-03 1.75492e-03 1.74546e-03 1.73526e-03 1.72429e-03 1.71254e-03 1.70005e-03 1.68686e-03 1.67303e-03 1.65860e-03 1.64362e-03 1.62815e-03 1.61222e-03 1.59587e-03 1.57914e-03 1.56205e-03 1.54462e-03 1.52689e-03 1.50887e-03 1.49058e-03 1.47204e-03 1.45326e-03 1.43427e-03 1.41506e-03 1.39566e-03 1.37607e-03 1.35632e-03 1.33640e-03 1.31634e-03 1.29614e-03 1.27582e-03 1.25538e-03 1.23484e-03 1.21420e-03 1.19348e-03 1.17269e-03 1.15183e-03 1.13092e-03 1.10998e-03 1.08900e-03 1.06800e-03 1.04699e-03 1.02598e-03 1.00498e-03 9.84006e-04 9.63062e-04 9.42161e-04 9.21314e-04 9.00530e-04 8.79820e-04 8.59194e-04 8.38662e-04 8.18235e-04 7.97923e-04 7.77734e-04 7.57680e-04 7.37769e-04 7.18010e-04 6.98413e-04 6.78988e-04 6.59742e-04 6.40684e-04 6.21824e-04 6.03168e-04 5.84726e-04 5.66506e-04 5.48514e-04 5.30758e-04 5.13247e-04 4.95987e-04 4.78984e-04 4.62246e-04 4.45780e-04 4.29592e-04 4.13687e-04 3.98072e-04 3.82752e-04 3.67733e-04 3.53019e-04 3.38617e-04 3.24529e-04 3.10761e-04 2.97316e-04 2.84198e-04 2.71409e-04 2.58953e-04 2.46833e-04 2.35049e-04 2.23603e-04 2.12496e-04 2.01730e-04 1.91304e-04 1.81217e-04 1.71469e-04 1.62059e-04 1.52985e-04 1.44244e-04 1.35835e-04 1.27753e-04 1.19995e-04 1.12557e-04 1.05435e-04 9.86233e-05 9.21176e-05 8.59118e-05 8.00001e-05 7.43763e-05 6.90338e-05 6.39659e-05 5.91654e-05 5.46253e-05 5.03380e-05 4.62959e-05 4.24914e-05 3.89165e-05 3.55634e-05 3.24240e-05 2.94903e-05 2.67542e-05 2.42076e-05 2.18424e-05 1.96508e-05 1.76246e-05 1.57560e-05 1.40373e-05 1.24606e-05 1.10184e-05 9.70334e-06 8.50797e-06 7.42516e-06 6.44793e-06 5.56942e-06 4.78299e-06 4.08217e-06 3.46070e-06 2.91249e-06 2.43169e-06 2.01265e-06 1.64994e-06 1.33837e-06 1.07296e-06 8.48966e-07 6.61900e-07 5.07503e-07 3.81766e-07 2.80931e-07 2.01492e-07 1.40203e-07 9.40758e-08 6.03848e-08 3.66704e-08 2.07400e-08 1.06706e-08 4.81032e-09 1.78033e-09 4.75886e-10 6.74981e-11 1.73084e-12
2.301647 1.03209e-01 1.65132e-01 1.28827e-01 9.78741e-02 7.41634e-02 5.68624e-02 4.48885e-02 3.67365e-02 3.09458e-02 2.64564e-02 2.26523e-02 1.92471e-02 1.61509e-02 1.33676e-02 1.09280e-02 8.85478e-03 7.14779e-03 5.78433e-03 4.72505e-03 3.92204e-03 3.32589e-03 2.89080e-03 2.57749e-03 2.35412e-03 2.19599e-03 2.08455e-03 2.00615e-03 1.95090e-03 1.91163e-03 1.88323e-03 1.86202e-03 1.84541e-03 1.83156e-03 1.81919e-03 1.80746e-03 1.79578e-03 1.78382e-03 1.77135e-03 1.75826e-03 1.74453e-03 1.73014e-03 1.71512e-03 1.69952e-03 1.68337e-03 1.66673e-03 1.64964e-03 1.63215e-03 1.61428e-03 1.59607e-03 1.57756e-03 1.55877e-03 1.53972e-03 1.52044e-03 1.50094e-03 1.48123e-03 1.46134e-03 1.44128e-03 1.42106e-03 1.40069e-03 1.38019e-03 1.35956e-03 1.33881e-03 1.31796e-03 1.29701e-03 1.27598e-03 1.25487e-03 1.23370e-03 1.21247e-03 1.19119e-03 1.16987e-03 1.14852e-03 1.12714e-03 1.10576e-03 1.08438e-03 1.06301e-03 1.04165e-03 1.02032e-03 9.99031e-04 9.77787e-04 9.56600e-04 9.35480e-04 9.14435e-04 8.93478e-04 8.72616e-04 8.51860e-04 8.31218e-04 8.10702e-04 7.90319e-04 7.70078e-04 7.49990e-04 7.30062e-04 7.10304e-04 6.90723e-04 6.71328e-04 6.52127e-04 6.33128e-04 6.14339e-04 5.95766e-04 5.77418e-04 5.59300e-04 5.41421e-04 5.23787e-04 5.06404e-04 4.89279e-04 4.72418e-04 4.55826e-04 4.39510e-04 4.23475e-04 4.07727e-04 3.92271e-04 3.77111e-04 3.62253e-04 3.47702e-04 3.33461e-04 3.19535e-04 3.05927e-04 2.92642e-04 2.79681e-04 2.67049e-04 2.54748e-04 2.42779e-04 2.31145e-04 2.19847e-04 2.08886e-04 1.98262e-04 1.87976e-04 1.78026e-04 1.68413e-04 1.59135e-04 1.50189e-04 1.41575e-04 1.33288e-04 1.25327e-04 1.17686e-04 1.10363e-04 1.03353e-04 9.66503e-05 9.02504e-05 8.41476e-05 7.83358e-05 7.28088e-05 6.75601e-05 6.25829e-05 5.78700e-05 5.34143e-05 4.92082e-05 4.52442e-05 4.15146e-05 3.80114e-05 3.47267e-05 3.16526e-05 2.87809e-05 2.61037e-05 2.36128e-05 2.13003e-05 1.91582e-05 1.71786e-05 1.53535e-05 1.36754e-05 1.21366e-05 1.07295e-05 9.44681e-06 8.28127e-06 7.22582e-06 6.27356e-06 5.41776e-06 4.65188e-06 3.96956e-06 3.36464e-06 2.83118e-06 2.36342e-06 1.95585e-06 1.60315e-06 1.30023e-06 1.04225e-06 8.24567e-07 6.42803e-07 4.92808e-07 3.70674e-07 2.72743e-07 1.95603e-07 1.36094e-07 9.13121e-08 5.86071e-08 3.55888e-08 2.01273e-08 1.03549e-08 4.66783e-09 1.72754e-09 4.61766e-10 6.54944e-11 1.67945e-12
2.401719 1.06092e-01 1.67731e-01 1.28621e-01 9.60539e-02 7.19328e-02 5.47308e-02 4.30184e-02 3.52149e-02 2.98403e-02 2.57867e-02 2.23838e-02 1.93108e-02 1.64643e-02 1.38482e-02 1.15014e-02 9.45919e-03 7.73703e-03 6.32785e-03 5.20629e-03 4.33544e-03 3.67349e-03 3.17907e-03 2.81484e-03 2.54921e-03 2.35681e-03 2.21800e-03 2.11793e-03 2.04560e-03 1.99292e-03 1.95398e-03 1.92446e-03 1.90126e-03 1.88213e-03 1.86547e-03 1.85019e-03 1.83553e-03 1.82098e-03 1.80623e-03 1.79108e-03 1.77544e-03 1.75927e-03 1.74256e-03 1.72534e-03 1.70763e-03 1.68949e-03 1.67094e-03 1.65202e-03 1.63279e-03 1.61326e-03 1.59347e-03 1.57345e-03 1.55322e-03 1.53280e-03 1.51221e-03 1.49147e-03 1.47058e-03 1.44957e-03 1.42845e-03 1.40722e-03 1.38590e-03 1.36449e-03 1.34301e-03 1.32146e-03 1.29986e-03 1.27821e-03 1.25651e-03 1.23478e-03 1.21303e-03 1.19126e-03 1.16948e-03 1.14770e-03 1.12593e-03 1.10417e-03 1.08244e-03 1.06074e-03 1.03908e-03 1.01747e-03 9.95926e-04 9.74447e-04 9.53046e-04 9.31732e-04 9.10514e-04 8.89401e-04 8.68403e-04 8.47528e-04 8.26786e-04 8.06185e-04 7.85734e-04 7.65441e-04 7.45316e-04 7.25366e-04 7.05599e-04 6.86023e-04 6.66646e-04 6.47474e-04 6.28516e-04 6.09778e-04 5.91266e-04 5.72988e-04 5.54948e-04 5.37154e-04 5.19612e-04 5.02326e-04 4.85303e-04 4.68548e-04 4.52065e-04 4.35861e-04 4.19940e-04 4.04306e-04 3.88965e-04 3.73921e-04 3.59177e-04 3.44739e-04 3.30610e-04 3.16794e-04 3.03294e-04 2.90114e-04 2.77256e-04 2.64724e-04 2.52519e-04 2.40645e-04 2.29101e-04 2.17891e-04 2.07015e-04 1.96473e-04 1.86266e-04 1.76393e-04 1.66853e-04 1.57646e-04 1.48769e-04 1.40221e-04 1.31998e-04 1.24099e-04 1.16518e-04 1.09253e-04 1.02299e-04 9.56507e-05 8.93035e-05 8.32517e-05 7.74893e-05 7.20102e-05 6.68078e-05 6.18753e-05 5.72058e-05 5.27919e-05 4.86262e-05 4.47011e-05 4.10089e-05 3.75416e-05 3.42913e-05 3.12501e-05 2.84099e-05 2.57626e-05 2.33003e-05 2.10147e-05 1.88981e-05 1.69425e-05 1.51401e-05 1.34832e-05 1.19641e-05 1.05754e-05 9.30972e-06 8.15991e-06 7.11893e-06 6.17991e-06 5.33619e-06 4.58125e-06 3.90881e-06 3.31276e-06 2.78721e-06 2.32647e-06 1.92507e-06 1.57777e-06 1.27953e-06 1.02556e-06 8.11299e-07 6.32411e-07 4.84805e-07 3.64630e-07 2.68278e-07 1.92390e-07 1.33852e-07 8.98030e-08 5.76360e-08 3.49977e-08 1.97923e-08 1.01823e-08 4.58991e-09 1.69867e-09 4.54042e-10 6.43983e-11 1.65133e-12
2.501790 9.64713e-02 1.61331e-01 1.29230e-01 9.75834e-02 7.23920e-02 5.44891e-02 4.26066e-02 3.49082e-02 2.97529e-02 2.59586e-02 2.28102e-02 1.99538e-02 1.72658e-02 1.47432e-02 1.24288e-02 1.03682e-02 8.58997e-03 7.10086e-03 5.88789e-03 4.92416e-03 4.17495e-03 3.60309e-03 3.17294e-03 2.85295e-03 2.61668e-03 2.44301e-03 2.31551e-03 2.22171e-03 2.15226e-03 2.10019e-03 2.06036e-03 2.02897e-03 2.00326e-03 1.98123e-03 1.96147e-03 1.94297e-03 1.92506e-03 1.90728e-03 1.88936e-03 1.87111e-03 1.85246e-03 1.83335e-03 1.81380e-03 1.79382e-03 1.77344e-03 1.75269e-03 1.73162e-03 1.71026e-03 1.68864e-03 1.66679e-03 1.64475e-03 1.62254e-03 1.60018e-03 1.57769e-03 1.55508e-03 1.53238e-03 1.50959e-03 1.48674e-03 1.46381e-03 1.44084e-03 1.41782e-03 1.39477e-03 1.37169e-03 1.34859e-03 1.32548e-03 1.30236e-03 1.27924e-03 1.25613e-03 1.23304e-03 1.20996e-03 1.18692e-03 1.16391e-03 1.14095e-03 1.11804e-03 1.09519e-03 1.07242e-03 1.04971e-03 1.02710e-03 1.00457e-03 9.82154e-04 9.59846e-04 9.37660e-04 9.15603e-04 8.93686e-04 8.71916e-04 8.50303e-04 8.28856e-04 8.07582e-04 7.86491e-04 7.65591e-04 7.44890e-04 7.24394e-04 7.04113e-04 6.84053e-04 6.64221e-04 6.44624e-04 6.25267e-04 6.06158e-04 5.87303e-04 5.68705e-04 5.50372e-04 5.32308e-04 5.14518e-04 4.97008e-04 4.79780e-04 4.62841e-04 4.46194e-04 4.29844e-04 4.13795e-04 3.98050e-04 3.82614e-04 3.67491e-04 3.52683e-04 3.38195e-04 3.24030e-04 3.10190e-04 2.96680e-04 2.83502e-04 2.70659e-04 2.58152e-04 2.45984e-04 2.34156e-04 2.22670e-04 2.11527e-04 2.00727e-04 1.90271e-04 1.80157e-04 1.70387e-04 1.60957e-04 1.51867e-04 1.43114e-04 1.34696e-04 1.26610e-04 1.18852e-04 1.11418e-04 1.04303e-04 9.75028e-05 9.10119e-05 8.48245e-05 7.89346e-05 7.33356e-05 6.80209e-05 6.29834e-05 5.82158e-05 5.37105e-05 4.94600e-05 4.54562e-05 4.16911e-05 3.81566e-05 3.48445e-05 3.17464e-05 2.88540e-05 2.61590e-05 2.36531e-05 2.13279e-05 1.91754e-05 1.71872e-05 1.53553e-05 1.36718e-05 1.21289e-05 1.07188e-05 9.43407e-06 8.26728e-06 7.21122e-06 6.25887e-06 5.40340e-06 4.63815e-06 3.95670e-06 3.35281e-06 2.82047e-06 2.35388e-06 1.94748e-06 1.59592e-06 1.29408e-06 1.03710e-06 8.20333e-07 6.39383e-07 4.90100e-07 3.68577e-07 2.71159e-07 1.94440e-07 1.35268e-07 9.07469e-08 5.82382e-08 3.53615e-08 1.99971e-08 1.02872e-08 4.63704e-09 1.71607e-09 4.58683e-10 6.50556e-11 1.66818e-12
2.601862 1.06482e-01 1.65571e-01 1.25929e-01 9.38674e-02 6.96005e-02 5.21218e-02 4.05208e-02 3.31871e-02 2.84484e-02 2.50604e-02 2.22790e-02 1.97393e-02 1.73109e-02 1.49864e-02 1.28082e-02 1.08268e-02 9.07939e-03 7.58375e-03 6.33849e-03 5.32739e-03 4.52452e-03 3.89914e-03 3.41970e-03 3.05667e-03 2.78424e-03 2.58094e-03 2.42962e-03 2.31689e-03 2.23249e-03 2.16864e-03 2.11952e-03 2.08076e-03 2.04916e-03 2.02236e-03 1.99866e-03 1.97687e-03 1.95612e-03 1.93587e-03 1.91573e-03 1.89546e-03 1.87494e-03 1.85408e-03 1.83287e-03 1.81130e-03 1.78939e-03 1.76716e-03 1.74466e-03 1.72192e-03 1.69896e-03 1.67582e-03 1.65253e-03 1.62911e-03 1.60559e-03 1.58199e-03 1.55831e-03 1.53459e-03 1.51083e-03 1.48704e-03 1.46323e-03 1.43942e-03 1.41560e-03 1.39179e-03 1.36800e-03 1.34423e-03 1.32048e-03 1.29677e-03 1.27310e-03 1.24947e-03 1.22588e-03 1.20236e-03 1.17890e-03 1.15550e-03 1.13218e-03 1.10894e-03 1.08579e-03 1.06273e-03 1.03978e-03 1.01693e-03 9.94210e-04 9.71613e-04 9.49151e-04 9.26834e-04 9.04668e-04 8.82663e-04 8.60827e-04 8.39168e-04 8.17696e-04 7.96417e-04 7.75341e-04 7.54474e-04 7.33825e-04 7.13400e-04 6.93206e-04 6.73250e-04 6.53539e-04 6.34078e-04 6.14872e-04 5.95927e-04 5.77249e-04 5.58840e-04 5.40707e-04 5.22853e-04 5.05282e-04 4.87997e-04 4.71003e-04 4.54302e-04 4.37898e-04 4.21794e-04 4.05993e-04 3.90499e-04 3.75313e-04 3.60440e-04 3.45881e-04 3.31640e-04 3.17719e-04 3.04121e-04 2.90848e-04 2.77903e-04 2.65288e-04 2.53005e-04 2.41056e-04 2.29442e-04 2.18164e-04 2.07223e-04 1.96620e-04 1.86354e-04 1.76426e-04 1.66835e-04 1.57580e-04 1.48658e-04 1.40069e-04 1.31809e-04 1.23875e-04 1.16264e-04 1.08972e-04 1.01994e-04 9.53265e-05 8.89630e-05 8.28983e-05 7.71263e-05 7.16408e-05 6.64349e-05 6.15018e-05 5.68341e-05 5.24245e-05 4.82652e-05 4.43485e-05 4.06664e-05 3.72108e-05 3.39734e-05 3.09462e-05 2.81208e-05 2.54889e-05 2.30425e-05 2.07731e-05 1.86728e-05 1.67335e-05 1.49471e-05 1.33059e-05 1.18021e-05 1.04282e-05 9.17666e-06 8.04035e-06 7.01214e-06 6.08512e-06 5.25259e-06 4.50804e-06 3.84516e-06 3.25785e-06 2.74023e-06 2.28663e-06 1.89161e-06 1.54996e-06 1.25668e-06 1.00702e-06 7.96463e-07 6.20722e-07 4.75755e-07 3.57761e-07 2.63182e-07 1.88706e-07 1.31271e-07 8.80605e-08 5.65112e-08 3.43113e-08 1.94024e-08 9.98090e-09 4.49886e-09 1.66489e-09 4.44996e-10 6.31136e-11 1.61837e-12
2.701934 1.01066e-01 1.65024e-01 1.28390e-01 9.42889e-02 6.86096e-02 5.08771e-02 3.93681e-02 3.22024e-02 2.76932e-02 2.45789e-02 2.20781e-02 1.97945e-02 1.75802e-02 1.54196e-02 1.33535e-02 1.14349e-02 9.70724e-03 8.19679e-03 6.91172e-03 5.84530e-03 4.98000e-03 4.29172e-03 3.75349e-03 3.33839e-03 3.02162e-03 2.78168e-03 2.60069e-03 2.46431e-03 2.36125e-03 2.28279e-03 2.22224e-03 2.17454e-03 2.13587e-03 2.10344e-03 2.07516e-03 2.04957e-03 2.02560e-03 2.00253e-03 1.97987e-03 1.95731e-03 1.93464e-03 1.91176e-03 1.88860e-03 1.86515e-03 1.84141e-03 1.81741e-03 1.79316e-03 1.76870e-03 1.74407e-03 1.71929e-03 1.69439e-03 1.66940e-03 1.64434e-03 1.61923e-03 1.59410e-03 1.56895e-03 1.54381e-03 1.51868e-03 1.49357e-03 1.46850e-03 1.44347e-03 1.41849e-03 1.39356e-03 1.36869e-03 1.34388e-03 1.31914e-03 1.29448e-03 1.26989e-03 1.24539e-03 1.22097e-03 1.19665e-03 1.17243e-03 1.14830e-03 1.12429e-03 1.10039e-03 1.07661e-03 1.05296e-03 1.02945e-03 1.00607e-03 9.82852e-04 9.59787e-04 9.36888e-04 9.14163e-04 8.91620e-04 8.69269e-04 8.47116e-04 8.25170e-04 8.03440e-04 7.81932e-04 7.60656e-04 7.39618e-04 7.18825e-04 6.98284e-04 6.78001e-04 6.57982e-04 6.38232e-04 6.18758e-04 5.99562e-04 5.80650e-04 5.62025e-04 5.43692e-04 5.25652e-04 5.07910e-04 4.90467e-04 4.73327e-04 4.56492e-04 4.39964e-04 4.23745e-04 4.07837e-04 3.92243e-04 3.76964e-04 3.62003e-04 3.47362e-04 3.33042e-04 3.19046e-04 3.05377e-04 2.92035e-04 2.79023e-04 2.66343e-04 2.53997e-04 2.41986e-04 2.30311e-04 2.18974e-04 2.07976e-04 1.97317e-04 1.86997e-04 1.77016e-04 1.67374e-04 1.58069e-04 1.49101e-04 1.40466e-04 1.32162e-04 1.24188e-04 1.16538e-04 1.09210e-04 1.02199e-04 9.54994e-05 8.91071e-05 8.30159e-05 7.72198e-05 7.17125e-05 6.64871e-05 6.15367e-05 5.68538e-05 5.24309e-05 4.82603e-05 4.43340e-05 4.06439e-05 3.71817e-05 3.39392e-05 3.09081e-05 2.80799e-05 2.54463e-05 2.29989e-05 2.07294e-05 1.86295e-05 1.66912e-05 1.49063e-05 1.32669e-05 1.17652e-05 1.03936e-05 9.14451e-06 8.01073e-06 6.98507e-06 6.06059e-06 5.23055e-06 4.48840e-06 3.82782e-06 3.24267e-06 2.72707e-06 2.27534e-06 1.88202e-06 1.54190e-06 1.25000e-06 1.00155e-06 7.92052e-07 6.17221e-07 4.73026e-07 3.55676e-07 2.61626e-07 1.87576e-07 1.30475e-07 8.75211e-08 5.61617e-08 3.40973e-08 1.92805e-08 9.91780e-09 4.47027e-09 1.65427e-09 4.42147e-10 6.27088e-11 1.60798e-12
2.802005 9.86649e-02 1.59997e-01 1.25418e-01 9.37941e-02 6.84987e-02 5.04099e-02 3.87666e-02 3.17014e-02 2.73812e-02 2.44814e-02 2.21984e-02 2.01184e-02 1.80769e-02 1.60480e-02 1.40686e-02 1.21931e-02 1.04703e-02 8.93345e-03 7.59896e-03 6.46844e-03 5.53210e-03 4.77230e-03 4.16684e-03 3.69179e-03 3.32369e-03 3.04117e-03 2.82570e-03 2.66191e-03 2.53735e-03 2.44216e-03 2.36863e-03 2.31085e-03 2.26430e-03 2.22558e-03 2.19220e-03 2.16234e-03 2.13469e-03 2.10836e-03 2.08273e-03 2.05738e-03 2.03207e-03 2.00663e-03 1.98099e-03 1.95510e-03 1.92897e-03 1.90259e-03 1.87601e-03 1.84923e-03 1.82231e-03 1.79527e-03 1.76814e-03 1.74095e-03 1.71373e-03 1.68650e-03 1.65928e-03 1.63209e-03 1.60494e-03 1.57785e-03 1.55082e-03 1.52388e-03 1.49702e-03 1.47026e-03 1.44359e-03 1.41703e-03 1.39058e-03 1.36424e-03 1.33802e-03 1.31191e-03 1.28593e-03 1.26008e-03 1.23436e-03 1.20877e-03 1.18332e-03 1.15801e-03 1.13286e-03 1.10785e-03 1.08301e-03 1.05834e-03 1.03383e-03 1.00951e-03 9.85379e-04 9.61441e-04 9.37707e-04 9.14184e-04 8.90882e-04 8.67808e-04 8.44970e-04 8.22377e-04 8.00037e-04 7.77956e-04 7.56144e-04 7.34606e-04 7.13349e-04 6.92380e-04 6.71703e-04 6.51324e-04 6.31248e-04 6.11479e-04 5.92020e-04 5.72874e-04 5.54044e-04 5.35533e-04 5.17341e-04 4.99472e-04 4.81926e-04 4.64704e-04 4.47807e-04 4.31237e-04 4.14994e-04 3.99079e-04 3.83493e-04 3.68237e-04 3.53313e-04 3.38721e-04 3.24462e-04 3.10538e-04 2.96951e-04 2.83701e-04 2.70791e-04 2.58221e-04 2.45993e-04 2.34108e-04 2.22567e-04 2.11371e-04 2.00520e-04 1.90015e-04 1.79855e-04 1.70039e-04 1.60567e-04 1.51438e-04 1.42649e-04 1.34197e-04 1.26081e-04 1.18297e-04 1.10840e-04 1.03706e-04 9.68910e-05 9.03890e-05 8.41945e-05 7.83011e-05 7.27024e-05 6.73915e-05 6.23611e-05 5.76037e-05 5.31115e-05 4.88767e-05 4.48908e-05 4.11458e-05 3.76331e-05 3.43442e-05 3.12704e-05 2.84033e-05 2.57342e-05 2.32545e-05 2.09557e-05 1.88293e-05 1.68670e-05 1.50605e-05 1.34017e-05 1.18827e-05 1.04956e-05 9.23273e-06 8.08669e-06 7.05020e-06 6.11617e-06 5.27774e-06 4.52825e-06 3.86127e-06 3.27058e-06 2.75019e-06 2.29435e-06 1.89752e-06 1.55443e-06 1.26002e-06 1.00948e-06 7.98243e-07 6.21989e-07 4.76639e-07 3.58364e-07 2.63584e-07 1.88967e-07 1.31434e-07 8.81590e-08 5.65681e-08 3.43424e-08 1.94183e-08 9.98833e-09 4.50192e-09 1.66594e-09 4.45260e-10 6.31495e-11 1.61927e-12
2.902077 1.04945e-01 1.65088e-01 1.25081e-01 9.10353e-02 6.57414e-02 4.81391e-02 3.68403e-02 3.00575e-02 2.60330e-02 2.34362e-02 2.14451e-02 1.96361e-02 1.78380e-02 1.60180e-02 1.42073e-02 1.24580e-02 1.08193e-02 9.32860e-03 8.00808e-03 6.86641e-03 5.90119e-03 5.10191e-03 4.45250e-03 3.93373e-03 3.52529e-03 3.20749e-03 2.96240e-03 2.77449e-03 2.63076e-03 2.52062e-03 2.43561e-03 2.36907e-03 2.31586e-03 2.27205e-03 2.23472e-03 2.20172e-03 2.17150e-03 2.14298e-03 2.11541e-03 2.08830e-03 2.06133e-03 2.03431e-03 2.00714e-03 1.97975e-03 1.95214e-03 1.92431e-03 1.89628e-03 1.86809e-03 1.83977e-03 1.81135e-03 1.78287e-03 1.75435e-03 1.72583e-03 1.69733e-03 1.66888e-03 1.64049e-03 1.61219e-03 1.58398e-03 1.55588e-03 1.52790e-03 1.50005e-03 1.47234e-03 1.44477e-03 1.41735e-03 1.39008e-03 1.36297e-03 1.33601e-03 1.30922e-03 1.28258e-03 1.25611e-03 1.22981e-03 1.20368e-03 1.17772e-03 1.15194e-03 1.12634e-03 1.10092e-03 1.07569e-03 1.05066e-03 1.02582e-03 1.00120e-03 9.76782e-04 9.52588e-04 9.28621e-04 9.04890e-04 8.81401e-04 8.58163e-04 8.35184e-04 8.12471e-04 7.90034e-04 7.67878e-04 7.46012e-04 7.24442e-04 7.03175e-04 6.82215e-04 6.61570e-04 6.41243e-04 6.21239e-04 6.01560e-04 5.82211e-04 5.63192e-04 5.44506e-04 5.26154e-04 5.08137e-04 4.90454e-04 4.73107e-04 4.56095e-04 4.39417e-04 4.23074e-04 4.07064e-04 3.91387e-04 3.76043e-04 3.61032e-04 3.46352e-04 3.32005e-04 3.17991e-04 3.04310e-04 2.90962e-04 2.77949e-04 2.65271e-04 2.52929e-04 2.40924e-04 2.29256e-04 2.17927e-04 2.06937e-04 1.96286e-04 1.85975e-04 1.76004e-04 1.66371e-04 1.57077e-04 1.48119e-04 1.39496e-04 1.31205e-04 1.23244e-04 1.15610e-04 1.08298e-04 1.01305e-04 9.46249e-05 8.82536e-05 8.21849e-05 7.64129e-05 7.09310e-05 6.57323e-05 6.08098e-05 5.61559e-05 5.17629e-05 4.76228e-05 4.37276e-05 4.00690e-05 3.66385e-05 3.34277e-05 3.04281e-05 2.76312e-05 2.50283e-05 2.26109e-05 2.03707e-05 1.82993e-05 1.63883e-05 1.46297e-05 1.30155e-05 1.15377e-05 1.01886e-05 8.96082e-06 7.84694e-06 6.83982e-06 5.93252e-06 5.11831e-06 4.39068e-06 3.74331e-06 3.17013e-06 2.66529e-06 2.22317e-06 1.83839e-06 1.50577e-06 1.22041e-06 9.77618e-07 7.72953e-07 6.02212e-07 4.61433e-07 3.46895e-07 2.55123e-07 1.82885e-07 1.27193e-07 8.53081e-08 5.47350e-08 3.32275e-08 1.87869e-08 9.66310e-09 4.35516e-09 1.61158e-09 4.30721e-10 6.10865e-11 1.56636e-12
3.002149 9.89265e-02 1.60594e-01 1.24822e-01 9.15101e-02 6.56294e-02 4.76442e-02 3.62727e-02 2.95403e-02 2.56242e-02 2.31845e-02 2.13806e-02 1.97626e-02 1.81390e-02 1.64649e-02 1.47663e-02 1.30934e-02 1.14969e-02 1.00171e-02 8.68099e-03 7.50288e-03 6.48649e-03 5.62741e-03 4.91524e-03 4.33542e-03 3.87098e-03 3.50416e-03 3.21774e-03 2.99606e-03 2.82541e-03 2.69426e-03 2.59313e-03 2.51438e-03 2.45196e-03 2.40120e-03 2.35855e-03 2.32138e-03 2.28776e-03 2.25636e-03 2.22623e-03 2.19674e-03 2.16749e-03 2.13824e-03 2.10884e-03 2.07922e-03 2.04936e-03 2.01926e-03 1.98894e-03 1.95845e-03 1.92781e-03 1.89707e-03 1.86627e-03 1.83544e-03 1.80462e-03 1.77384e-03 1.74313e-03 1.71251e-03 1.68200e-03 1.65163e-03 1.62140e-03 1.59134e-03 1.56145e-03 1.53174e-03 1.50222e-03 1.47290e-03 1.44377e-03 1.41484e-03 1.38612e-03 1.35761e-03 1.32931e-03 1.30121e-03 1.27333e-03 1.24566e-03 1.21820e-03 1.19096e-03 1.16395e-03 1.13715e-03 1.11058e-03 1.08424e-03 1.05813e-03 1.03226e-03 1.00664e-03 9.81272e-04 9.56162e-04 9.31319e-04 9.06750e-04 8.82462e-04 8.58464e-04 8.34764e-04 8.11370e-04 7.88290e-04 7.65530e-04 7.43099e-04 7.21002e-04 6.99246e-04 6.77836e-04 6.56777e-04 6.36072e-04 6.15725e-04 5.95738e-04 5.76112e-04 5.56849e-04 5.37949e-04 5.19411e-04 5.01235e-04 4.83419e-04 4.65962e-04 4.48862e-04 4.32117e-04 4.15724e-04 3.99682e-04 3.83989e-04 3.68643e-04 3.53643e-04 3.38987e-04 3.24675e-04 3.10705e-04 2.97078e-04 2.83793e-04 2.70850e-04 2.58251e-04 2.45994e-04 2.34082e-04 2.22514e-04 2.11291e-04 2.00413e-04 1.89881e-04 1.79694e-04 1.69852e-04 1.60354e-04 1.51200e-04 1.42387e-04 1.33913e-04 1.25776e-04 1.17973e-04 1.10499e-04 1.03351e-04 9.65236e-05 9.00119e-05 8.38101e-05 7.79121e-05 7.23112e-05 6.70004e-05 6.19725e-05 5.72199e-05 5.27345e-05 4.85082e-05 4.45327e-05 4.07994e-05 3.72998e-05 3.40250e-05 3.09663e-05 2.81149e-05 2.54620e-05 2.29988e-05 2.07166e-05 1.86069e-05 1.66611e-05 1.48708e-05 1.32279e-05 1.17241e-05 1.03517e-05 9.10296e-06 7.97027e-06 6.94636e-06 6.02412e-06 5.19666e-06 4.45732e-06 3.79966e-06 3.21747e-06 2.70478e-06 2.25587e-06 1.86522e-06 1.52759e-06 1.23797e-06 9.91595e-07 7.83934e-07 6.10716e-07 4.67911e-07 3.51738e-07 2.58666e-07 1.85412e-07 1.28943e-07 8.64768e-08 5.54820e-08 3.36794e-08 1.90416e-08 9.79377e-09 4.41393e-09 1.63329e-09 4.36515e-10 6.19074e-11 1.58739e-12
3.102220 9.73778e-02 1.57914e-01 1.22947e-01 9.04589e-02 6.48401e-02 4.68272e-02 3.54490e-02 2.88052e-02 2.50390e-02 2.27781e-02 2.11660e-02 1.97406e-02 1.82973e-02 1.67806e-02 1.52092e-02 1.36304e-02 1.20949e-02 1.06454e-02 9.31230e-03 8.11446e-03 7.06068e-03 6.15203e-03 5.38356e-03 4.74577e-03 4.22581e-03 3.80879e-03 3.47906e-03 3.22143e-03 3.02190e-03 2.86817e-03 2.74981e-03 2.65815e-03 2.58620e-03 2.52843e-03 2.48059e-03 2.43949e-03 2.40278e-03 2.36880e-03 2.33639e-03 2.30477e-03 2.27345e-03 2.24211e-03 2.21059e-03 2.17878e-03 2.14667e-03 2.11425e-03 2.08157e-03 2.04866e-03 2.01557e-03 1.98234e-03 1.94904e-03 1.91570e-03 1.88237e-03 1.84908e-03 1.81588e-03 1.78279e-03 1.74985e-03 1.71707e-03 1.68448e-03 1.65210e-03 1.61994e-03 1.58800e-03 1.55631e-03 1.52487e-03 1.49368e-03 1.46275e-03 1.43208e-03 1.40168e-03 1.37153e-03 1.34166e-03 1.31205e-03 1.28271e-03 1.25363e-03 1.22482e-03 1.19628e-03 1.16801e-03 1.14001e-03 1.11229e-03 1.08485e-03 1.05768e-03 1.03081e-03 1.00423e-03 9.77940e-04 9.51960e-04 9.26292e-04 9.00944e-04 8.75923e-04 8.51237e-04 8.26894e-04 8.02902e-04 7.79268e-04 7.56001e-04 7.33105e-04 7.10588e-04 6.88455e-04 6.66710e-04 6.45358e-04 6.24399e-04 6.03838e-04 5.83674e-04 5.63908e-04 5.44538e-04 5.25564e-04 5.06982e-04 4.88791e-04 4.70986e-04 4.53564e-04 4.36522e-04 4.19854e-04 4.03558e-04 3.87630e-04 3.72065e-04 3.56861e-04 3.42015e-04 3.27524e-04 3.13386e-04 2.99600e-04 2.86164e-04 2.73078e-04 2.60341e-04 2.47954e-04 2.35915e-04 2.24225e-04 2.12885e-04 2.01895e-04 1.91254e-04 1.80964e-04 1.71022e-04 1.61429e-04 1.52183e-04 1.43283e-04 1.34727e-04 1.26512e-04 1.18635e-04 1.11092e-04 1.03879e-04 9.69922e-05 9.04250e-05 8.41721e-05 7.82271e-05 7.25834e-05 6.72338e-05 6.21708e-05 5.73866e-05 5.28731e-05 4.86219e-05 4.46244e-05 4.08720e-05 3.73556e-05 3.40665e-05 3.09956e-05 2.81340e-05 2.54725e-05 2.30023e-05 2.07145e-05 1.86004e-05 1.66512e-05 1.48584e-05 1.32138e-05 1.17090e-05 1.03361e-05 9.08724e-06 7.95484e-06 6.93151e-06 6.01006e-06 5.18355e-06 4.44525e-06 3.78870e-06 3.20764e-06 2.69607e-06 2.24824e-06 1.85863e-06 1.52197e-06 1.23324e-06 9.87670e-07 7.80730e-07 6.08145e-07 4.65886e-07 3.50178e-07 2.57493e-07 1.84553e-07 1.28334e-07 8.60614e-08 5.52114e-08 3.35129e-08 1.89464e-08 9.74429e-09 4.39144e-09 1.62492e-09 4.34265e-10 6.15873e-11 1.57917e-12
3.202292 1.04398e-01 1.62236e-01 1.21436e-01 8.74363e-02 6.22660e-02 4.48196e-02 3.37826e-02 2.73576e-02 2.37863e-02 2.17305e-02 2.03338e-02 1.91253e-02 1.78912e-02 1.65676e-02 1.51667e-02 1.37311e-02 1.23091e-02 1.09430e-02 9.66439e-03 8.49465e-03 7.44598e-03 6.52363e-03 5.72745e-03 5.05304e-03 4.49243e-03 4.03485e-03 3.66764e-03 3.37733e-03 3.15065e-03 2.97527e-03 2.84026e-03 2.73622e-03 2.65536e-03 2.59138e-03 2.53932e-03 2.49542e-03 2.45686e-03 2.42164e-03 2.38835e-03 2.35602e-03 2.32404e-03 2.29202e-03 2.25975e-03 2.22709e-03 2.19403e-03 2.16055e-03 2.12670e-03 2.09253e-03 2.05809e-03 2.02344e-03 1.98865e-03 1.95378e-03 1.91887e-03 1.88399e-03 1.84917e-03 1.81446e-03 1.77989e-03 1.74550e-03 1.71131e-03 1.67735e-03 1.64364e-03 1.61019e-03 1.57702e-03 1.54414e-03 1.51156e-03 1.47928e-03 1.44731e-03 1.41566e-03 1.38431e-03 1.35329e-03 1.32258e-03 1.29218e-03 1.26210e-03 1.23233e-03 1.20288e-03 1.17374e-03 1.14492e-03 1.11641e-03 1.08822e-03 1.06036e-03 1.03281e-03 1.00559e-03 9.78707e-04 9.52159e-04 9.25955e-04 9.00101e-04 8.74605e-04 8.49474e-04 8.24715e-04 8.00337e-04 7.76346e-04 7.52750e-04 7.29555e-04 7.06768e-04 6.84394e-04 6.62438e-04 6.40903e-04 6.19791e-04 5.99105e-04 5.78844e-04 5.59008e-04 5.39595e-04 5.20602e-04 5.02026e-04 4.83862e-04 4.66106e-04 4.48751e-04 4.31793e-04 4.15225e-04 3.99042e-04 3.83237e-04 3.67805e-04 3.52740e-04 3.38039e-04 3.23696e-04 3.09709e-04 2.96074e-04 2.82788e-04 2.69851e-04 2.57259e-04 2.45013e-04 2.33113e-04 2.21557e-04 2.10345e-04 1.99479e-04 1.88957e-04 1.78780e-04 1.68947e-04 1.59458e-04 1.50312e-04 1.41507e-04 1.33042e-04 1.24915e-04 1.17121e-04 1.09659e-04 1.02524e-04 9.57112e-05 8.92156e-05 8.30316e-05 7.71531e-05 7.15734e-05 6.62854e-05 6.12818e-05 5.65548e-05 5.20962e-05 4.78978e-05 4.39510e-05 4.02470e-05 3.67771e-05 3.35322e-05 3.05035e-05 2.76818e-05 2.50583e-05 2.26240e-05 2.03701e-05 1.82878e-05 1.63685e-05 1.46036e-05 1.29850e-05 1.15044e-05 1.01538e-05 8.92563e-06 7.81220e-06 6.80622e-06 5.90059e-06 5.08843e-06 4.36310e-06 3.71820e-06 3.14755e-06 2.64525e-06 2.20560e-06 1.82317e-06 1.49277e-06 1.20945e-06 9.68520e-07 7.65518e-07 5.96239e-07 4.56725e-07 3.43263e-07 2.52387e-07 1.80881e-07 1.25772e-07 8.43374e-08 5.41022e-08 3.28379e-08 1.85639e-08 9.54718e-09 4.30246e-09 1.59195e-09 4.25445e-10 6.03356e-11 1.54706e-12
3.302363 9.24508e-02 1.53720e-01 1.21651e-01 8.91047e-02 6.30222e-02 4.49794e-02 3.37247e-02 2.72236e-02 2.36543e-02 2.16715e-02 2.03995e-02 1.93391e-02 1.82524e-02 1.70608e-02 1.57686e-02 1.44158e-02 1.30505e-02 1.17163e-02 1.04468e-02 9.26560e-03 8.18760e-03 7.22113e-03 6.36968e-03 5.63299e-03 5.00756e-03 4.48684e-03 4.06156e-03 3.72047e-03 3.45126e-03 3.24159e-03 3.07983e-03 2.95556e-03 2.85980e-03 2.78509e-03 2.72545e-03 2.67622e-03 2.63389e-03 2.59591e-03 2.56046e-03 2.52631e-03 2.49263e-03 2.45891e-03 2.42483e-03 2.39023e-03 2.35505e-03 2.31927e-03 2.28294e-03 2.24611e-03 2.20886e-03 2.17126e-03 2.13339e-03 2.09533e-03 2.05715e-03 2.01892e-03 1.98071e-03 1.94257e-03 1.90455e-03 1.86669e-03 1.82905e-03 1.79164e-03 1.75451e-03 1.71768e-03 1.68117e-03 1.64499e-03 1.60917e-03 1.57370e-03 1.53861e-03 1.50390e-03 1.46957e-03 1.43562e-03 1.40206e-03 1.36888e-03 1.33609e-03 1.30369e-03 1.27166e-03 1.24002e-03 1.20876e-03 1.17788e-03 1.14739e-03 1.11727e-03 1.08754e-03 1.05819e-03 1.02924e-03 1.00067e-03 9.72507e-04 9.44746e-04 9.17397e-04 8.90465e-04 8.63958e-04 8.37884e-04 8.12251e-04 7.87065e-04 7.62334e-04 7.38065e-04 7.14263e-04 6.90933e-04 6.68079e-04 6.45703e-04 6.23806e-04 6.02389e-04 5.81450e-04 5.60987e-04 5.40995e-04 5.21470e-04 5.02405e-04 4.83793e-04 4.65627e-04 4.47898e-04 4.30599e-04 4.13720e-04 3.97252e-04 3.81189e-04 3.65521e-04 3.50242e-04 3.35346e-04 3.20826e-04 3.06677e-04 2.92896e-04 2.79478e-04 2.66422e-04 2.53726e-04 2.41388e-04 2.29407e-04 2.17783e-04 2.06516e-04 1.95605e-04 1.85051e-04 1.74853e-04 1.65012e-04 1.55525e-04 1.46393e-04 1.37613e-04 1.29183e-04 1.21100e-04 1.13361e-04 1.05963e-04 9.88991e-05 9.21657e-05 8.57567e-05 7.96656e-05 7.38856e-05 6.84093e-05 6.32290e-05 5.83366e-05 5.37234e-05 4.93809e-05 4.53000e-05 4.14716e-05 3.78863e-05 3.45347e-05 3.14075e-05 2.84952e-05 2.57884e-05 2.32776e-05 2.09537e-05 1.88074e-05 1.68298e-05 1.50120e-05 1.33452e-05 1.18211e-05 1.04313e-05 9.16778e-06 8.02263e-06 6.98828e-06 6.05735e-06 5.22271e-06 4.47749e-06 3.81507e-06 3.22905e-06 2.71333e-06 2.26203e-06 1.86955e-06 1.53053e-06 1.23989e-06 9.92763e-07 7.84582e-07 6.11016e-07 4.67992e-07 3.51693e-07 2.58560e-07 1.85286e-07 1.28824e-07 8.63769e-08 5.54064e-08 3.36272e-08 1.90089e-08 9.77557e-09 4.40519e-09 1.62990e-09 4.35577e-10 6.17713e-11 1.58386e-12
3.402435 1.00039e-01 1.56069e-01 1.17739e-01 8.54168e-02 6.07598e-02 4.33742e-02 3.23685e-02 2.60328e-02 2.26186e-02 2.07934e-02 1.96888e-02 1.88050e-02 1.78963e-02 1.68743e-02 1.57356e-02 1.45156e-02 1.32605e-02 1.20135e-02 1.08088e-02 9.67073e-03 8.61527e-03 7.65232e-03 6.78756e-03 6.02379e-03 5.36144e-03 4.79842e-03 4.32985e-03 3.94803e-03 3.64302e-03 3.40359e-03 3.21825e-03 3.07609e-03 2.96729e-03 2.88347e-03 2.81771e-03 2.76459e-03 2.71993e-03 2.68067e-03 2.64463e-03 2.61027e-03 2.57656e-03 2.54285e-03 2.50872e-03 2.47393e-03 2.43837e-03 2.40202e-03 2.36489e-03 2.32705e-03 2.28858e-03 2.24957e-03 2.21011e-03 2.17029e-03 2.13022e-03 2.08997e-03 2.04963e-03 2.00928e-03 1.96898e-03 1.92879e-03 1.88878e-03 1.84899e-03 1.80947e-03 1.77024e-03 1.73136e-03 1.69283e-03 1.65469e-03 1.61695e-03 1.57963e-03 1.54274e-03 1.50628e-03 1.47028e-03 1.43472e-03 1.39961e-03 1.36496e-03 1.33076e-03 1.29700e-03 1.26370e-03 1.23084e-03 1.19843e-03 1.16647e-03 1.13495e-03 1.10387e-03 1.07323e-03 1.04304e-03 1.01330e-03 9.84010e-04 9.55176e-04 9.26802e-04 8.98895e-04 8.71461e-04 8.44507e-04 8.18039e-04 7.92066e-04 7.66593e-04 7.41627e-04 7.17173e-04 6.93237e-04 6.69822e-04 6.46931e-04 6.24563e-04 6.02720e-04 5.81398e-04 5.60594e-04 5.40303e-04 5.20519e-04 5.01233e-04 4.82437e-04 4.64120e-04 4.46272e-04 4.28882e-04 4.11939e-04 3.95431e-04 3.79347e-04 3.63677e-04 3.48411e-04 3.33539e-04 3.19054e-04 3.04948e-04 2.91214e-04 2.77849e-04 2.64848e-04 2.52207e-04 2.39924e-04 2.27999e-04 2.16428e-04 2.05213e-04 1.94353e-04 1.83847e-04 1.73695e-04 1.63897e-04 1.54453e-04 1.45361e-04 1.36619e-04 1.28227e-04 1.20181e-04 1.12478e-04 1.05115e-04 9.80860e-05 9.13870e-05 8.50120e-05 7.89547e-05 7.32082e-05 6.77653e-05 6.26180e-05 5.77582e-05 5.31773e-05 4.88666e-05 4.48170e-05 4.10192e-05 3.74638e-05 3.41415e-05 3.10425e-05 2.81576e-05 2.54770e-05 2.29915e-05 2.06917e-05 1.85684e-05 1.66126e-05 1.48153e-05 1.31679e-05 1.16619e-05 1.02890e-05 9.04111e-06 7.91047e-06 6.88947e-06 5.97077e-06 5.14729e-06 4.41219e-06 3.75889e-06 3.18106e-06 2.67265e-06 2.22783e-06 1.84105e-06 1.50702e-06 1.22069e-06 9.77285e-07 7.72265e-07 6.01360e-07 4.60549e-07 3.46066e-07 2.54399e-07 1.82289e-07 1.26729e-07 8.49662e-08 5.44977e-08 3.30736e-08 1.86950e-08 9.61362e-09 4.33204e-09 1.60278e-09 4.28318e-10 6.07409e-11 1.55743e-12
3.502507 9.51381e-02 1.53797e-01 1.18349e-01 8.52299e-02 5.99093e-02 4.25289e-02 3.16197e-02 2.53165e-02 2.19378e-02 2.01946e-02 1.92146e-02 1.84791e-02 1.77251e-02 1.68519e-02 1.58480e-02 1.47445e-02 1.35864e-02 1.24169e-02 1.12712e-02 1.01743e-02 9.14285e-03 8.18701e-03 7.31315e-03 6.52544e-03 5.82680e-03 5.21887e-03 4.70124e-03 4.27069e-03 3.92085e-03 3.64273e-03 3.42572e-03 3.25876e-03 3.13129e-03 3.03392e-03 2.95869e-03 2.89918e-03 2.85044e-03 2.80875e-03 2.77141e-03 2.73652e-03 2.70275e-03 2.66921e-03 2.63532e-03 2.60072e-03 2.56520e-03 2.52868e-03 2.49114e-03 2.45261e-03 2.41317e-03 2.37291e-03 2.33194e-03 2.29036e-03 2.24829e-03 2.20584e-03 2.16311e-03 2.12020e-03 2.07721e-03 2.03422e-03 1.99130e-03 1.94852e-03 1.90596e-03 1.86365e-03 1.82166e-03 1.78003e-03 1.73878e-03 1.69796e-03 1.65759e-03 1.61769e-03 1.57827e-03 1.53935e-03 1.50095e-03 1.46305e-03 1.42569e-03 1.38884e-03 1.35252e-03 1.31673e-03 1.28145e-03 1.24670e-03 1.21247e-03 1.17876e-03 1.14556e-03 1.11287e-03 1.08071e-03 1.04905e-03 1.01792e-03 9.87307e-04 9.57217e-04 9.27655e-04 8.98628e-04 8.70140e-04 8.42198e-04 8.14809e-04 7.87979e-04 7.61715e-04 7.36023e-04 7.10906e-04 6.86370e-04 6.62416e-04 6.39045e-04 6.16257e-04 5.94049e-04 5.72417e-04 5.51354e-04 5.30853e-04 5.10904e-04 4.91496e-04 4.72615e-04 4.54250e-04 4.36385e-04 4.19007e-04 4.02100e-04 3.85650e-04 3.69643e-04 3.54066e-04 3.38905e-04 3.24151e-04 3.09792e-04 2.95821e-04 2.82229e-04 2.69010e-04 2.56161e-04 2.43677e-04 2.31555e-04 2.19794e-04 2.08393e-04 1.97351e-04 1.86668e-04 1.76344e-04 1.66379e-04 1.56771e-04 1.47521e-04 1.38628e-04 1.30089e-04 1.21903e-04 1.14067e-04 1.06576e-04 9.94264e-05 9.26136e-05 8.61316e-05 7.99739e-05 7.41338e-05 6.86037e-05 6.33756e-05 5.84411e-05 5.37914e-05 4.94175e-05 4.53100e-05 4.14593e-05 3.78559e-05 3.44898e-05 3.13513e-05 2.84305e-05 2.57177e-05 2.32033e-05 2.08775e-05 1.87310e-05 1.67544e-05 1.49386e-05 1.32748e-05 1.17543e-05 1.03686e-05 9.10939e-06 7.96880e-06 6.93909e-06 6.01278e-06 5.18268e-06 4.44184e-06 3.78358e-06 3.20150e-06 2.68943e-06 2.24151e-06 1.85211e-06 1.51588e-06 1.22771e-06 9.82780e-07 7.76515e-07 6.04599e-07 4.62978e-07 3.47854e-07 2.55687e-07 1.83194e-07 1.27347e-07 8.53729e-08 5.47543e-08 3.32269e-08 1.87804e-08 9.65703e-09 4.35139e-09 1.60988e-09 4.30202e-10 6.10069e-11 1.56423e-12
3.602578 9.20955e-02 1.48832e-01 1.15353e-01 8.41396e-02 5.94437e-02 4.20904e-02 3.11524e-02 2.48486e-02 2.14910e-02 1.98033e-02 1.89190e-02 1.83081e-02 1.76900e-02 1.69488e-02 1.60637e-02 1.50614e-02 1.39860e-02 1.28824e-02 1.17874e-02 1.07277e-02 9.72023e-03 8.77503e-03 7.89787e-03 7.09277e-03 6.36341e-03 5.71367e-03 5.14694e-03 4.66464e-03 4.26498e-03 3.94234e-03 3.68793e-03 3.49108e-03 3.34065e-03 3.22619e-03 3.13859e-03 3.07037e-03 3.01568e-03 2.97011e-03 2.93042e-03 2.89429e-03 2.86005e-03 2.82656e-03 2.79300e-03 2.75885e-03 2.72374e-03 2.68749e-03 2.65000e-03 2.61125e-03 2.57127e-03 2.53013e-03 2.48795e-03 2.44483e-03 2.40090e-03 2.35628e-03 2.31111e-03 2.26551e-03 2.21959e-03 2.17347e-03 2.12726e-03 2.08104e-03 2.03491e-03 1.98895e-03 1.94322e-03 1.89780e-03 1.85274e-03 1.80808e-03 1.76388e-03 1.72017e-03 1.67697e-03 1.63432e-03 1.59223e-03 1.55072e-03 1.50981e-03 1.46949e-03 1.42978e-03 1.39068e-03 1.35220e-03 1.31432e-03 1.27705e-03 1.24040e-03 1.20435e-03 1.16891e-03 1.13407e-03 1.09984e-03 1.06621e-03 1.03318e-03 1.00076e-03 9.68958e-04 9.37765e-04 9.07192e-04 8.77243e-04 8.47924e-04 8.19242e-04 7.91202e-04 7.63809e-04 7.37069e-04 7.10985e-04 6.85559e-04 6.60793e-04 6.36685e-04 6.13232e-04 5.90429e-04 5.68269e-04 5.46742e-04 5.25837e-04 5.05539e-04 4.85833e-04 4.66704e-04 4.48133e-04 4.30101e-04 4.12590e-04 3.95581e-04 3.79056e-04 3.62997e-04 3.47387e-04 3.32212e-04 3.17457e-04 3.03110e-04 2.89162e-04 2.75602e-04 2.62425e-04 2.49625e-04 2.37198e-04 2.25140e-04 2.13451e-04 2.02128e-04 1.91172e-04 1.80583e-04 1.70359e-04 1.60502e-04 1.51011e-04 1.41885e-04 1.33123e-04 1.24722e-04 1.16680e-04 1.08994e-04 1.01659e-04 9.46702e-05 8.80222e-05 8.17084e-05 7.57216e-05 7.00543e-05 6.46982e-05 5.96445e-05 5.48843e-05 5.04079e-05 4.62058e-05 4.22679e-05 3.85842e-05 3.51444e-05 3.19385e-05 2.89561e-05 2.61870e-05 2.36214e-05 2.12490e-05 1.90603e-05 1.70455e-05 1.51953e-05 1.35004e-05 1.19519e-05 1.05410e-05 9.25938e-06 8.09873e-06 7.05115e-06 6.10899e-06 5.26486e-06 4.51165e-06 3.84254e-06 3.25096e-06 2.73064e-06 2.27558e-06 1.88004e-06 1.53855e-06 1.24593e-06 9.97256e-07 7.87866e-07 6.13371e-07 4.69647e-07 3.52829e-07 2.59319e-07 1.85779e-07 1.29132e-07 8.65628e-08 5.55131e-08 3.36851e-08 1.90382e-08 9.78903e-09 4.41066e-09 1.63174e-09 4.36033e-10 6.18326e-11 1.58538e-12
3.702650 9.37674e-02 1.48578e-01 1.13191e-01 8.18879e-02 5.78156e-02 4.09359e-02 3.02065e-02 2.39904e-02 2.06999e-02 1.90937e-02 1.83130e-02 1.78245e-02 1.73394e-02 1.67316e-02 1.59719e-02 1.50813e-02 1.41019e-02 1.30792e-02 1.20521e-02 1.10493e-02 1.00885e-02 9.17950e-03 8.32665e-03 7.53233e-03 6.79908e-03 6.13097e-03 5.53344e-03 5.01196e-03 4.56976e-03 4.20602e-03 3.91528e-03 3.68840e-03 3.51430e-03 3.38177e-03 3.28069e-03 3.20260e-03 3.14084e-03 3.09041e-03 3.04760e-03 3.00974e-03 2.97487e-03 2.94157e-03 2.90881e-03 2.87584e-03 2.84215e-03 2.80737e-03 2.77129e-03 2.73378e-03 2.69480e-03 2.65438e-03 2.61256e-03 2.56946e-03 2.52518e-03 2.47986e-03 2.43362e-03 2.38662e-03 2.33899e-03 2.29087e-03 2.24240e-03 2.19368e-03 2.14485e-03 2.09600e-03 2.04724e-03 1.99866e-03 1.95034e-03 1.90235e-03 1.85475e-03 1.80762e-03 1.76098e-03 1.71489e-03 1.66939e-03 1.62449e-03 1.58024e-03 1.53663e-03 1.49370e-03 1.45145e-03 1.40989e-03 1.36903e-03 1.32886e-03 1.28939e-03 1.25062e-03 1.21254e-03 1.17516e-03 1.13848e-03 1.10250e-03 1.06720e-03 1.03261e-03 9.98711e-04 9.65513e-04 9.33019e-04 9.01232e-04 8.70158e-04 8.39801e-04 8.10166e-04 7.81259e-04 7.53084e-04 7.25644e-04 6.98941e-04 6.72976e-04 6.47748e-04 6.23253e-04 5.99484e-04 5.76434e-04 5.54091e-04 5.32442e-04 5.11471e-04 4.91159e-04 4.71487e-04 4.52433e-04 4.33974e-04 4.16087e-04 3.98748e-04 3.81935e-04 3.65625e-04 3.49797e-04 3.34431e-04 3.19508e-04 3.05013e-04 2.90932e-04 2.77252e-04 2.63965e-04 2.51062e-04 2.38537e-04 2.26386e-04 2.14607e-04 2.03198e-04 1.92157e-04 1.81484e-04 1.71180e-04 1.61245e-04 1.51677e-04 1.42478e-04 1.33646e-04 1.25179e-04 1.17074e-04 1.09330e-04 1.01941e-04 9.49023e-05 8.82090e-05 8.18543e-05 7.58311e-05 7.01316e-05 6.47474e-05 5.96694e-05 5.48885e-05 5.03949e-05 4.61785e-05 4.22292e-05 3.85366e-05 3.50902e-05 3.18796e-05 2.88943e-05 2.61238e-05 2.35579e-05 2.11864e-05 1.89993e-05 1.69869e-05 1.51395e-05 1.34479e-05 1.19029e-05 1.04957e-05 9.21779e-06 8.06086e-06 7.01695e-06 6.07832e-06 5.23757e-06 4.48756e-06 3.82144e-06 3.23264e-06 2.71487e-06 2.26212e-06 1.86866e-06 1.52904e-06 1.23807e-06 9.90834e-07 7.82695e-07 6.09271e-07 4.66452e-07 3.50389e-07 2.57497e-07 1.84454e-07 1.28199e-07 8.59286e-08 5.51015e-08 3.34326e-08 1.88941e-08 9.71432e-09 4.37676e-09 1.61913e-09 4.32648e-10 6.13511e-11 1.57302e-12
3.802722 9.09874e-02 1.46351e-01 1.12305e-01 8.08734e-02 5.67890e-02 4.01109e-02 2.95319e-02 2.33644e-02 2.00861e-02 1.85121e-02 1.77999e-02 1.74092e-02 1.70374e-02 1.65465e-02 1.58982e-02 1.51081e-02 1.42155e-02 1.32658e-02 1.23001e-02 1.13497e-02 1.04348e-02 9.56549e-03 8.74504e-03 7.97347e-03 7.25062e-03 6.57847e-03 5.96212e-03 5.40914e-03 4.92721e-03 4.52107e-03 4.19022e-03 3.92862e-03 3.72621e-03 3.57139e-03 3.45304e-03 3.36167e-03 3.28980e-03 3.23178e-03 3.18350e-03 3.14195e-03 3.10490e-03 3.07069e-03 3.03805e-03 3.00600e-03 2.97381e-03 2.94092e-03 2.90694e-03 2.87160e-03 2.83472e-03 2.79623e-03 2.75610e-03 2.71436e-03 2.67107e-03 2.62634e-03 2.58029e-03 2.53305e-03 2.48476e-03 2.43557e-03 2.38564e-03 2.33512e-03 2.28414e-03 2.23284e-03 2.18135e-03 2.12980e-03 2.07830e-03 2.02695e-03 1.97584e-03 1.92507e-03 1.87470e-03 1.82480e-03 1.77544e-03 1.72666e-03 1.67851e-03 1.63103e-03 1.58425e-03 1.53818e-03 1.49286e-03 1.44830e-03 1.40451e-03 1.36149e-03 1.31926e-03 1.27782e-03 1.23717e-03 1.19732e-03 1.15825e-03 1.11998e-03 1.08251e-03 1.04583e-03 1.00996e-03 9.74883e-04 9.40614e-04 9.07154e-04 8.74508e-04 8.42680e-04 8.11676e-04 7.81498e-04 7.52152e-04 7.23638e-04 6.95958e-04 6.69110e-04 6.43090e-04 6.17893e-04 5.93509e-04 5.69925e-04 5.47127e-04 5.25096e-04 5.03812e-04 4.83250e-04 4.63385e-04 4.44190e-04 4.25636e-04 4.07694e-04 3.90336e-04 3.73532e-04 3.57256e-04 3.41482e-04 3.26186e-04 3.11347e-04 2.96945e-04 2.82966e-04 2.69394e-04 2.56220e-04 2.43434e-04 2.31031e-04 2.19007e-04 2.07357e-04 1.96082e-04 1.85181e-04 1.74653e-04 1.64499e-04 1.54719e-04 1.45313e-04 1.36282e-04 1.27623e-04 1.19334e-04 1.11414e-04 1.03858e-04 9.66617e-05 8.98194e-05 8.33249e-05 7.71707e-05 7.13491e-05 6.58515e-05 6.06686e-05 5.57907e-05 5.12078e-05 4.69096e-05 4.28853e-05 3.91243e-05 3.56155e-05 3.23482e-05 2.93115e-05 2.64945e-05 2.38865e-05 2.14771e-05 1.92559e-05 1.72128e-05 1.53379e-05 1.36216e-05 1.20545e-05 1.06277e-05 9.33226e-06 8.15977e-06 7.10206e-06 6.15124e-06 5.29974e-06 4.54028e-06 3.86589e-06 3.26987e-06 2.74583e-06 2.28767e-06 1.88957e-06 1.54599e-06 1.25166e-06 1.00161e-06 7.91128e-07 6.15773e-07 4.71382e-07 3.54057e-07 2.60167e-07 1.86349e-07 1.29504e-07 8.67956e-08 5.56529e-08 3.37645e-08 1.90803e-08 9.80947e-09 4.41939e-09 1.63483e-09 4.36828e-10 6.19425e-11 1.58816e-12
3.902793 8.57070e-02 1.39574e-01 1.09060e-01 7.99727e-02 5.65607e-02 3.99275e-02 2.93115e-02 2.31176e-02 1.98293e-02 1.82733e-02 1.76135e-02 1.73026e-02 1.70249e-02 1.66300e-02 1.60712e-02 1.53587e-02 1.45298e-02 1.36300e-02 1.27027e-02 1.17828e-02 1.08938e-02 1.00479e-02 9.24871e-03 8.49436e-03 7.78153e-03 7.10871e-03 6.47847e-03 5.89814e-03 5.37806e-03 4.92811e-03 4.55363e-03 4.25307e-03 4.01837e-03 3.83782e-03 3.69912e-03 3.59152e-03 3.50656e-03 3.43797e-03 3.38126e-03 3.33316e-03 3.29126e-03 3.25371e-03 3.21902e-03 3.18603e-03 3.15380e-03 3.12157e-03 3.08876e-03 3.05493e-03 3.01976e-03 2.98302e-03 2.94458e-03 2.90436e-03 2.86234e-03 2.81856e-03 2.77307e-03 2.72598e-03 2.67740e-03 2.62746e-03 2.57633e-03 2.52414e-03 2.47107e-03 2.41726e-03 2.36288e-03 2.30807e-03 2.25299e-03 2.19778e-03 2.14255e-03 2.08744e-03 2.03255e-03 1.97798e-03 1.92382e-03 1.87016e-03 1.81707e-03 1.76460e-03 1.71282e-03 1.66177e-03 1.61148e-03 1.56201e-03 1.51336e-03 1.46557e-03 1.41865e-03 1.37261e-03 1.32748e-03 1.28324e-03 1.23992e-03 1.19752e-03 1.15603e-03 1.11547e-03 1.07583e-03 1.03713e-03 9.99360e-04 9.62529e-04 9.26640e-04 8.91699e-04 8.57710e-04 8.24676e-04 7.92601e-04 7.61487e-04 7.31335e-04 7.02144e-04 6.73909e-04 6.46623e-04 6.20278e-04 5.94858e-04 5.70348e-04 5.46725e-04 5.23967e-04 5.02044e-04 4.80927e-04 4.60583e-04 4.40976e-04 4.22072e-04 4.03833e-04 3.86223e-04 3.69209e-04 3.52756e-04 3.36833e-04 3.21412e-04 3.06468e-04 2.91979e-04 2.77926e-04 2.64294e-04 2.51071e-04 2.38248e-04 2.25817e-04 2.13775e-04 2.02120e-04 1.90850e-04 1.79965e-04 1.69466e-04 1.59352e-04 1.49626e-04 1.40286e-04 1.31332e-04 1.22762e-04 1.14574e-04 1.06765e-04 9.93292e-05 9.22621e-05 8.55568e-05 7.92058e-05 7.32010e-05 6.75332e-05 6.21927e-05 5.71694e-05 5.24526e-05 4.80313e-05 4.38943e-05 4.00301e-05 3.64272e-05 3.30741e-05 2.99594e-05 2.70716e-05 2.43995e-05 2.19321e-05 1.96585e-05 1.75681e-05 1.56507e-05 1.38963e-05 1.22950e-05 1.08375e-05 9.51464e-06 8.31775e-06 7.23834e-06 6.26827e-06 5.39975e-06 4.62530e-06 3.93773e-06 3.33019e-06 2.79613e-06 2.32929e-06 1.92371e-06 1.57373e-06 1.27397e-06 1.01934e-06 8.05037e-07 6.26527e-07 4.79559e-07 3.60157e-07 2.64620e-07 1.89517e-07 1.31692e-07 8.82531e-08 5.65820e-08 3.43251e-08 1.93956e-08 9.97082e-09 4.49181e-09 1.66153e-09 4.43946e-10 6.29502e-11 1.61397e-12
4.002865 9.11859e-02 1.42355e-01 1.06962e-01 7.68579e-02 5.42695e-02 3.84204e-02 2.81996e-02 2.21759e-02 1.89713e-02 1.74755e-02 1.68790e-02 1.66430e-02 1.64511e-02 1.61483e-02 1.56830e-02 1.50610e-02 1.43159e-02 1.34910e-02 1.26290e-02 1.17659e-02 1.09278e-02 1.01298e-02 9.37721e-03 8.66800e-03 7.99662e-03 7.35778e-03 6.74989e-03 6.17716e-03 5.64953e-03 5.17977e-03 4.77871e-03 4.45061e-03 4.19138e-03 3.99056e-03 3.83537e-03 3.71411e-03 3.61753e-03 3.53898e-03 3.47380e-03 3.41870e-03 3.37126e-03 3.32958e-03 3.29214e-03 3.25764e-03 3.22501e-03 3.19338e-03 3.16200e-03 3.13031e-03 3.09783e-03 3.06421e-03 3.02917e-03 2.99253e-03 2.95417e-03 2.91400e-03 2.87200e-03 2.82819e-03 2.78261e-03 2.73534e-03 2.68647e-03 2.63613e-03 2.58445e-03 2.53157e-03 2.47765e-03 2.42285e-03 2.36732e-03 2.31123e-03 2.25473e-03 2.19797e-03 2.14109e-03 2.08424e-03 2.02753e-03 1.97107e-03 1.91498e-03 1.85934e-03 1.80425e-03 1.74978e-03 1.69599e-03 1.64295e-03 1.59071e-03 1.53930e-03 1.48877e-03 1.43916e-03 1.39048e-03 1.34276e-03 1.29602e-03 1.25027e-03 1.20552e-03 1.16179e-03 1.11909e-03 1.07742e-03 1.03679e-03 9.97207e-04 9.58676e-04 9.21202e-04 8.84792e-04 8.49450e-04 8.15180e-04 7.81984e-04 7.49864e-04 7.18818e-04 6.88844e-04 6.59934e-04 6.32079e-04 6.05266e-04 5.79475e-04 5.54686e-04 5.30872e-04 5.08003e-04 4.86043e-04 4.64956e-04 4.44701e-04 4.25237e-04 4.06519e-04 3.88505e-04 3.71151e-04 3.54417e-04 3.38263e-04 3.22654e-04 3.07556e-04 2.92941e-04 2.78785e-04 2.65067e-04 2.51769e-04 2.38879e-04 2.26388e-04 2.14290e-04 2.02579e-04 1.91254e-04 1.80315e-04 1.69762e-04 1.59595e-04 1.49816e-04 1.40425e-04 1.31422e-04 1.22806e-04 1.14575e-04 1.06726e-04 9.92550e-05 9.21564e-05 8.54239e-05 7.90500e-05 7.30264e-05 6.73439e-05 6.19926e-05 5.69620e-05 5.22412e-05 4.78187e-05 4.36832e-05 3.98227e-05 3.62254e-05 3.28796e-05 2.97733e-05 2.68950e-05 2.42331e-05 2.17764e-05 1.95138e-05 1.74345e-05 1.55281e-05 1.37844e-05 1.21935e-05 1.07460e-05 9.43276e-06 8.24486e-06 7.17384e-06 6.21157e-06 5.35023e-06 4.58232e-06 3.90070e-06 3.29852e-06 2.76925e-06 2.30667e-06 1.90484e-06 1.55814e-06 1.26122e-06 1.00904e-06 7.96825e-07 6.20072e-07 4.74570e-07 3.56373e-07 2.61813e-07 1.87488e-07 1.30268e-07 8.72906e-08 5.59596e-08 3.39446e-08 1.91790e-08 9.85875e-09 4.44104e-09 1.64267e-09 4.38888e-10 6.22313e-11 1.59552e-12
4.102936 8.15864e-02 1.34259e-01 1.05574e-01 7.71677e-02 5.44147e-02 3.84254e-02 2.81769e-02 2.21143e-02 1.88646e-02 1.73522e-02 1.67775e-02 1.65918e-02 1.64641e-02 1.62286e-02 1.58278e-02 1.52643e-02 1.45703e-02 1.37878e-02 1.29587e-02 1.21199e-02 1.12995e-02 1.05160e-02 9.77801e-03 9.08567e-03 8.43311e-03 7.81237e-03 7.21735e-03 6.64741e-03 6.10928e-03 5.61587e-03 5.18195e-03 4.81806e-03 4.52582e-03 4.29749e-03 4.12015e-03 3.98068e-03 3.86860e-03 3.77646e-03 3.69927e-03 3.63366e-03 3.57718e-03 3.52794e-03 3.48435e-03 3.44506e-03 3.40892e-03 3.37493e-03 3.34224e-03 3.31015e-03 3.27807e-03 3.24552e-03 3.21210e-03 3.17752e-03 3.14154e-03 3.10397e-03 3.06469e-03 3.02361e-03 2.98070e-03 2.93593e-03 2.88932e-03 2.84092e-03 2.79080e-03 2.73905e-03 2.68577e-03 2.63109e-03 2.57516e-03 2.51811e-03 2.46013e-03 2.40136e-03 2.34198e-03 2.28214e-03 2.22201e-03 2.16175e-03 2.10148e-03 2.04136e-03 1.98150e-03 1.92202e-03 1.86303e-03 1.80462e-03 1.74688e-03 1.68988e-03 1.63369e-03 1.57838e-03 1.52400e-03 1.47060e-03 1.41821e-03 1.36688e-03 1.31663e-03 1.26750e-03 1.21950e-03 1.17266e-03 1.12699e-03 1.08251e-03 1.03924e-03 9.97172e-04 9.56330e-04 9.16719e-04 8.78346e-04 8.41215e-04 8.05330e-04 7.70691e-04 7.37296e-04 7.05140e-04 6.74214e-04 6.44504e-04 6.15992e-04 5.88656e-04 5.62467e-04 5.37392e-04 5.13392e-04 4.90425e-04 4.68443e-04 4.47396e-04 4.27233e-04 4.07899e-04 3.89342e-04 3.71508e-04 3.54348e-04 3.37815e-04 3.21864e-04 3.06458e-04 2.91562e-04 2.77148e-04 2.63191e-04 2.49673e-04 2.36581e-04 2.23902e-04 2.11632e-04 1.99766e-04 1.88303e-04 1.77242e-04 1.66586e-04 1.56334e-04 1.46488e-04 1.37049e-04 1.28016e-04 1.19388e-04 1.11162e-04 1.03335e-04 9.59002e-05 8.88524e-05 8.21834e-05 7.58844e-05 6.99457e-05 6.43568e-05 5.91063e-05 5.41825e-05 4.95731e-05 4.52658e-05 4.12478e-05 3.75063e-05 3.40287e-05 3.08023e-05 2.78146e-05 2.50532e-05 2.25062e-05 2.01618e-05 1.80084e-05 1.60351e-05 1.42311e-05 1.25859e-05 1.10896e-05 9.73253e-06 8.50543e-06 7.39942e-06 6.40598e-06 5.51696e-06 4.72456e-06 4.02134e-06 3.40018e-06 2.85432e-06 2.37729e-06 1.96298e-06 1.60554e-06 1.29948e-06 1.03955e-06 8.20834e-07 6.38692e-07 4.88770e-07 3.66999e-07 2.69590e-07 1.93037e-07 1.34109e-07 8.98551e-08 5.75978e-08 3.49349e-08 1.97368e-08 1.01447e-08 4.56951e-09 1.69009e-09 4.51538e-10 6.40229e-11 1.64143e-12
4.203008 8.37710e-02 1.33132e-01 1.01960e-01 7.43999e-02 5.29277e-02 3.75473e-02 2.75326e-02 2.15814e-02 1.83929e-02 1.69208e-02 1.63867e-02 1.62500e-02 1.61779e-02 1.60002e-02 1.56567e-02 1.51491e-02 1.45089e-02 1.37768e-02 1.29931e-02 1.21927e-02 1.14036e-02 1.06456e-02 9.93030e-03 9.26077e-03 8.63322e-03 8.03953e-03 7.47097e-03 6.92246e-03 6.39606e-03 5.90194e-03 5.45559e-03 5.07185e-03 4.75810e-03 4.51077e-03 4.31796e-03 4.16561e-03 4.04210e-03 3.93935e-03 3.85219e-03 3.77730e-03 3.71235e-03 3.65554e-03 3.60536e-03 3.56050e-03 3.51979e-03 3.48223e-03 3.44695e-03 3.41320e-03 3.38032e-03 3.34777e-03 3.31509e-03 3.28190e-03 3.24788e-03 3.21279e-03 3.17640e-03 3.13857e-03 3.09916e-03 3.05809e-03 3.01528e-03 2.97070e-03 2.92434e-03 2.87618e-03 2.82628e-03 2.77466e-03 2.72141e-03 2.66662e-03 2.61039e-03 2.55287e-03 2.49418e-03 2.43449e-03 2.37396e-03 2.31276e-03 2.25105e-03 2.18901e-03 2.12679e-03 2.06454e-03 2.00240e-03 1.94051e-03 1.87900e-03 1.81798e-03 1.75755e-03 1.69782e-03 1.63886e-03 1.58077e-03 1.52362e-03 1.46748e-03 1.41240e-03 1.35845e-03 1.30566e-03 1.25409e-03 1.20377e-03 1.15473e-03 1.10701e-03 1.06063e-03 1.01561e-03 9.71964e-04 9.29711e-04 8.88861e-04 8.49419e-04 8.11391e-04 7.74775e-04 7.39570e-04 7.05766e-04 6.73351e-04 6.42308e-04 6.12612e-04 5.84234e-04 5.57140e-04 5.31289e-04 5.06632e-04 4.83119e-04 4.60693e-04 4.39292e-04 4.18856e-04 3.99319e-04 3.80620e-04 3.62695e-04 3.45486e-04 3.28938e-04 3.13001e-04 2.97631e-04 2.82789e-04 2.68443e-04 2.54567e-04 2.41141e-04 2.28149e-04 2.15581e-04 2.03431e-04 1.91696e-04 1.80374e-04 1.69466e-04 1.58973e-04 1.48897e-04 1.39238e-04 1.29998e-04 1.21174e-04 1.12765e-04 1.04767e-04 9.71744e-05 8.99812e-05 8.31793e-05 7.67595e-05 7.07115e-05 6.50243e-05 5.96858e-05 5.46837e-05 5.00050e-05 4.56366e-05 4.15650e-05 3.77767e-05 3.42585e-05 3.09968e-05 2.79788e-05 2.51914e-05 2.26222e-05 2.02588e-05 1.80895e-05 1.61026e-05 1.42872e-05 1.26325e-05 1.11282e-05 9.76443e-06 8.53177e-06 7.42113e-06 6.42384e-06 5.53161e-06 4.73655e-06 4.03111e-06 3.40810e-06 2.86071e-06 2.38241e-06 1.96703e-06 1.60873e-06 1.30195e-06 1.04144e-06 8.22252e-07 6.39737e-07 4.89523e-07 3.67528e-07 2.69951e-07 1.93275e-07 1.34260e-07 8.99467e-08 5.76506e-08 3.49635e-08 1.97510e-08 1.01511e-08 4.57209e-09 1.69094e-09 4.51743e-10 6.40499e-11 1.64209e-12
4.303080 8.16269e-02 1.30938e-01 1.00691e-01 7.31322e-02 5.18380e-02 3.68112e-02 2.70329e-02 2.11741e-02 1.80143e-02 1.65604e-02 1.60526e-02 1.59520e-02 1.59217e-02 1.57880e-02 1.54888e-02 1.50262e-02 1.44318e-02 1.37461e-02 1.30071e-02 1.22469e-02 1.14910e-02 1.07586e-02 1.00626e-02 9.40952e-03 8.79918e-03 8.22590e-03 7.68103e-03 7.15669e-03 6.65006e-03 6.16637e-03 5.71856e-03 5.32280e-03 4.99140e-03 4.72641e-03 4.51889e-03 4.35466e-03 4.22089e-03 4.10865e-03 4.01243e-03 3.92883e-03 3.85560e-03 3.79105e-03 3.73374e-03 3.68242e-03 3.63601e-03 3.59352e-03 3.55411e-03 3.51704e-03 3.48167e-03 3.44744e-03 3.41385e-03 3.38049e-03 3.34700e-03 3.31308e-03 3.27847e-03 3.24295e-03 3.20635e-03 3.16852e-03 3.12934e-03 3.08870e-03 3.04651e-03 3.00271e-03 2.95725e-03 2.91008e-03 2.86120e-03 2.81059e-03 2.75829e-03 2.70434e-03 2.64880e-03 2.59177e-03 2.53336e-03 2.47369e-03 2.41292e-03 2.35121e-03 2.28872e-03 2.22563e-03 2.16209e-03 2.09828e-03 2.03436e-03 1.97046e-03 1.90675e-03 1.84334e-03 1.78038e-03 1.71798e-03 1.65625e-03 1.59530e-03 1.53524e-03 1.47615e-03 1.41813e-03 1.36126e-03 1.30561e-03 1.25125e-03 1.19824e-03 1.14664e-03 1.09649e-03 1.04784e-03 1.00072e-03 9.55153e-04 9.11169e-04 8.68780e-04 8.27994e-04 7.88815e-04 7.51240e-04 7.15258e-04 6.80855e-04 6.48006e-04 6.16682e-04 5.86848e-04 5.58459e-04 5.31465e-04 5.05809e-04 4.81429e-04 4.58257e-04 4.36220e-04 4.15244e-04 3.95255e-04 3.76176e-04 3.57936e-04 3.40466e-04 3.23701e-04 3.07585e-04 2.92066e-04 2.77100e-04 2.62652e-04 2.48693e-04 2.35201e-04 2.22160e-04 2.09559e-04 1.97393e-04 1.85658e-04 1.74354e-04 1.63482e-04 1.53043e-04 1.43040e-04 1.33472e-04 1.24339e-04 1.15639e-04 1.07369e-04 9.95240e-05 9.20964e-05 8.50782e-05 7.84598e-05 7.22303e-05 6.63777e-05 6.08892e-05 5.57514e-05 5.09505e-05 4.64722e-05 4.23022e-05 3.84260e-05 3.48293e-05 3.14980e-05 2.84180e-05 2.55758e-05 2.29581e-05 2.05519e-05 1.83448e-05 1.63247e-05 1.44800e-05 1.27995e-05 1.12727e-05 9.88911e-06 8.63907e-06 7.51321e-06 6.50259e-06 5.59872e-06 4.79347e-06 4.07916e-06 3.44843e-06 2.89433e-06 2.41024e-06 1.98989e-06 1.62731e-06 1.31690e-06 1.05333e-06 8.31580e-07 6.46944e-07 4.94997e-07 3.71604e-07 2.72919e-07 1.95380e-07 1.35708e-07 9.09070e-08 5.82598e-08 3.53293e-08 1.99557e-08 1.02554e-08 4.61868e-09 1.70805e-09 4.56291e-10 6.46923e-11 1.65852e-12
4.403151 7.73353e-02 1.25842e-01 9.82619e-02 7.21014e-02 5.13163e-02 3.64952e-02 2.68246e-02 2.10136e-02 1.78641e-02 1.64130e-02 1.59188e-02 1.58442e-02 1.58456e-02 1.57435e-02 1.54741e-02 1.50408e-02 1.44773e-02 1.38253e-02 1.31217e-02 1.23955e-02 1.16686e-02 1.09575e-02 1.02747e-02 9.62842e-03 9.02231e-03 8.45467e-03 7.91952e-03 7.40904e-03 6.91753e-03 6.44546e-03 6.00132e-03 5.59952e-03 5.25455e-03 4.97351e-03 4.75175e-03 4.57614e-03 4.43290e-03 4.31207e-03 4.20767e-03 4.11614e-03 4.03524e-03 3.96328e-03 3.89887e-03 3.84080e-03 3.78804e-03 3.73966e-03 3.69488e-03 3.65303e-03 3.61349e-03 3.57574e-03 3.53930e-03 3.50376e-03 3.46876e-03 3.43397e-03 3.39912e-03 3.36396e-03 3.32829e-03 3.29194e-03 3.25474e-03 3.21655e-03 3.17727e-03 3.13677e-03 3.09495e-03 3.05173e-03 3.00703e-03 2.96076e-03 2.91286e-03 2.86330e-03 2.81205e-03 2.75908e-03 2.70443e-03 2.64814e-03 2.59027e-03 2.53092e-03 2.47022e-03 2.40829e-03 2.34531e-03 2.28142e-03 2.21680e-03 2.15162e-03 2.08603e-03 2.02021e-03 1.95430e-03 1.88845e-03 1.82281e-03 1.75752e-03 1.69272e-03 1.62854e-03 1.56512e-03 1.50258e-03 1.44105e-03 1.38064e-03 1.32147e-03 1.26364e-03 1.20725e-03 1.15238e-03 1.09911e-03 1.04751e-03 9.97635e-04 9.49529e-04 9.03228e-04 8.58756e-04 8.16127e-04 7.75343e-04 7.36396e-04 6.99268e-04 6.63932e-04 6.30350e-04 5.98476e-04 5.68255e-04 5.39622e-04 5.12508e-04 4.86834e-04 4.62517e-04 4.39471e-04 4.17605e-04 3.96829e-04 3.77056e-04 3.58199e-04 3.40177e-04 3.22917e-04 3.06353e-04 2.90427e-04 2.75089e-04 2.60300e-04 2.46029e-04 2.32252e-04 2.18953e-04 2.06122e-04 1.93754e-04 1.81845e-04 1.70396e-04 1.59409e-04 1.48884e-04 1.38824e-04 1.29226e-04 1.20091e-04 1.11414e-04 1.03189e-04 9.54106e-05 8.80682e-05 8.11515e-05 7.46485e-05 6.85461e-05 6.28300e-05 5.74855e-05 5.24972e-05 4.78495e-05 4.35267e-05 3.95130e-05 3.57927e-05 3.23505e-05 2.91713e-05 2.62403e-05 2.35432e-05 2.10663e-05 1.87962e-05 1.67201e-05 1.48256e-05 1.31010e-05 1.15349e-05 1.01167e-05 8.83592e-06 7.68293e-06 6.64838e-06 5.72342e-06 4.89965e-06 4.16909e-06 3.52415e-06 2.95767e-06 2.46283e-06 2.03318e-06 1.66263e-06 1.34541e-06 1.07607e-06 8.49483e-07 6.60828e-07 5.05582e-07 3.79519e-07 2.78706e-07 1.99503e-07 1.38558e-07 9.28058e-08 5.94701e-08 3.60592e-08 2.03659e-08 1.04651e-08 4.71273e-09 1.74270e-09 4.65520e-10 6.59982e-11 1.69196e-12
4.503223 7.73507e-02 1.23428e-01 9.51840e-02 7.00278e-02 5.02054e-02 3.58668e-02 2.64095e-02 2.07024e-02 1.76079e-02 1.61890e-02 1.57197e-02 1.56691e-02 1.56934e-02 1.56123e-02 1.53624e-02 1.49497e-02 1.44113e-02 1.37905e-02 1.31237e-02 1.24368e-02 1.17468e-02 1.10657e-02 1.04035e-02 9.76858e-03 9.16704e-03 8.60138e-03 8.06977e-03 7.56705e-03 7.08752e-03 6.62892e-03 6.19556e-03 5.79819e-03 5.45027e-03 5.16139e-03 4.93095e-03 4.74801e-03 4.59863e-03 4.47218e-03 4.36232e-03 4.26544e-03 4.17924e-03 4.10200e-03 4.03231e-03 3.96897e-03 3.91094e-03 3.85739e-03 3.80758e-03 3.76092e-03 3.71688e-03 3.67500e-03 3.63488e-03 3.59614e-03 3.55845e-03 3.52151e-03 3.48504e-03 3.44881e-03 3.41262e-03 3.37626e-03 3.33960e-03 3.30247e-03 3.26475e-03 3.22631e-03 3.18704e-03 3.14683e-03 3.10556e-03 3.06312e-03 3.01942e-03 2.97436e-03 2.92782e-03 2.87975e-03 2.83006e-03 2.77870e-03 2.72564e-03 2.67089e-03 2.61446e-03 2.55642e-03 2.49685e-03 2.43587e-03 2.37361e-03 2.31020e-03 2.24581e-03 2.18058e-03 2.11468e-03 2.04826e-03 1.98145e-03 1.91442e-03 1.84732e-03 1.78028e-03 1.71346e-03 1.64702e-03 1.58112e-03 1.51591e-03 1.45156e-03 1.38823e-03 1.32607e-03 1.26523e-03 1.20586e-03 1.14807e-03 1.09201e-03 1.03775e-03 9.85409e-04 9.35045e-04 8.86720e-04 8.40473e-04 7.96325e-04 7.54281e-04 7.14329e-04 6.76441e-04 6.40574e-04 6.06669e-04 5.74656e-04 5.44455e-04 5.15974e-04 4.89114e-04 4.63772e-04 4.39839e-04 4.17205e-04 3.95761e-04 3.75402e-04 3.56028e-04 3.37545e-04 3.19869e-04 3.02926e-04 2.86654e-04 2.70999e-04 2.55919e-04 2.41385e-04 2.27372e-04 2.13866e-04 2.00858e-04 1.88344e-04 1.76323e-04 1.64797e-04 1.53765e-04 1.43231e-04 1.33192e-04 1.23648e-04 1.14594e-04 1.06024e-04 9.79299e-05 9.03008e-05 8.31248e-05 7.63882e-05 7.00761e-05 6.41725e-05 5.86609e-05 5.35241e-05 4.87450e-05 4.43060e-05 4.01899e-05 3.63798e-05 3.28587e-05 2.96106e-05 2.66194e-05 2.38700e-05 2.13476e-05 1.90380e-05 1.69277e-05 1.50037e-05 1.32535e-05 1.16654e-05 1.02281e-05 8.93097e-06 7.76387e-06 6.71715e-06 5.78170e-06 4.94889e-06 4.21053e-06 3.55888e-06 2.98661e-06 2.48679e-06 2.05287e-06 1.67867e-06 1.35834e-06 1.08637e-06 8.57577e-07 6.67092e-07 5.10345e-07 3.83068e-07 2.81291e-07 2.01336e-07 1.39817e-07 9.36391e-08 5.99975e-08 3.63749e-08 2.05419e-08 1.05545e-08 4.75254e-09 1.75729e-09 4.69387e-10 6.65434e-11 1.70590e-12
4.603295 7.59132e-02 1.22327e-01 9.43727e-02 6.87550e-02 4.90719e-02 3.51321e-02 2.59475e-02 2.03632e-02 1.73139e-02 1.59115e-02 1.54517e-02 1.54105e-02 1.54453e-02 1.53756e-02 1.51393e-02 1.47444e-02 1.42308e-02 1.36437e-02 1.30189e-02 1.23791e-02 1.17362e-02 1.10965e-02 1.04655e-02 9.85001e-03 9.25773e-03 8.69483e-03 8.16426e-03 7.66508e-03 7.19383e-03 6.74769e-03 6.32786e-03 5.94092e-03 5.59708e-03 5.30584e-03 5.06990e-03 4.88163e-03 4.72789e-03 4.59763e-03 4.48423e-03 4.38399e-03 4.29454e-03 4.21406e-03 4.14105e-03 4.07420e-03 4.01249e-03 3.95505e-03 3.90122e-03 3.85046e-03 3.80235e-03 3.75651e-03 3.71262e-03 3.67037e-03 3.62949e-03 3.58973e-03 3.55084e-03 3.51262e-03 3.47488e-03 3.43743e-03 3.40014e-03 3.36287e-03 3.32549e-03 3.28788e-03 3.24993e-03 3.21153e-03 3.17257e-03 3.13293e-03 3.09251e-03 3.05118e-03 3.00883e-03 2.96533e-03 2.92057e-03 2.87444e-03 2.82684e-03 2.77768e-03 2.72692e-03 2.67449e-03 2.62040e-03 2.56467e-03 2.50734e-03 2.44849e-03 2.38823e-03 2.32668e-03 2.26394e-03 2.20016e-03 2.13546e-03 2.06997e-03 2.00379e-03 1.93707e-03 1.86993e-03 1.80250e-03 1.73492e-03 1.66736e-03 1.59999e-03 1.53298e-03 1.46652e-03 1.40083e-03 1.33609e-03 1.27251e-03 1.21028e-03 1.14961e-03 1.09065e-03 1.03358e-03 9.78540e-04 9.25647e-04 8.75001e-04 8.26675e-04 7.80716e-04 7.37142e-04 6.95947e-04 6.57098e-04 6.20538e-04 5.86188e-04 5.53952e-04 5.23716e-04 4.95353e-04 4.68728e-04 4.43701e-04 4.20131e-04 3.97879e-04 3.76811e-04 3.56803e-04 3.37742e-04 3.19529e-04 3.02080e-04 2.85325e-04 2.69208e-04 2.53688e-04 2.38736e-04 2.24332e-04 2.10466e-04 1.97133e-04 1.84334e-04 1.72071e-04 1.60346e-04 1.49163e-04 1.38521e-04 1.28419e-04 1.18852e-04 1.09814e-04 1.01294e-04 9.32791e-05 8.57558e-05 7.87075e-05 7.21165e-05 6.59643e-05 6.02315e-05 5.48986e-05 4.99458e-05 4.53535e-05 4.11023e-05 3.71731e-05 3.35477e-05 3.02079e-05 2.71366e-05 2.43172e-05 2.17337e-05 1.93709e-05 1.72143e-05 1.52500e-05 1.34650e-05 1.18467e-05 1.03833e-05 9.06360e-06 7.87696e-06 6.81337e-06 5.86335e-06 5.01794e-06 4.26872e-06 3.60769e-06 3.02733e-06 2.52055e-06 2.08066e-06 1.70133e-06 1.37664e-06 1.10099e-06 8.69095e-07 6.76031e-07 5.17162e-07 3.88164e-07 2.85014e-07 2.03984e-07 1.41642e-07 9.48517e-08 6.07675e-08 3.68375e-08 2.08007e-08 1.06863e-08 4.81137e-09 1.77888e-09 4.75120e-10 6.73529e-11 1.72661e-12
4.703366 7.10355e-02 1.15658e-01 9.09786e-02 6.77701e-02 4.88674e-02 3.50729e-02 2.59443e-02 2.03983e-02 1.73633e-02 1.59628e-02 1.55044e-02 1.54664e-02 1.55040e-02 1.54354e-02 1.51998e-02 1.48086e-02 1.43052e-02 1.37371e-02 1.31406e-02 1.25358e-02 1.19296e-02 1.13224e-02 1.07148e-02 1.01111e-02 9.51905e-03 8.94784e-03 8.40469e-03 7.89314e-03 7.41315e-03 6.96335e-03 6.54415e-03 6.15954e-03 5.81653e-03 5.52261e-03 5.28130e-03 5.08736e-03 4.92860e-03 4.79372e-03 4.67597e-03 4.57180e-03 4.47884e-03 4.39516e-03 4.31902e-03 4.24899e-03 4.18387e-03 4.12278e-03 4.06503e-03 4.01013e-03 3.95771e-03 3.90746e-03 3.85914e-03 3.81253e-03 3.76742e-03 3.72360e-03 3.68089e-03 3.63912e-03 3.59811e-03 3.55772e-03 3.51783e-03 3.47831e-03 3.43907e-03 3.39999e-03 3.36099e-03 3.32197e-03 3.28282e-03 3.24346e-03 3.20375e-03 3.16360e-03 3.12287e-03 3.08145e-03 3.03919e-03 2.99598e-03 2.95168e-03 2.90617e-03 2.85934e-03 2.81108e-03 2.76134e-03 2.71004e-03 2.65716e-03 2.60270e-03 2.54670e-03 2.48920e-03 2.43029e-03 2.37003e-03 2.30854e-03 2.24589e-03 2.18218e-03 2.11748e-03 2.05188e-03 1.98544e-03 1.91825e-03 1.85042e-03 1.78205e-03 1.71328e-03 1.64428e-03 1.57522e-03 1.50632e-03 1.43780e-03 1.36991e-03 1.30291e-03 1.23704e-03 1.17257e-03 1.10974e-03 1.04880e-03 9.89954e-04 9.33402e-04 8.79305e-04 8.27792e-04 7.78955e-04 7.32848e-04 6.89485e-04 6.48839e-04 6.10846e-04 5.75409e-04 5.42397e-04 5.11657e-04 4.83015e-04 4.56284e-04 4.31272e-04 4.07787e-04 3.85646e-04 3.64681e-04 3.44740e-04 3.25695e-04 3.07438e-04 2.89888e-04 2.72985e-04 2.56687e-04 2.40971e-04 2.25828e-04 2.11255e-04 1.97260e-04 1.83851e-04 1.71038e-04 1.58828e-04 1.47227e-04 1.36236e-04 1.25850e-04 1.16063e-04 1.06862e-04 9.82311e-05 9.01529e-05 8.26064e-05 7.55695e-05 6.90190e-05 6.29311e-05 5.72819e-05 5.20478e-05 4.72055e-05 4.27323e-05 3.86061e-05 3.48060e-05 3.13114e-05 2.81031e-05 2.51624e-05 2.24717e-05 2.00143e-05 1.77742e-05 1.57364e-05 1.38866e-05 1.22114e-05 1.06981e-05 9.33457e-06 8.10956e-06 7.01240e-06 6.03305e-06 5.16207e-06 4.39056e-06 3.71016e-06 3.11301e-06 2.59170e-06 2.13929e-06 1.74923e-06 1.41538e-06 1.13196e-06 8.93536e-07 6.95033e-07 5.31687e-07 3.99053e-07 2.92994e-07 2.09682e-07 1.45587e-07 9.74837e-08 6.24469e-08 3.78511e-08 2.13705e-08 1.09777e-08 4.94204e-09 1.82702e-09 4.87940e-10 6.91666e-11 1.77305e-12
4.803438 7.35220e-02 1.16527e-01 8.92956e-02 6.55881e-02 4.73396e-02 3.41666e-02 2.53718e-02 1.99903e-02 1.70383e-02 1.56737e-02 1.52238e-02 1.51816e-02 1.52118e-02 1.51384e-02 1.49044e-02 1.45237e-02 1.40411e-02 1.35049e-02 1.29502e-02 1.23944e-02 1.18398e-02 1.12812e-02 1.07142e-02 1.01397e-02 9.56487e-03 9.00050e-03 8.45723e-03 7.94263e-03 7.46030e-03 7.01130e-03 6.59674e-03 6.21964e-03 5.88458e-03 5.59641e-03 5.35778e-03 5.16483e-03 5.00649e-03 4.87145e-03 4.75305e-03 4.64814e-03 4.55468e-03 4.47071e-03 4.39435e-03 4.32396e-03 4.25819e-03 4.19607e-03 4.13686e-03 4.08010e-03 4.02544e-03 3.97265e-03 3.92156e-03 3.87200e-03 3.82385e-03 3.77697e-03 3.73121e-03 3.68645e-03 3.64257e-03 3.59944e-03 3.55699e-03 3.51512e-03 3.47376e-03 3.43284e-03 3.39229e-03 3.35206e-03 3.31206e-03 3.27221e-03 3.23243e-03 3.19261e-03 3.15265e-03 3.11242e-03 3.07181e-03 3.03068e-03 2.98890e-03 2.94635e-03 2.90291e-03 2.85846e-03 2.81289e-03 2.76614e-03 2.71811e-03 2.66877e-03 2.61810e-03 2.56608e-03 2.51274e-03 2.45811e-03 2.40225e-03 2.34519e-03 2.28700e-03 2.22771e-03 2.16736e-03 2.10596e-03 2.04353e-03 1.98008e-03 1.91563e-03 1.85022e-03 1.78391e-03 1.71678e-03 1.64896e-03 1.58062e-03 1.51195e-03 1.44318e-03 1.37456e-03 1.30638e-03 1.23895e-03 1.17257e-03 1.10755e-03 1.04422e-03 9.82857e-04 9.23750e-04 8.67142e-04 8.13245e-04 7.62224e-04 7.14194e-04 6.69220e-04 6.27308e-04 5.88411e-04 5.52426e-04 5.19202e-04 4.88549e-04 4.60242e-04 4.34033e-04 4.09666e-04 3.86886e-04 3.65452e-04 3.45147e-04 3.25785e-04 3.07217e-04 2.89331e-04 2.72051e-04 2.55334e-04 2.39162e-04 2.23539e-04 2.08481e-04 1.94014e-04 1.80164e-04 1.66957e-04 1.54411e-04 1.42538e-04 1.31343e-04 1.20822e-04 1.10964e-04 1.01751e-04 9.31613e-05 8.51689e-05 7.77457e-05 7.08622e-05 6.44884e-05 5.85947e-05 5.31519e-05 4.81319e-05 4.35076e-05 3.92532e-05 3.53444e-05 3.17580e-05 2.84722e-05 2.54663e-05 2.27210e-05 2.02178e-05 1.79397e-05 1.58704e-05 1.39947e-05 1.22982e-05 1.07676e-05 9.39000e-06 8.15371e-06 7.04753e-06 6.06100e-06 5.18434e-06 4.40834e-06 3.72440e-06 3.12444e-06 2.60090e-06 2.14670e-06 1.75520e-06 1.42016e-06 1.13576e-06 8.96532e-07 6.97359e-07 5.33460e-07 4.00373e-07 2.93952e-07 2.10355e-07 1.46043e-07 9.77800e-08 6.26298e-08 3.79573e-08 2.14277e-08 1.10057e-08 4.95404e-09 1.83126e-09 4.89032e-10 6.93171e-11 1.77684e-12
4.903509 6.83881e-02 1.11561e-01 8.76239e-02 6.50148e-02 4.69852e-02 3.39636e-02 2.52999e-02 1.99836e-02 1.70455e-02 1.56714e-02 1.52039e-02 1.51427e-02 1.51560e-02 1.50710e-02 1.48328e-02 1.44566e-02 1.39880e-02 1.34751e-02 1.29528e-02 1.24365e-02 1.19249e-02 1.14081e-02 1.08764e-02 1.03273e-02 9.76630e-03 9.20496e-03 8.65657e-03 8.13221e-03 7.63899e-03 7.18070e-03 6.75999e-03 6.38006e-03 6.04444e-03 5.75606e-03 5.51628e-03 5.32181e-03 5.16238e-03 5.02619e-03 4.90611e-03 4.79930e-03 4.70426e-03 4.61924e-03 4.54225e-03 4.47138e-03 4.40508e-03 4.34216e-03 4.28182e-03 4.22351e-03 4.16690e-03 4.11178e-03 4.05802e-03 4.00551e-03 3.95418e-03 3.90392e-03 3.85466e-03 3.80630e-03 3.75875e-03 3.71195e-03 3.66583e-03 3.62033e-03 3.57543e-03 3.53110e-03 3.48730e-03 3.44402e-03 3.40120e-03 3.35882e-03 3.31680e-03 3.27507e-03 3.23356e-03 3.19215e-03 3.15074e-03 3.10922e-03 3.06747e-03 3.02536e-03 2.98279e-03 2.93964e-03 2.89582e-03 2.85124e-03 2.80582e-03 2.75951e-03 2.71225e-03 2.66402e-03 2.61479e-03 2.56456e-03 2.51335e-03 2.46116e-03 2.40801e-03 2.35391e-03 2.29887e-03 2.24286e-03 2.18586e-03 2.12781e-03 2.06866e-03 2.00833e-03 1.94679e-03 1.88400e-03 1.81995e-03 1.75467e-03 1.68823e-03 1.62076e-03 1.55242e-03 1.48340e-03 1.41396e-03 1.34438e-03 1.27498e-03 1.20611e-03 1.13813e-03 1.07143e-03 1.00637e-03 9.43347e-04 8.82697e-04 8.24748e-04 7.69781e-04 7.18023e-04 6.69637e-04 6.24717e-04 5.83274e-04 5.45243e-04 5.10480e-04 4.78766e-04 4.49828e-04 4.23343e-04 3.98967e-04 3.76352e-04 3.55168e-04 3.35118e-04 3.15957e-04 2.97493e-04 2.79597e-04 2.62193e-04 2.45254e-04 2.28790e-04 2.12840e-04 1.97457e-04 1.82698e-04 1.68617e-04 1.55260e-04 1.42656e-04 1.30823e-04 1.19761e-04 1.09459e-04 9.98948e-05 9.10388e-05 8.28556e-05 7.53069e-05 6.83529e-05 6.19543e-05 5.60724e-05 5.06706e-05 4.57143e-05 4.11709e-05 3.70101e-05 3.32040e-05 2.97262e-05 2.65527e-05 2.36608e-05 2.10296e-05 1.86397e-05 1.64729e-05 1.45121e-05 1.27417e-05 1.11467e-05 9.71335e-06 8.42875e-06 7.28082e-06 6.25828e-06 5.35058e-06 4.54790e-06 3.84105e-06 3.22146e-06 2.68113e-06 2.21260e-06 1.80890e-06 1.46353e-06 1.17041e-06 9.23877e-07 7.18632e-07 5.49736e-07 4.12588e-07 3.02915e-07 2.16761e-07 1.50482e-07 1.00744e-07 6.45214e-08 3.90990e-08 2.20693e-08 1.13337e-08 5.10103e-09 1.88538e-09 5.03434e-10 7.13536e-11 1.82898e-12
5.003581 6.70104e-02 1.08498e-01 8.49594e-02 6.34421e-02 4.62145e-02 3.35682e-02 2.50848e-02 1.98703e-02 1.69807e-02 1.56155e-02 1.51345e-02 1.50518e-02 1.50454e-02 1.49480e-02 1.47072e-02 1.43385e-02 1.38863e-02 1.33979e-02 1.29070e-02 1.24278e-02 1.19562e-02 1.14788e-02 1.09823e-02 1.04608e-02 9.91801e-03 9.36556e-03 8.81807e-03 8.28892e-03 7.78790e-03 7.32134e-03 6.89387e-03 6.50977e-03 6.17260e-03 5.88418e-03 5.64461e-03 5.45045e-03 5.29181e-03 5.15636e-03 5.03626e-03 4.92877e-03 4.83297e-03 4.74755e-03 4.67059e-03 4.59998e-03 4.53396e-03 4.47116e-03 4.41063e-03 4.35177e-03 4.29422e-03 4.23774e-03 4.18223e-03 4.12761e-03 4.07381e-03 4.02077e-03 3.96844e-03 3.91675e-03 3.86564e-03 3.81506e-03 3.76499e-03 3.71542e-03 3.66635e-03 3.61780e-03 3.56979e-03 3.52234e-03 3.47547e-03 3.42916e-03 3.38341e-03 3.33818e-03 3.29343e-03 3.24907e-03 3.20503e-03 3.16123e-03 3.11758e-03 3.07397e-03 3.03032e-03 2.98654e-03 2.94256e-03 2.89831e-03 2.85373e-03 2.80877e-03 2.76339e-03 2.71756e-03 2.67123e-03 2.62440e-03 2.57705e-03 2.52915e-03 2.48070e-03 2.43168e-03 2.38204e-03 2.33175e-03 2.28075e-03 2.22894e-03 2.17622e-03 2.12247e-03 2.06756e-03 2.01135e-03 1.95373e-03 1.89461e-03 1.83393e-03 1.77166e-03 1.70784e-03 1.64252e-03 1.57584e-03 1.50797e-03 1.43911e-03 1.36955e-03 1.29958e-03 1.22955e-03 1.15984e-03 1.09087e-03 1.02307e-03 9.56880e-04 8.92758e-04 8.31137e-04 7.72427e-04 7.16994e-04 6.65140e-04 6.17087e-04 5.72957e-04 5.32760e-04 4.96392e-04 4.63632e-04 4.34160e-04 4.07576e-04 3.83433e-04 3.61269e-04 3.40642e-04 3.21159e-04 3.02498e-04 2.84420e-04 2.66770e-04 2.49473e-04 2.32522e-04 2.15961e-04 1.99870e-04 1.84342e-04 1.69474e-04 1.55349e-04 1.42032e-04 1.29564e-04 1.17961e-04 1.07218e-04 9.73137e-05 8.82106e-05 7.98644e-05 7.22251e-05 6.52413e-05 5.88619e-05 5.30381e-05 4.77241e-05 4.28774e-05 3.84592e-05 3.44341e-05 3.07699e-05 2.74374e-05 2.44097e-05 2.16625e-05 1.91734e-05 1.69219e-05 1.48890e-05 1.30571e-05 1.14100e-05 9.93259e-06 8.61078e-06 7.43156e-06 6.38279e-06 5.45318e-06 4.63224e-06 3.91019e-06 3.27798e-06 2.72718e-06 2.24996e-06 1.83905e-06 1.48769e-06 1.18962e-06 9.38983e-07 7.30359e-07 5.58697e-07 4.19309e-07 3.07843e-07 2.20280e-07 1.52916e-07 1.02365e-07 6.55531e-08 3.97193e-08 2.24163e-08 1.15102e-08 5.17974e-09 1.91422e-09 5.11082e-10 7.24321e-11 1.85654e-12
5.103653 6.77408e-02 1.07939e-01 8.33400e-02 6.18201e-02 4.50892e-02 3.29057e-02 2.47011e-02 1.96248e-02 1.67920e-02 1.54350e-02 1.49349e-02 1.48236e-02 1.47929e-02 1.46829e-02 1.44429e-02 1.40862e-02 1.36542e-02 1.31920e-02 1.27325e-02 1.22892e-02 1.18570e-02 1.14201e-02 1.09625e-02 1.04756e-02 9.96101e-03 9.42916e-03 8.89470e-03 8.37201e-03 7.87258e-03 7.40482e-03 6.97534e-03 6.58986e-03 6.25255e-03 5.96500e-03 5.72657e-03 5.53376e-03 5.37715e-03 5.24410e-03 5.12585e-03 5.01928e-03 4.92387e-03 4.83893e-03 4.76281e-03 4.69341e-03 4.62874e-03 4.56727e-03 4.50788e-03 4.44987e-03 4.39280e-03 4.33642e-03 4.28058e-03 4.22519e-03 4.17018e-03 4.11548e-03 4.06104e-03 4.00680e-03 3.95271e-03 3.89876e-03 3.84495e-03 3.79129e-03 3.73786e-03 3.68472e-03 3.63194e-03 3.57962e-03 3.52783e-03 3.47663e-03 3.42606e-03 3.37615e-03 3.32690e-03 3.27829e-03 3.23030e-03 3.18288e-03 3.13599e-03 3.08956e-03 3.04356e-03 2.99792e-03 2.95261e-03 2.90759e-03 2.86281e-03 2.81824e-03 2.77386e-03 2.72963e-03 2.68552e-03 2.64149e-03 2.59752e-03 2.55356e-03 2.50956e-03 2.46548e-03 2.42125e-03 2.37680e-03 2.33204e-03 2.28685e-03 2.24110e-03 2.19464e-03 2.14730e-03 2.09890e-03 2.04926e-03 1.99820e-03 1.94555e-03 1.89117e-03 1.83496e-03 1.77686e-03 1.71684e-03 1.65494e-03 1.59122e-03 1.52583e-03 1.45892e-03 1.39073e-03 1.32151e-03 1.25160e-03 1.18134e-03 1.11114e-03 1.04146e-03 9.72787e-04 9.05640e-04 8.40560e-04 7.78091e-04 7.18755e-04 6.63032e-04 6.11321e-04 5.63911e-04 5.20952e-04 4.82429e-04 4.48162e-04 4.17808e-04 3.90896e-04 3.66868e-04 3.45132e-04 3.25113e-04 3.06302e-04 2.88281e-04 2.70747e-04 2.53509e-04 2.36483e-04 2.19677e-04 2.03165e-04 1.87065e-04 1.71514e-04 1.56647e-04 1.42578e-04 1.29392e-04 1.17141e-04 1.05840e-04 9.54787e-05 8.60213e-05 7.74174e-05 6.96073e-05 6.25272e-05 5.61131e-05 5.03038e-05 4.50426e-05 4.02773e-05 3.59614e-05 3.20529e-05 2.85146e-05 2.53133e-05 2.24193e-05 1.98059e-05 1.74491e-05 1.53271e-05 1.34199e-05 1.17093e-05 1.01785e-05 8.81212e-06 7.59576e-06 6.51623e-06 5.56127e-06 4.71953e-06 3.98050e-06 3.33447e-06 2.77246e-06 2.28615e-06 1.86788e-06 1.51056e-06 1.20764e-06 9.53069e-07 7.41249e-07 5.67000e-07 4.25529e-07 3.12405e-07 2.23538e-07 1.55171e-07 1.03868e-07 6.65091e-08 4.02937e-08 2.27373e-08 1.16733e-08 5.25232e-09 1.94077e-09 5.18107e-10 7.34214e-11 1.88180e-12
5.203724 6.32544e-02 1.03483e-01 8.17735e-02 6.11869e-02 4.46846e-02 3.26836e-02 2.46261e-02 1.96252e-02 1.68067e-02 1.54286e-02 1.48937e-02 1.47489e-02 1.46950e-02 1.45756e-02 1.43384e-02 1.39927e-02 1.35761e-02 1.31316e-02 1.26923e-02 1.22725e-02 1.18673e-02 1.14602e-02 1.10336e-02 1.05765e-02 1.00885e-02 9.57808e-03 9.05875e-03 8.54473e-03 8.04830e-03 7.57942e-03 7.14656e-03 6.75705e-03 6.41610e-03 6.12560e-03 5.88478e-03 5.69028e-03 5.53326e-03 5.40099e-03 5.28369e-03 5.17742e-03 5.08163e-03 4.99614e-03 4.91983e-03 4.85072e-03 4.78670e-03 4.72603e-03 4.66742e-03 4.61004e-03 4.55333e-03 4.49697e-03 4.44074e-03 4.38449e-03 4.32809e-03 4.27144e-03 4.21445e-03 4.15703e-03 4.09915e-03 4.04079e-03 3.98199e-03 3.92283e-03 3.86343e-03 3.80393e-03 3.74451e-03 3.68533e-03 3.62655e-03 3.56833e-03 3.51079e-03 3.45404e-03 3.39815e-03 3.34318e-03 3.28916e-03 3.23610e-03 3.18402e-03 3.13290e-03 3.08274e-03 3.03352e-03 2.98523e-03 2.93784e-03 2.89135e-03 2.84572e-03 2.80092e-03 2.75693e-03 2.71369e-03 2.67116e-03 2.62928e-03 2.58799e-03 2.54722e-03 2.50689e-03 2.46690e-03 2.42715e-03 2.38751e-03 2.34785e-03 2.30802e-03 2.26785e-03 2.22715e-03 2.18572e-03 2.14337e-03 2.09987e-03 2.05501e-03 2.00857e-03 1.96037e-03 1.91023e-03 1.85801e-03 1.80360e-03 1.74694e-03 1.68802e-03 1.62687e-03 1.56356e-03 1.49823e-03 1.43104e-03 1.36223e-03 1.29205e-03 1.22085e-03 1.14900e-03 1.07696e-03 1.00524e-03 9.34421e-04 8.65137e-04 7.98061e-04 7.33880e-04 6.73263e-04 6.16815e-04 5.65027e-04 5.18227e-04 4.76534e-04 4.39837e-04 4.07794e-04 3.79867e-04 3.55382e-04 3.33602e-04 3.13806e-04 2.95349e-04 2.77711e-04 2.60512e-04 2.43518e-04 2.26628e-04 2.09856e-04 1.93298e-04 1.77104e-04 1.61449e-04 1.46501e-04 1.32405e-04 1.19265e-04 1.07140e-04 9.60478e-05 8.59697e-05 7.68592e-05 6.86519e-05 6.12738e-05 5.46479e-05 4.86990e-05 4.33566e-05 3.85565e-05 3.42415e-05 3.03611e-05 2.68709e-05 2.37324e-05 2.09114e-05 1.83780e-05 1.61055e-05 1.40703e-05 1.22508e-05 1.06276e-05 9.18309e-06 7.90092e-06 6.76618e-06 5.76516e-06 4.88517e-06 4.11454e-06 3.44252e-06 2.85920e-06 2.35550e-06 1.92306e-06 1.55422e-06 1.24195e-06 9.79795e-07 7.61842e-07 5.82653e-07 4.37228e-07 3.20969e-07 2.29653e-07 1.59406e-07 1.06694e-07 6.83116e-08 4.13803e-08 2.33469e-08 1.19842e-08 5.39128e-09 1.99179e-09 5.31656e-10 7.53337e-11 1.93070e-12
5.303796 6.32076e-02 1.01370e-01 7.90792e-02 5.94368e-02 4.38040e-02 3.22275e-02 2.43804e-02 1.94950e-02 1.67252e-02 1.53477e-02 1.47889e-02 1.46161e-02 1.45432e-02 1.44182e-02 1.41866e-02 1.38529e-02 1.34501e-02 1.30191e-02 1.25932e-02 1.21882e-02 1.18002e-02 1.14137e-02 1.10108e-02 1.05800e-02 1.01194e-02 9.63549e-03 9.13975e-03 8.64458e-03 8.16154e-03 7.70115e-03 7.27331e-03 6.88684e-03 6.54798e-03 6.25905e-03 6.01945e-03 5.82598e-03 5.67021e-03 5.53957e-03 5.42397e-03 5.31892e-03 5.22363e-03 5.13822e-03 5.06200e-03 4.99325e-03 4.92987e-03 4.86999e-03 4.81219e-03 4.75550e-03 4.69928e-03 4.64308e-03 4.58659e-03 4.52955e-03 4.47174e-03 4.41295e-03 4.35304e-03 4.29189e-03 4.22944e-03 4.16571e-03 4.10081e-03 4.03489e-03 3.96819e-03 3.90097e-03 3.83353e-03 3.76617e-03 3.69916e-03 3.63276e-03 3.56721e-03 3.50270e-03 3.43936e-03 3.37734e-03 3.31671e-03 3.25754e-03 3.19989e-03 3.14378e-03 3.08924e-03 3.03628e-03 2.98490e-03 2.93510e-03 2.88685e-03 2.84012e-03 2.79487e-03 2.75105e-03 2.70858e-03 2.66740e-03 2.62743e-03 2.58858e-03 2.55075e-03 2.51383e-03 2.47769e-03 2.44221e-03 2.40724e-03 2.37262e-03 2.33819e-03 2.30376e-03 2.26915e-03 2.23415e-03 2.19857e-03 2.16217e-03 2.12475e-03 2.08607e-03 2.04591e-03 2.00402e-03 1.96021e-03 1.91427e-03 1.86604e-03 1.81535e-03 1.76213e-03 1.70629e-03 1.64782e-03 1.58675e-03 1.52317e-03 1.45719e-03 1.38901e-03 1.31887e-03 1.24707e-03 1.17399e-03 1.10009e-03 1.02590e-03 9.52082e-04 8.79341e-04 8.08469e-04 7.40299e-04 6.75662e-04 6.15337e-04 5.59986e-04 5.10084e-04 4.65860e-04 4.27256e-04 3.93923e-04 3.65259e-04 3.40484e-04 3.18741e-04 2.99192e-04 2.81098e-04 2.63868e-04 2.47077e-04 2.30464e-04 2.13916e-04 1.97445e-04 1.81155e-04 1.65211e-04 1.49803e-04 1.35118e-04 1.21314e-04 1.08505e-04 9.67546e-05 8.60797e-05 7.64553e-05 6.78269e-05 6.01205e-05 5.32528e-05 4.71379e-05 4.16936e-05 3.68434e-05 3.25192e-05 2.86609e-05 2.52162e-05 2.21399e-05 1.93931e-05 1.69420e-05 1.47569e-05 1.28119e-05 1.10837e-05 9.55163e-06 8.19683e-06 7.00223e-06 5.95220e-06 5.03243e-06 4.22978e-06 3.53220e-06 2.92867e-06 2.40909e-06 1.96426e-06 1.58580e-06 1.26607e-06 9.98140e-07 7.75709e-07 5.93042e-07 4.44912e-07 3.26556e-07 2.33623e-07 1.62148e-07 1.08519e-07 6.94732e-08 4.20785e-08 2.37371e-08 1.21824e-08 5.47944e-09 2.02401e-09 5.40173e-10 7.65321e-11 1.96129e-12
5.403867 6.26638e-02 1.00931e-01 7.84480e-02 5.83151e-02 4.28002e-02 3.15995e-02 2.40265e-02 1.92726e-02 1.65449e-02 1.51618e-02 1.45763e-02 1.43764e-02 1.42887e-02 1.41638e-02 1.39435e-02 1.36256e-02 1.32375e-02 1.28178e-02 1.24003e-02 1.20029e-02 1.16248e-02 1.12525e-02 1.08697e-02 1.04652e-02 1.00362e-02 9.58692e-03 9.12584e-03 8.66239e-03 8.20614e-03 7.76710e-03 7.35573e-03 6.98180e-03 6.65229e-03 6.37015e-03 6.13528e-03 5.94514e-03 5.79211e-03 5.66428e-03 5.55148e-03 5.44875e-03 5.35489e-03 5.27007e-03 5.19407e-03 5.12559e-03 5.06268e-03 5.00342e-03 4.94627e-03 4.89015e-03 4.83429e-03 4.77814e-03 4.72123e-03 4.66319e-03 4.60365e-03 4.54229e-03 4.47888e-03 4.41324e-03 4.34534e-03 4.27524e-03 4.20316e-03 4.12939e-03 4.05433e-03 3.97841e-03 3.90211e-03 3.82587e-03 3.75011e-03 3.67520e-03 3.60145e-03 3.52912e-03 3.45843e-03 3.38953e-03 3.32255e-03 3.25759e-03 3.19473e-03 3.13403e-03 3.07552e-03 3.01922e-03 2.96515e-03 2.91328e-03 2.86358e-03 2.81600e-03 2.77046e-03 2.72688e-03 2.68518e-03 2.64525e-03 2.60699e-03 2.57030e-03 2.53504e-03 2.50109e-03 2.46831e-03 2.43655e-03 2.40565e-03 2.37544e-03 2.34575e-03 2.31639e-03 2.28718e-03 2.25792e-03 2.22842e-03 2.19846e-03 2.16784e-03 2.13633e-03 2.10371e-03 2.06974e-03 2.03418e-03 1.99679e-03 1.95733e-03 1.91557e-03 1.87130e-03 1.82433e-03 1.77451e-03 1.72171e-03 1.66586e-03 1.60694e-03 1.54498e-03 1.48007e-03 1.41237e-03 1.34212e-03 1.26963e-03 1.19528e-03 1.11958e-03 1.04312e-03 9.66603e-04 8.90834e-04 8.16703e-04 7.45159e-04 6.77159e-04 6.13615e-04 5.55311e-04 5.02831e-04 4.56475e-04 4.16214e-04 3.81679e-04 3.52206e-04 3.26933e-04 3.04919e-04 2.85264e-04 2.67190e-04 2.50088e-04 2.33525e-04 2.17230e-04 2.01074e-04 1.85047e-04 1.69230e-04 1.53769e-04 1.38842e-04 1.24628e-04 1.11286e-04 9.89312e-05 8.76326e-05 7.74094e-05 6.82391e-05 6.00669e-05 5.28172e-05 4.64034e-05 4.07365e-05 3.57305e-05 3.13062e-05 2.73929e-05 2.39288e-05 2.08606e-05 1.81427e-05 1.57359e-05 1.36063e-05 1.17248e-05 1.00655e-05 8.60561e-06 7.32473e-06 6.20439e-06 5.22784e-06 4.37982e-06 3.64639e-06 3.01486e-06 2.47369e-06 2.01239e-06 1.62149e-06 1.29244e-06 1.01757e-06 7.89983e-07 6.03475e-07 4.52479e-07 3.31976e-07 2.37435e-07 1.64760e-07 1.10251e-07 7.05713e-08 4.27369e-08 2.41042e-08 1.23683e-08 5.56187e-09 2.05403e-09 5.48090e-10 7.76435e-11 1.98962e-12
5.503939 5.94331e-02 9.63372e-02 7.59307e-02 5.73459e-02 4.23900e-02 3.13876e-02 2.39509e-02 1.92796e-02 1.65732e-02 1.51729e-02 1.45581e-02 1.43344e-02 1.42361e-02 1.41136e-02 1.39033e-02 1.35959e-02 1.32140e-02 1.27939e-02 1.23703e-02 1.19640e-02 1.15776e-02 1.12010e-02 1.08208e-02 1.04274e-02 1.00183e-02 9.59651e-03 9.16725e-03 8.73624e-03 8.31004e-03 7.89715e-03 7.50776e-03 7.15184e-03 6.83660e-03 6.56520e-03 6.33815e-03 6.15354e-03 6.00448e-03 5.87966e-03 5.76923e-03 5.66813e-03 5.57492e-03 5.48972e-03 5.41261e-03 5.34274e-03 5.27840e-03 5.21770e-03 5.15905e-03 5.10128e-03 5.04355e-03 4.98519e-03 4.92564e-03 4.86433e-03 4.80076e-03 4.73448e-03 4.66512e-03 4.59248e-03 4.51655e-03 4.43749e-03 4.35566e-03 4.27157e-03 4.18584e-03 4.09914e-03 4.01212e-03 3.92541e-03 3.83953e-03 3.75496e-03 3.67206e-03 3.59113e-03 3.51241e-03 3.43608e-03 3.36229e-03 3.29115e-03 3.22275e-03 3.15717e-03 3.09443e-03 3.03455e-03 2.97752e-03 2.92328e-03 2.87176e-03 2.82289e-03 2.77656e-03 2.73265e-03 2.69106e-03 2.65166e-03 2.61433e-03 2.57894e-03 2.54536e-03 2.51343e-03 2.48302e-03 2.45395e-03 2.42605e-03 2.39916e-03 2.37307e-03 2.34762e-03 2.32262e-03 2.29786e-03 2.27317e-03 2.24834e-03 2.22317e-03 2.19745e-03 2.17097e-03 2.14348e-03 2.11476e-03 2.08454e-03 2.05257e-03 2.01858e-03 1.98229e-03 1.94345e-03 1.90180e-03 1.85710e-03 1.80915e-03 1.75776e-03 1.70283e-03 1.64429e-03 1.58215e-03 1.51649e-03 1.44749e-03 1.37541e-03 1.30063e-03 1.22360e-03 1.14490e-03 1.06520e-03 9.85301e-04 9.06083e-04 8.28526e-04 7.53662e-04 6.82536e-04 6.16140e-04 5.55330e-04 5.00732e-04 4.52660e-04 4.11046e-04 3.75445e-04 3.45094e-04 3.19037e-04 2.96279e-04 2.75915e-04 2.57210e-04 2.39620e-04 2.22767e-04 2.06413e-04 1.90421e-04 1.74743e-04 1.59404e-04 1.44489e-04 1.30122e-04 1.16445e-04 1.03595e-04 9.16814e-05 8.07774e-05 7.09125e-05 6.20756e-05 5.42223e-05 4.72841e-05 4.11789e-05 3.58191e-05 3.11186e-05 2.69968e-05 2.33815e-05 2.02091e-05 1.74248e-05 1.49817e-05 1.28397e-05 1.09642e-05 9.32539e-06 7.89690e-06 6.65554e-06 5.58050e-06 4.65303e-06 3.85618e-06 3.17457e-06 2.59430e-06 2.10282e-06 1.68887e-06 1.34239e-06 1.05442e-06 8.17029e-07 6.23206e-07 4.66749e-07 3.42169e-07 2.44587e-07 1.69658e-07 1.13497e-07 7.26339e-08 4.39773e-08 2.47988e-08 1.27219e-08 5.71956e-09 2.11179e-09 5.63388e-10 7.97985e-11 2.04466e-12
5.604011 6.01405e-02 9.61198e-02 7.46110e-02 5.58335e-02 4.13009e-02 3.07319e-02 2.35623e-02 1.90328e-02 1.63892e-02 1.50023e-02 1.43775e-02 1.41414e-02 1.40406e-02 1.39270e-02 1.37321e-02 1.34398e-02 1.30670e-02 1.26473e-02 1.22156e-02 1.17951e-02 1.13926e-02 1.10025e-02 1.06155e-02 1.02256e-02 9.83202e-03 9.43709e-03 9.04330e-03 8.65241e-03 8.26749e-03 7.89469e-03 7.54281e-03 7.22079e-03 6.93478e-03 6.68741e-03 6.47930e-03 6.30910e-03 6.17056e-03 6.05327e-03 5.94816e-03 5.85057e-03 5.75914e-03 5.67405e-03 5.59566e-03 5.52357e-03 5.45645e-03 5.39261e-03 5.33057e-03 5.26923e-03 5.20777e-03 5.14549e-03 5.08173e-03 5.01580e-03 4.94699e-03 4.87469e-03 4.79838e-03 4.71779e-03 4.63293e-03 4.54408e-03 4.45182e-03 4.35692e-03 4.26029e-03 4.16284e-03 4.06543e-03 3.96882e-03 3.87365e-03 3.78041e-03 3.68950e-03 3.60120e-03 3.51577e-03 3.43337e-03 3.35417e-03 3.27826e-03 3.20575e-03 3.13668e-03 3.07105e-03 3.00884e-03 2.95000e-03 2.89444e-03 2.84204e-03 2.79269e-03 2.74625e-03 2.70260e-03 2.66161e-03 2.62313e-03 2.58702e-03 2.55316e-03 2.52138e-03 2.49153e-03 2.46346e-03 2.43698e-03 2.41193e-03 2.38812e-03 2.36537e-03 2.34349e-03 2.32229e-03 2.30160e-03 2.28121e-03 2.26094e-03 2.24060e-03 2.21998e-03 2.19888e-03 2.17707e-03 2.15433e-03 2.13040e-03 2.10503e-03 2.07794e-03 2.04885e-03 2.01747e-03 1.98349e-03 1.94662e-03 1.90658e-03 1.86311e-03 1.81598e-03 1.76499e-03 1.71002e-03 1.65101e-03 1.58799e-03 1.52108e-03 1.45052e-03 1.37665e-03 1.29992e-03 1.22090e-03 1.14025e-03 1.05872e-03 9.77158e-04 8.96496e-04 8.17734e-04 7.41919e-04 6.70110e-04 6.03305e-04 5.42360e-04 4.87877e-04 4.40105e-04 3.98878e-04 3.63615e-04 3.33423e-04 3.07257e-04 2.84108e-04 2.63146e-04 2.43775e-04 2.25614e-04 2.08431e-04 1.92073e-04 1.76428e-04 1.61406e-04 1.46950e-04 1.33042e-04 1.19709e-04 1.07015e-04 9.50492e-05 8.38996e-05 7.36406e-05 6.43177e-05 5.59423e-05 4.84926e-05 4.19196e-05 3.61552e-05 3.11213e-05 2.67369e-05 2.29237e-05 1.96099e-05 1.67315e-05 1.42329e-05 1.20659e-05 1.01895e-05 8.56825e-06 7.17133e-06 5.97176e-06 4.94565e-06 4.07164e-06 3.33059e-06 2.70533e-06 2.18044e-06 1.74221e-06 1.37845e-06 1.07848e-06 8.32913e-07 6.33630e-07 4.73575e-07 3.46637e-07 2.47508e-07 1.71553e-07 1.14706e-07 7.33802e-08 4.44164e-08 2.50399e-08 1.28423e-08 5.77215e-09 2.13066e-09 5.68291e-10 8.04790e-11 2.06189e-12
5.704082 5.87808e-02 9.44373e-02 7.34418e-02 5.48553e-02 4.05325e-02 3.02246e-02 2.32707e-02 1.88638e-02 1.62667e-02 1.48836e-02 1.42462e-02 1.39986e-02 1.38960e-02 1.37916e-02 1.36118e-02 1.33338e-02 1.29682e-02 1.25450e-02 1.20989e-02 1.16557e-02 1.12265e-02 1.08111e-02 1.04054e-02 1.00076e-02 9.61953e-03 9.24367e-03 8.88029e-03 8.52789e-03 8.18641e-03 7.85950e-03 7.55378e-03 7.27599e-03 7.03010e-03 6.81725e-03 6.63755e-03 6.48971e-03 6.36797e-03 6.26276e-03 6.16589e-03 6.07327e-03 5.98391e-03 5.89827e-03 5.81716e-03 5.74085e-03 5.66864e-03 5.59932e-03 5.53169e-03 5.46484e-03 5.39807e-03 5.33072e-03 5.26201e-03 5.19106e-03 5.11689e-03 5.03854e-03 4.95523e-03 4.86650e-03 4.77232e-03 4.67312e-03 4.56975e-03 4.46334e-03 4.35516e-03 4.24643e-03 4.13825e-03 4.03150e-03 3.92689e-03 3.82493e-03 3.72600e-03 3.63038e-03 3.53829e-03 3.44991e-03 3.36537e-03 3.28477e-03 3.20817e-03 3.13560e-03 3.06702e-03 3.00237e-03 2.94155e-03 2.88444e-03 2.83090e-03 2.78078e-03 2.73393e-03 2.69020e-03 2.64944e-03 2.61149e-03 2.57620e-03 2.54343e-03 2.51300e-03 2.48475e-03 2.45852e-03 2.43412e-03 2.41138e-03 2.39010e-03 2.37011e-03 2.35121e-03 2.33322e-03 2.31594e-03 2.29919e-03 2.28277e-03 2.26650e-03 2.25016e-03 2.23356e-03 2.21648e-03 2.19869e-03 2.17996e-03 2.16004e-03 2.13866e-03 2.11554e-03 2.09039e-03 2.06291e-03 2.03279e-03 1.99972e-03 1.96340e-03 1.92353e-03 1.87986e-03 1.83215e-03 1.78024e-03 1.72401e-03 1.66347e-03 1.59868e-03 1.52983e-03 1.45725e-03 1.38135e-03 1.30266e-03 1.22184e-03 1.13958e-03 1.05669e-03 9.74021e-04 8.92489e-04 8.13065e-04 7.36765e-04 6.64619e-04 5.97613e-04 5.36598e-04 4.82162e-04 4.34518e-04 3.93423e-04 3.58189e-04 3.27809e-04 3.01160e-04 2.77224e-04 2.55245e-04 2.34776e-04 2.15617e-04 1.97706e-04 1.81013e-04 1.65470e-04 1.50960e-04 1.37330e-04 1.24433e-04 1.12161e-04 1.00465e-04 8.93546e-05 7.88849e-05 6.91310e-05 6.01647e-05 5.20358e-05 4.47625e-05 3.83297e-05 3.26945e-05 2.77944e-05 2.35565e-05 1.99050e-05 1.67670e-05 1.40757e-05 1.17719e-05 9.80386e-06 8.12713e-06 6.70319e-06 5.49862e-06 4.48410e-06 3.63381e-06 2.92485e-06 2.33691e-06 1.85204e-06 1.45446e-06 1.13042e-06 8.68064e-07 6.57251e-07 4.89375e-07 3.57167e-07 2.54487e-07 1.76129e-07 1.17647e-07 7.52121e-08 4.55043e-08 2.56440e-08 1.31479e-08 5.90767e-09 2.18002e-09 5.81301e-10 8.23044e-11 2.10839e-12
5.804154 5.63162e-02 9.11599e-02 7.16265e-02 5.39303e-02 3.99559e-02 2.98433e-02 2.30508e-02 1.87554e-02 1.62122e-02 1.48435e-02 1.42037e-02 1.39533e-02 1.38554e-02 1.37639e-02 1.36009e-02 1.33370e-02 1.29768e-02 1.25461e-02 1.20789e-02 1.16035e-02 1.11361e-02 1.06824e-02 1.02443e-02 9.82507e-03 9.42939e-03 9.06017e-03 8.71604e-03 8.39332e-03 8.09017e-03 7.80858e-03 7.55306e-03 7.32731e-03 7.13185e-03 6.96488e-03 6.82471e-03 6.70901e-03 6.61163e-03 6.52353e-03 6.43752e-03 6.35051e-03 6.26239e-03 6.17444e-03 6.08831e-03 6.00515e-03 5.92515e-03 5.84775e-03 5.77225e-03 5.69804e-03 5.62459e-03 5.55118e-03 5.47687e-03 5.40037e-03 5.32020e-03 5.23489e-03 5.14320e-03 5.04445e-03 4.93866e-03 4.82661e-03 4.70964e-03 4.58946e-03 4.46782e-03 4.34630e-03 4.22619e-03 4.10845e-03 3.99376e-03 3.88260e-03 3.77528e-03 3.67204e-03 3.57309e-03 3.47856e-03 3.38857e-03 3.30319e-03 3.22245e-03 3.14632e-03 3.07475e-03 3.00763e-03 2.94483e-03 2.88619e-03 2.83156e-03 2.78074e-03 2.73355e-03 2.68983e-03 2.64938e-03 2.61203e-03 2.57761e-03 2.54594e-03 2.51684e-03 2.49014e-03 2.46564e-03 2.44316e-03 2.42251e-03 2.40350e-03 2.38594e-03 2.36962e-03 2.35435e-03 2.33994e-03 2.32618e-03 2.31287e-03 2.29981e-03 2.28679e-03 2.27361e-03 2.26004e-03 2.24588e-03 2.23090e-03 2.21486e-03 2.19750e-03 2.17859e-03 2.15784e-03 2.13498e-03 2.10970e-03 2.08172e-03 2.05073e-03 2.01642e-03 1.97851e-03 1.93672e-03 1.89084e-03 1.84068e-03 1.78614e-03 1.72718e-03 1.66386e-03 1.59637e-03 1.52497e-03 1.45006e-03 1.37214e-03 1.29180e-03 1.20971e-03 1.12660e-03 1.04326e-03 9.60514e-04 8.79227e-04 8.00309e-04 7.24711e-04 6.53408e-04 5.87335e-04 5.27296e-04 4.73825e-04 4.27060e-04 3.86661e-04 3.51843e-04 3.21523e-04 2.94557e-04 2.69974e-04 2.47125e-04 2.25707e-04 2.05683e-04 1.87141e-04 1.70169e-04 1.54757e-04 1.40782e-04 1.28019e-04 1.16202e-04 1.05086e-04 9.44887e-05 8.43249e-05 7.45969e-05 6.53726e-05 5.67508e-05 4.88274e-05 4.16711e-05 3.53118e-05 2.97404e-05 2.49157e-05 2.07754e-05 1.72469e-05 1.42555e-05 1.17298e-05 9.60526e-06 7.82489e-06 6.33909e-06 5.10488e-06 4.08501e-06 3.24701e-06 2.56257e-06 2.00693e-06 1.55860e-06 1.19904e-06 9.12449e-07 6.85520e-07 5.07180e-07 3.68308e-07 2.61438e-07 1.80453e-07 1.20315e-07 7.68248e-08 4.64436e-08 2.61592e-08 1.34064e-08 6.02160e-09 2.22129e-09 5.92123e-10 8.38166e-11 2.14683e-12
5.904226 5.85801e-02 9.20685e-02 7.04316e-02 5.23646e-02 3.87812e-02 2.90690e-02 2.25412e-02 1.84074e-02 1.59558e-02 1.46307e-02 1.40069e-02 1.37627e-02 1.36725e-02 1.35944e-02 1.34491e-02 1.32017e-02 1.28503e-02 1.24158e-02 1.19301e-02 1.14238e-02 1.09180e-02 1.04249e-02 9.95306e-03 9.51080e-03 9.10520e-03 8.73879e-03 8.40864e-03 8.11011e-03 7.84121e-03 7.60368e-03 7.40064e-03 7.23275e-03 7.09649e-03 6.98628e-03 6.89740e-03 6.82510e-03 6.76184e-03 6.69861e-03 6.62921e-03 6.55183e-03 6.46769e-03 6.37934e-03 6.28963e-03 6.20087e-03 6.11432e-03 6.03025e-03 5.94853e-03 5.86891e-03 5.79096e-03 5.71388e-03 5.63635e-03 5.55653e-03 5.47221e-03 5.38118e-03 5.28172e-03 5.17300e-03 5.05536e-03 4.93022e-03 4.79970e-03 4.66622e-03 4.53203e-03 4.39896e-03 4.26835e-03 4.14112e-03 4.01784e-03 3.89888e-03 3.78453e-03 3.67497e-03 3.57036e-03 3.47083e-03 3.37646e-03 3.28730e-03 3.20334e-03 3.12455e-03 3.05083e-03 2.98208e-03 2.91812e-03 2.85877e-03 2.80384e-03 2.75309e-03 2.70632e-03 2.66331e-03 2.62385e-03 2.58772e-03 2.55472e-03 2.52464e-03 2.49730e-03 2.47250e-03 2.45003e-03 2.42969e-03 2.41130e-03 2.39463e-03 2.37949e-03 2.36567e-03 2.35295e-03 2.34112e-03 2.32998e-03 2.31931e-03 2.30889e-03 2.29852e-03 2.28799e-03 2.27710e-03 2.26563e-03 2.25340e-03 2.24018e-03 2.22577e-03 2.20994e-03 2.19247e-03 2.17311e-03 2.15161e-03 2.12770e-03 2.10110e-03 2.07153e-03 2.03870e-03 2.00234e-03 1.96219e-03 1.91805e-03 1.86974e-03 1.81718e-03 1.76032e-03 1.69925e-03 1.63411e-03 1.56516e-03 1.49275e-03 1.41729e-03 1.33931e-03 1.25940e-03 1.17818e-03 1.09636e-03 1.01466e-03 9.33838e-04 8.54682e-04 7.78026e-04 7.04738e-04 6.35711e-04 5.71803e-04 5.13739e-04 4.61970e-04 4.16554e-04 3.77088e-04 3.42762e-04 3.12525e-04 2.85320e-04 2.60296e-04 2.36926e-04 2.15015e-04 1.94613e-04 1.75881e-04 1.58968e-04 1.43912e-04 1.30602e-04 1.18783e-04 1.08108e-04 9.82131e-05 8.87924e-05 7.96519e-05 7.07274e-05 6.20681e-05 5.37958e-05 4.60565e-05 3.89788e-05 3.26478e-05 2.70967e-05 2.23113e-05 1.82426e-05 1.48210e-05 1.19682e-05 9.60643e-06 7.66325e-06 6.07396e-06 4.78206e-06 3.73869e-06 2.90181e-06 2.23530e-06 1.70822e-06 1.29423e-06 9.71168e-07 7.20627e-07 5.27556e-07 3.79838e-07 2.67846e-07 1.83984e-07 1.22260e-07 7.78960e-08 4.70263e-08 2.64645e-08 1.35548e-08 6.08544e-09 2.24393e-09 5.97943e-10 8.46170e-11 2.16697e-12
6.004297 5.48718e-02 8.88910e-02 6.96283e-02 5.19608e-02 3.82955e-02 2.86588e-02 2.22772e-02 1.82548e-02 1.58645e-02 1.45679e-02 1.39565e-02 1.37195e-02 1.36383e-02 1.35738e-02 1.34453e-02 1.32133e-02 1.28691e-02 1.24280e-02 1.19196e-02 1.13764e-02 1.08254e-02 1.02861e-02 9.77417e-03 9.30255e-03 8.87976e-03 8.50709e-03 8.18001e-03 7.89356e-03 7.64656e-03 7.44160e-03 7.28144e-03 7.16459e-03 7.08411e-03 7.03068e-03 6.99598e-03 6.97197e-03 6.94880e-03 6.91670e-03 6.86981e-03 6.80726e-03 6.73150e-03 6.64647e-03 6.55636e-03 6.46473e-03 6.37396e-03 6.28527e-03 6.19916e-03 6.11576e-03 6.03483e-03 5.95541e-03 5.87574e-03 5.79318e-03 5.70457e-03 5.60680e-03 5.49770e-03 5.37656e-03 5.24444e-03 5.10376e-03 4.95764e-03 4.80923e-03 4.66113e-03 4.51525e-03 4.37286e-03 4.23473e-03 4.10135e-03 3.97306e-03 3.85007e-03 3.73257e-03 3.62070e-03 3.51458e-03 3.41428e-03 3.31985e-03 3.23129e-03 3.14856e-03 3.07156e-03 3.00016e-03 2.93415e-03 2.87333e-03 2.81745e-03 2.76623e-03 2.71941e-03 2.67672e-03 2.63789e-03 2.60268e-03 2.57083e-03 2.54212e-03 2.51630e-03 2.49317e-03 2.47249e-03 2.45403e-03 2.43759e-03 2.42291e-03 2.40978e-03 2.39796e-03 2.38721e-03 2.37730e-03 2.36801e-03 2.35911e-03 2.35038e-03 2.34162e-03 2.33262e-03 2.32321e-03 2.31320e-03 2.30241e-03 2.29068e-03 2.27784e-03 2.26371e-03 2.24809e-03 2.23081e-03 2.21163e-03 2.19032e-03 2.16665e-03 2.14034e-03 2.11112e-03 2.07873e-03 2.04291e-03 2.00343e-03 1.96008e-03 1.91274e-03 1.86131e-03 1.80580e-03 1.74627e-03 1.68288e-03 1.61586e-03 1.54552e-03 1.47221e-03 1.39638e-03 1.31850e-03 1.23912e-03 1.15881e-03 1.07821e-03 9.97968e-04 9.18788e-04 8.41403e-04 7.66586e-04 6.95145e-04 6.27898e-04 5.65618e-04 5.08931e-04 4.58185e-04 4.13348e-04 3.73975e-04 3.39287e-04 3.08345e-04 2.80260e-04 2.54353e-04 2.30231e-04 2.07768e-04 1.87027e-04 1.68157e-04 1.51300e-04 1.36503e-04 1.23669e-04 1.12540e-04 1.02728e-04 9.37871e-05 8.53021e-05 7.69708e-05 6.86520e-05 6.03644e-05 5.22478e-05 4.44998e-05 3.73161e-05 3.08454e-05 2.51702e-05 2.03066e-05 1.62187e-05 1.28369e-05 1.00751e-05 7.84380e-06 6.05805e-06 4.64147e-06 3.52752e-06 2.65921e-06 1.98830e-06 1.47433e-06 1.08372e-06 7.88962e-07 5.67918e-07 4.03123e-07 2.81052e-07 1.91410e-07 1.26425e-07 8.02270e-08 4.83122e-08 2.71471e-08 1.38917e-08 6.23272e-09 2.29709e-09 6.11850e-10 8.65566e-11 2.21619e-12
6.104369 5.51959e-02 8.78390e-02 6.78214e-02 5.05975e-02 3.74411e-02 2.80687e-02 2.18597e-02 1.79743e-02 1.56804e-02 1.44420e-02 1.38632e-02 1.36458e-02 1.35795e-02 1.35297e-02 1.34162e-02 1.31963e-02 1.28561e-02 1.24054e-02 1.18718e-02 1.12899e-02 1.06926e-02 1.01076e-02 9.55751e-03 9.05941e-03 8.62168e-03 8.24304e-03 7.91697e-03 7.63844e-03 7.40750e-03 7.22795e-03 7.10243e-03 7.02767e-03 6.99419e-03 6.99017e-03 7.00469e-03 7.02694e-03 7.04479e-03 7.04742e-03 7.02891e-03 6.98866e-03 6.92967e-03 6.85659e-03 6.77441e-03 6.68754e-03 6.59921e-03 6.51148e-03 6.42560e-03 6.34225e-03 6.26141e-03 6.18197e-03 6.10146e-03 6.01620e-03 5.92188e-03 5.81475e-03 5.69274e-03 5.55614e-03 5.40741e-03 5.25035e-03 5.08899e-03 4.92678e-03 4.76621e-03 4.60896e-03 4.45602e-03 4.30804e-03 4.16544e-03 4.02851e-03 3.89749e-03 3.77256e-03 3.65388e-03 3.54158e-03 3.43577e-03 3.33652e-03 3.24384e-03 3.15771e-03 3.07801e-03 3.00459e-03 2.93722e-03 2.87562e-03 2.81949e-03 2.76849e-03 2.72231e-03 2.68060e-03 2.64304e-03 2.60933e-03 2.57917e-03 2.55228e-03 2.52840e-03 2.50724e-03 2.48856e-03 2.47209e-03 2.45757e-03 2.44473e-03 2.43332e-03 2.42307e-03 2.41375e-03 2.40509e-03 2.39688e-03 2.38888e-03 2.38090e-03 2.37275e-03 2.36427e-03 2.35530e-03 2.34569e-03 2.33533e-03 2.32408e-03 2.31181e-03 2.29839e-03 2.28368e-03 2.26752e-03 2.24972e-03 2.23010e-03 2.20842e-03 2.18444e-03 2.15792e-03 2.12860e-03 2.09623e-03 2.06057e-03 2.02141e-03 1.97859e-03 1.93201e-03 1.88162e-03 1.82744e-03 1.76957e-03 1.70815e-03 1.64340e-03 1.57560e-03 1.50505e-03 1.43211e-03 1.35716e-03 1.28064e-03 1.20301e-03 1.12479e-03 1.04652e-03 9.68809e-04 8.92310e-04 8.17713e-04 7.45749e-04 6.77167e-04 6.12701e-04 5.53003e-04 4.98548e-04 4.49527e-04 4.05788e-04 3.66847e-04 3.32007e-04 3.00518e-04 2.71735e-04 2.45212e-04 2.20716e-04 1.98180e-04 1.77642e-04 1.59179e-04 1.42858e-04 1.28681e-04 1.16540e-04 1.06179e-04 9.72043e-05 8.91306e-05 8.14760e-05 7.38608e-05 6.60814e-05 5.81305e-05 5.01630e-05 4.24245e-05 3.51734e-05 2.86188e-05 2.28886e-05 1.80250e-05 1.40003e-05 1.07398e-05 8.14502e-06 6.11115e-06 4.53827e-06 3.33693e-06 2.43023e-06 1.75369e-06 1.25431e-06 8.89239e-07 6.24497e-07 4.33719e-07 2.96932e-07 1.99369e-07 1.30324e-07 8.21220e-08 4.92359e-08 2.75948e-08 1.41000e-08 6.32066e-09 2.32807e-09 6.19801e-10 8.76486e-11 2.24364e-12
6.204440 5.50778e-02 8.76798e-02 6.73675e-02 4.97399e-02 3.65628e-02 2.73853e-02 2.13668e-02 1.76186e-02 1.54203e-02 1.42461e-02 1.37078e-02 1.35153e-02 1.34663e-02 1.34314e-02 1.33320e-02 1.31236e-02 1.27878e-02 1.23298e-02 1.17748e-02 1.11591e-02 1.05216e-02 9.89766e-03 9.31648e-03 8.79801e-03 8.34959e-03 7.96734e-03 7.64317e-03 7.37197e-03 7.15442e-03 6.99457e-03 6.89415e-03 6.84824e-03 6.84597e-03 6.87487e-03 6.92361e-03 6.98072e-03 7.03345e-03 7.07056e-03 7.08554e-03 7.07690e-03 7.04663e-03 6.99861e-03 6.93737e-03 6.86724e-03 6.79182e-03 6.71383e-03 6.63532e-03 6.55767e-03 6.48121e-03 6.40460e-03 6.32457e-03 6.23630e-03 6.13470e-03 6.01612e-03 5.87964e-03 5.72735e-03 5.56342e-03 5.39262e-03 5.21915e-03 5.04612e-03 4.87556e-03 4.70877e-03 4.54660e-03 4.38962e-03 4.23829e-03 4.09293e-03 3.95385e-03 3.82128e-03 3.69547e-03 3.57661e-03 3.46488e-03 3.36039e-03 3.26323e-03 3.17335e-03 3.09068e-03 3.01502e-03 2.94611e-03 2.88362e-03 2.82718e-03 2.77640e-03 2.73087e-03 2.69019e-03 2.65397e-03 2.62183e-03 2.59342e-03 2.56838e-03 2.54639e-03 2.52712e-03 2.51025e-03 2.49546e-03 2.48247e-03 2.47096e-03 2.46065e-03 2.45128e-03 2.44257e-03 2.43429e-03 2.42623e-03 2.41819e-03 2.41001e-03 2.40155e-03 2.39267e-03 2.38327e-03 2.37327e-03 2.36256e-03 2.35107e-03 2.33871e-03 2.32538e-03 2.31097e-03 2.29534e-03 2.27836e-03 2.25983e-03 2.23956e-03 2.21734e-03 2.19293e-03 2.16608e-03 2.13655e-03 2.10411e-03 2.06855e-03 2.02970e-03 1.98744e-03 1.94168e-03 1.89243e-03 1.83972e-03 1.78367e-03 1.72442e-03 1.66217e-03 1.59715e-03 1.52963e-03 1.45989e-03 1.38823e-03 1.31499e-03 1.24053e-03 1.16526e-03 1.08960e-03 1.01407e-03 9.39226e-04 8.65687e-04 7.94124e-04 7.25239e-04 6.59726e-04 5.98222e-04 5.41234e-04 4.89058e-04 4.41714e-04 3.98939e-04 3.60256e-04 3.25098e-04 2.92946e-04 2.63422e-04 2.36314e-04 2.11536e-04 1.89066e-04 1.68898e-04 1.51016e-04 1.35383e-04 1.21922e-04 1.10487e-04 1.00818e-04 9.25261e-05 8.51165e-05 7.80741e-05 7.09701e-05 6.35576e-05 5.58117e-05 4.79043e-05 4.01266e-05 3.27962e-05 2.61773e-05 2.04367e-05 1.56347e-05 1.17432e-05 8.67428e-06 6.31029e-06 4.52620e-06 3.20425e-06 2.24108e-06 1.55023e-06 1.06175e-06 7.20603e-07 4.84653e-07 3.22527e-07 2.11559e-07 1.35860e-07 8.45546e-08 5.02936e-08 2.80570e-08 1.43001e-08 6.40164e-09 2.35598e-09 6.26867e-10 8.86093e-11 2.26763e-12
6.304512 5.31314e-02 8.51153e-02 6.59939e-02 4.90195e-02 3.60147e-02 2.69178e-02 2.10061e-02 1.73646e-02 1.52501e-02 1.41364e-02 1.36405e-02 1.34773e-02 1.34487e-02 1.34287e-02 1.33403e-02 1.31379e-02 1.27999e-02 1.23285e-02 1.17474e-02 1.10956e-02 1.04176e-02 9.75617e-03 9.14606e-03 8.60876e-03 8.14984e-03 7.76315e-03 7.43958e-03 7.17416e-03 6.96776e-03 6.82361e-03 6.74134e-03 6.71363e-03 6.72830e-03 6.77310e-03 6.83792e-03 6.91274e-03 6.98639e-03 7.04898e-03 7.09431e-03 7.11998e-03 7.12610e-03 7.11435e-03 7.08720e-03 7.04745e-03 6.99789e-03 6.94118e-03 6.87979e-03 6.81556e-03 6.74890e-03 6.67794e-03 6.59842e-03 6.50485e-03 6.39249e-03 6.25939e-03 6.10711e-03 5.93997e-03 5.76324e-03 5.58163e-03 5.39861e-03 5.21652e-03 5.03692e-03 4.86089e-03 4.68927e-03 4.52272e-03 4.36178e-03 4.20692e-03 4.05855e-03 3.91704e-03 3.78272e-03 3.65592e-03 3.53690e-03 3.42586e-03 3.32294e-03 3.22815e-03 3.14140e-03 3.06250e-03 2.99115e-03 2.92697e-03 2.86952e-03 2.81834e-03 2.77293e-03 2.73281e-03 2.69750e-03 2.66652e-03 2.63944e-03 2.61581e-03 2.59521e-03 2.57725e-03 2.56154e-03 2.54772e-03 2.53542e-03 2.52434e-03 2.51416e-03 2.50462e-03 2.49548e-03 2.48652e-03 2.47757e-03 2.46849e-03 2.45917e-03 2.44949e-03 2.43941e-03 2.42884e-03 2.41775e-03 2.40608e-03 2.39378e-03 2.38079e-03 2.36702e-03 2.35240e-03 2.33680e-03 2.32010e-03 2.30214e-03 2.28272e-03 2.26166e-03 2.23872e-03 2.21368e-03 2.18629e-03 2.15634e-03 2.12361e-03 2.08792e-03 2.04914e-03 2.00717e-03 1.96198e-03 1.91357e-03 1.86202e-03 1.80743e-03 1.74994e-03 1.68973e-03 1.62701e-03 1.56199e-03 1.49489e-03 1.42597e-03 1.35548e-03 1.28370e-03 1.21095e-03 1.13758e-03 1.06399e-03 9.90645e-04 9.18097e-04 8.46958e-04 7.77894e-04 7.11586e-04 6.48673e-04 5.89681e-04 5.34949e-04 4.84578e-04 4.38421e-04 3.96138e-04 3.57293e-04 3.21485e-04 2.88430e-04 2.57999e-04 2.30175e-04 2.04991e-04 1.82456e-04 1.62525e-04 1.45096e-04 1.30028e-04 1.17155e-04 1.06271e-04 9.70932e-05 8.92312e-05 8.21930e-05 7.54532e-05 6.85620e-05 6.12538e-05 5.35033e-05 4.55079e-05 3.76064e-05 3.01709e-05 2.35114e-05 1.78202e-05 1.31611e-05 9.49057e-06 6.69543e-06 4.62981e-06 3.14357e-06 2.09979e-06 1.38270e-06 8.99670e-07 5.79684e-07 3.70317e-07 2.34302e-07 1.46144e-07 8.90330e-08 5.22151e-08 2.88861e-08 1.46570e-08 6.54690e-09 2.40670e-09 6.39906e-10 9.04070e-11 2.31291e-12
6.404584 5.26955e-02 8.40762e-02 6.48301e-02 4.80115e-02 3.52528e-02 2.63346e-02 2.05531e-02 1.70251e-02 1.50092e-02 1.39736e-02 1.35344e-02 1.34098e-02 1.34067e-02 1.34028e-02 1.33229e-02 1.31211e-02 1.27748e-02 1.22846e-02 1.16752e-02 1.09889e-02 1.02762e-02 9.58569e-03 8.95561e-03 8.40698e-03 7.94281e-03 7.55517e-03 7.23498e-03 6.97806e-03 6.78554e-03 6.65915e-03 6.59543e-03 6.58375e-03 6.60997e-03 6.66167e-03 6.72987e-03 6.80661e-03 6.88375e-03 6.95473e-03 7.01588e-03 7.06568e-03 7.10352e-03 7.12900e-03 7.14183e-03 7.14197e-03 7.12995e-03 7.10694e-03 7.07455e-03 7.03385e-03 6.98412e-03 6.92218e-03 6.84307e-03 6.74215e-03 6.61736e-03 6.47034e-03 6.30570e-03 6.12896e-03 5.94495e-03 5.75718e-03 5.56808e-03 5.37937e-03 5.19240e-03 5.00831e-03 4.82808e-03 4.65257e-03 4.48252e-03 4.31858e-03 4.16132e-03 4.01125e-03 3.86884e-03 3.73449e-03 3.60857e-03 3.49136e-03 3.38305e-03 3.28367e-03 3.19317e-03 3.11132e-03 3.03779e-03 2.97215e-03 2.91390e-03 2.86248e-03 2.81732e-03 2.77781e-03 2.74338e-03 2.71345e-03 2.68747e-03 2.66490e-03 2.64525e-03 2.62803e-03 2.61279e-03 2.59913e-03 2.58666e-03 2.57505e-03 2.56402e-03 2.55333e-03 2.54277e-03 2.53220e-03 2.52151e-03 2.51059e-03 2.49941e-03 2.48790e-03 2.47606e-03 2.46385e-03 2.45125e-03 2.43824e-03 2.42478e-03 2.41082e-03 2.39630e-03 2.38114e-03 2.36524e-03 2.34848e-03 2.33070e-03 2.31174e-03 2.29141e-03 2.26949e-03 2.24577e-03 2.22002e-03 2.19203e-03 2.16158e-03 2.12850e-03 2.09264e-03 2.05389e-03 2.01219e-03 1.96753e-03 1.91995e-03 1.86951e-03 1.81632e-03 1.76051e-03 1.70224e-03 1.64169e-03 1.57903e-03 1.51446e-03 1.44818e-03 1.38039e-03 1.31133e-03 1.24123e-03 1.17040e-03 1.09915e-03 1.02787e-03 9.57035e-04 8.87177e-04 8.18920e-04 7.52921e-04 6.89826e-04 6.30179e-04 5.74347e-04 5.22459e-04 4.74404e-04 4.29882e-04 3.88517e-04 3.49968e-04 3.14028e-04 2.80643e-04 2.49892e-04 2.21902e-04 1.96781e-04 1.74548e-04 1.55123e-04 1.38338e-04 1.23971e-04 1.11776e-04 1.01483e-04 9.27711e-05 8.52377e-05 7.83981e-05 7.17433e-05 6.48455e-05 5.74668e-05 4.96199e-05 4.15485e-05 3.36386e-05 2.62985e-05 1.98535e-05 1.44877e-05 1.02362e-05 7.01688e-06 4.67732e-06 3.03922e-06 1.93043e-06 1.20264e-06 7.37816e-07 4.47646e-07 2.69433e-07 1.60848e-07 9.46748e-08 5.42105e-08 2.95542e-08 1.48789e-08 6.62129e-09 2.42995e-09 6.45528e-10 9.11500e-11 2.33112e-12
6.504655 5.30901e-02 8.41315e-02 6.42409e-02 4.71336e-02 3.44387e-02 2.56795e-02 2.00383e-02 1.66210e-02 1.46964e-02 1.37354e-02 1.33526e-02 1.32669e-02 1.32882e-02 1.32983e-02 1.32247e-02 1.30221e-02 1.26675e-02 1.21618e-02 1.15310e-02 1.08208e-02 1.00864e-02 9.38017e-03 8.74141e-03 8.18913e-03 7.72395e-03 7.33711e-03 7.02019e-03 6.77013e-03 6.58828e-03 6.47508e-03 6.42460e-03 6.42383e-03 6.45716e-03 6.51163e-03 6.57827e-03 6.64994e-03 6.72068e-03 6.78723e-03 6.84936e-03 6.90830e-03 6.96491e-03 7.01869e-03 7.06780e-03 7.10971e-03 7.14204e-03 7.16317e-03 7.17193e-03 7.16658e-03 7.14380e-03 7.09892e-03 7.02756e-03 6.92780e-03 6.80144e-03 6.65323e-03 6.48886e-03 6.31325e-03 6.13004e-03 5.94178e-03 5.75042e-03 5.55763e-03 5.36493e-03 5.17377e-03 4.98547e-03 4.80124e-03 4.62214e-03 4.44908e-03 4.28287e-03 4.12418e-03 3.97360e-03 3.83166e-03 3.69877e-03 3.57526e-03 3.46134e-03 3.35710e-03 3.26246e-03 3.17720e-03 3.10097e-03 3.03329e-03 2.97359e-03 2.92124e-03 2.87557e-03 2.83590e-03 2.80152e-03 2.77177e-03 2.74597e-03 2.72350e-03 2.70376e-03 2.68619e-03 2.67031e-03 2.65566e-03 2.64187e-03 2.62863e-03 2.61568e-03 2.60285e-03 2.58999e-03 2.57703e-03 2.56390e-03 2.55057e-03 2.53706e-03 2.52334e-03 2.50943e-03 2.49532e-03 2.48102e-03 2.46651e-03 2.45176e-03 2.43673e-03 2.42136e-03 2.40558e-03 2.38929e-03 2.37238e-03 2.35473e-03 2.33615e-03 2.31650e-03 2.29556e-03 2.27313e-03 2.24901e-03 2.22297e-03 2.19481e-03 2.16435e-03 2.13143e-03 2.09592e-03 2.05773e-03 2.01682e-03 1.97318e-03 1.92685e-03 1.87788e-03 1.82637e-03 1.77243e-03 1.71620e-03 1.65782e-03 1.59746e-03 1.53527e-03 1.47143e-03 1.40611e-03 1.33953e-03 1.27189e-03 1.20342e-03 1.13441e-03 1.06518e-03 9.96112e-04 9.27683e-04 8.60441e-04 7.95005e-04 7.32016e-04 6.72056e-04 6.15547e-04 5.62677e-04 5.13363e-04 4.67310e-04 4.24127e-04 3.83459e-04 3.45098e-04 3.09023e-04 2.75372e-04 2.44368e-04 2.16230e-04 1.91104e-04 1.69011e-04 1.49849e-04 1.33412e-04 1.19428e-04 1.07592e-04 9.75777e-05 8.90270e-05 8.15224e-05 7.45893e-05 6.77487e-05 6.06153e-05 5.30027e-05 4.49790e-05 3.68419e-05 2.90182e-05 2.19331e-05 1.58983e-05 1.10571e-05 7.38848e-06 4.75297e-06 2.95127e-06 1.77494e-06 1.03876e-06 5.95237e-07 3.36411e-07 1.88713e-07 1.05215e-07 5.78323e-08 3.07069e-08 1.52363e-08 6.73451e-09 2.46463e-09 6.53970e-10 9.22821e-11 2.35916e-12
6.604727 4.99596e-02 8.05410e-02 6.27783e-02 4.66329e-02 3.40792e-02 2.53237e-02 1.97286e-02 1.63822e-02 1.45303e-02 1.36358e-02 1.33084e-02 1.32636e-02 1.33111e-02 1.33342e-02 1.32625e-02 1.30519e-02 1.26803e-02 1.21503e-02 1.14912e-02 1.07533e-02 9.99638e-03 9.27566e-03 8.62946e-03 8.07368e-03 7.60631e-03 7.21798e-03 6.90122e-03 6.65425e-03 6.47889e-03 6.37456e-03 6.33359e-03 6.34145e-03 6.38166e-03 6.44061e-03 6.50840e-03 6.57726e-03 6.64166e-03 6.69997e-03 6.75447e-03 6.80924e-03 6.86783e-03 6.93180e-03 7.00030e-03 7.07060e-03 7.13900e-03 7.20126e-03 7.25245e-03 7.28650e-03 7.29657e-03 7.27665e-03 7.22356e-03 7.13816e-03 7.02459e-03 6.88832e-03 6.73446e-03 6.56696e-03 6.38876e-03 6.20217e-03 6.00922e-03 5.81185e-03 5.61202e-03 5.41167e-03 5.21270e-03 5.01686e-03 4.82574e-03 4.64072e-03 4.46295e-03 4.29338e-03 4.13279e-03 3.98178e-03 3.84082e-03 3.71022e-03 3.59015e-03 3.48065e-03 3.38155e-03 3.29257e-03 3.21328e-03 3.14310e-03 3.08141e-03 3.02747e-03 2.98052e-03 2.93979e-03 2.90448e-03 2.87380e-03 2.84701e-03 2.82338e-03 2.80223e-03 2.78297e-03 2.76507e-03 2.74810e-03 2.73169e-03 2.71559e-03 2.69961e-03 2.68362e-03 2.66756e-03 2.65140e-03 2.63515e-03 2.61882e-03 2.60245e-03 2.58606e-03 2.56967e-03 2.55329e-03 2.53693e-03 2.52057e-03 2.50418e-03 2.48772e-03 2.47114e-03 2.45435e-03 2.43729e-03 2.41982e-03 2.40184e-03 2.38319e-03 2.36372e-03 2.34324e-03 2.32157e-03 2.29849e-03 2.27381e-03 2.24733e-03 2.21884e-03 2.18819e-03 2.15522e-03 2.11981e-03 2.08188e-03 2.04139e-03 1.99831e-03 1.95266e-03 1.90450e-03 1.85389e-03 1.80094e-03 1.74575e-03 1.68847e-03 1.62924e-03 1.56821e-03 1.50554e-03 1.44143e-03 1.37605e-03 1.30962e-03 1.24236e-03 1.17452e-03 1.10639e-03 1.03832e-03 9.70708e-04 9.04051e-04 8.38907e-04 7.75890e-04 7.15590e-04 6.58483e-04 6.04821e-04 5.54574e-04 5.07447e-04 4.63001e-04 4.20806e-04 3.80585e-04 3.42283e-04 3.06051e-04 2.72171e-04 2.40962e-04 2.12686e-04 1.87496e-04 1.65404e-04 1.46292e-04 1.29932e-04 1.16024e-04 1.04227e-04 9.41746e-05 8.54707e-05 7.76822e-05 7.03475e-05 6.30330e-05 5.54257e-05 4.74268e-05 3.91907e-05 3.10800e-05 2.35472e-05 1.69943e-05 1.16671e-05 7.61828e-06 4.73572e-06 2.80824e-06 1.59409e-06 8.71132e-07 4.62281e-07 2.40967e-07 1.24751e-07 6.43650e-08 3.26782e-08 1.57983e-08 6.89755e-09 2.51228e-09 6.65504e-10 9.38412e-11 2.39802e-12
6.704799 5.18262e-02 8.13435e-02 6.18210e-02 4.53919e-02 3.31605e-02 2.46582e-02 1.91994e-02 1.59540e-02 1.41951e-02 1.33817e-02 1.31167e-02 1.31140e-02 1.31850e-02 1.32167e-02 1.31417e-02 1.29192e-02 1.25296e-02 1.19789e-02 1.13000e-02 1.05477e-02 9.78480e-03 9.06656e-03 8.42805e-03 7.88092e-03 7.42052e-03 7.03718e-03 6.72448e-03 6.48189e-03 6.31150e-03 6.21208e-03 6.17518e-03 6.18631e-03 6.22958e-03 6.29155e-03 6.36156e-03 6.43067e-03 6.49268e-03 6.54598e-03 6.59347e-03 6.64033e-03 6.69174e-03 6.75128e-03 6.82045e-03 6.89867e-03 6.98342e-03 7.06999e-03 7.15129e-03 7.21835e-03 7.26215e-03 7.27582e-03 7.25617e-03 7.20377e-03 7.12166e-03 7.01384e-03 6.88423e-03 6.73625e-03 6.57273e-03 6.39609e-03 6.20856e-03 6.01235e-03 5.80985e-03 5.60358e-03 5.39616e-03 5.19015e-03 4.98795e-03 4.79164e-03 4.60297e-03 4.42335e-03 4.25383e-03 4.09516e-03 3.94784e-03 3.81213e-03 3.68808e-03 3.57556e-03 3.47425e-03 3.38367e-03 3.30322e-03 3.23220e-03 3.16984e-03 3.11530e-03 3.06772e-03 3.02624e-03 2.98997e-03 2.95808e-03 2.92973e-03 2.90418e-03 2.88074e-03 2.85882e-03 2.83793e-03 2.81768e-03 2.79779e-03 2.77806e-03 2.75839e-03 2.73873e-03 2.71906e-03 2.69941e-03 2.67983e-03 2.66037e-03 2.64107e-03 2.62198e-03 2.60312e-03 2.58449e-03 2.56611e-03 2.54795e-03 2.52998e-03 2.51216e-03 2.49442e-03 2.47670e-03 2.45890e-03 2.44093e-03 2.42268e-03 2.40401e-03 2.38478e-03 2.36482e-03 2.34397e-03 2.32204e-03 2.29883e-03 2.27415e-03 2.24782e-03 2.21964e-03 2.18945e-03 2.15710e-03 2.12247e-03 2.08546e-03 2.04600e-03 2.00405e-03 1.95962e-03 1.91272e-03 1.86340e-03 1.81174e-03 1.75784e-03 1.70182e-03 1.64383e-03 1.58403e-03 1.52260e-03 1.45973e-03 1.39564e-03 1.33052e-03 1.26463e-03 1.19822e-03 1.13155e-03 1.06495e-03 9.98784e-04 9.33472e-04 8.69513e-04 8.07455e-04 7.47856e-04 6.91202e-04 6.37800e-04 5.87688e-04 5.40616e-04 4.96119e-04 4.53679e-04 4.12896e-04 3.73608e-04 3.35908e-04 3.00086e-04 2.66520e-04 2.35577e-04 2.07531e-04 1.82528e-04 1.60572e-04 1.41538e-04 1.25197e-04 1.11245e-04 9.93271e-05 8.90578e-05 8.00236e-05 7.17921e-05 6.39363e-05 5.60956e-05 4.80609e-05 3.98473e-05 3.17028e-05 2.40327e-05 1.72634e-05 1.17056e-05 7.47442e-06 4.49021e-06 2.53920e-06 1.35526e-06 6.86876e-07 3.34329e-07 1.58972e-07 7.51765e-08 3.55364e-08 1.64122e-08 7.00502e-09 2.52951e-09 6.68330e-10 9.41619e-11 2.40522e-12
6.804870 4.86166e-02 7.86067e-02 6.11128e-02 4.50822e-02 3.27820e-02 2.42790e-02 1.88741e-02 1.56875e-02 1.39877e-02 1.32327e-02 1.30185e-02 1.30524e-02 1.31437e-02 1.31810e-02 1.31002e-02 1.28637e-02 1.24557e-02 1.18856e-02 1.11904e-02 1.04280e-02 9.66306e-03 8.94949e-03 8.31877e-03 7.77891e-03 7.32342e-03 6.94247e-03 6.63040e-03 6.38724e-03 6.21505e-03 6.11232e-03 6.07097e-03 6.07783e-03 6.11866e-03 6.18086e-03 6.25329e-03 6.32584e-03 6.39115e-03 6.44669e-03 6.49451e-03 6.53915e-03 6.58549e-03 6.63766e-03 6.69868e-03 6.77032e-03 6.85257e-03 6.94278e-03 7.03528e-03 7.12216e-03 7.19478e-03 7.24556e-03 7.26904e-03 7.26225e-03 7.22454e-03 7.15707e-03 7.06230e-03 6.94328e-03 6.80310e-03 6.64446e-03 6.46965e-03 6.28083e-03 6.08035e-03 5.87103e-03 5.65611e-03 5.43913e-03 5.22362e-03 5.01283e-03 4.80958e-03 4.61608e-03 4.43399e-03 4.26443e-03 4.10805e-03 3.96509e-03 3.83547e-03 3.71886e-03 3.61470e-03 3.52224e-03 3.44065e-03 3.36896e-03 3.30616e-03 3.25122e-03 3.20308e-03 3.16072e-03 3.12314e-03 3.08942e-03 3.05870e-03 3.03022e-03 3.00336e-03 2.97759e-03 2.95251e-03 2.92784e-03 2.90339e-03 2.87906e-03 2.85483e-03 2.83071e-03 2.80675e-03 2.78301e-03 2.75957e-03 2.73648e-03 2.71382e-03 2.69161e-03 2.66988e-03 2.64865e-03 2.62791e-03 2.60762e-03 2.58776e-03 2.56827e-03 2.54909e-03 2.53015e-03 2.51136e-03 2.49262e-03 2.47383e-03 2.45488e-03 2.43562e-03 2.41592e-03 2.39563e-03 2.37456e-03 2.35255e-03 2.32941e-03 2.30495e-03 2.27898e-03 2.25131e-03 2.22177e-03 2.19018e-03 2.15640e-03 2.12030e-03 2.08177e-03 2.04074e-03 1.99717e-03 1.95103e-03 1.90235e-03 1.85118e-03 1.79762e-03 1.74179e-03 1.68385e-03 1.62398e-03 1.56240e-03 1.49934e-03 1.43505e-03 1.36979e-03 1.30382e-03 1.23744e-03 1.17092e-03 1.10458e-03 1.03876e-03 9.73841e-04 9.10261e-04 8.48500e-04 7.89058e-04 7.32395e-04 6.78843e-04 6.28514e-04 5.81235e-04 5.36571e-04 4.93938e-04 4.52785e-04 4.12764e-04 3.73820e-04 3.36167e-04 3.00200e-04 2.66371e-04 2.35086e-04 2.06637e-04 1.81175e-04 1.58711e-04 1.39128e-04 1.22210e-04 1.07656e-04 9.51096e-05 8.41735e-05 7.44283e-05 6.54562e-05 5.68805e-05 4.84306e-05 4.00152e-05 3.17640e-05 2.39966e-05 1.71114e-05 1.14398e-05 7.13334e-06 4.13362e-06 2.22183e-06 1.10860e-06 5.16393e-07 2.27746e-07 9.74853e-08 4.16192e-08 1.77933e-08 7.28027e-09 2.58588e-09 6.80152e-10 9.57341e-11 2.44449e-12
6.904942 4.82413e-02 7.72224e-02 5.96267e-02 4.40975e-02 3.21856e-02 2.38325e-02 1.84993e-02 1.53810e-02 1.37515e-02 1.30613e-02 1.28994e-02 1.29686e-02 1.30772e-02 1.31156e-02 1.30230e-02 1.27664e-02 1.23351e-02 1.17438e-02 1.10342e-02 1.02675e-02 9.50833e-03 8.80761e-03 8.19181e-03 7.66499e-03 7.21895e-03 6.84400e-03 6.53523e-03 6.29305e-03 6.11915e-03 6.01168e-03 5.96324e-03 5.96261e-03 5.99784e-03 6.05769e-03 6.13097e-03 6.20677e-03 6.27689e-03 6.33793e-03 6.39090e-03 6.43907e-03 6.48608e-03 6.53524e-03 6.58949e-03 6.65136e-03 6.72240e-03 6.80243e-03 6.88920e-03 6.97845e-03 7.06436e-03 7.14010e-03 7.19859e-03 7.23332e-03 7.23929e-03 7.21380e-03 7.15676e-03 7.07030e-03 6.95775e-03 6.82252e-03 6.66728e-03 6.49392e-03 6.30408e-03 6.09986e-03 5.88431e-03 5.66141e-03 5.43577e-03 5.21204e-03 4.99450e-03 4.78670e-03 4.59131e-03 4.41015e-03 4.24424e-03 4.09398e-03 3.95920e-03 3.83938e-03 3.73366e-03 3.64099e-03 3.56016e-03 3.48987e-03 3.42876e-03 3.37547e-03 3.32866e-03 3.28708e-03 3.24956e-03 3.21507e-03 3.18274e-03 3.15184e-03 3.12184e-03 3.09233e-03 3.06305e-03 3.03388e-03 3.00475e-03 2.97570e-03 2.94679e-03 2.91812e-03 2.88978e-03 2.86187e-03 2.83450e-03 2.80774e-03 2.78165e-03 2.75627e-03 2.73162e-03 2.70772e-03 2.68454e-03 2.66207e-03 2.64024e-03 2.61902e-03 2.59833e-03 2.57810e-03 2.55824e-03 2.53867e-03 2.51928e-03 2.49996e-03 2.48059e-03 2.46104e-03 2.44118e-03 2.42086e-03 2.39991e-03 2.37816e-03 2.35543e-03 2.33153e-03 2.30627e-03 2.27944e-03 2.25086e-03 2.22031e-03 2.18762e-03 2.15261e-03 2.11512e-03 2.07503e-03 2.03225e-03 1.98671e-03 1.93840e-03 1.88737e-03 1.83369e-03 1.77751e-03 1.71901e-03 1.65842e-03 1.59601e-03 1.53208e-03 1.46695e-03 1.40094e-03 1.33439e-03 1.26761e-03 1.20094e-03 1.13469e-03 1.06919e-03 1.00480e-03 9.41901e-04 8.80895e-04 8.22206e-04 7.66224e-04 7.13244e-04 6.63397e-04 6.16577e-04 5.72419e-04 5.30340e-04 4.89680e-04 4.49895e-04 4.10704e-04 3.72160e-04 3.34589e-04 2.98484e-04 2.64363e-04 2.32675e-04 2.03736e-04 1.77714e-04 1.54636e-04 1.34402e-04 1.16808e-04 1.01563e-04 8.83114e-05 7.66601e-05 6.62052e-05 5.65723e-05 4.74661e-05 3.87325e-05 3.04059e-05 2.27061e-05 1.59564e-05 1.04500e-05 6.32461e-06 3.51297e-06 1.78157e-06 8.23291e-07 3.48316e-07 1.37363e-07 5.23496e-08 2.00308e-08 7.62268e-09 2.62553e-09 6.85031e-10 9.63125e-11 2.45884e-12
7.005013 4.80420e-02 7.65049e-02 5.87810e-02 4.33034e-02 3.15484e-02 2.33425e-02 1.81032e-02 1.50524e-02 1.34862e-02 1.28547e-02 1.27394e-02 1.28384e-02 1.29597e-02 1.29958e-02 1.28898e-02 1.26137e-02 1.21623e-02 1.15559e-02 1.08405e-02 1.00791e-02 9.33470e-03 8.65367e-03 8.05735e-03 7.54648e-03 7.11193e-03 6.74450e-03 6.43998e-03 6.19878e-03 6.02199e-03 5.90748e-03 5.84894e-03 5.83754e-03 5.86400e-03 5.91876e-03 5.99103e-03 6.06944e-03 6.14499e-03 6.21328e-03 6.27408e-03 6.32935e-03 6.38160e-03 6.43324e-03 6.48653e-03 6.54357e-03 6.60617e-03 6.67550e-03 6.75190e-03 6.83446e-03 6.92068e-03 7.00611e-03 7.08438e-03 7.14778e-03 7.18843e-03 7.19980e-03 7.17813e-03 7.12314e-03 7.03764e-03 6.92604e-03 6.79252e-03 6.63979e-03 6.46900e-03 6.28069e-03 6.07608e-03 5.85798e-03 5.63082e-03 5.40014e-03 5.17172e-03 4.95085e-03 4.74184e-03 4.54780e-03 4.37067e-03 4.21135e-03 4.06991e-03 3.94576e-03 3.83783e-03 3.74474e-03 3.66486e-03 3.59648e-03 3.53782e-03 3.48713e-03 3.44275e-03 3.40313e-03 3.36693e-03 3.33298e-03 3.30035e-03 3.26832e-03 3.23641e-03 3.20431e-03 3.17189e-03 3.13913e-03 3.10614e-03 3.07303e-03 3.04000e-03 3.00721e-03 2.97485e-03 2.94305e-03 2.91196e-03 2.88166e-03 2.85224e-03 2.82375e-03 2.79620e-03 2.76962e-03 2.74399e-03 2.71927e-03 2.69544e-03 2.67242e-03 2.65016e-03 2.62859e-03 2.60762e-03 2.58716e-03 2.56712e-03 2.54740e-03 2.52788e-03 2.50844e-03 2.48898e-03 2.46933e-03 2.44938e-03 2.42895e-03 2.40788e-03 2.38598e-03 2.36308e-03 2.33895e-03 2.31338e-03 2.28614e-03 2.25699e-03 2.22570e-03 2.19202e-03 2.15575e-03 2.11668e-03 2.07466e-03 2.02958e-03 1.98138e-03 1.93007e-03 1.87573e-03 1.81854e-03 1.75871e-03 1.69656e-03 1.63243e-03 1.56673e-03 1.49986e-03 1.43227e-03 1.36435e-03 1.29652e-03 1.22912e-03 1.16252e-03 1.09703e-03 1.03299e-03 9.70716e-04 9.10557e-04 8.52843e-04 7.97872e-04 7.45860e-04 6.96905e-04 6.50928e-04 6.07642e-04 5.66523e-04 5.26877e-04 4.87981e-04 4.49288e-04 4.10581e-04 3.72018e-04 3.34049e-04 2.97278e-04 2.62322e-04 2.29699e-04 1.99782e-04 1.72782e-04 1.48754e-04 1.27619e-04 1.09181e-04 9.31488e-05 7.91699e-05 6.68630e-05 5.58599e-05 4.58524e-05 3.66438e-05 2.81928e-05 2.06201e-05 1.41506e-05 8.99577e-06 5.23470e-06 2.75807e-06 1.30364e-06 5.49651e-07 2.07503e-07 7.19074e-08 2.41411e-08 8.21080e-09 2.67350e-09 6.86941e-10 9.64417e-11 2.46286e-12
7.105085 4.61170e-02 7.44773e-02 5.78853e-02 4.27624e-02 3.11028e-02 2.29696e-02 1.77927e-02 1.47924e-02 1.32717e-02 1.26829e-02 1.26032e-02 1.27258e-02 1.28567e-02 1.28892e-02 1.27701e-02 1.24760e-02 1.20078e-02 1.13908e-02 1.06749e-02 9.92362e-03 9.19734e-03 8.53720e-03 7.95983e-03 7.46353e-03 7.03892e-03 6.67763e-03 6.37612e-03 6.13458e-03 5.95333e-03 5.83005e-03 5.75962e-03 5.73565e-03 5.75155e-03 5.79965e-03 5.86989e-03 5.95077e-03 6.03246e-03 6.10922e-03 6.17925e-03 6.24327e-03 6.30305e-03 6.36064e-03 6.41796e-03 6.47673e-03 6.53847e-03 6.60445e-03 6.67572e-03 6.75274e-03 6.83493e-03 6.92008e-03 7.00389e-03 7.07991e-03 7.14012e-03 7.17621e-03 7.18134e-03 7.15186e-03 7.08829e-03 6.99481e-03 6.87736e-03 6.74121e-03 6.58919e-03 6.42154e-03 6.23728e-03 6.03614e-03 5.82002e-03 5.59329e-03 5.36203e-03 5.13300e-03 4.91243e-03 4.70539e-03 4.51545e-03 4.34466e-03 4.19379e-03 4.06252e-03 3.94977e-03 3.85390e-03 3.77295e-03 3.70477e-03 3.64718e-03 3.59808e-03 3.55548e-03 3.51760e-03 3.48290e-03 3.45010e-03 3.41817e-03 3.38638e-03 3.35419e-03 3.32131e-03 3.28763e-03 3.25318e-03 3.21809e-03 3.18256e-03 3.14685e-03 3.11121e-03 3.07587e-03 3.04104e-03 3.00693e-03 2.97366e-03 2.94136e-03 2.91009e-03 2.87991e-03 2.85083e-03 2.82286e-03 2.79598e-03 2.77015e-03 2.74533e-03 2.72146e-03 2.69848e-03 2.67631e-03 2.65487e-03 2.63408e-03 2.61383e-03 2.59403e-03 2.57458e-03 2.55536e-03 2.53625e-03 2.51712e-03 2.49783e-03 2.47822e-03 2.45814e-03 2.43739e-03 2.41578e-03 2.39308e-03 2.36904e-03 2.34340e-03 2.31587e-03 2.28614e-03 2.25392e-03 2.21890e-03 2.18079e-03 2.13936e-03 2.09440e-03 2.04580e-03 1.99354e-03 1.93770e-03 1.87847e-03 1.81614e-03 1.75112e-03 1.68388e-03 1.61497e-03 1.54494e-03 1.47437e-03 1.40378e-03 1.33368e-03 1.26449e-03 1.19660e-03 1.13033e-03 1.06597e-03 1.00382e-03 9.44142e-04 8.87177e-04 8.33124e-04 7.82103e-04 7.34131e-04 6.89107e-04 6.46784e-04 6.06725e-04 5.68267e-04 5.30581e-04 4.92848e-04 4.54498e-04 4.15381e-04 3.75794e-04 3.36356e-04 2.97847e-04 2.61032e-04 2.26560e-04 1.94901e-04 1.66334e-04 1.40949e-04 1.18669e-04 9.92839e-05 8.24885e-05 6.79241e-05 5.52266e-05 4.40714e-05 3.42216e-05 2.55649e-05 1.81240e-05 1.20092e-05 7.32042e-06 4.04023e-06 1.98782e-06 8.59389e-07 3.23196e-07 1.06180e-07 3.17090e-08 9.32999e-09 2.76333e-09 6.89468e-10 9.65689e-11 2.46899e-12
7.205157 4.49443e-02 7.24019e-02 5.62899e-02 4.18688e-02 3.06137e-02 2.26216e-02 1.75034e-02 1.45529e-02 1.30826e-02 1.25392e-02 1.24944e-02 1.26381e-02 1.27756e-02 1.28015e-02 1.26656e-02 1.23500e-02 1.18619e-02 1.12330e-02 1.05171e-02 9.77783e-03 9.07166e-03 8.43367e-03 7.87561e-03 7.39366e-03 6.97869e-03 6.62361e-03 6.32572e-03 6.08496e-03 5.90084e-03 5.77081e-03 5.69082e-03 5.65668e-03 5.66415e-03 5.70724e-03 5.77668e-03 5.86102e-03 5.94974e-03 6.03567e-03 6.11540e-03 6.18840e-03 6.25597e-03 6.32019e-03 6.38327e-03 6.44708e-03 6.51311e-03 6.58246e-03 6.65589e-03 6.73368e-03 6.81534e-03 6.89922e-03 6.98209e-03 7.05893e-03 7.12297e-03 7.16649e-03 7.18209e-03 7.16450e-03 7.11210e-03 7.02753e-03 6.91679e-03 6.78694e-03 6.64356e-03 6.48896e-03 6.32227e-03 6.14107e-03 5.94383e-03 5.73163e-03 5.50863e-03 5.28128e-03 5.05692e-03 4.84244e-03 4.64328e-03 4.46309e-03 4.30370e-03 4.16540e-03 4.04728e-03 3.94761e-03 3.86419e-03 3.79458e-03 3.73631e-03 3.68703e-03 3.64459e-03 3.60712e-03 3.57299e-03 3.54089e-03 3.50977e-03 3.47884e-03 3.44752e-03 3.41544e-03 3.38243e-03 3.34844e-03 3.31356e-03 3.27795e-03 3.24184e-03 3.20549e-03 3.16918e-03 3.13317e-03 3.09768e-03 3.06293e-03 3.02906e-03 2.99619e-03 2.96441e-03 2.93378e-03 2.90430e-03 2.87598e-03 2.84879e-03 2.82272e-03 2.79770e-03 2.77369e-03 2.75062e-03 2.72843e-03 2.70704e-03 2.68638e-03 2.66635e-03 2.64688e-03 2.62785e-03 2.60917e-03 2.59071e-03 2.57237e-03 2.55400e-03 2.53545e-03 2.51656e-03 2.49714e-03 2.47697e-03 2.45582e-03 2.43342e-03 2.40945e-03 2.38358e-03 2.35543e-03 2.32463e-03 2.29076e-03 2.25343e-03 2.21230e-03 2.16707e-03 2.11753e-03 2.06362e-03 2.00538e-03 1.94307e-03 1.87705e-03 1.80788e-03 1.73620e-03 1.66275e-03 1.58829e-03 1.51358e-03 1.43931e-03 1.36610e-03 1.29443e-03 1.22474e-03 1.15734e-03 1.09250e-03 1.03044e-03 9.71347e-04 9.15381e-04 8.62633e-04 8.13111e-04 7.66725e-04 7.23293e-04 6.82549e-04 6.44100e-04 6.07343e-04 5.71415e-04 5.35290e-04 4.98034e-04 4.59105e-04 4.18519e-04 3.76817e-04 3.34889e-04 2.93765e-04 2.54429e-04 2.17701e-04 1.84162e-04 1.54136e-04 1.27701e-04 1.04736e-04 8.49772e-05 6.80797e-05 5.36717e-05 4.14038e-05 3.09915e-05 2.22497e-05 1.50971e-05 9.51583e-06 5.46619e-06 2.80418e-06 1.25799e-06 4.83498e-07 1.56949e-07 4.35228e-08 1.10993e-08 2.87670e-09 6.81603e-10 9.50240e-11 2.43541e-12
7.305228 4.56680e-02 7.27524e-02 5.58001e-02 4.10386e-02 2.99019e-02 2.21060e-02 1.71078e-02 1.42214e-02 1.27951e-02 1.22866e-02 1.22667e-02 1.24239e-02 1.25638e-02 1.25829e-02 1.24345e-02 1.21058e-02 1.16096e-02 1.09830e-02 1.02816e-02 9.56710e-03 8.89047e-03 8.28073e-03 7.74561e-03 7.28030e-03 6.87671e-03 6.52921e-03 6.23588e-03 5.99632e-03 5.80939e-03 5.67259e-03 5.58309e-03 5.53878e-03 5.53759e-03 5.57518e-03 5.64328e-03 5.73082e-03 5.82678e-03 5.92260e-03 6.01306e-03 6.09618e-03 6.17247e-03 6.24400e-03 6.31335e-03 6.38290e-03 6.45449e-03 6.52931e-03 6.60786e-03 6.68997e-03 6.77458e-03 6.85962e-03 6.94183e-03 7.01664e-03 7.07830e-03 7.12039e-03 7.13667e-03 7.12237e-03 7.07545e-03 6.99726e-03 6.89227e-03 6.76681e-03 6.62726e-03 6.47821e-03 6.32130e-03 6.15527e-03 5.97742e-03 5.78585e-03 5.58118e-03 5.36722e-03 5.15024e-03 4.93753e-03 4.73596e-03 4.55084e-03 4.38548e-03 4.24119e-03 4.11760e-03 4.01318e-03 3.92567e-03 3.85250e-03 3.79106e-03 3.73894e-03 3.69398e-03 3.65435e-03 3.61853e-03 3.58530e-03 3.55366e-03 3.52284e-03 3.49224e-03 3.46139e-03 3.43000e-03 3.39788e-03 3.36497e-03 3.33132e-03 3.29704e-03 3.26233e-03 3.22740e-03 3.19249e-03 3.15785e-03 3.12370e-03 3.09023e-03 3.05761e-03 3.02596e-03 2.99538e-03 2.96592e-03 2.93760e-03 2.91041e-03 2.88435e-03 2.85937e-03 2.83543e-03 2.81248e-03 2.79047e-03 2.76932e-03 2.74899e-03 2.72939e-03 2.71045e-03 2.69210e-03 2.67425e-03 2.65681e-03 2.63967e-03 2.62274e-03 2.60587e-03 2.58893e-03 2.57175e-03 2.55416e-03 2.53594e-03 2.51683e-03 2.49655e-03 2.47476e-03 2.45108e-03 2.42507e-03 2.39626e-03 2.36413e-03 2.32818e-03 2.28790e-03 2.24284e-03 2.19268e-03 2.13723e-03 2.07649e-03 2.01073e-03 1.94042e-03 1.86627e-03 1.78916e-03 1.71008e-03 1.63009e-03 1.55017e-03 1.47124e-03 1.39405e-03 1.31921e-03 1.24718e-03 1.17826e-03 1.11269e-03 1.05061e-03 9.92124e-04 9.37305e-04 8.86139e-04 8.38525e-04 7.94256e-04 7.53044e-04 7.14548e-04 6.78368e-04 6.43950e-04 6.10457e-04 5.76731e-04 5.41493e-04 5.03721e-04 4.63001e-04 4.19633e-04 3.74531e-04 3.28972e-04 2.84349e-04 2.41946e-04 2.02783e-04 1.67527e-04 1.36479e-04 1.09630e-04 8.67545e-05 6.74930e-05 5.14357e-05 3.81758e-05 2.73556e-05 1.86937e-05 1.19876e-05 7.07247e-06 3.75211e-06 1.74474e-06 6.91544e-07 2.27211e-07 6.09241e-08 1.38500e-08 3.05350e-09 6.64305e-10 9.16415e-11 2.35744e-12
7.405300 4.23807e-02 6.89641e-02 5.42305e-02 4.05435e-02 2.96401e-02 2.18818e-02 1.69147e-02 1.40585e-02 1.26570e-02 1.21698e-02 1.21671e-02 1.23347e-02 1.24763e-02 1.24883e-02 1.23267e-02 1.19836e-02 1.14781e-02 1.08520e-02 1.01628e-02 9.46961e-03 8.81761e-03 8.23012e-03 7.71170e-03 7.25716e-03 6.85971e-03 6.51526e-03 6.22248e-03 5.98069e-03 5.78831e-03 5.64319e-03 5.54389e-03 5.49022e-03 5.48190e-03 5.51587e-03 5.58468e-03 5.67748e-03 5.78280e-03 5.89079e-03 5.99454e-03 6.09044e-03 6.17799e-03 6.25890e-03 6.33601e-03 6.41224e-03 6.48997e-03 6.57067e-03 6.65490e-03 6.74224e-03 6.83123e-03 6.91926e-03 7.00257e-03 7.07637e-03 7.13516e-03 7.17332e-03 7.18592e-03 7.16964e-03 7.12345e-03 7.04875e-03 6.94881e-03 6.82791e-03 6.69060e-03 6.54117e-03 6.38298e-03 6.21765e-03 6.04483e-03 5.86299e-03 5.67107e-03 5.47000e-03 5.26339e-03 5.05696e-03 4.85736e-03 4.67068e-03 4.50142e-03 4.35204e-03 4.22300e-03 4.11321e-03 4.02056e-03 3.94246e-03 3.87625e-03 3.81946e-03 3.76999e-03 3.72608e-03 3.68637e-03 3.64979e-03 3.61550e-03 3.58279e-03 3.55110e-03 3.51996e-03 3.48898e-03 3.45787e-03 3.42647e-03 3.39468e-03 3.36249e-03 3.32998e-03 3.29725e-03 3.26446e-03 3.23180e-03 3.19945e-03 3.16759e-03 3.13642e-03 3.10608e-03 3.07669e-03 3.04835e-03 3.02111e-03 2.99500e-03 2.97001e-03 2.94613e-03 2.92331e-03 2.90150e-03 2.88065e-03 2.86070e-03 2.84158e-03 2.82323e-03 2.80559e-03 2.78858e-03 2.77213e-03 2.75617e-03 2.74060e-03 2.72535e-03 2.71031e-03 2.69537e-03 2.68039e-03 2.66522e-03 2.64968e-03 2.63357e-03 2.61662e-03 2.59855e-03 2.57901e-03 2.55758e-03 2.53377e-03 2.50704e-03 2.47675e-03 2.44225e-03 2.40283e-03 2.35786e-03 2.30677e-03 2.24919e-03 2.18502e-03 2.11446e-03 2.03810e-03 1.95683e-03 1.87186e-03 1.78453e-03 1.69629e-03 1.60847e-03 1.52229e-03 1.43873e-03 1.35852e-03 1.28218e-03 1.21000e-03 1.14217e-03 1.07876e-03 1.01980e-03 9.65247e-04 9.14996e-04 8.68838e-04 8.26454e-04 7.87428e-04 7.51300e-04 7.17583e-04 6.85708e-04 6.54844e-04 6.23753e-04 5.90852e-04 5.54612e-04 5.14059e-04 4.69103e-04 4.20554e-04 3.69906e-04 3.19021e-04 2.69790e-04 2.23836e-04 1.82314e-04 1.45839e-04 1.14551e-04 8.82417e-05 6.64988e-05 4.88171e-05 3.46798e-05 2.36082e-05 1.51886e-05 9.06661e-06 4.90683e-06 2.34164e-06 9.53880e-07 3.19682e-07 8.50884e-08 1.79445e-08 3.36463e-09 6.47079e-10 8.73455e-11 2.25631e-12
7.505371 4.31832e-02 6.89124e-02 5.31714e-02 3.94587e-02 2.89271e-02 2.14237e-02 1.65706e-02 1.37729e-02 1.24111e-02 1.19509e-02 1.19635e-02 1.21364e-02 1.22745e-02 1.22764e-02 1.21012e-02 1.17465e-02 1.12376e-02 1.06208e-02 9.95386e-03 9.29149e-03 8.67200e-03 8.11284e-03 7.61586e-03 7.17608e-03 6.78833e-03 6.44998e-03 6.16015e-03 5.91786e-03 5.72149e-03 5.56971e-03 5.46274e-03 5.40232e-03 5.38969e-03 5.42268e-03 5.49428e-03 5.59376e-03 5.70922e-03 5.82984e-03 5.94728e-03 6.05650e-03 6.15586e-03 6.24649e-03 6.33123e-03 6.41336e-03 6.49568e-03 6.58003e-03 6.66708e-03 6.75637e-03 6.84621e-03 6.93372e-03 7.01487e-03 7.08482e-03 7.13841e-03 7.17093e-03 7.17884e-03 7.16035e-03 7.11569e-03 7.04659e-03 6.95542e-03 6.84421e-03 6.71454e-03 6.56818e-03 6.40777e-03 6.23650e-03 6.05724e-03 5.87169e-03 5.68055e-03 5.48450e-03 5.28536e-03 5.08668e-03 4.89336e-03 4.71067e-03 4.54310e-03 4.39357e-03 4.26312e-03 4.15116e-03 4.05592e-03 3.97500e-03 3.90584e-03 3.84602e-03 3.79349e-03 3.74657e-03 3.70398e-03 3.66472e-03 3.62804e-03 3.59330e-03 3.55997e-03 3.52762e-03 3.49587e-03 3.46446e-03 3.43325e-03 3.40215e-03 3.37115e-03 3.34026e-03 3.30954e-03 3.27906e-03 3.24888e-03 3.21909e-03 3.18982e-03 3.16118e-03 3.13329e-03 3.10627e-03 3.08022e-03 3.05523e-03 3.03134e-03 3.00859e-03 2.98697e-03 2.96646e-03 2.94701e-03 2.92857e-03 2.91108e-03 2.89447e-03 2.87867e-03 2.86360e-03 2.84919e-03 2.83537e-03 2.82205e-03 2.80916e-03 2.79662e-03 2.78433e-03 2.77219e-03 2.76011e-03 2.74795e-03 2.73558e-03 2.72282e-03 2.70949e-03 2.69535e-03 2.68012e-03 2.66346e-03 2.64494e-03 2.62407e-03 2.60024e-03 2.57273e-03 2.54072e-03 2.50332e-03 2.45961e-03 2.40874e-03 2.35004e-03 2.28317e-03 2.20823e-03 2.12583e-03 2.03709e-03 1.94357e-03 1.84710e-03 1.74959e-03 1.65288e-03 1.55853e-03 1.46779e-03 1.38156e-03 1.30040e-03 1.22461e-03 1.15430e-03 1.08948e-03 1.03007e-03 9.75950e-04 9.26912e-04 8.82658e-04 8.42758e-04 8.06678e-04 7.73813e-04 7.43545e-04 7.15205e-04 6.87923e-04 6.60392e-04 6.30801e-04 5.97153e-04 5.57879e-04 5.12375e-04 4.61216e-04 4.06031e-04 3.49162e-04 2.93196e-04 2.40490e-04 1.92802e-04 1.51135e-04 1.15797e-04 8.65830e-05 6.29769e-05 4.43234e-05 2.99396e-05 1.91803e-05 1.14621e-05 6.25045e-06 3.02430e-06 1.25417e-06 4.27379e-07 1.14059e-07 2.30227e-08 3.75447e-09 6.17920e-10 8.01856e-11 2.07730e-12
7.605443 4.13481e-02 6.70288e-02 5.22988e-02 3.89012e-02 2.84785e-02 2.10814e-02 1.63095e-02 1.35536e-02 1.22108e-02 1.17603e-02 1.17772e-02 1.19494e-02 1.20822e-02 1.20752e-02 1.18908e-02 1.15314e-02 1.10274e-02 1.04278e-02 9.78906e-03 9.16040e-03 8.57346e-03 8.04097e-03 7.56327e-03 7.13623e-03 6.75632e-03 6.42201e-03 6.13256e-03 5.88673e-03 5.68315e-03 5.52169e-03 5.40451e-03 5.33539e-03 5.31709e-03 5.34834e-03 5.42256e-03 5.52905e-03 5.65546e-03 5.78998e-03 5.92284e-03 6.04742e-03 6.16068e-03 6.26287e-03 6.35650e-03 6.44501e-03 6.53164e-03 6.61864e-03 6.70698e-03 6.79625e-03 6.88467e-03 6.96924e-03 7.04597e-03 7.11042e-03 7.15834e-03 7.18638e-03 7.19263e-03 7.17677e-03 7.13989e-03 7.08370e-03 7.00947e-03 6.91711e-03 6.80512e-03 6.67174e-03 6.51669e-03 6.34221e-03 6.15266e-03 5.95327e-03 5.74873e-03 5.54258e-03 5.33762e-03 5.13661e-03 4.94286e-03 4.76015e-03 4.59199e-03 4.44097e-03 4.30823e-03 4.19347e-03 4.09523e-03 4.01135e-03 3.93946e-03 3.87727e-03 3.82279e-03 3.77436e-03 3.73066e-03 3.69063e-03 3.65336e-03 3.61807e-03 3.58408e-03 3.55084e-03 3.51795e-03 3.48519e-03 3.45253e-03 3.42007e-03 3.38799e-03 3.35650e-03 3.32575e-03 3.29582e-03 3.26676e-03 3.23857e-03 3.21123e-03 3.18475e-03 3.15915e-03 3.13446e-03 3.11074e-03 3.08805e-03 3.06645e-03 3.04599e-03 3.02669e-03 3.00855e-03 2.99155e-03 2.97567e-03 2.96085e-03 2.94702e-03 2.93412e-03 2.92207e-03 2.91078e-03 2.90018e-03 2.89016e-03 2.88065e-03 2.87156e-03 2.86279e-03 2.85424e-03 2.84583e-03 2.83744e-03 2.82897e-03 2.82027e-03 2.81121e-03 2.80161e-03 2.79125e-03 2.77988e-03 2.76716e-03 2.75271e-03 2.73600e-03 2.71641e-03 2.69314e-03 2.66523e-03 2.63158e-03 2.59093e-03 2.54205e-03 2.48381e-03 2.41544e-03 2.33674e-03 2.24822e-03 2.15117e-03 2.04757e-03 1.93983e-03 1.83053e-03 1.72212e-03 1.61670e-03 1.51591e-03 1.42088e-03 1.33229e-03 1.25046e-03 1.17544e-03 1.10718e-03 1.04553e-03 9.90268e-04 9.41141e-04 8.97766e-04 8.59627e-04 8.26066e-04 7.96328e-04 7.69611e-04 7.45081e-04 7.21749e-04 6.98220e-04 6.72474e-04 6.42062e-04 6.04731e-04 5.59196e-04 5.05613e-04 4.45643e-04 3.82135e-04 3.18528e-04 2.58108e-04 2.03419e-04 1.55965e-04 1.16264e-04 8.40903e-05 5.87676e-05 3.94133e-05 2.51034e-05 1.49579e-05 8.16697e-06 3.97540e-06 1.66522e-06 5.73818e-07 1.53791e-07 3.02363e-08 4.40013e-09 6.02519e-10 7.31289e-11 1.89289e-12
7.705515 3.98392e-02 6.48149e-02 5.08853e-02 3.81198e-02 2.80253e-02 2.07754e-02 1.60757e-02 1.33597e-02 1.20375e-02 1.15948e-02 1.16119e-02 1.17793e-02 1.19033e-02 1.18852e-02 1.16905e-02 1.13268e-02 1.08294e-02 1.02496e-02 9.64117e-03 9.04732e-03 8.49293e-03 7.98657e-03 7.52769e-03 7.11330e-03 6.74141e-03 6.41125e-03 6.12191e-03 5.87194e-03 5.66048e-03 5.48896e-03 5.36180e-03 5.28499e-03 5.26288e-03 5.29496e-03 5.37479e-03 5.49128e-03 5.63122e-03 5.78146e-03 5.93074e-03 6.07097e-03 6.19795e-03 6.31118e-03 6.41297e-03 6.50704e-03 6.59711e-03 6.68589e-03 6.77455e-03 6.86260e-03 6.94796e-03 7.02735e-03 7.09684e-03 7.15261e-03 7.19170e-03 7.21258e-03 7.21534e-03 7.20136e-03 7.17270e-03 7.13112e-03 7.07706e-03 7.00869e-03 6.92180e-03 6.81097e-03 6.67189e-03 6.50344e-03 6.30863e-03 6.09396e-03 5.86760e-03 5.63756e-03 5.41040e-03 5.19104e-03 4.98324e-03 4.79010e-03 4.61422e-03 4.45738e-03 4.32026e-03 4.20229e-03 4.10189e-03 4.01682e-03 3.94465e-03 3.88302e-03 3.82990e-03 3.78356e-03 3.74258e-03 3.70568e-03 3.67168e-03 3.63949e-03 3.60810e-03 3.57666e-03 3.54458e-03 3.51157e-03 3.47766e-03 3.44317e-03 3.40861e-03 3.37455e-03 3.34149e-03 3.30979e-03 3.27963e-03 3.25105e-03 3.22400e-03 3.19837e-03 3.17404e-03 3.15093e-03 3.12897e-03 3.10814e-03 3.08843e-03 3.06986e-03 3.05246e-03 3.03622e-03 3.02116e-03 3.00727e-03 2.99451e-03 2.98284e-03 2.97222e-03 2.96256e-03 2.95380e-03 2.94585e-03 2.93863e-03 2.93205e-03 2.92603e-03 2.92048e-03 2.91532e-03 2.91047e-03 2.90586e-03 2.90138e-03 2.89695e-03 2.89245e-03 2.88774e-03 2.88267e-03 2.87702e-03 2.87055e-03 2.86293e-03 2.85376e-03 2.84251e-03 2.82852e-03 2.81094e-03 2.78870e-03 2.76048e-03 2.72474e-03 2.67978e-03 2.62393e-03 2.55586e-03 2.47486e-03 2.38121e-03 2.27628e-03 2.16244e-03 2.04277e-03 1.92062e-03 1.79919e-03 1.68121e-03 1.56878e-03 1.46333e-03 1.36568e-03 1.27619e-03 1.19493e-03 1.12175e-03 1.05648e-03 9.98850e-04 9.48564e-04 9.05196e-04 8.68160e-04 8.36698e-04 8.09898e-04 7.86762e-04 7.66230e-04 7.47120e-04 7.27864e-04 7.06223e-04 6.79323e-04 6.44266e-04 5.99054e-04 5.43358e-04 4.78822e-04 4.08839e-04 3.37774e-04 2.69945e-04 2.08726e-04 1.56134e-04 1.12858e-04 7.85969e-05 5.24434e-05 3.32234e-05 1.97111e-05 1.07402e-05 5.23312e-06 2.20086e-06 7.62648e-07 2.04900e-07 3.96363e-08 5.30139e-09 6.00190e-10 6.59998e-11 1.69659e-12
7.805586 4.02231e-02 6.41729e-02 4.96784e-02 3.71212e-02 2.73850e-02 2.03660e-02 1.57787e-02 1.31148e-02 1.18167e-02 1.13815e-02 1.13950e-02 1.15523e-02 1.16632e-02 1.16320e-02 1.14286e-02 1.10651e-02 1.05809e-02 1.00280e-02 9.45626e-03 8.90169e-03 8.38277e-03 7.90470e-03 7.46667e-03 7.06712e-03 6.70543e-03 6.38122e-03 6.09324e-03 5.83979e-03 5.62068e-03 5.43907e-03 5.30177e-03 5.21715e-03 5.19132e-03 5.22476e-03 5.31120e-03 5.43902e-03 5.59372e-03 5.76049e-03 5.92629e-03 6.08155e-03 6.22106e-03 6.34393e-03 6.45261e-03 6.55127e-03 6.64422e-03 6.73457e-03 6.82349e-03 6.91015e-03 6.99195e-03 7.06526e-03 7.12630e-03 7.17203e-03 7.20095e-03 7.21342e-03 7.21146e-03 7.19810e-03 7.17642e-03 7.14860e-03 7.11485e-03 7.07244e-03 7.01532e-03 6.93509e-03 6.82333e-03 6.67446e-03 6.48780e-03 6.26805e-03 6.02434e-03 5.76801e-03 5.51022e-03 5.26023e-03 5.02474e-03 4.80811e-03 4.61305e-03 4.44095e-03 4.29213e-03 4.16578e-03 4.06014e-03 3.97277e-03 3.90094e-03 3.84195e-03 3.79334e-03 3.75297e-03 3.71892e-03 3.68945e-03 3.66293e-03 3.63781e-03 3.61275e-03 3.58661e-03 3.55855e-03 3.52812e-03 3.49529e-03 3.46046e-03 3.42435e-03 3.38790e-03 3.35203e-03 3.31751e-03 3.28485e-03 3.25430e-03 3.22591e-03 3.19958e-03 3.17515e-03 3.15241e-03 3.13121e-03 3.11140e-03 3.09288e-03 3.07558e-03 3.05946e-03 3.04450e-03 3.03069e-03 3.01801e-03 3.00644e-03 2.99595e-03 2.98650e-03 2.97803e-03 2.97049e-03 2.96381e-03 2.95795e-03 2.95285e-03 2.94845e-03 2.94471e-03 2.94160e-03 2.93907e-03 2.93708e-03 2.93559e-03 2.93455e-03 2.93387e-03 2.93347e-03 2.93322e-03 2.93298e-03 2.93253e-03 2.93163e-03 2.92994e-03 2.92704e-03 2.92240e-03 2.91533e-03 2.90492e-03 2.89003e-03 2.86918e-03 2.84057e-03 2.80207e-03 2.75146e-03 2.68673e-03 2.60654e-03 2.51073e-03 2.40054e-03 2.27863e-03 2.14866e-03 2.01473e-03 1.88081e-03 1.75032e-03 1.62586e-03 1.50924e-03 1.40150e-03 1.30313e-03 1.21422e-03 1.13466e-03 1.06426e-03 1.00279e-03 9.49947e-04 9.05316e-04 8.68280e-04 8.38000e-04 8.13428e-04 7.93364e-04 7.76510e-04 7.61433e-04 7.46340e-04 7.28736e-04 7.05346e-04 6.72660e-04 6.27987e-04 5.70497e-04 5.01830e-04 4.25954e-04 3.48222e-04 2.73984e-04 2.07419e-04 1.50969e-04 1.05417e-04 7.03048e-05 4.44342e-05 2.62870e-05 1.42928e-05 6.96076e-06 2.93184e-06 1.01880e-06 2.74057e-07 5.24570e-08 6.60000e-09 6.22156e-10 5.98585e-11 1.51721e-12
7.905658 3.81622e-02 6.23740e-02 4.90201e-02 3.66100e-02 2.69241e-02 2.00260e-02 1.55337e-02 1.29130e-02 1.16241e-02 1.11821e-02 1.11823e-02 1.13242e-02 1.14204e-02 1.13779e-02 1.11700e-02 1.08129e-02 1.03485e-02 9.82770e-03 9.29533e-03 8.78065e-03 8.29662e-03 7.84607e-03 7.42847e-03 7.04364e-03 6.69209e-03 6.37361e-03 6.08655e-03 5.82906e-03 5.60157e-03 5.40879e-03 5.25977e-03 5.16533e-03 5.13371e-03 5.16691e-03 5.25928e-03 5.39871e-03 5.56916e-03 5.75358e-03 5.93671e-03 6.10725e-03 6.25911e-03 6.39131e-03 6.50679e-03 6.61050e-03 6.70735e-03 6.80068e-03 6.89146e-03 6.97829e-03 7.05801e-03 7.12670e-03 7.18082e-03 7.21816e-03 7.23852e-03 7.24382e-03 7.23761e-03 7.22419e-03 7.20760e-03 7.19071e-03 7.17417e-03 7.15533e-03 7.12738e-03 7.08005e-03 7.00185e-03 6.88311e-03 6.71858e-03 6.50899e-03 6.26114e-03 5.98663e-03 5.69952e-03 5.41367e-03 5.14055e-03 4.88821e-03 4.66129e-03 4.46187e-03 4.29023e-03 4.14551e-03 4.02599e-03 3.92930e-03 3.85267e-03 3.79312e-03 3.74767e-03 3.71340e-03 3.68752e-03 3.66740e-03 3.65061e-03 3.63504e-03 3.61891e-03 3.60082e-03 3.57975e-03 3.55505e-03 3.52652e-03 3.49441e-03 3.45947e-03 3.42280e-03 3.38564e-03 3.34916e-03 3.31421e-03 3.28137e-03 3.25087e-03 3.22276e-03 3.19694e-03 3.17323e-03 3.15145e-03 3.13141e-03 3.11294e-03 3.09591e-03 3.08020e-03 3.06571e-03 3.05238e-03 3.04013e-03 3.02893e-03 3.01871e-03 3.00944e-03 3.00106e-03 2.99353e-03 2.98683e-03 2.98094e-03 2.97584e-03 2.97153e-03 2.96801e-03 2.96527e-03 2.96333e-03 2.96218e-03 2.96182e-03 2.96221e-03 2.96334e-03 2.96517e-03 2.96764e-03 2.97067e-03 2.97413e-03 2.97788e-03 2.98167e-03 2.98523e-03 2.98814e-03 2.98987e-03 2.98975e-03 2.98684e-03 2.97995e-03 2.96751e-03 2.94751e-03 2.91750e-03 2.87473e-03 2.81651e-03 2.74075e-03 2.64663e-03 2.53503e-03 2.40860e-03 2.27134e-03 2.12793e-03 1.98302e-03 1.84069e-03 1.70414e-03 1.57564e-03 1.45659e-03 1.34771e-03 1.24925e-03 1.16123e-03 1.08353e-03 1.01601e-03 9.58455e-04 9.10500e-04 8.71539e-04 8.40684e-04 8.16765e-04 7.98394e-04 7.84029e-04 7.71965e-04 7.60127e-04 7.45711e-04 7.25022e-04 6.93964e-04 6.49192e-04 5.89446e-04 5.16448e-04 4.34846e-04 3.51023e-04 2.71330e-04 2.00621e-04 1.41630e-04 9.51001e-05 6.03222e-05 3.57415e-05 1.94469e-05 9.47935e-06 3.99944e-06 1.39306e-06 3.75209e-07 7.13394e-08 8.58968e-09 6.84924e-10 5.56438e-11 1.38168e-12
8.005730 3.70211e-02 6.00018e-02 4.71253e-02 3.56146e-02 2.64488e-02 1.97381e-02 1.53208e-02 1.27393e-02 1.14659e-02 1.10212e-02 1.10077e-02 1.11313e-02 1.12090e-02 1.11514e-02 1.09359e-02 1.05832e-02 1.01374e-02 9.64752e-03 9.15306e-03 8.67641e-03 8.22550e-03 7.80119e-03 7.40335e-03 7.03308e-03 6.69170e-03 6.37903e-03 6.09308e-03 5.83197e-03 5.59685e-03 5.39396e-03 5.23455e-03 5.13184e-03 5.09636e-03 5.13175e-03 5.23299e-03 5.38722e-03 5.57633e-03 5.78053e-03 5.98192e-03 6.16756e-03 6.33089e-03 6.47156e-03 6.59358e-03 6.70288e-03 6.80483e-03 6.90259e-03 6.99644e-03 7.08416e-03 7.16201e-03 7.22594e-03 7.27292e-03 7.30179e-03 7.31376e-03 7.31215e-03 7.30172e-03 7.28761e-03 7.27452e-03 7.26579e-03 7.26238e-03 7.26139e-03 7.25522e-03 7.23236e-03 7.17974e-03 7.08566e-03 6.94228e-03 6.74722e-03 6.50417e-03 6.22255e-03 5.91610e-03 5.60071e-03 5.29174e-03 5.00179e-03 4.73933e-03 4.50869e-03 4.31090e-03 4.14495e-03 4.00873e-03 3.89964e-03 3.81483e-03 3.75120e-03 3.70542e-03 3.67399e-03 3.65332e-03 3.63996e-03 3.63080e-03 3.62320e-03 3.61507e-03 3.60483e-03 3.59130e-03 3.57368e-03 3.55150e-03 3.52474e-03 3.49392e-03 3.46007e-03 3.42455e-03 3.38873e-03 3.35373e-03 3.32029e-03 3.28880e-03 3.25943e-03 3.23220e-03 3.20706e-03 3.18394e-03 3.16274e-03 3.14334e-03 3.12563e-03 3.10947e-03 3.09473e-03 3.08127e-03 3.06897e-03 3.05771e-03 3.04741e-03 3.03799e-03 3.02940e-03 3.02160e-03 3.01458e-03 3.00832e-03 3.00282e-03 2.99807e-03 2.99407e-03 2.99081e-03 2.98829e-03 2.98650e-03 2.98546e-03 2.98516e-03 2.98562e-03 2.98687e-03 2.98892e-03 2.99177e-03 2.99543e-03 2.99986e-03 3.00497e-03 3.01066e-03 3.01669e-03 3.02276e-03 3.02840e-03 3.03297e-03 3.03560e-03 3.03510e-03 3.02988e-03 3.01782e-03 2.99629e-03 2.96217e-03 2.91224e-03 2.84374e-03 2.75517e-03 2.64687e-03 2.52116e-03 2.38202e-03 2.23431e-03 2.08307e-03 1.93282e-03 1.78726e-03 1.64913e-03 1.52023e-03 1.40163e-03 1.29384e-03 1.19709e-03 1.11143e-03 1.03688e-03 9.73374e-04 9.20658e-04 8.78192e-04 8.45071e-04 8.20038e-04 8.01548e-04 7.87842e-04 7.76946e-04 7.66467e-04 7.53227e-04 7.33098e-04 7.01514e-04 6.54755e-04 5.91482e-04 5.13835e-04 4.27300e-04 3.39197e-04 2.56549e-04 1.84489e-04 1.25682e-04 8.05927e-05 4.81340e-05 2.63431e-05 1.28992e-05 5.46326e-06 1.90929e-06 5.15232e-07 9.75674e-08 1.13863e-08 7.86421e-10 5.24189e-11 1.27034e-12
8.105801 3.75408e-02 6.01439e-02 4.65717e-02 3.47603e-02 2.57422e-02 1.92710e-02 1.49999e-02 1.24795e-02 1.12229e-02 1.07720e-02 1.07399e-02 1.08405e-02 1.08970e-02 1.08248e-02 1.06059e-02 1.02640e-02 9.84375e-03 9.39105e-03 8.93916e-03 8.50417e-03 8.08986e-03 7.69561e-03 7.32163e-03 6.96988e-03 6.64218e-03 6.33836e-03 6.05637e-03 5.79457e-03 5.55476e-03 5.34440e-03 5.17642e-03 5.06615e-03 5.02640e-03 5.06279e-03 5.17138e-03 5.33888e-03 5.54524e-03 5.76787e-03 5.98626e-03 6.18591e-03 6.36006e-03 6.50914e-03 6.63826e-03 6.75404e-03 6.86189e-03 6.96440e-03 7.06103e-03 7.14889e-03 7.22402e-03 7.28279e-03 7.32311e-03 7.34515e-03 7.35149e-03 7.34654e-03 7.33569e-03 7.32437e-03 7.31733e-03 7.31784e-03 7.32630e-03 7.33878e-03 7.34655e-03 7.33749e-03 7.29865e-03 7.21874e-03 7.09004e-03 6.90938e-03 6.67852e-03 6.40403e-03 6.09672e-03 5.77058e-03 5.44119e-03 5.12366e-03 4.83051e-03 4.57019e-03 4.34664e-03 4.16003e-03 4.00806e-03 3.88728e-03 3.79388e-03 3.72401e-03 3.67380e-03 3.63931e-03 3.61671e-03 3.60243e-03 3.59334e-03 3.58688e-03 3.58103e-03 3.57426e-03 3.56536e-03 3.55336e-03 3.53750e-03 3.51728e-03 3.49275e-03 3.46454e-03 3.43380e-03 3.40188e-03 3.36993e-03 3.33873e-03 3.30870e-03 3.28002e-03 3.25280e-03 3.22714e-03 3.20314e-03 3.18090e-03 3.16048e-03 3.14189e-03 3.12508e-03 3.10993e-03 3.09630e-03 3.08404e-03 3.07300e-03 3.06306e-03 3.05412e-03 3.04610e-03 3.03891e-03 3.03248e-03 3.02673e-03 3.02156e-03 3.01688e-03 3.01260e-03 3.00867e-03 3.00504e-03 3.00172e-03 2.99872e-03 2.99610e-03 2.99392e-03 2.99226e-03 2.99120e-03 2.99083e-03 2.99123e-03 2.99248e-03 2.99463e-03 2.99771e-03 3.00171e-03 3.00654e-03 3.01202e-03 3.01783e-03 3.02348e-03 3.02821e-03 3.03098e-03 3.03028e-03 3.02411e-03 3.00982e-03 2.98421e-03 2.94377e-03 2.88531e-03 2.80666e-03 2.70745e-03 2.58933e-03 2.45575e-03 2.31130e-03 2.16097e-03 2.00943e-03 1.86068e-03 1.71783e-03 1.58309e-03 1.45789e-03 1.34304e-03 1.23904e-03 1.14617e-03 1.06470e-03 9.94766e-04 9.36340e-04 8.89022e-04 8.51971e-04 8.23907e-04 8.03182e-04 7.87871e-04 7.75756e-04 7.64129e-04 7.49434e-04 7.27162e-04 6.92492e-04 6.41696e-04 5.73821e-04 4.91773e-04 4.01942e-04 3.12288e-04 2.30006e-04 1.59989e-04 1.04448e-04 6.33456e-05 3.51249e-05 1.73925e-05 7.43675e-06 2.61951e-06 7.10824e-07 1.34601e-07 1.53665e-08 9.35300e-10 4.90108e-11 1.15500e-12
8.205873 3.49828e-02 5.70556e-02 4.50794e-02 3.41017e-02 2.53571e-02 1.90012e-02 1.48048e-02 1.23228e-02 1.10717e-02 1.06061e-02 1.05504e-02 1.06255e-02 1.06593e-02 1.05717e-02 1.03485e-02 1.00163e-02 9.61962e-03 9.20079e-03 8.78737e-03 8.39004e-03 8.00916e-03 7.64285e-03 7.29134e-03 6.95690e-03 6.64153e-03 6.34511e-03 6.06583e-03 5.80251e-03 5.55767e-03 5.33974e-03 5.16303e-03 5.04474e-03 4.99996e-03 5.03659e-03 5.15210e-03 5.33304e-03 5.55751e-03 5.80010e-03 6.03768e-03 6.25416e-03 6.44258e-03 6.60390e-03 6.74386e-03 6.86920e-03 6.98481e-03 7.09243e-03 7.19083e-03 7.27689e-03 7.34717e-03 7.39925e-03 7.43274e-03 7.44961e-03 7.45385e-03 7.45066e-03 7.44555e-03 7.44357e-03 7.44871e-03 7.46282e-03 7.48410e-03 7.50614e-03 7.51858e-03 7.50932e-03 7.46703e-03 7.38308e-03 7.25249e-03 7.07409e-03 6.85017e-03 6.58597e-03 6.28919e-03 5.96975e-03 5.63958e-03 5.31201e-03 5.00054e-03 4.71696e-03 4.46958e-03 4.26220e-03 4.09433e-03 3.96236e-03 3.86105e-03 3.78472e-03 3.72803e-03 3.68626e-03 3.65552e-03 3.63266e-03 3.61521e-03 3.60128e-03 3.58944e-03 3.57854e-03 3.56764e-03 3.55583e-03 3.54216e-03 3.52581e-03 3.50621e-03 3.48342e-03 3.45811e-03 3.43134e-03 3.40413e-03 3.37715e-03 3.35071e-03 3.32490e-03 3.29979e-03 3.27551e-03 3.25229e-03 3.23038e-03 3.21001e-03 3.19136e-03 3.17450e-03 3.15947e-03 3.14623e-03 3.13470e-03 3.12478e-03 3.11632e-03 3.10911e-03 3.10290e-03 3.09744e-03 3.09244e-03 3.08767e-03 3.08291e-03 3.07804e-03 3.07296e-03 3.06763e-03 3.06207e-03 3.05630e-03 3.05037e-03 3.04439e-03 3.03845e-03 3.03266e-03 3.02716e-03 3.02205e-03 3.01745e-03 3.01347e-03 3.01019e-03 3.00771e-03 3.00611e-03 3.00547e-03 3.00582e-03 3.00713e-03 3.00926e-03 3.01191e-03 3.01457e-03 3.01640e-03 3.01618e-03 3.01214e-03 3.00193e-03 2.98252e-03 2.95048e-03 2.90238e-03 2.83557e-03 2.74887e-03 2.64297e-03 2.52040e-03 2.38506e-03 2.24147e-03 2.09418e-03 1.94727e-03 1.80408e-03 1.66712e-03 1.53812e-03 1.41822e-03 1.30816e-03 1.20853e-03 1.11987e-03 1.04267e-03 9.77186e-04 9.23251e-04 8.80170e-04 8.46694e-04 8.21107e-04 8.01326e-04 7.84884e-04 7.68718e-04 7.48873e-04 7.20546e-04 6.78933e-04 6.20789e-04 5.46094e-04 4.58896e-04 3.66466e-04 2.77029e-04 1.97417e-04 1.31806e-04 8.16233e-05 4.61511e-05 2.32706e-05 1.01166e-05 3.61590e-06 9.92835e-07 1.89190e-07 2.13411e-08 1.16606e-09 4.49687e-11 1.01843e-12
8.305944 3.45574e-02 5.58782e-02 4.37833e-02 3.30952e-02 2.47343e-02 1.86234e-02 1.45473e-02 1.21191e-02 1.08848e-02 1.04115e-02 1.03335e-02 1.03809e-02 1.03888e-02 1.02827e-02 1.00531e-02 9.72917e-03 9.35480e-03 8.96846e-03 8.59220e-03 8.23192e-03 7.88507e-03 7.54853e-03 7.22210e-03 6.90775e-03 6.60718e-03 6.32026e-03 6.04569e-03 5.78315e-03 5.53619e-03 5.31441e-03 5.13347e-03 5.01223e-03 4.96775e-03 5.00972e-03 5.13642e-03 5.33369e-03 5.57757e-03 5.84011e-03 6.09625e-03 6.32922e-03 6.53223e-03 6.70664e-03 6.85801e-03 6.99220e-03 7.11285e-03 7.22062e-03 7.31399e-03 7.39064e-03 7.44895e-03 7.48910e-03 7.51344e-03 7.52618e-03 7.53258e-03 7.53802e-03 7.54723e-03 7.56376e-03 7.58909e-03 7.62138e-03 7.65452e-03 7.67866e-03 7.68232e-03 7.65485e-03 7.58844e-03 7.47906e-03 7.32652e-03 7.13369e-03 6.90541e-03 6.64732e-03 6.36530e-03 6.06548e-03 5.75497e-03 5.44251e-03 5.13857e-03 4.85446e-03 4.60038e-03 4.38340e-03 4.20605e-03 4.06632e-03 3.95883e-03 3.87671e-03 3.81323e-03 3.76286e-03 3.72153e-03 3.68652e-03 3.65611e-03 3.62925e-03 3.60528e-03 3.58377e-03 3.56429e-03 3.54631e-03 3.52908e-03 3.51169e-03 3.49327e-03 3.47336e-03 3.45209e-03 3.43008e-03 3.40804e-03 3.38640e-03 3.36526e-03 3.34448e-03 3.32394e-03 3.30367e-03 3.28386e-03 3.26481e-03 3.24692e-03 3.23055e-03 3.21602e-03 3.20350e-03 3.19298e-03 3.18426e-03 3.17698e-03 3.17071e-03 3.16500e-03 3.15948e-03 3.15388e-03 3.14803e-03 3.14184e-03 3.13526e-03 3.12826e-03 3.12084e-03 3.11299e-03 3.10470e-03 3.09598e-03 3.08684e-03 3.07733e-03 3.06753e-03 3.05756e-03 3.04754e-03 3.03765e-03 3.02801e-03 3.01874e-03 3.00991e-03 3.00155e-03 2.99369e-03 2.98635e-03 2.97961e-03 2.97353e-03 2.96821e-03 2.96367e-03 2.95984e-03 2.95645e-03 2.95300e-03 2.94864e-03 2.94207e-03 2.93142e-03 2.91421e-03 2.88745e-03 2.84794e-03 2.79290e-03 2.72054e-03 2.63059e-03 2.52443e-03 2.40482e-03 2.27541e-03 2.14016e-03 2.00280e-03 1.86661e-03 1.73416e-03 1.60735e-03 1.48754e-03 1.37577e-03 1.27293e-03 1.17990e-03 1.09749e-03 1.02625e-03 9.66263e-04 9.16966e-04 8.77154e-04 8.45066e-04 8.18484e-04 7.94695e-04 7.70292e-04 7.41027e-04 7.02143e-04 6.49493e-04 5.81120e-04 4.98630e-04 4.07426e-04 3.15277e-04 2.29899e-04 1.56973e-04 9.93765e-05 5.74331e-05 2.95954e-05 1.31414e-05 4.79132e-06 1.33877e-06 2.58398e-07 2.91081e-08 1.46605e-09 3.84066e-11 8.06573e-13
8.406016 3.45623e-02 5.53385e-02 4.29249e-02 3.22471e-02 2.40927e-02 1.81940e-02 1.42541e-02 1.18876e-02 1.06672e-02 1.01812e-02 1.00772e-02 1.00947e-02 1.00759e-02 9.95228e-03 9.71820e-03 9.40444e-03 9.05327e-03 8.69915e-03 8.35944e-03 8.03633e-03 7.72503e-03 7.42112e-03 7.12332e-03 6.83259e-03 6.54990e-03 6.27513e-03 6.00765e-03 5.74828e-03 5.50170e-03 5.27855e-03 5.09544e-03 4.97248e-03 4.92829e-03 4.97415e-03 5.10934e-03 5.31957e-03 5.57976e-03 5.86050e-03 6.13558e-03 6.38742e-03 6.60844e-03 6.79882e-03 6.96249e-03 7.10352e-03 7.22426e-03 7.32515e-03 7.40582e-03 7.46643e-03 7.50874e-03 7.53640e-03 7.55463e-03 7.56929e-03 7.58588e-03 7.60883e-03 7.64093e-03 7.68263e-03 7.73106e-03 7.77943e-03 7.81757e-03 7.83398e-03 7.81817e-03 7.76272e-03 7.66436e-03 7.52407e-03 7.34629e-03 7.13753e-03 6.90474e-03 6.65406e-03 6.39017e-03 6.11667e-03 5.83703e-03 5.55573e-03 5.27907e-03 5.01502e-03 4.77213e-03 4.55765e-03 4.37573e-03 4.22661e-03 4.10697e-03 4.01137e-03 3.93381e-03 3.86897e-03 3.81281e-03 3.76261e-03 3.71678e-03 3.67459e-03 3.63588e-03 3.60081e-03 3.56962e-03 3.54238e-03 3.51881e-03 3.49821e-03 3.47962e-03 3.46208e-03 3.44504e-03 3.42839e-03 3.41226e-03 3.39671e-03 3.38160e-03 3.36669e-03 3.35186e-03 3.33722e-03 3.32306e-03 3.30974e-03 3.29751e-03 3.28644e-03 3.27639e-03 3.26707e-03 3.25818e-03 3.24949e-03 3.24086e-03 3.23226e-03 3.22368e-03 3.21513e-03 3.20659e-03 3.19801e-03 3.18931e-03 3.18041e-03 3.17122e-03 3.16164e-03 3.15159e-03 3.14102e-03 3.12985e-03 3.11804e-03 3.10558e-03 3.09248e-03 3.07879e-03 3.06465e-03 3.05024e-03 3.03580e-03 3.02158e-03 3.00776e-03 2.99441e-03 2.98147e-03 2.96881e-03 2.95624e-03 2.94365e-03 2.93101e-03 2.91840e-03 2.90597e-03 2.89383e-03 2.88205e-03 2.87051e-03 2.85883e-03 2.84631e-03 2.83176e-03 2.81348e-03 2.78923e-03 2.75641e-03 2.71238e-03 2.65501e-03 2.58312e-03 2.49681e-03 2.39743e-03 2.28734e-03 2.16948e-03 2.04697e-03 1.92272e-03 1.79924e-03 1.67856e-03 1.56231e-03 1.45184e-03 1.34841e-03 1.25325e-03 1.16745e-03 1.09180e-03 1.02650e-03 9.71064e-04 9.24276e-04 8.84317e-04 8.48822e-04 8.14827e-04 7.78652e-04 7.36002e-04 6.82670e-04 6.15824e-04 5.35403e-04 4.44905e-04 3.50873e-04 2.60992e-04 1.81856e-04 1.17552e-04 6.94315e-05 3.66080e-05 1.66479e-05 6.21724e-06 1.77739e-06 3.49862e-07 3.97917e-08 1.90494e-09 3.08260e-11 5.37547e-13
8.506088 3.19801e-02 5.23249e-02 4.15284e-02 3.15944e-02 2.36821e-02 1.79114e-02 1.40600e-02 1.17398e-02 1.05282e-02 1.00264e-02 9.89450e-03 9.88109e-03 9.83495e-03 9.69221e-03 9.45086e-03 9.14289e-03 8.80912e-03 8.48066e-03 8.17127e-03 7.88048e-03 7.60175e-03 7.32920e-03 7.05992e-03 6.79318e-03 6.52873e-03 6.26624e-03 6.00589e-03 5.74990e-03 5.50459e-03 5.28208e-03 5.10028e-03 4.98038e-03 4.94195e-03 4.99693e-03 5.14472e-03 5.37070e-03 5.64929e-03 5.95055e-03 6.24758e-03 6.52151e-03 6.76277e-03 6.96897e-03 7.14153e-03 7.28285e-03 7.39502e-03 7.48000e-03 7.54051e-03 7.58075e-03 7.60660e-03 7.62502e-03 7.64302e-03 7.66670e-03 7.70040e-03 7.74624e-03 7.80355e-03 7.86818e-03 7.93225e-03 7.98495e-03 8.01446e-03 8.01017e-03 7.96466e-03 7.87484e-03 7.74221e-03 7.57213e-03 7.37239e-03 7.15142e-03 6.91666e-03 6.67359e-03 6.42573e-03 6.17530e-03 5.92428e-03 5.67533e-03 5.43223e-03 5.19964e-03 4.98228e-03 4.78401e-03 4.60717e-03 4.45236e-03 4.31858e-03 4.20361e-03 4.10446e-03 4.01790e-03 3.94095e-03 3.87126e-03 3.80731e-03 3.74842e-03 3.69465e-03 3.64659e-03 3.60498e-03 3.57039e-03 3.54284e-03 3.52165e-03 3.50548e-03 3.49265e-03 3.48160e-03 3.47130e-03 3.46125e-03 3.45138e-03 3.44173e-03 3.43233e-03 3.42310e-03 3.41386e-03 3.40433e-03 3.39425e-03 3.38346e-03 3.37198e-03 3.36003e-03 3.34789e-03 3.33588e-03 3.32421e-03 3.31302e-03 3.30229e-03 3.29195e-03 3.28187e-03 3.27190e-03 3.26187e-03 3.25165e-03 3.24108e-03 3.23008e-03 3.21853e-03 3.20637e-03 3.19355e-03 3.18000e-03 3.16570e-03 3.15059e-03 3.13462e-03 3.11775e-03 3.09998e-03 3.08137e-03 3.06209e-03 3.04243e-03 3.02280e-03 3.00364e-03 2.98522e-03 2.96761e-03 2.95055e-03 2.93359e-03 2.91625e-03 2.89816e-03 2.87918e-03 2.85939e-03 2.83907e-03 2.81852e-03 2.79802e-03 2.77767e-03 2.75730e-03 2.73642e-03 2.71407e-03 2.68885e-03 2.65888e-03 2.62206e-03 2.57629e-03 2.51992e-03 2.45206e-03 2.37272e-03 2.28290e-03 2.18428e-03 2.07903e-03 1.96948e-03 1.85789e-03 1.74632e-03 1.63663e-03 1.53052e-03 1.42961e-03 1.33542e-03 1.24920e-03 1.17176e-03 1.10325e-03 1.04302e-03 9.89719e-04 9.41364e-04 8.95360e-04 8.48471e-04 7.96880e-04 7.36692e-04 6.64971e-04 5.80989e-04 4.87112e-04 3.88772e-04 2.93201e-04 2.07362e-04 1.36181e-04 8.18354e-05 4.39853e-05 2.04344e-05 7.80875e-06 2.28544e-06 4.59994e-07 5.31992e-08 2.49744e-09 2.42540e-11 2.51980e-13
8.606159 3.28834e-02 5.20577e-02 4.02456e-02 3.04535e-02 2.29768e-02 1.74898e-02 1.37778e-02 1.15211e-02 1.03298e-02 9.81968e-03 9.66252e-03 9.61793e-03 9.54316e-03 9.38032e-03 9.13083e-03 8.82737e-03 8.50896e-03 8.20358e-03 7.92218e-03 7.66247e-03 7.41671e-03 7.17755e-03 6.94000e-03 6.70104e-03 6.45879e-03 6.21244e-03 5.96304e-03 5.71459e-03 5.47563e-03 5.26020e-03 5.08736e-03 4.97849e-03 4.95252e-03 5.02062e-03 5.18197e-03 5.42265e-03 5.71827e-03 6.03951e-03 6.35851e-03 6.65372e-03 6.91184e-03 7.12701e-03 7.29848e-03 7.42850e-03 7.52115e-03 7.58212e-03 7.61865e-03 7.63930e-03 7.65312e-03 7.66851e-03 7.69227e-03 7.72883e-03 7.77984e-03 7.84382e-03 7.91580e-03 7.98749e-03 8.04816e-03 8.08641e-03 8.09203e-03 8.05778e-03 7.98049e-03 7.86136e-03 7.70550e-03 7.52060e-03 7.31525e-03 7.09730e-03 6.87273e-03 6.64544e-03 6.41775e-03 6.19136e-03 5.96815e-03 5.75056e-03 5.54121e-03 5.34206e-03 5.15392e-03 4.97661e-03 4.80969e-03 4.65314e-03 4.50744e-03 4.37319e-03 4.25061e-03 4.13936e-03 4.03859e-03 3.94736e-03 3.86491e-03 3.79103e-03 3.72599e-03 3.67045e-03 3.62505e-03 3.59001e-03 3.56476e-03 3.54787e-03 3.53719e-03 3.53033e-03 3.52514e-03 3.52012e-03 3.51445e-03 3.50771e-03 3.49966e-03 3.49016e-03 3.47929e-03 3.46736e-03 3.45489e-03 3.44242e-03 3.43034e-03 3.41886e-03 3.40794e-03 3.39740e-03 3.38703e-03 3.37657e-03 3.36585e-03 3.35477e-03 3.34328e-03 3.33135e-03 3.31901e-03 3.30624e-03 3.29306e-03 3.27944e-03 3.26534e-03 3.25072e-03 3.23555e-03 3.21979e-03 3.20343e-03 3.18646e-03 3.16886e-03 3.15064e-03 3.13174e-03 3.11210e-03 3.09160e-03 3.07011e-03 3.04754e-03 3.02396e-03 2.99965e-03 2.97514e-03 2.95108e-03 2.92796e-03 2.90592e-03 2.88462e-03 2.86336e-03 2.84135e-03 2.81801e-03 2.79313e-03 2.76683e-03 2.73952e-03 2.71168e-03 2.68374e-03 2.65596e-03 2.62836e-03 2.60061e-03 2.57203e-03 2.54154e-03 2.50771e-03 2.46888e-03 2.42341e-03 2.36994e-03 2.30762e-03 2.23629e-03 2.15645e-03 2.06921e-03 1.97614e-03 1.87906e-03 1.77990e-03 1.68063e-03 1.58320e-03 1.48946e-03 1.40102e-03 1.31910e-03 1.24426e-03 1.17628e-03 1.11420e-03 1.05633e-03 1.00042e-03 9.43545e-04 8.82267e-04 8.12998e-04 7.32941e-04 6.41261e-04 5.39939e-04 4.33891e-04 3.30075e-04 2.35716e-04 1.56423e-04 9.50811e-05 5.17870e-05 2.44415e-05 9.51353e-06 2.84174e-06 5.84194e-07 6.89082e-08 3.25293e-09 2.23901e-11 3.92616e-14
8.706231 3.10894e-02 5.05560e-02 3.96908e-02 2.99380e-02 2.24742e-02 1.71214e-02 1.35328e-02 1.13372e-02 1.01577e-02 9.63168e-03 9.44619e-03 9.37076e-03 9.26949e-03 9.08887e-03 8.83238e-03 8.53242e-03 8.22603e-03 7.93894e-03 7.68062e-03 7.44821e-03 7.23341e-03 7.02746e-03 6.82299e-03 6.61429e-03 6.39736e-03 6.17072e-03 5.93618e-03 5.69984e-03 5.47269e-03 5.27051e-03 5.11243e-03 5.01826e-03 5.00494e-03 5.08290e-03 5.25294e-03 5.50441e-03 5.81575e-03 6.15795e-03 6.50036e-03 6.81655e-03 7.08832e-03 7.30655e-03 7.46991e-03 7.58269e-03 7.65288e-03 7.69075e-03 7.70767e-03 7.71491e-03 7.72253e-03 7.73830e-03 7.76718e-03 7.81093e-03 7.86805e-03 7.93381e-03 8.00063e-03 8.05905e-03 8.09911e-03 8.11182e-03 8.09054e-03 8.03192e-03 7.93621e-03 7.80702e-03 7.65031e-03 7.47309e-03 7.28210e-03 7.08274e-03 6.87878e-03 6.67271e-03 6.46652e-03 6.26249e-03 6.06338e-03 5.87188e-03 5.68935e-03 5.51501e-03 5.34640e-03 5.18081e-03 5.01681e-03 4.85480e-03 4.69663e-03 4.54480e-03 4.40166e-03 4.26897e-03 4.14790e-03 4.03911e-03 3.94293e-03 3.85952e-03 3.78891e-03 3.73101e-03 3.68549e-03 3.65167e-03 3.62831e-03 3.61352e-03 3.60480e-03 3.59935e-03 3.59453e-03 3.58844e-03 3.58021e-03 3.57004e-03 3.55882e-03 3.54767e-03 3.53752e-03 3.52884e-03 3.52160e-03 3.51532e-03 3.50927e-03 3.50267e-03 3.49487e-03 3.48544e-03 3.47422e-03 3.46125e-03 3.44676e-03 3.43107e-03 3.41453e-03 3.39744e-03 3.38004e-03 3.36249e-03 3.34487e-03 3.32715e-03 3.30929e-03 3.29120e-03 3.27279e-03 3.25395e-03 3.23464e-03 3.21485e-03 3.19458e-03 3.17391e-03 3.15291e-03 3.13165e-03 3.11015e-03 3.08834e-03 3.06603e-03 3.04290e-03 3.01859e-03 2.99284e-03 2.96567e-03 2.93748e-03 2.90904e-03 2.88110e-03 2.85413e-03 2.82801e-03 2.80213e-03 2.77566e-03 2.74788e-03 2.71841e-03 2.68724e-03 2.65464e-03 2.62106e-03 2.58696e-03 2.55274e-03 2.51860e-03 2.48447e-03 2.44997e-03 2.41434e-03 2.37653e-03 2.33524e-03 2.28914e-03 2.23703e-03 2.17812e-03 2.11209e-03 2.03922e-03 1.96038e-03 1.87692e-03 1.79059e-03 1.70333e-03 1.61718e-03 1.53401e-03 1.45530e-03 1.38186e-03 1.31371e-03 1.25001e-03 1.18917e-03 1.12901e-03 1.06672e-03 9.98978e-04 9.22216e-04 8.33543e-04 7.31988e-04 6.19478e-04 5.01038e-04 3.84007e-04 2.76382e-04 1.84832e-04 1.13222e-04 6.21926e-05 2.96556e-05 1.16920e-05 3.54691e-06 7.42163e-07 8.92754e-08 4.31601e-09 3.13587e-11 3.24028e-14
8.806303 3.02016e-02 4.85448e-02 3.80177e-02 2.89984e-02 2.19806e-02 1.68156e-02 1.33215e-02 1.11779e-02 1.00144e-02 9.47678e-03 9.26483e-03 9.15903e-03 9.03095e-03 8.83138e-03 8.56553e-03 8.26534e-03 7.96604e-03 7.69158e-03 7.45074e-03 7.24078e-03 7.05335e-03 6.87849e-03 6.70649e-03 6.52883e-03 6.33941e-03 6.13601e-03 5.92148e-03 5.70415e-03 5.49717e-03 5.31685e-03 5.18073e-03 5.10583e-03 5.10737e-03 5.19680e-03 5.37831e-03 5.64495e-03 5.97668e-03 6.34277e-03 6.70809e-03 7.04095e-03 7.31905e-03 7.53182e-03 7.67938e-03 7.76957e-03 7.81481e-03 7.82932e-03 7.82708e-03 7.82036e-03 7.81867e-03 7.82812e-03 7.85130e-03 7.88733e-03 7.93224e-03 7.97967e-03 8.02182e-03 8.05067e-03 8.05914e-03 8.04207e-03 7.99687e-03 7.92368e-03 7.82492e-03 7.70452e-03 7.56686e-03 7.41586e-03 7.25444e-03 7.08451e-03 6.90748e-03 6.72505e-03 6.53987e-03 6.35575e-03 6.17669e-03 6.00521e-03 5.84088e-03 5.68053e-03 5.52002e-03 5.35632e-03 5.18876e-03 5.01899e-03 4.85035e-03 4.68683e-03 4.53229e-03 4.38971e-03 4.26095e-03 4.14670e-03 4.04678e-03 3.96051e-03 3.88714e-03 3.82601e-03 3.77651e-03 3.73784e-03 3.70871e-03 3.68738e-03 3.67183e-03 3.66030e-03 3.65158e-03 3.64507e-03 3.64058e-03 3.63805e-03 3.63730e-03 3.63788e-03 3.63906e-03 3.63985e-03 3.63917e-03 3.63600e-03 3.62963e-03 3.61966e-03 3.60611e-03 3.58933e-03 3.56989e-03 3.54852e-03 3.52592e-03 3.50275e-03 3.47953e-03 3.45662e-03 3.43423e-03 3.41244e-03 3.39120e-03 3.37040e-03 3.34987e-03 3.32940e-03 3.30881e-03 3.28793e-03 3.26665e-03 3.24489e-03 3.22267e-03 3.20006e-03 3.17718e-03 3.15418e-03 3.13122e-03 3.10843e-03 3.08584e-03 3.06336e-03 3.04070e-03 3.01739e-03 2.99277e-03 2.96623e-03 2.93743e-03 2.90652e-03 2.87423e-03 2.84162e-03 2.80967e-03 2.77889e-03 2.74906e-03 2.71940e-03 2.68884e-03 2.65640e-03 2.62152e-03 2.58415e-03 2.54472e-03 2.50390e-03 2.46237e-03 2.42068e-03 2.37904e-03 2.33732e-03 2.29504e-03 2.25134e-03 2.20519e-03 2.15548e-03 2.10125e-03 2.04190e-03 1.97731e-03 1.90798e-03 1.83503e-03 1.76009e-03 1.68511e-03 1.61206e-03 1.54259e-03 1.47768e-03 1.41738e-03 1.36072e-03 1.30591e-03 1.25042e-03 1.19121e-03 1.12465e-03 1.04682e-03 9.54243e-04 8.45391e-04 7.21962e-04 5.89349e-04 4.55873e-04 3.31008e-04 2.23134e-04 1.37643e-04 7.60939e-05 3.65300e-05 1.45193e-05 4.44925e-06 9.42687e-07 1.15274e-07 5.76337e-09 5.78178e-11 3.97195e-13
8.906374 3.04825e-02 4.84102e-02 3.73960e-02 2.82085e-02 2.13416e-02 1.63939e-02 1.30438e-02 1.09685e-02 9.82515e-03 9.27896e-03 9.04313e-03 8.90922e-03 8.75668e-03 8.54058e-03 8.26712e-03 7.96699e-03 7.67335e-03 7.40873e-03 7.18191e-03 6.99103e-03 6.82826e-03 6.68295e-03 6.54355e-03 6.39929e-03 6.24239e-03 6.07017e-03 5.88613e-03 5.69944e-03 5.52313e-03 5.37186e-03 5.26083e-03 5.20580e-03 5.22285e-03 5.32603e-03 5.52239e-03 5.80658e-03 6.15818e-03 6.54400e-03 6.92521e-03 7.26634e-03 7.54260e-03 7.74313e-03 7.86986e-03 7.93380e-03 7.95071e-03 7.93755e-03 7.90987e-03 7.88031e-03 7.85767e-03 7.84675e-03 7.84844e-03 7.86034e-03 7.87759e-03 7.89399e-03 7.90309e-03 7.89936e-03 7.87895e-03 7.84030e-03 7.78404e-03 7.71250e-03 7.62871e-03 7.53530e-03 7.43354e-03 7.32298e-03 7.20193e-03 7.06847e-03 6.92187e-03 6.76370e-03 6.59818e-03 6.43109e-03 6.26735e-03 6.10866e-03 5.95308e-03 5.79678e-03 5.63650e-03 5.47101e-03 5.30142e-03 5.13049e-03 4.96188e-03 4.79939e-03 4.64635e-03 4.50521e-03 4.37730e-03 4.26277e-03 4.16087e-03 4.07031e-03 3.98974e-03 3.91826e-03 3.85582e-03 3.80318e-03 3.76155e-03 3.73185e-03 3.71412e-03 3.70732e-03 3.70948e-03 3.71813e-03 3.73060e-03 3.74432e-03 3.75704e-03 3.76691e-03 3.77253e-03 3.77295e-03 3.76767e-03 3.75660e-03 3.74007e-03 3.71875e-03 3.69357e-03 3.66559e-03 3.63589e-03 3.60544e-03 3.57508e-03 3.54542e-03 3.51691e-03 3.48975e-03 3.46402e-03 3.43964e-03 3.41641e-03 3.39410e-03 3.37242e-03 3.35107e-03 3.32979e-03 3.30833e-03 3.28654e-03 3.26432e-03 3.24166e-03 3.21860e-03 3.19525e-03 3.17177e-03 3.14830e-03 3.12500e-03 3.10202e-03 3.07940e-03 3.05714e-03 3.03505e-03 3.01275e-03 2.98963e-03 2.96488e-03 2.93768e-03 2.90750e-03 2.87436e-03 2.83911e-03 2.80317e-03 2.76810e-03 2.73485e-03 2.70326e-03 2.67201e-03 2.63911e-03 2.60277e-03 2.56207e-03 2.51712e-03 2.46881e-03 2.41837e-03 2.36698e-03 2.31546e-03 2.26421e-03 2.21317e-03 2.16190e-03 2.10968e-03 2.05565e-03 1.99898e-03 1.93913e-03 1.87602e-03 1.81023e-03 1.74300e-03 1.67617e-03 1.61186e-03 1.55201e-03 1.49790e-03 1.44975e-03 1.40648e-03 1.36586e-03 1.32478e-03 1.27944e-03 1.22544e-03 1.15792e-03 1.07209e-03 9.64884e-04 8.36833e-04 6.93231e-04 5.43603e-04 3.99641e-04 2.72376e-04 1.69616e-04 9.45390e-05 4.57267e-05 1.83143e-05 5.66013e-06 1.21134e-06 1.50189e-07 7.77969e-09 1.07896e-10 1.28598e-12
9.006446 2.92258e-02 4.68700e-02 3.65031e-02 2.76022e-02 2.08794e-02 1.60565e-02 1.28080e-02 1.07910e-02 9.66378e-03 9.10616e-03 8.84597e-03 8.68551e-03 8.51083e-03 8.28003e-03 7.99948e-03 7.69823e-03 7.40740e-03 7.14855e-03 6.93093e-03 6.75403e-03 6.61105e-03 6.49144e-03 6.38284e-03 6.27345e-03 6.15458e-03 6.02268e-03 5.87995e-03 5.73342e-03 5.59358e-03 5.47341e-03 5.38816e-03 5.35512e-03 5.39222e-03 5.51452e-03 5.72923e-03 6.03066e-03 6.39785e-03 6.79662e-03 7.18635e-03 7.52920e-03 7.79825e-03 7.98163e-03 8.08197e-03 8.11249e-03 8.09199e-03 8.04030e-03 7.97507e-03 7.90990e-03 7.85368e-03 7.81061e-03 7.78083e-03 7.76137e-03 7.74735e-03 7.73323e-03 7.71398e-03 7.68607e-03 7.64806e-03 7.60075e-03 7.54667e-03 7.48914e-03 7.43091e-03 7.37293e-03 7.31346e-03 7.24819e-03 7.17116e-03 7.07673e-03 6.96186e-03 6.82788e-03 6.68057e-03 6.52758e-03 6.37458e-03 6.22307e-03 6.07119e-03 5.91627e-03 5.75700e-03 5.59398e-03 5.42928e-03 5.26560e-03 5.10563e-03 4.95163e-03 4.80527e-03 4.66754e-03 4.53882e-03 4.41892e-03 4.30744e-03 4.20418e-03 4.10967e-03 4.02536e-03 3.95347e-03 3.89633e-03 3.85563e-03 3.83180e-03 3.82370e-03 3.82878e-03 3.84354e-03 3.86395e-03 3.88600e-03 3.90602e-03 3.92107e-03 3.92910e-03 3.92903e-03 3.92064e-03 3.90439e-03 3.88123e-03 3.85241e-03 3.81934e-03 3.78339e-03 3.74587e-03 3.70791e-03 3.67045e-03 3.63422e-03 3.59972e-03 3.56727e-03 3.53701e-03 3.50890e-03 3.48278e-03 3.45840e-03 3.43540e-03 3.41343e-03 3.39210e-03 3.37108e-03 3.35006e-03 3.32886e-03 3.30734e-03 3.28548e-03 3.26330e-03 3.24089e-03 3.21834e-03 3.19577e-03 3.17327e-03 3.15094e-03 3.12884e-03 3.10703e-03 3.08547e-03 3.06404e-03 3.04249e-03 3.02037e-03 2.99704e-03 2.97170e-03 2.94359e-03 2.91228e-03 2.87798e-03 2.84170e-03 2.80505e-03 2.76954e-03 2.73566e-03 2.70237e-03 2.66725e-03 2.62754e-03 2.58140e-03 2.52855e-03 2.47013e-03 2.40798e-03 2.34395e-03 2.27947e-03 2.21534e-03 2.15182e-03 2.08871e-03 2.02551e-03 1.96155e-03 1.89621e-03 1.82918e-03 1.76065e-03 1.69159e-03 1.62378e-03 1.55963e-03 1.50172e-03 1.45217e-03 1.41198e-03 1.38059e-03 1.35577e-03 1.33390e-03 1.31030e-03 1.27942e-03 1.23492e-03 1.16992e-03 1.07835e-03 9.57636e-04 8.11221e-04 6.49145e-04 4.85858e-04 3.36348e-04 2.12310e-04 1.19752e-04 5.85556e-05 2.37018e-05 7.40439e-06 1.60263e-06 2.01378e-07 1.07428e-08 1.84653e-10 2.76445e-12
9.106517 2.81733e-02 4.51720e-02 3.52528e-02 2.68261e-02 2.04017e-02 1.57401e-02 1.25875e-02 1.06253e-02 9.51834e-03 8.95447e-03 8.67323e-03 8.48772e-03 8.29128e-03 8.04539e-03 7.75671e-03 7.45266e-03 7.16237e-03 6.90639e-03 6.69438e-03 6.52716e-03 6.39930e-03 6.30132e-03 6.22165e-03 6.14883e-03 6.07358e-03 5.99006e-03 5.89660e-03 5.79630e-03 5.69768e-03 5.61448e-03 5.56441e-03 5.56669e-03 5.63915e-03 5.79471e-03 6.03751e-03 6.35933e-03 6.73785e-03 7.13855e-03 7.52071e-03 7.84609e-03 8.08725e-03 8.23259e-03 8.28648e-03 8.26536e-03 8.19178e-03 8.08888e-03 7.97644e-03 7.86893e-03 7.77509e-03 7.69838e-03 7.63810e-03 7.59071e-03 7.55119e-03 7.51441e-03 7.47632e-03 7.43479e-03 7.38996e-03 7.34399e-03 7.30025e-03 7.26203e-03 7.23115e-03 7.20686e-03 7.18521e-03 7.15939e-03 7.12086e-03 7.06157e-03 6.97698e-03 6.86827e-03 6.74182e-03 6.60558e-03 6.46521e-03 6.32266e-03 6.17740e-03 6.02849e-03 5.87582e-03 5.72040e-03 5.56394e-03 5.40842e-03 5.25563e-03 5.10696e-03 4.96324e-03 4.82490e-03 4.69241e-03 4.56662e-03 4.44907e-03 4.34180e-03 4.24698e-03 4.16645e-03 4.10154e-03 4.05287e-03 4.02037e-03 4.00314e-03 3.99937e-03 4.00635e-03 4.02063e-03 4.03837e-03 4.05570e-03 4.06912e-03 4.07591e-03 4.07430e-03 4.06361e-03 4.04410e-03 4.01677e-03 3.98308e-03 3.94465e-03 3.90309e-03 3.85986e-03 3.81617e-03 3.77303e-03 3.73122e-03 3.69132e-03 3.65373e-03 3.61872e-03 3.58637e-03 3.55665e-03 3.52939e-03 3.50429e-03 3.48098e-03 3.45904e-03 3.43803e-03 3.41757e-03 3.39734e-03 3.37713e-03 3.35680e-03 3.33634e-03 3.31576e-03 3.29511e-03 3.27446e-03 3.25387e-03 3.23337e-03 3.21298e-03 3.19272e-03 3.17257e-03 3.15252e-03 3.13249e-03 3.11237e-03 3.09200e-03 3.07107e-03 3.04917e-03 3.02577e-03 3.00025e-03 2.97208e-03 2.94104e-03 2.90746e-03 2.87220e-03 2.83629e-03 2.80017e-03 2.76294e-03 2.72221e-03 2.67503e-03 2.61926e-03 2.55464e-03 2.48270e-03 2.40595e-03 2.32685e-03 2.24724e-03 2.16816e-03 2.08996e-03 2.01250e-03 1.93535e-03 1.85794e-03 1.77985e-03 1.70103e-03 1.62212e-03 1.54471e-03 1.47132e-03 1.40513e-03 1.34931e-03 1.30629e-03 1.27695e-03 1.26023e-03 1.25305e-03 1.25057e-03 1.24647e-03 1.23314e-03 1.20160e-03 1.14213e-03 1.04686e-03 9.14125e-04 7.51747e-04 5.76020e-04 4.06710e-04 2.61010e-04 1.49322e-04 7.39480e-05 3.02959e-05 9.57818e-06 2.09782e-06 2.66724e-07 1.44674e-08 2.73475e-10 4.57393e-12
9.206589 2.94311e-02 4.59079e-02 3.48418e-02 2.60592e-02 1.97544e-02 1.52907e-02 1.22742e-02 1.03825e-02 9.30143e-03 8.73556e-03 8.43725e-03 8.23040e-03 8.01582e-03 7.75849e-03 7.46510e-03 7.16108e-03 6.87328e-03 6.62096e-03 6.41395e-03 6.25439e-03 6.13895e-03 6.06062e-03 6.01016e-03 5.97711e-03 5.95071e-03 5.92125e-03 5.88252e-03 5.83474e-03 5.78615e-03 5.75209e-03 5.75162e-03 5.80339e-03 5.92190e-03 6.11475e-03 6.38053e-03 6.70743e-03 7.07268e-03 7.44434e-03 7.78576e-03 8.06264e-03 8.25052e-03 8.33987e-03 8.33686e-03 8.25983e-03 8.13330e-03 7.98207e-03 7.82698e-03 7.68276e-03 7.55770e-03 7.45450e-03 7.37167e-03 7.30514e-03 7.24978e-03 7.20081e-03 7.15489e-03 7.11080e-03 7.06954e-03 7.03367e-03 7.00629e-03 6.98970e-03 6.98432e-03 6.98797e-03 6.99569e-03 7.00010e-03 6.99252e-03 6.96522e-03 6.91417e-03 6.84027e-03 6.74771e-03 6.64113e-03 6.52386e-03 6.39798e-03 6.26490e-03 6.12567e-03 5.98115e-03 5.83236e-03 5.68077e-03 5.52827e-03 5.37691e-03 5.22872e-03 5.08565e-03 4.94965e-03 4.82261e-03 4.70607e-03 4.60105e-03 4.50793e-03 4.42665e-03 4.35699e-03 4.29882e-03 4.25217e-03 4.21712e-03 4.19341e-03 4.18014e-03 4.17550e-03 4.17684e-03 4.18099e-03 4.18464e-03 4.18479e-03 4.17909e-03 4.16607e-03 4.14521e-03 4.11687e-03 4.08208e-03 4.04225e-03 3.99892e-03 3.95353e-03 3.90734e-03 3.86138e-03 3.81643e-03 3.77309e-03 3.73184e-03 3.69299e-03 3.65680e-03 3.62340e-03 3.59279e-03 3.56487e-03 3.53937e-03 3.51594e-03 3.49415e-03 3.47355e-03 3.45374e-03 3.43441e-03 3.41536e-03 3.39647e-03 3.37774e-03 3.35918e-03 3.34086e-03 3.32281e-03 3.30506e-03 3.28761e-03 3.27044e-03 3.25348e-03 3.23667e-03 3.21992e-03 3.20315e-03 3.18626e-03 3.16914e-03 3.15167e-03 3.13368e-03 3.11494e-03 3.09508e-03 3.07361e-03 3.04994e-03 3.02349e-03 2.99390e-03 2.96110e-03 2.92523e-03 2.88613e-03 2.84278e-03 2.79306e-03 2.73446e-03 2.66530e-03 2.58582e-03 2.49810e-03 2.40514e-03 2.30979e-03 2.21405e-03 2.11898e-03 2.02490e-03 1.93164e-03 1.83876e-03 1.74577e-03 1.65244e-03 1.55903e-03 1.46674e-03 1.37779e-03 1.29542e-03 1.22335e-03 1.16518e-03 1.12364e-03 1.09986e-03 1.09296e-03 1.09974e-03 1.11473e-03 1.13029e-03 1.13661e-03 1.12155e-03 1.07149e-03 9.75914e-04 8.34554e-04 6.61259e-04 4.79821e-04 3.14746e-04 1.83303e-04 9.21663e-05 3.82867e-05 1.22666e-05 2.72079e-06 3.49549e-07 1.89865e-08 3.47877e-10 6.06020e-12
9.306661 2.69655e-02 4.32759e-02 3.38281e-02 2.56350e-02 1.94170e-02 1.50034e-02 1.20572e-02 1.02177e-02 9.15655e-03 8.58574e-03 8.26954e-03 8.04159e-03 7.80903e-03 7.53979e-03 7.24064e-03 6.93526e-03 6.64834e-03 6.39773e-03 6.19326e-03 6.03854e-03 5.93294e-03 5.87268e-03 5.85087e-03 5.85728e-03 5.87908e-03 5.90355e-03 5.92235e-03 5.93524e-03 5.95112e-03 5.98548e-03 6.05544e-03 6.17458e-03 6.34954e-03 6.57900e-03 6.85431e-03 7.16060e-03 7.47764e-03 7.78106e-03 8.04451e-03 8.24351e-03 8.36024e-03 8.38770e-03 8.33129e-03 8.20734e-03 8.03885e-03 7.85021e-03 7.66248e-03 7.49060e-03 7.34263e-03 7.22071e-03 7.12275e-03 7.04433e-03 6.98034e-03 6.92644e-03 6.88003e-03 6.84061e-03 6.80954e-03 6.78908e-03 6.78129e-03 6.78694e-03 6.80488e-03 6.83180e-03 6.86214e-03 6.88867e-03 6.90399e-03 6.90303e-03 6.88457e-03 6.85004e-03 6.80025e-03 6.73360e-03 6.64766e-03 6.54196e-03 6.41907e-03 6.28336e-03 6.13910e-03 5.98955e-03 5.83727e-03 5.68499e-03 5.53582e-03 5.39309e-03 5.25966e-03 5.13739e-03 5.02696e-03 4.92795e-03 4.83920e-03 4.75932e-03 4.68701e-03 4.62144e-03 4.56233e-03 4.50992e-03 4.46474e-03 4.42727e-03 4.39750e-03 4.37469e-03 4.35729e-03 4.34309e-03 4.32959e-03 4.31438e-03 4.29550e-03 4.27165e-03 4.24227e-03 4.20753e-03 4.16816e-03 4.12520e-03 4.07987e-03 4.03329e-03 3.98645e-03 3.94015e-03 3.89498e-03 3.85139e-03 3.80973e-03 3.77028e-03 3.73326e-03 3.69887e-03 3.66718e-03 3.63819e-03 3.61171e-03 3.58746e-03 3.56504e-03 3.54404e-03 3.52408e-03 3.50487e-03 3.48621e-03 3.46805e-03 3.45038e-03 3.43327e-03 3.41678e-03 3.40099e-03 3.38594e-03 3.37163e-03 3.35803e-03 3.34507e-03 3.33263e-03 3.32061e-03 3.30885e-03 3.29725e-03 3.28566e-03 3.27398e-03 3.26209e-03 3.24982e-03 3.23692e-03 3.22295e-03 3.20728e-03 3.18903e-03 3.16719e-03 3.14077e-03 3.10894e-03 3.07102e-03 3.02627e-03 2.97350e-03 2.91103e-03 2.83717e-03 2.75125e-03 2.65430e-03 2.54893e-03 2.43837e-03 2.32549e-03 2.21222e-03 2.09947e-03 1.98750e-03 1.87610e-03 1.76487e-03 1.65349e-03 1.54199e-03 1.43119e-03 1.32291e-03 1.22008e-03 1.12633e-03 1.04551e-03 9.81129e-04 9.35970e-04 9.11650e-04 9.08075e-04 9.22788e-04 9.50496e-04 9.82858e-04 1.00816e-03 1.01065e-03 9.71660e-04 8.77190e-04 7.29430e-04 5.50421e-04 3.72065e-04 2.21667e-04 1.13441e-04 4.78139e-05 1.55154e-05 3.48020e-06 4.50464e-07 2.41866e-08 3.80181e-10 6.43134e-12
9.406732 2.78220e-02 4.33656e-02 3.29584e-02 2.47385e-02 1.88103e-02 1.46005e-02 1.17633e-02 9.98484e-03 8.95326e-03 8.38643e-03 8.05766e-03 7.81101e-03 7.56176e-03 7.28210e-03 6.97943e-03 6.67569e-03 6.39298e-03 6.14739e-03 5.94862e-03 5.80191e-03 5.70928e-03 5.66922e-03 5.67571e-03 5.71819e-03 5.78354e-03 5.86007e-03 5.94180e-03 6.03052e-03 6.13440e-03 6.26365e-03 6.42548e-03 6.62079e-03 6.84373e-03 7.08365e-03 7.32809e-03 7.56524e-03 7.78465e-03 7.97647e-03 8.13016e-03 8.23410e-03 8.27711e-03 8.25176e-03 8.15817e-03 8.00601e-03 7.81342e-03 7.60268e-03 7.39483e-03 7.20543e-03 7.04288e-03 6.90921e-03 6.80211e-03 6.71718e-03 6.64983e-03 6.59658e-03 6.55576e-03 6.52751e-03 6.51305e-03 6.51372e-03 6.53003e-03 6.56108e-03 6.60424e-03 6.65498e-03 6.70681e-03 6.75232e-03 6.78554e-03 6.80457e-03 6.81147e-03 6.80873e-03 6.79499e-03 6.76436e-03 6.70952e-03 6.62617e-03 6.51552e-03 6.38376e-03 6.23939e-03 6.09040e-03 5.94272e-03 5.80024e-03 5.66546e-03 5.53998e-03 5.42464e-03 5.31949e-03 5.22381e-03 5.13641e-03 5.05586e-03 4.98083e-03 4.91023e-03 4.84341e-03 4.78014e-03 4.72056e-03 4.66515e-03 4.61446e-03 4.56894e-03 4.52862e-03 4.49299e-03 4.46099e-03 4.43114e-03 4.40185e-03 4.37166e-03 4.33946e-03 4.30455e-03 4.26674e-03 4.22621e-03 4.18345e-03 4.13913e-03 4.09396e-03 4.04861e-03 4.00362e-03 3.95945e-03 3.91642e-03 3.87482e-03 3.83487e-03 3.79681e-03 3.76086e-03 3.72721e-03 3.69595e-03 3.66704e-03 3.64032e-03 3.61549e-03 3.59225e-03 3.57029e-03 3.54937e-03 3.52937e-03 3.51026e-03 3.49208e-03 3.47494e-03 3.45895e-03 3.44423e-03 3.43089e-03 3.41900e-03 3.40858e-03 3.39960e-03 3.39199e-03 3.38563e-03 3.38036e-03 3.37602e-03 3.37242e-03 3.36938e-03 3.36669e-03 3.36408e-03 3.36120e-03 3.35751e-03 3.35223e-03 3.34429e-03 3.33236e-03 3.31498e-03 3.29068e-03 3.25818e-03 3.21637e-03 3.16424e-03 3.10075e-03 3.02485e-03 2.93589e-03 2.83425e-03 2.72169e-03 2.60104e-03 2.47539e-03 2.34722e-03 2.21809e-03 2.08869e-03 1.95914e-03 1.82927e-03 1.69884e-03 1.56786e-03 1.43694e-03 1.30769e-03 1.18284e-03 1.06592e-03 9.60680e-04 8.70546e-04 7.98409e-04 7.46643e-04 7.17044e-04 7.10389e-04 7.25556e-04 7.58496e-04 8.01358e-04 8.41446e-04 8.59630e-04 8.31798e-04 7.40668e-04 5.92642e-04 4.19065e-04 2.57918e-04 1.35062e-04 5.78740e-05 1.90119e-05 4.30356e-06 5.59497e-07 2.95136e-08 3.55687e-10 5.09438e-12
9.506804 2.70012e-02 4.26467e-02 3.25968e-02 2.43016e-02 1.83381e-02 1.42094e-02 1.14697e-02 9.75412e-03 8.74969e-03 8.18523e-03 7.84464e-03 7.58139e-03 7.31814e-03 7.03107e-03 6.72803e-03 6.42891e-03 6.15326e-03 5.91574e-03 5.72633e-03 5.59155e-03 5.51436e-03 5.49326e-03 5.52220e-03 5.59234e-03 5.69534e-03 5.82637e-03 5.98496e-03 6.17275e-03 6.38951e-03 6.62991e-03 6.88275e-03 7.13269e-03 7.36383e-03 7.56349e-03 7.72510e-03 7.84889e-03 7.94036e-03 8.00659e-03 8.05183e-03 8.07407e-03 8.06468e-03 8.01186e-03 7.90679e-03 7.74949e-03 7.55107e-03 7.33102e-03 7.11102e-03 6.90872e-03 6.73433e-03 6.59087e-03 6.47651e-03 6.38744e-03 6.31999e-03 6.27178e-03 6.24199e-03 6.23083e-03 6.23877e-03 6.26572e-03 6.31057e-03 6.37097e-03 6.44302e-03 6.52074e-03 6.59619e-03 6.66110e-03 6.71002e-03 6.74278e-03 6.76349e-03 6.77612e-03 6.78049e-03 6.77155e-03 6.74191e-03 6.68528e-03 6.59935e-03 6.48728e-03 6.35721e-03 6.21967e-03 6.08401e-03 5.95594e-03 5.83727e-03 5.72735e-03 5.62480e-03 5.52847e-03 5.43764e-03 5.35179e-03 5.27042e-03 5.19299e-03 5.11894e-03 5.04770e-03 4.97884e-03 4.91212e-03 4.84760e-03 4.78561e-03 4.72673e-03 4.67158e-03 4.62059e-03 4.57384e-03 4.53095e-03 4.49119e-03 4.45356e-03 4.41705e-03 4.38069e-03 4.34376e-03 4.30579e-03 4.26658e-03 4.22619e-03 4.18483e-03 4.14281e-03 4.10045e-03 4.05805e-03 4.01585e-03 3.97406e-03 3.93290e-03 3.89262e-03 3.85348e-03 3.81576e-03 3.77968e-03 3.74539e-03 3.71288e-03 3.68209e-03 3.65286e-03 3.62505e-03 3.59856e-03 3.57337e-03 3.54953e-03 3.52719e-03 3.50651e-03 3.48772e-03 3.47103e-03 3.45666e-03 3.44480e-03 3.43556e-03 3.42901e-03 3.42513e-03 3.42381e-03 3.42488e-03 3.42813e-03 3.43331e-03 3.44014e-03 3.44831e-03 3.45745e-03 3.46704e-03 3.47637e-03 3.48443e-03 3.48990e-03 3.49119e-03 3.48650e-03 3.47402e-03 3.45209e-03 3.41927e-03 3.37442e-03 3.31663e-03 3.24526e-03 3.15998e-03 3.06101e-03 2.94948e-03 2.82750e-03 2.69776e-03 2.56278e-03 2.42438e-03 2.28352e-03 2.14043e-03 1.99499e-03 1.84694e-03 1.69619e-03 1.54321e-03 1.38947e-03 1.23776e-03 1.09201e-03 9.56588e-04 8.35508e-04 7.31923e-04 6.48097e-04 5.85669e-04 5.45951e-04 5.29950e-04 5.37787e-04 5.67414e-04 6.12780e-04 6.61416e-04 6.91485e-04 6.73763e-04 5.88648e-04 4.47897e-04 2.91061e-04 1.58250e-04 6.95286e-05 2.32176e-05 5.30975e-06 6.93365e-07 3.60800e-08 3.17081e-10 2.66828e-12
9.606875 2.62258e-02 4.12827e-02 3.16020e-02 2.36891e-02 1.79170e-02 1.38791e-02 1.12068e-02 9.54263e-03 8.56518e-03 8.00422e-03 7.65225e-03 7.37285e-03 7.09657e-03 6.80365e-03 6.50226e-03 6.21037e-03 5.94552e-03 5.72147e-03 5.54795e-03 5.43051e-03 5.37016e-03 5.36415e-03 5.40869e-03 5.50235e-03 5.64765e-03 5.84889e-03 6.10693e-03 6.41389e-03 6.75092e-03 7.09048e-03 7.40207e-03 7.65924e-03 7.84529e-03 7.95612e-03 7.99969e-03 7.99304e-03 7.95741e-03 7.91249e-03 7.87089e-03 7.83429e-03 7.79305e-03 7.73004e-03 7.62785e-03 7.47709e-03 7.28158e-03 7.05785e-03 6.82878e-03 6.61518e-03 6.43011e-03 6.27815e-03 6.15836e-03 6.06790e-03 6.00445e-03 5.96686e-03 5.95475e-03 5.96769e-03 6.00460e-03 6.06351e-03 6.14158e-03 6.23496e-03 6.33811e-03 6.44318e-03 6.54048e-03 6.62101e-03 6.68009e-03 6.71923e-03 6.74414e-03 6.76006e-03 6.76845e-03 6.76687e-03 6.75104e-03 6.71682e-03 6.66143e-03 6.58428e-03 6.48772e-03 6.37723e-03 6.26036e-03 6.14432e-03 6.03369e-03 5.92962e-03 5.83098e-03 5.73606e-03 5.64382e-03 5.55408e-03 5.46710e-03 5.38315e-03 5.30220e-03 5.22391e-03 5.14772e-03 5.07309e-03 4.99973e-03 4.92775e-03 4.85778e-03 4.79081e-03 4.72799e-03 4.67031e-03 4.61832e-03 4.57197e-03 4.53066e-03 4.49337e-03 4.45886e-03 4.42588e-03 4.39333e-03 4.36035e-03 4.32638e-03 4.29114e-03 4.25453e-03 4.21661e-03 4.17747e-03 4.13725e-03 4.09608e-03 4.05412e-03 4.01160e-03 3.96879e-03 3.92601e-03 3.88360e-03 3.84181e-03 3.80086e-03 3.76087e-03 3.72189e-03 3.68402e-03 3.64736e-03 3.61208e-03 3.57842e-03 3.54670e-03 3.51728e-03 3.49058e-03 3.46701e-03 3.44697e-03 3.43080e-03 3.41875e-03 3.41092e-03 3.40731e-03 3.40779e-03 3.41212e-03 3.42004e-03 3.43126e-03 3.44551e-03 3.46254e-03 3.48198e-03 3.50332e-03 3.52570e-03 3.54795e-03 3.56845e-03 3.58534e-03 3.59656e-03 3.60005e-03 3.59392e-03 3.57647e-03 3.54638e-03 3.50269e-03 3.44491e-03 3.37294e-03 3.28710e-03 3.18827e-03 3.07799e-03 2.95833e-03 2.83142e-03 2.69895e-03 2.56176e-03 2.41988e-03 2.27281e-03 2.11981e-03 1.96014e-03 1.79344e-03 1.62026e-03 1.44269e-03 1.26464e-03 1.09139e-03 9.28672e-04 7.81739e-04 6.54689e-04 5.50226e-04 4.69747e-04 4.13767e-04 3.82536e-04 3.76327e-04 3.94642e-04 4.33753e-04 4.82457e-04 5.17468e-04 5.06537e-04 4.30316e-04 3.06119e-04 1.77740e-04 8.15985e-05 2.80094e-05 6.50846e-06 8.56287e-07 4.44426e-08 3.22971e-10 5.34228e-13
9.706947 2.65025e-02 4.11268e-02 3.10305e-02 2.30658e-02 1.74181e-02 1.35088e-02 1.09247e-02 9.31485e-03 8.36508e-03 7.80976e-03 7.44896e-03 7.15622e-03 6.87035e-03 6.57572e-03 6.28068e-03 6.00168e-03 5.75474e-03 5.55198e-03 5.40039e-03 5.30173e-03 5.25460e-03 5.25861e-03 5.31878e-03 5.44630e-03 5.65375e-03 5.94658e-03 6.31550e-03 6.73382e-03 7.16095e-03 7.55104e-03 7.86359e-03 8.07244e-03 8.17024e-03 8.16780e-03 8.08958e-03 7.96693e-03 7.83100e-03 7.70660e-03 7.60772e-03 7.53526e-03 7.47748e-03 7.41342e-03 7.31966e-03 7.17925e-03 6.98964e-03 6.76470e-03 6.52881e-03 6.30636e-03 6.11342e-03 5.95617e-03 5.83463e-03 5.74730e-03 5.69346e-03 5.67294e-03 5.68506e-03 5.72781e-03 5.79789e-03 5.89112e-03 6.00281e-03 6.12740e-03 6.25782e-03 6.38498e-03 6.49874e-03 6.59071e-03 6.65747e-03 6.70164e-03 6.72935e-03 6.74611e-03 6.75442e-03 6.75431e-03 6.74488e-03 6.72530e-03 6.69457e-03 6.65115e-03 6.59306e-03 6.51898e-03 6.42975e-03 6.32916e-03 6.22291e-03 6.11633e-03 6.01246e-03 5.91181e-03 5.81360e-03 5.71711e-03 5.62230e-03 5.52955e-03 5.43921e-03 5.35128e-03 5.26542e-03 5.18113e-03 5.09810e-03 5.01648e-03 4.93697e-03 4.86085e-03 4.78963e-03 4.72476e-03 4.66726e-03 4.61749e-03 4.57505e-03 4.53894e-03 4.50773e-03 4.47979e-03 4.45357e-03 4.42770e-03 4.40111e-03 4.37305e-03 4.34308e-03 4.31097e-03 4.27662e-03 4.24001e-03 4.20119e-03 4.16023e-03 4.11726e-03 4.07252e-03 4.02629e-03 3.97887e-03 3.93056e-03 3.88164e-03 3.83233e-03 3.78288e-03 3.73354e-03 3.68466e-03 3.63664e-03 3.58998e-03 3.54526e-03 3.50313e-03 3.46427e-03 3.42934e-03 3.39894e-03 3.37353e-03 3.35343e-03 3.33874e-03 3.32939e-03 3.32521e-03 3.32597e-03 3.33150e-03 3.34172e-03 3.35660e-03 3.37609e-03 3.39999e-03 3.42778e-03 3.45858e-03 3.49106e-03 3.52356e-03 3.55412e-03 3.58067e-03 3.60105e-03 3.61320e-03 3.61523e-03 3.60560e-03 3.58327e-03 3.54774e-03 3.49901e-03 3.43747e-03 3.36389e-03 3.27941e-03 3.18547e-03 3.08363e-03 2.97514e-03 2.86061e-03 2.73988e-03 2.61212e-03 2.47616e-03 2.33063e-03 2.17414e-03 2.00558e-03 1.82476e-03 1.63308e-03 1.43399e-03 1.23276e-03 1.03595e-03 8.50610e-04 6.83582e-04 5.40545e-04 4.25254e-04 3.39258e-04 2.82452e-04 2.54193e-04 2.53805e-04 2.78657e-04 3.18820e-04 3.51189e-04 3.43921e-04 2.80691e-04 1.82405e-04 9.08632e-05 3.29230e-05 7.90791e-06 1.06013e-06 5.57983e-08 4.34656e-10 1.99559e-13
9.807019 2.60787e-02 4.07870e-02 3.08099e-02 2.27126e-02 1.70225e-02 1.31668e-02 1.06537e-02 9.09388e-03 8.16751e-03 7.61526e-03 7.24670e-03 6.94476e-03 6.65505e-03 6.36494e-03 6.08293e-03 5.82409e-03 5.60189e-03 5.42436e-03 5.29360e-03 5.20850e-03 5.17016e-03 5.18724e-03 5.27696e-03 5.45917e-03 5.74596e-03 6.13201e-03 6.59037e-03 7.07567e-03 7.53348e-03 7.91245e-03 8.17513e-03 8.30470e-03 8.30630e-03 8.20356e-03 8.03165e-03 7.82892e-03 7.62932e-03 7.45712e-03 7.32442e-03 7.23063e-03 7.16336e-03 7.10058e-03 7.01569e-03 6.88626e-03 6.70425e-03 6.48088e-03 6.24170e-03 6.01409e-03 5.81661e-03 5.65676e-03 5.53579e-03 5.45398e-03 5.41229e-03 5.41110e-03 5.44873e-03 5.52105e-03 5.62230e-03 5.74615e-03 5.88629e-03 6.03617e-03 6.18829e-03 6.33369e-03 6.46277e-03 6.56778e-03 6.64566e-03 6.69889e-03 6.73331e-03 6.75461e-03 6.76628e-03 6.76989e-03 6.76626e-03 6.75609e-03 6.73975e-03 6.71666e-03 6.68480e-03 6.64084e-03 6.58114e-03 6.50354e-03 6.40905e-03 6.30220e-03 6.18936e-03 6.07610e-03 5.96548e-03 5.85814e-03 5.75352e-03 5.65100e-03 5.55034e-03 5.45148e-03 5.35442e-03 5.25919e-03 5.16597e-03 5.07527e-03 4.98801e-03 4.90543e-03 4.82899e-03 4.76001e-03 4.69951e-03 4.64789e-03 4.60492e-03 4.56968e-03 4.54077e-03 4.51650e-03 4.49508e-03 4.47486e-03 4.45445e-03 4.43275e-03 4.40903e-03 4.38279e-03 4.35378e-03 4.32185e-03 4.28695e-03 4.24907e-03 4.20824e-03 4.16457e-03 4.11822e-03 4.06936e-03 4.01817e-03 3.96485e-03 3.90963e-03 3.85278e-03 3.79471e-03 3.73589e-03 3.67696e-03 3.61863e-03 3.56174e-03 3.50716e-03 3.45576e-03 3.40832e-03 3.36548e-03 3.32768e-03 3.29515e-03 3.26797e-03 3.24613e-03 3.22967e-03 3.21875e-03 3.21363e-03 3.21463e-03 3.22197e-03 3.23569e-03 3.25551e-03 3.28082e-03 3.31070e-03 3.34399e-03 3.37935e-03 3.41524e-03 3.44995e-03 3.48160e-03 3.50823e-03 3.52797e-03 3.53927e-03 3.54098e-03 3.53252e-03 3.51380e-03 3.48510e-03 3.44696e-03 3.40001e-03 3.34493e-03 3.28231e-03 3.21257e-03 3.13576e-03 3.05139e-03 2.95854e-03 2.85597e-03 2.74234e-03 2.61628e-03 2.47633e-03 2.32108e-03 2.14948e-03 1.96142e-03 1.75819e-03 1.54271e-03 1.31970e-03 1.09570e-03 8.78976e-04 6.78819e-04 5.04250e-04 3.62393e-04 2.57302e-04 1.89951e-04 1.59075e-04 1.60788e-04 1.84630e-04 2.08458e-04 2.03545e-04 1.57406e-04 9.05580e-05 3.64885e-05 9.41905e-06 1.32356e-06 7.26189e-08 7.31665e-10 3.11090e-12
9.907090 2.50814e-02 3.92535e-02 2.98294e-02 2.22082e-02 1.67033e-02 1.29042e-02 1.04318e-02 8.90774e-03 8.00126e-03 7.45204e-03 7.07756e-03 6.77008e-03 6.48155e-03 6.20205e-03 5.93976e-03 5.70689e-03 5.51193e-03 5.35742e-03 5.24254e-03 5.16895e-03 5.14680e-03 5.19622e-03 5.34154e-03 5.60017e-03 5.97157e-03 6.43167e-03 6.93554e-03 7.42712e-03 7.85162e-03 8.16623e-03 8.34654e-03 8.38868e-03 8.30793e-03 8.13418e-03 7.90517e-03 7.65887e-03 7.42685e-03 7.23035e-03 7.07912e-03 6.97179e-03 6.89635e-03 6.83089e-03 6.74730e-03 6.62042e-03 6.43985e-03 6.21649e-03 5.97714e-03 5.75018e-03 5.55410e-03 5.39648e-03 5.28009e-03 5.20751e-03 5.18126e-03 5.20157e-03 5.26511e-03 5.36553e-03 5.49499e-03 5.64560e-03 5.81006e-03 5.98138e-03 6.15207e-03 6.31359e-03 6.45703e-03 6.57527e-03 6.66555e-03 6.73026e-03 6.77503e-03 6.80553e-03 6.82544e-03 6.83650e-03 6.83945e-03 6.83488e-03 6.82332e-03 6.80507e-03 6.77964e-03 6.74539e-03 6.69933e-03 6.63778e-03 6.55781e-03 6.45921e-03 6.34556e-03 6.22341e-03 6.09959e-03 5.97863e-03 5.86187e-03 5.74842e-03 5.63692e-03 5.52662e-03 5.41768e-03 5.31095e-03 5.20757e-03 5.10874e-03 5.01563e-03 4.92930e-03 4.85070e-03 4.78064e-03 4.71965e-03 4.66787e-03 4.62502e-03 4.59027e-03 4.56241e-03 4.53985e-03 4.52091e-03 4.50388e-03 4.48727e-03 4.46982e-03 4.45060e-03 4.42896e-03 4.40450e-03 4.37700e-03 4.34633e-03 4.31242e-03 4.27522e-03 4.23473e-03 4.19092e-03 4.14381e-03 4.09340e-03 4.03978e-03 3.98312e-03 3.92370e-03 3.86195e-03 3.79844e-03 3.73387e-03 3.66906e-03 3.60488e-03 3.54218e-03 3.48175e-03 3.42422e-03 3.37008e-03 3.31968e-03 3.27334e-03 3.23142e-03 3.19443e-03 3.16301e-03 3.13783e-03 3.11948e-03 3.10834e-03 3.10446e-03 3.10758e-03 3.11718e-03 3.13257e-03 3.15299e-03 3.17767e-03 3.20577e-03 3.23638e-03 3.26841e-03 3.30065e-03 3.33176e-03 3.36042e-03 3.38543e-03 3.40588e-03 3.42117e-03 3.43113e-03 3.43586e-03 3.43565e-03 3.43069e-03 3.42086e-03 3.40558e-03 3.38387e-03 3.35446e-03 3.31586e-03 3.26658e-03 3.20523e-03 3.13058e-03 3.04168e-03 2.93770e-03 2.81785e-03 2.68114e-03 2.52628e-03 2.35198e-03 2.15739e-03 1.94274e-03 1.70993e-03 1.46308e-03 1.20897e-03 9.57079e-04 7.19088e-04 5.07478e-04 3.33522e-04 2.05171e-04 1.25443e-04 9.10041e-05 8.99169e-05 1.00143e-04 9.63913e-05 6.89456e-05 3.33430e-05 9.87859e-06 1.53287e-06 9.20042e-08 1.33281e-09 1.21769e-11
10.000190 2.63582e-02 4.01994e-02 2.97171e-02 2.17104e-02 1.62419e-02 1.25568e-02 1.01615e-02 8.67907e-03 7.79287e-03 7.25082e-03 6.87818e-03 6.57475e-03 6.29755e-03 6.03801e-03 5.80207e-03 5.59714e-03 5.42646e-03 5.28979e-03 5.18854e-03 5.13201e-03 5.14012e-03 5.23895e-03 5.44998e-03 5.77808e-03 6.20438e-03 6.68796e-03 7.17543e-03 7.61370e-03 7.96026e-03 8.18844e-03 8.28841e-03 8.26578e-03 8.13904e-03 7.93607e-03 7.68964e-03 7.43218e-03 7.19100e-03 6.98507e-03 6.82397e-03 6.70744e-03 6.62471e-03 6.55428e-03 6.46760e-03 6.33899e-03 6.15836e-03 5.93775e-03 5.70426e-03 5.48475e-03 5.29557e-03 5.14403e-03 5.03469e-03 4.97226e-03 4.96005e-03 4.99772e-03 5.08074e-03 5.20153e-03 5.35121e-03 5.52106e-03 5.70318e-03 5.89031e-03 6.07507e-03 6.24952e-03 6.40553e-03 6.53665e-03 6.64035e-03 6.71879e-03 6.77709e-03 6.82037e-03 6.85173e-03 6.87210e-03 6.88130e-03 6.87908e-03 6.86577e-03 6.84230e-03 6.80984e-03 6.76924e-03 6.72043e-03 6.66203e-03 6.59166e-03 6.50681e-03 6.40642e-03 6.29210e-03 6.16817e-03 6.03993e-03 5.91153e-03 5.78482e-03 5.65994e-03 5.53672e-03 5.41569e-03 5.29820e-03 5.18598e-03 5.08065e-03 4.98340e-03 4.89499e-03 4.81580e-03 4.74596e-03 4.68543e-03 4.63397e-03 4.59113e-03 4.55617e-03 4.52804e-03 4.50544e-03 4.48691e-03 4.47091e-03 4.45599e-03 4.44087e-03 4.42453e-03 4.40622e-03 4.38545e-03 4.36195e-03 4.33558e-03 4.30628e-03 4.27396e-03 4.23850e-03 4.19980e-03 4.15773e-03 4.11220e-03 4.06319e-03 4.01078e-03 3.95519e-03 3.89672e-03 3.83581e-03 3.77297e-03 3.70877e-03 3.64381e-03 3.57864e-03 3.51380e-03 3.44978e-03 3.38714e-03 3.32653e-03 3.26879e-03 3.21490e-03 3.16590e-03 3.12275e-03 3.08619e-03 3.05667e-03 3.03430e-03 3.01893e-03 3.01018e-03 3.00764e-03 3.01088e-03 3.01957e-03 3.03337e-03 3.05194e-03 3.07485e-03 3.10152e-03 3.13123e-03 3.16321e-03 3.19666e-03 3.23086e-03 3.26522e-03 3.29922e-03 3.33245e-03 3.36448e-03 3.39479e-03 3.42271e-03 3.44731e-03 3.46744e-03 3.48173e-03 3.48869e-03 3.48678e-03 3.47466e-03 3.45122e-03 3.41541e-03 3.36586e-03 3.30090e-03 3.21889e-03 3.11851e-03 2.99862e-03 2.85783e-03 2.69427e-03 2.50594e-03 2.29143e-03 2.05101e-03 1.78755e-03 1.50722e-03 1.21961e-03 9.37429e-04 6.75277e-04 4.47837e-04 2.67454e-04 1.41527e-04 6.98328e-05 4.19655e-05 3.73641e-05 3.34405e-05 2.09777e-05 7.74627e-06 1.42886e-06 1.01318e-07 2.34220e-09 3.25162e-11
