# tg_mhd (CUDA FP64)  tgc_noslip_cond_n192_re250  N=192 Re=250 h=1.64481291e-02 delta=6.32455532e-02 delta/h=3.845152 layers=96
# layer k: the nodes k cells from the nearest wall, i.e. the slab [(k-1/2)h, (k+1/2)h] ([0, h/2] for k = 0)
# row 'vol': each layer's share of the volume; then per probe: t and each layer's OHMIC dissipation as a share of the total eps
# vol 1.562472e-02 3.075947e-02 3.011192e-02 2.947127e-02 2.883750e-02 2.821063e-02 2.759064e-02 2.697754e-02 2.637133e-02 2.577200e-02 2.517957e-02 2.459403e-02 2.401537e-02 2.344360e-02 2.287872e-02 2.232073e-02 2.176963e-02 2.122542e-02 2.068810e-02 2.015766e-02 1.963412e-02 1.911746e-02 1.860769e-02 1.810481e-02 1.760882e-02 1.711972e-02 1.663751e-02 1.616218e-02 1.569375e-02 1.523220e-02 1.477754e-02 1.432977e-02 1.388889e-02 1.345490e-02 1.302780e-02 1.260758e-02 1.219426e-02 1.178782e-02 1.138827e-02 1.099561e-02 1.060984e-02 1.023096e-02 9.858966e-03 9.493861e-03 9.135646e-03 8.784319e-03 8.439881e-03 8.102331e-03 7.771671e-03 7.447899e-03 7.131016e-03 6.821022e-03 6.517916e-03 6.221700e-03 5.932372e-03 5.649932e-03 5.374382e-03 5.105720e-03 4.843947e-03 4.589063e-03 4.341068e-03 4.099961e-03 3.865743e-03 3.638414e-03 3.417974e-03 3.204422e-03 2.997759e-03 2.797985e-03 2.605100e-03 2.419103e-03 2.239996e-03 2.067777e-03 1.902446e-03 1.744005e-03 1.592452e-03 1.447788e-03 1.310013e-03 1.179126e-03 1.055129e-03 9.380197e-04 8.277995e-04 7.244681e-04 6.280254e-04 5.384715e-04 4.558064e-04 3.800300e-04 3.111424e-04 2.491435e-04 1.940334e-04 1.458121e-04 1.044795e-04 7.003574e-05 4.248069e-05 2.181441e-05 8.036888e-06 1.148127e-06
0.000000 5.56905e-04 1.11494e-03 1.11807e-03 1.12279e-03 1.12869e-03 1.13535e-03 1.14238e-03 1.14940e-03 1.15606e-03 1.16201e-03 1.16695e-03 1.17063e-03 1.17280e-03 1.17330e-03 1.17196e-03 1.16870e-03 1.16346e-03 1.15622e-03 1.14701e-03 1.13590e-03 1.12298e-03 1.10840e-03 1.09229e-03 1.07483e-03 1.05621e-03 1.03663e-03 1.01626e-03 9.95316e-04 9.73960e-04 9.52363e-04 9.30669e-04 9.09001e-04 8.87459e-04 8.66112e-04 8.45005e-04 8.24155e-04 8.03553e-04 7.83166e-04 7.62940e-04 7.42804e-04 7.22675e-04 7.02458e-04 6.82058e-04 6.61379e-04 6.40329e-04 6.18829e-04 5.96812e-04 5.74230e-04 5.51054e-04 5.27280e-04 5.02923e-04 4.78029e-04 4.52661e-04 4.26911e-04 4.00886e-04 3.74716e-04 3.48542e-04 3.22518e-04 2.96804e-04 2.71565e-04 2.46961e-04 2.23148e-04 2.00273e-04 1.78468e-04 1.57848e-04 1.38512e-04 1.20536e-04 1.03971e-04 8.88506e-05 7.51809e-05 6.29482e-05 5.21176e-05 4.26356e-05 3.44323e-05 2.74242e-05 2.15170e-05 1.66092e-05 1.25945e-05 9.36520e-06 6.81497e-06 4.84130e-06 3.34765e-06 2.24520e-06 1.45416e-06 9.04572e-07 5.36709e-07 3.01019e-07 1.57693e-07 7.59049e-08 3.27973e-08 1.22861e-08 3.77638e-09 8.66238e-10 1.23377e-10 7.09493e-12 3.57383e-14
0.050167 1.56802e-03 3.44295e-03 3.43602e-03 3.25284e-03 3.18489e-03 3.19200e-03 3.21152e-03 3.23126e-03 3.24998e-03 3.26677e-03 3.28080e-03 3.29130e-03 3.29764e-03 3.29928e-03 3.29583e-03 3.28700e-03 3.27262e-03 3.25265e-03 3.22717e-03 3.19635e-03 3.16046e-03 3.11988e-03 3.07504e-03 3.02642e-03 2.97454e-03 2.91996e-03 2.86322e-03 2.80486e-03 2.74538e-03 2.68523e-03 2.62484e-03 2.56452e-03 2.50455e-03 2.44512e-03 2.38635e-03 2.32827e-03 2.27083e-03 2.21392e-03 2.15735e-03 2.10092e-03 2.04437e-03 1.98744e-03 1.92983e-03 1.87129e-03 1.81156e-03 1.75042e-03 1.68771e-03 1.62329e-03 1.55712e-03 1.48920e-03 1.41961e-03 1.34849e-03 1.27606e-03 1.20260e-03 1.12843e-03 1.05393e-03 9.79528e-04 9.05659e-04 8.32786e-04 7.61370e-04 6.91866e-04 6.24708e-04 5.60297e-04 4.98996e-04 4.41116e-04 3.86915e-04 3.36589e-04 2.90273e-04 2.48037e-04 2.09887e-04 1.75771e-04 1.45580e-04 1.19155e-04 9.62952e-05 7.67622e-05 6.02908e-05 4.65966e-05 3.53838e-05 2.63540e-05 1.92127e-05 1.36766e-05 9.47871e-06 6.37348e-06 4.13986e-06 2.58370e-06 1.53884e-06 8.67021e-07 4.56777e-07 2.21494e-07 9.66828e-08 3.67704e-08 1.15839e-08 2.77937e-09 4.35598e-10 3.21949e-11 4.09551e-13
0.100334 2.02927e-03 4.86388e-03 5.15194e-03 4.66834e-03 4.31711e-03 4.17555e-03 4.16420e-03 4.18646e-03 4.21055e-03 4.23229e-03 4.25032e-03 4.26366e-03 4.27149e-03 4.27313e-03 4.26804e-03 4.25587e-03 4.23642e-03 4.20965e-03 4.17566e-03 4.13472e-03 4.08718e-03 4.03354e-03 3.97438e-03 3.91034e-03 3.84212e-03 3.77042e-03 3.69598e-03 3.61949e-03 3.54161e-03 3.46296e-03 3.38404e-03 3.30532e-03 3.22712e-03 3.14971e-03 3.07321e-03 2.99767e-03 2.92302e-03 2.84911e-03 2.77573e-03 2.70258e-03 2.62934e-03 2.55565e-03 2.48114e-03 2.40547e-03 2.32829e-03 2.24932e-03 2.16835e-03 2.08521e-03 1.99984e-03 1.91224e-03 1.82252e-03 1.73088e-03 1.63759e-03 1.54301e-03 1.44758e-03 1.35178e-03 1.25616e-03 1.16128e-03 1.06774e-03 9.76132e-04 8.87022e-04 8.00965e-04 7.18466e-04 6.39980e-04 5.65898e-04 4.96539e-04 4.32145e-04 3.72882e-04 3.18830e-04 2.69994e-04 2.26304e-04 1.87619e-04 1.53736e-04 1.24399e-04 9.93055e-05 7.81204e-05 6.04834e-05 4.60204e-05 3.43530e-05 2.51080e-05 1.79253e-05 1.24653e-05 8.41498e-06 5.49188e-06 3.44738e-06 2.06811e-06 1.17602e-06 6.27158e-07 3.09209e-07 1.38196e-07 5.44389e-08 1.81237e-08 4.76797e-09 8.78935e-10 8.65678e-11 1.68407e-12
0.150500 2.34775e-03 5.98435e-03 6.79786e-03 6.14516e-03 5.45723e-03 5.05040e-03 4.89179e-03 4.87218e-03 4.89281e-03 4.91716e-03 4.93801e-03 4.95344e-03 4.96232e-03 4.96381e-03 4.95733e-03 4.94245e-03 4.91896e-03 4.88683e-03 4.84621e-03 4.79743e-03 4.74095e-03 4.67738e-03 4.60741e-03 4.53183e-03 4.45149e-03 4.36722e-03 4.27991e-03 4.19037e-03 4.09939e-03 4.00767e-03 3.91582e-03 3.82435e-03 3.73364e-03 3.64395e-03 3.55541e-03 3.46805e-03 3.38174e-03 3.29630e-03 3.21142e-03 3.12674e-03 3.04185e-03 2.95631e-03 2.86968e-03 2.78154e-03 2.69151e-03 2.59927e-03 2.50459e-03 2.40732e-03 2.30740e-03 2.20489e-03 2.09996e-03 1.99288e-03 1.88401e-03 1.77381e-03 1.66281e-03 1.55162e-03 1.44086e-03 1.33120e-03 1.22332e-03 1.11788e-03 1.01553e-03 9.16867e-04 8.22444e-04 7.32743e-04 6.48176e-04 5.69071e-04 4.95673e-04 4.28140e-04 3.66541e-04 3.10865e-04 2.61017e-04 2.16831e-04 1.78073e-04 1.44456e-04 1.15640e-04 9.12522e-05 7.08922e-05 5.41437e-05 4.05853e-05 2.98003e-05 2.13853e-05 1.49582e-05 1.01652e-05 6.68542e-06 4.23493e-06 2.56857e-06 1.48052e-06 8.03212e-07 4.04981e-07 1.86537e-07 7.66151e-08 2.70665e-08 7.75502e-09 1.61090e-09 1.83939e-10 4.08984e-12
0.200667 2.57743e-03 6.86668e-03 8.30465e-03 7.65751e-03 6.64611e-03 5.94574e-03 5.57023e-03 5.43268e-03 5.41451e-03 5.43246e-03 5.45442e-03 5.47200e-03 5.48277e-03 5.48546e-03 5.47932e-03 5.46383e-03 5.43877e-03 5.40410e-03 5.35999e-03 5.30679e-03 5.24502e-03 5.17536e-03 5.09858e-03 5.01556e-03 4.92724e-03 4.83457e-03 4.73853e-03 4.64004e-03 4.53998e-03 4.43914e-03 4.33820e-03 4.23773e-03 4.13815e-03 4.03975e-03 3.94265e-03 3.84685e-03 3.75221e-03 3.65844e-03 3.56520e-03 3.47203e-03 3.37843e-03 3.28387e-03 3.18783e-03 3.08982e-03 2.98940e-03 2.88623e-03 2.78004e-03 2.67070e-03 2.55819e-03 2.44264e-03 2.32428e-03 2.20349e-03 2.08075e-03 1.95664e-03 1.83182e-03 1.70701e-03 1.58297e-03 1.46047e-03 1.34029e-03 1.22318e-03 1.10984e-03 1.00092e-03 8.96989e-04 7.98547e-04 7.05994e-04 6.19640e-04 5.39697e-04 4.66284e-04 3.99428e-04 3.39069e-04 2.85066e-04 2.37207e-04 1.95216e-04 1.58761e-04 1.27470e-04 1.00935e-04 7.87246e-05 6.03959e-05 4.55018e-05 3.36014e-05 2.42684e-05 1.70985e-05 1.17158e-05 7.77831e-06 4.98147e-06 3.06054e-06 1.79152e-06 9.90419e-07 5.11226e-07 2.42590e-07 1.03527e-07 3.84242e-08 1.17164e-08 2.61906e-09 3.21954e-10 7.55808e-12
0.250834 2.74802e-03 7.57048e-03 9.65542e-03 9.18131e-03 7.90510e-03 6.89264e-03 6.27942e-03 5.98205e-03 5.88166e-03 5.86970e-03 5.88389e-03 5.90001e-03 5.91039e-03 5.91236e-03 5.90467e-03 5.88664e-03 5.85799e-03 5.81871e-03 5.76905e-03 5.70945e-03 5.64053e-03 5.56307e-03 5.47797e-03 5.38622e-03 5.28889e-03 5.18705e-03 5.08178e-03 4.97413e-03 4.86506e-03 4.75546e-03 4.64608e-03 4.53753e-03 4.43027e-03 4.32459e-03 4.22060e-03 4.11827e-03 4.01739e-03 3.91762e-03 3.81849e-03 3.71946e-03 3.61992e-03 3.51924e-03 3.41679e-03 3.31200e-03 3.20437e-03 3.09349e-03 2.97911e-03 2.86110e-03 2.73947e-03 2.61441e-03 2.48626e-03 2.35549e-03 2.22268e-03 2.08854e-03 1.95384e-03 1.81940e-03 1.68609e-03 1.55475e-03 1.42621e-03 1.30127e-03 1.18064e-03 1.06497e-03 9.54829e-04 8.50677e-04 7.52884e-04 6.61723e-04 5.77364e-04 4.99888e-04 4.29285e-04 3.65466e-04 3.08266e-04 2.57453e-04 2.12738e-04 1.73782e-04 1.40209e-04 1.11607e-04 8.75433e-05 6.75731e-05 5.12451e-05 3.81120e-05 2.77381e-05 1.97068e-05 1.36270e-05 9.13911e-06 5.91962e-06 3.68401e-06 2.18871e-06 1.23123e-06 6.48813e-07 3.15633e-07 1.38799e-07 5.33889e-08 1.69599e-08 3.95854e-09 5.05820e-10 1.21856e-11
0.301001 2.89608e-03 8.19272e-03 1.09047e-02 1.07098e-02 9.26116e-03 7.93690e-03 7.06480e-03 6.58561e-03 6.37407e-03 6.30725e-03 6.29949e-03 6.30777e-03 6.31504e-03 6.31501e-03 6.30513e-03 6.28423e-03 6.25179e-03 6.20778e-03 6.15247e-03 6.08640e-03 6.01028e-03 5.92501e-03 5.83162e-03 5.73121e-03 5.62496e-03 5.51407e-03 5.39973e-03 5.28308e-03 5.16521e-03 5.04706e-03 4.92948e-03 4.81314e-03 4.69855e-03 4.58603e-03 4.47568e-03 4.36744e-03 4.26105e-03 4.15609e-03 4.05198e-03 3.94805e-03 3.84355e-03 3.73771e-03 3.62976e-03 3.51901e-03 3.40484e-03 3.28678e-03 3.16453e-03 3.03796e-03 2.90713e-03 2.77230e-03 2.63391e-03 2.49257e-03 2.34903e-03 2.20415e-03 2.05886e-03 1.91415e-03 1.77101e-03 1.63042e-03 1.49329e-03 1.36047e-03 1.23272e-03 1.11069e-03 9.94932e-04 8.85858e-04 7.83785e-04 6.88916e-04 6.01350e-04 5.21093e-04 4.48065e-04 3.82111e-04 3.23009e-04 2.70482e-04 2.24205e-04 1.83814e-04 1.48913e-04 1.19082e-04 9.38858e-05 7.28782e-05 5.56108e-05 4.16391e-05 3.05296e-05 2.18657e-05 1.52543e-05 1.03310e-05 6.76474e-06 4.26157e-06 2.56704e-06 1.46703e-06 7.87262e-07 3.91123e-07 1.76200e-07 6.96403e-08 2.27765e-08 5.47059e-09 7.16003e-10 1.75136e-11
0.351168 3.01307e-03 8.68896e-03 1.20011e-02 1.21757e-02 1.06461e-02 9.03699e-03 7.89705e-03 7.22293e-03 6.88420e-03 6.74520e-03 6.70214e-03 6.69450e-03 6.69415e-03 6.68957e-03 6.67599e-03 6.65124e-03 6.61438e-03 6.56517e-03 6.50382e-03 6.43092e-03 6.34728e-03 6.25391e-03 6.15193e-03 6.04260e-03 5.92719e-03 5.80703e-03 5.68343e-03 5.55766e-03 5.43091e-03 5.30427e-03 5.17868e-03 5.05490e-03 4.93352e-03 4.81487e-03 4.69909e-03 4.58606e-03 4.47545e-03 4.36671e-03 4.25911e-03 4.15179e-03 4.04380e-03 3.93416e-03 3.82188e-03 3.70610e-03 3.58606e-03 3.46119e-03 3.33115e-03 3.19582e-03 3.05534e-03 2.91010e-03 2.76071e-03 2.60800e-03 2.45292e-03 2.29658e-03 2.14015e-03 1.98482e-03 1.83176e-03 1.68208e-03 1.53681e-03 1.39684e-03 1.26296e-03 1.13578e-03 1.01579e-03 9.03331e-04 7.98612e-04 7.01721e-04 6.12640e-04 5.31259e-04 4.57392e-04 3.90791e-04 3.31156e-04 2.78148e-04 2.31397e-04 1.90509e-04 1.55075e-04 1.24673e-04 9.88729e-05 7.72430e-05 5.93518e-05 4.47733e-05 3.30913e-05 2.39042e-05 1.68298e-05 1.15104e-05 7.61689e-06 4.85339e-06 2.95997e-06 1.71466e-06 9.33940e-07 4.71637e-07 2.16282e-07 8.71128e-08 2.90420e-08 7.10094e-09 9.42722e-10 2.32615e-11
0.401334 3.09034e-03 9.04971e-03 1.28830e-02 1.34684e-02 1.19601e-02 1.01201e-02 8.71915e-03 7.84707e-03 7.37718e-03 7.15868e-03 7.07171e-03 7.04068e-03 7.02672e-03 7.01258e-03 6.99093e-03 6.95852e-03 6.91384e-03 6.85636e-03 6.78622e-03 6.70397e-03 6.61053e-03 6.50699e-03 6.39460e-03 6.27470e-03 6.14867e-03 6.01793e-03 5.88388e-03 5.74787e-03 5.61120e-03 5.47506e-03 5.34050e-03 5.20840e-03 5.07946e-03 4.95410e-03 4.83252e-03 4.71463e-03 4.60007e-03 4.48823e-03 4.37826e-03 4.26914e-03 4.15970e-03 4.04874e-03 3.93505e-03 3.81753e-03 3.69522e-03 3.56741e-03 3.43364e-03 3.29373e-03 3.14786e-03 2.99646e-03 2.84027e-03 2.68028e-03 2.51764e-03 2.35367e-03 2.18973e-03 2.02722e-03 1.86746e-03 1.71171e-03 1.56109e-03 1.41655e-03 1.27887e-03 1.14866e-03 1.02635e-03 9.12196e-04 8.06314e-04 7.08688e-04 6.19194e-04 5.37624e-04 4.63701e-04 3.97100e-04 3.37459e-04 2.84396e-04 2.37510e-04 1.96395e-04 1.60638e-04 1.29827e-04 1.03548e-04 8.13905e-05 6.29463e-05 4.78131e-05 3.55960e-05 2.59116e-05 1.83914e-05 1.26863e-05 8.47133e-06 5.44996e-06 3.35807e-06 1.96676e-06 1.08395e-06 5.54332e-07 2.57612e-07 1.05192e-07 3.55444e-08 8.79688e-09 1.17895e-09 2.92559e-11
0.451501 3.14000e-03 9.28684e-03 1.35347e-02 1.45568e-02 1.31833e-02 1.11956e-02 9.56023e-03 8.48740e-03 7.87822e-03 7.57298e-03 7.43611e-03 7.37737e-03 7.34704e-03 7.32159e-03 7.29085e-03 7.25038e-03 7.19819e-03 7.13342e-03 7.05599e-03 6.96636e-03 6.86536e-03 6.75409e-03 6.63380e-03 6.50583e-03 6.37159e-03 6.23251e-03 6.09001e-03 5.94552e-03 5.80041e-03 5.65599e-03 5.51347e-03 5.37391e-03 5.23817e-03 5.10686e-03 4.98031e-03 4.85852e-03 4.74116e-03 4.62755e-03 4.51671e-03 4.40740e-03 4.29819e-03 4.18755e-03 4.07394e-03 3.95592e-03 3.83225e-03 3.70198e-03 3.56447e-03 3.41948e-03 3.26719e-03 3.10814e-03 2.94324e-03 2.77371e-03 2.60099e-03 2.42668e-03 2.25248e-03 2.08004e-03 1.91096e-03 1.74670e-03 1.58852e-03 1.43748e-03 1.29440e-03 1.15986e-03 1.03424e-03 9.17691e-04 8.10208e-04 7.11639e-04 6.21718e-04 5.40099e-04 4.66377e-04 4.00114e-04 3.40857e-04 2.88150e-04 2.41540e-04 2.00588e-04 1.64867e-04 1.33963e-04 1.07474e-04 8.50099e-05 6.61869e-05 5.06303e-05 3.79724e-05 2.78543e-05 1.99279e-05 1.38592e-05 9.33298e-06 6.05663e-06 3.76532e-06 2.22559e-06 1.23818e-06 6.39306e-07 2.99983e-07 1.23661e-07 4.21589e-08 1.05149e-08 1.41744e-09 3.52955e-11
0.501668 3.18840e-03 9.49361e-03 1.41385e-02 1.55898e-02 1.43861e-02 1.23057e-02 1.04606e-02 9.18879e-03 8.43558e-03 8.03865e-03 7.84779e-03 7.75815e-03 7.70887e-03 7.66973e-03 7.62739e-03 7.57632e-03 7.51414e-03 7.43990e-03 7.35338e-03 7.25490e-03 7.14517e-03 7.02518e-03 6.89610e-03 6.75918e-03 6.61573e-03 6.46711e-03 6.31471e-03 6.15993e-03 6.00424e-03 5.84906e-03 5.69581e-03 5.54581e-03 5.40021e-03 5.25994e-03 5.12561e-03 4.99744e-03 4.87525e-03 4.75838e-03 4.64577e-03 4.53598e-03 4.42728e-03 4.31775e-03 4.20545e-03 4.08850e-03 3.96526e-03 3.83444e-03 3.69513e-03 3.54695e-03 3.38999e-03 3.22484e-03 3.05255e-03 2.87455e-03 2.69255e-03 2.50846e-03 2.32429e-03 2.14201e-03 1.96351e-03 1.79048e-03 1.62437e-03 1.46637e-03 1.31737e-03 1.17795e-03 1.04844e-03 9.28922e-04 8.19283e-04 7.19238e-04 6.28385e-04 5.46242e-04 4.72280e-04 4.05949e-04 3.46703e-04 2.94012e-04 2.47372e-04 2.06308e-04 1.70378e-04 1.39165e-04 1.12278e-04 8.93420e-05 6.99985e-05 5.38978e-05 4.06975e-05 3.00612e-05 2.16596e-05 1.51723e-05 1.02916e-05 6.72772e-06 4.21326e-06 2.50861e-06 1.40580e-06 7.31048e-07 3.45413e-07 1.43323e-07 4.91529e-08 1.23205e-08 1.66695e-09 4.15969e-11
0.551835 3.22116e-03 9.63948e-03 1.45927e-02 1.64663e-02 1.54934e-02 1.33790e-02 1.13643e-02 9.90951e-03 9.01410e-03 8.52247e-03 8.27366e-03 8.14948e-03 8.07818e-03 8.02251e-03 7.96565e-03 7.90080e-03 7.82544e-03 7.73870e-03 7.64045e-03 7.53098e-03 7.41089e-03 7.28101e-03 7.14230e-03 6.99577e-03 6.84251e-03 6.68368e-03 6.52048e-03 6.35426e-03 6.18648e-03 6.01872e-03 5.85262e-03 5.68988e-03 5.53206e-03 5.38054e-03 5.23637e-03 5.10014e-03 4.97187e-03 4.85103e-03 4.73646e-03 4.62651e-03 4.51908e-03 4.41180e-03 4.30221e-03 4.18792e-03 4.06681e-03 3.93717e-03 3.79779e-03 3.64806e-03 3.48800e-03 3.31824e-03 3.13994e-03 2.95475e-03 2.76466e-03 2.57190e-03 2.37880e-03 2.18767e-03 2.00068e-03 1.81979e-03 1.64663e-03 1.48253e-03 1.32845e-03 1.18498e-03 1.05242e-03 9.30769e-04 8.19786e-04 7.19059e-04 6.28047e-04 5.46126e-04 4.72637e-04 4.06915e-04 3.48317e-04 2.96236e-04 2.50113e-04 2.09437e-04 1.73746e-04 1.42624e-04 1.15686e-04 9.25788e-05 7.29680e-05 5.65323e-05 4.29583e-05 3.19367e-05 2.31616e-05 1.63309e-05 1.11500e-05 7.33594e-06 4.62331e-06 2.76976e-06 1.56137e-06 8.16539e-07 3.87841e-07 1.61699e-07 5.56857e-08 1.40051e-08 1.89945e-09 4.74634e-11
0.602002 3.23608e-03 9.73079e-03 1.49286e-02 1.71654e-02 1.64503e-02 1.43705e-02 1.22348e-02 1.06203e-02 9.59049e-03 9.00414e-03 8.69433e-03 8.53255e-03 8.43749e-03 8.36493e-03 8.29406e-03 8.21642e-03 8.12915e-03 8.03154e-03 7.92363e-03 7.80574e-03 7.67835e-03 7.54196e-03 7.39714e-03 7.24442e-03 7.08441e-03 6.91778e-03 6.74539e-03 6.56835e-03 6.38807e-03 6.20630e-03 6.02508e-03 5.84663e-03 5.67325e-03 5.50707e-03 5.34985e-03 5.20278e-03 5.06632e-03 4.94012e-03 4.82296e-03 4.71287e-03 4.60726e-03 4.50314e-03 4.39736e-03 4.28684e-03 4.16883e-03 4.04110e-03 3.90205e-03 3.75086e-03 3.58744e-03 3.41246e-03 3.22729e-03 3.03381e-03 2.83438e-03 2.63159e-03 2.42819e-03 2.22686e-03 2.03013e-03 1.84026e-03 1.65913e-03 1.48821e-03 1.32855e-03 1.18077e-03 1.04511e-03 9.21453e-04 8.09442e-04 7.08499e-04 6.17909e-04 5.36883e-04 4.64602e-04 4.00261e-04 3.43098e-04 2.92410e-04 2.47567e-04 2.08007e-04 1.73242e-04 1.42842e-04 1.16427e-04 9.36584e-05 7.42260e-05 5.78371e-05 4.42092e-05 3.30640e-05 2.41241e-05 1.71121e-05 1.17529e-05 7.77764e-06 4.92924e-06 2.96886e-06 1.68203e-06 8.83706e-07 4.21487e-07 1.76360e-07 6.09162e-08 1.53560e-08 2.08596e-09 5.21695e-11
0.652168 3.26346e-03 9.83884e-03 1.52982e-02 1.79030e-02 1.74343e-02 1.54014e-02 1.31677e-02 1.14092e-02 1.02514e-02 9.56992e-03 9.19463e-03 8.98902e-03 8.86416e-03 8.76981e-03 8.68113e-03 8.58763e-03 8.48574e-03 8.37474e-03 8.25485e-03 8.12652e-03 7.99009e-03 7.84574e-03 7.69346e-03 7.53312e-03 7.36458e-03 7.18782e-03 7.00315e-03 6.81136e-03 6.61381e-03 6.41254e-03 6.21018e-03 6.00984e-03 5.81483e-03 5.62837e-03 5.45324e-03 5.29143e-03 5.14391e-03 5.01049e-03 4.88979e-03 4.77937e-03 4.67599e-03 4.57583e-03 4.47492e-03 4.36940e-03 4.25583e-03 4.13145e-03 3.99429e-03 3.84328e-03 3.67828e-03 3.50001e-03 3.30996e-03 3.11027e-03 2.90357e-03 2.69278e-03 2.48095e-03 2.27112e-03 2.06612e-03 1.86846e-03 1.68025e-03 1.50312e-03 1.33822e-03 1.18621e-03 1.04730e-03 9.21346e-04 8.07863e-04 7.06154e-04 6.15373e-04 5.34587e-04 4.62845e-04 3.99222e-04 3.42851e-04 2.92944e-04 2.48805e-04 2.09831e-04 1.75505e-04 1.45386e-04 1.19099e-04 9.63203e-05 7.67597e-05 6.01520e-05 4.62437e-05 3.47851e-05 2.55243e-05 1.82059e-05 1.25709e-05 8.36089e-06 5.32363e-06 3.21991e-06 1.83095e-06 9.64888e-07 4.61308e-07 1.93353e-07 6.68580e-08 1.68635e-08 2.29125e-09 5.73071e-11
0.702335 3.21914e-03 9.70252e-03 1.52412e-02 1.81423e-02 1.79581e-02 1.60550e-02 1.38097e-02 1.19712e-02 1.07224e-02 9.96297e-03 9.52712e-03 9.27701e-03 9.12063e-03 9.00407e-03 8.89925e-03 8.79337e-03 8.68163e-03 8.56287e-03 8.43726e-03 8.30519e-03 8.16679e-03 8.02176e-03 7.86929e-03 7.70827e-03 7.53748e-03 7.35591e-03 7.16303e-03 6.95915e-03 6.74557e-03 6.52474e-03 6.30019e-03 6.07624e-03 5.85771e-03 5.64933e-03 5.45521e-03 5.27840e-03 5.12048e-03 4.98138e-03 4.85944e-03 4.75156e-03 4.65361e-03 4.56083e-03 4.46826e-03 4.37120e-03 4.26554e-03 4.14797e-03 4.01620e-03 3.86899e-03 3.70615e-03 3.52844e-03 3.33751e-03 3.13567e-03 2.92577e-03 2.71098e-03 2.49463e-03 2.28000e-03 2.07017e-03 1.86791e-03 1.67549e-03 1.49474e-03 1.32688e-03 1.17266e-03 1.03231e-03 9.05624e-04 7.92077e-04 6.90875e-04 6.01061e-04 5.21587e-04 4.51387e-04 3.89426e-04 3.34744e-04 2.86473e-04 2.43855e-04 2.06241e-04 1.73085e-04 1.43932e-04 1.18408e-04 9.61974e-05 7.70295e-05 6.06632e-05 4.68729e-05 3.54378e-05 2.61347e-05 1.87333e-05 1.29966e-05 8.68295e-06 5.55167e-06 3.37035e-06 1.92266e-06 1.01587e-06 4.86636e-07 2.04235e-07 7.06706e-08 1.78292e-08 2.42239e-09 6.05809e-11
0.752502 3.20809e-03 9.63637e-03 1.52538e-02 1.84422e-02 1.85505e-02 1.68014e-02 1.45682e-02 1.26649e-02 1.13309e-02 1.04921e-02 9.99012e-03 9.68879e-03 9.49548e-03 9.35407e-03 9.23343e-03 9.11795e-03 9.00082e-03 8.87970e-03 8.75415e-03 8.62419e-03 8.48945e-03 8.34887e-03 8.20057e-03 8.04210e-03 7.87080e-03 7.68427e-03 7.48094e-03 7.26051e-03 7.02438e-03 6.77574e-03 6.51954e-03 6.26205e-03 6.01028e-03 5.77114e-03 5.55063e-03 5.35309e-03 5.18076e-03 5.03352e-03 4.90906e-03 4.80324e-03 4.71059e-03 4.62502e-03 4.54034e-03 4.45082e-03 4.35155e-03 4.23874e-03 4.10980e-03 3.96341e-03 3.79940e-03 3.61871e-03 3.42317e-03 3.21536e-03 2.99840e-03 2.77576e-03 2.55104e-03 2.32784e-03 2.10950e-03 1.89905e-03 1.69900e-03 1.51135e-03 1.33749e-03 1.17822e-03 1.03381e-03 9.04055e-04 7.88345e-04 6.85797e-04 5.95331e-04 5.15769e-04 4.45908e-04 3.84588e-04 3.30729e-04 2.83366e-04 2.41658e-04 2.04892e-04 1.72481e-04 1.43942e-04 1.18887e-04 9.70022e-05 7.80269e-05 6.17377e-05 4.79311e-05 3.64111e-05 2.69787e-05 1.94263e-05 1.35355e-05 9.07908e-06 5.82574e-06 3.54761e-06 2.02878e-06 1.07386e-06 5.14955e-07 2.16190e-07 7.47845e-08 1.88539e-08 2.55962e-09 6.39776e-11
0.802669 3.19806e-03 9.58447e-03 1.52851e-02 1.87393e-02 1.91174e-02 1.75162e-02 1.53093e-02 1.33644e-02 1.19645e-02 1.10554e-02 1.04872e-02 1.01287e-02 9.89045e-03 9.71717e-03 9.57611e-03 9.44905e-03 9.32670e-03 9.20488e-03 9.08191e-03 8.95687e-03 8.82851e-03 8.69459e-03 8.55179e-03 8.39593e-03 8.22259e-03 8.02776e-03 7.80873e-03 7.56476e-03 7.29768e-03 7.01205e-03 6.71499e-03 6.41552e-03 6.12356e-03 5.84871e-03 5.59904e-03 5.38013e-03 5.19446e-03 5.04136e-03 4.91727e-03 4.81644e-03 4.73174e-03 4.65548e-03 4.58021e-03 4.49927e-03 4.40716e-03 4.29980e-03 4.17454e-03 4.03013e-03 3.86658e-03 3.68501e-03 3.48746e-03 3.27669e-03 3.05598e-03 2.82895e-03 2.59934e-03 2.37089e-03 2.14709e-03 1.93111e-03 1.72563e-03 1.53279e-03 1.35412e-03 1.19055e-03 1.04241e-03 9.09562e-04 7.91407e-04 6.87039e-04 5.95328e-04 5.15023e-04 4.44836e-04 3.83510e-04 3.29876e-04 2.82881e-04 2.41609e-04 2.05287e-04 1.73278e-04 1.45068e-04 1.20249e-04 9.84995e-05 7.95630e-05 6.32270e-05 4.93050e-05 3.76208e-05 2.79964e-05 2.02435e-05 1.41605e-05 9.53257e-06 6.13615e-06 3.74651e-06 2.14682e-06 1.13778e-06 5.45871e-07 2.29099e-07 7.91742e-08 1.99341e-08 2.70276e-09 6.74965e-11
0.852835 3.16151e-03 9.45589e-03 1.51442e-02 1.87840e-02 1.94269e-02 1.80102e-02 1.58772e-02 1.39352e-02 1.25029e-02 1.15433e-02 1.09169e-02 1.05021e-02 1.02174e-02 1.00118e-02 9.85272e-03 9.71960e-03 9.60016e-03 9.48749e-03 9.37775e-03 9.26830e-03 9.15624e-03 9.03759e-03 8.90701e-03 8.75818e-03 8.58452e-03 8.38024e-03 8.14149e-03 7.86745e-03 7.56099e-03 7.22897e-03 6.88178e-03 6.53229e-03 6.19425e-03 5.88048e-03 5.60125e-03 5.36302e-03 5.16789e-03 5.01376e-03 4.89503e-03 4.80364e-03 4.73030e-03 4.66557e-03 4.60072e-03 4.52832e-03 4.44258e-03 4.33940e-03 4.21636e-03 4.07254e-03 3.90832e-03 3.72513e-03 3.52528e-03 3.31174e-03 3.08793e-03 2.85757e-03 2.62447e-03 2.39241e-03 2.16496e-03 1.94532e-03 1.73627e-03 1.54002e-03 1.35819e-03 1.19178e-03 1.04122e-03 9.06393e-04 7.86749e-04 6.81375e-04 5.89118e-04 5.08677e-04 4.38700e-04 3.77856e-04 3.24896e-04 2.78694e-04 2.38263e-04 2.02772e-04 1.71537e-04 1.44008e-04 1.19757e-04 9.84512e-05 7.98343e-05 6.37024e-05 4.98844e-05 3.82233e-05 2.85625e-05 2.07350e-05 1.45583e-05 9.83350e-06 6.34843e-06 3.88535e-06 2.23021e-06 1.18311e-06 5.67684e-07 2.38084e-07 8.21636e-08 2.06498e-08 2.79509e-09 6.97237e-11
0.903002 3.13156e-03 9.34410e-03 1.50454e-02 1.88518e-02 1.97166e-02 1.84758e-02 1.64314e-02 1.45121e-02 1.30648e-02 1.20662e-02 1.13858e-02 1.09137e-02 1.05799e-02 1.03401e-02 1.01635e-02 1.00278e-02 9.91727e-03 9.82129e-03 9.73292e-03 9.64683e-03 9.55768e-03 9.45902e-03 9.34293e-03 9.20044e-03 9.02255e-03 8.80162e-03 8.53299e-03 8.21632e-03 7.85662e-03 7.46434e-03 7.05458e-03 6.64531e-03 6.25497e-03 5.89997e-03 5.59241e-03 5.33885e-03 5.13986e-03 4.99072e-03 4.88274e-03 4.80485e-03 4.74521e-03 4.69255e-03 4.63707e-03 4.57092e-03 4.48837e-03 4.38576e-03 4.26121e-03 4.11441e-03 3.94630e-03 3.75877e-03 3.55449e-03 3.33664e-03 3.10880e-03 2.87473e-03 2.63826e-03 2.40311e-03 2.17282e-03 1.95057e-03 1.73908e-03 1.54056e-03 1.35666e-03 1.18840e-03 1.03625e-03 9.00130e-04 7.79526e-04 6.73540e-04 5.81016e-04 5.00633e-04 4.30999e-04 3.70732e-04 3.18526e-04 2.73188e-04 2.33675e-04 1.99099e-04 1.68731e-04 1.41987e-04 1.18413e-04 9.76634e-05 7.94781e-05 6.36581e-05 5.00441e-05 3.84960e-05 2.88770e-05 2.10405e-05 1.48235e-05 1.00434e-05 6.50102e-06 3.98701e-06 2.29181e-06 1.21658e-06 5.83639e-07 2.44522e-07 8.42376e-08 2.11258e-08 2.85384e-09 7.10946e-11
0.953169 3.08587e-03 9.17887e-03 1.48568e-02 1.88139e-02 1.98808e-02 1.88000e-02 1.68544e-02 1.49838e-02 1.35458e-02 1.25241e-02 1.17980e-02 1.12719e-02 1.08898e-02 1.06168e-02 1.04253e-02 1.02915e-02 1.01957e-02 1.01231e-02 1.00626e-02 1.00054e-02 9.94305e-03 9.86595e-03 9.76323e-03 9.62310e-03 9.43415e-03 9.18722e-03 8.87744e-03 8.50605e-03 8.08145e-03 7.61912e-03 7.14015e-03 6.66849e-03 6.22756e-03 5.83681e-03 5.50920e-03 5.24991e-03 5.05655e-03 4.92061e-03 4.82949e-03 4.76882e-03 4.72439e-03 4.68354e-03 4.63596e-03 4.57401e-03 4.49258e-03 4.38881e-03 4.26169e-03 4.11168e-03 3.94032e-03 3.74996e-03 3.54352e-03 3.32433e-03 3.09595e-03 2.86203e-03 2.62626e-03 2.39218e-03 2.16313e-03 1.94210e-03 1.73168e-03 1.53401e-03 1.35065e-03 1.18265e-03 1.03052e-03 8.94258e-04 7.73425e-04 6.67215e-04 5.74547e-04 4.94153e-04 4.24673e-04 3.64729e-04 3.12999e-04 2.68260e-04 2.29429e-04 1.95575e-04 1.65925e-04 1.39861e-04 1.16898e-04 9.66719e-05 7.89100e-05 6.34116e-05 5.00229e-05 3.86153e-05 2.90672e-05 2.12499e-05 1.50175e-05 1.02029e-05 6.61965e-06 4.06705e-06 2.34053e-06 1.24296e-06 5.96051e-07 2.49409e-07 8.57494e-08 2.14534e-08 2.89159e-09 7.19271e-11
1.003336 3.03108e-03 8.96074e-03 1.45425e-02 1.86047e-02 1.98728e-02 1.89741e-02 1.71583e-02 1.53683e-02 1.39661e-02 1.29398e-02 1.21796e-02 1.16065e-02 1.11812e-02 1.08800e-02 1.06797e-02 1.05555e-02 1.04837e-02 1.04445e-02 1.04220e-02 1.04031e-02 1.03755e-02 1.03260e-02 1.02404e-02 1.01037e-02 9.90209e-03 9.62490e-03 9.26752e-03 8.83350e-03 8.33577e-03 7.79609e-03 7.24265e-03 6.70618e-03 6.21528e-03 5.79214e-03 5.44972e-03 5.19080e-03 5.00897e-03 4.89106e-03 4.82014e-03 4.77838e-03 4.74929e-03 4.71914e-03 4.67749e-03 4.61720e-03 4.53405e-03 4.42620e-03 4.29360e-03 4.13754e-03 3.96022e-03 3.76444e-03 3.55343e-03 3.33064e-03 3.09964e-03 2.86402e-03 2.62732e-03 2.39290e-03 2.16389e-03 1.94311e-03 1.73299e-03 1.53549e-03 1.35212e-03 1.18388e-03 1.03129e-03 8.94381e-04 7.72798e-04 6.65820e-04 5.72447e-04 4.91484e-04 4.21613e-04 3.61481e-04 3.09760e-04 2.65207e-04 2.26700e-04 1.93264e-04 1.64084e-04 1.38495e-04 1.15981e-04 9.61475e-05 7.87064e-05 6.34485e-05 5.02203e-05 3.89010e-05 2.93817e-05 2.15492e-05 1.52739e-05 1.04038e-05 6.76383e-06 4.16165e-06 2.39674e-06 1.27271e-06 6.09719e-07 2.54641e-07 8.73109e-08 2.17754e-08 2.92649e-09 7.26543e-11
1.053503 2.98758e-03 8.78792e-03 1.43022e-02 1.84595e-02 1.99027e-02 1.91668e-02 1.74736e-02 1.57685e-02 1.44109e-02 1.33879e-02 1.25997e-02 1.19847e-02 1.15211e-02 1.11969e-02 1.09934e-02 1.08844e-02 1.08419e-02 1.08406e-02 1.08594e-02 1.08805e-02 1.08870e-02 1.08619e-02 1.07873e-02 1.06450e-02 1.04186e-02 1.00968e-02 9.67640e-03 9.16476e-03 8.58108e-03 7.95493e-03 7.32267e-03 6.72200e-03 6.18608e-03 5.73855e-03 5.39068e-03 5.14119e-03 4.97836e-03 4.88360e-03 4.83539e-03 4.81270e-03 4.79731e-03 4.77503e-03 4.73588e-03 4.67374e-03 4.58565e-03 4.47096e-03 4.33072e-03 4.16705e-03 3.98276e-03 3.78108e-03 3.56542e-03 3.33931e-03 3.10624e-03 2.86966e-03 2.63291e-03 2.39909e-03 2.17110e-03 1.95150e-03 1.74248e-03 1.54584e-03 1.36295e-03 1.19474e-03 1.04170e-03 9.03941e-04 7.81176e-04 6.72811e-04 5.77978e-04 4.95600e-04 4.24463e-04 3.63277e-04 3.10749e-04 2.65638e-04 2.26801e-04 1.93224e-04 1.64042e-04 1.38544e-04 1.16166e-04 9.64770e-05 7.91604e-05 6.39885e-05 5.07997e-05 3.94733e-05 2.99078e-05 2.20012e-05 1.56372e-05 1.06763e-05 6.95377e-06 4.28374e-06 2.46829e-06 1.31031e-06 6.26985e-07 2.61301e-07 8.93320e-08 2.22038e-08 2.97464e-09 7.36922e-11
1.103669 2.92564e-03 8.57103e-03 1.39760e-02 1.81806e-02 1.97703e-02 1.91901e-02 1.76325e-02 1.60319e-02 1.47364e-02 1.37306e-02 1.29266e-02 1.22820e-02 1.17920e-02 1.14554e-02 1.12571e-02 1.11696e-02 1.11606e-02 1.11997e-02 1.12608e-02 1.13214e-02 1.13601e-02 1.13559e-02 1.12864e-02 1.11303e-02 1.08691e-02 1.04916e-02 9.99736e-03 9.39947e-03 8.72509e-03 8.01280e-03 7.30739e-03 6.65285e-03 6.08536e-03 5.62799e-03 5.28839e-03 5.05965e-03 4.92380e-03 4.85658e-03 4.83223e-03 4.82720e-03 4.82238e-03 4.80391e-03 4.76298e-03 4.69497e-03 4.59843e-03 4.47413e-03 4.32423e-03 4.15168e-03 3.95987e-03 3.75236e-03 3.53271e-03 3.30443e-03 3.07093e-03 2.83545e-03 2.60106e-03 2.37060e-03 2.14663e-03 1.93140e-03 1.72680e-03 1.53436e-03 1.35522e-03 1.19013e-03 1.03950e-03 9.03406e-04 7.81627e-04 6.73666e-04 5.78794e-04 4.96091e-04 4.24487e-04 3.62818e-04 3.09880e-04 2.64487e-04 2.25513e-04 1.91941e-04 1.62881e-04 1.37587e-04 1.15458e-04 9.60274e-05 7.89489e-05 6.39745e-05 5.09305e-05 3.96934e-05 3.01659e-05 2.22560e-05 1.58603e-05 1.08529e-05 7.08074e-06 4.36637e-06 2.51651e-06 1.33512e-06 6.37908e-07 2.65215e-07 9.03762e-08 2.23792e-08 2.98762e-09 7.38370e-11
1.153836 2.88227e-03 8.40941e-03 1.37241e-02 1.79648e-02 1.96866e-02 1.92568e-02 1.78323e-02 1.63364e-02 1.51062e-02 1.41244e-02 1.33147e-02 1.26528e-02 1.21497e-02 1.18132e-02 1.16311e-02 1.15736e-02 1.16047e-02 1.16891e-02 1.17959e-02 1.18979e-02 1.19689e-02 1.19826e-02 1.19120e-02 1.17318e-02 1.14218e-02 1.09721e-02 1.03872e-02 9.68803e-03 8.91187e-03 8.10751e-03 7.32827e-03 6.62349e-03 6.03082e-03 5.57104e-03 5.24661e-03 5.04394e-03 4.93828e-03 4.89965e-03 4.89829e-03 4.90852e-03 4.91081e-03 4.89207e-03 4.84493e-03 4.76651e-03 4.65703e-03 4.51870e-03 4.35482e-03 4.16920e-03 3.96578e-03 3.74845e-03 3.52094e-03 3.28679e-03 3.04934e-03 2.81168e-03 2.57669e-03 2.34696e-03 2.12479e-03 1.91213e-03 1.71058e-03 1.52138e-03 1.34539e-03 1.18315e-03 1.03491e-03 9.00634e-04 7.80082e-04 6.72796e-04 5.78143e-04 4.95329e-04 4.23419e-04 3.61377e-04 3.08098e-04 2.62463e-04 2.23381e-04 1.89838e-04 1.60929e-04 1.35879e-04 1.14049e-04 9.49388e-05 7.81699e-05 6.34702e-05 5.06503e-05 3.95796e-05 3.01619e-05 2.23124e-05 1.59389e-05 1.09284e-05 7.14020e-06 4.40632e-06 2.53950e-06 1.34622e-06 6.42182e-07 2.66351e-07 9.04775e-08 2.23230e-08 2.96987e-09 7.32237e-11
1.204003 2.83263e-03 8.24455e-03 1.34857e-02 1.77505e-02 1.95683e-02 1.92653e-02 1.79690e-02 1.65801e-02 1.54185e-02 1.44664e-02 1.36614e-02 1.29969e-02 1.24971e-02 1.21757e-02 1.20205e-02 1.19988e-02 1.20706e-02 1.21970e-02 1.23432e-02 1.24773e-02 1.25683e-02 1.25843e-02 1.24934e-02 1.22673e-02 1.18861e-02 1.13443e-02 1.06544e-02 9.84836e-03 8.97465e-03 8.09146e-03 7.25805e-03 6.52551e-03 5.92924e-03 5.48485e-03 5.18803e-03 5.01816e-03 4.94438e-03 4.93223e-03 4.94935e-03 4.96928e-03 4.97303e-03 4.94900e-03 4.89169e-03 4.80009e-03 4.67611e-03 4.52330e-03 4.34594e-03 4.14851e-03 3.93534e-03 3.71051e-03 3.47777e-03 3.24056e-03 3.00207e-03 2.76518e-03 2.53251e-03 2.30638e-03 2.08877e-03 1.88134e-03 1.68537e-03 1.50177e-03 1.33113e-03 1.17374e-03 1.02964e-03 8.98669e-04 7.80538e-04 6.74817e-04 5.80971e-04 4.98353e-04 4.26204e-04 3.63663e-04 3.09780e-04 2.63555e-04 2.23977e-04 1.90073e-04 1.60945e-04 1.35802e-04 1.13978e-04 9.49373e-05 7.82680e-05 6.36685e-05 5.09281e-05 3.99037e-05 3.04955e-05 2.26226e-05 1.62019e-05 1.11320e-05 7.28362e-06 4.49751e-06 2.59119e-06 1.37185e-06 6.52948e-07 2.69974e-07 9.13498e-08 2.24384e-08 2.97268e-09 7.30788e-11
1.254170 2.75575e-03 7.98016e-03 1.30708e-02 1.73080e-02 1.91935e-02 1.90138e-02 1.78620e-02 1.66002e-02 1.55257e-02 1.46228e-02 1.38454e-02 1.32025e-02 1.27276e-02 1.24370e-02 1.23174e-02 1.23341e-02 1.24451e-02 1.26094e-02 1.27899e-02 1.29510e-02 1.30564e-02 1.30686e-02 1.29510e-02 1.26732e-02 1.22177e-02 1.15857e-02 1.07998e-02 9.90321e-03 8.95407e-03 8.01694e-03 7.15326e-03 6.41247e-03 5.82567e-03 5.40281e-03 5.13377e-03 4.99275e-03 4.94476e-03 4.95256e-03 4.98232e-03 5.00737e-03 5.00946e-03 4.97833e-03 4.91012e-03 4.80546e-03 4.66770e-03 4.50153e-03 4.31207e-03 4.10433e-03 3.88295e-03 3.65209e-03 3.41549e-03 3.17649e-03 2.93808e-03 2.70296e-03 2.47351e-03 2.25179e-03 2.03954e-03 1.83812e-03 1.64854e-03 1.47144e-03 1.30711e-03 1.15560e-03 1.01673e-03 8.90175e-04 7.75548e-04 6.72396e-04 5.80241e-04 4.98555e-04 4.26749e-04 3.64141e-04 3.09959e-04 2.63350e-04 2.23413e-04 1.89240e-04 1.59963e-04 1.34793e-04 1.13044e-04 9.41506e-05 7.76667e-05 6.32602e-05 5.06953e-05 3.98123e-05 3.05028e-05 2.26862e-05 1.62860e-05 1.12114e-05 7.34466e-06 4.53685e-06 2.61222e-06 1.38074e-06 6.55534e-07 2.70157e-07 9.10521e-08 2.22671e-08 2.93758e-09 7.20018e-11
1.304337 2.70518e-03 7.78180e-03 1.27457e-02 1.69741e-02 1.89384e-02 1.88815e-02 1.78656e-02 1.67212e-02 1.57281e-02 1.48763e-02 1.41352e-02 1.35268e-02 1.30901e-02 1.28414e-02 1.27651e-02 1.28246e-02 1.29767e-02 1.31793e-02 1.33927e-02 1.35770e-02 1.36899e-02 1.36876e-02 1.35294e-02 1.31849e-02 1.26418e-02 1.19111e-02 1.10275e-02 1.00452e-02 9.03014e-03 8.04982e-03 7.16445e-03 6.41937e-03 5.84049e-03 5.43283e-03 5.18222e-03 5.05981e-03 5.02829e-03 5.04867e-03 5.08600e-03 5.11305e-03 5.11173e-03 5.07251e-03 4.99263e-03 4.87402e-03 4.72126e-03 4.54011e-03 4.33649e-03 4.11598e-03 3.88356e-03 3.64355e-03 3.39973e-03 3.15537e-03 2.91338e-03 2.67630e-03 2.44637e-03 2.22547e-03 2.01515e-03 1.81655e-03 1.63046e-03 1.45728e-03 1.29705e-03 1.14956e-03 1.01441e-03 8.91073e-04 7.78987e-04 6.77622e-04 5.86490e-04 5.05132e-04 4.33083e-04 3.69827e-04 3.14765e-04 2.67198e-04 2.26347e-04 1.91384e-04 1.61481e-04 1.35856e-04 1.13807e-04 9.47369e-05 7.81645e-05 6.37217e-05 5.11424e-05 4.02441e-05 3.09055e-05 2.30413e-05 1.65782e-05 1.14331e-05 7.49788e-06 4.63185e-06 2.66407e-06 1.40507e-06 6.64992e-07 2.73001e-07 9.16076e-08 2.22966e-08 2.92816e-09 7.15388e-11
1.354503 2.65108e-03 7.59514e-03 1.24383e-02 1.66406e-02 1.86675e-02 1.87195e-02 1.78296e-02 1.67957e-02 1.58807e-02 1.50831e-02 1.43894e-02 1.38314e-02 1.34492e-02 1.32555e-02 1.32306e-02 1.33361e-02 1.35286e-02 1.37652e-02 1.40033e-02 1.41975e-02 1.42984e-02 1.42563e-02 1.40287e-02 1.35898e-02 1.29383e-02 1.20994e-02 1.11221e-02 1.00708e-02 9.01519e-03 8.02052e-03 7.14048e-03 6.41231e-03 5.85459e-03 5.46726e-03 5.23349e-03 5.12356e-03 5.10024e-03 5.12478e-03 5.16238e-03 5.18591e-03 5.17752e-03 5.12820e-03 5.03601e-03 4.90384e-03 4.73725e-03 4.54287e-03 4.32727e-03 4.09646e-03 3.85564e-03 3.60920e-03 3.36085e-03 3.11377e-03 2.87068e-03 2.63397e-03 2.40566e-03 2.18746e-03 1.98071e-03 1.78638e-03 1.60504e-03 1.43690e-03 1.28179e-03 1.13931e-03 1.00883e-03 8.89624e-04 7.80973e-04 6.82228e-04 5.92850e-04 5.12412e-04 4.40554e-04 3.76919e-04 3.21091e-04 2.72554e-04 2.30683e-04 1.94767e-04 1.64049e-04 1.37778e-04 1.15250e-04 9.58497e-05 7.90616e-05 6.44823e-05 5.18121e-05 4.08420e-05 3.14324e-05 2.34893e-05 1.69387e-05 1.17032e-05 7.68326e-06 4.74628e-06 2.72629e-06 1.43411e-06 6.76231e-07 2.76402e-07 9.23072e-08 2.23545e-08 2.92177e-09 7.11366e-11
1.404670 2.58862e-03 7.38320e-03 1.20715e-02 1.62028e-02 1.82748e-02 1.84421e-02 1.76833e-02 1.67606e-02 1.59287e-02 1.51989e-02 1.45722e-02 1.40860e-02 1.37769e-02 1.36516e-02 1.36870e-02 1.38438e-02 1.40790e-02 1.43486e-02 1.46060e-02 1.47985e-02 1.48693e-02 1.47646e-02 1.44449e-02 1.38949e-02 1.31292e-02 1.21901e-02 1.11396e-02 1.00477e-02 8.98203e-03 8.00023e-03 7.14555e-03 6.44540e-03 5.91133e-03 5.53986e-03 5.31402e-03 5.20590e-03 5.18057e-03 5.20104e-03 5.23327e-03 5.25013e-03 5.23345e-03 5.17405e-03 5.07016e-03 4.92521e-03 4.74548e-03 4.53834e-03 4.31101e-03 4.06994e-03 3.82057e-03 3.56741e-03 3.31416e-03 3.06389e-03 2.81922e-03 2.58235e-03 2.35518e-03 2.13922e-03 1.93565e-03 1.74527e-03 1.56848e-03 1.40531e-03 1.25543e-03 1.11822e-03 9.92872e-04 8.78457e-04 7.74063e-04 6.78883e-04 5.92279e-04 5.13794e-04 4.43115e-04 3.79996e-04 3.24177e-04 2.75314e-04 2.32942e-04 1.96477e-04 1.65254e-04 1.38573e-04 1.15753e-04 9.61693e-05 7.92899e-05 6.46829e-05 5.20206e-05 4.10689e-05 3.16700e-05 2.37198e-05 1.71425e-05 1.18655e-05 7.79785e-06 4.81646e-06 2.76226e-06 1.44861e-06 6.80188e-07 2.76669e-07 9.19285e-08 2.21488e-08 2.88088e-09 6.98930e-11
1.454837 2.54415e-03 7.22989e-03 1.18060e-02 1.58853e-02 1.79982e-02 1.82724e-02 1.76336e-02 1.68090e-02 1.60525e-02 1.53918e-02 1.48407e-02 1.44376e-02 1.42124e-02 1.41648e-02 1.42677e-02 1.44816e-02 1.47633e-02 1.50655e-02 1.53341e-02 1.55066e-02 1.55184e-02 1.53155e-02 1.48680e-02 1.41794e-02 1.32861e-02 1.22489e-02 1.11401e-02 1.00298e-02 8.97780e-03 8.02924e-03 7.21414e-03 6.54906e-03 6.03891e-03 5.67805e-03 5.45108e-03 5.33384e-03 5.29560e-03 5.30258e-03 5.32239e-03 5.32806e-03 5.30078e-03 5.23054e-03 5.11512e-03 4.95794e-03 4.76569e-03 4.54631e-03 4.30759e-03 4.05641e-03 3.79849e-03 3.53847e-03 3.28005e-03 3.02622e-03 2.77947e-03 2.54187e-03 2.31513e-03 2.10061e-03 1.89934e-03 1.71195e-03 1.53871e-03 1.37950e-03 1.23387e-03 1.10107e-03 9.80113e-04 8.69908e-04 7.69364e-04 6.77503e-04 5.93557e-04 5.16995e-04 4.47503e-04 3.84909e-04 3.29080e-04 2.79828e-04 2.36843e-04 1.99683e-04 1.67783e-04 1.40510e-04 1.17214e-04 9.72759e-05 8.01497e-05 6.53801e-05 5.26122e-05 4.15861e-05 3.21237e-05 2.41082e-05 1.74587e-05 1.21048e-05 7.96247e-06 4.91665e-06 2.81441e-06 1.47071e-06 6.87191e-07 2.77981e-07 9.18586e-08 2.20155e-08 2.84958e-09 6.88844e-11
1.505004 2.48742e-03 7.03721e-03 1.14845e-02 1.54985e-02 1.76324e-02 1.79986e-02 1.74731e-02 1.67448e-02 1.60670e-02 1.54855e-02 1.50247e-02 1.47197e-02 1.45904e-02 1.46285e-02 1.48040e-02 1.50775e-02 1.54043e-02 1.57313e-02 1.59936e-02 1.61178e-02 1.60351e-02 1.56989e-02 1.50985e-02 1.42632e-02 1.32535e-02 1.21453e-02 1.10141e-02 9.92304e-03 8.91816e-03 8.02876e-03 7.27072e-03 6.65027e-03 6.16674e-03 5.81362e-03 5.57850e-03 5.44255e-03 5.38104e-03 5.36518e-03 5.36554e-03 5.35602e-03 5.31706e-03 5.23730e-03 5.11324e-03 4.94757e-03 4.74682e-03 4.51917e-03 4.27279e-03 4.01498e-03 3.75174e-03 3.48783e-03 3.22697e-03 2.97210e-03 2.72556e-03 2.48925e-03 2.26472e-03 2.05316e-03 1.85541e-03 1.67198e-03 1.50302e-03 1.34833e-03 1.20736e-03 1.07929e-03 9.63035e-04 8.57385e-04 7.61101e-04 6.73052e-04 5.92322e-04 5.18277e-04 4.50561e-04 3.89029e-04 3.33642e-04 2.84349e-04 2.40996e-04 2.03285e-04 1.70773e-04 1.42914e-04 1.19108e-04 9.87601e-05 8.13225e-05 6.63267e-05 5.33962e-05 4.22485e-05 3.26854e-05 2.45759e-05 1.78323e-05 1.23845e-05 8.15379e-06 5.03279e-06 2.87463e-06 1.49596e-06 6.94967e-07 2.79304e-07 9.17168e-08 2.18550e-08 2.81410e-09 6.77647e-11
1.555171 2.42966e-03 6.82304e-03 1.11040e-02 1.50336e-02 1.71886e-02 1.76503e-02 1.72398e-02 1.66104e-02 1.60189e-02 1.55285e-02 1.51707e-02 1.49742e-02 1.49488e-02 1.50794e-02 1.53348e-02 1.56758e-02 1.60537e-02 1.64053e-02 1.66518e-02 1.67095e-02 1.65106e-02 1.60243e-02 1.52672e-02 1.42976e-02 1.31971e-02 1.20502e-02 1.09280e-02 9.88112e-03 8.93939e-03 8.11663e-03 7.41636e-03 6.83659e-03 6.37273e-03 6.01842e-03 5.76478e-03 5.59903e-03 5.50338e-03 5.45527e-03 5.42943e-03 5.40118e-03 5.35011e-03 5.26269e-03 5.13307e-03 4.96217e-03 4.75563e-03 4.52148e-03 4.26826e-03 4.00374e-03 3.73438e-03 3.46528e-03 3.20035e-03 2.94256e-03 2.69421e-03 2.45710e-03 2.23264e-03 2.02186e-03 1.82548e-03 1.64390e-03 1.47717e-03 1.32504e-03 1.18693e-03 1.06195e-03 9.48968e-04 8.46682e-04 7.53724e-04 6.68804e-04 5.90847e-04 5.19080e-04 4.53058e-04 3.92618e-04 3.37765e-04 2.88548e-04 2.44940e-04 2.06772e-04 1.73717e-04 1.45311e-04 1.21013e-04 1.00254e-04 8.24935e-05 6.72558e-05 5.41478e-05 4.28677e-05 3.31989e-05 2.49962e-05 1.81638e-05 1.26297e-05 8.31890e-06 5.13016e-06 2.92217e-06 1.51324e-06 6.98302e-07 2.78587e-07 9.08673e-08 2.15306e-08 2.75908e-09 6.62053e-11
1.605337 2.38773e-03 6.66507e-03 1.08132e-02 1.46792e-02 1.68653e-02 1.74151e-02 1.71038e-02 1.65610e-02 1.60507e-02 1.56526e-02 1.54021e-02 1.53193e-02 1.54029e-02 1.56318e-02 1.59737e-02 1.63867e-02 1.68136e-02 1.71755e-02 1.73771e-02 1.73277e-02 1.69706e-02 1.63028e-02 1.53760e-02 1.42780e-02 1.31061e-02 1.19449e-02 1.08541e-02 9.86778e-03 8.99896e-03 8.24758e-03 7.60704e-03 7.06894e-03 6.62546e-03 6.27004e-03 5.99644e-03 5.79703e-03 5.66083e-03 5.57236e-03 5.51201e-03 5.45822e-03 5.39085e-03 5.29445e-03 5.16031e-03 4.98666e-03 4.77733e-03 4.53952e-03 4.28176e-03 4.01221e-03 3.73786e-03 3.46427e-03 3.19562e-03 2.93501e-03 2.68475e-03 2.44654e-03 2.22164e-03 2.01093e-03 1.81502e-03 1.63418e-03 1.46843e-03 1.31747e-03 1.18074e-03 1.05737e-03 9.46224e-04 8.45964e-04 7.55145e-04 6.72353e-04 5.96353e-04 5.26215e-04 4.61372e-04 4.01595e-04 3.46894e-04 2.97382e-04 2.53143e-04 2.14129e-04 1.80129e-04 1.50773e-04 1.25585e-04 1.04033e-04 8.55924e-05 6.97834e-05 5.62007e-05 4.45248e-05 3.45212e-05 2.60295e-05 1.89444e-05 1.31901e-05 8.69320e-06 5.35671e-06 3.04236e-06 1.56687e-06 7.17404e-07 2.83669e-07 9.17655e-08 2.15975e-08 2.75254e-09 6.57863e-11
1.655504 2.33757e-03 6.48804e-03 1.04873e-02 1.42657e-02 1.64724e-02 1.71073e-02 1.68905e-02 1.64331e-02 1.60091e-02 1.57111e-02 1.55750e-02 1.56109e-02 1.58076e-02 1.61398e-02 1.65737e-02 1.70615e-02 1.75309e-02 1.78816e-02 1.80017e-02 1.78025e-02 1.72517e-02 1.63865e-02 1.52974e-02 1.40970e-02 1.28882e-02 1.17457e-02 1.07119e-02 9.80230e-03 9.01498e-03 8.33906e-03 7.76096e-03 7.26795e-03 6.84984e-03 6.49937e-03 6.21151e-03 5.98205e-03 5.80555e-03 5.67333e-03 5.57248e-03 5.48640e-03 5.39714e-03 5.28864e-03 5.14965e-03 4.97523e-03 4.76647e-03 4.52891e-03 4.27040e-03 3.99920e-03 3.72276e-03 3.44711e-03 3.17683e-03 2.91523e-03 2.66465e-03 2.42673e-03 2.20258e-03 1.99296e-03 1.79829e-03 1.61879e-03 1.45440e-03 1.30484e-03 1.16957e-03 1.04778e-03 9.38389e-04 8.40075e-04 7.51366e-04 6.70766e-04 5.96912e-04 5.28724e-04 4.65495e-04 4.06899e-04 3.52910e-04 3.03667e-04 2.59322e-04 2.19928e-04 1.85374e-04 1.55383e-04 1.29545e-04 1.07377e-04 8.83800e-05 7.20846e-05 5.80844e-05 4.60520e-05 3.57419e-05 2.69837e-05 1.96646e-05 1.37061e-05 9.03616e-06 5.56193e-06 3.14848e-06 1.61158e-06 7.31361e-07 2.86256e-07 9.17456e-08 2.14397e-08 2.71794e-09 6.47184e-11
1.705671 2.29790e-03 6.33796e-03 1.01987e-02 1.38933e-02 1.61203e-02 1.68421e-02 1.67205e-02 1.63496e-02 1.60183e-02 1.58303e-02 1.58184e-02 1.59819e-02 1.63013e-02 1.67483e-02 1.72851e-02 1.78518e-02 1.83524e-02 1.86609e-02 1.86541e-02 1.82591e-02 1.74842e-02 1.64150e-02 1.51789e-02 1.39029e-02 1.26839e-02 1.15790e-02 1.06104e-02 9.77718e-03 9.06561e-03 8.45788e-03 7.93635e-03 7.48580e-03 7.09424e-03 6.75315e-03 6.45726e-03 6.20373e-03 5.99057e-03 5.81464e-03 5.66958e-03 5.54490e-03 5.42674e-03 5.30019e-03 5.15250e-03 4.97563e-03 4.76735e-03 4.53066e-03 4.27202e-03 3.99940e-03 3.72058e-03 3.44217e-03 3.16929e-03 2.90560e-03 2.65359e-03 2.41486e-03 2.19044e-03 1.98090e-03 1.78657e-03 1.60751e-03 1.44363e-03 1.29464e-03 1.16004e-03 1.03906e-03 9.30692e-04 8.33655e-04 7.46469e-04 6.67579e-04 5.95515e-04 5.29062e-04 4.67376e-04 4.10026e-04 3.56925e-04 3.08204e-04 2.64054e-04 2.24590e-04 1.89775e-04 1.59402e-04 1.33121e-04 1.10493e-04 9.10472e-05 7.43326e-05 5.99514e-05 4.75778e-05 3.69644e-05 2.79371e-05 2.03802e-05 1.42146e-05 9.37057e-06 5.75890e-06 3.24755e-06 1.65096e-06 7.41858e-07 2.87040e-07 9.10351e-08 2.11110e-08 2.66245e-09 6.31832e-11
1.755838 2.26349e-03 6.20980e-03 9.95699e-03 1.35842e-02 1.58299e-02 1.66282e-02 1.65944e-02 1.63079e-02 1.60696e-02 1.59926e-02 1.61051e-02 1.63961e-02 1.68396e-02 1.74042e-02 1.80445e-02 1.86788e-02 1.91791e-02 1.93929e-02 1.91980e-02 1.85575e-02 1.75370e-02 1.62740e-02 1.49230e-02 1.36104e-02 1.24147e-02 1.13695e-02 1.04764e-02 9.72064e-03 9.08103e-03 8.53625e-03 8.06727e-03 7.65805e-03 7.29563e-03 6.97024e-03 6.67543e-03 6.40793e-03 6.16698e-03 5.95278e-03 5.76435e-03 5.59757e-03 5.44432e-03 5.29326e-03 5.13225e-03 4.95127e-03 4.74475e-03 4.51231e-03 4.25797e-03 3.98848e-03 3.71140e-03 3.43373e-03 3.16111e-03 2.89764e-03 2.64604e-03 2.40799e-03 2.18440e-03 1.97575e-03 1.78221e-03 1.60378e-03 1.44031e-03 1.29156e-03 1.15708e-03 1.03623e-03 9.28121e-04 8.31559e-04 7.45126e-04 6.67259e-04 5.96420e-04 5.31274e-04 4.70842e-04 4.14563e-04 3.62267e-04 3.14045e-04 2.70094e-04 2.30570e-04 1.95494e-04 1.64718e-04 1.37945e-04 1.14778e-04 9.47816e-05 7.75271e-05 6.26322e-05 4.97808e-05 3.87309e-05 2.93109e-05 2.14067e-05 1.49415e-05 9.84873e-06 6.04302e-06 3.39397e-06 1.71254e-06 7.60941e-07 2.90445e-07 9.09458e-08 2.08972e-08 2.62057e-09 6.19807e-11
1.806005 2.22288e-03 6.05248e-03 9.66026e-03 1.32029e-02 1.54560e-02 1.63247e-02 1.63786e-02 1.61821e-02 1.60441e-02 1.60827e-02 1.63211e-02 1.67405e-02 1.73106e-02 1.79959e-02 1.87366e-02 1.94206e-02 1.98835e-02 1.99547e-02 1.95326e-02 1.86357e-02 1.73931e-02 1.59842e-02 1.45728e-02 1.32695e-02 1.21268e-02 1.11543e-02 1.03376e-02 9.65332e-03 9.07690e-03 8.58655e-03 8.16370e-03 7.79266e-03 7.46019e-03 7.15547e-03 6.87040e-03 6.60012e-03 6.34304e-03 6.10031e-03 5.87420e-03 5.66601e-03 5.47398e-03 5.29236e-03 5.11216e-03 4.92342e-03 4.71803e-03 4.49186e-03 4.24540e-03 3.98298e-03 3.71114e-03 3.43682e-03 3.16616e-03 2.90385e-03 2.65306e-03 2.41567e-03 2.19265e-03 1.98438e-03 1.79096e-03 1.61232e-03 1.44832e-03 1.29875e-03 1.16327e-03 1.04140e-03 9.32367e-04 8.35144e-04 7.48400e-04 6.70603e-04 6.00171e-04 5.35667e-04 4.75973e-04 4.20395e-04 3.68655e-04 3.20783e-04 2.76959e-04 2.37354e-04 2.02021e-04 1.70853e-04 1.43591e-04 1.19873e-04 9.92892e-05 8.14356e-05 6.59488e-05 5.25286e-05 4.09454e-05 3.10371e-05 2.26972e-05 1.58552e-05 1.04504e-05 6.40179e-06 3.58047e-06 1.79239e-06 7.86641e-07 2.95585e-07 9.11472e-08 2.07120e-08 2.58091e-09 6.08420e-11
1.856171 2.19237e-03 5.92237e-03 9.40138e-03 1.28689e-02 1.51345e-02 1.60749e-02 1.62180e-02 1.61149e-02 1.60811e-02 1.62381e-02 1.66041e-02 1.71547e-02 1.78572e-02 1.86688e-02 1.95057e-02 2.02156e-02 2.05963e-02 2.04727e-02 1.97862e-02 1.86271e-02 1.71870e-02 1.56725e-02 1.42393e-02 1.29710e-02 1.18915e-02 1.09900e-02 1.02408e-02 9.61582e-03 9.09025e-03 8.64330e-03 8.25777e-03 7.91896e-03 7.61393e-03 7.33129e-03 7.06156e-03 6.79783e-03 6.53646e-03 6.27736e-03 6.02338e-03 5.77885e-03 5.54728e-03 5.32925e-03 5.12129e-03 4.91644e-03 4.70640e-03 4.48422e-03 4.24641e-03 3.99369e-03 3.73016e-03 3.46183e-03 3.19488e-03 2.93456e-03 2.68466e-03 2.44750e-03 2.22425e-03 2.01534e-03 1.82084e-03 1.64063e-03 1.47460e-03 1.32261e-03 1.18449e-03 1.05990e-03 9.48295e-04 8.48815e-04 7.60269e-04 6.81192e-04 6.09985e-04 5.45116e-04 4.85330e-04 4.29782e-04 3.78069e-04 3.30141e-04 2.86135e-04 2.46219e-04 2.10456e-04 1.78759e-04 1.50888e-04 1.26498e-04 1.05197e-04 8.66003e-05 7.03634e-05 5.62066e-05 4.39200e-05 3.33593e-05 2.44332e-05 1.70836e-05 1.12594e-05 6.88572e-06 3.83423e-06 1.90314e-06 8.23817e-07 3.03932e-07 9.19811e-08 2.06166e-08 2.55068e-09 5.99492e-11
1.906338 2.16775e-03 5.81535e-03 9.18414e-03 1.25912e-02 1.48751e-02 1.58822e-02 1.61104e-02 1.61019e-02 1.61749e-02 1.64513e-02 1.69454e-02 1.76297e-02 1.84683e-02 1.94044e-02 2.03181e-02 2.10068e-02 2.12361e-02 2.08499e-02 1.98599e-02 1.84401e-02 1.68348e-02 1.52573e-02 1.38378e-02 1.26252e-02 1.16163e-02 1.07843e-02 1.00966e-02 9.52401e-03 9.04263e-03 8.63332e-03 8.28049e-03 7.97065e-03 7.69158e-03 7.43199e-03 7.18168e-03 6.93228e-03 6.67800e-03 6.41648e-03 6.14903e-03 5.88021e-03 5.61622e-03 5.36270e-03 5.12241e-03 4.89388e-03 4.67182e-03 4.44906e-03 4.21924e-03 3.97898e-03 3.72868e-03 3.47189e-03 3.21379e-03 2.95972e-03 2.71398e-03 2.47950e-03 2.25787e-03 2.04971e-03 1.85514e-03 1.67406e-03 1.50638e-03 1.35209e-03 1.21116e-03 1.08349e-03 9.68780e-04 8.66404e-04 7.75373e-04 6.94347e-04 6.21759e-04 5.56019e-04 4.95747e-04 4.39950e-04 3.88088e-04 3.40012e-04 2.95803e-04 2.55605e-04 2.19476e-04 1.87328e-04 1.58923e-04 1.33919e-04 1.11931e-04 9.25850e-05 7.55570e-05 6.05917e-05 4.75069e-05 3.61859e-05 2.65628e-05 1.86007e-05 1.22651e-05 7.49190e-06 4.15541e-06 2.04555e-06 8.72889e-07 3.15552e-07 9.33912e-08 2.05760e-08 2.52346e-09 5.91295e-11
1.956505 2.14476e-03 5.71217e-03 8.96485e-03 1.23009e-02 1.46036e-02 1.56855e-02 1.60054e-02 1.60979e-02 1.62836e-02 1.66830e-02 1.73077e-02 1.81301e-02 1.91096e-02 2.01657e-02 2.11292e-02 2.17424e-02 2.17535e-02 2.10550e-02 1.97522e-02 1.81020e-02 1.63816e-02 1.47878e-02 1.34123e-02 1.22686e-02 1.13310e-02 1.05626e-02 9.92852e-03 9.40032e-03 8.95590e-03 8.57800e-03 8.25254e-03 7.96727e-03 7.71083e-03 7.47241e-03 7.24182e-03 7.00997e-03 6.76956e-03 6.51600e-03 6.24817e-03 5.96878e-03 5.68395e-03 5.40169e-03 5.12960e-03 4.87233e-03 4.63009e-03 4.39874e-03 4.17169e-03 3.94261e-03 3.70770e-03 3.46668e-03 3.22225e-03 2.97874e-03 2.74056e-03 2.51120e-03 2.29286e-03 2.08660e-03 1.89273e-03 1.71125e-03 1.54216e-03 1.38555e-03 1.24160e-03 1.11048e-03 9.92167e-04 8.86331e-04 7.92223e-04 7.08666e-04 6.34161e-04 5.67087e-04 5.05956e-04 4.49633e-04 3.97445e-04 3.49137e-04 3.04728e-04 2.64323e-04 2.27959e-04 1.95529e-04 1.66773e-04 1.41330e-04 1.18803e-04 9.88189e-05 8.10667e-05 6.53174e-05 5.14230e-05 3.93040e-05 2.89303e-05 2.02968e-05 1.33938e-05 8.17391e-06 4.51720e-06 2.20578e-06 9.27648e-07 3.28057e-07 9.46209e-08 2.04145e-08 2.47760e-09 5.78940e-11
2.006672 2.13297e-03 5.64625e-03 8.81121e-03 1.20950e-02 1.44225e-02 1.55844e-02 1.60041e-02 1.62050e-02 1.65099e-02 1.70393e-02 1.78031e-02 1.87729e-02 1.98971e-02 2.10568e-02 2.20181e-02 2.24709e-02 2.21750e-02 2.11100e-02 1.94931e-02 1.76515e-02 1.58661e-02 1.42949e-02 1.29835e-02 1.19131e-02 1.10426e-02 1.03304e-02 9.74231e-03 9.25182e-03 8.83878e-03 8.48749e-03 8.18508e-03 7.92028e-03 7.68256e-03 7.46182e-03 7.24837e-03 7.03320e-03 6.80851e-03 6.56833e-03 6.30935e-03 6.03171e-03 5.73944e-03 5.44007e-03 5.14324e-03 4.85816e-03 4.59105e-03 4.34330e-03 4.11142e-03 3.88887e-03 3.66880e-03 3.44656e-03 3.22087e-03 2.99343e-03 2.76764e-03 2.54714e-03 2.33475e-03 2.13219e-03 1.94022e-03 1.75909e-03 1.58893e-03 1.43000e-03 1.28271e-03 1.14753e-03 1.02481e-03 9.14571e-04 8.16386e-04 7.29317e-04 6.51985e-04 5.82772e-04 5.20095e-04 4.62674e-04 4.09681e-04 3.60747e-04 3.15816e-04 2.74951e-04 2.38163e-04 2.05316e-04 1.76117e-04 1.50169e-04 1.27042e-04 1.06348e-04 8.77797e-05 7.11285e-05 5.62828e-05 4.32077e-05 3.19197e-05 2.24564e-05 1.48439e-05 9.05943e-06 4.99375e-06 2.42157e-06 1.00434e-06 3.47142e-07 9.72216e-08 2.04362e-08 2.44686e-09 5.69933e-11
2.056839 2.11834e-03 5.57121e-03 8.64971e-03 1.18805e-02 1.42255e-02 1.54636e-02 1.59855e-02 1.62990e-02 1.67242e-02 1.73812e-02 1.82818e-02 1.93971e-02 2.06558e-02 2.18853e-02 2.27793e-02 2.29916e-02 2.23308e-02 2.08940e-02 1.90082e-02 1.70419e-02 1.52497e-02 1.37367e-02 1.25041e-02 1.15090e-02 1.07021e-02 1.00416e-02 9.49552e-03 9.03960e-03 8.65541e-03 8.32850e-03 8.04691e-03 7.80014e-03 7.57839e-03 7.37232e-03 7.17306e-03 6.97234e-03 6.76274e-03 6.53803e-03 6.29369e-03 6.02772e-03 5.74138e-03 5.43978e-03 5.13154e-03 4.82740e-03 4.53779e-03 4.27001e-03 4.02623e-03 3.80326e-03 3.59419e-03 3.39128e-03 3.18866e-03 2.98378e-03 2.77727e-03 2.57170e-03 2.37008e-03 2.17486e-03 1.98753e-03 1.80883e-03 1.63918e-03 1.47904e-03 1.32905e-03 1.19003e-03 1.06274e-03 9.47665e-04 8.44812e-04 7.53576e-04 6.72789e-04 6.00892e-04 5.36233e-04 4.77381e-04 4.23337e-04 3.73587e-04 3.27986e-04 2.86552e-04 2.49270e-04 2.15976e-04 1.86338e-04 1.59910e-04 1.36216e-04 1.14832e-04 9.54395e-05 7.78432e-05 6.19669e-05 4.78262e-05 3.54944e-05 2.50651e-05 1.66128e-05 1.01508e-05 5.58779e-06 2.69430e-06 1.10303e-06 3.72355e-07 1.00848e-07 2.05214e-08 2.41399e-09 5.60222e-11
2.107005 2.10716e-03 5.49702e-03 8.48064e-03 1.16568e-02 1.40189e-02 1.53348e-02 1.59640e-02 1.63941e-02 1.69406e-02 1.77252e-02 1.87636e-02 2.00236e-02 2.14039e-02 2.26658e-02 2.34336e-02 2.33520e-02 2.23134e-02 2.05435e-02 1.84577e-02 1.64316e-02 1.46732e-02 1.32330e-02 1.20771e-02 1.11484e-02 1.03952e-02 9.77811e-03 9.26769e-03 8.84171e-03 8.48293e-03 8.17765e-03 7.91444e-03 7.68320e-03 7.47460e-03 7.27991e-03 7.09102e-03 6.90060e-03 6.70213e-03 6.48999e-03 6.25961e-03 6.00793e-03 5.73409e-03 5.44029e-03 5.13232e-03 4.81943e-03 4.51309e-03 4.22451e-03 3.96184e-03 3.72780e-03 3.51920e-03 3.32846e-03 3.14656e-03 2.96615e-03 2.78328e-03 2.59754e-03 2.41089e-03 2.22602e-03 2.04527e-03 1.87021e-03 1.70178e-03 1.54074e-03 1.38800e-03 1.24471e-03 1.11208e-03 9.91142e-04 8.82436e-04 7.85820e-04 7.00428e-04 6.24828e-04 5.57322e-04 4.96320e-04 4.40626e-04 3.89555e-04 3.42850e-04 3.00474e-04 2.62390e-04 2.28409e-04 1.98159e-04 1.71132e-04 1.46787e-04 1.24643e-04 1.04349e-04 8.57104e-05 6.86789e-05 5.33233e-05 3.97825e-05 2.82183e-05 1.87672e-05 1.14905e-05 6.32360e-06 3.03590e-06 1.22853e-06 4.05152e-07 1.05783e-07 2.06957e-08 2.37942e-09 5.49804e-11
2.157172 2.10332e-03 5.45104e-03 8.35944e-03 1.14975e-02 1.38892e-02 1.52884e-02 1.60291e-02 1.65804e-02 1.72519e-02 1.81682e-02 1.93494e-02 2.07540e-02 2.22347e-02 2.34724e-02 2.40291e-02 2.35763e-02 2.21301e-02 2.00530e-02 1.78221e-02 1.57870e-02 1.40921e-02 1.27348e-02 1.16546e-02 1.07873e-02 1.00829e-02 9.50542e-03 9.02805e-03 8.63018e-03 8.29542e-03 8.01049e-03 7.76422e-03 7.54669e-03 7.34885e-03 7.16238e-03 6.97993e-03 6.79512e-03 6.60262e-03 6.39800e-03 6.17762e-03 5.93872e-03 5.67966e-03 5.40064e-03 5.10439e-03 4.79690e-03 4.48740e-03 4.18737e-03 3.90822e-03 3.65837e-03 3.44076e-03 3.25201e-03 3.08374e-03 2.92571e-03 2.76909e-03 2.60870e-03 2.44326e-03 2.27433e-03 2.10453e-03 1.93633e-03 1.77154e-03 1.61146e-03 1.45732e-03 1.31054e-03 1.17277e-03 1.04561e-03 9.30273e-04 8.27246e-04 7.36153e-04 6.55828e-04 5.84614e-04 5.20778e-04 4.62893e-04 4.10048e-04 3.61830e-04 3.18125e-04 2.78872e-04 2.43873e-04 2.12728e-04 1.84874e-04 1.59694e-04 1.36634e-04 1.15285e-04 9.54326e-05 7.70456e-05 6.02431e-05 4.52377e-05 3.22747e-05 2.15718e-05 1.32573e-05 7.30875e-06 3.50204e-06 1.40443e-06 4.53244e-07 1.13833e-07 2.12406e-08 2.36836e-09 5.43830e-11
2.207339 2.09879e-03 5.40529e-03 8.23954e-03 1.13376e-02 1.37610e-02 1.52481e-02 1.61048e-02 1.67824e-02 1.75839e-02 1.86361e-02 1.99623e-02 2.15018e-02 2.30449e-02 2.41849e-02 2.44443e-02 2.35677e-02 2.17239e-02 1.93992e-02 1.70928e-02 1.50987e-02 1.34910e-02 1.22225e-02 1.12162e-02 1.04071e-02 9.74920e-03 9.21033e-03 8.76607e-03 8.39696e-03 8.08709e-03 7.82333e-03 7.59448e-03 7.39064e-03 7.20283e-03 7.02309e-03 6.84462e-03 6.66198e-03 6.47100e-03 6.26864e-03 6.05270e-03 5.82157e-03 5.57423e-03 5.31031e-03 5.03069e-03 4.73825e-03 4.43866e-03 4.14059e-03 3.85492e-03 3.59265e-03 3.36193e-03 3.16550e-03 2.99959e-03 2.85514e-03 2.72088e-03 2.58694e-03 2.44721e-03 2.29994e-03 2.14651e-03 1.98967e-03 1.83213e-03 1.67601e-03 1.52306e-03 1.37499e-03 1.23376e-03 1.10147e-03 9.80008e-04 8.70614e-04 7.73575e-04 6.88175e-04 6.12935e-04 5.46049e-04 4.85868e-04 4.31221e-04 3.81490e-04 3.36450e-04 2.96005e-04 2.59957e-04 2.27894e-04 1.99214e-04 1.73229e-04 1.49301e-04 1.26952e-04 1.05924e-04 8.61872e-05 6.79012e-05 5.13523e-05 3.68782e-05 2.47932e-05 1.53108e-05 8.46763e-06 4.05745e-06 1.61703e-06 5.12312e-07 1.23886e-07 2.19261e-08 2.35250e-09 5.35639e-11
2.257506 2.09767e-03 5.37019e-03 8.13731e-03 1.11983e-02 1.36577e-02 1.52441e-02 1.62276e-02 1.70379e-02 1.79737e-02 1.91664e-02 2.06387e-02 2.22980e-02 2.38565e-02 2.48218e-02 2.47108e-02 2.33851e-02 2.11796e-02 1.86752e-02 1.63538e-02 1.44342e-02 1.29238e-02 1.17422e-02 1.08046e-02 1.00493e-02 9.43541e-03 8.93406e-03 8.52283e-03 8.18297e-03 7.89873e-03 7.65681e-03 7.44579e-03 7.25557e-03 7.07717e-03 6.90281e-03 6.72621e-03 6.54269e-03 6.34917e-03 6.14391e-03 5.92620e-03 5.69603e-03 5.45370e-03 5.19960e-03 4.93426e-03 4.65884e-03 4.37596e-03 4.09054e-03 3.81021e-03 3.54470e-03 3.30395e-03 3.09538e-03 2.92121e-03 2.77734e-03 2.65429e-03 2.54030e-03 2.42494e-03 2.30174e-03 2.16874e-03 2.02741e-03 1.88066e-03 1.73148e-03 1.58231e-03 1.43531e-03 1.29269e-03 1.15689e-03 1.03036e-03 9.15098e-04 8.12171e-04 7.21503e-04 6.41972e-04 5.71827e-04 5.09246e-04 4.52787e-04 4.01583e-04 3.55254e-04 3.13643e-04 2.76545e-04 2.43551e-04 2.14035e-04 1.87252e-04 1.62484e-04 1.39176e-04 1.17015e-04 9.59512e-05 7.61731e-05 5.80334e-05 4.19658e-05 2.83928e-05 1.76302e-05 9.79038e-06 4.69829e-06 1.86512e-06 5.81995e-07 1.35809e-07 2.27062e-08 2.32440e-09 5.23378e-11
2.307673 2.09723e-03 5.34186e-03 8.05535e-03 1.10914e-02 1.35907e-02 1.52778e-02 1.63928e-02 1.73403e-02 1.84137e-02 1.97495e-02 2.13632e-02 2.31133e-02 2.46189e-02 2.53150e-02 2.47594e-02 2.29747e-02 2.04598e-02 1.78492e-02 1.55696e-02 1.37531e-02 1.23488e-02 1.12543e-02 1.03844e-02 9.68280e-03 9.11376e-03 8.65160e-03 8.27528e-03 7.96649e-03 7.70931e-03 7.49012e-03 7.29718e-03 7.12018e-03 6.95013e-03 6.77956e-03 6.60273e-03 6.41579e-03 6.21665e-03 6.00480e-03 5.78098e-03 5.54677e-03 5.30412e-03 5.05485e-03 4.80033e-03 4.54148e-03 4.27924e-03 4.01532e-03 3.75318e-03 3.49859e-03 3.25935e-03 3.04381e-03 2.85842e-03 2.70515e-03 2.58009e-03 2.47415e-03 2.37583e-03 2.27478e-03 2.16446e-03 2.04290e-03 1.91156e-03 1.77348e-03 1.63179e-03 1.48924e-03 1.34833e-03 1.21169e-03 1.08210e-03 9.62204e-04 8.53893e-04 7.57931e-04 6.73818e-04 6.00087e-04 5.34873e-04 4.76491e-04 4.23784e-04 3.76154e-04 3.33335e-04 2.95102e-04 2.61058e-04 2.30574e-04 2.02872e-04 1.77170e-04 1.52832e-04 1.29477e-04 1.07018e-04 8.56508e-05 6.57834e-05 4.79459e-05 3.26823e-05 2.04333e-05 1.14128e-05 5.49696e-06 2.18005e-06 6.72594e-07 1.51945e-07 2.39151e-08 2.31026e-09 5.12031e-11
2.357839 2.09065e-03 5.29450e-03 7.94162e-03 1.09389e-02 1.34675e-02 1.52514e-02 1.64966e-02 1.75795e-02 1.87860e-02 2.02556e-02 2.19889e-02 2.37837e-02 2.51675e-02 2.55346e-02 2.45303e-02 2.23520e-02 1.96280e-02 1.69973e-02 1.48079e-02 1.31115e-02 1.18141e-02 1.08035e-02 9.99837e-03 9.34898e-03 8.82433e-03 8.40156e-03 8.06084e-03 7.78404e-03 7.55488e-03 7.35921e-03 7.18481e-03 7.02114e-03 6.85923e-03 6.69191e-03 6.51401e-03 6.32241e-03 6.11593e-03 5.89511e-03 5.66196e-03 5.41954e-03 5.17144e-03 4.92116e-03 4.67153e-03 4.42432e-03 4.18021e-03 3.93913e-03 3.70110e-03 3.46733e-03 3.24116e-03 3.02822e-03 2.83538e-03 2.66858e-03 2.53020e-03 2.41731e-03 2.32192e-03 2.23334e-03 2.14159e-03 2.04017e-03 1.92698e-03 1.80336e-03 1.67231e-03 1.53708e-03 1.40061e-03 1.26572e-03 1.13533e-03 1.01245e-03 8.99657e-04 7.98613e-04 7.09645e-04 6.31841e-04 5.63510e-04 5.02838e-04 4.48395e-04 3.99317e-04 3.55177e-04 3.15689e-04 2.80453e-04 2.48848e-04 2.20077e-04 1.93307e-04 1.67832e-04 1.43200e-04 1.19274e-04 9.62345e-05 7.45281e-05 5.47728e-05 3.76401e-05 2.37145e-05 1.33367e-05 6.45691e-06 2.56417e-06 7.84974e-07 1.72415e-07 2.55254e-08 2.30159e-09 4.99254e-11
2.408006 2.08412e-03 5.24868e-03 7.83213e-03 1.07944e-02 1.33522e-02 1.52306e-02 1.66055e-02 1.78230e-02 1.91603e-02 2.07563e-02 2.25866e-02 2.43773e-02 2.55725e-02 2.55631e-02 2.41198e-02 2.16145e-02 1.87645e-02 1.61742e-02 1.41023e-02 1.25307e-02 1.13367e-02 1.04053e-02 9.66163e-03 9.06253e-03 8.58130e-03 8.19749e-03 7.89232e-03 7.64762e-03 7.44650e-03 7.27410e-03 7.11765e-03 6.96638e-03 6.81141e-03 6.64595e-03 6.46546e-03 6.26754e-03 6.05185e-03 5.81994e-03 5.57493e-03 5.32124e-03 5.06395e-03 4.80813e-03 4.55819e-03 4.31717e-03 4.08633e-03 3.86514e-03 3.65167e-03 3.44362e-03 3.23970e-03 3.04091e-03 2.85105e-03 2.67602e-03 2.52175e-03 2.39156e-03 2.28406e-03 2.19288e-03 2.10858e-03 2.02179e-03 1.92605e-03 1.81899e-03 1.70166e-03 1.57685e-03 1.44780e-03 1.31759e-03 1.18922e-03 1.06578e-03 9.50267e-04 8.45054e-04 7.51391e-04 6.69164e-04 5.97154e-04 5.33635e-04 4.77007e-04 4.26152e-04 3.80440e-04 3.39479e-04 3.02839e-04 2.69892e-04 2.39827e-04 2.11772e-04 1.84962e-04 1.58876e-04 1.33319e-04 1.08443e-04 8.47091e-05 6.28113e-05 4.35518e-05 2.76795e-05 1.56940e-05 7.65030e-06 3.04933e-06 9.29647e-07 1.99523e-07 2.78223e-08 2.31482e-09 4.87550e-11
2.458173 2.07876e-03 5.21090e-03 7.74170e-03 1.06812e-02 1.32787e-02 1.52549e-02 1.67598e-02 1.81132e-02 1.95821e-02 2.12986e-02 2.32008e-02 2.49332e-02 2.58685e-02 2.54336e-02 2.35589e-02 2.07829e-02 1.78724e-02 1.53663e-02 1.34294e-02 1.19844e-02 1.08905e-02 1.00355e-02 9.35205e-03 8.80296e-03 8.36541e-03 8.02108e-03 7.75192e-03 7.53946e-03 7.36599e-03 7.21579e-03 7.07559e-03 6.93453e-03 6.78405e-03 6.61796e-03 6.43245e-03 6.22598e-03 5.99912e-03 5.75443e-03 5.49619e-03 5.23005e-03 4.96237e-03 4.69950e-03 4.44702e-03 4.20898e-03 3.98738e-03 3.78179e-03 3.58959e-03 3.40663e-03 3.22852e-03 3.05213e-03 2.87692e-03 2.70560e-03 2.54352e-03 2.39683e-03 2.26985e-03 2.16281e-03 2.07120e-03 1.98708e-03 1.90195e-03 1.80958e-03 1.70734e-03 1.59584e-03 1.47756e-03 1.35554e-03 1.23286e-03 1.11253e-03 9.97597e-04 8.90811e-04 7.94146e-04 7.08349e-04 6.32912e-04 5.66486e-04 5.07518e-04 4.54752e-04 4.07387e-04 3.64914e-04 3.26846e-04 2.92529e-04 2.61123e-04 2.31717e-04 2.03497e-04 1.75887e-04 1.48641e-04 1.21869e-04 9.60290e-05 7.18680e-05 5.03103e-05 3.22821e-05 1.84729e-05 9.07941e-06 3.63985e-06 1.10892e-06 2.33896e-07 3.08746e-08 2.34980e-09 4.76013e-11
2.508340 2.06930e-03 5.16480e-03 7.63876e-03 1.05476e-02 1.31835e-02 1.52620e-02 1.69003e-02 1.83910e-02 1.99893e-02 2.18124e-02 2.37492e-02 2.53617e-02 2.59785e-02 2.51052e-02 2.28487e-02 1.98838e-02 1.69827e-02 1.45980e-02 1.28065e-02 1.14866e-02 1.04888e-02 9.70737e-03 9.08249e-03 8.58257e-03 8.18827e-03 7.88327e-03 7.65009e-03 7.46971e-03 7.32333e-03 7.19426e-03 7.06876e-03 6.93603e-03 6.78798e-03 6.61915e-03 6.42656e-03 6.20959e-03 5.96983e-03 5.71101e-03 5.43868e-03 5.15967e-03 4.88142e-03 4.61115e-03 4.35508e-03 4.11778e-03 3.90157e-03 3.70624e-03 3.52906e-03 3.36534e-03 3.20937e-03 3.05562e-03 2.90021e-03 2.74202e-03 2.58325e-03 2.42895e-03 2.28543e-03 2.15780e-03 2.04769e-03 1.95228e-03 1.86520e-03 1.77905e-03 1.68797e-03 1.58923e-03 1.48303e-03 1.37145e-03 1.25723e-03 1.14325e-03 1.03239e-03 9.27396e-04 8.30581e-04 7.43315e-04 6.65785e-04 5.97180e-04 5.36213e-04 4.81684e-04 4.32756e-04 3.88876e-04 3.49524e-04 3.14007e-04 2.81434e-04 2.50831e-04 2.21332e-04 1.92320e-04 1.63515e-04 1.34998e-04 1.07213e-04 8.09293e-05 5.71681e-05 3.70205e-05 2.13747e-05 1.05921e-05 4.27300e-06 1.30341e-06 2.71506e-07 3.41872e-08 2.37398e-09 4.58606e-11
2.558506 2.06043e-03 5.12587e-03 7.55740e-03 1.04479e-02 1.31266e-02 1.53118e-02 1.70891e-02 1.87203e-02 2.04456e-02 2.23592e-02 2.42882e-02 2.57130e-02 2.59490e-02 2.46224e-02 2.20265e-02 1.89410e-02 1.61043e-02 1.38680e-02 1.22285e-02 1.10316e-02 1.01266e-02 9.41623e-03 8.84830e-03 8.39637e-03 8.04434e-03 7.77769e-03 7.57929e-03 7.42927e-03 7.30755e-03 7.19651e-03 7.08215e-03 6.95401e-03 6.80473e-03 6.62971e-03 6.42700e-03 6.19709e-03 5.94292e-03 5.66961e-03 5.38403e-03 5.09408e-03 4.80782e-03 4.53272e-03 4.27503e-03 4.03916e-03 3.82731e-03 3.63920e-03 3.47219e-03 3.32171e-03 3.18195e-03 3.04676e-03 2.91068e-03 2.76995e-03 2.62344e-03 2.47306e-03 2.32353e-03 2.18099e-03 2.05099e-03 1.93625e-03 1.83554e-03 1.74415e-03 1.65594e-03 1.56567e-03 1.47053e-03 1.37032e-03 1.26654e-03 1.16146e-03 1.05760e-03 9.57477e-04 8.63371e-04 7.76980e-04 6.99038e-04 6.29282e-04 5.66812e-04 5.10632e-04 4.60017e-04 4.14510e-04 3.73665e-04 3.36812e-04 3.03006e-04 2.71181e-04 2.40377e-04 2.09919e-04 1.79499e-04 1.49180e-04 1.19389e-04 9.09053e-05 6.48218e-05 4.23895e-05 2.47149e-05 1.23611e-05 5.02552e-06 1.53861e-06 3.18013e-07 3.84848e-08 2.43305e-09 4.42972e-11
2.608673 2.04481e-03 5.07012e-03 7.45432e-03 1.03214e-02 1.30352e-02 1.53159e-02 1.72210e-02 1.89813e-02 2.08156e-02 2.27851e-02 2.46513e-02 2.58309e-02 2.56656e-02 2.39293e-02 2.10827e-02 1.79627e-02 1.52423e-02 1.31726e-02 1.16855e-02 1.06076e-02 9.79221e-03 9.15098e-03 8.63879e-03 8.23368e-03 7.92262e-03 7.69281e-03 7.52737e-03 7.40545e-03 7.30561e-03 7.20941e-03 7.10287e-03 6.97607e-03 6.82252e-03 6.63866e-03 6.42373e-03 6.17971e-03 5.91120e-03 5.62493e-03 5.32898e-03 5.03189e-03 4.74178e-03 4.46583e-03 4.20975e-03 3.97732e-03 3.77013e-03 3.58746e-03 3.42658e-03 3.28324e-03 3.15222e-03 3.02795e-03 2.90512e-03 2.77923e-03 2.64724e-03 2.50822e-03 2.36379e-03 2.21795e-03 2.07630e-03 1.94430e-03 1.82541e-03 1.71981e-03 1.62443e-03 1.53449e-03 1.44547e-03 1.35461e-03 1.26124e-03 1.16624e-03 1.07130e-03 9.78428e-04 8.89621e-04 8.06580e-04 7.30335e-04 6.61044e-04 5.98162e-04 5.40926e-04 4.88790e-04 4.41520e-04 3.98918e-04 3.60489e-04 3.25321e-04 2.92251e-04 2.60173e-04 2.28299e-04 1.96273e-04 1.64147e-04 1.32340e-04 1.01633e-04 7.31668e-05 4.83361e-05 2.84759e-05 1.43862e-05 5.90098e-06 1.81672e-06 3.74018e-07 4.38197e-08 2.52394e-09 4.27586e-11
2.658840 2.02483e-03 5.00298e-03 7.33308e-03 1.01670e-02 1.29050e-02 1.52725e-02 1.72971e-02 1.91755e-02 2.10993e-02 2.30898e-02 2.48463e-02 2.57485e-02 2.52002e-02 2.31292e-02 2.01269e-02 1.70424e-02 1.44676e-02 1.25653e-02 1.12211e-02 1.02527e-02 9.52033e-03 8.94375e-03 8.48373e-03 8.12226e-03 7.84921e-03 7.65356e-03 7.51862e-03 7.42233e-03 7.34177e-03 7.25768e-03 7.15614e-03 7.02789e-03 6.86730e-03 6.67202e-03 6.44285e-03 6.18376e-03 5.90141e-03 5.60423e-03 5.30127e-03 5.00126e-03 4.71196e-03 4.43978e-03 4.18927e-03 3.96277e-03 3.76042e-03 3.58047e-03 3.41994e-03 3.27518e-03 3.14227e-03 3.01726e-03 2.89625e-03 2.77561e-03 2.65216e-03 2.52361e-03 2.38906e-03 2.24946e-03 2.10777e-03 1.96855e-03 1.83676e-03 1.71614e-03 1.60787e-03 1.51031e-03 1.41995e-03 1.33306e-03 1.24705e-03 1.16092e-03 1.07498e-03 9.90331e-04 9.08414e-04 8.30635e-04 7.58037e-04 6.90996e-04 6.29202e-04 5.72020e-04 5.19006e-04 4.70141e-04 4.25598e-04 3.85269e-04 3.48466e-04 3.14014e-04 2.80643e-04 2.47381e-04 2.13764e-04 1.79822e-04 1.45980e-04 1.13023e-04 8.21265e-05 5.48073e-05 3.26289e-05 1.66556e-05 6.89638e-06 2.13744e-06 4.39561e-07 5.01933e-08 2.64379e-09 4.11403e-11
2.709007 2.00814e-03 4.94883e-03 7.23946e-03 1.00580e-02 1.28316e-02 1.52886e-02 1.74337e-02 1.94288e-02 2.14317e-02 2.34166e-02 2.50223e-02 2.56120e-02 2.46782e-02 2.23081e-02 1.91998e-02 1.61862e-02 1.37694e-02 1.20317e-02 1.08224e-02 9.95608e-03 9.30102e-03 8.78485e-03 8.37350e-03 8.05255e-03 7.81459e-03 7.65009e-03 7.54220e-03 7.46738e-03 7.40121e-03 7.32384e-03 7.22167e-03 7.08629e-03 6.91327e-03 6.70200e-03 6.45567e-03 6.18102e-03 5.88721e-03 5.58430e-03 5.28186e-03 4.98820e-03 4.70980e-03 4.45085e-03 4.21295e-03 3.99540e-03 3.79616e-03 3.61285e-03 3.44344e-03 3.28628e-03 3.13988e-03 3.00264e-03 2.87260e-03 2.74747e-03 2.62473e-03 2.50183e-03 2.37658e-03 2.24761e-03 2.11499e-03 1.98050e-03 1.84760e-03 1.72051e-03 1.60283e-03 1.49632e-03 1.40033e-03 1.31244e-03 1.22971e-03 1.14983e-03 1.07167e-03 9.95121e-04 9.20760e-04 8.49440e-04 7.81955e-04 7.18703e-04 6.59500e-04 6.03757e-04 5.50968e-04 5.01143e-04 4.54761e-04 4.12241e-04 3.73383e-04 3.37228e-04 3.02413e-04 2.67731e-04 2.32522e-04 1.96734e-04 1.60792e-04 1.25494e-04 9.20450e-05 6.20689e-05 3.73605e-05 1.92823e-05 8.06662e-06 2.52045e-06 5.19225e-07 5.81739e-08 2.82162e-09 3.98195e-11
2.759174 1.99046e-03 4.89399e-03 7.14715e-03 9.95260e-03 1.27663e-02 1.53130e-02 1.75734e-02 1.96767e-02 2.17408e-02 2.36865e-02 2.51008e-02 2.53564e-02 2.40581e-02 2.14454e-02 1.82905e-02 1.53843e-02 1.31361e-02 1.15589e-02 1.04767e-02 9.70556e-03 9.12269e-03 8.66301e-03 8.29714e-03 8.01398e-03 7.80864e-03 7.67287e-03 7.58924e-03 7.53251e-03 7.47671e-03 7.40161e-03 7.29414e-03 7.14694e-03 6.95737e-03 6.72754e-03 6.46426e-03 6.17795e-03 5.88050e-03 5.58316e-03 5.29500e-03 5.02203e-03 4.76660e-03 4.52754e-03 4.30146e-03 4.08487e-03 3.87585e-03 3.67454e-03 3.48239e-03 3.30119e-03 3.13217e-03 2.97560e-03 2.83074e-03 2.69595e-03 2.56900e-03 2.44723e-03 2.32784e-03 2.20828e-03 2.08673e-03 1.96268e-03 1.83731e-03 1.71336e-03 1.59446e-03 1.48387e-03 1.38335e-03 1.29272e-03 1.21023e-03 1.13361e-03 1.06096e-03 9.91194e-04 9.23978e-04 8.59456e-04 7.97948e-04 7.39642e-04 6.84343e-04 6.31462e-04 5.80352e-04 5.30833e-04 4.83423e-04 4.38970e-04 3.97919e-04 3.59812e-04 3.23424e-04 2.87371e-04 2.50725e-04 2.13271e-04 1.75394e-04 1.37906e-04 1.02033e-04 6.94854e-05 4.22691e-05 2.20509e-05 9.31932e-06 2.93652e-06 6.07040e-07 6.71348e-08 3.03416e-09 3.85850e-11
2.809340 1.96923e-03 4.83505e-03 7.05505e-03 9.84759e-03 1.27002e-02 1.53377e-02 1.77111e-02 1.99117e-02 2.20138e-02 2.38832e-02 2.50674e-02 2.49755e-02 2.33409e-02 2.05416e-02 1.73922e-02 1.46219e-02 1.25489e-02 1.11278e-02 1.01661e-02 9.48464e-03 8.96995e-03 8.56370e-03 8.24081e-03 7.99325e-03 7.81844e-03 7.70899e-03 7.64650e-03 7.60374e-03 7.55337e-03 7.47506e-03 7.35662e-03 7.19244e-03 6.98293e-03 6.73472e-03 6.45985e-03 6.17306e-03 5.88834e-03 5.61596e-03 5.36066e-03 5.12105e-03 4.89082e-03 4.66214e-03 4.42958e-03 4.19238e-03 3.95403e-03 3.72019e-03 3.49650e-03 3.28724e-03 3.09489e-03 2.92014e-03 2.76228e-03 2.61949e-03 2.48921e-03 2.36837e-03 2.25369e-03 2.14195e-03 2.03039e-03 1.91725e-03 1.80219e-03 1.68645e-03 1.57263e-03 1.46390e-03 1.36302e-03 1.27138e-03 1.18880e-03 1.11387e-03 1.04483e-03 9.80208e-04 9.19058e-04 8.60901e-04 8.05512e-04 7.52701e-04 7.02097e-04 6.53055e-04 6.04812e-04 5.56928e-04 5.09699e-04 4.64093e-04 4.21101e-04 3.80955e-04 3.42861e-04 3.05450e-04 2.67552e-04 2.28702e-04 1.89172e-04 1.49759e-04 1.11704e-04 7.67814e-05 4.71803e-05 2.48681e-05 1.06146e-05 3.37310e-06 7.00447e-07 7.68050e-08 3.27118e-09 3.73513e-11
2.859507 1.94658e-03 4.77543e-03 6.97113e-03 9.76179e-03 1.26567e-02 1.53814e-02 1.78614e-02 2.01464e-02 2.22610e-02 2.40168e-02 2.49373e-02 2.44917e-02 2.25522e-02 1.96169e-02 1.65148e-02 1.38997e-02 1.20029e-02 1.07315e-02 9.88291e-03 9.28561e-03 8.83516e-03 8.47949e-03 8.19731e-03 7.98337e-03 7.83691e-03 7.75081e-03 7.70511e-03 7.67054e-03 7.61875e-03 7.52994e-03 7.39374e-03 7.20792e-03 6.97836e-03 6.71865e-03 6.44712e-03 6.18162e-03 5.93411e-03 5.70720e-03 5.49369e-03 5.28000e-03 5.05266e-03 4.80465e-03 4.53765e-03 4.25982e-03 3.98172e-03 3.71295e-03 3.46060e-03 3.22900e-03 3.02010e-03 2.83399e-03 2.66934e-03 2.52377e-03 2.39415e-03 2.27687e-03 2.16810e-03 2.06411e-03 1.96167e-03 1.85845e-03 1.75340e-03 1.64689e-03 1.54063e-03 1.43724e-03 1.33946e-03 1.24937e-03 1.16781e-03 1.09438e-03 1.02791e-03 9.67051e-04 9.10667e-04 8.57923e-04 8.08172e-04 7.60809e-04 7.15154e-04 6.70390e-04 6.25649e-04 5.80290e-04 5.34304e-04 4.88490e-04 4.44082e-04 4.01952e-04 3.61962e-04 3.23040e-04 2.83901e-04 2.43800e-04 2.02807e-04 1.61642e-04 1.21540e-04 8.43201e-05 5.23417e-05 2.78798e-05 1.20219e-05 3.85474e-06 8.05026e-07 8.78365e-08 3.56017e-09 3.63905e-11
2.909674 1.91808e-03 4.70070e-03 6.86187e-03 9.63601e-03 1.25587e-02 1.53539e-02 1.79191e-02 2.02623e-02 2.23575e-02 2.39709e-02 2.46246e-02 2.38672e-02 2.17000e-02 1.87053e-02 1.56961e-02 1.32475e-02 1.15189e-02 1.03846e-02 9.63935e-03 9.11985e-03 8.72969e-03 8.42183e-03 8.17801e-03 7.99516e-03 7.87400e-03 7.80739e-03 7.77389e-03 7.74241e-03 7.68407e-03 7.58033e-03 7.42415e-03 7.21930e-03 6.98006e-03 6.72843e-03 6.48713e-03 6.27079e-03 6.07973e-03 5.89958e-03 5.70782e-03 5.48464e-03 5.22173e-03 4.92419e-03 4.60578e-03 4.28238e-03 3.96750e-03 3.67065e-03 3.39766e-03 3.15144e-03 2.93281e-03 2.74105e-03 2.57421e-03 2.42939e-03 2.30296e-03 2.19079e-03 2.08855e-03 1.99206e-03 1.89772e-03 1.80290e-03 1.70625e-03 1.60777e-03 1.50873e-03 1.41124e-03 1.31778e-03 1.23052e-03 1.15079e-03 1.07887e-03 1.01421e-03 9.55824e-04 9.02715e-04 8.53979e-04 8.08764e-04 7.66163e-04 7.25152e-04 6.84624e-04 6.43509e-04 6.01004e-04 5.56869e-04 5.11639e-04 4.66503e-04 4.22702e-04 3.80752e-04 3.40112e-04 2.99617e-04 2.58317e-04 2.16017e-04 1.73287e-04 1.31308e-04 9.19191e-05 5.76264e-05 3.10114e-05 1.35066e-05 4.36948e-06 9.18135e-07 9.99268e-08 3.88866e-09 3.55998e-11
2.959841 1.89176e-03 4.63288e-03 6.76742e-03 9.53366e-03 1.24851e-02 1.53474e-02 1.79912e-02 2.03786e-02 2.24332e-02 2.38840e-02 2.42685e-02 2.32258e-02 2.08764e-02 1.78626e-02 1.49648e-02 1.26806e-02 1.11085e-02 1.00988e-02 9.44735e-03 8.99911e-03 8.66478e-03 8.40143e-03 8.19319e-03 8.03858e-03 7.93915e-03 7.88733e-03 7.86010e-03 7.82501e-03 7.75369e-03 7.63083e-03 7.45590e-03 7.24238e-03 7.01502e-03 6.80162e-03 6.62047e-03 6.47015e-03 6.32862e-03 6.16351e-03 5.94799e-03 5.67251e-03 5.34600e-03 4.98827e-03 4.62076e-03 4.26084e-03 3.92024e-03 3.60586e-03 3.32122e-03 3.06761e-03 2.84483e-03 2.65153e-03 2.48543e-03 2.34337e-03 2.22143e-03 2.11512e-03 2.01970e-03 1.93059e-03 1.84385e-03 1.75663e-03 1.66740e-03 1.57601e-03 1.48348e-03 1.39167e-03 1.30278e-03 1.21887e-03 1.14143e-03 1.07113e-03 1.00786e-03 9.51050e-04 8.99977e-04 8.53872e-04 8.11896e-04 7.73018e-04 7.35969e-04 6.99319e-04 6.61689e-04 6.22034e-04 5.79917e-04 5.35664e-04 4.90304e-04 4.45177e-04 4.01263e-04 3.58624e-04 3.16448e-04 2.73739e-04 2.30052e-04 1.85735e-04 1.41851e-04 1.00220e-04 6.34768e-05 3.45262e-05 1.51951e-05 4.96221e-06 1.04998e-06 1.14254e-07 4.30299e-09 3.53576e-11
3.010008 1.86727e-03 4.57272e-03 6.68954e-03 9.46157e-03 1.24557e-02 1.53883e-02 1.81046e-02 2.05232e-02 2.25170e-02 2.37855e-02 2.38954e-02 2.25842e-02 2.00825e-02 1.70744e-02 1.42976e-02 1.21744e-02 1.07497e-02 9.85572e-03 9.29097e-03 8.90897e-03 8.62688e-03 8.40534e-03 8.23030e-03 8.10126e-03 8.01981e-03 7.97728e-03 7.94904e-03 7.90249e-03 7.81236e-03 7.67059e-03 7.48772e-03 7.28960e-03 7.10810e-03 6.96534e-03 6.85889e-03 6.75947e-03 6.62465e-03 6.42031e-03 6.13552e-03 5.78300e-03 5.38867e-03 4.97967e-03 4.57731e-03 4.19541e-03 3.84167e-03 3.51977e-03 3.23106e-03 2.97557e-03 2.75251e-03 2.56037e-03 2.39685e-03 2.25879e-03 2.14215e-03 2.04219e-03 1.95384e-03 1.87217e-03 1.79297e-03 1.71316e-03 1.63107e-03 1.54646e-03 1.46022e-03 1.37404e-03 1.28991e-03 1.20977e-03 1.13509e-03 1.06671e-03 1.00483e-03 9.49212e-04 8.99423e-04 8.54935e-04 8.15060e-04 7.78818e-04 7.44853e-04 7.11514e-04 6.77101e-04 6.40245e-04 6.00250e-04 5.57262e-04 5.12170e-04 4.66285e-04 4.20807e-04 3.76274e-04 3.32342e-04 2.88180e-04 2.43198e-04 1.97502e-04 1.51969e-04 1.08332e-04 6.93053e-05 3.80925e-05 1.69363e-05 5.58195e-06 1.18948e-06 1.29600e-07 4.76049e-09 3.54366e-11
3.060174 1.84074e-03 4.51050e-03 6.61125e-03 9.38608e-03 1.24208e-02 1.54211e-02 1.81992e-02 2.06302e-02 2.25420e-02 2.36151e-02 2.34593e-02 2.19132e-02 1.93019e-02 1.63310e-02 1.36863e-02 1.17198e-02 1.04328e-02 9.64508e-03 9.16031e-03 8.84023e-03 8.60771e-03 8.42618e-03 8.28263e-03 8.17661e-03 8.10899e-03 8.06980e-03 8.03383e-03 7.97111e-03 7.86403e-03 7.71682e-03 7.55392e-03 7.40928e-03 7.30807e-03 7.24779e-03 7.19325e-03 7.09257e-03 6.90401e-03 6.61449e-03 6.23987e-03 5.81192e-03 5.36365e-03 4.92069e-03 4.49918e-03 4.10753e-03 3.74925e-03 3.42534e-03 3.13586e-03 2.88045e-03 2.65838e-03 2.46829e-03 2.30802e-03 2.17441e-03 2.06330e-03 1.96974e-03 1.88837e-03 1.81396e-03 1.74205e-03 1.66941e-03 1.59425e-03 1.51622e-03 1.43612e-03 1.35549e-03 1.27620e-03 1.20004e-03 1.12843e-03 1.06226e-03 1.00190e-03 9.47366e-04 8.98489e-04 8.54979e-04 8.16347e-04 7.81748e-04 7.49875e-04 7.19003e-04 6.87235e-04 6.52905e-04 6.15013e-04 5.73475e-04 5.29053e-04 4.83002e-04 4.36591e-04 3.90635e-04 3.45200e-04 2.99754e-04 2.53727e-04 2.07042e-04 1.60354e-04 1.15236e-04 7.43997e-05 4.12849e-05 1.85259e-05 6.15626e-06 1.32019e-06 1.44092e-07 5.19526e-09 3.55207e-11
3.110341 1.81323e-03 4.44922e-03 6.54391e-03 9.33237e-03 1.24098e-02 1.54744e-02 1.83050e-02 2.07303e-02 2.25376e-02 2.34002e-02 2.29816e-02 2.12216e-02 1.85283e-02 1.56142e-02 1.31082e-02 1.12959e-02 1.01404e-02 9.45299e-03 9.04374e-03 8.78251e-03 8.59734e-03 8.45369e-03 8.33874e-03 8.25124e-03 8.19085e-03 8.14699e-03 8.09679e-03 8.01820e-03 7.90730e-03 7.78358e-03 7.68003e-03 7.62267e-03 7.60898e-03 7.60002e-03 7.53652e-03 7.36946e-03 7.08248e-03 6.69307e-03 6.23786e-03 5.75553e-03 5.27630e-03 4.81901e-03 4.39279e-03 4.00064e-03 3.64294e-03 3.31966e-03 3.03103e-03 2.77723e-03 2.55781e-03 2.37144e-03 2.21579e-03 2.08762e-03 1.98267e-03 1.89585e-03 1.82164e-03 1.75463e-03 1.69019e-03 1.62496e-03 1.55703e-03 1.48594e-03 1.41234e-03 1.33763e-03 1.26352e-03 1.19167e-03 1.12343e-03 1.05973e-03 1.00105e-03 9.47608e-04 8.99463e-04 8.56537e-04 8.18526e-04 7.84738e-04 7.53984e-04 7.24601e-04 6.94652e-04 6.62304e-04 6.26285e-04 5.86226e-04 5.42686e-04 4.96833e-04 4.49948e-04 4.02988e-04 3.56315e-04 3.09714e-04 2.62758e-04 2.15289e-04 1.67748e-04 1.21493e-04 7.91533e-05 4.43445e-05 2.00835e-05 6.72895e-06 1.45227e-06 1.58900e-07 5.64945e-09 3.58672e-11
3.160508 1.78249e-03 4.37920e-03 6.46286e-03 9.26060e-03 1.23743e-02 1.54879e-02 1.83497e-02 2.07462e-02 2.24308e-02 2.30816e-02 2.24255e-02 2.04974e-02 1.77671e-02 1.49365e-02 1.25747e-02 1.09093e-02 9.87457e-03 9.27892e-03 8.93973e-03 8.73437e-03 8.59473e-03 8.48700e-03 8.39725e-03 8.32270e-03 8.26245e-03 8.20833e-03 8.14549e-03 8.06615e-03 7.98246e-03 7.92258e-03 7.91068e-03 7.94382e-03 7.98177e-03 7.96082e-03 7.82510e-03 7.55273e-03 7.15994e-03 6.68636e-03 6.17603e-03 5.66454e-03 5.17429e-03 4.71551e-03 4.29052e-03 3.89874e-03 3.54014e-03 3.21601e-03 2.92792e-03 2.67645e-03 2.46079e-03 2.27901e-03 2.12842e-03 2.00566e-03 1.90655e-03 1.82606e-03 1.75861e-03 1.69870e-03 1.64157e-03 1.58372e-03 1.52312e-03 1.45913e-03 1.39222e-03 1.32360e-03 1.25480e-03 1.18735e-03 1.12255e-03 1.06133e-03 1.00431e-03 9.51880e-04 9.04289e-04 8.61632e-04 8.23748e-04 7.90070e-04 7.59537e-04 7.30617e-04 7.01470e-04 6.70258e-04 6.35562e-04 5.96752e-04 5.54124e-04 5.08670e-04 4.61620e-04 4.13993e-04 3.66335e-04 3.18697e-04 2.70859e-04 2.22688e-04 1.74466e-04 1.27310e-04 8.36962e-05 4.73470e-05 2.16472e-05 7.31423e-06 1.58909e-06 1.74414e-07 6.13637e-09 3.65433e-11
3.210675 1.74836e-03 4.30207e-03 6.36991e-03 9.16522e-03 1.23006e-02 1.54476e-02 1.83207e-02 2.06682e-02 2.22199e-02 2.26709e-02 2.18145e-02 1.97684e-02 1.70430e-02 1.43159e-02 1.20976e-02 1.05680e-02 9.64198e-03 9.12914e-03 8.85488e-03 8.70279e-03 8.60702e-03 8.53283e-03 8.46401e-03 8.39636e-03 8.33102e-03 8.26788e-03 8.20674e-03 8.15673e-03 8.13913e-03 8.17310e-03 8.25370e-03 8.34048e-03 8.36811e-03 8.27517e-03 8.03223e-03 7.65049e-03 7.16975e-03 6.63857e-03 6.09875e-03 5.57771e-03 5.08771e-03 4.63026e-03 4.20334e-03 3.80687e-03 3.44383e-03 3.11800e-03 2.83148e-03 2.58386e-03 2.37296e-03 2.19598e-03 2.05000e-03 1.93186e-03 1.83767e-03 1.76262e-03 1.70119e-03 1.64779e-03 1.59755e-03 1.54681e-03 1.49338e-03 1.43643e-03 1.37620e-03 1.31367e-03 1.25017e-03 1.18710e-03 1.12568e-03 1.06690e-03 1.01150e-03 9.60020e-04 9.12891e-04 8.70335e-04 8.32274e-04 7.98213e-04 7.67190e-04 7.37827e-04 7.08461e-04 6.77388e-04 6.43197e-04 6.05119e-04 5.63203e-04 5.18210e-04 4.71225e-04 4.23241e-04 3.74891e-04 3.26414e-04 2.77799e-04 2.29019e-04 1.80278e-04 1.32465e-04 8.78442e-05 5.01701e-05 2.31543e-05 7.88925e-06 1.72538e-06 1.90020e-07 6.63254e-09 3.74048e-11
3.260842 1.72029e-03 4.24046e-03 6.30521e-03 9.11652e-03 1.22855e-02 1.54688e-02 1.83510e-02 2.06438e-02 2.20588e-02 2.23151e-02 2.12737e-02 1.91265e-02 1.64142e-02 1.37867e-02 1.17004e-02 1.02936e-02 9.46564e-03 9.02854e-03 8.81496e-03 8.71334e-03 8.65843e-03 8.61318e-03 8.55880e-03 8.49177e-03 8.42044e-03 8.35941e-03 8.32654e-03 8.34169e-03 8.41801e-03 8.54548e-03 8.68147e-03 8.75982e-03 8.71583e-03 8.51292e-03 8.15482e-03 7.67813e-03 7.13393e-03 6.57030e-03 6.02113e-03 5.50194e-03 5.01356e-03 4.55176e-03 4.11608e-03 3.71171e-03 3.34556e-03 3.02183e-03 2.74060e-03 2.49914e-03 2.29389e-03 2.12167e-03 1.97980e-03 1.86560e-03 1.77564e-03 1.70538e-03 1.64939e-03 1.60203e-03 1.55830e-03 1.51441e-03 1.46798e-03 1.41798e-03 1.36440e-03 1.30798e-03 1.24982e-03 1.19116e-03 1.13317e-03 1.07687e-03 1.02312e-03 9.72647e-04 9.26007e-04 8.83516e-04 8.45127e-04 8.10369e-04 7.78355e-04 7.47864e-04 7.17450e-04 6.85620e-04 6.51085e-04 6.13054e-04 5.71421e-04 5.26714e-04 4.79823e-04 4.31627e-04 3.82758e-04 3.33563e-04 2.84206e-04 2.34809e-04 1.85578e-04 1.37218e-04 9.17531e-05 5.28966e-05 2.46429e-05 8.46763e-06 1.86438e-06 2.06114e-07 7.15519e-09 3.86243e-11
3.311008 1.69414e-03 4.18622e-03 6.25231e-03 9.08361e-03 1.22933e-02 1.55143e-02 1.83985e-02 2.06276e-02 2.19024e-02 2.19719e-02 2.07641e-02 1.85366e-02 1.58502e-02 1.33231e-02 1.13613e-02 1.00676e-02 9.32967e-03 8.96310e-03 8.80723e-03 8.75378e-03 8.73635e-03 8.71462e-03 8.66872e-03 8.60074e-03 8.53331e-03 8.49999e-03 8.53131e-03 8.64093e-03 8.81363e-03 9.00148e-03 9.13518e-03 9.14715e-03 8.99489e-03 8.67371e-03 8.21383e-03 7.66590e-03 7.08351e-03 6.50834e-03 5.96108e-03 5.44252e-03 4.94573e-03 4.46943e-03 4.02142e-03 3.61242e-03 3.24914e-03 2.93228e-03 2.65850e-03 2.42333e-03 2.22289e-03 2.05438e-03 1.91569e-03 1.80463e-03 1.71820e-03 1.65209e-03 1.60095e-03 1.55908e-03 1.52135e-03 1.48382e-03 1.44396e-03 1.40053e-03 1.35331e-03 1.30276e-03 1.24977e-03 1.19541e-03 1.14080e-03 1.08699e-03 1.03497e-03 9.85613e-04 9.39601e-04 8.97277e-04 8.58568e-04 8.22985e-04 7.89706e-04 7.57670e-04 7.25664e-04 6.92435e-04 6.56875e-04 6.18264e-04 5.76441e-04 5.31782e-04 4.84979e-04 4.36753e-04 3.87652e-04 3.38045e-04 2.88215e-04 2.38435e-04 1.88980e-04 1.40430e-04 9.45607e-05 5.49657e-05 2.58216e-05 8.93962e-06 1.98009e-06 2.19673e-07 7.60039e-09 3.98050e-11
3.361175 1.66535e-03 4.12777e-03 6.19924e-03 9.05144e-03 1.22959e-02 1.55464e-02 1.84202e-02 2.05704e-02 2.16962e-02 2.15837e-02 2.02275e-02 1.79420e-02 1.52979e-02 1.28777e-02 1.10392e-02 9.85401e-03 9.20189e-03 8.90308e-03 8.80303e-03 8.79515e-03 8.81053e-03 8.80630e-03 8.76585e-03 8.70412e-03 8.66314e-03 8.69127e-03 8.81556e-03 9.02320e-03 9.26121e-03 9.45380e-03 9.52832e-03 9.43682e-03 9.16664e-03 8.73951e-03 8.20190e-03 7.61030e-03 7.01453e-03 6.44249e-03 5.89641e-03 5.36663e-03 4.85081e-03 4.35964e-03 3.90805e-03 3.50525e-03 3.15230e-03 2.84531e-03 2.57915e-03 2.34942e-03 2.15295e-03 1.98757e-03 1.85166e-03 1.74346e-03 1.66026e-03 1.59798e-03 1.55132e-03 1.51457e-03 1.48248e-03 1.45095e-03 1.41731e-03 1.38014e-03 1.33902e-03 1.29417e-03 1.24626e-03 1.19620e-03 1.14503e-03 1.09386e-03 1.04380e-03 9.95860e-04 9.50780e-04 9.08874e-04 8.69996e-04 8.33629e-04 7.99030e-04 7.65326e-04 7.31548e-04 6.96675e-04 6.59784e-04 6.20259e-04 5.77948e-04 5.33147e-04 4.86406e-04 4.38288e-04 3.89223e-04 3.39533e-04 2.89556e-04 2.39696e-04 1.90326e-04 1.41966e-04 9.61549e-05 5.62957e-05 2.66446e-05 9.28723e-06 2.06822e-06 2.30216e-07 7.95270e-09 4.08864e-11
3.411342 1.63413e-03 4.06322e-03 6.13872e-03 9.01151e-03 1.22846e-02 1.55501e-02 1.83970e-02 2.04557e-02 2.14295e-02 2.11463e-02 1.96640e-02 1.73441e-02 1.47580e-02 1.24496e-02 1.07320e-02 9.65066e-03 9.08037e-03 8.84672e-03 8.80005e-03 8.83378e-03 8.87624e-03 8.88534e-03 8.85452e-03 8.81730e-03 8.83242e-03 8.94825e-03 9.16872e-03 9.44465e-03 9.69427e-03 9.83617e-03 9.81465e-03 9.60917e-03 9.23224e-03 8.72262e-03 8.13560e-03 7.52755e-03 6.93544e-03 6.36540e-03 5.80578e-03 5.25292e-03 4.72060e-03 4.22827e-03 3.78756e-03 3.39953e-03 3.05945e-03 2.76171e-03 2.50182e-03 2.27653e-03 2.08346e-03 1.92092e-03 1.78763e-03 1.68211e-03 1.60189e-03 1.54310e-03 1.50055e-03 1.46851e-03 1.44164e-03 1.41574e-03 1.38797e-03 1.35676e-03 1.32148e-03 1.28216e-03 1.23926e-03 1.19354e-03 1.14596e-03 1.09769e-03 1.04994e-03 1.00381e-03 9.60035e-04 9.18832e-04 8.79961e-04 8.42897e-04 8.07026e-04 7.71698e-04 7.36189e-04 6.99689e-04 6.61425e-04 6.20873e-04 5.77912e-04 5.32803e-04 4.86009e-04 4.37976e-04 3.89023e-04 3.39397e-04 2.89437e-04 2.39638e-04 1.90491e-04 1.42505e-04 9.70071e-05 5.71701e-05 2.72504e-05 9.56081e-06 2.14054e-06 2.39107e-07 8.25898e-09 4.20214e-11
3.461509 1.60096e-03 3.99298e-03 6.06288e-03 8.93983e-03 1.22250e-02 1.54884e-02 1.82922e-02 2.02531e-02 2.10864e-02 2.06626e-02 1.90948e-02 1.67762e-02 1.42675e-02 1.20729e-02 1.04677e-02 9.47935e-03 8.98230e-03 8.80827e-03 8.81080e-03 8.88187e-03 8.94850e-03 8.97440e-03 8.96838e-03 8.98125e-03 9.07628e-03 9.28445e-03 9.57704e-03 9.87586e-03 1.00901e-02 1.01510e-02 1.00270e-02 9.72029e-03 9.25974e-03 8.69478e-03 8.08480e-03 7.47697e-03 6.88508e-03 6.29724e-03 5.70771e-03 5.13312e-03 4.59843e-03 4.11851e-03 3.69440e-03 3.32007e-03 2.98898e-03 2.69659e-03 2.43994e-03 2.21682e-03 2.02542e-03 1.86436e-03 1.73257e-03 1.62876e-03 1.55066e-03 1.49453e-03 1.45528e-03 1.42719e-03 1.40482e-03 1.38382e-03 1.36118e-03 1.33518e-03 1.30505e-03 1.27064e-03 1.23223e-03 1.19046e-03 1.14626e-03 1.10084e-03 1.05549e-03 1.01132e-03 9.68980e-04 9.28537e-04 8.89645e-04 8.51824e-04 8.14648e-04 7.77723e-04 7.40553e-04 7.02496e-04 6.62885e-04 6.21262e-04 5.77530e-04 5.31937e-04 4.84891e-04 4.36768e-04 3.87811e-04 3.38204e-04 2.88264e-04 2.38542e-04 1.89643e-04 1.42107e-04 9.70956e-05 5.75283e-05 2.75849e-05 9.73257e-06 2.18903e-06 2.45298e-07 8.48134e-09 4.30696e-11
3.511676 1.57249e-03 3.93452e-03 6.00729e-03 8.89688e-03 1.21969e-02 1.54595e-02 1.82219e-02 2.00878e-02 2.07886e-02 2.02384e-02 1.85997e-02 1.62907e-02 1.38578e-02 1.17680e-02 1.02641e-02 9.35968e-03 8.93009e-03 8.81183e-03 8.85970e-03 8.96424e-03 9.05486e-03 9.10660e-03 9.14487e-03 9.22917e-03 9.41171e-03 9.69509e-03 1.00215e-02 1.03000e-02 1.04477e-02 1.04165e-02 1.01960e-02 9.80428e-03 9.28142e-03 8.68441e-03 8.06837e-03 7.45812e-03 6.84464e-03 6.21961e-03 5.60142e-03 5.02161e-03 4.50009e-03 4.03877e-03 3.62994e-03 3.26525e-03 2.93933e-03 2.64944e-03 2.39393e-03 2.17134e-03 1.98030e-03 1.81965e-03 1.68848e-03 1.58558e-03 1.50881e-03 1.45457e-03 1.41787e-03 1.39298e-03 1.37440e-03 1.35761e-03 1.33943e-03 1.31800e-03 1.29239e-03 1.26232e-03 1.22796e-03 1.18984e-03 1.14888e-03 1.10632e-03 1.06349e-03 1.02142e-03 9.80579e-04 9.40850e-04 9.01825e-04 8.63146e-04 8.24646e-04 7.86201e-04 7.47515e-04 7.08055e-04 6.67211e-04 6.24551e-04 5.79984e-04 5.33728e-04 4.86154e-04 4.37594e-04 3.88261e-04 3.38315e-04 2.88066e-04 2.38110e-04 1.89164e-04 1.41837e-04 9.71687e-05 5.78283e-05 2.78759e-05 9.88582e-06 2.23311e-06 2.51039e-07 8.69965e-09 4.44201e-11
3.561842 1.54820e-03 3.88628e-03 5.96740e-03 8.87957e-03 1.22037e-02 1.54676e-02 1.81875e-02 1.99596e-02 2.05333e-02 1.98658e-02 1.81654e-02 1.58695e-02 1.35088e-02 1.15160e-02 1.01055e-02 9.27949e-03 8.91417e-03 8.84892e-03 8.93876e-03 9.07488e-03 9.19402e-03 9.28571e-03 9.38700e-03 9.55295e-03 9.81261e-03 1.01401e-02 1.04610e-02 1.06874e-02 1.07534e-02 1.06310e-02 1.03253e-02 9.86568e-03 9.30142e-03 8.69006e-03 8.06801e-03 7.43353e-03 6.77631e-03 6.11461e-03 5.48695e-03 4.92071e-03 4.42057e-03 3.97759e-03 3.58079e-03 3.22279e-03 2.90008e-03 2.61139e-03 2.35606e-03 2.13328e-03 1.94206e-03 1.78146e-03 1.65062e-03 1.54836e-03 1.47258e-03 1.41978e-03 1.38506e-03 1.36274e-03 1.34726e-03 1.33397e-03 1.31954e-03 1.30196e-03 1.28018e-03 1.25385e-03 1.22304e-03 1.18824e-03 1.15039e-03 1.11076e-03 1.07060e-03 1.03078e-03 9.91498e-04 9.52444e-04 9.13220e-04 8.73693e-04 8.34007e-04 7.94303e-04 7.54433e-04 7.13919e-04 6.72165e-04 6.28735e-04 5.83510e-04 5.36663e-04 4.88507e-04 4.39345e-04 3.89392e-04 3.38835e-04 2.88016e-04 2.37595e-04 1.88406e-04 1.41154e-04 9.68042e-05 5.77806e-05 2.79633e-05 9.95648e-06 2.25677e-06 2.54401e-07 8.84899e-09 4.59234e-11
3.612009 1.52337e-03 3.83843e-03 5.92719e-03 8.85547e-03 1.21968e-02 1.54559e-02 1.81265e-02 1.98024e-02 2.02559e-02 1.94863e-02 1.77410e-02 1.54702e-02 1.31857e-02 1.12879e-02 9.96670e-03 9.21549e-03 8.91152e-03 8.89619e-03 9.02547e-03 9.19493e-03 9.35250e-03 9.50012e-03 9.67614e-03 9.91903e-03 1.02316e-02 1.05688e-02 1.08541e-02 1.10122e-02 1.09954e-02 1.07916e-02 1.04170e-02 9.90979e-03 9.32271e-03 8.70031e-03 8.05218e-03 7.36880e-03 6.66602e-03 5.98824e-03 5.37284e-03 4.83040e-03 4.35224e-03 3.92465e-03 3.53709e-03 3.18395e-03 2.86338e-03 2.57523e-03 2.31970e-03 2.09655e-03 1.90516e-03 1.74472e-03 1.61434e-03 1.51280e-03 1.43800e-03 1.38645e-03 1.35333e-03 1.33300e-03 1.31989e-03 1.30928e-03 1.29772e-03 1.28308e-03 1.26428e-03 1.24088e-03 1.21295e-03 1.18103e-03 1.14609e-03 1.10937e-03 1.07198e-03 1.03447e-03 9.96709e-04 9.58227e-04 9.18752e-04 8.78479e-04 8.37899e-04 7.97374e-04 7.56836e-04 7.15810e-04 6.73685e-04 6.30000e-04 5.84586e-04 5.37535e-04 4.89083e-04 4.39490e-04 3.88989e-04 3.37828e-04 2.86438e-04 2.35574e-04 1.86199e-04 1.39137e-04 9.53176e-05 5.69303e-05 2.75994e-05 9.84602e-06 2.23545e-06 2.52401e-07 8.82207e-09 4.71123e-11
3.662176 1.49790e-03 3.78922e-03 5.88892e-03 8.83704e-03 1.21925e-02 1.54402e-02 1.80558e-02 1.96320e-02 1.99669e-02 1.91017e-02 1.73195e-02 1.50787e-02 1.28712e-02 1.10668e-02 9.83324e-03 9.15607e-03 8.91243e-03 8.94525e-03 9.11366e-03 9.32159e-03 9.52880e-03 9.74282e-03 9.99207e-03 1.02926e-02 1.06263e-02 1.09413e-02 1.11696e-02 1.12521e-02 1.11574e-02 1.08852e-02 1.04598e-02 9.92246e-03 9.31809e-03 8.66817e-03 7.96905e-03 7.23314e-03 6.50749e-03 5.84063e-03 5.25265e-03 4.73791e-03 4.28085e-03 3.86723e-03 3.48815e-03 3.13979e-03 2.82168e-03 2.53470e-03 2.27976e-03 2.05711e-03 1.86636e-03 1.70676e-03 1.57737e-03 1.47689e-03 1.40314e-03 1.35269e-03 1.32077e-03 1.30187e-03 1.29046e-03 1.28182e-03 1.27243e-03 1.26010e-03 1.24368e-03 1.22274e-03 1.19739e-03 1.16822e-03 1.13627e-03 1.10267e-03 1.06824e-03 1.03310e-03 9.96793e-04 9.58798e-04 9.19109e-04 8.78327e-04 8.37276e-04 7.96472e-04 7.55862e-04 7.14940e-04 6.73064e-04 6.29725e-04 5.84673e-04 5.37884e-04 4.89486e-04 4.39676e-04 3.88702e-04 3.36902e-04 2.84835e-04 2.33397e-04 1.83710e-04 1.36746e-04 9.34388e-05 5.57604e-05 2.70426e-05 9.65519e-06 2.19380e-06 2.47974e-07 8.72076e-09 4.83921e-11
3.712343 1.47126e-03 3.73491e-03 5.83624e-03 8.79169e-03 1.21483e-02 1.53712e-02 1.79239e-02 1.94039e-02 1.96349e-02 1.86956e-02 1.68972e-02 1.47001e-02 1.25741e-02 1.08613e-02 9.71137e-03 9.10385e-03 8.91644e-03 8.99483e-03 9.20423e-03 9.45844e-03 9.72473e-03 1.00066e-02 1.03153e-02 1.06470e-02 1.09736e-02 1.12472e-02 1.14131e-02 1.14278e-02 1.12724e-02 1.09537e-02 1.04964e-02 9.93605e-03 9.30140e-03 8.59985e-03 7.84204e-03 7.07306e-03 6.35163e-03 5.71152e-03 5.15439e-03 4.66492e-03 4.22542e-03 3.82278e-03 3.44998e-03 3.10486e-03 2.78821e-03 2.50180e-03 2.24711e-03 2.02471e-03 1.83435e-03 1.67527e-03 1.54646e-03 1.44652e-03 1.37323e-03 1.32316e-03 1.29168e-03 1.27339e-03 1.26287e-03 1.25541e-03 1.24748e-03 1.23681e-03 1.22222e-03 1.20328e-03 1.18020e-03 1.15367e-03 1.12469e-03 1.09422e-03 1.06266e-03 1.02966e-03 9.94468e-04 9.56692e-04 9.16713e-04 8.75578e-04 8.34386e-04 7.93726e-04 7.53506e-04 7.13173e-04 6.72039e-04 6.29533e-04 5.85291e-04 5.39144e-04 4.91077e-04 4.41201e-04 3.89768e-04 3.37214e-04 2.84257e-04 2.31980e-04 1.81704e-04 1.34583e-04 9.16003e-05 5.45405e-05 2.64282e-05 9.43375e-06 2.14338e-06 2.42432e-07 8.58893e-09 4.99741e-11
3.762510 1.44533e-03 3.68070e-03 5.77822e-03 8.73011e-03 1.20755e-02 1.52651e-02 1.77527e-02 1.91433e-02 1.92867e-02 1.82942e-02 1.64973e-02 1.43531e-02 1.23095e-02 1.06841e-02 9.61196e-03 9.06868e-03 8.93334e-03 9.05623e-03 9.31051e-03 9.61809e-03 9.94693e-03 1.02891e-02 1.06382e-02 1.09773e-02 1.12782e-02 1.15033e-02 1.16123e-02 1.15751e-02 1.13800e-02 1.10322e-02 1.05483e-02 9.95323e-03 9.26574e-03 8.50050e-03 7.69756e-03 6.92153e-03 6.22236e-03 5.61436e-03 5.08616e-03 4.61787e-03 4.19190e-03 3.79693e-03 3.42787e-03 3.08417e-03 2.76772e-03 2.48101e-03 2.22591e-03 2.00317e-03 1.81259e-03 1.65339e-03 1.52446e-03 1.42431e-03 1.35067e-03 1.30017e-03 1.26828e-03 1.24975e-03 1.23928e-03 1.23223e-03 1.22505e-03 1.21544e-03 1.20217e-03 1.18487e-03 1.16381e-03 1.13978e-03 1.11370e-03 1.08622e-03 1.05719e-03 1.02582e-03 9.91241e-04 9.53316e-04 9.12932e-04 8.71558e-04 8.30484e-04 7.90287e-04 7.50808e-04 7.11436e-04 6.71438e-04 6.30157e-04 5.87092e-04 5.41902e-04 4.94401e-04 4.44590e-04 3.92703e-04 3.39271e-04 2.85189e-04 2.31765e-04 1.80562e-04 1.32958e-04 9.00293e-05 5.34123e-05 2.58268e-05 9.20718e-06 2.08998e-06 2.36417e-07 8.44809e-09 5.20026e-11
3.812676 1.42649e-03 3.64370e-03 5.74773e-03 8.71108e-03 1.20588e-02 1.52259e-02 1.76580e-02 1.89673e-02 1.90281e-02 1.79826e-02 1.61817e-02 1.40801e-02 1.21072e-02 1.05598e-02 9.56009e-03 9.07859e-03 8.99522e-03 9.16546e-03 9.47022e-03 9.83581e-03 1.02247e-02 1.06147e-02 1.09847e-02 1.13128e-02 1.15768e-02 1.17522e-02 1.18133e-02 1.17390e-02 1.15160e-02 1.11374e-02 1.06101e-02 9.95508e-03 9.19643e-03 8.37192e-03 7.54646e-03 6.78453e-03 6.11747e-03 5.54259e-03 5.04036e-03 4.58931e-03 4.17329e-03 3.78321e-03 3.41600e-03 3.07257e-03 2.75577e-03 2.46855e-03 2.21297e-03 1.98986e-03 1.79897e-03 1.63946e-03 1.51013e-03 1.40939e-03 1.33496e-03 1.28348e-03 1.25056e-03 1.23111e-03 1.22000e-03 1.21270e-03 1.20569e-03 1.19665e-03 1.18434e-03 1.16844e-03 1.14930e-03 1.12773e-03 1.10446e-03 1.07970e-03 1.05275e-03 1.02244e-03 9.87945e-04 9.49584e-04 9.08770e-04 8.67323e-04 8.26612e-04 7.87145e-04 7.48683e-04 7.10568e-04 6.72013e-04 6.32263e-04 5.90662e-04 5.46676e-04 4.99933e-04 4.50294e-04 3.97953e-04 3.43516e-04 2.88064e-04 2.33157e-04 1.80642e-04 1.32165e-04 8.89455e-05 5.25180e-05 2.53119e-05 9.00319e-06 2.04017e-06 2.30701e-07 8.32854e-09 5.47740e-11
3.862843 1.41038e-03 3.61418e-03 5.72645e-03 8.70213e-03 1.20555e-02 1.52029e-02 1.75816e-02 1.88135e-02 1.87973e-02 1.77034e-02 1.58996e-02 1.38382e-02 1.19320e-02 1.04595e-02 9.53042e-03 9.11025e-03 9.08009e-03 9.30123e-03 9.66080e-03 1.00850e-02 1.05267e-02 1.09496e-02 1.13237e-02 1.16286e-02 1.18527e-02 1.19864e-02 1.20155e-02 1.19182e-02 1.16665e-02 1.12393e-02 1.06435e-02 9.90954e-03 9.07937e-03 8.21567e-03 7.39255e-03 6.66035e-03 6.03044e-03 5.48754e-03 5.00779e-03 4.57027e-03 4.16119e-03 3.77393e-03 3.40736e-03 3.06370e-03 2.74647e-03 2.45893e-03 2.20316e-03 1.97992e-03 1.78890e-03 1.62915e-03 1.49939e-03 1.39797e-03 1.32253e-03 1.26977e-03 1.23542e-03 1.21455e-03 1.20222e-03 1.19403e-03 1.18656e-03 1.17753e-03 1.16573e-03 1.15091e-03 1.13347e-03 1.11412e-03 1.09333e-03 1.07074e-03 1.04514e-03 1.01512e-03 9.80162e-04 9.41126e-04 8.99947e-04 8.58664e-04 8.18606e-04 7.80166e-04 7.43025e-04 7.06487e-04 6.69709e-04 6.31830e-04 5.92035e-04 5.49596e-04 5.03946e-04 4.54797e-04 4.02280e-04 3.47063e-04 2.90396e-04 2.34099e-04 1.80318e-04 1.30989e-04 8.75062e-05 5.13344e-05 2.46142e-05 8.71897e-06 1.96913e-06 2.22358e-07 8.12881e-09 5.78887e-11
3.913010 1.39414e-03 3.58386e-03 5.70494e-03 8.69068e-03 1.20428e-02 1.51653e-02 1.74880e-02 1.86419e-02 1.85503e-02 1.74106e-02 1.56057e-02 1.35852e-02 1.17468e-02 1.03512e-02 9.49523e-03 9.13895e-03 9.16489e-03 9.44007e-03 9.85549e-03 1.03334e-02 1.08157e-02 1.12553e-02 1.16190e-02 1.18935e-02 1.20817e-02 1.21875e-02 1.21985e-02 1.20777e-02 1.17769e-02 1.12734e-02 1.05903e-02 9.77602e-03 8.89314e-03 8.01956e-03 7.22263e-03 6.53226e-03 5.94261e-03 5.43030e-03 4.97042e-03 4.54426e-03 4.14094e-03 3.75629e-03 3.39092e-03 3.04804e-03 2.73163e-03 2.44500e-03 2.19018e-03 1.96778e-03 1.77738e-03 1.61793e-03 1.48806e-03 1.38606e-03 1.30958e-03 1.25537e-03 1.21927e-03 1.19659e-03 1.18258e-03 1.17303e-03 1.16469e-03 1.15536e-03 1.14390e-03 1.13008e-03 1.11430e-03 1.09709e-03 1.07848e-03 1.05753e-03 1.03260e-03 1.00233e-03 9.66634e-04 9.27003e-04 8.85764e-04 8.45019e-04 8.05970e-04 7.68879e-04 7.33372e-04 6.98725e-04 6.64040e-04 6.28351e-04 5.90689e-04 5.50142e-04 5.05951e-04 4.57672e-04 4.05358e-04 3.49705e-04 2.92113e-04 2.34642e-04 1.79734e-04 1.29630e-04 8.59203e-05 5.00363e-05 2.38444e-05 8.40329e-06 1.88992e-06 2.13049e-07 7.91074e-09 6.16097e-11
3.963177 1.37644e-03 3.54774e-03 5.67091e-03 8.66016e-03 1.20026e-02 1.50898e-02 1.73501e-02 1.84259e-02 1.82632e-02 1.70835e-02 1.52833e-02 1.33087e-02 1.15423e-02 1.02273e-02 9.44721e-03 9.15676e-03 9.24047e-03 9.57038e-03 1.00387e-02 1.05616e-02 1.10708e-02 1.15127e-02 1.18568e-02 1.21020e-02 1.22658e-02 1.23575e-02 1.23512e-02 1.21860e-02 1.18058e-02 1.12068e-02 1.04358e-02 9.55846e-03 8.65302e-03 7.79850e-03 7.04528e-03 6.40289e-03 5.85291e-03 5.36828e-03 4.92562e-03 4.50934e-03 4.11151e-03 3.73013e-03 3.36718e-03 3.02654e-03 2.71238e-03 2.42798e-03 2.17519e-03 1.95448e-03 1.76528e-03 1.60647e-03 1.47662e-03 1.37398e-03 1.29624e-03 1.24023e-03 1.20200e-03 1.17707e-03 1.16095e-03 1.14970e-03 1.14024e-03 1.13049e-03 1.11937e-03 1.10665e-03 1.09259e-03 1.07741e-03 1.06061e-03 1.04072e-03 1.01586e-03 9.84942e-04 9.48466e-04 9.08477e-04 8.67538e-04 8.27672e-04 7.89905e-04 7.54392e-04 7.20728e-04 6.88171e-04 6.55774e-04 6.22472e-04 5.87157e-04 5.48747e-04 5.06304e-04 4.59225e-04 4.07468e-04 3.51728e-04 2.93516e-04 2.35101e-04 1.79210e-04 1.28384e-04 8.44398e-05 4.88066e-05 2.31080e-05 8.09971e-06 1.81368e-06 2.04161e-07 7.72721e-09 6.62321e-11
4.013343 1.35788e-03 3.50771e-03 5.62237e-03 8.59818e-03 1.19165e-02 1.49594e-02 1.71553e-02 1.81596e-02 1.79388e-02 1.67341e-02 1.49511e-02 1.30310e-02 1.13411e-02 1.01076e-02 9.40208e-03 9.17546e-03 9.31522e-03 9.69749e-03 1.02137e-02 1.07730e-02 1.12995e-02 1.17375e-02 1.20642e-02 1.22920e-02 1.24468e-02 1.25288e-02 1.24884e-02 1.22494e-02 1.17697e-02 1.10753e-02 1.02320e-02 9.31798e-03 8.41776e-03 7.60070e-03 6.89728e-03 6.30049e-03 5.78451e-03 5.32205e-03 4.89258e-03 4.48375e-03 4.09016e-03 3.71156e-03 3.35086e-03 3.01242e-03 2.70044e-03 2.41810e-03 2.16708e-03 1.94768e-03 1.75925e-03 1.60058e-03 1.47019e-03 1.36634e-03 1.28674e-03 1.22836e-03 1.18744e-03 1.15974e-03 1.14107e-03 1.12775e-03 1.11691e-03 1.10661e-03 1.09580e-03 1.08413e-03 1.07165e-03 1.05812e-03 1.04247e-03 1.02282e-03 9.97292e-04 9.65251e-04 9.27872e-04 8.87647e-04 8.47202e-04 8.08370e-04 7.71980e-04 7.38106e-04 7.06328e-04 6.75892e-04 6.45799e-04 6.14900e-04 5.81964e-04 5.45760e-04 5.05187e-04 4.59497e-04 4.08546e-04 3.53004e-04 2.94459e-04 2.35350e-04 1.78656e-04 1.27206e-04 8.30458e-05 4.76390e-05 2.24021e-05 7.80683e-06 1.73998e-06 1.95654e-07 7.57929e-09 7.17778e-11
4.063510 1.34530e-03 3.48193e-03 5.59555e-03 8.56642e-03 1.18676e-02 1.48741e-02 1.70134e-02 1.79514e-02 1.76744e-02 1.64431e-02 1.46731e-02 1.28025e-02 1.11849e-02 1.00302e-02 9.39819e-03 9.23578e-03 9.43261e-03 9.86701e-03 1.04278e-02 1.10177e-02 1.15560e-02 1.19900e-02 1.23074e-02 1.25300e-02 1.26788e-02 1.27329e-02 1.26231e-02 1.22794e-02 1.16908e-02 1.09099e-02 1.00135e-02 9.08660e-03 8.21145e-03 7.44130e-03 6.78744e-03 6.23076e-03 5.74222e-03 5.29650e-03 4.87647e-03 4.47273e-03 4.08202e-03 3.70537e-03 3.34643e-03 3.00976e-03 2.69955e-03 2.41879e-03 2.16901e-03 1.95037e-03 1.76213e-03 1.60300e-03 1.47148e-03 1.36582e-03 1.28379e-03 1.22250e-03 1.17838e-03 1.14749e-03 1.12593e-03 1.11032e-03 1.09800e-03 1.08712e-03 1.07660e-03 1.06593e-03 1.05478e-03 1.04241e-03 1.02721e-03 1.00704e-03 9.80249e-04 9.46818e-04 9.08552e-04 8.68229e-04 8.28380e-04 7.90591e-04 7.55519e-04 7.23186e-04 6.93175e-04 6.64718e-04 6.36773e-04 6.08114e-04 5.77407e-04 5.43289e-04 5.04517e-04 4.60203e-04 4.10100e-04 3.54838e-04 2.96046e-04 2.36298e-04 1.78794e-04 1.26640e-04 8.21224e-05 4.67743e-05 2.18511e-05 7.57186e-06 1.68023e-06 1.88928e-07 7.52902e-09 7.88971e-11
4.113677 1.33921e-03 3.47137e-03 5.59100e-03 8.56794e-03 1.18636e-02 1.48425e-02 1.69309e-02 1.78049e-02 1.74700e-02 1.62074e-02 1.44447e-02 1.26187e-02 1.10703e-02 9.99326e-03 9.43527e-03 9.33896e-03 9.59489e-03 1.00818e-02 1.06850e-02 1.13020e-02 1.18515e-02 1.22875e-02 1.26064e-02 1.28274e-02 1.29537e-02 1.29436e-02 1.27271e-02 1.22613e-02 1.15690e-02 1.07179e-02 9.78980e-03 8.87152e-03 8.03570e-03 7.31674e-03 6.70932e-03 6.18671e-03 5.71986e-03 5.28663e-03 4.87327e-03 4.47298e-03 4.08420e-03 3.70898e-03 3.35142e-03 3.01620e-03 2.70742e-03 2.42787e-03 2.17890e-03 1.96057e-03 1.77203e-03 1.61198e-03 1.47888e-03 1.37099e-03 1.28613e-03 1.22155e-03 1.17390e-03 1.13954e-03 1.11490e-03 1.09686e-03 1.08296e-03 1.07140e-03 1.06102e-03 1.05106e-03 1.04079e-03 1.02891e-03 1.01339e-03 9.91994e-04 9.63514e-04 9.28593e-04 8.89561e-04 8.49305e-04 8.10136e-04 7.73370e-04 7.39529e-04 7.08613e-04 6.80212e-04 6.53549e-04 6.27545e-04 6.00915e-04 5.72238e-04 5.40044e-04 5.02967e-04 4.60004e-04 4.10813e-04 3.55976e-04 2.97135e-04 2.36960e-04 1.78827e-04 1.26089e-04 8.12630e-05 4.59692e-05 2.13351e-05 7.35119e-06 1.62446e-06 1.82909e-07 7.55124e-09 8.77326e-11
4.163844 1.33205e-03 3.45811e-03 5.58047e-03 8.55687e-03 1.18399e-02 1.47847e-02 1.68164e-02 1.76226e-02 1.72291e-02 1.59378e-02 1.41878e-02 1.24130e-02 1.09405e-02 9.94674e-03 9.46699e-03 9.43965e-03 9.75578e-03 1.02938e-02 1.09359e-02 1.15777e-02 1.21415e-02 1.25877e-02 1.29111e-02 1.31148e-02 1.31818e-02 1.30664e-02 1.27204e-02 1.21364e-02 1.13601e-02 1.04635e-02 9.52962e-03 8.64170e-03 7.85755e-03 7.19264e-03 6.62898e-03 6.13645e-03 5.68826e-03 5.26599e-03 4.85903e-03 4.46274e-03 4.07690e-03 3.70431e-03 3.34935e-03 3.01672e-03 2.71033e-03 2.43281e-03 2.18532e-03 1.96780e-03 1.77938e-03 1.61873e-03 1.48429e-03 1.37434e-03 1.28676e-03 1.21894e-03 1.16778e-03 1.12995e-03 1.10224e-03 1.08179e-03 1.06630e-03 1.05397e-03 1.04350e-03 1.03387e-03 1.02390e-03 1.01179e-03 9.95206e-04 9.72059e-04 9.41699e-04 9.05439e-04 8.65974e-04 8.26110e-04 7.87840e-04 7.52218e-04 7.19664e-04 6.90172e-04 6.63342e-04 6.38389e-04 6.14214e-04 5.89493e-04 5.62746e-04 5.32425e-04 4.97079e-04 4.55621e-04 4.07643e-04 3.53676e-04 2.95351e-04 2.35380e-04 1.77247e-04 1.24475e-04 7.97694e-05 4.48283e-05 2.06702e-05 7.08128e-06 1.55870e-06 1.76080e-07 7.59153e-09 9.77363e-11
4.214011 1.32322e-03 3.43975e-03 5.56119e-03 8.53134e-03 1.17920e-02 1.46927e-02 1.66601e-02 1.73941e-02 1.69415e-02 1.56248e-02 1.38938e-02 1.21781e-02 1.07891e-02 9.88473e-03 9.48794e-03 9.53279e-03 9.91023e-03 1.04979e-02 1.11767e-02 1.18441e-02 1.24268e-02 1.28840e-02 1.31947e-02 1.33421e-02 1.33037e-02 1.30528e-02 1.25756e-02 1.18934e-02 1.10597e-02 1.01446e-02 9.22985e-03 8.39008e-03 7.66538e-03 7.05441e-03 6.53112e-03 6.06549e-03 5.63438e-03 5.22304e-03 4.82353e-03 4.43295e-03 4.05209e-03 3.68423e-03 3.33391e-03 3.00570e-03 2.70335e-03 2.42925e-03 2.18443e-03 1.96874e-03 1.78127e-03 1.62070e-03 1.48547e-03 1.37386e-03 1.28383e-03 1.21295e-03 1.15842e-03 1.11728e-03 1.08666e-03 1.06395e-03 1.04695e-03 1.03383e-03 1.02311e-03 1.01345e-03 1.00323e-03 9.90262e-04 9.72089e-04 9.46962e-04 9.14867e-04 8.77683e-04 8.38264e-04 7.99175e-04 7.62050e-04 7.27712e-04 6.96514e-04 6.68460e-04 6.43160e-04 6.19832e-04 5.97372e-04 5.74441e-04 5.49524e-04 5.21025e-04 4.87441e-04 4.47634e-04 4.01146e-04 3.48462e-04 2.91178e-04 2.31991e-04 1.74424e-04 1.22105e-04 7.78784e-05 4.35144e-05 1.99480e-05 6.79958e-06 1.49246e-06 1.69619e-07 7.69541e-09 1.09167e-10
4.264177 1.31368e-03 3.41716e-03 5.52773e-03 8.47830e-03 1.17044e-02 1.45510e-02 1.64504e-02 1.71165e-02 1.66152e-02 1.52863e-02 1.35868e-02 1.19397e-02 1.06395e-02 9.82667e-03 9.51326e-03 9.63015e-03 1.00684e-02 1.07056e-02 1.14239e-02 1.21237e-02 1.27300e-02 1.31868e-02 1.34511e-02 1.34979e-02 1.33228e-02 1.29333e-02 1.23467e-02 1.15971e-02 1.07340e-02 9.82414e-03 8.94602e-03 8.16237e-03 7.49603e-03 6.93307e-03 6.44378e-03 6.00055e-03 5.58404e-03 5.18269e-03 4.79063e-03 4.40619e-03 4.03084e-03 3.66815e-03 3.32272e-03 2.99901e-03 2.70060e-03 2.42973e-03 2.18732e-03 1.97320e-03 1.78645e-03 1.62572e-03 1.48945e-03 1.37591e-03 1.28316e-03 1.20899e-03 1.15094e-03 1.10642e-03 1.07289e-03 1.04795e-03 1.02941e-03 1.01533e-03 1.00401e-03 9.93788e-04 9.82657e-04 9.68162e-04 9.47909e-04 9.20618e-04 8.86912e-04 8.49089e-04 8.09978e-04 7.71800e-04 7.35836e-04 7.02729e-04 6.72797e-04 6.46052e-04 6.22117e-04 6.00219e-04 5.79260e-04 5.57896e-04 5.34595e-04 5.07734e-04 4.75785e-04 4.37588e-04 3.92660e-04 3.41451e-04 2.85503e-04 2.27468e-04 1.70849e-04 1.19314e-04 7.58034e-05 4.21489e-05 1.92255e-05 6.52593e-06 1.43019e-06 1.64047e-07 7.88561e-09 1.22263e-10
4.314344 1.30704e-03 3.40031e-03 5.49920e-03 8.42687e-03 1.16152e-02 1.44077e-02 1.62416e-02 1.68451e-02 1.63027e-02 1.49697e-02 1.33082e-02 1.17331e-02 1.05226e-02 9.80096e-03 9.57126e-03 9.76181e-03 1.02638e-02 1.09558e-02 1.17219e-02 1.24612e-02 1.30844e-02 1.35111e-02 1.36844e-02 1.35935e-02 1.32701e-02 1.27573e-02 1.20904e-02 1.13007e-02 1.04293e-02 9.54055e-03 8.70800e-03 7.98102e-03 7.36735e-03 6.84467e-03 6.38285e-03 5.95761e-03 5.55316e-03 5.16045e-03 4.77512e-03 4.39634e-03 4.02599e-03 3.66784e-03 3.32646e-03 3.00628e-03 2.71075e-03 2.44207e-03 2.20110e-03 1.98766e-03 1.80083e-03 1.63922e-03 1.50124e-03 1.38517e-03 1.28916e-03 1.21127e-03 1.14938e-03 1.10129e-03 1.06474e-03 1.03744e-03 1.01717e-03 1.00181e-03 9.89424e-04 9.78024e-04 9.65311e-04 9.48696e-04 9.26003e-04 8.96485e-04 8.61327e-04 8.23078e-04 7.84390e-04 7.47098e-04 7.12171e-04 6.80126e-04 6.51266e-04 6.25615e-04 6.02807e-04 5.82081e-04 5.62351e-04 5.42273e-04 5.20307e-04 4.94816e-04 4.64264e-04 4.27492e-04 3.84010e-04 3.34241e-04 2.79672e-04 2.22885e-04 1.67327e-04 1.16666e-04 7.39071e-05 4.09382e-05 1.86002e-05 6.29488e-06 1.37982e-06 1.60316e-07 8.21110e-09 1.37797e-10
4.364511 1.30522e-03 3.39510e-03 5.48838e-03 8.40127e-03 1.15589e-02 1.43022e-02 1.60737e-02 1.66159e-02 1.60326e-02 1.46955e-02 1.30719e-02 1.15687e-02 1.04481e-02 9.81993e-03 9.67876e-03 9.95008e-03 1.05247e-02 1.12821e-02 1.21045e-02 1.28784e-02 1.34898e-02 1.38378e-02 1.38723e-02 1.36186e-02 1.31510e-02 1.25386e-02 1.18180e-02 1.10078e-02 1.01421e-02 9.28455e-03 8.50220e-03 7.83022e-03 7.26351e-03 6.77483e-03 6.33567e-03 5.92544e-03 5.53147e-03 5.14667e-03 4.76777e-03 4.39450e-03 4.02901e-03 3.67512e-03 3.33746e-03 3.02039e-03 2.72733e-03 2.46045e-03 2.22060e-03 2.00760e-03 1.82048e-03 1.65781e-03 1.51792e-03 1.39910e-03 1.29966e-03 1.21793e-03 1.15216e-03 1.10051e-03 1.06094e-03 1.03123e-03 1.00902e-03 9.92019e-04 9.78039e-04 9.64840e-04 9.49919e-04 9.30705e-04 9.05357e-04 8.73675e-04 8.37295e-04 7.98843e-04 7.60680e-04 7.24248e-04 6.90256e-04 6.59136e-04 6.31188e-04 6.06448e-04 5.84562e-04 5.64784e-04 5.46045e-04 5.27006e-04 5.06123e-04 4.81761e-04 4.52393e-04 4.16880e-04 3.74746e-04 3.26399e-04 2.73273e-04 2.17862e-04 1.63527e-04 1.13894e-04 7.19957e-05 3.97613e-05 1.80112e-05 6.08408e-06 1.33625e-06 1.57904e-07 8.66507e-09 1.56028e-10
4.414678 1.30549e-03 3.39440e-03 5.48147e-03 8.37775e-03 1.15033e-02 1.41965e-02 1.59061e-02 1.63897e-02 1.57706e-02 1.44354e-02 1.28551e-02 1.14279e-02 1.04011e-02 9.87146e-03 9.82635e-03 1.01884e-02 1.08473e-02 1.16799e-02 1.25574e-02 1.33424e-02 1.38951e-02 1.41119e-02 1.39734e-02 1.35535e-02 1.29640e-02 1.22831e-02 1.15335e-02 1.07186e-02 9.86974e-03 9.05092e-03 8.32087e-03 7.70066e-03 7.17518e-03 6.71521e-03 6.29512e-03 5.89786e-03 5.51338e-03 5.13609e-03 4.76347e-03 4.39558e-03 4.03472e-03 3.68481e-03 3.35049e-03 3.03615e-03 2.74524e-03 2.47994e-03 2.24111e-03 2.02853e-03 1.84116e-03 1.67746e-03 1.53570e-03 1.41419e-03 1.31143e-03 1.22602e-03 1.15659e-03 1.10160e-03 1.05916e-03 1.02701e-03 1.00265e-03 9.83597e-04 9.67446e-04 9.51773e-04 9.33990e-04 9.11686e-04 8.83459e-04 8.49651e-04 8.12227e-04 7.73734e-04 7.36161e-04 7.00559e-04 6.67433e-04 6.37159e-04 6.10036e-04 5.86104e-04 5.65013e-04 5.46034e-04 5.28109e-04 5.09913e-04 4.89907e-04 4.66472e-04 4.38120e-04 4.03762e-04 3.62965e-04 3.16147e-04 2.64696e-04 2.11007e-04 1.58315e-04 1.10143e-04 6.94839e-05 3.82688e-05 1.72875e-05 5.83157e-06 1.28517e-06 1.55131e-07 9.17187e-09 1.75902e-10
4.464845 1.30489e-03 3.39102e-03 5.46976e-03 8.34462e-03 1.14306e-02 1.40674e-02 1.57117e-02 1.61371e-02 1.54863e-02 1.41599e-02 1.26304e-02 1.12863e-02 1.03607e-02 9.93886e-03 1.00013e-02 1.04671e-02 1.12216e-02 1.21307e-02 1.30428e-02 1.37919e-02 1.42267e-02 1.42654e-02 1.39380e-02 1.33678e-02 1.26896e-02 1.19721e-02 1.12144e-02 1.04078e-02 9.58601e-03 8.81319e-03 8.13748e-03 7.56651e-03 7.07819e-03 6.64376e-03 6.24110e-03 5.85649e-03 5.48198e-03 5.11309e-03 4.74778e-03 4.38628e-03 4.03095e-03 3.68579e-03 3.35550e-03 3.04455e-03 2.75647e-03 2.49346e-03 2.25640e-03 2.04497e-03 1.85802e-03 1.69387e-03 1.55073e-03 1.42697e-03 1.32129e-03 1.23263e-03 1.15995e-03 1.10195e-03 1.05685e-03 1.02228e-03 9.95608e-04 9.74149e-04 9.55362e-04 9.36714e-04 9.15659e-04 8.90068e-04 8.59036e-04 8.23383e-04 7.85252e-04 7.46975e-04 7.10117e-04 6.75385e-04 6.43127e-04 6.13688e-04 5.87365e-04 5.64195e-04 5.43835e-04 5.25566e-04 5.08351e-04 4.90875e-04 4.71618e-04 4.48996e-04 4.21579e-04 3.88353e-04 3.48950e-04 3.03809e-04 2.54276e-04 2.02633e-04 1.51956e-04 1.05618e-04 6.65183e-05 3.65538e-05 1.64785e-05 5.55655e-06 1.23121e-06 1.52504e-07 9.74190e-09 1.97295e-10
4.515011 1.30143e-03 3.37828e-03 5.43932e-03 8.28121e-03 1.13150e-02 1.38847e-02 1.54600e-02 1.58320e-02 1.51602e-02 1.38550e-02 1.23875e-02 1.11357e-02 1.03200e-02 1.00158e-02 1.01977e-02 1.07784e-02 1.16319e-02 1.26018e-02 1.35066e-02 1.41614e-02 1.44261e-02 1.42627e-02 1.37566e-02 1.30703e-02 1.23425e-02 1.16171e-02 1.08675e-02 1.00801e-02 9.29461e-03 8.57282e-03 7.95099e-03 7.42538e-03 6.97018e-03 6.55877e-03 6.17268e-03 5.80101e-03 5.43743e-03 5.07818e-03 4.72146e-03 4.36752e-03 4.01876e-03 3.67922e-03 3.35373e-03 3.04689e-03 2.76236e-03 2.50241e-03 2.26785e-03 2.05828e-03 1.87235e-03 1.70826e-03 1.56415e-03 1.43851e-03 1.33025e-03 1.23865e-03 1.16300e-03 1.10221e-03 1.05451e-03 1.01746e-03 9.88246e-04 9.64058e-04 9.42249e-04 9.20268e-04 8.95718e-04 8.66841e-04 8.33228e-04 7.96074e-04 7.57552e-04 7.19682e-04 6.83607e-04 6.49746e-04 6.18337e-04 5.89708e-04 5.64152e-04 5.41700e-04 5.22011e-04 5.04385e-04 4.87796e-04 4.70948e-04 4.52347e-04 4.30453e-04 4.03912e-04 3.71797e-04 3.33814e-04 2.90431e-04 2.42950e-04 1.93535e-04 1.45080e-04 1.00776e-04 6.34001e-05 3.47906e-05 1.56676e-05 5.28873e-06 1.18107e-06 1.50775e-07 1.04049e-08 2.20574e-10
4.565178 1.29606e-03 3.35864e-03 5.39055e-03 8.18325e-03 1.11515e-02 1.36475e-02 1.51561e-02 1.54860e-02 1.48097e-02 1.35417e-02 1.21483e-02 1.09971e-02 1.02986e-02 1.01212e-02 1.04328e-02 1.11345e-02 1.20780e-02 1.30760e-02 1.39220e-02 1.44316e-02 1.44981e-02 1.41370e-02 1.34837e-02 1.27235e-02 1.19815e-02 1.12680e-02 1.05364e-02 9.77537e-03 9.03085e-03 8.36005e-03 7.78743e-03 7.30099e-03 6.87386e-03 6.48237e-03 6.11130e-03 5.75196e-03 5.39917e-03 5.04957e-03 4.70139e-03 4.35484e-03 4.01229e-03 3.67790e-03 3.35669e-03 3.05350e-03 2.77215e-03 2.51498e-03 2.28277e-03 2.07492e-03 1.88989e-03 1.72573e-03 1.58056e-03 1.45297e-03 1.34212e-03 1.24763e-03 1.16906e-03 1.10546e-03 1.05509e-03 1.01536e-03 9.83336e-04 9.56062e-04 9.30833e-04 9.05149e-04 8.76845e-04 8.44593e-04 8.08457e-04 7.69914e-04 7.31057e-04 6.93540e-04 6.58117e-04 6.24972e-04 5.94271e-04 5.66334e-04 5.41446e-04 5.19626e-04 5.00531e-04 4.83463e-04 4.67407e-04 4.51077e-04 4.33007e-04 4.11714e-04 3.85929e-04 3.54825e-04 3.18194e-04 2.76541e-04 2.31133e-04 1.84011e-04 1.37881e-04 9.57300e-05 6.01822e-05 3.29970e-05 1.48565e-05 5.02644e-06 1.13380e-06 1.49733e-07 1.11402e-08 2.45303e-10
4.615345 1.29609e-03 3.35218e-03 5.36154e-03 8.11252e-03 1.10235e-02 1.34555e-02 1.49073e-02 1.52031e-02 1.45275e-02 1.32989e-02 1.19802e-02 1.09321e-02 1.03586e-02 1.03217e-02 1.07773e-02 1.16035e-02 1.26183e-02 1.36018e-02 1.43363e-02 1.46594e-02 1.45130e-02 1.39678e-02 1.31997e-02 1.24006e-02 1.16668e-02 1.09729e-02 1.02601e-02 9.52578e-03 8.82144e-03 8.19743e-03 7.66715e-03 7.21287e-03 6.80834e-03 6.43298e-03 6.07436e-03 5.72548e-03 5.38191e-03 5.04050e-03 4.69939e-03 4.35872e-03 4.02090e-03 3.69026e-03 3.37206e-03 3.07143e-03 2.79238e-03 2.53729e-03 2.30683e-03 2.10018e-03 1.91559e-03 1.75094e-03 1.60433e-03 1.47450e-03 1.36089e-03 1.26336e-03 1.18175e-03 1.11522e-03 1.06197e-03 1.01932e-03 9.84159e-04 9.53433e-04 9.24406e-04 8.94685e-04 8.62402e-04 8.26678e-04 7.88012e-04 7.48066e-04 7.08770e-04 6.71405e-04 6.36373e-04 6.03681e-04 5.73454e-04 5.46007e-04 5.21613e-04 5.00278e-04 4.81644e-04 4.65007e-04 4.49351e-04 4.33394e-04 4.15692e-04 3.94819e-04 3.69594e-04 3.39295e-04 3.03802e-04 2.63666e-04 2.20126e-04 1.75112e-04 1.31151e-04 9.10260e-05 5.72039e-05 3.13559e-05 1.41268e-05 4.79691e-06 1.09549e-06 1.50178e-07 1.20090e-08 2.72894e-10
4.665512 1.30094e-03 3.35723e-03 5.34979e-03 8.06745e-03 1.09303e-02 1.33075e-02 1.47107e-02 1.49785e-02 1.43068e-02 1.31192e-02 1.18776e-02 1.09397e-02 1.05054e-02 1.06270e-02 1.12385e-02 1.21815e-02 1.32332e-02 1.41497e-02 1.47222e-02 1.48291e-02 1.44681e-02 1.37617e-02 1.29142e-02 1.21071e-02 1.13964e-02 1.07237e-02 1.00286e-02 9.32096e-03 8.65577e-03 8.07462e-03 7.58093e-03 7.15339e-03 6.76739e-03 6.40535e-03 6.05716e-03 5.71711e-03 5.38126e-03 5.04650e-03 4.71093e-03 4.37464e-03 4.04014e-03 3.71199e-03 3.39579e-03 3.09693e-03 2.81959e-03 2.56613e-03 2.33704e-03 2.13126e-03 1.94678e-03 1.78135e-03 1.63310e-03 1.50091e-03 1.38445e-03 1.28389e-03 1.19923e-03 1.12971e-03 1.07347e-03 1.02771e-03 9.89150e-04 9.54677e-04 9.21556e-04 8.87558e-04 8.51157e-04 8.11932e-04 7.70758e-04 7.29395e-04 6.89551e-04 6.52131e-04 6.17243e-04 5.84764e-04 5.54797e-04 5.27659e-04 5.03611e-04 4.82634e-04 4.64351e-04 4.48041e-04 4.32675e-04 4.16966e-04 3.99494e-04 3.78891e-04 3.54069e-04 3.24415e-04 2.89903e-04 2.51134e-04 2.09331e-04 1.66322e-04 1.24462e-04 8.63336e-05 5.42316e-05 2.97235e-05 1.34061e-05 4.57349e-06 1.05987e-06 1.51351e-07 1.29733e-08 3.02764e-10
4.715679 1.30367e-03 3.35593e-03 5.32622e-03 8.00310e-03 1.08109e-02 1.31299e-02 1.44856e-02 1.47303e-02 1.40701e-02 1.29327e-02 1.17806e-02 1.09701e-02 1.06954e-02 1.09914e-02 1.17568e-02 1.27869e-02 1.38221e-02 1.46128e-02 1.49807e-02 1.48569e-02 1.42960e-02 1.34641e-02 1.25784e-02 1.17927e-02 1.11161e-02 1.04662e-02 9.79054e-03 9.11322e-03 8.48914e-03 7.94962e-03 7.48972e-03 7.08650e-03 6.71765e-03 6.36839e-03 6.03050e-03 5.69926e-03 5.37107e-03 5.04286e-03 4.71268e-03 4.38070e-03 4.04964e-03 3.72433e-03 3.41069e-03 3.11433e-03 2.83949e-03 2.58843e-03 2.36141e-03 2.15709e-03 1.97323e-03 1.80750e-03 1.65806e-03 1.52398e-03 1.40519e-03 1.30205e-03 1.21475e-03 1.14255e-03 1.08353e-03 1.03473e-03 9.92792e-04 9.54534e-04 9.17284e-04 8.79032e-04 8.38638e-04 7.96124e-04 7.52677e-04 7.10064e-04 6.69727e-04 6.32212e-04 5.97383e-04 5.65034e-04 5.35264e-04 5.08395e-04 4.84668e-04 4.64038e-04 4.46101e-04 4.30109e-04 4.15014e-04 3.99527e-04 3.82255e-04 3.61898e-04 3.37471e-04 3.08475e-04 2.74983e-04 2.37646e-04 1.97670e-04 1.56785e-04 1.17173e-04 8.12013e-05 5.09754e-05 2.79362e-05 1.26183e-05 4.32916e-06 1.02037e-06 1.52238e-07 1.39389e-08 3.32679e-10
4.765845 1.30267e-03 3.34468e-03 5.28599e-03 7.91340e-03 1.06574e-02 1.29126e-02 1.42206e-02 1.44470e-02 1.38060e-02 1.27300e-02 1.16831e-02 1.10203e-02 1.09246e-02 1.14009e-02 1.22999e-02 1.33688e-02 1.43259e-02 1.49383e-02 1.50743e-02 1.47230e-02 1.39909e-02 1.30764e-02 1.21925e-02 1.14501e-02 1.08120e-02 1.01843e-02 9.53074e-03 8.88772e-03 8.30620e-03 7.80678e-03 7.37824e-03 6.99763e-03 6.64526e-03 6.30882e-03 5.98163e-03 5.65963e-03 5.33947e-03 5.01815e-03 4.69384e-03 4.36689e-03 4.04028e-03 3.71914e-03 3.40957e-03 3.11732e-03 2.84655e-03 2.59933e-03 2.37561e-03 2.17380e-03 1.99149e-03 1.82630e-03 1.67649e-03 1.54132e-03 1.42091e-03 1.31587e-03 1.22648e-03 1.15204e-03 1.09056e-03 1.03898e-03 9.93845e-04 9.51966e-04 9.10772e-04 8.68512e-04 8.24449e-04 7.79015e-04 7.33626e-04 6.89988e-04 6.49251e-04 6.11644e-04 5.76842e-04 5.44591e-04 5.15001e-04 4.88395e-04 4.64999e-04 4.44733e-04 4.27163e-04 4.11510e-04 3.96703e-04 3.81453e-04 3.64399e-04 3.44318e-04 3.20330e-04 2.92050e-04 2.59642e-04 2.23805e-04 1.85720e-04 1.47022e-04 1.09718e-04 7.59608e-05 4.76622e-05 2.61284e-05 1.18279e-05 4.08668e-06 9.81927e-07 1.53320e-07 1.49123e-08 3.62503e-10
4.816012 1.29932e-03 3.32583e-03 5.22978e-03 7.79841e-03 1.04723e-02 1.26618e-02 1.39263e-02 1.41438e-02 1.35348e-02 1.25350e-02 1.16108e-02 1.11137e-02 1.12067e-02 1.18518e-02 1.28461e-02 1.38985e-02 1.47256e-02 1.51294e-02 1.50324e-02 1.44785e-02 1.36174e-02 1.26652e-02 1.18141e-02 1.11250e-02 1.05234e-02 9.91680e-03 9.28780e-03 8.68069e-03 8.13980e-03 7.67628e-03 7.27508e-03 6.91435e-03 6.57690e-03 6.25240e-03 5.93523e-03 5.62178e-03 5.30887e-03 4.99367e-03 4.67457e-03 4.35223e-03 4.02992e-03 3.71300e-03 3.40774e-03 3.11983e-03 2.85333e-03 2.61004e-03 2.38965e-03 2.19032e-03 2.00953e-03 1.84490e-03 1.69481e-03 1.55868e-03 1.43686e-03 1.33008e-03 1.23876e-03 1.16221e-03 1.09837e-03 1.04409e-03 9.95852e-04 9.50440e-04 9.05408e-04 8.59289e-04 8.11744e-04 7.63574e-04 7.16359e-04 6.71697e-04 6.30451e-04 5.92576e-04 5.57613e-04 5.25288e-04 4.95737e-04 4.69289e-04 4.46148e-04 4.26200e-04 4.08966e-04 3.93629e-04 3.79085e-04 3.64041e-04 3.47172e-04 3.27332e-04 3.03752e-04 2.76156e-04 2.44794e-04 2.10404e-04 1.74148e-04 1.37562e-04 1.02491e-04 7.08833e-05 4.44585e-05 2.43873e-05 1.10717e-05 3.85728e-06 9.46661e-07 1.54772e-07 1.58951e-08 3.92204e-10
4.866179 1.29888e-03 3.31381e-03 5.18251e-03 7.69504e-03 1.03045e-02 1.24368e-02 1.36664e-02 1.38830e-02 1.33144e-02 1.24022e-02 1.16162e-02 1.12992e-02 1.15821e-02 1.23739e-02 1.34196e-02 1.44053e-02 1.50649e-02 1.52463e-02 1.49271e-02 1.42005e-02 1.32493e-02 1.22945e-02 1.14943e-02 1.08584e-02 1.02871e-02 9.69856e-03 9.09386e-03 8.52100e-03 8.01630e-03 7.58323e-03 7.20474e-03 6.86053e-03 6.53562e-03 6.22114e-03 5.91217e-03 5.60539e-03 5.29779e-03 4.98683e-03 4.67126e-03 4.35212e-03 4.03299e-03 3.71942e-03 3.41770e-03 3.13345e-03 2.87048e-03 2.63033e-03 2.41245e-03 2.21483e-03 2.03487e-03 1.87023e-03 1.71942e-03 1.58199e-03 1.45845e-03 1.34971e-03 1.25625e-03 1.17742e-03 1.11111e-03 1.05407e-03 1.00268e-03 9.53719e-04 9.04869e-04 8.54944e-04 8.03981e-04 7.53099e-04 7.03992e-04 6.58122e-04 6.16088e-04 5.77625e-04 5.42177e-04 5.09484e-04 4.79711e-04 4.53203e-04 4.30143e-04 4.10376e-04 3.93370e-04 3.78256e-04 3.63889e-04 3.48961e-04 3.32182e-04 3.12482e-04 2.89194e-04 2.62144e-04 2.31664e-04 1.98524e-04 1.63867e-04 1.29145e-04 9.60552e-05 6.63636e-05 4.16138e-05 2.28504e-05 1.04119e-05 3.66238e-06 9.19658e-07 1.57372e-07 1.69620e-08 4.23615e-10
4.916346 1.30297e-03 3.31311e-03 5.15365e-03 7.62001e-03 1.01759e-02 1.22614e-02 1.34641e-02 1.36848e-02 1.31626e-02 1.23496e-02 1.17182e-02 1.15932e-02 1.20602e-02 1.29684e-02 1.40189e-02 1.48925e-02 1.53552e-02 1.53069e-02 1.47788e-02 1.39075e-02 1.29006e-02 1.19705e-02 1.12309e-02 1.06433e-02 1.00947e-02 9.52092e-03 8.93961e-03 8.39887e-03 7.92637e-03 7.51945e-03 7.16016e-03 6.82993e-03 6.51559e-03 6.20935e-03 5.90677e-03 5.60471e-03 5.30045e-03 4.99186e-03 4.67823e-03 4.36107e-03 4.04429e-03 3.73355e-03 3.43503e-03 3.15412e-03 2.89433e-03 2.65690e-03 2.44106e-03 2.24464e-03 2.06507e-03 1.90006e-03 1.74824e-03 1.60931e-03 1.48392e-03 1.37310e-03 1.27744e-03 1.19630e-03 1.12751e-03 1.06773e-03 1.01325e-03 9.60826e-04 9.08272e-04 8.54682e-04 8.00442e-04 7.46939e-04 6.95929e-04 6.48725e-04 6.05690e-04 5.66380e-04 5.30186e-04 4.96874e-04 4.66655e-04 4.39889e-04 4.16745e-04 3.97023e-04 3.80134e-04 3.65145e-04 3.50862e-04 3.35964e-04 3.19188e-04 2.99540e-04 2.76446e-04 2.49829e-04 2.20088e-04 1.88024e-04 1.54758e-04 1.21672e-04 9.03320e-05 6.23407e-05 3.90843e-05 2.14898e-05 9.83436e-06 3.49690e-06 8.99926e-07 1.61090e-07 1.81275e-08 4.57233e-10
4.966513 1.30722e-03 3.31257e-03 5.12473e-03 7.54548e-03 1.00496e-02 1.20914e-02 1.32713e-02 1.35025e-02 1.30382e-02 1.23423e-02 1.18841e-02 1.19572e-02 1.25899e-02 1.35729e-02 1.45784e-02 1.52994e-02 1.55451e-02 1.52697e-02 1.45543e-02 1.35725e-02 1.25457e-02 1.16643e-02 1.09908e-02 1.04453e-02 9.91415e-03 9.35491e-03 8.79823e-03 8.28905e-03 7.84653e-03 7.46335e-03 7.12148e-03 6.80406e-03 6.49940e-03 6.20050e-03 5.90321e-03 5.60459e-03 5.30231e-03 4.99486e-03 4.68222e-03 4.36649e-03 4.05187e-03 3.74404e-03 3.44897e-03 3.17166e-03 2.91524e-03 2.68061e-03 2.46677e-03 2.27150e-03 2.09224e-03 1.92686e-03 1.77409e-03 1.63381e-03 1.50679e-03 1.39417e-03 1.29662e-03 1.21349e-03 1.14255e-03 1.08033e-03 1.02304e-03 9.67431e-04 9.11469e-04 8.54534e-04 7.97337e-04 7.41485e-04 6.88748e-04 6.40274e-04 5.96203e-04 5.55953e-04 5.18895e-04 4.84848e-04 4.54082e-04 4.26979e-04 4.03692e-04 3.83973e-04 3.67166e-04 3.52267e-04 3.38033e-04 3.23125e-04 3.06322e-04 2.86704e-04 2.63799e-04 2.37617e-04 2.08617e-04 1.77624e-04 1.45736e-04 1.14260e-04 8.46412e-05 5.83269e-05 3.65504e-05 2.01207e-05 9.25006e-06 3.32782e-06 8.78825e-07 1.64430e-07 1.92331e-08 4.89131e-10
5.016679 1.30882e-03 3.30593e-03 5.08823e-03 7.46169e-03 9.91197e-03 1.19089e-02 1.30672e-02 1.33151e-02 1.29226e-02 1.23632e-02 1.20929e-02 1.23595e-02 1.31270e-02 1.41361e-02 1.50474e-02 1.55815e-02 1.55982e-02 1.51059e-02 1.42312e-02 1.31764e-02 1.21645e-02 1.13509e-02 1.07438e-02 1.02337e-02 9.71707e-03 9.17425e-03 8.64450e-03 8.16706e-03 7.75323e-03 7.39243e-03 7.06716e-03 6.76216e-03 6.46697e-03 6.17517e-03 5.88280e-03 5.58719e-03 5.28654e-03 4.98010e-03 4.66868e-03 4.35499e-03 4.04348e-03 3.73973e-03 3.44933e-03 3.17676e-03 2.92468e-03 2.69362e-03 2.48241e-03 2.28881e-03 2.11037e-03 1.94512e-03 1.79197e-03 1.65091e-03 1.52287e-03 1.40907e-03 1.31023e-03 1.22569e-03 1.15313e-03 1.08899e-03 1.02937e-03 9.71078e-04 9.12228e-04 8.52488e-04 7.92859e-04 7.35113e-04 6.80989e-04 6.31456e-04 5.86457e-04 5.45311e-04 5.07400e-04 4.72618e-04 4.41305e-04 4.13871e-04 3.90451e-04 3.70746e-04 3.54027e-04 3.39221e-04 3.25032e-04 3.10118e-04 2.93302e-04 2.73750e-04 2.51085e-04 2.25400e-04 1.97203e-04 1.67326e-04 1.36839e-04 1.06974e-04 7.90577e-05 5.43928e-05 3.40681e-05 1.87800e-05 8.67765e-06 3.16164e-06 8.57529e-07 1.67388e-07 2.02541e-08 5.18554e-10
5.066846 1.30767e-03 3.29196e-03 5.03984e-03 7.36158e-03 9.75444e-03 1.17046e-02 1.28445e-02 1.31199e-02 1.28170e-02 1.24118e-02 1.23337e-02 1.27736e-02 1.36336e-02 1.46189e-02 1.53957e-02 1.57236e-02 1.55157e-02 1.48312e-02 1.38347e-02 1.27471e-02 1.17800e-02 1.10440e-02 1.04978e-02 1.00158e-02 9.51277e-03 8.98910e-03 8.48786e-03 8.04126e-03 7.65415e-03 7.31400e-03 7.00422e-03 6.71103e-03 6.42493e-03 6.13990e-03 5.85217e-03 5.55939e-03 5.26036e-03 4.95519e-03 4.64549e-03 4.33454e-03 4.02697e-03 3.72812e-03 3.44308e-03 3.17580e-03 2.92841e-03 2.70115e-03 2.49271e-03 2.30092e-03 2.12348e-03 1.95859e-03 1.80535e-03 1.66387e-03 1.53517e-03 1.42056e-03 1.32079e-03 1.23520e-03 1.16140e-03 1.09571e-03 1.03418e-03 9.73645e-04 9.12385e-04 8.50324e-04 7.88704e-04 7.29413e-04 6.74127e-04 6.23643e-04 5.77740e-04 5.35670e-04 4.96859e-04 4.61291e-04 4.29383e-04 4.01578e-04 3.77994e-04 3.58275e-04 3.41618e-04 3.26875e-04 3.12702e-04 2.97760e-04 2.80922e-04 2.61443e-04 2.39035e-04 2.13861e-04 1.86466e-04 1.57684e-04 1.28544e-04 1.00206e-04 7.38886e-05 5.07617e-05 3.17847e-05 1.75521e-05 8.15704e-06 3.01254e-06 8.39451e-07 1.70473e-07 2.12368e-08 5.46614e-10
5.117013 1.30569e-03 3.27504e-03 4.98480e-03 7.25129e-03 9.58614e-03 1.14924e-02 1.26212e-02 1.29382e-02 1.27425e-02 1.25029e-02 1.26094e-02 1.31923e-02 1.41005e-02 1.50200e-02 1.56363e-02 1.57542e-02 1.53392e-02 1.44953e-02 1.34164e-02 1.23311e-02 1.14282e-02 1.07702e-02 1.02756e-02 9.81591e-03 9.32680e-03 8.82435e-03 8.35148e-03 7.93342e-03 7.57016e-03 7.24833e-03 6.95241e-03 6.66985e-03 6.39191e-03 6.11286e-03 5.82910e-03 5.53864e-03 5.24092e-03 4.93685e-03 4.62881e-03 4.32055e-03 4.01677e-03 3.72252e-03 3.44239e-03 3.17977e-03 2.93636e-03 2.71214e-03 2.50576e-03 2.31515e-03 2.13821e-03 1.97333e-03 1.81975e-03 1.67770e-03 1.54826e-03 1.43281e-03 1.33214e-03 1.24558e-03 1.17066e-03 1.10362e-03 1.04042e-03 9.77916e-04 9.14545e-04 8.50452e-04 7.87078e-04 7.26384e-04 6.69974e-04 6.18481e-04 5.71551e-04 5.28404e-04 4.88530e-04 4.52022e-04 4.19388e-04 3.91105e-04 3.67270e-04 3.47467e-04 3.30807e-04 3.16059e-04 3.01833e-04 2.86796e-04 2.69879e-04 2.50421e-04 2.28220e-04 2.03501e-04 1.76836e-04 1.49051e-04 1.21134e-04 9.41754e-05 6.92940e-05 4.75429e-05 2.97676e-05 1.64735e-05 7.70434e-06 2.88603e-06 8.25979e-07 1.73941e-07 2.22121e-08 5.74125e-10
5.167180 1.30762e-03 3.26865e-03 4.94754e-03 7.16817e-03 9.45594e-03 1.13301e-02 1.24602e-02 1.28316e-02 1.27546e-02 1.26828e-02 1.29598e-02 1.36551e-02 1.45742e-02 1.53958e-02 1.58335e-02 1.57409e-02 1.51341e-02 1.41569e-02 1.30252e-02 1.19659e-02 1.11361e-02 1.05502e-02 1.00966e-02 9.65304e-03 9.17694e-03 8.69546e-03 8.24893e-03 7.85606e-03 7.51330e-03 7.20697e-03 6.92264e-03 6.64879e-03 6.37729e-03 6.10267e-03 5.82153e-03 5.53228e-03 5.23496e-03 4.93126e-03 4.62424e-03 4.31803e-03 4.01736e-03 3.72695e-03 3.45089e-03 3.19202e-03 2.95165e-03 2.72955e-03 2.52436e-03 2.33417e-03 2.15707e-03 1.99167e-03 1.83735e-03 1.69443e-03 1.56406e-03 1.44767e-03 1.34605e-03 1.25852e-03 1.18255e-03 1.11425e-03 1.04953e-03 9.85247e-04 9.19966e-04 8.54028e-04 7.89038e-04 7.27004e-04 6.69441e-04 6.16836e-04 5.68727e-04 5.24324e-04 4.83204e-04 4.45583e-04 4.12067e-04 3.83175e-04 3.58979e-04 3.38992e-04 3.22230e-04 3.07378e-04 2.92999e-04 2.77768e-04 2.60677e-04 2.41148e-04 2.19059e-04 1.94689e-04 1.68629e-04 1.41689e-04 1.14819e-04 8.90417e-05 6.53893e-05 4.48144e-05 2.80650e-05 1.55704e-05 7.33204e-06 2.78717e-06 8.18824e-07 1.78242e-07 2.32462e-08 6.02851e-10
5.217347 1.31303e-03 3.27124e-03 4.92511e-03 7.10858e-03 9.35977e-03 1.12136e-02 1.23579e-02 1.27969e-02 1.28471e-02 1.29402e-02 1.33684e-02 1.41448e-02 1.50408e-02 1.57375e-02 1.59838e-02 1.56839e-02 1.49029e-02 1.38183e-02 1.26607e-02 1.16461e-02 1.08937e-02 1.03718e-02 9.94967e-03 9.51830e-03 9.05523e-03 8.59472e-03 8.17287e-03 7.80265e-03 7.47789e-03 7.18500e-03 6.91053e-03 6.64390e-03 6.37745e-03 6.10601e-03 5.82641e-03 5.53743e-03 5.23976e-03 4.93574e-03 4.62906e-03 4.32418e-03 4.02582e-03 3.73840e-03 3.46551e-03 3.20950e-03 2.97127e-03 2.75041e-03 2.54559e-03 2.35506e-03 2.17717e-03 2.01072e-03 1.85527e-03 1.71122e-03 1.57980e-03 1.46244e-03 1.35996e-03 1.27160e-03 1.19475e-03 1.12538e-03 1.05934e-03 9.93490e-04 9.26535e-04 8.58991e-04 7.92596e-04 7.29373e-04 6.70738e-04 6.17033e-04 5.67698e-04 5.21961e-04 4.79506e-04 4.40692e-04 4.06230e-04 3.76677e-04 3.52077e-04 3.31859e-04 3.14938e-04 2.99909e-04 2.85295e-04 2.69790e-04 2.52450e-04 2.32786e-04 2.10752e-04 1.86675e-04 1.61156e-04 1.34987e-04 1.09074e-04 8.43734e-05 6.18395e-05 4.23334e-05 2.65166e-05 1.47494e-05 6.99463e-06 2.69876e-06 8.13328e-07 1.82513e-07 2.42410e-08 6.30314e-10
5.267513 1.31778e-03 3.27248e-03 4.90199e-03 7.04994e-03 9.26801e-03 1.11086e-02 1.22776e-02 1.27948e-02 1.29765e-02 1.32251e-02 1.37802e-02 1.46039e-02 1.54427e-02 1.59900e-02 1.60358e-02 1.55373e-02 1.46044e-02 1.34420e-02 1.22866e-02 1.13344e-02 1.06615e-02 1.01960e-02 9.79846e-03 9.37824e-03 8.93028e-03 8.49215e-03 8.09473e-03 7.74604e-03 7.43815e-03 7.15783e-03 6.89262e-03 6.63274e-03 6.37104e-03 6.10263e-03 5.82464e-03 5.53625e-03 5.23866e-03 4.93483e-03 4.62893e-03 4.32569e-03 4.02980e-03 3.74538e-03 3.47557e-03 3.22223e-03 2.98592e-03 2.76608e-03 2.56141e-03 2.37038e-03 2.19157e-03 2.02405e-03 1.86752e-03 1.72253e-03 1.59032e-03 1.47235e-03 1.36938e-03 1.28060e-03 1.20325e-03 1.13321e-03 1.06625e-03 9.99268e-04 9.31093e-04 8.62398e-04 7.95019e-04 7.30963e-04 6.71531e-04 6.16918e-04 5.66491e-04 5.19513e-04 4.75802e-04 4.35868e-04 4.00534e-04 3.70389e-04 3.45438e-04 3.25019e-04 3.07942e-04 2.92719e-04 2.77842e-04 2.62037e-04 2.44437e-04 2.24641e-04 2.02676e-04 1.78909e-04 1.53948e-04 1.28554e-04 1.03585e-04 7.99340e-05 5.84757e-05 3.99883e-05 2.50551e-05 1.39749e-05 6.67572e-06 2.61444e-06 8.07453e-07 1.86252e-07 2.51260e-08 6.54668e-10
5.317680 1.31849e-03 3.26409e-03 4.86653e-03 6.97759e-03 9.16270e-03 1.09934e-02 1.21943e-02 1.27959e-02 1.31064e-02 1.34934e-02 1.41455e-02 1.49804e-02 1.57296e-02 1.61071e-02 1.59503e-02 1.52693e-02 1.42131e-02 1.30057e-02 1.18805e-02 1.10052e-02 1.04109e-02 9.99387e-03 9.61661e-03 9.20891e-03 8.77934e-03 8.36548e-03 7.99264e-03 7.66482e-03 7.37311e-03 7.10493e-03 6.84883e-03 6.59584e-03 6.33934e-03 6.07478e-03 5.79960e-03 5.51332e-03 5.21758e-03 4.91574e-03 4.61230e-03 4.31213e-03 4.01985e-03 3.73929e-03 3.47318e-03 3.22299e-03 2.98899e-03 2.77050e-03 2.56633e-03 2.37516e-03 2.19586e-03 2.02774e-03 1.87068e-03 1.72533e-03 1.59294e-03 1.47494e-03 1.37206e-03 1.28337e-03 1.20604e-03 1.13585e-03 1.06852e-03 1.00099e-03 9.32199e-04 8.62941e-04 7.95109e-04 7.30668e-04 6.70793e-04 6.15550e-04 5.64254e-04 5.16231e-04 4.71443e-04 4.30560e-04 3.94507e-04 3.63902e-04 3.38700e-04 3.18147e-04 3.00947e-04 2.85540e-04 2.70405e-04 2.54313e-04 2.36480e-04 2.16592e-04 1.94746e-04 1.71339e-04 1.46975e-04 1.22382e-04 9.83611e-05 7.57406e-05 5.53206e-05 3.78027e-05 2.37007e-05 1.32606e-05 6.38287e-06 2.53709e-06 8.01848e-07 1.89528e-07 2.59042e-08 6.75990e-10
5.367847 1.31582e-03 3.24684e-03 4.81735e-03 6.88885e-03 9.04270e-03 1.08686e-02 1.21075e-02 1.27951e-02 1.32247e-02 1.37273e-02 1.44445e-02 1.52585e-02 1.58946e-02 1.60957e-02 1.57492e-02 1.49136e-02 1.37689e-02 1.25491e-02 1.14759e-02 1.06833e-02 1.01609e-02 9.78420e-03 9.42524e-03 9.03299e-03 8.62485e-03 8.23605e-03 7.88677e-03 7.57825e-03 7.30135e-03 7.04436e-03 6.79684e-03 6.55061e-03 6.29957e-03 6.03952e-03 5.76816e-03 5.48530e-03 5.19282e-03 4.89429e-03 4.59432e-03 4.29783e-03 4.00931e-03 3.73241e-03 3.46956e-03 3.22194e-03 2.98963e-03 2.77193e-03 2.56778e-03 2.37611e-03 2.19607e-03 2.02723e-03 1.86965e-03 1.72403e-03 1.59163e-03 1.47383e-03 1.37126e-03 1.28294e-03 1.20592e-03 1.13590e-03 1.06856e-03 1.00087e-03 9.31859e-04 8.62406e-04 7.94435e-04 7.29849e-04 6.69698e-04 6.13933e-04 5.61841e-04 5.12835e-04 4.67043e-04 4.25298e-04 3.88629e-04 3.57662e-04 3.32291e-04 3.11653e-04 2.94348e-04 2.78752e-04 2.63343e-04 2.46948e-04 2.28873e-04 2.08896e-04 1.87174e-04 1.64133e-04 1.40364e-04 1.16559e-04 9.34603e-05 7.18292e-05 5.23941e-05 3.57859e-05 2.24567e-05 1.26070e-05 6.11521e-06 2.46594e-06 7.96156e-07 1.92244e-07 2.65628e-08 6.93968e-10
5.418014 1.31690e-03 3.23928e-03 4.78386e-03 6.82596e-03 8.96389e-03 1.08012e-02 1.20882e-02 1.28610e-02 1.33966e-02 1.39927e-02 1.47495e-02 1.55196e-02 1.60286e-02 1.60531e-02 1.55309e-02 1.45638e-02 1.33557e-02 1.21438e-02 1.11324e-02 1.04195e-02 9.95865e-03 9.61405e-03 9.27107e-03 8.89505e-03 8.50834e-03 8.14268e-03 7.81399e-03 7.52174e-03 7.25702e-03 7.00912e-03 6.76855e-03 6.52783e-03 6.28136e-03 6.02525e-03 5.75746e-03 5.47797e-03 5.18875e-03 4.89341e-03 4.59650e-03 4.30289e-03 4.01699e-03 3.74230e-03 3.48110e-03 3.23440e-03 3.00216e-03 2.78375e-03 2.57825e-03 2.38486e-03 2.20305e-03 2.03261e-03 1.87377e-03 1.72728e-03 1.59439e-03 1.47641e-03 1.37389e-03 1.28574e-03 1.20892e-03 1.13904e-03 1.07171e-03 1.00392e-03 9.34734e-04 8.65099e-04 7.96949e-04 7.32123e-04 6.71554e-04 6.15097e-04 5.62033e-04 5.11883e-04 4.64956e-04 4.22254e-04 3.84901e-04 3.53524e-04 3.27937e-04 3.07158e-04 2.89677e-04 2.73807e-04 2.58031e-04 2.41240e-04 2.22829e-04 2.02662e-04 1.80959e-04 1.58166e-04 1.34864e-04 1.11705e-04 8.93773e-05 6.85781e-05 4.99712e-05 3.41254e-05 2.14409e-05 1.20806e-05 5.90558e-06 2.41461e-06 7.94955e-07 1.95552e-07 2.72651e-08 7.12902e-10
5.468181 1.32331e-03 3.24557e-03 4.77436e-03 6.80286e-03 8.94435e-03 1.08113e-02 1.21557e-02 1.30097e-02 1.36369e-02 1.43063e-02 1.50813e-02 1.57881e-02 1.61577e-02 1.60049e-02 1.53176e-02 1.42362e-02 1.29827e-02 1.17926e-02 1.08482e-02 1.02103e-02 9.80175e-03 9.48252e-03 9.15353e-03 8.79360e-03 8.42735e-03 8.08258e-03 7.77166e-03 7.49298e-03 7.23819e-03 6.99757e-03 6.76254e-03 6.52623e-03 6.28347e-03 6.03069e-03 5.76609e-03 5.48976e-03 5.20365e-03 4.91120e-03 4.61684e-03 4.32529e-03 4.04091e-03 3.76714e-03 3.50617e-03 3.25894e-03 3.02540e-03 2.80496e-03 2.59691e-03 2.40073e-03 2.21618e-03 2.04330e-03 1.88249e-03 1.73456e-03 1.60071e-03 1.48218e-03 1.37943e-03 1.29126e-03 1.21454e-03 1.14475e-03 1.07746e-03 1.00961e-03 9.40305e-04 8.70508e-04 8.02154e-04 7.37014e-04 6.75919e-04 6.18644e-04 5.64483e-04 5.13082e-04 4.64938e-04 4.21222e-04 3.83146e-04 3.51325e-04 3.25480e-04 3.04504e-04 2.86775e-04 2.70550e-04 2.54323e-04 2.37052e-04 2.18220e-04 1.97773e-04 1.75988e-04 1.53332e-04 1.30374e-04 1.07727e-04 8.60277e-05 6.59151e-05 4.79937e-05 3.27784e-05 2.06250e-05 1.16654e-05 5.74712e-06 2.38125e-06 7.98159e-07 1.99564e-07 2.80365e-08 7.33488e-10
5.518347 1.32884e-03 3.25070e-03 4.76658e-03 6.78824e-03 8.94264e-03 1.08467e-02 1.22482e-02 1.31728e-02 1.38733e-02 1.45942e-02 1.53641e-02 1.59876e-02 1.62076e-02 1.58810e-02 1.50441e-02 1.38702e-02 1.25932e-02 1.14414e-02 1.05706e-02 1.00045e-02 9.64163e-03 9.34441e-03 9.03007e-03 8.68795e-03 8.34278e-03 8.01827e-03 7.72401e-03 7.45790e-03 7.21237e-03 6.97874e-03 6.74923e-03 6.51754e-03 6.27890e-03 6.03007e-03 5.76945e-03 5.49720e-03 5.21511e-03 4.92637e-03 4.63510e-03 4.34584e-03 4.06291e-03 3.78976e-03 3.52861e-03 3.28040e-03 3.04509e-03 2.82220e-03 2.61123e-03 2.41194e-03 2.22440e-03 2.04893e-03 1.88607e-03 1.73670e-03 1.60199e-03 1.48308e-03 1.38031e-03 1.29237e-03 1.21601e-03 1.14663e-03 1.07970e-03 1.01215e-03 9.43069e-04 8.73445e-04 8.05185e-04 7.39983e-04 6.78563e-04 6.20637e-04 5.65534e-04 5.13049e-04 4.63877e-04 4.19353e-04 3.80757e-04 3.48671e-04 3.22704e-04 3.01619e-04 2.83689e-04 2.67133e-04 2.50472e-04 2.32739e-04 2.13511e-04 1.92816e-04 1.70980e-04 1.48491e-04 1.25900e-04 1.03783e-04 8.27232e-05 6.32989e-05 4.60574e-05 3.14620e-05 1.98272e-05 1.12572e-05 5.58813e-06 2.34471e-06 7.98919e-07 2.02637e-07 2.86511e-08 7.49836e-10
5.568514 1.33097e-03 3.24937e-03 4.75481e-03 6.77524e-03 8.94811e-03 1.08901e-02 1.23408e-02 1.33201e-02 1.40732e-02 1.48226e-02 1.55646e-02 1.60867e-02 1.61505e-02 1.56580e-02 1.46902e-02 1.34469e-02 1.21685e-02 1.10707e-02 1.02787e-02 9.78081e-03 9.45816e-03 9.18109e-03 8.88270e-03 8.56002e-03 8.23636e-03 7.93157e-03 7.65312e-03 7.39892e-03 7.16236e-03 6.93578e-03 6.71215e-03 6.48568e-03 6.25199e-03 6.00817e-03 5.75286e-03 5.48620e-03 5.20973e-03 4.92618e-03 4.63928e-03 4.35332e-03 4.07257e-03 3.80055e-03 3.53957e-03 3.29063e-03 3.05380e-03 2.82871e-03 2.61510e-03 2.41301e-03 2.22284e-03 2.04514e-03 1.88066e-03 1.73029e-03 1.59516e-03 1.47631e-03 1.37394e-03 1.28664e-03 1.21106e-03 1.14251e-03 1.07641e-03 1.00964e-03 9.41279e-04 8.72295e-04 8.04547e-04 7.39639e-04 6.78200e-04 6.19895e-04 5.64122e-04 5.10843e-04 4.60953e-04 4.15935e-04 3.77110e-04 3.45000e-04 3.19094e-04 2.98024e-04 2.79976e-04 2.63151e-04 2.46115e-04 2.27986e-04 2.08434e-04 1.87565e-04 1.65753e-04 1.43496e-04 1.21330e-04 9.97884e-05 7.93999e-05 6.06849e-05 4.41334e-05 3.01591e-05 1.90384e-05 1.08515e-05 5.42660e-06 2.30402e-06 7.96773e-07 2.04619e-07 2.90861e-08 7.61363e-10
5.618681 1.33128e-03 3.24444e-03 4.74207e-03 6.76854e-03 8.96668e-03 1.09457e-02 1.24350e-02 1.34517e-02 1.42375e-02 1.49949e-02 1.56902e-02 1.61000e-02 1.60099e-02 1.53667e-02 1.42908e-02 1.30019e-02 1.17415e-02 1.07084e-02 9.99532e-03 9.55924e-03 9.27146e-03 9.01351e-03 8.73242e-03 8.43002e-03 8.12732e-03 7.84086e-03 7.57679e-03 7.33343e-03 7.10520e-03 6.88543e-03 6.66772e-03 6.44673e-03 6.21847e-03 5.98040e-03 5.73135e-03 5.47140e-03 5.20166e-03 4.92431e-03 4.64252e-03 4.36030e-03 4.08186e-03 3.81085e-03 3.54975e-03 3.29972e-03 3.06097e-03 2.83334e-03 2.61680e-03 2.41170e-03 2.21873e-03 2.03872e-03 1.87256e-03 1.72118e-03 1.58564e-03 1.46686e-03 1.36494e-03 1.27835e-03 1.20367e-03 1.13616e-03 1.07114e-03 1.00545e-03 9.38094e-04 8.69994e-04 8.02938e-04 7.38444e-04 6.77061e-04 6.18442e-04 5.62080e-04 5.08123e-04 4.57665e-04 4.12319e-04 3.73421e-04 3.41413e-04 3.15649e-04 2.94639e-04 2.76496e-04 2.59414e-04 2.42017e-04 2.23512e-04 2.03658e-04 1.82634e-04 1.60855e-04 1.38829e-04 1.17072e-04 9.60795e-05 7.63273e-05 5.82795e-05 4.23721e-05 2.89728e-05 1.83242e-05 1.04859e-05 5.28135e-06 2.26711e-06 7.94438e-07 2.06205e-07 2.94405e-08 7.70689e-10
5.668848 1.33205e-03 3.24146e-03 4.73548e-03 6.77615e-03 9.00769e-03 1.10240e-02 1.25418e-02 1.35798e-02 1.43810e-02 1.51295e-02 1.57648e-02 1.60579e-02 1.58221e-02 1.50465e-02 1.38844e-02 1.25701e-02 1.13420e-02 1.03787e-02 9.74070e-03 9.35906e-03 9.10163e-03 8.86234e-03 8.59941e-03 8.31722e-03 8.03418e-03 7.76427e-03 7.51296e-03 7.27925e-03 7.05863e-03 6.84524e-03 6.63327e-03 6.41774e-03 6.19506e-03 5.96303e-03 5.72072e-03 5.46802e-03 5.20553e-03 4.93470e-03 4.65811e-03 4.37940e-03 4.10275e-03 3.83197e-03 3.56980e-03 3.31766e-03 3.07598e-03 2.84482e-03 2.62443e-03 2.41548e-03 2.21898e-03 2.03601e-03 1.86759e-03 1.71469e-03 1.57829e-03 1.45920e-03 1.35739e-03 1.27128e-03 1.19739e-03 1.13088e-03 1.06702e-03 1.00251e-03 9.36254e-04 8.69078e-04 8.02686e-04 7.38518e-04 6.77068e-04 6.18015e-04 5.60974e-04 5.06297e-04 4.55272e-04 4.09624e-04 3.70686e-04 3.38797e-04 3.13173e-04 2.92199e-04 2.73925e-04 2.56554e-04 2.38767e-04 2.19859e-04 1.99677e-04 1.78463e-04 1.56670e-04 1.34816e-04 1.13398e-04 9.28746e-05 7.36743e-05 5.62081e-05 4.08622e-05 2.79625e-05 1.77214e-05 1.01815e-05 5.16328e-06 2.23897e-06 7.93816e-07 2.07928e-07 2.97937e-08 7.79911e-10
5.719014 1.33553e-03 3.24748e-03 4.74780e-03 6.81615e-03 9.09264e-03 1.11488e-02 1.26868e-02 1.37321e-02 1.45341e-02 1.52606e-02 1.58262e-02 1.60000e-02 1.56246e-02 1.47289e-02 1.34947e-02 1.21677e-02 1.09804e-02 1.00886e-02 9.52084e-03 9.18724e-03 8.95631e-03 8.73448e-03 8.48896e-03 8.22539e-03 7.95978e-03 7.70421e-03 7.46386e-03 7.23852e-03 7.02462e-03 6.81700e-03 6.61025e-03 6.39978e-03 6.18237e-03 5.95625e-03 5.72066e-03 5.47527e-03 5.22008e-03 4.95574e-03 4.68416e-03 4.40861e-03 4.13321e-03 3.86200e-03 3.59802e-03 3.34300e-03 3.09761e-03 2.86219e-03 2.63727e-03 2.42386e-03 2.22324e-03 2.03678e-03 1.86562e-03 1.71076e-03 1.57312e-03 1.45336e-03 1.35137e-03 1.26552e-03 1.19226e-03 1.12673e-03 1.06406e-03 1.00081e-03 9.35730e-04 8.69509e-04 8.03753e-04 7.39831e-04 6.78213e-04 6.18631e-04 5.60854e-04 5.05442e-04 4.53874e-04 4.07962e-04 3.69012e-04 3.37247e-04 3.11740e-04 2.90763e-04 2.72317e-04 2.54618e-04 2.36411e-04 2.17074e-04 1.96534e-04 1.75093e-04 1.53237e-04 1.31489e-04 1.10333e-04 9.01929e-05 7.14539e-05 5.44788e-05 3.96082e-05 2.71304e-05 1.72315e-05 9.93953e-06 5.07376e-06 2.22077e-06 7.95608e-07 2.10035e-07 3.01855e-08 7.90090e-10
5.769181 1.34178e-03 3.26296e-03 4.78008e-03 6.88935e-03 9.22022e-03 1.13158e-02 1.28641e-02 1.39034e-02 1.46940e-02 1.53882e-02 1.58774e-02 1.59318e-02 1.54234e-02 1.44180e-02 1.31233e-02 1.17939e-02 1.06540e-02 9.83397e-03 9.33174e-03 9.04081e-03 8.83349e-03 8.62804e-03 8.39886e-03 8.15211e-03 7.90181e-03 7.65869e-03 7.42796e-03 7.21010e-03 7.00234e-03 6.80002e-03 6.59809e-03 6.39227e-03 6.17982e-03 5.95938e-03 5.73036e-03 5.49214e-03 5.24402e-03 4.98584e-03 4.71879e-03 4.44578e-03 4.17092e-03 3.89849e-03 3.63190e-03 3.37320e-03 3.12336e-03 2.88298e-03 2.65288e-03 2.43438e-03 2.22909e-03 2.03863e-03 1.86430e-03 1.70713e-03 1.56794e-03 1.44729e-03 1.34496e-03 1.25925e-03 1.18659e-03 1.12205e-03 1.06063e-03 9.98728e-04 9.34909e-04 8.69705e-04 8.04608e-04 7.40917e-04 6.79096e-04 6.18959e-04 5.60458e-04 5.04379e-04 4.52378e-04 4.06331e-04 3.67483e-04 3.35920e-04 3.10570e-04 2.89601e-04 2.70977e-04 2.52945e-04 2.34320e-04 2.14562e-04 1.93674e-04 1.72011e-04 1.50088e-04 1.28434e-04 1.07515e-04 8.77272e-05 6.94123e-05 5.28893e-05 3.84563e-05 2.63666e-05 1.67819e-05 9.71730e-06 4.99099e-06 2.20333e-06 7.96740e-07 2.11768e-07 3.05102e-08 7.98453e-10
5.819348 1.34770e-03 3.28069e-03 4.82290e-03 6.98198e-03 9.36944e-03 1.14968e-02 1.30413e-02 1.40603e-02 1.48275e-02 1.54798e-02 1.58865e-02 1.58212e-02 1.51861e-02 1.40819e-02 1.27396e-02 1.14201e-02 1.03357e-02 9.58909e-03 9.14896e-03 8.89674e-03 8.71100e-03 8.52117e-03 8.30741e-03 8.07607e-03 7.83961e-03 7.60787e-03 7.38617e-03 7.17564e-03 6.97404e-03 6.77710e-03 6.58005e-03 6.37899e-03 6.17167e-03 5.95720e-03 5.73512e-03 5.50445e-03 5.26375e-03 5.01195e-03 4.74955e-03 4.47910e-03 4.20475e-03 3.93105e-03 3.66178e-03 3.39933e-03 3.14500e-03 2.89963e-03 2.66434e-03 2.44076e-03 2.23083e-03 2.03642e-03 1.85898e-03 1.69956e-03 1.55892e-03 1.43748e-03 1.33491e-03 1.24946e-03 1.17753e-03 1.11413e-03 1.05416e-03 9.93835e-04 9.31509e-04 8.67534e-04 8.03270e-04 7.39946e-04 6.78034e-04 6.17469e-04 5.58413e-04 5.01882e-04 4.49693e-04 4.03748e-04 3.65201e-04 3.33982e-04 3.08877e-04 2.87966e-04 2.69203e-04 2.50877e-04 2.31884e-04 2.11766e-04 1.90595e-04 1.68775e-04 1.46841e-04 1.25324e-04 1.04675e-04 8.52562e-05 6.73743e-05 5.13058e-05 3.73089e-05 2.56041e-05 1.63301e-05 9.49013e-06 4.90244e-06 2.18121e-06 7.95290e-07 2.12627e-07 3.06965e-08 8.03143e-10
5.869515 1.34996e-03 3.29179e-03 4.86231e-03 7.07401e-03 9.51225e-03 1.16557e-02 1.31779e-02 1.41616e-02 1.48943e-02 1.54961e-02 1.58157e-02 1.56331e-02 1.48808e-02 1.36924e-02 1.23190e-02 1.10246e-02 1.00055e-02 9.33404e-03 8.95286e-03 8.73596e-03 8.57021e-03 8.39529e-03 8.19608e-03 7.97902e-03 7.75540e-03 7.53450e-03 7.32181e-03 7.11888e-03 6.92386e-03 6.73275e-03 6.54103e-03 6.34525e-03 6.14373e-03 5.93603e-03 5.72177e-03 5.49958e-03 5.26719e-03 5.02266e-03 4.76578e-03 4.49875e-03 4.22573e-03 3.95155e-03 3.68034e-03 3.41488e-03 3.15675e-03 2.90707e-03 2.66725e-03 2.43922e-03 2.22523e-03 2.02741e-03 1.84735e-03 1.68613e-03 1.54441e-03 1.42247e-03 1.31990e-03 1.23490e-03 1.16389e-03 1.10186e-03 1.04362e-03 9.85192e-04 9.24696e-04 8.62267e-04 7.99107e-04 7.36376e-04 6.74586e-04 6.13823e-04 5.54479e-04 4.97798e-04 4.45722e-04 4.00142e-04 3.62089e-04 3.31340e-04 3.06549e-04 2.85742e-04 2.66881e-04 2.48318e-04 2.29028e-04 2.08634e-04 1.87269e-04 1.65374e-04 1.43502e-04 1.22177e-04 1.01833e-04 8.28065e-05 6.53676e-05 4.97544e-05 3.61889e-05 2.48612e-05 1.58894e-05 9.26682e-06 4.81305e-06 2.15671e-06 7.92109e-07 2.12842e-07 3.07788e-08 8.05087e-10
5.919682 1.34957e-03 3.29746e-03 4.89605e-03 7.15869e-03 9.63956e-03 1.17833e-02 1.32666e-02 1.42031e-02 1.48943e-02 1.54418e-02 1.56761e-02 1.53850e-02 1.45304e-02 1.32756e-02 1.18887e-02 1.06327e-02 9.68442e-03 9.08624e-03 8.75901e-03 8.57383e-03 8.42668e-03 8.26615e-03 8.08073e-03 7.87692e-03 7.66527e-03 7.45475e-03 7.25099e-03 7.05583e-03 6.86766e-03 6.68263e-03 6.49653e-03 6.30636e-03 6.11103e-03 5.91054e-03 5.70455e-03 5.49125e-03 5.26758e-03 5.03070e-03 4.77970e-03 4.51642e-03 4.24501e-03 3.97054e-03 3.69752e-03 3.42912e-03 3.16721e-03 2.91323e-03 2.66885e-03 2.43632e-03 2.21823e-03 2.01695e-03 1.83425e-03 1.67119e-03 1.52835e-03 1.40589e-03 1.30328e-03 1.21870e-03 1.14861e-03 1.08801e-03 1.03161e-03 9.75229e-04 9.16723e-04 8.55971e-04 7.94000e-04 7.31908e-04 6.70274e-04 6.09374e-04 5.49854e-04 4.93175e-04 4.41378e-04 3.96306e-04 3.58845e-04 3.28609e-04 3.04141e-04 2.83428e-04 2.64465e-04 2.45672e-04 2.26111e-04 2.05478e-04 1.83961e-04 1.62031e-04 1.40250e-04 1.19137e-04 9.91053e-05 8.04662e-05 6.34569e-05 4.82810e-05 3.51269e-05 2.41571e-05 1.54711e-05 9.05336e-06 4.72580e-06 2.13120e-06 7.87750e-07 2.12576e-07 3.07816e-08 8.04937e-10
5.969848 1.35223e-03 3.31247e-03 4.94672e-03 7.26732e-03 9.79258e-03 1.19316e-02 1.33682e-02 1.42527e-02 1.49009e-02 1.53953e-02 1.55473e-02 1.51535e-02 1.42046e-02 1.28925e-02 1.15008e-02 1.02888e-02 9.41093e-03 8.88086e-03 8.60157e-03 8.44408e-03 8.31334e-03 8.16546e-03 7.99185e-03 7.79926e-03 7.59782e-03 7.39637e-03 7.20065e-03 7.01261e-03 6.83070e-03 6.65120e-03 6.47014e-03 6.28504e-03 6.09536e-03 5.90153e-03 5.70323e-03 5.49819e-03 5.28255e-03 5.05264e-03 4.80684e-03 4.54664e-03 4.27616e-03 4.00072e-03 3.72519e-03 3.45310e-03 3.18668e-03 2.92763e-03 2.67793e-03 2.44017e-03 2.21727e-03 2.01189e-03 1.82594e-03 1.66053e-03 1.51611e-03 1.39271e-03 1.28970e-03 1.20525e-03 1.13584e-03 1.07650e-03 1.02183e-03 9.67421e-04 9.10832e-04 8.51660e-04 7.90742e-04 7.29122e-04 6.67479e-04 6.06312e-04 5.46539e-04 4.89835e-04 4.38311e-04 3.93732e-04 3.56819e-04 3.27023e-04 3.02787e-04 2.82078e-04 2.62932e-04 2.43846e-04 2.23962e-04 2.03048e-04 1.81339e-04 1.59332e-04 1.37594e-04 1.16634e-04 9.68492e-05 7.85253e-05 6.18711e-05 4.70594e-05 3.42494e-05 2.35790e-05 1.51311e-05 8.88284e-06 4.65832e-06 2.11290e-06 7.85362e-07 2.12705e-07 3.08335e-08 8.06058e-10
6.020015 1.35970e-03 3.34185e-03 5.02254e-03 7.41111e-03 9.98508e-03 1.21171e-02 1.35032e-02 1.43347e-02 1.49418e-02 1.53848e-02 1.54555e-02 1.49601e-02 1.39191e-02 1.25539e-02 1.11622e-02 9.99696e-03 9.18813e-03 8.72129e-03 8.48475e-03 8.35129e-03 8.23446e-03 8.09691e-03 7.93273e-03 7.74905e-03 7.55591e-03 7.36211e-03 7.17339e-03 6.99166e-03 6.81527e-03 6.64053e-03 6.46376e-03 6.28297e-03 6.09820e-03 5.91029e-03 5.71887e-03 5.52121e-03 5.31266e-03 5.08873e-03 4.84715e-03 4.58908e-03 4.31865e-03 4.04138e-03 3.76254e-03 3.48599e-03 3.21430e-03 2.94944e-03 2.69370e-03 2.45002e-03 2.22166e-03 2.01156e-03 1.82184e-03 1.65360e-03 1.50721e-03 1.38254e-03 1.27885e-03 1.19428e-03 1.12535e-03 1.06709e-03 1.01402e-03 9.61471e-04 9.06703e-04 8.49005e-04 7.89013e-04 7.27725e-04 6.65942e-04 6.04414e-04 5.44349e-04 4.87623e-04 4.36386e-04 3.92296e-04 3.55893e-04 3.26469e-04 3.02382e-04 2.81593e-04 2.62190e-04 2.42750e-04 2.22497e-04 2.01264e-04 1.79328e-04 1.57206e-04 1.35466e-04 1.14609e-04 9.50125e-05 7.69395e-05 6.05738e-05 4.60611e-05 3.35347e-05 2.31114e-05 1.48595e-05 8.74977e-06 4.60816e-06 2.10103e-06 7.84809e-07 2.13220e-07 3.09348e-08 8.08456e-10
6.070182 1.36710e-03 3.37367e-03 5.10528e-03 7.56144e-03 1.01760e-02 1.22895e-02 1.36174e-02 1.43946e-02 1.49622e-02 1.53544e-02 1.53437e-02 1.47485e-02 1.36210e-02 1.22115e-02 1.08297e-02 9.71798e-03 8.97931e-03 8.57272e-03 8.37514e-03 8.26297e-03 8.15819e-03 8.02942e-03 7.87315e-03 7.69710e-03 7.51138e-03 7.32477e-03 7.14289e-03 6.96742e-03 6.79654e-03 6.62655e-03 6.45404e-03 6.27756e-03 6.09775e-03 5.91577e-03 5.73119e-03 5.54075e-03 5.33907e-03 5.12085e-03 4.88328e-03 4.62719e-03 4.35672e-03 4.07765e-03 3.79554e-03 3.51464e-03 3.23778e-03 2.96724e-03 2.70559e-03 2.45611e-03 2.22242e-03 2.00777e-03 1.81443e-03 1.64354e-03 1.49535e-03 1.36959e-03 1.26538e-03 1.18083e-03 1.11248e-03 1.05539e-03 1.00397e-03 9.53356e-04 9.00490e-04 8.44355e-04 7.85378e-04 7.24513e-04 6.62701e-04 6.00971e-04 5.40820e-04 4.84307e-04 4.33585e-04 3.90168e-04 3.54398e-04 3.25412e-04 3.01501e-04 2.80645e-04 2.60999e-04 2.41232e-04 2.20650e-04 1.99149e-04 1.77045e-04 1.54868e-04 1.33184e-04 1.12476e-04 9.31036e-05 7.53068e-05 5.92452e-05 4.50404e-05 3.28024e-05 2.26289e-05 1.45752e-05 8.60615e-06 4.55015e-06 2.08424e-06 7.81918e-07 2.13001e-07 3.09237e-08 8.07894e-10
6.120349 1.37134e-03 3.39959e-03 5.18270e-03 7.70174e-03 1.03426e-02 1.24211e-02 1.36818e-02 1.44047e-02 1.49347e-02 1.52758e-02 1.51826e-02 1.44898e-02 1.32835e-02 1.18420e-02 1.04825e-02 9.43237e-03 8.76547e-03 8.41634e-03 8.25409e-03 8.16048e-03 8.06587e-03 7.94437e-03 7.79473e-03 7.62532e-03 7.44643e-03 7.26679e-03 7.09180e-03 6.92277e-03 6.75760e-03 6.59257e-03 6.42459e-03 6.25275e-03 6.07822e-03 5.90245e-03 5.72490e-03 5.54181e-03 5.34711e-03 5.13483e-03 4.90162e-03 4.64807e-03 4.37832e-03 4.09831e-03 3.81391e-03 3.52964e-03 3.24863e-03 2.97339e-03 2.70679e-03 2.45244e-03 2.21432e-03 1.99594e-03 1.79975e-03 1.62688e-03 1.47751e-03 1.35117e-03 1.24687e-03 1.16268e-03 1.09516e-03 1.03942e-03 9.89824e-04 9.41312e-04 8.90534e-04 8.36167e-04 7.78421e-04 7.18212e-04 6.56638e-04 5.95016e-04 5.35131e-04 4.79190e-04 4.29306e-04 3.86811e-04 3.51843e-04 3.23397e-04 2.99724e-04 2.78843e-04 2.59002e-04 2.38967e-04 2.18130e-04 1.96447e-04 1.74267e-04 1.52127e-04 1.30583e-04 1.10100e-04 9.10135e-05 7.35415e-05 5.78205e-05 4.39502e-05 3.20201e-05 2.21105e-05 1.42653e-05 8.44500e-06 4.48078e-06 2.06101e-06 7.76132e-07 2.11904e-07 3.07798e-08 8.03855e-10
6.170516 1.37314e-03 3.41913e-03 5.24978e-03 7.82377e-03 1.04772e-02 1.25070e-02 1.36960e-02 1.43680e-02 1.48645e-02 1.51557e-02 1.49821e-02 1.41983e-02 1.29249e-02 1.14654e-02 1.01400e-02 9.15652e-03 8.55976e-03 8.26336e-03 8.13217e-03 8.05452e-03 7.96861e-03 7.85331e-03 7.70937e-03 7.54586e-03 7.37329e-03 7.20038e-03 7.03219e-03 6.86964e-03 6.71029e-03 6.55040e-03 6.38718e-03 6.22018e-03 6.05106e-03 5.88151e-03 5.71086e-03 5.53493e-03 5.34705e-03 5.14067e-03 4.91199e-03 4.66133e-03 4.39275e-03 4.11234e-03 3.82619e-03 3.53908e-03 3.25440e-03 2.97491e-03 2.70377e-03 2.44494e-03 2.20273e-03 1.98096e-03 1.78219e-03 1.60761e-03 1.45727e-03 1.33056e-03 1.22635e-03 1.14264e-03 1.07604e-03 1.02170e-03 9.73946e-04 9.27566e-04 8.78919e-04 8.26372e-04 7.69921e-04 7.10449e-04 6.49232e-04 5.87891e-04 5.28486e-04 4.73343e-04 4.24492e-04 3.83060e-04 3.48973e-04 3.21098e-04 2.97664e-04 2.76754e-04 2.56717e-04 2.36425e-04 2.15358e-04 1.93529e-04 1.71314e-04 1.49255e-04 1.27892e-04 1.07668e-04 8.88943e-05 7.17639e-05 5.63928e-05 4.28605e-05 3.12380e-05 2.15906e-05 1.39522e-05 8.27937e-06 4.40702e-06 2.03456e-06 7.68687e-07 2.10270e-07 3.05536e-08 7.97670e-10
6.220682 1.37611e-03 3.44101e-03 5.31697e-03 7.93974e-03 1.05981e-02 1.25753e-02 1.36958e-02 1.43243e-02 1.47926e-02 1.50361e-02 1.47846e-02 1.39162e-02 1.25857e-02 1.11185e-02 9.83379e-03 8.91734e-03 8.38601e-03 8.13642e-03 8.03197e-03 7.96785e-03 7.88926e-03 7.77908e-03 7.63977e-03 7.48116e-03 7.31409e-03 7.14724e-03 6.98537e-03 6.82894e-03 6.67519e-03 6.52030e-03 6.36170e-03 6.19938e-03 6.03535e-03 5.87152e-03 5.70712e-03 5.53763e-03 5.35591e-03 5.15489e-03 4.93031e-03 4.68223e-03 4.41458e-03 4.13353e-03 3.84535e-03 3.55508e-03 3.26634e-03 2.98218e-03 2.70605e-03 2.44228e-03 2.19553e-03 1.96990e-03 1.76815e-03 1.59149e-03 1.43987e-03 1.31253e-03 1.20819e-03 1.12478e-03 1.05892e-03 1.00582e-03 9.59765e-04 9.15373e-04 8.68721e-04 8.17863e-04 7.62580e-04 7.03736e-04 6.42804e-04 5.81717e-04 5.22807e-04 4.68489e-04 4.20683e-04 3.80294e-04 3.47035e-04 3.19656e-04 2.96380e-04 2.75363e-04 2.55060e-04 2.34451e-04 2.13101e-04 1.91081e-04 1.68792e-04 1.46775e-04 1.25555e-04 1.05551e-04 8.70481e-05 7.02166e-05 5.51519e-05 4.19150e-05 3.05611e-05 2.11422e-05 1.36831e-05 8.13769e-06 4.34421e-06 2.01211e-06 7.62364e-07 2.08871e-07 3.03580e-08 7.92289e-10
6.270849 1.38320e-03 3.47388e-03 5.39931e-03 8.07140e-03 1.07336e-02 1.26608e-02 1.37215e-02 1.43163e-02 1.47614e-02 1.49568e-02 1.46257e-02 1.36730e-02 1.22888e-02 1.08185e-02 9.57675e-03 8.72531e-03 8.25431e-03 8.04614e-03 7.96446e-03 7.91131e-03 7.83813e-03 7.73130e-03 7.59492e-03 7.43960e-03 7.27662e-03 7.11469e-03 6.95821e-03 6.80716e-03 6.65839e-03 6.50798e-03 6.35352e-03 6.19533e-03 6.03573e-03 5.87680e-03 5.71768e-03 5.55360e-03 5.37700e-03 5.18038e-03 4.95909e-03 4.71290e-03 4.44561e-03 4.16339e-03 3.87269e-03 3.57878e-03 3.28551e-03 2.99619e-03 2.71461e-03 2.44543e-03 2.19368e-03 1.96375e-03 1.75860e-03 1.57946e-03 1.42622e-03 1.29796e-03 1.19325e-03 1.10991e-03 1.04460e-03 9.92533e-04 9.47974e-04 9.05379e-04 8.60544e-04 8.11215e-04 7.56958e-04 6.98628e-04 6.37905e-04 5.77036e-04 5.18610e-04 4.65107e-04 4.18317e-04 3.78912e-04 3.46398e-04 3.19422e-04 2.96211e-04 2.75000e-04 2.54352e-04 2.33353e-04 2.11652e-04 1.89373e-04 1.66941e-04 1.44899e-04 1.23754e-04 1.03902e-04 8.56021e-05 6.90027e-05 5.41795e-05 4.11774e-05 3.00370e-05 2.07989e-05 1.34808e-05 8.03411e-06 4.30036e-06 1.99762e-06 7.58746e-07 2.08158e-07 3.02593e-08 7.89448e-10
6.321016 1.39198e-03 3.51179e-03 5.48782e-03 8.20489e-03 1.08642e-02 1.27407e-02 1.37492e-02 1.43197e-02 1.47451e-02 1.48904e-02 1.44775e-02 1.34421e-02 1.20096e-02 1.05428e-02 9.34772e-03 8.56041e-03 8.14574e-03 7.97461e-03 7.91246e-03 7.86818e-03 7.79889e-03 7.69409e-03 7.55937e-03 7.40622e-03 7.24640e-03 7.08865e-03 6.93701e-03 6.79092e-03 6.64683e-03 6.50066e-03 6.35011e-03 6.19576e-03 6.04022e-03 5.88565e-03 5.73115e-03 5.57172e-03 5.39948e-03 5.20656e-03 4.98798e-03 4.74324e-03 4.47598e-03 4.19240e-03 3.89905e-03 3.60139e-03 3.30354e-03 3.00906e-03 2.72205e-03 2.44751e-03 2.19082e-03 1.95666e-03 1.74815e-03 1.56659e-03 1.41181e-03 1.28273e-03 1.17776e-03 1.09460e-03 1.02989e-03 9.78848e-04 9.35717e-04 8.94811e-04 8.51675e-04 8.03771e-04 7.50475e-04 6.92649e-04 6.32186e-04 5.71646e-04 5.13848e-04 4.61310e-04 4.15662e-04 3.77328e-04 3.45613e-04 3.19068e-04 2.95934e-04 2.74533e-04 2.53542e-04 2.32157e-04 2.10111e-04 1.87583e-04 1.65022e-04 1.42969e-04 1.21914e-04 1.02226e-04 8.41397e-05 6.77792e-05 5.32011e-05 4.04347e-05 2.95073e-05 2.04494e-05 1.32720e-05 7.92459e-06 4.25184e-06 1.98016e-06 7.53723e-07 2.07008e-07 3.00943e-08 7.84872e-10
6.371183 1.39922e-03 3.54615e-03 5.56928e-03 8.32147e-03 1.09657e-02 1.27875e-02 1.37501e-02 1.43040e-02 1.47111e-02 1.48030e-02 1.43067e-02 1.31927e-02 1.17209e-02 1.02670e-02 9.12424e-03 8.40131e-03 8.03972e-03 7.90179e-03 7.85629e-03 7.81901e-03 7.75231e-03 7.64844e-03 7.51442e-03 7.36265e-03 7.20541e-03 7.05144e-03 6.90439e-03 6.76314e-03 6.62371e-03 6.48183e-03 6.33526e-03 6.18478e-03 6.03321e-03 5.88278e-03 5.73255e-03 5.57733e-03 5.40904e-03 5.21955e-03 5.00361e-03 4.76045e-03 4.49358e-03 4.20914e-03 3.91376e-03 3.61307e-03 3.31141e-03 3.01260e-03 2.72101e-03 2.44197e-03 2.18117e-03 1.94352e-03 1.73232e-03 1.54892e-03 1.39311e-03 1.26367e-03 1.15882e-03 1.07618e-03 1.01231e-03 9.62420e-04 9.20757e-04 8.81524e-04 8.40056e-04 7.93572e-04 7.41289e-04 6.84097e-04 6.24103e-04 5.64157e-04 5.07278e-04 4.55979e-04 4.11701e-04 3.74615e-04 3.43828e-04 3.17809e-04 2.94827e-04 2.73302e-04 2.52031e-04 2.30322e-04 2.07996e-04 1.85285e-04 1.62661e-04 1.40661e-04 1.19757e-04 1.00290e-04 8.24673e-05 6.63890e-05 5.20927e-05 3.95923e-05 2.89031e-05 2.00460e-05 1.30260e-05 7.79093e-06 4.18900e-06 1.95531e-06 7.45627e-07 2.04970e-07 2.97979e-08 7.76868e-10
6.421350 1.40513e-03 3.57557e-03 5.63934e-03 8.41651e-03 1.10364e-02 1.28028e-02 1.37278e-02 1.42719e-02 1.46605e-02 1.46959e-02 1.41168e-02 1.29308e-02 1.14299e-02 9.99807e-03 8.91181e-03 8.25197e-03 7.93938e-03 7.83063e-03 7.79900e-03 7.76697e-03 7.70157e-03 7.59751e-03 7.46319e-03 7.31198e-03 7.15669e-03 7.00607e-03 6.86334e-03 6.72683e-03 6.59209e-03 6.45461e-03 6.31214e-03 6.16558e-03 6.01784e-03 5.87124e-03 5.72483e-03 5.57336e-03 5.40864e-03 5.22238e-03 5.00912e-03 4.76784e-03 4.50183e-03 4.21713e-03 3.92040e-03 3.61743e-03 3.31273e-03 3.01038e-03 2.71502e-03 2.43225e-03 2.16802e-03 1.92746e-03 1.71402e-03 1.52913e-03 1.37257e-03 1.24299e-03 1.13848e-03 1.05648e-03 9.93510e-04 9.44790e-04 9.04551e-04 8.66920e-04 8.27056e-04 7.81965e-04 7.30729e-04 6.74274e-04 6.14915e-04 5.55769e-04 5.00013e-04 4.50123e-04 4.07338e-04 3.71580e-04 3.41771e-04 3.16314e-04 2.93516e-04 2.71897e-04 2.50378e-04 2.28377e-04 2.05800e-04 1.82931e-04 1.60264e-04 1.38334e-04 1.17592e-04 9.83545e-05 8.08003e-05 6.50065e-05 5.09921e-05 3.87563e-05 2.83032e-05 1.96445e-05 1.27799e-05 7.65579e-06 4.12431e-06 1.92898e-06 7.36758e-07 2.02683e-07 2.94640e-08 7.67904e-10
6.471516 1.40992e-03 3.59890e-03 5.69255e-03 8.48133e-03 1.10693e-02 1.27842e-02 1.36811e-02 1.42212e-02 1.45907e-02 1.45690e-02 1.39121e-02 1.26647e-02 1.11468e-02 9.74566e-03 8.71789e-03 8.11782e-03 7.84919e-03 7.76559e-03 7.74553e-03 7.71759e-03 7.65276e-03 7.54785e-03 7.41262e-03 7.26144e-03 7.10769e-03 6.96016e-03 6.82166e-03 6.68996e-03 6.56013e-03 6.42736e-03 6.28925e-03 6.14670e-03 6.00267e-03 5.85956e-03 5.71647e-03 5.56825e-03 5.40673e-03 5.22355e-03 5.01301e-03 4.77381e-03 4.50898e-03 4.22438e-03 3.92666e-03 3.62172e-03 3.31431e-03 3.00873e-03 2.70987e-03 2.42358e-03 2.15602e-03 1.91256e-03 1.69681e-03 1.51033e-03 1.35290e-03 1.22310e-03 1.11884e-03 1.03743e-03 9.75290e-04 9.27635e-04 8.88690e-04 8.52513e-04 8.14107e-04 7.70290e-04 7.20031e-04 6.64306e-04 6.05636e-04 5.47375e-04 4.92829e-04 4.44413e-04 4.03157e-04 3.68740e-04 3.39913e-04 3.15018e-04 2.92406e-04 2.70695e-04 2.48926e-04 2.26629e-04 2.03794e-04 1.80756e-04 1.58031e-04 1.36151e-04 1.15553e-04 9.65253e-05 7.92210e-05 6.36943e-05 4.99457e-05 3.79604e-05 2.77308e-05 1.92605e-05 1.25435e-05 7.52518e-06 4.06105e-06 1.90277e-06 7.27750e-07 2.00328e-07 2.91193e-08 7.58679e-10
6.521683 1.41618e-03 3.62398e-03 5.74200e-03 8.53487e-03 1.10900e-02 1.27625e-02 1.36434e-02 1.41850e-02 1.45344e-02 1.44540e-02 1.37217e-02 1.24196e-02 1.08919e-02 9.52522e-03 8.55485e-03 8.01003e-03 7.78034e-03 7.71825e-03 7.70757e-03 7.68235e-03 7.61694e-03 7.51006e-03 7.37285e-03 7.22077e-03 7.06779e-03 6.92274e-03 6.78805e-03 6.66092e-03 6.53588e-03 6.40773e-03 6.27385e-03 6.13504e-03 5.99426e-03 5.85396e-03 5.71341e-03 5.56763e-03 5.40861e-03 5.22794e-03 5.01976e-03 4.78244e-03 4.51870e-03 4.23418e-03 3.93549e-03 3.62866e-03 3.31862e-03 3.00992e-03 2.70768e-03 2.41792e-03 2.14700e-03 1.90050e-03 1.68225e-03 1.49396e-03 1.33543e-03 1.20521e-03 1.10105e-03 1.02011e-03 9.58673e-04 9.11939e-04 8.74115e-04 8.39197e-04 8.02053e-04 7.59336e-04 7.09931e-04 6.54878e-04 5.96894e-04 5.39545e-04 4.86238e-04 4.39305e-04 3.99567e-04 3.66471e-04 3.38604e-04 3.14256e-04 2.91818e-04 2.70004e-04 2.47973e-04 2.25361e-04 2.02239e-04 1.78995e-04 1.56170e-04 1.34296e-04 1.13794e-04 9.49301e-05 7.78329e-05 6.25343e-05 4.90171e-05 3.72520e-05 2.72207e-05 1.89181e-05 1.23328e-05 7.40878e-06 4.00464e-06 1.87934e-06 7.19653e-07 1.98202e-07 2.88074e-08 7.50330e-10
6.571850 1.42745e-03 3.66070e-03 5.80460e-03 8.60214e-03 1.11304e-02 1.27734e-02 1.36513e-02 1.42004e-02 1.45284e-02 1.43864e-02 1.35781e-02 1.22224e-02 1.06866e-02 9.35369e-03 8.43711e-03 7.94243e-03 7.74710e-03 7.70337e-03 7.70006e-03 7.67599e-03 7.60845e-03 7.49803e-03 7.35735e-03 7.20304e-03 7.04974e-03 6.90628e-03 6.77467e-03 6.65152e-03 6.53074e-03 6.40668e-03 6.27643e-03 6.14064e-03 6.00224e-03 5.86378e-03 5.72470e-03 5.58029e-03 5.42267e-03 5.24349e-03 5.03671e-03 4.80042e-03 4.53698e-03 4.25183e-03 3.95155e-03 3.64226e-03 3.32915e-03 3.01697e-03 2.71103e-03 2.41750e-03 2.14290e-03 1.89300e-03 1.67185e-03 1.48134e-03 1.32138e-03 1.19045e-03 1.08617e-03 1.00551e-03 9.44638e-04 8.98665e-04 8.61760e-04 8.27857e-04 7.91705e-04 7.49829e-04 7.01061e-04 6.46528e-04 5.89138e-04 5.32651e-04 4.80541e-04 4.35043e-04 3.96768e-04 3.64939e-04 3.37993e-04 3.14167e-04 2.91887e-04 2.69959e-04 2.47650e-04 2.24697e-04 2.01252e-04 1.77757e-04 1.54777e-04 1.32849e-04 1.12382e-04 9.36230e-05 7.66778e-05 6.15579e-05 4.82284e-05 3.66465e-05 2.67827e-05 1.86233e-05 1.21514e-05 7.30865e-06 3.95621e-06 1.85926e-06 7.12717e-07 1.96376e-07 2.85389e-08 7.43128e-10
6.622017 1.44042e-03 3.70071e-03 5.86813e-03 8.66568e-03 1.11670e-02 1.27885e-02 1.36723e-02 1.42313e-02 1.45352e-02 1.43288e-02 1.34452e-02 1.20404e-02 1.05011e-02 9.20432e-03 8.34022e-03 7.89232e-03 7.72797e-03 7.70011e-03 7.70245e-03 7.67809e-03 7.60708e-03 7.49188e-03 7.34669e-03 7.18940e-03 7.03525e-03 6.89304e-03 6.76429e-03 6.64492e-03 6.52823e-03 6.40804e-03 6.28112e-03 6.14796e-03 6.01147e-03 5.87428e-03 5.73608e-03 5.59238e-03 5.43558e-03 5.25736e-03 5.05155e-03 4.81593e-03 4.55257e-03 4.26668e-03 3.96479e-03 3.65318e-03 3.33724e-03 3.02196e-03 2.71276e-03 2.41589e-03 2.13796e-03 1.88492e-03 1.66103e-03 1.46841e-03 1.30706e-03 1.17548e-03 1.07114e-03 9.90839e-04 9.30566e-04 8.85333e-04 8.49259e-04 8.16220e-04 7.80879e-04 7.39678e-04 6.91441e-04 6.37399e-04 5.80648e-04 5.25105e-04 4.74276e-04 4.30276e-04 3.93506e-04 3.62979e-04 3.36991e-04 3.13736e-04 2.91672e-04 2.69691e-04 2.47162e-04 2.23921e-04 2.00196e-04 1.76480e-04 1.53363e-04 1.31391e-04 1.10961e-04 9.23056e-05 7.55092e-05 6.05646e-05 4.74209e-05 3.60216e-05 2.63263e-05 1.83126e-05 1.19573e-05 7.19947e-06 3.90207e-06 1.83612e-06 7.04500e-07 1.94182e-07 2.82165e-08 7.34540e-10
6.672184 1.45053e-03 3.73146e-03 5.91349e-03 8.70062e-03 1.11693e-02 1.27717e-02 1.36658e-02 1.42337e-02 1.45088e-02 1.42362e-02 1.32814e-02 1.18360e-02 1.03024e-02 9.04743e-03 8.23690e-03 7.83388e-03 7.69779e-03 7.68346e-03 7.68957e-03 7.66333e-03 7.58746e-03 7.46642e-03 7.31609e-03 7.15556e-03 7.00058e-03 6.85977e-03 6.73408e-03 6.61871e-03 6.50629e-03 6.39012e-03 6.26664e-03 6.13614e-03 6.00150e-03 5.86546e-03 5.72795e-03 5.58483e-03 5.42878e-03 5.25162e-03 5.04710e-03 4.81273e-03 4.55024e-03 4.26459e-03 3.96228e-03 3.64968e-03 3.33241e-03 3.01562e-03 2.70477e-03 2.40608e-03 2.12617e-03 1.87112e-03 1.64539e-03 1.45134e-03 1.28915e-03 1.15732e-03 1.05323e-03 9.73511e-04 9.13985e-04 8.69561e-04 8.34315e-04 8.02093e-04 7.67516e-04 7.26992e-04 6.79368e-04 6.25990e-04 5.70110e-04 5.15754e-04 4.66417e-04 4.24075e-04 3.88925e-04 3.59792e-04 3.34855e-04 3.12271e-04 2.90538e-04 2.68625e-04 2.45999e-04 2.22585e-04 1.98684e-04 1.74835e-04 1.51655e-04 1.29694e-04 1.09346e-04 9.08271e-05 7.42062e-05 5.94593e-05 4.65209e-05 3.53222e-05 2.58121e-05 1.79591e-05 1.17334e-05 7.07126e-06 3.83698e-06 1.80755e-06 6.94113e-07 1.91382e-07 2.78066e-08 7.23696e-10
6.722350 1.45841e-03 3.75203e-03 5.93596e-03 8.70181e-03 1.11353e-02 1.27232e-02 1.36316e-02 1.42073e-02 1.44513e-02 1.41148e-02 1.30973e-02 1.16227e-02 1.01041e-02 8.89481e-03 8.13678e-03 7.77525e-03 7.66415e-03 7.66105e-03 7.66938e-03 7.64009e-03 7.55844e-03 7.43094e-03 7.27518e-03 7.11138e-03 6.95568e-03 6.81646e-03 6.69406e-03 6.58292e-03 6.47499e-03 6.36303e-03 6.24311e-03 6.11531e-03 5.98243e-03 5.84735e-03 5.71027e-03 5.56750e-03 5.41208e-03 5.23604e-03 5.03304e-03 4.80031e-03 4.53924e-03 4.25454e-03 3.95258e-03 3.63989e-03 3.32227e-03 3.00499e-03 2.69348e-03 2.39384e-03 2.11265e-03 1.85608e-03 1.62885e-03 1.43356e-03 1.27062e-03 1.13860e-03 1.03480e-03 9.55676e-04 8.96887e-04 8.53224e-04 8.18712e-04 7.87182e-04 7.53241e-04 7.13301e-04 6.66263e-04 6.13594e-04 5.58681e-04 5.05623e-04 4.57866e-04 4.17238e-04 3.83740e-04 3.56028e-04 3.32179e-04 3.10322e-04 2.88989e-04 2.67222e-04 2.44576e-04 2.21061e-04 1.97044e-04 1.73109e-04 1.49898e-04 1.27968e-04 1.07710e-04 8.93302e-05 7.28837e-05 5.83327e-05 4.55984e-05 3.46003e-05 2.52771e-05 1.75880e-05 1.14960e-05 6.93361e-06 3.76609e-06 1.77597e-06 6.82501e-07 1.88237e-07 2.73474e-08 7.11601e-10
6.772517 1.46881e-03 3.77535e-03 5.95523e-03 8.69700e-03 1.11018e-02 1.26862e-02 1.36152e-02 1.41988e-02 1.44108e-02 1.40130e-02 1.29388e-02 1.14413e-02 9.94090e-03 8.77607e-03 8.06634e-03 7.74170e-03 7.65219e-03 7.65819e-03 7.66732e-03 7.63381e-03 7.54535e-03 7.41054e-03 7.24873e-03 7.08125e-03 6.92457e-03 6.78677e-03 6.66751e-03 6.56048e-03 6.45690e-03 6.34899e-03 6.23239e-03 6.10693e-03 5.97535e-03 5.84065e-03 5.70340e-03 5.56035e-03 5.40498e-03 5.22954e-03 5.02763e-03 4.79618e-03 4.53621e-03 4.25216e-03 3.95033e-03 3.63738e-03 3.31928e-03 3.00140e-03 2.68909e-03 2.38828e-03 2.10546e-03 1.84691e-03 1.61764e-03 1.42056e-03 1.25635e-03 1.12367e-03 1.01977e-03 9.40936e-04 8.82635e-04 8.39511e-04 8.05510e-04 7.74431e-04 7.40875e-04 7.01280e-04 6.54628e-04 6.02514e-04 5.48452e-04 4.96590e-04 4.50312e-04 4.11289e-04 3.79340e-04 3.52969e-04 3.30155e-04 3.08999e-04 2.88058e-04 2.66437e-04 2.43771e-04 2.20145e-04 1.95988e-04 1.71928e-04 1.48635e-04 1.26678e-04 1.06447e-04 8.81417e-05 7.18086e-05 5.73978e-05 4.48193e-05 3.39816e-05 2.48127e-05 1.72626e-05 1.12863e-05 6.81133e-06 3.70291e-06 1.74777e-06 6.72129e-07 1.85431e-07 2.69382e-08 7.00840e-10
6.822684 1.48444e-03 3.81062e-03 5.98890e-03 8.71097e-03 1.10972e-02 1.26902e-02 1.36465e-02 1.42382e-02 1.44161e-02 1.39561e-02 1.28256e-02 1.13057e-02 9.82231e-03 8.69872e-03 8.03299e-03 7.74137e-03 7.67065e-03 7.68374e-03 7.69190e-03 7.65238e-03 7.55541e-03 7.41188e-03 7.24297e-03 7.07111e-03 6.91298e-03 6.77624e-03 6.65978e-03 6.55647e-03 6.45681e-03 6.35242e-03 6.23856e-03 6.11480e-03 5.98382e-03 5.84877e-03 5.71058e-03 5.56648e-03 5.41039e-03 5.23478e-03 5.03320e-03 4.80231e-03 4.54277e-03 4.25875e-03 3.95654e-03 3.64292e-03 3.32406e-03 3.00538e-03 2.69207e-03 2.38984e-03 2.10506e-03 1.84410e-03 1.61226e-03 1.41284e-03 1.24681e-03 1.11297e-03 1.00856e-03 9.29679e-04 8.71593e-04 8.28770e-04 7.95050e-04 7.64185e-04 7.30776e-04 6.91302e-04 6.44844e-04 5.93131e-04 5.39787e-04 4.88993e-04 4.44055e-04 4.06496e-04 3.75966e-04 3.50830e-04 3.28982e-04 3.08491e-04 2.87930e-04 2.66455e-04 2.43767e-04 2.20016e-04 1.95690e-04 1.71461e-04 1.48025e-04 1.25966e-04 1.05681e-04 8.73699e-05 7.10718e-05 5.67294e-05 4.42430e-05 3.35113e-05 2.44524e-05 1.70063e-05 1.11195e-05 6.71379e-06 3.65261e-06 1.72545e-06 6.63975e-07 1.83238e-07 2.66194e-08 6.92461e-10
6.872851 1.50168e-03 3.84861e-03 6.02357e-03 8.72470e-03 1.10950e-02 1.27016e-02 1.36876e-02 1.42859e-02 1.44277e-02 1.39058e-02 1.27219e-02 1.11833e-02 9.71926e-03 8.63660e-03 8.01278e-03 7.75171e-03 7.69764e-03 7.71596e-03 7.72140e-03 7.67424e-03 7.56743e-03 7.41431e-03 7.23792e-03 7.06163e-03 6.90217e-03 6.76662e-03 6.65300e-03 6.55329e-03 6.45727e-03 6.35604e-03 6.24450e-03 6.12202e-03 5.99125e-03 5.85549e-03 5.71603e-03 5.57055e-03 5.41341e-03 5.23731e-03 5.03577e-03 4.80519e-03 4.54591e-03 4.26189e-03 3.95941e-03 3.64542e-03 3.32626e-03 3.00734e-03 2.69365e-03 2.39058e-03 2.10431e-03 1.84128e-03 1.60708e-03 1.40543e-03 1.23760e-03 1.10261e-03 9.97664e-04 9.18715e-04 8.60814e-04 8.18238e-04 7.84704e-04 7.53917e-04 7.20496e-04 6.81001e-04 6.34641e-04 5.83285e-04 5.30659e-04 4.80942e-04 4.37344e-04 4.01231e-04 3.72096e-04 3.48179e-04 3.27304e-04 3.07513e-04 2.87392e-04 2.66141e-04 2.43514e-04 2.19720e-04 1.95296e-04 1.70952e-04 1.47411e-04 1.25273e-04 1.04944e-04 8.66260e-05 7.03565e-05 5.60732e-05 4.36699e-05 3.30370e-05 2.40835e-05 1.67398e-05 1.09432e-05 6.60889e-06 3.59755e-06 1.70062e-06 6.54808e-07 1.80763e-07 2.62606e-08 6.83068e-10
6.923018 1.51793e-03 3.88253e-03 6.04955e-03 8.72593e-03 1.10794e-02 1.27005e-02 1.37153e-02 1.43170e-02 1.44205e-02 1.38379e-02 1.26054e-02 1.10541e-02 9.61378e-03 8.57345e-03 7.99064e-03 7.75827e-03 7.71883e-03 7.74041e-03 7.74121e-03 7.68477e-03 7.56700e-03 7.40378e-03 7.21996e-03 7.03963e-03 6.87934e-03 6.74536e-03 6.63475e-03 6.53860e-03 6.44602e-03 6.34766e-03 6.23813e-03 6.11668e-03 5.98594e-03 5.84934e-03 5.70851e-03 5.56160e-03 5.40337e-03 5.22678e-03 5.02533e-03 4.79522e-03 4.53652e-03 4.25299e-03 3.95096e-03 3.63751e-03 3.31915e-03 3.00121e-03 2.68837e-03 2.38565e-03 2.09896e-03 1.83475e-03 1.59892e-03 1.39556e-03 1.22635e-03 1.09049e-03 9.85205e-04 9.06329e-04 8.48703e-04 8.06406e-04 7.73031e-04 7.42250e-04 7.08732e-04 6.69155e-04 6.22885e-04 5.71941e-04 5.20123e-04 4.71580e-04 4.29395e-04 3.94771e-04 3.67052e-04 3.44378e-04 3.24513e-04 3.05486e-04 2.85898e-04 2.64982e-04 2.42540e-04 2.18829e-04 1.94425e-04 1.70070e-04 1.46510e-04 1.24361e-04 1.04039e-04 8.57504e-05 6.95352e-05 5.53297e-05 4.30236e-05 3.25016e-05 2.36646e-05 1.64342e-05 1.07385e-05 6.48512e-06 3.53143e-06 1.67030e-06 6.43472e-07 1.77688e-07 2.58156e-08 6.71460e-10
6.973184 1.53422e-03 3.91365e-03 6.06815e-03 8.71868e-03 1.10575e-02 1.26951e-02 1.37375e-02 1.43398e-02 1.44039e-02 1.37632e-02 1.24875e-02 1.09291e-02 9.51573e-03 8.51795e-03 7.97438e-03 7.76838e-03 7.74133e-03 7.76407e-03 7.75835e-03 7.69110e-03 7.56139e-03 7.38774e-03 7.19664e-03 7.01268e-03 6.85198e-03 6.71987e-03 6.61237e-03 6.51971e-03 6.43038e-03 6.33464e-03 6.22691e-03 6.10630e-03 5.97543e-03 5.83788e-03 5.69559e-03 5.54714e-03 5.38773e-03 5.21057e-03 5.00920e-03 4.77962e-03 4.52166e-03 4.23896e-03 3.93785e-03 3.62559e-03 3.30877e-03 2.99261e-03 2.68141e-03 2.37975e-03 2.09323e-03 1.82830e-03 1.59111e-03 1.38621e-03 1.21565e-03 1.07888e-03 9.73202e-04 8.94324e-04 8.36891e-04 7.94785e-04 7.61467e-04 7.30580e-04 6.96855e-04 6.57114e-04 6.10894e-04 5.60359e-04 5.09362e-04 4.61994e-04 4.21202e-04 3.88026e-04 3.61677e-04 3.40209e-04 3.21345e-04 3.03102e-04 2.84093e-04 2.63579e-04 2.41398e-04 2.17843e-04 1.93525e-04 1.69211e-04 1.45668e-04 1.23528e-04 1.03219e-04 8.49556e-05 6.87834e-05 5.46408e-05 4.24166e-05 3.19914e-05 2.32597e-05 1.61346e-05 1.05350e-05 6.36054e-06 3.46414e-06 1.63918e-06 6.31781e-07 1.74515e-07 2.53576e-08 6.59549e-10
7.023351 1.55055e-03 3.94131e-03 6.07638e-03 8.69788e-03 1.10243e-02 1.26806e-02 1.37496e-02 1.43504e-02 1.43760e-02 1.36825e-02 1.23711e-02 1.08122e-02 9.42895e-03 8.47322e-03 7.96649e-03 7.78416e-03 7.76720e-03 7.78924e-03 7.77552e-03 7.69649e-03 7.55446e-03 7.37053e-03 7.17263e-03 6.98564e-03 6.82505e-03 6.69514e-03 6.59090e-03 6.50174e-03 6.41560e-03 6.32246e-03 6.21653e-03 6.09680e-03 5.96585e-03 5.82739e-03 5.68366e-03 5.53368e-03 5.37308e-03 5.19535e-03 4.99405e-03 4.76505e-03 4.50793e-03 4.22621e-03 3.92628e-03 3.61554e-03 3.30062e-03 2.98658e-03 2.67733e-03 2.37696e-03 2.09074e-03 1.82507e-03 1.58639e-03 1.37970e-03 1.20749e-03 1.06952e-03 9.63155e-04 8.84026e-04 8.26580e-04 7.84490e-04 7.51073e-04 7.19929e-04 6.85859e-04 6.45833e-04 5.99570e-04 5.49370e-04 4.99125e-04 4.52854e-04 4.13362e-04 3.81534e-04 3.56464e-04 3.36133e-04 3.18230e-04 3.00762e-04 2.82350e-04 2.62273e-04 2.40395e-04 2.17037e-04 1.92836e-04 1.68582e-04 1.45061e-04 1.22922e-04 1.02608e-04 8.43438e-05 6.81848e-05 5.40741e-05 4.19018e-05 3.15468e-05 2.28983e-05 1.58616e-05 1.03462e-05 6.24316e-06 3.40000e-06 1.60928e-06 6.20511e-07 1.71460e-07 2.49179e-08 6.48143e-10
7.073518 1.56938e-03 3.97380e-03 6.08868e-03 8.68231e-03 1.10010e-02 1.26806e-02 1.37769e-02 1.43751e-02 1.43624e-02 1.36184e-02 1.22747e-02 1.07176e-02 9.36447e-03 8.44889e-03 7.97633e-03 7.81511e-03 7.80598e-03 7.82530e-03 7.80184e-03 7.70971e-03 7.55463e-03 7.36023e-03 7.15573e-03 6.96602e-03 6.80577e-03 6.67814e-03 6.57704e-03 6.49111e-03 6.40784e-03 6.31696e-03 6.21253e-03 6.09344e-03 5.96224e-03 5.82271e-03 5.67737e-03 5.52567e-03 5.36364e-03 5.18504e-03 4.98351e-03 4.75476e-03 4.49822e-03 4.21732e-03 3.91852e-03 3.60931e-03 3.29639e-03 2.98458e-03 2.67740e-03 2.37839e-03 2.09247e-03 1.82598e-03 1.58562e-03 1.37685e-03 1.20265e-03 1.06311e-03 9.55718e-04 8.76047e-04 8.18349e-04 7.76081e-04 7.42397e-04 7.10843e-04 6.76285e-04 6.35846e-04 5.89428e-04 5.39459e-04 4.89861e-04 4.44572e-04 4.06252e-04 3.75646e-04 3.51741e-04 3.32458e-04 3.15459e-04 2.98741e-04 2.80926e-04 2.61303e-04 2.39752e-04 2.16614e-04 1.92543e-04 1.68349e-04 1.44837e-04 1.22674e-04 1.02318e-04 8.40116e-05 6.78206e-05 5.36962e-05 4.15329e-05 3.12093e-05 2.26112e-05 1.56366e-05 1.01862e-05 6.14156e-06 3.34366e-06 1.58280e-06 6.10511e-07 1.68756e-07 2.45305e-08 6.38129e-10
7.123685 1.59292e-03 4.01749e-03 6.11675e-03 8.68869e-03 1.10063e-02 1.27136e-02 1.38388e-02 1.44340e-02 1.43824e-02 1.35875e-02 1.22113e-02 1.06553e-02 9.33048e-03 8.45238e-03 8.01131e-03 7.86887e-03 7.86544e-03 7.87997e-03 7.84487e-03 7.73818e-03 7.56915e-03 7.36395e-03 7.15286e-03 6.96061e-03 6.80083e-03 6.67540e-03 6.57716e-03 6.49399e-03 6.41299e-03 6.32372e-03 6.22016e-03 6.10116e-03 5.96922e-03 5.82821e-03 5.68090e-03 5.52708e-03 5.36315e-03 5.18312e-03 4.98068e-03 4.75147e-03 4.49481e-03 4.21412e-03 3.91594e-03 3.60793e-03 3.29673e-03 2.98698e-03 2.68172e-03 2.38396e-03 2.09822e-03 1.83075e-03 1.58849e-03 1.37739e-03 1.20091e-03 1.05950e-03 9.50833e-04 8.70400e-04 8.12269e-04 7.69667e-04 7.35566e-04 7.03441e-04 6.68223e-04 6.27198e-04 5.80459e-04 5.30571e-04 4.81479e-04 4.37036e-04 3.99756e-04 3.70246e-04 3.47394e-04 3.29069e-04 3.12910e-04 2.96907e-04 2.79679e-04 2.60520e-04 2.39318e-04 2.16422e-04 1.92501e-04 1.68379e-04 1.44877e-04 1.22680e-04 1.02264e-04 8.38899e-05 6.76361e-05 5.34650e-05 4.12777e-05 3.09551e-05 2.23809e-05 1.54475e-05 1.00466e-05 6.05044e-06 3.29209e-06 1.55825e-06 6.01185e-07 1.66233e-07 2.41703e-08 6.28851e-10
7.173851 1.61779e-03 4.06398e-03 6.14834e-03 8.70003e-03 1.10176e-02 1.27520e-02 1.39037e-02 1.44936e-02 1.44022e-02 1.35577e-02 1.21516e-02 1.05994e-02 9.30397e-03 8.46296e-03 8.05202e-03 7.92650e-03 7.92666e-03 7.93428e-03 7.88580e-03 7.76346e-03 7.58018e-03 7.36447e-03 7.14749e-03 6.95341e-03 6.79464e-03 6.67168e-03 6.57623e-03 6.49553e-03 6.41637e-03 6.32824e-03 6.22514e-03 6.10590e-03 5.97303e-03 5.83048e-03 5.68118e-03 5.52522e-03 5.35931e-03 5.17768e-03 4.97409e-03 4.74416e-03 4.48720e-03 4.20667e-03 3.90926e-03 3.60271e-03 3.29365e-03 2.98642e-03 2.68358e-03 2.38761e-03 2.10258e-03 1.83460e-03 1.59085e-03 1.37768e-03 1.19910e-03 1.05594e-03 9.46026e-04 8.64843e-04 8.06273e-04 7.63309e-04 7.28738e-04 6.95970e-04 6.60007e-04 6.18317e-04 5.71198e-04 5.21353e-04 4.72737e-04 4.29105e-04 3.92822e-04 3.64354e-04 3.42499e-04 3.25086e-04 3.09740e-04 2.94450e-04 2.77836e-04 2.59192e-04 2.38406e-04 2.15832e-04 1.92142e-04 1.68168e-04 1.44743e-04 1.22567e-04 1.02135e-04 8.37230e-05 6.74261e-05 5.32195e-05 4.10131e-05 3.06925e-05 2.21418e-05 1.52489e-05 9.89810e-06 5.95204e-06 3.23558e-06 1.53099e-06 5.90728e-07 1.63392e-07 2.37641e-08 6.18395e-10
7.224018 1.64169e-03 4.10707e-03 6.17445e-03 8.70485e-03 1.10207e-02 1.27787e-02 1.39526e-02 1.45338e-02 1.44018e-02 1.35102e-02 1.20788e-02 1.05348e-02 9.27172e-03 8.46856e-03 8.08690e-03 7.97647e-03 7.97791e-03 7.97637e-03 7.91276e-03 7.77390e-03 7.57640e-03 7.35092e-03 7.12907e-03 6.93417e-03 6.77714e-03 6.65701e-03 6.56440e-03 6.48598e-03 6.40837e-03 6.32111e-03 6.21830e-03 6.09881e-03 5.96513e-03 5.82125e-03 5.67023e-03 5.51240e-03 5.34472e-03 5.16162e-03 4.95700e-03 4.72653e-03 4.46958e-03 4.18973e-03 3.89376e-03 3.58949e-03 3.28343e-03 2.97962e-03 2.68013e-03 2.38689e-03 2.10349e-03 1.83586e-03 1.59131e-03 1.37661e-03 1.19628e-03 1.05156e-03 9.40502e-04 8.58599e-04 7.99584e-04 7.56238e-04 7.21180e-04 6.87759e-04 6.51064e-04 6.08746e-04 5.61302e-04 5.11555e-04 4.63457e-04 4.20650e-04 3.85346e-04 3.57880e-04 3.36977e-04 3.20438e-04 3.05888e-04 2.91320e-04 2.75357e-04 2.57289e-04 2.36998e-04 2.14833e-04 1.91462e-04 1.67719e-04 1.44442e-04 1.22347e-04 1.01944e-04 8.35262e-05 6.72069e-05 5.29760e-05 4.07547e-05 3.04359e-05 2.19059e-05 1.50506e-05 9.74769e-06 5.85092e-06 3.17671e-06 1.50228e-06 5.79631e-07 1.60367e-07 2.33320e-08 6.07287e-10
7.274185 1.66462e-03 4.14503e-03 6.19048e-03 8.69759e-03 1.10107e-02 1.27897e-02 1.39819e-02 1.45525e-02 1.43818e-02 1.34480e-02 1.19980e-02 1.04677e-02 9.23949e-03 8.47404e-03 8.11997e-03 8.02233e-03 8.02278e-03 8.01026e-03 7.93051e-03 7.77502e-03 7.56396e-03 7.32981e-03 7.10425e-03 6.90948e-03 6.75479e-03 6.63773e-03 6.54798e-03 6.47173e-03 6.39557e-03 6.30916e-03 6.20673e-03 6.08718e-03 5.95297e-03 5.80808e-03 5.65566e-03 5.49620e-03 5.32691e-03 5.14244e-03 4.93684e-03 4.70594e-03 4.44919e-03 4.17032e-03 3.87619e-03 3.57462e-03 3.27198e-03 2.97198e-03 2.67625e-03 2.38614e-03 2.10476e-03 1.83782e-03 1.59271e-03 1.37662e-03 1.19453e-03 1.04816e-03 9.35826e-04 8.53059e-04 7.93468e-04 7.49635e-04 7.14007e-04 6.79874e-04 6.42403e-04 5.99427e-04 5.51635e-04 5.01959e-04 4.54337e-04 4.12295e-04 3.77893e-04 3.51348e-04 3.31321e-04 3.15593e-04 3.01797e-04 2.87934e-04 2.72626e-04 2.55159e-04 2.35402e-04 2.13691e-04 1.90687e-04 1.67218e-04 1.44129e-04 1.22144e-04 1.01790e-04 8.33792e-05 6.70421e-05 5.27848e-05 4.05420e-05 3.02153e-05 2.16956e-05 1.48682e-05 9.60560e-06 5.75324e-06 3.11881e-06 1.47366e-06 5.68482e-07 1.57319e-07 2.28969e-08 5.96124e-10
7.324352 1.68878e-03 4.18436e-03 6.20575e-03 8.68953e-03 1.10020e-02 1.28026e-02 1.40120e-02 1.45712e-02 1.43632e-02 1.33911e-02 1.19269e-02 1.04133e-02 9.22034e-03 8.49110e-03 8.16226e-03 8.07492e-03 8.07217e-03 8.04705e-03 7.95033e-03 7.77822e-03 7.55422e-03 7.31231e-03 7.08392e-03 6.88990e-03 6.73784e-03 6.62389e-03 6.53683e-03 6.46254e-03 6.38764e-03 6.30197e-03 6.19990e-03 6.08034e-03 5.94572e-03 5.79996e-03 5.64622e-03 5.48515e-03 5.31414e-03 5.12809e-03 4.92127e-03 4.68967e-03 4.43294e-03 4.15493e-03 3.86257e-03 3.56364e-03 3.26432e-03 2.96803e-03 2.67594e-03 2.38887e-03 2.10948e-03 1.84317e-03 1.59740e-03 1.37970e-03 1.19560e-03 1.04728e-03 9.33375e-04 8.49480e-04 7.89098e-04 7.44611e-04 7.08282e-04 6.73331e-04 6.34990e-04 5.91264e-04 5.43026e-04 4.93317e-04 4.46055e-04 4.04653e-04 3.71029e-04 3.45289e-04 3.26034e-04 3.11035e-04 2.97930e-04 2.84729e-04 2.70054e-04 2.53178e-04 2.33957e-04 2.12708e-04 1.90078e-04 1.66890e-04 1.43991e-04 1.22115e-04 1.01804e-04 8.33888e-05 6.70180e-05 5.27150e-05 4.04289e-05 3.00720e-05 2.15412e-05 1.47229e-05 9.48575e-06 5.66741e-06 3.06643e-06 1.44727e-06 5.58096e-07 1.54472e-07 2.24912e-08 5.85745e-10
7.374519 1.71805e-03 4.23647e-03 6.23939e-03 8.70598e-03 1.10235e-02 1.28497e-02 1.40777e-02 1.46253e-02 1.43792e-02 1.33681e-02 1.18888e-02 1.03902e-02 9.23033e-03 8.53470e-03 8.22850e-03 8.14899e-03 8.14075e-03 8.10112e-03 7.98615e-03 7.79681e-03 7.55985e-03 7.31048e-03 7.07960e-03 6.88653e-03 6.73710e-03 6.62604e-03 6.54130e-03 6.46850e-03 6.39436e-03 6.30895e-03 6.20680e-03 6.08687e-03 5.95153e-03 5.80462e-03 5.64928e-03 5.48622e-03 5.31301e-03 5.12476e-03 4.91599e-03 4.68296e-03 4.42556e-03 4.14779e-03 3.85666e-03 3.55984e-03 3.26334e-03 2.97026e-03 2.68136e-03 2.39697e-03 2.11925e-03 1.85330e-03 1.60658e-03 1.38696e-03 1.20048e-03 1.04985e-03 9.34003e-04 8.48666e-04 7.87241e-04 7.41904e-04 7.04726e-04 6.68832e-04 6.29507e-04 5.84912e-04 5.36097e-04 4.86205e-04 4.39140e-04 3.98211e-04 3.65204e-04 3.40122e-04 3.21514e-04 3.07141e-04 2.94647e-04 2.82049e-04 2.67962e-04 2.51648e-04 2.32939e-04 2.12133e-04 1.89859e-04 1.66933e-04 1.44202e-04 1.22409e-04 1.02112e-04 8.36599e-05 6.72213e-05 5.28369e-05 4.04713e-05 3.00489e-05 2.14744e-05 1.46371e-05 9.40297e-06 5.60241e-06 3.02446e-06 1.42541e-06 5.49359e-07 1.52069e-07 2.21503e-08 5.77068e-10
7.424685 1.74998e-03 4.29519e-03 6.28299e-03 8.73576e-03 1.10597e-02 1.29108e-02 1.41558e-02 1.46902e-02 1.44054e-02 1.33558e-02 1.18626e-02 1.03799e-02 9.25271e-03 8.58941e-03 8.30395e-03 8.23006e-03 8.21417e-03 8.15833e-03 8.02416e-03 7.81750e-03 7.56809e-03 7.31206e-03 7.07951e-03 6.88798e-03 6.74147e-03 6.63329e-03 6.55065e-03 6.47900e-03 6.40523e-03 6.31968e-03 6.21711e-03 6.09655e-03 5.96032e-03 5.81214e-03 5.65508e-03 5.48986e-03 5.31416e-03 5.12332e-03 4.91216e-03 4.67729e-03 4.41890e-03 4.14118e-03 3.85116e-03 3.55639e-03 3.26264e-03 2.97273e-03 2.68702e-03 2.40538e-03 2.12948e-03 1.86408e-03 1.61662e-03 1.39522e-03 1.20643e-03 1.05344e-03 9.35602e-04 8.48741e-04 7.86193e-04 7.39939e-04 7.01853e-04 6.64966e-04 6.24607e-04 5.79093e-04 5.29644e-04 4.79501e-04 4.32554e-04 3.92010e-04 3.59529e-04 3.35015e-04 3.16973e-04 3.03155e-04 2.91218e-04 2.79183e-04 2.65666e-04 2.49909e-04 2.31724e-04 2.11383e-04 1.89496e-04 1.66866e-04 1.44337e-04 1.22659e-04 1.02404e-04 8.39366e-05 6.74449e-05 5.29872e-05 4.05440e-05 3.00533e-05 2.14293e-05 1.45660e-05 9.32851e-06 5.54115e-06 2.98367e-06 1.40372e-06 5.40574e-07 1.49639e-07 2.18048e-08 5.68281e-10
7.474852 1.78035e-03 4.35009e-03 6.32170e-03 8.75926e-03 1.10862e-02 1.29568e-02 1.42134e-02 1.47311e-02 1.44072e-02 1.33219e-02 1.18194e-02 1.03567e-02 9.26454e-03 8.63387e-03 8.36785e-03 8.29744e-03 8.27171e-03 8.19812e-03 8.04427e-03 7.82080e-03 7.56018e-03 7.29901e-03 7.06615e-03 6.87717e-03 6.73415e-03 6.62906e-03 6.54848e-03 6.47779e-03 6.40415e-03 6.31828e-03 6.21520e-03 6.09403e-03 5.95703e-03 5.80777e-03 5.64920e-03 5.48196e-03 5.30385e-03 5.11046e-03 4.89699e-03 4.66049e-03 4.40151e-03 4.12440e-03 3.83616e-03 3.54415e-03 3.25386e-03 2.96780e-03 2.68599e-03 2.40787e-03 2.13463e-03 1.87068e-03 1.62330e-03 1.40085e-03 1.21030e-03 1.05537e-03 9.35771e-04 8.47529e-04 7.83937e-04 7.36816e-04 6.97867e-04 6.60042e-04 6.18723e-04 5.72374e-04 5.22378e-04 4.72059e-04 4.25281e-04 3.85144e-04 3.53185e-04 3.29217e-04 3.11708e-04 2.98414e-04 2.87009e-04 2.75529e-04 2.62590e-04 2.47419e-04 2.29805e-04 2.09993e-04 1.88567e-04 1.66312e-04 1.44067e-04 1.22583e-04 1.02442e-04 8.40233e-05 6.75317e-05 5.30429e-05 4.05541e-05 3.00174e-05 2.13585e-05 1.44782e-05 9.24287e-06 5.47233e-06 2.93809e-06 1.37942e-06 5.30676e-07 1.46884e-07 2.14117e-08 5.58257e-10
7.525019 1.80963e-03 4.40097e-03 6.35420e-03 8.77598e-03 1.11042e-02 1.29903e-02 1.42541e-02 1.47529e-02 1.43909e-02 1.32738e-02 1.17670e-02 1.03282e-02 9.27252e-03 8.67384e-03 8.42536e-03 8.35609e-03 8.31856e-03 8.22615e-03 8.05263e-03 7.81327e-03 7.54285e-03 7.27798e-03 7.04599e-03 6.86034e-03 6.72117e-03 6.61924e-03 6.54061e-03 6.47074e-03 6.39714e-03 6.31092e-03 6.20737e-03 6.08573e-03 5.94813e-03 5.79798e-03 5.63801e-03 5.46882e-03 5.28829e-03 5.09232e-03 4.87657e-03 4.63860e-03 4.37931e-03 4.10322e-03 3.81720e-03 3.52835e-03 3.24186e-03 2.95996e-03 2.68236e-03 2.40811e-03 2.13798e-03 1.87595e-03 1.62914e-03 1.40602e-03 1.21398e-03 1.05723e-03 9.35911e-04 8.46263e-04 7.81581e-04 7.33554e-04 6.93726e-04 6.54974e-04 6.12726e-04 5.65586e-04 5.15080e-04 4.64602e-04 4.17986e-04 3.78226e-04 3.46741e-04 3.23265e-04 3.06233e-04 2.93413e-04 2.82500e-04 2.71549e-04 2.59175e-04 2.44592e-04 2.27563e-04 2.08304e-04 1.87373e-04 1.65534e-04 1.43614e-04 1.22367e-04 1.02379e-04 8.40437e-05 6.75805e-05 5.30819e-05 4.05614e-05 2.99865e-05 2.12952e-05 1.43970e-05 9.16135e-06 5.40529e-06 2.89285e-06 1.35496e-06 5.20613e-07 1.44068e-07 2.10090e-08 5.47991e-10
7.575186 1.83980e-03 4.45227e-03 6.38510e-03 8.79131e-03 1.11220e-02 1.30230e-02 1.42923e-02 1.47718e-02 1.43737e-02 1.32292e-02 1.17223e-02 1.03096e-02 9.29017e-03 8.72156e-03 8.48809e-03 8.41764e-03 8.36673e-03 8.25497e-03 8.06221e-03 7.80804e-03 7.52911e-03 7.26168e-03 7.03136e-03 6.84941e-03 6.71419e-03 6.61534e-03 6.53856e-03 6.46944e-03 6.39587e-03 6.30937e-03 6.20547e-03 6.08348e-03 5.94540e-03 5.79440e-03 5.63302e-03 5.46173e-03 5.27855e-03 5.07975e-03 4.86152e-03 4.62195e-03 4.36230e-03 4.08717e-03 3.80327e-03 3.51738e-03 3.23441e-03 2.95633e-03 2.68259e-03 2.41194e-03 2.14470e-03 1.88445e-03 1.63807e-03 1.41412e-03 1.22036e-03 1.06153e-03 9.38202e-04 8.46877e-04 7.80884e-04 7.31786e-04 6.90969e-04 6.51217e-04 6.07986e-04 5.59999e-04 5.08909e-04 4.58176e-04 4.11606e-04 3.72099e-04 3.40969e-04 3.17875e-04 3.01229e-04 2.88806e-04 2.78323e-04 2.67850e-04 2.55999e-04 2.41971e-04 2.25499e-04 2.06772e-04 1.86318e-04 1.64882e-04 1.43280e-04 1.22262e-04 1.02422e-04 8.41656e-05 6.77248e-05 5.32082e-05 4.06455e-05 3.00195e-05 2.12816e-05 1.43511e-05 9.10257e-06 5.35116e-06 2.85396e-06 1.33315e-06 5.11468e-07 1.41490e-07 2.06404e-08 5.38617e-10
7.625353 1.87280e-03 4.51064e-03 6.42551e-03 8.81848e-03 1.11542e-02 1.30718e-02 1.43465e-02 1.48057e-02 1.43717e-02 1.32008e-02 1.16950e-02 1.03083e-02 9.32376e-03 8.78301e-03 8.56203e-03 8.48811e-03 8.42215e-03 8.29025e-03 8.07830e-03 7.80997e-03 7.52341e-03 7.25422e-03 7.02608e-03 6.84806e-03 6.71677e-03 6.62085e-03 6.54572e-03 6.47715e-03 6.40345e-03 6.31652e-03 6.21217e-03 6.08970e-03 5.95099e-03 5.79895e-03 5.63586e-03 5.46211e-03 5.27587e-03 5.07383e-03 4.85278e-03 4.61134e-03 4.35115e-03 4.07681e-03 3.79481e-03 3.51160e-03 3.23179e-03 2.95713e-03 2.68688e-03 2.41950e-03 2.15492e-03 1.89629e-03 1.65022e-03 1.42530e-03 1.22961e-03 1.06843e-03 9.42799e-04 8.49518e-04 7.81979e-04 7.31639e-04 6.89723e-04 6.48909e-04 6.04657e-04 5.55780e-04 5.04043e-04 4.52963e-04 4.06321e-04 3.66938e-04 3.36035e-04 3.13209e-04 2.96851e-04 2.84746e-04 2.74630e-04 2.64582e-04 2.53212e-04 2.39699e-04 2.23753e-04 2.05527e-04 1.85524e-04 1.64468e-04 1.43162e-04 1.22355e-04 1.02647e-04 8.44519e-05 6.80165e-05 5.34641e-05 4.08399e-05 3.01422e-05 2.13368e-05 1.43543e-05 9.07558e-06 5.31545e-06 2.82446e-06 1.31545e-06 5.03802e-07 1.39306e-07 2.03285e-08 5.30727e-10
7.675519 1.90784e-03 4.57443e-03 6.47445e-03 8.85670e-03 1.11979e-02 1.31311e-02 1.44096e-02 1.48471e-02 1.43770e-02 1.31807e-02 1.16773e-02 1.03170e-02 9.36651e-03 8.85176e-03 8.64098e-03 8.56142e-03 8.47888e-03 8.32620e-03 8.09534e-03 7.81372e-03 7.52062e-03 7.25065e-03 7.02538e-03 6.85164e-03 6.72435e-03 6.63126e-03 6.55758e-03 6.48932e-03 6.41523e-03 6.32762e-03 6.22252e-03 6.09931e-03 5.95967e-03 5.80624e-03 5.64104e-03 5.46439e-03 5.27465e-03 5.06899e-03 4.84484e-03 4.60141e-03 4.34063e-03 4.06709e-03 3.78699e-03 3.50640e-03 3.22964e-03 2.95825e-03 2.69135e-03 2.42716e-03 2.16526e-03 1.90836e-03 1.66277e-03 1.43704e-03 1.23957e-03 1.07608e-03 9.48131e-04 8.52835e-04 7.83679e-04 7.32039e-04 6.88986e-04 6.47094e-04 6.01816e-04 5.52045e-04 4.99644e-04 4.48179e-04 4.01410e-04 3.62082e-04 3.31333e-04 3.08706e-04 2.92572e-04 2.80727e-04 2.70928e-04 2.61263e-04 2.50339e-04 2.37318e-04 2.21878e-04 2.04146e-04 1.84596e-04 1.63929e-04 1.42936e-04 1.22362e-04 1.02808e-04 8.46965e-05 6.82864e-05 5.37143e-05 4.10398e-05 3.02766e-05 2.14052e-05 1.43691e-05 9.05681e-06 5.28451e-06 2.79714e-06 1.29853e-06 4.96347e-07 1.37163e-07 2.00219e-08 5.22969e-10
7.725686 1.94281e-03 4.63844e-03 6.52469e-03 8.89683e-03 1.12420e-02 1.31871e-02 1.44654e-02 1.48791e-02 1.43732e-02 1.31542e-02 1.16562e-02 1.03240e-02 9.40750e-03 8.91731e-03 8.71462e-03 8.62741e-03 8.52703e-03 8.35339e-03 8.10436e-03 7.81081e-03 7.51269e-03 7.24326e-03 7.02177e-03 6.85284e-03 6.72975e-03 6.63946e-03 6.56708e-03 6.49893e-03 6.42422e-03 6.33568e-03 6.22960e-03 6.10536e-03 5.96450e-03 5.80935e-03 5.64170e-03 5.46180e-03 5.26826e-03 5.05881e-03 4.83155e-03 4.58628e-03 4.32519e-03 4.05278e-03 3.77490e-03 3.49721e-03 3.22369e-03 2.95573e-03 2.69232e-03 2.43151e-03 2.17256e-03 1.91778e-03 1.67313e-03 1.44708e-03 1.24823e-03 1.08276e-03 9.52713e-04 8.55530e-04 7.84827e-04 7.31924e-04 6.87767e-04 6.44833e-04 5.98577e-04 5.47964e-04 4.94945e-04 4.43127e-04 3.96243e-04 3.56965e-04 3.26353e-04 3.03895e-04 2.87952e-04 2.76333e-04 2.66817e-04 2.57507e-04 2.47006e-04 2.34461e-04 2.19527e-04 2.02299e-04 1.83225e-04 1.62982e-04 1.42347e-04 1.22055e-04 1.02709e-04 8.47339e-05 6.83980e-05 5.38489e-05 4.11598e-05 3.03589e-05 2.14418e-05 1.43652e-05 9.02746e-06 5.24757e-06 2.76648e-06 1.27988e-06 4.88155e-07 1.34802e-07 1.96822e-08 5.14339e-10
7.775853 1.97793e-03 4.70286e-03 6.57647e-03 8.94005e-03 1.12886e-02 1.32427e-02 1.45171e-02 1.49049e-02 1.43636e-02 1.31242e-02 1.16340e-02 1.03313e-02 9.44837e-03 8.98106e-03 8.78426e-03 8.68745e-03 8.56812e-03 8.37344e-03 8.10711e-03 7.80298e-03 7.50125e-03 7.23351e-03 7.01659e-03 6.85285e-03 6.73406e-03 6.64652e-03 6.57531e-03 6.50712e-03 6.43164e-03 6.34201e-03 6.23475e-03 6.10927e-03 5.96692e-03 5.80975e-03 5.63930e-03 5.45582e-03 5.25825e-03 5.04493e-03 4.81467e-03 4.56783e-03 4.30679e-03 4.03587e-03 3.76051e-03 3.48593e-03 3.21578e-03 2.95132e-03 2.69145e-03 2.43413e-03 2.17831e-03 1.92592e-03 1.68255e-03 1.45652e-03 1.25657e-03 1.08931e-03 9.57245e-04 8.58186e-04 7.85913e-04 7.31727e-04 6.86468e-04 6.42529e-04 5.95353e-04 5.43964e-04 4.90378e-04 4.38232e-04 3.91229e-04 3.51973e-04 3.21454e-04 2.99119e-04 2.83321e-04 2.71885e-04 2.62615e-04 2.53627e-04 2.43525e-04 2.31437e-04 2.16995e-04 2.00267e-04 1.81671e-04 1.61864e-04 1.41604e-04 1.21618e-04 1.02505e-04 8.46925e-05 6.84553e-05 5.39508e-05 4.12641e-05 3.04373e-05 2.14811e-05 1.43667e-05 9.00311e-06 5.21403e-06 2.73758e-06 1.26192e-06 4.80170e-07 1.32485e-07 1.93480e-08 5.05848e-10
7.826020 2.01157e-03 4.76238e-03 6.62060e-03 8.97437e-03 1.13245e-02 1.32839e-02 1.45510e-02 1.49117e-02 1.43379e-02 1.30831e-02 1.16055e-02 1.03346e-02 9.48505e-03 9.03890e-03 8.84587e-03 8.73795e-03 8.59927e-03 8.38431e-03 8.10221e-03 7.78932e-03 7.48563e-03 7.22080e-03 7.00917e-03 6.85096e-03 6.73660e-03 6.65183e-03 6.58182e-03 6.51366e-03 6.43751e-03 6.34690e-03 6.23856e-03 6.11188e-03 5.96800e-03 5.80869e-03 5.63529e-03 5.44812e-03 5.24652e-03 5.02948e-03 4.79655e-03 4.54855e-03 4.28798e-03 4.01891e-03 3.74631e-03 3.47496e-03 3.20820e-03 2.94717e-03 2.69077e-03 2.43688e-03 2.18421e-03 1.93431e-03 1.69237e-03 1.46649e-03 1.26556e-03 1.09653e-03 9.62388e-04 8.61353e-04 7.87405e-04 7.31858e-04 6.85465e-04 6.40530e-04 5.92471e-04 5.40345e-04 4.86216e-04 4.33737e-04 3.86581e-04 3.47295e-04 3.16808e-04 2.94536e-04 2.78827e-04 2.67529e-04 2.58464e-04 2.49765e-04 2.40030e-04 2.28375e-04 2.14404e-04 1.98160e-04 1.80035e-04 1.60662e-04 1.40783e-04 1.21113e-04 1.02245e-04 8.46115e-05 6.84886e-05 5.40425e-05 4.13691e-05 3.05237e-05 2.15317e-05 1.43791e-05 8.98738e-06 5.18602e-06 2.71159e-06 1.24520e-06 4.72603e-07 1.30272e-07 1.90281e-08 4.97722e-10
7.876187 2.04413e-03 4.81905e-03 6.65976e-03 9.00165e-03 1.13520e-02 1.33148e-02 1.45723e-02 1.49058e-02 1.43020e-02 1.30364e-02 1.15751e-02 1.03373e-02 9.52036e-03 9.09333e-03 8.90199e-03 8.78165e-03 8.62349e-03 8.38920e-03 8.09292e-03 7.77301e-03 7.46884e-03 7.20795e-03 7.00219e-03 6.84973e-03 6.73982e-03 6.65780e-03 6.58897e-03 6.52085e-03 6.44405e-03 6.35248e-03 6.24304e-03 6.11507e-03 5.96949e-03 5.80781e-03 5.63123e-03 5.44020e-03 5.23453e-03 5.01393e-03 4.77860e-03 4.52980e-03 4.27004e-03 4.00306e-03 3.73336e-03 3.46524e-03 3.20180e-03 2.94406e-03 2.69097e-03 2.44035e-03 2.19076e-03 1.94335e-03 1.70290e-03 1.47728e-03 1.27542e-03 1.10461e-03 9.68334e-04 8.65217e-04 7.89482e-04 7.32487e-04 6.84914e-04 6.38978e-04 5.90057e-04 5.37218e-04 4.82554e-04 4.29725e-04 3.82377e-04 3.43004e-04 3.12488e-04 2.90219e-04 2.74548e-04 2.63339e-04 2.54439e-04 2.45991e-04 2.36591e-04 2.25337e-04 2.11811e-04 1.96029e-04 1.78359e-04 1.59411e-04 1.39910e-04 1.20559e-04 1.01947e-04 8.45026e-05 6.85060e-05 5.41295e-05 4.14785e-05 3.06203e-05 2.15948e-05 1.44035e-05 8.98095e-06 5.16405e-06 2.68882e-06 1.22989e-06 4.65524e-07 1.28182e-07 1.87254e-08 4.90040e-10
7.926353 2.08039e-03 4.88539e-03 6.71317e-03 9.04722e-03 1.14009e-02 1.33690e-02 1.46174e-02 1.49235e-02 1.42899e-02 1.30135e-02 1.15676e-02 1.03610e-02 9.57381e-03 9.16301e-03 8.97095e-03 8.83666e-03 8.65847e-03 8.40513e-03 8.09549e-03 7.76948e-03 7.46558e-03 7.20906e-03 7.00930e-03 6.86252e-03 6.75685e-03 6.67731e-03 6.60939e-03 6.54100e-03 6.46321e-03 6.37026e-03 6.25918e-03 6.12927e-03 5.98126e-03 5.81641e-03 5.63587e-03 5.44029e-03 5.23003e-03 5.00551e-03 4.76758e-03 4.51782e-03 4.25870e-03 3.99359e-03 3.72645e-03 3.46115e-03 3.20053e-03 2.94555e-03 2.69523e-03 2.44739e-03 2.20042e-03 1.95514e-03 1.71593e-03 1.49038e-03 1.28743e-03 1.11471e-03 9.76126e-04 8.70757e-04 7.93076e-04 7.34506e-04 6.85660e-04 6.38662e-04 5.88831e-04 5.35230e-04 4.79968e-04 4.26708e-04 3.79071e-04 3.39513e-04 3.08876e-04 2.86528e-04 2.70825e-04 2.59648e-04 2.50862e-04 2.42617e-04 2.33504e-04 2.22603e-04 2.09475e-04 1.94111e-04 1.76854e-04 1.58297e-04 1.39146e-04 1.20094e-04 1.01722e-04 8.44561e-05 6.85786e-05 5.42664e-05 4.16329e-05 3.07564e-05 2.16909e-05 1.44535e-05 8.99247e-06 5.15326e-06 2.67212e-06 1.21736e-06 4.59470e-07 1.26366e-07 1.84618e-08 4.83372e-10
7.976520 2.11812e-03 4.95597e-03 6.77384e-03 9.10232e-03 1.14592e-02 1.34307e-02 1.46682e-02 1.49461e-02 1.42835e-02 1.29978e-02 1.15681e-02 1.03920e-02 9.63275e-03 9.23583e-03 9.04096e-03 8.89146e-03 8.69303e-03 8.42138e-03 8.09964e-03 7.76893e-03 7.46648e-03 7.21515e-03 7.02182e-03 6.88085e-03 6.77938e-03 6.70218e-03 6.63494e-03 6.56601e-03 6.48689e-03 6.39211e-03 6.27886e-03 6.14637e-03 5.99520e-03 5.82644e-03 5.64125e-03 5.44059e-03 5.22544e-03 4.99693e-03 4.75650e-03 4.50597e-03 4.24766e-03 3.98451e-03 3.71996e-03 3.45744e-03 3.19951e-03 2.94712e-03 2.69935e-03 2.45410e-03 2.20962e-03 1.96643e-03 1.72851e-03 1.50317e-03 1.29932e-03 1.12482e-03 9.84035e-04 8.76460e-04 7.96843e-04 7.36691e-04 6.86571e-04 6.38520e-04 5.87801e-04 5.33459e-04 4.77610e-04 4.23913e-04 3.75967e-04 3.36190e-04 3.05394e-04 2.82930e-04 2.67159e-04 2.55980e-04 2.47274e-04 2.39199e-04 2.30340e-04 2.19762e-04 2.07004e-04 1.92035e-04 1.75178e-04 1.57006e-04 1.38210e-04 1.19469e-04 1.01355e-04 8.42898e-05 6.85551e-05 5.43306e-05 4.17360e-05 3.08595e-05 2.17680e-05 1.44939e-05 9.00006e-06 5.14124e-06 2.65516e-06 1.20479e-06 4.53401e-07 1.24541e-07 1.81960e-08 4.76630e-10
8.026687 2.15328e-03 5.02133e-03 6.82905e-03 9.15058e-03 1.15068e-02 1.34763e-02 1.46980e-02 1.49462e-02 1.42565e-02 1.29651e-02 1.15547e-02 1.04103e-02 9.67839e-03 9.29372e-03 9.09439e-03 8.92881e-03 8.71045e-03 8.42182e-03 8.08990e-03 7.75648e-03 7.45719e-03 7.21226e-03 7.02608e-03 6.89127e-03 6.79409e-03 6.71916e-03 6.65247e-03 6.58281e-03 6.50211e-03 6.40521e-03 6.28941e-03 6.15390e-03 5.99910e-03 5.82601e-03 5.63588e-03 5.43009e-03 5.21026e-03 4.97825e-03 4.73599e-03 4.48543e-03 4.22866e-03 3.96814e-03 3.70674e-03 3.44746e-03 3.19262e-03 2.94315e-03 2.69824e-03 2.45587e-03 2.21423e-03 1.97355e-03 1.73744e-03 1.51287e-03 1.30865e-03 1.13284e-03 9.90217e-04 8.80675e-04 7.99272e-04 7.37642e-04 6.86344e-04 6.37353e-04 5.85878e-04 5.30939e-04 4.74636e-04 4.20611e-04 3.72431e-04 3.32481e-04 3.01546e-04 2.78971e-04 2.63127e-04 2.51934e-04 2.43295e-04 2.35375e-04 2.26757e-04 2.16491e-04 2.04099e-04 1.89530e-04 1.73088e-04 1.55325e-04 1.36915e-04 1.18523e-04 1.00710e-04 8.38902e-05 6.83428e-05 5.42484e-05 4.17310e-05 3.08872e-05 2.17962e-05 1.45051e-05 8.99171e-06 5.12129e-06 2.63457e-06 1.19071e-06 4.46776e-07 1.22560e-07 1.79068e-08 4.69261e-10
8.076854 2.18650e-03 5.08158e-03 6.87787e-03 9.19208e-03 1.15456e-02 1.35093e-02 1.47122e-02 1.49304e-02 1.42166e-02 1.29235e-02 1.15353e-02 1.04232e-02 9.71731e-03 9.34294e-03 9.13761e-03 8.95550e-03 8.71796e-03 8.41397e-03 8.07385e-03 7.73956e-03 7.44480e-03 7.20715e-03 7.02855e-03 6.90001e-03 6.80707e-03 6.73430e-03 6.66802e-03 6.59747e-03 6.51501e-03 6.41574e-03 6.29708e-03 6.15819e-03 5.99937e-03 5.82159e-03 5.62629e-03 5.41538e-03 5.19114e-03 4.95607e-03 4.71252e-03 4.46247e-03 4.20769e-03 3.95013e-03 3.69211e-03 3.43620e-03 3.18451e-03 2.93797e-03 2.69590e-03 2.45639e-03 2.21760e-03 1.97952e-03 1.74536e-03 1.52176e-03 1.31739e-03 1.14047e-03 9.96121e-04 8.84667e-04 8.01490e-04 7.38381e-04 6.85921e-04 6.36032e-04 5.83865e-04 5.28398e-04 4.71701e-04 4.17385e-04 3.68986e-04 3.28857e-04 2.97765e-04 2.75055e-04 2.59112e-04 2.47880e-04 2.39281e-04 2.31492e-04 2.23090e-04 2.13113e-04 2.01067e-04 1.86881e-04 1.70842e-04 1.53485e-04 1.35466e-04 1.17433e-04 9.99362e-05 8.33807e-05 6.80412e-05 5.40976e-05 4.16771e-05 3.08831e-05 2.18059e-05 1.45072e-05 8.97983e-06 5.10047e-06 2.61402e-06 1.17677e-06 4.40222e-07 1.20596e-07 1.76195e-08 4.61931e-10
8.127021 2.21916e-03 5.13986e-03 6.92313e-03 9.22944e-03 1.15803e-02 1.35371e-02 1.47202e-02 1.49098e-02 1.41754e-02 1.28845e-02 1.15203e-02 1.04400e-02 9.75821e-03 9.39195e-03 9.17924e-03 8.98047e-03 8.72477e-03 8.40714e-03 8.06065e-03 7.72702e-03 7.43783e-03 7.20797e-03 7.03710e-03 6.91477e-03 6.82593e-03 6.75516e-03 6.68915e-03 6.61758e-03 6.53318e-03 6.43132e-03 6.30951e-03 6.16686e-03 6.00361e-03 5.82077e-03 5.62009e-03 5.40401e-03 5.17551e-03 4.93767e-03 4.69314e-03 4.44384e-03 4.19116e-03 3.93652e-03 3.68173e-03 3.42895e-03 3.18011e-03 2.93617e-03 2.69657e-03 2.45955e-03 2.22326e-03 1.98748e-03 1.75506e-03 1.53227e-03 1.32763e-03 1.14948e-03 1.00328e-03 8.89776e-04 8.04696e-04 7.40005e-04 6.86311e-04 6.35485e-04 5.82607e-04 5.26594e-04 4.69475e-04 4.14824e-04 3.66146e-04 3.25774e-04 2.94464e-04 2.71563e-04 2.55474e-04 2.44163e-04 2.35569e-04 2.27874e-04 2.19651e-04 2.09926e-04 1.98187e-04 1.84348e-04 1.68680e-04 1.51700e-04 1.34049e-04 1.16361e-04 9.91695e-05 8.28732e-05 6.77404e-05 5.39490e-05 4.16278e-05 3.08862e-05 2.18244e-05 1.45181e-05 8.97535e-06 5.08493e-06 2.59662e-06 1.16438e-06 4.34264e-07 1.18795e-07 1.73553e-08 4.55194e-10
8.177187 2.25295e-03 5.20179e-03 6.97384e-03 9.27292e-03 1.16217e-02 1.35721e-02 1.47357e-02 1.48975e-02 1.41440e-02 1.28566e-02 1.15163e-02 1.04661e-02 9.80603e-03 9.44559e-03 9.22404e-03 9.00831e-03 8.73514e-03 8.40515e-03 8.05371e-03 7.72191e-03 7.43906e-03 7.21736e-03 7.05427e-03 6.93802e-03 6.85304e-03 6.78401e-03 6.71798e-03 6.64506e-03 6.55834e-03 6.45341e-03 6.32789e-03 6.18086e-03 6.01254e-03 5.82410e-03 5.61765e-03 5.39626e-03 5.16356e-03 4.92315e-03 4.67785e-03 4.42944e-03 4.17891e-03 3.92712e-03 3.67538e-03 3.42549e-03 3.17921e-03 2.93753e-03 2.70006e-03 2.46518e-03 2.23107e-03 1.99731e-03 1.76641e-03 1.54429e-03 1.33928e-03 1.15980e-03 1.01164e-03 8.95981e-04 8.08880e-04 7.42510e-04 6.87522e-04 6.35733e-04 5.82139e-04 5.25578e-04 4.68019e-04 4.12994e-04 3.63983e-04 3.23303e-04 2.91708e-04 2.68559e-04 2.52275e-04 2.40844e-04 2.32218e-04 2.24584e-04 2.16506e-04 2.06996e-04 1.95529e-04 1.82001e-04 1.66669e-04 1.50036e-04 1.32726e-04 1.15359e-04 9.84578e-05 8.24085e-05 6.74740e-05 5.38294e-05 4.16041e-05 3.09121e-05 2.18627e-05 1.45453e-05 8.98312e-06 5.07757e-06 2.58396e-06 1.15429e-06 4.29197e-07 1.17238e-07 1.71264e-08 4.49373e-10
8.227354 2.28675e-03 5.26480e-03 7.02770e-03 9.32011e-03 1.16653e-02 1.36074e-02 1.47506e-02 1.48851e-02 1.41144e-02 1.28319e-02 1.15157e-02 1.04944e-02 9.85378e-03 9.49706e-03 9.26541e-03 9.03260e-03 8.74291e-03 8.40211e-03 8.04739e-03 7.71887e-03 7.44337e-03 7.23038e-03 7.07526e-03 6.96501e-03 6.88368e-03 6.81607e-03 6.74962e-03 6.67489e-03 6.58531e-03 6.47671e-03 6.34677e-03 6.19462e-03 6.02052e-03 5.82589e-03 5.61333e-03 5.38654e-03 5.14980e-03 4.90713e-03 4.66144e-03 4.41425e-03 4.16607e-03 3.91726e-03 3.66862e-03 3.42162e-03 3.17786e-03 2.93836e-03 2.70290e-03 2.47004e-03 2.23800e-03 2.00622e-03 1.77687e-03 1.55552e-03 1.35030e-03 1.16967e-03 1.01970e-03 9.01973e-04 8.12906e-04 7.44886e-04 6.88629e-04 6.35913e-04 5.81648e-04 5.24587e-04 4.66628e-04 4.11254e-04 3.61916e-04 3.20921e-04 2.89027e-04 2.65611e-04 2.49114e-04 2.37545e-04 2.28868e-04 2.21273e-04 2.13316e-04 2.03998e-04 1.92777e-04 1.79540e-04 1.64529e-04 1.48234e-04 1.31264e-04 1.14222e-04 9.76190e-05 8.18301e-05 6.71103e-05 5.36305e-05 4.15195e-05 3.08945e-05 2.18727e-05 1.45560e-05 8.98267e-06 5.06686e-06 2.57027e-06 1.14401e-06 4.24119e-07 1.15683e-07 1.68974e-08 4.43534e-10
8.277521 2.31897e-03 5.32514e-03 7.07974e-03 9.36522e-03 1.17044e-02 1.36346e-02 1.47550e-02 1.48628e-02 1.40771e-02 1.28020e-02 1.15107e-02 1.05173e-02 9.89424e-03 9.53937e-03 9.29665e-03 9.04701e-03 8.74210e-03 8.39243e-03 8.03648e-03 7.71295e-03 7.44600e-03 7.24239e-03 7.09548e-03 6.99118e-03 6.91324e-03 6.84668e-03 6.77937e-03 6.70229e-03 6.60926e-03 6.49630e-03 6.36122e-03 6.20321e-03 6.02268e-03 5.82140e-03 5.60252e-03 5.37043e-03 5.13002e-03 4.88560e-03 4.64005e-03 4.39454e-03 4.14910e-03 3.90356e-03 3.65825e-03 3.41430e-03 3.17320e-03 2.93599e-03 2.70263e-03 2.47185e-03 2.24195e-03 2.01225e-03 1.78464e-03 1.56435e-03 1.35925e-03 1.17781e-03 1.02635e-03 9.06794e-04 8.15933e-04 7.46382e-04 6.88945e-04 6.35384e-04 5.80536e-04 5.23066e-04 4.64793e-04 4.09145e-04 3.59538e-04 3.18267e-04 2.86101e-04 2.62434e-04 2.45732e-04 2.34024e-04 2.25291e-04 2.17723e-04 2.09872e-04 2.00728e-04 1.89740e-04 1.76784e-04 1.62091e-04 1.46138e-04 1.29519e-04 1.12823e-04 9.65425e-05 8.10425e-05 6.65684e-05 5.32855e-05 4.13204e-05 3.07919e-05 2.18239e-05 1.45294e-05 8.96088e-06 5.04537e-06 2.55184e-06 1.13192e-06 4.18448e-07 1.13975e-07 1.66458e-08 4.37081e-10
8.327688 2.35016e-03 5.38355e-03 7.13074e-03 9.41014e-03 1.17422e-02 1.36582e-02 1.47543e-02 1.48359e-02 1.40375e-02 1.27716e-02 1.15055e-02 1.05387e-02 9.93112e-03 9.57634e-03 9.32175e-03 9.05568e-03 8.73694e-03 8.38026e-03 8.02489e-03 7.70779e-03 7.45032e-03 7.25653e-03 7.11788e-03 7.01932e-03 6.94443e-03 6.87848e-03 6.80980e-03 6.72985e-03 6.63277e-03 6.51483e-03 6.37396e-03 6.20945e-03 6.02196e-03 5.81370e-03 5.58845e-03 5.35128e-03 5.10760e-03 4.86192e-03 4.61695e-03 4.37348e-03 4.13102e-03 3.88888e-03 3.64696e-03 3.40610e-03 3.16765e-03 2.93271e-03 2.70139e-03 2.47263e-03 2.24482e-03 2.01718e-03 1.79135e-03 1.57220e-03 1.36738e-03 1.18531e-03 1.03250e-03 9.11236e-04 8.18650e-04 7.47610e-04 6.89033e-04 6.34676e-04 5.79305e-04 5.21490e-04 4.62961e-04 4.07079e-04 3.57224e-04 3.15686e-04 2.83245e-04 2.59318e-04 2.42401e-04 2.30543e-04 2.21740e-04 2.14182e-04 2.06418e-04 1.97428e-04 1.86652e-04 1.73958e-04 1.59568e-04 1.43947e-04 1.27675e-04 1.11322e-04 9.53693e-05 8.01659e-05 6.59482e-05 5.28751e-05 4.10699e-05 3.06519e-05 2.17504e-05 1.44884e-05 8.93196e-06 5.02111e-06 2.53271e-06 1.11980e-06 4.12842e-07 1.12291e-07 1.63976e-08 4.30706e-10
8.377855 2.37921e-03 5.43636e-03 7.17416e-03 9.44634e-03 1.17699e-02 1.36697e-02 1.47408e-02 1.47981e-02 1.39905e-02 1.27370e-02 1.14973e-02 1.05563e-02 9.96253e-03 9.60648e-03 9.33979e-03 9.05833e-03 8.72763e-03 8.36606e-03 8.01315e-03 7.70384e-03 7.45658e-03 7.27288e-03 7.14243e-03 7.04938e-03 6.97722e-03 6.91157e-03 6.84121e-03 6.75806e-03 6.65660e-03 6.53332e-03 6.38630e-03 6.21499e-03 6.02036e-03 5.80513e-03 5.57375e-03 5.33194e-03 5.08553e-03 4.83910e-03 4.59514e-03 4.35397e-03 4.11461e-03 3.87589e-03 3.63732e-03 3.39946e-03 3.16355e-03 2.93074e-03 2.70131e-03 2.47439e-03 2.24849e-03 2.02275e-03 1.79857e-03 1.58051e-03 1.37593e-03 1.19321e-03 1.03904e-03 9.16036e-04 8.21685e-04 7.49122e-04 6.89390e-04 6.34244e-04 5.78374e-04 5.20240e-04 4.61471e-04 4.05354e-04 3.55236e-04 3.13403e-04 2.80655e-04 2.56441e-04 2.39283e-04 2.27255e-04 2.18361e-04 2.10793e-04 2.03093e-04 1.94232e-04 1.83643e-04 1.71187e-04 1.57077e-04 1.41769e-04 1.25827e-04 1.09807e-04 9.41734e-05 7.92630e-05 6.53017e-05 5.24411e-05 4.08005e-05 3.04989e-05 2.16693e-05 1.44443e-05 8.90285e-06 4.99790e-06 2.51473e-06 1.10844e-06 4.07574e-07 1.10706e-07 1.61635e-08 4.24689e-10
8.428021 2.40644e-03 5.48541e-03 7.21245e-03 9.47534e-03 1.17891e-02 1.36718e-02 1.47182e-02 1.47533e-02 1.39398e-02 1.27010e-02 1.14881e-02 1.05716e-02 9.98982e-03 9.63126e-03 9.35240e-03 9.05663e-03 8.71581e-03 8.35138e-03 8.00265e-03 7.70229e-03 7.46587e-03 7.29240e-03 7.17000e-03 7.08216e-03 7.01235e-03 6.94659e-03 6.87415e-03 6.78740e-03 6.68115e-03 6.55213e-03 6.39855e-03 6.22013e-03 6.01819e-03 5.79603e-03 5.55880e-03 5.31279e-03 5.06415e-03 4.81745e-03 4.57482e-03 4.33616e-03 4.09998e-03 3.86466e-03 3.62937e-03 3.39442e-03 3.16094e-03 2.93014e-03 2.70245e-03 2.47720e-03 2.25302e-03 2.02902e-03 1.80637e-03 1.58930e-03 1.38493e-03 1.20155e-03 1.04600e-03 9.21225e-04 8.25070e-04 7.50950e-04 6.90046e-04 6.34120e-04 5.77774e-04 5.19348e-04 4.60354e-04 4.04003e-04 3.53604e-04 3.11449e-04 2.78365e-04 2.53833e-04 2.36410e-04 2.24190e-04 2.15185e-04 2.07587e-04 1.99928e-04 1.91173e-04 1.80746e-04 1.68503e-04 1.54651e-04 1.39634e-04 1.24005e-04 1.08303e-04 9.29783e-05 7.83539e-05 6.46454e-05 5.19968e-05 4.05226e-05 3.03403e-05 2.15861e-05 1.44007e-05 8.87567e-06 4.97691e-06 2.49848e-06 1.09809e-06 4.02740e-07 1.09245e-07 1.59474e-08 4.19134e-10
8.478188 2.43393e-03 5.53630e-03 7.25457e-03 9.50858e-03 1.18121e-02 1.36780e-02 1.47007e-02 1.47154e-02 1.38974e-02 1.26736e-02 1.14862e-02 1.05920e-02 1.00198e-02 9.65717e-03 9.36581e-03 9.05655e-03 8.70713e-03 8.34154e-03 7.99845e-03 7.70803e-03 7.48293e-03 7.31975e-03 7.20514e-03 7.12205e-03 7.05405e-03 6.98755e-03 6.91237e-03 6.82132e-03 6.70955e-03 6.57402e-03 6.41317e-03 6.22697e-03 6.01725e-03 5.78791e-03 5.54482e-03 5.29481e-03 5.04423e-03 4.79750e-03 4.55639e-03 4.32029e-03 4.08725e-03 3.85523e-03 3.62307e-03 3.39087e-03 3.15967e-03 2.93069e-03 2.70455e-03 2.48077e-03 2.25810e-03 2.03564e-03 1.81436e-03 1.59821e-03 1.39402e-03 1.21000e-03 1.05311e-03 9.26597e-04 8.28658e-04 7.52988e-04 6.90919e-04 6.34224e-04 5.77420e-04 5.18719e-04 4.59512e-04 4.02925e-04 3.52236e-04 3.09741e-04 2.76299e-04 2.51432e-04 2.33729e-04 2.21304e-04 2.12175e-04 2.04530e-04 1.96893e-04 1.88220e-04 1.77930e-04 1.65875e-04 1.52257e-04 1.37511e-04 1.22178e-04 1.06781e-04 9.17560e-05 7.74124e-05 6.39553e-05 5.15206e-05 4.02173e-05 3.01605e-05 2.14883e-05 1.43487e-05 8.84475e-06 4.95497e-06 2.48247e-06 1.08815e-06 3.98147e-07 1.07860e-07 1.57424e-08 4.13856e-10
8.528355 2.46045e-03 5.58604e-03 7.29690e-03 9.54207e-03 1.18336e-02 1.36811e-02 1.46802e-02 1.46760e-02 1.38556e-02 1.26476e-02 1.14848e-02 1.06107e-02 1.00461e-02 9.67807e-03 9.37416e-03 9.05254e-03 8.69639e-03 8.33166e-03 7.99595e-03 7.71668e-03 7.50352e-03 7.35076e-03 7.24372e-03 7.16491e-03 7.09810e-03 7.03019e-03 6.95153e-03 6.85540e-03 6.73732e-03 6.59448e-03 6.42560e-03 6.23100e-03 6.01305e-03 5.77639e-03 5.52755e-03 5.27385e-03 5.02173e-03 4.77537e-03 4.53607e-03 4.30273e-03 4.07292e-03 3.84425e-03 3.61525e-03 3.38581e-03 3.15688e-03 2.92973e-03 2.70512e-03 2.48276e-03 2.26155e-03 2.04059e-03 1.82070e-03 1.60553e-03 1.40167e-03 1.21721e-03 1.05920e-03 9.31141e-04 8.31571e-04 7.54464e-04 6.91312e-04 6.33914e-04 5.76712e-04 5.17792e-04 4.58423e-04 4.01645e-04 3.50698e-04 3.07888e-04 2.74110e-04 2.48925e-04 2.30955e-04 2.18333e-04 2.09083e-04 2.01387e-04 1.93761e-04 1.85156e-04 1.74987e-04 1.63106e-04 1.49711e-04 1.35230e-04 1.20190e-04 1.05102e-04 9.03832e-05 7.63316e-05 6.31402e-05 5.09364e-05 3.98228e-05 2.99112e-05 2.13403e-05 1.42636e-05 8.79446e-06 4.92324e-06 2.46230e-06 1.07676e-06 3.93130e-07 1.06375e-07 1.55229e-08 4.08178e-10
8.578522 2.48550e-03 5.63333e-03 7.33783e-03 9.57440e-03 1.18527e-02 1.36798e-02 1.46547e-02 1.46329e-02 1.38116e-02 1.26201e-02 1.14810e-02 1.06252e-02 1.00662e-02 9.69174e-03 9.37548e-03 9.04281e-03 8.68187e-03 8.32003e-03 7.99336e-03 7.72635e-03 7.52565e-03 7.38332e-03 7.28351e-03 7.20844e-03 7.14216e-03 7.07211e-03 6.98923e-03 6.88727e-03 6.76211e-03 6.61126e-03 6.43370e-03 6.23023e-03 6.00384e-03 5.75991e-03 5.50566e-03 5.24875e-03 4.99563e-03 4.75011e-03 4.51300e-03 4.28265e-03 4.05624e-03 3.83101e-03 3.60525e-03 3.37865e-03 3.15207e-03 2.92683e-03 2.70379e-03 2.48288e-03 2.26314e-03 2.04372e-03 1.82527e-03 1.61121e-03 1.40786e-03 1.22316e-03 1.06423e-03 9.34813e-04 8.33756e-04 7.55322e-04 6.91177e-04 6.33159e-04 5.75643e-04 5.16587e-04 4.57127e-04 4.00214e-04 3.49050e-04 3.05953e-04 2.71855e-04 2.46365e-04 2.28139e-04 2.15328e-04 2.05960e-04 1.98212e-04 1.90590e-04 1.82041e-04 1.71982e-04 1.60263e-04 1.47081e-04 1.32857e-04 1.18107e-04 1.03326e-04 8.89159e-05 7.51607e-05 6.22424e-05 5.02795e-05 3.93677e-05 2.96146e-05 2.11582e-05 1.41564e-05 8.73173e-06 4.88563e-06 2.43991e-06 1.06475e-06 3.87988e-07 1.04869e-07 1.53004e-08 4.02408e-10
8.628689 2.50833e-03 5.67526e-03 7.37241e-03 9.60003e-03 1.18638e-02 1.36691e-02 1.46198e-02 1.45823e-02 1.37627e-02 1.25891e-02 1.14735e-02 1.06346e-02 1.00797e-02 9.69838e-03 9.37048e-03 9.02847e-03 8.66488e-03 8.30794e-03 7.99184e-03 7.73795e-03 7.54998e-03 7.41791e-03 7.32490e-03 7.25300e-03 7.18663e-03 7.11384e-03 7.02615e-03 6.91782e-03 6.78510e-03 6.62579e-03 6.43925e-03 6.22677e-03 5.99204e-03 5.74119e-03 5.48204e-03 5.22252e-03 4.96894e-03 4.72467e-03 4.48998e-03 4.26276e-03 4.03978e-03 3.81799e-03 3.59543e-03 3.37163e-03 3.14738e-03 2.92399e-03 2.70249e-03 2.48296e-03 2.26461e-03 2.04662e-03 1.82955e-03 1.61657e-03 1.41374e-03 1.22885e-03 1.06906e-03 9.38336e-04 8.35831e-04 7.56102e-04 6.90995e-04 6.32398e-04 5.74613e-04 5.15463e-04 4.55948e-04 3.98920e-04 3.47546e-04 3.04159e-04 2.69735e-04 2.43933e-04 2.25445e-04 2.12442e-04 2.02951e-04 1.95141e-04 1.87512e-04 1.79006e-04 1.69039e-04 1.57465e-04 1.44479e-04 1.30498e-04 1.16024e-04 1.01539e-04 8.74285e-05 7.39641e-05 6.13163e-05 4.95946e-05 3.88876e-05 2.92978e-05 2.09617e-05 1.40405e-05 8.66471e-06 4.84658e-06 2.41743e-06 1.05298e-06 3.83010e-07 1.03418e-07 1.50858e-08 3.96835e-10
8.678855 2.52795e-03 5.70963e-03 7.39660e-03 9.61265e-03 1.18604e-02 1.36431e-02 1.45705e-02 1.45199e-02 1.37053e-02 1.25518e-02 1.14598e-02 1.06368e-02 1.00851e-02 9.69672e-03 9.35833e-03 9.00902e-03 8.64513e-03 8.29515e-03 7.99103e-03 7.75100e-03 7.57590e-03 7.45384e-03 7.36714e-03 7.29783e-03 7.23080e-03 7.15475e-03 7.06179e-03 6.94669e-03 6.80608e-03 6.63809e-03 6.44247e-03 6.22109e-03 5.97834e-03 5.72109e-03 5.45768e-03 5.19617e-03 4.94263e-03 4.69996e-03 4.46790e-03 4.24387e-03 4.02430e-03 3.80588e-03 3.58646e-03 3.36541e-03 3.14342e-03 2.92184e-03 2.70179e-03 2.48355e-03 2.26647e-03 2.04980e-03 1.83399e-03 1.62200e-03 1.41964e-03 1.23455e-03 1.07391e-03 9.41890e-04 8.37949e-04 7.56935e-04 6.90882e-04 6.31727e-04 5.73698e-04 5.14480e-04 4.54927e-04 3.97793e-04 3.46207e-04 3.02522e-04 2.67763e-04 2.41641e-04 2.22887e-04 2.09687e-04 2.00067e-04 1.92187e-04 1.84538e-04 1.76057e-04 1.66165e-04 1.54718e-04 1.41912e-04 1.28157e-04 1.13945e-04 9.97434e-05 8.59238e-05 7.27439e-05 6.03636e-05 4.88829e-05 3.83830e-05 2.89610e-05 2.07508e-05 1.39155e-05 8.59303e-06 4.80576e-06 2.39459e-06 1.04129e-06 3.78132e-07 1.02002e-07 1.48764e-08 3.91386e-10
8.729022 2.54735e-03 5.74456e-03 7.42220e-03 9.62624e-03 1.18581e-02 1.36198e-02 1.45258e-02 1.44643e-02 1.36558e-02 1.25219e-02 1.14519e-02 1.06426e-02 1.00924e-02 9.69656e-03 9.34842e-03 8.99336e-03 8.63095e-03 8.28946e-03 7.99835e-03 7.77259e-03 7.61027e-03 7.49778e-03 7.41673e-03 7.34928e-03 7.28084e-03 7.20077e-03 7.10183e-03 6.97930e-03 6.83017e-03 6.65295e-03 6.44785e-03 6.21734e-03 5.96659e-03 5.70315e-03 5.43579e-03 5.17263e-03 4.91939e-03 4.67844e-03 4.44900e-03 4.22805e-03 4.01172e-03 3.79648e-03 3.57999e-03 3.36149e-03 3.14159e-03 2.92164e-03 2.70286e-03 2.48570e-03 2.26966e-03 2.05408e-03 1.83932e-03 1.62815e-03 1.42613e-03 1.24076e-03 1.07923e-03 9.45888e-04 8.40493e-04 7.58181e-04 6.91178e-04 6.31466e-04 5.73199e-04 5.13914e-04 4.54317e-04 3.97056e-04 3.45231e-04 3.01218e-04 2.66097e-04 2.39634e-04 2.20600e-04 2.07193e-04 1.97437e-04 1.89476e-04 1.81791e-04 1.73319e-04 1.63480e-04 1.52137e-04 1.39486e-04 1.25932e-04 1.11959e-04 9.80181e-05 8.44695e-05 7.15576e-05 5.94314e-05 4.81822e-05 3.78835e-05 2.86261e-05 2.05407e-05 1.37917e-05 8.52298e-06 4.76672e-06 2.37323e-06 1.03052e-06 3.73670e-07 1.00708e-07 1.46849e-08 3.86399e-10
8.779189 2.56625e-03 5.77945e-03 7.44931e-03 9.64145e-03 1.18566e-02 1.35972e-02 1.44834e-02 1.44127e-02 1.36113e-02 1.24964e-02 1.14464e-02 1.06485e-02 1.00983e-02 9.69451e-03 9.33745e-03 8.97832e-03 8.61933e-03 8.28805e-03 8.01109e-03 7.80013e-03 7.65057e-03 7.54720e-03 7.47113e-03 7.40473e-03 7.33403e-03 7.24910e-03 7.14337e-03 7.01260e-03 6.85422e-03 6.66713e-03 6.45205e-03 6.21214e-03 5.95335e-03 5.68391e-03 5.41295e-03 5.14850e-03 4.89586e-03 4.65684e-03 4.43009e-03 4.21223e-03 3.99909e-03 3.78696e-03 3.57334e-03 3.35734e-03 3.13948e-03 2.92111e-03 2.70354e-03 2.48738e-03 2.27230e-03 2.05771e-03 1.84393e-03 1.63354e-03 1.43190e-03 1.24632e-03 1.08400e-03 9.49453e-04 8.42709e-04 7.59185e-04 6.91299e-04 6.31087e-04 5.72628e-04 5.13313e-04 4.53697e-04 3.96326e-04 3.44270e-04 2.99932e-04 2.64453e-04 2.37659e-04 2.18355e-04 2.04753e-04 1.94867e-04 1.86827e-04 1.79103e-04 1.70629e-04 1.60831e-04 1.49576e-04 1.37065e-04 1.23699e-04 1.09951e-04 9.62619e-05 8.29764e-05 7.03273e-05 5.84533e-05 4.74366e-05 3.73430e-05 2.82567e-05 2.03043e-05 1.36499e-05 8.44247e-06 4.72267e-06 2.35002e-06 1.01929e-06 3.69143e-07 9.94117e-08 1.44933e-08 3.81392e-10
8.829356 2.58245e-03 5.80912e-03 7.47129e-03 9.65054e-03 1.18468e-02 1.35645e-02 1.44309e-02 1.43525e-02 1.35595e-02 1.24638e-02 1.14327e-02 1.06447e-02 1.00933e-02 9.68173e-03 9.31706e-03 8.95597e-03 8.60273e-03 8.28365e-03 8.02222e-03 7.82671e-03 7.68992e-03 7.59525e-03 7.52344e-03 7.45724e-03 7.38340e-03 7.29276e-03 7.17943e-03 7.03970e-03 6.87142e-03 6.67394e-03 6.44857e-03 6.19923e-03 5.93266e-03 5.65771e-03 5.38375e-03 5.11862e-03 4.86710e-03 4.63039e-03 4.40663e-03 4.19204e-03 3.98225e-03 3.77336e-03 3.56275e-03 3.34939e-03 3.13374e-03 2.91712e-03 2.70093e-03 2.48591e-03 2.27192e-03 2.05844e-03 1.84578e-03 1.63636e-03 1.43532e-03 1.24981e-03 1.08699e-03 9.51506e-04 8.43648e-04 7.59103e-04 6.90485e-04 6.29896e-04 5.71352e-04 5.12102e-04 4.52551e-04 3.95145e-04 3.42921e-04 2.98314e-04 2.62526e-04 2.35443e-04 2.15908e-04 2.02142e-04 1.92149e-04 1.84043e-04 1.76286e-04 1.67810e-04 1.58049e-04 1.46881e-04 1.34508e-04 1.21330e-04 1.07810e-04 9.43759e-05 8.13591e-05 6.89805e-05 5.73684e-05 4.65963e-05 3.67219e-05 2.78224e-05 2.00192e-05 1.34749e-05 8.34176e-06 4.66802e-06 2.32214e-06 1.00636e-06 3.64105e-07 9.79924e-08 1.42839e-08 3.75906e-10
8.879522 2.59706e-03 5.83540e-03 7.49006e-03 9.65687e-03 1.18339e-02 1.35284e-02 1.43756e-02 1.42909e-02 1.35074e-02 1.24306e-02 1.14171e-02 1.06373e-02 1.00838e-02 9.66469e-03 9.29380e-03 8.93277e-03 8.58733e-03 8.28204e-03 8.03705e-03 7.85723e-03 7.73291e-03 7.64627e-03 7.57788e-03 7.51099e-03 7.43314e-03 7.33600e-03 7.21433e-03 7.06499e-03 6.88628e-03 6.67804e-03 6.44221e-03 6.18352e-03 5.90948e-03 5.62950e-03 5.35307e-03 5.08772e-03 4.83766e-03 4.60346e-03 4.38276e-03 4.17145e-03 3.96495e-03 3.75924e-03 3.55159e-03 3.34085e-03 3.12738e-03 2.91250e-03 2.69767e-03 2.48378e-03 2.27083e-03 2.05841e-03 1.84682e-03 1.63836e-03 1.43796e-03 1.25259e-03 1.08937e-03 9.53066e-04 8.44198e-04 7.58719e-04 6.89442e-04 6.28537e-04 5.69960e-04 5.10819e-04 4.51367e-04 3.93948e-04 3.41571e-04 2.96706e-04 2.60622e-04 2.33264e-04 2.13513e-04 1.99596e-04 1.89504e-04 1.81336e-04 1.73543e-04 1.65058e-04 1.55325e-04 1.44231e-04 1.31984e-04 1.18981e-04 1.05677e-04 9.24863e-05 7.97288e-05 6.76132e-05 5.62583e-05 4.57288e-05 3.60744e-05 2.73649e-05 1.97159e-05 1.32873e-05 8.23371e-06 4.60992e-06 2.29306e-06 9.93160e-07 3.59053e-07 9.65807e-08 1.40758e-08 3.70440e-10
8.929689 2.61029e-03 5.85799e-03 7.50377e-03 9.65789e-03 1.18162e-02 1.34884e-02 1.43178e-02 1.42290e-02 1.34566e-02 1.23990e-02 1.14020e-02 1.06292e-02 1.00732e-02 9.64720e-03 9.27172e-03 8.91281e-03 8.57702e-03 8.28679e-03 8.05879e-03 7.89456e-03 7.78219e-03 7.70283e-03 7.63704e-03 7.56868e-03 7.48614e-03 7.38190e-03 7.25143e-03 7.09211e-03 6.90271e-03 6.68359e-03 6.43740e-03 6.16964e-03 5.88857e-03 5.60408e-03 5.32564e-03 5.06041e-03 4.81198e-03 4.58030e-03 4.36256e-03 4.15435e-03 3.95094e-03 3.74821e-03 3.54331e-03 3.33499e-03 3.12354e-03 2.91023e-03 2.69659e-03 2.48362e-03 2.27149e-03 2.05990e-03 1.84916e-03 1.64144e-03 1.44148e-03 1.25612e-03 1.09240e-03 9.55200e-04 8.45279e-04 7.58843e-04 6.88894e-04 6.27665e-04 5.69045e-04 5.09995e-04 4.50614e-04 3.93147e-04 3.40578e-04 2.95421e-04 2.59012e-04 2.31362e-04 2.11386e-04 1.97314e-04 1.87121e-04 1.78884e-04 1.71043e-04 1.62535e-04 1.52812e-04 1.41771e-04 1.29627e-04 1.16775e-04 1.03661e-04 9.06911e-05 7.81711e-05 6.62995e-05 5.51855e-05 4.48858e-05 3.54420e-05 2.69163e-05 1.94177e-05 1.31031e-05 8.12822e-06 4.55380e-06 2.26537e-06 9.80774e-07 3.54353e-07 9.52714e-08 1.38826e-08 3.65359e-10
8.979856 2.62135e-03 5.87614e-03 7.51166e-03 9.65109e-03 1.17901e-02 1.34406e-02 1.42541e-02 1.41630e-02 1.34028e-02 1.23644e-02 1.13832e-02 1.06165e-02 1.00577e-02 9.62572e-03 9.24743e-03 8.89271e-03 8.56840e-03 8.29445e-03 8.08394e-03 7.93519e-03 7.83422e-03 7.76137e-03 7.69736e-03 7.62675e-03 7.53883e-03 7.42694e-03 7.28723e-03 7.11760e-03 6.91731e-03 6.68730e-03 6.43093e-03 6.15449e-03 5.86697e-03 5.57856e-03 5.29867e-03 5.03398e-03 4.78742e-03 4.55838e-03 4.34359e-03 4.13843e-03 3.93803e-03 3.73818e-03 3.53594e-03 3.32999e-03 3.12050e-03 2.90872e-03 2.69622e-03 2.48411e-03 2.27271e-03 2.06185e-03 1.85184e-03 1.64475e-03 1.44518e-03 1.25977e-03 1.09553e-03 9.57449e-04 8.46486e-04 7.59110e-04 6.88512e-04 6.26987e-04 5.68349e-04 5.09408e-04 4.50106e-04 3.92585e-04 3.39812e-04 2.94346e-04 2.57600e-04 2.29651e-04 2.09448e-04 1.95222e-04 1.84927e-04 1.76619e-04 1.68726e-04 1.60185e-04 1.50460e-04 1.39457e-04 1.27399e-04 1.14679e-04 1.01738e-04 8.89692e-05 7.66689e-05 6.50253e-05 5.41391e-05 4.40587e-05 3.48183e-05 2.64718e-05 1.91216e-05 1.29203e-05 8.02407e-06 4.49902e-06 2.23877e-06 9.69054e-07 3.49953e-07 9.40500e-08 1.37023e-08 3.60607e-10
9.030023 2.63025e-03 5.89042e-03 7.51573e-03 9.63897e-03 1.17572e-02 1.33862e-02 1.41850e-02 1.40930e-02 1.33457e-02 1.23259e-02 1.13591e-02 1.05973e-02 1.00354e-02 9.59844e-03 9.21911e-03 8.87070e-03 8.55974e-03 8.30335e-03 8.11088e-03 7.97753e-03 7.88740e-03 7.82023e-03 7.75707e-03 7.68330e-03 7.58919e-03 7.46893e-03 7.31936e-03 7.13892e-03 6.92739e-03 6.68632e-03 6.41983e-03 6.13503e-03 5.84152e-03 5.54976e-03 5.26896e-03 5.00522e-03 4.76082e-03 4.53457e-03 4.32282e-03 4.12074e-03 3.92334e-03 3.72638e-03 3.52683e-03 3.32327e-03 3.11580e-03 2.90562e-03 2.69432e-03 2.48312e-03 2.27250e-03 2.06239e-03 1.85314e-03 1.64675e-03 1.44765e-03 1.26232e-03 1.09772e-03 9.58902e-04 8.47041e-04 7.58848e-04 6.87703e-04 6.25963e-04 5.67375e-04 5.08598e-04 4.49416e-04 3.91874e-04 3.38923e-04 2.93173e-04 2.56114e-04 2.27892e-04 2.07488e-04 1.93129e-04 1.82749e-04 1.74379e-04 1.66437e-04 1.57862e-04 1.48130e-04 1.37159e-04 1.25179e-04 1.12584e-04 9.98062e-05 8.72308e-05 7.51433e-05 6.37223e-05 5.30604e-05 4.31985e-05 3.41628e-05 2.59996e-05 1.88034e-05 1.27218e-05 7.91037e-06 4.43938e-06 2.21019e-06 9.56727e-07 3.45412e-07 9.28022e-08 1.35183e-08 3.55749e-10
9.080190 2.63794e-03 5.90276e-03 7.51865e-03 9.62572e-03 1.17225e-02 1.33302e-02 1.41154e-02 1.40237e-02 1.32894e-02 1.22871e-02 1.13329e-02 1.05745e-02 1.00092e-02 9.56797e-03 9.18936e-03 8.84936e-03 8.55362e-03 8.31602e-03 8.14209e-03 8.02396e-03 7.94403e-03 7.88161e-03 7.81827e-03 7.74034e-03 7.63908e-03 7.50960e-03 7.34942e-03 7.15754e-03 6.93427e-03 6.68183e-03 6.40515e-03 6.11214e-03 5.81300e-03 5.51833e-03 5.23701e-03 4.97454e-03 4.73251e-03 4.50914e-03 4.30045e-03 4.10142e-03 3.90700e-03 3.71289e-03 3.51601e-03 3.31484e-03 3.10940e-03 2.90084e-03 2.69077e-03 2.48051e-03 2.27067e-03 2.06131e-03 1.85284e-03 1.64719e-03 1.44864e-03 1.26353e-03 1.09874e-03 9.59376e-04 8.46801e-04 7.57951e-04 6.86384e-04 6.24520e-04 5.66044e-04 5.07471e-04 4.48439e-04 3.90901e-04 3.37797e-04 2.91792e-04 2.54458e-04 2.26003e-04 2.05437e-04 1.90980e-04 1.80540e-04 1.72124e-04 1.64139e-04 1.55531e-04 1.45787e-04 1.34843e-04 1.22935e-04 1.10456e-04 9.78362e-05 8.54486e-05 7.35693e-05 6.23680e-05 5.19296e-05 4.22876e-05 3.34607e-05 2.54870e-05 1.84530e-05 1.25002e-05 7.78205e-06 4.37188e-06 2.17812e-06 9.43145e-07 3.40506e-07 9.14695e-08 1.33222e-08 3.50560e-10
9.130356 2.64564e-03 5.91569e-03 7.52363e-03 9.61603e-03 1.16924e-02 1.32794e-02 1.40520e-02 1.39612e-02 1.32394e-02 1.22529e-02 1.13092e-02 1.05527e-02 9.98357e-03 9.53894e-03 9.16274e-03 8.83301e-03 8.55402e-03 8.33611e-03 8.18089e-03 8.07755e-03 8.00699e-03 7.94829e-03 7.88368e-03 7.80053e-03 7.69118e-03 7.55163e-03 7.38010e-03 7.17614e-03 6.94066e-03 6.67658e-03 6.38966e-03 6.08864e-03 5.78420e-03 5.48699e-03 5.20549e-03 4.94450e-03 4.70492e-03 4.48443e-03 4.27873e-03 4.08265e-03 3.89109e-03 3.69971e-03 3.50538e-03 3.30652e-03 3.10303e-03 2.89603e-03 2.68713e-03 2.47774e-03 2.26860e-03 2.05991e-03 1.85214e-03 1.64717e-03 1.44915e-03 1.26428e-03 1.09936e-03 9.59548e-04 8.46356e-04 7.56937e-04 6.85019e-04 6.23085e-04 5.64754e-04 5.06402e-04 4.47522e-04 3.89983e-04 3.36721e-04 2.90462e-04 2.52861e-04 2.24189e-04 2.03482e-04 1.88946e-04 1.78459e-04 1.70005e-04 1.61978e-04 1.53332e-04 1.43570e-04 1.32640e-04 1.20790e-04 1.08413e-04 9.59344e-05 8.37184e-05 7.20320e-05 6.10369e-05 5.08104e-05 4.13795e-05 3.27554e-05 2.49680e-05 1.80957e-05 1.22730e-05 7.65015e-06 4.30270e-06 2.14559e-06 9.29574e-07 3.35674e-07 9.01669e-08 1.31306e-08 3.45482e-10
9.180523 2.65139e-03 5.92379e-03 7.52273e-03 9.60036e-03 1.16562e-02 1.32226e-02 1.39833e-02 1.38944e-02 1.31856e-02 1.22147e-02 1.12808e-02 1.05259e-02 9.95355e-03 9.50707e-03 9.13532e-03 8.81784e-03 8.55701e-03 8.35941e-03 8.22284e-03 8.13370e-03 8.07160e-03 8.01565e-03 7.94885e-03 7.85970e-03 7.74165e-03 7.59158e-03 7.40839e-03 7.19219e-03 6.94448e-03 6.66896e-03 6.37223e-03 6.06377e-03 5.75467e-03 5.45552e-03 5.17428e-03 4.91506e-03 4.67806e-03 4.46049e-03 4.25773e-03 4.06452e-03 3.87574e-03 3.68701e-03 3.49517e-03 3.29855e-03 3.09698e-03 2.89151e-03 2.68375e-03 2.47520e-03 2.26672e-03 2.05863e-03 1.85147e-03 1.64711e-03 1.44958e-03 1.26494e-03 1.09990e-03 9.59666e-04 8.45899e-04 7.55957e-04 6.83732e-04 6.21762e-04 5.63601e-04 5.05482e-04 4.46755e-04 3.89207e-04 3.35779e-04 2.89260e-04 2.51393e-04 2.22511e-04 2.01672e-04 1.87067e-04 1.76540e-04 1.68049e-04 1.59980e-04 1.51291e-04 1.41501e-04 1.30576e-04 1.18770e-04 1.06480e-04 9.41251e-05 8.20634e-05 7.05532e-05 5.97488e-05 4.97209e-05 4.04901e-05 3.20606e-05 2.44542e-05 1.77404e-05 1.20465e-05 7.51876e-06 4.23412e-06 2.11362e-06 9.16396e-07 3.31029e-07 8.89207e-08 1.29473e-08 3.40614e-10
9.230690 2.65396e-03 5.92449e-03 7.51186e-03 9.57255e-03 1.16072e-02 1.31533e-02 1.39030e-02 1.38174e-02 1.31228e-02 1.21677e-02 1.12437e-02 1.04907e-02 9.91628e-03 9.46983e-03 9.10472e-03 8.80143e-03 8.56005e-03 8.38327e-03 8.26512e-03 8.18948e-03 8.13494e-03 8.08081e-03 8.01103e-03 7.91528e-03 7.78810e-03 7.62727e-03 7.43233e-03 7.20396e-03 6.94431e-03 6.65780e-03 6.35190e-03 6.03675e-03 5.72375e-03 5.42331e-03 5.14282e-03 4.88566e-03 4.65140e-03 4.43678e-03 4.23695e-03 4.04656e-03 3.86049e-03 3.67436e-03 3.48497e-03 3.29057e-03 3.09092e-03 2.88698e-03 2.68039e-03 2.47267e-03 2.26483e-03 2.05730e-03 1.85072e-03 1.64692e-03 1.44985e-03 1.26542e-03 1.10028e-03 9.59657e-04 8.45360e-04 7.54942e-04 6.82454e-04 6.20483e-04 5.62517e-04 5.04644e-04 4.46074e-04 3.88517e-04 3.34920e-04 2.88144e-04 2.50018e-04 2.20938e-04 1.99978e-04 1.85314e-04 1.74755e-04 1.66230e-04 1.58116e-04 1.49381e-04 1.39558e-04 1.28627e-04 1.16854e-04 1.04637e-04 9.23921e-05 8.04698e-05 6.91213e-05 5.84943e-05 4.86536e-05 3.96137e-05 3.13721e-05 2.39422e-05 1.73849e-05 1.18192e-05 7.38684e-06 4.16545e-06 2.08182e-06 9.03404e-07 3.26486e-07 8.77060e-08 1.27686e-08 3.35861e-10
9.280857 2.65587e-03 5.92446e-03 7.50047e-03 9.54365e-03 1.15575e-02 1.30850e-02 1.38254e-02 1.37437e-02 1.30628e-02 1.21225e-02 1.12072e-02 1.04556e-02 9.87964e-03 9.43464e-03 9.07798e-03 8.79049e-03 8.56958e-03 8.41392e-03 8.31385e-03 8.25092e-03 8.20293e-03 8.14958e-03 8.07585e-03 7.97268e-03 7.83572e-03 7.66360e-03 7.45651e-03 7.21572e-03 6.94402e-03 6.64664e-03 6.33184e-03 6.01041e-03 5.69394e-03 5.39257e-03 5.11307e-03 4.85809e-03 4.62655e-03 4.41479e-03 4.21776e-03 4.03006e-03 3.84655e-03 3.66287e-03 3.47580e-03 3.28351e-03 3.08567e-03 2.88319e-03 2.67768e-03 2.47072e-03 2.26342e-03 2.05636e-03 1.85023e-03 1.64690e-03 1.45021e-03 1.26596e-03 1.10071e-03 9.59721e-04 8.44932e-04 7.54080e-04 6.81365e-04 6.19419e-04 5.61655e-04 5.04023e-04 4.45594e-04 3.88007e-04 3.34225e-04 2.87182e-04 2.48796e-04 2.19524e-04 1.98456e-04 1.83742e-04 1.73156e-04 1.64599e-04 1.56439e-04 1.47651e-04 1.37785e-04 1.26837e-04 1.15082e-04 1.02922e-04 9.07679e-05 7.89659e-05 6.77607e-05 5.72939e-05 4.76252e-05 3.87636e-05 3.06998e-05 2.34395e-05 1.70340e-05 1.15941e-05 7.25614e-06 4.09765e-06 2.05069e-06 8.90839e-07 3.22142e-07 8.65513e-08 1.25987e-08 3.31333e-10
9.331024 2.65664e-03 5.92264e-03 7.48795e-03 9.51332e-03 1.15059e-02 1.30150e-02 1.37470e-02 1.36698e-02 1.30020e-02 1.20752e-02 1.11673e-02 1.04166e-02 9.83977e-03 9.39777e-03 9.05148e-03 8.78154e-03 8.58226e-03 8.44812e-03 8.36587e-03 8.31490e-03 8.27245e-03 8.21878e-03 8.14009e-03 8.02860e-03 7.88111e-03 7.69710e-03 7.47740e-03 7.22386e-03 6.93996e-03 6.63178e-03 6.30837e-03 5.98108e-03 5.66162e-03 5.35975e-03 5.08156e-03 4.82895e-03 4.60024e-03 4.39136e-03 4.19713e-03 4.01208e-03 3.83111e-03 3.64986e-03 3.46509e-03 3.27490e-03 3.07890e-03 2.87791e-03 2.67351e-03 2.46736e-03 2.26064e-03 2.05406e-03 1.84844e-03 1.64562e-03 1.44938e-03 1.26541e-03 1.10020e-03 9.59006e-04 8.43885e-04 7.52740e-04 6.79910e-04 6.18067e-04 5.60556e-04 5.03191e-04 4.44917e-04 3.87312e-04 3.33360e-04 2.86077e-04 2.47467e-04 2.18044e-04 1.96904e-04 1.82171e-04 1.71580e-04 1.63005e-04 1.54806e-04 1.45967e-04 1.36057e-04 1.25089e-04 1.13346e-04 1.01235e-04 8.91642e-05 7.74740e-05 6.64037e-05 5.60895e-05 4.65866e-05 3.78987e-05 3.00104e-05 2.29193e-05 1.66677e-05 1.13570e-05 7.11745e-06 4.02543e-06 2.01759e-06 8.77581e-07 3.17607e-07 8.53543e-08 1.24228e-08 3.26641e-10
9.381190 2.65603e-03 5.91833e-03 7.47351e-03 9.48122e-03 1.14521e-02 1.29426e-02 1.36665e-02 1.35937e-02 1.29383e-02 1.20238e-02 1.11222e-02 1.03722e-02 9.79521e-03 9.35790e-03 9.02397e-03 8.77330e-03 8.59671e-03 8.48438e-03 8.41954e-03 8.37968e-03 8.34166e-03 8.28655e-03 8.20186e-03 8.08117e-03 7.92241e-03 7.72593e-03 7.49317e-03 7.22662e-03 6.93047e-03 6.61164e-03 6.28001e-03 5.94738e-03 5.62548e-03 5.32359e-03 5.04708e-03 4.79709e-03 4.57134e-03 4.36544e-03 4.17403e-03 3.99166e-03 3.81323e-03 3.63443e-03 3.45198e-03 3.26395e-03 3.06984e-03 2.87042e-03 2.66724e-03 2.46197e-03 2.25592e-03 2.04993e-03 1.84488e-03 1.64268e-03 1.44702e-03 1.26350e-03 1.09851e-03 9.57299e-04 8.42034e-04 7.50762e-04 6.77947e-04 6.16301e-04 5.59104e-04 5.02044e-04 4.43950e-04 3.86351e-04 3.32261e-04 2.84777e-04 2.45989e-04 2.16462e-04 1.95293e-04 1.80576e-04 1.70004e-04 1.61425e-04 1.53195e-04 1.44310e-04 1.34358e-04 1.23368e-04 1.11636e-04 9.95697e-05 8.75760e-05 7.59911e-05 6.50488e-05 5.48809e-05 4.55383e-05 3.70200e-05 2.93050e-05 2.23830e-05 1.62869e-05 1.11086e-05 6.97119e-06 3.94897e-06 1.98255e-06 8.63620e-07 3.12868e-07 8.41105e-08 1.22403e-08 3.21768e-10
9.431357 2.65532e-03 5.91368e-03 7.45932e-03 9.45088e-03 1.14012e-02 1.28740e-02 1.35901e-02 1.35218e-02 1.28780e-02 1.19745e-02 1.10782e-02 1.03289e-02 9.75279e-03 9.32178e-03 9.00194e-03 8.77184e-03 8.61853e-03 8.52788e-03 8.47975e-03 8.44994e-03 8.41521e-03 8.35757e-03 8.26592e-03 8.13527e-03 7.96465e-03 7.75523e-03 7.50910e-03 7.22936e-03 6.92097e-03 6.59171e-03 6.25220e-03 5.91467e-03 5.59073e-03 5.28912e-03 5.01445e-03 4.76710e-03 4.54426e-03 4.34121e-03 4.15249e-03 3.97264e-03 3.79662e-03 3.62012e-03 3.43986e-03 3.25387e-03 3.06155e-03 2.86361e-03 2.66156e-03 2.45710e-03 2.25164e-03 2.04614e-03 1.84158e-03 1.63990e-03 1.44475e-03 1.26164e-03 1.09686e-03 9.55670e-04 8.40306e-04 7.48955e-04 6.76194e-04 6.14765e-04 5.57882e-04 5.01111e-04 4.43173e-04 3.85554e-04 3.31309e-04 2.83619e-04 2.44659e-04 2.15040e-04 1.93858e-04 1.79167e-04 1.68620e-04 1.60039e-04 1.51775e-04 1.42839e-04 1.32836e-04 1.21815e-04 1.10079e-04 9.80416e-05 8.61076e-05 7.46095e-05 6.37768e-05 5.37378e-05 4.45395e-05 3.61772e-05 2.86240e-05 2.18622e-05 1.59154e-05 1.08654e-05 6.82774e-06 3.87409e-06 1.94842e-06 8.50138e-07 3.08331e-07 8.29252e-08 1.20663e-08 3.17116e-10
9.481524 2.65309e-03 5.90501e-03 7.43957e-03 9.41461e-03 1.13450e-02 1.28006e-02 1.35097e-02 1.34462e-02 1.28144e-02 1.19219e-02 1.10313e-02 1.02835e-02 9.70977e-03 9.28697e-03 8.98295e-03 8.77454e-03 8.64486e-03 8.57551e-03 8.54324e-03 8.52243e-03 8.48995e-03 8.42891e-03 8.32966e-03 8.18861e-03 8.00591e-03 7.78348e-03 7.52404e-03 7.23133e-03 6.91108e-03 6.57192e-03 6.22516e-03 5.88332e-03 5.55784e-03 5.25686e-03 4.98418e-03 4.73951e-03 4.51950e-03 4.31919e-03 4.13302e-03 3.95556e-03 3.78179e-03 3.60746e-03 3.42927e-03 3.24518e-03 3.05456e-03 2.85801e-03 2.65701e-03 2.45329e-03 2.24832e-03 2.04320e-03 1.83901e-03 1.63773e-03 1.44299e-03 1.26019e-03 1.09557e-03 9.54373e-04 8.38907e-04 7.47484e-04 6.74785e-04 6.13571e-04 5.56985e-04 5.00474e-04 4.42656e-04 3.84986e-04 3.30561e-04 2.82655e-04 2.43523e-04 2.13818e-04 1.92627e-04 1.77966e-04 1.67445e-04 1.58858e-04 1.50557e-04 1.41562e-04 1.31501e-04 1.20436e-04 1.08683e-04 9.66572e-05 8.47646e-05 7.33343e-05 6.25926e-05 5.26647e-05 4.35947e-05 3.53742e-05 2.79710e-05 2.13601e-05 1.55555e-05 1.06292e-05 6.68830e-06 3.80141e-06 1.91543e-06 8.37194e-07 3.04003e-07 8.17976e-08 1.19007e-08 3.12681e-10
9.531691 2.64907e-03 5.89263e-03 7.41492e-03 9.37196e-03 1.12822e-02 1.27214e-02 1.34240e-02 1.33657e-02 1.27457e-02 1.18640e-02 1.09794e-02 1.02340e-02 9.66443e-03 9.25173e-03 8.96514e-03 8.77940e-03 8.67355e-03 8.62503e-03 8.60772e-03 8.59483e-03 8.56357e-03 8.49825e-03 8.39078e-03 8.23892e-03 8.04391e-03 7.80841e-03 7.53575e-03 7.23032e-03 6.89865e-03 6.55016e-03 6.19679e-03 5.85130e-03 5.52481e-03 5.22482e-03 4.95437e-03 4.71244e-03 4.49528e-03 4.29766e-03 4.11398e-03 3.93883e-03 3.76725e-03 3.59502e-03 3.41884e-03 3.23663e-03 3.04767e-03 2.85250e-03 2.65255e-03 2.44957e-03 2.24510e-03 2.04034e-03 1.83649e-03 1.63558e-03 1.44122e-03 1.25873e-03 1.09428e-03 9.53098e-04 8.37568e-04 7.46113e-04 6.73508e-04 6.12529e-04 5.56247e-04 4.99990e-04 4.42281e-04 3.84551e-04 3.29945e-04 2.81827e-04 2.42534e-04 2.12754e-04 1.91564e-04 1.76938e-04 1.66443e-04 1.57851e-04 1.49509e-04 1.40453e-04 1.30327e-04 1.19211e-04 1.07430e-04 9.54033e-05 8.35368e-05 7.21577e-05 6.14903e-05 5.16573e-05 4.27008e-05 3.46089e-05 2.73446e-05 2.08758e-05 1.52069e-05 1.03997e-05 6.55271e-06 3.73087e-06 1.88357e-06 8.24782e-07 2.99882e-07 8.07276e-08 1.17435e-08 3.08462e-10
9.581858 2.64363e-03 5.87779e-03 7.38796e-03 9.32616e-03 1.12156e-02 1.26387e-02 1.33352e-02 1.32819e-02 1.26729e-02 1.18013e-02 1.09224e-02 1.01803e-02 9.61618e-03 9.21536e-03 8.94781e-03 8.78574e-03 8.70397e-03 8.67585e-03 8.67261e-03 8.66654e-03 8.63540e-03 8.56485e-03 8.44839e-03 8.28517e-03 8.07744e-03 7.82863e-03 7.54266e-03 7.22459e-03 6.88175e-03 6.52438e-03 6.16498e-03 5.81640e-03 5.48940e-03 5.19078e-03 4.92278e-03 4.68374e-03 4.46947e-03 4.27456e-03 4.09336e-03 3.92051e-03 3.75111e-03 3.58096e-03 3.40680e-03 3.22648e-03 3.03923e-03 2.84550e-03 2.64667e-03 2.44450e-03 2.24060e-03 2.03628e-03 1.83284e-03 1.63238e-03 1.43848e-03 1.25641e-03 1.09225e-03 9.51224e-04 8.35763e-04 7.44393e-04 6.71972e-04 6.11288e-04 5.55342e-04 4.99356e-04 4.41767e-04 3.83989e-04 3.29226e-04 2.80928e-04 2.41511e-04 2.11693e-04 1.90533e-04 1.75962e-04 1.65507e-04 1.56916e-04 1.48537e-04 1.39422e-04 1.29232e-04 1.18063e-04 1.06250e-04 9.42163e-05 8.23680e-05 7.10310e-05 6.04279e-05 5.06801e-05 4.18278e-05 3.38565e-05 2.67247e-05 2.03932e-05 1.48573e-05 1.01681e-05 6.41527e-06 3.65915e-06 1.85117e-06 8.12198e-07 2.95724e-07 7.96520e-08 1.15856e-08 3.04222e-10
9.632024 2.63732e-03 5.86153e-03 7.36020e-03 9.27978e-03 1.11482e-02 1.25550e-02 1.32456e-02 1.31968e-02 1.25979e-02 1.17355e-02 1.08618e-02 1.01234e-02 9.56619e-03 9.17900e-03 8.93206e-03 8.79466e-03 8.73722e-03 8.72910e-03 8.73903e-03 8.73867e-03 8.70649e-03 8.62969e-03 8.50337e-03 8.32811e-03 8.10717e-03 7.84468e-03 7.54518e-03 7.21444e-03 6.86060e-03 6.49469e-03 6.12971e-03 5.77854e-03 5.45146e-03 5.15453e-03 4.88918e-03 4.65313e-03 4.44178e-03 4.24957e-03 4.07084e-03 3.90026e-03 3.73302e-03 3.56495e-03 3.39279e-03 3.21437e-03 3.02885e-03 2.83660e-03 2.63895e-03 2.43767e-03 2.23442e-03 2.03061e-03 1.82767e-03 1.62774e-03 1.43441e-03 1.25290e-03 1.08920e-03 9.48503e-04 8.33288e-04 7.42157e-04 6.70034e-04 6.09717e-04 5.54141e-04 4.98435e-04 4.40968e-04 3.83156e-04 3.28264e-04 2.79833e-04 2.40346e-04 2.10544e-04 1.89459e-04 1.74975e-04 1.64578e-04 1.55999e-04 1.47590e-04 1.38418e-04 1.28166e-04 1.16944e-04 1.05099e-04 9.30557e-05 8.12218e-05 6.99221e-05 5.93779e-05 4.97097e-05 4.09563e-05 3.31011e-05 2.60983e-05 1.99022e-05 1.44989e-05 9.92885e-06 6.27211e-06 3.58392e-06 1.81701e-06 7.98899e-07 2.91333e-07 7.85183e-08 1.14193e-08 2.99758e-10
9.682191 2.63155e-03 5.84667e-03 7.33506e-03 9.23763e-03 1.10863e-02 1.24773e-02 1.31619e-02 1.31171e-02 1.25270e-02 1.16725e-02 1.08037e-02 1.00694e-02 9.52034e-03 9.14833e-03 8.92327e-03 8.81120e-03 8.77804e-03 8.78923e-03 8.81128e-03 8.81542e-03 8.78105e-03 8.69697e-03 8.55998e-03 8.37202e-03 8.13735e-03 7.86079e-03 7.54752e-03 7.20402e-03 6.83929e-03 6.46510e-03 6.09490e-03 5.74148e-03 5.41460e-03 5.11950e-03 4.85683e-03 4.62371e-03 4.41519e-03 4.22557e-03 4.04918e-03 3.88075e-03 3.71553e-03 3.54942e-03 3.37915e-03 3.20253e-03 3.01864e-03 2.82780e-03 2.63128e-03 2.43083e-03 2.22819e-03 2.02485e-03 1.82236e-03 1.62294e-03 1.43017e-03 1.24921e-03 1.08601e-03 9.45710e-04 8.30814e-04 7.39991e-04 6.68216e-04 6.08285e-04 5.53072e-04 4.97621e-04 4.40248e-04 3.82381e-04 3.27357e-04 2.78806e-04 2.39274e-04 2.09513e-04 1.88523e-04 1.74138e-04 1.63805e-04 1.55239e-04 1.46796e-04 1.37564e-04 1.27244e-04 1.15963e-04 1.04075e-04 9.20115e-05 8.01788e-05 6.89022e-05 5.84025e-05 4.87997e-05 4.01319e-05 3.23806e-05 2.54963e-05 1.94270e-05 1.41499e-05 9.69460e-06 6.13140e-06 3.50984e-06 1.78340e-06 7.85862e-07 2.87050e-07 7.74155e-08 1.12576e-08 2.95412e-10
9.732358 2.62549e-03 5.83065e-03 7.30839e-03 9.19472e-03 1.10244e-02 1.24002e-02 1.30788e-02 1.30377e-02 1.24561e-02 1.16095e-02 1.07460e-02 1.00172e-02 9.47786e-03 9.12254e-03 8.92038e-03 8.83390e-03 8.82455e-03 8.85412e-03 8.88714e-03 8.89464e-03 8.85714e-03 8.76510e-03 8.61697e-03 8.41606e-03 8.16755e-03 7.87694e-03 7.55003e-03 7.19406e-03 6.81886e-03 6.43691e-03 6.06200e-03 5.70676e-03 5.38035e-03 5.08721e-03 4.82723e-03 4.59695e-03 4.39113e-03 4.20394e-03 4.02974e-03 3.86331e-03 3.69997e-03 3.53568e-03 3.36717e-03 3.19222e-03 3.00986e-03 2.82033e-03 2.62485e-03 2.42516e-03 2.22304e-03 2.02008e-03 1.81794e-03 1.61891e-03 1.42660e-03 1.24611e-03 1.08335e-03 9.43406e-04 8.28814e-04 7.38291e-04 6.66855e-04 6.07290e-04 5.52407e-04 4.97168e-04 4.39847e-04 3.81892e-04 3.26715e-04 2.78036e-04 2.38458e-04 2.08738e-04 1.87841e-04 1.73551e-04 1.63276e-04 1.54714e-04 1.46231e-04 1.36929e-04 1.26533e-04 1.15181e-04 1.03237e-04 9.11353e-05 7.92853e-05 6.80121e-05 5.75371e-05 4.79805e-05 3.93804e-05 3.17167e-05 2.49366e-05 1.89820e-05 1.38212e-05 9.47322e-06 5.99826e-06 3.43984e-06 1.75178e-06 7.73681e-07 2.83076e-07 7.63958e-08 1.11078e-08 2.91380e-10
9.782525 2.61760e-03 5.81026e-03 7.27565e-03 9.14453e-03 1.09551e-02 1.23157e-02 1.29883e-02 1.29508e-02 1.23780e-02 1.15400e-02 1.06832e-02 9.96156e-03 9.43394e-03 9.09692e-03 8.91854e-03 8.85772e-03 8.87158e-03 8.91848e-03 8.96129e-03 8.97112e-03 8.92969e-03 8.82918e-03 8.66971e-03 8.45584e-03 8.19365e-03 7.88928e-03 7.54917e-03 7.18132e-03 6.79634e-03 6.40738e-03 6.02848e-03 5.67200e-03 5.34648e-03 5.05554e-03 4.79834e-03 4.57092e-03 4.36775e-03 4.18293e-03 4.01085e-03 3.84635e-03 3.68484e-03 3.52231e-03 3.35551e-03 3.18221e-03 3.00135e-03 2.81313e-03 2.61869e-03 2.41977e-03 2.21817e-03 2.01560e-03 1.81379e-03 1.61513e-03 1.42324e-03 1.24321e-03 1.08086e-03 9.41286e-04 8.27011e-04 7.36804e-04 6.65715e-04 6.06512e-04 5.51944e-04 4.96897e-04 4.39611e-04 3.81561e-04 3.26236e-04 2.77439e-04 2.37827e-04 2.08157e-04 1.87355e-04 1.73156e-04 1.62931e-04 1.54367e-04 1.45838e-04 1.36463e-04 1.25985e-04 1.14555e-04 1.02545e-04 9.03938e-05 7.85126e-05 6.72276e-05 5.67615e-05 4.72356e-05 3.86884e-05 3.10989e-05 2.44111e-05 1.85611e-05 1.35086e-05 9.26192e-06 5.87094e-06 3.37291e-06 1.72161e-06 7.62110e-07 2.79315e-07 7.54322e-08 1.09662e-08 2.87560e-10
9.832692 2.60819e-03 5.78694e-03 7.23943e-03 9.08961e-03 1.08804e-02 1.22260e-02 1.28926e-02 1.28584e-02 1.22940e-02 1.14648e-02 1.06155e-02 9.90258e-03 9.38842e-03 9.07118e-03 8.91744e-03 8.88237e-03 8.91884e-03 8.98206e-03 9.03350e-03 9.04455e-03 8.99831e-03 8.88872e-03 8.71752e-03 8.49051e-03 8.21462e-03 7.89662e-03 7.54359e-03 7.16427e-03 6.77009e-03 6.37478e-03 5.99251e-03 5.63535e-03 5.31111e-03 5.02262e-03 4.76833e-03 4.54381e-03 4.34329e-03 4.16083e-03 3.99083e-03 3.82824e-03 3.66854e-03 3.50775e-03 3.34265e-03 3.17099e-03 2.99167e-03 2.80479e-03 2.61146e-03 2.41337e-03 2.21239e-03 2.01027e-03 1.80887e-03 1.61065e-03 1.41926e-03 1.23976e-03 1.07793e-03 9.38817e-04 8.24954e-04 7.35141e-04 6.64454e-04 6.05642e-04 5.51397e-04 4.96544e-04 4.39297e-04 3.81167e-04 3.25722e-04 2.76847e-04 2.37238e-04 2.07646e-04 1.86956e-04 1.72855e-04 1.62682e-04 1.54116e-04 1.45540e-04 1.36092e-04 1.25530e-04 1.14021e-04 1.01941e-04 8.97354e-05 7.78154e-05 6.65098e-05 5.60429e-05 4.65377e-05 3.80336e-05 3.05090e-05 2.39053e-05 1.81531e-05 1.32037e-05 9.05464e-06 5.74548e-06 3.30674e-06 1.69173e-06 7.50641e-07 2.75590e-07 7.44780e-08 1.08259e-08 2.83775e-10
9.882858 2.59811e-03 5.76266e-03 7.20275e-03 9.03405e-03 1.08047e-02 1.21351e-02 1.27955e-02 1.27641e-02 1.22074e-02 1.13865e-02 1.05452e-02 9.84217e-03 9.34295e-03 9.04687e-03 8.91861e-03 8.90941e-03 8.96799e-03 9.04656e-03 9.10549e-03 9.11665e-03 9.06464e-03 8.94523e-03 8.76176e-03 8.52125e-03 8.23143e-03 7.89970e-03 7.53381e-03 7.14327e-03 6.74027e-03 6.33909e-03 5.95397e-03 5.59656e-03 5.27393e-03 4.98808e-03 4.73679e-03 4.51519e-03 4.31732e-03 4.13718e-03 3.96925e-03 3.80854e-03 3.65061e-03 3.49154e-03 3.32814e-03 3.15812e-03 2.98034e-03 2.79485e-03 2.60268e-03 2.40550e-03 2.20521e-03 2.00364e-03 1.80274e-03 1.60504e-03 1.41426e-03 1.23542e-03 1.07424e-03 9.35734e-04 8.22426e-04 7.33128e-04 6.62926e-04 6.04549e-04 5.50638e-04 4.95972e-04 4.38761e-04 3.80565e-04 3.25036e-04 2.76131e-04 2.36578e-04 2.07111e-04 1.86567e-04 1.72584e-04 1.62472e-04 1.53907e-04 1.45284e-04 1.35764e-04 1.25121e-04 1.13532e-04 1.01383e-04 8.91201e-05 7.71583e-05 6.58277e-05 5.53548e-05 4.58645e-05 3.73975e-05 2.99321e-05 2.34073e-05 1.77486e-05 1.28992e-05 8.84612e-06 5.61834e-06 3.23921e-06 1.66103e-06 7.38793e-07 2.71728e-07 7.34882e-08 1.06805e-08 2.79854e-10
9.933025 2.58883e-03 5.74054e-03 7.16957e-03 8.98333e-03 1.07346e-02 1.20500e-02 1.27040e-02 1.26745e-02 1.21244e-02 1.13111e-02 1.04778e-02 9.78545e-03 9.30244e-03 9.02867e-03 8.92654e-03 8.94320e-03 9.02326e-03 9.11619e-03 9.18142e-03 9.19154e-03 9.13278e-03 9.00275e-03 8.80640e-03 8.55191e-03 8.24779e-03 7.90208e-03 7.52322e-03 7.12152e-03 6.70993e-03 6.30320e-03 5.91556e-03 5.55818e-03 5.23733e-03 4.95420e-03 4.70590e-03 4.48715e-03 4.29182e-03 4.11390e-03 3.94792e-03 3.78900e-03 3.63275e-03 3.47532e-03 3.31353e-03 3.14508e-03 2.96879e-03 2.78464e-03 2.59360e-03 2.39732e-03 2.19771e-03 1.99669e-03 1.79629e-03 1.59914e-03 1.40899e-03 1.23083e-03 1.07037e-03 9.32546e-04 8.19872e-04 7.31157e-04 6.61483e-04 6.03551e-04 5.49958e-04 4.95449e-04 4.38248e-04 3.79978e-04 3.24375e-04 2.75466e-04 2.36001e-04 2.06686e-04 1.86305e-04 1.72448e-04 1.62398e-04 1.53831e-04 1.45159e-04 1.35562e-04 1.24832e-04 1.13159e-04 1.00934e-04 8.86060e-05 7.65927e-05 6.52265e-05 5.47362e-05 4.52493e-05 3.68082e-05 2.93913e-05 2.29356e-05 1.73621e-05 1.26060e-05 8.64404e-06 5.49445e-06 3.17314e-06 1.63094e-06 7.27182e-07 2.67950e-07 7.25207e-08 1.05383e-08 2.76017e-10
9.983192 2.57992e-03 5.71895e-03 7.13734e-03 8.93475e-03 1.06674e-02 1.19678e-02 1.26150e-02 1.25868e-02 1.20429e-02 1.12373e-02 1.04127e-02 9.73238e-03 9.26695e-03 9.01648e-03 8.94081e-03 8.98297e-03 9.08361e-03 9.18971e-03 9.26006e-03 9.26813e-03 9.20184e-03 9.06065e-03 8.85109e-03 8.58242e-03 8.26393e-03 7.90428e-03 7.51261e-03 7.10004e-03 6.68027e-03 6.26843e-03 5.87868e-03 5.52161e-03 5.20269e-03 4.92230e-03 4.67692e-03 4.46090e-03 4.26799e-03 4.09215e-03 3.92801e-03 3.77075e-03 3.61607e-03 3.46016e-03 3.29988e-03 3.13291e-03 2.95802e-03 2.77513e-03 2.58517e-03 2.38975e-03 2.19079e-03 1.99027e-03 1.79033e-03 1.59367e-03 1.40410e-03 1.22660e-03 1.06683e-03 9.29694e-04 8.17662e-04 7.29538e-04 6.60387e-04 6.02880e-04 5.49568e-04 4.95179e-04 4.37956e-04 3.79595e-04 3.23918e-04 2.75014e-04 2.35648e-04 2.06490e-04 1.86271e-04 1.72532e-04 1.62534e-04 1.53956e-04 1.45226e-04 1.35545e-04 1.24721e-04 1.12954e-04 1.00641e-04 8.82359e-05 7.61566e-05 6.47392e-05 5.42156e-05 4.47165e-05 3.62861e-05 2.89035e-05 2.25043e-05 1.70047e-05 1.23326e-05 8.45443e-06 5.37778e-06 3.11085e-06 1.60261e-06 7.16291e-07 2.64421e-07 7.16185e-08 1.04055e-08 2.72427e-10
9.999640 2.57669e-03 5.71101e-03 7.12558e-03 8.91752e-03 1.06440e-02 1.19395e-02 1.25843e-02 1.25566e-02 1.20148e-02 1.12120e-02 1.03906e-02 9.71467e-03 9.25536e-03 9.01274e-03 8.94576e-03 8.99613e-03 9.10327e-03 9.21341e-03 9.28520e-03 9.29241e-03 9.22355e-03 9.07867e-03 8.86479e-03 8.59154e-03 8.26841e-03 7.90429e-03 7.50855e-03 7.09258e-03 6.67029e-03 6.25693e-03 5.86661e-03 5.50974e-03 5.19151e-03 4.91203e-03 4.66761e-03 4.45248e-03 4.26034e-03 4.08518e-03 3.92162e-03 3.76488e-03 3.61070e-03 3.45528e-03 3.29548e-03 3.12898e-03 2.95455e-03 2.77208e-03 2.58247e-03 2.38733e-03 2.18858e-03 1.98822e-03 1.78843e-03 1.59194e-03 1.40255e-03 1.22526e-03 1.06572e-03 9.28805e-04 8.16987e-04 7.29057e-04 6.60077e-04 6.02704e-04 5.49479e-04 4.95122e-04 4.37889e-04 3.79498e-04 3.23800e-04 2.74903e-04 2.35572e-04 2.06468e-04 1.86301e-04 1.72599e-04 1.62616e-04 1.54032e-04 1.45281e-04 1.35571e-04 1.24715e-04 1.12917e-04 1.00573e-04 8.81402e-05 7.60368e-05 6.45999e-05 5.40626e-05 4.45566e-05 3.61270e-05 2.87532e-05 2.23701e-05 1.68928e-05 1.22465e-05 8.39446e-06 5.34078e-06 3.09106e-06 1.59360e-06 7.12827e-07 2.63298e-07 7.13313e-08 1.03632e-08 2.71282e-10
