# tg_mhd (CUDA FP32)  tgc_noslip_cond_n256_re1000_drive0.2_bdrive0.2  N=256 Re=1000 h=1.23199712e-02 delta=3.16227766e-02 delta/h=2.566790 layers=128
# layer k: the nodes k cells from the nearest wall, i.e. the slab [(k-1/2)h, (k+1/2)h] ([0, h/2] for k = 0)
# row 'vol': each layer's share of the volume; then per probe: t and each layer's share of eps
# vol 1.171863e-02 2.316189e-02 2.279714e-02 2.243529e-02 2.207634e-02 2.172027e-02 2.136711e-02 2.101683e-02 2.066946e-02 2.032497e-02 1.998338e-02 1.964469e-02 1.930889e-02 1.897599e-02 1.864598e-02 1.831887e-02 1.799465e-02 1.767332e-02 1.735489e-02 1.703936e-02 1.672672e-02 1.641697e-02 1.611012e-02 1.580617e-02 1.550511e-02 1.520694e-02 1.491167e-02 1.461929e-02 1.432981e-02 1.404323e-02 1.375953e-02 1.347874e-02 1.320084e-02 1.292583e-02 1.265372e-02 1.238450e-02 1.211817e-02 1.185475e-02 1.159421e-02 1.133657e-02 1.108183e-02 1.082998e-02 1.058103e-02 1.033497e-02 1.009180e-02 9.851535e-03 9.614160e-03 9.379681e-03 9.148095e-03 8.919405e-03 8.693610e-03 8.470709e-03 8.250703e-03 8.033592e-03 7.819376e-03 7.608054e-03 7.399628e-03 7.194096e-03 6.991459e-03 6.791717e-03 6.594869e-03 6.400917e-03 6.209859e-03 6.021696e-03 5.836428e-03 5.654055e-03 5.474576e-03 5.297992e-03 5.124304e-03 4.953510e-03 4.785610e-03 4.620606e-03 4.458496e-03 4.299282e-03 4.142962e-03 3.989536e-03 3.839006e-03 3.691371e-03 3.546630e-03 3.404784e-03 3.265833e-03 3.129777e-03 2.996615e-03 2.866349e-03 2.738977e-03 2.614500e-03 2.492918e-03 2.374230e-03 2.258438e-03 2.145540e-03 2.035537e-03 1.928429e-03 1.824215e-03 1.722897e-03 1.624473e-03 1.528944e-03 1.436310e-03 1.346571e-03 1.259727e-03 1.175777e-03 1.094722e-03 1.016562e-03 9.412971e-04 8.689267e-04 7.994512e-04 7.328705e-04 6.691846e-04 6.083935e-04 5.504972e-04 4.954957e-04 4.433890e-04 3.941772e-04 3.478602e-04 3.044380e-04 2.639106e-04 2.262780e-04 1.915402e-04 1.596973e-04 1.307491e-04 1.046958e-04 8.153727e-05 6.127357e-05 4.390468e-05 2.943061e-05 1.785135e-05 9.166912e-06 3.377283e-06 4.824690e-07
0.000000 7.77363e-01 1.73313e-01 7.93849e-04 7.95562e-04 7.97780e-04 8.00397e-04 8.03310e-04 8.06417e-04 8.09617e-04 8.12814e-04 8.15915e-04 8.18833e-04 8.21484e-04 8.23790e-04 8.25681e-04 8.27096e-04 8.27977e-04 8.28277e-04 8.27955e-04 8.26979e-04 8.25325e-04 8.22976e-04 8.19924e-04 8.16167e-04 8.11712e-04 8.06573e-04 8.00768e-04 7.94323e-04 7.87267e-04 7.79635e-04 7.71464e-04 7.62800e-04 7.53685e-04 7.44167e-04 7.34290e-04 7.24100e-04 7.13643e-04 7.02960e-04 6.92094e-04 6.81081e-04 6.69957e-04 6.58751e-04 6.47491e-04 6.36198e-04 6.24890e-04 6.13579e-04 6.02274e-04 5.90979e-04 5.79692e-04 5.68410e-04 5.57124e-04 5.45824e-04 5.34494e-04 5.23120e-04 5.11685e-04 5.00170e-04 4.88556e-04 4.76827e-04 4.64965e-04 4.52955e-04 4.40785e-04 4.28442e-04 4.15922e-04 4.03219e-04 3.90334e-04 3.77270e-04 3.64038e-04 3.50648e-04 3.37118e-04 3.23469e-04 3.09726e-04 2.95917e-04 2.82074e-04 2.68233e-04 2.54430e-04 2.40705e-04 2.27099e-04 2.13654e-04 2.00411e-04 1.87412e-04 1.74698e-04 1.62309e-04 1.50281e-04 1.38650e-04 1.27448e-04 1.16702e-04 1.06439e-04 9.66788e-05 8.74385e-05 7.87305e-05 7.05628e-05 6.29392e-05 5.58591e-05 4.93178e-05 4.33063e-05 3.78123e-05 3.28200e-05 2.83103e-05 2.42617e-05 2.06504e-05 1.74506e-05 1.46352e-05 1.21761e-05 1.00448e-05 8.21230e-06 6.65023e-06 5.33060e-06 4.22642e-06 3.31186e-06 2.56257e-06 1.95579e-06 1.47053e-06 1.08769e-06 7.90072e-07 5.62412e-07 3.91347e-07 2.65335e-07 1.74567e-07 1.10848e-07 6.74390e-08 3.89110e-08 2.09793e-08 1.03334e-08 4.48309e-09 1.60692e-09 4.18873e-10 5.84159e-11 1.48811e-12
0.250095 2.53543e-01 3.17388e-01 1.56545e-01 4.97096e-02 1.19963e-02 4.20135e-03 3.20689e-03 3.13866e-03 3.14607e-03 3.14636e-03 3.12630e-03 3.07465e-03 2.99945e-03 2.93877e-03 2.91215e-03 2.91229e-03 2.93434e-03 2.98186e-03 3.06347e-03 3.18907e-03 3.36562e-03 3.59312e-03 3.86169e-03 4.15011e-03 4.42664e-03 4.65196e-03 4.78396e-03 4.76520e-03 4.55611e-03 4.24144e-03 3.96528e-03 3.77105e-03 3.62775e-03 3.51341e-03 3.41966e-03 3.34022e-03 3.27032e-03 3.20639e-03 3.14598e-03 3.08757e-03 3.03033e-03 2.97387e-03 2.91807e-03 2.86295e-03 2.80854e-03 2.75483e-03 2.70183e-03 2.64949e-03 2.59774e-03 2.54648e-03 2.49561e-03 2.44501e-03 2.39455e-03 2.34408e-03 2.29347e-03 2.24257e-03 2.19125e-03 2.13938e-03 2.08684e-03 2.03353e-03 1.97936e-03 1.92429e-03 1.86827e-03 1.81131e-03 1.75341e-03 1.69461e-03 1.63499e-03 1.57463e-03 1.51364e-03 1.45216e-03 1.39033e-03 1.32830e-03 1.26626e-03 1.20437e-03 1.14283e-03 1.08180e-03 1.02148e-03 9.62045e-04 9.03661e-04 8.46498e-04 7.90709e-04 7.36440e-04 6.83821e-04 6.32974e-04 5.84004e-04 5.37004e-04 4.92053e-04 4.49216e-04 4.08543e-04 3.70070e-04 3.33822e-04 2.99807e-04 2.68022e-04 2.38451e-04 2.11066e-04 1.85827e-04 1.62683e-04 1.41573e-04 1.22426e-04 1.05161e-04 8.96893e-05 7.59176e-05 6.37450e-05 5.30663e-05 4.37725e-05 3.57530e-05 2.88961e-05 2.30904e-05 1.82262e-05 1.41961e-05 1.08979e-05 8.23489e-06 6.11569e-06 4.45617e-06 3.17863e-06 2.21338e-06 1.49991e-06 9.85082e-07 6.23705e-07 3.77837e-07 2.16873e-07 1.16315e-07 5.69477e-08 2.45286e-08 8.72268e-09 2.27449e-09 3.23108e-10 8.32510e-12
0.500191 1.70579e-01 2.37811e-01 1.54297e-01 7.99537e-02 3.44971e-02 1.42127e-02 7.05720e-03 4.88066e-03 4.25352e-03 4.05284e-03 3.96536e-03 3.92560e-03 3.94778e-03 4.04995e-03 4.20871e-03 4.40096e-03 4.62707e-03 4.88941e-03 5.18232e-03 5.49329e-03 5.80820e-03 6.11482e-03 6.40238e-03 6.65908e-03 6.87005e-03 7.01639e-03 7.07422e-03 6.99624e-03 6.74240e-03 6.38920e-03 6.06982e-03 5.82075e-03 5.61209e-03 5.42441e-03 5.25050e-03 5.08609e-03 4.92959e-03 4.78079e-03 4.64003e-03 4.50751e-03 4.38311e-03 4.26650e-03 4.15730e-03 4.05515e-03 3.95967e-03 3.87039e-03 3.78673e-03 3.70805e-03 3.63372e-03 3.56320e-03 3.49593e-03 3.43141e-03 3.36906e-03 3.30830e-03 3.24850e-03 3.18901e-03 3.12920e-03 3.06846e-03 3.00622e-03 2.94197e-03 2.87529e-03 2.80585e-03 2.73341e-03 2.65784e-03 2.57913e-03 2.49734e-03 2.41266e-03 2.32536e-03 2.23576e-03 2.14427e-03 2.05134e-03 1.95745e-03 1.86309e-03 1.76876e-03 1.67497e-03 1.58218e-03 1.49082e-03 1.40130e-03 1.31396e-03 1.22911e-03 1.14699e-03 1.06780e-03 9.91692e-04 9.18769e-04 8.49096e-04 7.82706e-04 7.19599e-04 6.59755e-04 6.03133e-04 5.49681e-04 4.99334e-04 4.52022e-04 4.07672e-04 3.66207e-04 3.27549e-04 2.91621e-04 2.58347e-04 2.27646e-04 1.99438e-04 1.73640e-04 1.50166e-04 1.28924e-04 1.09822e-04 9.27594e-05 7.76302e-05 6.43241e-05 5.27255e-05 4.27132e-05 3.41613e-05 2.69401e-05 2.09206e-05 1.59738e-05 1.19717e-05 8.78926e-06 6.30590e-06 4.40798e-06 2.99207e-06 1.96374e-06 1.23943e-06 7.46738e-07 4.25295e-07 2.25831e-07 1.09322e-07 4.65417e-08 1.63781e-08 4.22426e-09 5.91918e-10 1.53742e-11
0.750286 1.30040e-01 1.83751e-01 1.29928e-01 8.15002e-02 4.50626e-02 2.31689e-02 1.23488e-02 7.67490e-03 5.84519e-03 5.20673e-03 5.04657e-03 5.09988e-03 5.30992e-03 5.67618e-03 6.15209e-03 6.65106e-03 7.10017e-03 7.46800e-03 7.75940e-03 7.99514e-03 8.19541e-03 8.37203e-03 8.52660e-03 8.65201e-03 8.73703e-03 8.77096e-03 8.74217e-03 8.61572e-03 8.35145e-03 8.00649e-03 7.69484e-03 7.44621e-03 7.23187e-03 7.03268e-03 6.84014e-03 6.64854e-03 6.45444e-03 6.25630e-03 6.05446e-03 5.85082e-03 5.64827e-03 5.45005e-03 5.25922e-03 5.07834e-03 4.90945e-03 4.75411e-03 4.61344e-03 4.48812e-03 4.37839e-03 4.28390e-03 4.20371e-03 4.13624e-03 4.07932e-03 4.03040e-03 3.98675e-03 3.94571e-03 3.90480e-03 3.86189e-03 3.81517e-03 3.76320e-03 3.70488e-03 3.63943e-03 3.56639e-03 3.48553e-03 3.39690e-03 3.30073e-03 3.19747e-03 3.08770e-03 2.97214e-03 2.85162e-03 2.72704e-03 2.59936e-03 2.46956e-03 2.33865e-03 2.20761e-03 2.07738e-03 1.94886e-03 1.82286e-03 1.70012e-03 1.58127e-03 1.46685e-03 1.35729e-03 1.25288e-03 1.15385e-03 1.06029e-03 9.72230e-04 8.89603e-04 8.12286e-04 7.40108e-04 6.72862e-04 6.10316e-04 5.52228e-04 4.98347e-04 4.48429e-04 4.02238e-04 3.59548e-04 3.20154e-04 2.83864e-04 2.50500e-04 2.19904e-04 1.91930e-04 1.66447e-04 1.43331e-04 1.22465e-04 1.03739e-04 8.70455e-05 7.22769e-05 5.93234e-05 4.80715e-05 3.84028e-05 3.01976e-05 2.33322e-05 1.76778e-05 1.31033e-05 9.47541e-06 6.66217e-06 4.53692e-06 2.97834e-06 1.87370e-06 1.12094e-06 6.31336e-07 3.30145e-07 1.56833e-07 6.53727e-08 2.25104e-08 5.68735e-09 7.82592e-10 1.99980e-11
1.000382 1.02221e-01 1.41038e-01 1.03897e-01 7.29553e-02 4.69358e-02 2.83925e-02 1.72799e-02 1.13745e-02 8.54925e-03 7.44941e-03 7.24869e-03 7.43036e-03 7.74004e-03 8.08805e-03 8.41947e-03 8.69951e-03 8.93505e-03 9.15510e-03 9.38245e-03 9.61110e-03 9.80609e-03 9.93379e-03 9.99415e-03 1.00202e-02 1.00531e-02 1.01197e-02 1.02192e-02 1.03047e-02 1.02983e-02 1.01876e-02 1.00320e-02 9.85589e-03 9.64623e-03 9.39330e-03 9.09200e-03 8.74132e-03 8.34669e-03 7.91957e-03 7.47590e-03 7.03371e-03 6.61100e-03 6.22375e-03 5.88439e-03 5.60071e-03 5.37550e-03 5.20680e-03 5.08878e-03 5.01298e-03 4.96955e-03 4.94843e-03 4.94028e-03 4.93704e-03 4.93224e-03 4.92108e-03 4.90027e-03 4.86782e-03 4.82276e-03 4.76494e-03 4.69470e-03 4.61271e-03 4.51975e-03 4.41661e-03 4.30407e-03 4.18293e-03 4.05408e-03 3.91849e-03 3.77721e-03 3.63136e-03 3.48204e-03 3.33036e-03 3.17738e-03 3.02409e-03 2.87142e-03 2.72021e-03 2.57116e-03 2.42490e-03 2.28191e-03 2.14259e-03 2.00723e-03 1.87603e-03 1.74916e-03 1.62672e-03 1.50881e-03 1.39550e-03 1.28689e-03 1.18308e-03 1.08419e-03 9.90345e-04 9.01661e-04 8.18239e-04 7.40148e-04 6.67409e-04 5.99983e-04 5.37772e-04 4.80610e-04 4.28278e-04 3.80508e-04 3.37007e-04 2.97464e-04 2.61571e-04 2.29038e-04 1.99593e-04 1.72990e-04 1.49005e-04 1.27442e-04 1.08125e-04 9.08987e-05 7.56240e-05 6.21713e-05 5.04203e-05 4.02597e-05 3.15812e-05 2.42753e-05 1.82297e-05 1.33271e-05 9.44494e-06 6.45747e-06 4.23448e-06 2.64483e-06 1.56008e-06 8.59942e-07 4.36763e-07 2.00157e-07 8.00587e-08 2.63790e-08 6.37872e-09 8.44511e-10 2.09372e-11
1.250477 8.04822e-02 1.06728e-01 7.84309e-02 5.82738e-02 4.20935e-02 3.02688e-02 2.20517e-02 1.65704e-02 1.31101e-02 1.10456e-02 9.85284e-03 9.15926e-03 8.79691e-03 8.73386e-03 8.92549e-03 9.26530e-03 9.63007e-03 9.94094e-03 1.01993e-02 1.04576e-02 1.07624e-02 1.11346e-02 1.15810e-02 1.20993e-02 1.26671e-02 1.32337e-02 1.37273e-02 1.40611e-02 1.41498e-02 1.39621e-02 1.35386e-02 1.29412e-02 1.22302e-02 1.14647e-02 1.06962e-02 9.96280e-03 9.28742e-03 8.67969e-03 8.14020e-03 7.66605e-03 7.25537e-03 6.90899e-03 6.62924e-03 6.41734e-03 6.27106e-03 6.18366e-03 6.14410e-03 6.13830e-03 6.15108e-03 6.16815e-03 6.17769e-03 6.17122e-03 6.14362e-03 6.09275e-03 6.01858e-03 5.92243e-03 5.80624e-03 5.67215e-03 5.52227e-03 5.35874e-03 5.18389e-03 5.00024e-03 4.81037e-03 4.61658e-03 4.42080e-03 4.22454e-03 4.02909e-03 3.83562e-03 3.64525e-03 3.45900e-03 3.27781e-03 3.10250e-03 2.93370e-03 2.77190e-03 2.61739e-03 2.47028e-03 2.33054e-03 2.19799e-03 2.07231e-03 1.95311e-03 1.83988e-03 1.73207e-03 1.62909e-03 1.53030e-03 1.43510e-03 1.34290e-03 1.25320e-03 1.16562e-03 1.07991e-03 9.96045e-04 9.14150e-04 8.34543e-04 7.57676e-04 6.84072e-04 6.14257e-04 5.48693e-04 4.87731e-04 4.31580e-04 3.80300e-04 3.33824e-04 2.91983e-04 2.54525e-04 2.21143e-04 1.91490e-04 1.65204e-04 1.41922e-04 1.21304e-04 1.03037e-04 8.68504e-05 7.25181e-05 5.98555e-05 4.87149e-05 3.89772e-05 3.05468e-05 2.33426e-05 1.72931e-05 1.23311e-05 8.38476e-06 5.37136e-06 3.19107e-06 1.72296e-06 8.24618e-07 3.39966e-07 1.17275e-07 3.27710e-08 6.87309e-09 8.23957e-10 1.93422e-11
1.500572 5.97407e-02 7.57293e-02 5.34212e-02 4.15665e-02 3.48999e-02 2.95369e-02 2.42111e-02 1.93315e-02 1.53115e-02 1.23150e-02 1.03422e-02 9.25574e-03 8.82835e-03 8.82257e-03 9.05171e-03 9.44132e-03 1.00332e-02 1.09213e-02 1.21891e-02 1.38539e-02 1.57810e-02 1.76096e-02 1.88651e-02 1.92810e-02 1.89811e-02 1.82952e-02 1.74850e-02 1.66622e-02 1.58440e-02 1.50358e-02 1.42643e-02 1.35468e-02 1.28834e-02 1.22715e-02 1.17082e-02 1.11893e-02 1.07095e-02 1.02630e-02 9.84587e-03 9.45684e-03 9.09701e-03 8.76841e-03 8.47233e-03 8.20837e-03 7.97464e-03 7.76876e-03 7.58900e-03 7.43453e-03 7.30448e-03 7.19645e-03 7.10539e-03 7.02357e-03 6.94167e-03 6.85046e-03 6.74246e-03 6.61302e-03 6.46053e-03 6.28589e-03 6.09164e-03 5.88115e-03 5.65807e-03 5.42600e-03 5.18838e-03 4.94827e-03 4.70834e-03 4.47082e-03 4.23756e-03 4.01008e-03 3.78961e-03 3.57711e-03 3.37330e-03 3.17863e-03 2.99336e-03 2.81753e-03 2.65104e-03 2.49366e-03 2.34508e-03 2.20494e-03 2.07281e-03 1.94828e-03 1.83086e-03 1.72009e-03 1.61548e-03 1.51658e-03 1.42301e-03 1.33449e-03 1.25079e-03 1.17169e-03 1.09684e-03 1.02569e-03 9.57518e-04 8.91512e-04 8.26952e-04 7.63332e-04 7.00457e-04 6.38473e-04 5.77829e-04 5.19187e-04 4.63299e-04 4.10876e-04 3.62487e-04 3.18482e-04 2.78964e-04 2.43818e-04 2.12757e-04 1.85399e-04 1.61326e-04 1.40128e-04 1.21424e-04 1.04866e-04 9.01359e-05 7.69537e-05 6.50804e-05 5.43303e-05 4.45738e-05 3.57388e-05 2.78070e-05 2.08019e-05 1.47749e-05 9.78814e-06 5.89136e-06 3.09359e-06 1.32934e-06 4.23770e-07 8.80107e-08 1.08655e-08 8.25198e-10 1.61516e-11
1.750668 3.96783e-02 4.87610e-02 3.44593e-02 2.96636e-02 2.79720e-02 2.54950e-02 2.20178e-02 1.83257e-02 1.50550e-02 1.25267e-02 1.07681e-02 9.66709e-03 9.17255e-03 9.43687e-03 1.09865e-02 1.48036e-02 2.10935e-02 2.70009e-02 2.86351e-02 2.64961e-02 2.36480e-02 2.12675e-02 1.94306e-02 1.81091e-02 1.71586e-02 1.64181e-02 1.57716e-02 1.51511e-02 1.45379e-02 1.39583e-02 1.34362e-02 1.29605e-02 1.25165e-02 1.21030e-02 1.17209e-02 1.13688e-02 1.10432e-02 1.07399e-02 1.04550e-02 1.01850e-02 9.92710e-03 9.67924e-03 9.44043e-03 9.21085e-03 8.99154e-03 8.78370e-03 8.58793e-03 8.40371e-03 8.22913e-03 8.06118e-03 7.89663e-03 7.73279e-03 7.56775e-03 7.39992e-03 7.22757e-03 7.04893e-03 6.86285e-03 6.66948e-03 6.47036e-03 6.26761e-03 6.06287e-03 5.85649e-03 5.64767e-03 5.43522e-03 5.21830e-03 4.99688e-03 4.77173e-03 4.54422e-03 4.31604e-03 4.08898e-03 3.86485e-03 3.64535e-03 3.43200e-03 3.22600e-03 3.02816e-03 2.83893e-03 2.65845e-03 2.48674e-03 2.32373e-03 2.16933e-03 2.02338e-03 1.88558e-03 1.75548e-03 1.63243e-03 1.51575e-03 1.40497e-03 1.30007e-03 1.20162e-03 1.11047e-03 1.02732e-03 9.52316e-04 8.84861e-04 8.23737e-04 7.67362e-04 7.14081e-04 6.62421e-04 6.11290e-04 5.60108e-04 5.08845e-04 4.57986e-04 4.08398e-04 3.61123e-04 3.17164e-04 2.77301e-04 2.41987e-04 2.11314e-04 1.85060e-04 1.62769e-04 1.43853e-04 1.27686e-04 1.13679e-04 1.01320e-04 9.01815e-05 7.98994e-05 7.01575e-05 6.06881e-05 5.13039e-05 4.19451e-05 3.27265e-05 2.39499e-05 1.60585e-05 9.52543e-06 4.70966e-06 1.73611e-06 3.88378e-07 3.76376e-08 1.15374e-09 1.21199e-11
2.000763 2.83902e-02 3.46145e-02 2.57751e-02 2.46829e-02 2.50133e-02 2.36763e-02 2.11058e-02 1.82322e-02 1.55276e-02 1.32133e-02 1.16255e-02 1.23908e-02 1.94201e-02 3.11397e-02 3.67616e-02 3.40887e-02 2.94268e-02 2.54283e-02 2.23552e-02 1.99437e-02 1.80503e-02 1.67620e-02 1.59093e-02 1.52877e-02 1.47760e-02 1.43072e-02 1.38355e-02 1.33280e-02 1.27915e-02 1.22875e-02 1.18661e-02 1.15174e-02 1.12126e-02 1.09371e-02 1.06831e-02 1.04428e-02 1.02104e-02 9.98349e-03 9.76209e-03 9.54659e-03 9.33633e-03 9.12964e-03 8.92477e-03 8.72071e-03 8.51742e-03 8.31559e-03 8.11640e-03 7.92121e-03 7.73136e-03 7.54791e-03 7.37154e-03 7.20253e-03 7.04065e-03 6.88505e-03 6.73411e-03 6.58567e-03 6.43790e-03 6.29021e-03 6.14360e-03 5.99983e-03 5.86022e-03 5.72481e-03 5.59241e-03 5.46139e-03 5.33010e-03 5.19671e-03 5.05879e-03 4.91378e-03 4.75988e-03 4.59663e-03 4.42489e-03 4.24665e-03 4.06463e-03 3.88168e-03 3.70023e-03 3.52199e-03 3.34803e-03 3.17899e-03 3.01525e-03 2.85698e-03 2.70403e-03 2.55591e-03 2.41187e-03 2.27099e-03 2.13235e-03 1.99516e-03 1.85892e-03 1.72367e-03 1.59014e-03 1.45988e-03 1.33495e-03 1.21735e-03 1.10840e-03 1.00856e-03 9.17735e-04 8.35611e-04 7.61790e-04 6.95624e-04 6.36055e-04 5.81615e-04 5.30607e-04 4.81414e-04 4.32896e-04 3.84727e-04 3.37501e-04 2.92496e-04 2.51193e-04 2.14787e-04 1.83882e-04 1.58439e-04 1.37909e-04 1.21456e-04 1.08159e-04 9.71580e-05 8.77203e-05 7.92427e-05 7.11863e-05 6.29812e-05 5.40211e-05 4.38891e-05 3.27622e-05 2.16319e-05 1.19851e-05 5.07718e-06 1.35599e-06 1.56956e-07 4.24739e-09 1.71987e-11
2.250859 2.43896e-02 2.96469e-02 2.31261e-02 2.34391e-02 2.49648e-02 2.45739e-02 2.21224e-02 1.84958e-02 1.57714e-02 1.85531e-02 2.79197e-02 3.52717e-02 3.51459e-02 3.10072e-02 2.66743e-02 2.32731e-02 2.06768e-02 1.85817e-02 1.68798e-02 1.56345e-02 1.48175e-02 1.43036e-02 1.39490e-02 1.36707e-02 1.34269e-02 1.31797e-02 1.28945e-02 1.25429e-02 1.21233e-02 1.16854e-02 1.12853e-02 1.09399e-02 1.06511e-02 1.04178e-02 1.02219e-02 1.00383e-02 9.85087e-03 9.65424e-03 9.44986e-03 9.24183e-03 9.03387e-03 8.82828e-03 8.62631e-03 8.42936e-03 8.23944e-03 8.05823e-03 7.88565e-03 7.71956e-03 7.55702e-03 7.39593e-03 7.23613e-03 7.07916e-03 6.92703e-03 6.78097e-03 6.64097e-03 6.50590e-03 6.37360e-03 6.24123e-03 6.10617e-03 5.96695e-03 5.82319e-03 5.67519e-03 5.52430e-03 5.37347e-03 5.22621e-03 5.08478e-03 4.94952e-03 4.81972e-03 4.69442e-03 4.57262e-03 4.45331e-03 4.33574e-03 4.21959e-03 4.10479e-03 3.99120e-03 3.87866e-03 3.76714e-03 3.65649e-03 3.54627e-03 3.43581e-03 3.32420e-03 3.21039e-03 3.09333e-03 2.97220e-03 2.84652e-03 2.71626e-03 2.58191e-03 2.44465e-03 2.30643e-03 2.16989e-03 2.03806e-03 1.91376e-03 1.79882e-03 1.69358e-03 1.59660e-03 1.50476e-03 1.41353e-03 1.31739e-03 1.21117e-03 1.09316e-03 9.68596e-04 8.48021e-04 7.40806e-04 6.52307e-04 5.82938e-04 5.26834e-04 4.75948e-04 4.25423e-04 3.74302e-04 3.23904e-04 2.76325e-04 2.33404e-04 1.96201e-04 1.64955e-04 1.39285e-04 1.18424e-04 1.01380e-04 8.70555e-05 7.43353e-05 6.21366e-05 4.95449e-05 3.62049e-05 2.28399e-05 1.13440e-05 3.77982e-06 6.19888e-07 2.85602e-08 1.67028e-10
2.500954 2.32597e-02 2.83260e-02 2.26692e-02 2.37832e-02 2.52796e-02 2.34355e-02 2.03194e-02 2.09322e-02 2.52886e-02 2.94044e-02 3.12321e-02 2.94949e-02 2.56022e-02 2.21112e-02 1.96310e-02 1.79224e-02 1.67113e-02 1.57707e-02 1.49758e-02 1.43281e-02 1.38054e-02 1.33748e-02 1.30525e-02 1.28075e-02 1.26162e-02 1.24628e-02 1.22963e-02 1.20329e-02 1.16126e-02 1.10822e-02 1.05778e-02 1.02075e-02 9.98027e-03 9.83541e-03 9.71582e-03 9.60097e-03 9.49071e-03 9.38834e-03 9.29866e-03 9.22862e-03 9.17783e-03 9.13136e-03 9.07130e-03 8.99116e-03 8.89541e-03 8.79045e-03 8.67885e-03 8.55944e-03 8.42968e-03 8.28747e-03 8.13181e-03 7.96324e-03 7.78419e-03 7.59903e-03 7.41287e-03 7.22946e-03 7.04978e-03 6.87277e-03 6.69766e-03 6.52574e-03 6.35990e-03 6.20320e-03 6.05800e-03 5.92606e-03 5.80866e-03 5.70615e-03 5.61701e-03 5.53772e-03 5.46370e-03 5.39041e-03 5.31402e-03 5.23152e-03 5.14055e-03 5.03927e-03 4.92601e-03 4.79918e-03 4.65729e-03 4.49958e-03 4.32643e-03 4.14042e-03 3.94655e-03 3.75055e-03 3.55788e-03 3.37320e-03 3.19970e-03 3.03916e-03 2.89233e-03 2.75920e-03 2.63874e-03 2.52857e-03 2.42473e-03 2.32198e-03 2.21451e-03 2.09710e-03 1.96636e-03 1.82209e-03 1.66826e-03 1.51225e-03 1.36201e-03 1.22312e-03 1.09768e-03 9.85297e-04 8.84671e-04 7.94516e-04 7.13596e-04 6.40588e-04 5.74558e-04 5.15836e-04 4.64834e-04 4.17064e-04 3.68342e-04 3.25093e-04 2.88312e-04 2.51395e-04 2.13687e-04 1.78656e-04 1.47771e-04 1.20254e-04 9.59543e-05 7.59581e-05 6.07353e-05 4.84391e-05 3.58726e-05 2.18557e-05 9.22246e-06 1.99666e-06 1.24305e-07 9.07489e-10
2.751050 2.43113e-02 2.92232e-02 2.25059e-02 2.20908e-02 2.13903e-02 2.02267e-02 2.12522e-02 2.34358e-02 2.55887e-02 2.69709e-02 2.57022e-02 2.25051e-02 1.97006e-02 1.79552e-02 1.69389e-02 1.62754e-02 1.57352e-02 1.51763e-02 1.45194e-02 1.38528e-02 1.33744e-02 1.31254e-02 1.30139e-02 1.29320e-02 1.27992e-02 1.25803e-02 1.22349e-02 1.17046e-02 1.10116e-02 1.03345e-02 9.85726e-03 9.58431e-03 9.42499e-03 9.33491e-03 9.30592e-03 9.32913e-03 9.39832e-03 9.50958e-03 9.64937e-03 9.79424e-03 9.91507e-03 9.98276e-03 9.98657e-03 9.94203e-03 9.86923e-03 9.77775e-03 9.67826e-03 9.58369e-03 9.49380e-03 9.39312e-03 9.26537e-03 9.10426e-03 8.91265e-03 8.70089e-03 8.48338e-03 8.27079e-03 8.06729e-03 7.87341e-03 7.68853e-03 7.51167e-03 7.34177e-03 7.17804e-03 7.02022e-03 6.86836e-03 6.72233e-03 6.58143e-03 6.44440e-03 6.30984e-03 6.17675e-03 6.04483e-03 5.91431e-03 5.78523e-03 5.65628e-03 5.52348e-03 5.37997e-03 5.21812e-03 5.03393e-03 4.83089e-03 4.61979e-03 4.41405e-03 4.22395e-03 4.05429e-03 3.90576e-03 3.77672e-03 3.66357e-03 3.56010e-03 3.45721e-03 3.34388e-03 3.20942e-03 3.04660e-03 2.85866e-03 2.66310e-03 2.47756e-03 2.30528e-03 2.14064e-03 1.98020e-03 1.82439e-03 1.67390e-03 1.52786e-03 1.38460e-03 1.24311e-03 1.10394e-03 9.69118e-04 8.41558e-04 7.24166e-04 6.19009e-04 5.26862e-04 4.47216e-04 3.78411e-04 3.18868e-04 2.69252e-04 2.31024e-04 2.01052e-04 1.73426e-04 1.47279e-04 1.24423e-04 1.03688e-04 8.31413e-05 6.35592e-05 4.65065e-05 3.23848e-05 2.19074e-05 1.53319e-05 1.03381e-05 5.17126e-06 1.33810e-06 9.75028e-08 8.26265e-10
3.001145 2.74705e-02 3.17074e-02 2.15206e-02 1.87761e-02 1.81716e-02 1.89112e-02 2.10532e-02 2.34364e-02 2.46946e-02 2.36487e-02 2.11163e-02 1.88992e-02 1.74006e-02 1.63592e-02 1.56798e-02 1.52190e-02 1.47970e-02 1.44006e-02 1.41187e-02 1.40121e-02 1.40468e-02 1.40280e-02 1.37188e-02 1.31348e-02 1.24955e-02 1.20446e-02 1.18799e-02 1.17795e-02 1.13869e-02 1.09177e-02 1.08332e-02 1.09447e-02 1.09912e-02 1.09504e-02 1.08943e-02 1.08494e-02 1.08283e-02 1.08384e-02 1.08822e-02 1.09559e-02 1.10456e-02 1.11228e-02 1.11503e-02 1.10912e-02 1.09346e-02 1.07239e-02 1.05047e-02 1.02854e-02 1.00640e-02 9.84161e-03 9.62115e-03 9.40560e-03 9.19601e-03 8.99127e-03 8.78910e-03 8.58634e-03 8.37940e-03 8.16678e-03 7.95069e-03 7.73486e-03 7.52199e-03 7.31364e-03 7.11113e-03 6.91577e-03 6.72836e-03 6.54860e-03 6.37477e-03 6.20396e-03 6.03338e-03 5.86233e-03 5.69394e-03 5.53370e-03 5.38186e-03 5.22487e-03 5.04421e-03 4.84339e-03 4.65529e-03 4.51191e-03 4.41228e-03 4.31847e-03 4.18927e-03 4.02293e-03 3.85028e-03 3.68237e-03 3.50190e-03 3.31506e-03 3.14502e-03 2.99342e-03 2.84786e-03 2.69897e-03 2.54432e-03 2.38788e-03 2.23525e-03 2.08953e-03 1.95191e-03 1.82302e-03 1.70291e-03 1.59081e-03 1.48512e-03 1.38401e-03 1.28654e-03 1.19267e-03 1.10227e-03 1.01501e-03 9.30786e-04 8.49748e-04 7.71742e-04 6.95525e-04 6.18775e-04 5.39411e-04 4.56914e-04 3.72974e-04 2.92260e-04 2.21627e-04 1.66061e-04 1.25391e-04 9.56948e-05 7.28589e-05 5.40389e-05 3.77454e-05 2.40688e-05 1.36270e-05 6.49206e-06 2.46049e-06 7.31481e-07 1.39782e-07 9.03728e-09 6.56896e-11
3.251240 3.17114e-02 3.53756e-02 2.18273e-02 1.78064e-02 1.76546e-02 1.92748e-02 2.20482e-02 2.39555e-02 2.32820e-02 2.08948e-02 1.86939e-02 1.73538e-02 1.67534e-02 1.67054e-02 1.69969e-02 1.73190e-02 1.72202e-02 1.68643e-02 1.67475e-02 1.64075e-02 1.57663e-02 1.51444e-02 1.45232e-02 1.39338e-02 1.34085e-02 1.29640e-02 1.25886e-02 1.22567e-02 1.19437e-02 1.16466e-02 1.13821e-02 1.11570e-02 1.09603e-02 1.07777e-02 1.06023e-02 1.04363e-02 1.02850e-02 1.01529e-02 1.00455e-02 9.95558e-03 9.86559e-03 9.77681e-03 9.71071e-03 9.69843e-03 9.72671e-03 9.75813e-03 9.77371e-03 9.76428e-03 9.72475e-03 9.66225e-03 9.60282e-03 9.55481e-03 9.48093e-03 9.34824e-03 9.16277e-03 8.94561e-03 8.71131e-03 8.46709e-03 8.21659e-03 7.96237e-03 7.70687e-03 7.45213e-03 7.19924e-03 6.94867e-03 6.70174e-03 6.46171e-03 6.23319e-03 6.02092e-03 5.83032e-03 5.66526e-03 5.51782e-03 5.36327e-03 5.18251e-03 4.97897e-03 4.75557e-03 4.50994e-03 4.25520e-03 4.02637e-03 3.83287e-03 3.63216e-03 3.41463e-03 3.21806e-03 3.05139e-03 2.89869e-03 2.75138e-03 2.60830e-03 2.47080e-03 2.34191e-03 2.22364e-03 2.11460e-03 2.01160e-03 1.91286e-03 1.81918e-03 1.73285e-03 1.65571e-03 1.58698e-03 1.52297e-03 1.45900e-03 1.39156e-03 1.31934e-03 1.24301e-03 1.16433e-03 1.08501e-03 1.00656e-03 9.30964e-04 8.61205e-04 8.00122e-04 7.48122e-04 7.01693e-04 6.54470e-04 6.01258e-04 5.40800e-04 4.74994e-04 4.07282e-04 3.40615e-04 2.75541e-04 2.12407e-04 1.54675e-04 1.07322e-04 7.23133e-05 4.72315e-05 2.87250e-05 1.52750e-05 6.48176e-06 1.92485e-06 3.23875e-07 2.15353e-08 2.34881e-10
3.501336 3.72099e-02 4.03737e-02 2.35502e-02 1.86091e-02 1.92921e-02 2.39903e-02 2.93645e-02 2.96833e-02 2.69040e-02 2.44714e-02 2.27619e-02 2.15219e-02 2.04098e-02 1.91385e-02 1.79015e-02 1.68682e-02 1.59688e-02 1.52020e-02 1.45299e-02 1.39677e-02 1.34960e-02 1.30868e-02 1.27548e-02 1.24981e-02 1.22879e-02 1.20997e-02 1.19191e-02 1.17312e-02 1.15243e-02 1.13070e-02 1.10959e-02 1.08964e-02 1.07079e-02 1.05273e-02 1.03477e-02 1.01589e-02 9.95386e-03 9.74162e-03 9.53015e-03 9.32600e-03 9.17832e-03 9.08178e-03 9.02168e-03 8.99464e-03 8.96650e-03 8.91319e-03 8.83139e-03 8.73028e-03 8.62323e-03 8.51687e-03 8.40998e-03 8.30014e-03 8.18720e-03 8.07064e-03 7.94564e-03 7.80402e-03 7.64127e-03 7.46059e-03 7.26861e-03 7.07018e-03 6.86924e-03 6.67118e-03 6.48262e-03 6.31260e-03 6.17376e-03 6.06896e-03 5.96571e-03 5.80627e-03 5.56977e-03 5.30086e-03 5.04975e-03 4.80813e-03 4.55366e-03 4.30210e-03 4.07207e-03 3.86065e-03 3.65661e-03 3.46590e-03 3.30577e-03 3.17127e-03 3.04346e-03 2.91692e-03 2.79249e-03 2.67111e-03 2.55460e-03 2.44179e-03 2.32894e-03 2.21434e-03 2.10046e-03 1.99250e-03 1.89585e-03 1.81402e-03 1.74747e-03 1.69381e-03 1.64846e-03 1.60526e-03 1.55774e-03 1.50143e-03 1.43616e-03 1.36676e-03 1.30064e-03 1.24265e-03 1.19059e-03 1.13755e-03 1.07967e-03 1.01782e-03 9.53007e-04 8.83592e-04 8.01981e-04 6.99808e-04 5.85036e-04 4.76009e-04 3.86842e-04 3.24832e-04 2.83368e-04 2.50128e-04 2.18584e-04 1.86404e-04 1.52953e-04 1.18635e-04 8.48454e-05 5.48076e-05 3.15310e-05 1.55889e-05 5.81282e-06 1.17936e-06 7.14994e-08 5.33737e-10
3.751431 4.61790e-02 5.52754e-02 4.06085e-02 3.09493e-02 2.83905e-02 2.94030e-02 2.89947e-02 2.70367e-02 2.52112e-02 2.34396e-02 2.10438e-02 1.87900e-02 1.70021e-02 1.56708e-02 1.47630e-02 1.41236e-02 1.35755e-02 1.31161e-02 1.28790e-02 1.28010e-02 1.27269e-02 1.26134e-02 1.24655e-02 1.22954e-02 1.21241e-02 1.19470e-02 1.17581e-02 1.15680e-02 1.13775e-02 1.12051e-02 1.10760e-02 1.09908e-02 1.09336e-02 1.08949e-02 1.08610e-02 1.07742e-02 1.05736e-02 1.03035e-02 1.00142e-02 9.69044e-03 9.36791e-03 9.08072e-03 8.82757e-03 8.58967e-03 8.35522e-03 8.12759e-03 7.91771e-03 7.73078e-03 7.56319e-03 7.40770e-03 7.25826e-03 7.11279e-03 6.97313e-03 6.84351e-03 6.72888e-03 6.63263e-03 6.55177e-03 6.47401e-03 6.38430e-03 6.27654e-03 6.16128e-03 6.04469e-03 5.89587e-03 5.67891e-03 5.40243e-03 5.10659e-03 4.82527e-03 4.57092e-03 4.33332e-03 4.08803e-03 3.83067e-03 3.58317e-03 3.36055e-03 3.17498e-03 3.03635e-03 2.93399e-03 2.84375e-03 2.74708e-03 2.64448e-03 2.54372e-03 2.44874e-03 2.36444e-03 2.29084e-03 2.22432e-03 2.16401e-03 2.11194e-03 2.06959e-03 2.03563e-03 2.00699e-03 1.98070e-03 1.95330e-03 1.92004e-03 1.87656e-03 1.82172e-03 1.75762e-03 1.68716e-03 1.61357e-03 1.54080e-03 1.47115e-03 1.40326e-03 1.33650e-03 1.27368e-03 1.21684e-03 1.16640e-03 1.11402e-03 1.04129e-03 9.41328e-04 8.37026e-04 7.26874e-04 6.11365e-04 5.14400e-04 4.36321e-04 3.67645e-04 3.02085e-04 2.37847e-04 1.78503e-04 1.32174e-04 1.01841e-04 8.10296e-05 6.38156e-05 4.84414e-05 3.45098e-05 2.18372e-05 1.10145e-05 3.81494e-06 7.02664e-07 4.02073e-08 3.13330e-10
4.001527 6.02895e-02 6.55430e-02 3.78308e-02 2.83756e-02 3.01951e-02 3.04434e-02 2.86254e-02 2.63861e-02 2.35903e-02 2.08673e-02 1.85892e-02 1.67655e-02 1.54165e-02 1.44755e-02 1.39162e-02 1.37104e-02 1.36807e-02 1.36304e-02 1.35873e-02 1.36597e-02 1.37175e-02 1.36288e-02 1.34776e-02 1.33560e-02 1.32304e-02 1.30348e-02 1.27896e-02 1.24717e-02 1.21045e-02 1.17832e-02 1.15167e-02 1.12960e-02 1.11025e-02 1.09005e-02 1.06318e-02 1.02842e-02 9.95449e-03 9.67522e-03 9.41868e-03 9.17355e-03 8.94035e-03 8.72329e-03 8.52160e-03 8.33323e-03 8.15992e-03 8.00010e-03 7.84893e-03 7.70159e-03 7.55258e-03 7.39794e-03 7.23762e-03 7.07140e-03 6.89557e-03 6.70714e-03 6.51025e-03 6.31716e-03 6.14132e-03 5.98503e-03 5.83733e-03 5.68827e-03 5.53146e-03 5.35575e-03 5.15362e-03 4.94545e-03 4.75143e-03 4.54891e-03 4.32085e-03 4.07027e-03 3.80251e-03 3.52927e-03 3.27250e-03 3.05682e-03 2.87704e-03 2.71546e-03 2.56848e-03 2.43634e-03 2.32080e-03 2.23104e-03 2.16877e-03 2.12873e-03 2.10296e-03 2.08656e-03 2.08032e-03 2.09161e-03 2.13259e-03 2.17619e-03 2.16239e-03 2.10249e-03 2.04614e-03 1.99862e-03 1.94341e-03 1.87214e-03 1.78650e-03 1.69426e-03 1.60322e-03 1.51870e-03 1.44754e-03 1.39617e-03 1.35714e-03 1.31396e-03 1.26310e-03 1.21028e-03 1.15635e-03 1.09594e-03 1.02565e-03 9.51405e-04 8.79716e-04 8.07507e-04 7.31831e-04 6.54882e-04 5.77286e-04 4.97790e-04 4.18703e-04 3.44304e-04 2.77470e-04 2.18739e-04 1.67102e-04 1.22015e-04 8.41164e-05 5.43116e-05 3.28492e-05 1.85298e-05 9.30549e-06 3.97985e-06 1.37132e-06 2.79687e-07 1.96308e-08 2.48286e-10
4.251622 5.91856e-02 6.47271e-02 4.37149e-02 3.39381e-02 2.91584e-02 2.69418e-02 2.55834e-02 2.44719e-02 2.31132e-02 2.12724e-02 1.92839e-02 1.76996e-02 1.67425e-02 1.62638e-02 1.60560e-02 1.59813e-02 1.59565e-02 1.58678e-02 1.56186e-02 1.54310e-02 1.54800e-02 1.55986e-02 1.54947e-02 1.50574e-02 1.43498e-02 1.35369e-02 1.27493e-02 1.20252e-02 1.14333e-02 1.09757e-02 1.06186e-02 1.03587e-02 1.01553e-02 9.90948e-03 9.58881e-03 9.24296e-03 8.91871e-03 8.67717e-03 8.52382e-03 8.40425e-03 8.30218e-03 8.22878e-03 8.17993e-03 8.11488e-03 7.96700e-03 7.72437e-03 7.46093e-03 7.24028e-03 7.06387e-03 6.91025e-03 6.75715e-03 6.59222e-03 6.42143e-03 6.25265e-03 6.08285e-03 5.90369e-03 5.71889e-03 5.53915e-03 5.36427e-03 5.18864e-03 4.99940e-03 4.78448e-03 4.55232e-03 4.31626e-03 4.08276e-03 3.86223e-03 3.65544e-03 3.45556e-03 3.26805e-03 3.10356e-03 2.96182e-03 2.82908e-03 2.68850e-03 2.54501e-03 2.40855e-03 2.29142e-03 2.20244e-03 2.13948e-03 2.09310e-03 2.05068e-03 2.01231e-03 2.01200e-03 2.07240e-03 2.14455e-03 2.18330e-03 2.19224e-03 2.17772e-03 2.13829e-03 2.07645e-03 1.99986e-03 1.91548e-03 1.82956e-03 1.75087e-03 1.68459e-03 1.63001e-03 1.58410e-03 1.53427e-03 1.46467e-03 1.38037e-03 1.30106e-03 1.23335e-03 1.17084e-03 1.10854e-03 1.04501e-03 9.80942e-04 9.17915e-04 8.57100e-04 7.98079e-04 7.38074e-04 6.75497e-04 6.14158e-04 5.60002e-04 5.15919e-04 4.79717e-04 4.42525e-04 3.88716e-04 3.10674e-04 2.26182e-04 1.58414e-04 1.10915e-04 7.61729e-05 4.89258e-05 2.78881e-05 1.36144e-05 5.32069e-06 1.19619e-06 8.31835e-08 7.88377e-10
4.501717 5.14604e-02 5.75029e-02 3.91591e-02 3.19689e-02 2.99298e-02 2.92274e-02 2.80379e-02 2.63112e-02 2.45268e-02 2.28780e-02 2.14203e-02 2.01564e-02 1.91932e-02 1.86420e-02 1.84983e-02 1.85256e-02 1.84086e-02 1.83496e-02 1.83256e-02 1.80328e-02 1.73865e-02 1.64955e-02 1.55372e-02 1.45488e-02 1.35928e-02 1.27356e-02 1.19859e-02 1.13686e-02 1.08901e-02 1.04960e-02 1.01411e-02 9.81832e-03 9.52999e-03 9.26994e-03 9.03908e-03 8.83838e-03 8.65690e-03 8.50558e-03 8.37637e-03 8.25949e-03 8.15927e-03 8.05964e-03 7.92796e-03 7.74377e-03 7.52274e-03 7.31559e-03 7.16229e-03 7.04109e-03 6.89522e-03 6.70101e-03 6.47993e-03 6.26225e-03 6.06094e-03 5.87758e-03 5.70796e-03 5.54249e-03 5.37043e-03 5.18301e-03 4.97704e-03 4.75258e-03 4.51490e-03 4.27762e-03 4.05135e-03 3.84283e-03 3.65121e-03 3.46616e-03 3.29036e-03 3.12600e-03 2.97138e-03 2.82857e-03 2.70002e-03 2.58366e-03 2.47758e-03 2.38732e-03 2.32139e-03 2.27978e-03 2.25225e-03 2.22580e-03 2.19371e-03 2.16532e-03 2.16185e-03 2.18770e-03 2.22856e-03 2.27279e-03 2.30995e-03 2.33128e-03 2.33292e-03 2.31127e-03 2.26216e-03 2.18630e-03 2.09267e-03 1.99503e-03 1.90455e-03 1.82424e-03 1.74770e-03 1.66384e-03 1.56771e-03 1.46977e-03 1.38212e-03 1.30513e-03 1.23468e-03 1.16811e-03 1.10465e-03 1.04378e-03 9.84139e-04 9.23491e-04 8.59418e-04 7.90917e-04 7.19998e-04 6.51503e-04 5.90459e-04 5.40000e-04 5.00854e-04 4.71497e-04 4.48482e-04 4.27136e-04 4.02948e-04 3.72522e-04 3.24608e-04 2.46366e-04 1.54126e-04 7.84004e-05 3.27429e-05 1.13666e-05 2.84405e-06 3.49386e-07 2.30879e-08 3.18982e-10
4.751813 4.72585e-02 5.12016e-02 3.54627e-02 3.24684e-02 3.27028e-02 3.14796e-02 2.88895e-02 2.68997e-02 2.56735e-02 2.44826e-02 2.30706e-02 2.16260e-02 2.04076e-02 1.93664e-02 1.84754e-02 1.81116e-02 1.81764e-02 1.83438e-02 1.84131e-02 1.82721e-02 1.77233e-02 1.66865e-02 1.54592e-02 1.43245e-02 1.34188e-02 1.27631e-02 1.22471e-02 1.17523e-02 1.12584e-02 1.07905e-02 1.03301e-02 9.87970e-03 9.49423e-03 9.19080e-03 8.98122e-03 8.85623e-03 8.73658e-03 8.58058e-03 8.42661e-03 8.28301e-03 8.11321e-03 7.92704e-03 7.74436e-03 7.57828e-03 7.47213e-03 7.44204e-03 7.38024e-03 7.19023e-03 6.91010e-03 6.60383e-03 6.32048e-03 6.09286e-03 5.91423e-03 5.75162e-03 5.59094e-03 5.43469e-03 5.28320e-03 5.12439e-03 4.93893e-03 4.71476e-03 4.45648e-03 4.18542e-03 3.92013e-03 3.66453e-03 3.42751e-03 3.22452e-03 3.05597e-03 2.90799e-03 2.76888e-03 2.64047e-03 2.53271e-03 2.45028e-03 2.38962e-03 2.34588e-03 2.31664e-03 2.29904e-03 2.28815e-03 2.27824e-03 2.26581e-03 2.25275e-03 2.24353e-03 2.23855e-03 2.23576e-03 2.23520e-03 2.23800e-03 2.24475e-03 2.25493e-03 2.26589e-03 2.27211e-03 2.26655e-03 2.24338e-03 2.19992e-03 2.13641e-03 2.05124e-03 1.94115e-03 1.81092e-03 1.67443e-03 1.54833e-03 1.44600e-03 1.36976e-03 1.30618e-03 1.23515e-03 1.14861e-03 1.05573e-03 9.69816e-04 8.95776e-04 8.27265e-04 7.59224e-04 6.91855e-04 6.27582e-04 5.68609e-04 5.15832e-04 4.68705e-04 4.25851e-04 3.86211e-04 3.50168e-04 3.18935e-04 2.92651e-04 2.69103e-04 2.44731e-04 2.15938e-04 1.72873e-04 1.10151e-04 4.88420e-05 1.26238e-05 1.40598e-06 4.69956e-08 3.45576e-10
5.001908 4.76984e-02 5.03973e-02 3.46946e-02 3.26453e-02 3.24675e-02 3.07204e-02 2.83136e-02 2.68620e-02 2.60238e-02 2.51875e-02 2.42852e-02 2.29146e-02 2.10593e-02 1.95333e-02 1.85237e-02 1.79436e-02 1.77073e-02 1.76746e-02 1.76948e-02 1.76190e-02 1.73437e-02 1.67763e-02 1.59328e-02 1.50026e-02 1.41468e-02 1.33929e-02 1.27251e-02 1.20905e-02 1.14804e-02 1.09704e-02 1.05120e-02 1.00503e-02 9.62274e-03 9.25921e-03 8.94816e-03 8.68171e-03 8.47127e-03 8.31059e-03 8.17354e-03 8.03487e-03 7.93769e-03 7.89505e-03 7.80380e-03 7.66682e-03 7.59327e-03 7.54271e-03 7.38464e-03 7.11421e-03 6.78411e-03 6.44759e-03 6.15096e-03 5.92470e-03 5.73887e-03 5.57117e-03 5.40353e-03 5.22711e-03 5.04319e-03 4.85814e-03 4.67714e-03 4.50240e-03 4.33758e-03 4.18649e-03 4.03869e-03 3.87692e-03 3.70343e-03 3.52678e-03 3.34910e-03 3.17551e-03 3.01482e-03 2.87273e-03 2.75186e-03 2.65407e-03 2.57843e-03 2.52091e-03 2.47730e-03 2.44374e-03 2.41619e-03 2.39091e-03 2.36513e-03 2.33726e-03 2.30630e-03 2.27131e-03 2.23199e-03 2.18966e-03 2.14709e-03 2.10691e-03 2.07035e-03 2.03693e-03 2.00451e-03 1.96941e-03 1.92781e-03 1.87790e-03 1.82114e-03 1.76046e-03 1.69404e-03 1.61643e-03 1.53424e-03 1.46218e-03 1.39668e-03 1.32370e-03 1.24171e-03 1.16243e-03 1.09901e-03 1.05179e-03 1.00998e-03 9.63529e-04 9.09435e-04 8.49688e-04 7.87056e-04 7.22894e-04 6.57713e-04 5.91186e-04 5.22829e-04 4.54798e-04 3.91185e-04 3.34682e-04 2.85672e-04 2.43436e-04 2.06803e-04 1.74227e-04 1.44115e-04 1.14768e-04 8.36431e-05 4.93235e-05 1.89098e-05 3.50119e-06 2.11063e-07 2.27376e-09
5.252004 4.91864e-02 5.15733e-02 3.35462e-02 3.07384e-02 3.16867e-02 3.19204e-02 3.06090e-02 2.91366e-02 2.79493e-02 2.66581e-02 2.48436e-02 2.26143e-02 2.08129e-02 1.97401e-02 1.92128e-02 1.88801e-02 1.85826e-02 1.83313e-02 1.79881e-02 1.74739e-02 1.67581e-02 1.59743e-02 1.53603e-02 1.47749e-02 1.38955e-02 1.28575e-02 1.20576e-02 1.14487e-02 1.09597e-02 1.05738e-02 1.02625e-02 9.98371e-03 9.70981e-03 9.42557e-03 9.13185e-03 8.84865e-03 8.59301e-03 8.35405e-03 8.10364e-03 7.84118e-03 7.60764e-03 7.43652e-03 7.33149e-03 7.26021e-03 7.19661e-03 7.07035e-03 6.86410e-03 6.63716e-03 6.38373e-03 6.13147e-03 5.90705e-03 5.72008e-03 5.55945e-03 5.40134e-03 5.23066e-03 5.04193e-03 4.83452e-03 4.61670e-03 4.40298e-03 4.20411e-03 4.02621e-03 3.87385e-03 3.74807e-03 3.64125e-03 3.54416e-03 3.45827e-03 3.38625e-03 3.32520e-03 3.27116e-03 3.22059e-03 3.16950e-03 3.11294e-03 3.04684e-03 2.97049e-03 2.88626e-03 2.79715e-03 2.70589e-03 2.61544e-03 2.52830e-03 2.44573e-03 2.36774e-03 2.29331e-03 2.22067e-03 2.14810e-03 2.07493e-03 2.00148e-03 1.92845e-03 1.85703e-03 1.78944e-03 1.72859e-03 1.67676e-03 1.63405e-03 1.59662e-03 1.55725e-03 1.51018e-03 1.45564e-03 1.39703e-03 1.33368e-03 1.26523e-03 1.19953e-03 1.14461e-03 1.09725e-03 1.04975e-03 1.00109e-03 9.53413e-04 9.09178e-04 8.69477e-04 8.32103e-04 7.96144e-04 7.61816e-04 7.15762e-04 6.42536e-04 5.55597e-04 4.79008e-04 4.16336e-04 3.59783e-04 3.07004e-04 2.59248e-04 2.16535e-04 1.78055e-04 1.43191e-04 1.10901e-04 7.94386e-05 4.85055e-05 2.17668e-05 5.35263e-06 4.07200e-07 4.89421e-09
5.502099 4.92731e-02 5.27599e-02 3.44959e-02 3.15977e-02 3.17939e-02 3.15928e-02 3.14869e-02 3.09587e-02 2.95443e-02 2.74782e-02 2.50561e-02 2.31258e-02 2.20857e-02 2.16650e-02 2.14536e-02 2.11113e-02 2.03681e-02 1.90589e-02 1.74378e-02 1.59054e-02 1.48010e-02 1.40644e-02 1.34234e-02 1.29453e-02 1.25656e-02 1.21786e-02 1.17626e-02 1.13205e-02 1.08683e-02 1.04380e-02 1.00694e-02 9.81837e-03 9.69995e-03 9.60796e-03 9.39823e-03 9.05046e-03 8.64659e-03 8.25285e-03 7.92173e-03 7.66817e-03 7.42510e-03 7.23770e-03 7.16284e-03 7.01037e-03 6.75115e-03 6.52113e-03 6.30772e-03 6.11522e-03 6.01628e-03 5.94350e-03 5.81317e-03 5.61687e-03 5.39163e-03 5.18897e-03 5.00380e-03 4.81215e-03 4.60962e-03 4.40294e-03 4.20294e-03 4.02059e-03 3.86287e-03 3.73129e-03 3.62313e-03 3.53349e-03 3.45719e-03 3.39016e-03 3.32969e-03 3.27381e-03 3.22069e-03 3.16848e-03 3.11539e-03 3.06002e-03 3.00111e-03 2.93599e-03 2.86216e-03 2.78056e-03 2.69609e-03 2.61465e-03 2.53970e-03 2.47093e-03 2.40567e-03 2.34113e-03 2.27575e-03 2.20894e-03 2.14003e-03 2.06842e-03 1.99577e-03 1.92720e-03 1.86828e-03 1.82017e-03 1.78021e-03 1.74687e-03 1.71973e-03 1.69307e-03 1.65307e-03 1.58769e-03 1.49879e-03 1.40112e-03 1.31016e-03 1.23336e-03 1.16996e-03 1.11617e-03 1.06789e-03 1.01762e-03 9.57109e-04 8.85491e-04 8.11088e-04 7.47273e-04 6.97006e-04 6.44528e-04 5.77884e-04 4.98571e-04 4.16229e-04 3.46556e-04 2.94233e-04 2.49253e-04 2.06948e-04 1.69024e-04 1.36464e-04 1.08643e-04 8.45159e-05 6.31885e-05 4.40361e-05 2.69310e-05 1.26912e-05 3.36143e-06 2.62244e-07 2.98850e-09
5.752195 4.75232e-02 5.25724e-02 3.53047e-02 3.16742e-02 3.05726e-02 2.92704e-02 2.89509e-02 2.91047e-02 2.84144e-02 2.67739e-02 2.53342e-02 2.46492e-02 2.40296e-02 2.30103e-02 2.16059e-02 1.99851e-02 1.85272e-02 1.73726e-02 1.65154e-02 1.58514e-02 1.52907e-02 1.47628e-02 1.41213e-02 1.33848e-02 1.27232e-02 1.22603e-02 1.19424e-02 1.16633e-02 1.13851e-02 1.10930e-02 1.07576e-02 1.04008e-02 1.00778e-02 9.75680e-03 9.42076e-03 9.15591e-03 8.96876e-03 8.75491e-03 8.42451e-03 8.01292e-03 7.66234e-03 7.44588e-03 7.28967e-03 7.09069e-03 6.81606e-03 6.52637e-03 6.30151e-03 6.15707e-03 6.05857e-03 5.95577e-03 5.80619e-03 5.61888e-03 5.43730e-03 5.28362e-03 5.15198e-03 5.02301e-03 4.87638e-03 4.70055e-03 4.49783e-03 4.28342e-03 4.07748e-03 3.89508e-03 3.74231e-03 3.61846e-03 3.51893e-03 3.43690e-03 3.36506e-03 3.29783e-03 3.23252e-03 3.16875e-03 3.10632e-03 3.04427e-03 2.98277e-03 2.92356e-03 2.86673e-03 2.80938e-03 2.74864e-03 2.68421e-03 2.61749e-03 2.54943e-03 2.47969e-03 2.40841e-03 2.33919e-03 2.27747e-03 2.22448e-03 2.17521e-03 2.12351e-03 2.06684e-03 2.00584e-03 1.94212e-03 1.87812e-03 1.81719e-03 1.76062e-03 1.70421e-03 1.64136e-03 1.56997e-03 1.49542e-03 1.42598e-03 1.36367e-03 1.30210e-03 1.23283e-03 1.15468e-03 1.07340e-03 9.93624e-04 9.15191e-04 8.34748e-04 7.50370e-04 6.68222e-04 5.93483e-04 5.25443e-04 4.59723e-04 3.89792e-04 3.16773e-04 2.47917e-04 1.92491e-04 1.51048e-04 1.18551e-04 9.22740e-05 7.12311e-05 5.39955e-05 3.90138e-05 2.58457e-05 1.53532e-05 8.30596e-06 3.84159e-06 1.03506e-06 8.33947e-08 1.05845e-09
6.002290 4.39663e-02 4.95013e-02 3.33403e-02 2.91540e-02 2.75468e-02 2.59904e-02 2.54681e-02 2.57223e-02 2.54908e-02 2.45810e-02 2.36717e-02 2.29939e-02 2.25627e-02 2.23010e-02 2.18286e-02 2.08194e-02 1.95453e-02 1.84671e-02 1.76823e-02 1.67806e-02 1.54577e-02 1.41073e-02 1.32970e-02 1.31372e-02 1.34490e-02 1.38838e-02 1.39518e-02 1.34586e-02 1.26412e-02 1.17820e-02 1.10632e-02 1.05478e-02 1.02130e-02 1.00322e-02 9.92381e-03 9.78204e-03 9.56000e-03 9.24836e-03 8.84142e-03 8.37185e-03 7.91385e-03 7.50818e-03 7.17454e-03 6.93070e-03 6.78615e-03 6.73709e-03 6.75533e-03 6.79033e-03 6.77812e-03 6.68493e-03 6.53593e-03 6.37437e-03 6.22602e-03 6.09772e-03 5.98277e-03 5.86684e-03 5.73760e-03 5.59390e-03 5.43934e-03 5.26948e-03 5.07903e-03 4.87377e-03 4.66480e-03 4.45676e-03 4.25051e-03 4.05468e-03 3.88299e-03 3.73881e-03 3.61752e-03 3.51371e-03 3.42181e-03 3.33703e-03 3.25663e-03 3.17971e-03 3.10537e-03 3.03025e-03 2.94797e-03 2.85330e-03 2.74824e-03 2.64294e-03 2.54852e-03 2.46774e-03 2.39581e-03 2.32804e-03 2.26257e-03 2.19744e-03 2.12844e-03 2.05287e-03 1.97202e-03 1.88599e-03 1.79247e-03 1.69464e-03 1.60670e-03 1.54566e-03 1.50897e-03 1.47478e-03 1.42758e-03 1.37002e-03 1.30631e-03 1.23937e-03 1.17534e-03 1.11493e-03 1.05420e-03 9.89586e-04 9.17618e-04 8.34899e-04 7.43611e-04 6.54039e-04 5.75098e-04 5.10587e-04 4.53445e-04 3.96659e-04 3.39236e-04 2.82376e-04 2.27709e-04 1.77128e-04 1.31022e-04 8.85405e-05 5.26206e-05 2.96133e-05 1.86895e-05 1.30038e-05 8.06368e-06 3.20059e-06 7.07483e-07 1.33199e-07 1.54231e-08 3.30868e-10
6.252385 3.98839e-02 4.54568e-02 3.07843e-02 2.62395e-02 2.45354e-02 2.36775e-02 2.37233e-02 2.38960e-02 2.37854e-02 2.37872e-02 2.37073e-02 2.33885e-02 2.29822e-02 2.25190e-02 2.17703e-02 2.06117e-02 1.91389e-02 1.75398e-02 1.61854e-02 1.52943e-02 1.49402e-02 1.50116e-02 1.50987e-02 1.48733e-02 1.43475e-02 1.36641e-02 1.29200e-02 1.23102e-02 1.19464e-02 1.17491e-02 1.15623e-02 1.12512e-02 1.08082e-02 1.03449e-02 9.95930e-03 9.65807e-03 9.39389e-03 9.12901e-03 8.83800e-03 8.50995e-03 8.16276e-03 7.83762e-03 7.58304e-03 7.42364e-03 7.34498e-03 7.31772e-03 7.33457e-03 7.42820e-03 7.61284e-03 7.75810e-03 7.70950e-03 7.50489e-03 7.26501e-03 7.05585e-03 6.89072e-03 6.76442e-03 6.66551e-03 6.56723e-03 6.44089e-03 6.27126e-03 6.05963e-03 5.82422e-03 5.58781e-03 5.35347e-03 5.10608e-03 4.84973e-03 4.61175e-03 4.40566e-03 4.22524e-03 4.06034e-03 3.90373e-03 3.75139e-03 3.60156e-03 3.45336e-03 3.30637e-03 3.16374e-03 3.03268e-03 2.91881e-03 2.82308e-03 2.74088e-03 2.66500e-03 2.58836e-03 2.50405e-03 2.40712e-03 2.29897e-03 2.18866e-03 2.08447e-03 1.98463e-03 1.88159e-03 1.77211e-03 1.66101e-03 1.56505e-03 1.50024e-03 1.46011e-03 1.43055e-03 1.39325e-03 1.33321e-03 1.25606e-03 1.18152e-03 1.11997e-03 1.06687e-03 1.01584e-03 9.62952e-04 9.04844e-04 8.39154e-04 7.67068e-04 6.97291e-04 6.38210e-04 5.83409e-04 5.30358e-04 4.80473e-04 4.30608e-04 3.80102e-04 3.30828e-04 2.84587e-04 2.41247e-04 1.99987e-04 1.60329e-04 1.20401e-04 7.90662e-05 4.19429e-05 1.73610e-05 6.35815e-06 2.63355e-06 1.03326e-06 2.20238e-07 1.71657e-08 2.82061e-10
6.502481 3.56231e-02 4.15870e-02 2.88724e-02 2.46648e-02 2.37476e-02 2.34447e-02 2.31369e-02 2.31503e-02 2.38057e-02 2.44079e-02 2.44692e-02 2.39158e-02 2.29120e-02 2.15692e-02 2.01975e-02 1.91502e-02 1.82954e-02 1.76059e-02 1.71471e-02 1.66345e-02 1.59777e-02 1.52595e-02 1.45045e-02 1.37700e-02 1.31578e-02 1.26423e-02 1.20981e-02 1.15049e-02 1.09787e-02 1.06324e-02 1.04720e-02 1.04444e-02 1.04961e-02 1.05685e-02 1.06011e-02 1.05432e-02 1.03522e-02 1.00027e-02 9.54313e-03 9.08534e-03 8.69972e-03 8.39301e-03 8.16576e-03 8.01833e-03 7.93424e-03 7.90165e-03 7.91657e-03 7.99142e-03 8.18130e-03 8.53335e-03 8.89551e-03 8.94114e-03 8.60365e-03 8.14934e-03 7.79864e-03 7.56085e-03 7.36425e-03 7.16713e-03 6.95151e-03 6.70962e-03 6.44803e-03 6.18989e-03 5.94930e-03 5.72773e-03 5.52033e-03 5.31660e-03 5.11256e-03 4.91487e-03 4.72850e-03 4.54784e-03 4.36348e-03 4.17209e-03 3.97651e-03 3.78178e-03 3.59219e-03 3.41304e-03 3.24997e-03 3.10280e-03 2.97161e-03 2.85549e-03 2.74900e-03 2.64188e-03 2.52359e-03 2.39154e-03 2.25061e-03 2.10589e-03 1.96061e-03 1.81807e-03 1.68157e-03 1.55302e-03 1.43997e-03 1.35510e-03 1.28973e-03 1.23014e-03 1.17269e-03 1.11603e-03 1.06095e-03 1.01179e-03 9.77199e-04 9.46506e-04 9.04684e-04 8.55907e-04 8.08242e-04 7.62782e-04 7.17657e-04 6.72740e-04 6.29964e-04 5.89721e-04 5.49390e-04 5.06799e-04 4.62014e-04 4.16013e-04 3.70113e-04 3.26585e-04 2.87437e-04 2.52070e-04 2.17895e-04 1.83398e-04 1.49299e-04 1.15978e-04 8.20761e-05 4.88080e-05 2.22450e-05 7.09385e-06 1.45494e-06 1.82148e-07 1.33386e-08 2.61159e-10
6.752576 3.07649e-02 3.73817e-02 2.73682e-02 2.38273e-02 2.26117e-02 2.21076e-02 2.25232e-02 2.36370e-02 2.40762e-02 2.38512e-02 2.34437e-02 2.28262e-02 2.21589e-02 2.14038e-02 2.03379e-02 1.91966e-02 1.84269e-02 1.79619e-02 1.74958e-02 1.68584e-02 1.62418e-02 1.58143e-02 1.54589e-02 1.49283e-02 1.40100e-02 1.27646e-02 1.16348e-02 1.09706e-02 1.07089e-02 1.06362e-02 1.06239e-02 1.06108e-02 1.05788e-02 1.05518e-02 1.05001e-02 1.03576e-02 1.02090e-02 1.01496e-02 1.00809e-02 9.86576e-03 9.52263e-03 9.18873e-03 8.98118e-03 8.92663e-03 8.94099e-03 8.90080e-03 8.76687e-03 8.57857e-03 8.39762e-03 8.31194e-03 8.41084e-03 8.64514e-03 8.80410e-03 8.70925e-03 8.38264e-03 8.01581e-03 7.73883e-03 7.50879e-03 7.26261e-03 7.00381e-03 6.75654e-03 6.52925e-03 6.31179e-03 6.09240e-03 5.87224e-03 5.66085e-03 5.46326e-03 5.27664e-03 5.09587e-03 4.91618e-03 4.73430e-03 4.54947e-03 4.36324e-03 4.17647e-03 3.98440e-03 3.78868e-03 3.60205e-03 3.42604e-03 3.25648e-03 3.08875e-03 2.91694e-03 2.73463e-03 2.53896e-03 2.33503e-03 2.13478e-03 1.95022e-03 1.78630e-03 1.63983e-03 1.50376e-03 1.37401e-03 1.25750e-03 1.16340e-03 1.08461e-03 1.01220e-03 9.45686e-04 8.85571e-04 8.32833e-04 7.88492e-04 7.51201e-04 7.19478e-04 6.93729e-04 6.74152e-04 6.56370e-04 6.34061e-04 6.06786e-04 5.78510e-04 5.51082e-04 5.23338e-04 4.93746e-04 4.61587e-04 4.26561e-04 3.88932e-04 3.50415e-04 3.13600e-04 2.79857e-04 2.48425e-04 2.17515e-04 1.85809e-04 1.53107e-04 1.20075e-04 8.75393e-05 5.65066e-05 2.96895e-05 1.13664e-05 2.81432e-06 4.01486e-07 2.85164e-08 4.72321e-10
7.002672 2.68684e-02 3.38401e-02 2.55814e-02 2.25118e-02 2.18012e-02 2.14547e-02 2.12299e-02 2.16775e-02 2.25352e-02 2.32424e-02 2.34640e-02 2.31378e-02 2.23428e-02 2.11989e-02 2.01256e-02 1.95441e-02 1.94091e-02 1.91435e-02 1.84376e-02 1.76215e-02 1.71694e-02 1.72351e-02 1.71783e-02 1.61066e-02 1.42862e-02 1.27286e-02 1.18693e-02 1.15956e-02 1.16554e-02 1.17028e-02 1.15469e-02 1.12581e-02 1.09066e-02 1.05000e-02 1.01238e-02 9.89103e-03 9.81680e-03 9.88884e-03 1.00527e-02 1.01542e-02 1.00631e-02 9.77299e-03 9.37263e-03 9.00017e-03 8.75007e-03 8.60844e-03 8.48270e-03 8.32422e-03 8.18784e-03 8.08735e-03 8.00365e-03 7.96121e-03 8.01030e-03 8.14153e-03 8.23656e-03 8.17589e-03 7.94848e-03 7.63925e-03 7.35919e-03 7.11808e-03 6.85196e-03 6.55790e-03 6.28382e-03 6.06563e-03 5.90962e-03 5.79319e-03 5.68078e-03 5.54974e-03 5.39750e-03 5.22521e-03 5.03014e-03 4.81618e-03 4.60715e-03 4.41199e-03 4.20317e-03 3.99341e-03 3.81134e-03 3.64964e-03 3.49502e-03 3.33951e-03 3.17584e-03 2.99639e-03 2.79513e-03 2.57117e-03 2.33535e-03 2.10978e-03 1.91203e-03 1.74381e-03 1.59729e-03 1.46318e-03 1.33985e-03 1.23411e-03 1.14638e-03 1.07063e-03 1.00320e-03 9.43621e-04 8.91902e-04 8.46744e-04 8.05734e-04 7.66440e-04 7.27425e-04 6.88427e-04 6.49893e-04 6.12333e-04 5.75654e-04 5.39526e-04 5.04517e-04 4.71525e-04 4.40354e-04 4.09894e-04 3.79501e-04 3.49849e-04 3.22411e-04 2.98123e-04 2.76433e-04 2.55415e-04 2.32631e-04 2.06265e-04 1.75949e-04 1.42555e-04 1.07427e-04 7.23331e-05 4.04505e-05 1.67650e-05 4.48052e-06 7.01046e-07 6.10813e-08 1.22505e-09
7.252767 2.37677e-02 3.07121e-02 2.41870e-02 2.20001e-02 2.08723e-02 2.01280e-02 2.04948e-02 2.18436e-02 2.32878e-02 2.40876e-02 2.40057e-02 2.32723e-02 2.24250e-02 2.19192e-02 2.16514e-02 2.11125e-02 2.00976e-02 1.89775e-02 1.81210e-02 1.75792e-02 1.73650e-02 1.74532e-02 1.73787e-02 1.66297e-02 1.54759e-02 1.44553e-02 1.36890e-02 1.30555e-02 1.24193e-02 1.18183e-02 1.13687e-02 1.10774e-02 1.09073e-02 1.08480e-02 1.07946e-02 1.05534e-02 1.00540e-02 9.55047e-03 9.25904e-03 9.01438e-03 8.77066e-03 8.56631e-03 8.40201e-03 8.28090e-03 8.22286e-03 8.23487e-03 8.27288e-03 8.23108e-03 8.10439e-03 7.97282e-03 7.83332e-03 7.67120e-03 7.51310e-03 7.37877e-03 7.27335e-03 7.22433e-03 7.24251e-03 7.26921e-03 7.21848e-03 7.05888e-03 6.82710e-03 6.59062e-03 6.38572e-03 6.18480e-03 5.97150e-03 5.78486e-03 5.66061e-03 5.58058e-03 5.48541e-03 5.33112e-03 5.12664e-03 4.90753e-03 4.69461e-03 4.48594e-03 4.27515e-03 4.07869e-03 3.91962e-03 3.78915e-03 3.67267e-03 3.56917e-03 3.47359e-03 3.36532e-03 3.21867e-03 3.02025e-03 2.77608e-03 2.51210e-03 2.26586e-03 2.06191e-03 1.89931e-03 1.76824e-03 1.66096e-03 1.56778e-03 1.47804e-03 1.38579e-03 1.28857e-03 1.18459e-03 1.07687e-03 9.73633e-04 8.82052e-04 8.04692e-04 7.40903e-04 6.89075e-04 6.47511e-04 6.14244e-04 5.86578e-04 5.60791e-04 5.32803e-04 4.99978e-04 4.62450e-04 4.22509e-04 3.82875e-04 3.45634e-04 3.12089e-04 2.82710e-04 2.57106e-04 2.34547e-04 2.14105e-04 1.93854e-04 1.70968e-04 1.43647e-04 1.12279e-04 7.89210e-05 4.71089e-05 2.17446e-05 6.74908e-06 1.21302e-06 1.14655e-07 2.47076e-09
7.502862 2.12989e-02 2.81292e-02 2.29271e-02 2.11294e-02 2.02993e-02 2.06599e-02 2.21801e-02 2.37388e-02 2.44357e-02 2.42611e-02 2.37641e-02 2.33328e-02 2.29112e-02 2.23309e-02 2.14718e-02 2.04406e-02 1.94898e-02 1.86622e-02 1.80800e-02 1.78944e-02 1.79297e-02 1.78891e-02 1.76789e-02 1.73196e-02 1.68058e-02 1.61141e-02 1.51791e-02 1.40944e-02 1.30566e-02 1.22126e-02 1.16385e-02 1.12477e-02 1.08659e-02 1.04354e-02 9.96400e-03 9.56140e-03 9.23666e-03 8.91388e-03 8.58612e-03 8.27900e-03 8.02152e-03 7.83659e-03 7.73614e-03 7.71616e-03 7.75351e-03 7.81600e-03 7.87394e-03 7.90286e-03 7.87559e-03 7.77546e-03 7.64045e-03 7.50467e-03 7.36947e-03 7.24152e-03 7.12551e-03 7.01924e-03 6.92279e-03 6.83910e-03 6.76661e-03 6.69698e-03 6.61895e-03 6.52388e-03 6.40340e-03 6.25040e-03 6.07469e-03 5.90016e-03 5.74313e-03 5.60196e-03 5.46484e-03 5.32447e-03 5.17343e-03 4.98973e-03 4.75805e-03 4.50690e-03 4.28582e-03 4.11796e-03 3.99600e-03 3.90143e-03 3.81488e-03 3.71794e-03 3.61183e-03 3.51111e-03 3.40219e-03 3.24469e-03 3.00940e-03 2.71124e-03 2.41020e-03 2.16636e-03 2.00341e-03 1.90903e-03 1.85367e-03 1.80904e-03 1.75498e-03 1.68478e-03 1.60059e-03 1.51480e-03 1.44081e-03 1.36631e-03 1.26777e-03 1.14994e-03 1.03511e-03 9.32969e-04 8.41663e-04 7.58638e-04 6.83202e-04 6.14936e-04 5.53267e-04 4.98297e-04 4.50543e-04 4.09668e-04 3.74405e-04 3.43280e-04 3.14885e-04 2.88055e-04 2.62035e-04 2.36375e-04 2.10719e-04 1.84869e-04 1.58627e-04 1.31276e-04 1.02201e-04 7.20441e-05 4.34526e-05 2.07524e-05 7.08014e-06 1.50833e-06 1.66693e-07 3.91516e-09
7.752958 2.01247e-02 2.68440e-02 2.20828e-02 2.09874e-02 2.18123e-02 2.31457e-02 2.37990e-02 2.37219e-02 2.32962e-02 2.28132e-02 2.24520e-02 2.22675e-02 2.20889e-02 2.16994e-02 2.10204e-02 2.00562e-02 1.90561e-02 1.83368e-02 1.77716e-02 1.72272e-02 1.68343e-02 1.66554e-02 1.66448e-02 1.66822e-02 1.65698e-02 1.61776e-02 1.55421e-02 1.47173e-02 1.36592e-02 1.26321e-02 1.18833e-02 1.14388e-02 1.11190e-02 1.07626e-02 1.02645e-02 9.71197e-03 9.24159e-03 8.84565e-03 8.50996e-03 8.23038e-03 8.01235e-03 7.86441e-03 7.77861e-03 7.72830e-03 7.68335e-03 7.63478e-03 7.59453e-03 7.58210e-03 7.60856e-03 7.65812e-03 7.68790e-03 7.66026e-03 7.59874e-03 7.55119e-03 7.50563e-03 7.42687e-03 7.30783e-03 7.16263e-03 7.00702e-03 6.85168e-03 6.70464e-03 6.56814e-03 6.43763e-03 6.30341e-03 6.15510e-03 6.00320e-03 5.87802e-03 5.77805e-03 5.66307e-03 5.50008e-03 5.28430e-03 5.04100e-03 4.80865e-03 4.61242e-03 4.46142e-03 4.34784e-03 4.24329e-03 4.11771e-03 3.99032e-03 3.90418e-03 3.82201e-03 3.70938e-03 3.56681e-03 3.37719e-03 3.10400e-03 2.74642e-03 2.41485e-03 2.22498e-03 2.13800e-03 2.08841e-03 2.05053e-03 2.00382e-03 1.93357e-03 1.82695e-03 1.68461e-03 1.54167e-03 1.42933e-03 1.34238e-03 1.26766e-03 1.19967e-03 1.12841e-03 1.04365e-03 9.52682e-04 8.67436e-04 7.91659e-04 7.24900e-04 6.64677e-04 6.08653e-04 5.55736e-04 5.05770e-04 4.59085e-04 4.16006e-04 3.76537e-04 3.40372e-04 3.07094e-04 2.76200e-04 2.46824e-04 2.17480e-04 1.86349e-04 1.52291e-04 1.15848e-04 7.93732e-05 4.66458e-05 2.18940e-05 7.43851e-06 1.61987e-06 1.87447e-07 4.57176e-09
8.003053 2.06930e-02 2.74767e-02 2.26336e-02 2.24669e-02 2.38185e-02 2.45708e-02 2.40551e-02 2.27968e-02 2.17016e-02 2.13236e-02 2.15602e-02 2.19070e-02 2.18084e-02 2.08470e-02 1.93390e-02 1.80024e-02 1.70587e-02 1.63284e-02 1.57688e-02 1.54899e-02 1.54638e-02 1.54796e-02 1.54421e-02 1.53168e-02 1.50336e-02 1.46401e-02 1.42389e-02 1.38137e-02 1.33549e-02 1.29336e-02 1.25471e-02 1.21744e-02 1.18498e-02 1.15336e-02 1.11342e-02 1.07110e-02 1.03177e-02 9.91041e-03 9.49052e-03 9.09506e-03 8.76802e-03 8.50739e-03 8.28536e-03 8.09894e-03 7.95217e-03 7.84487e-03 7.79394e-03 7.80915e-03 7.84276e-03 7.84550e-03 7.84465e-03 7.87527e-03 7.90561e-03 7.85705e-03 7.70685e-03 7.56042e-03 7.50659e-03 7.51018e-03 7.51982e-03 7.52899e-03 7.53406e-03 7.50596e-03 7.39784e-03 7.19920e-03 6.94741e-03 6.66554e-03 6.36280e-03 6.04583e-03 5.72706e-03 5.43472e-03 5.17778e-03 4.93267e-03 4.72805e-03 4.61317e-03 4.51720e-03 4.42371e-03 4.34149e-03 4.23592e-03 4.10802e-03 3.96595e-03 3.81256e-03 3.64818e-03 3.47422e-03 3.29642e-03 3.11229e-03 2.90936e-03 2.68957e-03 2.46769e-03 2.25499e-03 2.07778e-03 1.96387e-03 1.88911e-03 1.82256e-03 1.75437e-03 1.67144e-03 1.55977e-03 1.42360e-03 1.29104e-03 1.17931e-03 1.08236e-03 9.95589e-04 9.21565e-04 8.55523e-04 7.90244e-04 7.27197e-04 6.70993e-04 6.22181e-04 5.79419e-04 5.41352e-04 5.07159e-04 4.76429e-04 4.48565e-04 4.22689e-04 3.97924e-04 3.73438e-04 3.48075e-04 3.19938e-04 2.86435e-04 2.45476e-04 1.97500e-04 1.46218e-04 9.71858e-05 5.58777e-05 2.61344e-05 8.92923e-06 1.89232e-06 2.03452e-07 4.78040e-09
8.253149 2.27674e-02 3.03817e-02 2.47941e-02 2.47551e-02 2.58935e-02 2.54263e-02 2.36853e-02 2.21594e-02 2.13581e-02 2.08605e-02 2.04963e-02 2.01712e-02 1.94415e-02 1.84242e-02 1.75513e-02 1.67195e-02 1.58908e-02 1.51798e-02 1.45846e-02 1.41007e-02 1.37945e-02 1.36261e-02 1.34931e-02 1.33298e-02 1.31322e-02 1.29774e-02 1.29041e-02 1.28329e-02 1.26695e-02 1.24612e-02 1.22757e-02 1.21602e-02 1.21167e-02 1.19860e-02 1.17369e-02 1.14745e-02 1.11734e-02 1.07929e-02 1.03598e-02 9.94661e-03 9.60112e-03 9.31849e-03 9.07755e-03 8.87089e-03 8.70677e-03 8.59497e-03 8.54336e-03 8.55047e-03 8.58313e-03 8.55103e-03 8.38354e-03 8.16233e-03 7.99330e-03 7.88650e-03 7.83024e-03 7.80497e-03 7.81016e-03 7.86366e-03 7.91864e-03 7.93831e-03 7.94706e-03 7.94542e-03 7.89338e-03 7.75415e-03 7.52188e-03 7.17617e-03 6.70462e-03 6.21077e-03 5.84780e-03 5.61427e-03 5.41501e-03 5.19484e-03 4.95647e-03 4.72515e-03 4.51765e-03 4.33303e-03 4.16357e-03 4.00817e-03 3.87195e-03 3.75619e-03 3.65170e-03 3.54463e-03 3.42299e-03 3.28048e-03 3.11941e-03 2.94422e-03 2.75366e-03 2.55829e-03 2.38101e-03 2.21240e-03 2.03175e-03 1.84580e-03 1.70166e-03 1.62107e-03 1.56654e-03 1.50984e-03 1.43606e-03 1.33889e-03 1.22915e-03 1.12370e-03 1.03359e-03 9.58021e-04 8.86946e-04 8.13912e-04 7.41075e-04 6.74115e-04 6.16742e-04 5.68734e-04 5.27831e-04 4.92094e-04 4.60751e-04 4.33623e-04 4.10503e-04 3.90873e-04 3.73779e-04 3.57959e-04 3.41092e-04 3.17881e-04 2.81696e-04 2.30579e-04 1.70231e-04 1.10800e-04 6.18115e-05 2.82751e-05 9.67714e-06 2.08193e-06 2.18686e-07 4.99477e-09
8.503244 2.56467e-02 3.50391e-02 2.87234e-02 2.79177e-02 2.74956e-02 2.53764e-02 2.27968e-02 2.09430e-02 2.01810e-02 2.03666e-02 2.05328e-02 1.97126e-02 1.82152e-02 1.68929e-02 1.59759e-02 1.52764e-02 1.46453e-02 1.40684e-02 1.35626e-02 1.31433e-02 1.28978e-02 1.27973e-02 1.26715e-02 1.24144e-02 1.20718e-02 1.18625e-02 1.17541e-02 1.16926e-02 1.16849e-02 1.16666e-02 1.15927e-02 1.14785e-02 1.13565e-02 1.13140e-02 1.13476e-02 1.13682e-02 1.13168e-02 1.11808e-02 1.09671e-02 1.06945e-02 1.03844e-02 1.00318e-02 9.60824e-03 9.14801e-03 8.77096e-03 8.63803e-03 8.77977e-03 8.92814e-03 8.91545e-03 8.77914e-03 8.59420e-03 8.45728e-03 8.37828e-03 8.33645e-03 8.32837e-03 8.33575e-03 8.35382e-03 8.38415e-03 8.35157e-03 8.17121e-03 7.84783e-03 7.50652e-03 7.29308e-03 7.16974e-03 7.02696e-03 6.83402e-03 6.60872e-03 6.37001e-03 6.12238e-03 5.86072e-03 5.59147e-03 5.33380e-03 5.09527e-03 4.87041e-03 4.66041e-03 4.47393e-03 4.30810e-03 4.14636e-03 3.97821e-03 3.80749e-03 3.64019e-03 3.47883e-03 3.33107e-03 3.19943e-03 3.07400e-03 2.94759e-03 2.81741e-03 2.68408e-03 2.54955e-03 2.41363e-03 2.27284e-03 2.12122e-03 1.95344e-03 1.77562e-03 1.61292e-03 1.49141e-03 1.41145e-03 1.35077e-03 1.29171e-03 1.22529e-03 1.14557e-03 1.05840e-03 9.78803e-04 9.12342e-04 8.47161e-04 7.72384e-04 6.93901e-04 6.23481e-04 5.66278e-04 5.20727e-04 4.82701e-04 4.49694e-04 4.20889e-04 3.95955e-04 3.74468e-04 3.55360e-04 3.36224e-04 3.12237e-04 2.77263e-04 2.28851e-04 1.70899e-04 1.11819e-04 6.15557e-05 2.71493e-05 8.90311e-06 1.90910e-06 2.18027e-07 5.20692e-09
8.753340 2.91089e-02 4.09638e-02 3.37626e-02 3.01525e-02 2.60852e-02 2.21551e-02 2.04115e-02 2.06634e-02 2.10217e-02 2.03703e-02 1.90437e-02 1.77265e-02 1.67250e-02 1.60531e-02 1.56138e-02 1.52155e-02 1.47310e-02 1.42099e-02 1.36739e-02 1.30898e-02 1.25208e-02 1.21605e-02 1.20451e-02 1.19935e-02 1.19112e-02 1.18343e-02 1.17526e-02 1.16503e-02 1.15600e-02 1.14878e-02 1.13755e-02 1.12082e-02 1.10769e-02 1.11027e-02 1.12051e-02 1.11485e-02 1.08676e-02 1.04839e-02 1.00870e-02 9.70406e-03 9.36562e-03 9.12254e-03 9.00847e-03 8.97097e-03 8.92513e-03 8.86768e-03 8.81313e-03 8.75430e-03 8.69901e-03 8.65102e-03 8.62549e-03 8.62154e-03 8.57110e-03 8.44557e-03 8.31799e-03 8.22011e-03 8.11247e-03 7.97166e-03 7.79193e-03 7.57940e-03 7.35968e-03 7.15461e-03 6.96432e-03 6.77946e-03 6.59705e-03 6.42090e-03 6.25314e-03 6.08902e-03 5.92051e-03 5.74266e-03 5.55438e-03 5.36031e-03 5.17135e-03 4.99361e-03 4.82197e-03 4.65044e-03 4.48474e-03 4.33577e-03 4.20431e-03 4.08422e-03 3.97291e-03 3.86811e-03 3.76006e-03 3.63587e-03 3.49317e-03 3.34217e-03 3.19371e-03 3.05213e-03 2.91753e-03 2.78861e-03 2.66324e-03 2.53836e-03 2.41004e-03 2.27437e-03 2.12953e-03 1.97754e-03 1.82272e-03 1.66960e-03 1.52509e-03 1.39873e-03 1.29519e-03 1.20892e-03 1.13166e-03 1.05807e-03 9.83214e-04 9.07512e-04 8.38501e-04 7.71418e-04 6.89656e-04 6.00039e-04 5.23454e-04 4.63833e-04 4.15075e-04 3.73842e-04 3.39916e-04 3.13266e-04 2.91623e-04 2.69280e-04 2.39057e-04 1.97219e-04 1.46461e-04 9.48367e-05 5.17151e-05 2.27495e-05 7.55440e-06 1.70479e-06 2.11507e-07 5.22968e-09
9.003435 3.38032e-02 4.69694e-02 3.60532e-02 2.73451e-02 2.16954e-02 2.03621e-02 2.09040e-02 2.12266e-02 2.09279e-02 2.01775e-02 1.92117e-02 1.82242e-02 1.73981e-02 1.68392e-02 1.63234e-02 1.54531e-02 1.43506e-02 1.35214e-02 1.30944e-02 1.29846e-02 1.30567e-02 1.30682e-02 1.29179e-02 1.26736e-02 1.24073e-02 1.21273e-02 1.18190e-02 1.14619e-02 1.10250e-02 1.05409e-02 1.01158e-02 9.74417e-03 9.38211e-03 9.14526e-03 9.18421e-03 9.41749e-03 9.63071e-03 9.72267e-03 9.72019e-03 9.66082e-03 9.56594e-03 9.46688e-03 9.37819e-03 9.29100e-03 9.20220e-03 9.11485e-03 9.01989e-03 8.89860e-03 8.74491e-03 8.56991e-03 8.38482e-03 8.19409e-03 8.00478e-03 7.83034e-03 7.67226e-03 7.51597e-03 7.35084e-03 7.17593e-03 6.99464e-03 6.81256e-03 6.63288e-03 6.45265e-03 6.26675e-03 6.07655e-03 5.89411e-03 5.73392e-03 5.59932e-03 5.48303e-03 5.38178e-03 5.29856e-03 5.23130e-03 5.17237e-03 5.11574e-03 5.05881e-03 5.00006e-03 4.93713e-03 4.86671e-03 4.78588e-03 4.69352e-03 4.59053e-03 4.47954e-03 4.36420e-03 4.24734e-03 4.12904e-03 4.00740e-03 3.88181e-03 3.75542e-03 3.63151e-03 3.50652e-03 3.37477e-03 3.24042e-03 3.11250e-03 2.99369e-03 2.87934e-03 2.76046e-03 2.62801e-03 2.47725e-03 2.30886e-03 2.12741e-03 1.93917e-03 1.75129e-03 1.57216e-03 1.41055e-03 1.27080e-03 1.14958e-03 1.04108e-03 9.42718e-04 8.51771e-04 7.64489e-04 6.82807e-04 6.05861e-04 5.25661e-04 4.47266e-04 3.80548e-04 3.25208e-04 2.78615e-04 2.40213e-04 2.08134e-04 1.77947e-04 1.44930e-04 1.07506e-04 6.92214e-05 3.71244e-05 1.61504e-05 5.53555e-06 1.36733e-06 1.86156e-07 4.81288e-09
9.253530 3.79015e-02 4.99015e-02 3.44489e-02 2.56452e-02 2.22576e-02 2.15283e-02 2.17020e-02 2.21702e-02 2.24479e-02 2.19763e-02 2.07132e-02 1.93358e-02 1.80308e-02 1.66813e-02 1.57490e-02 1.50146e-02 1.43880e-02 1.39048e-02 1.35195e-02 1.31352e-02 1.26884e-02 1.21441e-02 1.14991e-02 1.08792e-02 1.04260e-02 1.01565e-02 9.97914e-03 9.78423e-03 9.58504e-03 9.43743e-03 9.36477e-03 9.34836e-03 9.33685e-03 9.28549e-03 9.23363e-03 9.32084e-03 9.57958e-03 9.86086e-03 1.00317e-02 1.00577e-02 9.96529e-03 9.80503e-03 9.61559e-03 9.39624e-03 9.11959e-03 8.78660e-03 8.45201e-03 8.15964e-03 7.91130e-03 7.69780e-03 7.50523e-03 7.31738e-03 7.12438e-03 6.92445e-03 6.72648e-03 6.54685e-03 6.39133e-03 6.25246e-03 6.12443e-03 6.00890e-03 5.91050e-03 5.83146e-03 5.76948e-03 5.72008e-03 5.67936e-03 5.64450e-03 5.61327e-03 5.58391e-03 5.55527e-03 5.52668e-03 5.49759e-03 5.46750e-03 5.43661e-03 5.40400e-03 5.36528e-03 5.31790e-03 5.26440e-03 5.20747e-03 5.14670e-03 5.07967e-03 5.00376e-03 4.91662e-03 4.81659e-03 4.70447e-03 4.58359e-03 4.45701e-03 4.32604e-03 4.19193e-03 4.05752e-03 3.92555e-03 3.79541e-03 3.66256e-03 3.52088e-03 3.36480e-03 3.19063e-03 2.99951e-03 2.79768e-03 2.59275e-03 2.39027e-03 2.19172e-03 1.99545e-03 1.79912e-03 1.60228e-03 1.41150e-03 1.24211e-03 1.10404e-03 9.89724e-04 8.88009e-04 7.96088e-04 7.12571e-04 6.33128e-04 5.56823e-04 4.86029e-04 4.18602e-04 3.53963e-04 2.96018e-04 2.45935e-04 2.01609e-04 1.61034e-04 1.22935e-04 8.70722e-05 5.50341e-05 2.96442e-05 1.30010e-05 4.45361e-06 1.09363e-06 1.47763e-07 3.86075e-09
9.503626 3.86338e-02 4.96047e-02 3.48915e-02 2.77562e-02 2.49124e-02 2.37837e-02 2.36596e-02 2.37563e-02 2.32759e-02 2.23885e-02 2.10015e-02 1.94960e-02 1.82018e-02 1.70821e-02 1.59805e-02 1.48902e-02 1.38329e-02 1.29203e-02 1.23086e-02 1.19744e-02 1.17981e-02 1.16260e-02 1.13999e-02 1.11520e-02 1.08871e-02 1.06095e-02 1.03395e-02 1.01009e-02 9.88943e-03 9.67579e-03 9.43763e-03 9.18329e-03 8.94128e-03 8.73101e-03 8.54493e-03 8.35853e-03 8.17677e-03 8.06077e-03 8.05874e-03 8.13996e-03 8.24128e-03 8.31146e-03 8.31671e-03 8.26047e-03 8.16735e-03 8.02018e-03 7.78577e-03 7.49842e-03 7.23981e-03 7.04647e-03 6.90544e-03 6.80158e-03 6.71672e-03 6.62835e-03 6.52679e-03 6.41834e-03 6.31347e-03 6.21873e-03 6.13590e-03 6.06417e-03 6.00220e-03 5.94888e-03 5.90309e-03 5.86385e-03 5.83111e-03 5.80628e-03 5.79114e-03 5.78589e-03 5.78841e-03 5.79491e-03 5.80007e-03 5.79701e-03 5.77879e-03 5.74088e-03 5.68288e-03 5.60893e-03 5.52696e-03 5.44638e-03 5.37324e-03 5.30678e-03 5.24215e-03 5.17472e-03 5.09983e-03 5.01223e-03 4.90859e-03 4.78966e-03 4.65959e-03 4.52292e-03 4.38188e-03 4.23617e-03 4.08467e-03 3.92682e-03 3.76268e-03 3.59222e-03 3.41472e-03 3.22933e-03 3.03678e-03 2.84009e-03 2.64268e-03 2.44608e-03 2.24974e-03 2.05271e-03 1.85498e-03 1.65483e-03 1.44578e-03 1.22855e-03 1.02955e-03 8.76637e-04 7.61240e-04 6.67202e-04 5.89639e-04 5.23199e-04 4.60914e-04 4.00776e-04 3.44547e-04 2.91769e-04 2.41926e-04 1.96822e-04 1.56992e-04 1.20393e-04 8.58686e-05 5.49797e-05 3.03899e-05 1.37704e-05 4.70963e-06 1.05145e-06 1.20203e-07 2.86724e-09
9.753721 3.65212e-02 4.79399e-02 3.52940e-02 2.96411e-02 2.62336e-02 2.44142e-02 2.44324e-02 2.35471e-02 2.21770e-02 2.17781e-02 2.17686e-02 2.12772e-02 1.99175e-02 1.82157e-02 1.69544e-02 1.61729e-02 1.56529e-02 1.53463e-02 1.50000e-02 1.42978e-02 1.34242e-02 1.27027e-02 1.20991e-02 1.15019e-02 1.09059e-02 1.03567e-02 9.89239e-03 9.49229e-03 9.09462e-03 8.69010e-03 8.30937e-03 7.95089e-03 7.60488e-03 7.28954e-03 7.05807e-03 6.91606e-03 6.81915e-03 6.71788e-03 6.58785e-03 6.46595e-03 6.42081e-03 6.46882e-03 6.58951e-03 6.77290e-03 6.98301e-03 7.15895e-03 7.27284e-03 7.33191e-03 7.33675e-03 7.27078e-03 7.12734e-03 6.93702e-03 6.75602e-03 6.62297e-03 6.53917e-03 6.48745e-03 6.44864e-03 6.40581e-03 6.35134e-03 6.28998e-03 6.23127e-03 6.18097e-03 6.13951e-03 6.10418e-03 6.07105e-03 6.03582e-03 5.99502e-03 5.94740e-03 5.89389e-03 5.83600e-03 5.77452e-03 5.70948e-03 5.64117e-03 5.57182e-03 5.50732e-03 5.45525e-03 5.41806e-03 5.39009e-03 5.36536e-03 5.34300e-03 5.32016e-03 5.28683e-03 5.23082e-03 5.14435e-03 5.02608e-03 4.88037e-03 4.71591e-03 4.54361e-03 4.37365e-03 4.21276e-03 4.06314e-03 3.92294e-03 3.78751e-03 3.65121e-03 3.50933e-03 3.35953e-03 3.20218e-03 3.03952e-03 2.87423e-03 2.70778e-03 2.53977e-03 2.36835e-03 2.19110e-03 2.00561e-03 1.80913e-03 1.59873e-03 1.37229e-03 1.12445e-03 8.67883e-04 6.64695e-04 5.34918e-04 4.48691e-04 3.85312e-04 3.32932e-04 2.85451e-04 2.40922e-04 1.99532e-04 1.61226e-04 1.26305e-04 9.52756e-05 6.75567e-05 4.32980e-05 2.41456e-05 1.11646e-05 3.90938e-06 8.80886e-07 9.93519e-08 2.30100e-09
10.003817 3.62200e-02 4.67441e-02 3.42295e-02 3.00118e-02 2.84281e-02 2.65388e-02 2.51520e-02 2.43099e-02 2.39422e-02 2.40190e-02 2.40579e-02 2.36383e-02 2.26272e-02 2.14082e-02 2.00472e-02 1.83263e-02 1.66424e-02 1.51964e-02 1.39520e-02 1.29541e-02 1.21744e-02 1.15541e-02 1.10023e-02 1.04413e-02 9.88382e-03 9.32330e-03 8.80349e-03 8.35495e-03 7.96445e-03 7.61344e-03 7.29720e-03 7.01773e-03 6.77474e-03 6.56481e-03 6.38411e-03 6.23221e-03 6.11585e-03 6.04357e-03 6.01417e-03 6.01374e-03 6.02766e-03 6.05352e-03 6.09154e-03 6.12435e-03 6.13180e-03 6.15221e-03 6.24741e-03 6.39902e-03 6.57690e-03 6.76137e-03 6.90751e-03 6.99850e-03 7.04960e-03 7.06590e-03 7.03838e-03 6.96141e-03 6.84383e-03 6.71107e-03 6.59369e-03 6.50693e-03 6.44518e-03 6.39590e-03 6.34829e-03 6.29395e-03 6.22769e-03 6.14913e-03 6.06301e-03 5.97650e-03 5.89432e-03 5.81645e-03 5.74143e-03 5.67062e-03 5.60822e-03 5.55779e-03 5.51969e-03 5.49088e-03 5.46536e-03 5.43517e-03 5.39255e-03 5.33098e-03 5.24461e-03 5.12967e-03 4.98829e-03 4.82960e-03 4.66569e-03 4.50592e-03 4.35525e-03 4.21765e-03 4.09869e-03 4.00125e-03 3.91900e-03 3.83828e-03 3.74701e-03 3.63992e-03 3.51767e-03 3.38399e-03 3.24315e-03 3.09832e-03 2.95092e-03 2.80126e-03 2.64957e-03 2.49632e-03 2.34185e-03 2.18577e-03 2.02673e-03 1.86242e-03 1.68867e-03 1.49742e-03 1.27625e-03 1.01574e-03 7.20542e-04 4.62856e-04 3.24303e-04 2.57243e-04 2.14582e-04 1.79035e-04 1.47245e-04 1.18626e-04 9.30875e-05 7.02384e-05 4.97497e-05 3.17449e-05 1.74150e-05 7.88473e-06 2.77980e-06 6.79773e-07 8.85938e-08 2.20714e-09
10.253912 3.47668e-02 4.41097e-02 3.21265e-02 3.02401e-02 3.21696e-02 3.26411e-02 3.13973e-02 2.95403e-02 2.78319e-02 2.59727e-02 2.39406e-02 2.19981e-02 2.03395e-02 1.89417e-02 1.76475e-02 1.64347e-02 1.52489e-02 1.40932e-02 1.30792e-02 1.22083e-02 1.14229e-02 1.07616e-02 1.02074e-02 9.69532e-03 9.21072e-03 8.75969e-03 8.34583e-03 7.98642e-03 7.68500e-03 7.42620e-03 7.20226e-03 6.99652e-03 6.79312e-03 6.58848e-03 6.38983e-03 6.21024e-03 6.06032e-03 5.94432e-03 5.86191e-03 5.81158e-03 5.78718e-03 5.77550e-03 5.76842e-03 5.77680e-03 5.82854e-03 5.94999e-03 6.14127e-03 6.36564e-03 6.56559e-03 6.69133e-03 6.72405e-03 6.69739e-03 6.69138e-03 6.75408e-03 6.86821e-03 6.99716e-03 7.11038e-03 7.19306e-03 7.20996e-03 7.12197e-03 6.94825e-03 6.73819e-03 6.53126e-03 6.35302e-03 6.21421e-03 6.11327e-03 6.04412e-03 5.99958e-03 5.97180e-03 5.95279e-03 5.93425e-03 5.90824e-03 5.86800e-03 5.80861e-03 5.72763e-03 5.62564e-03 5.50509e-03 5.36847e-03 5.21802e-03 5.05708e-03 4.89033e-03 4.72386e-03 4.56581e-03 4.42323e-03 4.29820e-03 4.18790e-03 4.08750e-03 3.99335e-03 3.90431e-03 3.81988e-03 3.73764e-03 3.65374e-03 3.56570e-03 3.47346e-03 3.37866e-03 3.28370e-03 3.19094e-03 3.10171e-03 3.01527e-03 2.92813e-03 2.83400e-03 2.72477e-03 2.59325e-03 2.43806e-03 2.26660e-03 2.09080e-03 1.91748e-03 1.74268e-03 1.55471e-03 1.33992e-03 1.08517e-03 7.87379e-04 4.78565e-04 2.61812e-04 1.69928e-04 1.27161e-04 1.00582e-04 7.96962e-05 6.23419e-05 4.77112e-05 3.48755e-05 2.33005e-05 1.34878e-05 6.44332e-06 2.41163e-06 6.38871e-07 9.02972e-08 2.33532e-09
10.504007 3.06918e-02 3.81036e-02 2.91204e-02 3.22819e-02 3.77310e-02 3.78969e-02 3.49930e-02 3.15784e-02 2.75326e-02 2.33491e-02 2.02606e-02 1.84420e-02 1.71435e-02 1.59968e-02 1.50111e-02 1.42363e-02 1.36987e-02 1.33301e-02 1.29974e-02 1.26076e-02 1.21195e-02 1.15750e-02 1.10212e-02 1.04638e-02 9.89392e-03 9.30912e-03 8.74879e-03 8.28414e-03 7.91839e-03 7.62395e-03 7.39193e-03 7.20451e-03 7.04336e-03 6.89936e-03 6.76868e-03 6.64701e-03 6.52948e-03 6.41635e-03 6.31343e-03 6.22745e-03 6.16487e-03 6.13330e-03 6.13313e-03 6.15188e-03 6.17417e-03 6.19134e-03 6.20502e-03 6.22798e-03 6.27848e-03 6.36600e-03 6.48353e-03 6.61678e-03 6.75190e-03 6.86833e-03 6.92995e-03 6.89983e-03 6.78547e-03 6.64927e-03 6.54519e-03 6.48423e-03 6.46188e-03 6.46872e-03 6.48508e-03 6.49919e-03 6.52334e-03 6.56723e-03 6.60679e-03 6.60165e-03 6.53473e-03 6.42256e-03 6.29286e-03 6.15948e-03 6.02182e-03 5.87917e-03 5.73503e-03 5.59185e-03 5.45024e-03 5.31409e-03 5.19011e-03 5.08225e-03 4.98963e-03 4.90795e-03 4.83170e-03 4.75621e-03 4.67901e-03 4.59954e-03 4.51739e-03 4.43078e-03 4.33730e-03 4.23490e-03 4.11976e-03 3.98637e-03 3.83837e-03 3.69143e-03 3.55896e-03 3.44354e-03 3.34093e-03 3.24477e-03 3.14813e-03 3.04409e-03 2.92748e-03 2.79655e-03 2.65268e-03 2.49847e-03 2.33626e-03 2.16747e-03 1.99200e-03 1.80775e-03 1.61192e-03 1.40212e-03 1.17126e-03 9.09279e-04 6.22381e-04 3.64562e-04 2.17646e-04 1.43507e-04 9.69412e-05 7.21129e-05 5.67593e-05 4.42432e-05 3.27849e-05 2.21587e-05 1.29453e-05 6.15154e-06 2.24155e-06 5.76033e-07 8.02211e-08 2.06442e-09
10.754103 2.43646e-02 3.09257e-02 2.66712e-02 3.23464e-02 3.79903e-02 3.79759e-02 3.39884e-02 2.85305e-02 2.35290e-02 1.98897e-02 1.74183e-02 1.57367e-02 1.46287e-02 1.38806e-02 1.33287e-02 1.29559e-02 1.27260e-02 1.25338e-02 1.23493e-02 1.21975e-02 1.20849e-02 1.19778e-02 1.18013e-02 1.14460e-02 1.08605e-02 1.01600e-02 9.52645e-03 9.02732e-03 8.64499e-03 8.35844e-03 8.14523e-03 7.97247e-03 7.81492e-03 7.66304e-03 7.51540e-03 7.37168e-03 7.22928e-03 7.08275e-03 6.92834e-03 6.77263e-03 6.63104e-03 6.51889e-03 6.44301e-03 6.40571e-03 6.41517e-03 6.46747e-03 6.53955e-03 6.60919e-03 6.66711e-03 6.71219e-03 6.74713e-03 6.77991e-03 6.82079e-03 6.87247e-03 6.92948e-03 6.98470e-03 7.03007e-03 7.05647e-03 7.05602e-03 7.02458e-03 6.96485e-03 6.88690e-03 6.80467e-03 6.73238e-03 6.68264e-03 6.66414e-03 6.67875e-03 6.71974e-03 6.77187e-03 6.81543e-03 6.83428e-03 6.82073e-03 6.77535e-03 6.70408e-03 6.61256e-03 6.50043e-03 6.36306e-03 6.20319e-03 6.04089e-03 5.90047e-03 5.78668e-03 5.68742e-03 5.58939e-03 5.48319e-03 5.35117e-03 5.15315e-03 4.87586e-03 4.60109e-03 4.40894e-03 4.28899e-03 4.20805e-03 4.15108e-03 4.10781e-03 4.06612e-03 4.01434e-03 3.94393e-03 3.85078e-03 3.73550e-03 3.60211e-03 3.45590e-03 3.30150e-03 3.14211e-03 2.97944e-03 2.81406e-03 2.64569e-03 2.47332e-03 2.29538e-03 2.10926e-03 1.90994e-03 1.68482e-03 1.40802e-03 1.06323e-03 7.05575e-04 4.58400e-04 3.37697e-04 2.40592e-04 1.58001e-04 1.13490e-04 8.75735e-05 6.62058e-05 4.68682e-05 3.03118e-05 1.73177e-05 8.14970e-06 2.81011e-06 6.19995e-07 7.11625e-08 1.58441e-09
11.004198 1.97626e-02 2.68628e-02 2.63422e-02 3.30231e-02 3.74166e-02 3.50279e-02 2.85208e-02 2.26294e-02 1.88859e-02 1.65274e-02 1.49002e-02 1.37925e-02 1.30878e-02 1.26339e-02 1.23069e-02 1.20527e-02 1.18728e-02 1.17462e-02 1.16205e-02 1.15040e-02 1.14179e-02 1.13127e-02 1.11039e-02 1.07745e-02 1.04414e-02 1.01911e-02 1.00124e-02 9.81711e-03 9.54302e-03 9.26647e-03 9.04930e-03 8.86543e-03 8.68310e-03 8.49390e-03 8.30167e-03 8.11788e-03 7.95134e-03 7.79815e-03 7.64674e-03 7.49111e-03 7.33820e-03 7.20120e-03 7.08948e-03 7.01145e-03 6.97151e-03 6.96326e-03 6.97765e-03 7.00978e-03 7.05812e-03 7.11883e-03 7.18301e-03 7.24273e-03 7.29776e-03 7.35165e-03 7.40531e-03 7.45614e-03 7.50112e-03 7.53902e-03 7.56954e-03 7.59032e-03 7.59715e-03 7.58819e-03 7.56640e-03 7.53922e-03 7.51769e-03 7.51464e-03 7.54062e-03 7.59828e-03 7.67766e-03 7.75569e-03 7.80398e-03 7.80595e-03 7.76528e-03 7.69124e-03 7.58436e-03 7.44241e-03 7.27176e-03 7.07627e-03 6.82728e-03 6.47150e-03 6.01282e-03 5.53990e-03 5.13906e-03 4.84363e-03 4.63712e-03 4.47847e-03 4.33704e-03 4.21034e-03 4.11406e-03 4.05670e-03 4.02776e-03 4.00753e-03 3.98103e-03 3.94431e-03 3.90187e-03 3.85911e-03 3.81743e-03 3.77602e-03 3.73475e-03 3.69430e-03 3.65415e-03 3.61084e-03 3.55869e-03 3.49303e-03 3.41349e-03 3.32236e-03 3.22104e-03 3.11001e-03 2.97815e-03 2.76648e-03 2.35089e-03 1.73694e-03 1.21947e-03 9.35611e-04 7.39371e-04 5.80246e-04 4.66971e-04 3.84015e-04 3.17048e-04 2.56780e-04 1.97282e-04 1.37160e-04 8.06807e-05 3.63716e-05 1.08292e-05 1.70756e-06 1.07631e-07 1.48165e-09
11.254294 1.85688e-02 2.69034e-02 2.83011e-02 3.34726e-02 3.30194e-02 2.73139e-02 2.16181e-02 1.81728e-02 1.62642e-02 1.48922e-02 1.37914e-02 1.29910e-02 1.24965e-02 1.22366e-02 1.20809e-02 1.19337e-02 1.17769e-02 1.16261e-02 1.14939e-02 1.13567e-02 1.11640e-02 1.09072e-02 1.06425e-02 1.04247e-02 1.02405e-02 1.00543e-02 9.86614e-03 9.69102e-03 9.52028e-03 9.35952e-03 9.24262e-03 9.18111e-03 9.14921e-03 9.11484e-03 9.05861e-03 8.96490e-03 8.82063e-03 8.63452e-03 8.43936e-03 8.25901e-03 8.09250e-03 7.93507e-03 7.78756e-03 7.65692e-03 7.56625e-03 7.51659e-03 7.49010e-03 7.47943e-03 7.48258e-03 7.49480e-03 7.51041e-03 7.52804e-03 7.55179e-03 7.58982e-03 7.64843e-03 7.72619e-03 7.81545e-03 7.90787e-03 7.99837e-03 8.08517e-03 8.16750e-03 8.24492e-03 8.31713e-03 8.38255e-03 8.43863e-03 8.48496e-03 8.52541e-03 8.57012e-03 8.63232e-03 8.70525e-03 8.76650e-03 8.77807e-03 8.67062e-03 8.41949e-03 8.05830e-03 7.65173e-03 7.25127e-03 6.87242e-03 6.51989e-03 6.19639e-03 5.88204e-03 5.57079e-03 5.26655e-03 4.98186e-03 4.74002e-03 4.54220e-03 4.37949e-03 4.25006e-03 4.15267e-03 4.07992e-03 4.02148e-03 3.97392e-03 3.93593e-03 3.89851e-03 3.85129e-03 3.79266e-03 3.72954e-03 3.67080e-03 3.62196e-03 3.58300e-03 3.54914e-03 3.51362e-03 3.47031e-03 3.41456e-03 3.34262e-03 3.25033e-03 3.13107e-03 2.97674e-03 2.78512e-03 2.56475e-03 2.33084e-03 2.09857e-03 1.87864e-03 1.67297e-03 1.47237e-03 1.26403e-03 1.05639e-03 8.83837e-04 7.57079e-04 6.47533e-04 5.31160e-04 4.05899e-04 2.78508e-04 1.58909e-04 6.42693e-05 1.33019e-05 7.59496e-07 4.23048e-09
11.504389 1.97495e-02 2.89670e-02 2.85130e-02 2.97892e-02 2.70237e-02 2.24959e-02 1.90503e-02 1.67252e-02 1.49138e-02 1.34797e-02 1.25297e-02 1.20749e-02 1.20119e-02 1.21945e-02 1.24741e-02 1.27236e-02 1.28268e-02 1.27160e-02 1.24087e-02 1.19914e-02 1.15814e-02 1.12567e-02 1.10190e-02 1.08285e-02 1.06600e-02 1.05092e-02 1.03781e-02 1.02478e-02 1.01029e-02 9.95813e-03 9.82238e-03 9.67517e-03 9.50748e-03 9.34340e-03 9.21065e-03 9.12816e-03 9.09518e-03 9.07464e-03 9.01178e-03 8.86196e-03 8.64901e-03 8.45407e-03 8.31137e-03 8.17431e-03 8.00398e-03 7.83404e-03 7.70588e-03 7.61941e-03 7.56756e-03 7.55155e-03 7.56946e-03 7.61344e-03 7.67526e-03 7.75035e-03 7.83756e-03 7.93675e-03 8.04794e-03 8.17345e-03 8.31819e-03 8.48443e-03 8.66920e-03 8.86429e-03 9.05817e-03 9.24291e-03 9.40273e-03 9.51359e-03 9.56795e-03 9.53359e-03 9.38301e-03 9.12966e-03 8.81765e-03 8.48662e-03 8.15845e-03 7.84642e-03 7.55295e-03 7.27887e-03 6.97533e-03 6.63707e-03 6.31601e-03 6.03163e-03 5.78595e-03 5.56449e-03 5.33761e-03 5.09653e-03 4.86127e-03 4.65292e-03 4.48065e-03 4.34176e-03 4.22058e-03 4.10211e-03 3.98527e-03 3.87313e-03 3.76888e-03 3.68206e-03 3.61835e-03 3.57326e-03 3.54290e-03 3.52388e-03 3.50859e-03 3.48828e-03 3.45471e-03 3.39995e-03 3.31852e-03 3.20932e-03 3.07495e-03 2.92026e-03 2.75152e-03 2.57535e-03 2.39747e-03 2.22235e-03 2.05426e-03 1.89722e-03 1.75321e-03 1.62090e-03 1.49599e-03 1.37285e-03 1.24550e-03 1.10735e-03 9.54928e-04 7.96210e-04 6.42212e-04 4.86912e-04 3.22001e-04 1.68537e-04 6.11727e-05 1.17403e-05 6.64149e-07 4.13445e-09
11.754485 2.21499e-02 3.08094e-02 2.67287e-02 2.59888e-02 2.42422e-02 2.14637e-02 1.85138e-02 1.58359e-02 1.37718e-02 1.25434e-02 1.21285e-02 1.21895e-02 1.24010e-02 1.26858e-02 1.30127e-02 1.32618e-02 1.33522e-02 1.32654e-02 1.30220e-02 1.27078e-02 1.24352e-02 1.22367e-02 1.20562e-02 1.18722e-02 1.17252e-02 1.16189e-02 1.14867e-02 1.12768e-02 1.10166e-02 1.07677e-02 1.05535e-02 1.03636e-02 1.02034e-02 1.00816e-02 9.98550e-03 9.89582e-03 9.77895e-03 9.63235e-03 9.50208e-03 9.42093e-03 9.38871e-03 9.36949e-03 9.30907e-03 9.18736e-03 9.03449e-03 8.89360e-03 8.78057e-03 8.68920e-03 8.61398e-03 8.55879e-03 8.53210e-03 8.53423e-03 8.54707e-03 8.55554e-03 8.57297e-03 8.61056e-03 8.65192e-03 8.67643e-03 8.67317e-03 8.63307e-03 8.56241e-03 8.48529e-03 8.41388e-03 8.33661e-03 8.24511e-03 8.15437e-03 8.03812e-03 7.90570e-03 7.78180e-03 7.65225e-03 7.51211e-03 7.39388e-03 7.29346e-03 7.18824e-03 7.07262e-03 6.93608e-03 6.76553e-03 6.58425e-03 6.38041e-03 6.13073e-03 5.85882e-03 5.59435e-03 5.34237e-03 5.09934e-03 4.87889e-03 4.70593e-03 4.58617e-03 4.48583e-03 4.33828e-03 4.10351e-03 3.82664e-03 3.58195e-03 3.39937e-03 3.27118e-03 3.17540e-03 3.09501e-03 3.02422e-03 2.95991e-03 2.89711e-03 2.83014e-03 2.75650e-03 2.67771e-03 2.59386e-03 2.50142e-03 2.39759e-03 2.28320e-03 2.16136e-03 2.03569e-03 1.90975e-03 1.78692e-03 1.67001e-03 1.56054e-03 1.45760e-03 1.35675e-03 1.25231e-03 1.14177e-03 1.02405e-03 8.98842e-04 7.74298e-04 6.55304e-04 5.33288e-04 4.03538e-04 2.70444e-04 1.46514e-04 5.53597e-05 1.11111e-05 6.55099e-07 3.89917e-09
12.004580 2.37833e-02 3.19516e-02 2.64141e-02 2.58697e-02 2.48669e-02 2.16028e-02 1.77384e-02 1.48930e-02 1.34905e-02 1.30005e-02 1.28739e-02 1.29721e-02 1.31675e-02 1.32729e-02 1.32518e-02 1.31987e-02 1.31869e-02 1.32084e-02 1.32310e-02 1.32230e-02 1.31543e-02 1.30532e-02 1.29805e-02 1.29239e-02 1.27927e-02 1.25359e-02 1.22419e-02 1.19835e-02 1.17100e-02 1.13895e-02 1.10856e-02 1.08896e-02 1.08315e-02 1.08218e-02 1.07722e-02 1.06973e-02 1.06462e-02 1.06457e-02 1.06870e-02 1.07375e-02 1.07709e-02 1.07632e-02 1.06968e-02 1.06006e-02 1.05045e-02 1.03815e-02 1.02096e-02 1.00166e-02 9.83115e-03 9.65501e-03 9.48208e-03 9.30792e-03 9.13111e-03 8.95463e-03 8.78517e-03 8.62996e-03 8.48937e-03 8.36157e-03 8.25072e-03 8.15532e-03 8.07137e-03 7.99704e-03 7.92627e-03 7.83892e-03 7.70972e-03 7.54398e-03 7.35581e-03 7.14783e-03 6.92575e-03 6.69959e-03 6.48058e-03 6.26304e-03 6.01905e-03 5.77443e-03 5.58156e-03 5.44914e-03 5.33134e-03 5.19403e-03 5.04738e-03 4.90308e-03 4.78123e-03 4.71777e-03 4.71166e-03 4.72818e-03 4.73702e-03 4.72574e-03 4.68611e-03 4.58707e-03 4.38368e-03 4.09039e-03 3.80401e-03 3.58047e-03 3.40286e-03 3.24754e-03 3.10293e-03 2.96178e-03 2.81947e-03 2.67446e-03 2.52780e-03 2.38253e-03 2.24235e-03 2.10943e-03 1.98308e-03 1.86072e-03 1.73905e-03 1.61424e-03 1.48349e-03 1.34854e-03 1.21586e-03 1.09277e-03 9.83650e-04 8.87728e-04 8.00556e-04 7.19728e-04 6.47848e-04 5.82778e-04 5.13615e-04 4.37384e-04 3.58885e-04 2.79801e-04 1.99487e-04 1.25316e-04 6.72878e-05 2.89699e-05 8.80153e-06 1.50805e-06 8.70252e-08 6.27147e-10
12.254675 2.41889e-02 3.30082e-02 2.88825e-02 2.78915e-02 2.39873e-02 1.91986e-02 1.62024e-02 1.47352e-02 1.40845e-02 1.38490e-02 1.36838e-02 1.34551e-02 1.32166e-02 1.30361e-02 1.29636e-02 1.30889e-02 1.34190e-02 1.37805e-02 1.39954e-02 1.39617e-02 1.36317e-02 1.31226e-02 1.26689e-02 1.24022e-02 1.23535e-02 1.25115e-02 1.27359e-02 1.27279e-02 1.23446e-02 1.18633e-02 1.15427e-02 1.13466e-02 1.12386e-02 1.12232e-02 1.12712e-02 1.13658e-02 1.15089e-02 1.16760e-02 1.18080e-02 1.18779e-02 1.19155e-02 1.19106e-02 1.17986e-02 1.15572e-02 1.12386e-02 1.08957e-02 1.05416e-02 1.01917e-02 9.87572e-03 9.61548e-03 9.40958e-03 9.23684e-03 9.07022e-03 8.89578e-03 8.72659e-03 8.58832e-03 8.49419e-03 8.44535e-03 8.43778e-03 8.45577e-03 8.47167e-03 8.45870e-03 8.39272e-03 8.26212e-03 8.07385e-03 7.83962e-03 7.57229e-03 7.28156e-03 6.95351e-03 6.57266e-03 6.16858e-03 5.78350e-03 5.47210e-03 5.25586e-03 5.11598e-03 5.01036e-03 4.90311e-03 4.76901e-03 4.61504e-03 4.47105e-03 4.31686e-03 4.13762e-03 3.98562e-03 3.86407e-03 3.72925e-03 3.57442e-03 3.42433e-03 3.28179e-03 3.13170e-03 2.99020e-03 2.87585e-03 2.78488e-03 2.70648e-03 2.62618e-03 2.53864e-03 2.44704e-03 2.35456e-03 2.26070e-03 2.16320e-03 2.06009e-03 1.95088e-03 1.83749e-03 1.72328e-03 1.61198e-03 1.50682e-03 1.40639e-03 1.30423e-03 1.19526e-03 1.08003e-03 9.64137e-04 8.55464e-04 7.60916e-04 6.83252e-04 6.19755e-04 5.63516e-04 5.06701e-04 4.43783e-04 3.72801e-04 2.94875e-04 2.13722e-04 1.36559e-04 7.32811e-05 3.13762e-05 1.08218e-05 3.60643e-06 9.69311e-07 8.69640e-08 1.14189e-09
12.504771 2.60072e-02 3.63141e-02 3.14937e-02 2.56731e-02 2.00160e-02 1.69422e-02 1.54548e-02 1.47021e-02 1.43279e-02 1.40971e-02 1.39125e-02 1.37409e-02 1.35815e-02 1.35323e-02 1.37290e-02 1.40647e-02 1.41748e-02 1.39497e-02 1.35779e-02 1.32108e-02 1.29252e-02 1.27083e-02 1.25061e-02 1.23276e-02 1.22652e-02 1.23777e-02 1.25601e-02 1.26680e-02 1.26245e-02 1.24552e-02 1.22499e-02 1.20843e-02 1.19886e-02 1.19451e-02 1.19298e-02 1.19258e-02 1.19730e-02 1.21086e-02 1.22452e-02 1.22598e-02 1.20861e-02 1.17423e-02 1.13559e-02 1.10216e-02 1.07407e-02 1.05052e-02 1.03140e-02 1.01643e-02 1.00440e-02 9.93640e-03 9.83154e-03 9.73441e-03 9.66606e-03 9.63627e-03 9.63790e-03 9.66250e-03 9.69103e-03 9.69052e-03 9.62799e-03 9.49189e-03 9.30008e-03 9.08139e-03 8.85666e-03 8.63115e-03 8.39439e-03 8.13225e-03 7.83052e-03 7.46972e-03 7.06447e-03 6.65634e-03 6.25683e-03 5.88840e-03 5.56307e-03 5.26951e-03 4.99958e-03 4.74970e-03 4.50589e-03 4.25466e-03 4.00517e-03 3.78049e-03 3.59263e-03 3.43386e-03 3.28395e-03 3.12966e-03 2.97450e-03 2.82619e-03 2.69904e-03 2.60140e-03 2.51687e-03 2.43193e-03 2.34836e-03 2.27308e-03 2.20602e-03 2.13493e-03 2.04294e-03 1.92389e-03 1.78618e-03 1.64683e-03 1.52281e-03 1.42003e-03 1.33348e-03 1.25659e-03 1.18694e-03 1.12577e-03 1.07508e-03 1.03529e-03 1.00416e-03 9.76224e-04 9.44350e-04 9.03693e-04 8.53947e-04 7.97570e-04 7.37001e-04 6.73688e-04 6.08548e-04 5.42202e-04 4.74724e-04 4.06515e-04 3.40275e-04 2.80422e-04 2.29406e-04 1.86322e-04 1.47476e-04 1.06072e-04 5.86553e-05 1.75310e-05 1.49352e-06 1.59397e-08
12.754866 2.69814e-02 3.64702e-02 2.81865e-02 2.23758e-02 1.87878e-02 1.62954e-02 1.49894e-02 1.46076e-02 1.45923e-02 1.46166e-02 1.45923e-02 1.45559e-02 1.44932e-02 1.42612e-02 1.39447e-02 1.37652e-02 1.36295e-02 1.34401e-02 1.32722e-02 1.31246e-02 1.29388e-02 1.27563e-02 1.26036e-02 1.24585e-02 1.23790e-02 1.24457e-02 1.26599e-02 1.28760e-02 1.29263e-02 1.28100e-02 1.26322e-02 1.24563e-02 1.23195e-02 1.22872e-02 1.23707e-02 1.24608e-02 1.24311e-02 1.22691e-02 1.20577e-02 1.18422e-02 1.16323e-02 1.14088e-02 1.11575e-02 1.09050e-02 1.06812e-02 1.05064e-02 1.03947e-02 1.03575e-02 1.03822e-02 1.04208e-02 1.04652e-02 1.05396e-02 1.06099e-02 1.06317e-02 1.06351e-02 1.06604e-02 1.07094e-02 1.07665e-02 1.08137e-02 1.08120e-02 1.06943e-02 1.04083e-02 9.95983e-03 9.41326e-03 8.84649e-03 8.30745e-03 7.80484e-03 7.31205e-03 6.79318e-03 6.23609e-03 5.67656e-03 5.17738e-03 4.77263e-03 4.44448e-03 4.16217e-03 3.91313e-03 3.69708e-03 3.51512e-03 3.36477e-03 3.23829e-03 3.12844e-03 3.03273e-03 2.94884e-03 2.86972e-03 2.78003e-03 2.66592e-03 2.53992e-03 2.43085e-03 2.34308e-03 2.25509e-03 2.15434e-03 2.04699e-03 1.94228e-03 1.84353e-03 1.75144e-03 1.66763e-03 1.59114e-03 1.51953e-03 1.45271e-03 1.39099e-03 1.33361e-03 1.27931e-03 1.22686e-03 1.17524e-03 1.12344e-03 1.07025e-03 1.01426e-03 9.54146e-04 8.89247e-04 8.20174e-04 7.49163e-04 6.79679e-04 6.15135e-04 5.57179e-04 5.04659e-04 4.54339e-04 4.03077e-04 3.49756e-04 2.96123e-04 2.46549e-04 2.05312e-04 1.71829e-04 1.40528e-04 1.06055e-04 6.44411e-05 2.22306e-05 2.25165e-06 2.96069e-08
13.004962 2.62931e-02 3.59771e-02 2.76536e-02 2.21684e-02 1.83467e-02 1.60500e-02 1.51929e-02 1.50586e-02 1.50904e-02 1.50349e-02 1.47767e-02 1.43100e-02 1.38151e-02 1.34598e-02 1.32913e-02 1.32758e-02 1.33578e-02 1.35319e-02 1.36594e-02 1.35008e-02 1.31154e-02 1.27796e-02 1.26376e-02 1.25725e-02 1.24405e-02 1.22871e-02 1.21999e-02 1.21629e-02 1.21330e-02 1.21316e-02 1.21947e-02 1.23208e-02 1.24598e-02 1.25476e-02 1.25987e-02 1.26305e-02 1.25176e-02 1.21872e-02 1.18237e-02 1.15777e-02 1.14603e-02 1.15040e-02 1.17009e-02 1.19016e-02 1.19611e-02 1.18350e-02 1.15519e-02 1.12447e-02 1.10143e-02 1.08683e-02 1.07934e-02 1.07703e-02 1.07770e-02 1.08005e-02 1.08324e-02 1.08598e-02 1.08640e-02 1.08253e-02 1.07255e-02 1.05371e-02 1.02491e-02 9.89718e-03 9.52797e-03 9.16767e-03 8.82445e-03 8.48845e-03 8.12146e-03 7.66470e-03 7.09265e-03 6.46016e-03 5.84975e-03 5.29414e-03 4.77230e-03 4.26762e-03 3.82359e-03 3.49800e-03 3.27794e-03 3.11167e-03 2.97185e-03 2.85514e-03 2.76333e-03 2.69530e-03 2.64545e-03 2.60561e-03 2.56798e-03 2.52373e-03 2.46158e-03 2.37444e-03 2.27115e-03 2.17318e-03 2.09052e-03 2.01763e-03 1.94883e-03 1.88318e-03 1.82089e-03 1.76140e-03 1.70672e-03 1.65588e-03 1.60438e-03 1.54961e-03 1.49110e-03 1.42945e-03 1.36564e-03 1.30041e-03 1.23415e-03 1.16726e-03 1.10041e-03 1.03424e-03 9.69279e-04 9.05933e-04 8.44026e-04 7.82493e-04 7.19655e-04 6.53808e-04 5.83750e-04 5.09332e-04 4.31759e-04 3.53289e-04 2.76879e-04 2.05820e-04 1.42889e-04 9.00915e-05 4.94189e-05 2.23272e-05 7.66837e-06 1.74339e-06 1.88037e-07 3.25696e-09
13.255057 2.63579e-02 3.62453e-02 2.75032e-02 2.15861e-02 1.80872e-02 1.64476e-02 1.59364e-02 1.57388e-02 1.54780e-02 1.50060e-02 1.43879e-02 1.38818e-02 1.36191e-02 1.35459e-02 1.34608e-02 1.32518e-02 1.29978e-02 1.28725e-02 1.28878e-02 1.28782e-02 1.27410e-02 1.24954e-02 1.22524e-02 1.20920e-02 1.20050e-02 1.19832e-02 1.20011e-02 1.19623e-02 1.19099e-02 1.20678e-02 1.24133e-02 1.26488e-02 1.26563e-02 1.25501e-02 1.23700e-02 1.21156e-02 1.19251e-02 1.19089e-02 1.20103e-02 1.21136e-02 1.21328e-02 1.20100e-02 1.17622e-02 1.15380e-02 1.14531e-02 1.14993e-02 1.16379e-02 1.18001e-02 1.19047e-02 1.19060e-02 1.18038e-02 1.16214e-02 1.13904e-02 1.11563e-02 1.09602e-02 1.07998e-02 1.06428e-02 1.04676e-02 1.02684e-02 1.00426e-02 9.79697e-03 9.54703e-03 9.29335e-03 9.02709e-03 8.73943e-03 8.42228e-03 8.06717e-03 7.66893e-03 7.23430e-03 6.78116e-03 6.31996e-03 5.84451e-03 5.35811e-03 4.87627e-03 4.41158e-03 3.97385e-03 3.57623e-03 3.23042e-03 2.94546e-03 2.72435e-03 2.55906e-03 2.43916e-03 2.35445e-03 2.29265e-03 2.24155e-03 2.19271e-03 2.14409e-03 2.09760e-03 2.05265e-03 2.00454e-03 1.95180e-03 1.90175e-03 1.86147e-03 1.82929e-03 1.79931e-03 1.76628e-03 1.72716e-03 1.68215e-03 1.63481e-03 1.58590e-03 1.53317e-03 1.47525e-03 1.41268e-03 1.34713e-03 1.28049e-03 1.21395e-03 1.14727e-03 1.07942e-03 1.01048e-03 9.42059e-04 8.75801e-04 8.12780e-04 7.53947e-04 6.99172e-04 6.45742e-04 5.89042e-04 5.24882e-04 4.50751e-04 3.66565e-04 2.76998e-04 1.91700e-04 1.19332e-04 6.46723e-05 2.88810e-05 9.43393e-06 1.73304e-06 1.13839e-07 1.17234e-09
13.505152 2.57946e-02 3.52505e-02 2.63428e-02 2.11861e-02 1.91627e-02 1.81211e-02 1.70769e-02 1.61122e-02 1.53730e-02 1.46630e-02 1.38855e-02 1.31955e-02 1.27714e-02 1.26347e-02 1.26775e-02 1.27844e-02 1.28570e-02 1.28227e-02 1.26960e-02 1.25499e-02 1.24590e-02 1.24502e-02 1.24862e-02 1.25802e-02 1.28215e-02 1.31296e-02 1.32302e-02 1.30325e-02 1.27019e-02 1.24134e-02 1.22191e-02 1.20782e-02 1.19432e-02 1.18207e-02 1.17410e-02 1.17228e-02 1.17894e-02 1.19389e-02 1.20935e-02 1.21779e-02 1.22321e-02 1.23140e-02 1.24018e-02 1.24625e-02 1.24811e-02 1.24271e-02 1.22764e-02 1.20587e-02 1.18493e-02 1.17130e-02 1.16544e-02 1.16110e-02 1.15056e-02 1.13219e-02 1.10959e-02 1.08568e-02 1.05993e-02 1.02900e-02 9.92297e-03 9.55359e-03 9.25506e-03 9.06108e-03 8.93514e-03 8.79097e-03 8.55952e-03 8.22091e-03 7.79319e-03 7.32127e-03 6.85031e-03 6.40024e-03 5.97736e-03 5.59067e-03 5.24903e-03 4.95137e-03 4.68188e-03 4.41299e-03 4.11017e-03 3.75879e-03 3.39824e-03 3.08789e-03 2.84898e-03 2.66866e-03 2.52644e-03 2.40510e-03 2.29342e-03 2.18899e-03 2.09766e-03 2.02716e-03 1.98101e-03 1.95374e-03 1.93156e-03 1.90255e-03 1.86500e-03 1.82437e-03 1.78595e-03 1.74943e-03 1.70834e-03 1.65794e-03 1.59891e-03 1.53297e-03 1.46260e-03 1.39037e-03 1.31823e-03 1.24822e-03 1.18278e-03 1.12395e-03 1.07157e-03 1.02150e-03 9.67104e-04 9.04659e-04 8.36330e-04 7.66824e-04 6.99538e-04 6.36376e-04 5.78024e-04 5.22927e-04 4.67582e-04 4.08225e-04 3.41550e-04 2.66684e-04 1.89363e-04 1.20322e-04 6.64235e-05 2.94718e-05 9.08073e-06 1.48500e-06 8.04311e-08 6.90067e-10
13.755248 2.41482e-02 3.32989e-02 2.59222e-02 2.19595e-02 1.98337e-02 1.84021e-02 1.71453e-02 1.58349e-02 1.46119e-02 1.36223e-02 1.28626e-02 1.24216e-02 1.25252e-02 1.30920e-02 1.36752e-02 1.40397e-02 1.42212e-02 1.42327e-02 1.41027e-02 1.39956e-02 1.40662e-02 1.42673e-02 1.44131e-02 1.43741e-02 1.42114e-02 1.40286e-02 1.37878e-02 1.34281e-02 1.30107e-02 1.26432e-02 1.23310e-02 1.20180e-02 1.17452e-02 1.16196e-02 1.16654e-02 1.18004e-02 1.19400e-02 1.20733e-02 1.22317e-02 1.24165e-02 1.25523e-02 1.25554e-02 1.24478e-02 1.22998e-02 1.21336e-02 1.19393e-02 1.17224e-02 1.15051e-02 1.13121e-02 1.11639e-02 1.10538e-02 1.09592e-02 1.08534e-02 1.07213e-02 1.05698e-02 1.04028e-02 1.01936e-02 9.90150e-03 9.50706e-03 9.05007e-03 8.61552e-03 8.26008e-03 7.98962e-03 7.78493e-03 7.60575e-03 7.39581e-03 7.11700e-03 6.77883e-03 6.41792e-03 6.06108e-03 5.71807e-03 5.39345e-03 5.09302e-03 4.82295e-03 4.58701e-03 4.38422e-03 4.20738e-03 4.04415e-03 3.87842e-03 3.69076e-03 3.47271e-03 3.23936e-03 3.01380e-03 2.81010e-03 2.63198e-03 2.47807e-03 2.34619e-03 2.23449e-03 2.14078e-03 2.06190e-03 1.99377e-03 1.93144e-03 1.86987e-03 1.80578e-03 1.73859e-03 1.66957e-03 1.60063e-03 1.53515e-03 1.47702e-03 1.42581e-03 1.37694e-03 1.32749e-03 1.27860e-03 1.22977e-03 1.17731e-03 1.11767e-03 1.05083e-03 9.78597e-04 9.00939e-04 8.17094e-04 7.29087e-04 6.42111e-04 5.61777e-04 4.91414e-04 4.31293e-04 3.79226e-04 3.31664e-04 2.85244e-04 2.37435e-04 1.85858e-04 1.30963e-04 8.06404e-05 4.38348e-05 2.02119e-05 6.50816e-06 1.06228e-06 5.64499e-08 5.32041e-10
14.005343 2.23423e-02 3.09610e-02 2.47172e-02 2.14837e-02 1.93788e-02 1.75739e-02 1.60230e-02 1.47378e-02 1.36583e-02 1.29740e-02 1.30494e-02 1.38256e-02 1.48336e-02 1.57308e-02 1.64407e-02 1.69768e-02 1.72748e-02 1.72418e-02 1.69874e-02 1.67591e-02 1.66713e-02 1.66206e-02 1.64092e-02 1.59214e-02 1.52523e-02 1.46181e-02 1.40914e-02 1.35756e-02 1.30181e-02 1.24991e-02 1.21122e-02 1.19070e-02 1.19274e-02 1.21205e-02 1.23673e-02 1.26124e-02 1.27775e-02 1.27658e-02 1.25791e-02 1.22873e-02 1.19693e-02 1.16847e-02 1.14566e-02 1.12737e-02 1.11175e-02 1.09812e-02 1.08598e-02 1.07428e-02 1.06209e-02 1.04916e-02 1.03594e-02 1.02247e-02 1.00753e-02 9.89020e-03 9.65342e-03 9.36548e-03 9.04296e-03 8.71210e-03 8.40221e-03 8.12509e-03 7.84946e-03 7.53281e-03 7.19256e-03 6.88286e-03 6.62476e-03 6.40538e-03 6.21840e-03 6.05052e-03 5.86479e-03 5.64427e-03 5.40086e-03 5.15080e-03 4.90565e-03 4.67345e-03 4.45864e-03 4.26164e-03 4.08044e-03 3.91332e-03 3.75988e-03 3.61960e-03 3.48985e-03 3.36533e-03 3.23868e-03 3.10257e-03 2.95353e-03 2.79463e-03 2.63314e-03 2.47534e-03 2.32431e-03 2.18131e-03 2.04764e-03 1.92597e-03 1.81998e-03 1.73107e-03 1.65521e-03 1.58560e-03 1.51808e-03 1.45372e-03 1.39559e-03 1.34205e-03 1.29041e-03 1.24380e-03 1.20223e-03 1.15913e-03 1.10732e-03 1.04071e-03 9.60075e-04 8.74368e-04 7.98241e-04 7.33430e-04 6.65027e-04 5.85353e-04 5.01614e-04 4.24774e-04 3.60896e-04 3.10127e-04 2.68434e-04 2.30015e-04 1.91382e-04 1.52090e-04 1.10311e-04 6.64419e-05 3.10825e-05 1.18962e-05 3.67094e-06 6.53432e-07 4.14826e-08 5.13084e-10
14.255439 2.04599e-02 2.85085e-02 2.31367e-02 2.03620e-02 1.83658e-02 1.67216e-02 1.55654e-02 1.49647e-02 1.49704e-02 1.54186e-02 1.60828e-02 1.69888e-02 1.81214e-02 1.91561e-02 1.97509e-02 1.98959e-02 1.97874e-02 1.95164e-02 1.90506e-02 1.84343e-02 1.78345e-02 1.73777e-02 1.70255e-02 1.66214e-02 1.60348e-02 1.52993e-02 1.45680e-02 1.39242e-02 1.33921e-02 1.30486e-02 1.29589e-02 1.30606e-02 1.31850e-02 1.31522e-02 1.29076e-02 1.25388e-02 1.21330e-02 1.17453e-02 1.14039e-02 1.11080e-02 1.08570e-02 1.06616e-02 1.05270e-02 1.04388e-02 1.03640e-02 1.02663e-02 1.01256e-02 9.94683e-03 9.75448e-03 9.57427e-03 9.40912e-03 9.23944e-03 9.04799e-03 8.83390e-03 8.60386e-03 8.36235e-03 8.11443e-03 7.86968e-03 7.63677e-03 7.41473e-03 7.19107e-03 6.95130e-03 6.68855e-03 6.40335e-03 6.10769e-03 5.82275e-03 5.56324e-03 5.33316e-03 5.13129e-03 4.95456e-03 4.79813e-03 4.65578e-03 4.52128e-03 4.38901e-03 4.25435e-03 4.11496e-03 3.97117e-03 3.82496e-03 3.67851e-03 3.53313e-03 3.38889e-03 3.24502e-03 3.10063e-03 2.95537e-03 2.80986e-03 2.66574e-03 2.52508e-03 2.38949e-03 2.25970e-03 2.13604e-03 2.01870e-03 1.90746e-03 1.80173e-03 1.70204e-03 1.61104e-03 1.53039e-03 1.45722e-03 1.38730e-03 1.31995e-03 1.25806e-03 1.20308e-03 1.15179e-03 1.09994e-03 1.04718e-03 9.93746e-04 9.34989e-04 8.65197e-04 7.82084e-04 6.89969e-04 6.09747e-04 5.57112e-04 5.13782e-04 4.61087e-04 3.99731e-04 3.39102e-04 2.87536e-04 2.47799e-04 2.16741e-04 1.87780e-04 1.55731e-04 1.20590e-04 8.39970e-05 4.67229e-05 1.71353e-05 3.48707e-06 3.52499e-07 2.19099e-08 4.42444e-10
14.505534 1.83837e-02 2.63627e-02 2.19379e-02 1.95491e-02 1.82270e-02 1.76984e-02 1.75897e-02 1.76169e-02 1.78978e-02 1.85220e-02 1.93752e-02 2.03331e-02 2.12953e-02 2.20963e-02 2.24847e-02 2.22272e-02 2.12747e-02 1.99467e-02 1.87501e-02 1.78813e-02 1.72396e-02 1.67192e-02 1.62626e-02 1.58495e-02 1.54834e-02 1.51756e-02 1.49376e-02 1.47292e-02 1.44816e-02 1.41984e-02 1.38783e-02 1.34787e-02 1.30631e-02 1.26690e-02 1.22328e-02 1.17723e-02 1.13443e-02 1.09676e-02 1.06682e-02 1.04786e-02 1.04037e-02 1.04045e-02 1.03936e-02 1.02787e-02 1.00585e-02 9.82839e-03 9.64174e-03 9.44641e-03 9.17686e-03 8.83381e-03 8.47278e-03 8.14931e-03 7.88541e-03 7.67320e-03 7.49218e-03 7.32405e-03 7.15952e-03 6.99740e-03 6.84089e-03 6.69267e-03 6.55023e-03 6.40443e-03 6.24436e-03 6.06520e-03 5.86965e-03 5.66292e-03 5.45067e-03 5.24088e-03 5.04209e-03 4.85808e-03 4.68840e-03 4.53170e-03 4.38631e-03 4.24983e-03 4.11919e-03 3.99084e-03 3.86112e-03 3.72696e-03 3.58666e-03 3.44048e-03 3.29039e-03 3.13924e-03 2.98978e-03 2.84385e-03 2.70214e-03 2.56440e-03 2.42984e-03 2.29765e-03 2.16736e-03 2.03901e-03 1.91338e-03 1.79276e-03 1.68135e-03 1.58359e-03 1.50057e-03 1.42874e-03 1.36383e-03 1.30379e-03 1.24731e-03 1.19221e-03 1.13631e-03 1.07912e-03 1.02119e-03 9.62672e-04 9.03148e-04 8.41571e-04 7.74745e-04 6.98653e-04 6.16365e-04 5.44712e-04 4.98550e-04 4.68286e-04 4.35486e-04 3.94567e-04 3.49090e-04 3.04314e-04 2.64330e-04 2.30904e-04 2.02842e-04 1.76756e-04 1.49126e-04 1.18163e-04 8.41967e-05 4.89265e-05 1.85215e-05 3.23332e-06 1.69324e-07 1.50234e-09
14.755629 1.68295e-02 2.52437e-02 2.17073e-02 1.95406e-02 1.87286e-02 1.90005e-02 1.97936e-02 2.06923e-02 2.15158e-02 2.22896e-02 2.30799e-02 2.38692e-02 2.44503e-02 2.44013e-02 2.33460e-02 2.14367e-02 1.94542e-02 1.79907e-02 1.70430e-02 1.64290e-02 1.60381e-02 1.57932e-02 1.56136e-02 1.54295e-02 1.52337e-02 1.50968e-02 1.50539e-02 1.50031e-02 1.48224e-02 1.45402e-02 1.42319e-02 1.38453e-02 1.33197e-02 1.26961e-02 1.20566e-02 1.14725e-02 1.09833e-02 1.06018e-02 1.03383e-02 1.02139e-02 1.02217e-02 1.02457e-02 1.00917e-02 9.74802e-03 9.42015e-03 9.18889e-03 8.94671e-03 8.61771e-03 8.23955e-03 7.88262e-03 7.57545e-03 7.31702e-03 7.10092e-03 6.91817e-03 6.75892e-03 6.61476e-03 6.47999e-03 6.35223e-03 6.23188e-03 6.12047e-03 6.01833e-03 5.92261e-03 5.82744e-03 5.72684e-03 5.61688e-03 5.49488e-03 5.36046e-03 5.21483e-03 5.05962e-03 4.89935e-03 4.73957e-03 4.58432e-03 4.43668e-03 4.29799e-03 4.16612e-03 4.03703e-03 3.90748e-03 3.77518e-03 3.63805e-03 3.49471e-03 3.34560e-03 3.19309e-03 3.04015e-03 2.88922e-03 2.74189e-03 2.59882e-03 2.45982e-03 2.32414e-03 2.19101e-03 2.06073e-03 1.93636e-03 1.82333e-03 1.72436e-03 1.63523e-03 1.54913e-03 1.46323e-03 1.37985e-03 1.30189e-03 1.22767e-03 1.15339e-03 1.07817e-03 1.00460e-03 9.35709e-04 8.72535e-04 8.14167e-04 7.57878e-04 6.99080e-04 6.35204e-04 5.72491e-04 5.23069e-04 4.90477e-04 4.65161e-04 4.39170e-04 4.12442e-04 3.87430e-04 3.65411e-04 3.45403e-04 3.25214e-04 3.02728e-04 2.75662e-04 2.41445e-04 1.98839e-04 1.49291e-04 9.60849e-05 4.50776e-05 1.07225e-05 7.16249e-07 6.33672e-09
15.005725 1.65803e-02 2.53505e-02 2.18092e-02 1.96180e-02 1.94407e-02 2.08521e-02 2.29370e-02 2.50082e-02 2.66027e-02 2.73992e-02 2.72990e-02 2.64927e-02 2.51208e-02 2.30720e-02 2.06197e-02 1.85104e-02 1.70867e-02 1.62186e-02 1.57344e-02 1.55219e-02 1.54596e-02 1.54055e-02 1.52888e-02 1.51393e-02 1.49940e-02 1.48472e-02 1.46917e-02 1.45333e-02 1.43229e-02 1.39943e-02 1.35861e-02 1.32295e-02 1.30064e-02 1.28200e-02 1.25003e-02 1.19982e-02 1.14217e-02 1.09229e-02 1.05946e-02 1.04222e-02 1.03139e-02 1.02193e-02 1.00937e-02 9.79781e-03 9.30428e-03 8.78911e-03 8.35764e-03 7.97178e-03 7.58945e-03 7.23065e-03 6.93025e-03 6.68868e-03 6.48771e-03 6.31307e-03 6.15728e-03 6.01586e-03 5.88523e-03 5.76291e-03 5.64776e-03 5.53917e-03 5.43600e-03 5.33636e-03 5.23783e-03 5.13809e-03 5.03603e-03 4.93275e-03 4.83087e-03 4.73171e-03 4.63404e-03 4.53623e-03 4.43744e-03 4.33713e-03 4.23569e-03 4.13616e-03 4.04204e-03 3.95365e-03 3.86920e-03 3.78667e-03 3.70298e-03 3.61359e-03 3.51436e-03 3.40423e-03 3.28511e-03 3.15845e-03 3.02294e-03 2.87596e-03 2.71680e-03 2.54958e-03 2.38427e-03 2.23272e-03 2.10051e-03 1.98314e-03 1.87196e-03 1.76105e-03 1.65092e-03 1.54779e-03 1.45363e-03 1.36286e-03 1.27026e-03 1.17584e-03 1.08329e-03 9.95125e-04 9.11567e-04 8.33231e-04 7.62224e-04 6.99984e-04 6.44664e-04 5.94443e-04 5.51437e-04 5.17858e-04 4.91383e-04 4.67219e-04 4.43119e-04 4.21522e-04 4.06681e-04 4.00525e-04 4.01597e-04 4.06064e-04 4.08616e-04 4.02924e-04 3.82488e-04 3.41882e-04 2.78174e-04 1.93045e-04 9.80642e-05 2.58524e-05 1.92437e-06 1.84574e-08
15.255820 1.74868e-02 2.65605e-02 2.25047e-02 2.05657e-02 2.13811e-02 2.43769e-02 2.79603e-02 3.00779e-02 3.01124e-02 2.91331e-02 2.78604e-02 2.59470e-02 2.31267e-02 2.00688e-02 1.76767e-02 1.61786e-02 1.53586e-02 1.49851e-02 1.48813e-02 1.49372e-02 1.50807e-02 1.52313e-02 1.52913e-02 1.51615e-02 1.48197e-02 1.44258e-02 1.41832e-02 1.40589e-02 1.39011e-02 1.36340e-02 1.32593e-02 1.28054e-02 1.23251e-02 1.19175e-02 1.16460e-02 1.14866e-02 1.13808e-02 1.12668e-02 1.11082e-02 1.09016e-02 1.06547e-02 1.03913e-02 1.01225e-02 9.81884e-03 9.42872e-03 8.89749e-03 8.29383e-03 7.78760e-03 7.41545e-03 7.09956e-03 6.80086e-03 6.53273e-03 6.30400e-03 6.10435e-03 5.92438e-03 5.76061e-03 5.61190e-03 5.47736e-03 5.35617e-03 5.24766e-03 5.15070e-03 5.06318e-03 4.98221e-03 4.90466e-03 4.82741e-03 4.74742e-03 4.66200e-03 4.56927e-03 4.46818e-03 4.35814e-03 4.23924e-03 4.11319e-03 3.98414e-03 3.85780e-03 3.73871e-03 3.62950e-03 3.53271e-03 3.45015e-03 3.37863e-03 3.30916e-03 3.23390e-03 3.15124e-03 3.06170e-03 2.96258e-03 2.84835e-03 2.71534e-03 2.56852e-03 2.42432e-03 2.30068e-03 2.20059e-03 2.11200e-03 2.02428e-03 1.93526e-03 1.85077e-03 1.77965e-03 1.71900e-03 1.65678e-03 1.58670e-03 1.51057e-03 1.42845e-03 1.33574e-03 1.23234e-03 1.12614e-03 1.02881e-03 9.48696e-04 8.83708e-04 8.26600e-04 7.71990e-04 7.18107e-04 6.65715e-04 6.16632e-04 5.72286e-04 5.32842e-04 4.97703e-04 4.66973e-04 4.41473e-04 4.21432e-04 4.07253e-04 4.00449e-04 3.99974e-04 3.98131e-04 3.82150e-04 3.39144e-04 2.59780e-04 1.47118e-04 4.34263e-05 3.56732e-06 3.68824e-08
15.505916 1.88691e-02 2.80126e-02 2.30911e-02 2.13284e-02 2.31433e-02 2.66686e-02 2.89374e-02 2.93780e-02 2.93206e-02 2.87297e-02 2.66027e-02 2.31502e-02 1.97348e-02 1.73004e-02 1.58802e-02 1.51595e-02 1.48832e-02 1.48958e-02 1.50748e-02 1.52655e-02 1.53165e-02 1.51637e-02 1.48400e-02 1.44578e-02 1.41546e-02 1.39744e-02 1.38271e-02 1.36289e-02 1.33969e-02 1.32032e-02 1.30917e-02 1.30294e-02 1.29409e-02 1.27814e-02 1.25392e-02 1.22190e-02 1.18388e-02 1.14532e-02 1.11408e-02 1.09176e-02 1.07474e-02 1.06084e-02 1.04700e-02 1.02436e-02 9.84113e-03 9.27061e-03 8.61192e-03 7.96900e-03 7.43251e-03 7.04213e-03 6.76365e-03 6.54247e-03 6.35489e-03 6.19158e-03 6.04540e-03 5.91179e-03 5.78849e-03 5.67488e-03 5.57111e-03 5.47693e-03 5.39091e-03 5.31044e-03 5.23270e-03 5.15553e-03 5.07720e-03 4.99558e-03 4.90724e-03 4.80763e-03 4.69326e-03 4.56426e-03 4.42425e-03 4.27850e-03 4.13276e-03 3.99147e-03 3.85679e-03 3.73054e-03 3.61462e-03 3.50731e-03 3.40254e-03 3.29592e-03 3.18641e-03 3.07157e-03 2.94640e-03 2.80662e-03 2.65236e-03 2.49121e-03 2.33796e-03 2.20614e-03 2.09633e-03 1.99823e-03 1.90441e-03 1.81628e-03 1.74427e-03 1.69788e-03 1.67101e-03 1.65292e-03 1.63654e-03 1.61311e-03 1.56742e-03 1.48402e-03 1.37982e-03 1.30012e-03 1.26042e-03 1.23955e-03 1.21943e-03 1.19344e-03 1.15543e-03 1.09994e-03 1.02646e-03 9.38817e-04 8.42257e-04 7.42407e-04 6.45062e-04 5.55271e-04 4.76064e-04 4.08215e-04 3.50957e-04 3.01693e-04 2.55105e-04 2.06511e-04 1.59758e-04 1.25875e-04 1.05505e-04 8.45325e-05 5.53852e-05 2.04891e-05 2.06367e-06 2.49388e-08
15.756011 2.02360e-02 2.86127e-02 2.24149e-02 2.09816e-02 2.26690e-02 2.45282e-02 2.57014e-02 2.71955e-02 2.83043e-02 2.70332e-02 2.35227e-02 1.99381e-02 1.75851e-02 1.63878e-02 1.59004e-02 1.57552e-02 1.57273e-02 1.57170e-02 1.56688e-02 1.55384e-02 1.53075e-02 1.49554e-02 1.44909e-02 1.40269e-02 1.37119e-02 1.35709e-02 1.35058e-02 1.34170e-02 1.32798e-02 1.31439e-02 1.30691e-02 1.30507e-02 1.30331e-02 1.29821e-02 1.29040e-02 1.27966e-02 1.26217e-02 1.23657e-02 1.20654e-02 1.17558e-02 1.14130e-02 1.10278e-02 1.06572e-02 1.03730e-02 1.01754e-02 9.95732e-03 9.59603e-03 9.05579e-03 8.40238e-03 7.74296e-03 7.18150e-03 6.78620e-03 6.53447e-03 6.36399e-03 6.23321e-03 6.12162e-03 6.02007e-03 5.92524e-03 5.83551e-03 5.74866e-03 5.66123e-03 5.56900e-03 5.46798e-03 5.35603e-03 5.23399e-03 5.10503e-03 4.97260e-03 4.83916e-03 4.70592e-03 4.57284e-03 4.43864e-03 4.30223e-03 4.16498e-03 4.03132e-03 3.90572e-03 3.78897e-03 3.67949e-03 3.57666e-03 3.47971e-03 3.38574e-03 3.29067e-03 3.19073e-03 3.08364e-03 2.97077e-03 2.85921e-03 2.75918e-03 2.67541e-03 2.60165e-03 2.52732e-03 2.44836e-03 2.37263e-03 2.31155e-03 2.26651e-03 2.22511e-03 2.16588e-03 2.08032e-03 1.96184e-03 1.78671e-03 1.54385e-03 1.31130e-03 1.18164e-03 1.12517e-03 1.09620e-03 1.07601e-03 1.05348e-03 1.02399e-03 9.86790e-04 9.40887e-04 8.84076e-04 8.15118e-04 7.36450e-04 6.54782e-04 5.78286e-04 5.12294e-04 4.56848e-04 4.06065e-04 3.49514e-04 2.80170e-04 2.04613e-04 1.39510e-04 9.35036e-05 5.93182e-05 3.13361e-05 1.36730e-05 5.62752e-06 1.73727e-06 1.98519e-07 3.29274e-09
16.006107 2.15534e-02 2.95735e-02 2.23394e-02 2.03993e-02 2.09597e-02 2.19647e-02 2.37102e-02 2.59250e-02 2.64187e-02 2.40714e-02 2.06649e-02 1.81308e-02 1.67806e-02 1.62131e-02 1.60297e-02 1.59496e-02 1.58315e-02 1.56562e-02 1.54579e-02 1.52942e-02 1.51777e-02 1.50396e-02 1.48359e-02 1.46147e-02 1.43995e-02 1.41392e-02 1.38424e-02 1.35598e-02 1.32731e-02 1.29615e-02 1.27944e-02 1.28863e-02 1.29504e-02 1.28325e-02 1.26325e-02 1.24684e-02 1.24188e-02 1.23875e-02 1.23140e-02 1.22081e-02 1.21011e-02 1.19693e-02 1.17532e-02 1.14366e-02 1.10404e-02 1.06484e-02 1.03444e-02 1.01031e-02 9.81685e-03 9.39346e-03 8.83626e-03 8.22304e-03 7.63417e-03 7.14503e-03 6.81114e-03 6.60000e-03 6.44336e-03 6.29980e-03 6.15563e-03 6.00876e-03 5.85884e-03 5.70623e-03 5.55341e-03 5.40412e-03 5.26061e-03 5.12208e-03 4.98588e-03 4.85041e-03 4.71668e-03 4.58689e-03 4.46111e-03 4.33614e-03 4.20836e-03 4.07683e-03 3.94305e-03 3.80905e-03 3.67663e-03 3.54832e-03 3.42745e-03 3.31681e-03 3.21733e-03 3.12849e-03 3.05017e-03 2.98281e-03 2.92570e-03 2.87687e-03 2.83149e-03 2.77884e-03 2.71058e-03 2.62886e-03 2.54284e-03 2.45516e-03 2.35398e-03 2.23311e-03 2.09060e-03 1.90927e-03 1.66313e-03 1.40605e-03 1.26299e-03 1.21014e-03 1.17286e-03 1.13626e-03 1.09571e-03 1.04666e-03 9.85657e-04 9.10985e-04 8.23174e-04 7.25430e-04 6.23995e-04 5.27200e-04 4.41200e-04 3.66164e-04 3.00130e-04 2.44852e-04 2.03815e-04 1.77420e-04 1.61605e-04 1.49368e-04 1.32892e-04 1.06324e-04 7.12977e-05 3.82991e-05 1.69130e-05 6.86959e-06 2.54590e-06 6.75498e-07 8.91095e-08 2.01184e-09
16.256202 2.23102e-02 3.01723e-02 2.22554e-02 1.96924e-02 1.97038e-02 2.06851e-02 2.26462e-02 2.45039e-02 2.42968e-02 2.19305e-02 1.92831e-02 1.76243e-02 1.68907e-02 1.66077e-02 1.64231e-02 1.62008e-02 1.59635e-02 1.57616e-02 1.56069e-02 1.54693e-02 1.52864e-02 1.50534e-02 1.48981e-02 1.49542e-02 1.51138e-02 1.51707e-02 1.50186e-02 1.46101e-02 1.39915e-02 1.33195e-02 1.27121e-02 1.22257e-02 1.19161e-02 1.18184e-02 1.18983e-02 1.20188e-02 1.21214e-02 1.22093e-02 1.22702e-02 1.22933e-02 1.23003e-02 1.22986e-02 1.22686e-02 1.21905e-02 1.20443e-02 1.18096e-02 1.14914e-02 1.11429e-02 1.08059e-02 1.04650e-02 1.00894e-02 9.64986e-03 9.13742e-03 8.59776e-03 8.06751e-03 7.52911e-03 7.03144e-03 6.63613e-03 6.33584e-03 6.09819e-03 5.89272e-03 5.70050e-03 5.51316e-03 5.32897e-03 5.14918e-03 4.97472e-03 4.80464e-03 4.63682e-03 4.46949e-03 4.30213e-03 4.13548e-03 3.97124e-03 3.81173e-03 3.65956e-03 3.51744e-03 3.38840e-03 3.27585e-03 3.18317e-03 3.11291e-03 3.06549e-03 3.03695e-03 3.01705e-03 2.99059e-03 2.94421e-03 2.87490e-03 2.79146e-03 2.70542e-03 2.62002e-03 2.53440e-03 2.44826e-03 2.34836e-03 2.21260e-03 2.03514e-03 1.83240e-03 1.61111e-03 1.40223e-03 1.27846e-03 1.22497e-03 1.18931e-03 1.15610e-03 1.12172e-03 1.08197e-03 1.03207e-03 9.69035e-04 8.93225e-04 8.08606e-04 7.21642e-04 6.38917e-04 5.64805e-04 5.00582e-04 4.45271e-04 3.96764e-04 3.52512e-04 3.10638e-04 2.70766e-04 2.31320e-04 1.86595e-04 1.35069e-04 8.88752e-05 6.12169e-05 4.85048e-05 3.76407e-05 2.34704e-05 1.04764e-05 3.11141e-06 6.08611e-07 7.29303e-08 1.78144e-09
16.506297 2.24680e-02 3.01836e-02 2.23077e-02 2.00273e-02 2.01285e-02 2.06402e-02 2.15693e-02 2.23984e-02 2.20293e-02 2.04913e-02 1.88270e-02 1.77085e-02 1.71481e-02 1.69203e-02 1.68264e-02 1.67814e-02 1.67582e-02 1.67098e-02 1.66359e-02 1.66174e-02 1.66143e-02 1.64641e-02 1.61513e-02 1.56595e-02 1.50150e-02 1.42804e-02 1.35272e-02 1.28470e-02 1.22508e-02 1.17676e-02 1.14919e-02 1.14475e-02 1.15734e-02 1.17949e-02 1.20613e-02 1.23147e-02 1.25023e-02 1.26322e-02 1.27456e-02 1.28524e-02 1.29257e-02 1.29454e-02 1.29010e-02 1.27830e-02 1.26054e-02 1.23874e-02 1.21354e-02 1.18474e-02 1.15225e-02 1.11630e-02 1.07690e-02 1.03453e-02 9.91214e-03 9.48281e-03 9.03942e-03 8.55277e-03 8.01666e-03 7.42514e-03 6.80466e-03 6.25296e-03 5.82192e-03 5.49492e-03 5.23355e-03 5.00633e-03 4.79569e-03 4.59364e-03 4.39728e-03 4.20679e-03 4.02463e-03 3.85449e-03 3.69976e-03 3.56196e-03 3.44043e-03 3.33354e-03 3.24037e-03 3.16095e-03 3.09462e-03 3.03847e-03 2.98749e-03 2.93593e-03 2.87817e-03 2.80971e-03 2.72988e-03 2.64366e-03 2.55808e-03 2.47501e-03 2.39183e-03 2.31033e-03 2.23148e-03 2.14056e-03 2.02138e-03 1.88188e-03 1.72983e-03 1.56840e-03 1.43218e-03 1.34448e-03 1.29057e-03 1.24901e-03 1.20952e-03 1.16755e-03 1.11911e-03 1.06047e-03 9.89506e-04 9.06967e-04 8.16862e-04 7.25858e-04 6.41410e-04 5.69357e-04 5.12208e-04 4.69126e-04 4.37265e-04 4.12914e-04 3.91784e-04 3.69208e-04 3.41200e-04 3.06238e-04 2.66067e-04 2.23871e-04 1.80686e-04 1.34187e-04 8.44824e-05 4.14050e-05 1.61652e-05 6.55291e-06 2.79346e-06 7.10758e-07 6.96689e-08 1.35527e-09
16.756393 2.27801e-02 3.10009e-02 2.39201e-02 2.13071e-02 1.95404e-02 1.86152e-02 1.92627e-02 2.04278e-02 2.07657e-02 2.01870e-02 1.94508e-02 1.89829e-02 1.86395e-02 1.82043e-02 1.76738e-02 1.71676e-02 1.67488e-02 1.63843e-02 1.60373e-02 1.56206e-02 1.51670e-02 1.48247e-02 1.46012e-02 1.43165e-02 1.38319e-02 1.32909e-02 1.28465e-02 1.25197e-02 1.22883e-02 1.21107e-02 1.20018e-02 1.19877e-02 1.20609e-02 1.22005e-02 1.23806e-02 1.25920e-02 1.28406e-02 1.31128e-02 1.33588e-02 1.35291e-02 1.35966e-02 1.35431e-02 1.33768e-02 1.31548e-02 1.29284e-02 1.27012e-02 1.24575e-02 1.21865e-02 1.18885e-02 1.15622e-02 1.11940e-02 1.07779e-02 1.03269e-02 9.85312e-03 9.36218e-03 8.86680e-03 8.38261e-03 7.90723e-03 7.41488e-03 6.88564e-03 6.33745e-03 5.82140e-03 5.38714e-03 5.04304e-03 4.76804e-03 4.54079e-03 4.34487e-03 4.16609e-03 3.99509e-03 3.83003e-03 3.67435e-03 3.53204e-03 3.40430e-03 3.28887e-03 3.18154e-03 3.07859e-03 2.97843e-03 2.88221e-03 2.79307e-03 2.71408e-03 2.64621e-03 2.58745e-03 2.53374e-03 2.48035e-03 2.42214e-03 2.35342e-03 2.27150e-03 2.18074e-03 2.08671e-03 1.98980e-03 1.88881e-03 1.77430e-03 1.64878e-03 1.53190e-03 1.43121e-03 1.34912e-03 1.28027e-03 1.21493e-03 1.14828e-03 1.07849e-03 1.00400e-03 9.24232e-04 8.39871e-04 7.52424e-04 6.64466e-04 5.79951e-04 5.03519e-04 4.38923e-04 3.87859e-04 3.50005e-04 3.23717e-04 3.06577e-04 2.95755e-04 2.88462e-04 2.82175e-04 2.73756e-04 2.58665e-04 2.33595e-04 2.00809e-04 1.66573e-04 1.33042e-04 9.69075e-05 5.79576e-05 2.44662e-05 5.99434e-06 6.80213e-07 3.12958e-08 4.75152e-10
17.006488 2.43979e-02 3.31802e-02 2.42513e-02 1.91308e-02 1.74677e-02 1.76946e-02 1.86796e-02 2.00333e-02 2.08380e-02 2.04108e-02 1.91985e-02 1.80324e-02 1.72474e-02 1.67617e-02 1.64296e-02 1.61570e-02 1.58339e-02 1.53885e-02 1.49793e-02 1.47381e-02 1.46414e-02 1.46156e-02 1.45651e-02 1.44272e-02 1.41587e-02 1.37791e-02 1.34451e-02 1.32436e-02 1.30635e-02 1.27247e-02 1.22234e-02 1.18078e-02 1.17315e-02 1.19755e-02 1.23368e-02 1.26898e-02 1.30370e-02 1.34238e-02 1.38681e-02 1.43085e-02 1.46042e-02 1.46188e-02 1.43264e-02 1.38245e-02 1.32506e-02 1.27090e-02 1.22405e-02 1.18424e-02 1.15054e-02 1.12084e-02 1.09146e-02 1.05852e-02 1.02043e-02 9.78928e-03 9.36089e-03 8.92294e-03 8.47863e-03 8.03888e-03 7.61398e-03 7.20892e-03 6.82477e-03 6.45828e-03 6.10080e-03 5.74636e-03 5.40019e-03 5.07193e-03 4.76766e-03 4.48952e-03 4.23805e-03 4.01312e-03 3.81007e-03 3.61979e-03 3.43739e-03 3.26493e-03 3.10718e-03 2.96870e-03 2.85269e-03 2.75981e-03 2.68747e-03 2.63064e-03 2.58368e-03 2.54205e-03 2.50279e-03 2.46347e-03 2.42019e-03 2.36646e-03 2.29475e-03 2.20401e-03 2.10938e-03 2.02733e-03 1.94314e-03 1.84173e-03 1.74048e-03 1.64823e-03 1.56048e-03 1.47814e-03 1.40046e-03 1.32259e-03 1.24137e-03 1.15690e-03 1.07034e-03 9.82273e-04 8.92681e-04 8.01372e-04 7.08785e-04 6.17074e-04 5.30227e-04 4.52421e-04 3.86028e-04 3.31144e-04 2.86311e-04 2.49403e-04 2.18394e-04 1.91901e-04 1.69363e-04 1.50733e-04 1.35546e-04 1.21786e-04 1.06921e-04 9.10141e-05 7.61964e-05 6.33922e-05 5.09721e-05 3.48594e-05 1.57620e-05 3.29573e-06 1.80219e-07 9.95937e-10
17.256584 2.69977e-02 3.46135e-02 2.31028e-02 1.76847e-02 1.67005e-02 1.77732e-02 1.89127e-02 1.89967e-02 1.83397e-02 1.76096e-02 1.70940e-02 1.68076e-02 1.67034e-02 1.66725e-02 1.65394e-02 1.62354e-02 1.58920e-02 1.55998e-02 1.53756e-02 1.52819e-02 1.53612e-02 1.55145e-02 1.55096e-02 1.52095e-02 1.47594e-02 1.43044e-02 1.38288e-02 1.33238e-02 1.28378e-02 1.24577e-02 1.22421e-02 1.21421e-02 1.20807e-02 1.20898e-02 1.22660e-02 1.26204e-02 1.30292e-02 1.33737e-02 1.36446e-02 1.38304e-02 1.38728e-02 1.37642e-02 1.35519e-02 1.32707e-02 1.29318e-02 1.25348e-02 1.20804e-02 1.15923e-02 1.11151e-02 1.06857e-02 1.03221e-02 1.00126e-02 9.72205e-03 9.42043e-03 9.09966e-03 8.76332e-03 8.41072e-03 8.04165e-03 7.66770e-03 7.30492e-03 6.96289e-03 6.64158e-03 6.33224e-03 6.02513e-03 5.71939e-03 5.42138e-03 5.13589e-03 4.86291e-03 4.59818e-03 4.33637e-03 4.07716e-03 3.82702e-03 3.59377e-03 3.38230e-03 3.19595e-03 3.03739e-03 2.90759e-03 2.80569e-03 2.72937e-03 2.67461e-03 2.63533e-03 2.60408e-03 2.57417e-03 2.54183e-03 2.50578e-03 2.46386e-03 2.41012e-03 2.33775e-03 2.25124e-03 2.16704e-03 2.08184e-03 1.98507e-03 1.89205e-03 1.81112e-03 1.73646e-03 1.66499e-03 1.59313e-03 1.51634e-03 1.43595e-03 1.35634e-03 1.28019e-03 1.20718e-03 1.13534e-03 1.06279e-03 9.88387e-04 9.11930e-04 8.34525e-04 7.58133e-04 6.84555e-04 6.14636e-04 5.48359e-04 4.85616e-04 4.26729e-04 3.72085e-04 3.21207e-04 2.72321e-04 2.23722e-04 1.76160e-04 1.32184e-04 9.29915e-05 5.91061e-05 3.24028e-05 1.47087e-05 6.03566e-06 3.05724e-06 1.10536e-06 9.90932e-08 8.58960e-10
17.506679 2.91436e-02 3.57434e-02 2.29768e-02 1.80623e-02 1.78161e-02 1.80132e-02 1.73548e-02 1.66558e-02 1.65289e-02 1.69713e-02 1.76945e-02 1.83026e-02 1.84179e-02 1.79414e-02 1.72275e-02 1.67215e-02 1.64651e-02 1.62753e-02 1.60590e-02 1.57857e-02 1.54318e-02 1.50349e-02 1.47102e-02 1.45331e-02 1.44265e-02 1.42232e-02 1.38348e-02 1.33446e-02 1.29051e-02 1.25877e-02 1.23785e-02 1.22611e-02 1.22517e-02 1.23755e-02 1.26235e-02 1.28876e-02 1.30179e-02 1.29794e-02 1.28046e-02 1.25619e-02 1.23291e-02 1.21291e-02 1.19623e-02 1.18218e-02 1.16933e-02 1.15557e-02 1.13823e-02 1.11493e-02 1.08513e-02 1.05063e-02 1.01453e-02 9.79027e-03 9.44254e-03 9.09604e-03 8.75304e-03 8.42200e-03 8.10447e-03 7.79246e-03 7.47759e-03 7.15782e-03 6.83478e-03 6.50662e-03 6.17420e-03 5.84874e-03 5.54591e-03 5.27632e-03 5.04115e-03 4.83266e-03 4.63731e-03 4.44143e-03 4.23781e-03 4.02857e-03 3.82140e-03 3.62395e-03 3.44172e-03 3.27899e-03 3.13859e-03 3.02060e-03 2.92309e-03 2.84429e-03 2.78295e-03 2.73695e-03 2.70239e-03 2.67386e-03 2.64566e-03 2.61272e-03 2.57043e-03 2.51426e-03 2.44304e-03 2.36472e-03 2.28519e-03 2.19290e-03 2.08782e-03 1.98342e-03 1.88165e-03 1.78487e-03 1.69987e-03 1.62645e-03 1.55886e-03 1.49309e-03 1.42878e-03 1.36709e-03 1.30874e-03 1.25412e-03 1.20361e-03 1.15703e-03 1.11333e-03 1.07069e-03 1.02632e-03 9.76206e-04 9.15322e-04 8.39029e-04 7.45174e-04 6.36097e-04 5.19224e-04 4.05215e-04 3.04235e-04 2.22655e-04 1.61493e-04 1.16651e-04 8.24723e-05 5.55712e-05 3.41382e-05 1.76090e-05 6.44257e-06 1.16885e-06 6.01653e-08 4.39441e-10
17.756774 3.01748e-02 3.65868e-02 2.37500e-02 1.87052e-02 1.72955e-02 1.65403e-02 1.64269e-02 1.73556e-02 1.86309e-02 1.92401e-02 1.89847e-02 1.84268e-02 1.79276e-02 1.74037e-02 1.68032e-02 1.62757e-02 1.59453e-02 1.57518e-02 1.55414e-02 1.52612e-02 1.49653e-02 1.47087e-02 1.45695e-02 1.45525e-02 1.45836e-02 1.46127e-02 1.45918e-02 1.44293e-02 1.40832e-02 1.36790e-02 1.34096e-02 1.33086e-02 1.32406e-02 1.30670e-02 1.27291e-02 1.22901e-02 1.19307e-02 1.17872e-02 1.18086e-02 1.17589e-02 1.15535e-02 1.12731e-02 1.09538e-02 1.06270e-02 1.03350e-02 1.01071e-02 9.94941e-03 9.84474e-03 9.75838e-03 9.64732e-03 9.48100e-03 9.25776e-03 9.00133e-03 8.74142e-03 8.48845e-03 8.22680e-03 7.94074e-03 7.63330e-03 7.31590e-03 6.99752e-03 6.68432e-03 6.37916e-03 6.07941e-03 5.78055e-03 5.48464e-03 5.20143e-03 4.94113e-03 4.70944e-03 4.50691e-03 4.33019e-03 4.17356e-03 4.03003e-03 3.89318e-03 3.75990e-03 3.63058e-03 3.50616e-03 3.38652e-03 3.27193e-03 3.16389e-03 3.06446e-03 2.97560e-03 2.89917e-03 2.83672e-03 2.78835e-03 2.75147e-03 2.72085e-03 2.69002e-03 2.65214e-03 2.59999e-03 2.52796e-03 2.43822e-03 2.33835e-03 2.22674e-03 2.10289e-03 1.98134e-03 1.87577e-03 1.79852e-03 1.74494e-03 1.69541e-03 1.64063e-03 1.57999e-03 1.51503e-03 1.44967e-03 1.39001e-03 1.34150e-03 1.30649e-03 1.28412e-03 1.27151e-03 1.26453e-03 1.25752e-03 1.24323e-03 1.21378e-03 1.16186e-03 1.08194e-03 9.72108e-04 8.36414e-04 6.85425e-04 5.33416e-04 3.93996e-04 2.76555e-04 1.84944e-04 1.17156e-04 6.73871e-05 3.12604e-05 9.17967e-06 1.12494e-06 3.33839e-08 1.99464e-10
18.006870 3.06957e-02 3.75231e-02 2.44001e-02 1.82933e-02 1.62855e-02 1.66650e-02 1.80000e-02 1.85902e-02 1.81205e-02 1.74109e-02 1.68837e-02 1.65333e-02 1.63718e-02 1.63707e-02 1.63539e-02 1.61995e-02 1.59516e-02 1.56860e-02 1.54976e-02 1.54539e-02 1.55397e-02 1.57112e-02 1.58893e-02 1.59583e-02 1.58862e-02 1.57750e-02 1.57462e-02 1.58085e-02 1.58561e-02 1.57772e-02 1.54921e-02 1.49209e-02 1.40528e-02 1.30233e-02 1.20419e-02 1.13054e-02 1.08839e-02 1.06918e-02 1.06154e-02 1.06072e-02 1.05958e-02 1.04534e-02 1.01781e-02 9.84893e-03 9.49743e-03 9.19137e-03 8.97437e-03 8.82336e-03 8.71563e-03 8.63842e-03 8.57121e-03 8.49011e-03 8.37249e-03 8.20225e-03 7.98287e-03 7.74087e-03 7.50822e-03 7.29723e-03 7.09310e-03 6.87332e-03 6.63032e-03 6.37296e-03 6.11329e-03 5.85893e-03 5.61408e-03 5.38078e-03 5.15897e-03 4.94765e-03 4.74590e-03 4.55293e-03 4.36828e-03 4.19292e-03 4.03026e-03 3.88455e-03 3.75725e-03 3.64565e-03 3.54540e-03 3.45189e-03 3.35926e-03 3.26180e-03 3.15795e-03 3.05110e-03 2.94640e-03 2.84799e-03 2.75848e-03 2.67881e-03 2.60735e-03 2.53984e-03 2.47138e-03 2.39891e-03 2.32252e-03 2.24606e-03 2.17599e-03 2.11392e-03 2.05093e-03 1.98231e-03 1.91739e-03 1.86682e-03 1.82500e-03 1.78024e-03 1.72935e-03 1.67307e-03 1.61332e-03 1.55358e-03 1.49909e-03 1.45595e-03 1.42909e-03 1.42001e-03 1.42493e-03 1.43474e-03 1.43798e-03 1.42496e-03 1.38976e-03 1.32931e-03 1.24165e-03 1.12679e-03 9.89639e-04 8.40860e-04 6.93526e-04 5.57453e-04 4.35588e-04 3.25690e-04 2.26016e-04 1.37207e-04 6.34381e-05 1.61625e-05 1.20267e-06 1.05800e-08
18.256965 3.06307e-02 3.81913e-02 2.52893e-02 1.92329e-02 1.76558e-02 1.73048e-02 1.68335e-02 1.65348e-02 1.63982e-02 1.62016e-02 1.59581e-02 1.57950e-02 1.58438e-02 1.61160e-02 1.63637e-02 1.63383e-02 1.60705e-02 1.57889e-02 1.56278e-02 1.56053e-02 1.57690e-02 1.61241e-02 1.65433e-02 1.68804e-02 1.70591e-02 1.71022e-02 1.70854e-02 1.69970e-02 1.67183e-02 1.61818e-02 1.54580e-02 1.46598e-02 1.38583e-02 1.30758e-02 1.23119e-02 1.16232e-02 1.10986e-02 1.07488e-02 1.05134e-02 1.03214e-02 1.01350e-02 9.94212e-03 9.71549e-03 9.40819e-03 9.04662e-03 8.73896e-03 8.47159e-03 8.24944e-03 8.09041e-03 7.94605e-03 7.81658e-03 7.70676e-03 7.61339e-03 7.52868e-03 7.44121e-03 7.33866e-03 7.21214e-03 7.05854e-03 6.88144e-03 6.69044e-03 6.49586e-03 6.30157e-03 6.10409e-03 5.89944e-03 5.68932e-03 5.48034e-03 5.27926e-03 5.08979e-03 4.91204e-03 4.74344e-03 4.58054e-03 4.42098e-03 4.26431e-03 4.11174e-03 3.96580e-03 3.82981e-03 3.70613e-03 3.59365e-03 3.48822e-03 3.38588e-03 3.28383e-03 3.17902e-03 3.06884e-03 2.95301e-03 2.83344e-03 2.71349e-03 2.59814e-03 2.49295e-03 2.40087e-03 2.32044e-03 2.24770e-03 2.17990e-03 2.11764e-03 2.06359e-03 2.01864e-03 1.98054e-03 1.94926e-03 1.92588e-03 1.90729e-03 1.88743e-03 1.86162e-03 1.82911e-03 1.79030e-03 1.74671e-03 1.70266e-03 1.66358e-03 1.63289e-03 1.61049e-03 1.59166e-03 1.56748e-03 1.52933e-03 1.47323e-03 1.39978e-03 1.31109e-03 1.20837e-03 1.09253e-03 9.67114e-04 8.39418e-04 7.17436e-04 6.04790e-04 4.98429e-04 3.91811e-04 2.82887e-04 1.76243e-04 8.24756e-05 2.11656e-05 1.57259e-06 1.36136e-08
18.507061 3.01830e-02 3.90354e-02 2.77293e-02 2.14470e-02 1.81187e-02 1.68733e-02 1.67306e-02 1.66879e-02 1.64096e-02 1.59935e-02 1.56294e-02 1.54453e-02 1.54174e-02 1.54118e-02 1.53376e-02 1.52644e-02 1.52556e-02 1.52468e-02 1.51788e-02 1.51626e-02 1.53465e-02 1.56895e-02 1.60513e-02 1.63688e-02 1.66337e-02 1.67775e-02 1.66950e-02 1.63621e-02 1.58737e-02 1.53813e-02 1.49726e-02 1.46146e-02 1.42243e-02 1.37455e-02 1.31559e-02 1.24827e-02 1.18309e-02 1.13146e-02 1.09447e-02 1.06586e-02 1.04097e-02 1.01760e-02 9.94023e-03 9.69281e-03 9.41884e-03 9.06189e-03 8.61538e-03 8.22460e-03 7.93059e-03 7.71324e-03 7.58604e-03 7.50478e-03 7.42904e-03 7.34547e-03 7.25521e-03 7.15792e-03 7.04596e-03 6.91249e-03 6.75793e-03 6.58683e-03 6.40366e-03 6.21356e-03 6.02313e-03 5.83759e-03 5.65825e-03 5.48354e-03 5.31147e-03 5.14005e-03 4.96731e-03 4.79266e-03 4.61814e-03 4.44743e-03 4.28369e-03 4.12879e-03 3.98364e-03 3.84893e-03 3.72546e-03 3.61345e-03 3.51106e-03 3.41457e-03 3.32026e-03 3.22485e-03 3.12422e-03 3.01370e-03 2.89059e-03 2.75768e-03 2.62435e-03 2.50160e-03 2.39504e-03 2.30302e-03 2.22017e-03 2.14298e-03 2.07293e-03 2.01510e-03 1.97362e-03 1.94811e-03 1.93632e-03 1.93972e-03 1.95844e-03 1.98456e-03 2.00802e-03 2.02276e-03 2.02719e-03 2.02208e-03 2.00747e-03 1.97970e-03 1.93274e-03 1.86410e-03 1.77798e-03 1.68154e-03 1.57989e-03 1.47518e-03 1.36850e-03 1.26059e-03 1.15084e-03 1.03801e-03 9.23265e-04 8.11643e-04 7.08390e-04 6.13019e-04 5.18551e-04 4.17225e-04 3.06882e-04 1.92223e-04 8.83207e-05 2.18023e-05 1.53767e-06 1.22437e-08
18.757156 2.97277e-02 4.00464e-02 2.97263e-02 2.34049e-02 1.97203e-02 1.77413e-02 1.67331e-02 1.62139e-02 1.59225e-02 1.56900e-02 1.54427e-02 1.51282e-02 1.47481e-02 1.43880e-02 1.41214e-02 1.39746e-02 1.39362e-02 1.39496e-02 1.40072e-02 1.41824e-02 1.44793e-02 1.48069e-02 1.50983e-02 1.53365e-02 1.55094e-02 1.55889e-02 1.55501e-02 1.53840e-02 1.51099e-02 1.47941e-02 1.45096e-02 1.42800e-02 1.40876e-02 1.38876e-02 1.36179e-02 1.32447e-02 1.27785e-02 1.22530e-02 1.17197e-02 1.12316e-02 1.08141e-02 1.04682e-02 1.01820e-02 9.93678e-03 9.71166e-03 9.47989e-03 9.21113e-03 8.87406e-03 8.47552e-03 8.09807e-03 7.77313e-03 7.51398e-03 7.35184e-03 7.25578e-03 7.20266e-03 7.16499e-03 7.11010e-03 7.02058e-03 6.89868e-03 6.75426e-03 6.59584e-03 6.42915e-03 6.25887e-03 6.09451e-03 5.94694e-03 5.80681e-03 5.64710e-03 5.45218e-03 5.22835e-03 4.99307e-03 4.76290e-03 4.54837e-03 4.35424e-03 4.18170e-03 4.03017e-03 3.89839e-03 3.78456e-03 3.68591e-03 3.59862e-03 3.51736e-03 3.43468e-03 3.34248e-03 3.23507e-03 3.11092e-03 2.97363e-03 2.83209e-03 2.69671e-03 2.57477e-03 2.46824e-03 2.37292e-03 2.28247e-03 2.19546e-03 2.11627e-03 2.05031e-03 1.99943e-03 1.96297e-03 1.94393e-03 1.95135e-03 1.99198e-03 2.05607e-03 2.12098e-03 2.17119e-03 2.19912e-03 2.19644e-03 2.15859e-03 2.08932e-03 1.99725e-03 1.89110e-03 1.77759e-03 1.66105e-03 1.54365e-03 1.42645e-03 1.31081e-03 1.19844e-03 1.08894e-03 9.78909e-04 8.67059e-04 7.58767e-04 6.61719e-04 5.77284e-04 4.97421e-04 4.11168e-04 3.12872e-04 2.03551e-04 9.69570e-05 2.46219e-05 1.75695e-06 1.39282e-08
19.007252 2.88933e-02 4.03813e-02 3.15659e-02 2.52075e-02 2.04737e-02 1.74744e-02 1.59352e-02 1.54094e-02 1.53416e-02 1.53015e-02 1.50671e-02 1.45921e-02 1.39623e-02 1.33428e-02 1.29244e-02 1.27972e-02 1.28908e-02 1.30485e-02 1.31782e-02 1.33350e-02 1.35817e-02 1.38948e-02 1.42188e-02 1.45160e-02 1.47556e-02 1.49092e-02 1.49616e-02 1.49061e-02 1.47395e-02 1.44858e-02 1.41967e-02 1.39213e-02 1.36948e-02 1.35249e-02 1.33912e-02 1.32625e-02 1.30912e-02 1.28367e-02 1.25049e-02 1.21323e-02 1.17368e-02 1.13195e-02 1.09040e-02 1.05325e-02 1.02247e-02 9.96010e-03 9.69491e-03 9.38724e-03 9.01928e-03 8.61371e-03 8.20587e-03 7.81472e-03 7.46895e-03 7.18428e-03 6.97841e-03 6.83894e-03 6.74615e-03 6.69027e-03 6.65937e-03 6.63686e-03 6.60377e-03 6.54633e-03 6.46992e-03 6.39196e-03 6.29912e-03 6.15404e-03 5.95172e-03 5.71810e-03 5.47643e-03 5.24006e-03 5.01743e-03 4.81358e-03 4.63060e-03 4.46926e-03 4.32999e-03 4.21268e-03 4.11532e-03 4.03074e-03 3.94399e-03 3.83742e-03 3.70291e-03 3.54763e-03 3.38580e-03 3.22759e-03 3.07701e-03 2.93666e-03 2.81106e-03 2.70248e-03 2.60629e-03 2.51621e-03 2.43099e-03 2.35374e-03 2.28770e-03 2.23340e-03 2.18780e-03 2.14697e-03 2.11227e-03 2.09177e-03 2.09699e-03 2.13826e-03 2.21170e-03 2.28140e-03 2.29157e-03 2.23210e-03 2.14987e-03 2.07444e-03 2.00127e-03 1.92136e-03 1.83118e-03 1.73009e-03 1.61778e-03 1.49384e-03 1.35879e-03 1.21558e-03 1.06939e-03 9.24942e-04 7.84638e-04 6.50851e-04 5.29367e-04 4.28040e-04 3.49187e-04 2.83650e-04 2.18273e-04 1.46507e-04 7.30231e-05 1.94314e-05 1.42935e-06 1.15825e-08
19.257347 2.68111e-02 3.88959e-02 3.15729e-02 2.56663e-02 2.08941e-02 1.76226e-02 1.58754e-02 1.50636e-02 1.45940e-02 1.42545e-02 1.39568e-02 1.36275e-02 1.32728e-02 1.29479e-02 1.27090e-02 1.26328e-02 1.26877e-02 1.27167e-02 1.26827e-02 1.26880e-02 1.28264e-02 1.30915e-02 1.34219e-02 1.37692e-02 1.41102e-02 1.44232e-02 1.46738e-02 1.48118e-02 1.47858e-02 1.45897e-02 1.42691e-02 1.38911e-02 1.35300e-02 1.32338e-02 1.30082e-02 1.28384e-02 1.26993e-02 1.25605e-02 1.23991e-02 1.22072e-02 1.19919e-02 1.17676e-02 1.15415e-02 1.13064e-02 1.10507e-02 1.07727e-02 1.04817e-02 1.01823e-02 9.86714e-03 9.52910e-03 9.16270e-03 8.76489e-03 8.34473e-03 7.91902e-03 7.50867e-03 7.12781e-03 6.79000e-03 6.53723e-03 6.36749e-03 6.24919e-03 6.16874e-03 6.11470e-03 6.05372e-03 5.94488e-03 5.78332e-03 5.59977e-03 5.42258e-03 5.26029e-03 5.11252e-03 4.97824e-03 4.85678e-03 4.74917e-03 4.65926e-03 4.59196e-03 4.54767e-03 4.51455e-03 4.46551e-03 4.37048e-03 4.22022e-03 4.03479e-03 3.84380e-03 3.66425e-03 3.49910e-03 3.34766e-03 3.21074e-03 3.08900e-03 2.98193e-03 2.88857e-03 2.80728e-03 2.73482e-03 2.66748e-03 2.60261e-03 2.53630e-03 2.46295e-03 2.38201e-03 2.29994e-03 2.23220e-03 2.20033e-03 2.21225e-03 2.25469e-03 2.30873e-03 2.36407e-03 2.41093e-03 2.43132e-03 2.41508e-03 2.37247e-03 2.32324e-03 2.27831e-03 2.23378e-03 2.17853e-03 2.10229e-03 1.99830e-03 1.86262e-03 1.69366e-03 1.49287e-03 1.26625e-03 1.02537e-03 7.86756e-04 5.68540e-04 3.85033e-04 2.43143e-04 1.44824e-04 8.62686e-05 5.19324e-05 2.58594e-05 7.14050e-06 5.51632e-07 5.04463e-09
19.507442 2.44960e-02 3.66030e-02 3.06162e-02 2.58055e-02 2.17691e-02 1.85724e-02 1.62553e-02 1.47561e-02 1.39822e-02 1.36819e-02 1.35844e-02 1.35280e-02 1.34399e-02 1.32702e-02 1.30175e-02 1.27488e-02 1.24948e-02 1.22596e-02 1.20915e-02 1.20110e-02 1.20044e-02 1.20878e-02 1.22835e-02 1.25843e-02 1.29610e-02 1.33793e-02 1.38119e-02 1.42162e-02 1.45154e-02 1.46485e-02 1.46205e-02 1.44758e-02 1.42695e-02 1.40485e-02 1.38053e-02 1.35099e-02 1.31781e-02 1.28504e-02 1.25472e-02 1.22648e-02 1.19943e-02 1.17353e-02 1.14897e-02 1.12565e-02 1.10271e-02 1.07844e-02 1.05157e-02 1.02206e-02 9.91081e-03 9.60790e-03 9.33325e-03 9.09272e-03 8.87067e-03 8.63546e-03 8.35768e-03 8.02912e-03 7.65849e-03 7.26103e-03 6.85855e-03 6.45908e-03 6.09710e-03 5.82749e-03 5.60663e-03 5.39386e-03 5.21000e-03 5.06419e-03 4.94735e-03 4.85090e-03 4.77107e-03 4.70886e-03 4.66908e-03 4.65579e-03 4.66452e-03 4.67754e-03 4.66698e-03 4.60595e-03 4.48472e-03 4.31865e-03 4.13619e-03 3.95895e-03 3.79503e-03 3.64437e-03 3.50301e-03 3.36617e-03 3.23428e-03 3.11482e-03 3.01450e-03 2.93341e-03 2.87061e-03 2.82862e-03 2.79724e-03 2.73904e-03 2.63241e-03 2.51179e-03 2.44053e-03 2.46246e-03 2.54111e-03 2.57673e-03 2.52875e-03 2.43859e-03 2.35282e-03 2.29143e-03 2.25710e-03 2.24057e-03 2.22869e-03 2.21456e-03 2.19818e-03 2.18343e-03 2.17832e-03 2.19159e-03 2.21989e-03 2.24408e-03 2.24194e-03 2.19872e-03 2.10814e-03 1.96926e-03 1.78422e-03 1.55774e-03 1.29783e-03 1.01679e-03 7.32626e-04 4.69415e-04 2.53265e-04 1.04408e-04 2.76603e-05 3.67700e-06 1.98555e-07 2.89805e-09
19.757538 2.31106e-02 3.51637e-02 3.01198e-02 2.62579e-02 2.26186e-02 1.90459e-02 1.63391e-02 1.50150e-02 1.46724e-02 1.45937e-02 1.43475e-02 1.38609e-02 1.32863e-02 1.27997e-02 1.24307e-02 1.21304e-02 1.18758e-02 1.16738e-02 1.15374e-02 1.14799e-02 1.14999e-02 1.15686e-02 1.16773e-02 1.18601e-02 1.21461e-02 1.25422e-02 1.30318e-02 1.35617e-02 1.40652e-02 1.45193e-02 1.49283e-02 1.52165e-02 1.52225e-02 1.49029e-02 1.44475e-02 1.40179e-02 1.36178e-02 1.32603e-02 1.29661e-02 1.27120e-02 1.24614e-02 1.21897e-02 1.18846e-02 1.15484e-02 1.11948e-02 1.08401e-02 1.04992e-02 1.01805e-02 9.88566e-03 9.61296e-03 9.35736e-03 9.11405e-03 8.88461e-03 8.67843e-03 8.50646e-03 8.36824e-03 8.23975e-03 8.07293e-03 7.81093e-03 7.43711e-03 7.00353e-03 6.56231e-03 6.12640e-03 5.68885e-03 5.30963e-03 5.10173e-03 5.02492e-03 4.97668e-03 4.92927e-03 4.88803e-03 4.85693e-03 4.82754e-03 4.78061e-03 4.69860e-03 4.57702e-03 4.42903e-03 4.27898e-03 4.14731e-03 4.03995e-03 3.95050e-03 3.86804e-03 3.78084e-03 3.67927e-03 3.56701e-03 3.46883e-03 3.40570e-03 3.34501e-03 3.22582e-03 3.06857e-03 2.95684e-03 2.89597e-03 2.85553e-03 2.84564e-03 2.85232e-03 2.82642e-03 2.65611e-03 2.35452e-03 2.08600e-03 1.92674e-03 1.84696e-03 1.79453e-03 1.74667e-03 1.70004e-03 1.65785e-03 1.62136e-03 1.58656e-03 1.55100e-03 1.51991e-03 1.50243e-03 1.50383e-03 1.52484e-03 1.56183e-03 1.60249e-03 1.63169e-03 1.64040e-03 1.62555e-03 1.58715e-03 1.52584e-03 1.44131e-03 1.33015e-03 1.18392e-03 9.93397e-04 7.58663e-04 4.96910e-04 2.43354e-04 6.32681e-05 4.64229e-06 4.21976e-08
20.007633 2.26298e-02 3.44818e-02 2.97633e-02 2.61728e-02 2.24485e-02 1.90386e-02 1.68848e-02 1.59263e-02 1.54695e-02 1.49125e-02 1.40486e-02 1.30460e-02 1.21757e-02 1.15614e-02 1.11945e-02 1.10428e-02 1.10801e-02 1.12570e-02 1.15004e-02 1.17408e-02 1.19386e-02 1.20980e-02 1.22517e-02 1.24292e-02 1.26539e-02 1.29463e-02 1.32899e-02 1.36197e-02 1.38739e-02 1.40328e-02 1.41160e-02 1.41732e-02 1.42343e-02 1.42724e-02 1.42310e-02 1.40732e-02 1.38255e-02 1.35607e-02 1.33280e-02 1.31192e-02 1.29048e-02 1.26728e-02 1.24257e-02 1.21637e-02 1.18824e-02 1.15818e-02 1.12729e-02 1.09702e-02 1.06791e-02 1.03943e-02 1.01018e-02 9.78152e-03 9.42828e-03 9.07347e-03 8.75304e-03 8.47286e-03 8.22995e-03 8.03184e-03 7.88882e-03 7.80051e-03 7.74391e-03 7.66408e-03 7.49635e-03 7.22431e-03 6.88747e-03 6.52593e-03 6.15537e-03 5.79420e-03 5.53199e-03 5.35828e-03 5.16984e-03 4.96518e-03 4.75560e-03 4.54246e-03 4.33915e-03 4.16079e-03 4.01481e-03 3.90298e-03 3.82286e-03 3.76020e-03 3.68884e-03 3.59770e-03 3.50635e-03 3.43149e-03 3.36383e-03 3.29742e-03 3.24957e-03 3.23497e-03 3.21318e-03 3.09345e-03 2.88640e-03 2.67727e-03 2.45255e-03 2.16460e-03 1.92255e-03 1.80542e-03 1.73882e-03 1.67587e-03 1.62060e-03 1.57332e-03 1.53230e-03 1.49431e-03 1.45766e-03 1.42333e-03 1.39146e-03 1.36074e-03 1.33167e-03 1.30647e-03 1.28509e-03 1.26396e-03 1.23889e-03 1.20729e-03 1.16771e-03 1.12123e-03 1.07275e-03 1.02778e-03 9.88013e-04 9.49991e-04 9.07284e-04 8.53430e-04 7.81642e-04 6.82429e-04 5.47280e-04 3.79133e-04 2.00530e-04 6.00439e-05 5.44472e-06 6.67420e-08
20.257729 2.24199e-02 3.37154e-02 2.87388e-02 2.52453e-02 2.22183e-02 1.97631e-02 1.79687e-02 1.65298e-02 1.52104e-02 1.39697e-02 1.28352e-02 1.18430e-02 1.10358e-02 1.05755e-02 1.06623e-02 1.12045e-02 1.18534e-02 1.23711e-02 1.27330e-02 1.30016e-02 1.32354e-02 1.34638e-02 1.36879e-02 1.38798e-02 1.39885e-02 1.39796e-02 1.38793e-02 1.37549e-02 1.36696e-02 1.36519e-02 1.36706e-02 1.36643e-02 1.36152e-02 1.35525e-02 1.34978e-02 1.34571e-02 1.34246e-02 1.33713e-02 1.32850e-02 1.31697e-02 1.30302e-02 1.28640e-02 1.26582e-02 1.24002e-02 1.20901e-02 1.17631e-02 1.14902e-02 1.13126e-02 1.11687e-02 1.09391e-02 1.05850e-02 1.01745e-02 9.77867e-03 9.41663e-03 9.08011e-03 8.76573e-03 8.47958e-03 8.22391e-03 7.99394e-03 7.78701e-03 7.60507e-03 7.45322e-03 7.33333e-03 7.22865e-03 7.09941e-03 6.90764e-03 6.66207e-03 6.40354e-03 6.12435e-03 5.77561e-03 5.35546e-03 4.93382e-03 4.61305e-03 4.39113e-03 4.21590e-03 4.06595e-03 3.92688e-03 3.80244e-03 3.70436e-03 3.62821e-03 3.55631e-03 3.48386e-03 3.41724e-03 3.35502e-03 3.28844e-03 3.19804e-03 3.05229e-03 2.82778e-03 2.56198e-03 2.30845e-03 2.07240e-03 1.89373e-03 1.79819e-03 1.74691e-03 1.71441e-03 1.69420e-03 1.68599e-03 1.68689e-03 1.69172e-03 1.69473e-03 1.69180e-03 1.68105e-03 1.66231e-03 1.63672e-03 1.60568e-03 1.57011e-03 1.53045e-03 1.48592e-03 1.43344e-03 1.36746e-03 1.28144e-03 1.17157e-03 1.04174e-03 9.03839e-04 7.70981e-04 6.51285e-04 5.48545e-04 4.65303e-04 4.02188e-04 3.54181e-04 3.10233e-04 2.60204e-04 2.00636e-04 1.32957e-04 6.58659e-05 1.83721e-05 1.64293e-06 2.13131e-08
20.507824 2.15442e-02 3.18172e-02 2.69256e-02 2.46480e-02 2.33597e-02 2.14352e-02 1.88100e-02 1.63454e-02 1.44634e-02 1.30981e-02 1.22137e-02 1.18533e-02 1.18680e-02 1.20207e-02 1.23110e-02 1.27832e-02 1.33121e-02 1.38073e-02 1.42099e-02 1.44565e-02 1.45275e-02 1.44529e-02 1.42941e-02 1.41211e-02 1.40063e-02 1.39928e-02 1.40261e-02 1.39766e-02 1.37865e-02 1.35425e-02 1.33397e-02 1.31827e-02 1.30483e-02 1.29427e-02 1.28687e-02 1.28069e-02 1.27202e-02 1.26475e-02 1.27663e-02 1.30832e-02 1.31870e-02 1.28090e-02 1.21775e-02 1.15896e-02 1.11519e-02 1.08313e-02 1.05601e-02 1.02999e-02 1.00415e-02 9.79051e-03 9.55935e-03 9.34984e-03 9.15354e-03 8.96865e-03 8.79841e-03 8.63928e-03 8.48070e-03 8.31692e-03 8.15047e-03 7.97867e-03 7.78922e-03 7.57932e-03 7.36103e-03 7.14225e-03 6.92478e-03 6.71364e-03 6.50800e-03 6.29414e-03 6.05812e-03 5.79891e-03 5.52640e-03 5.25177e-03 4.97913e-03 4.70672e-03 4.43880e-03 4.19094e-03 3.98504e-03 3.82988e-03 3.71207e-03 3.62847e-03 3.56135e-03 3.48660e-03 3.39870e-03 3.29929e-03 3.18039e-03 3.03576e-03 2.86833e-03 2.68282e-03 2.47928e-03 2.28426e-03 2.15248e-03 2.07931e-03 2.03113e-03 1.99590e-03 1.96684e-03 1.93938e-03 1.91316e-03 1.89130e-03 1.87683e-03 1.87005e-03 1.86980e-03 1.87490e-03 1.88355e-03 1.89201e-03 1.89386e-03 1.88220e-03 1.85472e-03 1.81393e-03 1.75904e-03 1.68106e-03 1.56810e-03 1.41545e-03 1.23138e-03 1.03183e-03 8.28754e-04 6.28224e-04 4.41736e-04 2.89267e-04 1.82668e-04 1.15981e-04 7.59298e-05 5.15697e-05 3.53086e-05 2.24578e-05 1.13750e-05 3.41326e-06 3.56267e-07 5.22109e-09
20.757919 1.98219e-02 2.92665e-02 2.59810e-02 2.52598e-02 2.44651e-02 2.24053e-02 1.92723e-02 1.61306e-02 1.41517e-02 1.35260e-02 1.35811e-02 1.36656e-02 1.36925e-02 1.38701e-02 1.42303e-02 1.46374e-02 1.49567e-02 1.51164e-02 1.51341e-02 1.50634e-02 1.49287e-02 1.47378e-02 1.45411e-02 1.43963e-02 1.42329e-02 1.39543e-02 1.35875e-02 1.32628e-02 1.30565e-02 1.29200e-02 1.27803e-02 1.26052e-02 1.24167e-02 1.22199e-02 1.19718e-02 1.16610e-02 1.13133e-02 1.09784e-02 1.06994e-02 1.04973e-02 1.03775e-02 1.03298e-02 1.03287e-02 1.03347e-02 1.03239e-02 1.03033e-02 1.02805e-02 1.02437e-02 1.01764e-02 1.00741e-02 9.94211e-03 9.78694e-03 9.61184e-03 9.41938e-03 9.21271e-03 8.99311e-03 8.76109e-03 8.52019e-03 8.27601e-03 8.03449e-03 7.80258e-03 7.58494e-03 7.37964e-03 7.18235e-03 6.98744e-03 6.78005e-03 6.54360e-03 6.27948e-03 6.00623e-03 5.74143e-03 5.49293e-03 5.26313e-03 5.05238e-03 4.85696e-03 4.66582e-03 4.46490e-03 4.25410e-03 4.04596e-03 3.84641e-03 3.66436e-03 3.51508e-03 3.40606e-03 3.32287e-03 3.24321e-03 3.15309e-03 3.04336e-03 2.91495e-03 2.77517e-03 2.63629e-03 2.51972e-03 2.44006e-03 2.39131e-03 2.35772e-03 2.32800e-03 2.29536e-03 2.25639e-03 2.20931e-03 2.15452e-03 2.09688e-03 2.04388e-03 2.00104e-03 1.97050e-03 1.95110e-03 1.93497e-03 1.90867e-03 1.86913e-03 1.83243e-03 1.81108e-03 1.79336e-03 1.75274e-03 1.66730e-03 1.53381e-03 1.37135e-03 1.20407e-03 1.04261e-03 8.84975e-04 7.25137e-04 5.58895e-04 3.90935e-04 2.40615e-04 1.29964e-04 6.33596e-05 2.85671e-05 1.15215e-05 3.61016e-06 6.79770e-07 5.50657e-08 8.27912e-10
21.008015 1.81497e-02 2.72983e-02 2.52269e-02 2.50177e-02 2.44564e-02 2.23766e-02 1.94229e-02 1.73905e-02 1.69614e-02 1.68922e-02 1.61878e-02 1.53069e-02 1.48131e-02 1.47413e-02 1.49397e-02 1.52732e-02 1.56435e-02 1.59698e-02 1.61566e-02 1.61260e-02 1.59072e-02 1.55634e-02 1.50960e-02 1.45559e-02 1.40424e-02 1.35725e-02 1.31190e-02 1.26868e-02 1.23250e-02 1.20494e-02 1.17673e-02 1.13830e-02 1.09232e-02 1.04996e-02 1.01898e-02 9.98799e-03 9.83131e-03 9.67912e-03 9.59332e-03 9.65968e-03 9.83871e-03 1.00060e-02 1.01022e-02 1.01490e-02 1.01782e-02 1.02036e-02 1.02284e-02 1.02487e-02 1.02526e-02 1.02211e-02 1.01356e-02 9.98928e-03 9.78828e-03 9.54750e-03 9.28890e-03 9.03321e-03 8.79093e-03 8.56167e-03 8.33969e-03 8.11943e-03 7.89808e-03 7.67518e-03 7.45031e-03 7.22247e-03 6.99274e-03 6.76649e-03 6.54995e-03 6.34564e-03 6.15383e-03 5.97320e-03 5.79580e-03 5.60820e-03 5.40360e-03 5.18810e-03 4.96823e-03 4.73406e-03 4.46963e-03 4.19072e-03 3.94458e-03 3.74835e-03 3.57944e-03 3.42109e-03 3.26462e-03 3.10393e-03 2.94670e-03 2.81663e-03 2.72164e-03 2.64469e-03 2.57355e-03 2.50129e-03 2.42532e-03 2.35253e-03 2.29264e-03 2.24739e-03 2.21086e-03 2.17523e-03 2.13468e-03 2.08678e-03 2.03359e-03 1.98141e-03 1.93652e-03 1.89923e-03 1.86327e-03 1.82209e-03 1.77662e-03 1.73579e-03 1.70616e-03 1.68317e-03 1.65427e-03 1.60552e-03 1.52481e-03 1.40605e-03 1.26274e-03 1.12040e-03 9.91591e-04 8.72645e-04 7.55491e-04 6.33730e-04 5.03155e-04 3.66493e-04 2.38268e-04 1.36265e-04 6.80485e-05 2.86418e-05 8.90839e-06 1.50789e-06 7.72768e-08 5.09228e-10
21.258110 1.72730e-02 2.57647e-02 2.34167e-02 2.27404e-02 2.25541e-02 2.23712e-02 2.14287e-02 1.98483e-02 1.82677e-02 1.68209e-02 1.57872e-02 1.53354e-02 1.53000e-02 1.54916e-02 1.57711e-02 1.60353e-02 1.62510e-02 1.64478e-02 1.66385e-02 1.67424e-02 1.65855e-02 1.60713e-02 1.53339e-02 1.45889e-02 1.39308e-02 1.33556e-02 1.28453e-02 1.23618e-02 1.18559e-02 1.13601e-02 1.09348e-02 1.05531e-02 1.01803e-02 9.87949e-03 9.71994e-03 9.67567e-03 9.67741e-03 9.68842e-03 9.71114e-03 9.76580e-03 9.85711e-03 9.96791e-03 1.00804e-02 1.01869e-02 1.02844e-02 1.03661e-02 1.04191e-02 1.04309e-02 1.03961e-02 1.03146e-02 1.01900e-02 1.00321e-02 9.85262e-03 9.65957e-03 9.45852e-03 9.25741e-03 9.06448e-03 8.88199e-03 8.70529e-03 8.52649e-03 8.33781e-03 8.13518e-03 7.92099e-03 7.70305e-03 7.48869e-03 7.27860e-03 7.06654e-03 6.84552e-03 6.61373e-03 6.37671e-03 6.14560e-03 5.92962e-03 5.72668e-03 5.51930e-03 5.27371e-03 4.96204e-03 4.61228e-03 4.28296e-03 3.99872e-03 3.76008e-03 3.56153e-03 3.39058e-03 3.23289e-03 3.07787e-03 2.91925e-03 2.75505e-03 2.59042e-03 2.44256e-03 2.33097e-03 2.25192e-03 2.18754e-03 2.12882e-03 2.07405e-03 2.02262e-03 1.97256e-03 1.92232e-03 1.87422e-03 1.83227e-03 1.79665e-03 1.76332e-03 1.72670e-03 1.68338e-03 1.63566e-03 1.58805e-03 1.54574e-03 1.51285e-03 1.48787e-03 1.46246e-03 1.42547e-03 1.36878e-03 1.28751e-03 1.18002e-03 1.05455e-03 9.26967e-04 8.08035e-04 6.98774e-04 5.95985e-04 4.96924e-04 3.98592e-04 2.98632e-04 2.01932e-04 1.20221e-04 6.16516e-05 2.58379e-05 7.76357e-06 1.25581e-06 6.10848e-08 3.26545e-10
21.508206 1.70573e-02 2.42315e-02 2.09436e-02 2.07939e-02 2.13292e-02 2.08754e-02 1.95581e-02 1.80948e-02 1.68459e-02 1.60199e-02 1.55801e-02 1.53619e-02 1.53275e-02 1.54670e-02 1.57040e-02 1.60029e-02 1.64172e-02 1.68779e-02 1.70310e-02 1.66931e-02 1.61230e-02 1.55464e-02 1.49915e-02 1.44627e-02 1.39387e-02 1.33812e-02 1.27935e-02 1.22267e-02 1.17600e-02 1.14255e-02 1.11878e-02 1.09838e-02 1.07500e-02 1.04886e-02 1.02649e-02 1.01319e-02 1.00927e-02 1.01197e-02 1.01776e-02 1.02360e-02 1.02782e-02 1.03027e-02 1.03181e-02 1.03324e-02 1.03481e-02 1.03643e-02 1.03780e-02 1.03888e-02 1.03984e-02 1.04038e-02 1.03952e-02 1.03628e-02 1.03023e-02 1.02166e-02 1.01060e-02 9.96195e-03 9.78748e-03 9.60260e-03 9.42380e-03 9.25283e-03 9.08213e-03 8.90195e-03 8.70440e-03 8.48548e-03 8.24616e-03 7.99215e-03 7.73113e-03 7.46798e-03 7.20203e-03 6.92764e-03 6.63577e-03 6.31646e-03 5.96701e-03 5.60728e-03 5.27034e-03 4.97395e-03 4.71999e-03 4.49929e-03 4.28645e-03 4.06175e-03 3.84316e-03 3.65704e-03 3.49954e-03 3.34825e-03 3.18314e-03 2.99390e-03 2.78258e-03 2.56631e-03 2.37783e-03 2.23643e-03 2.12326e-03 2.01956e-03 1.92108e-03 1.82800e-03 1.74104e-03 1.66094e-03 1.58767e-03 1.52001e-03 1.45763e-03 1.40407e-03 1.36256e-03 1.32986e-03 1.30166e-03 1.27732e-03 1.25813e-03 1.24394e-03 1.23054e-03 1.20978e-03 1.17286e-03 1.11478e-03 1.03682e-03 9.44805e-04 8.45400e-04 7.43902e-04 6.44186e-04 5.49272e-04 4.60768e-04 3.78221e-04 2.99839e-04 2.24419e-04 1.53852e-04 9.34322e-05 4.82169e-05 1.96876e-05 5.55910e-06 8.37973e-07 4.10039e-08 2.72877e-10
21.758301 1.67843e-02 2.32259e-02 1.99794e-02 1.98767e-02 1.95525e-02 1.83381e-02 1.70891e-02 1.61403e-02 1.54317e-02 1.49186e-02 1.46230e-02 1.45913e-02 1.48333e-02 1.53325e-02 1.60427e-02 1.66730e-02 1.67616e-02 1.62984e-02 1.57340e-02 1.53708e-02 1.52292e-02 1.51410e-02 1.49088e-02 1.45201e-02 1.40780e-02 1.35877e-02 1.30389e-02 1.24968e-02 1.20377e-02 1.17030e-02 1.14999e-02 1.13871e-02 1.12881e-02 1.11578e-02 1.10109e-02 1.08748e-02 1.07605e-02 1.06747e-02 1.06249e-02 1.06123e-02 1.06252e-02 1.06463e-02 1.06652e-02 1.06781e-02 1.06848e-02 1.06887e-02 1.06935e-02 1.07025e-02 1.07171e-02 1.07375e-02 1.07659e-02 1.07993e-02 1.08245e-02 1.08365e-02 1.08406e-02 1.08223e-02 1.07507e-02 1.06131e-02 1.04197e-02 1.01888e-02 9.93848e-03 9.68263e-03 9.42341e-03 9.14775e-03 8.83592e-03 8.47597e-03 8.07287e-03 7.64746e-03 7.22671e-03 6.83183e-03 6.47120e-03 6.14259e-03 5.84191e-03 5.56872e-03 5.32295e-03 5.10019e-03 4.89286e-03 4.69551e-03 4.50553e-03 4.31276e-03 4.10301e-03 3.88901e-03 3.69582e-03 3.51580e-03 3.31726e-03 3.07623e-03 2.80282e-03 2.55194e-03 2.36655e-03 2.22598e-03 2.10090e-03 1.98251e-03 1.87071e-03 1.76593e-03 1.66672e-03 1.57073e-03 1.47653e-03 1.38456e-03 1.29699e-03 1.21765e-03 1.15158e-03 1.10180e-03 1.06665e-03 1.04283e-03 1.02794e-03 1.01959e-03 1.01335e-03 1.00212e-03 9.78227e-04 9.36630e-04 8.77612e-04 8.06857e-04 7.31380e-04 6.54346e-04 5.75372e-04 4.95217e-04 4.16790e-04 3.42394e-04 2.72630e-04 2.07608e-04 1.48286e-04 9.66476e-05 5.49924e-05 2.52245e-05 8.02121e-06 1.32497e-06 6.59010e-08 3.97211e-10
22.008397 1.63452e-02 2.24645e-02 1.91025e-02 1.84329e-02 1.75653e-02 1.63162e-02 1.53092e-02 1.46819e-02 1.42861e-02 1.39950e-02 1.39458e-02 1.44191e-02 1.53959e-02 1.63153e-02 1.65175e-02 1.60154e-02 1.53865e-02 1.50520e-02 1.50340e-02 1.51389e-02 1.51671e-02 1.50041e-02 1.46570e-02 1.42059e-02 1.37130e-02 1.32437e-02 1.28612e-02 1.25483e-02 1.22416e-02 1.19505e-02 1.17210e-02 1.15550e-02 1.14333e-02 1.13479e-02 1.13018e-02 1.12897e-02 1.12912e-02 1.12834e-02 1.12554e-02 1.12120e-02 1.11689e-02 1.11440e-02 1.11467e-02 1.11784e-02 1.12422e-02 1.13428e-02 1.14727e-02 1.16114e-02 1.17360e-02 1.18287e-02 1.18805e-02 1.18878e-02 1.18417e-02 1.17485e-02 1.16293e-02 1.14924e-02 1.13383e-02 1.11655e-02 1.09629e-02 1.07094e-02 1.03863e-02 9.99345e-03 9.55412e-03 9.09939e-03 8.64918e-03 8.21026e-03 7.78674e-03 7.38551e-03 7.01212e-03 6.66734e-03 6.35134e-03 6.06787e-03 5.82060e-03 5.60698e-03 5.41765e-03 5.24115e-03 5.06894e-03 4.89566e-03 4.71621e-03 4.52249e-03 4.30548e-03 4.06784e-03 3.82112e-03 3.56315e-03 3.28394e-03 3.00266e-03 2.75745e-03 2.55490e-03 2.38032e-03 2.22249e-03 2.07654e-03 1.94078e-03 1.81404e-03 1.69523e-03 1.58372e-03 1.47910e-03 1.38068e-03 1.28753e-03 1.19928e-03 1.11690e-03 1.04259e-03 9.78608e-04 9.25868e-04 8.84270e-04 8.53818e-04 8.33898e-04 8.21099e-04 8.09510e-04 7.94180e-04 7.73032e-04 7.45882e-04 7.12787e-04 6.73160e-04 6.26026e-04 5.71746e-04 5.12499e-04 4.50292e-04 3.86351e-04 3.22266e-04 2.59788e-04 1.99956e-04 1.43426e-04 9.17423e-05 4.84076e-05 1.81957e-05 3.59875e-06 2.02464e-07 1.16547e-09
22.258492 1.62260e-02 2.20980e-02 1.79719e-02 1.65231e-02 1.56747e-02 1.49427e-02 1.43401e-02 1.38768e-02 1.36487e-02 1.39323e-02 1.47556e-02 1.55425e-02 1.57142e-02 1.54046e-02 1.50898e-02 1.49566e-02 1.49400e-02 1.49956e-02 1.50871e-02 1.50928e-02 1.49222e-02 1.46067e-02 1.42237e-02 1.38499e-02 1.35012e-02 1.31008e-02 1.26156e-02 1.21312e-02 1.17522e-02 1.15190e-02 1.13975e-02 1.13468e-02 1.13513e-02 1.13862e-02 1.14354e-02 1.14906e-02 1.15371e-02 1.15873e-02 1.16648e-02 1.17741e-02 1.19073e-02 1.20508e-02 1.21909e-02 1.23264e-02 1.24644e-02 1.26077e-02 1.27483e-02 1.28497e-02 1.28547e-02 1.27514e-02 1.26043e-02 1.24453e-02 1.22726e-02 1.21101e-02 1.19632e-02 1.18077e-02 1.16120e-02 1.13510e-02 1.10273e-02 1.06643e-02 1.02802e-02 9.88107e-03 9.47019e-03 9.05368e-03 8.63965e-03 8.23485e-03 7.84074e-03 7.45286e-03 7.06613e-03 6.68252e-03 6.31335e-03 5.97378e-03 5.67432e-03 5.41506e-03 5.18770e-03 4.98211e-03 4.79218e-03 4.61867e-03 4.46403e-03 4.32421e-03 4.18968e-03 4.05131e-03 3.89904e-03 3.72703e-03 3.53803e-03 3.33317e-03 3.11139e-03 2.87746e-03 2.64105e-03 2.41391e-03 2.20824e-03 2.02945e-03 1.87288e-03 1.73073e-03 1.59866e-03 1.47596e-03 1.36267e-03 1.25788e-03 1.16027e-03 1.06956e-03 9.86879e-04 9.14192e-04 8.52589e-04 8.00106e-04 7.53002e-04 7.11963e-04 6.82158e-04 6.64152e-04 6.52095e-04 6.40376e-04 6.27733e-04 6.16494e-04 6.05484e-04 5.87862e-04 5.57844e-04 5.15787e-04 4.66671e-04 4.15911e-04 3.66200e-04 3.16663e-04 2.64646e-04 2.08171e-04 1.47519e-04 8.71778e-05 3.73126e-05 8.63038e-06 5.78034e-07 4.35520e-09
22.508587 1.64289e-02 2.22563e-02 1.72806e-02 1.52053e-02 1.44566e-02 1.40614e-02 1.36971e-02 1.36770e-02 1.42224e-02 1.47150e-02 1.46819e-02 1.44849e-02 1.44951e-02 1.46957e-02 1.49246e-02 1.50942e-02 1.52342e-02 1.53868e-02 1.54691e-02 1.53436e-02 1.49616e-02 1.44067e-02 1.37867e-02 1.31983e-02 1.27291e-02 1.23688e-02 1.20269e-02 1.16544e-02 1.13211e-02 1.11535e-02 1.12033e-02 1.13921e-02 1.16016e-02 1.17896e-02 1.19694e-02 1.21408e-02 1.22936e-02 1.24306e-02 1.25356e-02 1.25921e-02 1.26628e-02 1.28035e-02 1.29695e-02 1.31062e-02 1.32165e-02 1.33171e-02 1.33682e-02 1.33054e-02 1.31606e-02 1.30208e-02 1.28908e-02 1.27449e-02 1.25637e-02 1.23279e-02 1.20453e-02 1.17364e-02 1.14112e-02 1.10709e-02 1.07186e-02 1.03626e-02 1.00126e-02 9.67325e-03 9.34271e-03 9.01454e-03 8.68083e-03 8.33346e-03 7.96531e-03 7.57435e-03 7.16726e-03 6.75749e-03 6.36027e-03 5.99075e-03 5.65975e-03 5.36760e-03 5.10662e-03 4.86720e-03 4.63726e-03 4.41537e-03 4.21789e-03 4.04857e-03 3.89166e-03 3.73601e-03 3.58302e-03 3.43577e-03 3.29253e-03 3.15072e-03 3.00924e-03 2.86789e-03 2.72649e-03 2.58445e-03 2.44078e-03 2.29412e-03 2.14302e-03 1.98664e-03 1.82616e-03 1.66612e-03 1.51383e-03 1.37559e-03 1.25219e-03 1.13922e-03 1.03294e-03 9.34566e-04 8.48183e-04 7.76313e-04 7.17511e-04 6.67622e-04 6.25384e-04 5.95074e-04 5.79148e-04 5.71702e-04 5.64975e-04 5.55779e-04 5.45029e-04 5.32797e-04 5.13696e-04 4.83763e-04 4.43948e-04 3.97315e-04 3.47019e-04 2.95284e-04 2.43040e-04 1.89997e-04 1.35501e-04 8.13245e-05 3.53655e-05 8.35344e-06 5.85857e-07 5.02028e-09
22.758683 1.69482e-02 2.31531e-02 1.76543e-02 1.49915e-02 1.38442e-02 1.36142e-02 1.39318e-02 1.41099e-02 1.39518e-02 1.37942e-02 1.38035e-02 1.39498e-02 1.42905e-02 1.48324e-02 1.54430e-02 1.60043e-02 1.64065e-02 1.64879e-02 1.61798e-02 1.54494e-02 1.43220e-02 1.31450e-02 1.23322e-02 1.20093e-02 1.20528e-02 1.23163e-02 1.25324e-02 1.24122e-02 1.20699e-02 1.17834e-02 1.16311e-02 1.16015e-02 1.16910e-02 1.18984e-02 1.22050e-02 1.25433e-02 1.28105e-02 1.29578e-02 1.30227e-02 1.30785e-02 1.31697e-02 1.32638e-02 1.33530e-02 1.35164e-02 1.37940e-02 1.40820e-02 1.41954e-02 1.40540e-02 1.37232e-02 1.32967e-02 1.28474e-02 1.24356e-02 1.20878e-02 1.17867e-02 1.14963e-02 1.11967e-02 1.08892e-02 1.05831e-02 1.02845e-02 9.99180e-03 9.69960e-03 9.40346e-03 9.10199e-03 8.79535e-03 8.48411e-03 8.16963e-03 7.85256e-03 7.52799e-03 7.18409e-03 6.81119e-03 6.41474e-03 6.01596e-03 5.63742e-03 5.28973e-03 4.97224e-03 4.68025e-03 4.40749e-03 4.14418e-03 3.88611e-03 3.64079e-03 3.42234e-03 3.24458e-03 3.10682e-03 2.99356e-03 2.89309e-03 2.80219e-03 2.72070e-03 2.64761e-03 2.57968e-03 2.51130e-03 2.43602e-03 2.34909e-03 2.24860e-03 2.13541e-03 2.01303e-03 1.88684e-03 1.76165e-03 1.63879e-03 1.51516e-03 1.38592e-03 1.25016e-03 1.11362e-03 9.84540e-04 8.67745e-04 7.65283e-04 6.79696e-04 6.12795e-04 5.64809e-04 5.34880e-04 5.19072e-04 5.09274e-04 4.97213e-04 4.81740e-04 4.65551e-04 4.47093e-04 4.20918e-04 3.82868e-04 3.32169e-04 2.72020e-04 2.09607e-04 1.52079e-04 1.03502e-04 6.50005e-05 3.56904e-05 1.47170e-05 3.28983e-06 2.18840e-07 1.80174e-09
23.008778 1.80278e-02 2.48571e-02 1.88113e-02 1.57278e-02 1.44821e-02 1.40520e-02 1.38423e-02 1.36215e-02 1.33789e-02 1.32512e-02 1.33852e-02 1.38664e-02 1.46599e-02 1.56491e-02 1.65898e-02 1.70770e-02 1.69027e-02 1.62346e-02 1.53933e-02 1.45473e-02 1.37271e-02 1.30195e-02 1.24999e-02 1.21746e-02 1.20092e-02 1.19782e-02 1.20998e-02 1.23148e-02 1.23993e-02 1.23073e-02 1.22618e-02 1.23128e-02 1.23010e-02 1.22418e-02 1.22339e-02 1.22879e-02 1.24005e-02 1.25642e-02 1.27324e-02 1.28533e-02 1.29320e-02 1.30404e-02 1.32192e-02 1.34131e-02 1.35785e-02 1.37506e-02 1.39428e-02 1.40633e-02 1.39688e-02 1.36132e-02 1.30925e-02 1.25530e-02 1.20709e-02 1.16434e-02 1.12534e-02 1.08949e-02 1.05626e-02 1.02469e-02 9.93658e-03 9.62122e-03 9.29148e-03 8.94235e-03 8.57983e-03 8.22442e-03 7.89671e-03 7.59996e-03 7.32425e-03 7.05850e-03 6.79386e-03 6.52220e-03 6.23800e-03 5.94255e-03 5.64342e-03 5.34973e-03 5.06897e-03 4.80652e-03 4.56356e-03 4.33184e-03 4.09374e-03 3.83815e-03 3.57747e-03 3.33444e-03 3.11714e-03 2.92527e-03 2.76317e-03 2.63557e-03 2.54313e-03 2.48219e-03 2.44588e-03 2.42567e-03 2.41287e-03 2.39931e-03 2.37702e-03 2.33814e-03 2.27566e-03 2.18476e-03 2.06406e-03 1.91696e-03 1.75062e-03 1.57319e-03 1.39397e-03 1.22535e-03 1.08007e-03 9.63445e-04 8.69863e-04 7.88196e-04 7.10113e-04 6.34266e-04 5.64964e-04 5.06058e-04 4.56698e-04 4.13084e-04 3.72160e-04 3.34606e-04 3.04465e-04 2.81553e-04 2.57613e-04 2.24669e-04 1.81223e-04 1.31818e-04 8.54327e-05 4.97896e-05 2.63587e-05 1.23433e-05 4.49376e-06 9.19222e-07 6.11634e-08 4.84364e-10
23.258874 1.94231e-02 2.68758e-02 2.05424e-02 1.72950e-02 1.54403e-02 1.41435e-02 1.33220e-02 1.28861e-02 1.27629e-02 1.29841e-02 1.35721e-02 1.45074e-02 1.56913e-02 1.67202e-02 1.71226e-02 1.68412e-02 1.61812e-02 1.53962e-02 1.46124e-02 1.39794e-02 1.36106e-02 1.34602e-02 1.33456e-02 1.31116e-02 1.27426e-02 1.23297e-02 1.19981e-02 1.18575e-02 1.19366e-02 1.21239e-02 1.22791e-02 1.23901e-02 1.24991e-02 1.26020e-02 1.26570e-02 1.26214e-02 1.25019e-02 1.23530e-02 1.22452e-02 1.22608e-02 1.23890e-02 1.25490e-02 1.27168e-02 1.29047e-02 1.30800e-02 1.31763e-02 1.31699e-02 1.30862e-02 1.29612e-02 1.28153e-02 1.26480e-02 1.24455e-02 1.21939e-02 1.18900e-02 1.15417e-02 1.11573e-02 1.07417e-02 1.03023e-02 9.85277e-03 9.40374e-03 8.96036e-03 8.53666e-03 8.14500e-03 7.77875e-03 7.43573e-03 7.12329e-03 6.84330e-03 6.59248e-03 6.36801e-03 6.16478e-03 5.97465e-03 5.78955e-03 5.60255e-03 5.40762e-03 5.20058e-03 4.98100e-03 4.75230e-03 4.51865e-03 4.28056e-03 4.03204e-03 3.76542e-03 3.48825e-03 3.22577e-03 2.99785e-03 2.80940e-03 2.65937e-03 2.54652e-03 2.46845e-03 2.41934e-03 2.39015e-03 2.37148e-03 2.35654e-03 2.34169e-03 2.32321e-03 2.29298e-03 2.23908e-03 2.15308e-03 2.03660e-03 1.89997e-03 1.75531e-03 1.61063e-03 1.46884e-03 1.32942e-03 1.18954e-03 1.04581e-03 9.00435e-04 7.68039e-04 6.64785e-04 5.89988e-04 5.31703e-04 4.79471e-04 4.26479e-04 3.69141e-04 3.09099e-04 2.52017e-04 2.03852e-04 1.67625e-04 1.39680e-04 1.10676e-04 7.75745e-05 4.65462e-05 2.35932e-05 1.03044e-05 4.11763e-06 1.42887e-06 2.95825e-07 2.14827e-08 2.12119e-10
23.508969 2.07239e-02 2.89761e-02 2.22436e-02 1.80114e-02 1.51033e-02 1.33141e-02 1.24881e-02 1.24114e-02 1.29158e-02 1.37793e-02 1.48577e-02 1.59919e-02 1.68470e-02 1.71213e-02 1.68110e-02 1.61731e-02 1.54966e-02 1.49664e-02 1.45976e-02 1.42815e-02 1.39143e-02 1.34879e-02 1.30648e-02 1.27127e-02 1.24647e-02 1.23150e-02 1.22386e-02 1.22154e-02 1.22427e-02 1.23147e-02 1.23810e-02 1.23931e-02 1.23666e-02 1.23210e-02 1.22525e-02 1.21853e-02 1.21559e-02 1.21694e-02 1.22123e-02 1.22799e-02 1.23717e-02 1.24444e-02 1.24477e-02 1.24223e-02 1.24404e-02 1.25031e-02 1.25374e-02 1.24900e-02 1.24143e-02 1.23232e-02 1.21329e-02 1.18593e-02 1.16043e-02 1.13845e-02 1.11453e-02 1.08632e-02 1.05470e-02 1.01964e-02 9.79357e-03 9.32358e-03 8.80263e-03 8.27887e-03 7.81093e-03 7.44274e-03 7.16503e-03 6.92635e-03 6.68728e-03 6.43981e-03 6.20497e-03 5.99843e-03 5.81393e-03 5.64120e-03 5.47645e-03 5.31660e-03 5.15461e-03 4.98233e-03 4.79426e-03 4.58933e-03 4.37038e-03 4.14041e-03 3.89703e-03 3.63514e-03 3.36511e-03 3.11878e-03 2.92094e-03 2.77231e-03 2.66239e-03 2.58101e-03 2.52026e-03 2.47375e-03 2.43626e-03 2.40373e-03 2.37272e-03 2.33924e-03 2.29827e-03 2.24434e-03 2.17299e-03 2.08257e-03 1.97507e-03 1.85481e-03 1.72649e-03 1.59481e-03 1.46517e-03 1.34307e-03 1.23096e-03 1.12575e-03 1.02140e-03 9.13183e-04 7.98427e-04 6.83175e-04 5.91564e-04 5.33092e-04 4.89856e-04 4.49174e-04 4.06613e-04 3.58214e-04 3.01454e-04 2.41355e-04 1.86771e-04 1.39903e-04 9.62637e-05 5.61016e-05 2.68411e-05 1.04880e-05 3.08577e-06 5.20376e-07 2.76318e-08 1.78824e-10
23.759064 2.18654e-02 3.06170e-02 2.29187e-02 1.76641e-02 1.43781e-02 1.27752e-02 1.24899e-02 1.31267e-02 1.42769e-02 1.55819e-02 1.66340e-02 1.70556e-02 1.68880e-02 1.66004e-02 1.64768e-02 1.62962e-02 1.57572e-02 1.49161e-02 1.40768e-02 1.34377e-02 1.29886e-02 1.26739e-02 1.24758e-02 1.23662e-02 1.23012e-02 1.22445e-02 1.21788e-02 1.21023e-02 1.20315e-02 1.20033e-02 1.20286e-02 1.20706e-02 1.21061e-02 1.21355e-02 1.21642e-02 1.22030e-02 1.22526e-02 1.22964e-02 1.23221e-02 1.23311e-02 1.23313e-02 1.23301e-02 1.23240e-02 1.23154e-02 1.23342e-02 1.23960e-02 1.24835e-02 1.25642e-02 1.26150e-02 1.26036e-02 1.24243e-02 1.20456e-02 1.15718e-02 1.10550e-02 1.05556e-02 1.01585e-02 9.84226e-03 9.54782e-03 9.25941e-03 8.96646e-03 8.64260e-03 8.27009e-03 7.86890e-03 7.49278e-03 7.17531e-03 6.89588e-03 6.62202e-03 6.34974e-03 6.08942e-03 5.84552e-03 5.61974e-03 5.41161e-03 5.21590e-03 5.02702e-03 4.84344e-03 4.66597e-03 4.49418e-03 4.32538e-03 4.15521e-03 3.97829e-03 3.78778e-03 3.57870e-03 3.36090e-03 3.16193e-03 3.00238e-03 2.88282e-03 2.79442e-03 2.72788e-03 2.67558e-03 2.63194e-03 2.59306e-03 2.55598e-03 2.51757e-03 2.47372e-03 2.41959e-03 2.35101e-03 2.26584e-03 2.16444e-03 2.04918e-03 1.92354e-03 1.79129e-03 1.65652e-03 1.52378e-03 1.39756e-03 1.28106e-03 1.17486e-03 1.07685e-03 9.83485e-04 8.91419e-04 7.98509e-04 7.04951e-04 6.21039e-04 5.67122e-04 5.37855e-04 5.15347e-04 4.94019e-04 4.69383e-04 4.31501e-04 3.75621e-04 3.10938e-04 2.47802e-04 1.86862e-04 1.25641e-04 6.77109e-05 2.41914e-05 4.13966e-06 1.94664e-07 1.02726e-09
24.009160 2.26997e-02 3.13279e-02 2.28199e-02 1.73071e-02 1.43660e-02 1.34898e-02 1.39653e-02 1.50076e-02 1.59632e-02 1.64280e-02 1.63276e-02 1.59855e-02 1.58751e-02 1.60230e-02 1.58935e-02 1.51484e-02 1.41993e-02 1.35923e-02 1.32487e-02 1.28217e-02 1.23013e-02 1.18702e-02 1.16278e-02 1.15588e-02 1.15836e-02 1.16287e-02 1.16629e-02 1.17006e-02 1.17749e-02 1.18940e-02 1.20374e-02 1.21797e-02 1.23051e-02 1.24066e-02 1.24813e-02 1.25328e-02 1.25711e-02 1.26042e-02 1.26291e-02 1.26387e-02 1.26356e-02 1.26340e-02 1.26522e-02 1.27044e-02 1.27908e-02 1.28850e-02 1.29312e-02 1.28791e-02 1.27273e-02 1.25274e-02 1.23367e-02 1.21689e-02 1.20052e-02 1.17920e-02 1.14476e-02 1.09358e-02 1.02987e-02 9.66744e-03 9.16260e-03 8.78682e-03 8.47250e-03 8.15192e-03 7.78887e-03 7.39364e-03 7.00950e-03 6.67347e-03 6.39068e-03 6.14301e-03 5.90870e-03 5.67338e-03 5.43140e-03 5.18402e-03 4.93947e-03 4.70979e-03 4.50351e-03 4.32158e-03 4.15888e-03 4.00787e-03 3.86012e-03 3.70662e-03 3.54150e-03 3.37038e-03 3.21062e-03 3.07754e-03 2.97595e-03 2.90271e-03 2.85136e-03 2.81503e-03 2.78782e-03 2.76514e-03 2.74345e-03 2.71983e-03 2.69143e-03 2.65489e-03 2.60644e-03 2.54272e-03 2.46209e-03 2.36514e-03 2.25412e-03 2.13190e-03 2.00129e-03 1.86479e-03 1.72453e-03 1.58229e-03 1.43956e-03 1.29782e-03 1.15905e-03 1.02604e-03 9.01932e-04 7.88913e-04 6.87796e-04 6.03136e-04 5.43920e-04 5.07007e-04 4.78647e-04 4.51716e-04 4.28687e-04 4.15193e-04 4.04292e-04 3.77125e-04 3.27889e-04 2.65031e-04 1.94853e-04 1.19693e-04 5.11664e-05 1.09641e-05 6.56573e-07 4.53905e-09
24.259255 2.28443e-02 3.08715e-02 2.20915e-02 1.69601e-02 1.48650e-02 1.49183e-02 1.57044e-02 1.60125e-02 1.56562e-02 1.51249e-02 1.46907e-02 1.44031e-02 1.43132e-02 1.41994e-02 1.37096e-02 1.30299e-02 1.27574e-02 1.28228e-02 1.25804e-02 1.19782e-02 1.14360e-02 1.11527e-02 1.10894e-02 1.11573e-02 1.12889e-02 1.14479e-02 1.16243e-02 1.18109e-02 1.19967e-02 1.21765e-02 1.23469e-02 1.25012e-02 1.26356e-02 1.27516e-02 1.28516e-02 1.29380e-02 1.30156e-02 1.30914e-02 1.31732e-02 1.32684e-02 1.33768e-02 1.34780e-02 1.35337e-02 1.35183e-02 1.34353e-02 1.33056e-02 1.31586e-02 1.30209e-02 1.28971e-02 1.27675e-02 1.26088e-02 1.24301e-02 1.22567e-02 1.20750e-02 1.18426e-02 1.15678e-02 1.12942e-02 1.09882e-02 1.05349e-02 9.90662e-03 9.24706e-03 8.66771e-03 8.15243e-03 7.66090e-03 7.18714e-03 6.74769e-03 6.36050e-03 6.03297e-03 5.75734e-03 5.51246e-03 5.27562e-03 5.03576e-03 4.79316e-03 4.55176e-03 4.31597e-03 4.09077e-03 3.88079e-03 3.68898e-03 3.51629e-03 3.36181e-03 3.22358e-03 3.10018e-03 2.99258e-03 2.90314e-03 2.83236e-03 2.77803e-03 2.73674e-03 2.70507e-03 2.67996e-03 2.65866e-03 2.63865e-03 2.61764e-03 2.59349e-03 2.56424e-03 2.52822e-03 2.48428e-03 2.43197e-03 2.37124e-03 2.30203e-03 2.22412e-03 2.13715e-03 2.04073e-03 1.93470e-03 1.81950e-03 1.69648e-03 1.56771e-03 1.43520e-03 1.30033e-03 1.16403e-03 1.02741e-03 8.92494e-04 7.63764e-04 6.48974e-04 5.52572e-04 4.70518e-04 3.97138e-04 3.30051e-04 2.72836e-04 2.31450e-04 2.06073e-04 1.88324e-04 1.65932e-04 1.31635e-04 8.67473e-05 4.04896e-05 9.72984e-06 6.61487e-07 5.42974e-09
24.509351 2.22158e-02 2.94149e-02 2.07655e-02 1.63875e-02 1.52120e-02 1.57290e-02 1.61058e-02 1.54464e-02 1.43126e-02 1.34621e-02 1.30211e-02 1.28629e-02 1.28157e-02 1.25862e-02 1.20624e-02 1.16730e-02 1.18029e-02 1.19970e-02 1.16847e-02 1.11039e-02 1.07321e-02 1.06401e-02 1.06886e-02 1.07996e-02 1.09596e-02 1.11551e-02 1.13691e-02 1.16063e-02 1.18653e-02 1.21167e-02 1.23339e-02 1.25108e-02 1.26572e-02 1.27904e-02 1.29269e-02 1.30775e-02 1.32460e-02 1.34302e-02 1.36222e-02 1.38088e-02 1.39727e-02 1.40944e-02 1.41514e-02 1.41320e-02 1.40575e-02 1.39650e-02 1.38711e-02 1.37735e-02 1.36708e-02 1.35646e-02 1.34556e-02 1.33342e-02 1.31746e-02 1.29618e-02 1.27038e-02 1.23981e-02 1.20239e-02 1.15856e-02 1.11296e-02 1.06775e-02 1.01999e-02 9.68514e-03 9.15734e-03 8.63711e-03 8.12875e-03 7.63445e-03 7.16386e-03 6.73122e-03 6.34667e-03 6.00897e-03 5.70135e-03 5.39804e-03 5.08420e-03 4.76622e-03 4.45769e-03 4.16624e-03 3.89679e-03 3.65350e-03 3.43781e-03 3.24857e-03 3.08275e-03 2.93627e-03 2.80598e-03 2.69090e-03 2.59152e-03 2.50825e-03 2.44068e-03 2.38787e-03 2.34827e-03 2.31939e-03 2.29794e-03 2.28037e-03 2.26339e-03 2.24432e-03 2.22145e-03 2.19396e-03 2.16157e-03 2.12407e-03 2.08102e-03 2.03189e-03 1.97640e-03 1.91480e-03 1.84777e-03 1.77618e-03 1.70077e-03 1.62174e-03 1.53835e-03 1.44905e-03 1.35227e-03 1.24750e-03 1.13559e-03 1.01763e-03 8.95005e-04 7.72652e-04 6.56844e-04 5.46967e-04 4.39305e-04 3.34029e-04 2.35174e-04 1.50088e-04 8.63431e-05 4.62877e-05 2.53148e-05 1.42905e-05 6.57768e-06 1.68698e-06 1.31708e-07 1.21896e-09
24.759446 2.14599e-02 2.81029e-02 1.95942e-02 1.57753e-02 1.51697e-02 1.56308e-02 1.53748e-02 1.42173e-02 1.31066e-02 1.25591e-02 1.23448e-02 1.21160e-02 1.17296e-02 1.12456e-02 1.09181e-02 1.10318e-02 1.14047e-02 1.14873e-02 1.11637e-02 1.07893e-02 1.05865e-02 1.05121e-02 1.04930e-02 1.04891e-02 1.04810e-02 1.05015e-02 1.06066e-02 1.08009e-02 1.10425e-02 1.12924e-02 1.15386e-02 1.17927e-02 1.20710e-02 1.23801e-02 1.27118e-02 1.30464e-02 1.33620e-02 1.36448e-02 1.38933e-02 1.41125e-02 1.43079e-02 1.44828e-02 1.46367e-02 1.47609e-02 1.48405e-02 1.48686e-02 1.48492e-02 1.47889e-02 1.46972e-02 1.45696e-02 1.43725e-02 1.41003e-02 1.38013e-02 1.35131e-02 1.32307e-02 1.29432e-02 1.26458e-02 1.23121e-02 1.18950e-02 1.13758e-02 1.07998e-02 1.02416e-02 9.74625e-03 9.31550e-03 8.92670e-03 8.54948e-03 8.15807e-03 7.74131e-03 7.30655e-03 6.87506e-03 6.46599e-03 6.07908e-03 5.69662e-03 5.30764e-03 4.92506e-03 4.56969e-03 4.24790e-03 3.95565e-03 3.69006e-03 3.45011e-03 3.23414e-03 3.03986e-03 2.86596e-03 2.71277e-03 2.58089e-03 2.46939e-03 2.37549e-03 2.29605e-03 2.22859e-03 2.17068e-03 2.11944e-03 2.07216e-03 2.02688e-03 1.98256e-03 1.93872e-03 1.89506e-03 1.85133e-03 1.80744e-03 1.76348e-03 1.71954e-03 1.67531e-03 1.62996e-03 1.58229e-03 1.53109e-03 1.47551e-03 1.41535e-03 1.35118e-03 1.28401e-03 1.21484e-03 1.14423e-03 1.07067e-03 9.89275e-04 8.97474e-04 8.01136e-04 7.06209e-04 6.12463e-04 5.18551e-04 4.24512e-04 3.31262e-04 2.41344e-04 1.60102e-04 9.44942e-05 4.85997e-05 2.09689e-05 6.71884e-06 1.17217e-06 6.23232e-08 3.80739e-10
25.009542 2.08935e-02 2.73995e-02 1.90368e-02 1.53880e-02 1.46276e-02 1.44513e-02 1.38771e-02 1.31951e-02 1.27035e-02 1.23754e-02 1.21604e-02 1.19524e-02 1.16610e-02 1.13646e-02 1.12512e-02 1.13690e-02 1.15051e-02 1.14575e-02 1.12540e-02 1.10292e-02 1.08483e-02 1.06808e-02 1.05085e-02 1.03656e-02 1.03014e-02 1.03404e-02 1.04523e-02 1.05764e-02 1.06838e-02 1.07982e-02 1.09609e-02 1.11977e-02 1.15142e-02 1.19049e-02 1.23537e-02 1.28312e-02 1.33047e-02 1.37374e-02 1.40780e-02 1.43211e-02 1.45351e-02 1.47519e-02 1.49536e-02 1.51263e-02 1.52538e-02 1.53131e-02 1.52872e-02 1.51741e-02 1.49816e-02 1.47218e-02 1.44083e-02 1.40628e-02 1.37406e-02 1.34926e-02 1.33017e-02 1.31159e-02 1.28990e-02 1.26311e-02 1.22931e-02 1.18623e-02 1.13332e-02 1.07477e-02 1.01850e-02 9.71119e-03 9.34735e-03 9.06215e-03 8.77465e-03 8.40503e-03 7.95385e-03 7.49357e-03 7.06987e-03 6.66894e-03 6.27436e-03 5.88760e-03 5.50498e-03 5.11987e-03 4.73600e-03 4.36593e-03 4.02174e-03 3.70914e-03 3.42910e-03 3.18189e-03 2.96712e-03 2.78150e-03 2.61896e-03 2.47389e-03 2.34419e-03 2.23051e-03 2.13258e-03 2.04803e-03 1.97377e-03 1.90696e-03 1.84518e-03 1.78673e-03 1.73069e-03 1.67655e-03 1.62386e-03 1.57217e-03 1.52114e-03 1.47056e-03 1.42020e-03 1.36953e-03 1.31778e-03 1.26416e-03 1.20825e-03 1.15045e-03 1.09205e-03 1.03493e-03 9.80555e-04 9.28213e-04 8.73435e-04 8.10646e-04 7.39940e-04 6.66187e-04 5.92386e-04 5.19194e-04 4.46685e-04 3.74425e-04 3.02172e-04 2.31133e-04 1.64427e-04 1.06400e-04 6.07997e-05 2.90054e-05 1.01139e-05 1.89677e-06 1.03238e-07 5.95301e-10
25.259637 2.06221e-02 2.72460e-02 1.88623e-02 1.48665e-02 1.35526e-02 1.31572e-02 1.30530e-02 1.30724e-02 1.31472e-02 1.32727e-02 1.33234e-02 1.31479e-02 1.27836e-02 1.24163e-02 1.21882e-02 1.20889e-02 1.19858e-02 1.17720e-02 1.14610e-02 1.11595e-02 1.09398e-02 1.07756e-02 1.06451e-02 1.05595e-02 1.05115e-02 1.04914e-02 1.05000e-02 1.05393e-02 1.06230e-02 1.07615e-02 1.09570e-02 1.12249e-02 1.15363e-02 1.18500e-02 1.22226e-02 1.26848e-02 1.31705e-02 1.36198e-02 1.40059e-02 1.43167e-02 1.45499e-02 1.47133e-02 1.48233e-02 1.48997e-02 1.49513e-02 1.49668e-02 1.49262e-02 1.48293e-02 1.47013e-02 1.45545e-02 1.43643e-02 1.41182e-02 1.38351e-02 1.35122e-02 1.31507e-02 1.27886e-02 1.24485e-02 1.21231e-02 1.18048e-02 1.14807e-02 1.11158e-02 1.06881e-02 1.02280e-02 9.79465e-03 9.43318e-03 9.15788e-03 8.91474e-03 8.59039e-03 8.17272e-03 7.77558e-03 7.44668e-03 7.13852e-03 6.80675e-03 6.43177e-03 6.01268e-03 5.56288e-03 5.10754e-03 4.67424e-03 4.27775e-03 3.92137e-03 3.60665e-03 3.33221e-03 3.08976e-03 2.86837e-03 2.66304e-03 2.47554e-03 2.30817e-03 2.16220e-03 2.03930e-03 1.93822e-03 1.85313e-03 1.77734e-03 1.70626e-03 1.63738e-03 1.56953e-03 1.50244e-03 1.43655e-03 1.37261e-03 1.31132e-03 1.25327e-03 1.19855e-03 1.14636e-03 1.09507e-03 1.04302e-03 9.89359e-04 9.34532e-04 8.80151e-04 8.28297e-04 7.80271e-04 7.34909e-04 6.87719e-04 6.34469e-04 5.75852e-04 5.15254e-04 4.54884e-04 3.95804e-04 3.38366e-04 2.82145e-04 2.26725e-04 1.72807e-04 1.22548e-04 7.89098e-05 4.45145e-05 2.06778e-05 6.97444e-06 1.28671e-06 7.18196e-08 4.74094e-10
25.509732 2.04921e-02 2.71048e-02 1.84607e-02 1.41141e-02 1.27106e-02 1.26938e-02 1.32795e-02 1.40160e-02 1.46024e-02 1.48588e-02 1.47428e-02 1.43587e-02 1.38831e-02 1.34184e-02 1.29550e-02 1.24919e-02 1.20931e-02 1.17948e-02 1.15535e-02 1.13334e-02 1.11332e-02 1.09493e-02 1.07870e-02 1.06466e-02 1.05052e-02 1.03685e-02 1.03078e-02 1.03685e-02 1.05261e-02 1.07683e-02 1.10744e-02 1.13927e-02 1.16910e-02 1.19735e-02 1.22581e-02 1.25549e-02 1.28655e-02 1.31894e-02 1.35147e-02 1.38006e-02 1.40008e-02 1.41080e-02 1.41548e-02 1.41810e-02 1.42086e-02 1.42312e-02 1.42224e-02 1.41642e-02 1.40721e-02 1.39816e-02 1.39023e-02 1.38190e-02 1.37233e-02 1.35854e-02 1.33540e-02 1.30029e-02 1.25370e-02 1.19860e-02 1.14102e-02 1.08798e-02 1.04337e-02 1.00634e-02 9.73380e-03 9.42431e-03 9.14333e-03 8.89535e-03 8.66433e-03 8.43346e-03 8.18118e-03 7.91199e-03 7.68675e-03 7.54553e-03 7.44613e-03 7.27312e-03 6.91747e-03 6.38309e-03 5.78451e-03 5.23306e-03 4.76472e-03 4.36885e-03 4.02429e-03 3.70977e-03 3.41174e-03 3.12489e-03 2.84632e-03 2.57983e-03 2.34282e-03 2.15191e-03 2.00536e-03 1.88944e-03 1.79212e-03 1.70729e-03 1.63280e-03 1.56624e-03 1.50180e-03 1.43220e-03 1.35479e-03 1.27407e-03 1.19721e-03 1.12865e-03 1.06883e-03 1.01544e-03 9.65104e-04 9.14889e-04 8.63163e-04 8.09709e-04 7.55879e-04 7.04294e-04 6.56266e-04 6.08892e-04 5.58019e-04 5.03803e-04 4.49540e-04 3.97564e-04 3.48487e-04 3.02001e-04 2.57369e-04 2.13697e-04 1.70436e-04 1.28113e-04 8.86606e-05 5.48544e-05 2.91183e-05 1.24326e-05 3.80890e-06 6.62579e-07 4.18026e-08 4.89889e-10
25.759828 1.99103e-02 2.62380e-02 1.76290e-02 1.34048e-02 1.23945e-02 1.30563e-02 1.43575e-02 1.54839e-02 1.59904e-02 1.59381e-02 1.55743e-02 1.49757e-02 1.41813e-02 1.33938e-02 1.28311e-02 1.25095e-02 1.22667e-02 1.19551e-02 1.15725e-02 1.12091e-02 1.09085e-02 1.06558e-02 1.04567e-02 1.03253e-02 1.02608e-02 1.02693e-02 1.03564e-02 1.05055e-02 1.06888e-02 1.08773e-02 1.10438e-02 1.12010e-02 1.13764e-02 1.15810e-02 1.18244e-02 1.21122e-02 1.24389e-02 1.27868e-02 1.31262e-02 1.34241e-02 1.36545e-02 1.38092e-02 1.39001e-02 1.39508e-02 1.39818e-02 1.40021e-02 1.40076e-02 1.39873e-02 1.39321e-02 1.38465e-02 1.37472e-02 1.36473e-02 1.35481e-02 1.34266e-02 1.32330e-02 1.29303e-02 1.25101e-02 1.19878e-02 1.14214e-02 1.08939e-02 1.04503e-02 1.00831e-02 9.76328e-03 9.46030e-03 9.14444e-03 8.79776e-03 8.43073e-03 8.07559e-03 7.76170e-03 7.50584e-03 7.31559e-03 7.19227e-03 7.14044e-03 7.16877e-03 7.24350e-03 7.18600e-03 6.75971e-03 6.05125e-03 5.39383e-03 4.92025e-03 4.56933e-03 4.26880e-03 3.97311e-03 3.65250e-03 3.29965e-03 2.93896e-03 2.61416e-03 2.35623e-03 2.16198e-03 2.00726e-03 1.87124e-03 1.74634e-03 1.63539e-03 1.54105e-03 1.45848e-03 1.37871e-03 1.29662e-03 1.21394e-03 1.13543e-03 1.06401e-03 9.99430e-04 9.39529e-04 8.81885e-04 8.25336e-04 7.70597e-04 7.19476e-04 6.72298e-04 6.25055e-04 5.72781e-04 5.16429e-04 4.60716e-04 4.09335e-04 3.63825e-04 3.23501e-04 2.86611e-04 2.51660e-04 2.17669e-04 1.83846e-04 1.49677e-04 1.15364e-04 8.21072e-05 5.21200e-05 2.81083e-05 1.19986e-05 3.61107e-06 6.14426e-07 4.02010e-08 5.58974e-10
26.009923 1.89670e-02 2.50304e-02 1.68112e-02 1.30838e-02 1.28139e-02 1.42553e-02 1.59257e-02 1.68321e-02 1.68476e-02 1.63365e-02 1.55465e-02 1.46690e-02 1.39789e-02 1.35606e-02 1.32265e-02 1.28033e-02 1.22890e-02 1.17786e-02 1.13461e-02 1.10028e-02 1.07273e-02 1.05002e-02 1.03091e-02 1.01509e-02 1.00495e-02 1.00429e-02 1.01278e-02 1.02423e-02 1.03588e-02 1.04897e-02 1.06235e-02 1.07898e-02 1.10262e-02 1.13301e-02 1.16887e-02 1.20862e-02 1.25065e-02 1.29268e-02 1.33030e-02 1.35910e-02 1.37789e-02 1.38812e-02 1.39183e-02 1.39095e-02 1.38774e-02 1.38429e-02 1.38080e-02 1.37584e-02 1.36940e-02 1.36345e-02 1.35868e-02 1.35386e-02 1.34795e-02 1.33983e-02 1.32665e-02 1.30485e-02 1.27266e-02 1.22975e-02 1.17712e-02 1.12032e-02 1.06787e-02 1.02411e-02 9.86694e-03 9.50583e-03 9.12703e-03 8.73644e-03 8.35593e-03 7.99257e-03 7.64098e-03 7.30495e-03 6.99827e-03 6.73552e-03 6.53134e-03 6.40031e-03 6.35647e-03 6.41583e-03 6.55751e-03 6.61642e-03 6.32304e-03 5.68935e-03 5.05847e-03 4.61447e-03 4.29403e-03 3.99229e-03 3.64677e-03 3.25685e-03 2.87419e-03 2.55989e-03 2.33358e-03 2.16442e-03 2.01571e-03 1.87319e-03 1.73560e-03 1.60436e-03 1.48187e-03 1.37023e-03 1.26931e-03 1.17710e-03 1.09196e-03 1.01346e-03 9.41403e-04 8.75257e-04 8.14244e-04 7.57710e-04 7.05511e-04 6.58109e-04 6.15111e-04 5.73338e-04 5.29229e-04 4.82959e-04 4.37963e-04 3.96660e-04 3.59394e-04 3.25904e-04 2.95842e-04 2.68421e-04 2.42101e-04 2.14756e-04 1.84450e-04 1.50529e-04 1.14346e-04 7.89152e-05 4.76719e-05 2.34999e-05 8.22877e-06 1.53971e-06 8.73522e-08 6.79907e-10
26.260019 1.81410e-02 2.41839e-02 1.65542e-02 1.35880e-02 1.42896e-02 1.63747e-02 1.78177e-02 1.78661e-02 1.70446e-02 1.60453e-02 1.52069e-02 1.46434e-02 1.42810e-02 1.39217e-02 1.34547e-02 1.29439e-02 1.24988e-02 1.21468e-02 1.18124e-02 1.14003e-02 1.09013e-02 1.03959e-02 9.98412e-03 9.72942e-03 9.64453e-03 9.70600e-03 9.85628e-03 1.00275e-02 1.01913e-02 1.03475e-02 1.04894e-02 1.06480e-02 1.08711e-02 1.11632e-02 1.15052e-02 1.18698e-02 1.22374e-02 1.25892e-02 1.28908e-02 1.31271e-02 1.33219e-02 1.35030e-02 1.36655e-02 1.37734e-02 1.38033e-02 1.37769e-02 1.37293e-02 1.36691e-02 1.35871e-02 1.34875e-02 1.33949e-02 1.33395e-02 1.33353e-02 1.33587e-02 1.33596e-02 1.32982e-02 1.31411e-02 1.28468e-02 1.23895e-02 1.17944e-02 1.11492e-02 1.05498e-02 1.00244e-02 9.54694e-03 9.10246e-03 8.69955e-03 8.34082e-03 8.01198e-03 7.69489e-03 7.37949e-03 7.06666e-03 6.76443e-03 6.47978e-03 6.21295e-03 5.96336e-03 5.74568e-03 5.59164e-03 5.53423e-03 5.60216e-03 5.70507e-03 5.55142e-03 5.02968e-03 4.41707e-03 3.95803e-03 3.63418e-03 3.32888e-03 2.98427e-03 2.64113e-03 2.36731e-03 2.16687e-03 2.00215e-03 1.85227e-03 1.71368e-03 1.58484e-03 1.46261e-03 1.34341e-03 1.22535e-03 1.10999e-03 1.00197e-03 9.05781e-04 8.22994e-04 7.52759e-04 6.92886e-04 6.39699e-04 5.89754e-04 5.43949e-04 5.05988e-04 4.74189e-04 4.44754e-04 4.19360e-04 4.00227e-04 3.84549e-04 3.68266e-04 3.51451e-04 3.36315e-04 3.22819e-04 3.08391e-04 2.89490e-04 2.62839e-04 2.26514e-04 1.81105e-04 1.30496e-04 8.13807e-05 4.11257e-05 1.48015e-05 2.85149e-06 1.60274e-07 1.01236e-09
26.510114 1.76263e-02 2.38080e-02 1.68810e-02 1.47126e-02 1.59400e-02 1.77876e-02 1.85429e-02 1.81623e-02 1.72364e-02 1.62175e-02 1.53902e-02 1.48518e-02 1.45332e-02 1.42695e-02 1.38967e-02 1.34043e-02 1.28902e-02 1.23796e-02 1.18106e-02 1.11683e-02 1.05504e-02 1.00952e-02 9.85929e-03 9.79230e-03 9.82681e-03 9.91735e-03 1.00146e-02 1.00869e-02 1.01274e-02 1.01561e-02 1.02253e-02 1.03571e-02 1.05416e-02 1.07797e-02 1.10720e-02 1.14021e-02 1.17482e-02 1.20922e-02 1.24196e-02 1.27123e-02 1.29453e-02 1.31010e-02 1.31924e-02 1.32582e-02 1.33276e-02 1.34040e-02 1.34757e-02 1.35310e-02 1.35628e-02 1.35707e-02 1.35631e-02 1.35671e-02 1.36211e-02 1.37235e-02 1.37935e-02 1.37278e-02 1.35019e-02 1.31993e-02 1.28865e-02 1.25035e-02 1.19635e-02 1.12905e-02 1.05980e-02 9.98051e-03 9.45954e-03 9.01149e-03 8.60659e-03 8.22357e-03 7.85310e-03 7.49430e-03 7.14642e-03 6.80584e-03 6.46952e-03 6.13617e-03 5.80492e-03 5.47969e-03 5.17662e-03 4.91971e-03 4.72828e-03 4.59834e-03 4.51946e-03 4.48719e-03 4.36056e-03 3.96541e-03 3.42810e-03 2.99048e-03 2.68425e-03 2.43241e-03 2.21688e-03 2.04695e-03 1.90937e-03 1.78291e-03 1.65492e-03 1.52188e-03 1.38618e-03 1.25316e-03 1.12701e-03 1.00785e-03 8.95583e-04 7.95171e-04 7.11892e-04 6.45647e-04 5.93523e-04 5.50999e-04 5.12536e-04 4.75926e-04 4.43720e-04 4.15680e-04 3.89811e-04 3.69605e-04 3.59482e-04 3.57515e-04 3.57977e-04 3.58021e-04 3.57437e-04 3.54909e-04 3.47805e-04 3.33011e-04 3.07375e-04 2.68580e-04 2.16799e-04 1.56347e-04 9.60111e-05 4.66953e-05 1.58990e-05 2.91085e-06 1.57883e-07 9.19133e-10
26.760209 1.74003e-02 2.38928e-02 1.76739e-02 1.59054e-02 1.68021e-02 1.79787e-02 1.84827e-02 1.82921e-02 1.76913e-02 1.70118e-02 1.63915e-02 1.58082e-02 1.52610e-02 1.47745e-02 1.42995e-02 1.36959e-02 1.28583e-02 1.18821e-02 1.09847e-02 1.03124e-02 9.90897e-03 9.74951e-03 9.75248e-03 9.83418e-03 9.94592e-03 1.00479e-02 1.01144e-02 1.01410e-02 1.01203e-02 1.00906e-02 1.01183e-02 1.01940e-02 1.02992e-02 1.04623e-02 1.07012e-02 1.10042e-02 1.13500e-02 1.17123e-02 1.20575e-02 1.23530e-02 1.25805e-02 1.27464e-02 1.28735e-02 1.29790e-02 1.30679e-02 1.31420e-02 1.32064e-02 1.32691e-02 1.33406e-02 1.34367e-02 1.35779e-02 1.37855e-02 1.40433e-02 1.42344e-02 1.42473e-02 1.41105e-02 1.38918e-02 1.36017e-02 1.32538e-02 1.29131e-02 1.26121e-02 1.22716e-02 1.17863e-02 1.11442e-02 1.04219e-02 9.70789e-03 9.05647e-03 8.48694e-03 7.99579e-03 7.56692e-03 7.17758e-03 6.80288e-03 6.42279e-03 6.02766e-03 5.61729e-03 5.19870e-03 4.79178e-03 4.43018e-03 4.13638e-03 3.90461e-03 3.71213e-03 3.53225e-03 3.34675e-03 3.15667e-03 2.95603e-03 2.70422e-03 2.40681e-03 2.14545e-03 1.96248e-03 1.83354e-03 1.72994e-03 1.63590e-03 1.53898e-03 1.43107e-03 1.31093e-03 1.18302e-03 1.05536e-03 9.36043e-04 8.30056e-04 7.39614e-04 6.65435e-04 6.06602e-04 5.61152e-04 5.25739e-04 4.95628e-04 4.67779e-04 4.42000e-04 4.16541e-04 3.89838e-04 3.66231e-04 3.51237e-04 3.44963e-04 3.43676e-04 3.43686e-04 3.42240e-04 3.37003e-04 3.26018e-04 3.07631e-04 2.80323e-04 2.42857e-04 1.95204e-04 1.40335e-04 8.56128e-05 4.10751e-05 1.36585e-05 2.41434e-06 1.25803e-07 6.91202e-10
27.010305 1.74121e-02 2.43389e-02 1.86615e-02 1.68099e-02 1.69794e-02 1.75002e-02 1.79797e-02 1.84499e-02 1.87257e-02 1.84741e-02 1.76763e-02 1.66722e-02 1.57511e-02 1.48815e-02 1.38962e-02 1.28207e-02 1.18304e-02 1.10017e-02 1.03104e-02 9.78122e-03 9.48372e-03 9.43512e-03 9.57354e-03 9.80434e-03 1.00503e-02 1.02605e-02 1.03889e-02 1.03886e-02 1.02530e-02 1.00532e-02 9.90314e-03 9.87940e-03 9.99055e-03 1.02110e-02 1.05033e-02 1.08340e-02 1.11822e-02 1.15346e-02 1.18913e-02 1.22647e-02 1.26490e-02 1.30023e-02 1.32725e-02 1.34348e-02 1.35009e-02 1.35054e-02 1.34897e-02 1.34907e-02 1.35349e-02 1.36328e-02 1.37752e-02 1.39575e-02 1.41834e-02 1.43969e-02 1.45169e-02 1.45213e-02 1.44106e-02 1.41780e-02 1.38530e-02 1.35423e-02 1.33225e-02 1.30616e-02 1.25522e-02 1.17754e-02 1.08648e-02 9.96103e-03 9.15953e-03 8.49711e-03 7.96175e-03 7.51896e-03 7.13098e-03 6.75812e-03 6.35660e-03 5.90091e-03 5.40622e-03 4.91092e-03 4.44175e-03 4.00998e-03 3.63481e-03 3.33024e-03 3.08174e-03 2.86280e-03 2.65598e-03 2.45944e-03 2.28034e-03 2.12461e-03 1.98793e-03 1.85289e-03 1.71178e-03 1.58186e-03 1.47899e-03 1.39727e-03 1.31941e-03 1.23214e-03 1.13075e-03 1.01811e-03 9.04795e-04 8.02730e-04 7.16015e-04 6.43449e-04 5.83376e-04 5.34782e-04 4.97084e-04 4.68314e-04 4.44800e-04 4.23745e-04 4.03532e-04 3.81159e-04 3.56327e-04 3.34969e-04 3.20942e-04 3.12571e-04 3.06743e-04 3.01015e-04 2.93596e-04 2.83019e-04 2.67888e-04 2.46797e-04 2.18695e-04 1.83630e-04 1.43350e-04 1.01349e-04 6.23450e-05 3.12059e-05 1.11680e-05 2.14260e-06 1.19355e-07 7.05216e-10
27.260400 1.75892e-02 2.47563e-02 1.91108e-02 1.66507e-02 1.60642e-02 1.66711e-02 1.82054e-02 1.95761e-02 1.97091e-02 1.87025e-02 1.72611e-02 1.58658e-02 1.47011e-02 1.37437e-02 1.28496e-02 1.19478e-02 1.11184e-02 1.04911e-02 1.01068e-02 9.88164e-03 9.71829e-03 9.60607e-03 9.59388e-03 9.71160e-03 9.91477e-03 1.00985e-02 1.01840e-02 1.01657e-02 1.00698e-02 9.94260e-03 9.85368e-03 9.86877e-03 1.00339e-02 1.03704e-02 1.08481e-02 1.13751e-02 1.18506e-02 1.22315e-02 1.25366e-02 1.28037e-02 1.30634e-02 1.33307e-02 1.36009e-02 1.38493e-02 1.40421e-02 1.41585e-02 1.42080e-02 1.42228e-02 1.42328e-02 1.42521e-02 1.42932e-02 1.43834e-02 1.45419e-02 1.47352e-02 1.48985e-02 1.50012e-02 1.50391e-02 1.49893e-02 1.48562e-02 1.46380e-02 1.41811e-02 1.34037e-02 1.24588e-02 1.15036e-02 1.05987e-02 9.77332e-03 9.05172e-03 8.43546e-03 7.89843e-03 7.40523e-03 6.93088e-03 6.46824e-03 6.02306e-03 5.59654e-03 5.16174e-03 4.67631e-03 4.15334e-03 3.65368e-03 3.21542e-03 2.86346e-03 2.60059e-03 2.39635e-03 2.22064e-03 2.05911e-03 1.90929e-03 1.77137e-03 1.64549e-03 1.53371e-03 1.43834e-03 1.35754e-03 1.28510e-03 1.21248e-03 1.13099e-03 1.03709e-03 9.36902e-04 8.41784e-04 7.58732e-04 6.88185e-04 6.27689e-04 5.74717e-04 5.27945e-04 4.87355e-04 4.53447e-04 4.25971e-04 4.03333e-04 3.82941e-04 3.61192e-04 3.34427e-04 3.04450e-04 2.78759e-04 2.61152e-04 2.49884e-04 2.42317e-04 2.36287e-04 2.29663e-04 2.20795e-04 2.08727e-04 1.92737e-04 1.71991e-04 1.45902e-04 1.15043e-04 8.19323e-05 5.07685e-05 2.58710e-05 9.68561e-06 1.99971e-06 1.20161e-07 7.71894e-10
27.510496 1.79523e-02 2.48542e-02 1.84408e-02 1.53163e-02 1.52970e-02 1.72556e-02 1.90642e-02 1.93493e-02 1.83690e-02 1.69713e-02 1.56867e-02 1.46383e-02 1.37748e-02 1.29764e-02 1.21551e-02 1.13757e-02 1.07271e-02 1.02185e-02 9.86637e-03 9.70896e-03 9.71693e-03 9.78295e-03 9.80919e-03 9.76664e-03 9.68463e-03 9.61610e-03 9.59343e-03 9.60353e-03 9.65155e-03 9.80840e-03 1.01175e-02 1.05307e-02 1.09659e-02 1.13650e-02 1.17164e-02 1.20477e-02 1.23791e-02 1.26907e-02 1.29552e-02 1.31690e-02 1.33453e-02 1.35043e-02 1.36622e-02 1.38360e-02 1.40537e-02 1.43225e-02 1.45899e-02 1.47842e-02 1.49121e-02 1.50417e-02 1.51653e-02 1.52668e-02 1.53975e-02 1.55842e-02 1.57955e-02 1.59374e-02 1.59130e-02 1.57172e-02 1.53777e-02 1.48485e-02 1.41297e-02 1.33284e-02 1.25261e-02 1.17374e-02 1.09563e-02 1.01829e-02 9.42288e-03 8.67996e-03 7.95708e-03 7.26629e-03 6.63348e-03 6.08328e-03 5.61971e-03 5.22391e-03 4.85931e-03 4.47505e-03 4.01943e-03 3.48446e-03 2.98283e-03 2.60659e-03 2.34715e-03 2.16713e-03 2.02669e-03 1.89864e-03 1.77230e-03 1.64905e-03 1.53583e-03 1.43913e-03 1.35946e-03 1.28891e-03 1.21636e-03 1.13494e-03 1.04404e-03 9.49673e-04 8.61076e-04 7.83566e-04 7.18068e-04 6.63287e-04 6.16756e-04 5.75927e-04 5.39036e-04 5.05286e-04 4.74407e-04 4.46177e-04 4.20465e-04 3.96191e-04 3.68929e-04 3.33898e-04 2.92982e-04 2.52913e-04 2.19484e-04 1.94634e-04 1.76863e-04 1.64022e-04 1.54407e-04 1.46105e-04 1.37131e-04 1.26124e-04 1.12488e-04 9.60937e-05 7.71257e-05 5.63983e-05 3.58669e-05 1.84422e-05 6.76433e-06 1.36861e-06 8.39322e-08 5.75137e-10
27.760591 1.83867e-02 2.45263e-02 1.73185e-02 1.45501e-02 1.55453e-02 1.75420e-02 1.84112e-02 1.80121e-02 1.70010e-02 1.58667e-02 1.47930e-02 1.38339e-02 1.30283e-02 1.22958e-02 1.15447e-02 1.08487e-02 1.03388e-02 1.00400e-02 9.87201e-03 9.76693e-03 9.71924e-03 9.70932e-03 9.68046e-03 9.58109e-03 9.42162e-03 9.28141e-03 9.22932e-03 9.28946e-03 9.47695e-03 9.79798e-03 1.02211e-02 1.06732e-02 1.10933e-02 1.14775e-02 1.18492e-02 1.22221e-02 1.25984e-02 1.29808e-02 1.33535e-02 1.36528e-02 1.38247e-02 1.38962e-02 1.39287e-02 1.39785e-02 1.40834e-02 1.42476e-02 1.44714e-02 1.47686e-02 1.50887e-02 1.53847e-02 1.56541e-02 1.58692e-02 1.60468e-02 1.62538e-02 1.64826e-02 1.65544e-02 1.63388e-02 1.59359e-02 1.54125e-02 1.47699e-02 1.40736e-02 1.33981e-02 1.27562e-02 1.21167e-02 1.14440e-02 1.07137e-02 9.91428e-03 9.04951e-03 8.15370e-03 7.30194e-03 6.57420e-03 5.99531e-03 5.52773e-03 5.11869e-03 4.73357e-03 4.34904e-03 3.94903e-03 3.52352e-03 3.07904e-03 2.68125e-03 2.40366e-03 2.22138e-03 2.08254e-03 1.95936e-03 1.84181e-03 1.72853e-03 1.62265e-03 1.52849e-03 1.44539e-03 1.36275e-03 1.26783e-03 1.16163e-03 1.05677e-03 9.61325e-04 8.77387e-04 8.07296e-04 7.52221e-04 7.10164e-04 6.77323e-04 6.50105e-04 6.25788e-04 6.02308e-04 5.78090e-04 5.52519e-04 5.26657e-04 5.00446e-04 4.68599e-04 4.26910e-04 3.78196e-04 3.26641e-04 2.76188e-04 2.31802e-04 1.96586e-04 1.69720e-04 1.48390e-04 1.30371e-04 1.14127e-04 9.81838e-05 8.16020e-05 6.44069e-05 4.73815e-05 3.16445e-05 1.83832e-05 8.62507e-06 2.80956e-06 4.61028e-07 2.18390e-08 1.26525e-10
28.010686 1.84511e-02 2.38073e-02 1.64640e-02 1.41246e-02 1.53666e-02 1.72627e-02 1.80214e-02 1.75193e-02 1.63606e-02 1.50899e-02 1.39616e-02 1.30727e-02 1.23787e-02 1.17362e-02 1.11025e-02 1.05757e-02 1.02389e-02 1.00776e-02 1.00042e-02 9.91941e-03 9.77169e-03 9.56856e-03 9.36654e-03 9.19865e-03 9.09317e-03 9.06894e-03 9.11208e-03 9.23115e-03 9.43988e-03 9.72090e-03 1.00498e-02 1.04043e-02 1.07770e-02 1.11815e-02 1.16257e-02 1.20984e-02 1.25778e-02 1.30263e-02 1.33965e-02 1.36909e-02 1.39541e-02 1.42014e-02 1.44458e-02 1.46492e-02 1.47577e-02 1.48148e-02 1.48931e-02 1.50095e-02 1.51544e-02 1.53276e-02 1.55169e-02 1.57103e-02 1.59093e-02 1.61299e-02 1.63740e-02 1.64990e-02 1.62880e-02 1.58043e-02 1.52230e-02 1.45799e-02 1.39203e-02 1.33029e-02 1.27353e-02 1.21835e-02 1.16042e-02 1.09576e-02 1.02109e-02 9.35583e-03 8.43882e-03 7.55464e-03 6.79087e-03 6.17339e-03 5.66754e-03 5.23146e-03 4.83446e-03 4.44719e-03 4.05474e-03 3.66453e-03 3.29774e-03 2.97408e-03 2.69848e-03 2.47267e-03 2.29248e-03 2.14484e-03 2.01851e-03 1.90757e-03 1.80957e-03 1.72257e-03 1.64028e-03 1.54950e-03 1.43894e-03 1.31203e-03 1.18590e-03 1.07691e-03 9.90856e-04 9.25025e-04 8.74267e-04 8.34783e-04 8.03894e-04 7.79023e-04 7.57369e-04 7.35960e-04 7.12447e-04 6.86632e-04 6.60325e-04 6.32027e-04 5.96363e-04 5.53712e-04 5.08425e-04 4.61650e-04 4.12808e-04 3.62380e-04 3.13013e-04 2.68713e-04 2.32291e-04 2.03220e-04 1.78865e-04 1.57123e-04 1.36409e-04 1.15367e-04 9.34803e-05 7.11829e-05 4.94773e-05 2.95504e-05 1.30798e-05 3.07121e-06 2.06344e-07 1.63000e-09
28.260782 1.80872e-02 2.28575e-02 1.56510e-02 1.37517e-02 1.52966e-02 1.72147e-02 1.78503e-02 1.72121e-02 1.59473e-02 1.46327e-02 1.35505e-02 1.27164e-02 1.20151e-02 1.13820e-02 1.08524e-02 1.04762e-02 1.02431e-02 1.00895e-02 9.95265e-03 9.81024e-03 9.64775e-03 9.46482e-03 9.28346e-03 9.12203e-03 9.01460e-03 8.97444e-03 9.03999e-03 9.26225e-03 9.61491e-03 1.00122e-02 1.03880e-02 1.07295e-02 1.10778e-02 1.14838e-02 1.19397e-02 1.23868e-02 1.27712e-02 1.30746e-02 1.33222e-02 1.35369e-02 1.37046e-02 1.38518e-02 1.40473e-02 1.43293e-02 1.46310e-02 1.48117e-02 1.48760e-02 1.49563e-02 1.50999e-02 1.52623e-02 1.54166e-02 1.55523e-02 1.56629e-02 1.57582e-02 1.58720e-02 1.59842e-02 1.59065e-02 1.55024e-02 1.49319e-02 1.43528e-02 1.37749e-02 1.31981e-02 1.26353e-02 1.20875e-02 1.15237e-02 1.08862e-02 1.01335e-02 9.29009e-03 8.44507e-03 7.68667e-03 7.04176e-03 6.47719e-03 5.95291e-03 5.45632e-03 4.99513e-03 4.57960e-03 4.21117e-03 3.88419e-03 3.58811e-03 3.31013e-03 3.04509e-03 2.80086e-03 2.58724e-03 2.40597e-03 2.25323e-03 2.12472e-03 2.01695e-03 1.92425e-03 1.83554e-03 1.73808e-03 1.62473e-03 1.49668e-03 1.36624e-03 1.25343e-03 1.17055e-03 1.11347e-03 1.07090e-03 1.03600e-03 1.00672e-03 9.81799e-04 9.59155e-04 9.36011e-04 9.10229e-04 8.81905e-04 8.51224e-04 8.13284e-04 7.64361e-04 7.10322e-04 6.56872e-04 6.04315e-04 5.51939e-04 4.99423e-04 4.46515e-04 3.93290e-04 3.40777e-04 2.91315e-04 2.47517e-04 2.09954e-04 1.77205e-04 1.47935e-04 1.20813e-04 9.44779e-05 6.82433e-05 4.24094e-05 1.93682e-05 4.66032e-06 3.19394e-07 2.57606e-09
28.510877 1.73382e-02 2.18500e-02 1.51709e-02 1.37470e-02 1.54081e-02 1.72796e-02 1.78447e-02 1.71078e-02 1.57891e-02 1.44884e-02 1.33886e-02 1.24559e-02 1.16776e-02 1.10874e-02 1.06759e-02 1.03833e-02 1.01507e-02 9.95166e-03 9.79267e-03 9.67296e-03 9.56512e-03 9.44817e-03 9.31357e-03 9.19650e-03 9.11421e-03 9.09603e-03 9.22917e-03 9.57395e-03 1.00888e-02 1.06507e-02 1.11424e-02 1.15060e-02 1.17556e-02 1.19450e-02 1.21072e-02 1.22477e-02 1.23903e-02 1.25812e-02 1.28280e-02 1.30988e-02 1.33605e-02 1.35856e-02 1.37673e-02 1.39367e-02 1.41570e-02 1.44831e-02 1.48887e-02 1.52544e-02 1.54964e-02 1.56092e-02 1.56165e-02 1.55366e-02 1.53828e-02 1.52000e-02 1.50499e-02 1.49845e-02 1.49676e-02 1.48183e-02 1.44430e-02 1.39564e-02 1.34735e-02 1.30154e-02 1.25482e-02 1.20309e-02 1.14331e-02 1.07363e-02 9.95356e-03 9.14972e-03 8.40351e-03 7.75934e-03 7.20473e-03 6.69423e-03 6.20429e-03 5.73361e-03 5.28688e-03 4.86768e-03 4.47954e-03 4.12935e-03 3.82225e-03 3.55439e-03 3.31335e-03 3.08693e-03 2.87152e-03 2.67199e-03 2.49478e-03 2.34273e-03 2.21448e-03 2.10273e-03 1.99155e-03 1.86681e-03 1.72813e-03 1.58376e-03 1.45043e-03 1.35163e-03 1.29393e-03 1.26100e-03 1.23618e-03 1.21357e-03 1.19321e-03 1.17539e-03 1.15906e-03 1.14173e-03 1.12034e-03 1.09291e-03 1.05896e-03 1.01503e-03 9.55750e-04 8.85522e-04 8.14662e-04 7.46491e-04 6.79817e-04 6.14353e-04 5.50572e-04 4.88705e-04 4.28673e-04 3.70442e-04 3.14394e-04 2.61521e-04 2.13128e-04 1.69895e-04 1.31572e-04 9.76956e-05 6.75512e-05 4.05452e-05 1.80515e-05 4.28843e-06 2.94106e-07 2.40631e-09
28.760973 1.63288e-02 2.08849e-02 1.50554e-02 1.42131e-02 1.60420e-02 1.77154e-02 1.78916e-02 1.68760e-02 1.54583e-02 1.40799e-02 1.28774e-02 1.19123e-02 1.12235e-02 1.07919e-02 1.05250e-02 1.03253e-02 1.01594e-02 1.00235e-02 9.88174e-03 9.70463e-03 9.52628e-03 9.37920e-03 9.29212e-03 9.28571e-03 9.36264e-03 9.53441e-03 9.79343e-03 1.00997e-02 1.03986e-02 1.06582e-02 1.08983e-02 1.11506e-02 1.14219e-02 1.17095e-02 1.20112e-02 1.23245e-02 1.26408e-02 1.29477e-02 1.32399e-02 1.35156e-02 1.37702e-02 1.39969e-02 1.41854e-02 1.43274e-02 1.44220e-02 1.44782e-02 1.45287e-02 1.46323e-02 1.48296e-02 1.50564e-02 1.51598e-02 1.50942e-02 1.49580e-02 1.48156e-02 1.46473e-02 1.44477e-02 1.42615e-02 1.41102e-02 1.39382e-02 1.36753e-02 1.33252e-02 1.29149e-02 1.24658e-02 1.19690e-02 1.13719e-02 1.06441e-02 9.85040e-03 9.09053e-03 8.40968e-03 7.82570e-03 7.32305e-03 6.86450e-03 6.42638e-03 6.00045e-03 5.58945e-03 5.19593e-03 4.82192e-03 4.47129e-03 4.14736e-03 3.85032e-03 3.57767e-03 3.32720e-03 3.09820e-03 2.88944e-03 2.69841e-03 2.52386e-03 2.36620e-03 2.22212e-03 2.07643e-03 1.91238e-03 1.73173e-03 1.55177e-03 1.40540e-03 1.32075e-03 1.28336e-03 1.26641e-03 1.25827e-03 1.25605e-03 1.25830e-03 1.26327e-03 1.26839e-03 1.27048e-03 1.26619e-03 1.25227e-03 1.22612e-03 1.18651e-03 1.13083e-03 1.05515e-03 9.65481e-04 8.75844e-04 7.92699e-04 7.15009e-04 6.40880e-04 5.69095e-04 4.99079e-04 4.31071e-04 3.65951e-04 3.04771e-04 2.48337e-04 1.97026e-04 1.50881e-04 1.09753e-04 7.34354e-05 4.21192e-05 1.77366e-05 3.99745e-06 2.65731e-07 2.16644e-09
29.011068 1.55679e-02 2.03081e-02 1.54853e-02 1.54330e-02 1.72066e-02 1.80203e-02 1.73110e-02 1.58685e-02 1.43851e-02 1.31416e-02 1.21876e-02 1.14606e-02 1.09286e-02 1.06000e-02 1.04157e-02 1.02855e-02 1.01556e-02 1.00044e-02 9.82642e-03 9.65645e-03 9.53187e-03 9.45642e-03 9.42090e-03 9.42304e-03 9.48685e-03 9.64024e-03 9.88022e-03 1.01667e-02 1.04401e-02 1.06769e-02 1.09229e-02 1.12312e-02 1.16000e-02 1.19968e-02 1.24112e-02 1.28519e-02 1.32927e-02 1.36751e-02 1.39739e-02 1.42113e-02 1.44105e-02 1.45704e-02 1.46762e-02 1.47132e-02 1.46767e-02 1.45782e-02 1.44457e-02 1.43167e-02 1.42276e-02 1.42034e-02 1.42478e-02 1.43372e-02 1.44208e-02 1.44304e-02 1.43155e-02 1.41052e-02 1.38873e-02 1.36988e-02 1.35231e-02 1.33272e-02 1.30755e-02 1.27509e-02 1.23609e-02 1.19058e-02 1.13209e-02 1.05502e-02 9.72215e-03 8.97401e-03 8.33772e-03 7.80232e-03 7.33439e-03 6.90613e-03 6.49954e-03 6.10421e-03 5.72083e-03 5.35239e-03 5.00030e-03 4.66511e-03 4.34705e-03 4.04588e-03 3.76100e-03 3.49223e-03 3.24084e-03 3.00913e-03 2.79834e-03 2.60646e-03 2.42827e-03 2.25641e-03 2.07996e-03 1.88647e-03 1.67776e-03 1.47838e-03 1.32853e-03 1.24249e-03 1.19134e-03 1.15528e-03 1.13100e-03 1.12089e-03 1.13022e-03 1.16338e-03 1.21855e-03 1.28580e-03 1.35248e-03 1.40858e-03 1.44386e-03 1.44659e-03 1.41204e-03 1.34201e-03 1.23707e-03 1.10845e-03 9.79844e-04 8.64740e-04 7.63392e-04 6.72101e-04 5.87033e-04 5.05801e-04 4.28315e-04 3.56031e-04 2.90266e-04 2.31166e-04 1.77944e-04 1.29596e-04 8.53827e-05 4.64795e-05 1.77602e-05 3.55027e-06 2.13070e-07 1.62032e-09
29.261164 1.59015e-02 2.09939e-02 1.69413e-02 1.71439e-02 1.77168e-02 1.69705e-02 1.56360e-02 1.44157e-02 1.33846e-02 1.25136e-02 1.18125e-02 1.12393e-02 1.07725e-02 1.04361e-02 1.02298e-02 1.01188e-02 1.00449e-02 9.94574e-03 9.81274e-03 9.68319e-03 9.58044e-03 9.50613e-03 9.45735e-03 9.44608e-03 9.50017e-03 9.64388e-03 9.87753e-03 1.01717e-02 1.04757e-02 1.07614e-02 1.10620e-02 1.14306e-02 1.18711e-02 1.23430e-02 1.28226e-02 1.33173e-02 1.38053e-02 1.41965e-02 1.44042e-02 1.44589e-02 1.44777e-02 1.45356e-02 1.46315e-02 1.47291e-02 1.47892e-02 1.47873e-02 1.47186e-02 1.45982e-02 1.44603e-02 1.43475e-02 1.42869e-02 1.42645e-02 1.42201e-02 1.41085e-02 1.39468e-02 1.37681e-02 1.35753e-02 1.33659e-02 1.31534e-02 1.29234e-02 1.26504e-02 1.23400e-02 1.20312e-02 1.16473e-02 1.10177e-02 1.02550e-02 9.52266e-03 8.88888e-03 8.35596e-03 7.87668e-03 7.41819e-03 6.97635e-03 6.54683e-03 6.12746e-03 5.72095e-03 5.33094e-03 4.96036e-03 4.61081e-03 4.28197e-03 3.97170e-03 3.67764e-03 3.39890e-03 3.13685e-03 2.89475e-03 2.67627e-03 2.48265e-03 2.30784e-03 2.13913e-03 1.96573e-03 1.78310e-03 1.59673e-03 1.42185e-03 1.28083e-03 1.18589e-03 1.11949e-03 1.06547e-03 1.02023e-03 9.84612e-04 9.60606e-04 9.50267e-04 9.55725e-04 9.80199e-04 1.02758e-03 1.10205e-03 1.21454e-03 1.38125e-03 1.59251e-03 1.79416e-03 1.91691e-03 1.90163e-03 1.75172e-03 1.52346e-03 1.28427e-03 1.07609e-03 9.06719e-04 7.67520e-04 6.49052e-04 5.44524e-04 4.49476e-04 3.61471e-04 2.79115e-04 2.01557e-04 1.29328e-04 6.70380e-05 2.38929e-05 4.41914e-06 2.50392e-07 1.91689e-09
29.511259 1.80048e-02 2.31818e-02 1.85055e-02 1.72826e-02 1.63302e-02 1.53131e-02 1.44125e-02 1.35889e-02 1.28718e-02 1.23026e-02 1.18476e-02 1.14194e-02 1.09808e-02 1.05631e-02 1.02108e-02 9.94843e-03 9.75766e-03 9.61001e-03 9.50624e-03 9.45057e-03 9.43793e-03 9.46038e-03 9.49791e-03 9.52515e-03 9.55335e-03 9.63084e-03 9.79420e-03 1.00405e-02 1.03309e-02 1.06280e-02 1.09435e-02 1.13227e-02 1.17793e-02 1.22776e-02 1.27874e-02 1.33155e-02 1.38736e-02 1.44138e-02 1.48065e-02 1.49610e-02 1.49464e-02 1.48939e-02 1.48642e-02 1.48575e-02 1.48635e-02 1.48765e-02 1.48903e-02 1.48901e-02 1.48528e-02 1.47609e-02 1.46231e-02 1.44727e-02 1.43251e-02 1.41442e-02 1.39096e-02 1.36717e-02 1.34681e-02 1.32753e-02 1.30503e-02 1.27759e-02 1.24566e-02 1.20914e-02 1.16648e-02 1.11691e-02 1.06212e-02 1.00602e-02 9.51619e-03 9.00320e-03 8.50859e-03 8.01599e-03 7.52926e-03 7.05163e-03 6.58501e-03 6.13190e-03 5.69428e-03 5.27450e-03 4.87542e-03 4.50015e-03 4.15119e-03 3.82862e-03 3.52877e-03 3.24716e-03 2.98298e-03 2.73972e-03 2.52192e-03 2.32976e-03 2.15480e-03 1.98539e-03 1.81612e-03 1.65270e-03 1.50545e-03 1.37362e-03 1.25069e-03 1.14533e-03 1.06205e-03 9.95473e-04 9.41608e-04 9.00041e-04 8.70850e-04 8.53269e-04 8.46405e-04 8.49929e-04 8.64036e-04 8.89265e-04 9.26737e-04 9.79622e-04 1.05597e-03 1.16323e-03 1.29759e-03 1.45558e-03 1.63705e-03 1.81684e-03 1.91416e-03 1.86856e-03 1.68676e-03 1.43403e-03 1.19181e-03 9.90234e-04 8.09469e-04 6.36434e-04 4.80133e-04 3.43879e-04 2.22850e-04 1.18752e-04 4.41634e-05 8.56241e-06 5.06466e-07 4.12997e-09
29.761354 2.08273e-02 2.47247e-02 1.78373e-02 1.55782e-02 1.48661e-02 1.43989e-02 1.38841e-02 1.33899e-02 1.29994e-02 1.26301e-02 1.21462e-02 1.15550e-02 1.09443e-02 1.03761e-02 9.90100e-03 9.58329e-03 9.43357e-03 9.38078e-03 9.34944e-03 9.31415e-03 9.29298e-03 9.30705e-03 9.34787e-03 9.39611e-03 9.45095e-03 9.53523e-03 9.67602e-03 9.88099e-03 1.01334e-02 1.04154e-02 1.07430e-02 1.11582e-02 1.16765e-02 1.22687e-02 1.29053e-02 1.35706e-02 1.42226e-02 1.48064e-02 1.52823e-02 1.55847e-02 1.56684e-02 1.56242e-02 1.55778e-02 1.55393e-02 1.54581e-02 1.53420e-02 1.52376e-02 1.51610e-02 1.51006e-02 1.50319e-02 1.49233e-02 1.47546e-02 1.45298e-02 1.42688e-02 1.39864e-02 1.37019e-02 1.34536e-02 1.32424e-02 1.30377e-02 1.28132e-02 1.25322e-02 1.21607e-02 1.17064e-02 1.12072e-02 1.06959e-02 1.02142e-02 9.76098e-03 9.29410e-03 8.79203e-03 8.27453e-03 7.75630e-03 7.23919e-03 6.72351e-03 6.21543e-03 5.72599e-03 5.26537e-03 4.83882e-03 4.44640e-03 4.08558e-03 3.75412e-03 3.45143e-03 3.17681e-03 2.92679e-03 2.69652e-03 2.48341e-03 2.28561e-03 2.09836e-03 1.91627e-03 1.73732e-03 1.57240e-03 1.43858e-03 1.33717e-03 1.25028e-03 1.16299e-03 1.07774e-03 1.00186e-03 9.39837e-04 8.93567e-04 8.62353e-04 8.43109e-04 8.32523e-04 8.28615e-04 8.29758e-04 8.33678e-04 8.38241e-04 8.43005e-04 8.50278e-04 8.64016e-04 8.87141e-04 9.18904e-04 9.51126e-04 9.82854e-04 1.02162e-03 1.05921e-03 1.09024e-03 1.12344e-03 1.13512e-03 1.08800e-03 9.52806e-04 7.40372e-04 5.35657e-04 3.61788e-04 2.14718e-04 1.04719e-04 3.67391e-05 7.01737e-06 4.27356e-07 3.77413e-09
30.011450 2.19108e-02 2.40872e-02 1.58708e-02 1.39964e-02 1.40498e-02 1.40911e-02 1.38857e-02 1.35209e-02 1.30617e-02 1.24896e-02 1.18377e-02 1.11821e-02 1.05337e-02 9.89948e-03 9.42828e-03 9.26274e-03 9.26708e-03 9.24486e-03 9.16699e-03 9.08572e-03 9.05894e-03 9.11534e-03 9.24062e-03 9.40582e-03 9.58723e-03 9.77202e-03 9.96437e-03 1.01802e-02 1.04405e-02 1.07754e-02 1.12198e-02 1.17724e-02 1.23518e-02 1.28452e-02 1.32219e-02 1.35598e-02 1.39710e-02 1.45111e-02 1.51219e-02 1.56779e-02 1.60850e-02 1.62552e-02 1.61620e-02 1.59305e-02 1.56953e-02 1.55022e-02 1.53481e-02 1.52224e-02 1.51141e-02 1.50135e-02 1.49142e-02 1.48075e-02 1.46770e-02 1.45033e-02 1.42742e-02 1.39918e-02 1.36794e-02 1.33875e-02 1.31517e-02 1.29364e-02 1.26709e-02 1.23208e-02 1.19278e-02 1.15191e-02 1.11073e-02 1.07069e-02 1.02859e-02 9.80449e-03 9.26709e-03 8.69986e-03 8.11582e-03 7.51515e-03 6.90652e-03 6.31286e-03 5.75953e-03 5.26024e-03 4.81415e-03 4.41313e-03 4.04925e-03 3.71728e-03 3.41438e-03 3.13925e-03 2.89063e-03 2.66530e-03 2.45731e-03 2.26040e-03 2.07202e-03 1.89346e-03 1.72433e-03 1.57103e-03 1.44914e-03 1.36074e-03 1.29279e-03 1.22870e-03 1.15857e-03 1.08297e-03 1.01049e-03 9.50251e-04 9.05484e-04 8.72940e-04 8.47828e-04 8.27288e-04 8.09885e-04 7.95400e-04 7.85231e-04 7.81424e-04 7.84124e-04 7.91038e-04 7.93131e-04 7.77840e-04 7.50023e-04 7.19726e-04 6.87426e-04 6.51797e-04 6.17530e-04 5.92690e-04 5.72359e-04 5.39916e-04 4.89703e-04 4.27227e-04 3.87356e-04 3.21648e-04 2.07595e-04 1.04801e-04 3.76349e-05 7.15248e-06 4.22227e-07 3.87231e-09
30.261545 2.18127e-02 2.36427e-02 1.49034e-02 1.32209e-02 1.36924e-02 1.39811e-02 1.38425e-02 1.34172e-02 1.28038e-02 1.20811e-02 1.13620e-02 1.06629e-02 9.97099e-03 9.50827e-03 9.41477e-03 9.42403e-03 9.34832e-03 9.25129e-03 9.20172e-03 9.20139e-03 9.24607e-03 9.35368e-03 9.53804e-03 9.79424e-03 1.01098e-02 1.04790e-02 1.09048e-02 1.13690e-02 1.17981e-02 1.21159e-02 1.23302e-02 1.25382e-02 1.28306e-02 1.31896e-02 1.35284e-02 1.37606e-02 1.38727e-02 1.39824e-02 1.41933e-02 1.44952e-02 1.48536e-02 1.52542e-02 1.56187e-02 1.58018e-02 1.57672e-02 1.56140e-02 1.54337e-02 1.52626e-02 1.51135e-02 1.49849e-02 1.48598e-02 1.47246e-02 1.45787e-02 1.44240e-02 1.42634e-02 1.41098e-02 1.39758e-02 1.38301e-02 1.35819e-02 1.31689e-02 1.26495e-02 1.21637e-02 1.17804e-02 1.14802e-02 1.12175e-02 1.09327e-02 1.05773e-02 1.01295e-02 9.59140e-03 8.98225e-03 8.32168e-03 7.63651e-03 6.96547e-03 6.34085e-03 5.77525e-03 5.26638e-03 4.80681e-03 4.39006e-03 4.01202e-03 3.66991e-03 3.36118e-03 3.08320e-03 2.83391e-03 2.61118e-03 2.41071e-03 2.22570e-03 2.05093e-03 1.88790e-03 1.73839e-03 1.60343e-03 1.49110e-03 1.40216e-03 1.32892e-03 1.26092e-03 1.18823e-03 1.10608e-03 1.02198e-03 9.49487e-04 8.93856e-04 8.51131e-04 8.16199e-04 7.86303e-04 7.60684e-04 7.39963e-04 7.25261e-04 7.16750e-04 7.12601e-04 7.07032e-04 6.93271e-04 6.71147e-04 6.44266e-04 6.14617e-04 5.82752e-04 5.48555e-04 5.10677e-04 4.67053e-04 4.17020e-04 3.63613e-04 3.12420e-04 2.59789e-04 1.95107e-04 1.41356e-04 1.11608e-04 7.51016e-05 3.40309e-05 8.20342e-06 6.11036e-07 6.93995e-09
30.511641 2.11925e-02 2.37752e-02 1.47285e-02 1.26544e-02 1.30726e-02 1.34197e-02 1.33388e-02 1.29681e-02 1.24469e-02 1.18218e-02 1.11039e-02 1.04298e-02 1.00507e-02 9.90842e-03 9.76405e-03 9.65206e-03 9.65934e-03 9.72440e-03 9.78933e-03 9.86936e-03 1.00128e-02 1.02645e-02 1.06506e-02 1.11758e-02 1.17915e-02 1.23600e-02 1.27301e-02 1.28715e-02 1.28830e-02 1.28906e-02 1.29498e-02 1.30295e-02 1.30640e-02 1.30275e-02 1.29573e-02 1.29250e-02 1.29894e-02 1.31632e-02 1.34252e-02 1.37391e-02 1.40850e-02 1.44761e-02 1.49222e-02 1.53554e-02 1.56290e-02 1.56716e-02 1.55526e-02 1.53620e-02 1.51426e-02 1.49322e-02 1.47749e-02 1.46780e-02 1.46146e-02 1.45456e-02 1.44176e-02 1.41870e-02 1.38655e-02 1.35104e-02 1.31592e-02 1.28003e-02 1.24337e-02 1.20940e-02 1.17907e-02 1.15157e-02 1.12680e-02 1.10039e-02 1.06418e-02 1.01411e-02 9.52086e-03 8.84949e-03 8.19173e-03 7.55587e-03 6.92741e-03 6.31714e-03 5.74310e-03 5.21080e-03 4.72138e-03 4.27715e-03 3.88021e-03 3.53058e-03 3.22560e-03 2.96047e-03 2.72919e-03 2.52512e-03 2.34127e-03 2.17162e-03 2.01440e-03 1.87195e-03 1.74232e-03 1.62144e-03 1.51386e-03 1.42077e-03 1.33699e-03 1.25633e-03 1.17434e-03 1.09191e-03 1.01664e-03 9.52637e-04 8.95830e-04 8.41159e-04 7.87330e-04 7.36423e-04 6.91042e-04 6.52113e-04 6.18843e-04 5.90031e-04 5.64816e-04 5.41746e-04 5.18496e-04 4.93235e-04 4.65984e-04 4.39118e-04 4.14668e-04 3.90894e-04 3.64076e-04 3.32242e-04 2.95266e-04 2.53054e-04 2.05343e-04 1.53472e-04 1.02326e-04 5.97001e-05 3.15716e-05 1.68874e-05 8.32312e-06 2.31470e-06 1.90951e-07 3.12597e-09
30.761736 1.98784e-02 2.35438e-02 1.46896e-02 1.21578e-02 1.23206e-02 1.26376e-02 1.26400e-02 1.24262e-02 1.21187e-02 1.17281e-02 1.13033e-02 1.08961e-02 1.05021e-02 1.02220e-02 1.01049e-02 1.00741e-02 1.00959e-02 1.02003e-02 1.04178e-02 1.07723e-02 1.12835e-02 1.19056e-02 1.24868e-02 1.28800e-02 1.30824e-02 1.31806e-02 1.32218e-02 1.32048e-02 1.31529e-02 1.31030e-02 1.30202e-02 1.28592e-02 1.26678e-02 1.25208e-02 1.24669e-02 1.25115e-02 1.26216e-02 1.27795e-02 1.29971e-02 1.32818e-02 1.36107e-02 1.39585e-02 1.43340e-02 1.47532e-02 1.51672e-02 1.54609e-02 1.55697e-02 1.55319e-02 1.53986e-02 1.51856e-02 1.49115e-02 1.46172e-02 1.43508e-02 1.41422e-02 1.39802e-02 1.38255e-02 1.36422e-02 1.34206e-02 1.31639e-02 1.28774e-02 1.25826e-02 1.23010e-02 1.20256e-02 1.17208e-02 1.13495e-02 1.09080e-02 1.04136e-02 9.88300e-03 9.33345e-03 8.77616e-03 8.22742e-03 7.70385e-03 7.17448e-03 6.57574e-03 5.93340e-03 5.32451e-03 4.77677e-03 4.29070e-03 3.86581e-03 3.49820e-03 3.18155e-03 2.90910e-03 2.67167e-03 2.45694e-03 2.25482e-03 2.06281e-03 1.88371e-03 1.72081e-03 1.57580e-03 1.44988e-03 1.34612e-03 1.26512e-03 1.20042e-03 1.14342e-03 1.09059e-03 1.04226e-03 9.96780e-04 9.49781e-04 8.98210e-04 8.42623e-04 7.86232e-04 7.32462e-04 6.82900e-04 6.36914e-04 5.92436e-04 5.47104e-04 5.00513e-04 4.56105e-04 4.18534e-04 3.87423e-04 3.58234e-04 3.30966e-04 3.10247e-04 2.95747e-04 2.81285e-04 2.62273e-04 2.37929e-04 2.08519e-04 1.74337e-04 1.36363e-04 9.66789e-05 5.89884e-05 2.87857e-05 1.02427e-05 2.28381e-06 2.40784e-07 1.06965e-08 4.78789e-10
31.011831 1.89498e-02 2.33236e-02 1.47020e-02 1.18869e-02 1.19602e-02 1.23373e-02 1.24600e-02 1.24265e-02 1.23190e-02 1.20568e-02 1.16263e-02 1.11685e-02 1.07589e-02 1.03690e-02 1.00524e-02 9.96490e-03 1.02091e-02 1.07765e-02 1.15436e-02 1.22679e-02 1.27413e-02 1.29684e-02 1.30805e-02 1.31566e-02 1.32076e-02 1.32274e-02 1.32073e-02 1.31461e-02 1.30579e-02 1.29561e-02 1.28387e-02 1.27131e-02 1.26236e-02 1.26232e-02 1.26806e-02 1.26950e-02 1.26405e-02 1.25935e-02 1.26529e-02 1.28581e-02 1.31632e-02 1.34941e-02 1.38304e-02 1.42145e-02 1.46765e-02 1.51644e-02 1.55366e-02 1.56605e-02 1.55453e-02 1.52937e-02 1.49636e-02 1.45947e-02 1.42646e-02 1.40332e-02 1.38923e-02 1.38018e-02 1.37085e-02 1.35664e-02 1.33785e-02 1.31575e-02 1.28722e-02 1.24862e-02 1.20117e-02 1.14985e-02 1.09955e-02 1.05321e-02 1.01081e-02 9.69920e-03 9.28068e-03 8.83360e-03 8.35304e-03 7.85931e-03 7.38405e-03 6.88818e-03 6.25558e-03 5.52401e-03 4.86589e-03 4.33436e-03 3.88921e-03 3.50250e-03 3.16219e-03 2.85441e-03 2.56427e-03 2.28722e-03 2.02941e-03 1.79870e-03 1.60745e-03 1.46340e-03 1.35624e-03 1.27069e-03 1.19718e-03 1.13178e-03 1.07358e-03 1.02248e-03 9.77864e-04 9.37953e-04 8.99876e-04 8.60924e-04 8.19806e-04 7.76797e-04 7.33003e-04 6.89545e-04 6.46895e-04 6.04382e-04 5.60635e-04 5.14587e-04 4.66036e-04 4.16669e-04 3.71499e-04 3.36385e-04 3.10451e-04 2.87499e-04 2.66331e-04 2.50174e-04 2.39223e-04 2.28658e-04 2.14250e-04 1.95646e-04 1.73611e-04 1.48349e-04 1.19970e-04 8.92968e-05 5.84264e-05 3.09487e-05 1.13287e-05 2.10034e-06 1.13141e-07 9.46653e-10
31.261927 1.84662e-02 2.31720e-02 1.45625e-02 1.13072e-02 1.13405e-02 1.21428e-02 1.28494e-02 1.33055e-02 1.34195e-02 1.31338e-02 1.24311e-02 1.13831e-02 1.03627e-02 9.84035e-03 9.99411e-03 1.06526e-02 1.14035e-02 1.18888e-02 1.20907e-02 1.22240e-02 1.24450e-02 1.27543e-02 1.30662e-02 1.32918e-02 1.33828e-02 1.33371e-02 1.31963e-02 1.30262e-02 1.28668e-02 1.27105e-02 1.25232e-02 1.22917e-02 1.20862e-02 1.20271e-02 1.21257e-02 1.22637e-02 1.23643e-02 1.24421e-02 1.25356e-02 1.26809e-02 1.29002e-02 1.31874e-02 1.35175e-02 1.38619e-02 1.42056e-02 1.45697e-02 1.49614e-02 1.53203e-02 1.55666e-02 1.56641e-02 1.56221e-02 1.54504e-02 1.51624e-02 1.48238e-02 1.45479e-02 1.44055e-02 1.43620e-02 1.43293e-02 1.42039e-02 1.38993e-02 1.33986e-02 1.27457e-02 1.20213e-02 1.13193e-02 1.07077e-02 1.02119e-02 9.81271e-03 9.45690e-03 9.09164e-03 8.68633e-03 8.23524e-03 7.75292e-03 7.26199e-03 6.77328e-03 6.25620e-03 5.63147e-03 4.92598e-03 4.29917e-03 3.80683e-03 3.38860e-03 2.99960e-03 2.63613e-03 2.30427e-03 2.00793e-03 1.76508e-03 1.58763e-03 1.45948e-03 1.36020e-03 1.27746e-03 1.20459e-03 1.13829e-03 1.07727e-03 1.02097e-03 9.68708e-04 9.19600e-04 8.72875e-04 8.28037e-04 7.84750e-04 7.42569e-04 7.00752e-04 6.58422e-04 6.15069e-04 5.70973e-04 5.26804e-04 4.82720e-04 4.38166e-04 3.92614e-04 3.46770e-04 3.03589e-04 2.67592e-04 2.41294e-04 2.21576e-04 2.03532e-04 1.86883e-04 1.73951e-04 1.64769e-04 1.56464e-04 1.46293e-04 1.33305e-04 1.17248e-04 9.77991e-05 7.50218e-05 5.03154e-05 2.71689e-05 1.02086e-05 1.98649e-06 1.12536e-07 8.75701e-10
31.512022 1.83783e-02 2.33357e-02 1.45773e-02 1.07434e-02 1.05850e-02 1.19701e-02 1.36321e-02 1.48875e-02 1.53088e-02 1.46358e-02 1.31070e-02 1.16556e-02 1.10519e-02 1.11889e-02 1.14510e-02 1.14555e-02 1.13000e-02 1.12118e-02 1.12748e-02 1.14452e-02 1.16400e-02 1.18084e-02 1.19659e-02 1.21659e-02 1.24208e-02 1.26540e-02 1.27454e-02 1.26322e-02 1.23651e-02 1.20678e-02 1.18369e-02 1.16787e-02 1.15588e-02 1.14972e-02 1.15541e-02 1.17072e-02 1.18733e-02 1.20570e-02 1.23025e-02 1.25905e-02 1.28633e-02 1.30803e-02 1.32480e-02 1.34173e-02 1.36384e-02 1.39399e-02 1.43237e-02 1.47645e-02 1.52179e-02 1.56285e-02 1.59529e-02 1.61837e-02 1.63164e-02 1.62879e-02 1.60795e-02 1.58053e-02 1.55572e-02 1.53403e-02 1.51108e-02 1.48077e-02 1.43724e-02 1.37512e-02 1.29095e-02 1.19142e-02 1.09696e-02 1.02399e-02 9.71638e-03 9.29709e-03 8.89113e-03 8.45742e-03 7.99219e-03 7.50862e-03 7.02323e-03 6.53724e-03 6.02968e-03 5.49234e-03 4.92071e-03 4.29648e-03 3.67409e-03 3.14019e-03 2.70334e-03 2.33369e-03 2.03232e-03 1.80560e-03 1.63432e-03 1.49680e-03 1.38307e-03 1.28899e-03 1.21120e-03 1.14520e-03 1.08643e-03 1.03163e-03 9.78946e-04 9.27446e-04 8.76637e-04 8.26246e-04 7.76234e-04 7.26929e-04 6.79017e-04 6.33226e-04 5.89689e-04 5.47544e-04 5.05741e-04 4.63909e-04 4.21823e-04 3.79186e-04 3.36273e-04 2.94328e-04 2.55225e-04 2.20818e-04 1.92674e-04 1.71186e-04 1.53993e-04 1.38256e-04 1.24150e-04 1.12970e-04 1.04045e-04 9.52293e-05 8.48211e-05 7.22294e-05 5.76457e-05 4.18130e-05 2.61967e-05 1.30707e-05 4.53977e-06 8.40270e-07 4.90068e-08 4.85595e-10
31.762118 1.85512e-02 2.38135e-02 1.49347e-02 1.07610e-02 1.05093e-02 1.22898e-02 1.45556e-02 1.61791e-02 1.64154e-02 1.53342e-02 1.39739e-02 1.31181e-02 1.26388e-02 1.22384e-02 1.18234e-02 1.13952e-02 1.10078e-02 1.07393e-02 1.06208e-02 1.06264e-02 1.07070e-02 1.07906e-02 1.07861e-02 1.06641e-02 1.05237e-02 1.05116e-02 1.06676e-02 1.08984e-02 1.10878e-02 1.12118e-02 1.13341e-02 1.14709e-02 1.15259e-02 1.14179e-02 1.12292e-02 1.11730e-02 1.13836e-02 1.17573e-02 1.21349e-02 1.24449e-02 1.26945e-02 1.29447e-02 1.32304e-02 1.35170e-02 1.37685e-02 1.40211e-02 1.43528e-02 1.47998e-02 1.53046e-02 1.57765e-02 1.61672e-02 1.64580e-02 1.66398e-02 1.66993e-02 1.66361e-02 1.64870e-02 1.63012e-02 1.60985e-02 1.58568e-02 1.55357e-02 1.51038e-02 1.45410e-02 1.38334e-02 1.29906e-02 1.20741e-02 1.11864e-02 1.03813e-02 9.64150e-03 8.95797e-03 8.33589e-03 7.77204e-03 7.25636e-03 6.78298e-03 6.34282e-03 5.90370e-03 5.40894e-03 4.83191e-03 4.21413e-03 3.60043e-03 3.01487e-03 2.52459e-03 2.17712e-03 1.93512e-03 1.74304e-03 1.58025e-03 1.45062e-03 1.35455e-03 1.28232e-03 1.22241e-03 1.16699e-03 1.11210e-03 1.05604e-03 9.98171e-04 9.38360e-04 8.76696e-04 8.13454e-04 7.49325e-04 6.85720e-04 6.24671e-04 5.68135e-04 5.17177e-04 4.71416e-04 4.29178e-04 3.89188e-04 3.51238e-04 3.15125e-04 2.80726e-04 2.48246e-04 2.17924e-04 1.89924e-04 1.64742e-04 1.43275e-04 1.25597e-04 1.10169e-04 9.56432e-05 8.23509e-05 7.09793e-05 6.11278e-05 5.16735e-05 4.17899e-05 3.14422e-05 2.12939e-05 1.23635e-05 5.67772e-06 1.81104e-06 3.25580e-07 2.44385e-08 4.50441e-10
32.012213 1.85242e-02 2.41090e-02 1.53949e-02 1.12338e-02 1.10372e-02 1.29665e-02 1.53152e-02 1.68583e-02 1.70429e-02 1.60776e-02 1.46077e-02 1.32741e-02 1.24380e-02 1.20140e-02 1.16741e-02 1.12716e-02 1.09046e-02 1.06946e-02 1.06160e-02 1.05304e-02 1.03607e-02 1.01541e-02 9.98488e-03 9.87973e-03 9.83834e-03 9.83097e-03 9.79941e-03 9.71144e-03 9.58866e-03 9.50525e-03 9.54373e-03 9.69930e-03 9.88917e-03 1.00737e-02 1.02850e-02 1.05737e-02 1.09835e-02 1.15524e-02 1.21889e-02 1.26539e-02 1.29583e-02 1.33068e-02 1.37601e-02 1.42530e-02 1.46901e-02 1.50148e-02 1.52611e-02 1.54821e-02 1.56933e-02 1.59045e-02 1.61313e-02 1.63659e-02 1.65754e-02 1.67258e-02 1.67944e-02 1.67706e-02 1.66567e-02 1.64620e-02 1.61919e-02 1.58404e-02 1.53951e-02 1.48421e-02 1.41657e-02 1.33609e-02 1.24803e-02 1.16501e-02 1.09360e-02 1.02581e-02 9.55867e-03 8.85105e-03 8.16289e-03 7.51300e-03 6.91098e-03 6.36501e-03 5.86610e-03 5.37716e-03 4.81041e-03 4.10906e-03 3.40498e-03 2.86560e-03 2.47944e-03 2.16593e-03 1.90539e-03 1.71063e-03 1.57747e-03 1.48504e-03 1.41541e-03 1.35915e-03 1.31056e-03 1.26501e-03 1.21885e-03 1.16924e-03 1.11398e-03 1.05142e-03 9.80589e-04 9.01441e-04 8.15251e-04 7.25021e-04 6.35446e-04 5.51976e-04 4.79041e-04 4.18372e-04 3.68682e-04 3.27258e-04 2.92151e-04 2.62072e-04 2.35516e-04 2.11163e-04 1.88196e-04 1.66244e-04 1.45408e-04 1.26225e-04 1.09179e-04 9.39803e-05 7.97586e-05 6.61677e-05 5.36866e-05 4.27665e-05 3.32579e-05 2.47151e-05 1.69789e-05 1.03792e-05 5.42130e-06 2.30480e-06 7.43336e-07 1.63728e-07 2.03909e-08 5.44084e-10
32.262309 1.80976e-02 2.39767e-02 1.57831e-02 1.18821e-02 1.18798e-02 1.41342e-02 1.66617e-02 1.77954e-02 1.70965e-02 1.53986e-02 1.37195e-02 1.25541e-02 1.19221e-02 1.15961e-02 1.13644e-02 1.11573e-02 1.09751e-02 1.08330e-02 1.07289e-02 1.06392e-02 1.05345e-02 1.03719e-02 1.01469e-02 9.90950e-03 9.66025e-03 9.33557e-03 8.94036e-03 8.58514e-03 8.36533e-03 8.30061e-03 8.34637e-03 8.46835e-03 8.69051e-03 9.01600e-03 9.39128e-03 9.76609e-03 1.01444e-02 1.06191e-02 1.13049e-02 1.21874e-02 1.32031e-02 1.42194e-02 1.49795e-02 1.54635e-02 1.58050e-02 1.60768e-02 1.62924e-02 1.64488e-02 1.65509e-02 1.66138e-02 1.66577e-02 1.66942e-02 1.67204e-02 1.67237e-02 1.66881e-02 1.66008e-02 1.64573e-02 1.62603e-02 1.60155e-02 1.57211e-02 1.53541e-02 1.48608e-02 1.41623e-02 1.32155e-02 1.21825e-02 1.13050e-02 1.05948e-02 9.98687e-03 9.43341e-03 8.90223e-03 8.37773e-03 7.85004e-03 7.31137e-03 6.75525e-03 6.13611e-03 5.41709e-03 4.69024e-03 4.06916e-03 3.52219e-03 2.99513e-03 2.55311e-03 2.23679e-03 2.01790e-03 1.86081e-03 1.73636e-03 1.63302e-03 1.55089e-03 1.48688e-03 1.43457e-03 1.38949e-03 1.34858e-03 1.30838e-03 1.26480e-03 1.21331e-03 1.14919e-03 1.06806e-03 9.67808e-04 8.51770e-04 7.30223e-04 6.16457e-04 5.20054e-04 4.43568e-04 3.84148e-04 3.37256e-04 2.99316e-04 2.68078e-04 2.41733e-04 2.18612e-04 1.97434e-04 1.77377e-04 1.58034e-04 1.39392e-04 1.21695e-04 1.05096e-04 8.94025e-05 7.43576e-05 6.01188e-05 4.72153e-05 3.60479e-05 2.66003e-05 1.86268e-05 1.20081e-05 6.85378e-06 3.27697e-06 1.18267e-06 2.66482e-07 2.85250e-08 6.32214e-10
32.512404 1.74188e-02 2.34755e-02 1.60365e-02 1.29571e-02 1.39864e-02 1.67583e-02 1.82168e-02 1.73673e-02 1.54305e-02 1.37205e-02 1.26554e-02 1.20930e-02 1.17386e-02 1.13825e-02 1.10906e-02 1.10301e-02 1.11321e-02 1.11547e-02 1.09820e-02 1.06695e-02 1.03201e-02 9.99193e-03 9.66136e-03 9.29701e-03 8.93604e-03 8.64947e-03 8.47968e-03 8.43262e-03 8.48292e-03 8.57318e-03 8.67101e-03 8.80723e-03 9.03347e-03 9.37748e-03 9.83741e-03 1.03781e-02 1.09411e-02 1.14809e-02 1.20026e-02 1.25995e-02 1.34283e-02 1.44331e-02 1.52939e-02 1.59134e-02 1.63836e-02 1.66391e-02 1.66823e-02 1.66383e-02 1.65660e-02 1.64730e-02 1.63721e-02 1.62784e-02 1.61943e-02 1.61116e-02 1.60195e-02 1.59112e-02 1.57807e-02 1.56077e-02 1.53490e-02 1.49501e-02 1.43850e-02 1.37033e-02 1.30075e-02 1.23543e-02 1.17403e-02 1.11542e-02 1.05939e-02 1.00484e-02 9.47589e-03 8.83621e-03 8.15908e-03 7.48998e-03 6.81935e-03 6.16022e-03 5.59427e-03 5.18632e-03 4.90122e-03 4.61871e-03 4.20527e-03 3.64428e-03 3.07673e-03 2.63316e-03 2.32776e-03 2.12279e-03 1.98269e-03 1.87632e-03 1.78346e-03 1.69739e-03 1.62141e-03 1.55801e-03 1.50401e-03 1.45448e-03 1.40522e-03 1.35195e-03 1.28952e-03 1.21187e-03 1.11324e-03 9.91783e-04 8.55296e-04 7.21980e-04 6.09124e-04 5.21603e-04 4.54383e-04 4.01037e-04 3.57506e-04 3.21613e-04 2.91879e-04 2.66938e-04 2.45465e-04 2.26249e-04 2.08265e-04 1.90733e-04 1.73173e-04 1.55381e-04 1.37308e-04 1.18973e-04 1.00566e-04 8.25793e-05 6.56794e-05 5.03938e-05 3.69315e-05 2.53014e-05 1.55831e-05 8.03999e-06 3.02058e-06 6.35771e-07 5.11726e-08 8.13505e-10
32.762499 1.68891e-02 2.30554e-02 1.71254e-02 1.63248e-02 1.80135e-02 1.82407e-02 1.66525e-02 1.48878e-02 1.36283e-02 1.27928e-02 1.22105e-02 1.18127e-02 1.15587e-02 1.13915e-02 1.12571e-02 1.10969e-02 1.08845e-02 1.06431e-02 1.04149e-02 1.02286e-02 1.00775e-02 9.92933e-03 9.76578e-03 9.59824e-03 9.45366e-03 9.35771e-03 9.33466e-03 9.38719e-03 9.48463e-03 9.60508e-03 9.76919e-03 1.00079e-02 1.03095e-02 1.06251e-02 1.09186e-02 1.11928e-02 1.14548e-02 1.16957e-02 1.19279e-02 1.22075e-02 1.26384e-02 1.33073e-02 1.41869e-02 1.51564e-02 1.59174e-02 1.62832e-02 1.65118e-02 1.68330e-02 1.70961e-02 1.70544e-02 1.67235e-02 1.62703e-02 1.58139e-02 1.54100e-02 1.50717e-02 1.47763e-02 1.44875e-02 1.41710e-02 1.38063e-02 1.34011e-02 1.29872e-02 1.25983e-02 1.22521e-02 1.19286e-02 1.15607e-02 1.10788e-02 1.04602e-02 9.77237e-03 9.09794e-03 8.44675e-03 7.81889e-03 7.20716e-03 6.60284e-03 6.01697e-03 5.47086e-03 4.99231e-03 4.60334e-03 4.30733e-03 4.09298e-03 3.92928e-03 3.74088e-03 3.42235e-03 2.97090e-03 2.54670e-03 2.27134e-03 2.11519e-03 2.00661e-03 1.91518e-03 1.83409e-03 1.75926e-03 1.69068e-03 1.62887e-03 1.56967e-03 1.50654e-03 1.43342e-03 1.34492e-03 1.23703e-03 1.10956e-03 9.69502e-04 8.31679e-04 7.11691e-04 6.16240e-04 5.42043e-04 4.82624e-04 4.33712e-04 3.93623e-04 3.61524e-04 3.36339e-04 3.16621e-04 3.00751e-04 2.87106e-04 2.74143e-04 2.60470e-04 2.44935e-04 2.26739e-04 2.05530e-04 1.81451e-04 1.55173e-04 1.27828e-04 1.00758e-04 7.51911e-05 5.20818e-05 3.22443e-05 1.66033e-05 6.16593e-06 1.25454e-06 8.93170e-08 1.14866e-09
33.012595 1.73016e-02 2.48001e-02 2.17803e-02 2.06749e-02 1.82057e-02 1.57797e-02 1.40777e-02 1.28977e-02 1.22263e-02 1.19952e-02 1.20235e-02 1.20657e-02 1.19588e-02 1.16768e-02 1.12755e-02 1.08772e-02 1.05810e-02 1.03811e-02 1.02223e-02 1.00948e-02 1.00119e-02 9.96495e-03 9.93571e-03 9.91367e-03 9.90225e-03 9.91891e-03 9.98381e-03 1.00957e-02 1.02355e-02 1.03999e-02 1.06172e-02 1.09056e-02 1.12410e-02 1.15845e-02 1.19038e-02 1.21901e-02 1.24631e-02 1.27418e-02 1.30256e-02 1.32797e-02 1.34678e-02 1.36481e-02 1.39375e-02 1.43169e-02 1.46394e-02 1.48611e-02 1.50323e-02 1.50349e-02 1.48267e-02 1.46218e-02 1.46060e-02 1.47732e-02 1.50010e-02 1.51487e-02 1.50910e-02 1.48032e-02 1.43603e-02 1.38696e-02 1.34109e-02 1.30155e-02 1.26796e-02 1.23682e-02 1.20222e-02 1.15939e-02 1.10544e-02 1.04148e-02 9.77971e-03 9.19876e-03 8.65484e-03 8.12192e-03 7.57304e-03 7.02010e-03 6.47701e-03 5.94812e-03 5.44208e-03 4.98030e-03 4.57853e-03 4.23721e-03 3.95468e-03 3.72556e-03 3.53711e-03 3.37373e-03 3.20956e-03 3.00027e-03 2.71900e-03 2.42454e-03 2.21213e-03 2.08898e-03 2.00532e-03 1.93304e-03 1.86635e-03 1.80331e-03 1.74192e-03 1.67760e-03 1.60344e-03 1.51293e-03 1.40190e-03 1.27031e-03 1.12481e-03 9.78983e-04 8.47883e-04 7.40146e-04 6.55584e-04 5.89065e-04 5.35339e-04 4.91351e-04 4.56119e-04 4.29443e-04 4.10658e-04 3.98228e-04 3.90046e-04 3.83765e-04 3.76868e-04 3.66701e-04 3.50784e-04 3.27447e-04 2.96374e-04 2.58706e-04 2.16658e-04 1.72911e-04 1.30082e-04 9.04926e-05 5.61821e-05 2.90708e-05 1.09008e-05 2.23363e-06 1.53183e-07 1.76330e-09
33.262690 2.04307e-02 2.87485e-02 2.39214e-02 1.89288e-02 1.52133e-02 1.32368e-02 1.23566e-02 1.20984e-02 1.21947e-02 1.23809e-02 1.24257e-02 1.22048e-02 1.17565e-02 1.12506e-02 1.08127e-02 1.04811e-02 1.02301e-02 1.00022e-02 9.79805e-03 9.66751e-03 9.62139e-03 9.64667e-03 9.71113e-03 9.78773e-03 9.89230e-03 1.00729e-02 1.03572e-02 1.07060e-02 1.10544e-02 1.14075e-02 1.18475e-02 1.24346e-02 1.31142e-02 1.36965e-02 1.39655e-02 1.39067e-02 1.36870e-02 1.34366e-02 1.32037e-02 1.30040e-02 1.28493e-02 1.27827e-02 1.29115e-02 1.32470e-02 1.35546e-02 1.36458e-02 1.35949e-02 1.35765e-02 1.37243e-02 1.40499e-02 1.43620e-02 1.44997e-02 1.44919e-02 1.44413e-02 1.44093e-02 1.43746e-02 1.42789e-02 1.40214e-02 1.35326e-02 1.29274e-02 1.23531e-02 1.18282e-02 1.13209e-02 1.08368e-02 1.04149e-02 1.00399e-02 9.60508e-03 9.10140e-03 8.58402e-03 8.05161e-03 7.49942e-03 6.94740e-03 6.42434e-03 5.93551e-03 5.47632e-03 5.05435e-03 4.68011e-03 4.35052e-03 4.06253e-03 3.81654e-03 3.60490e-03 3.41372e-03 3.23280e-03 3.05678e-03 2.87878e-03 2.68313e-03 2.46288e-03 2.27104e-03 2.15838e-03 2.08279e-03 2.00990e-03 1.94089e-03 1.87630e-03 1.81240e-03 1.74360e-03 1.66349e-03 1.56589e-03 1.44731e-03 1.31000e-03 1.16244e-03 1.01770e-03 8.89567e-04 7.85660e-04 7.05294e-04 6.44180e-04 5.98171e-04 5.64048e-04 5.39493e-04 5.23042e-04 5.13513e-04 5.09012e-04 5.06438e-04 5.01818e-04 4.90650e-04 4.68471e-04 4.32777e-04 3.84649e-04 3.28258e-04 2.68914e-04 2.11080e-04 1.57504e-04 1.09647e-04 6.85758e-05 3.58776e-05 1.37136e-05 2.90372e-06 2.03239e-07 2.27683e-09
33.512786 2.19460e-02 2.77963e-02 2.08736e-02 1.59512e-02 1.32159e-02 1.20885e-02 1.18310e-02 1.19855e-02 1.22048e-02 1.22997e-02 1.21585e-02 1.17599e-02 1.12938e-02 1.09245e-02 1.06294e-02 1.03626e-02 1.01075e-02 9.86663e-03 9.68462e-03 9.59000e-03 9.58377e-03 9.65471e-03 9.77701e-03 9.92266e-03 1.00929e-02 1.03338e-02 1.06979e-02 1.11681e-02 1.16918e-02 1.22518e-02 1.28072e-02 1.32486e-02 1.35240e-02 1.36879e-02 1.37643e-02 1.37136e-02 1.35534e-02 1.33622e-02 1.31970e-02 1.30814e-02 1.30385e-02 1.30959e-02 1.32813e-02 1.36012e-02 1.39409e-02 1.41637e-02 1.42706e-02 1.43221e-02 1.43552e-02 1.43598e-02 1.43063e-02 1.42112e-02 1.41339e-02 1.40649e-02 1.39392e-02 1.37608e-02 1.35690e-02 1.33527e-02 1.30504e-02 1.26285e-02 1.21265e-02 1.16140e-02 1.11192e-02 1.06440e-02 1.01996e-02 9.81325e-03 9.48849e-03 9.12469e-03 8.64080e-03 8.08014e-03 7.49717e-03 6.96722e-03 6.48524e-03 6.03660e-03 5.61526e-03 5.22201e-03 4.86741e-03 4.55817e-03 4.29057e-03 4.05641e-03 3.84481e-03 3.64121e-03 3.43318e-03 3.22142e-03 3.01707e-03 2.82670e-03 2.64984e-03 2.49640e-03 2.38863e-03 2.32369e-03 2.27092e-03 2.21088e-03 2.14288e-03 2.07210e-03 2.00109e-03 1.92575e-03 1.83640e-03 1.72310e-03 1.58485e-03 1.43322e-03 1.28209e-03 1.13690e-03 9.99766e-04 8.78632e-04 7.81476e-04 7.08801e-04 6.59125e-04 6.31535e-04 6.21615e-04 6.21495e-04 6.23185e-04 6.19909e-04 6.05943e-04 5.78174e-04 5.36328e-04 4.81487e-04 4.16362e-04 3.45756e-04 2.75260e-04 2.09478e-04 1.51364e-04 1.02431e-04 6.29944e-05 3.29097e-05 1.27025e-05 2.72467e-06 1.91774e-07 2.16755e-09
33.762881 2.03286e-02 2.55429e-02 1.82472e-02 1.39347e-02 1.21587e-02 1.15931e-02 1.16515e-02 1.18577e-02 1.19525e-02 1.19500e-02 1.18792e-02 1.16576e-02 1.12872e-02 1.09016e-02 1.05819e-02 1.03444e-02 1.01781e-02 1.00692e-02 1.00139e-02 9.99909e-03 1.00185e-02 1.00792e-02 1.01752e-02 1.02887e-02 1.04409e-02 1.06889e-02 1.10549e-02 1.14838e-02 1.18886e-02 1.22419e-02 1.25690e-02 1.28809e-02 1.31749e-02 1.34452e-02 1.36235e-02 1.36275e-02 1.34856e-02 1.33225e-02 1.32539e-02 1.33175e-02 1.35089e-02 1.38034e-02 1.41605e-02 1.44933e-02 1.47098e-02 1.47762e-02 1.47002e-02 1.45552e-02 1.43768e-02 1.41946e-02 1.40100e-02 1.38257e-02 1.36627e-02 1.35250e-02 1.33892e-02 1.32451e-02 1.31165e-02 1.29983e-02 1.27999e-02 1.24198e-02 1.18992e-02 1.13755e-02 1.08935e-02 1.04471e-02 1.00306e-02 9.64422e-03 9.30298e-03 9.01524e-03 8.64151e-03 8.08782e-03 7.54291e-03 7.06530e-03 6.61895e-03 6.19205e-03 5.78447e-03 5.39948e-03 5.04632e-03 4.73578e-03 4.47057e-03 4.24180e-03 4.03189e-03 3.81983e-03 3.58993e-03 3.34294e-03 3.09935e-03 2.88496e-03 2.71765e-03 2.60952e-03 2.55433e-03 2.52841e-03 2.51140e-03 2.49399e-03 2.47178e-03 2.43912e-03 2.38966e-03 2.32350e-03 2.24589e-03 2.15890e-03 2.05926e-03 1.94048e-03 1.79700e-03 1.63225e-03 1.45616e-03 1.27282e-03 1.08488e-03 9.09074e-04 7.70112e-04 6.78553e-04 6.27726e-04 6.04409e-04 5.93059e-04 5.79885e-04 5.56517e-04 5.23273e-04 4.86361e-04 4.49988e-04 4.12549e-04 3.69838e-04 3.19940e-04 2.64232e-04 2.05252e-04 1.45495e-04 8.93459e-05 4.39560e-05 1.52747e-05 2.91528e-06 1.85369e-07 2.11181e-09
