# tg_mhd (CUDA FP64)  tgc_noslip_cond_n384_re500  N=384 Re=500 h=8.20259178e-03 delta=4.47213595e-02 delta/h=5.452101 layers=192
# layer k: the nodes k cells from the nearest wall, i.e. the slab [(k-1/2)h, (k+1/2)h] ([0, h/2] for k = 0)
# row 'vol': each layer's share of the volume; then per probe: t and each layer's VISCOUS dissipation as a share of the total eps
# vol 7.812465e-03 1.550265e-02 1.534032e-02 1.517884e-02 1.501822e-02 1.485845e-02 1.469954e-02 1.454148e-02 1.438428e-02 1.422793e-02 1.407244e-02 1.391780e-02 1.376401e-02 1.361108e-02 1.345900e-02 1.330778e-02 1.315741e-02 1.300789e-02 1.285923e-02 1.271143e-02 1.256448e-02 1.241838e-02 1.227314e-02 1.212875e-02 1.198522e-02 1.184254e-02 1.170071e-02 1.155974e-02 1.141962e-02 1.128036e-02 1.114195e-02 1.100440e-02 1.086770e-02 1.073186e-02 1.059687e-02 1.046273e-02 1.032945e-02 1.019702e-02 1.006545e-02 9.934732e-03 9.804868e-03 9.675859e-03 9.547704e-03 9.420403e-03 9.293956e-03 9.168364e-03 9.043626e-03 8.919743e-03 8.796714e-03 8.674540e-03 8.553219e-03 8.432753e-03 8.313142e-03 8.194385e-03 8.076482e-03 7.959434e-03 7.843240e-03 7.727900e-03 7.613415e-03 7.499784e-03 7.387007e-03 7.275085e-03 7.164017e-03 7.053804e-03 6.944445e-03 6.835940e-03 6.728289e-03 6.621494e-03 6.515552e-03 6.410465e-03 6.306232e-03 6.202853e-03 6.100329e-03 5.998659e-03 5.897844e-03 5.797883e-03 5.698776e-03 5.600524e-03 5.503126e-03 5.406582e-03 5.310893e-03 5.216058e-03 5.122078e-03 5.028952e-03 4.936680e-03 4.845263e-03 4.754700e-03 4.664991e-03 4.576137e-03 4.488137e-03 4.400991e-03 4.314700e-03 4.229263e-03 4.144681e-03 4.060953e-03 3.978079e-03 3.896060e-03 3.814895e-03 3.734584e-03 3.655128e-03 3.576526e-03 3.498779e-03 3.421886e-03 3.345847e-03 3.270663e-03 3.196333e-03 3.122857e-03 3.050236e-03 2.978469e-03 2.907556e-03 2.837498e-03 2.768294e-03 2.699945e-03 2.632450e-03 2.565809e-03 2.500023e-03 2.435091e-03 2.371013e-03 2.307790e-03 2.245421e-03 2.183907e-03 2.123247e-03 2.063441e-03 2.004489e-03 1.946392e-03 1.889150e-03 1.832762e-03 1.777228e-03 1.722548e-03 1.668723e-03 1.615752e-03 1.563636e-03 1.512374e-03 1.461966e-03 1.412413e-03 1.363714e-03 1.315869e-03 1.268879e-03 1.222743e-03 1.177461e-03 1.133034e-03 1.089461e-03 1.046743e-03 1.004879e-03 9.638694e-04 9.237141e-04 8.844132e-04 8.459666e-04 8.083744e-04 7.716366e-04 7.357531e-04 7.007241e-04 6.665493e-04 6.332290e-04 6.007630e-04 5.691514e-04 5.383942e-04 5.084913e-04 4.794428e-04 4.512486e-04 4.239089e-04 3.974235e-04 3.717924e-04 3.470158e-04 3.230935e-04 3.000255e-04 2.778120e-04 2.564528e-04 2.359479e-04 2.162975e-04 1.975014e-04 1.795597e-04 1.624723e-04 1.462393e-04 1.308607e-04 1.163364e-04 1.026665e-04 8.985102e-05 7.788987e-05 6.678309e-05 5.653068e-05 4.713263e-05 3.858895e-05 3.089964e-05 2.406470e-05 1.808412e-05 1.295791e-05 8.686074e-06 5.268602e-06 2.705498e-06 9.967625e-07 1.423946e-07
0.000000 7.90352e-01 1.75634e-01 7.12912e-05 7.13126e-05 7.13412e-05 7.13762e-05 7.14167e-05 7.14620e-05 7.15112e-05 7.15636e-05 7.16184e-05 7.16747e-05 7.17318e-05 7.17888e-05 7.18451e-05 7.18997e-05 7.19520e-05 7.20012e-05 7.20466e-05 7.20874e-05 7.21228e-05 7.21522e-05 7.21748e-05 7.21900e-05 7.21971e-05 7.21954e-05 7.21842e-05 7.21630e-05 7.21311e-05 7.20879e-05 7.20329e-05 7.19654e-05 7.18850e-05 7.17911e-05 7.16832e-05 7.15609e-05 7.14236e-05 7.12710e-05 7.11026e-05 7.09182e-05 7.07172e-05 7.04994e-05 7.02645e-05 7.00122e-05 6.97422e-05 6.94543e-05 6.91484e-05 6.88242e-05 6.84816e-05 6.81204e-05 6.77407e-05 6.73423e-05 6.69253e-05 6.64895e-05 6.60351e-05 6.55621e-05 6.50705e-05 6.45606e-05 6.40323e-05 6.34860e-05 6.29217e-05 6.23398e-05 6.17404e-05 6.11239e-05 6.04905e-05 5.98406e-05 5.91745e-05 5.84927e-05 5.77954e-05 5.70831e-05 5.63564e-05 5.56155e-05 5.48611e-05 5.40937e-05 5.33137e-05 5.25217e-05 5.17183e-05 5.09041e-05 5.00796e-05 4.92456e-05 4.84025e-05 4.75511e-05 4.66919e-05 4.58257e-05 4.49532e-05 4.40749e-05 4.31916e-05 4.23040e-05 4.14128e-05 4.05186e-05 3.96223e-05 3.87244e-05 3.78257e-05 3.69269e-05 3.60287e-05 3.51317e-05 3.42368e-05 3.33445e-05 3.24556e-05 3.15707e-05 3.06905e-05 2.98157e-05 2.89469e-05 2.80846e-05 2.72297e-05 2.63825e-05 2.55439e-05 2.47142e-05 2.38941e-05 2.30841e-05 2.22848e-05 2.14966e-05 2.07201e-05 1.99556e-05 1.92036e-05 1.84646e-05 1.77390e-05 1.70270e-05 1.63292e-05 1.56457e-05 1.49769e-05 1.43232e-05 1.36846e-05 1.30615e-05 1.24541e-05 1.18626e-05 1.12870e-05 1.07276e-05 1.01844e-05 9.65746e-06 9.14693e-06 8.65278e-06 8.17504e-06 7.71366e-06 7.26862e-06 6.83983e-06 6.42720e-06 6.03063e-06 5.64998e-06 5.28508e-06 4.93577e-06 4.60183e-06 4.28304e-06 3.97918e-06 3.68999e-06 3.41519e-06 3.15448e-06 2.90758e-06 2.67415e-06 2.45386e-06 2.24637e-06 2.05131e-06 1.86832e-06 1.69701e-06 1.53701e-06 1.38791e-06 1.24931e-06 1.12080e-06 1.00197e-06 8.92410e-07 7.91693e-07 6.99403e-07 6.15119e-07 5.38423e-07 4.68897e-07 4.06129e-07 3.49707e-07 2.99229e-07 2.54294e-07 2.14513e-07 1.79501e-07 1.48885e-07 1.22302e-07 9.93971e-08 7.98304e-08 6.32733e-08 4.94107e-08 3.79420e-08 2.85817e-08 2.10597e-08 1.51228e-08 1.05343e-08 7.07550e-09 4.54564e-09 2.76265e-09 1.56358e-09 8.04927e-10 3.63042e-10 1.34417e-10 3.59406e-11 5.09871e-12 1.30760e-13
0.100072 1.97474e-01 2.96084e-01 1.90809e-01 9.16069e-02 3.24246e-02 8.46467e-03 1.78543e-03 5.29128e-04 3.84712e-04 3.80310e-04 3.82623e-04 3.83643e-04 3.84336e-04 3.85028e-04 3.85740e-04 3.86458e-04 3.87172e-04 3.87874e-04 3.88556e-04 3.89212e-04 3.89834e-04 3.90415e-04 3.90949e-04 3.91428e-04 3.91845e-04 3.92196e-04 3.92473e-04 3.92671e-04 3.92784e-04 3.92808e-04 3.92737e-04 3.92568e-04 3.92296e-04 3.91917e-04 3.91430e-04 3.90829e-04 3.90114e-04 3.89283e-04 3.88333e-04 3.87264e-04 3.86074e-04 3.84764e-04 3.83333e-04 3.81781e-04 3.80109e-04 3.78318e-04 3.76408e-04 3.74382e-04 3.72240e-04 3.69985e-04 3.67619e-04 3.65142e-04 3.62559e-04 3.59871e-04 3.57080e-04 3.54189e-04 3.51202e-04 3.48119e-04 3.44945e-04 3.41682e-04 3.38332e-04 3.34899e-04 3.31385e-04 3.27792e-04 3.24124e-04 3.20383e-04 3.16571e-04 3.12692e-04 3.08748e-04 3.04742e-04 3.00675e-04 2.96552e-04 2.92374e-04 2.88144e-04 2.83864e-04 2.79538e-04 2.75167e-04 2.70756e-04 2.66305e-04 2.61819e-04 2.57299e-04 2.52749e-04 2.48171e-04 2.43569e-04 2.38945e-04 2.34302e-04 2.29644e-04 2.24973e-04 2.20293e-04 2.15605e-04 2.10915e-04 2.06224e-04 2.01537e-04 1.96855e-04 1.92182e-04 1.87521e-04 1.82876e-04 1.78249e-04 1.73643e-04 1.69061e-04 1.64506e-04 1.59982e-04 1.55489e-04 1.51032e-04 1.46613e-04 1.42234e-04 1.37898e-04 1.33607e-04 1.29364e-04 1.25170e-04 1.21027e-04 1.16939e-04 1.12906e-04 1.08930e-04 1.05014e-04 1.01159e-04 9.73659e-05 9.36372e-05 8.99741e-05 8.63780e-05 8.28503e-05 7.93923e-05 7.60052e-05 7.26902e-05 6.94484e-05 6.62809e-05 6.31888e-05 6.01729e-05 5.72341e-05 5.43734e-05 5.15913e-05 4.88887e-05 4.62661e-05 4.37240e-05 4.12629e-05 3.88831e-05 3.65849e-05 3.43683e-05 3.22335e-05 3.01804e-05 2.82087e-05 2.63181e-05 2.45083e-05 2.27785e-05 2.11282e-05 1.95564e-05 1.80623e-05 1.66446e-05 1.53023e-05 1.40338e-05 1.28378e-05 1.17126e-05 1.06564e-05 9.66748e-06 8.74383e-06 7.88341e-06 7.08409e-06 6.34363e-06 5.65976e-06 5.03012e-06 4.45230e-06 3.92388e-06 3.44237e-06 3.00529e-06 2.61014e-06 2.25442e-06 1.93567e-06 1.65142e-06 1.39926e-06 1.17682e-06 9.81764e-07 8.11848e-07 6.64878e-07 5.38742e-07 4.31411e-07 3.40943e-07 2.65493e-07 2.03311e-07 1.52750e-07 1.12267e-07 8.04248e-08 5.58970e-08 3.74655e-08 2.40235e-08 1.45752e-08 8.23638e-09 4.23438e-09 1.90765e-09 7.05668e-10 1.88552e-10 2.67364e-11 6.85497e-13
0.200143 1.30786e-01 2.19416e-01 1.70927e-01 1.14252e-01 6.53781e-02 3.20468e-02 1.35567e-02 5.08672e-03 1.85750e-03 8.33744e-04 5.69839e-04 5.20323e-04 5.18559e-04 5.23621e-04 5.28126e-04 5.31658e-04 5.34665e-04 5.37441e-04 5.40110e-04 5.42702e-04 5.45214e-04 5.47627e-04 5.49921e-04 5.52075e-04 5.54068e-04 5.55883e-04 5.57501e-04 5.58905e-04 5.60081e-04 5.61016e-04 5.61697e-04 5.62114e-04 5.62259e-04 5.62125e-04 5.61706e-04 5.61000e-04 5.60004e-04 5.58719e-04 5.57145e-04 5.55286e-04 5.53145e-04 5.50728e-04 5.48041e-04 5.45093e-04 5.41892e-04 5.38447e-04 5.34768e-04 5.30868e-04 5.26756e-04 5.22444e-04 5.17945e-04 5.13270e-04 5.08432e-04 5.03442e-04 4.98312e-04 4.93054e-04 4.87679e-04 4.82199e-04 4.76622e-04 4.70960e-04 4.65222e-04 4.59416e-04 4.53550e-04 4.47634e-04 4.41672e-04 4.35673e-04 4.29642e-04 4.23584e-04 4.17504e-04 4.11407e-04 4.05296e-04 3.99175e-04 3.93048e-04 3.86916e-04 3.80782e-04 3.74648e-04 3.68517e-04 3.62390e-04 3.56268e-04 3.50154e-04 3.44049e-04 3.37953e-04 3.31870e-04 3.25798e-04 3.19741e-04 3.13700e-04 3.07676e-04 3.01670e-04 2.95684e-04 2.89720e-04 2.83779e-04 2.77863e-04 2.71973e-04 2.66112e-04 2.60280e-04 2.54480e-04 2.48713e-04 2.42980e-04 2.37284e-04 2.31625e-04 2.26005e-04 2.20426e-04 2.14888e-04 2.09392e-04 2.03940e-04 1.98532e-04 1.93169e-04 1.87853e-04 1.82583e-04 1.77360e-04 1.72185e-04 1.67058e-04 1.61980e-04 1.56951e-04 1.51973e-04 1.47045e-04 1.42168e-04 1.37344e-04 1.32573e-04 1.27856e-04 1.23195e-04 1.18591e-04 1.14045e-04 1.09560e-04 1.05136e-04 1.00778e-04 9.64855e-05 9.22626e-05 8.81114e-05 8.40346e-05 8.00352e-05 7.61160e-05 7.22801e-05 6.85305e-05 6.48703e-05 6.13024e-05 5.78297e-05 5.44553e-05 5.11817e-05 4.80115e-05 4.49472e-05 4.19908e-05 3.91442e-05 3.64090e-05 3.37865e-05 3.12777e-05 2.88833e-05 2.66034e-05 2.44381e-05 2.23867e-05 2.04486e-05 1.86225e-05 1.69068e-05 1.52997e-05 1.37987e-05 1.24015e-05 1.11049e-05 9.90597e-06 8.80116e-06 7.78685e-06 6.85917e-06 6.01410e-06 5.24749e-06 4.55505e-06 3.93248e-06 3.37538e-06 2.87939e-06 2.44015e-06 2.05335e-06 1.71478e-06 1.42031e-06 1.16595e-06 9.47871e-07 7.62387e-07 6.06004e-07 4.75421e-07 3.67537e-07 2.79460e-07 2.08512e-07 1.52227e-07 1.08353e-07 7.48506e-08 4.98833e-08 3.18170e-08 1.92104e-08 1.08089e-08 5.53591e-09 2.48601e-09 9.17218e-10 2.44593e-10 3.46365e-11 8.87398e-13
0.300215 1.02820e-01 1.77976e-01 1.47033e-01 1.09580e-01 7.35404e-02 4.44982e-02 2.43923e-02 1.22375e-02 5.74906e-03 2.66519e-03 1.35339e-03 8.54752e-04 6.89065e-04 6.45680e-04 6.42223e-04 6.49711e-04 6.59058e-04 6.67886e-04 6.75834e-04 6.83028e-04 6.89640e-04 6.95786e-04 7.01520e-04 7.06854e-04 7.11778e-04 7.16266e-04 7.20290e-04 7.23820e-04 7.26828e-04 7.29291e-04 7.31189e-04 7.32506e-04 7.33230e-04 7.33356e-04 7.32881e-04 7.31805e-04 7.30136e-04 7.27882e-04 7.25057e-04 7.21676e-04 7.17759e-04 7.13327e-04 7.08404e-04 7.03017e-04 6.97193e-04 6.90961e-04 6.84350e-04 6.77392e-04 6.70118e-04 6.62558e-04 6.54743e-04 6.46703e-04 6.38469e-04 6.30070e-04 6.21532e-04 6.12883e-04 6.04147e-04 5.95349e-04 5.86511e-04 5.77653e-04 5.68794e-04 5.59951e-04 5.51141e-04 5.42376e-04 5.33670e-04 5.25032e-04 5.16473e-04 5.07999e-04 4.99618e-04 4.91334e-04 4.83151e-04 4.75072e-04 4.67100e-04 4.59234e-04 4.51475e-04 4.43823e-04 4.36276e-04 4.28833e-04 4.21491e-04 4.14249e-04 4.07103e-04 4.00051e-04 3.93090e-04 3.86217e-04 3.79427e-04 3.72719e-04 3.66089e-04 3.59534e-04 3.53050e-04 3.46636e-04 3.40287e-04 3.34001e-04 3.27775e-04 3.21606e-04 3.15492e-04 3.09430e-04 3.03418e-04 2.97452e-04 2.91531e-04 2.85651e-04 2.79809e-04 2.74005e-04 2.68233e-04 2.62493e-04 2.56780e-04 2.51094e-04 2.45430e-04 2.39787e-04 2.34161e-04 2.28551e-04 2.22954e-04 2.17369e-04 2.11793e-04 2.06224e-04 2.00663e-04 1.95106e-04 1.89556e-04 1.84010e-04 1.78469e-04 1.72936e-04 1.67409e-04 1.61893e-04 1.56389e-04 1.50901e-04 1.45431e-04 1.39985e-04 1.34566e-04 1.29181e-04 1.23835e-04 1.18533e-04 1.13283e-04 1.08091e-04 1.02965e-04 9.79107e-05 9.29369e-05 8.80507e-05 8.32596e-05 7.85709e-05 7.39919e-05 6.95295e-05 6.51905e-05 6.09811e-05 5.69072e-05 5.29741e-05 4.91867e-05 4.55491e-05 4.20648e-05 3.87368e-05 3.55671e-05 3.25573e-05 2.97080e-05 2.70192e-05 2.44902e-05 2.21193e-05 1.99046e-05 1.78431e-05 1.59313e-05 1.41653e-05 1.25404e-05 1.10515e-05 9.69314e-06 8.45938e-06 7.34402e-06 6.34060e-06 5.44247e-06 4.64285e-06 3.93492e-06 3.31183e-06 2.76682e-06 2.29322e-06 1.88454e-06 1.53448e-06 1.23700e-06 9.86373e-07 7.77149e-07 6.04240e-07 4.62912e-07 3.48798e-07 2.57906e-07 1.86617e-07 1.31680e-07 9.02016e-08 5.96319e-08 3.77475e-08 2.26316e-08 1.26528e-08 6.44376e-09 2.87972e-09 1.05827e-09 2.81351e-10 3.97597e-11 1.01750e-12
0.400286 8.86294e-02 1.52088e-01 1.27310e-01 9.95268e-02 7.22412e-02 4.85363e-02 3.02455e-02 1.75978e-02 9.68429e-03 5.16235e-03 2.78266e-03 1.62194e-03 1.09638e-03 8.77981e-04 7.98893e-04 7.79367e-04 7.83681e-04 7.96574e-04 8.11802e-04 8.26944e-04 8.41140e-04 8.54145e-04 8.65934e-04 8.76546e-04 8.86028e-04 8.94410e-04 9.01710e-04 9.07931e-04 9.13070e-04 9.17120e-04 9.20075e-04 9.21931e-04 9.22692e-04 9.22366e-04 9.20969e-04 9.18524e-04 9.15059e-04 9.10610e-04 9.05218e-04 8.98929e-04 8.91793e-04 8.83863e-04 8.75196e-04 8.65851e-04 8.55888e-04 8.45368e-04 8.34352e-04 8.22901e-04 8.11075e-04 7.98932e-04 7.86530e-04 7.73923e-04 7.61163e-04 7.48299e-04 7.35379e-04 7.22445e-04 7.09539e-04 6.96696e-04 6.83951e-04 6.71333e-04 6.58871e-04 6.46586e-04 6.34501e-04 6.22632e-04 6.10995e-04 5.99601e-04 5.88459e-04 5.77577e-04 5.66960e-04 5.56609e-04 5.46527e-04 5.36711e-04 5.27160e-04 5.17869e-04 5.08834e-04 5.00048e-04 4.91504e-04 4.83196e-04 4.75113e-04 4.67247e-04 4.59589e-04 4.52129e-04 4.44856e-04 4.37761e-04 4.30833e-04 4.24061e-04 4.17436e-04 4.10946e-04 4.04582e-04 3.98332e-04 3.92188e-04 3.86138e-04 3.80173e-04 3.74284e-04 3.68460e-04 3.62692e-04 3.56971e-04 3.51289e-04 3.45636e-04 3.40003e-04 3.34384e-04 3.28768e-04 3.23150e-04 3.17520e-04 3.11873e-04 3.06201e-04 3.00498e-04 2.94758e-04 2.88975e-04 2.83145e-04 2.77264e-04 2.71327e-04 2.65331e-04 2.59275e-04 2.53156e-04 2.46973e-04 2.40727e-04 2.34419e-04 2.28050e-04 2.21622e-04 2.15140e-04 2.08608e-04 2.02031e-04 1.95415e-04 1.88768e-04 1.82097e-04 1.75412e-04 1.68722e-04 1.62036e-04 1.55366e-04 1.48723e-04 1.42119e-04 1.35565e-04 1.29075e-04 1.22660e-04 1.16332e-04 1.10105e-04 1.03990e-04 9.79997e-05 9.21449e-05 8.64368e-05 8.08858e-05 7.55016e-05 7.02931e-05 6.52684e-05 6.04347e-05 5.57982e-05 5.13642e-05 4.71367e-05 4.31188e-05 3.93127e-05 3.57191e-05 3.23379e-05 2.91678e-05 2.62067e-05 2.34513e-05 2.08974e-05 1.85399e-05 1.63730e-05 1.43900e-05 1.25836e-05 1.09460e-05 9.46871e-06 8.14307e-06 6.95996e-06 5.91011e-06 4.98410e-06 4.17248e-06 3.46587e-06 2.85502e-06 2.33091e-06 1.88480e-06 1.50830e-06 1.19345e-06 9.32730e-07 7.19129e-07 5.46153e-07 4.07854e-07 2.98835e-07 2.14248e-07 1.49789e-07 1.01674e-07 6.66192e-08 4.18102e-08 2.48650e-08 1.37976e-08 6.97955e-09 3.10092e-09 1.13404e-09 3.00366e-10 4.23379e-11 1.08195e-12
0.500358 7.76088e-02 1.33168e-01 1.12271e-01 8.98318e-02 6.79744e-02 4.84978e-02 3.26336e-02 2.07915e-02 1.26519e-02 7.46481e-03 4.37692e-03 2.64787e-03 1.73292e-03 1.27567e-03 1.06278e-03 9.74936e-04 9.48755e-04 9.51757e-04 9.67708e-04 9.88627e-04 1.01065e-03 1.03191e-03 1.05158e-03 1.06926e-03 1.08481e-03 1.09820e-03 1.10944e-03 1.11859e-03 1.12568e-03 1.13077e-03 1.13393e-03 1.13522e-03 1.13469e-03 1.13241e-03 1.12847e-03 1.12293e-03 1.11588e-03 1.10741e-03 1.09762e-03 1.08659e-03 1.07444e-03 1.06126e-03 1.04716e-03 1.03224e-03 1.01661e-03 1.00036e-03 9.83605e-04 9.66428e-04 9.48928e-04 9.31192e-04 9.13304e-04 8.95342e-04 8.77379e-04 8.59482e-04 8.41714e-04 8.24130e-04 8.06782e-04 7.89713e-04 7.72964e-04 7.56568e-04 7.40554e-04 7.24948e-04 7.09768e-04 6.95031e-04 6.80748e-04 6.66927e-04 6.53572e-04 6.40686e-04 6.28266e-04 6.16309e-04 6.04809e-04 5.93758e-04 5.83146e-04 5.72961e-04 5.63190e-04 5.53819e-04 5.44834e-04 5.36217e-04 5.27953e-04 5.20023e-04 5.12410e-04 5.05095e-04 4.98060e-04 4.91285e-04 4.84752e-04 4.78441e-04 4.72333e-04 4.66408e-04 4.60647e-04 4.55030e-04 4.49540e-04 4.44156e-04 4.38859e-04 4.33632e-04 4.28457e-04 4.23314e-04 4.18188e-04 4.13061e-04 4.07916e-04 4.02738e-04 3.97511e-04 3.92222e-04 3.86856e-04 3.81401e-04 3.75845e-04 3.70178e-04 3.64389e-04 3.58471e-04 3.52415e-04 3.46216e-04 3.39869e-04 3.33371e-04 3.26719e-04 3.19914e-04 3.12955e-04 3.05845e-04 2.98588e-04 2.91187e-04 2.83651e-04 2.75985e-04 2.68199e-04 2.60303e-04 2.52308e-04 2.44225e-04 2.36068e-04 2.27851e-04 2.19588e-04 2.11295e-04 2.02988e-04 1.94684e-04 1.86398e-04 1.78148e-04 1.69953e-04 1.61827e-04 1.53790e-04 1.45858e-04 1.38047e-04 1.30375e-04 1.22856e-04 1.15505e-04 1.08338e-04 1.01366e-04 9.46039e-05 8.80615e-05 8.17496e-05 7.56772e-05 6.98523e-05 6.42815e-05 5.89700e-05 5.39218e-05 4.91394e-05 4.46242e-05 4.03759e-05 3.63931e-05 3.26731e-05 2.92120e-05 2.60047e-05 2.30448e-05 2.03252e-05 1.78375e-05 1.55728e-05 1.35212e-05 1.16722e-05 1.00149e-05 8.53771e-06 7.22904e-06 6.07692e-06 5.06939e-06 4.19449e-06 3.44044e-06 2.79569e-06 2.24905e-06 1.78979e-06 1.40766e-06 1.09303e-06 8.36881e-07 6.30902e-07 4.67480e-07 3.39732e-07 2.41510e-07 1.67381e-07 1.12613e-07 7.31350e-08 4.55000e-08 2.68317e-08 1.47707e-08 7.41731e-09 3.27418e-09 1.19091e-09 3.14094e-10 4.41434e-11 1.12626e-12
0.600430 6.82699e-02 1.18354e-01 1.00441e-01 8.12492e-02 6.28600e-02 4.64280e-02 3.27372e-02 2.21004e-02 1.43742e-02 9.10518e-03 5.71384e-03 3.64250e-03 2.43685e-03 1.76744e-03 1.41516e-03 1.24355e-03 1.17165e-03 1.15306e-03 1.16180e-03 1.18354e-03 1.21046e-03 1.23832e-03 1.26486e-03 1.28889e-03 1.30985e-03 1.32749e-03 1.34175e-03 1.35265e-03 1.36030e-03 1.36481e-03 1.36633e-03 1.36499e-03 1.36096e-03 1.35440e-03 1.34550e-03 1.33441e-03 1.32133e-03 1.30643e-03 1.28989e-03 1.27190e-03 1.25262e-03 1.23223e-03 1.21090e-03 1.18878e-03 1.16602e-03 1.14278e-03 1.11919e-03 1.09537e-03 1.07146e-03 1.04755e-03 1.02376e-03 1.00017e-03 9.76875e-04 9.53943e-04 9.31444e-04 9.09435e-04 8.87967e-04 8.67083e-04 8.46817e-04 8.27198e-04 8.08249e-04 7.89985e-04 7.72418e-04 7.55554e-04 7.39394e-04 7.23935e-04 7.09171e-04 6.95093e-04 6.81689e-04 6.68944e-04 6.56841e-04 6.45360e-04 6.34481e-04 6.24181e-04 6.14438e-04 6.05227e-04 5.96521e-04 5.88295e-04 5.80522e-04 5.73174e-04 5.66224e-04 5.59643e-04 5.53402e-04 5.47473e-04 5.41828e-04 5.36437e-04 5.31272e-04 5.26304e-04 5.21504e-04 5.16845e-04 5.12297e-04 5.07833e-04 5.03426e-04 4.99048e-04 4.94672e-04 4.90273e-04 4.85825e-04 4.81303e-04 4.76683e-04 4.71943e-04 4.67062e-04 4.62018e-04 4.56792e-04 4.51369e-04 4.45731e-04 4.39866e-04 4.33761e-04 4.27407e-04 4.20796e-04 4.13924e-04 4.06786e-04 3.99384e-04 3.91717e-04 3.83790e-04 3.75610e-04 3.67184e-04 3.58523e-04 3.49639e-04 3.40547e-04 3.31262e-04 3.21800e-04 3.12182e-04 3.02425e-04 2.92551e-04 2.82581e-04 2.72537e-04 2.62441e-04 2.52316e-04 2.42184e-04 2.32068e-04 2.21991e-04 2.11974e-04 2.02041e-04 1.92213e-04 1.82509e-04 1.72951e-04 1.63558e-04 1.54349e-04 1.45341e-04 1.36550e-04 1.27993e-04 1.19683e-04 1.11635e-04 1.03859e-04 9.63667e-05 8.91672e-05 8.22683e-05 7.56764e-05 6.93966e-05 6.34322e-05 5.77854e-05 5.24567e-05 4.74451e-05 4.27485e-05 3.83630e-05 3.42837e-05 3.05042e-05 2.70168e-05 2.38130e-05 2.08830e-05 1.82160e-05 1.58006e-05 1.36244e-05 1.16745e-05 9.93757e-06 8.39976e-06 7.04709e-06 5.86545e-06 4.84073e-06 3.95899e-06 3.20656e-06 2.57015e-06 2.03696e-06 1.59479e-06 1.23213e-06 9.38192e-07 7.03031e-07 5.17537e-07 3.73483e-07 2.63528e-07 1.81210e-07 1.20923e-07 7.78756e-08 4.80411e-08 2.80942e-08 1.53415e-08 7.64611e-09 3.35238e-09 1.21232e-09 3.18285e-10 4.45904e-11 1.13565e-12
0.700501 6.80863e-02 1.10135e-01 8.95829e-02 7.22031e-02 5.67661e-02 4.29748e-02 3.12753e-02 2.19465e-02 1.49376e-02 9.95334e-03 6.58195e-03 4.40259e-03 3.05143e-03 2.24746e-03 1.79061e-03 1.54671e-03 1.42962e-03 1.38575e-03 1.38253e-03 1.40046e-03 1.42806e-03 1.45864e-03 1.48837e-03 1.51515e-03 1.53790e-03 1.55613e-03 1.56970e-03 1.57867e-03 1.58323e-03 1.58360e-03 1.58005e-03 1.57284e-03 1.56225e-03 1.54857e-03 1.53208e-03 1.51307e-03 1.49180e-03 1.46858e-03 1.44365e-03 1.41730e-03 1.38977e-03 1.36129e-03 1.33209e-03 1.30238e-03 1.27235e-03 1.24218e-03 1.21202e-03 1.18202e-03 1.15231e-03 1.12301e-03 1.09423e-03 1.06604e-03 1.03853e-03 1.01177e-03 9.85814e-04 9.60705e-04 9.36482e-04 9.13174e-04 8.90802e-04 8.69379e-04 8.48912e-04 8.29402e-04 8.10845e-04 7.93231e-04 7.76548e-04 7.60777e-04 7.45899e-04 7.31889e-04 7.18723e-04 7.06371e-04 6.94804e-04 6.83988e-04 6.73892e-04 6.64480e-04 6.55716e-04 6.47564e-04 6.39985e-04 6.32943e-04 6.26399e-04 6.20313e-04 6.14648e-04 6.09364e-04 6.04424e-04 5.99788e-04 5.95419e-04 5.91280e-04 5.87333e-04 5.83542e-04 5.79871e-04 5.76285e-04 5.72750e-04 5.69231e-04 5.65695e-04 5.62110e-04 5.58445e-04 5.54670e-04 5.50753e-04 5.46668e-04 5.42386e-04 5.37882e-04 5.33131e-04 5.28111e-04 5.22800e-04 5.17180e-04 5.11233e-04 5.04946e-04 4.98307e-04 4.91306e-04 4.83937e-04 4.76197e-04 4.68085e-04 4.59605e-04 4.50763e-04 4.41567e-04 4.32030e-04 4.22166e-04 4.11993e-04 4.01532e-04 3.90804e-04 3.79834e-04 3.68649e-04 3.57276e-04 3.45743e-04 3.34080e-04 3.22317e-04 3.10485e-04 2.98613e-04 2.86732e-04 2.74871e-04 2.63059e-04 2.51324e-04 2.39692e-04 2.28189e-04 2.16840e-04 2.05668e-04 1.94695e-04 1.83942e-04 1.73427e-04 1.63169e-04 1.53183e-04 1.43485e-04 1.34089e-04 1.25006e-04 1.16247e-04 1.07821e-04 9.97355e-05 9.19979e-05 8.46126e-05 7.75832e-05 7.09117e-05 6.45989e-05 5.86441e-05 5.30450e-05 4.77983e-05 4.28991e-05 3.83412e-05 3.41173e-05 3.02187e-05 2.66358e-05 2.33576e-05 2.03724e-05 1.76675e-05 1.52294e-05 1.30440e-05 1.10967e-05 9.37217e-06 7.85515e-06 6.53002e-06 5.38117e-06 4.39313e-06 3.55065e-06 2.83887e-06 2.24343e-06 1.75060e-06 1.34736e-06 1.02152e-06 7.61777e-07 5.57768e-07 4.00129e-07 2.80501e-07 1.91534e-07 1.26861e-07 8.10609e-08 4.96030e-08 2.87715e-08 1.55855e-08 7.70841e-09 3.35607e-09 1.20631e-09 3.15173e-10 4.40038e-11 1.11856e-12
0.800573 5.70231e-02 9.69984e-02 8.14652e-02 6.62421e-02 5.23158e-02 4.01300e-02 2.99057e-02 2.16759e-02 1.53383e-02 1.06752e-02 7.39091e-03 5.16890e-03 3.72038e-03 2.80994e-03 2.26037e-03 1.94552e-03 1.77911e-03 1.70374e-03 1.68206e-03 1.69017e-03 1.71305e-03 1.74146e-03 1.76983e-03 1.79499e-03 1.81523e-03 1.82980e-03 1.83848e-03 1.84140e-03 1.83889e-03 1.83132e-03 1.81915e-03 1.80279e-03 1.78270e-03 1.75929e-03 1.73297e-03 1.70412e-03 1.67314e-03 1.64037e-03 1.60616e-03 1.57081e-03 1.53463e-03 1.49788e-03 1.46082e-03 1.42366e-03 1.38662e-03 1.34987e-03 1.31358e-03 1.27789e-03 1.24293e-03 1.20879e-03 1.17559e-03 1.14339e-03 1.11227e-03 1.08226e-03 1.05342e-03 1.02578e-03 9.99356e-04 9.74165e-04 9.50214e-04 9.27500e-04 9.06016e-04 8.85749e-04 8.66681e-04 8.48788e-04 8.32044e-04 8.16417e-04 8.01874e-04 7.88377e-04 7.75887e-04 7.64361e-04 7.53754e-04 7.44019e-04 7.35109e-04 7.26972e-04 7.19558e-04 7.12813e-04 7.06685e-04 7.01120e-04 6.96064e-04 6.91463e-04 6.87264e-04 6.83415e-04 6.79863e-04 6.76560e-04 6.73455e-04 6.70502e-04 6.67654e-04 6.64867e-04 6.62099e-04 6.59310e-04 6.56460e-04 6.53512e-04 6.50431e-04 6.47183e-04 6.43736e-04 6.40060e-04 6.36126e-04 6.31907e-04 6.27377e-04 6.22512e-04 6.17291e-04 6.11692e-04 6.05698e-04 5.99292e-04 5.92459e-04 5.85188e-04 5.77469e-04 5.69295e-04 5.60661e-04 5.51568e-04 5.42016e-04 5.32012e-04 5.21564e-04 5.10684e-04 4.99388e-04 4.87696e-04 4.75628e-04 4.63211e-04 4.50474e-04 4.37448e-04 4.24166e-04 4.10664e-04 3.96980e-04 3.83151e-04 3.69217e-04 3.55218e-04 3.41192e-04 3.27179e-04 3.13216e-04 2.99341e-04 2.85589e-04 2.71992e-04 2.58582e-04 2.45388e-04 2.32439e-04 2.19757e-04 2.07366e-04 1.95287e-04 1.83536e-04 1.72131e-04 1.61086e-04 1.50412e-04 1.40120e-04 1.30218e-04 1.20713e-04 1.11611e-04 1.02916e-04 9.46290e-05 8.67519e-05 7.92844e-05 7.22246e-05 6.55697e-05 5.93155e-05 5.34566e-05 4.79864e-05 4.28972e-05 3.81799e-05 3.38247e-05 2.98203e-05 2.61547e-05 2.28148e-05 1.97866e-05 1.70554e-05 1.46059e-05 1.24218e-05 1.04867e-05 8.78375e-06 7.29582e-06 6.00572e-06 4.89634e-06 3.95077e-06 3.15244e-06 2.48530e-06 1.93392e-06 1.48364e-06 1.12066e-06 8.32174e-07 6.06412e-07 4.32716e-07 3.01567e-07 2.04600e-07 1.34580e-07 8.53623e-08 5.18346e-08 2.98301e-08 1.60325e-08 7.86954e-09 3.40222e-09 1.21539e-09 3.15970e-10 4.39600e-11 1.11523e-12
0.900645 5.20520e-02 8.81551e-02 7.37383e-02 5.98491e-02 4.74539e-02 3.67874e-02 2.78847e-02 2.07064e-02 1.51261e-02 1.09398e-02 7.90405e-03 5.77253e-03 4.32186e-03 3.36533e-03 2.75630e-03 2.38494e-03 2.17177e-03 2.06079e-03 2.01331e-03 2.00310e-03 2.01271e-03 2.03082e-03 2.05032e-03 2.06697e-03 2.07843e-03 2.08364e-03 2.08232e-03 2.07467e-03 2.06113e-03 2.04227e-03 2.01869e-03 1.99100e-03 1.95978e-03 1.92556e-03 1.88886e-03 1.85014e-03 1.80982e-03 1.76830e-03 1.72593e-03 1.68300e-03 1.63982e-03 1.59662e-03 1.55362e-03 1.51102e-03 1.46901e-03 1.42771e-03 1.38728e-03 1.34783e-03 1.30946e-03 1.27227e-03 1.23632e-03 1.20169e-03 1.16843e-03 1.13658e-03 1.10618e-03 1.07724e-03 1.04979e-03 1.02382e-03 9.99344e-04 9.76340e-04 9.54796e-04 9.34690e-04 9.15996e-04 8.98679e-04 8.82703e-04 8.68028e-04 8.54606e-04 8.42388e-04 8.31321e-04 8.21347e-04 8.12404e-04 8.04429e-04 7.97352e-04 7.91104e-04 7.85613e-04 7.80805e-04 7.76605e-04 7.72938e-04 7.69731e-04 7.66910e-04 7.64403e-04 7.62142e-04 7.60059e-04 7.58090e-04 7.56176e-04 7.54257e-04 7.52282e-04 7.50200e-04 7.47964e-04 7.45533e-04 7.42867e-04 7.39932e-04 7.36697e-04 7.33132e-04 7.29212e-04 7.24917e-04 7.20224e-04 7.15119e-04 7.09586e-04 7.03612e-04 6.97186e-04 6.90299e-04 6.82944e-04 6.75114e-04 6.66804e-04 6.58013e-04 6.48737e-04 6.38976e-04 6.28732e-04 6.18009e-04 6.06810e-04 5.95143e-04 5.83019e-04 5.70448e-04 5.57446e-04 5.44030e-04 5.30222e-04 5.16046e-04 5.01528e-04 4.86701e-04 4.71598e-04 4.56256e-04 4.40715e-04 4.25016e-04 4.09203e-04 3.93322e-04 3.77418e-04 3.61536e-04 3.45724e-04 3.30024e-04 3.14480e-04 2.99134e-04 2.84022e-04 2.69182e-04 2.54645e-04 2.40442e-04 2.26597e-04 2.13135e-04 2.00075e-04 1.87432e-04 1.75222e-04 1.63455e-04 1.52139e-04 1.41281e-04 1.30883e-04 1.20949e-04 1.11479e-04 1.02471e-04 9.39229e-05 8.58310e-05 7.81901e-05 7.09943e-05 6.42364e-05 5.79085e-05 5.20016e-05 4.65060e-05 4.14108e-05 3.67046e-05 3.23749e-05 2.84086e-05 2.47915e-05 2.15089e-05 1.85452e-05 1.58843e-05 1.35094e-05 1.14032e-05 9.54799e-06 7.92589e-06 6.51872e-06 5.30833e-06 4.27666e-06 3.40597e-06 2.67893e-06 2.07879e-06 1.58956e-06 1.19612e-06 8.84366e-07 6.41293e-07 4.55107e-07 3.15262e-07 2.12486e-07 1.38777e-07 8.73627e-08 5.26325e-08 3.00454e-08 1.60181e-08 7.80104e-09 3.34807e-09 1.18838e-09 3.07340e-10 4.26008e-11 1.07849e-12
1.000716 5.01907e-02 8.29783e-02 6.75846e-02 5.39380e-02 4.26332e-02 3.32500e-02 2.55484e-02 1.93773e-02 1.45643e-02 1.09076e-02 8.19801e-03 6.23894e-03 4.85666e-03 3.90558e-03 3.26889e-03 2.85611e-03 2.59908e-03 2.44749e-03 2.36487e-03 2.32519e-03 2.31022e-03 2.30750e-03 2.30884e-03 2.30908e-03 2.30526e-03 2.29593e-03 2.28061e-03 2.25943e-03 2.23287e-03 2.20153e-03 2.16613e-03 2.12734e-03 2.08581e-03 2.04212e-03 1.99681e-03 1.95034e-03 1.90310e-03 1.85545e-03 1.80767e-03 1.76001e-03 1.71269e-03 1.66587e-03 1.61972e-03 1.57435e-03 1.52990e-03 1.48645e-03 1.44411e-03 1.40296e-03 1.36308e-03 1.32455e-03 1.28743e-03 1.25178e-03 1.21766e-03 1.18511e-03 1.15417e-03 1.12485e-03 1.09719e-03 1.07118e-03 1.04684e-03 1.02414e-03 1.00307e-03 9.83616e-04 9.65749e-04 9.49434e-04 9.34633e-04 9.21300e-04 9.09384e-04 8.98824e-04 8.89557e-04 8.81506e-04 8.74592e-04 8.68728e-04 8.63821e-04 8.59774e-04 8.56487e-04 8.53857e-04 8.51782e-04 8.50160e-04 8.48890e-04 8.47875e-04 8.47022e-04 8.46242e-04 8.45451e-04 8.44571e-04 8.43530e-04 8.42262e-04 8.40709e-04 8.38817e-04 8.36541e-04 8.33841e-04 8.30685e-04 8.27045e-04 8.22901e-04 8.18236e-04 8.13041e-04 8.07308e-04 8.01037e-04 7.94229e-04 7.86887e-04 7.79020e-04 7.70636e-04 7.61745e-04 7.52359e-04 7.42490e-04 7.32150e-04 7.21353e-04 7.10109e-04 6.98431e-04 6.86329e-04 6.73814e-04 6.60894e-04 6.47579e-04 6.33878e-04 6.19800e-04 6.05353e-04 5.90550e-04 5.75400e-04 5.59920e-04 5.44126e-04 5.28037e-04 5.11677e-04 4.95075e-04 4.78260e-04 4.61268e-04 4.44139e-04 4.26915e-04 4.09641e-04 3.92365e-04 3.75137e-04 3.58005e-04 3.41021e-04 3.24233e-04 3.07689e-04 2.91432e-04 2.75505e-04 2.59945e-04 2.44786e-04 2.30058e-04 2.15786e-04 2.01991e-04 1.88689e-04 1.75893e-04 1.63611e-04 1.51850e-04 1.40612e-04 1.29896e-04 1.19700e-04 1.10020e-04 1.00848e-04 9.21781e-05 8.40010e-05 7.63070e-05 6.90856e-05 6.23258e-05 5.60157e-05 5.01431e-05 4.46952e-05 3.96586e-05 3.50197e-05 3.07642e-05 2.68771e-05 2.33432e-05 2.01466e-05 1.72708e-05 1.46989e-05 1.24133e-05 1.03963e-05 8.62945e-06 7.09431e-06 5.77215e-06 4.64421e-06 3.69185e-06 2.89672e-06 2.24091e-06 1.70712e-06 1.27887e-06 9.40656e-07 6.78091e-07 4.78047e-07 3.28748e-07 2.19836e-07 1.42379e-07 8.88477e-08 5.30475e-08 3.00091e-08 1.58568e-08 7.65699e-09 3.26058e-09 1.14943e-09 2.95626e-10 4.08165e-11 1.03103e-12
1.100788 4.72383e-02 7.60267e-02 6.10142e-02 4.85751e-02 3.83755e-02 3.00170e-02 2.33073e-02 1.80275e-02 1.39346e-02 1.08028e-02 8.43946e-03 6.68345e-03 5.40058e-03 4.48002e-03 3.83184e-03 3.38460e-03 3.08270e-03 2.88361e-03 2.75527e-03 2.67383e-03 2.62186e-03 2.58686e-03 2.56019e-03 2.53612e-03 2.51112e-03 2.48321e-03 2.45151e-03 2.41583e-03 2.37639e-03 2.33366e-03 2.28821e-03 2.24062e-03 2.19146e-03 2.14125e-03 2.09042e-03 2.03935e-03 1.98834e-03 1.93763e-03 1.88741e-03 1.83782e-03 1.78896e-03 1.74094e-03 1.69381e-03 1.64765e-03 1.60253e-03 1.55850e-03 1.51564e-03 1.47402e-03 1.43372e-03 1.39481e-03 1.35736e-03 1.32143e-03 1.28708e-03 1.25436e-03 1.22330e-03 1.19394e-03 1.16627e-03 1.14033e-03 1.11612e-03 1.09364e-03 1.07289e-03 1.05387e-03 1.03657e-03 1.02097e-03 1.00706e-03 9.94805e-04 9.84153e-04 9.75047e-04 9.67411e-04 9.61155e-04 9.56176e-04 9.52356e-04 9.49571e-04 9.47685e-04 9.46560e-04 9.46056e-04 9.46033e-04 9.46352e-04 9.46880e-04 9.47491e-04 9.48064e-04 9.48488e-04 9.48660e-04 9.48486e-04 9.47884e-04 9.46780e-04 9.45112e-04 9.42827e-04 9.39882e-04 9.36245e-04 9.31892e-04 9.26810e-04 9.20993e-04 9.14443e-04 9.07169e-04 8.99186e-04 8.90516e-04 8.81184e-04 8.71219e-04 8.60654e-04 8.49523e-04 8.37863e-04 8.25711e-04 8.13102e-04 8.00072e-04 7.86655e-04 7.72884e-04 7.58785e-04 7.44386e-04 7.29706e-04 7.14765e-04 6.99574e-04 6.84146e-04 6.68485e-04 6.52595e-04 6.36477e-04 6.20131e-04 6.03556e-04 5.86753e-04 5.69722e-04 5.52468e-04 5.34999e-04 5.17326e-04 4.99468e-04 4.81447e-04 4.63292e-04 4.45038e-04 4.26725e-04 4.08399e-04 3.90107e-04 3.71903e-04 3.53842e-04 3.35977e-04 3.18365e-04 3.01057e-04 2.84105e-04 2.67554e-04 2.51448e-04 2.35822e-04 2.20708e-04 2.06131e-04 1.92111e-04 1.78664e-04 1.65797e-04 1.53517e-04 1.41822e-04 1.30711e-04 1.20176e-04 1.10209e-04 1.00798e-04 9.19323e-05 8.35968e-05 7.57773e-05 6.84588e-05 6.16258e-05 5.52627e-05 4.93538e-05 4.38833e-05 3.88354e-05 3.41944e-05 2.99442e-05 2.60687e-05 2.25517e-05 1.93766e-05 1.65265e-05 1.39841e-05 1.17316e-05 9.75091e-06 8.02358e-06 6.53072e-06 5.25322e-06 4.17182e-06 3.26725e-06 2.52041e-06 1.91257e-06 1.42554e-06 1.04197e-06 7.45484e-07 5.20981e-07 3.54757e-07 2.34677e-07 1.50249e-07 9.26466e-08 5.46552e-08 3.05576e-08 1.59676e-08 7.63180e-09 3.22039e-09 1.12653e-09 2.87976e-10 3.95913e-11 9.97696e-13
1.200859 4.08986e-02 6.71017e-02 5.46307e-02 4.38273e-02 3.46834e-02 2.71809e-02 2.12752e-02 1.67372e-02 1.32762e-02 1.06357e-02 8.62000e-03 7.08555e-03 5.92531e-03 5.05629e-03 4.41221e-03 3.93974e-03 3.59624e-03 3.34801e-03 3.16877e-03 3.03826e-03 2.94107e-03 2.86571e-03 2.80385e-03 2.74970e-03 2.69936e-03 2.65041e-03 2.60143e-03 2.55171e-03 2.50099e-03 2.44931e-03 2.39686e-03 2.34390e-03 2.29074e-03 2.23764e-03 2.18483e-03 2.13248e-03 2.08074e-03 2.02968e-03 1.97937e-03 1.92985e-03 1.88115e-03 1.83332e-03 1.78639e-03 1.74044e-03 1.69554e-03 1.65176e-03 1.60920e-03 1.56794e-03 1.52806e-03 1.48961e-03 1.45266e-03 1.41723e-03 1.38335e-03 1.35102e-03 1.32025e-03 1.29106e-03 1.26345e-03 1.23745e-03 1.21310e-03 1.19043e-03 1.16950e-03 1.15036e-03 1.13305e-03 1.11760e-03 1.10404e-03 1.09235e-03 1.08252e-03 1.07447e-03 1.06812e-03 1.06337e-03 1.06007e-03 1.05807e-03 1.05721e-03 1.05728e-03 1.05812e-03 1.05952e-03 1.06130e-03 1.06328e-03 1.06529e-03 1.06716e-03 1.06874e-03 1.06989e-03 1.07050e-03 1.07046e-03 1.06967e-03 1.06805e-03 1.06554e-03 1.06210e-03 1.05768e-03 1.05227e-03 1.04585e-03 1.03844e-03 1.03003e-03 1.02067e-03 1.01037e-03 9.99192e-04 9.87169e-04 9.74360e-04 9.60823e-04 9.46621e-04 9.31819e-04 9.16481e-04 9.00675e-04 8.84465e-04 8.67915e-04 8.51084e-04 8.34028e-04 8.16796e-04 7.99432e-04 7.81973e-04 7.64448e-04 7.46878e-04 7.29279e-04 7.11657e-04 6.94012e-04 6.76338e-04 6.58624e-04 6.40856e-04 6.23017e-04 6.05089e-04 5.87054e-04 5.68897e-04 5.50607e-04 5.32176e-04 5.13604e-04 4.94897e-04 4.76069e-04 4.57143e-04 4.38149e-04 4.19125e-04 4.00116e-04 3.81175e-04 3.62357e-04 3.43722e-04 3.25330e-04 3.07244e-04 2.89523e-04 2.72221e-04 2.55391e-04 2.39078e-04 2.23320e-04 2.08150e-04 1.93592e-04 1.79663e-04 1.66375e-04 1.53731e-04 1.41730e-04 1.30367e-04 1.19631e-04 1.09509e-04 9.99848e-05 9.10406e-05 8.26574e-05 7.48153e-05 6.74943e-05 6.06742e-05 5.43353e-05 4.84583e-05 4.30244e-05 3.80154e-05 3.34135e-05 2.92016e-05 2.53628e-05 2.18805e-05 1.87380e-05 1.59189e-05 1.34063e-05 1.11831e-05 9.23190e-06 7.53484e-06 6.07357e-06 4.82935e-06 3.78304e-06 2.91529e-06 2.20664e-06 1.63776e-06 1.18969e-06 8.44122e-07 5.83730e-07 3.92458e-07 2.55823e-07 1.61137e-07 9.76569e-08 5.66111e-08 3.11212e-08 1.60119e-08 7.54990e-09 3.14993e-09 1.09197e-09 2.77256e-10 3.79435e-11 9.53773e-13
1.300931 3.76810e-02 6.22796e-02 5.04346e-02 3.96594e-02 3.09454e-02 2.42058e-02 1.91068e-02 1.52939e-02 1.24402e-02 1.02780e-02 8.61345e-03 7.31718e-03 6.30315e-03 5.51073e-03 4.89360e-03 4.41455e-03 4.04321e-03 3.75487e-03 3.52964e-03 3.35166e-03 3.20851e-03 3.09064e-03 2.99093e-03 2.90419e-03 2.82674e-03 2.75596e-03 2.69005e-03 2.62776e-03 2.56822e-03 2.51084e-03 2.45521e-03 2.40104e-03 2.34812e-03 2.29626e-03 2.24534e-03 2.19521e-03 2.14580e-03 2.09704e-03 2.04892e-03 2.00144e-03 1.95469e-03 1.90876e-03 1.86379e-03 1.81990e-03 1.77723e-03 1.73590e-03 1.69599e-03 1.65753e-03 1.62052e-03 1.58493e-03 1.55069e-03 1.51774e-03 1.48601e-03 1.45545e-03 1.42605e-03 1.39780e-03 1.37076e-03 1.34501e-03 1.32065e-03 1.29779e-03 1.27655e-03 1.25707e-03 1.23943e-03 1.22373e-03 1.21003e-03 1.19835e-03 1.18869e-03 1.18099e-03 1.17518e-03 1.17114e-03 1.16871e-03 1.16772e-03 1.16796e-03 1.16921e-03 1.17125e-03 1.17384e-03 1.17676e-03 1.17977e-03 1.18268e-03 1.18528e-03 1.18739e-03 1.18885e-03 1.18950e-03 1.18924e-03 1.18794e-03 1.18553e-03 1.18193e-03 1.17710e-03 1.17101e-03 1.16363e-03 1.15497e-03 1.14504e-03 1.13388e-03 1.12153e-03 1.10804e-03 1.09348e-03 1.07791e-03 1.06143e-03 1.04411e-03 1.02605e-03 1.00734e-03 9.88080e-04 9.68368e-04 9.48298e-04 9.27963e-04 9.07450e-04 8.86839e-04 8.66206e-04 8.45614e-04 8.25120e-04 8.04768e-04 7.84592e-04 7.64615e-04 7.44850e-04 7.25299e-04 7.05955e-04 6.86803e-04 6.67820e-04 6.48979e-04 6.30246e-04 6.11588e-04 5.92969e-04 5.74355e-04 5.55713e-04 5.37017e-04 5.18245e-04 4.99384e-04 4.80428e-04 4.61384e-04 4.42266e-04 4.23099e-04 4.03919e-04 3.84772e-04 3.65711e-04 3.46795e-04 3.28089e-04 3.09659e-04 2.91573e-04 2.73895e-04 2.56686e-04 2.40001e-04 2.23889e-04 2.08389e-04 1.93533e-04 1.79343e-04 1.65833e-04 1.53010e-04 1.40871e-04 1.29411e-04 1.18615e-04 1.08467e-04 9.89469e-05 9.00310e-05 8.16954e-05 7.39154e-05 6.66659e-05 5.99223e-05 5.36609e-05 4.78589e-05 4.24947e-05 3.75481e-05 3.29999e-05 2.88323e-05 2.50283e-05 2.15717e-05 1.84469e-05 1.56387e-05 1.31318e-05 1.09109e-05 8.96031e-06 7.26393e-06 5.80494e-06 4.56585e-06 3.52847e-06 2.67394e-06 1.98283e-06 1.43542e-06 1.01189e-06 6.92769e-07 4.59326e-07 2.94077e-07 1.81242e-07 1.07147e-07 6.04862e-08 3.23846e-08 1.62612e-08 7.51028e-09 3.08277e-09 1.05598e-09 2.65911e-10 3.62005e-11 9.07431e-13
1.401003 3.55810e-02 5.72372e-02 4.52665e-02 3.52243e-02 2.73762e-02 2.14118e-02 1.70293e-02 1.38670e-02 1.15649e-02 9.83683e-03 8.49196e-03 7.41698e-03 6.54616e-03 5.83806e-03 5.26251e-03 4.79493e-03 4.41441e-03 4.10319e-03 3.84647e-03 3.63223e-03 3.45104e-03 3.29580e-03 3.16126e-03 3.04356e-03 2.93984e-03 2.84779e-03 2.76554e-03 2.69144e-03 2.62405e-03 2.56211e-03 2.50447e-03 2.45013e-03 2.39826e-03 2.34813e-03 2.29922e-03 2.25114e-03 2.20368e-03 2.15676e-03 2.11047e-03 2.06498e-03 2.02051e-03 1.97730e-03 1.93557e-03 1.89549e-03 1.85712e-03 1.82046e-03 1.78540e-03 1.75179e-03 1.71945e-03 1.68818e-03 1.65781e-03 1.62821e-03 1.59930e-03 1.57105e-03 1.54350e-03 1.51671e-03 1.49081e-03 1.46593e-03 1.44221e-03 1.41982e-03 1.39890e-03 1.37959e-03 1.36202e-03 1.34628e-03 1.33244e-03 1.32054e-03 1.31059e-03 1.30256e-03 1.29639e-03 1.29198e-03 1.28919e-03 1.28787e-03 1.28784e-03 1.28887e-03 1.29074e-03 1.29320e-03 1.29603e-03 1.29896e-03 1.30177e-03 1.30423e-03 1.30613e-03 1.30727e-03 1.30750e-03 1.30665e-03 1.30459e-03 1.30123e-03 1.29648e-03 1.29026e-03 1.28254e-03 1.27330e-03 1.26253e-03 1.25025e-03 1.23649e-03 1.22130e-03 1.20475e-03 1.18692e-03 1.16789e-03 1.14778e-03 1.12669e-03 1.10475e-03 1.08207e-03 1.05879e-03 1.03504e-03 1.01094e-03 9.86617e-04 9.62183e-04 9.37752e-04 9.13421e-04 8.89279e-04 8.65403e-04 8.41855e-04 8.18685e-04 7.95930e-04 7.73612e-04 7.51741e-04 7.30316e-04 7.09325e-04 6.88744e-04 6.68545e-04 6.48689e-04 6.29134e-04 6.09832e-04 5.90737e-04 5.71797e-04 5.52965e-04 5.34197e-04 5.15451e-04 4.96696e-04 4.77905e-04 4.59065e-04 4.40171e-04 4.21231e-04 4.02267e-04 3.83312e-04 3.64408e-04 3.45612e-04 3.26984e-04 3.08593e-04 2.90510e-04 2.72805e-04 2.55547e-04 2.38799e-04 2.22619e-04 2.07055e-04 1.92145e-04 1.77917e-04 1.64391e-04 1.51576e-04 1.39470e-04 1.28067e-04 1.17351e-04 1.07303e-04 9.78988e-05 8.91110e-05 8.09110e-05 7.32691e-05 6.61559e-05 5.95424e-05 5.34011e-05 4.77062e-05 4.24336e-05 3.75615e-05 3.30698e-05 2.89406e-05 2.51577e-05 2.17061e-05 1.85724e-05 1.57436e-05 1.32073e-05 1.09513e-05 8.96292e-06 7.22896e-06 5.73534e-06 4.46689e-06 3.40719e-06 2.53853e-06 1.84190e-06 1.29721e-06 8.83590e-07 5.79872e-07 3.65228e-07 2.19940e-07 1.26190e-07 6.87445e-08 3.54104e-08 1.71198e-08 7.65004e-09 3.06130e-09 1.03050e-09 2.56672e-10 3.47210e-11 8.67545e-13
1.501074 3.30035e-02 5.14533e-02 3.99979e-02 3.11144e-02 2.42235e-02 1.89734e-02 1.51884e-02 1.25508e-02 1.06938e-02 9.32212e-03 8.24748e-03 7.36766e-03 6.63164e-03 6.01237e-03 5.49168e-03 5.05409e-03 4.68519e-03 4.37180e-03 4.10258e-03 3.86851e-03 3.66294e-03 3.48130e-03 3.32056e-03 3.17857e-03 3.05354e-03 2.94377e-03 2.84745e-03 2.76268e-03 2.68753e-03 2.62010e-03 2.55862e-03 2.50154e-03 2.44755e-03 2.39572e-03 2.34541e-03 2.29633e-03 2.24846e-03 2.20196e-03 2.15713e-03 2.11425e-03 2.07355e-03 2.03514e-03 1.99901e-03 1.96499e-03 1.93283e-03 1.90220e-03 1.87279e-03 1.84429e-03 1.81648e-03 1.78918e-03 1.76230e-03 1.73581e-03 1.70974e-03 1.68416e-03 1.65914e-03 1.63481e-03 1.61126e-03 1.58862e-03 1.56700e-03 1.54651e-03 1.52725e-03 1.50932e-03 1.49279e-03 1.47773e-03 1.46418e-03 1.45218e-03 1.44174e-03 1.43285e-03 1.42549e-03 1.41960e-03 1.41511e-03 1.41194e-03 1.40996e-03 1.40902e-03 1.40897e-03 1.40961e-03 1.41073e-03 1.41213e-03 1.41356e-03 1.41481e-03 1.41565e-03 1.41587e-03 1.41527e-03 1.41366e-03 1.41088e-03 1.40678e-03 1.40124e-03 1.39416e-03 1.38545e-03 1.37506e-03 1.36294e-03 1.34909e-03 1.33352e-03 1.31627e-03 1.29739e-03 1.27695e-03 1.25507e-03 1.23186e-03 1.20745e-03 1.18198e-03 1.15562e-03 1.12851e-03 1.10084e-03 1.07275e-03 1.04441e-03 1.01596e-03 9.87560e-04 9.59326e-04 9.31377e-04 9.03814e-04 8.76724e-04 8.50175e-04 8.24221e-04 7.98900e-04 7.74234e-04 7.50233e-04 7.26894e-04 7.04201e-04 6.82130e-04 6.60645e-04 6.39704e-04 6.19260e-04 5.99259e-04 5.79644e-04 5.60356e-04 5.41335e-04 5.22523e-04 5.03864e-04 4.85308e-04 4.66812e-04 4.48342e-04 4.29874e-04 4.11399e-04 3.92919e-04 3.74453e-04 3.56032e-04 3.37700e-04 3.19513e-04 3.01534e-04 2.83835e-04 2.66487e-04 2.49563e-04 2.33132e-04 2.17255e-04 2.01987e-04 1.87371e-04 1.73440e-04 1.60216e-04 1.47709e-04 1.35921e-04 1.24841e-04 1.14455e-04 1.04738e-04 9.56629e-05 8.71991e-05 7.93131e-05 7.19710e-05 6.51389e-05 5.87843e-05 5.28761e-05 4.73858e-05 4.22875e-05 3.75582e-05 3.31778e-05 2.91290e-05 2.53971e-05 2.19699e-05 1.88369e-05 1.59892e-05 1.34185e-05 1.11171e-05 9.07697e-06 7.28946e-06 5.74458e-06 4.43074e-06 3.33435e-06 2.43956e-06 1.72822e-06 1.17991e-06 7.72362e-07 4.82069e-07 2.85288e-07 1.59259e-07 8.35208e-08 4.10352e-08 1.88356e-08 8.01265e-09 3.08277e-09 1.01077e-09 2.47964e-10 3.32750e-11 8.28233e-13
1.601146 2.75064e-02 4.48054e-02 3.57547e-02 2.77881e-02 2.14528e-02 1.67876e-02 1.35637e-02 1.13927e-02 9.89791e-03 8.80176e-03 7.93601e-03 7.21405e-03 6.59635e-03 6.06457e-03 5.60721e-03 5.21372e-03 4.87325e-03 4.57532e-03 4.31095e-03 4.07345e-03 3.85855e-03 3.66397e-03 3.48855e-03 3.33156e-03 3.19210e-03 3.06888e-03 2.96020e-03 2.86404e-03 2.77824e-03 2.70071e-03 2.62959e-03 2.56342e-03 2.50117e-03 2.44229e-03 2.38660e-03 2.33418e-03 2.28524e-03 2.23994e-03 2.19830e-03 2.16016e-03 2.12520e-03 2.09296e-03 2.06290e-03 2.03452e-03 2.00736e-03 1.98107e-03 1.95542e-03 1.93026e-03 1.90554e-03 1.88126e-03 1.85745e-03 1.83417e-03 1.81146e-03 1.78937e-03 1.76796e-03 1.74727e-03 1.72734e-03 1.70820e-03 1.68988e-03 1.67242e-03 1.65583e-03 1.64015e-03 1.62538e-03 1.61155e-03 1.59867e-03 1.58676e-03 1.57583e-03 1.56588e-03 1.55693e-03 1.54897e-03 1.54201e-03 1.53602e-03 1.53099e-03 1.52686e-03 1.52358e-03 1.52105e-03 1.51916e-03 1.51778e-03 1.51675e-03 1.51590e-03 1.51502e-03 1.51391e-03 1.51238e-03 1.51021e-03 1.50721e-03 1.50318e-03 1.49796e-03 1.49137e-03 1.48327e-03 1.47351e-03 1.46199e-03 1.44862e-03 1.43333e-03 1.41609e-03 1.39690e-03 1.37580e-03 1.35286e-03 1.32816e-03 1.30185e-03 1.27409e-03 1.24503e-03 1.21489e-03 1.18385e-03 1.15213e-03 1.11992e-03 1.08744e-03 1.05487e-03 1.02238e-03 9.90139e-04 9.58289e-04 9.26954e-04 8.96239e-04 8.66231e-04 8.36996e-04 8.08583e-04 7.81025e-04 7.54338e-04 7.28524e-04 7.03573e-04 6.79462e-04 6.56159e-04 6.33622e-04 6.11802e-04 5.90642e-04 5.70079e-04 5.50047e-04 5.30477e-04 5.11298e-04 4.92438e-04 4.73831e-04 4.55415e-04 4.37136e-04 4.18950e-04 4.00825e-04 3.82747e-04 3.64714e-04 3.46743e-04 3.28865e-04 3.11126e-04 2.93585e-04 2.76308e-04 2.59368e-04 2.42838e-04 2.26789e-04 2.11289e-04 1.96395e-04 1.82154e-04 1.68602e-04 1.55764e-04 1.43649e-04 1.32259e-04 1.21582e-04 1.11600e-04 1.02286e-04 9.36083e-05 8.55302e-05 7.80139e-05 7.10205e-05 6.45113e-05 5.84493e-05 5.27998e-05 4.75312e-05 4.26155e-05 3.80285e-05 3.37501e-05 2.97643e-05 2.60588e-05 2.26245e-05 1.94555e-05 1.65480e-05 1.38998e-05 1.15092e-05 9.37456e-06 7.49331e-06 5.86105e-06 4.47091e-06 3.31291e-06 2.37343e-06 1.63492e-06 1.07593e-06 6.71550e-07 3.94393e-07 2.16192e-07 1.09832e-07 5.14780e-08 2.22411e-08 8.86024e-09 3.21793e-09 1.01405e-09 2.43430e-10 3.23318e-11 8.01066e-13
1.701218 2.45210e-02 4.01503e-02 3.19466e-02 2.45635e-02 1.88620e-02 1.47934e-02 1.20533e-02 1.02611e-02 9.06086e-03 8.19163e-03 7.50048e-03 6.91458e-03 6.40476e-03 5.95949e-03 5.57145e-03 5.23271e-03 4.93433e-03 4.66757e-03 4.42521e-03 4.20240e-03 3.99658e-03 3.80680e-03 3.63280e-03 3.47427e-03 3.33045e-03 3.20003e-03 3.08133e-03 2.97253e-03 2.87201e-03 2.77852e-03 2.69137e-03 2.61038e-03 2.53575e-03 2.46780e-03 2.40675e-03 2.35253e-03 2.30469e-03 2.26248e-03 2.22494e-03 2.19108e-03 2.15998e-03 2.13087e-03 2.10320e-03 2.07660e-03 2.05087e-03 2.02593e-03 2.00177e-03 1.97841e-03 1.95589e-03 1.93423e-03 1.91344e-03 1.89349e-03 1.87436e-03 1.85601e-03 1.83841e-03 1.82150e-03 1.80526e-03 1.78963e-03 1.77459e-03 1.76010e-03 1.74615e-03 1.73271e-03 1.71977e-03 1.70731e-03 1.69533e-03 1.68384e-03 1.67284e-03 1.66236e-03 1.65240e-03 1.64300e-03 1.63417e-03 1.62596e-03 1.61838e-03 1.61143e-03 1.60513e-03 1.59946e-03 1.59438e-03 1.58985e-03 1.58580e-03 1.58214e-03 1.57874e-03 1.57547e-03 1.57220e-03 1.56876e-03 1.56498e-03 1.56071e-03 1.55576e-03 1.54996e-03 1.54313e-03 1.53508e-03 1.52563e-03 1.51460e-03 1.50181e-03 1.48712e-03 1.47040e-03 1.45155e-03 1.43054e-03 1.40735e-03 1.38206e-03 1.35475e-03 1.32558e-03 1.29471e-03 1.26238e-03 1.22881e-03 1.19424e-03 1.15894e-03 1.12314e-03 1.08709e-03 1.05101e-03 1.01512e-03 9.79592e-04 9.44598e-04 9.10280e-04 8.76755e-04 8.44120e-04 8.12450e-04 7.81799e-04 7.52204e-04 7.23682e-04 6.96236e-04 6.69856e-04 6.44516e-04 6.20181e-04 5.96803e-04 5.74325e-04 5.52683e-04 5.31803e-04 5.11607e-04 4.92012e-04 4.72933e-04 4.54285e-04 4.35987e-04 4.17964e-04 4.00151e-04 3.82495e-04 3.64961e-04 3.47529e-04 3.30199e-04 3.12990e-04 2.95936e-04 2.79089e-04 2.62511e-04 2.46270e-04 2.30440e-04 2.15093e-04 2.00295e-04 1.86104e-04 1.72570e-04 1.59727e-04 1.47598e-04 1.36192e-04 1.25507e-04 1.15528e-04 1.06231e-04 9.75861e-05 8.95546e-05 8.20958e-05 7.51660e-05 6.87210e-05 6.27174e-05 5.71137e-05 5.18717e-05 4.69569e-05 4.23395e-05 3.79947e-05 3.39030e-05 3.00503e-05 2.64277e-05 2.30310e-05 1.98601e-05 1.69184e-05 1.42113e-05 1.17455e-05 9.52773e-06 7.56322e-06 5.85469e-06 4.40109e-06 3.19657e-06 2.22967e-06 1.48273e-06 9.31973e-07 5.48190e-07 2.98444e-07 1.48724e-07 6.72248e-08 2.74601e-08 1.01779e-08 3.43533e-09 1.02445e-09 2.38581e-10 3.12648e-11 7.70260e-13
1.801289 2.34712e-02 3.66098e-02 2.81608e-02 2.14961e-02 1.65830e-02 1.30980e-02 1.07693e-02 9.27109e-03 8.28642e-03 7.58171e-03 7.02260e-03 6.54694e-03 6.13092e-03 5.76555e-03 5.44503e-03 5.16280e-03 4.91144e-03 4.68384e-03 4.47435e-03 4.27930e-03 4.09676e-03 3.92571e-03 3.76534e-03 3.61457e-03 3.47197e-03 3.33606e-03 3.20570e-03 3.08048e-03 2.96089e-03 2.84824e-03 2.74423e-03 2.65042e-03 2.56764e-03 2.49581e-03 2.43392e-03 2.38038e-03 2.33340e-03 2.29138e-03 2.25303e-03 2.21743e-03 2.18403e-03 2.15248e-03 2.12263e-03 2.09440e-03 2.06777e-03 2.04271e-03 2.01917e-03 1.99709e-03 1.97636e-03 1.95688e-03 1.93852e-03 1.92114e-03 1.90462e-03 1.88884e-03 1.87369e-03 1.85907e-03 1.84492e-03 1.83115e-03 1.81773e-03 1.80460e-03 1.79175e-03 1.77915e-03 1.76679e-03 1.75469e-03 1.74285e-03 1.73129e-03 1.72002e-03 1.70907e-03 1.69847e-03 1.68825e-03 1.67842e-03 1.66902e-03 1.66005e-03 1.65154e-03 1.64348e-03 1.63588e-03 1.62872e-03 1.62198e-03 1.61562e-03 1.60960e-03 1.60384e-03 1.59829e-03 1.59287e-03 1.58748e-03 1.58205e-03 1.57649e-03 1.57070e-03 1.56459e-03 1.55807e-03 1.55103e-03 1.54333e-03 1.53484e-03 1.52536e-03 1.51469e-03 1.50259e-03 1.48884e-03 1.47320e-03 1.45547e-03 1.43550e-03 1.41317e-03 1.38848e-03 1.36143e-03 1.33215e-03 1.30080e-03 1.26758e-03 1.23274e-03 1.19657e-03 1.15935e-03 1.12137e-03 1.08293e-03 1.04429e-03 1.00572e-03 9.67446e-04 9.29683e-04 8.92615e-04 8.56398e-04 8.21163e-04 7.87016e-04 7.54039e-04 7.22290e-04 6.91807e-04 6.62606e-04 6.34686e-04 6.08029e-04 5.82601e-04 5.58353e-04 5.35222e-04 5.13133e-04 4.92000e-04 4.71728e-04 4.52215e-04 4.33358e-04 4.15050e-04 3.97192e-04 3.79691e-04 3.62470e-04 3.45466e-04 3.28637e-04 3.11962e-04 2.95443e-04 2.79103e-04 2.62983e-04 2.47140e-04 2.31640e-04 2.16556e-04 2.01960e-04 1.87920e-04 1.74496e-04 1.61735e-04 1.49672e-04 1.38330e-04 1.27713e-04 1.17816e-04 1.08619e-04 1.00094e-04 9.22024e-05 8.49018e-05 7.81442e-05 7.18795e-05 6.60575e-05 6.06288e-05 5.55468e-05 5.07686e-05 4.62561e-05 4.19769e-05 3.79053e-05 3.40221e-05 3.03153e-05 2.67800e-05 2.34177e-05 2.02359e-05 1.72466e-05 1.44656e-05 1.19098e-05 9.59660e-06 7.54096e-06 5.75407e-06 4.24135e-06 3.00090e-06 2.02222e-06 1.28559e-06 7.62249e-07 4.15900e-07 2.05749e-07 9.09588e-08 3.55747e-08 1.23218e-08 3.83088e-09 1.06415e-09 2.37826e-10 3.06229e-11 7.49151e-13
1.901361 1.95876e-02 3.14343e-02 2.47070e-02 1.90192e-02 1.47192e-02 1.17121e-02 9.74681e-03 8.49767e-03 7.67648e-03 7.08681e-03 6.61982e-03 6.22507e-03 5.88221e-03 5.58260e-03 5.32045e-03 5.08988e-03 4.88466e-03 4.69896e-03 4.52795e-03 4.36803e-03 4.21638e-03 4.07046e-03 3.92765e-03 3.78545e-03 3.64198e-03 3.49672e-03 3.35103e-03 3.20808e-03 3.07216e-03 2.94741e-03 2.83659e-03 2.74033e-03 2.65727e-03 2.58486e-03 2.52039e-03 2.46168e-03 2.40739e-03 2.35688e-03 2.30991e-03 2.26643e-03 2.22639e-03 2.18970e-03 2.15619e-03 2.12567e-03 2.09788e-03 2.07254e-03 2.04935e-03 2.02801e-03 2.00824e-03 1.98978e-03 1.97239e-03 1.95587e-03 1.94003e-03 1.92471e-03 1.90981e-03 1.89520e-03 1.88082e-03 1.86661e-03 1.85253e-03 1.83857e-03 1.82472e-03 1.81101e-03 1.79745e-03 1.78409e-03 1.77098e-03 1.75814e-03 1.74564e-03 1.73350e-03 1.72176e-03 1.71045e-03 1.69957e-03 1.68913e-03 1.67912e-03 1.66954e-03 1.66036e-03 1.65156e-03 1.64310e-03 1.63495e-03 1.62706e-03 1.61939e-03 1.61189e-03 1.60450e-03 1.59717e-03 1.58984e-03 1.58246e-03 1.57498e-03 1.56736e-03 1.55958e-03 1.55163e-03 1.54351e-03 1.53523e-03 1.52680e-03 1.51820e-03 1.50940e-03 1.50031e-03 1.49079e-03 1.48062e-03 1.46952e-03 1.45717e-03 1.44323e-03 1.42736e-03 1.40927e-03 1.38873e-03 1.36558e-03 1.33977e-03 1.31133e-03 1.28040e-03 1.24717e-03 1.21189e-03 1.17487e-03 1.13642e-03 1.09689e-03 1.05661e-03 1.01591e-03 9.75115e-04 9.34507e-04 8.94359e-04 8.54910e-04 8.16369e-04 7.78917e-04 7.42701e-04 7.07840e-04 6.74422e-04 6.42506e-04 6.12124e-04 5.83281e-04 5.55960e-04 5.30116e-04 5.05686e-04 4.82585e-04 4.60711e-04 4.39948e-04 4.20166e-04 4.01233e-04 3.83013e-04 3.65375e-04 3.48201e-04 3.31388e-04 3.14857e-04 2.98555e-04 2.82455e-04 2.66559e-04 2.50896e-04 2.35514e-04 2.20477e-04 2.05859e-04 1.91737e-04 1.78184e-04 1.65265e-04 1.53032e-04 1.41523e-04 1.30758e-04 1.20744e-04 1.11470e-04 1.02913e-04 9.50361e-05 8.77956e-05 8.11395e-05 7.50117e-05 6.93532e-05 6.41051e-05 5.92097e-05 5.46123e-05 5.02630e-05 4.61178e-05 4.21398e-05 3.83004e-05 3.45799e-05 3.09678e-05 2.74636e-05 2.40756e-05 2.08204e-05 1.77218e-05 1.48081e-05 1.21101e-05 9.65833e-06 7.47988e-06 5.59565e-06 4.01754e-06 2.74617e-06 1.76929e-06 1.06115e-06 5.83558e-07 2.89068e-07 1.26505e-07 4.80673e-08 1.57461e-08 4.51106e-09 1.15279e-09 2.44305e-10 3.07636e-11 7.46266e-13
2.001432 1.68800e-02 2.74147e-02 2.18675e-02 1.70168e-02 1.32646e-02 1.06347e-02 8.92792e-03 7.85431e-03 7.15569e-03 6.65738e-03 6.26450e-03 5.93458e-03 5.65090e-03 5.40605e-03 5.19482e-03 5.01203e-03 4.85232e-03 4.71037e-03 4.58104e-03 4.45928e-03 4.33990e-03 4.21759e-03 4.08764e-03 3.94705e-03 3.79590e-03 3.63800e-03 3.48030e-03 3.33083e-03 3.19596e-03 3.07831e-03 2.97637e-03 2.88597e-03 2.80258e-03 2.72311e-03 2.64648e-03 2.57311e-03 2.50409e-03 2.44043e-03 2.38270e-03 2.33102e-03 2.28515e-03 2.24462e-03 2.20885e-03 2.17721e-03 2.14905e-03 2.12378e-03 2.10085e-03 2.07978e-03 2.06016e-03 2.04165e-03 2.02395e-03 2.00683e-03 1.99010e-03 1.97362e-03 1.95727e-03 1.94097e-03 1.92466e-03 1.90831e-03 1.89193e-03 1.87555e-03 1.85920e-03 1.84294e-03 1.82684e-03 1.81099e-03 1.79546e-03 1.78031e-03 1.76561e-03 1.75141e-03 1.73774e-03 1.72460e-03 1.71199e-03 1.69990e-03 1.68828e-03 1.67710e-03 1.66630e-03 1.65584e-03 1.64564e-03 1.63567e-03 1.62586e-03 1.61617e-03 1.60654e-03 1.59694e-03 1.58732e-03 1.57764e-03 1.56787e-03 1.55798e-03 1.54794e-03 1.53774e-03 1.52738e-03 1.51688e-03 1.50626e-03 1.49559e-03 1.48494e-03 1.47439e-03 1.46404e-03 1.45398e-03 1.44426e-03 1.43487e-03 1.42572e-03 1.41664e-03 1.40733e-03 1.39742e-03 1.38647e-03 1.37400e-03 1.35955e-03 1.34272e-03 1.32320e-03 1.30078e-03 1.27538e-03 1.24702e-03 1.21583e-03 1.18203e-03 1.14592e-03 1.10781e-03 1.06808e-03 1.02709e-03 9.85234e-04 9.42887e-04 9.00417e-04 8.58175e-04 8.16486e-04 7.75646e-04 7.35918e-04 6.97528e-04 6.60662e-04 6.25466e-04 5.92041e-04 5.60450e-04 5.30713e-04 5.02811e-04 4.76691e-04 4.52265e-04 4.29415e-04 4.08000e-04 3.87858e-04 3.68818e-04 3.50702e-04 3.33340e-04 3.16574e-04 3.00269e-04 2.84320e-04 2.68655e-04 2.53239e-04 2.38073e-04 2.23187e-04 2.08639e-04 1.94500e-04 1.80853e-04 1.67777e-04 1.55346e-04 1.43620e-04 1.32644e-04 1.22441e-04 1.13018e-04 1.04362e-04 9.64454e-05 8.92264e-05 8.26522e-05 7.66623e-05 7.11906e-05 6.61686e-05 6.15269e-05 5.71981e-05 5.31181e-05 4.92285e-05 4.54781e-05 4.18245e-05 3.82354e-05 3.46903e-05 3.11810e-05 2.77119e-05 2.43000e-05 2.09738e-05 1.77709e-05 1.47356e-05 1.19147e-05 9.35387e-06 7.09287e-06 5.16135e-06 3.57511e-06 2.33315e-06 1.41610e-06 7.86496e-07 3.91875e-07 1.71181e-07 6.40267e-08 2.01740e-08 5.39508e-09 1.26746e-09 2.52680e-10 3.09818e-11 7.44146e-13
2.101504 1.61222e-02 2.56510e-02 1.99866e-02 1.53491e-02 1.20325e-02 9.78080e-03 8.31389e-03 7.37565e-03 6.75691e-03 6.31553e-03 5.97246e-03 5.69081e-03 5.45481e-03 5.25669e-03 5.09109e-03 4.95303e-03 4.83728e-03 4.73792e-03 4.64806e-03 4.55971e-03 4.46428e-03 4.35393e-03 4.22381e-03 4.07446e-03 3.91277e-03 3.75047e-03 3.59988e-03 3.46888e-03 3.35800e-03 3.26120e-03 3.16998e-03 3.07774e-03 2.98219e-03 2.88494e-03 2.78954e-03 2.69952e-03 2.61731e-03 2.54400e-03 2.47967e-03 2.42374e-03 2.37530e-03 2.33335e-03 2.29688e-03 2.26492e-03 2.23660e-03 2.21118e-03 2.18799e-03 2.16647e-03 2.14618e-03 2.12672e-03 2.10779e-03 2.08915e-03 2.07062e-03 2.05205e-03 2.03334e-03 2.01445e-03 1.99534e-03 1.97605e-03 1.95660e-03 1.93708e-03 1.91758e-03 1.89821e-03 1.87909e-03 1.86033e-03 1.84202e-03 1.82427e-03 1.80712e-03 1.79061e-03 1.77476e-03 1.75954e-03 1.74492e-03 1.73085e-03 1.71724e-03 1.70402e-03 1.69110e-03 1.67841e-03 1.66587e-03 1.65341e-03 1.64098e-03 1.62852e-03 1.61599e-03 1.60339e-03 1.59068e-03 1.57787e-03 1.56495e-03 1.55194e-03 1.53885e-03 1.52569e-03 1.51248e-03 1.49924e-03 1.48599e-03 1.47275e-03 1.45954e-03 1.44639e-03 1.43337e-03 1.42052e-03 1.40794e-03 1.39574e-03 1.38402e-03 1.37288e-03 1.36240e-03 1.35258e-03 1.34333e-03 1.33447e-03 1.32568e-03 1.31656e-03 1.30662e-03 1.29532e-03 1.28217e-03 1.26668e-03 1.24851e-03 1.22738e-03 1.20317e-03 1.17588e-03 1.14560e-03 1.11252e-03 1.07690e-03 1.03903e-03 9.99277e-04 9.57998e-04 9.15590e-04 8.72459e-04 8.29020e-04 7.85690e-04 7.42872e-04 7.00949e-04 6.60270e-04 6.21143e-04 5.83820e-04 5.48495e-04 5.15299e-04 4.84298e-04 4.55496e-04 4.28838e-04 4.04217e-04 3.81478e-04 3.60433e-04 3.40869e-04 3.22559e-04 3.05278e-04 2.88812e-04 2.72975e-04 2.57616e-04 2.42627e-04 2.27946e-04 2.13558e-04 1.99488e-04 1.85791e-04 1.72545e-04 1.59837e-04 1.47751e-04 1.36361e-04 1.25727e-04 1.15883e-04 1.06846e-04 9.86081e-05 9.11425e-05 8.44051e-05 7.83382e-05 7.28736e-05 6.79358e-05 6.34451e-05 5.93207e-05 5.54830e-05 5.18560e-05 4.83702e-05 4.49642e-05 4.15878e-05 3.82032e-05 3.47877e-05 3.13349e-05 2.78554e-05 2.43765e-05 2.09411e-05 1.76042e-05 1.44290e-05 1.14812e-05 8.82281e-06 6.50585e-06 4.56625e-06 3.01914e-06 1.85576e-06 1.04262e-06 5.24173e-07 2.29819e-07 8.53874e-08 2.62175e-08 6.62965e-09 1.43504e-09 2.67048e-10 3.17238e-11 7.53268e-13
2.201576 1.44407e-02 2.30356e-02 1.80542e-02 1.40013e-02 1.10773e-02 9.10507e-03 7.83832e-03 7.02941e-03 6.48697e-03 6.09243e-03 5.78525e-03 5.53835e-03 5.33916e-03 5.18006e-03 5.05493e-03 4.95791e-03 4.88247e-03 4.82039e-03 4.76130e-03 4.69317e-03 4.60441e-03 4.48753e-03 4.34309e-03 4.18158e-03 4.02064e-03 3.87779e-03 3.76210e-03 3.67012e-03 3.58895e-03 3.50413e-03 3.40694e-03 3.29699e-03 3.17996e-03 3.06346e-03 2.95380e-03 2.85466e-03 2.76734e-03 2.69152e-03 2.62610e-03 2.56969e-03 2.52092e-03 2.47853e-03 2.44144e-03 2.40868e-03 2.37941e-03 2.35288e-03 2.32845e-03 2.30554e-03 2.28367e-03 2.26242e-03 2.24146e-03 2.22054e-03 2.19945e-03 2.17806e-03 2.15630e-03 2.13415e-03 2.11162e-03 2.08879e-03 2.06576e-03 2.04268e-03 2.01970e-03 1.99698e-03 1.97470e-03 1.95299e-03 1.93197e-03 1.91173e-03 1.89230e-03 1.87369e-03 1.85588e-03 1.83878e-03 1.82232e-03 1.80639e-03 1.79085e-03 1.77560e-03 1.76052e-03 1.74549e-03 1.73042e-03 1.71523e-03 1.69988e-03 1.68432e-03 1.66855e-03 1.65256e-03 1.63639e-03 1.62008e-03 1.60368e-03 1.58726e-03 1.57087e-03 1.55460e-03 1.53850e-03 1.52263e-03 1.50702e-03 1.49168e-03 1.47658e-03 1.46170e-03 1.44696e-03 1.43229e-03 1.41760e-03 1.40286e-03 1.38801e-03 1.37309e-03 1.35817e-03 1.34335e-03 1.32880e-03 1.31468e-03 1.30113e-03 1.28826e-03 1.27607e-03 1.26448e-03 1.25327e-03 1.24211e-03 1.23060e-03 1.21824e-03 1.20456e-03 1.18910e-03 1.17146e-03 1.15133e-03 1.12852e-03 1.10293e-03 1.07457e-03 1.04352e-03 1.00991e-03 9.73935e-04 9.35827e-04 8.95860e-04 8.54353e-04 8.11677e-04 7.68252e-04 7.24542e-04 6.81039e-04 6.38245e-04 5.96642e-04 5.56671e-04 5.18708e-04 4.83041e-04 4.49863e-04 4.19264e-04 3.91236e-04 3.65681e-04 3.42424e-04 3.21230e-04 3.01829e-04 2.83929e-04 2.67242e-04 2.51504e-04 2.36488e-04 2.22016e-04 2.07972e-04 1.94296e-04 1.80983e-04 1.68072e-04 1.55632e-04 1.43749e-04 1.32510e-04 1.21992e-04 1.12253e-04 1.03328e-04 9.52259e-05 8.79319e-05 8.14081e-05 7.55978e-05 7.04293e-05 6.58201e-05 6.16800e-05 5.79156e-05 5.44332e-05 5.11419e-05 4.79575e-05 4.48050e-05 4.16227e-05 3.83646e-05 3.50041e-05 3.15359e-05 2.79776e-05 2.43696e-05 2.07722e-05 1.72620e-05 1.39247e-05 1.08470e-05 8.10762e-06 5.76831e-06 3.86632e-06 2.40899e-06 1.37129e-06 6.97460e-07 3.08276e-07 1.14600e-07 3.46762e-08 8.40761e-09 1.68911e-09 2.91886e-10 3.34141e-11 7.82906e-13
2.301647 1.31803e-02 2.09545e-02 1.65155e-02 1.29674e-02 1.03887e-02 8.63183e-03 7.49778e-03 6.77186e-03 6.28352e-03 5.92802e-03 5.65381e-03 5.43906e-03 5.27362e-03 5.15035e-03 5.06252e-03 5.00277e-03 4.96189e-03 4.92768e-03 4.88501e-03 4.81820e-03 4.71612e-03 4.57830e-03 4.41846e-03 4.26100e-03 4.13007e-03 4.03662e-03 3.97252e-03 3.91615e-03 3.84552e-03 3.74928e-03 3.62949e-03 3.49681e-03 3.36356e-03 3.23897e-03 3.12778e-03 3.03106e-03 2.94770e-03 2.87574e-03 2.81318e-03 2.75834e-03 2.70991e-03 2.66690e-03 2.62850e-03 2.59400e-03 2.56274e-03 2.53405e-03 2.50732e-03 2.48196e-03 2.45743e-03 2.43330e-03 2.40920e-03 2.38485e-03 2.36007e-03 2.33474e-03 2.30883e-03 2.28238e-03 2.25548e-03 2.22828e-03 2.20097e-03 2.17377e-03 2.14692e-03 2.12065e-03 2.09517e-03 2.07064e-03 2.04717e-03 2.02481e-03 2.00356e-03 1.98334e-03 1.96406e-03 1.94557e-03 1.92772e-03 1.91032e-03 1.89320e-03 1.87620e-03 1.85918e-03 1.84200e-03 1.82458e-03 1.80687e-03 1.78883e-03 1.77047e-03 1.75184e-03 1.73300e-03 1.71405e-03 1.69510e-03 1.67626e-03 1.65766e-03 1.63942e-03 1.62163e-03 1.60435e-03 1.58760e-03 1.57136e-03 1.55554e-03 1.53999e-03 1.52453e-03 1.50893e-03 1.49298e-03 1.47648e-03 1.45926e-03 1.44121e-03 1.42233e-03 1.40265e-03 1.38231e-03 1.36149e-03 1.34043e-03 1.31938e-03 1.29863e-03 1.27843e-03 1.25900e-03 1.24050e-03 1.22301e-03 1.20653e-03 1.19093e-03 1.17603e-03 1.16152e-03 1.14707e-03 1.13228e-03 1.11675e-03 1.10010e-03 1.08198e-03 1.06211e-03 1.04027e-03 1.01634e-03 9.90223e-04 9.61890e-04 9.31332e-04 8.98565e-04 8.63628e-04 8.26605e-04 7.87641e-04 7.46975e-04 7.04951e-04 6.62026e-04 6.18761e-04 5.75784e-04 5.33752e-04 4.93296e-04 4.54972e-04 4.19217e-04 3.86322e-04 3.56418e-04 3.29482e-04 3.05354e-04 2.83767e-04 2.64386e-04 2.46840e-04 2.30763e-04 2.15820e-04 2.01733e-04 1.88296e-04 1.75375e-04 1.62909e-04 1.50897e-04 1.39384e-04 1.28439e-04 1.18144e-04 1.08570e-04 9.97734e-05 9.17858e-05 8.46112e-05 7.82268e-05 7.25852e-05 6.76185e-05 6.32423e-05 5.93606e-05 5.58702e-05 5.26651e-05 4.96407e-05 4.66981e-05 4.37489e-05 4.07197e-05 3.75569e-05 3.42309e-05 3.07399e-05 2.71116e-05 2.34026e-05 1.96945e-05 1.60872e-05 1.26884e-05 9.60245e-06 6.91752e-06 4.69540e-06 2.96307e-06 1.70817e-06 8.79233e-07 3.92455e-07 1.46611e-07 4.41108e-08 1.04115e-08 1.97311e-09 3.18163e-10 3.50270e-11 8.08904e-13
2.401719 1.25147e-02 1.98146e-02 1.54931e-02 1.20785e-02 9.73138e-03 8.20144e-03 7.21842e-03 6.57274e-03 6.12519e-03 5.79597e-03 5.54628e-03 5.35876e-03 5.22380e-03 5.13333e-03 5.07887e-03 5.05041e-03 5.03491e-03 5.01545e-03 4.97296e-03 4.89160e-03 4.76694e-03 4.61237e-03 4.45723e-03 4.33372e-03 4.25876e-03 4.22341e-03 4.19866e-03 4.15328e-03 4.07029e-03 3.95177e-03 3.81244e-03 3.66962e-03 3.53620e-03 3.41858e-03 3.31781e-03 3.23186e-03 3.15765e-03 3.09228e-03 3.03362e-03 2.98032e-03 2.93161e-03 2.88705e-03 2.84630e-03 2.80896e-03 2.77457e-03 2.74256e-03 2.71231e-03 2.68324e-03 2.65477e-03 2.62645e-03 2.59790e-03 2.56885e-03 2.53915e-03 2.50872e-03 2.47760e-03 2.44588e-03 2.41377e-03 2.38151e-03 2.34940e-03 2.31776e-03 2.28693e-03 2.25720e-03 2.22881e-03 2.20191e-03 2.17657e-03 2.15277e-03 2.13039e-03 2.10928e-03 2.08921e-03 2.06993e-03 2.05119e-03 2.03274e-03 2.01438e-03 1.99593e-03 1.97726e-03 1.95829e-03 1.93899e-03 1.91941e-03 1.89959e-03 1.87966e-03 1.85973e-03 1.83996e-03 1.82049e-03 1.80143e-03 1.78289e-03 1.76489e-03 1.74744e-03 1.73046e-03 1.71382e-03 1.69734e-03 1.68083e-03 1.66406e-03 1.64680e-03 1.62885e-03 1.61002e-03 1.59019e-03 1.56929e-03 1.54730e-03 1.52428e-03 1.50035e-03 1.47567e-03 1.45044e-03 1.42488e-03 1.39918e-03 1.37356e-03 1.34818e-03 1.32319e-03 1.29872e-03 1.27486e-03 1.25170e-03 1.22929e-03 1.20767e-03 1.18681e-03 1.16670e-03 1.14723e-03 1.12831e-03 1.10976e-03 1.09143e-03 1.07314e-03 1.05470e-03 1.03593e-03 1.01665e-03 9.96676e-04 9.75865e-04 9.54076e-04 9.31187e-04 9.07080e-04 8.81625e-04 8.54669e-04 8.26029e-04 7.95502e-04 7.62894e-04 7.28065e-04 6.90982e-04 6.51773e-04 6.10766e-04 5.68501e-04 5.25704e-04 4.83228e-04 4.41972e-04 4.02781e-04 3.66353e-04 3.33175e-04 3.03481e-04 2.77256e-04 2.54271e-04 2.34139e-04 2.16388e-04 2.00530e-04 1.86117e-04 1.72782e-04 1.60256e-04 1.48370e-04 1.37044e-04 1.26269e-04 1.16082e-04 1.06542e-04 9.77121e-05 8.96451e-05 8.23699e-05 7.58888e-05 7.01750e-05 6.51751e-05 6.08121e-05 5.69906e-05 5.36020e-05 5.05296e-05 4.76549e-05 4.48629e-05 4.20489e-05 3.91252e-05 3.60274e-05 3.27219e-05 2.92101e-05 2.55312e-05 2.17605e-05 1.80026e-05 1.43810e-05 1.10228e-05 8.04363e-06 5.53206e-06 3.53863e-06 2.06844e-06 1.07945e-06 4.87971e-07 1.84020e-07 5.54614e-08 1.28937e-08 2.33623e-09 3.53135e-10 3.72906e-11 8.47674e-13
2.501790 1.11984e-02 1.81451e-02 1.44216e-02 1.13622e-02 9.22347e-03 7.82634e-03 6.94390e-03 6.37507e-03 5.98135e-03 5.68907e-03 5.46792e-03 5.30689e-03 5.19916e-03 5.13674e-03 5.10926e-03 5.10324e-03 5.10100e-03 5.08122e-03 5.02342e-03 4.91705e-03 4.77109e-03 4.61612e-03 4.49201e-03 4.42541e-03 4.41216e-03 4.41942e-03 4.40630e-03 4.34698e-03 4.24007e-03 4.10241e-03 3.95612e-03 3.81865e-03 3.69897e-03 3.59873e-03 3.51512e-03 3.44371e-03 3.38038e-03 3.32222e-03 3.26760e-03 3.21588e-03 3.16697e-03 3.12091e-03 3.07772e-03 3.03723e-03 2.99909e-03 2.96285e-03 2.92793e-03 2.89378e-03 2.85988e-03 2.82579e-03 2.79118e-03 2.75582e-03 2.71963e-03 2.68264e-03 2.64497e-03 2.60688e-03 2.56869e-03 2.53082e-03 2.49373e-03 2.45788e-03 2.42369e-03 2.39148e-03 2.36144e-03 2.33362e-03 2.30789e-03 2.28403e-03 2.26171e-03 2.24056e-03 2.22021e-03 2.20029e-03 2.18051e-03 2.16063e-03 2.14050e-03 2.12006e-03 2.09932e-03 2.07837e-03 2.05737e-03 2.03648e-03 2.01590e-03 1.99581e-03 1.97632e-03 1.95749e-03 1.93929e-03 1.92161e-03 1.90430e-03 1.88713e-03 1.86987e-03 1.85228e-03 1.83415e-03 1.81531e-03 1.79562e-03 1.77500e-03 1.75338e-03 1.73077e-03 1.70716e-03 1.68263e-03 1.65724e-03 1.63112e-03 1.60441e-03 1.57729e-03 1.54994e-03 1.52255e-03 1.49532e-03 1.46837e-03 1.44184e-03 1.41576e-03 1.39016e-03 1.36501e-03 1.34026e-03 1.31583e-03 1.29165e-03 1.26765e-03 1.24378e-03 1.22000e-03 1.19629e-03 1.17262e-03 1.14899e-03 1.12538e-03 1.10176e-03 1.07811e-03 1.05442e-03 1.03068e-03 1.00691e-03 9.83169e-04 9.59504e-04 9.35974e-04 9.12619e-04 8.89448e-04 8.66433e-04 8.43497e-04 8.20509e-04 7.97266e-04 7.73490e-04 7.48817e-04 7.22816e-04 6.95017e-04 6.64967e-04 6.32314e-04 5.96891e-04 5.58798e-04 5.18461e-04 4.76636e-04 4.34354e-04 3.92805e-04 3.53184e-04 3.16522e-04 2.83548e-04 2.54606e-04 2.29656e-04 2.08339e-04 1.90090e-04 1.74269e-04 1.60274e-04 1.47607e-04 1.35914e-04 1.24978e-04 1.14695e-04 1.05042e-04 9.60443e-05 8.77473e-05 8.01945e-05 7.34133e-05 6.74058e-05 6.21453e-05 5.75762e-05 5.36163e-05 5.01611e-05 4.70900e-05 4.42728e-05 4.15779e-05 3.88813e-05 3.60767e-05 3.30855e-05 2.98668e-05 2.64243e-05 2.28085e-05 1.91135e-05 1.54654e-05 1.20064e-05 8.87423e-06 6.18338e-06 4.00894e-06 2.37655e-06 1.25838e-06 5.77127e-07 2.20483e-07 6.70211e-08 1.55418e-08 2.74424e-09 3.94495e-10 4.00337e-11 8.95212e-13
2.601862 1.13690e-02 1.75294e-02 1.35613e-02 1.06918e-02 8.76476e-03 7.50706e-03 6.70562e-03 6.18656e-03 5.82982e-03 5.56979e-03 5.37868e-03 5.24617e-03 5.16559e-03 5.12817e-03 5.12142e-03 5.12824e-03 5.12676e-03 5.09328e-03 5.01056e-03 4.87956e-03 4.72656e-03 4.59536e-03 4.52370e-03 4.51837e-03 4.54943e-03 4.56933e-03 4.54142e-03 4.45650e-03 4.32982e-03 4.18677e-03 4.04957e-03 3.93088e-03 3.83392e-03 3.75569e-03 3.69062e-03 3.63330e-03 3.57986e-03 3.52822e-03 3.47770e-03 3.42835e-03 3.38046e-03 3.33422e-03 3.28968e-03 3.24670e-03 3.20503e-03 3.16432e-03 3.12419e-03 3.08424e-03 3.04408e-03 3.00339e-03 2.96194e-03 2.91962e-03 2.87650e-03 2.83277e-03 2.78878e-03 2.74500e-03 2.70199e-03 2.66035e-03 2.62068e-03 2.58345e-03 2.54900e-03 2.51740e-03 2.48853e-03 2.46202e-03 2.43737e-03 2.41402e-03 2.39137e-03 2.36893e-03 2.34630e-03 2.32323e-03 2.29962e-03 2.27554e-03 2.25118e-03 2.22684e-03 2.20283e-03 2.17950e-03 2.15711e-03 2.13586e-03 2.11581e-03 2.09690e-03 2.07897e-03 2.06176e-03 2.04495e-03 2.02820e-03 2.01117e-03 1.99357e-03 1.97517e-03 1.95578e-03 1.93531e-03 1.91369e-03 1.89094e-03 1.86709e-03 1.84223e-03 1.81644e-03 1.78982e-03 1.76251e-03 1.73463e-03 1.70632e-03 1.67775e-03 1.64910e-03 1.62055e-03 1.59231e-03 1.56454e-03 1.53740e-03 1.51099e-03 1.48536e-03 1.46050e-03 1.43633e-03 1.41273e-03 1.38953e-03 1.36655e-03 1.34359e-03 1.32047e-03 1.29700e-03 1.27305e-03 1.24848e-03 1.22323e-03 1.19724e-03 1.17052e-03 1.14309e-03 1.11503e-03 1.08642e-03 1.05739e-03 1.02805e-03 9.98572e-04 9.69119e-04 9.39885e-04 9.11077e-04 8.82909e-04 8.55574e-04 8.29227e-04 8.03959e-04 7.79779e-04 7.56603e-04 7.34248e-04 7.12429e-04 6.90758e-04 6.68754e-04 6.45852e-04 6.21442e-04 5.94917e-04 5.65754e-04 5.33610e-04 4.98429e-04 4.60526e-04 4.20635e-04 3.79870e-04 3.39606e-04 3.01278e-04 2.66139e-04 2.35049e-04 2.08355e-04 1.85894e-04 1.67121e-04 1.51290e-04 1.37647e-04 1.25559e-04 1.14575e-04 1.04424e-04 9.49826e-05 8.62186e-05 7.81522e-05 7.08193e-05 6.42491e-05 5.84497e-05 5.34005e-05 4.90490e-05 4.53112e-05 4.20751e-05 3.92067e-05 3.65601e-05 3.39893e-05 3.13633e-05 2.85818e-05 2.55891e-05 2.23842e-05 1.90237e-05 1.56139e-05 1.22943e-05 9.21500e-06 6.51112e-06 4.28202e-06 2.57644e-06 1.38582e-06 6.46140e-07 2.51015e-07 7.74928e-08 1.81545e-08 3.18944e-09 4.44906e-10 4.36348e-11 9.59877e-13
2.701934 1.04301e-02 1.67198e-02 1.31390e-02 1.02701e-02 8.36932e-03 7.19835e-03 6.48096e-03 6.01869e-03 5.69804e-03 5.46489e-03 5.29780e-03 5.18816e-03 5.12886e-03 5.10964e-03 5.11558e-03 5.12647e-03 5.11798e-03 5.06727e-03 4.96419e-03 4.82278e-03 4.68209e-03 4.58829e-03 4.56601e-03 4.60057e-03 4.64688e-03 4.65800e-03 4.61032e-03 4.50965e-03 4.37994e-03 4.24746e-03 4.13031e-03 4.03564e-03 3.96203e-03 3.90363e-03 3.85391e-03 3.80781e-03 3.76255e-03 3.71714e-03 3.67165e-03 3.62640e-03 3.58157e-03 3.53712e-03 3.49282e-03 3.44845e-03 3.40382e-03 3.35882e-03 3.31343e-03 3.26758e-03 3.22123e-03 3.17429e-03 3.12674e-03 3.07872e-03 3.03053e-03 2.98262e-03 2.93554e-03 2.88988e-03 2.84620e-03 2.80502e-03 2.76671e-03 2.73142e-03 2.69897e-03 2.66891e-03 2.64053e-03 2.61303e-03 2.58565e-03 2.55782e-03 2.52923e-03 2.49986e-03 2.46996e-03 2.43996e-03 2.41033e-03 2.38156e-03 2.35402e-03 2.32797e-03 2.30354e-03 2.28072e-03 2.25945e-03 2.23955e-03 2.22083e-03 2.20303e-03 2.18587e-03 2.16905e-03 2.15228e-03 2.13526e-03 2.11772e-03 2.09943e-03 2.08021e-03 2.05991e-03 2.03843e-03 2.01576e-03 1.99189e-03 1.96687e-03 1.94079e-03 1.91376e-03 1.88588e-03 1.85731e-03 1.82817e-03 1.79861e-03 1.76879e-03 1.73889e-03 1.70908e-03 1.67955e-03 1.65052e-03 1.62215e-03 1.59462e-03 1.56801e-03 1.54238e-03 1.51771e-03 1.49391e-03 1.47085e-03 1.44836e-03 1.42624e-03 1.40429e-03 1.38227e-03 1.35997e-03 1.33716e-03 1.31366e-03 1.28926e-03 1.26384e-03 1.23727e-03 1.20949e-03 1.18048e-03 1.15029e-03 1.11901e-03 1.08676e-03 1.05375e-03 1.02019e-03 9.86345e-04 9.52497e-04 9.18938e-04 8.85958e-04 8.53834e-04 8.22808e-04 7.93073e-04 7.64750e-04 7.37873e-04 7.12379e-04 6.88108e-04 6.64804e-04 6.42134e-04 6.19695e-04 5.97037e-04 5.73672e-04 5.49103e-04 5.22848e-04 4.94492e-04 4.63750e-04 4.30558e-04 3.95159e-04 3.58173e-04 3.20605e-04 2.83749e-04 2.48989e-04 2.17528e-04 1.90136e-04 1.67016e-04 1.47837e-04 1.31912e-04 1.18434e-04 1.06683e-04 9.61306e-05 8.64656e-05 7.75481e-05 6.93500e-05 6.18975e-05 5.52292e-05 4.93683e-05 4.43072e-05 3.99995e-05 3.63581e-05 3.32586e-05 3.05486e-05 2.80621e-05 2.56394e-05 2.31489e-05 2.05086e-05 1.77004e-05 1.47733e-05 1.18336e-05 9.02111e-06 6.48064e-06 4.33249e-06 2.65071e-06 1.45103e-06 6.89515e-07 2.73496e-07 8.63639e-08 2.07018e-08 3.69569e-09 5.12086e-10 4.90085e-11 1.06203e-12
2.802005 9.66064e-03 1.54347e-02 1.22581e-02 9.76565e-03 8.05956e-03 6.96097e-03 6.27932e-03 5.85215e-03 5.56807e-03 5.36819e-03 5.22910e-03 5.14254e-03 5.10190e-03 5.09633e-03 5.10893e-03 5.11700e-03 5.09526e-03 5.02467e-03 4.90519e-03 4.76397e-03 4.64698e-03 4.59331e-03 4.60877e-03 4.66104e-03 4.70083e-03 4.69128e-03 4.62422e-03 4.51631e-03 4.39426e-03 4.28089e-03 4.18835e-03 4.11832e-03 4.06579e-03 4.02358e-03 3.98557e-03 3.94810e-03 3.90988e-03 3.87096e-03 3.83175e-03 3.79239e-03 3.75256e-03 3.71166e-03 3.66906e-03 3.62432e-03 3.57736e-03 3.52844e-03 3.47810e-03 3.42695e-03 3.37556e-03 3.32440e-03 3.27390e-03 3.22450e-03 3.17663e-03 3.13061e-03 3.08661e-03 3.04467e-03 3.00473e-03 2.96663e-03 2.93007e-03 2.89451e-03 2.85932e-03 2.82395e-03 2.78809e-03 2.75181e-03 2.71551e-03 2.67968e-03 2.64474e-03 2.61089e-03 2.57812e-03 2.54630e-03 2.51533e-03 2.48522e-03 2.45612e-03 2.42831e-03 2.40213e-03 2.37790e-03 2.35583e-03 2.33595e-03 2.31811e-03 2.30195e-03 2.28698e-03 2.27265e-03 2.25840e-03 2.24373e-03 2.22822e-03 2.21154e-03 2.19347e-03 2.17388e-03 2.15271e-03 2.12997e-03 2.10572e-03 2.08007e-03 2.05314e-03 2.02508e-03 1.99605e-03 1.96618e-03 1.93564e-03 1.90458e-03 1.87314e-03 1.84148e-03 1.80975e-03 1.77815e-03 1.74686e-03 1.71607e-03 1.68598e-03 1.65675e-03 1.62849e-03 1.60125e-03 1.57500e-03 1.54968e-03 1.52515e-03 1.50125e-03 1.47783e-03 1.45470e-03 1.43169e-03 1.40863e-03 1.38534e-03 1.36168e-03 1.33750e-03 1.31266e-03 1.28702e-03 1.26048e-03 1.23295e-03 1.20434e-03 1.17462e-03 1.14378e-03 1.11187e-03 1.07896e-03 1.04522e-03 1.01082e-03 9.75999e-04 9.41032e-04 9.06199e-04 8.71781e-04 8.38032e-04 8.05166e-04 7.73334e-04 7.42616e-04 7.13011e-04 6.84447e-04 6.56783e-04 6.29831e-04 6.03371e-04 5.77178e-04 5.51026e-04 5.24708e-04 4.98024e-04 4.70783e-04 4.42796e-04 4.13880e-04 3.83886e-04 3.52769e-04 3.20667e-04 2.88000e-04 2.55505e-04 2.24179e-04 1.95097e-04 1.69150e-04 1.46818e-04 1.28072e-04 1.12452e-04 9.92823e-05 8.78872e-05 7.77485e-05 6.85532e-05 6.01664e-05 5.25697e-05 4.57973e-05 3.98856e-05 3.48405e-05 3.06199e-05 2.71289e-05 2.42258e-05 2.17376e-05 1.94835e-05 1.73032e-05 1.50840e-05 1.27810e-05 1.04227e-05 8.09775e-06 5.92884e-06 4.03822e-06 2.51712e-06 1.40501e-06 6.82278e-07 2.77652e-07 9.05029e-08 2.25710e-08 4.20938e-09 5.98704e-10 5.68987e-11 1.21903e-12
2.902077 1.06957e-02 1.62945e-02 1.23140e-02 9.53267e-03 7.81594e-03 6.75719e-03 6.10510e-03 5.69763e-03 5.43292e-03 5.25550e-03 5.14016e-03 5.07557e-03 5.05253e-03 5.05793e-03 5.07260e-03 5.07233e-03 5.03355e-03 4.94437e-03 4.81636e-03 4.68594e-03 4.59747e-03 4.57579e-03 4.60912e-03 4.65713e-03 4.67695e-03 4.64618e-03 4.56883e-03 4.46604e-03 4.36191e-03 4.27325e-03 4.20613e-03 4.15803e-03 4.12220e-03 4.09182e-03 4.06238e-03 4.03206e-03 4.00084e-03 3.96926e-03 3.93752e-03 3.90512e-03 3.87102e-03 3.83402e-03 3.79314e-03 3.74800e-03 3.69890e-03 3.64690e-03 3.59357e-03 3.54061e-03 3.48953e-03 3.44132e-03 3.39639e-03 3.35453e-03 3.31491e-03 3.27624e-03 3.23706e-03 3.19620e-03 3.15305e-03 3.10775e-03 3.06116e-03 3.01462e-03 2.96953e-03 2.92691e-03 2.88700e-03 2.84924e-03 2.81253e-03 2.77580e-03 2.73836e-03 2.70021e-03 2.66192e-03 2.62451e-03 2.58913e-03 2.55673e-03 2.52787e-03 2.50266e-03 2.48086e-03 2.46198e-03 2.44545e-03 2.43073e-03 2.41728e-03 2.40464e-03 2.39235e-03 2.37998e-03 2.36712e-03 2.35343e-03 2.33860e-03 2.32241e-03 2.30468e-03 2.28531e-03 2.26427e-03 2.24156e-03 2.21724e-03 2.19139e-03 2.16411e-03 2.13554e-03 2.10579e-03 2.07499e-03 2.04329e-03 2.01080e-03 1.97767e-03 1.94402e-03 1.91001e-03 1.87581e-03 1.84160e-03 1.80758e-03 1.77398e-03 1.74101e-03 1.70886e-03 1.67765e-03 1.64745e-03 1.61824e-03 1.58994e-03 1.56241e-03 1.53550e-03 1.50906e-03 1.48297e-03 1.45710e-03 1.43136e-03 1.40570e-03 1.38005e-03 1.35439e-03 1.32870e-03 1.30293e-03 1.27704e-03 1.25097e-03 1.22463e-03 1.19792e-03 1.17069e-03 1.14284e-03 1.11422e-03 1.08476e-03 1.05440e-03 1.02315e-03 9.91075e-04 9.58290e-04 9.24961e-04 8.91275e-04 8.57427e-04 8.23600e-04 7.89944e-04 7.56574e-04 7.23559e-04 6.90930e-04 6.58686e-04 6.26812e-04 5.95292e-04 5.64120e-04 5.33313e-04 5.02908e-04 4.72957e-04 4.43509e-04 4.14589e-04 3.86174e-04 3.58177e-04 3.30452e-04 3.02826e-04 2.75167e-04 2.47481e-04 2.20004e-04 1.93242e-04 1.67910e-04 1.44750e-04 1.24314e-04 1.06792e-04 9.19917e-05 7.94624e-05 6.86780e-05 5.91975e-05 5.07407e-05 4.31841e-05 3.65103e-05 3.07427e-05 2.58902e-05 2.19120e-05 1.87054e-05 1.61132e-05 1.39491e-05 1.20308e-05 1.02156e-05 8.42594e-06 6.65862e-06 4.97205e-06 3.45706e-06 2.20085e-06 1.25646e-06 6.26266e-07 2.63396e-07 8.97260e-08 2.37448e-08 4.75647e-09 7.16002e-10 6.89412e-11 1.46978e-12
3.002149 9.43114e-03 1.52205e-02 1.20391e-02 9.44606e-03 7.69435e-03 6.61155e-03 5.96802e-03 5.58051e-03 5.33655e-03 5.17924e-03 5.08340e-03 5.03649e-03 5.02706e-03 5.03923e-03 5.05138e-03 5.03901e-03 4.98262e-03 4.87926e-03 4.75032e-03 4.63545e-03 4.57099e-03 4.56677e-03 4.60012e-03 4.63200e-03 4.63085e-03 4.58683e-03 4.51045e-03 4.42199e-03 4.34017e-03 4.27558e-03 4.22962e-03 4.19756e-03 4.17276e-03 4.15001e-03 4.12677e-03 4.10277e-03 4.07861e-03 4.05461e-03 4.03021e-03 4.00407e-03 3.97451e-03 3.94009e-03 3.90014e-03 3.85504e-03 3.80630e-03 3.75628e-03 3.70774e-03 3.66302e-03 3.62329e-03 3.58810e-03 3.55530e-03 3.52162e-03 3.48371e-03 3.43935e-03 3.38832e-03 3.33253e-03 3.27532e-03 3.22002e-03 3.16872e-03 3.12163e-03 3.07733e-03 3.03373e-03 2.98919e-03 2.94327e-03 2.89684e-03 2.85165e-03 2.80951e-03 2.77157e-03 2.73807e-03 2.70852e-03 2.68209e-03 2.65806e-03 2.63599e-03 2.61567e-03 2.59706e-03 2.58009e-03 2.56465e-03 2.55053e-03 2.53747e-03 2.52516e-03 2.51323e-03 2.50135e-03 2.48915e-03 2.47633e-03 2.46259e-03 2.44768e-03 2.43141e-03 2.41363e-03 2.39426e-03 2.37324e-03 2.35059e-03 2.32630e-03 2.30040e-03 2.27289e-03 2.24378e-03 2.21305e-03 2.18070e-03 2.14676e-03 2.11128e-03 2.07438e-03 2.03625e-03 1.99713e-03 1.95731e-03 1.91715e-03 1.87700e-03 1.83723e-03 1.79819e-03 1.76016e-03 1.72334e-03 1.68784e-03 1.65365e-03 1.62066e-03 1.58869e-03 1.55758e-03 1.52713e-03 1.49723e-03 1.46778e-03 1.43875e-03 1.41017e-03 1.38209e-03 1.35456e-03 1.32769e-03 1.30152e-03 1.27611e-03 1.25144e-03 1.22747e-03 1.20408e-03 1.18108e-03 1.15826e-03 1.13533e-03 1.11201e-03 1.08800e-03 1.06305e-03 1.03693e-03 1.00949e-03 9.80651e-04 9.50394e-04 9.18764e-04 8.85860e-04 8.51818e-04 8.16804e-04 7.81007e-04 7.44627e-04 7.07879e-04 6.70984e-04 6.34170e-04 5.97667e-04 5.61703e-04 5.26494e-04 4.92233e-04 4.59079e-04 4.27144e-04 3.96486e-04 3.67098e-04 3.38914e-04 3.11809e-04 2.85614e-04 2.60138e-04 2.35205e-04 2.10716e-04 1.86713e-04 1.63429e-04 1.41279e-04 1.20777e-04 1.02378e-04 8.63350e-05 7.26239e-05 6.09876e-05 5.10581e-05 4.24893e-05 3.50418e-05 2.85979e-05 2.31216e-05 1.85968e-05 1.49728e-05 1.21372e-05 9.92170e-06 8.13462e-06 6.60489e-06 5.21912e-06 3.93735e-06 2.78191e-06 1.80574e-06 1.05491e-06 5.41646e-07 2.37500e-07 8.59294e-08 2.47247e-08 5.47813e-09 8.97983e-10 8.95318e-11 1.91751e-12
3.102220 9.53565e-03 1.49820e-02 1.17082e-02 9.24026e-03 7.57904e-03 6.51260e-03 5.85950e-03 5.46957e-03 5.23747e-03 5.10110e-03 5.02836e-03 5.00144e-03 5.00507e-03 5.02045e-03 5.02468e-03 4.99537e-03 4.91993e-03 4.80539e-03 4.68037e-03 4.58260e-03 4.53694e-03 4.54004e-03 4.56435e-03 4.57732e-03 4.55963e-03 4.51086e-03 4.44382e-03 4.37487e-03 4.31631e-03 4.27307e-03 4.24339e-03 4.22204e-03 4.20386e-03 4.18581e-03 4.16724e-03 4.14870e-03 4.13060e-03 4.11244e-03 4.09279e-03 4.06984e-03 4.04216e-03 4.00936e-03 3.97234e-03 3.93316e-03 3.89444e-03 3.85853e-03 3.82662e-03 3.79810e-03 3.77050e-03 3.74020e-03 3.70371e-03 3.65904e-03 3.60638e-03 3.54781e-03 3.48629e-03 3.42439e-03 3.36354e-03 3.30392e-03 3.24515e-03 3.18719e-03 3.13088e-03 3.07777e-03 3.02942e-03 2.98654e-03 2.94877e-03 2.91498e-03 2.88394e-03 2.85480e-03 2.82726e-03 2.80137e-03 2.77726e-03 2.75502e-03 2.73465e-03 2.71608e-03 2.69925e-03 2.68407e-03 2.67042e-03 2.65813e-03 2.64695e-03 2.63661e-03 2.62683e-03 2.61733e-03 2.60784e-03 2.59814e-03 2.58800e-03 2.57715e-03 2.56525e-03 2.55188e-03 2.53659e-03 2.51891e-03 2.49845e-03 2.47496e-03 2.44836e-03 2.41868e-03 2.38604e-03 2.35061e-03 2.31255e-03 2.27209e-03 2.22946e-03 2.18494e-03 2.13888e-03 2.09168e-03 2.04376e-03 1.99557e-03 1.94758e-03 1.90022e-03 1.85387e-03 1.80887e-03 1.76547e-03 1.72381e-03 1.68392e-03 1.64573e-03 1.60907e-03 1.57372e-03 1.53944e-03 1.50605e-03 1.47342e-03 1.44149e-03 1.41028e-03 1.37988e-03 1.35040e-03 1.32198e-03 1.29479e-03 1.26894e-03 1.24453e-03 1.22160e-03 1.20011e-03 1.17997e-03 1.16099e-03 1.14289e-03 1.12535e-03 1.10795e-03 1.09028e-03 1.07189e-03 1.05234e-03 1.03126e-03 1.00831e-03 9.83260e-04 9.55958e-04 9.26361e-04 8.94529e-04 8.60623e-04 8.24894e-04 7.87665e-04 7.49319e-04 7.10264e-04 6.70920e-04 6.31690e-04 5.92939e-04 5.54980e-04 5.18063e-04 4.82367e-04 4.48006e-04 4.15034e-04 3.83451e-04 3.53218e-04 3.24266e-04 2.96508e-04 2.69853e-04 2.44221e-04 2.19549e-04 1.95812e-04 1.73029e-04 1.51280e-04 1.30711e-04 1.11534e-04 9.39948e-05 7.83146e-05 6.46142e-05 5.28685e-05 4.29126e-05 3.45040e-05 2.74057e-05 2.14460e-05 1.65253e-05 1.25780e-05 9.51871e-06 7.21114e-06 5.47585e-06 4.13105e-06 3.03852e-06 2.12726e-06 1.38357e-06 8.17817e-07 4.30620e-07 1.97861e-07 7.73266e-08 2.48237e-08 6.24500e-09 1.13972e-09 1.20088e-10 2.61417e-12
3.202292 1.08147e-02 1.64790e-02 1.23308e-02 9.34790e-03 7.52666e-03 6.42881e-03 5.76466e-03 5.36658e-03 5.13470e-03 5.00885e-03 4.95286e-03 4.94232e-03 4.95583e-03 4.97075e-03 4.96397e-03 4.91756e-03 4.82724e-03 4.70837e-03 4.59212e-03 4.51009e-03 4.47593e-03 4.47833e-03 4.49083e-03 4.48959e-03 4.46492e-03 4.42122e-03 4.36982e-03 4.32172e-03 4.28340e-03 4.25581e-03 4.23598e-03 4.21972e-03 4.20398e-03 4.18776e-03 4.17149e-03 4.15581e-03 4.14063e-03 4.12501e-03 4.10767e-03 4.08777e-03 4.06540e-03 4.04164e-03 4.01802e-03 3.99577e-03 3.97512e-03 3.95518e-03 3.93414e-03 3.90989e-03 3.88036e-03 3.84371e-03 3.79847e-03 3.74394e-03 3.68060e-03 3.61032e-03 3.53603e-03 3.46113e-03 3.38882e-03 3.32162e-03 3.26107e-03 3.20753e-03 3.16021e-03 3.11762e-03 3.07819e-03 3.04089e-03 3.00544e-03 2.97200e-03 2.94089e-03 2.91229e-03 2.88632e-03 2.86312e-03 2.84295e-03 2.82606e-03 2.81246e-03 2.80181e-03 2.79343e-03 2.78652e-03 2.78034e-03 2.77429e-03 2.76792e-03 2.76086e-03 2.75279e-03 2.74346e-03 2.73271e-03 2.72053e-03 2.70713e-03 2.69284e-03 2.67793e-03 2.66237e-03 2.64582e-03 2.62764e-03 2.60708e-03 2.58345e-03 2.55622e-03 2.52507e-03 2.48992e-03 2.45086e-03 2.40814e-03 2.36213e-03 2.31328e-03 2.26211e-03 2.20916e-03 2.15502e-03 2.10026e-03 2.04544e-03 1.99107e-03 1.93761e-03 1.88545e-03 1.83489e-03 1.78616e-03 1.73940e-03 1.69465e-03 1.65191e-03 1.61108e-03 1.57200e-03 1.53449e-03 1.49833e-03 1.46333e-03 1.42938e-03 1.39644e-03 1.36452e-03 1.33371e-03 1.30414e-03 1.27596e-03 1.24931e-03 1.22432e-03 1.20109e-03 1.17966e-03 1.16001e-03 1.14206e-03 1.12565e-03 1.11050e-03 1.09631e-03 1.08266e-03 1.06910e-03 1.05514e-03 1.04028e-03 1.02405e-03 1.00602e-03 9.85850e-04 9.63313e-04 9.38290e-04 9.10792e-04 8.80942e-04 8.48965e-04 8.15157e-04 7.79865e-04 7.43457e-04 7.06296e-04 6.68730e-04 6.31071e-04 5.93591e-04 5.56516e-04 5.20027e-04 4.84263e-04 4.49325e-04 4.15291e-04 3.82222e-04 3.50171e-04 3.19190e-04 2.89336e-04 2.60672e-04 2.33270e-04 2.07214e-04 1.82600e-04 1.59524e-04 1.38076e-04 1.18322e-04 1.00301e-04 8.40252e-05 6.94928e-05 5.66890e-05 4.55767e-05 3.60783e-05 2.80729e-05 2.14161e-05 1.59728e-05 1.16316e-05 8.28679e-06 5.80632e-06 4.01938e-06 2.74106e-06 1.81531e-06 1.14140e-06 6.66064e-07 3.54818e-07 1.70546e-07 7.25866e-08 2.62292e-08 7.49056e-09 1.51556e-09 1.69395e-10 3.77056e-12
3.302363 9.12079e-03 1.49840e-02 1.20402e-02 9.49490e-03 7.65509e-03 6.45158e-03 5.72343e-03 5.30578e-03 5.07777e-03 4.96542e-03 4.92510e-03 4.92700e-03 4.94514e-03 4.95451e-03 4.93356e-03 4.87025e-03 4.76848e-03 4.64945e-03 4.54354e-03 4.47481e-03 4.44787e-03 4.44748e-03 4.45083e-03 4.44189e-03 4.41737e-03 4.38325e-03 4.34795e-03 4.31748e-03 4.29380e-03 4.27557e-03 4.25983e-03 4.24402e-03 4.22708e-03 4.20950e-03 4.19232e-03 4.17629e-03 4.16151e-03 4.14767e-03 4.13450e-03 4.12210e-03 4.11082e-03 4.10090e-03 4.09211e-03 4.08360e-03 4.07387e-03 4.06085e-03 4.04210e-03 4.01502e-03 3.97732e-03 3.92762e-03 3.86616e-03 3.79522e-03 3.71870e-03 3.64095e-03 3.56562e-03 3.49508e-03 3.43041e-03 3.37167e-03 3.31810e-03 3.26860e-03 3.22213e-03 3.17817e-03 3.13673e-03 3.09824e-03 3.06348e-03 3.03360e-03 3.00999e-03 2.99374e-03 2.98463e-03 2.98047e-03 2.97771e-03 2.97301e-03 2.96458e-03 2.95241e-03 2.93744e-03 2.92064e-03 2.90285e-03 2.88495e-03 2.86810e-03 2.85365e-03 2.84253e-03 2.83475e-03 2.82914e-03 2.82380e-03 2.81677e-03 2.80662e-03 2.79261e-03 2.77466e-03 2.75304e-03 2.72813e-03 2.70028e-03 2.66970e-03 2.63642e-03 2.60035e-03 2.56134e-03 2.51924e-03 2.47394e-03 2.42548e-03 2.37401e-03 2.31985e-03 2.26346e-03 2.20537e-03 2.14621e-03 2.08663e-03 2.02725e-03 1.96864e-03 1.91129e-03 1.85558e-03 1.80180e-03 1.75014e-03 1.70071e-03 1.65356e-03 1.60868e-03 1.56601e-03 1.52544e-03 1.48682e-03 1.44996e-03 1.41468e-03 1.38083e-03 1.34830e-03 1.31707e-03 1.28715e-03 1.25862e-03 1.23157e-03 1.20606e-03 1.18220e-03 1.16001e-03 1.13950e-03 1.12064e-03 1.10332e-03 1.08736e-03 1.07256e-03 1.05862e-03 1.04523e-03 1.03204e-03 1.01869e-03 1.00482e-03 9.90131e-04 9.74348e-04 9.57278e-04 9.38790e-04 9.18813e-04 8.97323e-04 8.74323e-04 8.49832e-04 8.23874e-04 7.96476e-04 7.67675e-04 7.37523e-04 7.06093e-04 6.73480e-04 6.39801e-04 6.05196e-04 5.69825e-04 5.33878e-04 4.97577e-04 4.61177e-04 4.24956e-04 3.89197e-04 3.54178e-04 3.20156e-04 2.87368e-04 2.56021e-04 2.26303e-04 1.98379e-04 1.72391e-04 1.48457e-04 1.26656e-04 1.07018e-04 8.95172e-05 7.40632e-05 6.05206e-05 4.87332e-05 3.85527e-05 2.98545e-05 2.25381e-05 1.65176e-05 1.17089e-05 8.01214e-06 5.29319e-06 3.37933e-06 2.08074e-06 1.22594e-06 6.83500e-07 3.57895e-07 1.75410e-07 7.91160e-08 3.11002e-08 9.71013e-09 2.11807e-09 2.48610e-10 5.65763e-12
3.402435 1.04993e-02 1.60638e-02 1.21971e-02 9.41542e-03 7.59118e-03 6.40737e-03 5.66704e-03 5.23098e-03 4.99725e-03 4.89304e-03 4.86668e-03 4.87933e-03 4.89919e-03 4.90015e-03 4.86440e-03 4.78716e-03 4.67965e-03 4.56618e-03 4.47366e-03 4.41824e-03 4.39772e-03 4.39586e-03 4.39450e-03 4.38381e-03 4.36411e-03 4.34093e-03 4.31943e-03 4.30162e-03 4.28662e-03 4.27210e-03 4.25597e-03 4.23737e-03 4.21694e-03 4.19618e-03 4.17666e-03 4.15947e-03 4.14525e-03 4.13435e-03 4.12704e-03 4.12338e-03 4.12289e-03 4.12418e-03 4.12486e-03 4.12186e-03 4.11210e-03 4.09337e-03 4.06476e-03 4.02651e-03 3.97939e-03 3.92427e-03 3.86214e-03 3.79440e-03 3.72306e-03 3.65077e-03 3.58040e-03 3.51428e-03 3.45355e-03 3.39809e-03 3.34716e-03 3.30053e-03 3.25925e-03 3.22576e-03 3.20270e-03 3.19091e-03 3.18716e-03 3.18397e-03 3.17311e-03 3.15082e-03 3.12012e-03 3.08751e-03 3.05778e-03 3.03193e-03 3.00891e-03 2.98831e-03 2.97129e-03 2.95949e-03 2.95347e-03 2.95196e-03 2.95224e-03 2.95128e-03 2.94683e-03 2.93782e-03 2.92427e-03 2.90678e-03 2.88611e-03 2.86293e-03 2.83767e-03 2.81061e-03 2.78191e-03 2.75164e-03 2.71987e-03 2.68659e-03 2.65176e-03 2.61522e-03 2.57673e-03 2.53596e-03 2.49250e-03 2.44597e-03 2.39610e-03 2.34277e-03 2.28611e-03 2.22651e-03 2.16457e-03 2.10108e-03 2.03689e-03 1.97289e-03 1.90984e-03 1.84842e-03 1.78914e-03 1.73238e-03 1.67836e-03 1.62719e-03 1.57891e-03 1.53345e-03 1.49072e-03 1.45055e-03 1.41275e-03 1.37710e-03 1.34337e-03 1.31134e-03 1.28085e-03 1.25178e-03 1.22406e-03 1.19768e-03 1.17264e-03 1.14894e-03 1.12655e-03 1.10541e-03 1.08546e-03 1.06657e-03 1.04858e-03 1.03135e-03 1.01468e-03 9.98440e-04 9.82481e-04 9.66718e-04 9.51107e-04 9.35652e-04 9.20391e-04 9.05378e-04 8.90652e-04 8.76202e-04 8.61948e-04 8.47727e-04 8.33295e-04 8.18347e-04 8.02541e-04 7.85528e-04 7.66974e-04 7.46584e-04 7.24104e-04 6.99345e-04 6.72196e-04 6.42651e-04 6.10829e-04 5.76971e-04 5.41426e-04 5.04613e-04 4.66987e-04 4.29009e-04 3.91129e-04 3.53774e-04 3.17343e-04 2.82208e-04 2.48704e-04 2.17126e-04 1.87723e-04 1.60683e-04 1.36134e-04 1.14134e-04 9.46693e-05 7.76571e-05 6.29483e-05 5.03423e-05 3.96121e-05 3.05380e-05 2.29379e-05 1.66795e-05 1.16663e-05 7.80458e-06 4.97105e-06 3.00256e-06 1.71296e-06 9.20554e-07 4.67013e-07 2.24825e-07 1.01569e-07 4.07944e-08 1.32036e-08 3.00123e-09 3.64495e-10 8.44941e-12
3.502507 1.05599e-02 1.68052e-02 1.29942e-02 9.86754e-03 7.75671e-03 6.43319e-03 5.63407e-03 5.17131e-03 4.92585e-03 4.81940e-03 4.79530e-03 4.80912e-03 4.82526e-03 4.81757e-03 4.77209e-03 4.68969e-03 4.58566e-03 4.48386e-03 4.40621e-03 4.36251e-03 4.34727e-03 4.34568e-03 4.34395e-03 4.33607e-03 4.32345e-03 4.31024e-03 4.29903e-03 4.28950e-03 4.27944e-03 4.26635e-03 4.24885e-03 4.22708e-03 4.20248e-03 4.17724e-03 4.15364e-03 4.13378e-03 4.11921e-03 4.11059e-03 4.10737e-03 4.10769e-03 4.10883e-03 4.10805e-03 4.10342e-03 4.09423e-03 4.08077e-03 4.06339e-03 4.04150e-03 4.01307e-03 3.97529e-03 3.92625e-03 3.86633e-03 3.79855e-03 3.72775e-03 3.65896e-03 3.59613e-03 3.54181e-03 3.49795e-03 3.46643e-03 3.44821e-03 3.44085e-03 3.43650e-03 3.42362e-03 3.39322e-03 3.34560e-03 3.29083e-03 3.24137e-03 3.20350e-03 3.17535e-03 3.15166e-03 3.12938e-03 3.10912e-03 3.09287e-03 3.08156e-03 3.07420e-03 3.06856e-03 3.06230e-03 3.05380e-03 3.04237e-03 3.02820e-03 3.01190e-03 2.99418e-03 2.97552e-03 2.95607e-03 2.93569e-03 2.91406e-03 2.89082e-03 2.86563e-03 2.83826e-03 2.80861e-03 2.77671e-03 2.74269e-03 2.70675e-03 2.66910e-03 2.62991e-03 2.58922e-03 2.54697e-03 2.50290e-03 2.45661e-03 2.40759e-03 2.35535e-03 2.29950e-03 2.23993e-03 2.17683e-03 2.11077e-03 2.04263e-03 1.97352e-03 1.90459e-03 1.83696e-03 1.77157e-03 1.70913e-03 1.65012e-03 1.59476e-03 1.54311e-03 1.49506e-03 1.45044e-03 1.40901e-03 1.37053e-03 1.33473e-03 1.30134e-03 1.27010e-03 1.24076e-03 1.21307e-03 1.18684e-03 1.16192e-03 1.13815e-03 1.11541e-03 1.09356e-03 1.07243e-03 1.05186e-03 1.03166e-03 1.01168e-03 9.91786e-04 9.71892e-04 9.51995e-04 9.32172e-04 9.12595e-04 8.93515e-04 8.75243e-04 8.58105e-04 8.42396e-04 8.28327e-04 8.15990e-04 8.05338e-04 7.96184e-04 7.88217e-04 7.81033e-04 7.74158e-04 7.67076e-04 7.59232e-04 7.50046e-04 7.38931e-04 7.25343e-04 7.08835e-04 6.89111e-04 6.66054e-04 6.39713e-04 6.10278e-04 5.78046e-04 5.43396e-04 5.06766e-04 4.68644e-04 4.29558e-04 3.90063e-04 3.50734e-04 3.12141e-04 2.74833e-04 2.39313e-04 2.06016e-04 1.75287e-04 1.47368e-04 1.22394e-04 1.00392e-04 8.12905e-05 6.49380e-05 5.11178e-05 3.95708e-05 3.00212e-05 2.22066e-05 1.59037e-05 1.09356e-05 7.15479e-06 4.41415e-06 2.54724e-06 1.36780e-06 6.84238e-07 3.21148e-07 1.41114e-07 5.58005e-08 1.81564e-08 4.21902e-09 5.25376e-10 1.23702e-11
3.602578 9.44530e-03 1.55487e-02 1.24898e-02 9.83304e-03 7.86256e-03 6.50528e-03 5.64082e-03 5.13680e-03 4.87578e-03 4.76662e-03 4.74210e-03 4.75234e-03 4.76071e-03 4.74343e-03 4.69106e-03 4.60892e-03 4.51403e-03 4.42782e-03 4.36676e-03 4.33540e-03 4.32639e-03 4.32697e-03 4.32711e-03 4.32347e-03 4.31791e-03 4.31320e-03 4.30998e-03 4.30617e-03 4.29842e-03 4.28391e-03 4.26162e-03 4.23273e-03 4.20014e-03 4.16745e-03 4.13789e-03 4.11339e-03 4.09418e-03 4.07926e-03 4.06729e-03 4.05758e-03 4.05039e-03 4.04645e-03 4.04595e-03 4.04783e-03 4.04946e-03 4.04683e-03 4.03523e-03 4.01061e-03 3.97138e-03 3.91974e-03 3.86163e-03 3.80539e-03 3.75924e-03 3.72823e-03 3.71202e-03 3.70450e-03 3.69556e-03 3.67463e-03 3.63538e-03 3.57992e-03 3.51835e-03 3.46247e-03 3.41871e-03 3.38588e-03 3.35867e-03 3.33262e-03 3.30660e-03 3.28177e-03 3.25915e-03 3.23843e-03 3.21838e-03 3.19789e-03 3.17645e-03 3.15426e-03 3.13190e-03 3.11009e-03 3.08945e-03 3.07044e-03 3.05328e-03 3.03783e-03 3.02368e-03 3.01013e-03 2.99629e-03 2.98123e-03 2.96402e-03 2.94388e-03 2.92026e-03 2.89283e-03 2.86157e-03 2.82665e-03 2.78845e-03 2.74741e-03 2.70404e-03 2.65879e-03 2.61198e-03 2.56381e-03 2.51427e-03 2.46316e-03 2.41015e-03 2.35480e-03 2.29666e-03 2.23541e-03 2.17092e-03 2.10336e-03 2.03326e-03 1.96146e-03 1.88911e-03 1.81746e-03 1.74772e-03 1.68095e-03 1.61790e-03 1.55902e-03 1.50444e-03 1.45411e-03 1.40781e-03 1.36526e-03 1.32617e-03 1.29024e-03 1.25720e-03 1.22675e-03 1.19862e-03 1.17249e-03 1.14806e-03 1.12501e-03 1.10302e-03 1.08181e-03 1.06108e-03 1.04057e-03 1.02002e-03 9.99221e-04 9.78027e-04 9.56359e-04 9.34241e-04 9.11805e-04 8.89295e-04 8.67056e-04 8.45505e-04 8.25088e-04 8.06227e-04 7.89271e-04 7.74462e-04 7.61914e-04 7.51623e-04 7.43485e-04 7.37319e-04 7.32876e-04 7.29834e-04 7.27758e-04 7.26085e-04 7.24133e-04 7.21160e-04 7.16455e-04 7.09408e-04 6.99547e-04 6.86530e-04 6.70129e-04 6.50208e-04 6.26719e-04 5.99713e-04 5.69346e-04 5.35892e-04 4.99748e-04 4.61424e-04 4.21532e-04 3.80766e-04 3.39868e-04 2.99596e-04 2.60679e-04 2.23778e-04 1.89450e-04 1.58117e-04 1.30051e-04 1.05368e-04 8.40451e-05 6.59412e-05 5.08255e-05 3.84084e-05 2.83696e-05 2.03857e-05 1.41542e-05 9.40947e-06 5.92287e-06 3.48790e-06 1.90163e-06 9.55083e-07 4.43026e-07 1.90121e-07 7.36886e-08 2.39405e-08 5.65930e-09 7.20852e-10 1.72296e-11
3.702650 1.13315e-02 1.73416e-02 1.30940e-02 9.97748e-03 7.88710e-03 6.49601e-03 5.60583e-03 5.07537e-03 4.79367e-03 4.67146e-03 4.63813e-03 4.63998e-03 4.63944e-03 4.61508e-03 4.56132e-03 4.48627e-03 4.40656e-03 4.33979e-03 4.29702e-03 4.27891e-03 4.27769e-03 4.28322e-03 4.28869e-03 4.29250e-03 4.29597e-03 4.29989e-03 4.30260e-03 4.30033e-03 4.28921e-03 4.26717e-03 4.23481e-03 4.19495e-03 4.15131e-03 4.10712e-03 4.06461e-03 4.02529e-03 3.99078e-03 3.96316e-03 3.94474e-03 3.93711e-03 3.94004e-03 3.95108e-03 3.96597e-03 3.97975e-03 3.98801e-03 3.98773e-03 3.97825e-03 3.96161e-03 3.94175e-03 3.92235e-03 3.90488e-03 3.88837e-03 3.87064e-03 3.84924e-03 3.82134e-03 3.78463e-03 3.74003e-03 3.69255e-03 3.64801e-03 3.60918e-03 3.57513e-03 3.54320e-03 3.51135e-03 3.47911e-03 3.44689e-03 3.41476e-03 3.38207e-03 3.34809e-03 3.31268e-03 3.27648e-03 3.24055e-03 3.20605e-03 3.17397e-03 3.14498e-03 3.11951e-03 3.09773e-03 3.07964e-03 3.06507e-03 3.05365e-03 3.04478e-03 3.03761e-03 3.03103e-03 3.02375e-03 3.01442e-03 3.00170e-03 2.98448e-03 2.96196e-03 2.93372e-03 2.89979e-03 2.86052e-03 2.81656e-03 2.76870e-03 2.71775e-03 2.66445e-03 2.60935e-03 2.55285e-03 2.49515e-03 2.43627e-03 2.37612e-03 2.31451e-03 2.25126e-03 2.18620e-03 2.11926e-03 2.05050e-03 1.98017e-03 1.90875e-03 1.83693e-03 1.76561e-03 1.69580e-03 1.62848e-03 1.56449e-03 1.50444e-03 1.44866e-03 1.39722e-03 1.35005e-03 1.30693e-03 1.26764e-03 1.23192e-03 1.19950e-03 1.17011e-03 1.14343e-03 1.11911e-03 1.09673e-03 1.07585e-03 1.05602e-03 1.03676e-03 1.01766e-03 9.98365e-04 9.78570e-04 9.58072e-04 9.36763e-04 9.14649e-04 8.91857e-04 8.68638e-04 8.45343e-04 8.22400e-04 8.00262e-04 7.79360e-04 7.60059e-04 7.42629e-04 7.27248e-04 7.14017e-04 7.02992e-04 6.94205e-04 6.87655e-04 6.83254e-04 6.80772e-04 6.79797e-04 6.79758e-04 6.80017e-04 6.79962e-04 6.79074e-04 6.76921e-04 6.73116e-04 6.67278e-04 6.59013e-04 6.47931e-04 6.33671e-04 6.15933e-04 5.94512e-04 5.69324e-04 5.40432e-04 5.08059e-04 4.72591e-04 4.34579e-04 3.94713e-04 3.53799e-04 3.12708e-04 2.72333e-04 2.33523e-04 1.97032e-04 1.63475e-04 1.33286e-04 1.06712e-04 8.38155e-05 6.44998e-05 4.85441e-05 3.56420e-05 2.54382e-05 1.75589e-05 1.16376e-05 7.33391e-06 4.34160e-06 2.38385e-06 1.20226e-06 5.55263e-07 2.34990e-07 8.97796e-08 2.91230e-08 6.98121e-09 9.06474e-10 2.19535e-11
3.802722 1.04865e-02 1.72070e-02 1.36431e-02 1.04589e-02 8.12918e-03 6.57881e-03 5.60991e-03 5.03920e-03 4.73084e-03 4.58680e-03 4.53435e-03 4.52000e-03 4.50781e-03 4.47880e-03 4.42942e-03 4.36789e-03 4.30831e-03 4.26386e-03 4.24128e-03 4.23908e-03 4.25008e-03 4.26622e-03 4.28232e-03 4.29659e-03 4.30865e-03 4.31721e-03 4.31928e-03 4.31113e-03 4.28996e-03 4.25499e-03 4.20762e-03 4.15079e-03 4.08833e-03 4.02473e-03 3.96502e-03 3.91437e-03 3.87713e-03 3.85570e-03 3.84977e-03 3.85650e-03 3.87172e-03 3.89180e-03 3.91494e-03 3.94073e-03 3.96799e-03 3.99285e-03 4.00951e-03 4.01339e-03 4.00434e-03 3.98710e-03 3.96827e-03 3.95141e-03 3.93439e-03 3.91239e-03 3.88329e-03 3.84915e-03 3.81330e-03 3.77759e-03 3.74193e-03 3.70528e-03 3.66702e-03 3.62753e-03 3.58752e-03 3.54697e-03 3.50521e-03 3.46184e-03 3.41722e-03 3.37234e-03 3.32840e-03 3.28653e-03 3.24762e-03 3.21229e-03 3.18096e-03 3.15387e-03 3.13114e-03 3.11281e-03 3.09881e-03 3.08896e-03 3.08288e-03 3.07988e-03 3.07894e-03 3.07868e-03 3.07739e-03 3.07319e-03 3.06424e-03 3.04894e-03 3.02618e-03 2.99546e-03 2.95691e-03 2.91124e-03 2.85955e-03 2.80311e-03 2.74317e-03 2.68079e-03 2.61675e-03 2.55159e-03 2.48560e-03 2.41893e-03 2.35162e-03 2.28367e-03 2.21511e-03 2.14596e-03 2.07628e-03 2.00618e-03 1.93581e-03 1.86538e-03 1.79522e-03 1.72575e-03 1.65756e-03 1.59133e-03 1.52775e-03 1.46747e-03 1.41099e-03 1.35863e-03 1.31051e-03 1.26660e-03 1.22678e-03 1.19086e-03 1.15863e-03 1.12979e-03 1.10401e-03 1.08089e-03 1.05993e-03 1.04060e-03 1.02233e-03 1.00454e-03 9.86702e-04 9.68386e-04 9.49265e-04 9.29149e-04 9.07988e-04 8.85872e-04 8.63024e-04 8.39777e-04 8.16540e-04 7.93754e-04 7.71838e-04 7.51153e-04 7.31982e-04 7.14533e-04 6.98971e-04 6.85447e-04 6.74101e-04 6.65032e-04 6.58219e-04 6.53461e-04 6.50365e-04 6.48420e-04 6.47127e-04 6.46103e-04 6.45099e-04 6.43936e-04 6.42428e-04 6.40323e-04 6.37294e-04 6.32949e-04 6.26853e-04 6.18549e-04 6.07588e-04 5.93555e-04 5.76100e-04 5.54973e-04 5.30055e-04 5.01387e-04 4.69194e-04 4.33890e-04 3.96078e-04 3.56520e-04 3.16103e-04 2.75780e-04 2.36508e-04 1.99174e-04 1.64541e-04 1.33194e-04 1.05513e-04 8.16681e-05 6.16363e-05 4.52358e-05 3.21676e-05 2.20576e-05 1.44916e-05 9.04598e-06 5.30891e-06 2.89499e-06 1.45148e-06 6.65320e-07 2.78453e-07 1.05202e-07 3.40115e-08 8.21319e-09 1.07910e-09 2.63576e-11
3.902793 9.91986e-03 1.62243e-02 1.30372e-02 1.02944e-02 8.18195e-03 6.65865e-03 5.64281e-03 5.02087e-03 4.67595e-03 4.50646e-03 4.43377e-03 4.40269e-03 4.37916e-03 4.34715e-03 4.30500e-03 4.26042e-03 4.22460e-03 4.20651e-03 4.20911e-03 4.22886e-03 4.25830e-03 4.28981e-03 4.31811e-03 4.34042e-03 4.35504e-03 4.35994e-03 4.35236e-03 4.32950e-03 4.28971e-03 4.23336e-03 4.16344e-03 4.08544e-03 4.00662e-03 3.93469e-03 3.87616e-03 3.83499e-03 3.81234e-03 3.80727e-03 3.81797e-03 3.84228e-03 3.87745e-03 3.91968e-03 3.96428e-03 4.00615e-03 4.04047e-03 4.06369e-03 4.07489e-03 4.07652e-03 4.07275e-03 4.06580e-03 4.05405e-03 4.03488e-03 4.00859e-03 3.97811e-03 3.94579e-03 3.91201e-03 3.87585e-03 3.83625e-03 3.79319e-03 3.74817e-03 3.70307e-03 3.65854e-03 3.61393e-03 3.56839e-03 3.52185e-03 3.47497e-03 3.42868e-03 3.38392e-03 3.34144e-03 3.30186e-03 3.26564e-03 3.23317e-03 3.20476e-03 3.18070e-03 3.16121e-03 3.14647e-03 3.13655e-03 3.13135e-03 3.13050e-03 3.13319e-03 3.13815e-03 3.14355e-03 3.14712e-03 3.14632e-03 3.13868e-03 3.12215e-03 3.09540e-03 3.05804e-03 3.01065e-03 2.95463e-03 2.89185e-03 2.82432e-03 2.75384e-03 2.68182e-03 2.60917e-03 2.53643e-03 2.46383e-03 2.39143e-03 2.31921e-03 2.24715e-03 2.17527e-03 2.10360e-03 2.03226e-03 1.96135e-03 1.89103e-03 1.82146e-03 1.75284e-03 1.68538e-03 1.61938e-03 1.55522e-03 1.49336e-03 1.43429e-03 1.37853e-03 1.32652e-03 1.27856e-03 1.23482e-03 1.19530e-03 1.15987e-03 1.12828e-03 1.10020e-03 1.07524e-03 1.05293e-03 1.03272e-03 1.01404e-03 9.96287e-04 9.78872e-04 9.61260e-04 9.43021e-04 9.23859e-04 9.03636e-04 8.82378e-04 8.60260e-04 8.37578e-04 8.14710e-04 7.92067e-04 7.70052e-04 7.49023e-04 7.29277e-04 7.11056e-04 6.94565e-04 6.79995e-04 6.67506e-04 6.57167e-04 6.48882e-04 6.42345e-04 6.37090e-04 6.32628e-04 6.28592e-04 6.24811e-04 6.21263e-04 6.17965e-04 6.14891e-04 6.11939e-04 6.08926e-04 6.05605e-04 6.01673e-04 5.96775e-04 5.90520e-04 5.82490e-04 5.72255e-04 5.59400e-04 5.43549e-04 5.24398e-04 5.01751e-04 4.75555e-04 4.45928e-04 4.13180e-04 3.77812e-04 3.40507e-04 3.02090e-04 2.63478e-04 2.25618e-04 1.89418e-04 1.55679e-04 1.25045e-04 9.79625e-05 7.46685e-05 5.51985e-05 3.94145e-05 2.70417e-05 1.77072e-05 1.09755e-05 6.37761e-06 3.43857e-06 1.70487e-06 7.73477e-07 3.20650e-07 1.20161e-07 3.86817e-08 9.35091e-09 1.23364e-09 3.02373e-11
4.002865 1.22909e-02 1.88779e-02 1.41531e-02 1.06144e-02 8.24690e-03 6.65923e-03 5.61532e-03 4.96259e-03 4.58378e-03 4.38256e-03 4.28346e-03 4.23328e-03 4.20000e-03 4.16945e-03 4.14046e-03 4.11917e-03 4.11326e-03 4.12723e-03 4.16000e-03 4.20535e-03 4.25452e-03 4.29942e-03 4.33446e-03 4.35661e-03 4.36418e-03 4.35569e-03 4.32965e-03 4.28523e-03 4.22354e-03 4.14836e-03 4.06609e-03 3.98458e-03 3.91155e-03 3.85329e-03 3.81387e-03 3.79498e-03 3.79601e-03 3.81452e-03 3.84704e-03 3.88971e-03 3.93872e-03 3.99021e-03 4.03998e-03 4.08341e-03 4.11623e-03 4.13571e-03 4.14100e-03 4.13218e-03 4.10993e-03 4.07743e-03 4.04093e-03 4.00627e-03 3.97502e-03 3.94467e-03 3.91167e-03 3.87384e-03 3.83131e-03 3.78647e-03 3.74243e-03 3.70071e-03 3.66052e-03 3.62012e-03 3.57836e-03 3.53520e-03 3.49130e-03 3.44755e-03 3.40484e-03 3.36389e-03 3.32531e-03 3.28961e-03 3.25725e-03 3.22864e-03 3.20418e-03 3.18426e-03 3.16919e-03 3.15922e-03 3.15445e-03 3.15472e-03 3.15947e-03 3.16763e-03 3.17748e-03 3.18666e-03 3.19231e-03 3.19135e-03 3.18089e-03 3.15874e-03 3.12372e-03 3.07596e-03 3.01682e-03 2.94861e-03 2.87408e-03 2.79597e-03 2.71652e-03 2.63728e-03 2.55914e-03 2.48242e-03 2.40713e-03 2.33308e-03 2.26004e-03 2.18782e-03 2.11630e-03 2.04540e-03 1.97517e-03 1.90568e-03 1.83708e-03 1.76955e-03 1.70329e-03 1.63856e-03 1.57558e-03 1.51465e-03 1.45607e-03 1.40017e-03 1.34728e-03 1.29773e-03 1.25180e-03 1.20971e-03 1.17155e-03 1.13724e-03 1.10659e-03 1.07924e-03 1.05473e-03 1.03253e-03 1.01208e-03 9.92836e-04 9.74251e-04 9.55843e-04 9.37199e-04 9.18001e-04 8.98055e-04 8.77303e-04 8.55829e-04 8.33847e-04 8.11664e-04 7.89642e-04 7.68149e-04 7.47529e-04 7.28076e-04 7.10035e-04 6.93615e-04 6.78996e-04 6.66296e-04 6.55503e-04 6.46402e-04 6.38581e-04 6.31533e-04 6.24821e-04 6.18218e-04 6.11713e-04 6.05410e-04 5.99414e-04 5.93771e-04 5.88461e-04 5.83413e-04 5.78511e-04 5.73596e-04 5.68463e-04 5.62860e-04 5.56491e-04 5.49021e-04 5.40082e-04 5.29294e-04 5.16276e-04 5.00679e-04 4.82213e-04 4.60680e-04 4.36009e-04 4.08282e-04 3.77758e-04 3.44874e-04 3.10237e-04 2.74588e-04 2.38761e-04 2.03626e-04 1.70028e-04 1.38724e-04 1.10335e-04 8.53035e-05 6.38799e-05 4.61233e-05 3.19219e-05 2.10222e-05 1.30576e-05 7.57492e-06 4.06455e-06 2.00205e-06 9.02263e-07 3.71892e-07 1.38695e-07 4.44748e-08 1.07252e-08 1.41377e-09 3.46536e-11
4.102936 1.01813e-02 1.71219e-02 1.40136e-02 1.10100e-02 8.57984e-03 6.83304e-03 5.68111e-03 4.96743e-03 4.54775e-03 4.31235e-03 4.18437e-03 4.11379e-03 4.07203e-03 4.04673e-03 4.03617e-03 4.04351e-03 4.07168e-03 4.11990e-03 4.18259e-03 4.25064e-03 4.31414e-03 4.36504e-03 4.39843e-03 4.41231e-03 4.40648e-03 4.38167e-03 4.33942e-03 4.28230e-03 4.21422e-03 4.14030e-03 4.06640e-03 3.99885e-03 3.94398e-03 3.90728e-03 3.89214e-03 3.89875e-03 3.92417e-03 3.96365e-03 4.01227e-03 4.06578e-03 4.12036e-03 4.17176e-03 4.21482e-03 4.24385e-03 4.25336e-03 4.23923e-03 4.20129e-03 4.14643e-03 4.08730e-03 4.03537e-03 3.99461e-03 3.96168e-03 3.93047e-03 3.89641e-03 3.85817e-03 3.81759e-03 3.77823e-03 3.74277e-03 3.71112e-03 3.68089e-03 3.64951e-03 3.61550e-03 3.57870e-03 3.53968e-03 3.49941e-03 3.45887e-03 3.41906e-03 3.38086e-03 3.34504e-03 3.31234e-03 3.28339e-03 3.25876e-03 3.23897e-03 3.22443e-03 3.21545e-03 3.21213e-03 3.21430e-03 3.22142e-03 3.23241e-03 3.24561e-03 3.25869e-03 3.26877e-03 3.27260e-03 3.26691e-03 3.24890e-03 3.21667e-03 3.16962e-03 3.10864e-03 3.03595e-03 2.95472e-03 2.86846e-03 2.78039e-03 2.69298e-03 2.60778e-03 2.52549e-03 2.44616e-03 2.36950e-03 2.29505e-03 2.22236e-03 2.15103e-03 2.08078e-03 2.01144e-03 1.94297e-03 1.87541e-03 1.80888e-03 1.74359e-03 1.67979e-03 1.61775e-03 1.55776e-03 1.50013e-03 1.44514e-03 1.39304e-03 1.34402e-03 1.29824e-03 1.25576e-03 1.21659e-03 1.18063e-03 1.14773e-03 1.11766e-03 1.09011e-03 1.06470e-03 1.04100e-03 1.01858e-03 9.97037e-04 9.75986e-04 9.55119e-04 9.34193e-04 9.13041e-04 8.91575e-04 8.69800e-04 8.47814e-04 8.25809e-04 8.04050e-04 7.82845e-04 7.62504e-04 7.43301e-04 7.25463e-04 7.09172e-04 6.94561e-04 6.81676e-04 6.70401e-04 6.60416e-04 6.51241e-04 6.42379e-04 6.33497e-04 6.24505e-04 6.15506e-04 6.06654e-04 5.98063e-04 5.89781e-04 5.81811e-04 5.74137e-04 5.66725e-04 5.59524e-04 5.52451e-04 5.45389e-04 5.38174e-04 5.30596e-04 5.22397e-04 5.13277e-04 5.02900e-04 4.90916e-04 4.76980e-04 4.60774e-04 4.42042e-04 4.20620e-04 3.96463e-04 3.69672e-04 3.40506e-04 3.09384e-04 2.76870e-04 2.43646e-04 2.10468e-04 1.78123e-04 1.47369e-04 1.18889e-04 9.32393e-05 7.08150e-05 5.18347e-05 3.63397e-05 2.42104e-05 1.51845e-05 8.87391e-06 4.78565e-06 2.36548e-06 1.06948e-06 4.42442e-07 1.65545e-07 5.31485e-08 1.28054e-08 1.68560e-09 4.12828e-11
4.203008 1.13223e-02 1.79341e-02 1.39751e-02 1.08466e-02 8.54483e-03 6.87447e-03 5.71765e-03 4.96298e-03 4.49959e-03 4.22921e-03 4.07667e-03 3.99269e-03 3.95012e-03 3.93722e-03 3.95060e-03 3.98932e-03 4.05080e-03 4.12893e-03 4.21440e-03 4.29655e-03 4.36599e-03 4.41653e-03 4.44585e-03 4.45474e-03 4.44533e-03 4.41934e-03 4.37760e-03 4.32124e-03 4.25408e-03 4.18406e-03 4.12178e-03 4.07691e-03 4.05478e-03 4.05529e-03 4.07431e-03 4.10607e-03 4.14526e-03 4.18821e-03 4.23261e-03 4.27639e-03 4.31598e-03 4.34518e-03 4.35521e-03 4.33699e-03 4.28639e-03 4.21001e-03 4.12428e-03 4.04628e-03 3.98447e-03 3.93751e-03 3.89914e-03 3.86346e-03 3.82742e-03 3.79117e-03 3.75726e-03 3.72862e-03 3.70616e-03 3.68786e-03 3.67020e-03 3.65017e-03 3.62617e-03 3.59788e-03 3.56571e-03 3.53054e-03 3.49343e-03 3.45556e-03 3.41809e-03 3.38216e-03 3.34881e-03 3.31904e-03 3.29375e-03 3.27372e-03 3.25961e-03 3.25187e-03 3.25063e-03 3.25559e-03 3.26597e-03 3.28038e-03 3.29690e-03 3.31306e-03 3.32599e-03 3.33258e-03 3.32974e-03 3.31465e-03 3.28518e-03 3.24019e-03 3.17988e-03 3.10584e-03 3.02092e-03 2.92877e-03 2.83320e-03 2.73755e-03 2.64426e-03 2.55476e-03 2.46956e-03 2.38854e-03 2.31119e-03 2.23689e-03 2.16504e-03 2.09513e-03 2.02680e-03 1.95982e-03 1.89409e-03 1.82963e-03 1.76654e-03 1.70500e-03 1.64525e-03 1.58754e-03 1.53215e-03 1.47936e-03 1.42938e-03 1.38241e-03 1.33854e-03 1.29774e-03 1.25991e-03 1.22480e-03 1.19211e-03 1.16147e-03 1.13253e-03 1.10497e-03 1.07852e-03 1.05298e-03 1.02820e-03 1.00402e-03 9.80347e-04 9.57047e-04 9.34023e-04 9.11199e-04 8.88536e-04 8.66053e-04 8.43831e-04 8.22029e-04 8.00865e-04 7.80589e-04 7.61441e-04 7.43615e-04 7.27251e-04 7.12415e-04 6.99063e-04 6.86974e-04 6.75752e-04 6.64905e-04 6.54022e-04 6.42918e-04 6.31652e-04 6.20403e-04 6.09326e-04 5.98493e-04 5.87913e-04 5.77568e-04 5.67450e-04 5.57560e-04 5.47905e-04 5.38486e-04 5.29282e-04 5.20242e-04 5.11272e-04 5.02225e-04 4.92906e-04 4.83068e-04 4.72422e-04 4.60654e-04 4.47441e-04 4.32473e-04 4.15484e-04 3.96275e-04 3.74743e-04 3.50901e-04 3.24898e-04 2.97021e-04 2.67693e-04 2.37453e-04 2.06930e-04 1.76808e-04 1.47781e-04 1.20510e-04 9.55727e-05 7.34297e-05 5.43888e-05 3.85944e-05 2.60297e-05 1.65269e-05 9.77648e-06 5.33737e-06 2.67289e-06 1.22649e-06 5.15716e-07 1.95885e-07 6.35394e-08 1.53826e-08 2.02806e-09 4.96975e-11
4.303080 1.22193e-02 1.95017e-02 1.51084e-02 1.14462e-02 8.80821e-03 6.98441e-03 5.75897e-03 4.96099e-03 4.45991e-03 4.15698e-03 3.98157e-03 3.88805e-03 3.85023e-03 3.85447e-03 3.89320e-03 3.96013e-03 4.04774e-03 4.14674e-03 4.24716e-03 4.34009e-03 4.41911e-03 4.48022e-03 4.52038e-03 4.53633e-03 4.52552e-03 4.48921e-03 4.43471e-03 4.37426e-03 4.32073e-03 4.28333e-03 4.26556e-03 4.26586e-03 4.27964e-03 4.30149e-03 4.32687e-03 4.35295e-03 4.37866e-03 4.40403e-03 4.42850e-03 4.44874e-03 4.45664e-03 4.44001e-03 4.38837e-03 4.30201e-03 4.19550e-03 4.08961e-03 3.99902e-03 3.92716e-03 3.86985e-03 3.82141e-03 3.77823e-03 3.73939e-03 3.70600e-03 3.68020e-03 3.66335e-03 3.65434e-03 3.64954e-03 3.64455e-03 3.63609e-03 3.62251e-03 3.60343e-03 3.57920e-03 3.55059e-03 3.51863e-03 3.48449e-03 3.44937e-03 3.41450e-03 3.38112e-03 3.35046e-03 3.32371e-03 3.30202e-03 3.28642e-03 3.27767e-03 3.27613e-03 3.28162e-03 3.29330e-03 3.30963e-03 3.32843e-03 3.34704e-03 3.36252e-03 3.37187e-03 3.37231e-03 3.36133e-03 3.33695e-03 3.29776e-03 3.24322e-03 3.17383e-03 3.09135e-03 2.99867e-03 2.89942e-03 2.79742e-03 2.69602e-03 2.59772e-03 2.50398e-03 2.41538e-03 2.33183e-03 2.25282e-03 2.17774e-03 2.10593e-03 2.03688e-03 1.97020e-03 1.90563e-03 1.84304e-03 1.78239e-03 1.72373e-03 1.66715e-03 1.61279e-03 1.56081e-03 1.51137e-03 1.46460e-03 1.42058e-03 1.37935e-03 1.34082e-03 1.30483e-03 1.27113e-03 1.23940e-03 1.20926e-03 1.18036e-03 1.15236e-03 1.12501e-03 1.09812e-03 1.07161e-03 1.04548e-03 1.01974e-03 9.94446e-04 9.69619e-04 9.45269e-04 9.21392e-04 8.97987e-04 8.75086e-04 8.52772e-04 8.31185e-04 8.10498e-04 7.90880e-04 7.72463e-04 7.55327e-04 7.39477e-04 7.24802e-04 7.11031e-04 6.97758e-04 6.84556e-04 6.71152e-04 6.57526e-04 6.43856e-04 6.30358e-04 6.17147e-04 6.04227e-04 5.91542e-04 5.79036e-04 5.66684e-04 5.54500e-04 5.42520e-04 5.30797e-04 5.19375e-04 5.08278e-04 4.97493e-04 4.86964e-04 4.76579e-04 4.66176e-04 4.55543e-04 4.44426e-04 4.32545e-04 4.19604e-04 4.05319e-04 3.89431e-04 3.71736e-04 3.52102e-04 3.30495e-04 3.06989e-04 2.81779e-04 2.55179e-04 2.27614e-04 1.99605e-04 1.71735e-04 1.44625e-04 1.18889e-04 9.50944e-05 7.37211e-05 5.51251e-05 3.95152e-05 2.69451e-05 1.73164e-05 1.03834e-05 5.75785e-06 2.93742e-06 1.37799e-06 5.93813e-07 2.30813e-07 7.61673e-08 1.86286e-08 2.46890e-09 6.06514e-11
4.403151 1.09636e-02 1.82913e-02 1.48547e-02 1.16753e-02 9.11524e-03 7.20968e-03 5.88880e-03 5.02246e-03 4.47709e-03 4.14575e-03 3.95471e-03 3.85810e-03 3.82897e-03 3.85105e-03 3.91288e-03 4.00470e-03 4.11717e-03 4.24103e-03 4.36636e-03 4.48188e-03 4.57510e-03 4.63530e-03 4.65798e-03 4.64777e-03 4.61681e-03 4.57973e-03 4.54851e-03 4.52984e-03 4.52516e-03 4.53219e-03 4.54669e-03 4.56404e-03 4.58037e-03 4.59335e-03 4.60239e-03 4.60841e-03 4.61286e-03 4.61576e-03 4.61300e-03 4.59445e-03 4.54669e-03 4.46192e-03 4.34656e-03 4.21933e-03 4.09948e-03 3.99695e-03 3.91184e-03 3.83990e-03 3.77765e-03 3.72412e-03 3.68027e-03 3.64787e-03 3.62844e-03 3.62173e-03 3.62464e-03 3.63184e-03 3.63795e-03 3.63937e-03 3.63451e-03 3.62320e-03 3.60602e-03 3.58389e-03 3.55782e-03 3.52880e-03 3.49783e-03 3.46592e-03 3.43422e-03 3.40399e-03 3.37656e-03 3.35331e-03 3.33551e-03 3.32419e-03 3.31999e-03 3.32300e-03 3.33261e-03 3.34747e-03 3.36548e-03 3.38400e-03 3.40007e-03 3.41076e-03 3.41345e-03 3.40601e-03 3.38683e-03 3.35474e-03 3.30892e-03 3.24902e-03 3.17539e-03 3.08934e-03 2.99324e-03 2.89036e-03 2.78427e-03 2.67832e-03 2.57514e-03 2.47643e-03 2.38307e-03 2.29521e-03 2.21259e-03 2.13473e-03 2.06111e-03 1.99127e-03 1.92485e-03 1.86163e-03 1.80142e-03 1.74415e-03 1.68974e-03 1.63818e-03 1.58943e-03 1.54348e-03 1.50027e-03 1.45971e-03 1.42166e-03 1.38592e-03 1.35224e-03 1.32033e-03 1.28990e-03 1.26067e-03 1.23238e-03 1.20481e-03 1.17780e-03 1.15121e-03 1.12493e-03 1.09889e-03 1.07307e-03 1.04746e-03 1.02209e-03 9.97016e-04 9.72303e-04 9.48020e-04 9.24246e-04 9.01083e-04 8.78650e-04 8.57072e-04 8.36441e-04 8.16803e-04 7.98150e-04 7.80425e-04 7.63493e-04 7.47107e-04 7.30940e-04 7.14703e-04 6.98289e-04 6.81831e-04 6.65589e-04 6.49770e-04 6.34422e-04 6.19457e-04 6.04741e-04 5.90168e-04 5.75694e-04 5.61333e-04 5.47149e-04 5.33227e-04 5.19654e-04 5.06503e-04 4.93811e-04 4.81573e-04 4.69736e-04 4.58195e-04 4.46797e-04 4.35347e-04 4.23618e-04 4.11360e-04 3.98311e-04 3.84216e-04 3.68840e-04 3.51989e-04 3.33526e-04 3.13388e-04 2.91604e-04 2.68305e-04 2.43725e-04 2.18202e-04 1.92171e-04 1.66135e-04 1.40650e-04 1.16285e-04 9.35835e-05 7.30271e-05 5.49943e-05 3.97315e-05 2.73367e-05 1.77563e-05 1.07874e-05 6.08147e-06 3.16853e-06 1.52561e-06 6.76871e-07 2.70457e-07 9.11780e-08 2.26132e-08 3.02168e-09 7.45478e-11
4.503223 1.26214e-02 1.97963e-02 1.52858e-02 1.17658e-02 9.18660e-03 7.30209e-03 5.97143e-03 5.07399e-03 4.49679e-03 4.14439e-03 3.94613e-03 3.85529e-03 3.84284e-03 3.89038e-03 3.98449e-03 4.11255e-03 4.25957e-03 4.40699e-03 4.53517e-03 4.62923e-03 4.68447e-03 4.70716e-03 4.71015e-03 4.70686e-03 4.70681e-03 4.71444e-03 4.72990e-03 4.75075e-03 4.77345e-03 4.79435e-03 4.81035e-03 4.81940e-03 4.82077e-03 4.81520e-03 4.80458e-03 4.79073e-03 4.77318e-03 4.74636e-03 4.69920e-03 4.62040e-03 4.50785e-03 4.37290e-03 4.23381e-03 4.10469e-03 3.99060e-03 3.89029e-03 3.80143e-03 3.72365e-03 3.65850e-03 3.60822e-03 3.57482e-03 3.55905e-03 3.55918e-03 3.57032e-03 3.58572e-03 3.59935e-03 3.60762e-03 3.60930e-03 3.60462e-03 3.59442e-03 3.57961e-03 3.56094e-03 3.53904e-03 3.51453e-03 3.48815e-03 3.46079e-03 3.43349e-03 3.40742e-03 3.38384e-03 3.36404e-03 3.34917e-03 3.34015e-03 3.33745e-03 3.34094e-03 3.34980e-03 3.36248e-03 3.37679e-03 3.39013e-03 3.39979e-03 3.40325e-03 3.39845e-03 3.38394e-03 3.35875e-03 3.32225e-03 3.27392e-03 3.21333e-03 3.14038e-03 3.05567e-03 2.96084e-03 2.85850e-03 2.75184e-03 2.64412e-03 2.53810e-03 2.43582e-03 2.33853e-03 2.24677e-03 2.16062e-03 2.07987e-03 2.00417e-03 1.93321e-03 1.86673e-03 1.80450e-03 1.74636e-03 1.69215e-03 1.64172e-03 1.59487e-03 1.55141e-03 1.51108e-03 1.47361e-03 1.43867e-03 1.40593e-03 1.37505e-03 1.34567e-03 1.31752e-03 1.29035e-03 1.26396e-03 1.23820e-03 1.21297e-03 1.18818e-03 1.16373e-03 1.13953e-03 1.11550e-03 1.09155e-03 1.06761e-03 1.04365e-03 1.01967e-03 9.95715e-04 9.71895e-04 9.48351e-04 9.25254e-04 9.02762e-04 8.80975e-04 8.59911e-04 8.39515e-04 8.19686e-04 8.00278e-04 7.81095e-04 7.61922e-04 7.42634e-04 7.23298e-04 7.04180e-04 6.85597e-04 6.67728e-04 6.50541e-04 6.33848e-04 6.17435e-04 6.01141e-04 5.84902e-04 5.68738e-04 5.52731e-04 5.36990e-04 5.21630e-04 5.06745e-04 4.92401e-04 4.78620e-04 4.65380e-04 4.52615e-04 4.40215e-04 4.28032e-04 4.15889e-04 4.03583e-04 3.90898e-04 3.77609e-04 3.63498e-04 3.48365e-04 3.32037e-04 3.14387e-04 2.95344e-04 2.74913e-04 2.53180e-04 2.30322e-04 2.06611e-04 1.82408e-04 1.58149e-04 1.34328e-04 1.11463e-04 9.00643e-05 7.05937e-05 5.34280e-05 3.88252e-05 2.69038e-05 1.76350e-05 1.08438e-05 6.21336e-06 3.30776e-06 1.63615e-06 7.47961e-07 3.07372e-07 1.05942e-07 2.66808e-08 3.60018e-09 8.92974e-11
4.603295 1.30859e-02 2.12348e-02 1.66288e-02 1.25891e-02 9.59885e-03 7.50780e-03 6.08950e-03 5.15159e-03 4.55171e-03 4.18883e-03 3.99421e-03 3.92280e-03 3.94393e-03 4.03235e-03 4.16222e-03 4.30602e-03 4.43880e-03 4.54433e-03 4.61848e-03 4.66735e-03 4.70174e-03 4.73179e-03 4.76401e-03 4.80083e-03 4.84156e-03 4.88367e-03 4.92389e-03 4.95896e-03 4.98612e-03 5.00339e-03 5.00976e-03 5.00538e-03 4.99157e-03 4.97042e-03 4.94360e-03 4.91003e-03 4.86368e-03 4.79445e-03 4.69437e-03 4.56530e-03 4.41995e-03 4.27392e-03 4.13697e-03 4.01112e-03 3.89478e-03 3.78764e-03 3.69217e-03 3.61235e-03 3.55181e-03 3.51276e-03 3.49524e-03 3.49618e-03 3.50925e-03 3.52689e-03 3.54319e-03 3.55529e-03 3.56266e-03 3.56577e-03 3.56510e-03 3.56089e-03 3.55319e-03 3.54205e-03 3.52758e-03 3.50997e-03 3.48957e-03 3.46693e-03 3.44286e-03 3.41844e-03 3.39497e-03 3.37384e-03 3.35635e-03 3.34351e-03 3.33588e-03 3.33342e-03 3.33545e-03 3.34070e-03 3.34741e-03 3.35350e-03 3.35682e-03 3.35535e-03 3.34741e-03 3.33170e-03 3.30732e-03 3.27355e-03 3.22971e-03 3.17500e-03 3.10873e-03 3.03065e-03 2.94143e-03 2.84287e-03 2.73775e-03 2.62929e-03 2.52063e-03 2.41439e-03 2.31245e-03 2.21594e-03 2.12540e-03 2.04092e-03 1.96239e-03 1.88957e-03 1.82223e-03 1.76017e-03 1.70314e-03 1.65089e-03 1.60313e-03 1.55948e-03 1.51955e-03 1.48290e-03 1.44907e-03 1.41765e-03 1.38824e-03 1.36050e-03 1.33415e-03 1.30897e-03 1.28479e-03 1.26145e-03 1.23885e-03 1.21684e-03 1.19530e-03 1.17409e-03 1.15303e-03 1.13199e-03 1.11080e-03 1.08934e-03 1.06751e-03 1.04524e-03 1.02254e-03 9.99470e-04 9.76181e-04 9.52863e-04 9.29702e-04 9.06831e-04 8.84306e-04 8.62107e-04 8.40147e-04 8.18287e-04 7.96387e-04 7.74418e-04 7.52549e-04 7.31128e-04 7.10508e-04 6.90850e-04 6.72052e-04 6.53843e-04 6.35927e-04 6.18101e-04 6.00287e-04 5.82521e-04 5.64904e-04 5.47568e-04 5.30639e-04 5.14219e-04 4.98379e-04 4.83148e-04 4.68522e-04 4.54456e-04 4.40872e-04 4.27662e-04 4.14690e-04 4.01797e-04 3.88810e-04 3.75544e-04 3.61811e-04 3.47429e-04 3.32228e-04 3.16061e-04 2.98817e-04 2.80428e-04 2.60883e-04 2.40242e-04 2.18641e-04 1.96303e-04 1.73532e-04 1.50709e-04 1.28274e-04 1.06700e-04 8.64625e-05 6.79973e-05 5.16684e-05 3.77315e-05 2.63117e-05 1.73930e-05 1.08187e-05 6.29653e-06 3.42157e-06 1.73539e-06 8.15065e-07 3.43420e-07 1.20756e-07 3.08571e-08 4.20470e-09 1.04873e-10
4.703366 1.19623e-02 1.97622e-02 1.59673e-02 1.26043e-02 9.89332e-03 7.81549e-03 6.33034e-03 5.33736e-03 4.71543e-03 4.36051e-03 4.19628e-03 4.16618e-03 4.22207e-03 4.31980e-03 4.42318e-03 4.51028e-03 4.57540e-03 4.62452e-03 4.66791e-03 4.71401e-03 4.76696e-03 4.82697e-03 4.89178e-03 4.95805e-03 5.02209e-03 5.08029e-03 5.12933e-03 5.16646e-03 5.18983e-03 5.19872e-03 5.19368e-03 5.17638e-03 5.14903e-03 5.11307e-03 5.06705e-03 5.00514e-03 4.91888e-03 4.80311e-03 4.66193e-03 4.50787e-03 4.35434e-03 4.20863e-03 4.07127e-03 3.94058e-03 3.81720e-03 3.70526e-03 3.61058e-03 3.53828e-03 3.49110e-03 3.46838e-03 3.46547e-03 3.47480e-03 3.48891e-03 3.50342e-03 3.51708e-03 3.53007e-03 3.54248e-03 3.55381e-03 3.56319e-03 3.56960e-03 3.57207e-03 3.56974e-03 3.56202e-03 3.54866e-03 3.52988e-03 3.50639e-03 3.47933e-03 3.45021e-03 3.42068e-03 3.39241e-03 3.36685e-03 3.34510e-03 3.32783e-03 3.31516e-03 3.30676e-03 3.30181e-03 3.29917e-03 3.29746e-03 3.29518e-03 3.29083e-03 3.28299e-03 3.27035e-03 3.25173e-03 3.22598e-03 3.19189e-03 3.14812e-03 3.09328e-03 3.02628e-03 2.94676e-03 2.85555e-03 2.75472e-03 2.64726e-03 2.53662e-03 2.42605e-03 2.31829e-03 2.21532e-03 2.11840e-03 2.02816e-03 1.94482e-03 1.86834e-03 1.79854e-03 1.73514e-03 1.67780e-03 1.62610e-03 1.57950e-03 1.53743e-03 1.49926e-03 1.46438e-03 1.43227e-03 1.40246e-03 1.37459e-03 1.34843e-03 1.32380e-03 1.30059e-03 1.27870e-03 1.25803e-03 1.23844e-03 1.21975e-03 1.20175e-03 1.18418e-03 1.16679e-03 1.14930e-03 1.13144e-03 1.11298e-03 1.09367e-03 1.07335e-03 1.05193e-03 1.02943e-03 1.00599e-03 9.81829e-04 9.57212e-04 9.32395e-04 9.07585e-04 8.82910e-04 8.58404e-04 8.34046e-04 8.09862e-04 7.86035e-04 7.62899e-04 7.40784e-04 7.19810e-04 6.99814e-04 6.80441e-04 6.61321e-04 6.42210e-04 6.23029e-04 6.03842e-04 5.84788e-04 5.66026e-04 5.47699e-04 5.29913e-04 5.12734e-04 4.96186e-04 4.80264e-04 4.64931e-04 4.50123e-04 4.35758e-04 4.21730e-04 4.07917e-04 3.94180e-04 3.80371e-04 3.66335e-04 3.51917e-04 3.36965e-04 3.21342e-04 3.04929e-04 2.87632e-04 2.69395e-04 2.50210e-04 2.30122e-04 2.09247e-04 1.87774e-04 1.65970e-04 1.44174e-04 1.22784e-04 1.02233e-04 8.29592e-05 6.53711e-05 4.98086e-05 3.65123e-05 2.55993e-05 1.70530e-05 1.07237e-05 6.33592e-06 3.51099e-06 1.82244e-06 8.76768e-07 3.77474e-07 1.35040e-07 3.49563e-08 4.80677e-09 1.20528e-10
4.803438 1.45978e-02 2.27856e-02 1.73701e-02 1.31521e-02 1.01545e-02 8.02291e-03 6.54434e-03 5.56723e-03 4.96906e-03 4.64684e-03 4.51177e-03 4.48668e-03 4.50950e-03 4.53983e-03 4.56116e-03 4.57525e-03 4.59202e-03 4.62083e-03 4.66627e-03 4.72794e-03 4.80218e-03 4.88397e-03 4.96812e-03 5.04975e-03 5.12447e-03 5.18835e-03 5.23813e-03 5.27149e-03 5.28737e-03 5.28609e-03 5.26931e-03 5.23925e-03 5.19736e-03 5.14251e-03 5.06996e-03 4.97325e-03 4.84914e-03 4.70201e-03 4.54289e-03 4.38326e-03 4.22959e-03 4.08285e-03 3.94229e-03 3.80922e-03 3.68805e-03 3.58472e-03 3.50439e-03 3.44954e-03 3.41880e-03 3.40691e-03 3.40696e-03 3.41376e-03 3.42531e-03 3.44138e-03 3.46155e-03 3.48462e-03 3.50868e-03 3.53156e-03 3.55100e-03 3.56498e-03 3.57189e-03 3.57072e-03 3.56111e-03 3.54341e-03 3.51855e-03 3.48789e-03 3.45307e-03 3.41579e-03 3.37774e-03 3.34045e-03 3.30524e-03 3.27315e-03 3.24493e-03 3.22099e-03 3.20143e-03 3.18602e-03 3.17426e-03 3.16545e-03 3.15873e-03 3.15314e-03 3.14756e-03 3.14077e-03 3.13139e-03 3.11782e-03 3.09828e-03 3.07077e-03 3.03317e-03 2.98355e-03 2.92055e-03 2.84384e-03 2.75441e-03 2.65456e-03 2.54749e-03 2.43681e-03 2.32595e-03 2.21783e-03 2.11459e-03 2.01769e-03 1.92793e-03 1.84571e-03 1.77107e-03 1.70387e-03 1.64375e-03 1.59021e-03 1.54260e-03 1.50017e-03 1.46216e-03 1.42783e-03 1.39653e-03 1.36774e-03 1.34107e-03 1.31629e-03 1.29323e-03 1.27182e-03 1.25200e-03 1.23368e-03 1.21676e-03 1.20104e-03 1.18631e-03 1.17231e-03 1.15870e-03 1.14514e-03 1.13122e-03 1.11649e-03 1.10050e-03 1.08286e-03 1.06331e-03 1.04180e-03 1.01846e-03 9.93610e-04 9.67652e-04 9.41021e-04 9.14119e-04 8.87262e-04 8.60682e-04 8.34583e-04 8.09232e-04 7.84971e-04 7.62092e-04 7.40650e-04 7.20382e-04 7.00805e-04 6.81422e-04 6.61896e-04 6.42115e-04 6.22153e-04 6.02187e-04 5.82423e-04 5.63043e-04 5.44184e-04 5.25930e-04 5.08321e-04 4.91358e-04 4.75010e-04 4.59223e-04 4.43923e-04 4.29020e-04 4.14409e-04 3.99975e-04 3.85594e-04 3.71136e-04 3.56471e-04 3.41471e-04 3.26015e-04 3.09995e-04 2.93320e-04 2.75923e-04 2.57765e-04 2.38846e-04 2.19215e-04 1.98976e-04 1.78298e-04 1.57419e-04 1.36643e-04 1.16326e-04 9.68611e-05 7.86455e-05 6.20486e-05 4.73773e-05 3.48459e-05 2.45541e-05 1.64781e-05 1.04718e-05 6.27584e-06 3.54060e-06 1.87548e-06 9.20637e-07 4.03386e-07 1.46355e-07 3.83003e-08 5.30846e-09 1.33738e-10
4.903509 1.33670e-02 2.23222e-02 1.80612e-02 1.40587e-02 1.08871e-02 8.58482e-03 7.02374e-03 6.02939e-03 5.43859e-03 5.11299e-03 4.94083e-03 4.84115e-03 4.76746e-03 4.70380e-03 4.65315e-03 4.62451e-03 4.62439e-03 4.65402e-03 4.71005e-03 4.78642e-03 4.87602e-03 4.97178e-03 5.06721e-03 5.15661e-03 5.23515e-03 5.29890e-03 5.34488e-03 5.37134e-03 5.37793e-03 5.36565e-03 5.33639e-03 5.29178e-03 5.23165e-03 5.15312e-03 5.05174e-03 4.92508e-03 4.77627e-03 4.61391e-03 4.44790e-03 4.28511e-03 4.12841e-03 3.97907e-03 3.83953e-03 3.71407e-03 3.60745e-03 3.52304e-03 3.46157e-03 3.42084e-03 3.39665e-03 3.38505e-03 3.38413e-03 3.39351e-03 3.41245e-03 3.43907e-03 3.47057e-03 3.50371e-03 3.53521e-03 3.56207e-03 3.58183e-03 3.59269e-03 3.59367e-03 3.58461e-03 3.56606e-03 3.53917e-03 3.50542e-03 3.46645e-03 3.42386e-03 3.37914e-03 3.33361e-03 3.28846e-03 3.24474e-03 3.20341e-03 3.16533e-03 3.13119e-03 3.10150e-03 3.07657e-03 3.05646e-03 3.04104e-03 3.03001e-03 3.02292e-03 3.01910e-03 3.01764e-03 3.01728e-03 3.01635e-03 3.01275e-03 3.00396e-03 2.98724e-03 2.95979e-03 2.91919e-03 2.86382e-03 2.79324e-03 2.70843e-03 2.61169e-03 2.50624e-03 2.39578e-03 2.28389e-03 2.17370e-03 2.06768e-03 1.96764e-03 1.87477e-03 1.78979e-03 1.71301e-03 1.64442e-03 1.58370e-03 1.53031e-03 1.48350e-03 1.44244e-03 1.40624e-03 1.37409e-03 1.34527e-03 1.31919e-03 1.29544e-03 1.27374e-03 1.25391e-03 1.23583e-03 1.21942e-03 1.20456e-03 1.19111e-03 1.17886e-03 1.16761e-03 1.15703e-03 1.14676e-03 1.13628e-03 1.12500e-03 1.11229e-03 1.09755e-03 1.08035e-03 1.06047e-03 1.03795e-03 1.01306e-03 9.86244e-04 9.58052e-04 9.29074e-04 8.99888e-04 8.71057e-04 8.43152e-04 8.16749e-04 7.92290e-04 7.69895e-04 7.49250e-04 7.29712e-04 7.10560e-04 6.91242e-04 6.71491e-04 6.51294e-04 6.30805e-04 6.10244e-04 5.89833e-04 5.69762e-04 5.50175e-04 5.31169e-04 5.12794e-04 4.95062e-04 4.77950e-04 4.61406e-04 4.45353e-04 4.29696e-04 4.14328e-04 3.99129e-04 3.83976e-04 3.68746e-04 3.53319e-04 3.37583e-04 3.21437e-04 3.04794e-04 2.87585e-04 2.69766e-04 2.51317e-04 2.32256e-04 2.12639e-04 1.92571e-04 1.72217e-04 1.51796e-04 1.31589e-04 1.11924e-04 9.31580e-05 7.56534e-05 5.97442e-05 4.57052e-05 3.37238e-05 2.38807e-05 1.61418e-05 1.03615e-05 6.29202e-06 3.60658e-06 1.94350e-06 9.69730e-07 4.30851e-07 1.58086e-07 4.17422e-08 5.82442e-09 1.47333e-10
5.003581 1.40015e-02 2.28432e-02 1.82494e-02 1.43801e-02 1.14184e-02 9.21951e-03 7.67650e-03 6.66071e-03 6.02183e-03 5.61634e-03 5.33554e-03 5.11731e-03 4.93925e-03 4.80127e-03 4.70910e-03 4.66518e-03 4.66654e-03 4.70626e-03 4.77544e-03 4.86473e-03 4.96508e-03 5.06837e-03 5.16754e-03 5.25678e-03 5.33144e-03 5.38798e-03 5.42403e-03 5.43846e-03 5.43145e-03 5.40425e-03 5.35840e-03 5.29456e-03 5.21161e-03 5.10707e-03 4.97928e-03 4.83019e-03 4.66604e-03 4.49510e-03 4.32462e-03 4.15949e-03 4.00348e-03 3.86064e-03 3.73535e-03 3.63082e-03 3.54791e-03 3.48509e-03 3.43946e-03 3.40820e-03 3.38995e-03 3.38472e-03 3.39234e-03 3.41133e-03 3.43890e-03 3.47154e-03 3.50548e-03 3.53719e-03 3.56362e-03 3.58240e-03 3.59195e-03 3.59146e-03 3.58085e-03 3.56069e-03 3.53205e-03 3.49632e-03 3.45504e-03 3.40971e-03 3.36166e-03 3.31204e-03 3.26181e-03 3.21180e-03 3.16280e-03 3.11560e-03 3.07101e-03 3.02984e-03 2.99282e-03 2.96058e-03 2.93361e-03 2.91224e-03 2.89667e-03 2.88693e-03 2.88288e-03 2.88408e-03 2.88968e-03 2.89833e-03 2.90804e-03 2.91615e-03 2.91946e-03 2.91445e-03 2.89768e-03 2.86624e-03 2.81819e-03 2.75296e-03 2.67144e-03 2.57588e-03 2.46959e-03 2.35644e-03 2.24041e-03 2.12514e-03 2.01374e-03 1.90862e-03 1.81147e-03 1.72335e-03 1.64472e-03 1.57553e-03 1.51538e-03 1.46353e-03 1.41910e-03 1.38105e-03 1.34835e-03 1.32001e-03 1.29512e-03 1.27296e-03 1.25298e-03 1.23481e-03 1.21824e-03 1.20317e-03 1.18959e-03 1.17747e-03 1.16676e-03 1.15732e-03 1.14886e-03 1.14095e-03 1.13298e-03 1.12425e-03 1.11403e-03 1.10166e-03 1.08665e-03 1.06871e-03 1.04774e-03 1.02387e-03 9.97415e-04 9.68865e-04 9.38874e-04 9.08240e-04 8.77883e-04 8.48775e-04 8.21766e-04 7.97320e-04 7.75334e-04 7.55192e-04 7.36040e-04 7.17105e-04 6.97892e-04 6.78204e-04 6.58055e-04 6.37575e-04 6.16937e-04 5.96315e-04 5.75875e-04 5.55759e-04 5.36082e-04 5.16929e-04 4.98349e-04 4.80354e-04 4.62921e-04 4.45993e-04 4.29488e-04 4.13302e-04 3.97318e-04 3.81412e-04 3.65462e-04 3.49349e-04 3.32965e-04 3.16218e-04 2.99032e-04 2.81352e-04 2.63150e-04 2.44424e-04 2.25209e-04 2.05574e-04 1.85637e-04 1.65561e-04 1.45563e-04 1.25906e-04 1.06893e-04 8.88519e-05 7.21050e-05 5.69474e-05 4.36151e-05 3.22620e-05 2.29432e-05 1.56098e-05 1.01132e-05 6.21628e-06 3.61484e-06 1.97752e-06 1.00039e-06 4.49532e-07 1.66434e-07 4.42692e-08 6.21200e-09 1.57688e-10
5.103653 1.58813e-02 2.54656e-02 1.99527e-02 1.54946e-02 1.22682e-02 9.97258e-03 8.38527e-03 7.30929e-03 6.56775e-03 6.02538e-03 5.60187e-03 5.26417e-03 5.00560e-03 4.82606e-03 4.72158e-03 4.68272e-03 4.69688e-03 4.75087e-03 4.83233e-03 4.93018e-03 5.03477e-03 5.13787e-03 5.23273e-03 5.31399e-03 5.37753e-03 5.42045e-03 5.44097e-03 5.43855e-03 5.41381e-03 5.36807e-03 5.30264e-03 5.21791e-03 5.11317e-03 4.98755e-03 4.84192e-03 4.68004e-03 4.50823e-03 4.33362e-03 4.16302e-03 4.00284e-03 3.85908e-03 3.73628e-03 3.63617e-03 3.55752e-03 3.49743e-03 3.45282e-03 3.42146e-03 3.40239e-03 3.39525e-03 3.39920e-03 3.41252e-03 3.43281e-03 3.45721e-03 3.48269e-03 3.50638e-03 3.52577e-03 3.53891e-03 3.54442e-03 3.54152e-03 3.52998e-03 3.51004e-03 3.48236e-03 3.44789e-03 3.40780e-03 3.36333e-03 3.31568e-03 3.26591e-03 3.21490e-03 3.16336e-03 3.11189e-03 3.06106e-03 3.01148e-03 2.96381e-03 2.91880e-03 2.87723e-03 2.83990e-03 2.80761e-03 2.78110e-03 2.76103e-03 2.74797e-03 2.74232e-03 2.74419e-03 2.75334e-03 2.76892e-03 2.78928e-03 2.81186e-03 2.83314e-03 2.84889e-03 2.85453e-03 2.84571e-03 2.81892e-03 2.77198e-03 2.70444e-03 2.61772e-03 2.51491e-03 2.40039e-03 2.27915e-03 2.15618e-03 2.03586e-03 1.92169e-03 1.81610e-03 1.72052e-03 1.63558e-03 1.56124e-03 1.49704e-03 1.44222e-03 1.39586e-03 1.35693e-03 1.32434e-03 1.29698e-03 1.27372e-03 1.25356e-03 1.23563e-03 1.21928e-03 1.20410e-03 1.18996e-03 1.17688e-03 1.16501e-03 1.15450e-03 1.14538e-03 1.13749e-03 1.13045e-03 1.12365e-03 1.11635e-03 1.10779e-03 1.09725e-03 1.08416e-03 1.06813e-03 1.04899e-03 1.02674e-03 1.00160e-03 9.73994e-04 9.44609e-04 9.14349e-04 8.84305e-04 8.55581e-04 8.29021e-04 8.04938e-04 7.83048e-04 7.62669e-04 7.43048e-04 7.23612e-04 7.04045e-04 6.84233e-04 6.64171e-04 6.43897e-04 6.23465e-04 6.02946e-04 5.82423e-04 5.62000e-04 5.41785e-04 5.21886e-04 5.02394e-04 4.83371e-04 4.64849e-04 4.46818e-04 4.29236e-04 4.12027e-04 3.95095e-04 3.78327e-04 3.61602e-04 3.44804e-04 3.27821e-04 3.10558e-04 2.92937e-04 2.74906e-04 2.56440e-04 2.37546e-04 2.18266e-04 1.98682e-04 1.78919e-04 1.59146e-04 1.39575e-04 1.20461e-04 1.02084e-04 8.47433e-05 6.87264e-05 5.42896e-05 4.16323e-05 3.08758e-05 2.20521e-05 1.50993e-05 9.86818e-06 6.13279e-06 3.61125e-06 2.00057e-06 1.02333e-06 4.63966e-07 1.73018e-07 4.62982e-08 6.52779e-09 1.66202e-10
5.203724 1.46700e-02 2.49471e-02 2.07480e-02 1.67545e-02 1.34819e-02 1.10180e-02 9.25809e-03 8.00791e-03 7.08395e-03 6.36569e-03 5.79787e-03 5.36377e-03 5.05672e-03 4.86491e-03 4.76949e-03 4.74873e-03 4.78213e-03 4.85225e-03 4.94482e-03 5.04814e-03 5.15262e-03 5.25049e-03 5.33568e-03 5.40355e-03 5.45071e-03 5.47491e-03 5.47503e-03 5.45116e-03 5.40447e-03 5.33677e-03 5.24977e-03 5.14438e-03 5.02073e-03 4.87895e-03 4.72061e-03 4.54961e-03 4.37234e-03 4.19710e-03 4.03300e-03 3.88814e-03 3.76735e-03 3.67117e-03 3.59704e-03 3.54138e-03 3.50073e-03 3.47238e-03 3.45445e-03 3.44547e-03 3.44395e-03 3.44833e-03 3.45692e-03 3.46797e-03 3.47969e-03 3.49039e-03 3.49851e-03 3.50271e-03 3.50191e-03 3.49539e-03 3.48271e-03 3.46378e-03 3.43877e-03 3.40809e-03 3.37233e-03 3.33221e-03 3.28852e-03 3.24208e-03 3.19364e-03 3.14388e-03 3.09333e-03 3.04250e-03 2.99181e-03 2.94175e-03 2.89288e-03 2.84587e-03 2.80155e-03 2.76086e-03 2.72488e-03 2.69474e-03 2.67156e-03 2.65642e-03 2.65022e-03 2.65360e-03 2.66669e-03 2.68887e-03 2.71848e-03 2.75260e-03 2.78704e-03 2.81656e-03 2.83543e-03 2.83813e-03 2.82022e-03 2.77904e-03 2.71420e-03 2.62765e-03 2.52333e-03 2.40645e-03 2.28275e-03 2.15765e-03 2.03573e-03 1.92049e-03 1.81426e-03 1.71834e-03 1.63321e-03 1.55872e-03 1.49432e-03 1.43926e-03 1.39267e-03 1.35363e-03 1.32120e-03 1.29434e-03 1.27198e-03 1.25304e-03 1.23652e-03 1.22158e-03 1.20764e-03 1.19445e-03 1.18200e-03 1.17043e-03 1.15994e-03 1.15061e-03 1.14235e-03 1.13483e-03 1.12754e-03 1.11984e-03 1.11104e-03 1.10048e-03 1.08761e-03 1.07205e-03 1.05359e-03 1.03222e-03 1.00818e-03 9.81956e-04 9.54293e-04 9.26127e-04 8.98459e-04 8.72134e-04 8.47584e-04 8.24723e-04 8.03068e-04 7.82032e-04 7.61187e-04 7.40351e-04 7.19523e-04 6.98757e-04 6.78079e-04 6.57461e-04 6.36845e-04 6.16176e-04 5.95427e-04 5.74616e-04 5.53802e-04 5.33073e-04 5.12533e-04 4.92281e-04 4.72397e-04 4.52932e-04 4.33902e-04 4.15283e-04 3.97021e-04 3.79032e-04 3.61213e-04 3.43453e-04 3.25640e-04 3.07672e-04 2.89463e-04 2.70950e-04 2.52104e-04 2.32927e-04 2.13463e-04 1.93798e-04 1.74063e-04 1.54429e-04 1.35112e-04 1.16357e-04 9.84310e-05 8.16080e-05 6.61462e-05 5.22675e-05 4.01372e-05 2.98480e-05 2.14102e-05 1.47509e-05 9.71994e-06 6.10152e-06 3.63266e-06 2.03402e-06 1.04994e-06 4.79466e-07 1.79843e-07 4.83669e-08 6.84749e-09 1.74800e-10
5.303796 1.61436e-02 2.65150e-02 2.15144e-02 1.74205e-02 1.42806e-02 1.18622e-02 1.00079e-02 8.57318e-03 7.44241e-03 6.54898e-03 5.86506e-03 5.37524e-03 5.05780e-03 4.88165e-03 4.81230e-03 4.81828e-03 4.87413e-03 4.96031e-03 5.06183e-03 5.16701e-03 5.26678e-03 5.35425e-03 5.42437e-03 5.47348e-03 5.49902e-03 5.49944e-03 5.47437e-03 5.42475e-03 5.35273e-03 5.26113e-03 5.15251e-03 5.02830e-03 4.88867e-03 4.73360e-03 4.56478e-03 4.38745e-03 4.21074e-03 4.04583e-03 3.90228e-03 3.78491e-03 3.69348e-03 3.62483e-03 3.57477e-03 3.53900e-03 3.51372e-03 3.49606e-03 3.48392e-03 3.47571e-03 3.47020e-03 3.46634e-03 3.46327e-03 3.46023e-03 3.45663e-03 3.45184e-03 3.44525e-03 3.43625e-03 3.42429e-03 3.40894e-03 3.38998e-03 3.36728e-03 3.34087e-03 3.31083e-03 3.27732e-03 3.24059e-03 3.20091e-03 3.15867e-03 3.11427e-03 3.06814e-03 3.02070e-03 2.97237e-03 2.92357e-03 2.87474e-03 2.82648e-03 2.77952e-03 2.73485e-03 2.69368e-03 2.65741e-03 2.62753e-03 2.60559e-03 2.59297e-03 2.59082e-03 2.59971e-03 2.61944e-03 2.64865e-03 2.68470e-03 2.72353e-03 2.75994e-03 2.78801e-03 2.80190e-03 2.79670e-03 2.76918e-03 2.71840e-03 2.64567e-03 2.55430e-03 2.44887e-03 2.33451e-03 2.21623e-03 2.09844e-03 1.98470e-03 1.87767e-03 1.77916e-03 1.69018e-03 1.61114e-03 1.54189e-03 1.48190e-03 1.43043e-03 1.38662e-03 1.34962e-03 1.31858e-03 1.29266e-03 1.27095e-03 1.25259e-03 1.23671e-03 1.22258e-03 1.20965e-03 1.19762e-03 1.18638e-03 1.17598e-03 1.16646e-03 1.15773e-03 1.14956e-03 1.14155e-03 1.13318e-03 1.12389e-03 1.11314e-03 1.10045e-03 1.08550e-03 1.06808e-03 1.04819e-03 1.02606e-03 1.00213e-03 9.77045e-04 9.51625e-04 9.26698e-04 9.02929e-04 8.80624e-04 8.59612e-04 8.39333e-04 8.19112e-04 7.98456e-04 7.77209e-04 7.55505e-04 7.33609e-04 7.11762e-04 6.90100e-04 6.68647e-04 6.47349e-04 6.26121e-04 6.04887e-04 5.83601e-04 5.62257e-04 5.40889e-04 5.19564e-04 4.98366e-04 4.77385e-04 4.56703e-04 4.36380e-04 4.16447e-04 3.96899e-04 3.77699e-04 3.58779e-04 3.40050e-04 3.21413e-04 3.02766e-04 2.84020e-04 2.65103e-04 2.45976e-04 2.26633e-04 2.07115e-04 1.87504e-04 1.67932e-04 1.48573e-04 1.29639e-04 1.11369e-04 9.40151e-05 7.78254e-05 6.30270e-05 4.98061e-05 3.82929e-05 2.85491e-05 2.05635e-05 1.42519e-05 9.46470e-06 5.99719e-06 3.60669e-06 2.03874e-06 1.06064e-06 4.87260e-07 1.83644e-07 4.95984e-08 7.04702e-09 1.80317e-10
5.403867 1.75622e-02 2.92351e-02 2.38023e-02 1.90502e-02 1.54122e-02 1.26778e-02 1.05852e-02 8.93449e-03 7.61518e-03 6.58577e-03 5.82947e-03 5.32094e-03 5.01826e-03 4.87154e-03 4.83400e-03 4.86794e-03 4.94534e-03 5.04570e-03 5.15379e-03 5.25819e-03 5.35055e-03 5.42504e-03 5.47773e-03 5.50595e-03 5.50795e-03 5.48297e-03 5.43159e-03 5.35601e-03 5.25980e-03 5.14697e-03 5.02060e-03 4.88177e-03 4.72991e-03 4.56504e-03 4.39089e-03 4.21627e-03 4.05297e-03 3.91109e-03 3.79566e-03 3.70670e-03 3.64118e-03 3.59445e-03 3.56123e-03 3.53672e-03 3.51733e-03 3.50068e-03 3.48533e-03 3.47039e-03 3.45534e-03 3.43992e-03 3.42412e-03 3.40804e-03 3.39176e-03 3.37521e-03 3.35817e-03 3.34033e-03 3.32136e-03 3.30101e-03 3.27911e-03 3.25552e-03 3.23014e-03 3.20282e-03 3.17343e-03 3.14181e-03 3.10785e-03 3.07154e-03 3.03294e-03 2.99223e-03 2.94968e-03 2.90566e-03 2.86063e-03 2.81519e-03 2.77009e-03 2.72630e-03 2.68506e-03 2.64783e-03 2.61623e-03 2.59191e-03 2.57637e-03 2.57074e-03 2.57555e-03 2.59048e-03 2.61414e-03 2.64395e-03 2.67621e-03 2.70636e-03 2.72939e-03 2.74048e-03 2.73563e-03 2.71226e-03 2.66945e-03 2.60798e-03 2.53006e-03 2.43891e-03 2.33832e-03 2.23221e-03 2.12428e-03 2.01781e-03 1.91548e-03 1.81934e-03 1.73084e-03 1.65088e-03 1.57985e-03 1.51771e-03 1.46401e-03 1.41806e-03 1.37894e-03 1.34570e-03 1.31739e-03 1.29317e-03 1.27232e-03 1.25426e-03 1.23852e-03 1.22476e-03 1.21271e-03 1.20210e-03 1.19274e-03 1.18436e-03 1.17667e-03 1.16926e-03 1.16162e-03 1.15319e-03 1.14341e-03 1.13182e-03 1.11805e-03 1.10188e-03 1.08328e-03 1.06244e-03 1.03971e-03 1.01567e-03 9.91041e-04 9.66629e-04 9.43195e-04 9.21314e-04 9.01222e-04 8.82719e-04 8.65201e-04 8.47851e-04 8.29915e-04 8.10929e-04 7.90781e-04 7.69626e-04 7.47744e-04 7.25423e-04 7.02895e-04 6.80319e-04 6.57794e-04 6.35366e-04 6.13046e-04 5.90826e-04 5.68688e-04 5.46620e-04 5.24626e-04 5.02730e-04 4.80973e-04 4.59414e-04 4.38111e-04 4.17119e-04 3.96469e-04 3.76169e-04 3.56197e-04 3.36503e-04 3.17014e-04 2.97648e-04 2.78322e-04 2.58967e-04 2.39538e-04 2.20024e-04 2.00458e-04 1.80920e-04 1.61539e-04 1.42487e-04 1.23970e-04 1.06217e-04 8.94646e-05 7.39344e-05 5.98213e-05 4.72757e-05 3.63924e-05 2.72034e-05 1.96761e-05 1.37170e-05 9.17795e-06 5.86651e-06 3.56044e-06 2.02946e-06 1.06290e-06 4.90758e-07 1.85715e-07 5.03434e-08 7.17598e-09 1.84015e-10
5.503939 1.63444e-02 2.80193e-02 2.37627e-02 1.98597e-02 1.64640e-02 1.35796e-02 1.11989e-02 9.27109e-03 7.75001e-03 6.60684e-03 5.80901e-03 5.30498e-03 5.02923e-03 4.91637e-03 4.91158e-03 4.97367e-03 5.07301e-03 5.18815e-03 5.30332e-03 5.40712e-03 5.49181e-03 5.55252e-03 5.58639e-03 5.59171e-03 5.56774e-03 5.51493e-03 5.43542e-03 5.33315e-03 5.21315e-03 5.07998e-03 4.93612e-03 4.78161e-03 4.61610e-03 4.44240e-03 4.26845e-03 4.10534e-03 3.96280e-03 3.84613e-03 3.75616e-03 3.69032e-03 3.64365e-03 3.61019e-03 3.58450e-03 3.56258e-03 3.54182e-03 3.52073e-03 3.49852e-03 3.47492e-03 3.45008e-03 3.42445e-03 3.39861e-03 3.37309e-03 3.34822e-03 3.32408e-03 3.30054e-03 3.27735e-03 3.25422e-03 3.23093e-03 3.20729e-03 3.18315e-03 3.15836e-03 3.13271e-03 3.10599e-03 3.07793e-03 3.04825e-03 3.01673e-03 2.98322e-03 2.94770e-03 2.91035e-03 2.87156e-03 2.83196e-03 2.79242e-03 2.75398e-03 2.71790e-03 2.68552e-03 2.65822e-03 2.63727e-03 2.62365e-03 2.61795e-03 2.62016e-03 2.62961e-03 2.64486e-03 2.66368e-03 2.68313e-03 2.69975e-03 2.70995e-03 2.71039e-03 2.69846e-03 2.67252e-03 2.63194e-03 2.57706e-03 2.50898e-03 2.42948e-03 2.34084e-03 2.24572e-03 2.14699e-03 2.04756e-03 1.95011e-03 1.85694e-03 1.76987e-03 1.69014e-03 1.61850e-03 1.55521e-03 1.50021e-03 1.45310e-03 1.41324e-03 1.37973e-03 1.35151e-03 1.32744e-03 1.30647e-03 1.28780e-03 1.27099e-03 1.25597e-03 1.24287e-03 1.23187e-03 1.22296e-03 1.21581e-03 1.20982e-03 1.20419e-03 1.19804e-03 1.19055e-03 1.18103e-03 1.16898e-03 1.15409e-03 1.13632e-03 1.11583e-03 1.09297e-03 1.06832e-03 1.04256e-03 1.01650e-03 9.90915e-04 9.66563e-04 9.44025e-04 9.23631e-04 9.05371e-04 8.88864e-04 8.73422e-04 8.58210e-04 8.42455e-04 8.25605e-04 8.07385e-04 7.87751e-04 7.66813e-04 7.44766e-04 7.21850e-04 6.98327e-04 6.74459e-04 6.50483e-04 6.26591e-04 6.02910e-04 5.79506e-04 5.56392e-04 5.33546e-04 5.10932e-04 4.88520e-04 4.66295e-04 4.44263e-04 4.22445e-04 4.00871e-04 3.79564e-04 3.58536e-04 3.37778e-04 3.17259e-04 2.96931e-04 2.76738e-04 2.56629e-04 2.36569e-04 2.16551e-04 1.96611e-04 1.76829e-04 1.57333e-04 1.38296e-04 1.19921e-04 1.02429e-04 8.60398e-05 7.09530e-05 5.73328e-05 4.52953e-05 3.49004e-05 2.61500e-05 1.89895e-05 1.33132e-05 8.97218e-06 5.78292e-06 3.53992e-06 2.03340e-06 1.07145e-06 4.96925e-07 1.88728e-07 5.13321e-08 7.33894e-09 1.88580e-10
5.604011 1.84363e-02 3.07404e-02 2.53616e-02 2.07763e-02 1.70673e-02 1.40088e-02 1.14604e-02 9.36683e-03 7.72245e-03 6.51904e-03 5.71411e-03 5.23367e-03 4.99316e-03 4.91652e-03 4.94451e-03 5.03422e-03 5.15489e-03 5.28402e-03 5.40510e-03 5.50664e-03 5.58148e-03 5.62579e-03 5.63796e-03 5.61771e-03 5.56599e-03 5.48521e-03 5.37952e-03 5.25437e-03 5.11508e-03 4.96524e-03 4.80602e-03 4.63781e-03 4.46330e-03 4.28931e-03 4.12535e-03 3.98022e-03 3.85962e-03 3.76547e-03 3.69588e-03 3.64598e-03 3.60967e-03 3.58141e-03 3.55703e-03 3.53370e-03 3.50965e-03 3.48386e-03 3.45596e-03 3.42613e-03 3.39497e-03 3.36332e-03 3.33197e-03 3.30156e-03 3.27245e-03 3.24470e-03 3.21816e-03 3.19256e-03 3.16755e-03 3.14283e-03 3.11814e-03 3.09329e-03 3.06812e-03 3.04250e-03 3.01633e-03 2.98945e-03 2.96173e-03 2.93301e-03 2.90321e-03 2.87238e-03 2.84080e-03 2.80905e-03 2.77798e-03 2.74863e-03 2.72210e-03 2.69942e-03 2.68140e-03 2.66852e-03 2.66089e-03 2.65820e-03 2.65981e-03 2.66472e-03 2.67161e-03 2.67879e-03 2.68429e-03 2.68592e-03 2.68155e-03 2.66934e-03 2.64794e-03 2.61656e-03 2.57488e-03 2.52296e-03 2.46121e-03 2.39032e-03 2.31136e-03 2.22581e-03 2.13560e-03 2.04298e-03 1.95042e-03 1.86036e-03 1.77496e-03 1.69592e-03 1.62439e-03 1.56092e-03 1.50558e-03 1.45810e-03 1.41800e-03 1.38465e-03 1.35724e-03 1.33478e-03 1.31613e-03 1.30011e-03 1.28577e-03 1.27258e-03 1.26051e-03 1.24991e-03 1.24120e-03 1.23455e-03 1.22967e-03 1.22571e-03 1.22152e-03 1.21586e-03 1.20770e-03 1.19631e-03 1.18135e-03 1.16286e-03 1.14117e-03 1.11688e-03 1.09075e-03 1.06357e-03 1.03615e-03 1.00918e-03 9.83264e-04 9.58925e-04 9.36573e-04 9.16455e-04 8.98587e-04 8.82698e-04 8.68224e-04 8.54388e-04 8.40353e-04 8.25389e-04 8.08979e-04 7.90861e-04 7.71001e-04 7.49545e-04 7.26756e-04 7.02969e-04 6.78541e-04 6.53812e-04 6.29079e-04 6.04569e-04 5.80434e-04 5.56748e-04 5.33517e-04 5.10698e-04 4.88220e-04 4.66006e-04 4.43991e-04 4.22130e-04 4.00404e-04 3.78809e-04 3.57357e-04 3.36058e-04 3.14918e-04 2.93932e-04 2.73088e-04 2.52375e-04 2.31790e-04 2.11352e-04 1.91115e-04 1.71170e-04 1.51653e-04 1.32737e-04 1.14622e-04 9.75172e-05 8.16234e-05 6.71130e-05 5.41159e-05 4.27099e-05 3.29178e-05 2.47091e-05 1.80057e-05 1.26893e-05 8.60970e-06 5.59294e-06 3.45127e-06 1.99675e-06 1.05803e-06 4.92696e-07 1.87734e-07 5.12205e-08 7.34401e-09 1.89088e-10
5.704082 1.86463e-02 3.18044e-02 2.66894e-02 2.19403e-02 1.78948e-02 1.45035e-02 1.16914e-02 9.42158e-03 7.68183e-03 6.44318e-03 5.63970e-03 5.17904e-03 4.96579e-03 4.91859e-03 4.97544e-03 5.09122e-03 5.23292e-03 5.37602e-03 5.50267e-03 5.60104e-03 5.66460e-03 5.69089e-03 5.68024e-03 5.63469e-03 5.55770e-03 5.45394e-03 5.32893e-03 5.18800e-03 5.03504e-03 4.87212e-03 4.70066e-03 4.52355e-03 4.34647e-03 4.17722e-03 4.02391e-03 3.89309e-03 3.78815e-03 3.70839e-03 3.64963e-03 3.60617e-03 3.57261e-03 3.54472e-03 3.51942e-03 3.49453e-03 3.46849e-03 3.44045e-03 3.41019e-03 3.37806e-03 3.34480e-03 3.31128e-03 3.27831e-03 3.24652e-03 3.21626e-03 3.18757e-03 3.16029e-03 3.13406e-03 3.10845e-03 3.08306e-03 3.05755e-03 3.03168e-03 3.00535e-03 2.97855e-03 2.95139e-03 2.92398e-03 2.89649e-03 2.86909e-03 2.84201e-03 2.81560e-03 2.79038e-03 2.76702e-03 2.74630e-03 2.72894e-03 2.71549e-03 2.70616e-03 2.70081e-03 2.69891e-03 2.69966e-03 2.70209e-03 2.70509e-03 2.70743e-03 2.70776e-03 2.70462e-03 2.69659e-03 2.68247e-03 2.66141e-03 2.63294e-03 2.59690e-03 2.55329e-03 2.50220e-03 2.44378e-03 2.37821e-03 2.30586e-03 2.22738e-03 2.14380e-03 2.05657e-03 1.96760e-03 1.87907e-03 1.79331e-03 1.71248e-03 1.63832e-03 1.57200e-03 1.51402e-03 1.46432e-03 1.42244e-03 1.38771e-03 1.35939e-03 1.33673e-03 1.31885e-03 1.30479e-03 1.29354e-03 1.28419e-03 1.27615e-03 1.26914e-03 1.26323e-03 1.25853e-03 1.25504e-03 1.25237e-03 1.24973e-03 1.24601e-03 1.24000e-03 1.23068e-03 1.21742e-03 1.20007e-03 1.17891e-03 1.15460e-03 1.12802e-03 1.10011e-03 1.07172e-03 1.04351e-03 1.01594e-03 9.89411e-04 9.64300e-04 9.41019e-04 9.19938e-04 9.01259e-04 8.84895e-04 8.70389e-04 8.56944e-04 8.43572e-04 8.29309e-04 8.13410e-04 7.95464e-04 7.75403e-04 7.53441e-04 7.29972e-04 7.05468e-04 6.80393e-04 6.55151e-04 6.30052e-04 6.05313e-04 5.81063e-04 5.57358e-04 5.34199e-04 5.11540e-04 4.89300e-04 4.67382e-04 4.45682e-04 4.24105e-04 4.02573e-04 3.81034e-04 3.59462e-04 3.37858e-04 3.16235e-04 2.94622e-04 2.73054e-04 2.51572e-04 2.30226e-04 2.09085e-04 1.88240e-04 1.67815e-04 1.47965e-04 1.28874e-04 1.10743e-04 9.37748e-05 7.81518e-05 6.40194e-05 5.14734e-05 4.05534e-05 3.12439e-05 2.34809e-05 1.71610e-05 1.21506e-05 8.29547e-06 5.42787e-06 3.37426e-06 1.96509e-06 1.04662e-06 4.89233e-07 1.87002e-07 5.11785e-08 7.35913e-09 1.89859e-10
5.804154 1.77004e-02 3.07147e-02 2.63869e-02 2.22406e-02 1.83985e-02 1.49261e-02 1.19354e-02 9.51207e-03 7.68289e-03 6.40963e-03 5.60462e-03 5.15926e-03 4.96972e-03 4.95053e-03 5.03668e-03 5.17976e-03 5.34337e-03 5.50013e-03 5.63061e-03 5.72287e-03 5.77163e-03 5.77679e-03 5.74172e-03 5.67175e-03 5.57308e-03 5.45182e-03 5.31304e-03 5.16016e-03 4.99526e-03 4.82025e-03 4.63827e-03 4.45427e-03 4.27496e-03 4.10826e-03 3.96172e-03 3.84028e-03 3.74466e-03 3.67176e-03 3.61658e-03 3.57412e-03 3.54024e-03 3.51172e-03 3.48598e-03 3.46094e-03 3.43504e-03 3.40739e-03 3.37774e-03 3.34640e-03 3.31403e-03 3.28142e-03 3.24935e-03 3.21842e-03 3.18893e-03 3.16091e-03 3.13411e-03 3.10813e-03 3.08245e-03 3.05660e-03 3.03024e-03 3.00320e-03 2.97551e-03 2.94738e-03 2.91916e-03 2.89130e-03 2.86424e-03 2.83846e-03 2.81448e-03 2.79280e-03 2.77395e-03 2.75842e-03 2.74658e-03 2.73855e-03 2.73420e-03 2.73305e-03 2.73442e-03 2.73742e-03 2.74107e-03 2.74427e-03 2.74582e-03 2.74433e-03 2.73839e-03 2.72670e-03 2.70833e-03 2.68275e-03 2.64987e-03 2.60993e-03 2.56331e-03 2.51041e-03 2.45160e-03 2.38713e-03 2.31725e-03 2.24227e-03 2.16268e-03 2.07930e-03 1.99333e-03 1.90637e-03 1.82040e-03 1.73756e-03 1.65994e-03 1.58929e-03 1.52679e-03 1.47294e-03 1.42759e-03 1.39019e-03 1.35990e-03 1.33586e-03 1.31720e-03 1.30307e-03 1.29268e-03 1.28529e-03 1.28033e-03 1.27733e-03 1.27596e-03 1.27586e-03 1.27657e-03 1.27743e-03 1.27765e-03 1.27637e-03 1.27273e-03 1.26595e-03 1.25539e-03 1.24071e-03 1.22193e-03 1.19947e-03 1.17405e-03 1.14661e-03 1.11806e-03 1.08916e-03 1.06040e-03 1.03214e-03 1.00468e-03 9.78419e-04 9.53875e-04 9.31563e-04 9.11822e-04 8.94641e-04 8.79552e-04 8.65657e-04 8.51799e-04 8.36834e-04 8.19881e-04 8.00491e-04 7.78670e-04 7.54789e-04 7.29448e-04 7.03317e-04 6.77017e-04 6.51035e-04 6.25698e-04 6.01169e-04 5.77479e-04 5.54565e-04 5.32314e-04 5.10589e-04 4.89253e-04 4.68177e-04 4.47238e-04 4.26326e-04 4.05341e-04 3.84201e-04 3.62844e-04 3.41242e-04 3.19397e-04 2.97342e-04 2.75142e-04 2.52888e-04 2.30691e-04 2.08685e-04 1.87024e-04 1.65883e-04 1.45457e-04 1.25957e-04 1.07597e-04 9.05770e-05 7.50646e-05 6.11795e-05 4.89820e-05 3.84712e-05 2.95904e-05 2.22388e-05 1.62836e-05 1.15724e-05 7.94313e-06 5.23097e-06 3.27373e-06 1.91801e-06 1.02632e-06 4.81410e-07 1.84552e-07 5.06580e-08 7.30505e-09 1.88845e-10
5.904226 2.01487e-02 3.35394e-02 2.76740e-02 2.27044e-02 1.85504e-02 1.49689e-02 1.19248e-02 9.46245e-03 7.60694e-03 6.32269e-03 5.52087e-03 5.08977e-03 4.92238e-03 4.92994e-03 5.04374e-03 5.21134e-03 5.39266e-03 5.55776e-03 5.68630e-03 5.76719e-03 5.79756e-03 5.78076e-03 5.72393e-03 5.63557e-03 5.52338e-03 5.39280e-03 5.24665e-03 5.08623e-03 4.91299e-03 4.72967e-03 4.54050e-03 4.35161e-03 4.17100e-03 4.00720e-03 3.86664e-03 3.75170e-03 3.66073e-03 3.58982e-03 3.53464e-03 3.49140e-03 3.45696e-03 3.42860e-03 3.40384e-03 3.38049e-03 3.35687e-03 3.33193e-03 3.30525e-03 3.27699e-03 3.24771e-03 3.21811e-03 3.18892e-03 3.16067e-03 3.13362e-03 3.10771e-03 3.08265e-03 3.05798e-03 3.03320e-03 3.00792e-03 2.98192e-03 2.95523e-03 2.92809e-03 2.90092e-03 2.87422e-03 2.84854e-03 2.82437e-03 2.80217e-03 2.78235e-03 2.76528e-03 2.75126e-03 2.74050e-03 2.73304e-03 2.72874e-03 2.72722e-03 2.72792e-03 2.73018e-03 2.73317e-03 2.73595e-03 2.73733e-03 2.73593e-03 2.73029e-03 2.71904e-03 2.70114e-03 2.67594e-03 2.64322e-03 2.60313e-03 2.55614e-03 2.50286e-03 2.44394e-03 2.38000e-03 2.31152e-03 2.23892e-03 2.16256e-03 2.08292e-03 2.00067e-03 1.91680e-03 1.83268e-03 1.75001e-03 1.67071e-03 1.59672e-03 1.52969e-03 1.47077e-03 1.42045e-03 1.37862e-03 1.34470e-03 1.31787e-03 1.29718e-03 1.28168e-03 1.27049e-03 1.26290e-03 1.25841e-03 1.25674e-03 1.25768e-03 1.26095e-03 1.26596e-03 1.27183e-03 1.27734e-03 1.28123e-03 1.28236e-03 1.27996e-03 1.27360e-03 1.26315e-03 1.24864e-03 1.23030e-03 1.20851e-03 1.18390e-03 1.15723e-03 1.12928e-03 1.10074e-03 1.07210e-03 1.04370e-03 1.01592e-03 9.89198e-04 9.64085e-04 9.41119e-04 9.20639e-04 9.02603e-04 8.86498e-04 8.71363e-04 8.55981e-04 8.39152e-04 8.19984e-04 7.98075e-04 7.73546e-04 7.46949e-04 7.19087e-04 6.90835e-04 6.62976e-04 6.36109e-04 6.10594e-04 5.86560e-04 5.63942e-04 5.42535e-04 5.22062e-04 5.02230e-04 4.82766e-04 4.63443e-04 4.44080e-04 4.24538e-04 4.04707e-04 3.84500e-04 3.63853e-04 3.42724e-04 3.21108e-04 2.99036e-04 2.76586e-04 2.53880e-04 2.31079e-04 2.08380e-04 1.86002e-04 1.64187e-04 1.43184e-04 1.23243e-04 1.04604e-04 8.74752e-05 7.20175e-05 5.83299e-05 4.64410e-05 3.63111e-05 2.78426e-05 2.08966e-05 1.53094e-05 1.09073e-05 7.51831e-06 4.97798e-06 3.13333e-06 1.84532e-06 9.91496e-07 4.66543e-07 1.79361e-07 4.93812e-08 7.14183e-09 1.85011e-10
6.004297 1.83786e-02 3.23468e-02 2.80165e-02 2.34552e-02 1.91221e-02 1.52880e-02 1.20713e-02 9.51656e-03 7.61594e-03 6.31022e-03 5.50099e-03 5.07425e-03 4.92162e-03 4.95128e-03 5.08969e-03 5.27918e-03 5.47524e-03 5.64542e-03 5.76906e-03 5.83688e-03 5.84933e-03 5.81377e-03 5.74085e-03 5.64089e-03 5.52113e-03 5.38483e-03 5.23264e-03 5.06488e-03 4.88305e-03 4.69046e-03 4.49274e-03 4.29795e-03 4.11539e-03 3.95293e-03 3.81481e-03 3.70122e-03 3.60963e-03 3.53661e-03 3.47888e-03 3.43361e-03 3.39819e-03 3.37004e-03 3.34656e-03 3.32538e-03 3.30458e-03 3.28289e-03 3.25971e-03 3.23507e-03 3.20942e-03 3.18343e-03 3.15773e-03 3.13280e-03 3.10880e-03 3.08564e-03 3.06300e-03 3.04049e-03 3.01774e-03 2.99450e-03 2.97076e-03 2.94670e-03 2.92264e-03 2.89900e-03 2.87617e-03 2.85452e-03 2.83431e-03 2.81577e-03 2.79914e-03 2.78460e-03 2.77237e-03 2.76258e-03 2.75527e-03 2.75032e-03 2.74746e-03 2.74626e-03 2.74614e-03 2.74631e-03 2.74573e-03 2.74311e-03 2.73706e-03 2.72623e-03 2.70951e-03 2.68606e-03 2.65539e-03 2.61736e-03 2.57217e-03 2.52028e-03 2.46237e-03 2.39920e-03 2.33153e-03 2.26005e-03 2.18533e-03 2.10786e-03 2.02814e-03 1.94678e-03 1.86462e-03 1.78284e-03 1.70292e-03 1.62657e-03 1.55555e-03 1.49136e-03 1.43505e-03 1.38710e-03 1.34741e-03 1.31549e-03 1.29058e-03 1.27175e-03 1.25808e-03 1.24869e-03 1.24293e-03 1.24046e-03 1.24114e-03 1.24489e-03 1.25142e-03 1.26002e-03 1.26960e-03 1.27881e-03 1.28620e-03 1.29050e-03 1.29080e-03 1.28665e-03 1.27805e-03 1.26524e-03 1.24859e-03 1.22855e-03 1.20562e-03 1.18044e-03 1.15367e-03 1.12599e-03 1.09796e-03 1.07005e-03 1.04267e-03 1.01627e-03 9.91331e-04 9.68247e-04 9.47220e-04 9.28097e-04 9.10301e-04 8.92871e-04 8.74636e-04 8.54478e-04 8.31605e-04 8.05743e-04 7.77175e-04 7.46644e-04 7.15171e-04 6.83837e-04 6.53609e-04 6.25201e-04 5.99015e-04 5.75143e-04 5.53411e-04 5.33461e-04 5.14844e-04 4.97095e-04 4.79787e-04 4.62561e-04 4.45132e-04 4.27282e-04 4.08850e-04 3.89724e-04 3.69833e-04 3.49146e-04 3.27672e-04 3.05467e-04 2.82633e-04 2.59325e-04 2.35744e-04 2.12136e-04 1.88779e-04 1.65978e-04 1.44042e-04 1.23277e-04 1.03961e-04 8.63295e-05 7.05530e-05 5.67228e-05 4.48451e-05 3.48458e-05 2.65873e-05 1.98894e-05 1.45525e-05 1.03758e-05 7.17053e-06 4.76635e-06 3.01349e-06 1.78212e-06 9.60766e-07 4.53313e-07 1.74738e-07 4.82534e-08 6.99977e-09 1.81724e-10
6.104369 1.89626e-02 3.23893e-02 2.74655e-02 2.30261e-02 1.89988e-02 1.53309e-02 1.21411e-02 9.55592e-03 7.62187e-03 6.29695e-03 5.48323e-03 5.06386e-03 4.92742e-03 4.97835e-03 5.13845e-03 5.34526e-03 5.55072e-03 5.72090e-03 5.83608e-03 5.88987e-03 5.88659e-03 5.83719e-03 5.75427e-03 5.64780e-03 5.52291e-03 5.38061e-03 5.22032e-03 5.04224e-03 4.84871e-03 4.64492e-03 4.43893e-03 4.24031e-03 4.05779e-03 3.89711e-03 3.76018e-03 3.64601e-03 3.55223e-03 3.47630e-03 3.41590e-03 3.36884e-03 3.33274e-03 3.30497e-03 3.28276e-03 3.26354e-03 3.24523e-03 3.22645e-03 3.20656e-03 3.18553e-03 3.16378e-03 3.14187e-03 3.12034e-03 3.09955e-03 3.07959e-03 3.06034e-03 3.04154e-03 3.02290e-03 3.00418e-03 2.98531e-03 2.96631e-03 2.94734e-03 2.92858e-03 2.91020e-03 2.89232e-03 2.87499e-03 2.85828e-03 2.84230e-03 2.82721e-03 2.81327e-03 2.80075e-03 2.78991e-03 2.78086e-03 2.77357e-03 2.76783e-03 2.76322e-03 2.75908e-03 2.75448e-03 2.74833e-03 2.73940e-03 2.72653e-03 2.70870e-03 2.68511e-03 2.65518e-03 2.61858e-03 2.57524e-03 2.52534e-03 2.46929e-03 2.40768e-03 2.34126e-03 2.27082e-03 2.19716e-03 2.12102e-03 2.04305e-03 1.96385e-03 1.88406e-03 1.80444e-03 1.72598e-03 1.64995e-03 1.57780e-03 1.51100e-03 1.45082e-03 1.39809e-03 1.35316e-03 1.31593e-03 1.28596e-03 1.26260e-03 1.24506e-03 1.23251e-03 1.22421e-03 1.21966e-03 1.21864e-03 1.22107e-03 1.22685e-03 1.23554e-03 1.24633e-03 1.25803e-03 1.26931e-03 1.27888e-03 1.28559e-03 1.28856e-03 1.28722e-03 1.28135e-03 1.27111e-03 1.25689e-03 1.23920e-03 1.21860e-03 1.19566e-03 1.17103e-03 1.14534e-03 1.11918e-03 1.09307e-03 1.06744e-03 1.04266e-03 1.01903e-03 9.96738e-04 9.75745e-04 9.55741e-04 9.36088e-04 9.15880e-04 8.94089e-04 8.69794e-04 8.42413e-04 8.11874e-04 7.78658e-04 7.43714e-04 7.08274e-04 6.73628e-04 6.40912e-04 6.10950e-04 5.84167e-04 5.60584e-04 5.39888e-04 5.21548e-04 5.04938e-04 4.89434e-04 4.74483e-04 4.59617e-04 4.44458e-04 4.28700e-04 4.12101e-04 3.94481e-04 3.75721e-04 3.55772e-04 3.34656e-04 3.12466e-04 2.89360e-04 2.65546e-04 2.41283e-04 2.16863e-04 1.92610e-04 1.68871e-04 1.46005e-04 1.24365e-04 1.04276e-04 8.60091e-05 6.97610e-05 5.56314e-05 4.36178e-05 3.36223e-05 2.54718e-05 1.89468e-05 1.38097e-05 9.82871e-06 6.79370e-06 4.52355e-06 2.86711e-06 1.69980e-06 9.18280e-07 4.34046e-07 1.67662e-07 4.64263e-08 6.75450e-09 1.75735e-10
6.204440 1.99671e-02 3.40468e-02 2.85631e-02 2.34874e-02 1.90853e-02 1.52877e-02 1.20862e-02 9.51628e-03 7.59056e-03 6.26611e-03 5.45305e-03 5.04007e-03 4.91643e-03 4.98364e-03 5.15909e-03 5.37627e-03 5.58476e-03 5.75060e-03 5.85612e-03 5.89826e-03 5.88466e-03 5.82818e-03 5.74113e-03 5.63137e-03 5.50156e-03 5.35124e-03 5.17988e-03 4.98913e-03 4.78388e-03 4.57196e-03 4.36269e-03 4.16491e-03 3.98523e-03 3.82705e-03 3.69089e-03 3.57557e-03 3.47938e-03 3.40071e-03 3.33795e-03 3.28925e-03 3.25231e-03 3.22439e-03 3.20265e-03 3.18447e-03 3.16781e-03 3.15132e-03 3.13440e-03 3.11699e-03 3.09942e-03 3.08213e-03 3.06550e-03 3.04977e-03 3.03499e-03 3.02103e-03 3.00769e-03 2.99475e-03 2.98204e-03 2.96942e-03 2.95682e-03 2.94418e-03 2.93140e-03 2.91834e-03 2.90486e-03 2.89087e-03 2.87637e-03 2.86152e-03 2.84660e-03 2.83203e-03 2.81825e-03 2.80561e-03 2.79432e-03 2.78433e-03 2.77530e-03 2.76665e-03 2.75754e-03 2.74698e-03 2.73397e-03 2.71754e-03 2.69690e-03 2.67140e-03 2.64056e-03 2.60407e-03 2.56174e-03 2.51356e-03 2.45965e-03 2.40029e-03 2.33595e-03 2.26728e-03 2.19510e-03 2.12030e-03 2.04380e-03 1.96643e-03 1.88894e-03 1.81200e-03 1.73629e-03 1.66261e-03 1.59192e-03 1.52532e-03 1.46393e-03 1.40866e-03 1.36013e-03 1.31855e-03 1.28380e-03 1.25555e-03 1.23328e-03 1.21636e-03 1.20416e-03 1.19613e-03 1.19198e-03 1.19157e-03 1.19488e-03 1.20168e-03 1.21145e-03 1.22325e-03 1.23588e-03 1.24807e-03 1.25863e-03 1.26661e-03 1.27130e-03 1.27216e-03 1.26888e-03 1.26146e-03 1.25019e-03 1.23559e-03 1.21826e-03 1.19879e-03 1.17776e-03 1.15572e-03 1.13318e-03 1.11060e-03 1.08831e-03 1.06653e-03 1.04533e-03 1.02464e-03 1.00419e-03 9.83523e-04 9.61978e-04 9.38764e-04 9.13076e-04 8.84269e-04 8.52039e-04 8.16566e-04 7.78553e-04 7.39147e-04 6.99770e-04 6.61886e-04 6.26771e-04 5.95324e-04 5.67964e-04 5.44629e-04 5.24870e-04 5.08001e-04 4.93251e-04 4.79879e-04 4.67234e-04 4.54765e-04 4.42015e-04 4.28592e-04 4.14169e-04 3.98476e-04 3.81312e-04 3.62570e-04 3.42241e-04 3.20425e-04 2.97318e-04 2.73196e-04 2.48386e-04 2.23249e-04 1.98162e-04 1.73516e-04 1.49705e-04 1.27122e-04 1.06135e-04 8.70600e-05 7.01342e-05 5.54850e-05 4.31201e-05 3.29327e-05 2.47243e-05 1.82401e-05 1.32043e-05 9.35109e-06 6.44378e-06 4.28454e-06 2.71477e-06 1.60969e-06 8.69778e-07 4.11307e-07 1.59078e-07 4.41513e-08 6.44142e-09 1.67948e-10
6.304512 1.84843e-02 3.22587e-02 2.78520e-02 2.34628e-02 1.92688e-02 1.54529e-02 1.21898e-02 9.57883e-03 7.63468e-03 6.30395e-03 5.49101e-03 5.08336e-03 4.96958e-03 5.04885e-03 5.23502e-03 5.45840e-03 5.66709e-03 5.82781e-03 5.92541e-03 5.95988e-03 5.94095e-03 5.88143e-03 5.79147e-03 5.67590e-03 5.53529e-03 5.36926e-03 5.17962e-03 4.97170e-03 4.75370e-03 4.53484e-03 4.32373e-03 4.12722e-03 3.94955e-03 3.79242e-03 3.65570e-03 3.53851e-03 3.43986e-03 3.35878e-03 3.29399e-03 3.24369e-03 3.20548e-03 3.17658e-03 3.15420e-03 3.13590e-03 3.11982e-03 3.10482e-03 3.09036e-03 3.07637e-03 3.06306e-03 3.05068e-03 3.03946e-03 3.02948e-03 3.02068e-03 3.01290e-03 3.00593e-03 2.99950e-03 2.99338e-03 2.98729e-03 2.98094e-03 2.97401e-03 2.96614e-03 2.95699e-03 2.94630e-03 2.93396e-03 2.92007e-03 2.90494e-03 2.88908e-03 2.87306e-03 2.85746e-03 2.84272e-03 2.82899e-03 2.81609e-03 2.80347e-03 2.79032e-03 2.77569e-03 2.75863e-03 2.73836e-03 2.71422e-03 2.68573e-03 2.65258e-03 2.61453e-03 2.57145e-03 2.52325e-03 2.46989e-03 2.41143e-03 2.34809e-03 2.28031e-03 2.20877e-03 2.13439e-03 2.05821e-03 1.98130e-03 1.90469e-03 1.82921e-03 1.75554e-03 1.68425e-03 1.61587e-03 1.55101e-03 1.49036e-03 1.43463e-03 1.38438e-03 1.33998e-03 1.30153e-03 1.26894e-03 1.24198e-03 1.22028e-03 1.20342e-03 1.19095e-03 1.18255e-03 1.17809e-03 1.17753e-03 1.18081e-03 1.18765e-03 1.19741e-03 1.20916e-03 1.22172e-03 1.23385e-03 1.24442e-03 1.25251e-03 1.25751e-03 1.25909e-03 1.25714e-03 1.25174e-03 1.24317e-03 1.23187e-03 1.21840e-03 1.20328e-03 1.18702e-03 1.17001e-03 1.15261e-03 1.13505e-03 1.11746e-03 1.09980e-03 1.08186e-03 1.06332e-03 1.04370e-03 1.02244e-03 9.98909e-04 9.72487e-04 9.42639e-04 9.09049e-04 8.71748e-04 8.31211e-04 7.88385e-04 7.44614e-04 7.01466e-04 6.60509e-04 6.23068e-04 5.90033e-04 5.61758e-04 5.38085e-04 5.18465e-04 5.02134e-04 4.88273e-04 4.76115e-04 4.64982e-04 4.54287e-04 4.43508e-04 4.32173e-04 4.19855e-04 4.06178e-04 3.90841e-04 3.73640e-04 3.54497e-04 3.33461e-04 3.10713e-04 2.86540e-04 2.61310e-04 2.35439e-04 2.09365e-04 1.83539e-04 1.58411e-04 1.34431e-04 1.12027e-04 9.15852e-05 7.34084e-05 5.76822e-05 4.44517e-05 3.36212e-05 2.49777e-05 1.82326e-05 1.30673e-05 9.17263e-06 6.27499e-06 4.14880e-06 2.61748e-06 1.54678e-06 8.33554e-07 3.93487e-07 1.52143e-07 4.22857e-08 6.18380e-09 1.61552e-10
6.404584 1.91949e-02 3.28115e-02 2.77641e-02 2.31432e-02 1.90037e-02 1.53099e-02 1.21336e-02 9.56354e-03 7.63639e-03 6.31679e-03 5.51624e-03 5.12273e-03 5.02284e-03 5.11322e-03 5.30560e-03 5.52929e-03 5.73306e-03 5.88597e-03 5.97596e-03 6.00546e-03 5.98450e-03 5.92355e-03 5.82883e-03 5.70198e-03 5.54320e-03 5.35506e-03 5.14419e-03 4.92015e-03 4.69290e-03 4.47109e-03 4.26138e-03 4.06829e-03 3.89410e-03 3.73942e-03 3.60395e-03 3.48722e-03 3.38869e-03 3.30758e-03 3.24259e-03 3.19177e-03 3.15268e-03 3.12265e-03 3.09920e-03 3.08024e-03 3.06428e-03 3.05042e-03 3.03823e-03 3.02764e-03 3.01869e-03 3.01148e-03 3.00598e-03 3.00209e-03 2.99960e-03 2.99822e-03 2.99762e-03 2.99745e-03 2.99731e-03 2.99675e-03 2.99529e-03 2.99239e-03 2.98756e-03 2.98038e-03 2.97063e-03 2.95832e-03 2.94373e-03 2.92738e-03 2.90993e-03 2.89213e-03 2.87459e-03 2.85771e-03 2.84149e-03 2.82553e-03 2.80906e-03 2.79113e-03 2.77082e-03 2.74738e-03 2.72024e-03 2.68904e-03 2.65355e-03 2.61361e-03 2.56912e-03 2.51998e-03 2.46609e-03 2.40741e-03 2.34405e-03 2.27634e-03 2.20489e-03 2.13058e-03 2.05449e-03 1.97779e-03 1.90165e-03 1.82712e-03 1.75503e-03 1.68599e-03 1.62038e-03 1.55848e-03 1.50054e-03 1.44684e-03 1.39768e-03 1.35329e-03 1.31379e-03 1.27919e-03 1.24939e-03 1.22426e-03 1.20360e-03 1.18714e-03 1.17465e-03 1.16602e-03 1.16122e-03 1.16028e-03 1.16308e-03 1.16922e-03 1.17802e-03 1.18854e-03 1.19965e-03 1.21022e-03 1.21918e-03 1.22570e-03 1.22929e-03 1.22983e-03 1.22750e-03 1.22270e-03 1.21588e-03 1.20747e-03 1.19791e-03 1.18757e-03 1.17680e-03 1.16580e-03 1.15470e-03 1.14343e-03 1.13180e-03 1.11941e-03 1.10576e-03 1.09020e-03 1.07209e-03 1.05079e-03 1.02576e-03 9.96585e-04 9.63070e-04 9.25290e-04 8.83668e-04 8.39023e-04 7.92563e-04 7.45793e-04 7.00351e-04 6.57784e-04 6.19319e-04 5.85695e-04 5.57100e-04 5.33231e-04 5.13453e-04 4.96992e-04 4.83083e-04 4.71040e-04 4.60274e-04 4.50254e-04 4.40483e-04 4.30472e-04 4.19742e-04 4.07846e-04 3.94393e-04 3.79088e-04 3.61754e-04 3.42349e-04 3.20971e-04 2.97838e-04 2.73270e-04 2.47656e-04 2.21433e-04 1.95071e-04 1.69060e-04 1.43911e-04 1.20133e-04 9.82096e-05 7.85528e-05 6.14516e-05 4.70338e-05 3.52521e-05 2.59042e-05 1.86795e-05 1.32176e-05 9.16141e-06 6.19289e-06 4.05046e-06 2.53122e-06 1.48352e-06 7.93940e-07 3.72828e-07 1.43736e-07 3.99346e-08 5.84793e-09 1.53012e-10
6.504655 1.99399e-02 3.39500e-02 2.84484e-02 2.33711e-02 1.89805e-02 1.52103e-02 1.20459e-02 9.51460e-03 7.62444e-03 6.33251e-03 5.55149e-03 5.17169e-03 5.08063e-03 5.17474e-03 5.36553e-03 5.58308e-03 5.77830e-03 5.92329e-03 6.00868e-03 6.03764e-03 6.01799e-03 5.95563e-03 5.85234e-03 5.70833e-03 5.52659e-03 5.31511e-03 5.08554e-03 4.84975e-03 4.61749e-03 4.39579e-03 4.18935e-03 4.00084e-03 3.83125e-03 3.68062e-03 3.54861e-03 3.43486e-03 3.33886e-03 3.25968e-03 3.19582e-03 3.14529e-03 3.10575e-03 3.07486e-03 3.05050e-03 3.03099e-03 3.01517e-03 3.00238e-03 2.99231e-03 2.98486e-03 2.97997e-03 2.97752e-03 2.97729e-03 2.97896e-03 2.98211e-03 2.98630e-03 2.99104e-03 2.99582e-03 3.00010e-03 3.00327e-03 3.00474e-03 3.00390e-03 3.00021e-03 2.99334e-03 2.98317e-03 2.96988e-03 2.95392e-03 2.93595e-03 2.91672e-03 2.89697e-03 2.87729e-03 2.85792e-03 2.83871e-03 2.81907e-03 2.79817e-03 2.77509e-03 2.74910e-03 2.71967e-03 2.68650e-03 2.64941e-03 2.60827e-03 2.56299e-03 2.51342e-03 2.45943e-03 2.40093e-03 2.33799e-03 2.27091e-03 2.20026e-03 2.12683e-03 2.05164e-03 1.97579e-03 1.90040e-03 1.82657e-03 1.75527e-03 1.68728e-03 1.62315e-03 1.56315e-03 1.50739e-03 1.45586e-03 1.40856e-03 1.36546e-03 1.32651e-03 1.29164e-03 1.26077e-03 1.23380e-03 1.21065e-03 1.19121e-03 1.17538e-03 1.16307e-03 1.15430e-03 1.14914e-03 1.14758e-03 1.14943e-03 1.15421e-03 1.16117e-03 1.16936e-03 1.17773e-03 1.18526e-03 1.19107e-03 1.19455e-03 1.19542e-03 1.19379e-03 1.19009e-03 1.18495e-03 1.17903e-03 1.17288e-03 1.16687e-03 1.16123e-03 1.15609e-03 1.15140e-03 1.14698e-03 1.14248e-03 1.13732e-03 1.13077e-03 1.12200e-03 1.11012e-03 1.09430e-03 1.07387e-03 1.04837e-03 1.01762e-03 9.81740e-04 9.41178e-04 8.96722e-04 8.49492e-04 8.00897e-04 7.52529e-04 7.06008e-04 6.62782e-04 6.23928e-04 5.90018e-04 5.61085e-04 5.36719e-04 5.16239e-04 4.98889e-04 4.83968e-04 4.70885e-04 4.59153e-04 4.48343e-04 4.38050e-04 4.27861e-04 4.17357e-04 4.06119e-04 3.93755e-04 3.79930e-04 3.64393e-04 3.46994e-04 3.27699e-04 3.06583e-04 2.83823e-04 2.59680e-04 2.34484e-04 2.08631e-04 1.82575e-04 1.56829e-04 1.31956e-04 1.08542e-04 8.71462e-05 6.82284e-05 5.20828e-05 3.87929e-05 2.82309e-05 2.01018e-05 1.40148e-05 9.55809e-06 6.35393e-06 4.08786e-06 2.51513e-06 1.45341e-06 7.68364e-07 3.57314e-07 1.36862e-07 3.79147e-08 5.55122e-09 1.45366e-10
6.604727 1.79823e-02 3.15814e-02 2.73902e-02 2.31303e-02 1.90292e-02 1.52909e-02 1.21007e-02 9.56097e-03 7.68522e-03 6.41717e-03 5.65870e-03 5.29518e-03 5.21271e-03 5.30794e-03 5.49359e-03 5.70206e-03 5.88758e-03 6.02567e-03 6.10885e-03 6.13895e-03 6.11910e-03 6.04944e-03 5.92865e-03 5.75880e-03 5.54862e-03 5.31208e-03 5.06420e-03 4.81735e-03 4.58014e-03 4.35802e-03 4.15411e-03 3.96973e-03 3.80494e-03 3.65924e-03 3.53203e-03 3.42267e-03 3.33038e-03 3.25400e-03 3.19194e-03 3.14226e-03 3.10285e-03 3.07165e-03 3.04687e-03 3.02713e-03 3.01156e-03 2.99968e-03 2.99129e-03 2.98629e-03 2.98453e-03 2.98575e-03 2.98954e-03 2.99538e-03 3.00267e-03 3.01079e-03 3.01909e-03 3.02690e-03 3.03356e-03 3.03835e-03 3.04062e-03 3.03975e-03 3.03529e-03 3.02702e-03 3.01500e-03 2.99959e-03 2.98138e-03 2.96111e-03 2.93953e-03 2.91730e-03 2.89485e-03 2.87223e-03 2.84911e-03 2.82483e-03 2.79859e-03 2.76966e-03 2.73755e-03 2.70197e-03 2.66282e-03 2.61999e-03 2.57338e-03 2.52284e-03 2.46823e-03 2.40948e-03 2.34666e-03 2.28010e-03 2.21030e-03 2.13801e-03 2.06406e-03 1.98938e-03 1.91494e-03 1.84170e-03 1.77063e-03 1.70264e-03 1.63846e-03 1.57862e-03 1.52334e-03 1.47265e-03 1.42640e-03 1.38438e-03 1.34636e-03 1.31209e-03 1.28139e-03 1.25407e-03 1.23005e-03 1.20924e-03 1.19158e-03 1.17701e-03 1.16555e-03 1.15724e-03 1.15214e-03 1.15019e-03 1.15107e-03 1.15422e-03 1.15880e-03 1.16388e-03 1.16848e-03 1.17175e-03 1.17309e-03 1.17222e-03 1.16923e-03 1.16450e-03 1.15865e-03 1.15243e-03 1.14659e-03 1.14176e-03 1.13836e-03 1.13655e-03 1.13622e-03 1.13707e-03 1.13856e-03 1.13998e-03 1.14045e-03 1.13894e-03 1.13440e-03 1.12580e-03 1.11227e-03 1.09317e-03 1.06818e-03 1.03733e-03 1.00097e-03 9.59811e-04 9.14833e-04 8.67289e-04 8.18628e-04 7.70402e-04 7.24131e-04 6.81132e-04 6.42347e-04 6.08234e-04 5.78753e-04 5.53471e-04 5.31731e-04 5.12830e-04 4.96129e-04 4.81099e-04 4.67308e-04 4.54393e-04 4.42028e-04 4.29913e-04 4.17762e-04 4.05299e-04 3.92262e-04 3.78406e-04 3.63509e-04 3.47386e-04 3.29896e-04 3.10957e-04 2.90554e-04 2.68745e-04 2.45662e-04 2.21523e-04 1.96635e-04 1.71404e-04 1.46343e-04 1.22054e-04 9.91929e-05 7.83961e-05 6.01830e-05 4.48682e-05 3.25120e-05 2.29304e-05 1.57615e-05 1.05586e-05 6.87717e-06 4.32958e-06 2.60674e-06 1.47582e-06 7.66084e-07 3.50902e-07 1.32931e-07 3.65905e-08 5.34401e-09 1.39881e-10
6.704799 2.02003e-02 3.37058e-02 2.78531e-02 2.28416e-02 1.86251e-02 1.49914e-02 1.19248e-02 9.47631e-03 7.66515e-03 6.44587e-03 5.72370e-03 5.38324e-03 5.31007e-03 5.40234e-03 5.57632e-03 5.76950e-03 5.94153e-03 6.07193e-03 6.15360e-03 6.18418e-03 6.15996e-03 6.07588e-03 5.93086e-03 5.73230e-03 5.49559e-03 5.23908e-03 4.97891e-03 4.72660e-03 4.48931e-03 4.27108e-03 4.07371e-03 3.89733e-03 3.74110e-03 3.60388e-03 3.48458e-03 3.38227e-03 3.29593e-03 3.22434e-03 3.16598e-03 3.11903e-03 3.08156e-03 3.05169e-03 3.02785e-03 3.00890e-03 2.99417e-03 2.98334e-03 2.97631e-03 2.97297e-03 2.97314e-03 2.97646e-03 2.98240e-03 2.99035e-03 2.99959e-03 3.00940e-03 3.01900e-03 3.02763e-03 3.03452e-03 3.03892e-03 3.04012e-03 3.03757e-03 3.03094e-03 3.02018e-03 3.00552e-03 2.98747e-03 2.96671e-03 2.94396e-03 2.91988e-03 2.89493e-03 2.86932e-03 2.84291e-03 2.81525e-03 2.78569e-03 2.75361e-03 2.71855e-03 2.68029e-03 2.63875e-03 2.59392e-03 2.54577e-03 2.49424e-03 2.43928e-03 2.38089e-03 2.31922e-03 2.25460e-03 2.18747e-03 2.11838e-03 2.04794e-03 1.97678e-03 1.90558e-03 1.83509e-03 1.76613e-03 1.69955e-03 1.63618e-03 1.57673e-03 1.52170e-03 1.47133e-03 1.42560e-03 1.38432e-03 1.34716e-03 1.31379e-03 1.28389e-03 1.25721e-03 1.23356e-03 1.21284e-03 1.19498e-03 1.17990e-03 1.16755e-03 1.15787e-03 1.15086e-03 1.14645e-03 1.14442e-03 1.14436e-03 1.14559e-03 1.14729e-03 1.14859e-03 1.14868e-03 1.14696e-03 1.14319e-03 1.13745e-03 1.13018e-03 1.12205e-03 1.11384e-03 1.10635e-03 1.10031e-03 1.09632e-03 1.09477e-03 1.09574e-03 1.09899e-03 1.10396e-03 1.10980e-03 1.11549e-03 1.11989e-03 1.12182e-03 1.12016e-03 1.11395e-03 1.10243e-03 1.08517e-03 1.06202e-03 1.03321e-03 9.99226e-04 9.60821e-04 9.18948e-04 8.74735e-04 8.29439e-04 7.84391e-04 7.40892e-04 7.00079e-04 6.62777e-04 6.29391e-04 5.99896e-04 5.73924e-04 5.50915e-04 5.30261e-04 5.11407e-04 4.93884e-04 4.77309e-04 4.61373e-04 4.45831e-04 4.30499e-04 4.15243e-04 3.99971e-04 3.84614e-04 3.69107e-04 3.53367e-04 3.37283e-04 3.20713e-04 3.03497e-04 2.85471e-04 2.66492e-04 2.46465e-04 2.25366e-04 2.03264e-04 1.80349e-04 1.56946e-04 1.33528e-04 1.10698e-04 8.91463e-05 6.95527e-05 5.24798e-05 3.82659e-05 2.69702e-05 1.83892e-05 1.21354e-05 7.74233e-06 4.75611e-06 2.78935e-06 1.53891e-06 7.80166e-07 3.50240e-07 1.30644e-07 3.55983e-08 5.17190e-09 1.35106e-10
6.804870 1.87339e-02 3.26345e-02 2.79174e-02 2.31496e-02 1.87828e-02 1.50034e-02 1.18916e-02 9.46940e-03 7.70941e-03 6.53745e-03 5.84771e-03 5.52308e-03 5.45114e-03 5.53365e-03 5.69171e-03 5.86854e-03 6.02902e-03 6.15503e-03 6.23701e-03 6.26598e-03 6.23139e-03 6.12610e-03 5.95287e-03 5.72585e-03 5.46581e-03 5.19334e-03 4.92436e-03 4.66921e-03 4.43376e-03 4.22078e-03 4.03081e-03 3.86286e-03 3.71518e-03 3.58601e-03 3.47399e-03 3.37807e-03 3.29730e-03 3.23055e-03 3.17635e-03 3.13291e-03 3.09830e-03 3.07067e-03 3.04852e-03 3.03082e-03 3.01700e-03 3.00688e-03 3.00041e-03 2.99751e-03 2.99801e-03 3.00154e-03 3.00758e-03 3.01550e-03 3.02458e-03 3.03402e-03 3.04303e-03 3.05077e-03 3.05638e-03 3.05909e-03 3.05821e-03 3.05325e-03 3.04397e-03 3.03046e-03 3.01306e-03 2.99233e-03 2.96892e-03 2.94344e-03 2.91635e-03 2.88790e-03 2.85806e-03 2.82656e-03 2.79294e-03 2.75670e-03 2.71750e-03 2.67518e-03 2.62978e-03 2.58143e-03 2.53030e-03 2.47652e-03 2.42024e-03 2.36163e-03 2.30093e-03 2.23843e-03 2.17444e-03 2.10925e-03 2.04314e-03 1.97641e-03 1.90944e-03 1.84268e-03 1.77675e-03 1.71233e-03 1.65022e-03 1.59117e-03 1.53588e-03 1.48483e-03 1.43830e-03 1.39631e-03 1.35866e-03 1.32505e-03 1.29510e-03 1.26849e-03 1.24496e-03 1.22438e-03 1.20667e-03 1.19176e-03 1.17958e-03 1.16996e-03 1.16274e-03 1.15768e-03 1.15449e-03 1.15273e-03 1.15180e-03 1.15099e-03 1.14952e-03 1.14670e-03 1.14197e-03 1.13507e-03 1.12610e-03 1.11551e-03 1.10402e-03 1.09253e-03 1.08195e-03 1.07311e-03 1.06671e-03 1.06324e-03 1.06293e-03 1.06572e-03 1.07122e-03 1.07866e-03 1.08700e-03 1.09499e-03 1.10136e-03 1.10489e-03 1.10455e-03 1.09954e-03 1.08937e-03 1.07385e-03 1.05306e-03 1.02734e-03 9.97229e-04 9.63387e-04 9.26588e-04 8.87703e-04 8.47696e-04 8.07600e-04 7.68448e-04 7.31163e-04 6.96425e-04 6.64576e-04 6.35601e-04 6.09199e-04 5.84905e-04 5.62208e-04 5.40637e-04 5.19797e-04 4.99382e-04 4.79182e-04 4.59082e-04 4.39059e-04 4.19169e-04 3.99517e-04 3.80230e-04 3.61418e-04 3.43144e-04 3.25408e-04 3.08131e-04 2.91166e-04 2.74305e-04 2.57301e-04 2.39895e-04 2.21854e-04 2.03002e-04 1.83264e-04 1.62699e-04 1.41535e-04 1.20180e-04 9.92102e-05 7.93141e-05 6.11927e-05 4.54354e-05 3.24049e-05 2.21767e-05 1.45547e-05 9.15226e-06 5.50021e-06 3.14076e-06 1.68460e-06 8.31503e-07 3.64738e-07 1.33571e-07 3.59257e-08 5.17932e-09 1.34812e-10
6.904942 1.86814e-02 3.20918e-02 2.72115e-02 2.26381e-02 1.85230e-02 1.48912e-02 1.18482e-02 9.47256e-03 7.76069e-03 6.63489e-03 5.97940e-03 5.67174e-03 5.60004e-03 5.67057e-03 5.81115e-03 5.97205e-03 6.12316e-03 6.24655e-03 6.32726e-03 6.34844e-03 6.29496e-03 6.16159e-03 5.95769e-03 5.70404e-03 5.42502e-03 5.14172e-03 4.86892e-03 4.61535e-03 4.38535e-03 4.18018e-03 3.99902e-03 3.83978e-03 3.70014e-03 3.57821e-03 3.47279e-03 3.38308e-03 3.30831e-03 3.24735e-03 3.19859e-03 3.16003e-03 3.12955e-03 3.10520e-03 3.08545e-03 3.06936e-03 3.05647e-03 3.04667e-03 3.03998e-03 3.03642e-03 3.03584e-03 3.03795e-03 3.04229e-03 3.04827e-03 3.05522e-03 3.06236e-03 3.06887e-03 3.07391e-03 3.07663e-03 3.07628e-03 3.07226e-03 3.06417e-03 3.05189e-03 3.03556e-03 3.01554e-03 2.99230e-03 2.96631e-03 2.93794e-03 2.90738e-03 2.87462e-03 2.83946e-03 2.80156e-03 2.76061e-03 2.71641e-03 2.66897e-03 2.61852e-03 2.56540e-03 2.51004e-03 2.45285e-03 2.39421e-03 2.33452e-03 2.27411e-03 2.21324e-03 2.15206e-03 2.09059e-03 2.02878e-03 1.96662e-03 1.90417e-03 1.84167e-03 1.77951e-03 1.71825e-03 1.65855e-03 1.60112e-03 1.54666e-03 1.49575e-03 1.44886e-03 1.40622e-03 1.36784e-03 1.33358e-03 1.30313e-03 1.27618e-03 1.25243e-03 1.23170e-03 1.21392e-03 1.19907e-03 1.18714e-03 1.17802e-03 1.17145e-03 1.16708e-03 1.16440e-03 1.16280e-03 1.16155e-03 1.15991e-03 1.15712e-03 1.15254e-03 1.14571e-03 1.13640e-03 1.12473e-03 1.11113e-03 1.09636e-03 1.08134e-03 1.06710e-03 1.05463e-03 1.04474e-03 1.03805e-03 1.03491e-03 1.03535e-03 1.03907e-03 1.04546e-03 1.05362e-03 1.06243e-03 1.07062e-03 1.07697e-03 1.08039e-03 1.08002e-03 1.07532e-03 1.06604e-03 1.05222e-03 1.03410e-03 1.01206e-03 9.86578e-04 9.58171e-04 9.27401e-04 8.94882e-04 8.61303e-04 8.27412e-04 7.93969e-04 7.61646e-04 7.30915e-04 7.01973e-04 6.74730e-04 6.48873e-04 6.23974e-04 5.99587e-04 5.75326e-04 5.50905e-04 5.26154e-04 5.01031e-04 4.75616e-04 4.50096e-04 4.24745e-04 3.99875e-04 3.75796e-04 3.52772e-04 3.30987e-04 3.10524e-04 2.91366e-04 2.73400e-04 2.56430e-04 2.40198e-04 2.24398e-04 2.08698e-04 1.92771e-04 1.76334e-04 1.59195e-04 1.41301e-04 1.22784e-04 1.03976e-04 8.53979e-05 6.77055e-05 5.15814e-05 3.76080e-05 2.61503e-05 1.72922e-05 1.08484e-05 6.44061e-06 3.60434e-06 1.88618e-06 9.07958e-07 3.89483e-07 1.40079e-07 3.71735e-08 5.31211e-09 1.37623e-10
7.005013 1.96036e-02 3.31953e-02 2.76615e-02 2.26428e-02 1.83421e-02 1.46924e-02 1.17109e-02 9.41659e-03 7.77712e-03 6.70493e-03 6.08247e-03 5.78855e-03 5.71456e-03 5.77214e-03 5.89618e-03 6.04376e-03 6.18805e-03 6.30845e-03 6.38276e-03 6.38781e-03 6.30810e-03 6.14406e-03 5.91243e-03 5.63890e-03 5.34918e-03 5.06327e-03 4.79396e-03 4.54794e-03 4.32765e-03 4.13274e-03 3.96118e-03 3.81032e-03 3.67791e-03 3.56255e-03 3.46355e-03 3.38048e-03 3.31262e-03 3.25861e-03 3.21646e-03 3.18380e-03 3.15819e-03 3.13755e-03 3.12035e-03 3.10572e-03 3.09332e-03 3.08316e-03 3.07536e-03 3.07003e-03 3.06713e-03 3.06646e-03 3.06763e-03 3.07014e-03 3.07334e-03 3.07652e-03 3.07890e-03 3.07972e-03 3.07826e-03 3.07391e-03 3.06620e-03 3.05489e-03 3.03989e-03 3.02132e-03 2.99936e-03 2.97421e-03 2.94599e-03 2.91470e-03 2.88018e-03 2.84219e-03 2.80044e-03 2.75477e-03 2.70520e-03 2.65204e-03 2.59581e-03 2.53721e-03 2.47699e-03 2.41587e-03 2.35452e-03 2.29348e-03 2.23317e-03 2.17378e-03 2.11528e-03 2.05743e-03 1.99987e-03 1.94227e-03 1.88444e-03 1.82640e-03 1.76840e-03 1.71086e-03 1.65435e-03 1.59951e-03 1.54697e-03 1.49731e-03 1.45102e-03 1.40842e-03 1.36971e-03 1.33489e-03 1.30384e-03 1.27635e-03 1.25217e-03 1.23111e-03 1.21305e-03 1.19798e-03 1.18595e-03 1.17697e-03 1.17090e-03 1.16741e-03 1.16592e-03 1.16565e-03 1.16568e-03 1.16504e-03 1.16282e-03 1.15832e-03 1.15103e-03 1.14079e-03 1.12769e-03 1.11221e-03 1.09505e-03 1.07719e-03 1.05970e-03 1.04365e-03 1.03001e-03 1.01954e-03 1.01271e-03 1.00971e-03 1.01034e-03 1.01411e-03 1.02023e-03 1.02773e-03 1.03550e-03 1.04245e-03 1.04756e-03 1.04997e-03 1.04909e-03 1.04459e-03 1.03637e-03 1.02458e-03 1.00946e-03 9.91375e-04 9.70678e-04 9.47746e-04 9.22965e-04 8.96755e-04 8.69587e-04 8.41973e-04 8.14416e-04 7.87332e-04 7.60963e-04 7.35327e-04 7.10226e-04 6.85305e-04 6.60150e-04 6.34381e-04 6.07710e-04 5.79985e-04 5.51203e-04 5.21505e-04 4.91162e-04 4.60551e-04 4.30113e-04 4.00311e-04 3.71584e-04 3.44306e-04 3.18761e-04 2.95119e-04 2.73433e-04 2.53641e-04 2.35587e-04 2.19035e-04 2.03687e-04 1.89206e-04 1.75222e-04 1.61363e-04 1.47285e-04 1.32723e-04 1.17546e-04 1.01804e-04 8.57584e-05 6.98682e-05 5.47330e-05 4.09886e-05 2.91794e-05 1.96431e-05 1.24464e-05 7.39380e-06 4.10263e-06 2.11441e-06 9.99668e-07 4.21643e-07 1.49561e-07 3.92682e-08 5.56854e-09 1.43617e-10
7.105085 1.85404e-02 3.22089e-02 2.74915e-02 2.27443e-02 1.84057e-02 1.46846e-02 1.16870e-02 9.42520e-03 7.83522e-03 6.80572e-03 6.20899e-03 5.92313e-03 5.84358e-03 5.88834e-03 5.99928e-03 6.13845e-03 6.27895e-03 6.39454e-03 6.45581e-03 6.43678e-03 6.32596e-03 6.13152e-03 5.87668e-03 5.58981e-03 5.29604e-03 5.01317e-03 4.75143e-03 4.51517e-03 4.30493e-03 4.11902e-03 3.95482e-03 3.80989e-03 3.68262e-03 3.57242e-03 3.47917e-03 3.40263e-03 3.34185e-03 3.29503e-03 3.25965e-03 3.23283e-03 3.21186e-03 3.19450e-03 3.17927e-03 3.16541e-03 3.15273e-03 3.14139e-03 3.13164e-03 3.12369e-03 3.11760e-03 3.11323e-03 3.11027e-03 3.10823e-03 3.10655e-03 3.10456e-03 3.10165e-03 3.09720e-03 3.09072e-03 3.08181e-03 3.07021e-03 3.05576e-03 3.03835e-03 3.01790e-03 2.99430e-03 2.96732e-03 2.93661e-03 2.90172e-03 2.86219e-03 2.81764e-03 2.76793e-03 2.71326e-03 2.65424e-03 2.59179e-03 2.52707e-03 2.46124e-03 2.39541e-03 2.33051e-03 2.26726e-03 2.20612e-03 2.14722e-03 2.09036e-03 2.03507e-03 1.98073e-03 1.92675e-03 1.87269e-03 1.81836e-03 1.76385e-03 1.70949e-03 1.65579e-03 1.60334e-03 1.55275e-03 1.50455e-03 1.45919e-03 1.41700e-03 1.37820e-03 1.34290e-03 1.31109e-03 1.28272e-03 1.25768e-03 1.23585e-03 1.21712e-03 1.20147e-03 1.18893e-03 1.17954e-03 1.17330e-03 1.17003e-03 1.16931e-03 1.17039e-03 1.17225e-03 1.17372e-03 1.17365e-03 1.17104e-03 1.16525e-03 1.15596e-03 1.14323e-03 1.12747e-03 1.10939e-03 1.08993e-03 1.07017e-03 1.05124e-03 1.03423e-03 1.02002e-03 1.00928e-03 1.00232e-03 9.99131e-04 9.99381e-04 1.00244e-03 1.00746e-03 1.01349e-03 1.01956e-03 1.02477e-03 1.02836e-03 1.02974e-03 1.02852e-03 1.02450e-03 1.01766e-03 1.00808e-03 9.95958e-04 9.81525e-04 9.65029e-04 9.46720e-04 9.26857e-04 9.05722e-04 8.83624e-04 8.60882e-04 8.37789e-04 8.14549e-04 7.91227e-04 7.67717e-04 7.43769e-04 7.19042e-04 6.93187e-04 6.65918e-04 6.37064e-04 6.06599e-04 5.74643e-04 5.41456e-04 5.07417e-04 4.72988e-04 4.38679e-04 4.05007e-04 3.72457e-04 3.41459e-04 3.12358e-04 2.85406e-04 2.60750e-04 2.38428e-04 2.18375e-04 2.00427e-04 1.84339e-04 1.69801e-04 1.56456e-04 1.43917e-04 1.31787e-04 1.19693e-04 1.07333e-04 9.45317e-05 8.12895e-05 6.78153e-05 5.45141e-05 4.19275e-05 3.06297e-05 2.11011e-05 1.36156e-05 8.18085e-06 4.55590e-06 2.34044e-06 1.09850e-06 4.59675e-07 1.61978e-07 4.23007e-08 5.97163e-09 1.53538e-10
7.205157 1.85210e-02 3.17772e-02 2.68586e-02 2.22435e-02 1.81231e-02 1.45516e-02 1.16375e-02 9.42956e-03 7.88329e-03 6.88932e-03 6.31612e-03 6.03987e-03 5.95838e-03 5.99539e-03 6.09907e-03 6.23435e-03 6.37125e-03 6.47648e-03 6.51566e-03 6.46480e-03 6.32018e-03 6.09830e-03 5.82700e-03 5.53496e-03 5.24489e-03 4.97125e-03 4.72109e-03 4.49635e-03 4.29599e-03 4.11773e-03 3.95922e-03 3.81885e-03 3.69605e-03 3.59100e-03 3.50390e-03 3.43437e-03 3.38101e-03 3.34138e-03 3.31240e-03 3.29075e-03 3.27347e-03 3.25833e-03 3.24397e-03 3.22983e-03 3.21592e-03 3.20256e-03 3.19013e-03 3.17892e-03 3.16903e-03 3.16033e-03 3.15252e-03 3.14514e-03 3.13769e-03 3.12965e-03 3.12057e-03 3.11011e-03 3.09803e-03 3.08416e-03 3.06839e-03 3.05057e-03 3.03051e-03 3.00784e-03 2.98205e-03 2.95247e-03 2.91830e-03 2.87875e-03 2.83319e-03 2.78131e-03 2.72335e-03 2.66008e-03 2.59275e-03 2.52289e-03 2.45211e-03 2.38185e-03 2.31334e-03 2.24746e-03 2.18473e-03 2.12524e-03 2.06872e-03 2.01454e-03 1.96193e-03 1.91012e-03 1.85848e-03 1.80668e-03 1.75467e-03 1.70269e-03 1.65119e-03 1.60074e-03 1.55193e-03 1.50529e-03 1.46125e-03 1.42009e-03 1.38196e-03 1.34694e-03 1.31502e-03 1.28619e-03 1.26043e-03 1.23775e-03 1.21814e-03 1.20164e-03 1.18831e-03 1.17819e-03 1.17131e-03 1.16760e-03 1.16678e-03 1.16833e-03 1.17137e-03 1.17473e-03 1.17713e-03 1.17731e-03 1.17432e-03 1.16757e-03 1.15697e-03 1.14278e-03 1.12562e-03 1.10636e-03 1.08604e-03 1.06579e-03 1.04672e-03 1.02982e-03 1.01587e-03 1.00536e-03 9.98464e-04 9.95040e-04 9.94657e-04 9.96667e-04 1.00029e-03 1.00469e-03 1.00909e-03 1.01279e-03 1.01522e-03 1.01599e-03 1.01481e-03 1.01155e-03 1.00614e-03 9.98598e-04 9.88989e-04 9.77416e-04 9.64005e-04 9.48901e-04 9.32266e-04 9.14286e-04 8.95164e-04 8.75101e-04 8.54263e-04 8.32746e-04 8.10540e-04 7.87522e-04 7.63481e-04 7.38159e-04 7.11317e-04 6.82778e-04 6.52471e-04 6.20442e-04 5.86857e-04 5.51997e-04 5.16233e-04 4.80010e-04 4.43808e-04 4.08119e-04 3.73412e-04 3.40110e-04 3.08579e-04 2.79113e-04 2.51932e-04 2.27172e-04 2.04884e-04 1.85028e-04 1.67470e-04 1.51988e-04 1.38285e-04 1.26003e-04 1.14749e-04 1.04118e-04 9.37273e-05 8.32682e-05 7.25552e-05 6.15759e-05 5.05144e-05 3.97354e-05 2.97183e-05 2.09509e-05 1.38062e-05 8.44143e-06 4.76106e-06 2.46496e-06 1.16173e-06 4.87334e-07 1.72048e-07 4.49715e-08 6.34584e-09 1.62995e-10
7.305228 1.93670e-02 3.29541e-02 2.74730e-02 2.23587e-02 1.79966e-02 1.43822e-02 1.15159e-02 9.37469e-03 7.88378e-03 6.92667e-03 6.37345e-03 6.10410e-03 6.02128e-03 6.05427e-03 6.15519e-03 6.28835e-03 6.41822e-03 6.50558e-03 6.51564e-03 6.43092e-03 6.25695e-03 6.01677e-03 5.73988e-03 5.45283e-03 5.17449e-03 4.91541e-03 4.67961e-03 4.46717e-03 4.27642e-03 4.10538e-03 3.95259e-03 3.81749e-03 3.70033e-03 3.60164e-03 3.52160e-03 3.45943e-03 3.41319e-03 3.37995e-03 3.35617e-03 3.33832e-03 3.32338e-03 3.30923e-03 3.29468e-03 3.27940e-03 3.26360e-03 3.24773e-03 3.23224e-03 3.21744e-03 3.20341e-03 3.19001e-03 3.17695e-03 3.16380e-03 3.15019e-03 3.13578e-03 3.12037e-03 3.10387e-03 3.08625e-03 3.06753e-03 3.04764e-03 3.02637e-03 3.00333e-03 2.97788e-03 2.94913e-03 2.91606e-03 2.87756e-03 2.83271e-03 2.78097e-03 2.72237e-03 2.65764e-03 2.58815e-03 2.51564e-03 2.44197e-03 2.36888e-03 2.29779e-03 2.22974e-03 2.16533e-03 2.10471e-03 2.04762e-03 1.99344e-03 1.94137e-03 1.89057e-03 1.84035e-03 1.79026e-03 1.74014e-03 1.69011e-03 1.64053e-03 1.59189e-03 1.54476e-03 1.49966e-03 1.45701e-03 1.41709e-03 1.38001e-03 1.34578e-03 1.31431e-03 1.28554e-03 1.25942e-03 1.23600e-03 1.21539e-03 1.19772e-03 1.18317e-03 1.17186e-03 1.16387e-03 1.15914e-03 1.15752e-03 1.15861e-03 1.16178e-03 1.16610e-03 1.17037e-03 1.17327e-03 1.17357e-03 1.17037e-03 1.16323e-03 1.15219e-03 1.13769e-03 1.12048e-03 1.10151e-03 1.08182e-03 1.06250e-03 1.04454e-03 1.02878e-03 1.01585e-03 1.00608e-03 9.99509e-04 9.95941e-04 9.94955e-04 9.95988e-04 9.98403e-04 1.00155e-03 1.00481e-03 1.00765e-03 1.00961e-03 1.01034e-03 1.00957e-03 1.00711e-03 1.00282e-03 9.96617e-04 9.88465e-04 9.78359e-04 9.66337e-04 9.52479e-04 9.36906e-04 9.19777e-04 9.01272e-04 8.81575e-04 8.60837e-04 8.39153e-04 8.16537e-04 7.92918e-04 7.68163e-04 7.42104e-04 7.14584e-04 6.85494e-04 6.54796e-04 6.22537e-04 5.88859e-04 5.53987e-04 5.18226e-04 4.81940e-04 4.45536e-04 4.09438e-04 3.74067e-04 3.39822e-04 3.07064e-04 2.76105e-04 2.47205e-04 2.20563e-04 1.96317e-04 1.74534e-04 1.55206e-04 1.38241e-04 1.23457e-04 1.10590e-04 9.93001e-05 8.92009e-05 7.98882e-05 7.09833e-05 6.21827e-05 5.33108e-05 4.43608e-05 3.55086e-05 2.70842e-05 1.94953e-05 1.31175e-05 8.18029e-06 4.69617e-06 2.46839e-06 1.17812e-06 4.99458e-07 1.77836e-07 4.67557e-08 6.61659e-09 1.70097e-10
7.405300 1.76633e-02 3.09084e-02 2.65945e-02 2.21721e-02 1.80205e-02 1.44175e-02 1.15380e-02 9.40643e-03 7.93959e-03 7.00547e-03 6.46638e-03 6.20220e-03 6.11970e-03 6.15284e-03 6.25516e-03 6.38698e-03 6.50587e-03 6.56891e-03 6.54515e-03 6.42640e-03 6.22709e-03 5.97460e-03 5.69781e-03 5.41970e-03 5.15471e-03 4.90959e-03 4.68591e-03 4.48282e-03 4.29893e-03 4.13318e-03 3.98523e-03 3.85532e-03 3.74408e-03 3.65193e-03 3.57865e-03 3.52292e-03 3.48234e-03 3.45357e-03 3.43289e-03 3.41671e-03 3.40213e-03 3.38722e-03 3.37104e-03 3.35347e-03 3.33487e-03 3.31575e-03 3.29659e-03 3.27766e-03 3.25898e-03 3.24039e-03 3.22158e-03 3.20224e-03 3.18212e-03 3.16109e-03 3.13919e-03 3.11653e-03 3.09325e-03 3.06941e-03 3.04494e-03 3.01948e-03 2.99244e-03 2.96291e-03 2.92975e-03 2.89172e-03 2.84766e-03 2.79679e-03 2.73889e-03 2.67451e-03 2.60492e-03 2.53186e-03 2.45727e-03 2.38297e-03 2.31048e-03 2.24090e-03 2.17487e-03 2.11261e-03 2.05392e-03 1.99828e-03 1.94498e-03 1.89328e-03 1.84254e-03 1.79231e-03 1.74240e-03 1.69286e-03 1.64396e-03 1.59611e-03 1.54981e-03 1.50554e-03 1.46372e-03 1.42464e-03 1.38840e-03 1.35497e-03 1.32420e-03 1.29589e-03 1.26990e-03 1.24617e-03 1.22478e-03 1.20591e-03 1.18983e-03 1.17683e-03 1.16709e-03 1.16070e-03 1.15756e-03 1.15738e-03 1.15967e-03 1.16373e-03 1.16860e-03 1.17312e-03 1.17605e-03 1.17625e-03 1.17293e-03 1.16577e-03 1.15492e-03 1.14092e-03 1.12460e-03 1.10692e-03 1.08890e-03 1.07151e-03 1.05560e-03 1.04183e-03 1.03064e-03 1.02222e-03 1.01655e-03 1.01341e-03 1.01243e-03 1.01317e-03 1.01513e-03 1.01780e-03 1.02068e-03 1.02329e-03 1.02517e-03 1.02592e-03 1.02522e-03 1.02277e-03 1.01837e-03 1.01187e-03 1.00319e-03 9.92309e-04 9.79286e-04 9.64234e-04 9.47325e-04 9.28775e-04 9.08821e-04 8.87693e-04 8.65586e-04 8.42626e-04 8.18865e-04 7.94269e-04 7.68744e-04 7.42157e-04 7.14370e-04 6.85274e-04 6.54812e-04 6.22993e-04 5.89903e-04 5.55705e-04 5.20629e-04 4.84964e-04 4.49039e-04 4.13212e-04 3.77850e-04 3.43316e-04 3.09958e-04 2.78094e-04 2.48010e-04 2.19944e-04 1.94086e-04 1.70571e-04 1.49471e-04 1.30797e-04 1.14482e-04 1.00380e-04 8.82598e-05 7.78116e-05 6.86667e-05 6.04326e-05 5.27416e-05 4.53059e-05 3.79695e-05 3.07423e-05 2.37979e-05 1.74270e-05 1.19480e-05 7.59859e-06 4.44924e-06 2.38392e-06 1.15833e-06 4.98839e-07 1.79856e-07 4.76959e-08 6.78195e-09 1.74698e-10
7.505371 1.86984e-02 3.17548e-02 2.65484e-02 2.17781e-02 1.76611e-02 1.41953e-02 1.14266e-02 9.36072e-03 7.93164e-03 7.02125e-03 6.49732e-03 6.24216e-03 6.16558e-03 6.20401e-03 6.30956e-03 6.43677e-03 6.53764e-03 6.56996e-03 6.51076e-03 6.36226e-03 6.14592e-03 5.89053e-03 5.62209e-03 5.35883e-03 5.11052e-03 4.88063e-03 4.66926e-03 4.47564e-03 4.29934e-03 4.14053e-03 3.99973e-03 3.87756e-03 3.77445e-03 3.69032e-03 3.62428e-03 3.57450e-03 3.53819e-03 3.51193e-03 3.49206e-03 3.47523e-03 3.45889e-03 3.44143e-03 3.42220e-03 3.40126e-03 3.37904e-03 3.35607e-03 3.33275e-03 3.30927e-03 3.28557e-03 3.26147e-03 3.23669e-03 3.21104e-03 3.18444e-03 3.15696e-03 3.12882e-03 3.10029e-03 3.07157e-03 3.04272e-03 3.01356e-03 2.98359e-03 2.95202e-03 2.91775e-03 2.87951e-03 2.83608e-03 2.78649e-03 2.73035e-03 2.66798e-03 2.60045e-03 2.52936e-03 2.45652e-03 2.38369e-03 2.31229e-03 2.24336e-03 2.17749e-03 2.11488e-03 2.05539e-03 1.99859e-03 1.94393e-03 1.89084e-03 1.83882e-03 1.78757e-03 1.73694e-03 1.68702e-03 1.63804e-03 1.59036e-03 1.54441e-03 1.50063e-03 1.45941e-03 1.42104e-03 1.38565e-03 1.35320e-03 1.32351e-03 1.29631e-03 1.27132e-03 1.24830e-03 1.22718e-03 1.20804e-03 1.19112e-03 1.17674e-03 1.16525e-03 1.15690e-03 1.15177e-03 1.14970e-03 1.15033e-03 1.15310e-03 1.15727e-03 1.16191e-03 1.16599e-03 1.16840e-03 1.16819e-03 1.16471e-03 1.15778e-03 1.14762e-03 1.13485e-03 1.12029e-03 1.10489e-03 1.08956e-03 1.07513e-03 1.06229e-03 1.05150e-03 1.04305e-03 1.03700e-03 1.03324e-03 1.03156e-03 1.03163e-03 1.03306e-03 1.03543e-03 1.03828e-03 1.04111e-03 1.04343e-03 1.04475e-03 1.04462e-03 1.04266e-03 1.03855e-03 1.03209e-03 1.02318e-03 1.01179e-03 9.98036e-04 9.82074e-04 9.64146e-04 9.44534e-04 9.23543e-04 9.01473e-04 8.78585e-04 8.55082e-04 8.31087e-04 8.06637e-04 7.81687e-04 7.56126e-04 7.29806e-04 7.02568e-04 6.74273e-04 6.44826e-04 6.14192e-04 5.82407e-04 5.49579e-04 5.15883e-04 4.81548e-04 4.46848e-04 4.12082e-04 3.77568e-04 3.43627e-04 3.10578e-04 2.78727e-04 2.48364e-04 2.19748e-04 1.93102e-04 1.68601e-04 1.46369e-04 1.26470e-04 1.08912e-04 9.36355e-05 8.05120e-05 6.93380e-05 5.98359e-05 5.16688e-05 4.44742e-05 3.79141e-05 3.17326e-05 2.58045e-05 2.01574e-05 1.49513e-05 1.04133e-05 6.74304e-06 4.02688e-06 2.20231e-06 1.09159e-06 4.78405e-07 1.74856e-07 4.67958e-08 6.68817e-09 1.72678e-10
7.605443 1.79647e-02 3.11942e-02 2.65047e-02 2.18248e-02 1.76434e-02 1.41368e-02 1.13763e-02 9.34076e-03 7.93998e-03 7.04739e-03 6.53228e-03 6.28189e-03 6.21018e-03 6.25406e-03 6.36117e-03 6.47930e-03 6.55750e-03 6.55810e-03 6.46781e-03 6.29771e-03 6.07323e-03 5.82201e-03 5.56604e-03 5.31879e-03 5.08627e-03 4.86985e-03 4.66927e-03 4.48451e-03 4.31629e-03 4.16568e-03 4.03359e-03 3.92047e-03 3.82615e-03 3.74983e-03 3.68996e-03 3.64430e-03 3.60995e-03 3.58364e-03 3.56208e-03 3.54238e-03 3.52244e-03 3.50103e-03 3.47771e-03 3.45264e-03 3.42625e-03 3.39897e-03 3.37110e-03 3.34273e-03 3.31376e-03 3.28398e-03 3.25322e-03 3.22139e-03 3.18858e-03 3.15504e-03 3.12112e-03 3.08716e-03 3.05337e-03 3.01975e-03 2.98598e-03 2.95141e-03 2.91508e-03 2.87581e-03 2.83237e-03 2.78372e-03 2.72929e-03 2.66919e-03 2.60422e-03 2.53578e-03 2.46551e-03 2.39500e-03 2.32559e-03 2.25818e-03 2.19330e-03 2.13112e-03 2.07149e-03 2.01407e-03 1.95845e-03 1.90417e-03 1.85090e-03 1.79844e-03 1.74672e-03 1.69586e-03 1.64610e-03 1.59777e-03 1.55128e-03 1.50703e-03 1.46543e-03 1.42677e-03 1.39126e-03 1.35891e-03 1.32960e-03 1.30307e-03 1.27895e-03 1.25689e-03 1.23660e-03 1.21796e-03 1.20100e-03 1.18598e-03 1.17323e-03 1.16311e-03 1.15589e-03 1.15162e-03 1.15013e-03 1.15099e-03 1.15363e-03 1.15731e-03 1.16120e-03 1.16441e-03 1.16604e-03 1.16532e-03 1.16179e-03 1.15536e-03 1.14635e-03 1.13537e-03 1.12325e-03 1.11084e-03 1.09894e-03 1.08825e-03 1.07926e-03 1.07227e-03 1.06740e-03 1.06458e-03 1.06363e-03 1.06426e-03 1.06611e-03 1.06877e-03 1.07178e-03 1.07464e-03 1.07682e-03 1.07780e-03 1.07710e-03 1.07431e-03 1.06911e-03 1.06129e-03 1.05076e-03 1.03755e-03 1.02183e-03 1.00383e-03 9.83897e-04 9.62385e-04 9.39673e-04 9.16118e-04 8.92028e-04 8.67641e-04 8.43113e-04 8.18511e-04 7.93819e-04 7.68945e-04 7.43743e-04 7.18033e-04 6.91629e-04 6.64359e-04 6.36092e-04 6.06752e-04 5.76332e-04 5.44896e-04 5.12577e-04 4.79566e-04 4.46097e-04 4.12438e-04 3.78868e-04 3.45675e-04 3.13146e-04 2.81566e-04 2.51210e-04 2.22344e-04 1.95209e-04 1.70014e-04 1.46922e-04 1.26045e-04 1.07433e-04 9.10802e-05 7.69196e-05 6.48247e-05 5.46062e-05 4.60122e-05 3.87392e-05 3.24616e-05 2.68804e-05 2.17777e-05 1.70584e-05 1.27566e-05 8.99706e-06 5.91998e-06 3.60140e-06 2.00880e-06 1.01481e-06 4.52066e-07 1.67246e-07 4.51091e-08 6.47468e-09 1.67487e-10
7.705515 1.72581e-02 3.00873e-02 2.57504e-02 2.14200e-02 1.74645e-02 1.40665e-02 1.13520e-02 9.33998e-03 7.95565e-03 7.07516e-03 6.56843e-03 6.32473e-03 6.25996e-03 6.30943e-03 6.41509e-03 6.51923e-03 6.57128e-03 6.54091e-03 6.42459e-03 6.24000e-03 6.01386e-03 5.77107e-03 5.52907e-03 5.29717e-03 5.07861e-03 4.87384e-03 4.68301e-03 4.50717e-03 4.34799e-03 4.20701e-03 4.08501e-03 3.98190e-03 3.89669e-03 3.82774e-03 3.77289e-03 3.72956e-03 3.69490e-03 3.66601e-03 3.64018e-03 3.61520e-03 3.58952e-03 3.56236e-03 3.53349e-03 3.50312e-03 3.47159e-03 3.43921e-03 3.40614e-03 3.37237e-03 3.33776e-03 3.30213e-03 3.26537e-03 3.22755e-03 3.18889e-03 3.14976e-03 3.11060e-03 3.07175e-03 3.03339e-03 2.99539e-03 2.95728e-03 2.91826e-03 2.87726e-03 2.83311e-03 2.78474e-03 2.73146e-03 2.67318e-03 2.61050e-03 2.54457e-03 2.47686e-03 2.40881e-03 2.34162e-03 2.27610e-03 2.21268e-03 2.15148e-03 2.09236e-03 2.03504e-03 1.97919e-03 1.92446e-03 1.87061e-03 1.81749e-03 1.76509e-03 1.71352e-03 1.66301e-03 1.61388e-03 1.56649e-03 1.52126e-03 1.47858e-03 1.43881e-03 1.40224e-03 1.36899e-03 1.33907e-03 1.31232e-03 1.28843e-03 1.26699e-03 1.24761e-03 1.22994e-03 1.21379e-03 1.19915e-03 1.18620e-03 1.17524e-03 1.16659e-03 1.16048e-03 1.15693e-03 1.15574e-03 1.15648e-03 1.15859e-03 1.16139e-03 1.16419e-03 1.16625e-03 1.16691e-03 1.16562e-03 1.16209e-03 1.15639e-03 1.14887e-03 1.14018e-03 1.13108e-03 1.12231e-03 1.11455e-03 1.10827e-03 1.10380e-03 1.10122e-03 1.10048e-03 1.10135e-03 1.10352e-03 1.10661e-03 1.11017e-03 1.11370e-03 1.11666e-03 1.11851e-03 1.11871e-03 1.11680e-03 1.11240e-03 1.10526e-03 1.09521e-03 1.08225e-03 1.06648e-03 1.04812e-03 1.02750e-03 1.00503e-03 9.81148e-04 9.56292e-04 9.30873e-04 9.05234e-04 8.79634e-04 8.54244e-04 8.29140e-04 8.04317e-04 7.79697e-04 7.55145e-04 7.30485e-04 7.05515e-04 6.80030e-04 6.53836e-04 6.26773e-04 5.98733e-04 5.69671e-04 5.39615e-04 5.08666e-04 4.76983e-04 4.44778e-04 4.12289e-04 3.79771e-04 3.47480e-04 3.15675e-04 2.84612e-04 2.54547e-04 2.25737e-04 1.98428e-04 1.72851e-04 1.49202e-04 1.27632e-04 1.08237e-04 9.10478e-05 7.60359e-05 6.31159e-05 5.21509e-05 4.29547e-05 3.52931e-05 2.88936e-05 2.34717e-05 1.87740e-05 1.46248e-05 1.09538e-05 7.78507e-06 5.18706e-06 3.20600e-06 1.81948e-06 9.34407e-07 4.21854e-07 1.57513e-07 4.27114e-08 6.14660e-09 1.59169e-10
7.805586 1.77743e-02 3.03398e-02 2.55270e-02 2.10786e-02 1.71892e-02 1.38950e-02 1.12627e-02 9.29926e-03 7.93902e-03 7.07022e-03 6.57127e-03 6.33582e-03 6.27987e-03 6.33435e-03 6.43477e-03 6.52042e-03 6.54479e-03 6.48667e-03 6.35106e-03 6.15955e-03 5.93781e-03 5.70687e-03 5.47984e-03 5.26270e-03 5.05720e-03 4.86377e-03 4.68348e-03 4.51827e-03 4.37032e-03 4.24108e-03 4.13082e-03 4.03863e-03 3.96265e-03 3.90046e-03 3.84935e-03 3.80658e-03 3.76952e-03 3.73583e-03 3.70356e-03 3.67129e-03 3.63817e-03 3.60382e-03 3.56826e-03 3.53169e-03 3.49434e-03 3.45636e-03 3.41777e-03 3.37849e-03 3.33834e-03 3.29720e-03 3.25505e-03 3.21203e-03 3.16846e-03 3.12479e-03 3.08144e-03 3.03871e-03 2.99669e-03 2.95508e-03 2.91329e-03 2.87040e-03 2.82530e-03 2.77692e-03 2.72448e-03 2.66772e-03 2.60702e-03 2.54334e-03 2.47796e-03 2.41219e-03 2.34713e-03 2.28349e-03 2.22167e-03 2.16176e-03 2.10365e-03 2.04711e-03 1.99189e-03 1.93773e-03 1.88442e-03 1.83185e-03 1.77997e-03 1.72885e-03 1.67864e-03 1.62959e-03 1.58201e-03 1.53625e-03 1.49272e-03 1.45181e-03 1.41386e-03 1.37914e-03 1.34781e-03 1.31988e-03 1.29520e-03 1.27348e-03 1.25434e-03 1.23735e-03 1.22212e-03 1.20841e-03 1.19613e-03 1.18535e-03 1.17629e-03 1.16918e-03 1.16418e-03 1.16127e-03 1.16022e-03 1.16063e-03 1.16199e-03 1.16374e-03 1.16535e-03 1.16630e-03 1.16614e-03 1.16456e-03 1.16147e-03 1.15704e-03 1.15170e-03 1.14605e-03 1.14074e-03 1.13635e-03 1.13334e-03 1.13195e-03 1.13223e-03 1.13406e-03 1.13717e-03 1.14120e-03 1.14573e-03 1.15029e-03 1.15435e-03 1.15737e-03 1.15882e-03 1.15817e-03 1.15501e-03 1.14899e-03 1.13992e-03 1.12771e-03 1.11238e-03 1.09410e-03 1.07316e-03 1.04995e-03 1.02493e-03 9.98619e-04 9.71510e-04 9.44063e-04 9.16659e-04 8.89583e-04 8.63021e-04 8.37065e-04 8.11722e-04 7.86931e-04 7.62574e-04 7.38491e-04 7.14490e-04 6.90359e-04 6.65878e-04 6.40839e-04 6.15060e-04 5.88408e-04 5.60807e-04 5.32254e-04 5.02817e-04 4.72624e-04 4.41856e-04 4.10722e-04 3.79446e-04 3.48258e-04 3.17388e-04 2.87068e-04 2.57536e-04 2.29038e-04 2.01822e-04 1.76130e-04 1.52183e-04 1.30166e-04 1.10215e-04 9.24031e-05 7.67359e-05 6.31576e-05 5.15591e-05 4.17886e-05 3.36580e-05 2.69465e-05 2.14103e-05 1.68051e-05 1.29225e-05 9.62358e-06 6.84967e-06 4.59815e-06 2.87524e-06 1.65365e-06 8.59810e-07 3.91809e-07 1.47105e-07 3.99863e-08 5.75826e-09 1.49117e-10
7.905658 1.68490e-02 2.96087e-02 2.54315e-02 2.10839e-02 1.71394e-02 1.38278e-02 1.12167e-02 9.28129e-03 7.93918e-03 7.07817e-03 6.58274e-03 6.35147e-03 6.30019e-03 6.35473e-03 6.44508e-03 6.51008e-03 6.50920e-03 6.42975e-03 6.28266e-03 6.09071e-03 5.87711e-03 5.65896e-03 5.44587e-03 5.24180e-03 5.04805e-03 4.86564e-03 4.69648e-03 4.54304e-03 4.40746e-03 4.29071e-03 4.19234e-03 4.11056e-03 4.04272e-03 3.98575e-03 3.93657e-03 3.89242e-03 3.85103e-03 3.81072e-03 3.77037e-03 3.72940e-03 3.68762e-03 3.64509e-03 3.60202e-03 3.55859e-03 3.51494e-03 3.47109e-03 3.42697e-03 3.38240e-03 3.33724e-03 3.29137e-03 3.24480e-03 3.19772e-03 3.15044e-03 3.10337e-03 3.05687e-03 3.01117e-03 2.96619e-03 2.92155e-03 2.87653e-03 2.83015e-03 2.78138e-03 2.72931e-03 2.67351e-03 2.61413e-03 2.55189e-03 2.48794e-03 2.42348e-03 2.35956e-03 2.29692e-03 2.23593e-03 2.17673e-03 2.11927e-03 2.06338e-03 2.00889e-03 1.95560e-03 1.90333e-03 1.85194e-03 1.80134e-03 1.75150e-03 1.70247e-03 1.65437e-03 1.60741e-03 1.56185e-03 1.51805e-03 1.47636e-03 1.43717e-03 1.40083e-03 1.36763e-03 1.33776e-03 1.31128e-03 1.28809e-03 1.26797e-03 1.25058e-03 1.23549e-03 1.22232e-03 1.21076e-03 1.20061e-03 1.19186e-03 1.18458e-03 1.17889e-03 1.17487e-03 1.17245e-03 1.17139e-03 1.17135e-03 1.17189e-03 1.17264e-03 1.17325e-03 1.17343e-03 1.17298e-03 1.17179e-03 1.16993e-03 1.16765e-03 1.16538e-03 1.16360e-03 1.16279e-03 1.16328e-03 1.16522e-03 1.16855e-03 1.17305e-03 1.17838e-03 1.18413e-03 1.18984e-03 1.19505e-03 1.19929e-03 1.20207e-03 1.20291e-03 1.20140e-03 1.19717e-03 1.18993e-03 1.17949e-03 1.16574e-03 1.14869e-03 1.12848e-03 1.10540e-03 1.07986e-03 1.05239e-03 1.02357e-03 9.93984e-04 9.64161e-04 9.34542e-04 9.05462e-04 8.77143e-04 8.49708e-04 8.23190e-04 7.97554e-04 7.72707e-04 7.48512e-04 7.24793e-04 7.01346e-04 6.77948e-04 6.54367e-04 6.30381e-04 6.05792e-04 5.80446e-04 5.54241e-04 5.27142e-04 4.99179e-04 4.70442e-04 4.41071e-04 4.11238e-04 3.81136e-04 3.50966e-04 3.20938e-04 2.91269e-04 2.62188e-04 2.33938e-04 2.06770e-04 1.80937e-04 1.56680e-04 1.34213e-04 1.13706e-04 9.52716e-05 7.89550e-05 6.47317e-05 5.25149e-05 4.21708e-05 3.35320e-05 2.64071e-05 2.05861e-05 1.58490e-05 1.19859e-05 8.82485e-06 6.25075e-06 4.20208e-06 2.64355e-06 1.53289e-06 8.03105e-07 3.67826e-07 1.38376e-07 3.76042e-08 5.40916e-09 1.39946e-10
8.005730 1.64213e-02 2.85443e-02 2.44291e-02 2.04599e-02 1.68604e-02 1.37323e-02 1.11923e-02 9.27922e-03 7.94440e-03 7.08780e-03 6.59776e-03 6.37317e-03 6.32666e-03 6.37863e-03 6.45580e-03 6.49948e-03 6.47637e-03 6.38110e-03 6.22822e-03 6.03987e-03 5.83601e-03 5.63014e-03 5.42931e-03 5.23652e-03 5.05334e-03 4.88168e-03 4.72409e-03 4.58317e-03 4.46061e-03 4.35659e-03 4.26973e-03 4.19739e-03 4.13619e-03 4.08257e-03 4.03327e-03 3.98567e-03 3.93800e-03 3.88930e-03 3.83931e-03 3.78826e-03 3.73660e-03 3.68482e-03 3.63332e-03 3.58232e-03 3.53189e-03 3.48197e-03 3.43237e-03 3.38291e-03 3.33337e-03 3.28360e-03 3.23357e-03 3.18342e-03 3.13337e-03 3.08374e-03 3.03480e-03 2.98668e-03 2.93921e-03 2.89192e-03 2.84399e-03 2.79443e-03 2.74229e-03 2.68694e-03 2.62829e-03 2.56686e-03 2.50363e-03 2.43972e-03 2.37619e-03 2.31378e-03 2.25295e-03 2.19389e-03 2.13662e-03 2.08108e-03 2.02713e-03 1.97463e-03 1.92344e-03 1.87338e-03 1.82431e-03 1.77612e-03 1.72874e-03 1.68218e-03 1.63652e-03 1.59192e-03 1.54863e-03 1.50694e-03 1.46722e-03 1.42984e-03 1.39514e-03 1.36343e-03 1.33492e-03 1.30972e-03 1.28780e-03 1.26899e-03 1.25300e-03 1.23946e-03 1.22797e-03 1.21819e-03 1.20985e-03 1.20280e-03 1.19702e-03 1.19250e-03 1.18925e-03 1.18715e-03 1.18601e-03 1.18554e-03 1.18547e-03 1.18557e-03 1.18573e-03 1.18586e-03 1.18598e-03 1.18612e-03 1.18645e-03 1.18721e-03 1.18874e-03 1.19132e-03 1.19514e-03 1.20022e-03 1.20637e-03 1.21325e-03 1.22043e-03 1.22743e-03 1.23379e-03 1.23908e-03 1.24292e-03 1.24497e-03 1.24493e-03 1.24254e-03 1.23756e-03 1.22976e-03 1.21889e-03 1.20471e-03 1.18709e-03 1.16604e-03 1.14173e-03 1.11457e-03 1.08511e-03 1.05399e-03 1.02190e-03 9.89495e-04 9.57310e-04 9.25772e-04 8.95178e-04 8.65706e-04 8.37435e-04 8.10365e-04 7.84436e-04 7.59531e-04 7.35495e-04 7.12131e-04 6.89217e-04 6.66514e-04 6.43779e-04 6.20781e-04 5.97311e-04 5.73200e-04 5.48326e-04 5.22623e-04 4.96083e-04 4.68751e-04 4.40722e-04 4.12129e-04 3.83130e-04 3.53905e-04 3.24647e-04 2.95569e-04 2.66899e-04 2.38883e-04 2.11780e-04 1.85852e-04 1.61353e-04 1.38517e-04 1.17541e-04 9.85687e-05 8.16801e-05 6.68833e-05 5.41169e-05 4.32628e-05 3.41640e-05 2.66410e-05 2.05013e-05 1.55450e-05 1.15738e-05 8.40688e-06 5.89947e-06 3.94916e-06 2.48484e-06 1.44469e-06 7.59030e-07 3.48058e-07 1.30817e-07 3.54669e-08 5.08897e-09 1.31440e-10
8.105801 1.67581e-02 2.89459e-02 2.45460e-02 2.03405e-02 1.66681e-02 1.35776e-02 1.11015e-02 9.23298e-03 7.91761e-03 7.06685e-03 6.57999e-03 6.35947e-03 6.31462e-03 6.36072e-03 6.42305e-03 6.44722e-03 6.40706e-03 6.30261e-03 6.14983e-03 5.96884e-03 5.77624e-03 5.58260e-03 5.39346e-03 5.21170e-03 5.03962e-03 4.87987e-03 4.73535e-03 4.60831e-03 4.49965e-03 4.40858e-03 4.33277e-03 4.26879e-03 4.21273e-03 4.16077e-03 4.10970e-03 4.05727e-03 4.00230e-03 3.94459e-03 3.88466e-03 3.82345e-03 3.76197e-03 3.70107e-03 3.64134e-03 3.58308e-03 3.52634e-03 3.47101e-03 3.41685e-03 3.36359e-03 3.31093e-03 3.25862e-03 3.20648e-03 3.15450e-03 3.10277e-03 3.05152e-03 3.00093e-03 2.95106e-03 2.90170e-03 2.85228e-03 2.80195e-03 2.74971e-03 2.69478e-03 2.63682e-03 2.57608e-03 2.51337e-03 2.44973e-03 2.38622e-03 2.32367e-03 2.26264e-03 2.20344e-03 2.14618e-03 2.09088e-03 2.03747e-03 1.98584e-03 1.93584e-03 1.88728e-03 1.83999e-03 1.79377e-03 1.74847e-03 1.70399e-03 1.66030e-03 1.61744e-03 1.57555e-03 1.53483e-03 1.49557e-03 1.45810e-03 1.42276e-03 1.38990e-03 1.35982e-03 1.33277e-03 1.30887e-03 1.28814e-03 1.27049e-03 1.25567e-03 1.24337e-03 1.23321e-03 1.22482e-03 1.21785e-03 1.21210e-03 1.20741e-03 1.20373e-03 1.20098e-03 1.19909e-03 1.19790e-03 1.19727e-03 1.19705e-03 1.19722e-03 1.19782e-03 1.19896e-03 1.20075e-03 1.20331e-03 1.20676e-03 1.21124e-03 1.21687e-03 1.22368e-03 1.23152e-03 1.24010e-03 1.24894e-03 1.25749e-03 1.26521e-03 1.27162e-03 1.27634e-03 1.27913e-03 1.27990e-03 1.27863e-03 1.27532e-03 1.26993e-03 1.26224e-03 1.25192e-03 1.23852e-03 1.22164e-03 1.20104e-03 1.17672e-03 1.14897e-03 1.11832e-03 1.08547e-03 1.05122e-03 1.01635e-03 9.81540e-04 9.47359e-04 9.14214e-04 8.82377e-04 8.52002e-04 8.23141e-04 7.95771e-04 7.69800e-04 7.45085e-04 7.21433e-04 6.98619e-04 6.76395e-04 6.54507e-04 6.32703e-04 6.10749e-04 5.88434e-04 5.65579e-04 5.42046e-04 5.17739e-04 4.92613e-04 4.66671e-04 4.39964e-04 4.12586e-04 3.84663e-04 3.56355e-04 3.27848e-04 2.99351e-04 2.71099e-04 2.43346e-04 2.16359e-04 1.90409e-04 1.65759e-04 1.42655e-04 1.21311e-04 1.01895e-04 8.45176e-05 6.92171e-05 5.59607e-05 4.46505e-05 3.51407e-05 2.72577e-05 2.08154e-05 1.56241e-05 1.14951e-05 8.24917e-06 5.72863e-06 3.80653e-06 2.38527e-06 1.38431e-06 7.26511e-07 3.32549e-07 1.24617e-07 3.36630e-08 4.81428e-09 1.24084e-10
8.205873 1.56328e-02 2.75248e-02 2.38345e-02 2.00619e-02 1.65627e-02 1.35359e-02 1.10895e-02 9.23776e-03 7.92994e-03 7.08100e-03 6.59425e-03 6.37329e-03 6.32483e-03 6.36112e-03 6.40798e-03 6.41567e-03 6.36352e-03 6.25472e-03 6.10489e-03 5.93166e-03 5.74878e-03 5.56491e-03 5.38505e-03 5.21257e-03 5.05061e-03 4.90242e-03 4.77080e-03 4.65733e-03 4.56191e-03 4.48265e-03 4.41628e-03 4.35869e-03 4.30561e-03 4.25318e-03 4.19848e-03 4.13981e-03 4.07665e-03 4.00955e-03 3.93968e-03 3.86855e-03 3.79757e-03 3.72789e-03 3.66026e-03 3.59506e-03 3.53239e-03 3.47211e-03 3.41394e-03 3.35751e-03 3.30238e-03 3.24812e-03 3.19435e-03 3.14088e-03 3.08770e-03 3.03495e-03 2.98280e-03 2.93128e-03 2.88013e-03 2.82866e-03 2.77596e-03 2.72109e-03 2.66345e-03 2.60302e-03 2.54037e-03 2.47646e-03 2.41235e-03 2.34900e-03 2.28710e-03 2.22710e-03 2.16924e-03 2.11362e-03 2.06022e-03 2.00894e-03 1.95964e-03 1.91211e-03 1.86614e-03 1.82150e-03 1.77797e-03 1.73538e-03 1.69359e-03 1.65255e-03 1.61228e-03 1.57288e-03 1.53454e-03 1.49750e-03 1.46208e-03 1.42861e-03 1.39740e-03 1.36877e-03 1.34294e-03 1.32009e-03 1.30025e-03 1.28338e-03 1.26931e-03 1.25775e-03 1.24835e-03 1.24073e-03 1.23456e-03 1.22954e-03 1.22549e-03 1.22231e-03 1.21995e-03 1.21837e-03 1.21752e-03 1.21735e-03 1.21785e-03 1.21912e-03 1.22129e-03 1.22455e-03 1.22902e-03 1.23477e-03 1.24180e-03 1.25005e-03 1.25939e-03 1.26955e-03 1.28010e-03 1.29046e-03 1.29996e-03 1.30794e-03 1.31389e-03 1.31751e-03 1.31876e-03 1.31786e-03 1.31516e-03 1.31100e-03 1.30552e-03 1.29857e-03 1.28962e-03 1.27798e-03 1.26292e-03 1.24384e-03 1.22051e-03 1.19302e-03 1.16185e-03 1.12773e-03 1.09156e-03 1.05426e-03 1.01669e-03 9.79588e-04 9.43516e-04 9.08880e-04 8.75936e-04 8.44815e-04 8.15539e-04 7.88045e-04 7.62194e-04 7.37788e-04 7.14587e-04 6.92325e-04 6.70729e-04 6.49532e-04 6.28482e-04 6.07346e-04 5.85917e-04 5.64014e-04 5.41484e-04 5.18213e-04 4.94126e-04 4.69190e-04 4.43420e-04 4.16876e-04 3.89661e-04 3.61916e-04 3.33823e-04 3.05596e-04 2.77477e-04 2.49731e-04 2.22633e-04 1.96464e-04 1.71494e-04 1.47978e-04 1.26143e-04 1.06174e-04 8.82054e-05 7.23049e-05 5.84684e-05 4.66218e-05 3.66340e-05 2.83372e-05 2.15464e-05 1.60728e-05 1.17303e-05 8.34011e-06 5.73790e-06 3.78177e-06 2.35501e-06 1.36058e-06 7.11455e-07 3.24454e-07 1.21081e-07 3.25691e-08 4.64123e-09 1.19358e-10
8.305944 1.55385e-02 2.71477e-02 2.33460e-02 1.96433e-02 1.63030e-02 1.34087e-02 1.10368e-02 9.21611e-03 7.91813e-03 7.07240e-03 6.58802e-03 6.36790e-03 6.31553e-03 6.34159e-03 6.37446e-03 6.36950e-03 6.31045e-03 6.20181e-03 6.05770e-03 5.89299e-03 5.71911e-03 5.54369e-03 5.37197e-03 5.20825e-03 5.05654e-03 4.92040e-03 4.80218e-03 4.70248e-03 4.61993e-03 4.55148e-03 4.49294e-03 4.43965e-03 4.38721e-03 4.33206e-03 4.27186e-03 4.20566e-03 4.13375e-03 4.05734e-03 3.97816e-03 3.89806e-03 3.81872e-03 3.74140e-03 3.66695e-03 3.59581e-03 3.52811e-03 3.46369e-03 3.40223e-03 3.34323e-03 3.28606e-03 3.23009e-03 3.17480e-03 3.11987e-03 3.06528e-03 3.01121e-03 2.95786e-03 2.90519e-03 2.85275e-03 2.79970e-03 2.74502e-03 2.68786e-03 2.62793e-03 2.56556e-03 2.50158e-03 2.43708e-03 2.37310e-03 2.31048e-03 2.24980e-03 2.19142e-03 2.13549e-03 2.08203e-03 2.03099e-03 1.98219e-03 1.93545e-03 1.89053e-03 1.84718e-03 1.80516e-03 1.76425e-03 1.72425e-03 1.68502e-03 1.64649e-03 1.60866e-03 1.57162e-03 1.53552e-03 1.50060e-03 1.46714e-03 1.43543e-03 1.40579e-03 1.37849e-03 1.35377e-03 1.33178e-03 1.31259e-03 1.29619e-03 1.28244e-03 1.27111e-03 1.26191e-03 1.25451e-03 1.24860e-03 1.24390e-03 1.24025e-03 1.23757e-03 1.23585e-03 1.23510e-03 1.23535e-03 1.23661e-03 1.23894e-03 1.24243e-03 1.24724e-03 1.25350e-03 1.26127e-03 1.27049e-03 1.28098e-03 1.29242e-03 1.30442e-03 1.31639e-03 1.32762e-03 1.33731e-03 1.34475e-03 1.34942e-03 1.35118e-03 1.35029e-03 1.34734e-03 1.34310e-03 1.33823e-03 1.33303e-03 1.32731e-03 1.32036e-03 1.31116e-03 1.29865e-03 1.28189e-03 1.26034e-03 1.23393e-03 1.20301e-03 1.16832e-03 1.13083e-03 1.09161e-03 1.05168e-03 1.01196e-03 9.73195e-04 9.35931e-04 9.00545e-04 8.67253e-04 8.36133e-04 8.07145e-04 7.80154e-04 7.54945e-04 7.31254e-04 7.08786e-04 6.87242e-04 6.66335e-04 6.45800e-04 6.25396e-04 6.04904e-04 5.84132e-04 5.62905e-04 5.41077e-04 5.18525e-04 4.95161e-04 4.70934e-04 4.45836e-04 4.19902e-04 3.93217e-04 3.65911e-04 3.38158e-04 3.10174e-04 2.82206e-04 2.54524e-04 2.27409e-04 2.01143e-04 1.76001e-04 1.52236e-04 1.30080e-04 1.09726e-04 9.13237e-05 7.49613e-05 6.06603e-05 4.83713e-05 3.79824e-05 2.93361e-05 2.22504e-05 1.65360e-05 1.20059e-05 8.48028e-06 5.79146e-06 3.78903e-06 2.34390e-06 1.34652e-06 7.00648e-07 3.18046e-07 1.18145e-07 3.16417e-08 4.49332e-09 1.15306e-10
8.406016 1.55264e-02 2.70859e-02 2.32215e-02 1.94689e-02 1.61445e-02 1.33036e-02 1.09840e-02 9.19551e-03 7.90943e-03 7.06393e-03 6.57558e-03 6.34961e-03 6.28859e-03 6.30321e-03 6.32451e-03 6.31165e-03 6.25061e-03 6.14552e-03 6.00833e-03 5.85150e-03 5.68507e-03 5.51657e-03 5.35206e-03 5.19690e-03 5.05576e-03 4.93208e-03 4.82739e-03 4.74107e-03 4.67043e-03 4.61130e-03 4.55874e-03 4.50781e-03 4.45430e-03 4.39519e-03 4.32897e-03 4.25552e-03 4.17590e-03 4.09185e-03 4.00541e-03 3.91856e-03 3.83300e-03 3.74997e-03 3.67033e-03 3.59454e-03 3.52276e-03 3.45487e-03 3.39052e-03 3.32912e-03 3.26992e-03 3.21216e-03 3.15525e-03 3.09888e-03 3.04311e-03 2.98817e-03 2.93421e-03 2.88102e-03 2.82787e-03 2.77369e-03 2.71742e-03 2.65844e-03 2.59680e-03 2.53318e-03 2.46863e-03 2.40429e-03 2.34112e-03 2.27984e-03 2.22090e-03 2.16453e-03 2.11079e-03 2.05965e-03 2.01095e-03 1.96453e-03 1.92017e-03 1.87761e-03 1.83663e-03 1.79698e-03 1.75844e-03 1.72080e-03 1.68391e-03 1.64767e-03 1.61206e-03 1.57714e-03 1.54303e-03 1.50995e-03 1.47814e-03 1.44787e-03 1.41942e-03 1.39304e-03 1.36894e-03 1.34728e-03 1.32816e-03 1.31159e-03 1.29750e-03 1.28576e-03 1.27616e-03 1.26849e-03 1.26249e-03 1.25800e-03 1.25488e-03 1.25309e-03 1.25266e-03 1.25362e-03 1.25600e-03 1.25979e-03 1.26499e-03 1.27165e-03 1.27982e-03 1.28953e-03 1.30072e-03 1.31315e-03 1.32640e-03 1.33987e-03 1.35279e-03 1.36429e-03 1.37350e-03 1.37969e-03 1.38248e-03 1.38196e-03 1.37874e-03 1.37383e-03 1.36833e-03 1.36310e-03 1.35854e-03 1.35436e-03 1.34969e-03 1.34325e-03 1.33366e-03 1.31971e-03 1.30058e-03 1.27597e-03 1.24608e-03 1.21160e-03 1.17350e-03 1.13297e-03 1.09118e-03 1.04922e-03 1.00804e-03 9.68352e-04 9.30665e-04 8.95298e-04 8.62392e-04 8.31937e-04 8.03798e-04 7.77742e-04 7.53472e-04 7.30656e-04 7.08959e-04 6.88066e-04 6.67691e-04 6.47583e-04 6.27521e-04 6.07312e-04 5.86786e-04 5.65792e-04 5.44199e-04 5.21896e-04 4.98798e-04 4.74850e-04 4.50031e-04 4.24362e-04 3.97913e-04 3.70801e-04 3.43192e-04 3.15297e-04 2.87361e-04 2.59655e-04 2.32460e-04 2.06057e-04 1.80719e-04 1.56698e-04 1.34223e-04 1.13492e-04 9.46619e-05 7.78384e-05 6.30650e-05 5.03175e-05 3.95060e-05 3.04883e-05 2.30888e-05 1.71181e-05 1.23860e-05 8.70923e-06 5.91535e-06 3.84705e-06 2.36575e-06 1.35162e-06 6.99774e-07 3.16165e-07 1.16927e-07 3.11902e-08 4.41525e-09 1.13086e-10
8.506088 1.45707e-02 2.58480e-02 2.25680e-02 1.91914e-02 1.60329e-02 1.32589e-02 1.09721e-02 9.20204e-03 7.92400e-03 7.07874e-03 6.58552e-03 6.35105e-03 6.27888e-03 6.28172e-03 6.29373e-03 6.27662e-03 6.21679e-03 6.11670e-03 5.98584e-03 5.83487e-03 5.67331e-03 5.50943e-03 5.35057e-03 5.20316e-03 5.07222e-03 4.96066e-03 4.86886e-03 4.79474e-03 4.73423e-03 4.68216e-03 4.63306e-03 4.58201e-03 4.52528e-03 4.46069e-03 4.38767e-03 4.30702e-03 4.22045e-03 4.13008e-03 4.03806e-03 3.94627e-03 3.85622e-03 3.76899e-03 3.68533e-03 3.60569e-03 3.53024e-03 3.45892e-03 3.39139e-03 3.32703e-03 3.26506e-03 3.20476e-03 3.14562e-03 3.08750e-03 3.03061e-03 2.97519e-03 2.92119e-03 2.86799e-03 2.81448e-03 2.75938e-03 2.70175e-03 2.64129e-03 2.57850e-03 2.51434e-03 2.45001e-03 2.38657e-03 2.32484e-03 2.26537e-03 2.20845e-03 2.15419e-03 2.10257e-03 2.05350e-03 2.00682e-03 1.96236e-03 1.91992e-03 1.87928e-03 1.84020e-03 1.80245e-03 1.76581e-03 1.73005e-03 1.69501e-03 1.66055e-03 1.62664e-03 1.59329e-03 1.56061e-03 1.52877e-03 1.49799e-03 1.46850e-03 1.44056e-03 1.41439e-03 1.39021e-03 1.36817e-03 1.34842e-03 1.33102e-03 1.31602e-03 1.30339e-03 1.29308e-03 1.28499e-03 1.27901e-03 1.27503e-03 1.27300e-03 1.27288e-03 1.27467e-03 1.27837e-03 1.28391e-03 1.29120e-03 1.30014e-03 1.31063e-03 1.32258e-03 1.33585e-03 1.35018e-03 1.36505e-03 1.37966e-03 1.39305e-03 1.40415e-03 1.41206e-03 1.41617e-03 1.41638e-03 1.41317e-03 1.40758e-03 1.40092e-03 1.39452e-03 1.38934e-03 1.38570e-03 1.38317e-03 1.38072e-03 1.37689e-03 1.37011e-03 1.35898e-03 1.34247e-03 1.32005e-03 1.29177e-03 1.25818e-03 1.22021e-03 1.17907e-03 1.13606e-03 1.09244e-03 1.04931e-03 1.00757e-03 9.67883e-04 9.30682e-04 8.96179e-04 8.64398e-04 8.35207e-04 8.08352e-04 7.83500e-04 7.60275e-04 7.38301e-04 7.17224e-04 6.96730e-04 6.76549e-04 6.56455e-04 6.36257e-04 6.15799e-04 5.94945e-04 5.73584e-04 5.51618e-04 5.28965e-04 5.05559e-04 4.81354e-04 4.56329e-04 4.30500e-04 4.03923e-04 3.76702e-04 3.48990e-04 3.20987e-04 2.92930e-04 2.65083e-04 2.37722e-04 2.11124e-04 1.85555e-04 1.61263e-04 1.38471e-04 1.17374e-04 9.81326e-05 8.08619e-05 6.56231e-05 5.24143e-05 4.11690e-05 3.17633e-05 2.40326e-05 1.77899e-05 1.28424e-05 9.00186e-06 6.08996e-06 3.94252e-06 2.41273e-06 1.37189e-06 7.07067e-07 3.18117e-07 1.17191e-07 3.11535e-08 4.39833e-09 1.12472e-10
8.606159 1.48251e-02 2.57874e-02 2.22119e-02 1.88373e-02 1.58049e-02 1.31481e-02 1.09303e-02 9.18956e-03 7.91963e-03 7.07375e-03 6.57605e-03 6.33421e-03 6.25255e-03 6.24610e-03 6.25200e-03 6.23361e-03 6.17676e-03 6.08176e-03 5.95592e-03 5.80882e-03 5.65036e-03 5.49009e-03 5.33674e-03 5.19755e-03 5.07738e-03 4.97814e-03 4.89870e-03 4.83542e-03 4.78300e-03 4.73551e-03 4.68733e-03 4.63394e-03 4.57242e-03 4.50162e-03 4.42201e-03 4.33517e-03 4.24330e-03 4.14868e-03 4.05332e-03 3.95882e-03 3.86633e-03 3.77665e-03 3.69037e-03 3.60786e-03 3.52933e-03 3.45477e-03 3.38390e-03 3.31618e-03 3.25099e-03 3.18779e-03 3.12641e-03 3.06701e-03 3.00988e-03 2.95508e-03 2.90209e-03 2.84972e-03 2.79646e-03 2.74100e-03 2.68270e-03 2.62175e-03 2.55901e-03 2.49564e-03 2.43278e-03 2.37131e-03 2.31185e-03 2.25476e-03 2.20018e-03 2.14816e-03 2.09864e-03 2.05153e-03 2.00670e-03 1.96401e-03 1.92329e-03 1.88434e-03 1.84693e-03 1.81083e-03 1.77579e-03 1.74156e-03 1.70796e-03 1.67483e-03 1.64208e-03 1.60974e-03 1.57788e-03 1.54664e-03 1.51621e-03 1.48681e-03 1.45868e-03 1.43204e-03 1.40712e-03 1.38413e-03 1.36327e-03 1.34472e-03 1.32864e-03 1.31515e-03 1.30432e-03 1.29621e-03 1.29079e-03 1.28805e-03 1.28793e-03 1.29038e-03 1.29532e-03 1.30263e-03 1.31214e-03 1.32361e-03 1.33678e-03 1.35136e-03 1.36701e-03 1.38329e-03 1.39955e-03 1.41484e-03 1.42805e-03 1.43803e-03 1.44389e-03 1.44527e-03 1.44249e-03 1.43650e-03 1.42872e-03 1.42075e-03 1.41397e-03 1.40927e-03 1.40678e-03 1.40589e-03 1.40543e-03 1.40385e-03 1.39953e-03 1.39101e-03 1.37714e-03 1.35726e-03 1.33123e-03 1.29940e-03 1.26261e-03 1.22200e-03 1.17889e-03 1.13463e-03 1.09048e-03 1.04750e-03 1.00650e-03 9.68049e-04 9.32435e-04 8.99732e-04 8.69822e-04 8.42437e-04 8.17212e-04 7.93733e-04 7.71578e-04 7.50352e-04 7.29704e-04 7.09339e-04 6.89013e-04 6.68536e-04 6.47759e-04 6.26572e-04 6.04894e-04 5.82664e-04 5.59836e-04 5.36371e-04 5.12233e-04 4.87399e-04 4.61855e-04 4.35614e-04 4.08722e-04 3.81267e-04 3.53383e-04 3.25253e-04 2.97095e-04 2.69161e-04 2.41714e-04 2.15020e-04 1.89338e-04 1.64903e-04 1.41931e-04 1.20609e-04 1.01092e-04 8.35003e-05 6.79050e-05 5.43227e-05 4.27092e-05 3.29618e-05 2.49312e-05 1.84379e-05 1.32900e-05 9.29554e-06 6.27101e-06 4.04604e-06 2.46686e-06 1.39732e-06 7.17530e-07 3.21718e-07 1.18148e-07 3.13232e-08 4.41313e-09 1.12710e-10
8.706231 1.42638e-02 2.53873e-02 2.21486e-02 1.87886e-02 1.57299e-02 1.30915e-02 1.09110e-02 9.19805e-03 7.93785e-03 7.08761e-03 6.57817e-03 6.32221e-03 6.22742e-03 6.21148e-03 6.21313e-03 6.19553e-03 6.14256e-03 6.05208e-03 5.92971e-03 5.78485e-03 5.62844e-03 5.47157e-03 5.32414e-03 5.19365e-03 5.08428e-03 4.99659e-03 4.92789e-03 4.87318e-03 4.82628e-03 4.78093e-03 4.73177e-03 4.67497e-03 4.60857e-03 4.53243e-03 4.44784e-03 4.35698e-03 4.26225e-03 4.16584e-03 4.06944e-03 3.97425e-03 3.88101e-03 3.79023e-03 3.70228e-03 3.61750e-03 3.53613e-03 3.45825e-03 3.38372e-03 3.31225e-03 3.24352e-03 3.17744e-03 3.11424e-03 3.05434e-03 2.99797e-03 2.94476e-03 2.89352e-03 2.84251e-03 2.78998e-03 2.73479e-03 2.67672e-03 2.61636e-03 2.55476e-03 2.49306e-03 2.43224e-03 2.37299e-03 2.31574e-03 2.26073e-03 2.20805e-03 2.15773e-03 2.10974e-03 2.06403e-03 2.02051e-03 1.97908e-03 1.93957e-03 1.90179e-03 1.86552e-03 1.83049e-03 1.79642e-03 1.76305e-03 1.73014e-03 1.69754e-03 1.66514e-03 1.63293e-03 1.60099e-03 1.56946e-03 1.53850e-03 1.50836e-03 1.47927e-03 1.45149e-03 1.42532e-03 1.40103e-03 1.37892e-03 1.35929e-03 1.34239e-03 1.32849e-03 1.31776e-03 1.31035e-03 1.30631e-03 1.30565e-03 1.30828e-03 1.31408e-03 1.32287e-03 1.33441e-03 1.34835e-03 1.36429e-03 1.38168e-03 1.39988e-03 1.41815e-03 1.43558e-03 1.45112e-03 1.46362e-03 1.47202e-03 1.47562e-03 1.47433e-03 1.46883e-03 1.46049e-03 1.45103e-03 1.44219e-03 1.43536e-03 1.43125e-03 1.42981e-03 1.43027e-03 1.43134e-03 1.43146e-03 1.42905e-03 1.42270e-03 1.41128e-03 1.39402e-03 1.37062e-03 1.34126e-03 1.30655e-03 1.26749e-03 1.22532e-03 1.18142e-03 1.13712e-03 1.09361e-03 1.05188e-03 1.01261e-03 9.76208e-04 9.42824e-04 9.12371e-04 8.84585e-04 8.59082e-04 8.35414e-04 8.13117e-04 7.91751e-04 7.70921e-04 7.50292e-04 7.29591e-04 7.08610e-04 6.87198e-04 6.65261e-04 6.42749e-04 6.19648e-04 5.95963e-04 5.71708e-04 5.46898e-04 5.21538e-04 4.95630e-04 4.69172e-04 4.42176e-04 4.14677e-04 3.86742e-04 3.58485e-04 3.30061e-04 3.01670e-04 2.73542e-04 2.45927e-04 2.19077e-04 1.93237e-04 1.68635e-04 1.45474e-04 1.23930e-04 1.04152e-04 8.62568e-05 7.03208e-05 5.63742e-05 4.43922e-05 3.42933e-05 2.59463e-05 1.91829e-05 1.38152e-05 9.64940e-06 6.49719e-06 4.18191e-06 2.54272e-06 1.43619e-06 7.35455e-07 3.28917e-07 1.20519e-07 3.18899e-08 4.48638e-09 1.14479e-10
8.806303 1.38544e-02 2.45420e-02 2.14552e-02 1.84033e-02 1.55773e-02 1.30511e-02 1.09148e-02 9.21939e-03 7.96529e-03 7.11309e-03 6.59518e-03 6.32706e-03 6.22025e-03 6.19578e-03 6.19390e-03 6.17696e-03 6.12659e-03 6.03846e-03 5.91722e-03 5.77283e-03 5.61768e-03 5.46426e-03 5.32317e-03 5.20154e-03 5.10238e-03 5.02467e-03 4.96429e-03 4.91517e-03 4.87070e-03 4.82475e-03 4.77255e-03 4.71118e-03 4.63967e-03 4.55875e-03 4.47035e-03 4.37693e-03 4.28087e-03 4.18409e-03 4.08787e-03 3.99297e-03 3.89974e-03 3.80841e-03 3.71920e-03 3.63239e-03 3.54827e-03 3.46703e-03 3.38874e-03 3.31345e-03 3.24135e-03 3.17291e-03 3.10882e-03 3.04960e-03 2.99512e-03 2.94433e-03 2.89529e-03 2.84587e-03 2.79434e-03 2.73995e-03 2.68286e-03 2.62392e-03 2.56420e-03 2.50469e-03 2.44614e-03 2.38908e-03 2.33383e-03 2.28058e-03 2.22943e-03 2.18043e-03 2.13362e-03 2.08896e-03 2.04642e-03 2.00588e-03 1.96719e-03 1.93013e-03 1.89444e-03 1.85981e-03 1.82595e-03 1.79255e-03 1.75938e-03 1.72628e-03 1.69316e-03 1.66005e-03 1.62701e-03 1.59422e-03 1.56188e-03 1.53026e-03 1.49964e-03 1.47035e-03 1.44276e-03 1.41723e-03 1.39415e-03 1.37389e-03 1.35683e-03 1.34328e-03 1.33349e-03 1.32765e-03 1.32584e-03 1.32804e-03 1.33413e-03 1.34390e-03 1.35705e-03 1.37313e-03 1.39158e-03 1.41161e-03 1.43226e-03 1.45240e-03 1.47079e-03 1.48622e-03 1.49756e-03 1.50402e-03 1.50523e-03 1.50148e-03 1.49375e-03 1.48364e-03 1.47303e-03 1.46372e-03 1.45702e-03 1.45352e-03 1.45300e-03 1.45455e-03 1.45678e-03 1.45816e-03 1.45719e-03 1.45256e-03 1.44322e-03 1.42844e-03 1.40782e-03 1.38138e-03 1.34951e-03 1.31299e-03 1.27287e-03 1.23045e-03 1.18706e-03 1.14395e-03 1.10223e-03 1.06272e-03 1.02597e-03 9.92221e-04 9.61455e-04 9.33442e-04 9.07802e-04 8.84068e-04 8.61744e-04 8.40345e-04 8.19428e-04 7.98607e-04 7.77562e-04 7.56045e-04 7.33888e-04 7.10991e-04 6.87329e-04 6.62927e-04 6.37851e-04 6.12187e-04 5.86018e-04 5.59415e-04 5.32427e-04 5.05081e-04 4.77389e-04 4.49359e-04 4.21011e-04 3.92395e-04 3.63595e-04 3.34743e-04 3.06011e-04 2.77610e-04 2.49769e-04 2.22729e-04 1.96719e-04 1.71957e-04 1.48633e-04 1.26911e-04 1.06929e-04 8.87943e-05 7.25834e-05 5.83322e-05 4.60300e-05 3.56139e-05 2.69711e-05 1.99476e-05 1.43629e-05 1.00248e-05 6.74204e-06 4.33262e-06 2.62944e-06 1.48225e-06 7.57616e-07 3.38264e-07 1.23767e-07 3.27114e-08 4.59794e-09 1.17265e-10
8.906374 1.39958e-02 2.46418e-02 2.14351e-02 1.83085e-02 1.54789e-02 1.29945e-02 1.09030e-02 9.23365e-03 7.98655e-03 7.12947e-03 6.60104e-03 6.32081e-03 6.20324e-03 6.17145e-03 6.16624e-03 6.14885e-03 6.09904e-03 6.01112e-03 5.88967e-03 5.74563e-03 5.59272e-03 5.44426e-03 5.31071e-03 5.19822e-03 5.10829e-03 5.03846e-03 4.98353e-03 4.93697e-03 4.89225e-03 4.84379e-03 4.78767e-03 4.72187e-03 4.64626e-03 4.56221e-03 4.47195e-03 4.37796e-03 4.28238e-03 4.18675e-03 4.09193e-03 3.99826e-03 3.90583e-03 3.81465e-03 3.72485e-03 3.63670e-03 3.55051e-03 3.46662e-03 3.38536e-03 3.30725e-03 3.23308e-03 3.16387e-03 3.10059e-03 3.04357e-03 2.99206e-03 2.94422e-03 2.89760e-03 2.84996e-03 2.79988e-03 2.74700e-03 2.69177e-03 2.63506e-03 2.57780e-03 2.52078e-03 2.46458e-03 2.40961e-03 2.35618e-03 2.30447e-03 2.25465e-03 2.20680e-03 2.16098e-03 2.11721e-03 2.07541e-03 2.03548e-03 1.99722e-03 1.96038e-03 1.92464e-03 1.88969e-03 1.85518e-03 1.82086e-03 1.78650e-03 1.75199e-03 1.71729e-03 1.68245e-03 1.64763e-03 1.61302e-03 1.57889e-03 1.54556e-03 1.51339e-03 1.48278e-03 1.45415e-03 1.42794e-03 1.40460e-03 1.38457e-03 1.36825e-03 1.35599e-03 1.34807e-03 1.34466e-03 1.34584e-03 1.35154e-03 1.36157e-03 1.37558e-03 1.39304e-03 1.41319e-03 1.43504e-03 1.45736e-03 1.47869e-03 1.49754e-03 1.51250e-03 1.52252e-03 1.52704e-03 1.52613e-03 1.52047e-03 1.51132e-03 1.50031e-03 1.48929e-03 1.47994e-03 1.47347e-03 1.47041e-03 1.47048e-03 1.47272e-03 1.47574e-03 1.47802e-03 1.47813e-03 1.47488e-03 1.46736e-03 1.45490e-03 1.43713e-03 1.41396e-03 1.38559e-03 1.35254e-03 1.31566e-03 1.27601e-03 1.23480e-03 1.19328e-03 1.15258e-03 1.11366e-03 1.07718e-03 1.04353e-03 1.01281e-03 9.84849e-04 9.59316e-04 9.35753e-04 9.13646e-04 8.92476e-04 8.71747e-04 8.51013e-04 8.29890e-04 8.08072e-04 7.85342e-04 7.61578e-04 7.36753e-04 7.10927e-04 6.84220e-04 6.56792e-04 6.28815e-04 6.00445e-04 5.71809e-04 5.42992e-04 5.14043e-04 4.84977e-04 4.55798e-04 4.26510e-04 3.97137e-04 3.67740e-04 3.38422e-04 3.09332e-04 2.80654e-04 2.52603e-04 2.25400e-04 1.99265e-04 1.74401e-04 1.50987e-04 1.29174e-04 1.09085e-04 9.08175e-05 7.44384e-05 5.99840e-05 4.74506e-05 3.67896e-05 2.79052e-05 2.06592e-05 1.48820e-05 1.03866e-05 6.98182e-06 4.48282e-06 2.71758e-06 1.53013e-06 7.81248e-07 3.48513e-07 1.27435e-07 3.36651e-08 4.73042e-09 1.20620e-10
9.006446 1.35775e-02 2.41501e-02 2.11676e-02 1.81571e-02 1.53990e-02 1.29724e-02 1.09241e-02 9.27974e-03 8.04007e-03 7.17684e-03 6.63435e-03 6.33772e-03 6.20573e-03 6.16371e-03 6.15249e-03 6.13189e-03 6.08009e-03 5.99062e-03 5.86843e-03 5.72541e-03 5.57601e-03 5.43355e-03 5.30765e-03 5.20308e-03 5.11998e-03 5.05488e-03 5.00213e-03 4.95532e-03 4.90843e-03 4.85662e-03 4.79677e-03 4.72761e-03 4.64955e-03 4.56422e-03 4.47391e-03 4.38087e-03 4.28693e-03 4.19325e-03 4.10034e-03 4.00828e-03 3.91697e-03 3.82635e-03 3.73649e-03 3.64766e-03 3.56022e-03 3.47463e-03 3.39158e-03 3.31205e-03 3.23740e-03 3.16902e-03 3.10787e-03 3.05382e-03 3.00543e-03 2.96027e-03 2.91573e-03 2.86978e-03 2.82137e-03 2.77042e-03 2.71742e-03 2.66314e-03 2.60829e-03 2.55350e-03 2.49925e-03 2.44593e-03 2.39385e-03 2.34326e-03 2.29435e-03 2.24723e-03 2.20198e-03 2.15858e-03 2.11698e-03 2.07700e-03 2.03841e-03 2.00093e-03 1.96422e-03 1.92796e-03 1.89184e-03 1.85563e-03 1.81918e-03 1.78243e-03 1.74542e-03 1.70829e-03 1.67123e-03 1.63452e-03 1.59849e-03 1.56351e-03 1.52999e-03 1.49840e-03 1.46920e-03 1.44289e-03 1.41995e-03 1.40083e-03 1.38594e-03 1.37564e-03 1.37019e-03 1.36972e-03 1.37426e-03 1.38364e-03 1.39749e-03 1.41520e-03 1.43590e-03 1.45841e-03 1.48131e-03 1.50299e-03 1.52178e-03 1.53620e-03 1.54521e-03 1.54841e-03 1.54614e-03 1.53940e-03 1.52965e-03 1.51855e-03 1.50775e-03 1.49871e-03 1.49251e-03 1.48962e-03 1.48986e-03 1.49237e-03 1.49584e-03 1.49880e-03 1.49987e-03 1.49792e-03 1.49212e-03 1.48191e-03 1.46697e-03 1.44719e-03 1.42265e-03 1.39368e-03 1.36084e-03 1.32493e-03 1.28695e-03 1.24801e-03 1.20921e-03 1.17156e-03 1.13585e-03 1.10262e-03 1.07211e-03 1.04432e-03 1.01897e-03 9.95673e-04 9.73913e-04 9.53147e-04 9.32829e-04 9.12443e-04 8.91521e-04 8.69675e-04 8.46609e-04 8.22147e-04 7.96235e-04 7.68939e-04 7.40425e-04 7.10926e-04 6.80706e-04 6.50024e-04 6.19105e-04 5.88123e-04 5.57193e-04 5.26373e-04 4.95677e-04 4.65096e-04 4.34616e-04 4.04237e-04 3.73994e-04 3.43967e-04 3.14280e-04 2.85098e-04 2.56619e-04 2.29053e-04 2.02609e-04 1.77481e-04 1.53839e-04 1.31822e-04 1.11541e-04 9.30779e-05 7.64902e-05 6.18071e-05 4.90259e-05 3.81061e-05 2.89649e-05 2.14786e-05 1.54893e-05 1.08168e-05 7.27208e-06 4.66823e-06 2.82878e-06 1.59199e-06 8.12542e-07 3.62415e-07 1.32522e-07 3.50129e-08 4.92043e-09 1.25475e-10
9.106517 1.31559e-02 2.35514e-02 2.07919e-02 1.79797e-02 1.53460e-02 1.29802e-02 1.09602e-02 9.33006e-03 8.09568e-03 7.22955e-03 6.67743e-03 6.36757e-03 6.22221e-03 6.16906e-03 6.14960e-03 6.12315e-03 6.06725e-03 5.97541e-03 5.85305e-03 5.71251e-03 5.56815e-03 5.43245e-03 5.31363e-03 5.21509e-03 5.13594e-03 5.07228e-03 5.01862e-03 4.96910e-03 4.91845e-03 4.86262e-03 4.79917e-03 4.72731e-03 4.64771e-03 4.56204e-03 4.47240e-03 4.38077e-03 4.28864e-03 4.19685e-03 4.10571e-03 4.01516e-03 3.92502e-03 3.83521e-03 3.74581e-03 3.65706e-03 3.56937e-03 3.48339e-03 3.40014e-03 3.32109e-03 3.24797e-03 3.18227e-03 3.12457e-03 3.07407e-03 3.02868e-03 2.98575e-03 2.94282e-03 2.89831e-03 2.85155e-03 2.80258e-03 2.75185e-03 2.69991e-03 2.64730e-03 2.59451e-03 2.54200e-03 2.49013e-03 2.43924e-03 2.38960e-03 2.34141e-03 2.29479e-03 2.24980e-03 2.20640e-03 2.16447e-03 2.12383e-03 2.08421e-03 2.04530e-03 2.00680e-03 1.96839e-03 1.92985e-03 1.89102e-03 1.85182e-03 1.81230e-03 1.77259e-03 1.73287e-03 1.69344e-03 1.65463e-03 1.61682e-03 1.58043e-03 1.54594e-03 1.51384e-03 1.48464e-03 1.45886e-03 1.43699e-03 1.41948e-03 1.40672e-03 1.39904e-03 1.39663e-03 1.39951e-03 1.40756e-03 1.42036e-03 1.43725e-03 1.45727e-03 1.47912e-03 1.50129e-03 1.52209e-03 1.53987e-03 1.55318e-03 1.56104e-03 1.56316e-03 1.56000e-03 1.55270e-03 1.54284e-03 1.53210e-03 1.52198e-03 1.51368e-03 1.50803e-03 1.50543e-03 1.50575e-03 1.50832e-03 1.51201e-03 1.51545e-03 1.51731e-03 1.51650e-03 1.51223e-03 1.50403e-03 1.49165e-03 1.47502e-03 1.45419e-03 1.42938e-03 1.40093e-03 1.36940e-03 1.33552e-03 1.30016e-03 1.26428e-03 1.22886e-03 1.19473e-03 1.16257e-03 1.13279e-03 1.10552e-03 1.08065e-03 1.05786e-03 1.03670e-03 1.01661e-03 9.97016e-04 9.77328e-04 9.56997e-04 9.35535e-04 9.12550e-04 8.87781e-04 8.61118e-04 8.32606e-04 8.02431e-04 7.70885e-04 7.38321e-04 7.05107e-04 6.71582e-04 6.38025e-04 6.04640e-04 5.71555e-04 5.38824e-04 5.06451e-04 4.74407e-04 4.42659e-04 4.11186e-04 3.80002e-04 3.49166e-04 3.18785e-04 2.89010e-04 2.60026e-04 2.32035e-04 2.05239e-04 1.79824e-04 1.55951e-04 1.33751e-04 1.13319e-04 9.47230e-05 7.80049e-05 6.31815e-05 5.02437e-05 3.91513e-05 2.98289e-05 2.21633e-05 1.60079e-05 1.11913e-05 7.52902e-06 4.83486e-06 2.93020e-06 1.64927e-06 8.41977e-07 3.75706e-07 1.37463e-07 3.63412e-08 5.10976e-09 1.30344e-10
9.206589 1.36875e-02 2.40399e-02 2.08824e-02 1.79009e-02 1.52694e-02 1.29601e-02 1.09894e-02 9.38480e-03 8.15561e-03 7.28211e-03 6.71621e-03 6.39019e-03 6.22898e-03 6.16188e-03 6.13113e-03 6.09627e-03 6.03507e-03 5.94130e-03 5.82049e-03 5.68457e-03 5.54677e-03 5.41801e-03 5.30503e-03 5.21016e-03 5.13213e-03 5.06729e-03 5.01077e-03 4.95753e-03 4.90308e-03 4.84399e-03 4.77823e-03 4.70521e-03 4.62561e-03 4.54095e-03 4.45307e-03 4.36366e-03 4.27394e-03 4.18457e-03 4.09574e-03 4.00737e-03 3.91928e-03 3.83138e-03 3.74374e-03 3.65658e-03 3.57036e-03 3.48594e-03 3.40466e-03 3.32833e-03 3.25880e-03 3.19728e-03 3.14374e-03 3.09674e-03 3.05390e-03 3.01268e-03 2.97110e-03 2.92798e-03 2.88294e-03 2.83604e-03 2.78756e-03 2.73788e-03 2.68740e-03 2.63654e-03 2.58568e-03 2.53521e-03 2.48544e-03 2.43665e-03 2.38903e-03 2.34267e-03 2.29762e-03 2.25380e-03 2.21107e-03 2.16923e-03 2.12801e-03 2.08713e-03 2.04632e-03 2.00536e-03 1.96409e-03 1.92244e-03 1.88044e-03 1.83822e-03 1.79596e-03 1.75393e-03 1.71248e-03 1.67198e-03 1.63287e-03 1.59560e-03 1.56069e-03 1.52866e-03 1.50003e-03 1.47533e-03 1.45504e-03 1.43958e-03 1.42929e-03 1.42438e-03 1.42489e-03 1.43066e-03 1.44127e-03 1.45602e-03 1.47391e-03 1.49365e-03 1.51374e-03 1.53256e-03 1.54852e-03 1.56030e-03 1.56704e-03 1.56848e-03 1.56508e-03 1.55791e-03 1.54851e-03 1.53848e-03 1.52923e-03 1.52180e-03 1.51681e-03 1.51454e-03 1.51490e-03 1.51741e-03 1.52115e-03 1.52496e-03 1.52760e-03 1.52800e-03 1.52536e-03 1.51923e-03 1.50941e-03 1.49587e-03 1.47871e-03 1.45808e-03 1.43424e-03 1.40754e-03 1.37844e-03 1.34756e-03 1.31565e-03 1.28352e-03 1.25197e-03 1.22172e-03 1.19333e-03 1.16709e-03 1.14308e-03 1.12111e-03 1.10081e-03 1.08169e-03 1.06313e-03 1.04452e-03 1.02523e-03 1.00466e-03 9.82332e-04 9.57856e-04 9.31033e-04 9.01847e-04 8.70464e-04 8.37204e-04 8.02491e-04 7.66796e-04 7.30577e-04 6.94237e-04 6.58094e-04 6.22366e-04 5.87175e-04 5.52563e-04 5.18515e-04 4.84981e-04 4.51905e-04 4.19250e-04 3.87012e-04 3.55237e-04 3.24020e-04 2.93506e-04 2.63872e-04 2.35317e-04 2.08039e-04 1.82224e-04 1.58027e-04 1.35569e-04 1.14937e-04 9.61816e-05 7.93289e-05 6.43796e-05 5.13123e-05 4.00809e-05 3.06107e-05 2.27949e-05 1.64957e-05 1.15501e-05 7.77938e-06 4.99989e-06 3.03224e-06 1.70780e-06 8.72511e-07 3.89687e-07 1.42725e-07 3.77705e-08 5.31500e-09 1.35646e-10
9.306661 1.29290e-02 2.31755e-02 2.05471e-02 1.78468e-02 1.52998e-02 1.30163e-02 1.10659e-02 9.47818e-03 8.25530e-03 7.37548e-03 6.79378e-03 6.44738e-03 6.26538e-03 6.17976e-03 6.13416e-03 6.08882e-03 6.02182e-03 5.92689e-03 5.80889e-03 5.67839e-03 5.54688e-03 5.42354e-03 5.31389e-03 5.21979e-03 5.14017e-03 5.07202e-03 5.01134e-03 4.95385e-03 4.89566e-03 4.83373e-03 4.76622e-03 4.69256e-03 4.61331e-03 4.52980e-03 4.44363e-03 4.35627e-03 4.26877e-03 4.18172e-03 4.09526e-03 4.00932e-03 3.92372e-03 3.83837e-03 3.75325e-03 3.66859e-03 3.58496e-03 3.50341e-03 3.42560e-03 3.35347e-03 3.28868e-03 3.23191e-03 3.18244e-03 3.13841e-03 3.09742e-03 3.05731e-03 3.01659e-03 2.97450e-03 2.93078e-03 2.88547e-03 2.83873e-03 2.79081e-03 2.74201e-03 2.69267e-03 2.64313e-03 2.59372e-03 2.54475e-03 2.49643e-03 2.44895e-03 2.40239e-03 2.35674e-03 2.31193e-03 2.26781e-03 2.22416e-03 2.18077e-03 2.13740e-03 2.09385e-03 2.04998e-03 2.00574e-03 1.96115e-03 1.91631e-03 1.87141e-03 1.82672e-03 1.78254e-03 1.73927e-03 1.69731e-03 1.65715e-03 1.61928e-03 1.58424e-03 1.55256e-03 1.52479e-03 1.50141e-03 1.48287e-03 1.46950e-03 1.46152e-03 1.45896e-03 1.46161e-03 1.46906e-03 1.48060e-03 1.49523e-03 1.51172e-03 1.52867e-03 1.54456e-03 1.55797e-03 1.56773e-03 1.57307e-03 1.57380e-03 1.57031e-03 1.56355e-03 1.55482e-03 1.54560e-03 1.53720e-03 1.53054e-03 1.52618e-03 1.52429e-03 1.52477e-03 1.52724e-03 1.53103e-03 1.53518e-03 1.53860e-03 1.54023e-03 1.53926e-03 1.53521e-03 1.52786e-03 1.51723e-03 1.50344e-03 1.48669e-03 1.46720e-03 1.44521e-03 1.42103e-03 1.39503e-03 1.36772e-03 1.33970e-03 1.31163e-03 1.28417e-03 1.25792e-03 1.23333e-03 1.21061e-03 1.18976e-03 1.17055e-03 1.15256e-03 1.13523e-03 1.11792e-03 1.09996e-03 1.08068e-03 1.05946e-03 1.03581e-03 1.00941e-03 9.80128e-04 9.48068e-04 9.13529e-04 8.76970e-04 8.38941e-04 8.00018e-04 7.60738e-04 7.21549e-04 6.82788e-04 6.44671e-04 6.07306e-04 5.70711e-04 5.34846e-04 4.99637e-04 4.65010e-04 4.30913e-04 3.97332e-04 3.64306e-04 3.31929e-04 3.00345e-04 2.69734e-04 2.40299e-04 2.12242e-04 1.85750e-04 1.60980e-04 1.38049e-04 1.17034e-04 9.79725e-05 8.08733e-05 6.57185e-05 5.24698e-05 4.10688e-05 3.14344e-05 2.34598e-05 1.70116e-05 1.19326e-05 8.04898e-06 5.17951e-06 3.14454e-06 1.77290e-06 9.06806e-07 4.05523e-07 1.48727e-07 3.94090e-08 5.55116e-09 1.41759e-10
9.406732 1.31435e-02 2.33354e-02 2.05147e-02 1.77674e-02 1.52710e-02 1.30470e-02 1.11330e-02 9.56102e-03 8.34130e-03 7.45583e-03 6.86130e-03 6.49691e-03 6.29466e-03 6.18962e-03 6.12795e-03 6.07161e-03 5.99937e-03 5.90456e-03 5.79061e-03 5.66604e-03 5.54022e-03 5.42075e-03 5.31236e-03 5.21694e-03 5.13402e-03 5.06144e-03 4.99600e-03 4.93409e-03 4.87224e-03 4.80766e-03 4.73857e-03 4.66439e-03 4.58555e-03 4.50320e-03 4.41875e-03 4.33352e-03 4.24844e-03 4.16406e-03 4.08049e-03 3.99766e-03 3.91535e-03 3.83340e-03 3.75175e-03 3.67066e-03 3.59086e-03 3.51369e-03 3.44100e-03 3.37464e-03 3.31579e-03 3.26439e-03 3.21911e-03 3.17786e-03 3.13848e-03 3.09929e-03 3.05929e-03 3.01800e-03 2.97529e-03 2.93118e-03 2.88580e-03 2.83933e-03 2.79198e-03 2.74403e-03 2.69574e-03 2.64738e-03 2.59919e-03 2.55136e-03 2.50402e-03 2.45720e-03 2.41090e-03 2.36501e-03 2.31938e-03 2.27385e-03 2.22822e-03 2.18234e-03 2.13611e-03 2.08947e-03 2.04247e-03 1.99520e-03 1.94785e-03 1.90066e-03 1.85393e-03 1.80803e-03 1.76336e-03 1.72039e-03 1.67963e-03 1.64160e-03 1.60684e-03 1.57590e-03 1.54928e-03 1.52741e-03 1.51062e-03 1.49910e-03 1.49286e-03 1.49169e-03 1.49516e-03 1.50256e-03 1.51296e-03 1.52523e-03 1.53806e-03 1.55014e-03 1.56020e-03 1.56723e-03 1.57061e-03 1.57018e-03 1.56629e-03 1.55975e-03 1.55166e-03 1.54324e-03 1.53563e-03 1.52968e-03 1.52588e-03 1.52437e-03 1.52504e-03 1.52757e-03 1.53146e-03 1.53595e-03 1.54012e-03 1.54299e-03 1.54372e-03 1.54175e-03 1.53684e-03 1.52899e-03 1.51835e-03 1.50516e-03 1.48968e-03 1.47213e-03 1.45274e-03 1.43174e-03 1.40944e-03 1.38620e-03 1.36249e-03 1.33883e-03 1.31573e-03 1.29368e-03 1.27301e-03 1.25385e-03 1.23614e-03 1.21960e-03 1.20375e-03 1.18801e-03 1.17169e-03 1.15409e-03 1.13450e-03 1.11234e-03 1.08714e-03 1.05864e-03 1.02682e-03 9.91903e-04 9.54325e-04 9.14671e-04 8.73603e-04 8.31778e-04 7.89786e-04 7.48100e-04 7.07053e-04 6.66845e-04 6.27556e-04 5.89174e-04 5.51632e-04 5.14835e-04 4.78693e-04 4.43144e-04 4.08173e-04 3.73820e-04 3.40186e-04 3.07422e-04 2.75720e-04 2.45292e-04 2.16350e-04 1.89088e-04 1.63665e-04 1.40199e-04 1.18758e-04 9.93701e-05 8.20251e-05 6.66855e-05 5.32927e-05 4.17707e-05 3.20262e-05 2.39465e-05 1.73975e-05 1.22251e-05 8.25957e-06 5.32262e-06 3.23568e-06 1.82668e-06 9.35626e-07 4.19048e-07 1.53927e-07 4.08460e-08 5.76009e-09 1.47195e-10
9.506804 1.30292e-02 2.33142e-02 2.05583e-02 1.78011e-02 1.53130e-02 1.31174e-02 1.12318e-02 9.67574e-03 8.45626e-03 7.55833e-03 6.94320e-03 6.55430e-03 6.32718e-03 6.19987e-03 6.12089e-03 6.05364e-03 5.97708e-03 5.88340e-03 5.77396e-03 5.65486e-03 5.53347e-03 5.41618e-03 5.30742e-03 5.20947e-03 5.12261e-03 5.04548e-03 4.97555e-03 4.90967e-03 4.84467e-03 4.77788e-03 4.70761e-03 4.63322e-03 4.55506e-03 4.47414e-03 4.39176e-03 4.30910e-03 4.22704e-03 4.14605e-03 4.06621e-03 3.98738e-03 3.90925e-03 3.83156e-03 3.75424e-03 3.67761e-03 3.60263e-03 3.53087e-03 3.46419e-03 3.40415e-03 3.35131e-03 3.30495e-03 3.26338e-03 3.22451e-03 3.18651e-03 3.14815e-03 3.10873e-03 3.06800e-03 3.02592e-03 2.98257e-03 2.93810e-03 2.89266e-03 2.84644e-03 2.79964e-03 2.75245e-03 2.70505e-03 2.65759e-03 2.61021e-03 2.56297e-03 2.51588e-03 2.46889e-03 2.42189e-03 2.37475e-03 2.32734e-03 2.27953e-03 2.23125e-03 2.18248e-03 2.13329e-03 2.08378e-03 2.03413e-03 1.98458e-03 1.93542e-03 1.88699e-03 1.83969e-03 1.79395e-03 1.75027e-03 1.70915e-03 1.67115e-03 1.63678e-03 1.60654e-03 1.58085e-03 1.56003e-03 1.54427e-03 1.53356e-03 1.52771e-03 1.52630e-03 1.52871e-03 1.53407e-03 1.54136e-03 1.54945e-03 1.55716e-03 1.56340e-03 1.56729e-03 1.56829e-03 1.56628e-03 1.56157e-03 1.55483e-03 1.54699e-03 1.53905e-03 1.53193e-03 1.52639e-03 1.52287e-03 1.52152e-03 1.52222e-03 1.52471e-03 1.52860e-03 1.53334e-03 1.53818e-03 1.54225e-03 1.54472e-03 1.54493e-03 1.54252e-03 1.53744e-03 1.52982e-03 1.51995e-03 1.50812e-03 1.49461e-03 1.47964e-03 1.46340e-03 1.44607e-03 1.42786e-03 1.40901e-03 1.38985e-03 1.37076e-03 1.35212e-03 1.33428e-03 1.31747e-03 1.30175e-03 1.28700e-03 1.27288e-03 1.25891e-03 1.24445e-03 1.22880e-03 1.21124e-03 1.19109e-03 1.16776e-03 1.14084e-03 1.11018e-03 1.07583e-03 1.03816e-03 9.97711e-04 9.55179e-04 9.11317e-04 8.66845e-04 8.22383e-04 7.78411e-04 7.35248e-04 6.93068e-04 6.51918e-04 6.11755e-04 5.72486e-04 5.33996e-04 4.96185e-04 4.58987e-04 4.22391e-04 3.86446e-04 3.51267e-04 3.17021e-04 2.83919e-04 2.52190e-04 2.22063e-04 1.93746e-04 1.67408e-04 1.43169e-04 1.21096e-04 1.01206e-04 8.34728e-05 6.78393e-05 5.42239e-05 4.25291e-05 3.26437e-05 2.44429e-05 1.77865e-05 1.25190e-05 8.47143e-06 5.46728e-06 3.32839e-06 1.88174e-06 9.65302e-07 4.33039e-07 1.59326e-07 4.23415e-08 5.97787e-09 1.52865e-10
9.606875 1.28526e-02 2.30308e-02 2.03966e-02 1.77738e-02 1.53619e-02 1.32012e-02 1.13364e-02 9.79392e-03 8.57796e-03 7.67146e-03 7.03737e-03 6.62334e-03 6.36974e-03 6.21884e-03 6.12208e-03 6.04418e-03 5.96373e-03 5.87123e-03 5.76562e-03 5.65066e-03 5.53201e-03 5.41527e-03 5.30489e-03 5.20363e-03 5.11244e-03 5.03059e-03 4.95606e-03 4.88606e-03 4.81764e-03 4.74833e-03 4.67652e-03 4.60159e-03 4.52388e-03 4.44430e-03 4.36404e-03 4.28417e-03 4.20548e-03 4.12833e-03 4.05271e-03 3.97834e-03 3.90478e-03 3.83170e-03 3.75902e-03 3.68728e-03 3.61766e-03 3.55190e-03 3.49173e-03 3.43822e-03 3.39128e-03 3.34967e-03 3.31149e-03 3.27480e-03 3.23810e-03 3.20046e-03 3.16145e-03 3.12097e-03 3.07912e-03 3.03610e-03 2.99210e-03 2.94733e-03 2.90197e-03 2.85614e-03 2.80997e-03 2.76354e-03 2.71692e-03 2.67014e-03 2.62318e-03 2.57600e-03 2.52850e-03 2.48056e-03 2.43207e-03 2.38294e-03 2.33313e-03 2.28264e-03 2.23157e-03 2.18005e-03 2.12828e-03 2.07651e-03 2.02503e-03 1.97417e-03 1.92431e-03 1.87586e-03 1.82928e-03 1.78508e-03 1.74376e-03 1.70582e-03 1.67174e-03 1.64194e-03 1.61670e-03 1.59622e-03 1.58049e-03 1.56937e-03 1.56248e-03 1.55927e-03 1.55900e-03 1.56077e-03 1.56360e-03 1.56646e-03 1.56839e-03 1.56863e-03 1.56671e-03 1.56252e-03 1.55634e-03 1.54874e-03 1.54052e-03 1.53251e-03 1.52548e-03 1.52002e-03 1.51652e-03 1.51510e-03 1.51569e-03 1.51803e-03 1.52179e-03 1.52657e-03 1.53182e-03 1.53687e-03 1.54093e-03 1.54328e-03 1.54342e-03 1.54114e-03 1.53652e-03 1.52980e-03 1.52133e-03 1.51144e-03 1.50041e-03 1.48846e-03 1.47574e-03 1.46235e-03 1.44842e-03 1.43408e-03 1.41952e-03 1.40499e-03 1.39074e-03 1.37698e-03 1.36385e-03 1.35134e-03 1.33927e-03 1.32729e-03 1.31488e-03 1.30141e-03 1.28616e-03 1.26843e-03 1.24756e-03 1.22300e-03 1.19442e-03 1.16173e-03 1.12510e-03 1.08499e-03 1.04205e-03 9.97047e-04 9.50812e-04 9.04096e-04 8.57532e-04 8.11592e-04 7.66572e-04 7.22612e-04 6.79729e-04 6.37850e-04 5.96859e-04 5.56626e-04 5.17045e-04 4.78054e-04 4.39650e-04 4.01899e-04 3.64934e-04 3.28948e-04 2.94175e-04 2.60871e-04 2.29289e-04 1.99657e-04 1.72158e-04 1.46923e-04 1.24018e-04 1.03454e-04 8.51930e-05 6.91558e-05 5.52378e-05 4.33168e-05 3.32594e-05 2.49229e-05 1.81554e-05 1.27947e-05 8.66973e-06 5.60294e-06 3.41571e-06 1.93389e-06 9.93559e-07 4.46425e-07 1.64512e-07 4.37822e-08 6.18810e-09 1.58345e-10
9.706947 1.30354e-02 2.31896e-02 2.04691e-02 1.78317e-02 1.54371e-02 1.33024e-02 1.14558e-02 9.91897e-03 8.69789e-03 7.77780e-03 7.12362e-03 6.68546e-03 6.40701e-03 6.23405e-03 6.12071e-03 6.03290e-03 5.94872e-03 5.85686e-03 5.75396e-03 5.64175e-03 5.52456e-03 5.40745e-03 5.29493e-03 5.19019e-03 5.09469e-03 5.00818e-03 4.92901e-03 4.85472e-03 4.78265e-03 4.71054e-03 4.63695e-03 4.56136e-03 4.48408e-03 4.40599e-03 4.32814e-03 4.25149e-03 4.17667e-03 4.10388e-03 4.03295e-03 3.96340e-03 3.89469e-03 3.82641e-03 3.75864e-03 3.69214e-03 3.62835e-03 3.56902e-03 3.51560e-03 3.46855e-03 3.42720e-03 3.38995e-03 3.35485e-03 3.32018e-03 3.28470e-03 3.24774e-03 3.20904e-03 3.16869e-03 3.12692e-03 3.08406e-03 3.04041e-03 2.99622e-03 2.95166e-03 2.90683e-03 2.86178e-03 2.81650e-03 2.77095e-03 2.72506e-03 2.67870e-03 2.63174e-03 2.58403e-03 2.53546e-03 2.48591e-03 2.43537e-03 2.38385e-03 2.33148e-03 2.27842e-03 2.22491e-03 2.17122e-03 2.11766e-03 2.06458e-03 2.01234e-03 1.96134e-03 1.91203e-03 1.86486e-03 1.82030e-03 1.77883e-03 1.74090e-03 1.70687e-03 1.67705e-03 1.65161e-03 1.63058e-03 1.61385e-03 1.60111e-03 1.59191e-03 1.58563e-03 1.58150e-03 1.57868e-03 1.57629e-03 1.57351e-03 1.56965e-03 1.56430e-03 1.55735e-03 1.54903e-03 1.53986e-03 1.53053e-03 1.52179e-03 1.51427e-03 1.50846e-03 1.50463e-03 1.50290e-03 1.50315e-03 1.50518e-03 1.50866e-03 1.51324e-03 1.51855e-03 1.52411e-03 1.52930e-03 1.53347e-03 1.53600e-03 1.53651e-03 1.53488e-03 1.53126e-03 1.52598e-03 1.51941e-03 1.51190e-03 1.50372e-03 1.49506e-03 1.48602e-03 1.47666e-03 1.46701e-03 1.45711e-03 1.44704e-03 1.43690e-03 1.42681e-03 1.41689e-03 1.40718e-03 1.39759e-03 1.38791e-03 1.37778e-03 1.36666e-03 1.35393e-03 1.33892e-03 1.32093e-03 1.29935e-03 1.27369e-03 1.24369e-03 1.20934e-03 1.17090e-03 1.12890e-03 1.08406e-03 1.03722e-03 9.89227e-04 9.40850e-04 8.92717e-04 8.45276e-04 7.98796e-04 7.53384e-04 7.09023e-04 6.65618e-04 6.23034e-04 5.81134e-04 5.39811e-04 4.99011e-04 4.58745e-04 4.19099e-04 3.80234e-04 3.42369e-04 3.05769e-04 2.70722e-04 2.37510e-04 2.06387e-04 1.77559e-04 1.51168e-04 1.27288e-04 1.05927e-04 8.70342e-05 7.05136e-05 5.62364e-05 4.40543e-05 3.38083e-05 2.53339e-05 1.84623e-05 1.30206e-05 8.83115e-06 5.71345e-06 3.48720e-06 1.97689e-06 1.01704e-06 4.57633e-07 1.68882e-07 4.50026e-08 6.36681e-09 1.63012e-10
9.807019 1.29832e-02 2.32842e-02 2.05898e-02 1.79116e-02 1.55156e-02 1.34066e-02 1.15850e-02 1.00596e-02 8.83437e-03 7.89763e-03 7.21875e-03 6.75255e-03 6.44697e-03 6.25107e-03 6.12103e-03 6.02319e-03 5.93471e-03 5.84246e-03 5.74101e-03 5.63039e-03 5.51385e-03 5.39603e-03 5.28144e-03 5.17352e-03 5.07407e-03 4.98319e-03 4.89960e-03 4.82116e-03 4.74555e-03 4.67079e-03 4.59562e-03 4.51964e-03 4.44318e-03 4.36704e-03 4.29213e-03 4.21926e-03 4.14885e-03 4.08091e-03 4.01503e-03 3.95058e-03 3.88688e-03 3.82356e-03 3.76088e-03 3.69985e-03 3.64203e-03 3.58908e-03 3.54200e-03 3.50075e-03 3.46423e-03 3.43068e-03 3.39824e-03 3.36537e-03 3.33105e-03 3.29478e-03 3.25647e-03 3.21636e-03 3.17482e-03 3.13228e-03 3.08912e-03 3.04564e-03 3.00201e-03 2.95833e-03 2.91457e-03 2.87065e-03 2.82641e-03 2.78167e-03 2.73619e-03 2.68977e-03 2.64220e-03 2.59333e-03 2.54310e-03 2.49152e-03 2.43870e-03 2.38483e-03 2.33016e-03 2.27500e-03 2.21971e-03 2.16464e-03 2.11019e-03 2.05675e-03 2.00475e-03 1.95462e-03 1.90679e-03 1.86171e-03 1.81978e-03 1.78136e-03 1.74672e-03 1.71606e-03 1.68944e-03 1.66680e-03 1.64792e-03 1.63244e-03 1.61987e-03 1.60960e-03 1.60089e-03 1.59301e-03 1.58522e-03 1.57695e-03 1.56777e-03 1.55759e-03 1.54656e-03 1.53513e-03 1.52392e-03 1.51362e-03 1.50483e-03 1.49797e-03 1.49328e-03 1.49077e-03 1.49034e-03 1.49176e-03 1.49472e-03 1.49888e-03 1.50392e-03 1.50949e-03 1.51521e-03 1.52059e-03 1.52506e-03 1.52812e-03 1.52945e-03 1.52898e-03 1.52690e-03 1.52353e-03 1.51927e-03 1.51444e-03 1.50931e-03 1.50405e-03 1.49871e-03 1.49329e-03 1.48777e-03 1.48208e-03 1.47621e-03 1.47015e-03 1.46391e-03 1.45749e-03 1.45086e-03 1.44389e-03 1.43632e-03 1.42779e-03 1.41778e-03 1.40569e-03 1.39089e-03 1.37271e-03 1.35061e-03 1.32415e-03 1.29313e-03 1.25760e-03 1.21789e-03 1.17457e-03 1.12842e-03 1.08029e-03 1.03104e-03 9.81438e-04 9.32095e-04 8.83437e-04 8.35705e-04 7.88977e-04 7.43215e-04 6.98302e-04 6.54093e-04 6.10447e-04 5.67261e-04 5.24491e-04 4.82166e-04 4.40395e-04 3.99365e-04 3.59330e-04 3.20590e-04 2.83470e-04 2.48289e-04 2.15336e-04 1.84845e-04 1.56982e-04 1.31833e-04 1.09410e-04 8.96538e-05 7.24526e-05 5.76547e-05 4.50841e-05 3.45536e-05 2.58722e-05 1.88493e-05 1.32953e-05 9.02163e-06 5.84078e-06 3.56805e-06 2.02477e-06 1.04284e-06 4.69795e-07 1.73571e-07 4.63002e-08 6.55557e-09 1.67923e-10
9.907090 1.27598e-02 2.29902e-02 2.04799e-02 1.79628e-02 1.56386e-02 1.35463e-02 1.17264e-02 1.02002e-02 8.96965e-03 8.01946e-03 7.31947e-03 6.82789e-03 6.49695e-03 6.27930e-03 6.13314e-03 6.02522e-03 5.93173e-03 5.83789e-03 5.73653e-03 5.62629e-03 5.50952e-03 5.39045e-03 5.27349e-03 5.16221e-03 5.05863e-03 4.96314e-03 4.87482e-03 4.79191e-03 4.71244e-03 4.63475e-03 4.55782e-03 4.48137e-03 4.40572e-03 4.33158e-03 4.25972e-03 4.19070e-03 4.12472e-03 4.06154e-03 4.00051e-03 3.94083e-03 3.88178e-03 3.82313e-03 3.76536e-03 3.70972e-03 3.65781e-03 3.61099e-03 3.56982e-03 3.53376e-03 3.50140e-03 3.47097e-03 3.44072e-03 3.40932e-03 3.37596e-03 3.34033e-03 3.30251e-03 3.26285e-03 3.22183e-03 3.17992e-03 3.13756e-03 3.09504e-03 3.05255e-03 3.01016e-03 2.96779e-03 2.92529e-03 2.88243e-03 2.83889e-03 2.79438e-03 2.74859e-03 2.70129e-03 2.65231e-03 2.60160e-03 2.54923e-03 2.49535e-03 2.44022e-03 2.38417e-03 2.32758e-03 2.27083e-03 2.21436e-03 2.15859e-03 2.10396e-03 2.05089e-03 1.99981e-03 1.95113e-03 1.90524e-03 1.86246e-03 1.82308e-03 1.78728e-03 1.75515e-03 1.72668e-03 1.70174e-03 1.68004e-03 1.66122e-03 1.64475e-03 1.63006e-03 1.61652e-03 1.60349e-03 1.59045e-03 1.57705e-03 1.56313e-03 1.54883e-03 1.53452e-03 1.52076e-03 1.50819e-03 1.49740e-03 1.48883e-03 1.48268e-03 1.47896e-03 1.47750e-03 1.47804e-03 1.48026e-03 1.48380e-03 1.48834e-03 1.49358e-03 1.49926e-03 1.50507e-03 1.51065e-03 1.51555e-03 1.51935e-03 1.52179e-03 1.52280e-03 1.52256e-03 1.52137e-03 1.51960e-03 1.51755e-03 1.51546e-03 1.51347e-03 1.51160e-03 1.50982e-03 1.50802e-03 1.50610e-03 1.50395e-03 1.50147e-03 1.49859e-03 1.49521e-03 1.49124e-03 1.48649e-03 1.48070e-03 1.47348e-03 1.46435e-03 1.45276e-03 1.43810e-03 1.41978e-03 1.39731e-03 1.37031e-03 1.33864e-03 1.30240e-03 1.26196e-03 1.21792e-03 1.17107e-03 1.12226e-03 1.07234e-03 1.02205e-03 9.71967e-04 9.22500e-04 8.73858e-04 8.26096e-04 7.79155e-04 7.32906e-04 6.87196e-04 6.41885e-04 5.96878e-04 5.52145e-04 5.07735e-04 4.63781e-04 4.20502e-04 3.78183e-04 3.37166e-04 2.97814e-04 2.60491e-04 2.25524e-04 1.93185e-04 1.63665e-04 1.37073e-04 1.13425e-04 9.26628e-05 7.46599e-05 5.92433e-05 4.62098e-05 3.53422e-05 2.64204e-05 1.92279e-05 1.35543e-05 9.19577e-06 5.95453e-06 3.63909e-06 2.06636e-06 1.06507e-06 4.80206e-07 1.77565e-07 4.74007e-08 6.71516e-09 1.72068e-10
10.000190 1.34099e-02 2.36389e-02 2.07293e-02 1.80579e-02 1.57173e-02 1.36474e-02 1.18450e-02 1.03215e-02 9.08172e-03 8.11533e-03 7.39518e-03 6.88178e-03 6.52970e-03 6.29375e-03 6.13353e-03 6.01612e-03 5.91716e-03 5.82074e-03 5.71847e-03 5.60789e-03 5.49062e-03 5.37042e-03 5.25153e-03 5.13746e-03 5.03037e-03 4.93091e-03 4.83847e-03 4.75168e-03 4.66892e-03 4.58886e-03 4.51070e-03 4.43423e-03 4.35979e-03 4.28794e-03 4.21928e-03 4.15414e-03 4.09246e-03 4.03374e-03 3.97715e-03 3.92177e-03 3.86693e-03 3.81259e-03 3.75946e-03 3.70892e-03 3.66246e-03 3.62110e-03 3.58493e-03 3.55309e-03 3.52403e-03 3.49601e-03 3.46746e-03 3.43728e-03 3.40485e-03 3.37004e-03 3.33307e-03 3.29436e-03 3.25440e-03 3.21369e-03 3.17262e-03 3.13149e-03 3.09045e-03 3.04955e-03 3.00870e-03 2.96769e-03 2.92622e-03 2.88394e-03 2.84047e-03 2.79549e-03 2.74870e-03 2.69996e-03 2.64922e-03 2.59656e-03 2.54218e-03 2.48636e-03 2.42947e-03 2.37193e-03 2.31419e-03 2.25668e-03 2.19989e-03 2.14426e-03 2.09024e-03 2.03824e-03 1.98864e-03 1.94179e-03 1.89796e-03 1.85735e-03 1.82010e-03 1.78622e-03 1.75565e-03 1.72819e-03 1.70356e-03 1.68136e-03 1.66111e-03 1.64226e-03 1.62429e-03 1.60671e-03 1.58918e-03 1.57154e-03 1.55385e-03 1.53642e-03 1.51973e-03 1.50439e-03 1.49098e-03 1.47999e-03 1.47169e-03 1.46610e-03 1.46307e-03 1.46229e-03 1.46340e-03 1.46603e-03 1.46982e-03 1.47446e-03 1.47970e-03 1.48534e-03 1.49119e-03 1.49698e-03 1.50236e-03 1.50702e-03 1.51069e-03 1.51330e-03 1.51498e-03 1.51597e-03 1.51660e-03 1.51713e-03 1.51777e-03 1.51863e-03 1.51972e-03 1.52096e-03 1.52223e-03 1.52338e-03 1.52423e-03 1.52464e-03 1.52445e-03 1.52351e-03 1.52167e-03 1.51871e-03 1.51434e-03 1.50820e-03 1.49983e-03 1.48872e-03 1.47432e-03 1.45610e-03 1.43362e-03 1.40655e-03 1.37480e-03 1.33851e-03 1.29805e-03 1.25403e-03 1.20721e-03 1.15843e-03 1.10850e-03 1.05813e-03 1.00788e-03 9.58108e-04 9.09013e-04 8.60632e-04 8.12893e-04 7.65661e-04 7.18780e-04 6.72115e-04 6.25576e-04 5.79148e-04 5.32896e-04 4.86978e-04 4.41638e-04 3.97193e-04 3.54021e-04 3.12526e-04 2.73113e-04 2.36153e-04 2.01957e-04 1.70751e-04 1.42667e-04 1.17739e-04 9.59083e-05 7.70432e-05 6.09526e-05 4.74096e-05 3.61689e-05 2.69814e-05 1.96037e-05 1.38030e-05 9.35775e-06 6.05733e-06 3.70176e-06 2.10233e-06 1.08397e-06 4.88931e-07 1.80869e-07 4.83015e-08 6.84479e-09 1.75419e-10
