# tg_mhd (CUDA FP64)  tgc_noslip_cond_n512_re1000  N=512 Re=1000 h=6.14793083e-03 delta=3.16227766e-02 delta/h=5.143645 layers=256
# layer k: the nodes k cells from the nearest wall, i.e. the slab [(k-1/2)h, (k+1/2)h] ([0, h/2] for k = 0)
# row 'vol': each layer's share of the volume; then per probe: t and each layer's VISCOUS dissipation as a share of the total eps
# vol 5.859360e-03 1.164997e-02 1.155859e-02 1.146758e-02 1.137693e-02 1.128664e-02 1.119670e-02 1.110713e-02 1.101792e-02 1.092906e-02 1.084057e-02 1.075244e-02 1.066466e-02 1.057725e-02 1.049019e-02 1.040350e-02 1.031716e-02 1.023119e-02 1.014557e-02 1.006031e-02 9.975416e-03 9.890879e-03 9.806702e-03 9.722884e-03 9.639427e-03 9.556329e-03 9.473590e-03 9.391212e-03 9.309193e-03 9.227534e-03 9.146235e-03 9.065295e-03 8.984715e-03 8.904495e-03 8.824635e-03 8.745134e-03 8.665993e-03 8.587212e-03 8.508790e-03 8.430729e-03 8.353027e-03 8.275684e-03 8.198702e-03 8.122079e-03 8.045816e-03 7.969913e-03 7.894369e-03 7.819185e-03 7.744361e-03 7.669896e-03 7.595792e-03 7.522047e-03 7.448662e-03 7.375636e-03 7.302970e-03 7.230664e-03 7.158718e-03 7.087131e-03 7.015905e-03 6.945037e-03 6.874530e-03 6.804382e-03 6.734594e-03 6.665166e-03 6.596098e-03 6.527389e-03 6.459040e-03 6.391051e-03 6.323421e-03 6.256151e-03 6.189241e-03 6.122691e-03 6.056500e-03 5.990670e-03 5.925198e-03 5.860087e-03 5.795335e-03 5.730943e-03 5.666911e-03 5.603239e-03 5.539926e-03 5.476973e-03 5.414380e-03 5.352146e-03 5.290272e-03 5.228758e-03 5.167604e-03 5.106809e-03 5.046374e-03 4.986299e-03 4.926584e-03 4.867228e-03 4.808232e-03 4.749596e-03 4.691319e-03 4.633402e-03 4.575845e-03 4.518648e-03 4.461810e-03 4.405333e-03 4.349214e-03 4.293456e-03 4.238057e-03 4.183018e-03 4.128339e-03 4.074020e-03 4.020060e-03 3.966460e-03 3.913220e-03 3.860339e-03 3.807818e-03 3.755657e-03 3.703856e-03 3.652414e-03 3.601333e-03 3.550610e-03 3.500248e-03 3.450245e-03 3.400602e-03 3.351319e-03 3.302396e-03 3.253832e-03 3.205628e-03 3.157784e-03 3.110299e-03 3.063174e-03 3.016409e-03 2.970004e-03 2.923958e-03 2.878272e-03 2.832946e-03 2.787980e-03 2.743373e-03 2.699126e-03 2.655239e-03 2.611711e-03 2.568543e-03 2.525735e-03 2.483287e-03 2.441198e-03 2.399469e-03 2.358100e-03 2.317091e-03 2.276441e-03 2.236151e-03 2.196221e-03 2.156651e-03 2.117440e-03 2.078589e-03 2.040098e-03 2.001966e-03 1.964194e-03 1.926782e-03 1.889730e-03 1.853037e-03 1.816704e-03 1.780731e-03 1.745118e-03 1.709864e-03 1.674970e-03 1.640436e-03 1.606261e-03 1.572447e-03 1.538992e-03 1.505896e-03 1.473161e-03 1.440785e-03 1.408769e-03 1.377112e-03 1.345816e-03 1.314879e-03 1.284302e-03 1.254084e-03 1.224226e-03 1.194728e-03 1.165590e-03 1.136812e-03 1.108393e-03 1.080334e-03 1.052634e-03 1.025295e-03 9.983150e-04 9.716949e-04 9.454345e-04 9.195338e-04 8.939929e-04 8.688117e-04 8.439902e-04 8.195284e-04 7.954264e-04 7.716841e-04 7.483016e-04 7.252788e-04 7.026157e-04 6.803123e-04 6.583687e-04 6.367848e-04 6.155606e-04 5.946962e-04 5.741915e-04 5.540466e-04 5.342613e-04 5.148358e-04 4.957700e-04 4.770640e-04 4.587177e-04 4.407311e-04 4.231043e-04 4.058372e-04 3.889298e-04 3.723821e-04 3.561942e-04 3.403660e-04 3.248976e-04 3.097888e-04 2.950398e-04 2.806506e-04 2.666210e-04 2.529512e-04 2.396412e-04 2.266908e-04 2.141002e-04 2.018694e-04 1.899982e-04 1.784868e-04 1.673351e-04 1.565432e-04 1.461110e-04 1.360385e-04 1.263257e-04 1.169727e-04 1.079794e-04 9.934586e-05 9.107204e-05 8.315794e-05 7.560358e-05 6.840895e-05 6.157405e-05 5.509888e-05 4.898345e-05 4.322774e-05 3.783177e-05 3.279553e-05 2.811902e-05 2.380224e-05 1.984519e-05 1.624788e-05 1.301029e-05 1.013244e-05 7.614318e-06 5.455929e-06 3.657271e-06 2.218345e-06 1.139150e-06 4.196868e-07 5.995526e-08
0.000000 7.97154e-01 1.77146e-01 4.03366e-05 4.03436e-05 4.03531e-05 4.03649e-05 4.03788e-05 4.03945e-05 4.04120e-05 4.04310e-05 4.04512e-05 4.04727e-05 4.04950e-05 4.05182e-05 4.05418e-05 4.05659e-05 4.05901e-05 4.06143e-05 4.06384e-05 4.06620e-05 4.06851e-05 4.07075e-05 4.07289e-05 4.07492e-05 4.07683e-05 4.07858e-05 4.08018e-05 4.08159e-05 4.08281e-05 4.08381e-05 4.08458e-05 4.08511e-05 4.08537e-05 4.08535e-05 4.08504e-05 4.08442e-05 4.08347e-05 4.08219e-05 4.08055e-05 4.07854e-05 4.07615e-05 4.07337e-05 4.07018e-05 4.06657e-05 4.06252e-05 4.05804e-05 4.05309e-05 4.04768e-05 4.04180e-05 4.03542e-05 4.02855e-05 4.02118e-05 4.01328e-05 4.00487e-05 3.99592e-05 3.98643e-05 3.97639e-05 3.96581e-05 3.95466e-05 3.94295e-05 3.93067e-05 3.91781e-05 3.90437e-05 3.89035e-05 3.87575e-05 3.86056e-05 3.84478e-05 3.82840e-05 3.81143e-05 3.79387e-05 3.77571e-05 3.75696e-05 3.73762e-05 3.71768e-05 3.69715e-05 3.67604e-05 3.65434e-05 3.63207e-05 3.60921e-05 3.58578e-05 3.56179e-05 3.53723e-05 3.51211e-05 3.48645e-05 3.46024e-05 3.43349e-05 3.40622e-05 3.37842e-05 3.35012e-05 3.32131e-05 3.29201e-05 3.26222e-05 3.23196e-05 3.20124e-05 3.17007e-05 3.13845e-05 3.10641e-05 3.07396e-05 3.04110e-05 3.00785e-05 2.97422e-05 2.94023e-05 2.90589e-05 2.87121e-05 2.83621e-05 2.80091e-05 2.76531e-05 2.72943e-05 2.69330e-05 2.65691e-05 2.62030e-05 2.58347e-05 2.54645e-05 2.50924e-05 2.47186e-05 2.43434e-05 2.39668e-05 2.35891e-05 2.32104e-05 2.28308e-05 2.24506e-05 2.20698e-05 2.16888e-05 2.13076e-05 2.09264e-05 2.05453e-05 2.01646e-05 1.97845e-05 1.94050e-05 1.90263e-05 1.86486e-05 1.82721e-05 1.78969e-05 1.75232e-05 1.71511e-05 1.67808e-05 1.64125e-05 1.60462e-05 1.56822e-05 1.53206e-05 1.49615e-05 1.46051e-05 1.42515e-05 1.39008e-05 1.35532e-05 1.32088e-05 1.28678e-05 1.25302e-05 1.21961e-05 1.18658e-05 1.15392e-05 1.12165e-05 1.08979e-05 1.05834e-05 1.02730e-05 9.96698e-06 9.66532e-06 9.36812e-06 9.07547e-06 8.78743e-06 8.50409e-06 8.22550e-06 7.95173e-06 7.68284e-06 7.41887e-06 7.15988e-06 6.90591e-06 6.65700e-06 6.41319e-06 6.17449e-06 5.94095e-06 5.71258e-06 5.48940e-06 5.27142e-06 5.05865e-06 4.85109e-06 4.64874e-06 4.45159e-06 4.25964e-06 4.07288e-06 3.89128e-06 3.71482e-06 3.54348e-06 3.37722e-06 3.21602e-06 3.05983e-06 2.90861e-06 2.76232e-06 2.62091e-06 2.48432e-06 2.35250e-06 2.22540e-06 2.10294e-06 1.98507e-06 1.87171e-06 1.76280e-06 1.65825e-06 1.55800e-06 1.46197e-06 1.37007e-06 1.28222e-06 1.19833e-06 1.11832e-06 1.04210e-06 9.69576e-07 9.00657e-07 8.35247e-07 7.73253e-07 7.14578e-07 6.59125e-07 6.06795e-07 5.57490e-07 5.11110e-07 4.67556e-07 4.26728e-07 3.88526e-07 3.52850e-07 3.19600e-07 2.88676e-07 2.59980e-07 2.33413e-07 2.08877e-07 1.86277e-07 1.65515e-07 1.46498e-07 1.29132e-07 1.13327e-07 9.89902e-08 8.60347e-08 7.43736e-08 6.39219e-08 5.45971e-08 4.63186e-08 3.90082e-08 3.25901e-08 2.69908e-08 2.21398e-08 1.79690e-08 1.44132e-08 1.14099e-08 8.89990e-09 6.82682e-09 5.13748e-09 3.78191e-09 2.71342e-09 1.88864e-09 1.26762e-09 8.13856e-10 4.94345e-10 2.79645e-10 1.43899e-10 6.48785e-11 2.40146e-11 6.41966e-12 9.10593e-13 2.33509e-14
0.099904 2.20453e-01 3.21695e-01 1.98324e-01 8.82338e-02 2.78981e-02 6.21289e-03 1.06261e-03 2.79768e-04 2.12544e-04 2.11563e-04 2.12195e-04 2.12438e-04 2.12667e-04 2.12925e-04 2.13197e-04 2.13477e-04 2.13765e-04 2.14058e-04 2.14356e-04 2.14655e-04 2.14955e-04 2.15253e-04 2.15548e-04 2.15838e-04 2.16122e-04 2.16397e-04 2.16663e-04 2.16917e-04 2.17157e-04 2.17383e-04 2.17592e-04 2.17783e-04 2.17955e-04 2.18105e-04 2.18233e-04 2.18337e-04 2.18416e-04 2.18469e-04 2.18494e-04 2.18490e-04 2.18457e-04 2.18393e-04 2.18296e-04 2.18168e-04 2.18005e-04 2.17809e-04 2.17577e-04 2.17310e-04 2.17007e-04 2.16668e-04 2.16292e-04 2.15878e-04 2.15428e-04 2.14939e-04 2.14413e-04 2.13849e-04 2.13248e-04 2.12608e-04 2.11931e-04 2.11217e-04 2.10465e-04 2.09677e-04 2.08851e-04 2.07990e-04 2.07092e-04 2.06159e-04 2.05191e-04 2.04189e-04 2.03152e-04 2.02082e-04 2.00979e-04 1.99843e-04 1.98676e-04 1.97477e-04 1.96248e-04 1.94988e-04 1.93700e-04 1.92382e-04 1.91037e-04 1.89664e-04 1.88264e-04 1.86838e-04 1.85387e-04 1.83911e-04 1.82410e-04 1.80886e-04 1.79338e-04 1.77768e-04 1.76177e-04 1.74564e-04 1.72931e-04 1.71278e-04 1.69605e-04 1.67914e-04 1.66205e-04 1.64478e-04 1.62734e-04 1.60974e-04 1.59199e-04 1.57408e-04 1.55603e-04 1.53784e-04 1.51951e-04 1.50107e-04 1.48250e-04 1.46382e-04 1.44503e-04 1.42615e-04 1.40717e-04 1.38810e-04 1.36896e-04 1.34974e-04 1.33046e-04 1.31111e-04 1.29172e-04 1.27228e-04 1.25280e-04 1.23330e-04 1.21377e-04 1.19422e-04 1.17466e-04 1.15511e-04 1.13556e-04 1.11602e-04 1.09650e-04 1.07701e-04 1.05756e-04 1.03815e-04 1.01879e-04 9.99481e-05 9.80239e-05 9.61067e-05 9.41973e-05 9.22962e-05 9.04042e-05 8.85219e-05 8.66500e-05 8.47890e-05 8.29395e-05 8.11023e-05 7.92778e-05 7.74666e-05 7.56694e-05 7.38865e-05 7.21185e-05 7.03661e-05 6.86295e-05 6.69094e-05 6.52061e-05 6.35202e-05 6.18521e-05 6.02022e-05 5.85708e-05 5.69585e-05 5.53656e-05 5.37924e-05 5.22393e-05 5.07067e-05 4.91948e-05 4.77041e-05 4.62348e-05 4.47873e-05 4.33618e-05 4.19586e-05 4.05780e-05 3.92203e-05 3.78857e-05 3.65744e-05 3.52867e-05 3.40228e-05 3.27829e-05 3.15672e-05 3.03760e-05 2.92093e-05 2.80673e-05 2.69502e-05 2.58582e-05 2.47913e-05 2.37497e-05 2.27334e-05 2.17425e-05 2.07771e-05 1.98373e-05 1.89229e-05 1.80341e-05 1.71708e-05 1.63330e-05 1.55206e-05 1.47336e-05 1.39718e-05 1.32350e-05 1.25233e-05 1.18363e-05 1.11738e-05 1.05358e-05 9.92184e-06 9.33176e-06 8.76523e-06 8.22196e-06 7.70160e-06 7.20379e-06 6.72817e-06 6.27432e-06 5.84183e-06 5.43025e-06 5.03914e-06 4.66802e-06 4.31640e-06 3.98376e-06 3.66959e-06 3.37336e-06 3.09452e-06 2.83252e-06 2.58680e-06 2.35678e-06 2.14189e-06 1.94154e-06 1.75517e-06 1.58217e-06 1.42197e-06 1.27398e-06 1.13763e-06 1.01233e-06 8.97514e-07 7.92620e-07 6.97091e-07 6.10381e-07 5.31952e-07 4.61280e-07 3.97852e-07 3.41170e-07 2.90747e-07 2.46114e-07 2.06817e-07 1.72417e-07 1.42493e-07 1.16643e-07 9.44796e-08 7.56362e-08 5.97640e-08 4.65331e-08 3.56328e-08 2.67716e-08 1.96774e-08 1.40977e-08 9.79939e-09 6.56907e-09 4.21284e-09 2.55635e-09 1.44481e-09 7.42894e-10 3.34728e-10 1.23834e-10 3.30908e-11 4.69251e-12 1.20316e-13
0.199808 1.49026e-01 2.45781e-01 1.86435e-01 1.19245e-01 6.41564e-02 2.90411e-02 1.11331e-02 3.71059e-03 1.18646e-03 4.80038e-04 3.19330e-04 2.91835e-04 2.90120e-04 2.91750e-04 2.93266e-04 2.94502e-04 2.95620e-04 2.96712e-04 2.97812e-04 2.98925e-04 3.00051e-04 3.01182e-04 3.02315e-04 3.03443e-04 3.04560e-04 3.05661e-04 3.06741e-04 3.07793e-04 3.08813e-04 3.09795e-04 3.10734e-04 3.11625e-04 3.12465e-04 3.13247e-04 3.13968e-04 3.14624e-04 3.15211e-04 3.15726e-04 3.16165e-04 3.16525e-04 3.16803e-04 3.16998e-04 3.17107e-04 3.17128e-04 3.17061e-04 3.16902e-04 3.16653e-04 3.16312e-04 3.15879e-04 3.15354e-04 3.14736e-04 3.14028e-04 3.13229e-04 3.12341e-04 3.11364e-04 3.10301e-04 3.09152e-04 3.07920e-04 3.06608e-04 3.05216e-04 3.03747e-04 3.02204e-04 3.00590e-04 2.98907e-04 2.97157e-04 2.95344e-04 2.93470e-04 2.91539e-04 2.89553e-04 2.87514e-04 2.85427e-04 2.83293e-04 2.81116e-04 2.78898e-04 2.76642e-04 2.74350e-04 2.72026e-04 2.69671e-04 2.67289e-04 2.64880e-04 2.62448e-04 2.59995e-04 2.57523e-04 2.55032e-04 2.52526e-04 2.50006e-04 2.47474e-04 2.44930e-04 2.42377e-04 2.39815e-04 2.37247e-04 2.34672e-04 2.32092e-04 2.29507e-04 2.26920e-04 2.24330e-04 2.21737e-04 2.19144e-04 2.16550e-04 2.13956e-04 2.11362e-04 2.08770e-04 2.06178e-04 2.03588e-04 2.01000e-04 1.98415e-04 1.95832e-04 1.93252e-04 1.90676e-04 1.88104e-04 1.85535e-04 1.82971e-04 1.80412e-04 1.77858e-04 1.75309e-04 1.72765e-04 1.70228e-04 1.67698e-04 1.65174e-04 1.62657e-04 1.60148e-04 1.57646e-04 1.55153e-04 1.52669e-04 1.50194e-04 1.47728e-04 1.45272e-04 1.42827e-04 1.40392e-04 1.37968e-04 1.35556e-04 1.33155e-04 1.30766e-04 1.28390e-04 1.26026e-04 1.23676e-04 1.21338e-04 1.19014e-04 1.16704e-04 1.14408e-04 1.12125e-04 1.09857e-04 1.07604e-04 1.05365e-04 1.03141e-04 1.00932e-04 9.87381e-05 9.65592e-05 9.43957e-05 9.22475e-05 9.01150e-05 8.79981e-05 8.58970e-05 8.38119e-05 8.17430e-05 7.96904e-05 7.76543e-05 7.56349e-05 7.36326e-05 7.16476e-05 6.96801e-05 6.77306e-05 6.57993e-05 6.38867e-05 6.19933e-05 6.01194e-05 5.82656e-05 5.64323e-05 5.46203e-05 5.28300e-05 5.10620e-05 4.93170e-05 4.75957e-05 4.58987e-05 4.42267e-05 4.25805e-05 4.09607e-05 3.93681e-05 3.78034e-05 3.62674e-05 3.47606e-05 3.32840e-05 3.18381e-05 3.04236e-05 2.90411e-05 2.76913e-05 2.63747e-05 2.50919e-05 2.38434e-05 2.26296e-05 2.14509e-05 2.03076e-05 1.92001e-05 1.81286e-05 1.70933e-05 1.60942e-05 1.51315e-05 1.42050e-05 1.33147e-05 1.24605e-05 1.16421e-05 1.08593e-05 1.01116e-05 9.39876e-06 8.72017e-06 8.07534e-06 7.46367e-06 6.88450e-06 6.33714e-06 5.82082e-06 5.33474e-06 4.87806e-06 4.44990e-06 4.04933e-06 3.67542e-06 3.32719e-06 3.00363e-06 2.70375e-06 2.42650e-06 2.17086e-06 1.93579e-06 1.72023e-06 1.52316e-06 1.34355e-06 1.18037e-06 1.03263e-06 8.99327e-07 7.79512e-07 6.72239e-07 5.76596e-07 4.91698e-07 4.16694e-07 3.50765e-07 2.93125e-07 2.43026e-07 1.99756e-07 1.62641e-07 1.31045e-07 1.04370e-07 8.20562e-08 6.35812e-08 4.84607e-08 3.62472e-08 2.65293e-08 1.89307e-08 1.31097e-08 8.75776e-09 5.59869e-09 3.38758e-09 1.90976e-09 9.79802e-10 4.40656e-10 1.62779e-10 4.34487e-11 6.15664e-12 1.57790e-13
0.299712 1.18789e-01 2.02801e-01 1.64220e-01 1.18545e-01 7.61525e-02 4.36092e-02 2.23810e-02 1.04051e-02 4.48495e-03 1.89098e-03 8.72728e-04 5.11560e-04 3.95949e-04 3.63885e-04 3.57920e-04 3.59335e-04 3.62477e-04 3.65810e-04 3.69004e-04 3.72050e-04 3.74997e-04 3.77883e-04 3.80729e-04 3.83541e-04 3.86316e-04 3.89047e-04 3.91721e-04 3.94327e-04 3.96853e-04 3.99287e-04 4.01617e-04 4.03831e-04 4.05920e-04 4.07873e-04 4.09682e-04 4.11337e-04 4.12832e-04 4.14159e-04 4.15312e-04 4.16286e-04 4.17077e-04 4.17680e-04 4.18093e-04 4.18315e-04 4.18343e-04 4.18177e-04 4.17817e-04 4.17265e-04 4.16523e-04 4.15592e-04 4.14476e-04 4.13178e-04 4.11702e-04 4.10054e-04 4.08238e-04 4.06260e-04 4.04126e-04 4.01842e-04 3.99415e-04 3.96852e-04 3.94160e-04 3.91346e-04 3.88418e-04 3.85382e-04 3.82247e-04 3.79020e-04 3.75709e-04 3.72320e-04 3.68862e-04 3.65341e-04 3.61764e-04 3.58138e-04 3.54470e-04 3.50766e-04 3.47033e-04 3.43275e-04 3.39500e-04 3.35711e-04 3.31915e-04 3.28116e-04 3.24317e-04 3.20525e-04 3.16741e-04 3.12971e-04 3.09216e-04 3.05480e-04 3.01766e-04 2.98076e-04 2.94412e-04 2.90776e-04 2.87170e-04 2.83594e-04 2.80050e-04 2.76540e-04 2.73062e-04 2.69620e-04 2.66211e-04 2.62838e-04 2.59499e-04 2.56195e-04 2.52925e-04 2.49690e-04 2.46489e-04 2.43321e-04 2.40186e-04 2.37083e-04 2.34013e-04 2.30973e-04 2.27963e-04 2.24983e-04 2.22032e-04 2.19108e-04 2.16212e-04 2.13343e-04 2.10499e-04 2.07680e-04 2.04885e-04 2.02114e-04 1.99365e-04 1.96638e-04 1.93933e-04 1.91248e-04 1.88582e-04 1.85936e-04 1.83309e-04 1.80699e-04 1.78106e-04 1.75530e-04 1.72970e-04 1.70425e-04 1.67895e-04 1.65378e-04 1.62875e-04 1.60385e-04 1.57906e-04 1.55439e-04 1.52982e-04 1.50536e-04 1.48099e-04 1.45671e-04 1.43250e-04 1.40837e-04 1.38431e-04 1.36031e-04 1.33636e-04 1.31247e-04 1.28861e-04 1.26480e-04 1.24102e-04 1.21727e-04 1.19354e-04 1.16983e-04 1.14614e-04 1.12247e-04 1.09881e-04 1.07517e-04 1.05154e-04 1.02792e-04 1.00433e-04 9.80746e-05 9.57188e-05 9.33659e-05 9.10163e-05 8.86706e-05 8.63298e-05 8.39946e-05 8.16660e-05 7.93451e-05 7.70331e-05 7.47312e-05 7.24408e-05 7.01633e-05 6.79002e-05 6.56531e-05 6.34236e-05 6.12134e-05 5.90242e-05 5.68579e-05 5.47161e-05 5.26007e-05 5.05136e-05 4.84564e-05 4.64311e-05 4.44394e-05 4.24830e-05 4.05636e-05 3.86828e-05 3.68423e-05 3.50434e-05 3.32878e-05 3.15766e-05 2.99110e-05 2.82923e-05 2.67215e-05 2.51993e-05 2.37267e-05 2.23042e-05 2.09325e-05 1.96118e-05 1.83424e-05 1.71245e-05 1.59581e-05 1.48430e-05 1.37790e-05 1.27656e-05 1.18024e-05 1.08887e-05 1.00237e-05 9.20665e-06 8.43647e-06 7.71211e-06 7.03241e-06 6.39613e-06 5.80193e-06 5.24841e-06 4.73412e-06 4.25755e-06 3.81714e-06 3.41129e-06 3.03840e-06 2.69683e-06 2.38493e-06 2.10105e-06 1.84356e-06 1.61083e-06 1.40126e-06 1.21326e-06 1.04531e-06 8.95905e-07 7.63584e-07 6.46950e-07 5.44656e-07 4.55416e-07 3.78003e-07 3.11257e-07 2.54082e-07 2.05451e-07 1.64403e-07 1.30046e-07 1.01555e-07 7.81700e-08 5.91956e-08 4.39994e-08 3.20089e-08 2.27093e-08 1.56406e-08 1.03952e-08 6.61408e-09 3.98475e-09 2.23777e-09 1.14423e-09 5.13141e-10 1.89118e-10 5.03904e-11 7.13182e-12 1.82665e-13
0.399616 1.03300e-01 1.75310e-01 1.44464e-01 1.10126e-01 7.72176e-02 4.96823e-02 2.94202e-02 1.61590e-02 8.34706e-03 4.15452e-03 2.07906e-03 1.11948e-03 7.00462e-04 5.26632e-04 4.58837e-04 4.35475e-04 4.30351e-04 4.32558e-04 4.37597e-04 4.43619e-04 4.49871e-04 4.56060e-04 4.62081e-04 4.67904e-04 4.73525e-04 4.78946e-04 4.84167e-04 4.89185e-04 4.93989e-04 4.98567e-04 5.02906e-04 5.06989e-04 5.10800e-04 5.14325e-04 5.17551e-04 5.20463e-04 5.23051e-04 5.25306e-04 5.27220e-04 5.28786e-04 5.30001e-04 5.30862e-04 5.31368e-04 5.31520e-04 5.31320e-04 5.30771e-04 5.29880e-04 5.28651e-04 5.27094e-04 5.25216e-04 5.23028e-04 5.20541e-04 5.17765e-04 5.14714e-04 5.11400e-04 5.07838e-04 5.04040e-04 5.00022e-04 4.95797e-04 4.91382e-04 4.86791e-04 4.82038e-04 4.77139e-04 4.72109e-04 4.66961e-04 4.61711e-04 4.56372e-04 4.50957e-04 4.45480e-04 4.39954e-04 4.34390e-04 4.28800e-04 4.23196e-04 4.17588e-04 4.11985e-04 4.06398e-04 4.00835e-04 3.95303e-04 3.89811e-04 3.84365e-04 3.78972e-04 3.73637e-04 3.68366e-04 3.63163e-04 3.58032e-04 3.52977e-04 3.48000e-04 3.43105e-04 3.38292e-04 3.33565e-04 3.28924e-04 3.24370e-04 3.19903e-04 3.15524e-04 3.11233e-04 3.07029e-04 3.02911e-04 2.98878e-04 2.94930e-04 2.91064e-04 2.87279e-04 2.83574e-04 2.79947e-04 2.76395e-04 2.72917e-04 2.69510e-04 2.66172e-04 2.62900e-04 2.59693e-04 2.56548e-04 2.53461e-04 2.50432e-04 2.47456e-04 2.44532e-04 2.41657e-04 2.38829e-04 2.36044e-04 2.33301e-04 2.30597e-04 2.27929e-04 2.25295e-04 2.22692e-04 2.20118e-04 2.17571e-04 2.15048e-04 2.12547e-04 2.10065e-04 2.07601e-04 2.05152e-04 2.02715e-04 2.00289e-04 1.97872e-04 1.95461e-04 1.93054e-04 1.90650e-04 1.88246e-04 1.85840e-04 1.83432e-04 1.81018e-04 1.78597e-04 1.76168e-04 1.73729e-04 1.71278e-04 1.68815e-04 1.66337e-04 1.63843e-04 1.61333e-04 1.58806e-04 1.56260e-04 1.53694e-04 1.51109e-04 1.48503e-04 1.45877e-04 1.43229e-04 1.40561e-04 1.37871e-04 1.35161e-04 1.32431e-04 1.29681e-04 1.26911e-04 1.24124e-04 1.21320e-04 1.18500e-04 1.15666e-04 1.12820e-04 1.09962e-04 1.07095e-04 1.04221e-04 1.01342e-04 9.84613e-05 9.55800e-05 9.27012e-05 8.98276e-05 8.69618e-05 8.41068e-05 8.12654e-05 7.84406e-05 7.56353e-05 7.28527e-05 7.00957e-05 6.73675e-05 6.46709e-05 6.20090e-05 5.93847e-05 5.68010e-05 5.42605e-05 5.17661e-05 4.93203e-05 4.69257e-05 4.45845e-05 4.22990e-05 4.00714e-05 3.79035e-05 3.57970e-05 3.37536e-05 3.17747e-05 2.98614e-05 2.80148e-05 2.62356e-05 2.45246e-05 2.28822e-05 2.13085e-05 1.98036e-05 1.83674e-05 1.69994e-05 1.56991e-05 1.44659e-05 1.32988e-05 1.21967e-05 1.11584e-05 1.01826e-05 9.26764e-06 8.41197e-06 7.61379e-06 6.87122e-06 6.18229e-06 5.54493e-06 4.95703e-06 4.41640e-06 3.92079e-06 3.46795e-06 3.05558e-06 2.68140e-06 2.34311e-06 2.03844e-06 1.76514e-06 1.52100e-06 1.30386e-06 1.11162e-06 9.42243e-07 7.93762e-07 6.64294e-07 5.52044e-07 4.55306e-07 3.72469e-07 3.02022e-07 2.42553e-07 1.92750e-07 1.51403e-07 1.17401e-07 8.97305e-08 6.74745e-08 4.98065e-08 3.59883e-08 2.53649e-08 1.73594e-08 1.14684e-08 7.25593e-09 4.34880e-09 2.43078e-09 1.23779e-09 5.53137e-10 2.03271e-10 5.40422e-11 7.63722e-12 1.95449e-13
0.499519 9.16992e-02 1.55289e-01 1.28889e-01 1.00894e-01 7.41907e-02 5.10935e-02 3.29811e-02 2.00553e-02 1.16010e-02 6.48372e-03 3.58568e-03 2.03271e-03 1.23667e-03 8.42923e-04 6.54429e-04 5.67986e-04 5.31617e-04 5.19695e-04 5.19684e-04 5.25432e-04 5.33887e-04 5.43515e-04 5.53524e-04 5.63497e-04 5.73211e-04 5.82542e-04 5.91422e-04 5.99813e-04 6.07693e-04 6.15048e-04 6.21866e-04 6.28142e-04 6.33865e-04 6.39028e-04 6.43623e-04 6.47645e-04 6.51087e-04 6.53945e-04 6.56218e-04 6.57906e-04 6.59011e-04 6.59539e-04 6.59495e-04 6.58892e-04 6.57738e-04 6.56050e-04 6.53842e-04 6.51133e-04 6.47941e-04 6.44288e-04 6.40195e-04 6.35686e-04 6.30783e-04 6.25512e-04 6.19898e-04 6.13966e-04 6.07741e-04 6.01249e-04 5.94516e-04 5.87567e-04 5.80426e-04 5.73118e-04 5.65667e-04 5.58095e-04 5.50425e-04 5.42679e-04 5.34877e-04 5.27039e-04 5.19184e-04 5.11329e-04 5.03491e-04 4.95686e-04 4.87928e-04 4.80231e-04 4.72608e-04 4.65070e-04 4.57627e-04 4.50290e-04 4.43066e-04 4.35963e-04 4.28988e-04 4.22148e-04 4.15446e-04 4.08887e-04 4.02474e-04 3.96211e-04 3.90099e-04 3.84140e-04 3.78335e-04 3.72684e-04 3.67187e-04 3.61842e-04 3.56650e-04 3.51608e-04 3.46714e-04 3.41967e-04 3.37363e-04 3.32900e-04 3.28575e-04 3.24384e-04 3.20324e-04 3.16391e-04 3.12582e-04 3.08891e-04 3.05315e-04 3.01850e-04 2.98491e-04 2.95234e-04 2.92074e-04 2.89006e-04 2.86027e-04 2.83130e-04 2.80313e-04 2.77569e-04 2.74894e-04 2.72283e-04 2.69732e-04 2.67235e-04 2.64789e-04 2.62387e-04 2.60027e-04 2.57702e-04 2.55408e-04 2.53141e-04 2.50896e-04 2.48668e-04 2.46454e-04 2.44248e-04 2.42047e-04 2.39846e-04 2.37642e-04 2.35429e-04 2.33205e-04 2.30966e-04 2.28707e-04 2.26426e-04 2.24119e-04 2.21783e-04 2.19415e-04 2.17012e-04 2.14572e-04 2.12092e-04 2.09571e-04 2.07005e-04 2.04393e-04 2.01734e-04 1.99027e-04 1.96271e-04 1.93464e-04 1.90606e-04 1.87698e-04 1.84738e-04 1.81728e-04 1.78668e-04 1.75558e-04 1.72400e-04 1.69195e-04 1.65944e-04 1.62650e-04 1.59314e-04 1.55938e-04 1.52526e-04 1.49079e-04 1.45600e-04 1.42093e-04 1.38561e-04 1.35007e-04 1.31435e-04 1.27847e-04 1.24249e-04 1.20644e-04 1.17036e-04 1.13429e-04 1.09827e-04 1.06235e-04 1.02656e-04 9.90956e-05 9.55569e-05 9.20446e-05 8.85629e-05 8.51159e-05 8.17078e-05 7.83424e-05 7.50239e-05 7.17559e-05 6.85422e-05 6.53863e-05 6.22917e-05 5.92614e-05 5.62987e-05 5.34063e-05 5.05869e-05 4.78430e-05 4.51769e-05 4.25904e-05 4.00854e-05 3.76635e-05 3.53259e-05 3.30737e-05 3.09077e-05 2.88284e-05 2.68361e-05 2.49309e-05 2.31126e-05 2.13808e-05 1.97349e-05 1.81738e-05 1.66965e-05 1.53018e-05 1.39880e-05 1.27535e-05 1.15963e-05 1.05145e-05 9.50573e-06 8.56770e-06 7.69791e-06 6.89378e-06 6.15262e-06 5.47166e-06 4.84806e-06 4.27895e-06 3.76141e-06 3.29251e-06 2.86933e-06 2.48894e-06 2.14847e-06 1.84506e-06 1.57594e-06 1.33839e-06 1.12978e-06 9.47569e-07 7.89322e-07 6.52714e-07 5.35539e-07 4.35713e-07 3.51286e-07 2.80435e-07 2.21476e-07 1.72855e-07 1.33155e-07 1.01090e-07 7.54998e-08 5.53491e-08 3.97201e-08 2.78060e-08 1.89044e-08 1.24094e-08 7.80364e-09 4.65050e-09 2.58588e-09 1.31065e-09 5.83348e-10 2.13664e-10 5.66612e-11 7.99345e-12 2.04370e-13
0.599423 8.12528e-02 1.39235e-01 1.16531e-01 9.24689e-02 6.97802e-02 5.00012e-02 3.40434e-02 2.21031e-02 1.37807e-02 8.34231e-03 4.98312e-03 3.00409e-03 1.88206e-03 1.26534e-03 9.35502e-04 7.64460e-04 6.80007e-04 6.42397e-04 6.30012e-04 6.31124e-04 6.39349e-04 6.51184e-04 6.64685e-04 6.78755e-04 6.92763e-04 7.06338e-04 7.19256e-04 7.31380e-04 7.42628e-04 7.52948e-04 7.62309e-04 7.70694e-04 7.78098e-04 7.84516e-04 7.89956e-04 7.94425e-04 7.97935e-04 8.00502e-04 8.02146e-04 8.02886e-04 8.02749e-04 8.01759e-04 7.99948e-04 7.97345e-04 7.93984e-04 7.89898e-04 7.85126e-04 7.79704e-04 7.73670e-04 7.67064e-04 7.59927e-04 7.52298e-04 7.44218e-04 7.35728e-04 7.26868e-04 7.17678e-04 7.08197e-04 6.98463e-04 6.88513e-04 6.78383e-04 6.68107e-04 6.57719e-04 6.47252e-04 6.36734e-04 6.26194e-04 6.15660e-04 6.05157e-04 5.94709e-04 5.84338e-04 5.74063e-04 5.63905e-04 5.53879e-04 5.44002e-04 5.34288e-04 5.24749e-04 5.15396e-04 5.06239e-04 4.97287e-04 4.88547e-04 4.80025e-04 4.71726e-04 4.63653e-04 4.55810e-04 4.48198e-04 4.40819e-04 4.33673e-04 4.26759e-04 4.20076e-04 4.13622e-04 4.07395e-04 4.01392e-04 3.95610e-04 3.90045e-04 3.84692e-04 3.79547e-04 3.74605e-04 3.69860e-04 3.65308e-04 3.60942e-04 3.56757e-04 3.52746e-04 3.48903e-04 3.45222e-04 3.41695e-04 3.38317e-04 3.35080e-04 3.31978e-04 3.29003e-04 3.26150e-04 3.23409e-04 3.20775e-04 3.18241e-04 3.15799e-04 3.13442e-04 3.11163e-04 3.08955e-04 3.06811e-04 3.04724e-04 3.02687e-04 3.00692e-04 2.98733e-04 2.96803e-04 2.94895e-04 2.93002e-04 2.91117e-04 2.89235e-04 2.87347e-04 2.85449e-04 2.83533e-04 2.81594e-04 2.79625e-04 2.77620e-04 2.75575e-04 2.73483e-04 2.71340e-04 2.69140e-04 2.66879e-04 2.64552e-04 2.62157e-04 2.59688e-04 2.57143e-04 2.54518e-04 2.51811e-04 2.49021e-04 2.46144e-04 2.43181e-04 2.40129e-04 2.36989e-04 2.33760e-04 2.30444e-04 2.27040e-04 2.23551e-04 2.19977e-04 2.16321e-04 2.12586e-04 2.08773e-04 2.04887e-04 2.00932e-04 1.96909e-04 1.92825e-04 1.88683e-04 1.84488e-04 1.80245e-04 1.75958e-04 1.71633e-04 1.67276e-04 1.62891e-04 1.58484e-04 1.54061e-04 1.49627e-04 1.45188e-04 1.40750e-04 1.36318e-04 1.31897e-04 1.27494e-04 1.23114e-04 1.18762e-04 1.14443e-04 1.10163e-04 1.05927e-04 1.01740e-04 9.76059e-05 9.35301e-05 8.95169e-05 8.55705e-05 8.16950e-05 7.78944e-05 7.41723e-05 7.05321e-05 6.69772e-05 6.35106e-05 6.01349e-05 5.68528e-05 5.36665e-05 5.05780e-05 4.75891e-05 4.47013e-05 4.19157e-05 3.92334e-05 3.66549e-05 3.41808e-05 3.18111e-05 2.95458e-05 2.73843e-05 2.53262e-05 2.33703e-05 2.15157e-05 1.97609e-05 1.81042e-05 1.65438e-05 1.50777e-05 1.37035e-05 1.24188e-05 1.12210e-05 1.01073e-05 9.07478e-06 8.12035e-06 7.24084e-06 6.43300e-06 5.69347e-06 5.01886e-06 4.40571e-06 3.85056e-06 3.34993e-06 2.90036e-06 2.49840e-06 2.14068e-06 1.82387e-06 1.54471e-06 1.30005e-06 1.08684e-06 9.02151e-07 7.43181e-07 6.07270e-07 4.91905e-07 3.94728e-07 3.13542e-07 2.46313e-07 1.91168e-07 1.46402e-07 1.10471e-07 8.19869e-08 5.97169e-08 4.25731e-08 2.96062e-08 1.99958e-08 1.30409e-08 8.14950e-09 4.82775e-09 2.66963e-09 1.34634e-09 5.96624e-10 2.17735e-10 5.75789e-11 8.10729e-12 2.07060e-13
0.699327 8.19380e-02 1.30562e-01 1.04578e-01 8.27936e-02 6.36555e-02 4.69141e-02 3.31140e-02 2.24684e-02 1.47482e-02 9.45020e-03 5.98420e-03 3.80568e-03 2.48072e-03 1.69692e-03 1.24504e-03 9.91975e-04 8.56040e-04 7.88257e-04 7.59703e-04 7.53435e-04 7.59567e-04 7.72332e-04 7.88358e-04 8.05664e-04 8.23086e-04 8.39934e-04 8.55804e-04 8.70462e-04 8.83775e-04 8.95674e-04 9.06127e-04 9.15126e-04 9.22678e-04 9.28797e-04 9.33504e-04 9.36830e-04 9.38807e-04 9.39476e-04 9.38881e-04 9.37074e-04 9.34110e-04 9.30047e-04 9.24948e-04 9.18876e-04 9.11896e-04 9.04075e-04 8.95478e-04 8.86171e-04 8.76218e-04 8.65682e-04 8.54625e-04 8.43107e-04 8.31186e-04 8.18919e-04 8.06357e-04 7.93554e-04 7.80557e-04 7.67415e-04 7.54171e-04 7.40866e-04 7.27540e-04 7.14230e-04 7.00970e-04 6.87792e-04 6.74726e-04 6.61799e-04 6.49035e-04 6.36458e-04 6.24087e-04 6.11942e-04 6.00039e-04 5.88393e-04 5.77016e-04 5.65919e-04 5.55112e-04 5.44603e-04 5.34397e-04 5.24499e-04 5.14914e-04 5.05643e-04 4.96688e-04 4.88049e-04 4.79725e-04 4.71714e-04 4.64013e-04 4.56620e-04 4.49531e-04 4.42739e-04 4.36241e-04 4.30031e-04 4.24102e-04 4.18447e-04 4.13060e-04 4.07933e-04 4.03057e-04 3.98426e-04 3.94030e-04 3.89862e-04 3.85911e-04 3.82170e-04 3.78629e-04 3.75278e-04 3.72109e-04 3.69112e-04 3.66277e-04 3.63594e-04 3.61055e-04 3.58650e-04 3.56368e-04 3.54201e-04 3.52138e-04 3.50171e-04 3.48290e-04 3.46486e-04 3.44750e-04 3.43071e-04 3.41443e-04 3.39855e-04 3.38299e-04 3.36766e-04 3.35248e-04 3.33736e-04 3.32222e-04 3.30699e-04 3.29157e-04 3.27589e-04 3.25988e-04 3.24347e-04 3.22657e-04 3.20911e-04 3.19104e-04 3.17228e-04 3.15277e-04 3.13244e-04 3.11125e-04 3.08913e-04 3.06603e-04 3.04191e-04 3.01672e-04 2.99043e-04 2.96300e-04 2.93439e-04 2.90459e-04 2.87358e-04 2.84133e-04 2.80785e-04 2.77313e-04 2.73718e-04 2.70000e-04 2.66160e-04 2.62201e-04 2.58126e-04 2.53938e-04 2.49640e-04 2.45237e-04 2.40733e-04 2.36134e-04 2.31446e-04 2.26673e-04 2.21824e-04 2.16904e-04 2.11920e-04 2.06880e-04 2.01791e-04 1.96660e-04 1.91495e-04 1.86303e-04 1.81092e-04 1.75870e-04 1.70644e-04 1.65420e-04 1.60208e-04 1.55013e-04 1.49843e-04 1.44704e-04 1.39603e-04 1.34546e-04 1.29539e-04 1.24588e-04 1.19699e-04 1.14877e-04 1.10126e-04 1.05453e-04 1.00861e-04 9.63538e-05 9.19366e-05 8.76127e-05 8.33855e-05 7.92582e-05 7.52339e-05 7.13151e-05 6.75044e-05 6.38038e-05 6.02152e-05 5.67404e-05 5.33805e-05 5.01369e-05 4.70103e-05 4.40013e-05 4.11102e-05 3.83371e-05 3.56818e-05 3.31439e-05 3.07227e-05 2.84171e-05 2.62261e-05 2.41482e-05 2.21818e-05 2.03249e-05 1.85753e-05 1.69309e-05 1.53891e-05 1.39471e-05 1.26021e-05 1.13509e-05 1.01904e-05 9.11729e-06 8.12799e-06 7.21896e-06 6.38654e-06 5.62697e-06 4.93647e-06 4.31122e-06 3.74736e-06 3.24106e-06 2.78849e-06 2.38588e-06 2.02952e-06 1.71575e-06 1.44103e-06 1.20191e-06 9.95098e-07 8.17403e-07 6.65805e-07 5.37445e-07 4.29632e-07 3.39856e-07 2.65788e-07 2.05290e-07 1.56407e-07 1.17375e-07 8.66079e-08 6.27020e-08 4.44218e-08 3.06938e-08 2.05957e-08 1.33450e-08 8.28625e-09 4.87854e-09 2.68206e-09 1.34542e-09 5.93420e-10 2.15713e-10 5.68689e-11 7.99033e-12 2.03833e-13
0.799231 6.93258e-02 1.16222e-01 9.61122e-02 7.67710e-02 5.94112e-02 4.45339e-02 3.23391e-02 2.27777e-02 1.56223e-02 1.05067e-02 6.99620e-03 4.66901e-03 3.17002e-03 2.22844e-03 1.65133e-03 1.30740e-03 1.11008e-03 1.00350e-03 9.52164e-04 9.33827e-04 9.34660e-04 9.46150e-04 9.63090e-04 9.82316e-04 1.00192e-03 1.02077e-03 1.03821e-03 1.05387e-03 1.06757e-03 1.07923e-03 1.08885e-03 1.09646e-03 1.10211e-03 1.10586e-03 1.10778e-03 1.10794e-03 1.10642e-03 1.10330e-03 1.09867e-03 1.09261e-03 1.08521e-03 1.07658e-03 1.06681e-03 1.05600e-03 1.04424e-03 1.03164e-03 1.01828e-03 1.00425e-03 9.89649e-04 9.74554e-04 9.59046e-04 9.43198e-04 9.27083e-04 9.10764e-04 8.94305e-04 8.77760e-04 8.61184e-04 8.44623e-04 8.28124e-04 8.11727e-04 7.95469e-04 7.79385e-04 7.63506e-04 7.47860e-04 7.32474e-04 7.17369e-04 7.02569e-04 6.88090e-04 6.73950e-04 6.60162e-04 6.46741e-04 6.33696e-04 6.21037e-04 6.08771e-04 5.96904e-04 5.85440e-04 5.74382e-04 5.63731e-04 5.53489e-04 5.43653e-04 5.34223e-04 5.25195e-04 5.16564e-04 5.08327e-04 5.00478e-04 4.93009e-04 4.85914e-04 4.79185e-04 4.72813e-04 4.66789e-04 4.61105e-04 4.55748e-04 4.50709e-04 4.45977e-04 4.41541e-04 4.37388e-04 4.33505e-04 4.29882e-04 4.26504e-04 4.23359e-04 4.20434e-04 4.17715e-04 4.15188e-04 4.12841e-04 4.10659e-04 4.08629e-04 4.06738e-04 4.04973e-04 4.03320e-04 4.01767e-04 4.00300e-04 3.98908e-04 3.97577e-04 3.96298e-04 3.95057e-04 3.93843e-04 3.92646e-04 3.91456e-04 3.90261e-04 3.89053e-04 3.87820e-04 3.86555e-04 3.85249e-04 3.83892e-04 3.82478e-04 3.80996e-04 3.79441e-04 3.77805e-04 3.76081e-04 3.74262e-04 3.72342e-04 3.70314e-04 3.68174e-04 3.65915e-04 3.63532e-04 3.61021e-04 3.58377e-04 3.55595e-04 3.52673e-04 3.49608e-04 3.46395e-04 3.43033e-04 3.39519e-04 3.35854e-04 3.32034e-04 3.28061e-04 3.23934e-04 3.19655e-04 3.15225e-04 3.10645e-04 3.05920e-04 3.01051e-04 2.96044e-04 2.90903e-04 2.85634e-04 2.80242e-04 2.74734e-04 2.69117e-04 2.63400e-04 2.57589e-04 2.51694e-04 2.45724e-04 2.39688e-04 2.33596e-04 2.27457e-04 2.21282e-04 2.15080e-04 2.08861e-04 2.02635e-04 1.96412e-04 1.90202e-04 1.84014e-04 1.77858e-04 1.71741e-04 1.65673e-04 1.59662e-04 1.53715e-04 1.47840e-04 1.42043e-04 1.36332e-04 1.30711e-04 1.25188e-04 1.19766e-04 1.14451e-04 1.09246e-04 1.04157e-04 9.91859e-05 9.43364e-05 8.96113e-05 8.50131e-05 8.05439e-05 7.62055e-05 7.19995e-05 6.79272e-05 6.39895e-05 6.01871e-05 5.65204e-05 5.29897e-05 4.95949e-05 4.63357e-05 4.32116e-05 4.02217e-05 3.73652e-05 3.46408e-05 3.20471e-05 2.95823e-05 2.72448e-05 2.50323e-05 2.29425e-05 2.09731e-05 1.91213e-05 1.73843e-05 1.57590e-05 1.42421e-05 1.28304e-05 1.15201e-05 1.03078e-05 9.18952e-06 8.16138e-06 7.21934e-06 6.35932e-06 5.57713e-06 4.86857e-06 4.22939e-06 3.65534e-06 3.14217e-06 2.68568e-06 2.28170e-06 1.92616e-06 1.61505e-06 1.34449e-06 1.11073e-06 9.10162e-07 7.39338e-07 5.94989e-07 4.74035e-07 3.73595e-07 2.90996e-07 2.23774e-07 1.69682e-07 1.26689e-07 9.29747e-08 6.69263e-08 4.71304e-08 3.23630e-08 2.15775e-08 1.38912e-08 8.57029e-09 5.01430e-09 2.74032e-09 1.36710e-09 6.00029e-10 2.17212e-10 5.70778e-11 8.00159e-12 2.03864e-13
0.899135 6.36811e-02 1.06423e-01 8.77301e-02 6.99768e-02 5.44300e-02 4.13310e-02 3.06394e-02 2.22138e-02 1.58074e-02 1.10973e-02 7.73826e-03 5.40669e-03 3.82693e-03 2.78050e-03 2.10326e-03 1.67649e-03 1.41663e-03 1.26603e-03 1.18556e-03 1.14904e-03 1.13920e-03 1.14480e-03 1.15864e-03 1.17618e-03 1.19460e-03 1.21221e-03 1.22804e-03 1.24155e-03 1.25251e-03 1.26086e-03 1.26662e-03 1.26990e-03 1.27081e-03 1.26948e-03 1.26605e-03 1.26067e-03 1.25347e-03 1.24458e-03 1.23416e-03 1.22234e-03 1.20926e-03 1.19505e-03 1.17983e-03 1.16374e-03 1.14689e-03 1.12939e-03 1.11135e-03 1.09287e-03 1.07404e-03 1.05493e-03 1.03564e-03 1.01622e-03 9.96746e-04 9.77277e-04 9.57864e-04 9.38555e-04 9.19395e-04 9.00422e-04 8.81672e-04 8.63177e-04 8.44965e-04 8.27064e-04 8.09496e-04 7.92283e-04 7.75443e-04 7.58996e-04 7.42956e-04 7.27338e-04 7.12154e-04 6.97416e-04 6.83134e-04 6.69317e-04 6.55971e-04 6.43102e-04 6.30715e-04 6.18812e-04 6.07396e-04 5.96466e-04 5.86022e-04 5.76062e-04 5.66581e-04 5.57576e-04 5.49041e-04 5.40969e-04 5.33353e-04 5.26184e-04 5.19453e-04 5.13149e-04 5.07261e-04 5.01777e-04 4.96683e-04 4.91968e-04 4.87615e-04 4.83609e-04 4.79934e-04 4.76574e-04 4.73511e-04 4.70728e-04 4.68205e-04 4.65925e-04 4.63868e-04 4.62016e-04 4.60350e-04 4.58849e-04 4.57497e-04 4.56273e-04 4.55160e-04 4.54139e-04 4.53194e-04 4.52308e-04 4.51463e-04 4.50644e-04 4.49836e-04 4.49025e-04 4.48197e-04 4.47339e-04 4.46438e-04 4.45484e-04 4.44465e-04 4.43371e-04 4.42193e-04 4.40923e-04 4.39552e-04 4.38074e-04 4.36480e-04 4.34767e-04 4.32927e-04 4.30957e-04 4.28852e-04 4.26607e-04 4.24220e-04 4.21687e-04 4.19005e-04 4.16173e-04 4.13187e-04 4.10047e-04 4.06750e-04 4.03295e-04 3.99682e-04 3.95909e-04 3.91976e-04 3.87882e-04 3.83628e-04 3.79213e-04 3.74639e-04 3.69905e-04 3.65013e-04 3.59964e-04 3.54761e-04 3.49404e-04 3.43898e-04 3.38244e-04 3.32448e-04 3.26512e-04 3.20443e-04 3.14245e-04 3.07924e-04 3.01488e-04 2.94943e-04 2.88297e-04 2.81560e-04 2.74740e-04 2.67848e-04 2.60892e-04 2.53885e-04 2.46837e-04 2.39759e-04 2.32664e-04 2.25562e-04 2.18465e-04 2.11386e-04 2.04335e-04 1.97324e-04 1.90364e-04 1.83466e-04 1.76639e-04 1.69893e-04 1.63237e-04 1.56680e-04 1.50230e-04 1.43894e-04 1.37678e-04 1.31588e-04 1.25630e-04 1.19809e-04 1.14128e-04 1.08591e-04 1.03201e-04 9.79606e-05 9.28716e-05 8.79356e-05 8.31537e-05 7.85266e-05 7.40548e-05 6.97382e-05 6.55767e-05 6.15697e-05 5.77164e-05 5.40159e-05 5.04670e-05 4.70683e-05 4.38181e-05 4.07147e-05 3.77562e-05 3.49403e-05 3.22649e-05 2.97275e-05 2.73256e-05 2.50563e-05 2.29168e-05 2.09041e-05 1.90149e-05 1.72459e-05 1.55938e-05 1.40547e-05 1.26250e-05 1.13009e-05 1.00782e-05 8.95301e-06 7.92102e-06 6.97795e-06 6.11944e-06 5.34108e-06 4.63839e-06 4.00689e-06 3.44207e-06 2.93944e-06 2.49457e-06 2.10305e-06 1.76057e-06 1.46289e-06 1.20593e-06 9.85716e-07 7.98459e-07 6.40537e-07 5.08528e-07 3.99222e-07 3.09630e-07 2.36998e-07 1.78808e-07 1.32784e-07 9.68887e-08 6.93211e-08 4.85071e-08 3.30892e-08 2.19129e-08 1.40108e-08 8.58523e-09 4.98960e-09 2.70946e-09 1.34371e-09 5.86646e-10 2.11413e-10 5.53572e-11 7.74124e-12 1.96961e-13
0.999039 6.22809e-02 1.01056e-01 8.07653e-02 6.32918e-02 4.91532e-02 3.76528e-02 2.83996e-02 2.11203e-02 1.55291e-02 1.13297e-02 8.24106e-03 6.01369e-03 4.43741e-03 3.34262e-03 2.59726e-03 2.10136e-03 1.78070e-03 1.58104e-03 1.46328e-03 1.39960e-03 1.37049e-03 1.36250e-03 1.36653e-03 1.37655e-03 1.38865e-03 1.40042e-03 1.41043e-03 1.41791e-03 1.42253e-03 1.42421e-03 1.42302e-03 1.41913e-03 1.41273e-03 1.40405e-03 1.39329e-03 1.38068e-03 1.36644e-03 1.35075e-03 1.33381e-03 1.31581e-03 1.29690e-03 1.27724e-03 1.25697e-03 1.23622e-03 1.21510e-03 1.19372e-03 1.17216e-03 1.15050e-03 1.12882e-03 1.10717e-03 1.08561e-03 1.06417e-03 1.04291e-03 1.02185e-03 1.00103e-03 9.80459e-04 9.60172e-04 9.40185e-04 9.20519e-04 9.01188e-04 8.82211e-04 8.63603e-04 8.45381e-04 8.27558e-04 8.10150e-04 7.93173e-04 7.76641e-04 7.60568e-04 7.44969e-04 7.29855e-04 7.15240e-04 7.01132e-04 6.87542e-04 6.74478e-04 6.61946e-04 6.49950e-04 6.38493e-04 6.27578e-04 6.17204e-04 6.07370e-04 5.98074e-04 5.89312e-04 5.81079e-04 5.73369e-04 5.66175e-04 5.59488e-04 5.53299e-04 5.47597e-04 5.42368e-04 5.37599e-04 5.33274e-04 5.29376e-04 5.25884e-04 5.22780e-04 5.20040e-04 5.17642e-04 5.15562e-04 5.13774e-04 5.12252e-04 5.10970e-04 5.09903e-04 5.09022e-04 5.08301e-04 5.07715e-04 5.07237e-04 5.06843e-04 5.06509e-04 5.06210e-04 5.05925e-04 5.05632e-04 5.05310e-04 5.04941e-04 5.04507e-04 5.03991e-04 5.03377e-04 5.02653e-04 5.01804e-04 5.00820e-04 4.99691e-04 4.98408e-04 4.96962e-04 4.95349e-04 4.93562e-04 4.91599e-04 4.89455e-04 4.87128e-04 4.84618e-04 4.81925e-04 4.79048e-04 4.75988e-04 4.72749e-04 4.69331e-04 4.65737e-04 4.61970e-04 4.58034e-04 4.53932e-04 4.49667e-04 4.45243e-04 4.40664e-04 4.35933e-04 4.31054e-04 4.26030e-04 4.20864e-04 4.15560e-04 4.10120e-04 4.04546e-04 3.98841e-04 3.93008e-04 3.87048e-04 3.80963e-04 3.74755e-04 3.68426e-04 3.61978e-04 3.55413e-04 3.48733e-04 3.41941e-04 3.35040e-04 3.28033e-04 3.20926e-04 3.13722e-04 3.06427e-04 2.99048e-04 2.91593e-04 2.84068e-04 2.76483e-04 2.68847e-04 2.61171e-04 2.53466e-04 2.45743e-04 2.38015e-04 2.30293e-04 2.22592e-04 2.14923e-04 2.07300e-04 1.99735e-04 1.92241e-04 1.84830e-04 1.77514e-04 1.70303e-04 1.63207e-04 1.56237e-04 1.49402e-04 1.42708e-04 1.36164e-04 1.29775e-04 1.23546e-04 1.17483e-04 1.11589e-04 1.05866e-04 1.00317e-04 9.49437e-05 8.97464e-05 8.47255e-05 7.98810e-05 7.52120e-05 7.07175e-05 6.63961e-05 6.22461e-05 5.82653e-05 5.44517e-05 5.08028e-05 4.73160e-05 4.39885e-05 4.08176e-05 3.78002e-05 3.49333e-05 3.22139e-05 2.96386e-05 2.72041e-05 2.49072e-05 2.27444e-05 2.07121e-05 1.88067e-05 1.70245e-05 1.53619e-05 1.38148e-05 1.23794e-05 1.10516e-05 9.82727e-06 8.70217e-06 7.67200e-06 6.73238e-06 5.87884e-06 5.10687e-06 4.41190e-06 3.78934e-06 3.23456e-06 2.74296e-06 2.30992e-06 1.93091e-06 1.60143e-06 1.31709e-06 1.07360e-06 8.66815e-07 6.92754e-07 5.47626e-07 4.27844e-07 3.30056e-07 2.51153e-07 1.88285e-07 1.38872e-07 1.00601e-07 7.14349e-08 4.95962e-08 3.35622e-08 2.20469e-08 1.39832e-08 8.50074e-09 4.90291e-09 2.64325e-09 1.30221e-09 5.65193e-10 2.02672e-10 5.28619e-11 7.37232e-12 1.87292e-13
1.098943 5.89400e-02 9.30491e-02 7.32813e-02 5.73337e-02 4.45562e-02 3.43105e-02 2.62467e-02 1.99890e-02 1.51713e-02 1.14899e-02 8.70490e-03 6.62409e-03 5.09080e-03 3.97755e-03 3.18207e-03 2.62381e-03 2.24023e-03 1.98339e-03 1.81687e-03 1.71336e-03 1.65257e-03 1.61968e-03 1.60406e-03 1.59821e-03 1.59705e-03 1.59723e-03 1.59667e-03 1.59419e-03 1.58920e-03 1.58150e-03 1.57113e-03 1.55826e-03 1.54314e-03 1.52605e-03 1.50726e-03 1.48705e-03 1.46569e-03 1.44341e-03 1.42043e-03 1.39694e-03 1.37312e-03 1.34910e-03 1.32501e-03 1.30095e-03 1.27700e-03 1.25323e-03 1.22969e-03 1.20641e-03 1.18343e-03 1.16076e-03 1.13840e-03 1.11637e-03 1.09467e-03 1.07329e-03 1.05223e-03 1.03149e-03 1.01107e-03 9.90974e-04 9.71198e-04 9.51754e-04 9.32648e-04 9.13896e-04 8.95509e-04 8.77508e-04 8.59908e-04 8.42731e-04 8.25996e-04 8.09722e-04 7.93928e-04 7.78630e-04 7.63842e-04 7.49579e-04 7.35850e-04 7.22664e-04 7.10027e-04 6.97946e-04 6.86424e-04 6.75466e-04 6.65073e-04 6.55249e-04 6.45995e-04 6.37313e-04 6.29206e-04 6.21672e-04 6.14710e-04 6.08319e-04 6.02492e-04 5.97221e-04 5.92497e-04 5.88305e-04 5.84628e-04 5.81444e-04 5.78730e-04 5.76459e-04 5.74601e-04 5.73124e-04 5.71994e-04 5.71175e-04 5.70630e-04 5.70323e-04 5.70216e-04 5.70272e-04 5.70454e-04 5.70728e-04 5.71057e-04 5.71409e-04 5.71753e-04 5.72058e-04 5.72296e-04 5.72441e-04 5.72467e-04 5.72352e-04 5.72076e-04 5.71620e-04 5.70968e-04 5.70105e-04 5.69019e-04 5.67700e-04 5.66138e-04 5.64329e-04 5.62266e-04 5.59948e-04 5.57374e-04 5.54543e-04 5.51458e-04 5.48122e-04 5.44540e-04 5.40718e-04 5.36662e-04 5.32380e-04 5.27880e-04 5.23172e-04 5.18264e-04 5.13167e-04 5.07891e-04 5.02445e-04 4.96841e-04 4.91088e-04 4.85197e-04 4.79176e-04 4.73036e-04 4.66785e-04 4.60430e-04 4.53979e-04 4.47439e-04 4.40815e-04 4.34112e-04 4.27334e-04 4.20483e-04 4.13563e-04 4.06574e-04 3.99517e-04 3.92393e-04 3.85199e-04 3.77937e-04 3.70604e-04 3.63199e-04 3.55721e-04 3.48169e-04 3.40544e-04 3.32844e-04 3.25070e-04 3.17225e-04 3.09311e-04 3.01333e-04 2.93294e-04 2.85201e-04 2.77062e-04 2.68885e-04 2.60680e-04 2.52459e-04 2.44233e-04 2.36014e-04 2.27817e-04 2.19656e-04 2.11545e-04 2.03498e-04 1.95529e-04 1.87654e-04 1.79886e-04 1.72238e-04 1.64723e-04 1.57351e-04 1.50135e-04 1.43082e-04 1.36202e-04 1.29502e-04 1.22987e-04 1.16663e-04 1.10534e-04 1.04602e-04 9.88685e-05 9.33353e-05 8.80019e-05 8.28676e-05 7.79310e-05 7.31902e-05 6.86427e-05 6.42855e-05 6.01155e-05 5.61291e-05 5.23227e-05 4.86923e-05 4.52340e-05 4.19437e-05 3.88174e-05 3.58508e-05 3.30399e-05 3.03804e-05 2.78685e-05 2.54998e-05 2.32704e-05 2.11763e-05 1.92133e-05 1.73775e-05 1.56647e-05 1.40709e-05 1.25920e-05 1.12239e-05 9.96230e-06 8.80300e-06 7.74167e-06 6.77394e-06 5.89535e-06 5.10139e-06 4.38748e-06 3.74899e-06 3.18124e-06 2.67953e-06 2.23915e-06 1.85538e-06 1.52354e-06 1.23901e-06 9.97239e-07 7.93799e-07 6.24402e-07 4.84940e-07 3.71512e-07 2.80459e-07 2.08388e-07 1.52197e-07 1.09093e-07 7.66018e-08 5.25697e-08 3.51576e-08 2.28261e-08 1.43134e-08 8.60769e-09 4.91475e-09 2.62543e-09 1.28295e-09 5.52949e-10 1.97143e-10 5.11921e-11 7.11780e-12 1.80523e-13
1.198847 5.11780e-02 8.26456e-02 6.61539e-02 5.21433e-02 4.05755e-02 3.13466e-02 2.42496e-02 1.88568e-02 1.47357e-02 1.15584e-02 9.09999e-03 7.20386e-03 5.75286e-03 4.65398e-03 3.83146e-03 3.22365e-03 2.78090e-03 2.46355e-03 2.24017e-03 2.08597e-03 1.98159e-03 1.91204e-03 1.86594e-03 1.83481e-03 1.81253e-03 1.79481e-03 1.77883e-03 1.76280e-03 1.74570e-03 1.72701e-03 1.70658e-03 1.68445e-03 1.66080e-03 1.63588e-03 1.60996e-03 1.58331e-03 1.55620e-03 1.52887e-03 1.50152e-03 1.47433e-03 1.44742e-03 1.42091e-03 1.39488e-03 1.36937e-03 1.34440e-03 1.31998e-03 1.29610e-03 1.27274e-03 1.24986e-03 1.22743e-03 1.20540e-03 1.18374e-03 1.16242e-03 1.14140e-03 1.12066e-03 1.10019e-03 1.07998e-03 1.06003e-03 1.04036e-03 1.02099e-03 1.00192e-03 9.83201e-04 9.64845e-04 9.46882e-04 9.29338e-04 9.12234e-04 8.95590e-04 8.79419e-04 8.63732e-04 8.48533e-04 8.33828e-04 8.19616e-04 8.05899e-04 7.92679e-04 7.79958e-04 7.67741e-04 7.56037e-04 7.44856e-04 7.34213e-04 7.24122e-04 7.14601e-04 7.05668e-04 6.97341e-04 6.89634e-04 6.82560e-04 6.76130e-04 6.70348e-04 6.65213e-04 6.60719e-04 6.56853e-04 6.53598e-04 6.50927e-04 6.48810e-04 6.47212e-04 6.46092e-04 6.45404e-04 6.45103e-04 6.45137e-04 6.45456e-04 6.46008e-04 6.46741e-04 6.47605e-04 6.48549e-04 6.49527e-04 6.50493e-04 6.51404e-04 6.52219e-04 6.52900e-04 6.53414e-04 6.53728e-04 6.53813e-04 6.53644e-04 6.53198e-04 6.52455e-04 6.51399e-04 6.50015e-04 6.48294e-04 6.46227e-04 6.43808e-04 6.41035e-04 6.37908e-04 6.34429e-04 6.30602e-04 6.26432e-04 6.21930e-04 6.17104e-04 6.11967e-04 6.06530e-04 6.00808e-04 5.94817e-04 5.88573e-04 5.82092e-04 5.75392e-04 5.68491e-04 5.61407e-04 5.54158e-04 5.46762e-04 5.39237e-04 5.31601e-04 5.23870e-04 5.16060e-04 5.08186e-04 5.00262e-04 4.92301e-04 4.84313e-04 4.76309e-04 4.68296e-04 4.60281e-04 4.52269e-04 4.44264e-04 4.36266e-04 4.28277e-04 4.20295e-04 4.12318e-04 4.04342e-04 3.96363e-04 3.88376e-04 3.80374e-04 3.72352e-04 3.64304e-04 3.56224e-04 3.48107e-04 3.39947e-04 3.31740e-04 3.23484e-04 3.15177e-04 3.06819e-04 2.98411e-04 2.89956e-04 2.81458e-04 2.72925e-04 2.64364e-04 2.55785e-04 2.47199e-04 2.38619e-04 2.30060e-04 2.21536e-04 2.13063e-04 2.04657e-04 1.96336e-04 1.88114e-04 1.80010e-04 1.72037e-04 1.64211e-04 1.56545e-04 1.49053e-04 1.41745e-04 1.34631e-04 1.27719e-04 1.21017e-04 1.14529e-04 1.08260e-04 1.02211e-04 9.63855e-05 9.07819e-05 8.53995e-05 8.02365e-05 7.52900e-05 7.05565e-05 6.60319e-05 6.17117e-05 5.75911e-05 5.36647e-05 4.99273e-05 4.63734e-05 4.29976e-05 3.97943e-05 3.67582e-05 3.38840e-05 3.11664e-05 2.86004e-05 2.61810e-05 2.39035e-05 2.17633e-05 1.97557e-05 1.78765e-05 1.61213e-05 1.44860e-05 1.29663e-05 1.15581e-05 1.02575e-05 9.06014e-06 7.96209e-06 6.95915e-06 6.04714e-06 5.22179e-06 4.47879e-06 3.81374e-06 3.22216e-06 2.69952e-06 2.24120e-06 1.84254e-06 1.49885e-06 1.20542e-06 9.57546e-07 7.50587e-07 5.79972e-07 4.41259e-07 3.30177e-07 2.42672e-07 1.74955e-07 1.23548e-07 8.53163e-08 5.75020e-08 3.77353e-08 2.40355e-08 1.47939e-08 8.74311e-09 4.91463e-09 2.59018e-09 1.25160e-09 5.34604e-10 1.89282e-10 4.89015e-11 6.77644e-12 1.71553e-13
1.298750 4.75426e-02 7.72238e-02 6.13047e-02 4.72238e-02 3.62399e-02 2.80115e-02 2.19214e-02 1.73976e-02 1.39756e-02 1.13250e-02 9.23551e-03 7.57728e-03 6.26332e-03 5.22812e-03 4.41848e-03 3.79029e-03 3.30716e-03 2.93922e-03 2.66189e-03 2.45487e-03 2.30144e-03 2.18793e-03 2.10340e-03 2.03925e-03 1.98893e-03 1.94762e-03 1.91187e-03 1.87931e-03 1.84838e-03 1.81811e-03 1.78796e-03 1.75766e-03 1.72718e-03 1.69658e-03 1.66603e-03 1.63569e-03 1.60575e-03 1.57637e-03 1.54769e-03 1.51980e-03 1.49275e-03 1.46659e-03 1.44128e-03 1.41679e-03 1.39307e-03 1.37003e-03 1.34759e-03 1.32567e-03 1.30417e-03 1.28303e-03 1.26219e-03 1.24158e-03 1.22119e-03 1.20101e-03 1.18103e-03 1.16127e-03 1.14177e-03 1.12256e-03 1.10368e-03 1.08517e-03 1.06708e-03 1.04942e-03 1.03221e-03 1.01547e-03 9.99198e-04 9.83377e-04 9.67993e-04 9.53026e-04 9.38452e-04 9.24251e-04 9.10405e-04 8.96902e-04 8.83738e-04 8.70914e-04 8.58442e-04 8.46338e-04 8.34626e-04 8.23334e-04 8.12494e-04 8.02141e-04 7.92311e-04 7.83038e-04 7.74357e-04 7.66299e-04 7.58890e-04 7.52152e-04 7.46100e-04 7.40744e-04 7.36084e-04 7.32116e-04 7.28823e-04 7.26184e-04 7.24168e-04 7.22738e-04 7.21847e-04 7.21446e-04 7.21478e-04 7.21884e-04 7.22602e-04 7.23568e-04 7.24717e-04 7.25986e-04 7.27313e-04 7.28638e-04 7.29905e-04 7.31059e-04 7.32052e-04 7.32836e-04 7.33369e-04 7.33615e-04 7.33539e-04 7.33111e-04 7.32306e-04 7.31101e-04 7.29478e-04 7.27424e-04 7.24928e-04 7.21982e-04 7.18583e-04 7.14732e-04 7.10430e-04 7.05683e-04 7.00500e-04 6.94892e-04 6.88872e-04 6.82456e-04 6.75662e-04 6.68509e-04 6.61018e-04 6.53211e-04 6.45112e-04 6.36746e-04 6.28138e-04 6.19314e-04 6.10300e-04 6.01122e-04 5.91807e-04 5.82381e-04 5.72868e-04 5.63293e-04 5.53679e-04 5.44048e-04 5.34421e-04 5.24814e-04 5.15246e-04 5.05731e-04 4.96281e-04 4.86906e-04 4.77615e-04 4.68413e-04 4.59303e-04 4.50287e-04 4.41363e-04 4.32531e-04 4.23784e-04 4.15118e-04 4.06525e-04 3.97996e-04 3.89522e-04 3.81093e-04 3.72698e-04 3.64328e-04 3.55970e-04 3.47615e-04 3.39253e-04 3.30875e-04 3.22474e-04 3.14043e-04 3.05578e-04 2.97075e-04 2.88533e-04 2.79953e-04 2.71339e-04 2.62696e-04 2.54031e-04 2.45355e-04 2.36678e-04 2.28016e-04 2.19382e-04 2.10794e-04 2.02268e-04 1.93824e-04 1.85479e-04 1.77252e-04 1.69160e-04 1.61221e-04 1.53451e-04 1.45864e-04 1.38474e-04 1.31292e-04 1.24327e-04 1.17588e-04 1.11081e-04 1.04809e-04 9.87746e-05 9.29797e-05 8.74231e-05 8.21028e-05 7.70157e-05 7.21578e-05 6.75240e-05 6.31087e-05 5.89058e-05 5.49088e-05 5.11108e-05 4.75051e-05 4.40846e-05 4.08425e-05 3.77719e-05 3.48664e-05 3.21196e-05 2.95252e-05 2.70776e-05 2.47711e-05 2.26006e-05 2.05609e-05 1.86474e-05 1.68555e-05 1.51812e-05 1.36201e-05 1.21685e-05 1.08226e-05 9.57860e-06 8.43291e-06 7.38189e-06 6.42192e-06 5.54932e-06 4.76035e-06 4.05121e-06 3.41796e-06 2.85656e-06 2.36284e-06 1.93251e-06 1.56113e-06 1.24415e-06 9.76926e-07 7.54721e-07 5.72771e-07 4.26312e-07 3.10649e-07 2.21217e-07 1.53665e-07 1.03928e-07 6.83123e-08 4.35570e-08 2.68837e-08 1.60163e-08 9.16989e-09 5.00784e-09 2.57560e-09 1.22087e-09 5.14167e-10 1.80267e-10 4.62710e-11 6.38636e-12 1.61342e-13
1.398654 4.50326e-02 7.10188e-02 5.49968e-02 4.19339e-02 3.20545e-02 2.48018e-02 1.96088e-02 1.58774e-02 1.31028e-02 1.09445e-02 9.20754e-03 7.78776e-03 6.62426e-03 5.67404e-03 4.90198e-03 4.27824e-03 3.77748e-03 3.37814e-03 3.06174e-03 2.81225e-03 2.61586e-03 2.46087e-03 2.33759e-03 2.23826e-03 2.15679e-03 2.08852e-03 2.02992e-03 1.97837e-03 1.93195e-03 1.88927e-03 1.84939e-03 1.81167e-03 1.77574e-03 1.74138e-03 1.70849e-03 1.67701e-03 1.64693e-03 1.61821e-03 1.59080e-03 1.56464e-03 1.53960e-03 1.51558e-03 1.49243e-03 1.47000e-03 1.44814e-03 1.42671e-03 1.40560e-03 1.38471e-03 1.36399e-03 1.34340e-03 1.32295e-03 1.30268e-03 1.28264e-03 1.26290e-03 1.24355e-03 1.22464e-03 1.20625e-03 1.18842e-03 1.17119e-03 1.15455e-03 1.13850e-03 1.12299e-03 1.10798e-03 1.09341e-03 1.07924e-03 1.06539e-03 1.05183e-03 1.03852e-03 1.02542e-03 1.01251e-03 9.99794e-04 9.87266e-04 9.74937e-04 9.62823e-04 9.50947e-04 9.39338e-04 9.28027e-04 9.17046e-04 9.06434e-04 8.96225e-04 8.86458e-04 8.77167e-04 8.68389e-04 8.60155e-04 8.52493e-04 8.45429e-04 8.38983e-04 8.33170e-04 8.27998e-04 8.23472e-04 8.19585e-04 8.16328e-04 8.13682e-04 8.11621e-04 8.10111e-04 8.09112e-04 8.08576e-04 8.08451e-04 8.08677e-04 8.09191e-04 8.09929e-04 8.10821e-04 8.11801e-04 8.12801e-04 8.13755e-04 8.14600e-04 8.15277e-04 8.15731e-04 8.15909e-04 8.15766e-04 8.15260e-04 8.14353e-04 8.13013e-04 8.11212e-04 8.08926e-04 8.06136e-04 8.02828e-04 7.98991e-04 7.94619e-04 7.89710e-04 7.84264e-04 7.78288e-04 7.71791e-04 7.64784e-04 7.57284e-04 7.49309e-04 7.40880e-04 7.32023e-04 7.22763e-04 7.13128e-04 7.03150e-04 6.92861e-04 6.82292e-04 6.71479e-04 6.60456e-04 6.49257e-04 6.37918e-04 6.26472e-04 6.14954e-04 6.03394e-04 5.91824e-04 5.80273e-04 5.68768e-04 5.57334e-04 5.45994e-04 5.34767e-04 5.23670e-04 5.12719e-04 5.01924e-04 4.91295e-04 4.80839e-04 4.70559e-04 4.60455e-04 4.50529e-04 4.40775e-04 4.31188e-04 4.21763e-04 4.12489e-04 4.03356e-04 3.94354e-04 3.85469e-04 3.76689e-04 3.68000e-04 3.59387e-04 3.50837e-04 3.42335e-04 3.33867e-04 3.25421e-04 3.16985e-04 3.08548e-04 3.00100e-04 2.91635e-04 2.83146e-04 2.74631e-04 2.66089e-04 2.57522e-04 2.48934e-04 2.40333e-04 2.31728e-04 2.23132e-04 2.14558e-04 2.06024e-04 1.97547e-04 1.89146e-04 1.80840e-04 1.72650e-04 1.64596e-04 1.56695e-04 1.48967e-04 1.41427e-04 1.34091e-04 1.26972e-04 1.20080e-04 1.13424e-04 1.07010e-04 1.00843e-04 9.49262e-05 8.92588e-05 8.38397e-05 7.86662e-05 7.37339e-05 6.90375e-05 6.45706e-05 6.03260e-05 5.62962e-05 5.24730e-05 4.88483e-05 4.54135e-05 4.21605e-05 3.90810e-05 3.61671e-05 3.34113e-05 3.08063e-05 2.83451e-05 2.60215e-05 2.38295e-05 2.17635e-05 1.98184e-05 1.79895e-05 1.62727e-05 1.46639e-05 1.31595e-05 1.17563e-05 1.04510e-05 9.24075e-06 8.12269e-06 7.09405e-06 6.15208e-06 5.29399e-06 4.51692e-06 3.81788e-06 3.19373e-06 2.64113e-06 2.15652e-06 1.73611e-06 1.37582e-06 1.07132e-06 8.18016e-07 6.11082e-07 4.45482e-07 3.16047e-07 2.17562e-07 1.44877e-07 9.30466e-08 5.74787e-08 3.40760e-08 1.93553e-08 1.05171e-08 5.45107e-09 2.67495e-09 1.22141e-09 5.01057e-10 1.72807e-10 4.39388e-11 6.03351e-12 1.52052e-13
1.498558 4.19542e-02 6.38962e-02 4.84712e-02 3.68964e-02 2.82370e-02 2.18876e-02 1.74498e-02 1.43726e-02 1.21411e-02 1.04087e-02 8.98877e-03 7.79380e-03 6.78230e-03 5.92929e-03 5.21468e-03 4.62021e-03 4.12890e-03 3.72492e-03 3.39367e-03 3.12193e-03 2.89814e-03 2.71264e-03 2.55765e-03 2.42707e-03 2.31618e-03 2.22128e-03 2.13943e-03 2.06827e-03 2.00588e-03 1.95070e-03 1.90152e-03 1.85736e-03 1.81745e-03 1.78118e-03 1.74803e-03 1.71757e-03 1.68939e-03 1.66312e-03 1.63840e-03 1.61490e-03 1.59228e-03 1.57027e-03 1.54862e-03 1.52714e-03 1.50570e-03 1.48424e-03 1.46278e-03 1.44135e-03 1.42008e-03 1.39911e-03 1.37856e-03 1.35860e-03 1.33933e-03 1.32085e-03 1.30320e-03 1.28638e-03 1.27036e-03 1.25510e-03 1.24050e-03 1.22648e-03 1.21296e-03 1.19985e-03 1.18708e-03 1.17459e-03 1.16234e-03 1.15030e-03 1.13843e-03 1.12673e-03 1.11518e-03 1.10379e-03 1.09255e-03 1.08147e-03 1.07055e-03 1.05982e-03 1.04927e-03 1.03894e-03 1.02883e-03 1.01897e-03 1.00938e-03 1.00008e-03 9.91095e-04 9.82443e-04 9.74146e-04 9.66225e-04 9.58698e-04 9.51581e-04 9.44891e-04 9.38639e-04 9.32837e-04 9.27494e-04 9.22614e-04 9.18203e-04 9.14258e-04 9.10775e-04 9.07748e-04 9.05161e-04 9.02996e-04 9.01229e-04 8.99827e-04 8.98753e-04 8.97962e-04 8.97403e-04 8.97021e-04 8.96755e-04 8.96543e-04 8.96321e-04 8.96025e-04 8.95591e-04 8.94960e-04 8.94075e-04 8.92881e-04 8.91330e-04 8.89377e-04 8.86981e-04 8.84106e-04 8.80721e-04 8.76798e-04 8.72315e-04 8.67253e-04 8.61598e-04 8.55343e-04 8.48483e-04 8.41019e-04 8.32958e-04 8.24310e-04 8.15092e-04 8.05325e-04 7.95032e-04 7.84244e-04 7.72993e-04 7.61316e-04 7.49250e-04 7.36837e-04 7.24119e-04 7.11141e-04 6.97947e-04 6.84581e-04 6.71088e-04 6.57511e-04 6.43891e-04 6.30268e-04 6.16681e-04 6.03163e-04 5.89748e-04 5.76466e-04 5.63342e-04 5.50399e-04 5.37658e-04 5.25135e-04 5.12843e-04 5.00793e-04 4.88993e-04 4.77446e-04 4.66154e-04 4.55117e-04 4.44332e-04 4.33793e-04 4.23493e-04 4.13424e-04 4.03575e-04 3.93934e-04 3.84487e-04 3.75221e-04 3.66120e-04 3.57168e-04 3.48348e-04 3.39645e-04 3.31040e-04 3.22517e-04 3.14059e-04 3.05651e-04 2.97279e-04 2.88928e-04 2.80588e-04 2.72248e-04 2.63902e-04 2.55544e-04 2.47174e-04 2.38792e-04 2.30403e-04 2.22014e-04 2.13635e-04 2.05281e-04 1.96965e-04 1.88706e-04 1.80524e-04 1.72437e-04 1.64467e-04 1.56634e-04 1.48959e-04 1.41460e-04 1.34155e-04 1.27059e-04 1.20186e-04 1.13548e-04 1.07152e-04 1.01006e-04 9.51123e-05 8.94739e-05 8.40897e-05 7.89573e-05 7.40725e-05 6.94296e-05 6.50218e-05 6.08410e-05 5.68787e-05 5.31257e-05 4.95724e-05 4.62091e-05 4.30261e-05 4.00139e-05 3.71633e-05 3.44654e-05 3.19117e-05 2.94943e-05 2.72060e-05 2.50399e-05 2.29900e-05 2.10509e-05 1.92175e-05 1.74856e-05 1.58516e-05 1.43122e-05 1.28646e-05 1.15065e-05 1.02360e-05 9.05121e-06 7.95063e-06 6.93282e-06 5.99635e-06 5.13980e-06 4.36161e-06 3.66002e-06 3.03306e-06 2.47841e-06 1.99339e-06 1.57487e-06 1.21928e-06 9.22490e-07 6.79889e-07 4.86335e-07 3.36229e-07 2.23618e-07 1.42343e-07 8.62679e-08 4.95323e-08 2.68386e-08 1.36973e-08 6.58798e-09 2.98955e-09 1.27323e-09 4.96224e-10 1.65943e-10 4.15408e-11 5.66357e-12 1.42288e-13
1.598462 3.47061e-02 5.53534e-02 4.31402e-02 3.27374e-02 2.48060e-02 1.92216e-02 1.54942e-02 1.29949e-02 1.12090e-02 9.81555e-03 8.65128e-03 7.64619e-03 6.77291e-03 6.01881e-03 5.37431e-03 4.82895e-03 4.37066e-03 3.98633e-03 3.66292e-03 3.38862e-03 3.15364e-03 2.95041e-03 2.77342e-03 2.61870e-03 2.48335e-03 2.36509e-03 2.26199e-03 2.17236e-03 2.09462e-03 2.02734e-03 1.96918e-03 1.91890e-03 1.87532e-03 1.83736e-03 1.80399e-03 1.77426e-03 1.74727e-03 1.72225e-03 1.69849e-03 1.67544e-03 1.65266e-03 1.62987e-03 1.60694e-03 1.58388e-03 1.56080e-03 1.53789e-03 1.51539e-03 1.49350e-03 1.47243e-03 1.45231e-03 1.43321e-03 1.41514e-03 1.39807e-03 1.38193e-03 1.36663e-03 1.35207e-03 1.33817e-03 1.32486e-03 1.31206e-03 1.29972e-03 1.28781e-03 1.27628e-03 1.26512e-03 1.25429e-03 1.24377e-03 1.23354e-03 1.22356e-03 1.21382e-03 1.20429e-03 1.19496e-03 1.18581e-03 1.17682e-03 1.16799e-03 1.15931e-03 1.15078e-03 1.14238e-03 1.13413e-03 1.12602e-03 1.11807e-03 1.11026e-03 1.10261e-03 1.09512e-03 1.08780e-03 1.08064e-03 1.07367e-03 1.06687e-03 1.06026e-03 1.05384e-03 1.04762e-03 1.04162e-03 1.03582e-03 1.03026e-03 1.02493e-03 1.01985e-03 1.01503e-03 1.01048e-03 1.00621e-03 1.00222e-03 9.98517e-04 9.95101e-04 9.91963e-04 9.89092e-04 9.86467e-04 9.84062e-04 9.81842e-04 9.79765e-04 9.77785e-04 9.75849e-04 9.73901e-04 9.71883e-04 9.69737e-04 9.67405e-04 9.64832e-04 9.61964e-04 9.58750e-04 9.55141e-04 9.51092e-04 9.46558e-04 9.41500e-04 9.35880e-04 9.29664e-04 9.22823e-04 9.15333e-04 9.07176e-04 8.98340e-04 8.88822e-04 8.78626e-04 8.67763e-04 8.56254e-04 8.44124e-04 8.31409e-04 8.18148e-04 8.04386e-04 7.90174e-04 7.75563e-04 7.60611e-04 7.45374e-04 7.29909e-04 7.14272e-04 6.98521e-04 6.82709e-04 6.66886e-04 6.51103e-04 6.35404e-04 6.19830e-04 6.04419e-04 5.89205e-04 5.74218e-04 5.59484e-04 5.45025e-04 5.30859e-04 5.17001e-04 5.03461e-04 4.90248e-04 4.77367e-04 4.64820e-04 4.52606e-04 4.40722e-04 4.29163e-04 4.17921e-04 4.06988e-04 3.96351e-04 3.85999e-04 3.75918e-04 3.66090e-04 3.56500e-04 3.47130e-04 3.37961e-04 3.28973e-04 3.20145e-04 3.11458e-04 3.02892e-04 2.94425e-04 2.86039e-04 2.77716e-04 2.69440e-04 2.61195e-04 2.52971e-04 2.44758e-04 2.36550e-04 2.28346e-04 2.20146e-04 2.11955e-04 2.03783e-04 1.95639e-04 1.87540e-04 1.79503e-04 1.71547e-04 1.63692e-04 1.55959e-04 1.48371e-04 1.40948e-04 1.33709e-04 1.26674e-04 1.19856e-04 1.13271e-04 1.06929e-04 1.00838e-04 9.50044e-05 8.94303e-05 8.41163e-05 7.90604e-05 7.42585e-05 6.97046e-05 6.53913e-05 6.13098e-05 5.74504e-05 5.38025e-05 5.03553e-05 4.70974e-05 4.40177e-05 4.11049e-05 3.83483e-05 3.57375e-05 3.32624e-05 3.09139e-05 2.86834e-05 2.65632e-05 2.45462e-05 2.26263e-05 2.07983e-05 1.90577e-05 1.74008e-05 1.58248e-05 1.43277e-05 1.29078e-05 1.15644e-05 1.02970e-05 9.10574e-06 7.99080e-06 6.95266e-06 5.99182e-06 5.10873e-06 4.30364e-06 3.57647e-06 2.92677e-06 2.35350e-06 1.85502e-06 1.42889e-06 1.07184e-06 7.79686e-07 5.47260e-07 3.68456e-07 2.36316e-07 1.43247e-07 8.13549e-08 4.29094e-08 2.08596e-08 9.31158e-09 3.82886e-09 1.46344e-09 5.19642e-10 1.63709e-10 3.98377e-11 5.37268e-12 1.34438e-13
1.698366 3.06487e-02 4.91388e-02 3.81223e-02 2.85235e-02 2.14548e-02 1.66625e-02 1.35638e-02 1.15515e-02 1.01433e-02 9.04068e-03 8.09920e-03 7.26482e-03 6.52339e-03 5.87308e-03 5.31229e-03 4.83527e-03 4.43185e-03 4.08938e-03 3.79523e-03 3.53865e-03 3.31161e-03 3.10868e-03 2.92646e-03 2.76290e-03 2.61666e-03 2.48670e-03 2.37208e-03 2.27177e-03 2.18468e-03 2.10960e-03 2.04521e-03 1.99010e-03 1.94280e-03 1.90181e-03 1.86569e-03 1.83310e-03 1.80285e-03 1.77404e-03 1.74601e-03 1.71843e-03 1.69122e-03 1.66449e-03 1.63850e-03 1.61347e-03 1.58961e-03 1.56698e-03 1.54559e-03 1.52532e-03 1.50606e-03 1.48768e-03 1.47008e-03 1.45321e-03 1.43703e-03 1.42156e-03 1.40678e-03 1.39271e-03 1.37936e-03 1.36671e-03 1.35475e-03 1.34345e-03 1.33277e-03 1.32268e-03 1.31313e-03 1.30406e-03 1.29543e-03 1.28718e-03 1.27928e-03 1.27168e-03 1.26433e-03 1.25720e-03 1.25025e-03 1.24346e-03 1.23679e-03 1.23023e-03 1.22374e-03 1.21733e-03 1.21097e-03 1.20465e-03 1.19836e-03 1.19210e-03 1.18586e-03 1.17964e-03 1.17344e-03 1.16725e-03 1.16108e-03 1.15492e-03 1.14879e-03 1.14267e-03 1.13658e-03 1.13053e-03 1.12451e-03 1.11855e-03 1.11264e-03 1.10680e-03 1.10105e-03 1.09538e-03 1.08983e-03 1.08439e-03 1.07908e-03 1.07391e-03 1.06889e-03 1.06403e-03 1.05934e-03 1.05480e-03 1.05042e-03 1.04620e-03 1.04210e-03 1.03813e-03 1.03425e-03 1.03044e-03 1.02665e-03 1.02286e-03 1.01902e-03 1.01510e-03 1.01104e-03 1.00682e-03 1.00238e-03 9.97682e-04 9.92688e-04 9.87348e-04 9.81613e-04 9.75431e-04 9.68748e-04 9.61510e-04 9.53664e-04 9.45162e-04 9.35961e-04 9.26029e-04 9.15341e-04 9.03889e-04 8.91673e-04 8.78709e-04 8.65025e-04 8.50659e-04 8.35660e-04 8.20084e-04 8.03996e-04 7.87461e-04 7.70551e-04 7.53339e-04 7.35894e-04 7.18288e-04 7.00588e-04 6.82859e-04 6.65162e-04 6.47552e-04 6.30081e-04 6.12796e-04 5.95739e-04 5.78948e-04 5.62454e-04 5.46286e-04 5.30468e-04 5.15018e-04 4.99952e-04 4.85282e-04 4.71016e-04 4.57160e-04 4.43716e-04 4.30683e-04 4.18057e-04 4.05834e-04 3.94004e-04 3.82559e-04 3.71484e-04 3.60765e-04 3.50386e-04 3.40329e-04 3.30573e-04 3.21097e-04 3.11878e-04 3.02891e-04 2.94112e-04 2.85516e-04 2.77078e-04 2.68772e-04 2.60576e-04 2.52466e-04 2.44425e-04 2.36434e-04 2.28479e-04 2.20553e-04 2.12647e-04 2.04761e-04 1.96898e-04 1.89065e-04 1.81271e-04 1.73533e-04 1.65867e-04 1.58292e-04 1.50830e-04 1.43502e-04 1.36330e-04 1.29335e-04 1.22536e-04 1.15951e-04 1.09595e-04 1.03481e-04 9.76176e-05 9.20122e-05 8.66682e-05 8.15865e-05 7.67651e-05 7.21998e-05 6.78843e-05 6.38104e-05 5.99683e-05 5.63472e-05 5.29353e-05 4.97202e-05 4.66891e-05 4.38292e-05 4.11277e-05 3.85722e-05 3.61505e-05 3.38512e-05 3.16636e-05 2.95778e-05 2.75848e-05 2.56766e-05 2.38461e-05 2.20874e-05 2.03959e-05 1.87678e-05 1.72005e-05 1.56925e-05 1.42435e-05 1.28537e-05 1.15244e-05 1.02577e-05 9.05603e-06 7.92225e-06 6.85948e-06 5.87087e-06 4.95939e-06 4.12765e-06 3.37771e-06 2.71088e-06 2.12752e-06 1.62686e-06 1.20680e-06 8.63806e-07 5.92726e-07 3.86809e-07 2.37773e-07 1.36105e-07 7.15967e-08 3.41212e-08 1.45406e-08 5.50342e-09 1.86477e-09 5.79031e-10 1.64520e-10 3.80273e-11 5.03866e-12 1.25378e-13
1.798270 2.89924e-02 4.40187e-02 3.28729e-02 2.43984e-02 1.84321e-02 1.44156e-02 1.18497e-02 1.02161e-02 9.08973e-03 8.20734e-03 7.44338e-03 6.75412e-03 6.13280e-03 5.58378e-03 5.10959e-03 4.70614e-03 4.36358e-03 4.06964e-03 3.81281e-03 3.58410e-03 3.37743e-03 3.18920e-03 3.01747e-03 2.86123e-03 2.71990e-03 2.59293e-03 2.47973e-03 2.37953e-03 2.29135e-03 2.21399e-03 2.14603e-03 2.08593e-03 2.03203e-03 1.98283e-03 1.93703e-03 1.89375e-03 1.85258e-03 1.81354e-03 1.77696e-03 1.74319e-03 1.71241e-03 1.68449e-03 1.65898e-03 1.63523e-03 1.61258e-03 1.59054e-03 1.56883e-03 1.54742e-03 1.52643e-03 1.50606e-03 1.48652e-03 1.46797e-03 1.45051e-03 1.43419e-03 1.41900e-03 1.40492e-03 1.39187e-03 1.37981e-03 1.36865e-03 1.35832e-03 1.34876e-03 1.33988e-03 1.33162e-03 1.32391e-03 1.31669e-03 1.30990e-03 1.30347e-03 1.29735e-03 1.29149e-03 1.28583e-03 1.28034e-03 1.27496e-03 1.26967e-03 1.26444e-03 1.25922e-03 1.25401e-03 1.24877e-03 1.24350e-03 1.23819e-03 1.23283e-03 1.22740e-03 1.22192e-03 1.21637e-03 1.21077e-03 1.20513e-03 1.19943e-03 1.19370e-03 1.18795e-03 1.18217e-03 1.17638e-03 1.17059e-03 1.16481e-03 1.15904e-03 1.15329e-03 1.14757e-03 1.14187e-03 1.13621e-03 1.13058e-03 1.12500e-03 1.11944e-03 1.11393e-03 1.10846e-03 1.10302e-03 1.09762e-03 1.09225e-03 1.08691e-03 1.08159e-03 1.07629e-03 1.07100e-03 1.06571e-03 1.06042e-03 1.05510e-03 1.04976e-03 1.04438e-03 1.03894e-03 1.03345e-03 1.02788e-03 1.02224e-03 1.01651e-03 1.01068e-03 1.00475e-03 9.98706e-04 9.92515e-04 9.86148e-04 9.79557e-04 9.72684e-04 9.65454e-04 9.57788e-04 9.49596e-04 9.40794e-04 9.31299e-04 9.21042e-04 9.09967e-04 8.98041e-04 8.85247e-04 8.71590e-04 8.57096e-04 8.41807e-04 8.25778e-04 8.09081e-04 7.91790e-04 7.73990e-04 7.55766e-04 7.37206e-04 7.18394e-04 6.99413e-04 6.80342e-04 6.61256e-04 6.42223e-04 6.23308e-04 6.04568e-04 5.86056e-04 5.67820e-04 5.49901e-04 5.32336e-04 5.15156e-04 4.98390e-04 4.82059e-04 4.66183e-04 4.50776e-04 4.35849e-04 4.21410e-04 4.07462e-04 3.94007e-04 3.81040e-04 3.68557e-04 3.56548e-04 3.45000e-04 3.33898e-04 3.23223e-04 3.12954e-04 3.03067e-04 2.93535e-04 2.84329e-04 2.75419e-04 2.66773e-04 2.58359e-04 2.50144e-04 2.42096e-04 2.34185e-04 2.26385e-04 2.18670e-04 2.11020e-04 2.03420e-04 1.95859e-04 1.88331e-04 1.80837e-04 1.73382e-04 1.65976e-04 1.58633e-04 1.51371e-04 1.44211e-04 1.37174e-04 1.30283e-04 1.23561e-04 1.17029e-04 1.10707e-04 1.04612e-04 9.87583e-05 9.31571e-05 8.78163e-05 8.27406e-05 7.79313e-05 7.33868e-05 6.91027e-05 6.50720e-05 6.12858e-05 5.77333e-05 5.44023e-05 5.12797e-05 4.83513e-05 4.56026e-05 4.30190e-05 4.05858e-05 3.82885e-05 3.61131e-05 3.40462e-05 3.20751e-05 3.01882e-05 2.83745e-05 2.66246e-05 2.49300e-05 2.32836e-05 2.16798e-05 2.01144e-05 1.85847e-05 1.70894e-05 1.56290e-05 1.42051e-05 1.28208e-05 1.14805e-05 1.01892e-05 8.95318e-06 7.77887e-06 6.67306e-06 5.64243e-06 4.69324e-06 3.83097e-06 3.06005e-06 2.38348e-06 1.80252e-06 1.31648e-06 9.22369e-07 6.14766e-07 3.85719e-07 2.24859e-07 1.19855e-07 5.73032e-08 2.40515e-08 8.68382e-09 2.67293e-09 7.16541e-10 1.75163e-10 3.70686e-11 4.76889e-12 1.17716e-13
1.898174 2.35135e-02 3.68316e-02 2.81558e-02 2.10571e-02 1.59403e-02 1.25615e-02 1.04586e-02 9.13532e-03 8.21906e-03 7.49345e-03 6.85819e-03 6.27978e-03 5.75586e-03 5.29275e-03 4.89327e-03 4.55311e-03 4.26287e-03 4.01179e-03 3.79046e-03 3.59195e-03 3.41186e-03 3.24765e-03 3.09789e-03 2.96166e-03 2.83816e-03 2.72651e-03 2.62562e-03 2.53418e-03 2.45061e-03 2.37314e-03 2.30000e-03 2.22969e-03 2.16134e-03 2.09497e-03 2.03156e-03 1.97268e-03 1.91996e-03 1.87433e-03 1.83560e-03 1.80241e-03 1.77273e-03 1.74449e-03 1.71623e-03 1.68732e-03 1.65786e-03 1.62844e-03 1.59976e-03 1.57243e-03 1.54684e-03 1.52317e-03 1.50143e-03 1.48154e-03 1.46335e-03 1.44670e-03 1.43145e-03 1.41744e-03 1.40457e-03 1.39271e-03 1.38179e-03 1.37171e-03 1.36240e-03 1.35378e-03 1.34578e-03 1.33834e-03 1.33139e-03 1.32486e-03 1.31870e-03 1.31284e-03 1.30723e-03 1.30181e-03 1.29653e-03 1.29135e-03 1.28623e-03 1.28113e-03 1.27601e-03 1.27086e-03 1.26565e-03 1.26037e-03 1.25501e-03 1.24957e-03 1.24404e-03 1.23842e-03 1.23274e-03 1.22699e-03 1.22120e-03 1.21537e-03 1.20953e-03 1.20369e-03 1.19786e-03 1.19206e-03 1.18630e-03 1.18060e-03 1.17495e-03 1.16936e-03 1.16383e-03 1.15836e-03 1.15295e-03 1.14759e-03 1.14227e-03 1.13697e-03 1.13169e-03 1.12642e-03 1.12113e-03 1.11583e-03 1.11049e-03 1.10511e-03 1.09966e-03 1.09415e-03 1.08855e-03 1.08287e-03 1.07709e-03 1.07120e-03 1.06519e-03 1.05907e-03 1.05282e-03 1.04645e-03 1.03996e-03 1.03335e-03 1.02664e-03 1.01983e-03 1.01295e-03 1.00602e-03 9.99072e-04 9.92142e-04 9.85257e-04 9.78447e-04 9.71728e-04 9.65100e-04 9.58543e-04 9.52009e-04 9.45422e-04 9.38681e-04 9.31660e-04 9.24221e-04 9.16219e-04 9.07519e-04 8.97997e-04 8.87558e-04 8.76131e-04 8.63680e-04 8.50199e-04 8.35711e-04 8.20264e-04 8.03926e-04 7.86781e-04 7.68920e-04 7.50443e-04 7.31451e-04 7.12044e-04 6.92321e-04 6.72375e-04 6.52296e-04 6.32169e-04 6.12070e-04 5.92075e-04 5.72251e-04 5.52660e-04 5.33360e-04 5.14404e-04 4.95840e-04 4.77709e-04 4.60050e-04 4.42897e-04 4.26276e-04 4.10213e-04 3.94724e-04 3.79825e-04 3.65521e-04 3.51818e-04 3.38713e-04 3.26197e-04 3.14258e-04 3.02878e-04 2.92032e-04 2.81693e-04 2.71827e-04 2.62398e-04 2.53364e-04 2.44684e-04 2.36312e-04 2.28204e-04 2.20316e-04 2.12607e-04 2.05038e-04 1.97577e-04 1.90195e-04 1.82873e-04 1.75597e-04 1.68361e-04 1.61166e-04 1.54021e-04 1.46939e-04 1.39941e-04 1.33048e-04 1.26285e-04 1.19679e-04 1.13255e-04 1.07036e-04 1.01045e-04 9.53005e-05 8.98163e-05 8.46037e-05 7.96694e-05 7.50163e-05 7.06437e-05 6.65471e-05 6.27194e-05 5.91506e-05 5.58284e-05 5.27391e-05 4.98672e-05 4.71966e-05 4.47101e-05 4.23906e-05 4.02206e-05 3.81830e-05 3.62607e-05 3.44376e-05 3.26980e-05 3.10274e-05 2.94122e-05 2.78400e-05 2.63000e-05 2.47828e-05 2.32808e-05 2.17882e-05 2.03014e-05 1.88187e-05 1.73408e-05 1.58705e-05 1.44128e-05 1.29747e-05 1.15650e-05 1.01939e-05 8.87278e-06 7.61359e-06 6.42829e-06 5.32837e-06 4.32417e-06 3.42434e-06 2.63530e-06 1.96073e-06 1.40117e-06 9.53681e-07 6.11605e-07 3.64483e-07 1.98310e-07 9.63396e-08 4.06653e-08 1.44562e-08 4.20579e-09 9.97450e-10 2.04342e-10 3.77748e-11 4.63156e-12 1.13028e-13
1.998078 1.97324e-02 3.12376e-02 2.42135e-02 1.82875e-02 1.39374e-02 1.10705e-02 9.30467e-03 8.20857e-03 7.45591e-03 6.85645e-03 6.32439e-03 5.83502e-03 5.39047e-03 4.99798e-03 4.65967e-03 4.37111e-03 4.12434e-03 3.91092e-03 3.72384e-03 3.55805e-03 3.41027e-03 3.27831e-03 3.16048e-03 3.05512e-03 2.96038e-03 2.87398e-03 2.79316e-03 2.71479e-03 2.63567e-03 2.55335e-03 2.46694e-03 2.37792e-03 2.29006e-03 2.20840e-03 2.13736e-03 2.07886e-03 2.03156e-03 1.99145e-03 1.95372e-03 1.91459e-03 1.87244e-03 1.82771e-03 1.78209e-03 1.73756e-03 1.69570e-03 1.65742e-03 1.62303e-03 1.59238e-03 1.56510e-03 1.54074e-03 1.51885e-03 1.49903e-03 1.48095e-03 1.46437e-03 1.44907e-03 1.43492e-03 1.42179e-03 1.40958e-03 1.39823e-03 1.38765e-03 1.37779e-03 1.36859e-03 1.35998e-03 1.35190e-03 1.34431e-03 1.33712e-03 1.33029e-03 1.32375e-03 1.31744e-03 1.31132e-03 1.30531e-03 1.29938e-03 1.29348e-03 1.28758e-03 1.28163e-03 1.27562e-03 1.26952e-03 1.26333e-03 1.25704e-03 1.25064e-03 1.24416e-03 1.23761e-03 1.23099e-03 1.22434e-03 1.21768e-03 1.21103e-03 1.20441e-03 1.19785e-03 1.19137e-03 1.18497e-03 1.17868e-03 1.17250e-03 1.16644e-03 1.16049e-03 1.15465e-03 1.14891e-03 1.14325e-03 1.13767e-03 1.13214e-03 1.12664e-03 1.12115e-03 1.11566e-03 1.11014e-03 1.10458e-03 1.09896e-03 1.09327e-03 1.08749e-03 1.08162e-03 1.07564e-03 1.06955e-03 1.06335e-03 1.05702e-03 1.05058e-03 1.04401e-03 1.03732e-03 1.03051e-03 1.02358e-03 1.01653e-03 1.00937e-03 1.00211e-03 9.94757e-04 9.87315e-04 9.79805e-04 9.72246e-04 9.64666e-04 9.57100e-04 9.49592e-04 9.42191e-04 9.34956e-04 9.27942e-04 9.21205e-04 9.14787e-04 9.08711e-04 9.02969e-04 8.97519e-04 8.92277e-04 8.87116e-04 8.81877e-04 8.76370e-04 8.70397e-04 8.63760e-04 8.56280e-04 8.47805e-04 8.38225e-04 8.27471e-04 8.15514e-04 8.02366e-04 7.88071e-04 7.72697e-04 7.56333e-04 7.39078e-04 7.21035e-04 7.02311e-04 6.83011e-04 6.63237e-04 6.43088e-04 6.22657e-04 6.02036e-04 5.81313e-04 5.60574e-04 5.39903e-04 5.19382e-04 4.99089e-04 4.79102e-04 4.59492e-04 4.40329e-04 4.21675e-04 4.03588e-04 3.86118e-04 3.69308e-04 3.53193e-04 3.37801e-04 3.23147e-04 3.09240e-04 2.96078e-04 2.83651e-04 2.71935e-04 2.60903e-04 2.50514e-04 2.40721e-04 2.31473e-04 2.22710e-04 2.14370e-04 2.06391e-04 1.98709e-04 1.91264e-04 1.84002e-04 1.76872e-04 1.69837e-04 1.62865e-04 1.55939e-04 1.49051e-04 1.42203e-04 1.35407e-04 1.28683e-04 1.22057e-04 1.15559e-04 1.09219e-04 1.03068e-04 9.71362e-05 9.14485e-05 8.60267e-05 8.08873e-05 7.60418e-05 7.14965e-05 6.72529e-05 6.33078e-05 5.96542e-05 5.62814e-05 5.31760e-05 5.03223e-05 4.77026e-05 4.52981e-05 4.30889e-05 4.10546e-05 3.91746e-05 3.74284e-05 3.57957e-05 3.42567e-05 3.27922e-05 3.13840e-05 3.00148e-05 2.86687e-05 2.73313e-05 2.59897e-05 2.46333e-05 2.32537e-05 2.18451e-05 2.04046e-05 1.89324e-05 1.74321e-05 1.59103e-05 1.43774e-05 1.28465e-05 1.13333e-05 9.85559e-06 8.43238e-06 7.08286e-06 5.82550e-06 4.67694e-06 3.65099e-06 2.75778e-06 2.00306e-06 1.38765e-06 9.07154e-07 5.51818e-07 3.06628e-07 1.51950e-07 6.51185e-08 2.32301e-08 6.60676e-09 1.45006e-09 2.53396e-10 3.95175e-11 4.51004e-12 1.08307e-13
2.097981 1.85350e-02 2.85482e-02 2.14751e-02 1.59756e-02 1.22688e-02 9.89949e-03 8.42945e-03 7.49957e-03 6.85185e-03 6.33305e-03 5.87261e-03 5.45042e-03 5.06845e-03 4.73201e-03 4.44201e-03 4.19473e-03 3.98432e-03 3.80485e-03 3.65143e-03 3.52041e-03 3.40903e-03 3.31481e-03 3.23505e-03 3.16635e-03 3.10431e-03 3.04338e-03 2.97734e-03 2.90062e-03 2.81039e-03 2.70865e-03 2.60279e-03 2.50335e-03 2.41969e-03 2.35549e-03 2.30703e-03 2.26535e-03 2.22086e-03 2.16763e-03 2.10490e-03 2.03596e-03 1.96570e-03 1.89852e-03 1.83727e-03 1.78318e-03 1.73629e-03 1.69594e-03 1.66115e-03 1.63092e-03 1.60433e-03 1.58062e-03 1.55918e-03 1.53955e-03 1.52140e-03 1.50448e-03 1.48864e-03 1.47377e-03 1.45978e-03 1.44663e-03 1.43426e-03 1.42264e-03 1.41172e-03 1.40145e-03 1.39179e-03 1.38266e-03 1.37402e-03 1.36579e-03 1.35790e-03 1.35029e-03 1.34289e-03 1.33564e-03 1.32847e-03 1.32133e-03 1.31418e-03 1.30698e-03 1.29968e-03 1.29229e-03 1.28477e-03 1.27714e-03 1.26940e-03 1.26156e-03 1.25365e-03 1.24570e-03 1.23773e-03 1.22979e-03 1.22189e-03 1.21408e-03 1.20637e-03 1.19880e-03 1.19137e-03 1.18409e-03 1.17698e-03 1.17002e-03 1.16321e-03 1.15654e-03 1.14999e-03 1.14353e-03 1.13715e-03 1.13081e-03 1.12449e-03 1.11816e-03 1.11179e-03 1.10537e-03 1.09888e-03 1.09228e-03 1.08558e-03 1.07876e-03 1.07181e-03 1.06474e-03 1.05754e-03 1.05021e-03 1.04277e-03 1.03522e-03 1.02757e-03 1.01983e-03 1.01202e-03 1.00415e-03 9.96220e-04 9.88255e-04 9.80264e-04 9.72257e-04 9.64248e-04 9.56248e-04 9.48265e-04 9.40312e-04 9.32396e-04 9.24527e-04 9.16714e-04 9.08965e-04 9.01295e-04 8.93719e-04 8.86259e-04 8.78949e-04 8.71826e-04 8.64941e-04 8.58347e-04 8.52103e-04 8.46259e-04 8.40851e-04 8.35892e-04 8.31361e-04 8.27195e-04 8.23286e-04 8.19485e-04 8.15607e-04 8.11443e-04 8.06777e-04 8.01403e-04 7.95134e-04 7.87822e-04 7.79359e-04 7.69683e-04 7.58775e-04 7.46652e-04 7.33364e-04 7.18980e-04 7.03585e-04 6.87268e-04 6.70118e-04 6.52222e-04 6.33662e-04 6.14516e-04 5.94861e-04 5.74771e-04 5.54325e-04 5.33606e-04 5.12705e-04 4.91719e-04 4.70753e-04 4.49917e-04 4.29324e-04 4.09088e-04 3.89318e-04 3.70120e-04 3.51587e-04 3.33804e-04 3.16840e-04 3.00750e-04 2.85572e-04 2.71325e-04 2.58013e-04 2.45621e-04 2.34116e-04 2.23451e-04 2.13565e-04 2.04383e-04 1.95824e-04 1.87799e-04 1.80217e-04 1.72989e-04 1.66029e-04 1.59261e-04 1.52621e-04 1.46058e-04 1.39539e-04 1.33046e-04 1.26579e-04 1.20149e-04 1.13782e-04 1.07511e-04 1.01374e-04 9.54101e-05 8.96585e-05 8.41538e-05 7.89253e-05 7.39958e-05 6.93812e-05 6.50906e-05 6.11264e-05 5.74851e-05 5.41581e-05 5.11323e-05 4.83914e-05 4.59160e-05 4.36847e-05 4.16748e-05 3.98624e-05 3.82229e-05 3.67319e-05 3.53646e-05 3.40965e-05 3.29039e-05 3.17634e-05 3.06526e-05 2.95503e-05 2.84368e-05 2.72939e-05 2.61060e-05 2.48599e-05 2.35457e-05 2.21577e-05 2.06940e-05 1.91581e-05 1.75583e-05 1.59084e-05 1.42272e-05 1.25380e-05 1.08674e-05 9.24435e-06 7.69827e-06 6.25719e-06 4.94599e-06 3.78471e-06 2.78723e-06 1.96033e-06 1.30328e-06 8.07767e-07 4.58112e-07 2.31872e-07 1.01340e-07 3.66431e-08 1.03942e-08 2.18751e-09 3.37492e-10 4.35023e-11 4.48160e-12 1.05218e-13
2.197885 1.60409e-02 2.48384e-02 1.88550e-02 1.41832e-02 1.09992e-02 8.99421e-03 7.77512e-03 6.99992e-03 6.44092e-03 5.97744e-03 5.56119e-03 5.18188e-03 4.84254e-03 4.54633e-03 4.29270e-03 4.07842e-03 3.89932e-03 3.75147e-03 3.63165e-03 3.53716e-03 3.46520e-03 3.41216e-03 3.37269e-03 3.33907e-03 3.30104e-03 3.24739e-03 3.16960e-03 3.06675e-03 2.94870e-03 2.83393e-03 2.74123e-03 2.67958e-03 2.64302e-03 2.61434e-03 2.57504e-03 2.51438e-03 2.43240e-03 2.33680e-03 2.23753e-03 2.14270e-03 2.05715e-03 1.98272e-03 1.91932e-03 1.86580e-03 1.82063e-03 1.78221e-03 1.74909e-03 1.72003e-03 1.69404e-03 1.67037e-03 1.64849e-03 1.62802e-03 1.60873e-03 1.59049e-03 1.57323e-03 1.55690e-03 1.54148e-03 1.52696e-03 1.51330e-03 1.50047e-03 1.48841e-03 1.47706e-03 1.46636e-03 1.45621e-03 1.44654e-03 1.43726e-03 1.42827e-03 1.41949e-03 1.41084e-03 1.40225e-03 1.39364e-03 1.38496e-03 1.37617e-03 1.36723e-03 1.35813e-03 1.34887e-03 1.33946e-03 1.32993e-03 1.32030e-03 1.31064e-03 1.30097e-03 1.29136e-03 1.28184e-03 1.27247e-03 1.26328e-03 1.25430e-03 1.24555e-03 1.23703e-03 1.22876e-03 1.22071e-03 1.21286e-03 1.20520e-03 1.19768e-03 1.19028e-03 1.18295e-03 1.17566e-03 1.16837e-03 1.16104e-03 1.15363e-03 1.14613e-03 1.13850e-03 1.13072e-03 1.12277e-03 1.11466e-03 1.10636e-03 1.09787e-03 1.08921e-03 1.08037e-03 1.07137e-03 1.06222e-03 1.05293e-03 1.04353e-03 1.03404e-03 1.02448e-03 1.01487e-03 1.00524e-03 9.95617e-04 9.86027e-04 9.76500e-04 9.67064e-04 9.57749e-04 9.48585e-04 9.39598e-04 9.30813e-04 9.22249e-04 9.13918e-04 9.05824e-04 8.97960e-04 8.90305e-04 8.82827e-04 8.75482e-04 8.68220e-04 8.60985e-04 8.53725e-04 8.46395e-04 8.38970e-04 8.31441e-04 8.23830e-04 8.16180e-04 8.08561e-04 8.01061e-04 7.93778e-04 7.86804e-04 7.80220e-04 7.74076e-04 7.68386e-04 7.63120e-04 7.58203e-04 7.53517e-04 7.48912e-04 7.44216e-04 7.39246e-04 7.33823e-04 7.27782e-04 7.20980e-04 7.13309e-04 7.04695e-04 6.95100e-04 6.84517e-04 6.72970e-04 6.60495e-04 6.47142e-04 6.32960e-04 6.17992e-04 6.02275e-04 5.85835e-04 5.68690e-04 5.50858e-04 5.32355e-04 5.13210e-04 4.93470e-04 4.73204e-04 4.52509e-04 4.31510e-04 4.10359e-04 3.89228e-04 3.68301e-04 3.47768e-04 3.27809e-04 3.08593e-04 2.90267e-04 2.72950e-04 2.56734e-04 2.41675e-04 2.27797e-04 2.15092e-04 2.03516e-04 1.93002e-04 1.83456e-04 1.74766e-04 1.66806e-04 1.59446e-04 1.52555e-04 1.46008e-04 1.39695e-04 1.33523e-04 1.27421e-04 1.21346e-04 1.15275e-04 1.09214e-04 1.03184e-04 9.72232e-05 9.13793e-05 8.57026e-05 8.02426e-05 7.50439e-05 7.01435e-05 6.55690e-05 6.13388e-05 5.74616e-05 5.39381e-05 5.07611e-05 4.79175e-05 4.53890e-05 4.31538e-05 4.11868e-05 3.94611e-05 3.79481e-05 3.66184e-05 3.54422e-05 3.43890e-05 3.34288e-05 3.25315e-05 3.16675e-05 3.08079e-05 2.99249e-05 2.89923e-05 2.79859e-05 2.68849e-05 2.56720e-05 2.43355e-05 2.28693e-05 2.12751e-05 1.95623e-05 1.77491e-05 1.58619e-05 1.39348e-05 1.20077e-05 1.01240e-05 8.32771e-06 6.66003e-06 5.15646e-06 3.84402e-06 2.73943e-06 1.84826e-06 1.16495e-06 6.73431e-07 3.48113e-07 1.55469e-07 5.72928e-08 1.64069e-08 3.39560e-09 4.81115e-10 5.13788e-11 4.61290e-12 1.04876e-13
2.297789 1.44097e-02 2.21376e-02 1.68345e-02 1.28144e-02 1.00878e-02 8.36446e-03 7.31123e-03 6.63308e-03 6.13287e-03 5.70967e-03 5.32735e-03 4.98125e-03 4.67517e-03 4.41114e-03 4.18807e-03 4.00341e-03 3.85450e-03 3.73911e-03 3.65532e-03 3.60081e-03 3.57164e-03 3.56057e-03 3.55551e-03 3.53954e-03 3.49443e-03 3.40884e-03 3.28768e-03 3.15514e-03 3.04504e-03 2.98145e-03 2.96312e-03 2.96410e-03 2.95055e-03 2.90015e-03 2.81045e-03 2.69404e-03 2.56803e-03 2.44622e-03 2.33646e-03 2.24162e-03 2.16152e-03 2.09455e-03 2.03863e-03 1.99159e-03 1.95143e-03 1.91644e-03 1.88522e-03 1.85670e-03 1.83013e-03 1.80504e-03 1.78117e-03 1.75841e-03 1.73673e-03 1.71617e-03 1.69676e-03 1.67853e-03 1.66148e-03 1.64557e-03 1.63074e-03 1.61691e-03 1.60397e-03 1.59179e-03 1.58026e-03 1.56923e-03 1.55859e-03 1.54820e-03 1.53795e-03 1.52771e-03 1.51740e-03 1.50694e-03 1.49626e-03 1.48531e-03 1.47408e-03 1.46259e-03 1.45084e-03 1.43891e-03 1.42685e-03 1.41475e-03 1.40268e-03 1.39075e-03 1.37904e-03 1.36760e-03 1.35651e-03 1.34581e-03 1.33552e-03 1.32563e-03 1.31614e-03 1.30701e-03 1.29820e-03 1.28966e-03 1.28132e-03 1.27313e-03 1.26502e-03 1.25694e-03 1.24883e-03 1.24064e-03 1.23234e-03 1.22388e-03 1.21525e-03 1.20641e-03 1.19736e-03 1.18808e-03 1.17857e-03 1.16883e-03 1.15886e-03 1.14868e-03 1.13831e-03 1.12777e-03 1.11709e-03 1.10630e-03 1.09545e-03 1.08458e-03 1.07373e-03 1.06296e-03 1.05233e-03 1.04190e-03 1.03170e-03 1.02181e-03 1.01225e-03 1.00305e-03 9.94220e-04 9.85742e-04 9.77577e-04 9.69666e-04 9.61932e-04 9.54278e-04 9.46600e-04 9.38784e-04 9.30718e-04 9.22295e-04 9.13425e-04 9.04041e-04 8.94102e-04 8.83604e-04 8.72571e-04 8.61060e-04 8.49153e-04 8.36951e-04 8.24565e-04 8.12114e-04 7.99715e-04 7.87485e-04 7.75531e-04 7.63956e-04 7.52857e-04 7.42321e-04 7.32421e-04 7.23217e-04 7.14742e-04 7.06996e-04 6.99943e-04 6.93512e-04 6.87595e-04 6.82062e-04 6.76770e-04 6.71574e-04 6.66331e-04 6.60909e-04 6.55188e-04 6.49059e-04 6.42431e-04 6.35235e-04 6.27423e-04 6.18975e-04 6.09888e-04 6.00177e-04 5.89863e-04 5.78964e-04 5.67490e-04 5.55432e-04 5.42764e-04 5.29434e-04 5.15374e-04 5.00502e-04 4.84734e-04 4.67997e-04 4.50248e-04 4.31489e-04 4.11782e-04 3.91255e-04 3.70107e-04 3.48595e-04 3.27018e-04 3.05694e-04 2.84940e-04 2.65048e-04 2.46268e-04 2.28797e-04 2.12767e-04 1.98248e-04 1.85243e-04 1.73696e-04 1.63497e-04 1.54497e-04 1.46517e-04 1.39365e-04 1.32847e-04 1.26782e-04 1.21010e-04 1.15401e-04 1.09859e-04 1.04324e-04 9.87756e-05 9.32217e-05 8.76975e-05 8.22548e-05 7.69542e-05 7.18574e-05 6.70205e-05 6.24904e-05 5.83019e-05 5.44775e-05 5.10274e-05 4.79510e-05 4.52384e-05 4.28723e-05 4.08295e-05 3.90823e-05 3.76001e-05 3.63496e-05 3.52961e-05 3.44038e-05 3.36359e-05 3.29552e-05 3.23237e-05 3.17037e-05 3.10575e-05 3.03481e-05 2.95404e-05 2.86022e-05 2.75059e-05 2.62305e-05 2.47636e-05 2.31038e-05 2.12620e-05 1.92628e-05 1.71439e-05 1.49549e-05 1.27540e-05 1.06038e-05 8.56621e-06 6.69701e-06 5.04122e-06 3.62958e-06 2.47687e-06 1.58189e-06 9.28754e-07 4.88776e-07 2.22606e-07 8.36195e-08 2.42882e-08 5.01810e-09 6.76667e-10 6.17607e-11 4.71457e-12 1.02575e-13
2.397693 1.35875e-02 2.06314e-02 1.54747e-02 1.16853e-02 9.29005e-03 7.84791e-03 6.96154e-03 6.36189e-03 5.89608e-03 5.49394e-03 5.13375e-03 4.81418e-03 4.53733e-03 4.30300e-03 4.10919e-03 3.95383e-03 3.83554e-03 3.75352e-03 3.70673e-03 3.69210e-03 3.70196e-03 3.72108e-03 3.72583e-03 3.68967e-03 3.59681e-03 3.45804e-03 3.31411e-03 3.21589e-03 3.19072e-03 3.22184e-03 3.25990e-03 3.25654e-03 3.19135e-03 3.07438e-03 2.93070e-03 2.78409e-03 2.64951e-03 2.53327e-03 2.43627e-03 2.35680e-03 2.29218e-03 2.23949e-03 2.19585e-03 2.15861e-03 2.12554e-03 2.09490e-03 2.06548e-03 2.03665e-03 2.00817e-03 1.98011e-03 1.95273e-03 1.92632e-03 1.90117e-03 1.87751e-03 1.85545e-03 1.83503e-03 1.81622e-03 1.79891e-03 1.78294e-03 1.76812e-03 1.75427e-03 1.74117e-03 1.72861e-03 1.71641e-03 1.70437e-03 1.69232e-03 1.68010e-03 1.66759e-03 1.65468e-03 1.64131e-03 1.62745e-03 1.61311e-03 1.59834e-03 1.58323e-03 1.56790e-03 1.55250e-03 1.53718e-03 1.52209e-03 1.50738e-03 1.49319e-03 1.47959e-03 1.46666e-03 1.45443e-03 1.44288e-03 1.43197e-03 1.42164e-03 1.41180e-03 1.40236e-03 1.39323e-03 1.38430e-03 1.37548e-03 1.36669e-03 1.35787e-03 1.34895e-03 1.33988e-03 1.33063e-03 1.32118e-03 1.31152e-03 1.30164e-03 1.29157e-03 1.28132e-03 1.27093e-03 1.26043e-03 1.24987e-03 1.23930e-03 1.22876e-03 1.21833e-03 1.20808e-03 1.19805e-03 1.18829e-03 1.17880e-03 1.16955e-03 1.16048e-03 1.15151e-03 1.14253e-03 1.13346e-03 1.12421e-03 1.11470e-03 1.10490e-03 1.09477e-03 1.08430e-03 1.07350e-03 1.06237e-03 1.05094e-03 1.03921e-03 1.02721e-03 1.01494e-03 1.00240e-03 9.89601e-04 9.76521e-04 9.63158e-04 9.49509e-04 9.35584e-04 9.21408e-04 9.07019e-04 8.92475e-04 8.77844e-04 8.63204e-04 8.48636e-04 8.34218e-04 8.20021e-04 8.06106e-04 7.92523e-04 7.79312e-04 7.66502e-04 7.54113e-04 7.42163e-04 7.30663e-04 7.19622e-04 7.09051e-04 6.98961e-04 6.89364e-04 6.80269e-04 6.71681e-04 6.63590e-04 6.55965e-04 6.48740e-04 6.41817e-04 6.35073e-04 6.28370e-04 6.21583e-04 6.14613e-04 6.07397e-04 5.99909e-04 5.92148e-04 5.84128e-04 5.75874e-04 5.67413e-04 5.58778e-04 5.50003e-04 5.41122e-04 5.32163e-04 5.23138e-04 5.14040e-04 5.04830e-04 4.95442e-04 4.85769e-04 4.75673e-04 4.64977e-04 4.53479e-04 4.40959e-04 4.27199e-04 4.12007e-04 3.95254e-04 3.76902e-04 3.57036e-04 3.35878e-04 3.13781e-04 2.91202e-04 2.68666e-04 2.46706e-04 2.25820e-04 2.06423e-04 1.88821e-04 1.73189e-04 1.59572e-04 1.47893e-04 1.37976e-04 1.29569e-04 1.22382e-04 1.16117e-04 1.10493e-04 1.05269e-04 1.00253e-04 9.53107e-05 9.03611e-05 8.53751e-05 8.03655e-05 7.53770e-05 7.04739e-05 6.57286e-05 6.12123e-05 5.69870e-05 5.31010e-05 4.95871e-05 4.64626e-05 4.37303e-05 4.13807e-05 3.93944e-05 3.77440e-05 3.63965e-05 3.53143e-05 3.44567e-05 3.37803e-05 3.32400e-05 3.27886e-05 3.23773e-05 3.19559e-05 3.14735e-05 3.08792e-05 3.01244e-05 2.91651e-05 2.79658e-05 2.65029e-05 2.47692e-05 2.27769e-05 2.05596e-05 1.81716e-05 1.56852e-05 1.31843e-05 1.07571e-05 8.48720e-06 6.44500e-06 4.68184e-06 3.22637e-06 2.08433e-06 1.24089e-06 6.64101e-07 3.08371e-07 1.18232e-07 3.49713e-08 7.28355e-09 9.56967e-10 7.69121e-11 4.85909e-12 9.93099e-14
2.497597 1.18712e-02 1.85088e-02 1.41536e-02 1.08247e-02 8.68392e-03 7.40140e-03 6.63107e-03 6.10942e-03 5.68907e-03 5.31428e-03 4.97660e-03 4.68093e-03 4.43014e-03 4.22300e-03 4.05691e-03 3.93008e-03 3.84209e-03 3.79308e-03 3.78180e-03 3.80201e-03 3.83785e-03 3.86078e-03 3.83507e-03 3.73693e-03 3.57967e-03 3.42080e-03 3.33165e-03 3.34496e-03 3.42700e-03 3.50278e-03 3.51007e-03 3.43292e-03 3.29490e-03 3.13211e-03 2.97276e-03 2.83155e-03 2.71314e-03 2.61707e-03 2.54091e-03 2.48165e-03 2.43604e-03 2.40066e-03 2.37211e-03 2.34718e-03 2.32322e-03 2.29833e-03 2.27150e-03 2.24256e-03 2.21193e-03 2.18044e-03 2.14901e-03 2.11852e-03 2.08963e-03 2.06275e-03 2.03807e-03 2.01558e-03 1.99513e-03 1.97647e-03 1.95930e-03 1.94331e-03 1.92816e-03 1.91356e-03 1.89920e-03 1.88480e-03 1.87013e-03 1.85498e-03 1.83917e-03 1.82261e-03 1.80524e-03 1.78710e-03 1.76827e-03 1.74890e-03 1.72921e-03 1.70944e-03 1.68985e-03 1.67072e-03 1.65229e-03 1.63474e-03 1.61823e-03 1.60283e-03 1.58855e-03 1.57534e-03 1.56310e-03 1.55170e-03 1.54096e-03 1.53072e-03 1.52082e-03 1.51109e-03 1.50142e-03 1.49168e-03 1.48183e-03 1.47180e-03 1.46159e-03 1.45120e-03 1.44063e-03 1.42990e-03 1.41906e-03 1.40816e-03 1.39726e-03 1.38646e-03 1.37582e-03 1.36541e-03 1.35527e-03 1.34537e-03 1.33567e-03 1.32609e-03 1.31653e-03 1.30689e-03 1.29711e-03 1.28710e-03 1.27683e-03 1.26625e-03 1.25536e-03 1.24413e-03 1.23256e-03 1.22064e-03 1.20838e-03 1.19577e-03 1.18282e-03 1.16956e-03 1.15601e-03 1.14219e-03 1.12814e-03 1.11389e-03 1.09949e-03 1.08496e-03 1.07034e-03 1.05565e-03 1.04090e-03 1.02609e-03 1.01122e-03 9.96288e-04 9.81283e-04 9.66208e-04 9.51078e-04 9.35918e-04 9.20773e-04 9.05697e-04 8.90753e-04 8.76009e-04 8.61530e-04 8.47373e-04 8.33583e-04 8.20193e-04 8.07221e-04 7.94674e-04 7.82543e-04 7.70810e-04 7.59451e-04 7.48433e-04 7.37719e-04 7.27272e-04 7.17055e-04 7.07032e-04 6.97173e-04 6.87449e-04 6.77838e-04 6.68325e-04 6.58895e-04 6.49537e-04 6.40241e-04 6.30991e-04 6.21758e-04 6.12495e-04 6.03130e-04 5.93576e-04 5.83748e-04 5.73583e-04 5.63068e-04 5.52246e-04 5.41213e-04 5.30095e-04 5.19034e-04 5.08165e-04 4.97607e-04 4.87454e-04 4.77773e-04 4.68596e-04 4.59915e-04 4.51679e-04 4.43793e-04 4.36115e-04 4.28462e-04 4.20609e-04 4.12295e-04 4.03228e-04 3.93090e-04 3.81559e-04 3.68328e-04 3.53153e-04 3.35898e-04 3.16590e-04 2.95458e-04 2.72949e-04 2.49695e-04 2.26460e-04 2.04037e-04 1.83156e-04 1.64391e-04 1.48099e-04 1.34392e-04 1.23157e-04 1.14095e-04 1.06796e-04 1.00810e-04 9.57056e-05 9.11177e-05 8.67698e-05 8.24785e-05 7.81449e-05 7.37399e-05 6.92864e-05 6.48425e-05 6.04852e-05 5.62975e-05 5.23569e-05 4.87289e-05 4.54617e-05 4.25853e-05 4.01117e-05 3.80368e-05 3.63428e-05 3.50009e-05 3.39734e-05 3.32156e-05 3.26769e-05 3.23017e-05 3.20298e-05 3.17965e-05 3.15329e-05 3.11677e-05 3.06295e-05 2.98507e-05 2.87738e-05 2.73578e-05 2.55855e-05 2.34698e-05 2.10561e-05 1.84215e-05 1.56688e-05 1.29151e-05 1.02787e-05 7.86452e-06 5.75317e-06 3.99360e-06 2.60212e-06 1.56602e-06 8.49864e-07 4.01480e-07 1.56980e-07 4.73522e-08 1.00033e-08 1.30435e-09 9.58160e-11 4.94424e-12 9.23606e-14
2.597501 1.19381e-02 1.76836e-02 1.31451e-02 1.00614e-02 8.16219e-03 7.02914e-03 6.33538e-03 5.85386e-03 5.46184e-03 5.11396e-03 4.80433e-03 4.53754e-03 4.31562e-03 4.13686e-03 3.99872e-03 3.90000e-03 3.84113e-03 3.82264e-03 3.84148e-03 3.88464e-03 3.92271e-03 3.91198e-03 3.81613e-03 3.64287e-03 3.46198e-03 3.36886e-03 3.40939e-03 3.53761e-03 3.65289e-03 3.67731e-03 3.59765e-03 3.44921e-03 3.27727e-03 3.11322e-03 2.97123e-03 2.85457e-03 2.76187e-03 2.69041e-03 2.63730e-03 2.59941e-03 2.57325e-03 2.55492e-03 2.54048e-03 2.52637e-03 2.50989e-03 2.48947e-03 2.46469e-03 2.43601e-03 2.40450e-03 2.37144e-03 2.33812e-03 2.30564e-03 2.27482e-03 2.24617e-03 2.21992e-03 2.19603e-03 2.17426e-03 2.15426e-03 2.13559e-03 2.11780e-03 2.10044e-03 2.08309e-03 2.06537e-03 2.04696e-03 2.02762e-03 2.00718e-03 1.98559e-03 1.96292e-03 1.93934e-03 1.91512e-03 1.89060e-03 1.86620e-03 1.84232e-03 1.81935e-03 1.79763e-03 1.77739e-03 1.75875e-03 1.74172e-03 1.72622e-03 1.71205e-03 1.69897e-03 1.68671e-03 1.67500e-03 1.66358e-03 1.65224e-03 1.64081e-03 1.62919e-03 1.61729e-03 1.60509e-03 1.59258e-03 1.57980e-03 1.56684e-03 1.55379e-03 1.54077e-03 1.52789e-03 1.51524e-03 1.50287e-03 1.49080e-03 1.47899e-03 1.46740e-03 1.45595e-03 1.44459e-03 1.43324e-03 1.42188e-03 1.41047e-03 1.39900e-03 1.38748e-03 1.37588e-03 1.36420e-03 1.35243e-03 1.34054e-03 1.32851e-03 1.31630e-03 1.30388e-03 1.29122e-03 1.27831e-03 1.26511e-03 1.25164e-03 1.23788e-03 1.22384e-03 1.20956e-03 1.19504e-03 1.18034e-03 1.16548e-03 1.15050e-03 1.13545e-03 1.12035e-03 1.10524e-03 1.09013e-03 1.07505e-03 1.06000e-03 1.04498e-03 1.02997e-03 1.01499e-03 1.00001e-03 9.85041e-04 9.70105e-04 9.55230e-04 9.40459e-04 9.25848e-04 9.11461e-04 8.97360e-04 8.83601e-04 8.70231e-04 8.57282e-04 8.44772e-04 8.32709e-04 8.21085e-04 8.09888e-04 7.99095e-04 7.88672e-04 7.78583e-04 7.68778e-04 7.59202e-04 7.49796e-04 7.40492e-04 7.31222e-04 7.21916e-04 7.12508e-04 7.02933e-04 6.93135e-04 6.83066e-04 6.72683e-04 6.61956e-04 6.50860e-04 6.39381e-04 6.27512e-04 6.15259e-04 6.02637e-04 5.89676e-04 5.76413e-04 5.62892e-04 5.49162e-04 5.35276e-04 5.21304e-04 5.07338e-04 4.93502e-04 4.79941e-04 4.66808e-04 4.54247e-04 4.42368e-04 4.31245e-04 4.20904e-04 4.11323e-04 4.02438e-04 3.94139e-04 3.86280e-04 3.78678e-04 3.71120e-04 3.63371e-04 3.55174e-04 3.46257e-04 3.36334e-04 3.25110e-04 3.12303e-04 2.97668e-04 2.81048e-04 2.62443e-04 2.42071e-04 2.20414e-04 1.98212e-04 1.76390e-04 1.55921e-04 1.37657e-04 1.22170e-04 1.09656e-04 9.99407e-05 9.25642e-05 8.69246e-05 8.24124e-05 7.85096e-05 7.48380e-05 7.11658e-05 6.73865e-05 6.34861e-05 5.95102e-05 5.55360e-05 5.16535e-05 4.79519e-05 4.45111e-05 4.13959e-05 3.86534e-05 3.63111e-05 3.43778e-05 3.28446e-05 3.16865e-05 3.08642e-05 3.03254e-05 3.00056e-05 2.98288e-05 2.97084e-05 2.95487e-05 2.92491e-05 2.87101e-05 2.78422e-05 2.65775e-05 2.48812e-05 2.27613e-05 2.02741e-05 1.75212e-05 1.46388e-05 1.17800e-05 9.09226e-06 6.69735e-06 4.67654e-06 3.06568e-06 1.85910e-06 1.01950e-06 4.88454e-07 1.94399e-07 5.98196e-08 1.28749e-08 1.68982e-09 1.17528e-10 4.93647e-12 8.06270e-14
2.697405 1.10910e-02 1.69474e-02 1.26867e-02 9.55912e-03 7.69722e-03 6.66022e-03 6.04469e-03 5.60896e-03 5.24560e-03 4.92294e-03 4.63998e-03 4.40100e-03 4.20664e-03 4.05431e-03 3.94112e-03 3.86605e-03 3.83006e-03 3.83380e-03 3.87139e-03 3.92074e-03 3.93769e-03 3.87058e-03 3.70299e-03 3.49427e-03 3.35983e-03 3.38163e-03 3.53156e-03 3.69439e-03 3.76440e-03 3.71225e-03 3.57407e-03 3.40344e-03 3.23859e-03 3.09680e-03 2.98190e-03 2.89226e-03 2.82498e-03 2.77719e-03 2.74598e-03 2.72791e-03 2.71882e-03 2.71410e-03 2.70935e-03 2.70112e-03 2.68740e-03 2.66776e-03 2.64295e-03 2.61442e-03 2.58374e-03 2.55229e-03 2.52106e-03 2.49070e-03 2.46156e-03 2.43381e-03 2.40752e-03 2.38268e-03 2.35919e-03 2.33682e-03 2.31527e-03 2.29410e-03 2.27283e-03 2.25101e-03 2.22825e-03 2.20429e-03 2.17905e-03 2.15260e-03 2.12516e-03 2.09710e-03 2.06889e-03 2.04106e-03 2.01412e-03 1.98853e-03 1.96462e-03 1.94258e-03 1.92243e-03 1.90407e-03 1.88724e-03 1.87162e-03 1.85684e-03 1.84254e-03 1.82841e-03 1.81421e-03 1.79978e-03 1.78507e-03 1.77007e-03 1.75486e-03 1.73950e-03 1.72409e-03 1.70867e-03 1.69325e-03 1.67779e-03 1.66223e-03 1.64653e-03 1.63063e-03 1.61454e-03 1.59829e-03 1.58197e-03 1.56569e-03 1.54957e-03 1.53374e-03 1.51830e-03 1.50333e-03 1.48888e-03 1.47497e-03 1.46161e-03 1.44875e-03 1.43636e-03 1.42436e-03 1.41266e-03 1.40119e-03 1.38986e-03 1.37857e-03 1.36725e-03 1.35582e-03 1.34421e-03 1.33239e-03 1.32031e-03 1.30795e-03 1.29529e-03 1.28234e-03 1.26911e-03 1.25562e-03 1.24190e-03 1.22798e-03 1.21388e-03 1.19966e-03 1.18534e-03 1.17096e-03 1.15654e-03 1.14210e-03 1.12766e-03 1.11324e-03 1.09882e-03 1.08442e-03 1.07001e-03 1.05559e-03 1.04116e-03 1.02670e-03 1.01225e-03 9.97819e-04 9.83458e-04 9.69220e-04 9.55169e-04 9.41363e-04 9.27854e-04 9.14679e-04 9.01863e-04 8.89422e-04 8.77364e-04 8.65692e-04 8.54406e-04 8.43500e-04 8.32960e-04 8.22767e-04 8.12894e-04 8.03305e-04 7.93955e-04 7.84793e-04 7.75760e-04 7.66789e-04 7.57808e-04 7.48741e-04 7.39507e-04 7.30023e-04 7.20205e-04 7.09969e-04 6.99235e-04 6.87932e-04 6.75993e-04 6.63370e-04 6.50030e-04 6.35961e-04 6.21177e-04 6.05721e-04 5.89670e-04 5.73129e-04 5.56239e-04 5.39164e-04 5.22084e-04 5.05182e-04 4.88626e-04 4.72562e-04 4.57101e-04 4.42320e-04 4.28256e-04 4.14910e-04 4.02245e-04 3.90193e-04 3.78665e-04 3.67554e-04 3.56746e-04 3.46132e-04 3.35606e-04 3.25078e-04 3.14465e-04 3.03697e-04 2.92704e-04 2.81406e-04 2.69693e-04 2.57410e-04 2.44354e-04 2.30283e-04 2.14976e-04 1.98325e-04 1.80454e-04 1.61819e-04 1.43222e-04 1.25688e-04 1.10218e-04 9.75018e-05 8.77295e-05 8.05883e-05 7.54324e-05 7.15205e-05 6.82082e-05 6.50433e-05 6.17755e-05 5.83177e-05 5.46909e-05 5.09739e-05 4.72681e-05 4.36760e-05 4.02917e-05 3.71963e-05 3.44550e-05 3.21146e-05 3.02007e-05 2.87162e-05 2.76405e-05 2.69290e-05 2.65138e-05 2.63042e-05 2.61889e-05 2.60405e-05 2.57245e-05 2.51121e-05 2.40975e-05 2.26154e-05 2.06570e-05 1.82786e-05 1.55981e-05 1.27802e-05 1.00085e-05 7.45388e-06 5.24671e-06 3.46034e-06 2.11020e-06 1.16519e-06 5.63773e-07 2.27515e-07 7.12893e-08 1.56675e-08 2.09237e-09 1.42112e-10 4.87928e-12 6.44417e-14
2.797309 1.01748e-02 1.54928e-02 1.17310e-02 9.02194e-03 7.34535e-03 6.35625e-03 5.76170e-03 5.35572e-03 5.02785e-03 4.73994e-03 4.48873e-03 4.27853e-03 4.11049e-03 3.98236e-03 3.89145e-03 3.83719e-03 3.82130e-03 3.84380e-03 3.89283e-03 3.93218e-03 3.90368e-03 3.76428e-03 3.54394e-03 3.35810e-03 3.32683e-03 3.46404e-03 3.66116e-03 3.78481e-03 3.77567e-03 3.65926e-03 3.49480e-03 3.32997e-03 3.18822e-03 3.07564e-03 2.99066e-03 2.92983e-03 2.88985e-03 2.86757e-03 2.85934e-03 2.86053e-03 2.86579e-03 2.86979e-03 2.86834e-03 2.85916e-03 2.84208e-03 2.81857e-03 2.79093e-03 2.76149e-03 2.73205e-03 2.70367e-03 2.67671e-03 2.65101e-03 2.62614e-03 2.60160e-03 2.57695e-03 2.55195e-03 2.52653e-03 2.50078e-03 2.47483e-03 2.44873e-03 2.42237e-03 2.39561e-03 2.36831e-03 2.34044e-03 2.31205e-03 2.28329e-03 2.25439e-03 2.22580e-03 2.19801e-03 2.17153e-03 2.14666e-03 2.12349e-03 2.10192e-03 2.08170e-03 2.06251e-03 2.04405e-03 2.02612e-03 2.00863e-03 1.99157e-03 1.97494e-03 1.95866e-03 1.94252e-03 1.92619e-03 1.90924e-03 1.89130e-03 1.87210e-03 1.85158e-03 1.82988e-03 1.80730e-03 1.78424e-03 1.76107e-03 1.73812e-03 1.71565e-03 1.69381e-03 1.67270e-03 1.65239e-03 1.63295e-03 1.61441e-03 1.59682e-03 1.58023e-03 1.56464e-03 1.55005e-03 1.53642e-03 1.52368e-03 1.51175e-03 1.50049e-03 1.48979e-03 1.47950e-03 1.46950e-03 1.45966e-03 1.44987e-03 1.44001e-03 1.43002e-03 1.41981e-03 1.40934e-03 1.39858e-03 1.38751e-03 1.37611e-03 1.36439e-03 1.35237e-03 1.34007e-03 1.32751e-03 1.31472e-03 1.30174e-03 1.28860e-03 1.27532e-03 1.26193e-03 1.24846e-03 1.23493e-03 1.22135e-03 1.20773e-03 1.19409e-03 1.18043e-03 1.16673e-03 1.15299e-03 1.13921e-03 1.12535e-03 1.11141e-03 1.09738e-03 1.08324e-03 1.06901e-03 1.05471e-03 1.04039e-03 1.02609e-03 1.01188e-03 9.97800e-04 9.83899e-04 9.70202e-04 9.56725e-04 9.43481e-04 9.30484e-04 9.17751e-04 9.05300e-04 8.93145e-04 8.81302e-04 8.69780e-04 8.58584e-04 8.47712e-04 8.37157e-04 8.26905e-04 8.16934e-04 8.07216e-04 7.97712e-04 7.88376e-04 7.79153e-04 7.69978e-04 7.60774e-04 7.51456e-04 7.41927e-04 7.32076e-04 7.21785e-04 7.10929e-04 6.99381e-04 6.87019e-04 6.73739e-04 6.59467e-04 6.44170e-04 6.27867e-04 6.10637e-04 5.92617e-04 5.73997e-04 5.55001e-04 5.35872e-04 5.16848e-04 4.98136e-04 4.79895e-04 4.62229e-04 4.45172e-04 4.28704e-04 4.12748e-04 3.97191e-04 3.81899e-04 3.66729e-04 3.51551e-04 3.36268e-04 3.20826e-04 3.05233e-04 2.89562e-04 2.73953e-04 2.58593e-04 2.43699e-04 2.29475e-04 2.16073e-04 2.03542e-04 1.91789e-04 1.80555e-04 1.69434e-04 1.57954e-04 1.45720e-04 1.32604e-04 1.18908e-04 1.05375e-04 9.29875e-05 8.26027e-05 7.46207e-05 6.88671e-05 6.47485e-05 6.15447e-05 5.86549e-05 5.57034e-05 5.25293e-05 4.91235e-05 4.55622e-05 4.19572e-05 3.84257e-05 3.50774e-05 3.20096e-05 2.93036e-05 2.70191e-05 2.51882e-05 2.38106e-05 2.28515e-05 2.22414e-05 2.18781e-05 2.16307e-05 2.13491e-05 2.08788e-05 2.00818e-05 1.88611e-05 1.71821e-05 1.50870e-05 1.26929e-05 1.01729e-05 7.72146e-06 5.51393e-06 3.67332e-06 2.25496e-06 1.25114e-06 6.08538e-07 2.47610e-07 7.86639e-08 1.76607e-08 2.42560e-09 1.66581e-10 4.84258e-12 4.53193e-14
2.897212 1.13050e-02 1.64117e-02 1.17828e-02 8.77071e-03 7.06302e-03 6.08538e-03 5.49809e-03 5.10219e-03 4.79490e-03 4.53609e-03 4.31674e-03 4.13703e-03 3.99667e-03 3.89336e-03 3.82493e-03 3.79166e-03 3.79536e-03 3.83205e-03 3.87838e-03 3.88382e-03 3.79171e-03 3.59484e-03 3.37738e-03 3.27246e-03 3.34776e-03 3.53821e-03 3.70563e-03 3.75365e-03 3.67778e-03 3.53104e-03 3.36982e-03 3.22763e-03 3.11616e-03 3.03544e-03 2.98174e-03 2.95098e-03 2.93929e-03 2.94238e-03 2.95492e-03 2.97063e-03 2.98324e-03 2.98785e-03 2.98198e-03 2.96591e-03 2.94201e-03 2.91364e-03 2.88399e-03 2.85535e-03 2.82889e-03 2.80477e-03 2.78245e-03 2.76105e-03 2.73959e-03 2.71723e-03 2.69340e-03 2.66785e-03 2.64071e-03 2.61245e-03 2.58381e-03 2.55557e-03 2.52835e-03 2.50238e-03 2.47744e-03 2.45285e-03 2.42779e-03 2.40181e-03 2.37505e-03 2.34800e-03 2.32113e-03 2.29478e-03 2.26928e-03 2.24504e-03 2.22253e-03 2.20208e-03 2.18369e-03 2.16686e-03 2.15063e-03 2.13383e-03 2.11542e-03 2.09474e-03 2.07169e-03 2.04662e-03 2.02014e-03 1.99291e-03 1.96549e-03 1.93827e-03 1.91150e-03 1.88537e-03 1.86003e-03 1.83561e-03 1.81226e-03 1.79005e-03 1.76901e-03 1.74906e-03 1.73008e-03 1.71196e-03 1.69458e-03 1.67787e-03 1.66180e-03 1.64638e-03 1.63164e-03 1.61760e-03 1.60427e-03 1.59166e-03 1.57972e-03 1.56839e-03 1.55757e-03 1.54716e-03 1.53704e-03 1.52708e-03 1.51719e-03 1.50726e-03 1.49722e-03 1.48701e-03 1.47660e-03 1.46595e-03 1.45506e-03 1.44392e-03 1.43256e-03 1.42097e-03 1.40918e-03 1.39722e-03 1.38511e-03 1.37286e-03 1.36052e-03 1.34809e-03 1.33558e-03 1.32303e-03 1.31042e-03 1.29776e-03 1.28505e-03 1.27228e-03 1.25943e-03 1.24651e-03 1.23348e-03 1.22034e-03 1.20706e-03 1.19362e-03 1.18002e-03 1.16622e-03 1.15223e-03 1.13803e-03 1.12362e-03 1.10905e-03 1.09433e-03 1.07953e-03 1.06469e-03 1.04987e-03 1.03508e-03 1.02035e-03 1.00566e-03 9.91023e-04 9.76446e-04 9.61951e-04 9.47568e-04 9.33338e-04 9.19303e-04 9.05510e-04 8.92009e-04 8.78848e-04 8.66075e-04 8.53734e-04 8.41864e-04 8.30493e-04 8.19641e-04 8.09315e-04 7.99510e-04 7.90205e-04 7.81362e-04 7.72925e-04 7.64814e-04 7.56927e-04 7.49132e-04 7.41269e-04 7.33150e-04 7.24564e-04 7.15288e-04 7.05099e-04 6.93796e-04 6.81214e-04 6.67247e-04 6.51864e-04 6.35109e-04 6.17103e-04 5.98028e-04 5.78110e-04 5.57583e-04 5.36674e-04 5.15570e-04 4.94406e-04 4.73260e-04 4.52156e-04 4.31076e-04 4.09976e-04 3.88815e-04 3.67565e-04 3.46241e-04 3.24901e-04 3.03659e-04 2.82674e-04 2.62147e-04 2.42303e-04 2.23378e-04 2.05604e-04 1.89192e-04 1.74312e-04 1.61070e-04 1.49479e-04 1.39424e-04 1.30629e-04 1.22662e-04 1.14978e-04 1.07051e-04 9.85707e-05 8.96189e-05 8.07039e-05 7.25677e-05 6.58372e-05 6.07254e-05 5.69760e-05 5.40547e-05 5.14224e-05 4.87113e-05 4.57573e-05 4.25485e-05 3.91595e-05 3.57039e-05 3.23080e-05 2.90972e-05 2.61864e-05 2.36686e-05 2.16023e-05 2.00022e-05 1.88358e-05 1.80264e-05 1.74602e-05 1.69957e-05 1.64781e-05 1.57593e-05 1.47243e-05 1.33169e-05 1.15583e-05 9.54945e-06 7.45110e-06 5.44547e-06 3.69188e-06 2.29251e-06 1.27966e-06 6.24071e-07 2.54747e-07 8.16880e-08 1.87392e-08 2.67364e-09 1.91456e-10 5.03132e-12 2.84789e-14
2.997116 9.94316e-03 1.53681e-02 1.15716e-02 8.66849e-03 6.87248e-03 5.85161e-03 5.26348e-03 4.88250e-03 4.59651e-03 4.36284e-03 4.17023e-03 4.01709e-03 3.90240e-03 3.82387e-03 3.77951e-03 3.76884e-03 3.78980e-03 3.82911e-03 3.85179e-03 3.80668e-03 3.66250e-03 3.45571e-03 3.29236e-03 3.27217e-03 3.39782e-03 3.56977e-03 3.67283e-03 3.65791e-03 3.54948e-03 3.40185e-03 3.25949e-03 3.14463e-03 3.06275e-03 3.01158e-03 2.98672e-03 2.98347e-03 2.99660e-03 3.01974e-03 3.04547e-03 3.06640e-03 3.07680e-03 3.07394e-03 3.05850e-03 3.03378e-03 3.00423e-03 2.97397e-03 2.94585e-03 2.92114e-03 2.89981e-03 2.88095e-03 2.86324e-03 2.84542e-03 2.82644e-03 2.80573e-03 2.78317e-03 2.75910e-03 2.73429e-03 2.70972e-03 2.68644e-03 2.66535e-03 2.64674e-03 2.62967e-03 2.61172e-03 2.59012e-03 2.56349e-03 2.53259e-03 2.49955e-03 2.46677e-03 2.43618e-03 2.40874e-03 2.38435e-03 2.36208e-03 2.34060e-03 2.31876e-03 2.29585e-03 2.27172e-03 2.24650e-03 2.22046e-03 2.19380e-03 2.16668e-03 2.13933e-03 2.11215e-03 2.08565e-03 2.06032e-03 2.03642e-03 2.01389e-03 1.99238e-03 1.97149e-03 1.95089e-03 1.93041e-03 1.91002e-03 1.88981e-03 1.86989e-03 1.85037e-03 1.83135e-03 1.81287e-03 1.79495e-03 1.77759e-03 1.76080e-03 1.74458e-03 1.72896e-03 1.71397e-03 1.69965e-03 1.68603e-03 1.67312e-03 1.66088e-03 1.64924e-03 1.63811e-03 1.62735e-03 1.61683e-03 1.60642e-03 1.59602e-03 1.58555e-03 1.57494e-03 1.56416e-03 1.55320e-03 1.54203e-03 1.53067e-03 1.51912e-03 1.50739e-03 1.49550e-03 1.48350e-03 1.47141e-03 1.45929e-03 1.44718e-03 1.43514e-03 1.42318e-03 1.41133e-03 1.39956e-03 1.38783e-03 1.37608e-03 1.36422e-03 1.35218e-03 1.33990e-03 1.32730e-03 1.31436e-03 1.30105e-03 1.28738e-03 1.27334e-03 1.25897e-03 1.24427e-03 1.22928e-03 1.21402e-03 1.19851e-03 1.18276e-03 1.16681e-03 1.15068e-03 1.13441e-03 1.11806e-03 1.10165e-03 1.08520e-03 1.06872e-03 1.05218e-03 1.03554e-03 1.01880e-03 1.00196e-03 9.85054e-04 9.68141e-04 9.51294e-04 9.34599e-04 9.18155e-04 9.02071e-04 8.86459e-04 8.71431e-04 8.57097e-04 8.43555e-04 8.30891e-04 8.19172e-04 8.08447e-04 7.98741e-04 7.90056e-04 7.82368e-04 7.75625e-04 7.69743e-04 7.64602e-04 7.60044e-04 7.55872e-04 7.51844e-04 7.47683e-04 7.43079e-04 7.37704e-04 7.31226e-04 7.23329e-04 7.13728e-04 7.02190e-04 6.88549e-04 6.72714e-04 6.54675e-04 6.34499e-04 6.12325e-04 5.88342e-04 5.62783e-04 5.35903e-04 5.07968e-04 4.79254e-04 4.50040e-04 4.20612e-04 3.91263e-04 3.62288e-04 3.33980e-04 3.06615e-04 2.80447e-04 2.55690e-04 2.32519e-04 2.11064e-04 1.91412e-04 1.73605e-04 1.57649e-04 1.43513e-04 1.31134e-04 1.20419e-04 1.11234e-04 1.03390e-04 9.66153e-05 9.05521e-05 8.47869e-05 7.89550e-05 7.28885e-05 6.67234e-05 6.08607e-05 5.57610e-05 5.16880e-05 4.85710e-05 4.60706e-05 4.37748e-05 4.13734e-05 3.87204e-05 3.58045e-05 3.26949e-05 2.95038e-05 2.63677e-05 2.34314e-05 2.08268e-05 1.86471e-05 1.69260e-05 1.56321e-05 1.46766e-05 1.39308e-05 1.32456e-05 1.24733e-05 1.14933e-05 1.02388e-05 8.71682e-06 7.01298e-06 5.27173e-06 3.65675e-06 2.30533e-06 1.29456e-06 6.29793e-07 2.55406e-07 8.17681e-08 1.90504e-08 2.83661e-09 2.16677e-10 5.64178e-12 2.05310e-14
3.097020 1.01114e-02 1.51233e-02 1.12188e-02 8.44811e-03 6.71406e-03 5.67198e-03 5.05300e-03 4.66583e-03 4.39630e-03 4.18956e-03 4.02598e-03 3.90110e-03 3.81402e-03 3.76303e-03 3.74530e-03 3.75618e-03 3.78490e-03 3.80779e-03 3.78791e-03 3.69275e-03 3.52757e-03 3.35446e-03 3.26163e-03 3.29438e-03 3.41383e-03 3.52882e-03 3.56648e-03 3.51240e-03 3.39852e-03 3.26850e-03 3.15389e-03 3.06909e-03 3.01667e-03 2.99372e-03 2.99525e-03 3.01497e-03 3.04522e-03 3.07737e-03 3.10308e-03 3.11614e-03 3.11394e-03 3.09779e-03 3.07193e-03 3.04178e-03 3.01217e-03 2.98627e-03 2.96529e-03 2.94890e-03 2.93579e-03 2.92429e-03 2.91284e-03 2.90030e-03 2.88618e-03 2.87068e-03 2.85472e-03 2.83955e-03 2.82626e-03 2.81505e-03 2.80489e-03 2.79366e-03 2.77844e-03 2.75644e-03 2.72646e-03 2.68973e-03 2.64913e-03 2.60759e-03 2.56720e-03 2.52918e-03 2.49416e-03 2.46232e-03 2.43345e-03 2.40688e-03 2.38168e-03 2.35698e-03 2.33243e-03 2.30836e-03 2.28556e-03 2.26462e-03 2.24539e-03 2.22701e-03 2.20831e-03 2.18843e-03 2.16708e-03 2.14450e-03 2.12122e-03 2.09782e-03 2.07478e-03 2.05245e-03 2.03104e-03 2.01061e-03 1.99118e-03 1.97270e-03 1.95510e-03 1.93828e-03 1.92217e-03 1.90666e-03 1.89165e-03 1.87706e-03 1.86278e-03 1.84874e-03 1.83488e-03 1.82116e-03 1.80761e-03 1.79424e-03 1.78113e-03 1.76832e-03 1.75588e-03 1.74378e-03 1.73201e-03 1.72052e-03 1.70925e-03 1.69821e-03 1.68744e-03 1.67699e-03 1.66691e-03 1.65715e-03 1.64755e-03 1.63785e-03 1.62772e-03 1.61688e-03 1.60520e-03 1.59268e-03 1.57948e-03 1.56582e-03 1.55190e-03 1.53787e-03 1.52381e-03 1.50972e-03 1.49557e-03 1.48130e-03 1.46686e-03 1.45217e-03 1.43720e-03 1.42193e-03 1.40633e-03 1.39041e-03 1.37420e-03 1.35773e-03 1.34105e-03 1.32422e-03 1.30729e-03 1.29032e-03 1.27334e-03 1.25638e-03 1.23946e-03 1.22257e-03 1.20568e-03 1.18876e-03 1.17177e-03 1.15468e-03 1.13748e-03 1.12014e-03 1.10265e-03 1.08498e-03 1.06709e-03 1.04892e-03 1.03045e-03 1.01168e-03 9.92663e-04 9.73494e-04 9.54305e-04 9.35245e-04 9.16481e-04 8.98187e-04 8.80540e-04 8.63713e-04 8.47867e-04 8.33149e-04 8.19684e-04 8.07575e-04 7.96896e-04 7.87694e-04 7.79985e-04 7.73747e-04 7.68921e-04 7.65404e-04 7.63042e-04 7.61633e-04 7.60925e-04 7.60618e-04 7.60378e-04 7.59842e-04 7.58635e-04 7.56379e-04 7.52701e-04 7.47241e-04 7.39654e-04 7.29624e-04 7.16867e-04 7.01158e-04 6.82348e-04 6.60390e-04 6.35359e-04 6.07470e-04 5.77081e-04 5.44679e-04 5.10849e-04 4.76231e-04 4.41465e-04 4.07135e-04 3.73735e-04 3.41653e-04 3.11183e-04 2.82536e-04 2.55865e-04 2.31265e-04 2.08776e-04 1.88375e-04 1.69981e-04 1.53470e-04 1.38700e-04 1.25531e-04 1.13840e-04 1.03521e-04 9.44832e-05 8.66317e-05 7.98487e-05 7.39617e-05 6.87254e-05 6.38467e-05 5.90687e-05 5.42854e-05 4.96069e-05 4.53079e-05 4.16617e-05 3.87635e-05 3.64665e-05 3.44733e-05 3.24914e-05 3.03377e-05 2.79523e-05 2.53706e-05 2.26958e-05 2.00776e-05 1.76800e-05 1.56361e-05 1.40070e-05 1.27653e-05 1.18065e-05 1.09822e-05 1.01377e-05 9.14798e-06 7.94747e-06 6.54840e-06 5.04017e-06 3.56457e-06 2.27209e-06 1.27421e-06 6.10026e-07 2.40409e-07 7.46762e-08 1.72115e-08 2.64015e-09 2.16433e-10 5.98860e-12 2.10612e-14
3.196924 1.14221e-02 1.66464e-02 1.18111e-02 8.49729e-03 6.59548e-03 5.50743e-03 4.86402e-03 4.46459e-03 4.19917e-03 4.01067e-03 3.87373e-03 3.77931e-03 3.72388e-03 3.70334e-03 3.71038e-03 3.73287e-03 3.75184e-03 3.74176e-03 3.67840e-03 3.55611e-03 3.40372e-03 3.27884e-03 3.23308e-03 3.27254e-03 3.35181e-03 3.40864e-03 3.40521e-03 3.34226e-03 3.24546e-03 3.14479e-03 3.06174e-03 3.00659e-03 2.98107e-03 2.98168e-03 3.00178e-03 3.03274e-03 3.06509e-03 3.09014e-03 3.10181e-03 3.09797e-03 3.08063e-03 3.05471e-03 3.02620e-03 3.00022e-03 2.97999e-03 2.96651e-03 2.95903e-03 2.95571e-03 2.95437e-03 2.95314e-03 2.95094e-03 2.94755e-03 2.94338e-03 2.93898e-03 2.93449e-03 2.92935e-03 2.92223e-03 2.91122e-03 2.89411e-03 2.86875e-03 2.83386e-03 2.79003e-03 2.73982e-03 2.68707e-03 2.63564e-03 2.58849e-03 2.54708e-03 2.51140e-03 2.48071e-03 2.45433e-03 2.43205e-03 2.41378e-03 2.39884e-03 2.38552e-03 2.37148e-03 2.35477e-03 2.33461e-03 2.31143e-03 2.28642e-03 2.26084e-03 2.23569e-03 2.21159e-03 2.18881e-03 2.16739e-03 2.14726e-03 2.12833e-03 2.11047e-03 2.09358e-03 2.07758e-03 2.06240e-03 2.04804e-03 2.03452e-03 2.02192e-03 2.01027e-03 1.99955e-03 1.98966e-03 1.98041e-03 1.97157e-03 1.96291e-03 1.95425e-03 1.94548e-03 1.93662e-03 1.92777e-03 1.91913e-03 1.91087e-03 1.90299e-03 1.89515e-03 1.88661e-03 1.87649e-03 1.86411e-03 1.84941e-03 1.83297e-03 1.81568e-03 1.79834e-03 1.78142e-03 1.76501e-03 1.74902e-03 1.73325e-03 1.71755e-03 1.70183e-03 1.68603e-03 1.67018e-03 1.65432e-03 1.63850e-03 1.62276e-03 1.60714e-03 1.59163e-03 1.57620e-03 1.56081e-03 1.54538e-03 1.52980e-03 1.51400e-03 1.49788e-03 1.48138e-03 1.46444e-03 1.44708e-03 1.42930e-03 1.41118e-03 1.39282e-03 1.37432e-03 1.35582e-03 1.33743e-03 1.31925e-03 1.30134e-03 1.28374e-03 1.26640e-03 1.24928e-03 1.23225e-03 1.21519e-03 1.19794e-03 1.18036e-03 1.16232e-03 1.14372e-03 1.12450e-03 1.10467e-03 1.08425e-03 1.06332e-03 1.04194e-03 1.02022e-03 9.98282e-04 9.76309e-04 9.54513e-04 9.33119e-04 9.12352e-04 8.92409e-04 8.73463e-04 8.55664e-04 8.39137e-04 8.23993e-04 8.10321e-04 7.98198e-04 7.87676e-04 7.78786e-04 7.71529e-04 7.65870e-04 7.61730e-04 7.58983e-04 7.57456e-04 7.56922e-04 7.57110e-04 7.57708e-04 7.58370e-04 7.58725e-04 7.58394e-04 7.56996e-04 7.54164e-04 7.49558e-04 7.42876e-04 7.33869e-04 7.22355e-04 7.08235e-04 6.91509e-04 6.72283e-04 6.50775e-04 6.27291e-04 6.02183e-04 5.75786e-04 5.48351e-04 5.20022e-04 4.90857e-04 4.60906e-04 4.30295e-04 3.99284e-04 3.68274e-04 3.37766e-04 3.08284e-04 2.80293e-04 2.54131e-04 2.29977e-04 2.07864e-04 1.87711e-04 1.69376e-04 1.52697e-04 1.37518e-04 1.23702e-04 1.11129e-04 9.96955e-05 8.93112e-05 7.99095e-05 7.14561e-05 6.39527e-05 5.74177e-05 5.18372e-05 4.71040e-05 4.29973e-05 3.92563e-05 3.57230e-05 3.24350e-05 2.95624e-05 2.72269e-05 2.53705e-05 2.37787e-05 2.22031e-05 2.04713e-05 1.85374e-05 1.64843e-05 1.44838e-05 1.27194e-05 1.13009e-05 1.02149e-05 9.33749e-06 8.49362e-06 7.52970e-06 6.36893e-06 5.03548e-06 3.64360e-06 2.35561e-06 1.32126e-06 6.20145e-07 2.33780e-07 6.80376e-08 1.47527e-08 2.23116e-09 1.92128e-10 5.70403e-12 2.25894e-14
3.296828 9.64907e-03 1.51416e-02 1.15549e-02 8.63624e-03 6.66190e-03 5.44484e-03 4.73315e-03 4.31562e-03 4.05804e-03 3.89037e-03 3.78174e-03 3.71968e-03 3.69679e-03 3.70353e-03 3.72549e-03 3.74371e-03 3.73704e-03 3.68760e-03 3.58947e-03 3.45716e-03 3.32593e-03 3.23695e-03 3.21253e-03 3.24015e-03 3.28136e-03 3.29847e-03 3.27530e-03 3.21845e-03 3.14622e-03 3.07763e-03 3.02657e-03 2.99986e-03 2.99748e-03 3.01413e-03 3.04124e-03 3.06918e-03 3.08949e-03 3.09682e-03 3.08997e-03 3.07186e-03 3.04807e-03 3.02486e-03 3.00728e-03 2.99799e-03 2.99702e-03 3.00240e-03 3.01121e-03 3.02058e-03 3.02840e-03 3.03339e-03 3.03471e-03 3.03175e-03 3.02420e-03 3.01234e-03 2.99690e-03 2.97824e-03 2.95568e-03 2.92763e-03 2.89261e-03 2.85008e-03 2.80107e-03 2.74844e-03 2.69636e-03 2.64892e-03 2.60885e-03 2.57685e-03 2.55185e-03 2.53173e-03 2.51404e-03 2.49633e-03 2.47648e-03 2.45332e-03 2.42705e-03 2.39894e-03 2.37061e-03 2.34327e-03 2.31761e-03 2.29380e-03 2.27174e-03 2.25120e-03 2.23180e-03 2.21315e-03 2.19496e-03 2.17741e-03 2.16138e-03 2.14839e-03 2.13995e-03 2.13653e-03 2.13691e-03 2.13857e-03 2.13894e-03 2.13660e-03 2.13159e-03 2.12502e-03 2.11830e-03 2.11268e-03 2.10886e-03 2.10670e-03 2.10509e-03 2.10211e-03 2.09589e-03 2.08565e-03 2.07203e-03 2.05654e-03 2.04055e-03 2.02460e-03 2.00852e-03 1.99185e-03 1.97419e-03 1.95542e-03 1.93565e-03 1.91512e-03 1.89416e-03 1.87307e-03 1.85208e-03 1.83136e-03 1.81101e-03 1.79113e-03 1.77176e-03 1.75298e-03 1.73483e-03 1.71734e-03 1.70053e-03 1.68439e-03 1.66887e-03 1.65391e-03 1.63943e-03 1.62530e-03 1.61140e-03 1.59756e-03 1.58362e-03 1.56941e-03 1.55476e-03 1.53955e-03 1.52366e-03 1.50704e-03 1.48970e-03 1.47172e-03 1.45322e-03 1.43439e-03 1.41544e-03 1.39657e-03 1.37797e-03 1.35973e-03 1.34187e-03 1.32432e-03 1.30688e-03 1.28930e-03 1.27123e-03 1.25236e-03 1.23239e-03 1.21108e-03 1.18833e-03 1.16416e-03 1.13871e-03 1.11227e-03 1.08519e-03 1.05792e-03 1.03088e-03 1.00450e-03 9.79102e-04 9.54909e-04 9.32074e-04 9.10690e-04 8.90813e-04 8.72466e-04 8.55645e-04 8.40328e-04 8.26489e-04 8.14101e-04 8.03130e-04 7.93527e-04 7.85213e-04 7.78075e-04 7.71965e-04 7.66710e-04 7.62132e-04 7.58057e-04 7.54333e-04 7.50831e-04 7.47439e-04 7.44049e-04 7.40536e-04 7.36739e-04 7.32449e-04 7.27409e-04 7.21326e-04 7.13901e-04 7.04875e-04 6.94080e-04 6.81494e-04 6.67270e-04 6.51741e-04 6.35352e-04 6.18533e-04 6.01549e-04 5.84403e-04 5.66856e-04 5.48553e-04 5.29177e-04 5.08549e-04 4.86667e-04 4.63677e-04 4.39838e-04 4.15472e-04 3.90902e-04 3.66392e-04 3.42115e-04 3.18166e-04 2.94609e-04 2.71516e-04 2.48988e-04 2.27149e-04 2.06130e-04 1.86067e-04 1.67076e-04 1.49244e-04 1.32623e-04 1.17230e-04 1.03055e-04 9.00776e-05 7.82744e-05 6.76356e-05 5.81739e-05 4.99277e-05 4.29473e-05 3.72500e-05 3.27516e-05 2.92211e-05 2.63259e-05 2.37776e-05 2.14688e-05 1.94631e-05 1.78380e-05 1.65355e-05 1.53570e-05 1.40895e-05 1.26498e-05 1.11354e-05 9.74294e-06 8.61657e-06 7.74212e-06 6.96199e-06 6.08525e-06 5.00620e-06 3.76071e-06 2.50299e-06 1.42593e-06 6.66351e-07 2.42761e-07 6.55039e-08 1.26904e-08 1.75042e-09 1.50705e-10 4.70453e-12 1.73571e-14
3.396732 1.09722e-02 1.60966e-02 1.16155e-02 8.50079e-03 6.55252e-03 5.34602e-03 4.61383e-03 4.17817e-03 3.92293e-03 3.77778e-03 3.70391e-03 3.67987e-03 3.68961e-03 3.71551e-03 3.73705e-03 3.73368e-03 3.68999e-03 3.60133e-03 3.47793e-03 3.34464e-03 3.23363e-03 3.17001e-03 3.15742e-03 3.17522e-03 3.19241e-03 3.18739e-03 3.15709e-03 3.11167e-03 3.06474e-03 3.02754e-03 3.00710e-03 3.00548e-03 3.01963e-03 3.04247e-03 3.06538e-03 3.08098e-03 3.08531e-03 3.07869e-03 3.06516e-03 3.05063e-03 3.04051e-03 3.03789e-03 3.04284e-03 3.05287e-03 3.06429e-03 3.07352e-03 3.07796e-03 3.07612e-03 3.06751e-03 3.05240e-03 3.03186e-03 3.00785e-03 2.98299e-03 2.95944e-03 2.93715e-03 2.91364e-03 2.88612e-03 2.85387e-03 2.81832e-03 2.78176e-03 2.74631e-03 2.71290e-03 2.68094e-03 2.64919e-03 2.61709e-03 2.58501e-03 2.55335e-03 2.52183e-03 2.48996e-03 2.45798e-03 2.42678e-03 2.39728e-03 2.36978e-03 2.34392e-03 2.31895e-03 2.29451e-03 2.27189e-03 2.25521e-03 2.25030e-03 2.25996e-03 2.27900e-03 2.29503e-03 2.29636e-03 2.28023e-03 2.25384e-03 2.22762e-03 2.20811e-03 2.19617e-03 2.18984e-03 2.18700e-03 2.18584e-03 2.18449e-03 2.18122e-03 2.17538e-03 2.16791e-03 2.16057e-03 2.15467e-03 2.15037e-03 2.14684e-03 2.14294e-03 2.13769e-03 2.13045e-03 2.12088e-03 2.10884e-03 2.09431e-03 2.07739e-03 2.05827e-03 2.03721e-03 2.01456e-03 1.99072e-03 1.96613e-03 1.94119e-03 1.91629e-03 1.89175e-03 1.86783e-03 1.84470e-03 1.82247e-03 1.80118e-03 1.78086e-03 1.76151e-03 1.74314e-03 1.72580e-03 1.70950e-03 1.69429e-03 1.68015e-03 1.66705e-03 1.65489e-03 1.64353e-03 1.63276e-03 1.62235e-03 1.61204e-03 1.60155e-03 1.59064e-03 1.57908e-03 1.56670e-03 1.55338e-03 1.53910e-03 1.52386e-03 1.50776e-03 1.49094e-03 1.47354e-03 1.45571e-03 1.43754e-03 1.41903e-03 1.40007e-03 1.38042e-03 1.35974e-03 1.33760e-03 1.31357e-03 1.28730e-03 1.25862e-03 1.22760e-03 1.19458e-03 1.16016e-03 1.12513e-03 1.09033e-03 1.05655e-03 1.02446e-03 9.94516e-04 9.67019e-04 9.42096e-04 9.19741e-04 8.99833e-04 8.82166e-04 8.66494e-04 8.52580e-04 8.40226e-04 8.29268e-04 8.19551e-04 8.10895e-04 8.03094e-04 7.95916e-04 7.89114e-04 7.82447e-04 7.75696e-04 7.68688e-04 7.61299e-04 7.53463e-04 7.45155e-04 7.36382e-04 7.27162e-04 7.17510e-04 7.07432e-04 6.96926e-04 6.85986e-04 6.74629e-04 6.62906e-04 6.50923e-04 6.38852e-04 6.26934e-04 6.15456e-04 6.04700e-04 5.94830e-04 5.85767e-04 5.77133e-04 5.68340e-04 5.58776e-04 5.47989e-04 5.35764e-04 5.22104e-04 5.07163e-04 4.91200e-04 4.74556e-04 4.57602e-04 4.40660e-04 4.23889e-04 4.07246e-04 3.90557e-04 3.73641e-04 3.56372e-04 3.38675e-04 3.20496e-04 3.01797e-04 2.82575e-04 2.62878e-04 2.42814e-04 2.22543e-04 2.02266e-04 1.82204e-04 1.62591e-04 1.43653e-04 1.25603e-04 1.08631e-04 9.29018e-05 7.85521e-05 6.56867e-05 5.43796e-05 4.46736e-05 3.65800e-05 3.00681e-05 2.50394e-05 2.12949e-05 1.85317e-05 1.64091e-05 1.46649e-05 1.31825e-05 1.19359e-05 1.08672e-05 9.84354e-06 8.75512e-06 7.63244e-06 6.61932e-06 5.80965e-06 5.13002e-06 4.39827e-06 3.48989e-06 2.44813e-06 1.45359e-06 6.96148e-07 2.53611e-07 6.56929e-08 1.14564e-08 1.36792e-09 1.14003e-10 4.17603e-12 2.09809e-14
3.496636 1.10184e-02 1.68146e-02 1.23844e-02 8.90168e-03 6.65996e-03 5.31605e-03 4.52797e-03 4.07292e-03 3.82169e-03 3.69881e-03 3.65806e-03 3.66749e-03 3.70012e-03 3.73038e-03 3.73549e-03 3.69963e-03 3.61809e-03 3.49921e-03 3.36315e-03 3.23684e-03 3.14523e-03 3.10064e-03 3.09577e-03 3.10759e-03 3.11185e-03 3.09727e-03 3.06817e-03 3.03654e-03 3.01299e-03 3.00304e-03 3.00754e-03 3.02381e-03 3.04670e-03 3.06999e-03 3.08850e-03 3.09980e-03 3.10478e-03 3.10647e-03 3.10806e-03 3.11107e-03 3.11472e-03 3.11659e-03 3.11407e-03 3.10556e-03 3.09085e-03 3.07082e-03 3.04678e-03 3.02007e-03 2.99195e-03 2.96381e-03 2.93746e-03 2.91522e-03 2.89901e-03 2.88841e-03 2.87965e-03 2.86798e-03 2.85061e-03 2.82691e-03 2.79725e-03 2.76264e-03 2.72455e-03 2.68481e-03 2.64559e-03 2.60874e-03 2.57460e-03 2.54178e-03 2.50854e-03 2.47441e-03 2.44131e-03 2.41419e-03 2.40032e-03 2.40504e-03 2.42527e-03 2.44723e-03 2.45408e-03 2.43816e-03 2.40463e-03 2.36452e-03 2.32738e-03 2.29940e-03 2.28269e-03 2.27415e-03 2.26770e-03 2.25887e-03 2.24669e-03 2.23226e-03 2.21730e-03 2.20359e-03 2.19240e-03 2.18402e-03 2.17785e-03 2.17288e-03 2.16833e-03 2.16386e-03 2.15953e-03 2.15562e-03 2.15244e-03 2.15015e-03 2.14867e-03 2.14771e-03 2.14669e-03 2.14486e-03 2.14135e-03 2.13530e-03 2.12596e-03 2.11282e-03 2.09570e-03 2.07476e-03 2.05049e-03 2.02362e-03 1.99501e-03 1.96551e-03 1.93593e-03 1.90690e-03 1.87888e-03 1.85218e-03 1.82696e-03 1.80334e-03 1.78134e-03 1.76100e-03 1.74233e-03 1.72534e-03 1.71000e-03 1.69627e-03 1.68409e-03 1.67332e-03 1.66378e-03 1.65525e-03 1.64746e-03 1.64010e-03 1.63286e-03 1.62542e-03 1.61753e-03 1.60895e-03 1.59954e-03 1.58920e-03 1.57793e-03 1.56573e-03 1.55260e-03 1.53846e-03 1.52314e-03 1.50632e-03 1.48762e-03 1.46658e-03 1.44280e-03 1.41599e-03 1.38597e-03 1.35272e-03 1.31640e-03 1.27738e-03 1.23629e-03 1.19404e-03 1.15173e-03 1.11051e-03 1.07136e-03 1.03501e-03 1.00187e-03 9.72115e-04 9.45775e-04 9.22765e-04 9.02919e-04 8.85992e-04 8.71683e-04 8.59655e-04 8.49555e-04 8.41013e-04 8.33641e-04 8.27051e-04 8.20875e-04 8.14776e-04 8.08458e-04 8.01663e-04 7.94200e-04 7.85951e-04 7.76874e-04 7.66980e-04 7.56310e-04 7.44901e-04 7.32781e-04 7.19955e-04 7.06409e-04 6.92125e-04 6.77098e-04 6.61356e-04 6.44988e-04 6.28175e-04 6.11208e-04 5.94506e-04 5.78601e-04 5.64078e-04 5.51447e-04 5.40990e-04 5.32671e-04 5.26167e-04 5.20976e-04 5.16535e-04 5.12281e-04 5.07677e-04 5.02254e-04 4.95677e-04 4.87804e-04 4.78702e-04 4.68570e-04 4.57611e-04 4.45935e-04 4.33587e-04 4.20660e-04 4.07348e-04 3.93879e-04 3.80409e-04 3.66974e-04 3.53515e-04 3.39915e-04 3.26036e-04 3.11739e-04 2.96894e-04 2.81390e-04 2.65135e-04 2.48074e-04 2.30202e-04 2.11577e-04 1.92339e-04 1.72707e-04 1.52974e-04 1.33495e-04 1.14654e-04 9.68326e-05 8.03796e-05 6.55771e-05 5.26220e-05 4.16161e-05 3.25677e-05 2.53984e-05 1.99488e-05 1.59770e-05 1.31674e-05 1.11710e-05 9.67767e-06 8.46858e-06 7.40714e-06 6.40612e-06 5.43778e-06 4.55696e-06 3.83883e-06 3.26043e-06 2.68781e-06 2.01363e-06 1.28193e-06 6.51597e-07 2.47567e-07 6.51543e-08 1.10659e-08 1.25369e-09 1.18170e-10 7.24422e-12 9.50221e-14
3.596540 9.79015e-03 1.54950e-02 1.18638e-02 8.84187e-03 6.72179e-03 5.33773e-03 4.49434e-03 4.01762e-03 3.77622e-03 3.68114e-03 3.67250e-03 3.70593e-03 3.74508e-03 3.76087e-03 3.73430e-03 3.65940e-03 3.54366e-03 3.40550e-03 3.26931e-03 3.15891e-03 3.08991e-03 3.06312e-03 3.06366e-03 3.06931e-03 3.06375e-03 3.04486e-03 3.02213e-03 3.00751e-03 3.00805e-03 3.02409e-03 3.05153e-03 3.08489e-03 3.11921e-03 3.15066e-03 3.17656e-03 3.19517e-03 3.20526e-03 3.20583e-03 3.19623e-03 3.17661e-03 3.14836e-03 3.11403e-03 3.07668e-03 3.03906e-03 3.00317e-03 2.97029e-03 2.94142e-03 2.91764e-03 2.90016e-03 2.88992e-03 2.88698e-03 2.88955e-03 2.89289e-03 2.88974e-03 2.87438e-03 2.84687e-03 2.81194e-03 2.77448e-03 2.73697e-03 2.70010e-03 2.66524e-03 2.63653e-03 2.61911e-03 2.61446e-03 2.61795e-03 2.62185e-03 2.62012e-03 2.60955e-03 2.58889e-03 2.56027e-03 2.52921e-03 2.50020e-03 2.47363e-03 2.44820e-03 2.42437e-03 2.40420e-03 2.38778e-03 2.37128e-03 2.35017e-03 2.32424e-03 2.29759e-03 2.27430e-03 2.25549e-03 2.23992e-03 2.22581e-03 2.21188e-03 2.19771e-03 2.18347e-03 2.16961e-03 2.15666e-03 2.14509e-03 2.13528e-03 2.12756e-03 2.12218e-03 2.11937e-03 2.11932e-03 2.12214e-03 2.12783e-03 2.13616e-03 2.14655e-03 2.15803e-03 2.16921e-03 2.17837e-03 2.18368e-03 2.18349e-03 2.17655e-03 2.16230e-03 2.14087e-03 2.11309e-03 2.08035e-03 2.04432e-03 2.00669e-03 1.96902e-03 1.93250e-03 1.89798e-03 1.86598e-03 1.83677e-03 1.81048e-03 1.78714e-03 1.76673e-03 1.74918e-03 1.73435e-03 1.72203e-03 1.71195e-03 1.70376e-03 1.69708e-03 1.69145e-03 1.68637e-03 1.68131e-03 1.67568e-03 1.66890e-03 1.66047e-03 1.65006e-03 1.63752e-03 1.62295e-03 1.60661e-03 1.58884e-03 1.56994e-03 1.55012e-03 1.52941e-03 1.50772e-03 1.48486e-03 1.46056e-03 1.43454e-03 1.40649e-03 1.37603e-03 1.34278e-03 1.30648e-03 1.26710e-03 1.22510e-03 1.18151e-03 1.13779e-03 1.09552e-03 1.05605e-03 1.02023e-03 9.88349e-04 9.60303e-04 9.35842e-04 9.14751e-04 8.96905e-04 8.82188e-04 8.70373e-04 8.61054e-04 8.53665e-04 8.47567e-04 8.42149e-04 8.36883e-04 8.31352e-04 8.25244e-04 8.18350e-04 8.10565e-04 8.01867e-04 7.92282e-04 7.81840e-04 7.70562e-04 7.58454e-04 7.45515e-04 7.31744e-04 7.17143e-04 7.01721e-04 6.85507e-04 6.68561e-04 6.50989e-04 6.32954e-04 6.14685e-04 5.96485e-04 5.78713e-04 5.61735e-04 5.45859e-04 5.31269e-04 5.18024e-04 5.06115e-04 4.95540e-04 4.86332e-04 4.78531e-04 4.72121e-04 4.66982e-04 4.62867e-04 4.59426e-04 4.56264e-04 4.53015e-04 4.49386e-04 4.45133e-04 4.40039e-04 4.33960e-04 4.26897e-04 4.18999e-04 4.10457e-04 4.01409e-04 3.91914e-04 3.81980e-04 3.71599e-04 3.60768e-04 3.49499e-04 3.37809e-04 3.25707e-04 3.13182e-04 3.00199e-04 2.86697e-04 2.72603e-04 2.57834e-04 2.42314e-04 2.25988e-04 2.08840e-04 1.90912e-04 1.72321e-04 1.53276e-04 1.34077e-04 1.15111e-04 9.68214e-05 7.96665e-05 6.40658e-05 5.03480e-05 3.87121e-05 2.92113e-05 2.17604e-05 1.61589e-05 1.21187e-05 9.29382e-06 7.32258e-06 5.88170e-06 4.73410e-06 3.75568e-06 2.92902e-06 2.28064e-06 1.78695e-06 1.35410e-06 9.12687e-07 4.99281e-07 2.03701e-07 5.71965e-08 1.05121e-08 1.44576e-09 2.02066e-10 1.90729e-11 3.58723e-13
3.696443 1.17615e-02 1.72171e-02 1.23382e-02 8.90016e-03 6.69452e-03 5.29564e-03 4.44640e-03 3.97126e-03 3.74397e-03 3.67169e-03 3.68340e-03 3.72322e-03 3.74913e-03 3.73477e-03 3.67067e-03 3.56276e-03 3.42800e-03 3.28881e-03 3.16745e-03 3.08044e-03 3.03338e-03 3.01846e-03 3.01843e-03 3.01664e-03 3.00662e-03 2.99384e-03 2.98955e-03 3.00260e-03 3.03499e-03 3.08218e-03 3.13607e-03 3.18798e-03 3.23023e-03 3.25675e-03 3.26372e-03 3.25029e-03 3.21888e-03 3.17425e-03 3.12201e-03 3.06728e-03 3.01419e-03 2.96597e-03 2.92521e-03 2.89388e-03 2.87303e-03 2.86240e-03 2.85996e-03 2.86216e-03 2.86501e-03 2.86558e-03 2.86258e-03 2.85535e-03 2.84295e-03 2.82609e-03 2.80931e-03 2.79752e-03 2.79020e-03 2.78168e-03 2.76697e-03 2.74582e-03 2.72217e-03 2.70082e-03 2.68385e-03 2.66879e-03 2.65193e-03 2.63305e-03 2.61400e-03 2.59496e-03 2.57466e-03 2.55248e-03 2.52914e-03 2.50575e-03 2.48257e-03 2.45867e-03 2.43280e-03 2.40475e-03 2.37579e-03 2.34762e-03 2.32084e-03 2.29501e-03 2.26965e-03 2.24475e-03 2.22060e-03 2.19760e-03 2.17610e-03 2.15635e-03 2.13855e-03 2.12280e-03 2.10918e-03 2.09774e-03 2.08853e-03 2.08160e-03 2.07709e-03 2.07519e-03 2.07618e-03 2.08048e-03 2.08856e-03 2.10086e-03 2.11756e-03 2.13836e-03 2.16219e-03 2.18709e-03 2.21033e-03 2.22876e-03 2.23937e-03 2.23981e-03 2.22881e-03 2.20639e-03 2.17380e-03 2.13330e-03 2.08775e-03 2.04015e-03 1.99319e-03 1.94897e-03 1.90881e-03 1.87341e-03 1.84289e-03 1.81710e-03 1.79566e-03 1.77816e-03 1.76414e-03 1.75320e-03 1.74497e-03 1.73904e-03 1.73494e-03 1.73194e-03 1.72902e-03 1.72491e-03 1.71821e-03 1.70774e-03 1.69276e-03 1.67312e-03 1.64926e-03 1.62202e-03 1.59247e-03 1.56167e-03 1.53048e-03 1.49947e-03 1.46892e-03 1.43885e-03 1.40918e-03 1.37977e-03 1.35051e-03 1.32130e-03 1.29209e-03 1.26280e-03 1.23328e-03 1.20336e-03 1.17282e-03 1.14148e-03 1.10935e-03 1.07673e-03 1.04426e-03 1.01283e-03 9.83353e-04 9.56570e-04 9.32909e-04 9.12502e-04 8.95268e-04 8.81009e-04 8.69458e-04 8.60274e-04 8.53007e-04 8.47077e-04 8.41814e-04 8.36560e-04 8.30774e-04 8.24115e-04 8.16448e-04 8.07785e-04 7.98205e-04 7.87783e-04 7.76558e-04 7.64540e-04 7.51713e-04 7.38053e-04 7.23550e-04 7.08229e-04 6.92154e-04 6.75431e-04 6.58195e-04 6.40606e-04 6.22859e-04 6.05174e-04 5.87790e-04 5.70932e-04 5.54783e-04 5.39462e-04 5.25033e-04 5.11526e-04 4.98958e-04 4.87340e-04 4.76665e-04 4.66893e-04 4.57943e-04 4.49693e-04 4.42009e-04 4.34794e-04 4.28043e-04 4.21863e-04 4.16403e-04 4.11737e-04 4.07794e-04 4.04441e-04 4.01581e-04 3.99136e-04 3.96949e-04 3.94733e-04 3.92109e-04 3.88699e-04 3.84213e-04 3.78495e-04 3.71513e-04 3.63328e-04 3.54052e-04 3.43821e-04 3.32769e-04 3.21018e-04 3.08665e-04 2.95781e-04 2.82409e-04 2.68569e-04 2.54258e-04 2.39457e-04 2.24139e-04 2.08279e-04 1.91868e-04 1.74926e-04 1.57526e-04 1.39805e-04 1.21981e-04 1.04359e-04 8.73154e-05 7.12679e-05 5.66287e-05 4.37445e-05 3.28438e-05 2.40023e-05 1.71393e-05 1.20407e-05 8.39996e-06 5.86837e-06 4.11218e-06 2.86960e-06 1.98002e-06 1.35630e-06 9.22795e-07 5.96964e-07 3.34040e-07 1.45309e-07 4.52865e-08 1.02193e-08 2.08567e-09 4.11491e-10 4.61248e-11 9.69315e-13
3.796347 1.07775e-02 1.69561e-02 1.28061e-02 9.30030e-03 6.87033e-03 5.34654e-03 4.45687e-03 3.97779e-03 3.75737e-03 3.69044e-03 3.69793e-03 3.72004e-03 3.71697e-03 3.66996e-03 3.57895e-03 3.45680e-03 3.32274e-03 3.19703e-03 3.09665e-03 3.03120e-03 2.99967e-03 2.99115e-03 2.99147e-03 2.99207e-03 2.99449e-03 3.00731e-03 3.03867e-03 3.09017e-03 3.15505e-03 3.22065e-03 3.27293e-03 3.30108e-03 3.30030e-03 3.27213e-03 3.22271e-03 3.16021e-03 3.09259e-03 3.02630e-03 2.96611e-03 2.91572e-03 2.87813e-03 2.85501e-03 2.84565e-03 2.84645e-03 2.85233e-03 2.85948e-03 2.86704e-03 2.87577e-03 2.88513e-03 2.89261e-03 2.89511e-03 2.88983e-03 2.87484e-03 2.85103e-03 2.82334e-03 2.79755e-03 2.77658e-03 2.76127e-03 2.75213e-03 2.74740e-03 2.74184e-03 2.73109e-03 2.71471e-03 2.69406e-03 2.67043e-03 2.64521e-03 2.62032e-03 2.59789e-03 2.57891e-03 2.56198e-03 2.54372e-03 2.52101e-03 2.49302e-03 2.46144e-03 2.42892e-03 2.39730e-03 2.36696e-03 2.33761e-03 2.30898e-03 2.28110e-03 2.25412e-03 2.22829e-03 2.20385e-03 2.18106e-03 2.16011e-03 2.14117e-03 2.12432e-03 2.10962e-03 2.09710e-03 2.08673e-03 2.07853e-03 2.07253e-03 2.06884e-03 2.06769e-03 2.06948e-03 2.07484e-03 2.08462e-03 2.09981e-03 2.12129e-03 2.14931e-03 2.18302e-03 2.22009e-03 2.25677e-03 2.28850e-03 2.31073e-03 2.31983e-03 2.31369e-03 2.29206e-03 2.25653e-03 2.21023e-03 2.15730e-03 2.10221e-03 2.04887e-03 2.00012e-03 1.95743e-03 1.92103e-03 1.89044e-03 1.86489e-03 1.84375e-03 1.82675e-03 1.81393e-03 1.80537e-03 1.80079e-03 1.79909e-03 1.79823e-03 1.79553e-03 1.78831e-03 1.77459e-03 1.75353e-03 1.72539e-03 1.69122e-03 1.65256e-03 1.61122e-03 1.56907e-03 1.52780e-03 1.48852e-03 1.45169e-03 1.41714e-03 1.38443e-03 1.35305e-03 1.32257e-03 1.29272e-03 1.26330e-03 1.23422e-03 1.20548e-03 1.17713e-03 1.14930e-03 1.12215e-03 1.09586e-03 1.07063e-03 1.04661e-03 1.02388e-03 1.00241e-03 9.82091e-04 9.62787e-04 9.44425e-04 9.27081e-04 9.10981e-04 8.96406e-04 8.83555e-04 8.72452e-04 8.62947e-04 8.54776e-04 8.47616e-04 8.41113e-04 8.34883e-04 8.28511e-04 8.21575e-04 8.13694e-04 8.04595e-04 7.94153e-04 7.82394e-04 7.69448e-04 7.55491e-04 7.40703e-04 7.25245e-04 7.09250e-04 6.92827e-04 6.76086e-04 6.59155e-04 6.42182e-04 6.25320e-04 6.08707e-04 5.92457e-04 5.76665e-04 5.61413e-04 5.46784e-04 5.32850e-04 5.19664e-04 5.07240e-04 4.95556e-04 4.84554e-04 4.74149e-04 4.64233e-04 4.54683e-04 4.45386e-04 4.36283e-04 4.27423e-04 4.18973e-04 4.11138e-04 4.04039e-04 3.97707e-04 3.92229e-04 3.87815e-04 3.84655e-04 3.82737e-04 3.81788e-04 3.81364e-04 3.80996e-04 3.80289e-04 3.78931e-04 3.76680e-04 3.73355e-04 3.68826e-04 3.63012e-04 3.55885e-04 3.47469e-04 3.37835e-04 3.27089e-04 3.15361e-04 3.02790e-04 2.89511e-04 2.75643e-04 2.61282e-04 2.46504e-04 2.31362e-04 2.15891e-04 2.00120e-04 1.84073e-04 1.67788e-04 1.51323e-04 1.34766e-04 1.18253e-04 1.01968e-04 8.61542e-05 7.11025e-05 5.71317e-05 4.45528e-05 3.36239e-05 2.45056e-05 1.72290e-05 1.16887e-05 7.66412e-06 4.86593e-06 2.99450e-06 1.78791e-06 1.03769e-06 5.80645e-07 2.99807e-07 1.31708e-07 4.59089e-08 1.30321e-08 3.42591e-09 7.59596e-10 9.08184e-11 2.01416e-12
3.896251 9.97596e-03 1.57484e-02 1.21418e-02 9.12652e-03 6.91707e-03 5.43077e-03 4.52036e-03 4.02189e-03 3.79019e-03 3.70965e-03 3.69411e-03 3.68502e-03 3.64970e-03 3.57765e-03 3.47409e-03 3.35290e-03 3.23122e-03 3.12576e-03 3.04929e-03 3.00675e-03 2.99375e-03 3.00004e-03 3.01672e-03 3.04155e-03 3.07793e-03 3.12882e-03 3.19105e-03 3.25418e-03 3.30397e-03 3.32795e-03 3.31992e-03 3.28146e-03 3.22029e-03 3.14698e-03 3.07198e-03 3.00418e-03 2.95038e-03 2.91505e-03 2.89939e-03 2.90034e-03 2.91088e-03 2.92252e-03 2.92896e-03 2.92818e-03 2.92194e-03 2.91358e-03 2.90597e-03 2.90063e-03 2.89772e-03 2.89604e-03 2.89301e-03 2.88537e-03 2.87132e-03 2.85264e-03 2.83404e-03 2.81929e-03 2.80783e-03 2.79592e-03 2.78091e-03 2.76284e-03 2.74299e-03 2.72287e-03 2.70388e-03 2.68693e-03 2.67196e-03 2.65765e-03 2.64157e-03 2.62133e-03 2.59591e-03 2.56616e-03 2.53434e-03 2.50313e-03 2.47436e-03 2.44825e-03 2.42388e-03 2.40017e-03 2.37644e-03 2.35239e-03 2.32799e-03 2.30336e-03 2.27872e-03 2.25435e-03 2.23058e-03 2.20775e-03 2.18620e-03 2.16624e-03 2.14812e-03 2.13203e-03 2.11810e-03 2.10640e-03 2.09697e-03 2.08980e-03 2.08494e-03 2.08251e-03 2.08282e-03 2.08646e-03 2.09448e-03 2.10834e-03 2.12960e-03 2.15935e-03 2.19729e-03 2.24119e-03 2.28686e-03 2.32895e-03 2.36202e-03 2.38169e-03 2.38522e-03 2.37181e-03 2.34255e-03 2.30020e-03 2.24884e-03 2.19315e-03 2.13756e-03 2.08538e-03 2.03849e-03 1.99764e-03 1.96315e-03 1.93546e-03 1.91513e-03 1.90225e-03 1.89568e-03 1.89273e-03 1.88944e-03 1.88169e-03 1.86635e-03 1.84215e-03 1.80964e-03 1.77053e-03 1.72678e-03 1.68003e-03 1.63157e-03 1.58276e-03 1.53524e-03 1.49058e-03 1.44965e-03 1.41242e-03 1.37827e-03 1.34640e-03 1.31614e-03 1.28697e-03 1.25852e-03 1.23054e-03 1.20290e-03 1.17560e-03 1.14871e-03 1.12234e-03 1.09667e-03 1.07186e-03 1.04808e-03 1.02552e-03 1.00433e-03 9.84667e-04 9.66656e-04 9.50359e-04 9.35757e-04 9.22726e-04 9.11034e-04 9.00360e-04 8.90363e-04 8.80759e-04 8.71380e-04 8.62203e-04 8.53322e-04 8.44893e-04 8.37047e-04 8.29786e-04 8.22906e-04 8.15998e-04 8.08514e-04 7.99897e-04 7.89695e-04 7.77667e-04 7.63838e-04 7.48471e-04 7.31981e-04 7.14829e-04 6.97438e-04 6.80135e-04 6.63124e-04 6.46500e-04 6.30291e-04 6.14511e-04 5.99187e-04 5.84350e-04 5.70033e-04 5.56256e-04 5.43028e-04 5.30345e-04 5.18199e-04 5.06577e-04 4.95459e-04 4.84808e-04 4.74551e-04 4.64582e-04 4.54792e-04 4.45133e-04 4.35678e-04 4.26616e-04 4.18118e-04 4.10239e-04 4.03024e-04 3.96693e-04 3.91577e-04 3.87833e-04 3.85280e-04 3.83506e-04 3.82077e-04 3.80674e-04 3.79092e-04 3.77206e-04 3.74935e-04 3.72209e-04 3.68949e-04 3.65061e-04 3.60437e-04 3.54964e-04 3.48538e-04 3.41071e-04 3.32503e-04 3.22811e-04 3.12008e-04 3.00150e-04 2.87328e-04 2.73661e-04 2.59286e-04 2.44345e-04 2.28976e-04 2.13305e-04 1.97443e-04 1.81489e-04 1.65530e-04 1.49650e-04 1.33933e-04 1.18469e-04 1.03362e-04 8.87344e-05 7.47380e-05 6.15513e-05 4.93737e-05 3.84094e-05 2.88413e-05 2.07999e-05 1.43333e-05 9.38862e-06 5.81469e-06 3.38750e-06 1.84730e-06 9.36817e-07 4.34964e-07 1.78941e-07 6.28129e-08 1.88535e-08 5.06109e-09 1.11153e-09 1.36341e-10 3.13461e-12
3.996155 1.25812e-02 1.85043e-02 1.31520e-02 9.33126e-03 6.93065e-03 5.43517e-03 4.53380e-03 4.02741e-03 3.77139e-03 3.65634e-03 3.60300e-03 3.56004e-03 3.50096e-03 3.41841e-03 3.31752e-03 3.21043e-03 3.11249e-03 3.03848e-03 2.99798e-03 2.99190e-03 3.01314e-03 3.05161e-03 3.09956e-03 3.15264e-03 3.20685e-03 3.25537e-03 3.28872e-03 3.29814e-03 3.27957e-03 3.23637e-03 3.17914e-03 3.12168e-03 3.07396e-03 3.03790e-03 3.01050e-03 2.98960e-03 2.97504e-03 2.96580e-03 2.95880e-03 2.95070e-03 2.94006e-03 2.92771e-03 2.91560e-03 2.90550e-03 2.89853e-03 2.89534e-03 2.89623e-03 2.90083e-03 2.90737e-03 2.91220e-03 2.91090e-03 2.90068e-03 2.88152e-03 2.85477e-03 2.82218e-03 2.78692e-03 2.75396e-03 2.72798e-03 2.71097e-03 2.70141e-03 2.69545e-03 2.68898e-03 2.67907e-03 2.66428e-03 2.64444e-03 2.62044e-03 2.59394e-03 2.56677e-03 2.54056e-03 2.51680e-03 2.49645e-03 2.47920e-03 2.46368e-03 2.44840e-03 2.43231e-03 2.41486e-03 2.39584e-03 2.37527e-03 2.35332e-03 2.33031e-03 2.30661e-03 2.28265e-03 2.25884e-03 2.23559e-03 2.21325e-03 2.19213e-03 2.17245e-03 2.15440e-03 2.13809e-03 2.12358e-03 2.11090e-03 2.10004e-03 2.09097e-03 2.08375e-03 2.07862e-03 2.07626e-03 2.07797e-03 2.08578e-03 2.10210e-03 2.12891e-03 2.16665e-03 2.21339e-03 2.26492e-03 2.31559e-03 2.35962e-03 2.39209e-03 2.40942e-03 2.40948e-03 2.39156e-03 2.35667e-03 2.30778e-03 2.24990e-03 2.18956e-03 2.13343e-03 2.08687e-03 2.05269e-03 2.03088e-03 2.01890e-03 2.01240e-03 2.00612e-03 1.99493e-03 1.97500e-03 1.94466e-03 1.90453e-03 1.85692e-03 1.80480e-03 1.75081e-03 1.69663e-03 1.64294e-03 1.58994e-03 1.53810e-03 1.48849e-03 1.44247e-03 1.40093e-03 1.36397e-03 1.33107e-03 1.30154e-03 1.27463e-03 1.24955e-03 1.22551e-03 1.20188e-03 1.17825e-03 1.15443e-03 1.13044e-03 1.10644e-03 1.08264e-03 1.05932e-03 1.03678e-03 1.01527e-03 9.95042e-04 9.76252e-04 9.58993e-04 9.43264e-04 9.28985e-04 9.16013e-04 9.04175e-04 8.93292e-04 8.83207e-04 8.73789e-04 8.64924e-04 8.56501e-04 8.48401e-04 8.40502e-04 8.32689e-04 8.24860e-04 8.16926e-04 8.08797e-04 8.00395e-04 7.91659e-04 7.82511e-04 7.72796e-04 7.62229e-04 7.50435e-04 7.37113e-04 7.22221e-04 7.06021e-04 6.88984e-04 6.71628e-04 6.54401e-04 6.37617e-04 6.21433e-04 6.05875e-04 5.90900e-04 5.76473e-04 5.62604e-04 5.49340e-04 5.36720e-04 5.24745e-04 5.13365e-04 5.02490e-04 4.92011e-04 4.81808e-04 4.71775e-04 4.61855e-04 4.52087e-04 4.42643e-04 4.33762e-04 4.25578e-04 4.18058e-04 4.11199e-04 4.05211e-04 4.00319e-04 3.96469e-04 3.93322e-04 3.90478e-04 3.87649e-04 3.84675e-04 3.81487e-04 3.78076e-04 3.74466e-04 3.70677e-04 3.66701e-04 3.62494e-04 3.57980e-04 3.53065e-04 3.47640e-04 3.41593e-04 3.34815e-04 3.27207e-04 3.18681e-04 3.09169e-04 2.98628e-04 2.87048e-04 2.74458e-04 2.60934e-04 2.46600e-04 2.31617e-04 2.16172e-04 2.00457e-04 1.84656e-04 1.68930e-04 1.53415e-04 1.38219e-04 1.23429e-04 1.09116e-04 9.53381e-05 8.21563e-05 6.96405e-05 5.78782e-05 4.69764e-05 3.70571e-05 2.82467e-05 2.06596e-05 1.43770e-05 9.42441e-06 5.75231e-06 3.22674e-06 1.63875e-06 7.39661e-07 2.89917e-07 9.66061e-08 2.74418e-08 6.86912e-09 1.43236e-09 1.75265e-10 4.09321e-12
4.096059 1.03852e-02 1.66472e-02 1.29537e-02 9.67376e-03 7.21822e-03 5.59411e-03 4.61606e-03 4.06395e-03 3.76598e-03 3.60703e-03 3.51351e-03 3.44073e-03 3.36558e-03 3.28124e-03 3.19270e-03 3.11246e-03 3.05541e-03 3.03284e-03 3.04715e-03 3.09061e-03 3.14893e-03 3.20727e-03 3.25463e-03 3.28569e-03 3.30128e-03 3.30665e-03 3.30575e-03 3.29547e-03 3.26868e-03 3.22432e-03 3.17160e-03 3.12354e-03 3.08869e-03 3.06821e-03 3.05769e-03 3.05044e-03 3.04078e-03 3.02637e-03 3.00829e-03 2.98929e-03 2.97189e-03 2.95762e-03 2.94742e-03 2.94201e-03 2.94178e-03 2.94641e-03 2.95445e-03 2.96313e-03 2.96852e-03 2.96630e-03 2.95221e-03 2.92277e-03 2.87790e-03 2.82414e-03 2.77293e-03 2.73374e-03 2.70887e-03 2.69460e-03 2.68596e-03 2.67944e-03 2.67283e-03 2.66439e-03 2.65290e-03 2.63796e-03 2.62004e-03 2.60023e-03 2.58001e-03 2.56107e-03 2.54512e-03 2.53307e-03 2.52436e-03 2.51738e-03 2.51043e-03 2.50218e-03 2.49184e-03 2.47904e-03 2.46369e-03 2.44592e-03 2.42596e-03 2.40419e-03 2.38105e-03 2.35702e-03 2.33260e-03 2.30822e-03 2.28426e-03 2.26098e-03 2.23854e-03 2.21702e-03 2.19643e-03 2.17676e-03 2.15804e-03 2.14035e-03 2.12385e-03 2.10890e-03 2.09615e-03 2.08680e-03 2.08276e-03 2.08664e-03 2.10133e-03 2.12892e-03 2.16948e-03 2.22033e-03 2.27626e-03 2.33069e-03 2.37721e-03 2.41075e-03 2.42823e-03 2.42854e-03 2.41235e-03 2.38189e-03 2.34092e-03 2.29468e-03 2.24944e-03 2.21117e-03 2.18352e-03 2.16619e-03 2.15493e-03 2.14334e-03 2.12535e-03 2.09712e-03 2.05761e-03 2.00818e-03 1.95162e-03 1.89119e-03 1.82972e-03 1.76893e-03 1.70939e-03 1.65088e-03 1.59323e-03 1.53679e-03 1.48254e-03 1.43159e-03 1.38480e-03 1.34265e-03 1.30534e-03 1.27290e-03 1.24509e-03 1.22121e-03 1.20023e-03 1.18104e-03 1.16271e-03 1.14459e-03 1.12634e-03 1.10781e-03 1.08901e-03 1.07001e-03 1.05096e-03 1.03207e-03 1.01354e-03 9.95600e-04 9.78457e-04 9.62265e-04 9.47127e-04 9.33084e-04 9.20118e-04 9.08155e-04 8.97074e-04 8.86720e-04 8.76920e-04 8.67502e-04 8.58312e-04 8.49232e-04 8.40178e-04 8.31094e-04 8.21938e-04 8.12669e-04 8.03244e-04 7.93628e-04 7.83798e-04 7.73732e-04 7.63391e-04 7.52720e-04 7.41669e-04 7.30188e-04 7.18154e-04 7.05337e-04 6.91500e-04 6.76558e-04 6.60641e-04 6.44039e-04 6.27103e-04 6.10182e-04 5.93596e-04 5.77629e-04 5.62532e-04 5.48498e-04 5.35636e-04 5.23934e-04 5.13237e-04 5.03263e-04 4.93663e-04 4.84123e-04 4.74455e-04 4.64673e-04 4.55021e-04 4.45867e-04 4.37472e-04 4.29869e-04 4.23072e-04 4.17225e-04 4.12401e-04 4.08391e-04 4.04811e-04 4.01304e-04 3.97619e-04 3.93603e-04 3.89203e-04 3.84465e-04 3.79484e-04 3.74359e-04 3.69158e-04 3.63906e-04 3.58589e-04 3.53161e-04 3.47546e-04 3.41649e-04 3.35359e-04 3.28558e-04 3.21125e-04 3.12943e-04 3.03907e-04 2.93927e-04 2.82942e-04 2.70930e-04 2.57921e-04 2.44004e-04 2.29332e-04 2.14104e-04 1.98553e-04 1.82911e-04 1.67390e-04 1.52164e-04 1.37366e-04 1.23088e-04 1.09389e-04 9.63038e-05 8.38530e-05 7.20562e-05 6.09423e-05 5.05569e-05 4.09651e-05 3.22489e-05 2.45001e-05 1.78076e-05 1.22440e-05 7.84974e-06 4.61036e-06 2.42945e-06 1.12123e-06 4.41429e-07 1.45130e-07 3.99659e-08 9.56327e-09 1.92208e-09 2.32669e-10 5.44679e-12
4.195963 1.13857e-02 1.72777e-02 1.28214e-02 9.48103e-03 7.18033e-03 5.64104e-03 4.66173e-03 4.06833e-03 3.72166e-03 3.51965e-03 3.39288e-03 3.29891e-03 3.21713e-03 3.14389e-03 3.08668e-03 3.05671e-03 3.06079e-03 3.09603e-03 3.15139e-03 3.21516e-03 3.28090e-03 3.34404e-03 3.39451e-03 3.41832e-03 3.40852e-03 3.37147e-03 3.32172e-03 3.27295e-03 3.23306e-03 3.20410e-03 3.18437e-03 3.17055e-03 3.15902e-03 3.14631e-03 3.12975e-03 3.10848e-03 3.08394e-03 3.05893e-03 3.03605e-03 3.01697e-03 3.00249e-03 2.99292e-03 2.98805e-03 2.98717e-03 2.98914e-03 2.99252e-03 2.99546e-03 2.99477e-03 2.98502e-03 2.95982e-03 2.91676e-03 2.86113e-03 2.80305e-03 2.75110e-03 2.70925e-03 2.67817e-03 2.65708e-03 2.64441e-03 2.63789e-03 2.63483e-03 2.63283e-03 2.63024e-03 2.62606e-03 2.61973e-03 2.61105e-03 2.60045e-03 2.58929e-03 2.57958e-03 2.57300e-03 2.56987e-03 2.56914e-03 2.56899e-03 2.56760e-03 2.56361e-03 2.55628e-03 2.54537e-03 2.53093e-03 2.51322e-03 2.49263e-03 2.46966e-03 2.44482e-03 2.41859e-03 2.39135e-03 2.36341e-03 2.33496e-03 2.30618e-03 2.27727e-03 2.24855e-03 2.22052e-03 2.19380e-03 2.16909e-03 2.14705e-03 2.12823e-03 2.11321e-03 2.10268e-03 2.09765e-03 2.09938e-03 2.10930e-03 2.12848e-03 2.15697e-03 2.19332e-03 2.23454e-03 2.27676e-03 2.31612e-03 2.34963e-03 2.37551e-03 2.39318e-03 2.40288e-03 2.40513e-03 2.40029e-03 2.38836e-03 2.36932e-03 2.34384e-03 2.31377e-03 2.28163e-03 2.24924e-03 2.21636e-03 2.18080e-03 2.13994e-03 2.09238e-03 2.03853e-03 1.98014e-03 1.91960e-03 1.85917e-03 1.80020e-03 1.74261e-03 1.68530e-03 1.62739e-03 1.56911e-03 1.51162e-03 1.45622e-03 1.40371e-03 1.35459e-03 1.30943e-03 1.26897e-03 1.23376e-03 1.20377e-03 1.17835e-03 1.15646e-03 1.13697e-03 1.11899e-03 1.10201e-03 1.08577e-03 1.07025e-03 1.05548e-03 1.04147e-03 1.02818e-03 1.01552e-03 1.00332e-03 9.91398e-04 9.79552e-04 9.67615e-04 9.55478e-04 9.43111e-04 9.30561e-04 9.17933e-04 9.05368e-04 8.93005e-04 8.80952e-04 8.69265e-04 8.57933e-04 8.46884e-04 8.35994e-04 8.25114e-04 8.14102e-04 8.02867e-04 7.91397e-04 7.79774e-04 7.68158e-04 7.56740e-04 7.45671e-04 7.35008e-04 7.24667e-04 7.14431e-04 7.04004e-04 6.93103e-04 6.81483e-04 6.68933e-04 6.55336e-04 6.40718e-04 6.25211e-04 6.09015e-04 5.92436e-04 5.75922e-04 5.60013e-04 5.45207e-04 5.31812e-04 5.19852e-04 5.09088e-04 4.99131e-04 4.89578e-04 4.80101e-04 4.70518e-04 4.60867e-04 4.51384e-04 4.42320e-04 4.33791e-04 4.25919e-04 4.18955e-04 4.13084e-04 4.08222e-04 4.04072e-04 4.00262e-04 3.96422e-04 3.92262e-04 3.87640e-04 3.82556e-04 3.77092e-04 3.71346e-04 3.65398e-04 3.59303e-04 3.53098e-04 3.46801e-04 3.40419e-04 3.33940e-04 3.27335e-04 3.20551e-04 3.13512e-04 3.06114e-04 2.98230e-04 2.89718e-04 2.80437e-04 2.70259e-04 2.59097e-04 2.46924e-04 2.33794e-04 2.19843e-04 2.05281e-04 1.90360e-04 1.75342e-04 1.60465e-04 1.45920e-04 1.31847e-04 1.18333e-04 1.05427e-04 9.31458e-05 8.14927e-05 7.04673e-05 6.00773e-05 5.03444e-05 4.13070e-05 3.30210e-05 2.55583e-05 1.89980e-05 1.34145e-05 8.86508e-06 5.37768e-06 2.92401e-06 1.38698e-06 5.58412e-07 1.87228e-07 5.27127e-08 1.29431e-08 2.65382e-09 3.24510e-10 7.63748e-12
4.295867 1.23752e-02 1.88996e-02 1.38996e-02 9.98167e-03 7.36593e-03 5.70162e-03 4.66768e-03 4.03422e-03 3.64834e-03 3.41092e-03 3.25971e-03 3.15806e-03 3.08720e-03 3.04112e-03 3.02345e-03 3.04356e-03 3.10744e-03 3.20616e-03 3.31414e-03 3.40227e-03 3.45353e-03 3.46716e-03 3.45224e-03 3.42041e-03 3.38233e-03 3.34628e-03 3.31697e-03 3.29498e-03 3.27768e-03 3.26161e-03 3.24431e-03 3.22471e-03 3.20229e-03 3.17688e-03 3.14913e-03 3.12081e-03 3.09413e-03 3.07080e-03 3.05155e-03 3.03618e-03 3.02400e-03 3.01428e-03 3.00657e-03 3.00064e-03 2.99574e-03 2.98918e-03 2.97548e-03 2.94856e-03 2.90689e-03 2.85581e-03 2.80341e-03 2.75488e-03 2.71142e-03 2.67292e-03 2.64019e-03 2.61520e-03 2.59949e-03 2.59250e-03 2.59154e-03 2.59348e-03 2.59635e-03 2.59945e-03 2.60262e-03 2.60549e-03 2.60742e-03 2.60789e-03 2.60722e-03 2.60646e-03 2.60676e-03 2.60836e-03 2.61026e-03 2.61060e-03 2.60754e-03 2.59993e-03 2.58743e-03 2.57027e-03 2.54906e-03 2.52467e-03 2.49797e-03 2.46955e-03 2.43967e-03 2.40836e-03 2.37576e-03 2.34228e-03 2.30866e-03 2.27582e-03 2.24476e-03 2.21643e-03 2.19173e-03 2.17144e-03 2.15594e-03 2.14498e-03 2.13767e-03 2.13284e-03 2.12969e-03 2.12834e-03 2.13004e-03 2.13670e-03 2.15004e-03 2.17073e-03 2.19793e-03 2.22961e-03 2.26322e-03 2.29635e-03 2.32713e-03 2.35425e-03 2.37679e-03 2.39400e-03 2.40505e-03 2.40890e-03 2.40415e-03 2.38925e-03 2.36311e-03 2.32610e-03 2.28083e-03 2.23166e-03 2.18282e-03 2.13633e-03 2.09135e-03 2.04561e-03 1.99724e-03 1.94589e-03 1.89265e-03 1.83934e-03 1.78723e-03 1.73613e-03 1.68468e-03 1.63191e-03 1.57817e-03 1.52473e-03 1.47278e-03 1.42291e-03 1.37554e-03 1.33127e-03 1.29079e-03 1.25452e-03 1.22239e-03 1.19385e-03 1.16804e-03 1.14407e-03 1.12125e-03 1.09924e-03 1.07800e-03 1.05770e-03 1.03861e-03 1.02094e-03 1.00482e-03 9.90277e-04 9.77248e-04 9.65586e-04 9.55093e-04 9.45537e-04 9.36659e-04 9.28182e-04 9.19820e-04 9.11296e-04 9.02364e-04 8.92845e-04 8.82641e-04 8.71743e-04 8.60210e-04 8.48125e-04 8.35561e-04 8.22556e-04 8.09129e-04 7.95310e-04 7.81185e-04 7.66909e-04 7.52702e-04 7.38823e-04 7.25540e-04 7.13108e-04 7.01735e-04 6.91522e-04 6.82374e-04 6.73909e-04 6.65480e-04 6.56361e-04 6.45943e-04 6.33838e-04 6.19981e-04 6.04732e-04 5.88760e-04 5.72740e-04 5.57162e-04 5.42308e-04 5.28297e-04 5.15140e-04 5.02810e-04 4.91262e-04 4.80397e-04 4.70057e-04 4.60106e-04 4.50509e-04 4.41255e-04 4.32254e-04 4.23460e-04 4.15068e-04 4.07419e-04 4.00736e-04 3.95015e-04 3.90032e-04 3.85438e-04 3.80889e-04 3.76159e-04 3.71152e-04 3.65854e-04 3.60273e-04 3.54421e-04 3.48304e-04 3.41934e-04 3.35332e-04 3.28529e-04 3.21569e-04 3.14498e-04 3.07360e-04 3.00183e-04 2.92966e-04 2.85670e-04 2.78209e-04 2.70450e-04 2.62220e-04 2.53332e-04 2.43613e-04 2.32946e-04 2.21303e-04 2.08760e-04 1.95495e-04 1.81755e-04 1.67810e-04 1.53915e-04 1.40273e-04 1.27034e-04 1.14287e-04 1.02080e-04 9.04301e-05 7.93418e-05 6.88214e-05 5.88855e-05 4.95624e-05 4.08899e-05 3.29149e-05 2.56958e-05 1.93022e-05 1.38062e-05 9.26795e-06 5.72497e-06 3.17366e-06 1.53460e-06 6.30226e-07 2.16925e-07 6.37827e-08 1.66531e-08 3.60296e-09 4.53675e-10 1.08221e-11
4.395771 1.13863e-02 1.79985e-02 1.37663e-02 1.01996e-02 7.59273e-03 5.82926e-03 4.71069e-03 4.02598e-03 3.60987e-03 3.35483e-03 3.19783e-03 3.10627e-03 3.06744e-03 3.07593e-03 3.12273e-03 3.19396e-03 3.27572e-03 3.35656e-03 3.42659e-03 3.47729e-03 3.50351e-03 3.50530e-03 3.48809e-03 3.46070e-03 3.43176e-03 3.40629e-03 3.38453e-03 3.36374e-03 3.34120e-03 3.31610e-03 3.28902e-03 3.26069e-03 3.23148e-03 3.20192e-03 3.17312e-03 3.14636e-03 3.12235e-03 3.10095e-03 3.08146e-03 3.06314e-03 3.04573e-03 3.02929e-03 3.01331e-03 2.99519e-03 2.96988e-03 2.93269e-03 2.88414e-03 2.83102e-03 2.78134e-03 2.73910e-03 2.70374e-03 2.67292e-03 2.64497e-03 2.61986e-03 2.59886e-03 2.58342e-03 2.57384e-03 2.56900e-03 2.56740e-03 2.56825e-03 2.57159e-03 2.57758e-03 2.58572e-03 2.59480e-03 2.60332e-03 2.61009e-03 2.61463e-03 2.61721e-03 2.61840e-03 2.61818e-03 2.61543e-03 2.60847e-03 2.59621e-03 2.57883e-03 2.55746e-03 2.53340e-03 2.50716e-03 2.47846e-03 2.44709e-03 2.41352e-03 2.37884e-03 2.34443e-03 2.31178e-03 2.28224e-03 2.25689e-03 2.23627e-03 2.22027e-03 2.20816e-03 2.19896e-03 2.19180e-03 2.18606e-03 2.18135e-03 2.17738e-03 2.17404e-03 2.17160e-03 2.17087e-03 2.17315e-03 2.17978e-03 2.19156e-03 2.20832e-03 2.22898e-03 2.25183e-03 2.27507e-03 2.29709e-03 2.31669e-03 2.33298e-03 2.34536e-03 2.35328e-03 2.35622e-03 2.35348e-03 2.34415e-03 2.32703e-03 2.30088e-03 2.26506e-03 2.22047e-03 2.17033e-03 2.11972e-03 2.07339e-03 2.03337e-03 1.99813e-03 1.96420e-03 1.92858e-03 1.89003e-03 1.84867e-03 1.80485e-03 1.75827e-03 1.70829e-03 1.65498e-03 1.59964e-03 1.54422e-03 1.49050e-03 1.43980e-03 1.39320e-03 1.35153e-03 1.31511e-03 1.28363e-03 1.25630e-03 1.23203e-03 1.20962e-03 1.18797e-03 1.16626e-03 1.14407e-03 1.12135e-03 1.09836e-03 1.07548e-03 1.05311e-03 1.03161e-03 1.01120e-03 9.92012e-04 9.74098e-04 9.57429e-04 9.41939e-04 9.27538e-04 9.14135e-04 9.01650e-04 8.90023e-04 8.79205e-04 8.69138e-04 8.59723e-04 8.50779e-04 8.42024e-04 8.33093e-04 8.23595e-04 8.13210e-04 8.01785e-04 7.89374e-04 7.76207e-04 7.62607e-04 7.48885e-04 7.35292e-04 7.22006e-04 7.09159e-04 6.96856e-04 6.85175e-04 6.74149e-04 6.63742e-04 6.53810e-04 6.44029e-04 6.33831e-04 6.22520e-04 6.09603e-04 5.95069e-04 5.79424e-04 5.63541e-04 5.48293e-04 5.34103e-04 5.20804e-04 5.07939e-04 4.95166e-04 4.82430e-04 4.69902e-04 4.57841e-04 4.46501e-04 4.36032e-04 4.26348e-04 4.17187e-04 4.08384e-04 3.99989e-04 3.92126e-04 3.84837e-04 3.78044e-04 3.71614e-04 3.65441e-04 3.59499e-04 3.53799e-04 3.48323e-04 3.42989e-04 3.37667e-04 3.32221e-04 3.26542e-04 3.20560e-04 3.14249e-04 3.07622e-04 3.00725e-04 2.93630e-04 2.86427e-04 2.79205e-04 2.72037e-04 2.64958e-04 2.57951e-04 2.50934e-04 2.43763e-04 2.36236e-04 2.28134e-04 2.19258e-04 2.09478e-04 1.98775e-04 1.87246e-04 1.75085e-04 1.62536e-04 1.49846e-04 1.37225e-04 1.24825e-04 1.12745e-04 1.01041e-04 8.97415e-05 7.88749e-05 6.84808e-05 5.86166e-05 4.93494e-05 4.07434e-05 3.28526e-05 2.57252e-05 1.94134e-05 1.39744e-05 9.46072e-06 5.90735e-06 3.31638e-06 1.62593e-06 6.78560e-07 2.39339e-07 7.35300e-08 2.04398e-08 4.67335e-09 6.07881e-10 1.47369e-11
4.495674 1.31488e-02 1.96592e-02 1.42963e-02 1.03145e-02 7.62752e-03 5.85992e-03 4.74202e-03 4.05754e-03 3.65152e-03 3.42282e-03 3.30216e-03 3.23981e-03 3.20698e-03 3.19638e-03 3.21270e-03 3.25877e-03 3.32779e-03 3.40470e-03 3.47260e-03 3.51896e-03 3.53907e-03 3.53606e-03 3.51823e-03 3.49459e-03 3.47083e-03 3.44796e-03 3.42402e-03 3.39717e-03 3.36754e-03 3.33677e-03 3.30636e-03 3.27680e-03 3.24800e-03 3.21994e-03 3.19272e-03 3.16632e-03 3.14048e-03 3.11481e-03 3.08908e-03 3.06310e-03 3.03608e-03 3.00544e-03 2.96689e-03 2.91733e-03 2.85898e-03 2.79929e-03 2.74611e-03 2.70327e-03 2.67044e-03 2.64528e-03 2.62520e-03 2.60821e-03 2.59332e-03 2.58041e-03 2.56943e-03 2.55962e-03 2.54971e-03 2.53912e-03 2.52899e-03 2.52147e-03 2.51812e-03 2.51904e-03 2.52316e-03 2.52908e-03 2.53561e-03 2.54212e-03 2.54844e-03 2.55437e-03 2.55860e-03 2.55845e-03 2.55153e-03 2.53805e-03 2.52014e-03 2.49893e-03 2.47444e-03 2.44711e-03 2.41819e-03 2.38922e-03 2.36174e-03 2.33698e-03 2.31564e-03 2.29774e-03 2.28285e-03 2.27042e-03 2.26012e-03 2.25185e-03 2.24565e-03 2.24146e-03 2.23893e-03 2.23736e-03 2.23576e-03 2.23305e-03 2.22844e-03 2.22183e-03 2.21403e-03 2.20664e-03 2.20151e-03 2.20003e-03 2.20270e-03 2.20901e-03 2.21776e-03 2.22746e-03 2.23674e-03 2.24457e-03 2.25028e-03 2.25348e-03 2.25395e-03 2.25148e-03 2.24583e-03 2.23675e-03 2.22408e-03 2.20800e-03 2.18928e-03 2.16931e-03 2.14999e-03 2.13323e-03 2.11958e-03 2.10651e-03 2.08836e-03 2.05936e-03 2.01680e-03 1.96182e-03 1.89809e-03 1.82974e-03 1.76014e-03 1.69149e-03 1.62512e-03 1.56200e-03 1.50297e-03 1.44862e-03 1.39910e-03 1.35449e-03 1.31508e-03 1.28131e-03 1.25350e-03 1.23159e-03 1.21510e-03 1.20311e-03 1.19431e-03 1.18716e-03 1.18013e-03 1.17191e-03 1.16158e-03 1.14862e-03 1.13288e-03 1.11445e-03 1.09367e-03 1.07108e-03 1.04737e-03 1.02332e-03 9.99693e-04 9.77167e-04 9.56226e-04 9.37132e-04 9.19920e-04 9.04441e-04 8.90408e-04 8.77453e-04 8.65169e-04 8.53152e-04 8.41061e-04 8.28693e-04 8.16045e-04 8.03308e-04 7.90759e-04 7.78618e-04 7.66938e-04 7.55606e-04 7.44414e-04 7.33160e-04 7.21718e-04 7.10061e-04 6.98244e-04 6.86343e-04 6.74382e-04 6.62268e-04 6.49780e-04 6.36648e-04 6.22669e-04 6.07819e-04 5.92286e-04 5.76416e-04 5.60624e-04 5.45251e-04 5.30419e-04 5.16102e-04 5.02317e-04 4.89139e-04 4.76524e-04 4.64229e-04 4.51959e-04 4.39625e-04 4.27462e-04 4.15848e-04 4.05041e-04 3.95139e-04 3.86178e-04 3.78081e-04 3.70569e-04 3.63218e-04 3.55663e-04 3.47810e-04 3.39894e-04 3.32329e-04 3.25458e-04 3.19399e-04 3.14048e-04 3.09161e-04 3.04459e-04 2.99694e-04 2.94678e-04 2.89294e-04 2.83500e-04 2.77315e-04 2.70814e-04 2.64104e-04 2.57313e-04 2.50556e-04 2.43925e-04 2.37457e-04 2.31129e-04 2.24845e-04 2.18444e-04 2.11716e-04 2.04442e-04 1.96439e-04 1.87605e-04 1.77945e-04 1.67570e-04 1.56658e-04 1.45410e-04 1.34012e-04 1.22605e-04 1.11285e-04 1.00108e-04 8.91201e-05 7.83781e-05 6.79721e-05 5.80249e-05 4.86714e-05 4.00288e-05 3.21764e-05 2.51568e-05 1.89946e-05 1.37133e-05 9.33672e-06 5.88086e-06 3.34036e-06 1.66126e-06 7.05450e-07 2.54921e-07 8.13478e-08 2.37583e-08 5.66931e-09 7.57611e-10 1.86346e-11
4.595578 1.41660e-02 2.17113e-02 1.58691e-02 1.11622e-02 8.01972e-03 6.08608e-03 4.95527e-03 4.30779e-03 3.92978e-03 3.68913e-03 3.51517e-03 3.38290e-03 3.29289e-03 3.25139e-03 3.25790e-03 3.30208e-03 3.36678e-03 3.43352e-03 3.48748e-03 3.52061e-03 3.53235e-03 3.52791e-03 3.51464e-03 3.49836e-03 3.48125e-03 3.46232e-03 3.43978e-03 3.41331e-03 3.38449e-03 3.35549e-03 3.32761e-03 3.30077e-03 3.27417e-03 3.24689e-03 3.21829e-03 3.18812e-03 3.15647e-03 3.12344e-03 3.08845e-03 3.04940e-03 3.00269e-03 2.94568e-03 2.88025e-03 2.81325e-03 2.75258e-03 2.70287e-03 2.66472e-03 2.63648e-03 2.61594e-03 2.60101e-03 2.58987e-03 2.58101e-03 2.57335e-03 2.56569e-03 2.55615e-03 2.54229e-03 2.52272e-03 2.49869e-03 2.47369e-03 2.45149e-03 2.43460e-03 2.42405e-03 2.41979e-03 2.42121e-03 2.42736e-03 2.43677e-03 2.44703e-03 2.45472e-03 2.45706e-03 2.45399e-03 2.44730e-03 2.43802e-03 2.42655e-03 2.41371e-03 2.40075e-03 2.38871e-03 2.37798e-03 2.36837e-03 2.35954e-03 2.35145e-03 2.34434e-03 2.33857e-03 2.33433e-03 2.33153e-03 2.32972e-03 2.32812e-03 2.32577e-03 2.32163e-03 2.31475e-03 2.30445e-03 2.29051e-03 2.27332e-03 2.25389e-03 2.23382e-03 2.21488e-03 2.19865e-03 2.18612e-03 2.17741e-03 2.17194e-03 2.16865e-03 2.16638e-03 2.16416e-03 2.16135e-03 2.15780e-03 2.15399e-03 2.15129e-03 2.15197e-03 2.15857e-03 2.17235e-03 2.19163e-03 2.21151e-03 2.22585e-03 2.23018e-03 2.22322e-03 2.20494e-03 2.17407e-03 2.13043e-03 2.07726e-03 2.01877e-03 1.95729e-03 1.89279e-03 1.82427e-03 1.75226e-03 1.68057e-03 1.61515e-03 1.56066e-03 1.51705e-03 1.47960e-03 1.44221e-03 1.40111e-03 1.35624e-03 1.31032e-03 1.26689e-03 1.22871e-03 1.19718e-03 1.17261e-03 1.15468e-03 1.14272e-03 1.13583e-03 1.13292e-03 1.13280e-03 1.13426e-03 1.13611e-03 1.13730e-03 1.13694e-03 1.13434e-03 1.12896e-03 1.12042e-03 1.10843e-03 1.09292e-03 1.07411e-03 1.05256e-03 1.02921e-03 1.00518e-03 9.81649e-04 9.59555e-04 9.39494e-04 9.21656e-04 9.05887e-04 8.91828e-04 8.79072e-04 8.67255e-04 8.56034e-04 8.45008e-04 8.33716e-04 8.21734e-04 8.08806e-04 7.94897e-04 7.80165e-04 7.64899e-04 7.49451e-04 7.34133e-04 7.19116e-04 7.04344e-04 6.89525e-04 6.74199e-04 6.57901e-04 6.40350e-04 6.21614e-04 6.02180e-04 5.82874e-04 5.64545e-04 5.47639e-04 5.31966e-04 5.16940e-04 5.02078e-04 4.87270e-04 4.72707e-04 4.58673e-04 4.45377e-04 4.32858e-04 4.21010e-04 4.09661e-04 3.98647e-04 3.87959e-04 3.77844e-04 3.68629e-04 3.60366e-04 3.52637e-04 3.44764e-04 3.36253e-04 3.27111e-04 3.17786e-04 3.08882e-04 3.00882e-04 2.94031e-04 2.88325e-04 2.83568e-04 2.79442e-04 2.75590e-04 2.71686e-04 2.67480e-04 2.62826e-04 2.57676e-04 2.52076e-04 2.46133e-04 2.39989e-04 2.33791e-04 2.27663e-04 2.21687e-04 2.15881e-04 2.10199e-04 2.04527e-04 1.98696e-04 1.92513e-04 1.85793e-04 1.78400e-04 1.70274e-04 1.61443e-04 1.52004e-04 1.42090e-04 1.31834e-04 1.21346e-04 1.10701e-04 9.99523e-05 8.91516e-05 7.83853e-05 6.77977e-05 5.75876e-05 4.79750e-05 3.91502e-05 3.12356e-05 2.42779e-05 1.82719e-05 1.31937e-05 9.02051e-06 5.73176e-06 3.30088e-06 1.67254e-06 7.26775e-07 2.69962e-07 8.90086e-08 2.69080e-08 6.60954e-09 9.01292e-10 2.24294e-11
4.695482 1.35884e-02 2.11275e-02 1.58598e-02 1.15889e-02 8.59484e-03 6.66824e-03 5.50918e-03 4.80275e-03 4.32852e-03 3.97761e-03 3.71223e-03 3.52330e-03 3.40618e-03 3.35199e-03 3.34683e-03 3.37389e-03 3.41622e-03 3.45941e-03 3.49369e-03 3.51493e-03 3.52403e-03 3.52481e-03 3.52141e-03 3.51614e-03 3.50879e-03 3.49764e-03 3.48140e-03 3.46051e-03 3.43695e-03 3.41279e-03 3.38898e-03 3.36508e-03 3.33978e-03 3.31175e-03 3.28020e-03 3.24493e-03 3.20580e-03 3.16169e-03 3.11013e-03 3.04877e-03 2.97853e-03 2.90488e-03 2.83541e-03 2.77574e-03 2.72776e-03 2.69056e-03 2.66206e-03 2.64021e-03 2.62324e-03 2.60977e-03 2.59865e-03 2.58889e-03 2.57929e-03 2.56777e-03 2.55138e-03 2.52756e-03 2.49618e-03 2.46000e-03 2.42316e-03 2.38963e-03 2.36242e-03 2.34336e-03 2.33272e-03 2.32877e-03 2.32843e-03 2.32954e-03 2.33224e-03 2.33812e-03 2.34841e-03 2.36264e-03 2.37866e-03 2.39395e-03 2.40695e-03 2.41727e-03 2.42530e-03 2.43169e-03 2.43700e-03 2.44153e-03 2.44537e-03 2.44844e-03 2.45053e-03 2.45131e-03 2.45026e-03 2.44664e-03 2.43961e-03 2.42849e-03 2.41297e-03 2.39319e-03 2.36967e-03 2.34310e-03 2.31421e-03 2.28379e-03 2.25276e-03 2.22213e-03 2.19295e-03 2.16616e-03 2.14267e-03 2.12353e-03 2.11022e-03 2.10445e-03 2.10736e-03 2.11843e-03 2.13498e-03 2.15277e-03 2.16741e-03 2.17567e-03 2.17624e-03 2.16988e-03 2.15922e-03 2.14820e-03 2.14060e-03 2.13682e-03 2.13137e-03 2.11642e-03 2.08721e-03 2.04306e-03 1.98677e-03 1.92341e-03 1.85867e-03 1.79735e-03 1.74190e-03 1.69169e-03 1.64401e-03 1.59633e-03 1.54836e-03 1.50260e-03 1.46235e-03 1.42862e-03 1.39856e-03 1.36724e-03 1.33146e-03 1.29182e-03 1.25162e-03 1.21427e-03 1.18186e-03 1.15519e-03 1.13424e-03 1.11855e-03 1.10736e-03 1.09981e-03 1.09508e-03 1.09247e-03 1.09146e-03 1.09152e-03 1.09210e-03 1.09254e-03 1.09226e-03 1.09082e-03 1.08808e-03 1.08407e-03 1.07886e-03 1.07241e-03 1.06451e-03 1.05484e-03 1.04305e-03 1.02895e-03 1.01268e-03 9.94744e-04 9.76094e-04 9.57857e-04 9.41031e-04 9.26189e-04 9.13396e-04 9.02345e-04 8.92569e-04 8.83581e-04 8.74906e-04 8.66037e-04 8.56365e-04 8.45181e-04 8.31793e-04 8.15692e-04 7.96669e-04 7.74776e-04 7.50230e-04 7.23390e-04 6.94816e-04 6.65315e-04 6.35910e-04 6.07749e-04 5.81876e-04 5.58913e-04 5.38860e-04 5.21210e-04 5.05235e-04 4.90214e-04 4.75582e-04 4.61061e-04 4.46686e-04 4.32690e-04 4.19393e-04 4.07106e-04 3.95979e-04 3.85900e-04 3.76610e-04 3.67878e-04 3.59497e-04 3.51151e-04 3.42442e-04 3.33119e-04 3.23248e-04 3.13130e-04 3.03133e-04 2.93604e-04 2.84870e-04 2.77212e-04 2.70794e-04 2.65598e-04 2.61416e-04 2.57902e-04 2.54658e-04 2.51324e-04 2.47635e-04 2.43449e-04 2.38742e-04 2.33586e-04 2.28113e-04 2.22478e-04 2.16825e-04 2.11260e-04 2.05832e-04 2.00526e-04 1.95266e-04 1.89925e-04 1.84344e-04 1.78366e-04 1.71859e-04 1.64742e-04 1.56994e-04 1.48647e-04 1.39765e-04 1.30422e-04 1.20679e-04 1.10578e-04 1.00151e-04 8.94490e-05 7.85785e-05 6.77308e-05 5.71760e-05 4.72177e-05 3.81255e-05 3.00758e-05 2.31321e-05 1.72675e-05 1.24107e-05 8.48443e-06 5.42122e-06 3.16106e-06 1.63424e-06 7.30147e-07 2.80607e-07 9.58898e-08 2.98675e-08 7.49325e-09 1.03722e-09 2.60532e-11
4.700093 1.37331e-02 2.12651e-02 1.59054e-02 1.16049e-02 8.61360e-03 6.69382e-03 5.53586e-03 4.82507e-03 4.34437e-03 3.98785e-03 3.71895e-03 3.52835e-03 3.41051e-03 3.35577e-03 3.34981e-03 3.37574e-03 3.41678e-03 3.45876e-03 3.49215e-03 3.51296e-03 3.52207e-03 3.52321e-03 3.52035e-03 3.51563e-03 3.50878e-03 3.49805e-03 3.48217e-03 3.46162e-03 3.43836e-03 3.41447e-03 3.39089e-03 3.36714e-03 3.34192e-03 3.31388e-03 3.28222e-03 3.24673e-03 3.20720e-03 3.16242e-03 3.10989e-03 3.04748e-03 2.97648e-03 2.90265e-03 2.83351e-03 2.77440e-03 2.72696e-03 2.69013e-03 2.66184e-03 2.64002e-03 2.62298e-03 2.60934e-03 2.59803e-03 2.58808e-03 2.57828e-03 2.56651e-03 2.54978e-03 2.52554e-03 2.49374e-03 2.45715e-03 2.41992e-03 2.38600e-03 2.35840e-03 2.33895e-03 2.32788e-03 2.32335e-03 2.32236e-03 2.32309e-03 2.32599e-03 2.33269e-03 2.34420e-03 2.35974e-03 2.37694e-03 2.39324e-03 2.40709e-03 2.41820e-03 2.42699e-03 2.43412e-03 2.44011e-03 2.44524e-03 2.44954e-03 2.45292e-03 2.45516e-03 2.45594e-03 2.45469e-03 2.45069e-03 2.44312e-03 2.43135e-03 2.41512e-03 2.39465e-03 2.37046e-03 2.34325e-03 2.31371e-03 2.28261e-03 2.25082e-03 2.21940e-03 2.18943e-03 2.16197e-03 2.13811e-03 2.11918e-03 2.10689e-03 2.10287e-03 2.10777e-03 2.12027e-03 2.13704e-03 2.15367e-03 2.16613e-03 2.17182e-03 2.17008e-03 2.16218e-03 2.15103e-03 2.14059e-03 2.13424e-03 2.13145e-03 2.12594e-03 2.11004e-03 2.07953e-03 2.03431e-03 1.97774e-03 1.91507e-03 1.85173e-03 1.79192e-03 1.73742e-03 1.68734e-03 1.63923e-03 1.59107e-03 1.54297e-03 1.49753e-03 1.45796e-03 1.42508e-03 1.39588e-03 1.36531e-03 1.33009e-03 1.29085e-03 1.25090e-03 1.21369e-03 1.18135e-03 1.15468e-03 1.13367e-03 1.11786e-03 1.10649e-03 1.09871e-03 1.09369e-03 1.09078e-03 1.08945e-03 1.08922e-03 1.08957e-03 1.08987e-03 1.08953e-03 1.08811e-03 1.08545e-03 1.08160e-03 1.07665e-03 1.07059e-03 1.06322e-03 1.05421e-03 1.04316e-03 1.02981e-03 1.01421e-03 9.96837e-04 9.78606e-04 9.60665e-04 9.44022e-04 9.29243e-04 9.16380e-04 9.05139e-04 8.95104e-04 8.85871e-04 8.77058e-04 8.68229e-04 8.58809e-04 8.48071e-04 8.35232e-04 8.19639e-04 8.00930e-04 7.79057e-04 7.54219e-04 7.26822e-04 6.97518e-04 6.67228e-04 6.37088e-04 6.08317e-04 5.81976e-04 5.58663e-04 5.38348e-04 5.20510e-04 5.04427e-04 4.89380e-04 4.74783e-04 4.60319e-04 4.45990e-04 4.32015e-04 4.18716e-04 4.06416e-04 3.95284e-04 3.85226e-04 3.75990e-04 3.67336e-04 3.59020e-04 3.50694e-04 3.41953e-04 3.32572e-04 3.22649e-04 3.12500e-04 3.02487e-04 2.92944e-04 2.84188e-04 2.76500e-04 2.70048e-04 2.64824e-04 2.60626e-04 2.57111e-04 2.53882e-04 2.50576e-04 2.46923e-04 2.42776e-04 2.38108e-04 2.32988e-04 2.27547e-04 2.21940e-04 2.16311e-04 2.10765e-04 2.05355e-04 2.00065e-04 1.94821e-04 1.89498e-04 1.83939e-04 1.77987e-04 1.71512e-04 1.64433e-04 1.56728e-04 1.48425e-04 1.39587e-04 1.30285e-04 1.20577e-04 1.10504e-04 1.00096e-04 8.94038e-05 7.85351e-05 6.76825e-05 5.71189e-05 4.71513e-05 3.80524e-05 3.00012e-05 2.30618e-05 1.72068e-05 1.23631e-05 8.45081e-06 5.40047e-06 3.15045e-06 1.63020e-06 7.29302e-07 2.80758e-07 9.61112e-08 2.99773e-08 7.52721e-09 1.04253e-09 2.61963e-11
