# tg_mhd (CUDA FP32)  tgc_noslip_cond_n640_re2000_ramp0.2  N=640 Re=2000 h=4.91642043e-03 delta=2.23606798e-02 delta/h=4.548163 layers=320
# layer k: the nodes k cells from the nearest wall, i.e. the slab [(k-1/2)h, (k+1/2)h] ([0, h/2] for k = 0)
# row 'vol': each layer's share of the volume; then per probe: t and each layer's share of eps
# vol 4.687492e-03 9.330994e-03 9.272492e-03 9.214175e-03 9.156042e-03 9.098092e-03 9.040327e-03 8.982745e-03 8.925348e-03 8.868134e-03 8.811104e-03 8.754259e-03 8.697597e-03 8.641119e-03 8.584826e-03 8.528716e-03 8.472790e-03 8.417048e-03 8.361490e-03 8.306117e-03 8.250927e-03 8.195921e-03 8.141099e-03 8.086461e-03 8.032007e-03 7.977736e-03 7.923650e-03 7.869748e-03 7.816030e-03 7.762496e-03 7.709145e-03 7.655979e-03 7.602997e-03 7.550198e-03 7.497584e-03 7.445153e-03 7.392907e-03 7.340845e-03 7.288966e-03 7.237271e-03 7.185761e-03 7.134434e-03 7.083291e-03 7.032333e-03 6.981558e-03 6.930967e-03 6.880560e-03 6.830338e-03 6.780299e-03 6.730444e-03 6.680773e-03 6.631286e-03 6.581983e-03 6.532864e-03 6.483929e-03 6.435178e-03 6.386610e-03 6.338227e-03 6.290028e-03 6.242013e-03 6.194182e-03 6.146534e-03 6.099071e-03 6.051791e-03 6.004696e-03 5.957785e-03 5.911057e-03 5.864514e-03 5.818154e-03 5.771978e-03 5.725987e-03 5.680179e-03 5.634556e-03 5.589116e-03 5.543860e-03 5.498788e-03 5.453900e-03 5.409197e-03 5.364677e-03 5.320341e-03 5.276189e-03 5.232221e-03 5.188437e-03 5.144837e-03 5.101421e-03 5.058189e-03 5.015140e-03 4.972276e-03 4.929596e-03 4.887100e-03 4.844788e-03 4.802659e-03 4.760715e-03 4.718954e-03 4.677378e-03 4.635986e-03 4.594777e-03 4.553753e-03 4.512912e-03 4.472255e-03 4.431783e-03 4.391494e-03 4.351389e-03 4.311469e-03 4.271732e-03 4.232179e-03 4.192810e-03 4.153626e-03 4.114625e-03 4.075808e-03 4.037175e-03 3.998726e-03 3.960461e-03 3.922380e-03 3.884483e-03 3.846769e-03 3.809240e-03 3.771895e-03 3.734734e-03 3.697757e-03 3.660963e-03 3.624354e-03 3.587929e-03 3.551687e-03 3.515630e-03 3.479756e-03 3.444067e-03 3.408561e-03 3.373240e-03 3.338102e-03 3.303149e-03 3.268379e-03 3.233793e-03 3.199391e-03 3.165174e-03 3.131140e-03 3.097290e-03 3.063624e-03 3.030142e-03 2.996844e-03 2.963730e-03 2.930800e-03 2.898054e-03 2.865492e-03 2.833114e-03 2.800920e-03 2.768910e-03 2.737084e-03 2.705441e-03 2.673983e-03 2.642709e-03 2.611619e-03 2.580712e-03 2.549990e-03 2.519451e-03 2.489097e-03 2.458926e-03 2.428940e-03 2.399137e-03 2.369519e-03 2.340084e-03 2.310833e-03 2.281767e-03 2.252884e-03 2.224185e-03 2.195670e-03 2.167340e-03 2.139193e-03 2.111230e-03 2.083451e-03 2.055856e-03 2.028445e-03 2.001218e-03 1.974175e-03 1.947316e-03 1.920641e-03 1.894149e-03 1.867842e-03 1.841719e-03 1.815780e-03 1.790024e-03 1.764453e-03 1.739066e-03 1.713862e-03 1.688843e-03 1.664007e-03 1.639356e-03 1.614888e-03 1.590605e-03 1.566505e-03 1.542589e-03 1.518858e-03 1.495310e-03 1.471946e-03 1.448767e-03 1.425771e-03 1.402959e-03 1.380331e-03 1.357887e-03 1.335627e-03 1.313551e-03 1.291659e-03 1.269951e-03 1.248427e-03 1.227087e-03 1.205931e-03 1.184959e-03 1.164170e-03 1.143566e-03 1.123146e-03 1.102910e-03 1.082857e-03 1.062989e-03 1.043304e-03 1.023804e-03 1.004488e-03 9.853550e-04 9.664065e-04 9.476419e-04 9.290613e-04 9.106647e-04 8.924520e-04 8.744233e-04 8.565785e-04 8.389177e-04 8.214409e-04 8.041481e-04 7.870392e-04 7.701143e-04 7.533733e-04 7.368164e-04 7.204433e-04 7.042543e-04 6.882492e-04 6.724281e-04 6.567909e-04 6.413378e-04 6.260685e-04 6.109833e-04 5.960820e-04 5.813647e-04 5.668313e-04 5.524820e-04 5.383165e-04 5.243351e-04 5.105376e-04 4.969241e-04 4.834945e-04 4.702489e-04 4.571873e-04 4.443097e-04 4.316160e-04 4.191063e-04 4.067805e-04 3.946387e-04 3.826809e-04 3.709071e-04 3.593172e-04 3.479112e-04 3.366893e-04 3.256513e-04 3.147973e-04 3.041272e-04 2.936411e-04 2.833390e-04 2.732209e-04 2.632867e-04 2.535364e-04 2.439702e-04 2.345879e-04 2.253896e-04 2.163752e-04 2.075448e-04 1.988984e-04 1.904360e-04 1.821575e-04 1.740629e-04 1.661524e-04 1.584258e-04 1.508832e-04 1.435245e-04 1.363498e-04 1.293591e-04 1.225523e-04 1.159295e-04 1.094907e-04 1.032358e-04 9.716495e-05 9.127803e-05 8.557507e-05 8.005607e-05 7.472105e-05 6.956998e-05 6.460289e-05 5.981976e-05 5.522060e-05 5.080541e-05 4.657418e-05 4.252691e-05 3.866362e-05 3.498429e-05 3.148893e-05 2.817753e-05 2.505010e-05 2.210664e-05 1.934714e-05 1.677161e-05 1.438005e-05 1.217245e-05 1.014882e-05 8.309152e-06 6.653454e-06 5.181722e-06 3.893957e-06 2.790158e-06 1.870326e-06 1.134460e-06 5.825605e-07 2.146275e-07 3.066108e-08
0.000000 3.12989e-03 6.26029e-03 6.26177e-03 6.26417e-03 6.26745e-03 6.27155e-03 6.27642e-03 6.28200e-03 6.28825e-03 6.29510e-03 6.30251e-03 6.31043e-03 6.31879e-03 6.32756e-03 6.33667e-03 6.34608e-03 6.35573e-03 6.36558e-03 6.37557e-03 6.38565e-03 6.39578e-03 6.40591e-03 6.41599e-03 6.42598e-03 6.43582e-03 6.44548e-03 6.45491e-03 6.46407e-03 6.47291e-03 6.48140e-03 6.48950e-03 6.49717e-03 6.50437e-03 6.51107e-03 6.51724e-03 6.52284e-03 6.52783e-03 6.53221e-03 6.53592e-03 6.53895e-03 6.54128e-03 6.54287e-03 6.54371e-03 6.54378e-03 6.54306e-03 6.54153e-03 6.53918e-03 6.53599e-03 6.53195e-03 6.52705e-03 6.52128e-03 6.51464e-03 6.50711e-03 6.49870e-03 6.48941e-03 6.47922e-03 6.46814e-03 6.45618e-03 6.44334e-03 6.42962e-03 6.41502e-03 6.39956e-03 6.38325e-03 6.36609e-03 6.34809e-03 6.32928e-03 6.30965e-03 6.28923e-03 6.26803e-03 6.24608e-03 6.22337e-03 6.19994e-03 6.17581e-03 6.15098e-03 6.12549e-03 6.09935e-03 6.07259e-03 6.04522e-03 6.01727e-03 5.98876e-03 5.95972e-03 5.93016e-03 5.90012e-03 5.86961e-03 5.83865e-03 5.80727e-03 5.77549e-03 5.74334e-03 5.71084e-03 5.67801e-03 5.64487e-03 5.61144e-03 5.57774e-03 5.54380e-03 5.50963e-03 5.47526e-03 5.44070e-03 5.40597e-03 5.37109e-03 5.33607e-03 5.30094e-03 5.26569e-03 5.23036e-03 5.19495e-03 5.15947e-03 5.12395e-03 5.08837e-03 5.05277e-03 5.01714e-03 4.98149e-03 4.94583e-03 4.91017e-03 4.87451e-03 4.83886e-03 4.80321e-03 4.76758e-03 4.73196e-03 4.69635e-03 4.66075e-03 4.62516e-03 4.58958e-03 4.55401e-03 4.51845e-03 4.48288e-03 4.44731e-03 4.41172e-03 4.37612e-03 4.34050e-03 4.30485e-03 4.26916e-03 4.23342e-03 4.19764e-03 4.16179e-03 4.12587e-03 4.08987e-03 4.05378e-03 4.01760e-03 3.98130e-03 3.94490e-03 3.90836e-03 3.87170e-03 3.83489e-03 3.79793e-03 3.76081e-03 3.72352e-03 3.68605e-03 3.64840e-03 3.61056e-03 3.57252e-03 3.53428e-03 3.49583e-03 3.45716e-03 3.41828e-03 3.37917e-03 3.33984e-03 3.30028e-03 3.26049e-03 3.22047e-03 3.18022e-03 3.13974e-03 3.09903e-03 3.05810e-03 3.01694e-03 2.97557e-03 2.93398e-03 2.89219e-03 2.85019e-03 2.80800e-03 2.76563e-03 2.72308e-03 2.68036e-03 2.63749e-03 2.59448e-03 2.55134e-03 2.50807e-03 2.46471e-03 2.42125e-03 2.37772e-03 2.33414e-03 2.29051e-03 2.24686e-03 2.20320e-03 2.15955e-03 2.11593e-03 2.07237e-03 2.02887e-03 1.98546e-03 1.94216e-03 1.89899e-03 1.85597e-03 1.81313e-03 1.77047e-03 1.72803e-03 1.68583e-03 1.64388e-03 1.60220e-03 1.56083e-03 1.51977e-03 1.47905e-03 1.43869e-03 1.39871e-03 1.35913e-03 1.31997e-03 1.28125e-03 1.24298e-03 1.20518e-03 1.16788e-03 1.13108e-03 1.09481e-03 1.05908e-03 1.02390e-03 9.89295e-04 9.55269e-04 9.21838e-04 8.89014e-04 8.56808e-04 8.25231e-04 7.94292e-04 7.63999e-04 7.34361e-04 7.05384e-04 6.77075e-04 6.49438e-04 6.22478e-04 5.96199e-04 5.70602e-04 5.45689e-04 5.21462e-04 4.97921e-04 4.75063e-04 4.52888e-04 4.31393e-04 4.10574e-04 3.90428e-04 3.70949e-04 3.52132e-04 3.33970e-04 3.16456e-04 2.99583e-04 2.83342e-04 2.67723e-04 2.52718e-04 2.38316e-04 2.24506e-04 2.11278e-04 1.98619e-04 1.86517e-04 1.74961e-04 1.63936e-04 1.53430e-04 1.43431e-04 1.33922e-04 1.24892e-04 1.16326e-04 1.08210e-04 1.00529e-04 9.32684e-05 8.64147e-05 7.99530e-05 7.38688e-05 6.81478e-05 6.27756e-05 5.77380e-05 5.30208e-05 4.86102e-05 4.44924e-05 4.06538e-05 3.70811e-05 3.37612e-05 3.06814e-05 2.78290e-05 2.51920e-05 2.27584e-05 2.05166e-05 1.84554e-05 1.65640e-05 1.48319e-05 1.32489e-05 1.18052e-05 1.04916e-05 9.29902e-06 8.21887e-06 7.24293e-06 6.36340e-06 5.57285e-06 4.86421e-06 4.23080e-06 3.66634e-06 3.16488e-06 2.72083e-06 2.32897e-06 1.98441e-06 1.68257e-06 1.41923e-06 1.19045e-06 9.92580e-07 8.22276e-07 6.76448e-07 5.52273e-07 4.47170e-07 3.58786e-07 2.84994e-07 2.23875e-07 1.73683e-07 1.32864e-07 1.00032e-07 7.39544e-08 5.35334e-08 3.78053e-08 2.59285e-08 1.71674e-08 1.08857e-08 6.53812e-09 3.66253e-09 1.86802e-09 8.36103e-10 3.07795e-10 8.18727e-11 1.15840e-11 2.92339e-13
0.100049 4.45506e-01 3.08374e-01 5.79699e-02 6.53713e-03 1.47930e-03 1.17028e-03 1.16162e-03 1.16291e-03 1.16418e-03 1.16552e-03 1.16698e-03 1.16853e-03 1.17019e-03 1.17192e-03 1.17372e-03 1.17558e-03 1.17750e-03 1.17945e-03 1.18144e-03 1.18345e-03 1.18547e-03 1.18750e-03 1.18952e-03 1.19152e-03 1.19350e-03 1.19545e-03 1.19735e-03 1.19921e-03 1.20101e-03 1.20274e-03 1.20440e-03 1.20598e-03 1.20748e-03 1.20887e-03 1.21017e-03 1.21135e-03 1.21242e-03 1.21337e-03 1.21420e-03 1.21489e-03 1.21545e-03 1.21587e-03 1.21614e-03 1.21626e-03 1.21623e-03 1.21604e-03 1.21569e-03 1.21518e-03 1.21451e-03 1.21367e-03 1.21265e-03 1.21147e-03 1.21012e-03 1.20859e-03 1.20690e-03 1.20502e-03 1.20298e-03 1.20076e-03 1.19837e-03 1.19581e-03 1.19308e-03 1.19018e-03 1.18712e-03 1.18389e-03 1.18050e-03 1.17694e-03 1.17324e-03 1.16937e-03 1.16536e-03 1.16120e-03 1.15689e-03 1.15245e-03 1.14787e-03 1.14315e-03 1.13831e-03 1.13334e-03 1.12826e-03 1.12306e-03 1.11774e-03 1.11232e-03 1.10680e-03 1.10119e-03 1.09548e-03 1.08968e-03 1.08380e-03 1.07784e-03 1.07181e-03 1.06571e-03 1.05954e-03 1.05332e-03 1.04703e-03 1.04070e-03 1.03432e-03 1.02790e-03 1.02144e-03 1.01494e-03 1.00841e-03 1.00185e-03 9.95269e-04 9.88666e-04 9.82044e-04 9.75407e-04 9.68758e-04 9.62099e-04 9.55432e-04 9.48759e-04 9.42083e-04 9.35406e-04 9.28729e-04 9.22053e-04 9.15380e-04 9.08710e-04 9.02046e-04 8.95386e-04 8.88732e-04 8.82084e-04 8.75443e-04 8.68807e-04 8.62178e-04 8.55554e-04 8.48935e-04 8.42321e-04 8.35710e-04 8.29101e-04 8.22494e-04 8.15888e-04 8.09280e-04 8.02670e-04 7.96056e-04 7.89436e-04 7.82810e-04 7.76174e-04 7.69529e-04 7.62871e-04 7.56198e-04 7.49509e-04 7.42802e-04 7.36074e-04 7.29326e-04 7.22555e-04 7.15758e-04 7.08935e-04 7.02082e-04 6.95198e-04 6.88283e-04 6.81334e-04 6.74350e-04 6.67330e-04 6.60272e-04 6.53175e-04 6.46039e-04 6.38862e-04 6.31644e-04 6.24384e-04 6.17081e-04 6.09736e-04 6.02347e-04 5.94915e-04 5.87441e-04 5.79923e-04 5.72364e-04 5.64762e-04 5.57120e-04 5.49438e-04 5.41716e-04 5.33957e-04 5.26161e-04 5.18331e-04 5.10467e-04 5.02572e-04 4.94647e-04 4.86695e-04 4.78718e-04 4.70719e-04 4.62700e-04 4.54664e-04 4.46613e-04 4.38551e-04 4.30480e-04 4.22404e-04 4.14326e-04 4.06250e-04 3.98178e-04 3.90115e-04 3.82063e-04 3.74027e-04 3.66010e-04 3.58016e-04 3.50048e-04 3.42111e-04 3.34209e-04 3.26344e-04 3.18522e-04 3.10745e-04 3.03018e-04 2.95344e-04 2.87728e-04 2.80172e-04 2.72681e-04 2.65259e-04 2.57908e-04 2.50632e-04 2.43435e-04 2.36320e-04 2.29290e-04 2.22349e-04 2.15499e-04 2.08744e-04 2.02085e-04 1.95527e-04 1.89072e-04 1.82721e-04 1.76478e-04 1.70344e-04 1.64322e-04 1.58413e-04 1.52620e-04 1.46943e-04 1.41385e-04 1.35947e-04 1.30629e-04 1.25433e-04 1.20360e-04 1.15410e-04 1.10584e-04 1.05883e-04 1.01306e-04 9.68536e-05 9.25259e-05 8.83226e-05 8.42433e-05 8.02877e-05 7.64550e-05 7.27444e-05 6.91551e-05 6.56860e-05 6.23360e-05 5.91038e-05 5.59880e-05 5.29871e-05 5.00995e-05 4.73235e-05 4.46573e-05 4.20990e-05 3.96466e-05 3.72980e-05 3.50511e-05 3.29038e-05 3.08536e-05 2.88983e-05 2.70356e-05 2.52629e-05 2.35779e-05 2.19779e-05 2.04606e-05 1.90233e-05 1.76635e-05 1.63786e-05 1.51660e-05 1.40231e-05 1.29474e-05 1.19362e-05 1.09870e-05 1.00973e-05 9.26462e-06 8.48638e-06 7.76015e-06 7.08355e-06 6.45417e-06 5.86972e-06 5.32789e-06 4.82644e-06 4.36322e-06 3.93608e-06 3.54298e-06 3.18190e-06 2.85091e-06 2.54815e-06 2.27180e-06 2.02010e-06 1.79141e-06 1.58409e-06 1.39664e-06 1.22757e-06 1.07549e-06 9.39078e-07 8.17071e-07 7.08273e-07 6.11559e-07 5.25874e-07 4.50223e-07 3.83675e-07 3.25359e-07 2.74460e-07 2.30226e-07 1.91959e-07 1.59018e-07 1.30814e-07 1.06792e-07 8.64568e-08 6.93584e-08 5.50863e-08 4.32644e-08 3.35562e-08 2.56650e-08 1.93189e-08 1.42780e-08 1.03327e-08 7.29660e-09 5.00529e-09 3.31411e-09 2.10001e-09 1.26044e-09 7.06134e-10 3.60842e-10 1.61479e-10 5.96994e-11 1.59827e-11 2.27966e-12 5.80462e-14
0.200098 3.01647e-01 3.64468e-01 1.71287e-01 5.45232e-02 1.30645e-02 2.81299e-03 9.03435e-04 6.25668e-04 5.94711e-04 5.93095e-04 5.94044e-04 5.95090e-04 5.96137e-04 5.97218e-04 5.98342e-04 5.99507e-04 6.00708e-04 6.01941e-04 6.03198e-04 6.04474e-04 6.05764e-04 6.07063e-04 6.08363e-04 6.09661e-04 6.10951e-04 6.12227e-04 6.13485e-04 6.14718e-04 6.15923e-04 6.17094e-04 6.18226e-04 6.19315e-04 6.20357e-04 6.21346e-04 6.22279e-04 6.23152e-04 6.23960e-04 6.24701e-04 6.25370e-04 6.25964e-04 6.26481e-04 6.26916e-04 6.27267e-04 6.27532e-04 6.27709e-04 6.27794e-04 6.27786e-04 6.27684e-04 6.27485e-04 6.27189e-04 6.26793e-04 6.26298e-04 6.25702e-04 6.25005e-04 6.24207e-04 6.23307e-04 6.22306e-04 6.21203e-04 6.19999e-04 6.18695e-04 6.17291e-04 6.15789e-04 6.14190e-04 6.12495e-04 6.10705e-04 6.08822e-04 6.06847e-04 6.04784e-04 6.02633e-04 6.00397e-04 5.98078e-04 5.95679e-04 5.93201e-04 5.90648e-04 5.88022e-04 5.85326e-04 5.82563e-04 5.79734e-04 5.76844e-04 5.73896e-04 5.70891e-04 5.67833e-04 5.64725e-04 5.61570e-04 5.58371e-04 5.55130e-04 5.51852e-04 5.48537e-04 5.45190e-04 5.41814e-04 5.38410e-04 5.34981e-04 5.31531e-04 5.28062e-04 5.24575e-04 5.21074e-04 5.17561e-04 5.14037e-04 5.10506e-04 5.06968e-04 5.03427e-04 4.99882e-04 4.96337e-04 4.92793e-04 4.89250e-04 4.85711e-04 4.82177e-04 4.78647e-04 4.75124e-04 4.71608e-04 4.68100e-04 4.64600e-04 4.61109e-04 4.57626e-04 4.54153e-04 4.50689e-04 4.47234e-04 4.43787e-04 4.40349e-04 4.36920e-04 4.33498e-04 4.30084e-04 4.26676e-04 4.23273e-04 4.19876e-04 4.16482e-04 4.13092e-04 4.09704e-04 4.06317e-04 4.02930e-04 3.99542e-04 3.96152e-04 3.92758e-04 3.89360e-04 3.85955e-04 3.82544e-04 3.79124e-04 3.75694e-04 3.72254e-04 3.68802e-04 3.65337e-04 3.61858e-04 3.58364e-04 3.54853e-04 3.51325e-04 3.47779e-04 3.44215e-04 3.40630e-04 3.37025e-04 3.33399e-04 3.29751e-04 3.26081e-04 3.22389e-04 3.18674e-04 3.14936e-04 3.11174e-04 3.07389e-04 3.03582e-04 2.99751e-04 2.95897e-04 2.92021e-04 2.88123e-04 2.84203e-04 2.80262e-04 2.76301e-04 2.72321e-04 2.68322e-04 2.64306e-04 2.60273e-04 2.56225e-04 2.52162e-04 2.48087e-04 2.44000e-04 2.39902e-04 2.35796e-04 2.31683e-04 2.27564e-04 2.23442e-04 2.19317e-04 2.15191e-04 2.11067e-04 2.06946e-04 2.02830e-04 1.98720e-04 1.94619e-04 1.90529e-04 1.86451e-04 1.82387e-04 1.78340e-04 1.74310e-04 1.70301e-04 1.66314e-04 1.62350e-04 1.58412e-04 1.54502e-04 1.50621e-04 1.46771e-04 1.42954e-04 1.39172e-04 1.35426e-04 1.31719e-04 1.28050e-04 1.24423e-04 1.20839e-04 1.17299e-04 1.13804e-04 1.10357e-04 1.06957e-04 1.03608e-04 1.00308e-04 9.70610e-05 9.38665e-05 9.07259e-05 8.76400e-05 8.46098e-05 8.16361e-05 7.87196e-05 7.58611e-05 7.30610e-05 7.03200e-05 6.76385e-05 6.50169e-05 6.24557e-05 5.99549e-05 5.75149e-05 5.51359e-05 5.28178e-05 5.05606e-05 4.83644e-05 4.62291e-05 4.41544e-05 4.21401e-05 4.01859e-05 3.82916e-05 3.64566e-05 3.46805e-05 3.29628e-05 3.13029e-05 2.97003e-05 2.81541e-05 2.66638e-05 2.52285e-05 2.38475e-05 2.25199e-05 2.12448e-05 2.00214e-05 1.88485e-05 1.77253e-05 1.66507e-05 1.56237e-05 1.46432e-05 1.37080e-05 1.28171e-05 1.19692e-05 1.11634e-05 1.03982e-05 9.67269e-06 8.98549e-06 8.33545e-06 7.72131e-06 7.14191e-06 6.59598e-06 6.08228e-06 5.59964e-06 5.14683e-06 4.72263e-06 4.32586e-06 3.95532e-06 3.60983e-06 3.28825e-06 2.98944e-06 2.71227e-06 2.45566e-06 2.21852e-06 1.99979e-06 1.79846e-06 1.61353e-06 1.44402e-06 1.28897e-06 1.14750e-06 1.01871e-06 9.01757e-07 7.95823e-07 7.00123e-07 6.13903e-07 5.36453e-07 4.67081e-07 4.05137e-07 3.50007e-07 3.01110e-07 2.57894e-07 2.19840e-07 1.86466e-07 1.57321e-07 1.31977e-07 1.10042e-07 9.11523e-08 7.49722e-08 6.11909e-08 4.95251e-08 3.97179e-08 3.15323e-08 2.47542e-08 1.91906e-08 1.46689e-08 1.10358e-08 8.15237e-09 5.89626e-09 4.16056e-09 2.85129e-09 1.88688e-09 1.19562e-09 7.17769e-10 4.01688e-10 2.05264e-10 9.17397e-11 3.34548e-11 9.00752e-12 1.32068e-12 3.53736e-14
0.300147 1.83902e-01 2.88896e-01 2.02901e-01 1.13566e-01 5.11946e-02 1.91731e-02 6.42195e-03 2.30728e-03 1.18703e-03 9.20938e-04 8.65290e-04 8.56082e-04 8.56239e-04 8.58135e-04 8.60343e-04 8.62635e-04 8.64986e-04 8.67393e-04 8.69851e-04 8.72352e-04 8.74885e-04 8.77441e-04 8.80009e-04 8.82579e-04 8.85140e-04 8.87682e-04 8.90195e-04 8.92669e-04 8.95095e-04 8.97462e-04 8.99763e-04 9.01987e-04 9.04126e-04 9.06172e-04 9.08117e-04 9.09953e-04 9.11672e-04 9.13269e-04 9.14735e-04 9.16065e-04 9.17252e-04 9.18292e-04 9.19179e-04 9.19909e-04 9.20477e-04 9.20880e-04 9.21114e-04 9.21176e-04 9.21064e-04 9.20775e-04 9.20309e-04 9.19662e-04 9.18835e-04 9.17828e-04 9.16640e-04 9.15271e-04 9.13722e-04 9.11994e-04 9.10089e-04 9.08009e-04 9.05755e-04 9.03329e-04 9.00735e-04 8.97976e-04 8.95055e-04 8.91976e-04 8.88742e-04 8.85357e-04 8.81826e-04 8.78153e-04 8.74343e-04 8.70401e-04 8.66331e-04 8.62139e-04 8.57830e-04 8.53409e-04 8.48882e-04 8.44255e-04 8.39531e-04 8.34719e-04 8.29822e-04 8.24846e-04 8.19798e-04 8.14682e-04 8.09505e-04 8.04271e-04 7.98985e-04 7.93655e-04 7.88283e-04 7.82877e-04 7.77439e-04 7.71977e-04 7.66493e-04 7.60994e-04 7.55482e-04 7.49962e-04 7.44439e-04 7.38916e-04 7.33397e-04 7.27886e-04 7.22384e-04 7.16897e-04 7.11425e-04 7.05973e-04 7.00542e-04 6.95135e-04 6.89753e-04 6.84397e-04 6.79071e-04 6.73774e-04 6.68507e-04 6.63272e-04 6.58068e-04 6.52896e-04 6.47757e-04 6.42649e-04 6.37573e-04 6.32527e-04 6.27512e-04 6.22526e-04 6.17567e-04 6.12636e-04 6.07729e-04 6.02846e-04 5.97985e-04 5.93143e-04 5.88319e-04 5.83510e-04 5.78714e-04 5.73929e-04 5.69153e-04 5.64383e-04 5.59616e-04 5.54850e-04 5.50082e-04 5.45310e-04 5.40532e-04 5.35744e-04 5.30944e-04 5.26130e-04 5.21299e-04 5.16449e-04 5.11578e-04 5.06684e-04 5.01764e-04 4.96817e-04 4.91841e-04 4.86835e-04 4.81796e-04 4.76724e-04 4.71617e-04 4.66474e-04 4.61295e-04 4.56078e-04 4.50824e-04 4.45532e-04 4.40201e-04 4.34832e-04 4.29425e-04 4.23980e-04 4.18499e-04 4.12981e-04 4.07427e-04 4.01839e-04 3.96218e-04 3.90565e-04 3.84882e-04 3.79171e-04 3.73433e-04 3.67670e-04 3.61884e-04 3.56078e-04 3.50253e-04 3.44413e-04 3.38560e-04 3.32695e-04 3.26823e-04 3.20946e-04 3.15065e-04 3.09185e-04 3.03308e-04 2.97436e-04 2.91573e-04 2.85722e-04 2.79885e-04 2.74066e-04 2.68267e-04 2.62491e-04 2.56740e-04 2.51019e-04 2.45329e-04 2.39673e-04 2.34053e-04 2.28473e-04 2.22935e-04 2.17442e-04 2.11995e-04 2.06597e-04 2.01250e-04 1.95957e-04 1.90719e-04 1.85540e-04 1.80419e-04 1.75361e-04 1.70365e-04 1.65435e-04 1.60571e-04 1.55775e-04 1.51048e-04 1.46393e-04 1.41810e-04 1.37300e-04 1.32864e-04 1.28505e-04 1.24221e-04 1.20015e-04 1.15887e-04 1.11838e-04 1.07869e-04 1.03980e-04 1.00171e-04 9.64433e-05 9.27971e-05 8.92324e-05 8.57497e-05 8.23489e-05 7.90301e-05 7.57934e-05 7.26388e-05 6.95661e-05 6.65751e-05 6.36655e-05 6.08371e-05 5.80895e-05 5.54221e-05 5.28347e-05 5.03264e-05 4.78969e-05 4.55453e-05 4.32709e-05 4.10730e-05 3.89507e-05 3.69032e-05 3.49294e-05 3.30285e-05 3.11993e-05 2.94408e-05 2.77518e-05 2.61310e-05 2.45774e-05 2.30896e-05 2.16664e-05 2.03063e-05 1.90080e-05 1.77702e-05 1.65912e-05 1.54697e-05 1.44041e-05 1.33930e-05 1.24347e-05 1.15277e-05 1.06705e-05 9.86140e-06 9.09880e-06 8.38113e-06 7.70673e-06 7.07401e-06 6.48133e-06 5.92709e-06 5.40968e-06 4.92748e-06 4.47893e-06 4.06248e-06 3.67657e-06 3.31967e-06 2.99029e-06 2.68695e-06 2.40820e-06 2.15265e-06 1.91892e-06 1.70568e-06 1.51160e-06 1.33545e-06 1.17601e-06 1.03210e-06 9.02589e-07 7.86410e-07 6.82520e-07 5.89937e-07 5.07711e-07 4.34959e-07 3.70839e-07 3.14566e-07 2.65387e-07 2.22600e-07 1.85553e-07 1.53645e-07 1.26314e-07 1.03038e-07 8.33425e-08 6.67870e-08 5.29772e-08 4.15534e-08 3.21843e-08 2.45770e-08 1.84704e-08 1.36297e-08 9.84756e-09 6.94118e-09 4.75194e-09 3.14085e-09 1.98819e-09 1.19238e-09 6.67117e-10 3.39848e-10 1.51922e-10 5.58660e-11 1.48410e-11 2.06344e-12 5.21658e-14
0.400197 1.46001e-01 2.40984e-01 1.87764e-01 1.26321e-01 7.33167e-02 3.71891e-02 1.69621e-02 7.34495e-03 3.33788e-03 1.82924e-03 1.30124e-03 1.12580e-03 1.07037e-03 1.05473e-03 1.05223e-03 1.05413e-03 1.05754e-03 1.06151e-03 1.06571e-03 1.07001e-03 1.07438e-03 1.07878e-03 1.08320e-03 1.08762e-03 1.09201e-03 1.09638e-03 1.10068e-03 1.10492e-03 1.10907e-03 1.11311e-03 1.11704e-03 1.12083e-03 1.12447e-03 1.12796e-03 1.13126e-03 1.13438e-03 1.13730e-03 1.14001e-03 1.14250e-03 1.14476e-03 1.14678e-03 1.14856e-03 1.15009e-03 1.15135e-03 1.15235e-03 1.15308e-03 1.15354e-03 1.15373e-03 1.15363e-03 1.15326e-03 1.15260e-03 1.15166e-03 1.15044e-03 1.14894e-03 1.14717e-03 1.14512e-03 1.14279e-03 1.14020e-03 1.13734e-03 1.13422e-03 1.13084e-03 1.12722e-03 1.12335e-03 1.11924e-03 1.11490e-03 1.11033e-03 1.10555e-03 1.10056e-03 1.09537e-03 1.08998e-03 1.08440e-03 1.07865e-03 1.07273e-03 1.06665e-03 1.06042e-03 1.05404e-03 1.04753e-03 1.04089e-03 1.03413e-03 1.02727e-03 1.02030e-03 1.01325e-03 1.00611e-03 9.98901e-04 9.91624e-04 9.84289e-04 9.76905e-04 9.69480e-04 9.62021e-04 9.54536e-04 9.47032e-04 9.39517e-04 9.31997e-04 9.24479e-04 9.16970e-04 9.09476e-04 9.02002e-04 8.94555e-04 8.87140e-04 8.79762e-04 8.72425e-04 8.65134e-04 8.57894e-04 8.50708e-04 8.43580e-04 8.36512e-04 8.29508e-04 8.22569e-04 8.15699e-04 8.08898e-04 8.02169e-04 7.95511e-04 7.88926e-04 7.82414e-04 7.75974e-04 7.69607e-04 7.63312e-04 7.57086e-04 7.50930e-04 7.44840e-04 7.38815e-04 7.32852e-04 7.26949e-04 7.21102e-04 7.15308e-04 7.09564e-04 7.03865e-04 6.98208e-04 6.92589e-04 6.87003e-04 6.81445e-04 6.75912e-04 6.70398e-04 6.64898e-04 6.59409e-04 6.53924e-04 6.48439e-04 6.42949e-04 6.37450e-04 6.31936e-04 6.26403e-04 6.20848e-04 6.15264e-04 6.09649e-04 6.03998e-04 5.98308e-04 5.92575e-04 5.86796e-04 5.80967e-04 5.75087e-04 5.69152e-04 5.63162e-04 5.57113e-04 5.51004e-04 5.44835e-04 5.38605e-04 5.32312e-04 5.25957e-04 5.19541e-04 5.13062e-04 5.06524e-04 4.99925e-04 4.93269e-04 4.86556e-04 4.79789e-04 4.72969e-04 4.66100e-04 4.59184e-04 4.52225e-04 4.45225e-04 4.38188e-04 4.31118e-04 4.24017e-04 4.16891e-04 4.09743e-04 4.02578e-04 3.95399e-04 3.88211e-04 3.81018e-04 3.73824e-04 3.66634e-04 3.59453e-04 3.52284e-04 3.45132e-04 3.38001e-04 3.30895e-04 3.23820e-04 3.16777e-04 3.09772e-04 3.02809e-04 2.95891e-04 2.89021e-04 2.82204e-04 2.75442e-04 2.68739e-04 2.62098e-04 2.55522e-04 2.49013e-04 2.42574e-04 2.36208e-04 2.29917e-04 2.23703e-04 2.17568e-04 2.11514e-04 2.05543e-04 1.99656e-04 1.93855e-04 1.88142e-04 1.82517e-04 1.76982e-04 1.71537e-04 1.66183e-04 1.60922e-04 1.55753e-04 1.50678e-04 1.45697e-04 1.40811e-04 1.36019e-04 1.31322e-04 1.26720e-04 1.22214e-04 1.17802e-04 1.13486e-04 1.09265e-04 1.05140e-04 1.01109e-04 9.71725e-05 9.33306e-05 8.95828e-05 8.59286e-05 8.23678e-05 7.88997e-05 7.55240e-05 7.22401e-05 6.90475e-05 6.59453e-05 6.29332e-05 6.00102e-05 5.71758e-05 5.44290e-05 5.17692e-05 4.91955e-05 4.67069e-05 4.43025e-05 4.19813e-05 3.97423e-05 3.75845e-05 3.55066e-05 3.35076e-05 3.15862e-05 2.97412e-05 2.79714e-05 2.62754e-05 2.46518e-05 2.30993e-05 2.16163e-05 2.02014e-05 1.88531e-05 1.75698e-05 1.63499e-05 1.51919e-05 1.40940e-05 1.30545e-05 1.20718e-05 1.11442e-05 1.02698e-05 9.44692e-06 8.67379e-06 7.94859e-06 7.26957e-06 6.63492e-06 6.04282e-06 5.49146e-06 4.97906e-06 4.50387e-06 4.06410e-06 3.65799e-06 3.28383e-06 2.93991e-06 2.62455e-06 2.33613e-06 2.07305e-06 1.83371e-06 1.61661e-06 1.42025e-06 1.24320e-06 1.08407e-06 9.41541e-07 8.14317e-07 7.01174e-07 6.00942e-07 5.12500e-07 4.34794e-07 3.66826e-07 3.07657e-07 2.56406e-07 2.12246e-07 1.74411e-07 1.42193e-07 1.14935e-07 9.20343e-08 7.29421e-08 5.71568e-08 4.42235e-08 3.37322e-08 2.53226e-08 1.86634e-08 1.34676e-08 9.48135e-09 6.48212e-09 4.27882e-09 2.70580e-09 1.62112e-09 9.05918e-10 4.61223e-10 2.05736e-10 7.57308e-11 2.00224e-11 2.76748e-12 7.12782e-14
0.500246 1.25155e-01 2.09417e-01 1.70450e-01 1.25297e-01 8.26499e-02 4.91946e-02 2.68590e-02 1.38405e-02 7.04415e-03 3.78515e-03 2.31551e-03 1.67906e-03 1.40984e-03 1.29762e-03 1.25204e-03 1.23511e-03 1.23090e-03 1.23257e-03 1.23706e-03 1.24294e-03 1.24951e-03 1.25641e-03 1.26344e-03 1.27050e-03 1.27753e-03 1.28447e-03 1.29129e-03 1.29797e-03 1.30447e-03 1.31078e-03 1.31686e-03 1.32271e-03 1.32828e-03 1.33358e-03 1.33857e-03 1.34325e-03 1.34760e-03 1.35159e-03 1.35523e-03 1.35850e-03 1.36139e-03 1.36390e-03 1.36600e-03 1.36771e-03 1.36901e-03 1.36991e-03 1.37040e-03 1.37047e-03 1.37014e-03 1.36940e-03 1.36825e-03 1.36671e-03 1.36476e-03 1.36243e-03 1.35971e-03 1.35661e-03 1.35314e-03 1.34931e-03 1.34513e-03 1.34060e-03 1.33574e-03 1.33056e-03 1.32506e-03 1.31927e-03 1.31318e-03 1.30682e-03 1.30018e-03 1.29330e-03 1.28617e-03 1.27881e-03 1.27123e-03 1.26345e-03 1.25546e-03 1.24730e-03 1.23897e-03 1.23047e-03 1.22183e-03 1.21305e-03 1.20415e-03 1.19513e-03 1.18601e-03 1.17680e-03 1.16750e-03 1.15813e-03 1.14871e-03 1.13923e-03 1.12971e-03 1.12016e-03 1.11059e-03 1.10100e-03 1.09141e-03 1.08183e-03 1.07226e-03 1.06271e-03 1.05319e-03 1.04371e-03 1.03428e-03 1.02490e-03 1.01558e-03 1.00633e-03 9.97158e-04 9.88065e-04 9.79060e-04 9.70147e-04 9.61334e-04 9.52624e-04 9.44023e-04 9.35535e-04 9.27163e-04 9.18911e-04 9.10783e-04 9.02779e-04 8.94903e-04 8.87155e-04 8.79537e-04 8.72047e-04 8.64688e-04 8.57456e-04 8.50352e-04 8.43372e-04 8.36514e-04 8.29776e-04 8.23152e-04 8.16640e-04 8.10233e-04 8.03927e-04 7.97716e-04 7.91594e-04 7.85553e-04 7.79587e-04 7.73689e-04 7.67850e-04 7.62062e-04 7.56318e-04 7.50609e-04 7.44926e-04 7.39261e-04 7.33605e-04 7.27949e-04 7.22285e-04 7.16604e-04 7.10898e-04 7.05159e-04 6.99379e-04 6.93551e-04 6.87667e-04 6.81721e-04 6.75706e-04 6.69616e-04 6.63445e-04 6.57190e-04 6.50844e-04 6.44405e-04 6.37869e-04 6.31233e-04 6.24495e-04 6.17654e-04 6.10708e-04 6.03657e-04 5.96500e-04 5.89240e-04 5.81876e-04 5.74411e-04 5.66848e-04 5.59188e-04 5.51435e-04 5.43594e-04 5.35667e-04 5.27661e-04 5.19579e-04 5.11428e-04 5.03212e-04 4.94937e-04 4.86611e-04 4.78239e-04 4.69827e-04 4.61383e-04 4.52913e-04 4.44423e-04 4.35922e-04 4.27415e-04 4.18910e-04 4.10414e-04 4.01933e-04 3.93473e-04 3.85042e-04 3.76645e-04 3.68290e-04 3.59981e-04 3.51724e-04 3.43526e-04 3.35391e-04 3.27325e-04 3.19332e-04 3.11417e-04 3.03583e-04 2.95836e-04 2.88179e-04 2.80614e-04 2.73146e-04 2.65777e-04 2.58509e-04 2.51345e-04 2.44288e-04 2.37339e-04 2.30499e-04 2.23770e-04 2.17153e-04 2.10649e-04 2.04260e-04 1.97984e-04 1.91824e-04 1.85779e-04 1.79848e-04 1.74034e-04 1.68334e-04 1.62749e-04 1.57278e-04 1.51922e-04 1.46679e-04 1.41549e-04 1.36531e-04 1.31625e-04 1.26830e-04 1.22145e-04 1.17569e-04 1.13102e-04 1.08742e-04 1.04488e-04 1.00341e-04 9.62981e-05 9.23592e-05 8.85234e-05 8.47896e-05 8.11568e-05 7.76241e-05 7.41905e-05 7.08551e-05 6.76168e-05 6.44748e-05 6.14280e-05 5.84753e-05 5.56158e-05 5.28484e-05 5.01720e-05 4.75856e-05 4.50880e-05 4.26781e-05 4.03548e-05 3.81168e-05 3.59630e-05 3.38921e-05 3.19028e-05 2.99938e-05 2.81638e-05 2.64112e-05 2.47348e-05 2.31330e-05 2.16043e-05 2.01472e-05 1.87601e-05 1.74414e-05 1.61894e-05 1.50024e-05 1.38786e-05 1.28164e-05 1.18139e-05 1.08692e-05 9.98060e-06 9.14617e-06 8.36401e-06 7.63220e-06 6.94885e-06 6.31203e-06 5.71978e-06 5.17018e-06 4.66131e-06 4.19123e-06 3.75803e-06 3.35983e-06 2.99475e-06 2.66093e-06 2.35657e-06 2.07987e-06 1.82908e-06 1.60251e-06 1.39852e-06 1.21547e-06 1.05183e-06 9.06079e-07 7.76785e-07 6.62573e-07 5.62134e-07 4.74209e-07 3.97626e-07 3.31257e-07 2.74059e-07 2.25053e-07 1.83330e-07 1.48045e-07 1.18417e-07 9.37378e-08 7.33538e-08 5.66754e-08 4.31678e-08 3.23516e-08 2.38050e-08 1.71501e-08 1.20536e-08 8.22753e-09 5.42224e-09 3.42327e-09 2.04746e-09 1.14209e-09 5.80587e-10 2.59049e-10 9.51896e-11 2.55379e-11 3.53266e-12 9.05061e-14
0.600295 1.08641e-01 1.86018e-01 1.56245e-01 1.20841e-01 8.58042e-02 5.61328e-02 3.42152e-02 1.97943e-02 1.11672e-02 6.38040e-03 3.87069e-03 2.60677e-03 1.98688e-03 1.68765e-03 1.54470e-03 1.47750e-03 1.44740e-03 1.43596e-03 1.43426e-03 1.43788e-03 1.44450e-03 1.45284e-03 1.46213e-03 1.47192e-03 1.48189e-03 1.49186e-03 1.50167e-03 1.51125e-03 1.52050e-03 1.52939e-03 1.53788e-03 1.54592e-03 1.55349e-03 1.56057e-03 1.56713e-03 1.57317e-03 1.57865e-03 1.58358e-03 1.58794e-03 1.59172e-03 1.59492e-03 1.59753e-03 1.59955e-03 1.60099e-03 1.60184e-03 1.60211e-03 1.60180e-03 1.60092e-03 1.59948e-03 1.59750e-03 1.59497e-03 1.59192e-03 1.58836e-03 1.58430e-03 1.57976e-03 1.57475e-03 1.56930e-03 1.56341e-03 1.55711e-03 1.55041e-03 1.54333e-03 1.53588e-03 1.52809e-03 1.51998e-03 1.51155e-03 1.50283e-03 1.49384e-03 1.48458e-03 1.47508e-03 1.46536e-03 1.45541e-03 1.44527e-03 1.43494e-03 1.42444e-03 1.41377e-03 1.40296e-03 1.39202e-03 1.38095e-03 1.36976e-03 1.35847e-03 1.34709e-03 1.33563e-03 1.32409e-03 1.31248e-03 1.30082e-03 1.28912e-03 1.27737e-03 1.26559e-03 1.25379e-03 1.24198e-03 1.23017e-03 1.21836e-03 1.20656e-03 1.19479e-03 1.18304e-03 1.17134e-03 1.15969e-03 1.14810e-03 1.13658e-03 1.12514e-03 1.11378e-03 1.10253e-03 1.09139e-03 1.08036e-03 1.06947e-03 1.05872e-03 1.04811e-03 1.03766e-03 1.02738e-03 1.01728e-03 1.00735e-03 9.97622e-04 9.88084e-04 9.78748e-04 9.69619e-04 9.60699e-04 9.51993e-04 9.43500e-04 9.35223e-04 9.27161e-04 9.19312e-04 9.11673e-04 9.04241e-04 8.97010e-04 8.89975e-04 8.83128e-04 8.76462e-04 8.69966e-04 8.63631e-04 8.57446e-04 8.51399e-04 8.45477e-04 8.39667e-04 8.33956e-04 8.28330e-04 8.22773e-04 8.17272e-04 8.11811e-04 8.06375e-04 8.00951e-04 7.95522e-04 7.90075e-04 7.84595e-04 7.79068e-04 7.73482e-04 7.67824e-04 7.62081e-04 7.56242e-04 7.50296e-04 7.44234e-04 7.38047e-04 7.31726e-04 7.25265e-04 7.18656e-04 7.11895e-04 7.04977e-04 6.97899e-04 6.90657e-04 6.83251e-04 6.75681e-04 6.67945e-04 6.60045e-04 6.51984e-04 6.43765e-04 6.35390e-04 6.26864e-04 6.18194e-04 6.09383e-04 6.00440e-04 5.91371e-04 5.82184e-04 5.72887e-04 5.63488e-04 5.53997e-04 5.44422e-04 5.34774e-04 5.25062e-04 5.15297e-04 5.05487e-04 4.95644e-04 4.85778e-04 4.75898e-04 4.66016e-04 4.56140e-04 4.46281e-04 4.36449e-04 4.26652e-04 4.16900e-04 4.07202e-04 3.97566e-04 3.88000e-04 3.78512e-04 3.69109e-04 3.59798e-04 3.50587e-04 3.41480e-04 3.32483e-04 3.23601e-04 3.14840e-04 3.06204e-04 2.97696e-04 2.89319e-04 2.81077e-04 2.72972e-04 2.65007e-04 2.57183e-04 2.49501e-04 2.41963e-04 2.34570e-04 2.27321e-04 2.20218e-04 2.13259e-04 2.06445e-04 1.99775e-04 1.93249e-04 1.86864e-04 1.80621e-04 1.74518e-04 1.68553e-04 1.62726e-04 1.57034e-04 1.51476e-04 1.46050e-04 1.40755e-04 1.35588e-04 1.30549e-04 1.25635e-04 1.20844e-04 1.16175e-04 1.11625e-04 1.07194e-04 1.02880e-04 9.86800e-05 9.45933e-05 9.06181e-05 8.67528e-05 8.29959e-05 7.93458e-05 7.58011e-05 7.23604e-05 6.90223e-05 6.57854e-05 6.26482e-05 5.96095e-05 5.66680e-05 5.38223e-05 5.10712e-05 4.84134e-05 4.58476e-05 4.33725e-05 4.09868e-05 3.86891e-05 3.64783e-05 3.43529e-05 3.23117e-05 3.03533e-05 2.84762e-05 2.66790e-05 2.49602e-05 2.33184e-05 2.17520e-05 2.02594e-05 1.88392e-05 1.74895e-05 1.62087e-05 1.49952e-05 1.38471e-05 1.27627e-05 1.17401e-05 1.07775e-05 9.87291e-06 9.02452e-06 8.23036e-06 7.48843e-06 6.79675e-06 6.15335e-06 5.55617e-06 5.00321e-06 4.49244e-06 4.02187e-06 3.58948e-06 3.19325e-06 2.83120e-06 2.50141e-06 2.20194e-06 1.93088e-06 1.68638e-06 1.46662e-06 1.26984e-06 1.09434e-06 9.38472e-07 8.00629e-07 6.79274e-07 5.72966e-07 4.80299e-07 3.99969e-07 3.30721e-07 2.71390e-07 2.20886e-07 1.78193e-07 1.42368e-07 1.12554e-07 8.79530e-08 6.78484e-08 5.15912e-08 3.85990e-08 2.83496e-08 2.03853e-08 1.43000e-08 9.74209e-09 6.40892e-09 4.03897e-09 2.41120e-09 1.34235e-09 6.81938e-10 3.04492e-10 1.11409e-10 2.92952e-11 4.12497e-12 1.08492e-13
0.700344 1.07015e-01 1.72001e-01 1.41252e-01 1.12237e-01 8.39470e-02 5.86149e-02 3.84874e-02 2.41031e-02 1.46820e-02 8.92373e-03 5.58412e-03 3.72076e-03 2.71050e-03 2.17483e-03 1.89616e-03 1.75410e-03 1.68393e-03 1.65156e-03 1.63923e-03 1.63775e-03 1.64229e-03 1.65024e-03 1.66015e-03 1.67114e-03 1.68268e-03 1.69438e-03 1.70601e-03 1.71736e-03 1.72830e-03 1.73872e-03 1.74855e-03 1.75772e-03 1.76618e-03 1.77389e-03 1.78084e-03 1.78699e-03 1.79235e-03 1.79689e-03 1.80061e-03 1.80353e-03 1.80564e-03 1.80695e-03 1.80748e-03 1.80724e-03 1.80625e-03 1.80452e-03 1.80209e-03 1.79896e-03 1.79517e-03 1.79075e-03 1.78571e-03 1.78009e-03 1.77391e-03 1.76721e-03 1.76001e-03 1.75234e-03 1.74422e-03 1.73569e-03 1.72678e-03 1.71750e-03 1.70789e-03 1.69796e-03 1.68775e-03 1.67727e-03 1.66655e-03 1.65560e-03 1.64445e-03 1.63310e-03 1.62158e-03 1.60989e-03 1.59806e-03 1.58608e-03 1.57398e-03 1.56175e-03 1.54941e-03 1.53696e-03 1.52441e-03 1.51175e-03 1.49900e-03 1.48616e-03 1.47322e-03 1.46018e-03 1.44706e-03 1.43385e-03 1.42055e-03 1.40716e-03 1.39369e-03 1.38013e-03 1.36650e-03 1.35279e-03 1.33901e-03 1.32517e-03 1.31128e-03 1.29733e-03 1.28335e-03 1.26935e-03 1.25534e-03 1.24132e-03 1.22733e-03 1.21337e-03 1.19947e-03 1.18563e-03 1.17189e-03 1.15827e-03 1.14478e-03 1.13144e-03 1.11829e-03 1.10533e-03 1.09259e-03 1.08009e-03 1.06785e-03 1.05590e-03 1.04423e-03 1.03288e-03 1.02184e-03 1.01115e-03 1.00080e-03 9.90797e-04 9.81154e-04 9.71871e-04 9.62947e-04 9.54380e-04 9.46167e-04 9.38299e-04 9.30769e-04 9.23564e-04 9.16671e-04 9.10075e-04 9.03759e-04 8.97704e-04 8.91891e-04 8.86298e-04 8.80904e-04 8.75685e-04 8.70619e-04 8.65680e-04 8.60845e-04 8.56091e-04 8.51392e-04 8.46726e-04 8.42069e-04 8.37398e-04 8.32692e-04 8.27929e-04 8.23090e-04 8.18155e-04 8.13107e-04 8.07929e-04 8.02606e-04 7.97122e-04 7.91467e-04 7.85627e-04 7.79593e-04 7.73357e-04 7.66910e-04 7.60248e-04 7.53364e-04 7.46257e-04 7.38923e-04 7.31363e-04 7.23575e-04 7.15563e-04 7.07328e-04 6.98875e-04 6.90208e-04 6.81332e-04 6.72255e-04 6.62984e-04 6.53527e-04 6.43894e-04 6.34093e-04 6.24135e-04 6.14031e-04 6.03793e-04 5.93432e-04 5.82959e-04 5.72389e-04 5.61732e-04 5.51002e-04 5.40212e-04 5.29375e-04 5.18503e-04 5.07609e-04 4.96707e-04 4.85809e-04 4.74926e-04 4.64072e-04 4.53257e-04 4.42494e-04 4.31793e-04 4.21165e-04 4.10620e-04 4.00168e-04 3.89817e-04 3.79577e-04 3.69455e-04 3.59459e-04 3.49595e-04 3.39870e-04 3.30290e-04 3.20860e-04 3.11584e-04 3.02466e-04 2.93511e-04 2.84720e-04 2.76096e-04 2.67642e-04 2.59358e-04 2.51245e-04 2.43304e-04 2.35536e-04 2.27939e-04 2.20514e-04 2.13259e-04 2.06173e-04 1.99255e-04 1.92502e-04 1.85914e-04 1.79488e-04 1.73222e-04 1.67112e-04 1.61158e-04 1.55355e-04 1.49703e-04 1.44197e-04 1.38835e-04 1.33615e-04 1.28534e-04 1.23588e-04 1.18776e-04 1.14094e-04 1.09541e-04 1.05113e-04 1.00809e-04 9.66249e-05 9.25594e-05 8.86102e-05 8.47749e-05 8.10514e-05 7.74378e-05 7.39320e-05 7.05323e-05 6.72368e-05 6.40438e-05 6.09515e-05 5.79584e-05 5.50627e-05 5.22631e-05 4.95578e-05 4.69456e-05 4.44250e-05 4.19946e-05 3.96529e-05 3.73986e-05 3.52302e-05 3.31465e-05 3.11460e-05 2.92274e-05 2.73891e-05 2.56299e-05 2.39481e-05 2.23425e-05 2.08114e-05 1.93534e-05 1.79668e-05 1.66501e-05 1.54016e-05 1.42197e-05 1.31026e-05 1.20485e-05 1.10557e-05 1.01224e-05 9.24665e-06 8.42657e-06 7.66021e-06 6.94564e-06 6.28090e-06 5.66395e-06 5.09277e-06 4.56535e-06 4.07964e-06 3.63363e-06 3.22525e-06 2.85248e-06 2.51331e-06 2.20576e-06 1.92786e-06 1.67767e-06 1.45329e-06 1.25291e-06 1.07470e-06 9.16918e-07 7.77892e-07 6.56003e-07 5.49699e-07 4.57498e-07 3.78010e-07 3.09916e-07 2.51969e-07 2.03008e-07 1.61958e-07 1.27834e-07 9.97153e-08 7.67716e-08 5.82546e-08 4.34858e-08 3.18654e-08 2.28593e-08 1.59968e-08 1.08717e-08 7.13438e-09 4.48379e-09 2.67029e-09 1.48440e-09 7.52353e-10 3.35215e-10 1.22865e-10 3.25053e-11 4.60816e-12 1.21578e-13
0.800393 9.19101e-02 1.54518e-01 1.31180e-01 1.06911e-01 8.28020e-02 6.07043e-02 4.22625e-02 2.81995e-02 1.83000e-02 1.17699e-02 7.66933e-03 5.18661e-03 3.72559e-03 2.88685e-03 2.41694e-03 2.16068e-03 2.02570e-03 1.95837e-03 1.92827e-03 1.91846e-03 1.91962e-03 1.92667e-03 1.93682e-03 1.94851e-03 1.96085e-03 1.97331e-03 1.98553e-03 1.99729e-03 2.00842e-03 2.01881e-03 2.02837e-03 2.03703e-03 2.04474e-03 2.05146e-03 2.05716e-03 2.06182e-03 2.06544e-03 2.06802e-03 2.06956e-03 2.07009e-03 2.06963e-03 2.06821e-03 2.06585e-03 2.06260e-03 2.05850e-03 2.05359e-03 2.04792e-03 2.04153e-03 2.03446e-03 2.02678e-03 2.01851e-03 2.00972e-03 2.00044e-03 1.99073e-03 1.98061e-03 1.97014e-03 1.95936e-03 1.94830e-03 1.93698e-03 1.92546e-03 1.91375e-03 1.90188e-03 1.88987e-03 1.87775e-03 1.86552e-03 1.85322e-03 1.84083e-03 1.82838e-03 1.81587e-03 1.80329e-03 1.79066e-03 1.77796e-03 1.76518e-03 1.75233e-03 1.73939e-03 1.72634e-03 1.71318e-03 1.69989e-03 1.68645e-03 1.67284e-03 1.65905e-03 1.64506e-03 1.63085e-03 1.61641e-03 1.60172e-03 1.58677e-03 1.57155e-03 1.55605e-03 1.54027e-03 1.52419e-03 1.50783e-03 1.49119e-03 1.47428e-03 1.45711e-03 1.43970e-03 1.42207e-03 1.40425e-03 1.38627e-03 1.36816e-03 1.34997e-03 1.33173e-03 1.31348e-03 1.29528e-03 1.27717e-03 1.25920e-03 1.24143e-03 1.22389e-03 1.20665e-03 1.18975e-03 1.17323e-03 1.15714e-03 1.14152e-03 1.12640e-03 1.11182e-03 1.09780e-03 1.08437e-03 1.07154e-03 1.05933e-03 1.04774e-03 1.03678e-03 1.02644e-03 1.01671e-03 1.00758e-03 9.99039e-04 9.91056e-04 9.83609e-04 9.76671e-04 9.70209e-04 9.64190e-04 9.58577e-04 9.53333e-04 9.48419e-04 9.43796e-04 9.39425e-04 9.35264e-04 9.31274e-04 9.27417e-04 9.23655e-04 9.19950e-04 9.16267e-04 9.12572e-04 9.08832e-04 9.05018e-04 9.01101e-04 8.97054e-04 8.92852e-04 8.88473e-04 8.83897e-04 8.79104e-04 8.74080e-04 8.68808e-04 8.63278e-04 8.57478e-04 8.51400e-04 8.45037e-04 8.38384e-04 8.31438e-04 8.24196e-04 8.16657e-04 8.08824e-04 8.00699e-04 7.92284e-04 7.83584e-04 7.74607e-04 7.65358e-04 7.55846e-04 7.46079e-04 7.36068e-04 7.25822e-04 7.15353e-04 7.04673e-04 6.93794e-04 6.82729e-04 6.71492e-04 6.60097e-04 6.48557e-04 6.36887e-04 6.25102e-04 6.13217e-04 6.01246e-04 5.89205e-04 5.77108e-04 5.64971e-04 5.52808e-04 5.40635e-04 5.28465e-04 5.16312e-04 5.04191e-04 4.92115e-04 4.80097e-04 4.68150e-04 4.56286e-04 4.44517e-04 4.32854e-04 4.21308e-04 4.09888e-04 3.98604e-04 3.87465e-04 3.76479e-04 3.65653e-04 3.54995e-04 3.44511e-04 3.34206e-04 3.24085e-04 3.14152e-04 3.04411e-04 2.94865e-04 2.85517e-04 2.76367e-04 2.67419e-04 2.58672e-04 2.50127e-04 2.41783e-04 2.33640e-04 2.25697e-04 2.17952e-04 2.10404e-04 2.03050e-04 1.95888e-04 1.88916e-04 1.82130e-04 1.75528e-04 1.69106e-04 1.62861e-04 1.56790e-04 1.50888e-04 1.45153e-04 1.39580e-04 1.34167e-04 1.28908e-04 1.23802e-04 1.18844e-04 1.14030e-04 1.09358e-04 1.04823e-04 1.00423e-04 9.61544e-05 9.20139e-05 8.79988e-05 8.41060e-05 8.03328e-05 7.66765e-05 7.31345e-05 6.97045e-05 6.63839e-05 6.31707e-05 6.00626e-05 5.70575e-05 5.41535e-05 5.13487e-05 4.86412e-05 4.60292e-05 4.35111e-05 4.10852e-05 3.87498e-05 3.65034e-05 3.43443e-05 3.22712e-05 3.02824e-05 2.83765e-05 2.65519e-05 2.48072e-05 2.31408e-05 2.15512e-05 2.00369e-05 1.85962e-05 1.72276e-05 1.59294e-05 1.47000e-05 1.35376e-05 1.24406e-05 1.14071e-05 1.04353e-05 9.52333e-06 8.66935e-06 7.87138e-06 7.12745e-06 6.43557e-06 5.79372e-06 5.19980e-06 4.65176e-06 4.14749e-06 3.68490e-06 3.26187e-06 2.87629e-06 2.52605e-06 2.20907e-06 1.92327e-06 1.66663e-06 1.43712e-06 1.23279e-06 1.05172e-06 8.92053e-07 7.51971e-07 6.29751e-07 5.23730e-07 4.32328e-07 3.54040e-07 2.87451e-07 2.31243e-07 1.84162e-07 1.45074e-07 1.12920e-07 8.67363e-08 6.56501e-08 4.88771e-08 3.57147e-08 2.55452e-08 1.78232e-08 1.20771e-08 7.90132e-09 4.95139e-09 2.94051e-09 1.63006e-09 8.23781e-10 3.65896e-10 1.34183e-10 3.56901e-11 4.93340e-12 1.17509e-13
0.900442 8.40477e-02 1.41562e-01 1.21063e-01 1.00134e-01 7.95883e-02 6.05134e-02 4.40448e-02 3.09024e-02 2.11470e-02 1.43216e-02 9.75334e-03 6.79320e-03 4.92370e-03 3.77068e-03 3.07693e-03 2.67089e-03 2.44096e-03 2.31630e-03 2.25312e-03 2.22504e-03 2.21654e-03 2.21866e-03 2.22630e-03 2.23660e-03 2.24793e-03 2.25934e-03 2.27030e-03 2.28048e-03 2.28967e-03 2.29776e-03 2.30467e-03 2.31036e-03 2.31479e-03 2.31798e-03 2.31991e-03 2.32061e-03 2.32012e-03 2.31846e-03 2.31568e-03 2.31184e-03 2.30699e-03 2.30120e-03 2.29453e-03 2.28705e-03 2.27884e-03 2.26995e-03 2.26047e-03 2.25046e-03 2.23999e-03 2.22912e-03 2.21792e-03 2.20645e-03 2.19477e-03 2.18292e-03 2.17095e-03 2.15892e-03 2.14685e-03 2.13478e-03 2.12274e-03 2.11075e-03 2.09883e-03 2.08700e-03 2.07526e-03 2.06362e-03 2.05207e-03 2.04060e-03 2.02921e-03 2.01788e-03 2.00658e-03 1.99530e-03 1.98399e-03 1.97263e-03 1.96117e-03 1.94958e-03 1.93781e-03 1.92582e-03 1.91355e-03 1.90097e-03 1.88801e-03 1.87463e-03 1.86078e-03 1.84642e-03 1.83149e-03 1.81596e-03 1.79979e-03 1.78296e-03 1.76542e-03 1.74717e-03 1.72820e-03 1.70850e-03 1.68809e-03 1.66697e-03 1.64517e-03 1.62274e-03 1.59972e-03 1.57617e-03 1.55215e-03 1.52773e-03 1.50301e-03 1.47807e-03 1.45301e-03 1.42792e-03 1.40292e-03 1.37810e-03 1.35357e-03 1.32944e-03 1.30580e-03 1.28275e-03 1.26038e-03 1.23878e-03 1.21801e-03 1.19813e-03 1.17921e-03 1.16128e-03 1.14438e-03 1.12852e-03 1.11372e-03 1.09998e-03 1.08728e-03 1.07560e-03 1.06492e-03 1.05519e-03 1.04637e-03 1.03841e-03 1.03126e-03 1.02485e-03 1.01912e-03 1.01401e-03 1.00945e-03 1.00538e-03 1.00172e-03 9.98407e-04 9.95385e-04 9.92588e-04 9.89958e-04 9.87436e-04 9.84971e-04 9.82511e-04 9.80010e-04 9.77426e-04 9.74718e-04 9.71849e-04 9.68789e-04 9.65507e-04 9.61978e-04 9.58178e-04 9.54088e-04 9.49691e-04 9.44974e-04 9.39924e-04 9.34533e-04 9.28794e-04 9.22701e-04 9.16253e-04 9.09448e-04 9.02288e-04 8.94773e-04 8.86909e-04 8.78699e-04 8.70150e-04 8.61271e-04 8.52067e-04 8.42550e-04 8.32729e-04 8.22614e-04 8.12218e-04 8.01552e-04 7.90630e-04 7.79463e-04 7.68067e-04 7.56454e-04 7.44639e-04 7.32637e-04 7.20463e-04 7.08131e-04 6.95658e-04 6.83057e-04 6.70345e-04 6.57536e-04 6.44647e-04 6.31692e-04 6.18687e-04 6.05646e-04 5.92585e-04 5.79518e-04 5.66459e-04 5.53422e-04 5.40421e-04 5.27470e-04 5.14580e-04 5.01765e-04 4.89037e-04 4.76408e-04 4.63888e-04 4.51488e-04 4.39218e-04 4.27088e-04 4.15107e-04 4.03283e-04 3.91625e-04 3.80139e-04 3.68832e-04 3.57711e-04 3.46781e-04 3.36047e-04 3.25513e-04 3.15185e-04 3.05064e-04 2.95154e-04 2.85458e-04 2.75976e-04 2.66710e-04 2.57661e-04 2.48829e-04 2.40214e-04 2.31816e-04 2.23633e-04 2.15664e-04 2.07907e-04 2.00359e-04 1.93020e-04 1.85885e-04 1.78951e-04 1.72216e-04 1.65677e-04 1.59328e-04 1.53167e-04 1.47190e-04 1.41392e-04 1.35769e-04 1.30318e-04 1.25034e-04 1.19914e-04 1.14952e-04 1.10145e-04 1.05488e-04 1.00979e-04 9.66116e-05 9.23837e-05 8.82911e-05 8.43302e-05 8.04973e-05 7.67893e-05 7.32029e-05 6.97348e-05 6.63822e-05 6.31421e-05 6.00118e-05 5.69887e-05 5.40702e-05 5.12540e-05 4.85378e-05 4.59194e-05 4.33967e-05 4.09677e-05 3.86304e-05 3.63830e-05 3.42238e-05 3.21509e-05 3.01626e-05 2.82574e-05 2.64335e-05 2.46894e-05 2.30235e-05 2.14343e-05 1.99200e-05 1.84792e-05 1.71103e-05 1.58116e-05 1.45816e-05 1.34184e-05 1.23206e-05 1.12862e-05 1.03136e-05 9.40103e-06 8.54654e-06 7.74830e-06 7.00440e-06 6.31287e-06 5.67175e-06 5.07898e-06 4.53252e-06 4.03028e-06 3.57019e-06 3.15010e-06 2.76794e-06 2.42153e-06 2.10878e-06 1.82757e-06 1.57584e-06 1.35152e-06 1.15258e-06 9.77056e-07 8.23030e-07 6.88630e-07 5.72055e-07 4.71597e-07 3.85608e-07 3.12535e-07 2.50921e-07 1.99397e-07 1.56694e-07 1.21643e-07 9.31698e-08 7.03062e-08 5.21745e-08 3.79940e-08 2.70793e-08 1.88245e-08 1.27074e-08 8.28245e-09 5.17198e-09 3.06116e-09 1.69132e-09 8.52426e-10 3.77252e-10 1.37851e-10 3.66221e-11 5.37482e-12 1.45726e-13
1.000492 8.25119e-02 1.34227e-01 1.11601e-01 9.21053e-02 7.46255e-02 5.84307e-02 4.40705e-02 3.22058e-02 2.30478e-02 1.63519e-02 1.16392e-02 8.40714e-03 6.23493e-03 4.80347e-03 3.88043e-03 3.29970e-03 2.94440e-03 2.73404e-03 2.61454e-03 2.55053e-03 2.51952e-03 2.50752e-03 2.50603e-03 2.50999e-03 2.51638e-03 2.52345e-03 2.53019e-03 2.53602e-03 2.54060e-03 2.54378e-03 2.54549e-03 2.54570e-03 2.54445e-03 2.54178e-03 2.53777e-03 2.53249e-03 2.52604e-03 2.51853e-03 2.51004e-03 2.50070e-03 2.49061e-03 2.47987e-03 2.46858e-03 2.45686e-03 2.44480e-03 2.43249e-03 2.42002e-03 2.40747e-03 2.39491e-03 2.38242e-03 2.37004e-03 2.35784e-03 2.34586e-03 2.33414e-03 2.32271e-03 2.31160e-03 2.30083e-03 2.29040e-03 2.28032e-03 2.27058e-03 2.26118e-03 2.25210e-03 2.24331e-03 2.23479e-03 2.22650e-03 2.21839e-03 2.21041e-03 2.20252e-03 2.19464e-03 2.18671e-03 2.17866e-03 2.17040e-03 2.16186e-03 2.15294e-03 2.14356e-03 2.13363e-03 2.12304e-03 2.11171e-03 2.09955e-03 2.08646e-03 2.07235e-03 2.05714e-03 2.04077e-03 2.02316e-03 2.00426e-03 1.98402e-03 1.96243e-03 1.93945e-03 1.91511e-03 1.88941e-03 1.86240e-03 1.83413e-03 1.80469e-03 1.77416e-03 1.74268e-03 1.71035e-03 1.67734e-03 1.64380e-03 1.60991e-03 1.57584e-03 1.54178e-03 1.50793e-03 1.47447e-03 1.44159e-03 1.40946e-03 1.37825e-03 1.34813e-03 1.31923e-03 1.29167e-03 1.26557e-03 1.24100e-03 1.21803e-03 1.19671e-03 1.17704e-03 1.15905e-03 1.14270e-03 1.12797e-03 1.11480e-03 1.10312e-03 1.09285e-03 1.08392e-03 1.07621e-03 1.06963e-03 1.06406e-03 1.05941e-03 1.05555e-03 1.05238e-03 1.04980e-03 1.04769e-03 1.04596e-03 1.04453e-03 1.04329e-03 1.04216e-03 1.04109e-03 1.03998e-03 1.03879e-03 1.03745e-03 1.03593e-03 1.03416e-03 1.03212e-03 1.02978e-03 1.02710e-03 1.02407e-03 1.02066e-03 1.01686e-03 1.01266e-03 1.00804e-03 1.00302e-03 9.97574e-04 9.91712e-04 9.85435e-04 9.78746e-04 9.71650e-04 9.64153e-04 9.56265e-04 9.47993e-04 9.39349e-04 9.30342e-04 9.20986e-04 9.11292e-04 9.01273e-04 8.90942e-04 8.80314e-04 8.69403e-04 8.58223e-04 8.46789e-04 8.35115e-04 8.23218e-04 8.11112e-04 7.98812e-04 7.86333e-04 7.73692e-04 7.60904e-04 7.47983e-04 7.34944e-04 7.21803e-04 7.08575e-04 6.95275e-04 6.81915e-04 6.68512e-04 6.55078e-04 6.41628e-04 6.28174e-04 6.14729e-04 6.01306e-04 5.87917e-04 5.74573e-04 5.61286e-04 5.48067e-04 5.34924e-04 5.21870e-04 5.08912e-04 4.96060e-04 4.83323e-04 4.70707e-04 4.58222e-04 4.45874e-04 4.33669e-04 4.21615e-04 4.09717e-04 3.97982e-04 3.86414e-04 3.75018e-04 3.63800e-04 3.52763e-04 3.41911e-04 3.31249e-04 3.20780e-04 3.10507e-04 3.00433e-04 2.90560e-04 2.80891e-04 2.71428e-04 2.62172e-04 2.53125e-04 2.44288e-04 2.35661e-04 2.27245e-04 2.19040e-04 2.11045e-04 2.03260e-04 1.95683e-04 1.88314e-04 1.81151e-04 1.74191e-04 1.67432e-04 1.60872e-04 1.54507e-04 1.48336e-04 1.42353e-04 1.36557e-04 1.30942e-04 1.25506e-04 1.20244e-04 1.15153e-04 1.10227e-04 1.05464e-04 1.00858e-04 9.64051e-05 9.21018e-05 8.79437e-05 8.39267e-05 8.00467e-05 7.62998e-05 7.26823e-05 6.91903e-05 6.58203e-05 6.25687e-05 5.94324e-05 5.64081e-05 5.34926e-05 5.06829e-05 4.79765e-05 4.53704e-05 4.28622e-05 4.04493e-05 3.81295e-05 3.59006e-05 3.37603e-05 3.17066e-05 2.97377e-05 2.78515e-05 2.60463e-05 2.43203e-05 2.26718e-05 2.10991e-05 1.96006e-05 1.81747e-05 1.68196e-05 1.55339e-05 1.43159e-05 1.31640e-05 1.20764e-05 1.10517e-05 1.00881e-05 9.18386e-06 8.33722e-06 7.54643e-06 6.80965e-06 6.12499e-06 5.49057e-06 4.90442e-06 4.36456e-06 3.86898e-06 3.41562e-06 3.00241e-06 2.62724e-06 2.28800e-06 1.98258e-06 1.70885e-06 1.46471e-06 1.24806e-06 1.05684e-06 8.89023e-07 7.42640e-07 6.15763e-07 5.06528e-07 4.13157e-07 3.33958e-07 2.67321e-07 2.11739e-07 1.65810e-07 1.28237e-07 9.78306e-08 7.35151e-08 5.43183e-08 3.93775e-08 2.79353e-08 1.93297e-08 1.29865e-08 8.42474e-09 5.23755e-09 3.08550e-09 1.69769e-09 8.51860e-10 3.75990e-10 1.36538e-10 3.63780e-11 5.21937e-12 1.36126e-13
1.100541 7.85578e-02 1.24201e-01 1.02223e-01 8.51228e-02 7.00776e-02 5.61018e-02 4.35462e-02 3.29451e-02 2.45355e-02 1.81760e-02 1.35087e-02 1.01438e-02 7.75121e-03 6.07519e-03 4.92179e-03 4.14401e-03 3.63117e-03 3.30115e-03 3.09438e-03 2.96867e-03 2.89487e-03 2.85337e-03 2.83127e-03 2.82026e-03 2.81509e-03 2.81256e-03 2.81071e-03 2.80843e-03 2.80511e-03 2.80045e-03 2.79436e-03 2.78683e-03 2.77795e-03 2.76783e-03 2.75662e-03 2.74446e-03 2.73153e-03 2.71796e-03 2.70393e-03 2.68957e-03 2.67503e-03 2.66045e-03 2.64593e-03 2.63160e-03 2.61755e-03 2.60386e-03 2.59063e-03 2.57791e-03 2.56576e-03 2.55422e-03 2.54333e-03 2.53312e-03 2.52360e-03 2.51477e-03 2.50665e-03 2.49921e-03 2.49244e-03 2.48632e-03 2.48080e-03 2.47586e-03 2.47143e-03 2.46746e-03 2.46388e-03 2.46062e-03 2.45759e-03 2.45470e-03 2.45185e-03 2.44893e-03 2.44582e-03 2.44239e-03 2.43852e-03 2.43406e-03 2.42887e-03 2.42280e-03 2.41571e-03 2.40743e-03 2.39782e-03 2.38674e-03 2.37404e-03 2.35959e-03 2.34327e-03 2.32499e-03 2.30463e-03 2.28215e-03 2.25749e-03 2.23063e-03 2.20158e-03 2.17036e-03 2.13704e-03 2.10170e-03 2.06448e-03 2.02552e-03 1.98499e-03 1.94309e-03 1.90007e-03 1.85615e-03 1.81161e-03 1.76672e-03 1.72178e-03 1.67706e-03 1.63285e-03 1.58945e-03 1.54713e-03 1.50613e-03 1.46671e-03 1.42906e-03 1.39339e-03 1.35985e-03 1.32856e-03 1.29962e-03 1.27307e-03 1.24896e-03 1.22727e-03 1.20795e-03 1.19095e-03 1.17617e-03 1.16349e-03 1.15278e-03 1.14390e-03 1.13667e-03 1.13093e-03 1.12651e-03 1.12325e-03 1.12095e-03 1.11947e-03 1.11864e-03 1.11831e-03 1.11834e-03 1.11860e-03 1.11897e-03 1.11935e-03 1.11963e-03 1.11975e-03 1.11962e-03 1.11918e-03 1.11839e-03 1.11719e-03 1.11555e-03 1.11345e-03 1.11086e-03 1.10777e-03 1.10418e-03 1.10006e-03 1.09543e-03 1.09028e-03 1.08463e-03 1.07847e-03 1.07182e-03 1.06469e-03 1.05709e-03 1.04903e-03 1.04054e-03 1.03162e-03 1.02229e-03 1.01257e-03 1.00247e-03 9.92022e-04 9.81230e-04 9.70116e-04 9.58697e-04 9.46990e-04 9.35014e-04 9.22786e-04 9.10324e-04 8.97644e-04 8.84764e-04 8.71701e-04 8.58472e-04 8.45093e-04 8.31582e-04 8.17955e-04 8.04227e-04 7.90414e-04 7.76532e-04 7.62597e-04 7.48622e-04 7.34622e-04 7.20611e-04 7.06603e-04 6.92610e-04 6.78645e-04 6.64720e-04 6.50847e-04 6.37035e-04 6.23294e-04 6.09636e-04 5.96067e-04 5.82597e-04 5.69232e-04 5.55979e-04 5.42846e-04 5.29836e-04 5.16956e-04 5.04210e-04 4.91602e-04 4.79135e-04 4.66812e-04 4.54637e-04 4.42611e-04 4.30737e-04 4.19017e-04 4.07452e-04 3.96044e-04 3.84795e-04 3.73706e-04 3.62780e-04 3.52016e-04 3.41418e-04 3.30986e-04 3.20724e-04 3.10632e-04 3.00713e-04 2.90968e-04 2.81401e-04 2.72013e-04 2.62806e-04 2.53784e-04 2.44947e-04 2.36299e-04 2.27840e-04 2.19574e-04 2.11501e-04 2.03623e-04 1.95941e-04 1.88456e-04 1.81168e-04 1.74078e-04 1.67184e-04 1.60488e-04 1.53986e-04 1.47679e-04 1.41564e-04 1.35638e-04 1.29901e-04 1.24348e-04 1.18977e-04 1.13785e-04 1.08767e-04 1.03920e-04 9.92402e-05 9.47233e-05 9.03653e-05 8.61618e-05 8.21086e-05 7.82013e-05 7.44357e-05 7.08075e-05 6.73125e-05 6.39465e-05 6.07057e-05 5.75861e-05 5.45839e-05 5.16955e-05 4.89173e-05 4.62461e-05 4.36786e-05 4.12117e-05 3.88424e-05 3.65681e-05 3.43859e-05 3.22935e-05 3.02884e-05 2.83682e-05 2.65310e-05 2.47745e-05 2.30968e-05 2.14960e-05 1.99703e-05 1.85178e-05 1.71370e-05 1.58259e-05 1.45831e-05 1.34068e-05 1.22956e-05 1.12476e-05 1.02613e-05 9.33503e-06 8.46716e-06 7.65593e-06 6.89965e-06 6.19652e-06 5.54470e-06 4.94235e-06 4.38757e-06 3.87840e-06 3.41285e-06 2.98889e-06 2.60444e-06 2.25738e-06 1.94560e-06 1.66693e-06 1.41922e-06 1.20029e-06 1.00799e-06 8.40190e-07 6.94780e-07 5.69705e-07 4.62965e-07 3.72632e-07 2.96857e-07 2.33899e-07 1.82124e-07 1.39996e-07 1.06114e-07 7.92022e-08 5.81168e-08 4.18364e-08 2.94692e-08 2.02454e-08 1.35081e-08 8.70426e-09 5.37536e-09 3.14811e-09 1.72182e-09 8.59604e-10 3.77787e-10 1.36996e-10 3.59794e-11 4.99875e-12 1.28967e-13
1.200590 6.91762e-02 1.11959e-01 9.39034e-02 7.92291e-02 6.60112e-02 5.37019e-02 4.26185e-02 3.31941e-02 2.56178e-02 1.97527e-02 1.52942e-02 1.19324e-02 9.41592e-03 7.55211e-03 6.19082e-03 5.21264e-03 4.52206e-03 4.04341e-03 3.71782e-03 3.50037e-03 3.35760e-03 3.26508e-03 3.20541e-03 3.16647e-03 3.14005e-03 3.12073e-03 3.10503e-03 3.09083e-03 3.07690e-03 3.06257e-03 3.04755e-03 3.03176e-03 3.01527e-03 2.99820e-03 2.98072e-03 2.96303e-03 2.94530e-03 2.92773e-03 2.91047e-03 2.89367e-03 2.87748e-03 2.86200e-03 2.84735e-03 2.83361e-03 2.82085e-03 2.80914e-03 2.79851e-03 2.78901e-03 2.78064e-03 2.77343e-03 2.76738e-03 2.76247e-03 2.75868e-03 2.75599e-03 2.75435e-03 2.75372e-03 2.75403e-03 2.75522e-03 2.75719e-03 2.75986e-03 2.76312e-03 2.76684e-03 2.77089e-03 2.77513e-03 2.77939e-03 2.78349e-03 2.78725e-03 2.79047e-03 2.79294e-03 2.79443e-03 2.79471e-03 2.79357e-03 2.79076e-03 2.78606e-03 2.77924e-03 2.77009e-03 2.75842e-03 2.74405e-03 2.72683e-03 2.70664e-03 2.68337e-03 2.65698e-03 2.62744e-03 2.59476e-03 2.55899e-03 2.52023e-03 2.47861e-03 2.43429e-03 2.38747e-03 2.33840e-03 2.28732e-03 2.23453e-03 2.18034e-03 2.12508e-03 2.06910e-03 2.01275e-03 1.95638e-03 1.90036e-03 1.84505e-03 1.79079e-03 1.73790e-03 1.68671e-03 1.63752e-03 1.59057e-03 1.54612e-03 1.50435e-03 1.46545e-03 1.42953e-03 1.39668e-03 1.36695e-03 1.34035e-03 1.31683e-03 1.29633e-03 1.27874e-03 1.26391e-03 1.25168e-03 1.24185e-03 1.23420e-03 1.22852e-03 1.22457e-03 1.22210e-03 1.22087e-03 1.22066e-03 1.22123e-03 1.22238e-03 1.22391e-03 1.22563e-03 1.22738e-03 1.22902e-03 1.23042e-03 1.23148e-03 1.23209e-03 1.23219e-03 1.23173e-03 1.23064e-03 1.22891e-03 1.22650e-03 1.22342e-03 1.21964e-03 1.21519e-03 1.21005e-03 1.20425e-03 1.19781e-03 1.19073e-03 1.18305e-03 1.17479e-03 1.16596e-03 1.15660e-03 1.14674e-03 1.13638e-03 1.12557e-03 1.11432e-03 1.10267e-03 1.09063e-03 1.07822e-03 1.06549e-03 1.05243e-03 1.03909e-03 1.02548e-03 1.01161e-03 9.97527e-04 9.83233e-04 9.68753e-04 9.54107e-04 9.39315e-04 9.24396e-04 9.09368e-04 8.94250e-04 8.79060e-04 8.63815e-04 8.48533e-04 8.33232e-04 8.17926e-04 8.02632e-04 7.87366e-04 7.72143e-04 7.56977e-04 7.41882e-04 7.26870e-04 7.11955e-04 6.97148e-04 6.82460e-04 6.67900e-04 6.53478e-04 6.39202e-04 6.25079e-04 6.11116e-04 5.97319e-04 5.83691e-04 5.70237e-04 5.56959e-04 5.43860e-04 5.30940e-04 5.18200e-04 5.05640e-04 4.93258e-04 4.81054e-04 4.69026e-04 4.57171e-04 4.45486e-04 4.33969e-04 4.22616e-04 4.11425e-04 4.00392e-04 3.89514e-04 3.78788e-04 3.68211e-04 3.57782e-04 3.47498e-04 3.37357e-04 3.27358e-04 3.17502e-04 3.07786e-04 2.98213e-04 2.88782e-04 2.79495e-04 2.70354e-04 2.61362e-04 2.52520e-04 2.43833e-04 2.35302e-04 2.26933e-04 2.18728e-04 2.10691e-04 2.02825e-04 1.95135e-04 1.87623e-04 1.80292e-04 1.73145e-04 1.66185e-04 1.59412e-04 1.52829e-04 1.46436e-04 1.40233e-04 1.34220e-04 1.28397e-04 1.22762e-04 1.17314e-04 1.12049e-04 1.06966e-04 1.02062e-04 9.73321e-05 9.27739e-05 8.83830e-05 8.41552e-05 8.00862e-05 7.61715e-05 7.24065e-05 6.87866e-05 6.53072e-05 6.19637e-05 5.87516e-05 5.56664e-05 5.27037e-05 4.98592e-05 4.71290e-05 4.45090e-05 4.19954e-05 3.95846e-05 3.72731e-05 3.50577e-05 3.29351e-05 3.09025e-05 2.89570e-05 2.70959e-05 2.53169e-05 2.36175e-05 2.19955e-05 2.04488e-05 1.89754e-05 1.75734e-05 1.62410e-05 1.49764e-05 1.37779e-05 1.26440e-05 1.15730e-05 1.05633e-05 9.61346e-06 8.72180e-06 7.88683e-06 7.10692e-06 6.38048e-06 5.70585e-06 5.08135e-06 4.50523e-06 3.97574e-06 3.49101e-06 3.04919e-06 2.64829e-06 2.28635e-06 1.96131e-06 1.67106e-06 1.41348e-06 1.18642e-06 9.87653e-07 8.14993e-07 6.66252e-07 5.39247e-07 4.31837e-07 3.41908e-07 2.67436e-07 2.06487e-07 1.57230e-07 1.17944e-07 8.70496e-08 6.31210e-08 4.48868e-08 3.12322e-08 2.11978e-08 1.39791e-08 8.90875e-09 5.44631e-09 3.16000e-09 1.71404e-09 8.49152e-10 3.70337e-10 1.33257e-10 3.50414e-11 4.94054e-12 1.25243e-13
1.300639 6.45221e-02 1.04654e-01 8.70110e-02 7.25134e-02 6.05399e-02 4.98448e-02 4.02861e-02 3.21926e-02 2.56741e-02 2.05458e-02 1.65246e-02 1.33653e-02 1.08863e-02 8.95349e-03 7.46191e-03 6.32534e-03 5.47136e-03 4.83911e-03 4.37797e-03 4.04651e-03 3.81136e-03 3.64618e-03 3.53060e-03 3.44925e-03 3.39083e-03 3.34729e-03 3.31310e-03 3.28454e-03 3.25925e-03 3.23578e-03 3.21331e-03 3.19143e-03 3.16999e-03 3.14897e-03 3.12847e-03 3.10862e-03 3.08957e-03 3.07146e-03 3.05445e-03 3.03866e-03 3.02420e-03 3.01117e-03 2.99966e-03 2.98974e-03 2.98145e-03 2.97485e-03 2.96995e-03 2.96678e-03 2.96532e-03 2.96558e-03 2.96751e-03 2.97109e-03 2.97626e-03 2.98294e-03 2.99106e-03 3.00051e-03 3.01117e-03 3.02289e-03 3.03551e-03 3.04884e-03 3.06267e-03 3.07677e-03 3.09087e-03 3.10469e-03 3.11794e-03 3.13027e-03 3.14137e-03 3.15088e-03 3.15845e-03 3.16374e-03 3.16641e-03 3.16614e-03 3.16265e-03 3.15567e-03 3.14499e-03 3.13043e-03 3.11187e-03 3.08924e-03 3.06251e-03 3.03171e-03 2.99693e-03 2.95829e-03 2.91597e-03 2.87018e-03 2.82116e-03 2.76920e-03 2.71460e-03 2.65768e-03 2.59878e-03 2.53826e-03 2.47646e-03 2.41375e-03 2.35048e-03 2.28701e-03 2.22368e-03 2.16082e-03 2.09876e-03 2.03780e-03 1.97824e-03 1.92034e-03 1.86436e-03 1.81054e-03 1.75910e-03 1.71023e-03 1.66409e-03 1.62085e-03 1.58061e-03 1.54348e-03 1.50952e-03 1.47876e-03 1.45122e-03 1.42687e-03 1.40564e-03 1.38744e-03 1.37215e-03 1.35960e-03 1.34962e-03 1.34198e-03 1.33647e-03 1.33281e-03 1.33077e-03 1.33005e-03 1.33041e-03 1.33158e-03 1.33329e-03 1.33532e-03 1.33745e-03 1.33947e-03 1.34121e-03 1.34251e-03 1.34326e-03 1.34334e-03 1.34267e-03 1.34120e-03 1.33888e-03 1.33569e-03 1.33162e-03 1.32667e-03 1.32085e-03 1.31418e-03 1.30670e-03 1.29843e-03 1.28941e-03 1.27968e-03 1.26928e-03 1.25824e-03 1.24661e-03 1.23443e-03 1.22172e-03 1.20854e-03 1.19492e-03 1.18088e-03 1.16647e-03 1.15171e-03 1.13663e-03 1.12127e-03 1.10564e-03 1.08978e-03 1.07371e-03 1.05745e-03 1.04103e-03 1.02447e-03 1.00780e-03 9.91020e-04 9.74168e-04 9.57259e-04 9.40314e-04 9.23350e-04 9.06387e-04 8.89443e-04 8.72536e-04 8.55683e-04 8.38901e-04 8.22207e-04 8.05616e-04 7.89143e-04 7.72804e-04 7.56612e-04 7.40579e-04 7.24719e-04 7.09042e-04 6.93558e-04 6.78277e-04 6.63207e-04 6.48355e-04 6.33727e-04 6.19329e-04 6.05164e-04 5.91235e-04 5.77544e-04 5.64092e-04 5.50878e-04 5.37901e-04 5.25159e-04 5.12649e-04 5.00367e-04 4.88308e-04 4.76468e-04 4.64840e-04 4.53418e-04 4.42195e-04 4.31165e-04 4.20319e-04 4.09651e-04 3.99152e-04 3.88816e-04 3.78634e-04 3.68600e-04 3.58707e-04 3.48949e-04 3.39319e-04 3.29813e-04 3.20426e-04 3.11154e-04 3.01994e-04 2.92945e-04 2.84004e-04 2.75173e-04 2.66451e-04 2.57840e-04 2.49342e-04 2.40961e-04 2.32700e-04 2.24563e-04 2.16557e-04 2.08684e-04 2.00953e-04 1.93367e-04 1.85933e-04 1.78657e-04 1.71543e-04 1.64597e-04 1.57823e-04 1.51226e-04 1.44808e-04 1.38574e-04 1.32524e-04 1.26661e-04 1.20984e-04 1.15495e-04 1.10192e-04 1.05075e-04 1.00140e-04 9.53863e-05 9.08099e-05 8.64078e-05 8.21758e-05 7.81099e-05 7.42055e-05 7.04580e-05 6.68624e-05 6.34138e-05 6.01072e-05 5.69376e-05 5.38999e-05 5.09892e-05 4.82008e-05 4.55298e-05 4.29717e-05 4.05221e-05 3.81768e-05 3.59318e-05 3.37832e-05 3.17273e-05 2.97608e-05 2.78803e-05 2.60830e-05 2.43658e-05 2.27262e-05 2.11616e-05 1.96697e-05 1.82484e-05 1.68956e-05 1.56094e-05 1.43881e-05 1.32299e-05 1.21332e-05 1.10966e-05 1.01185e-05 9.19753e-06 8.33223e-06 7.52121e-06 6.76313e-06 6.05655e-06 5.40005e-06 4.79216e-06 4.23135e-06 3.71609e-06 3.24474e-06 2.81562e-06 2.42699e-06 2.07700e-06 1.76375e-06 1.48528e-06 1.23956e-06 1.02446e-06 8.37854e-07 6.77511e-07 5.41196e-07 4.26641e-07 3.31594e-07 2.53821e-07 1.91132e-07 1.41423e-07 1.02701e-07 7.31004e-08 5.09237e-08 3.46599e-08 2.29965e-08 1.48266e-08 9.24740e-09 5.54267e-09 3.16229e-09 1.69061e-09 8.27622e-10 3.57529e-10 1.27832e-10 3.34654e-11 4.69950e-12 1.19457e-13
1.400688 6.11759e-02 9.65116e-02 7.87549e-02 6.55245e-02 5.49429e-02 4.56298e-02 3.74878e-02 3.07193e-02 2.52804e-02 2.09234e-02 1.73942e-02 1.45108e-02 1.21513e-02 1.02284e-02 8.67373e-03 7.42996e-03 6.44690e-03 5.68002e-03 5.08985e-03 4.64186e-03 4.30624e-03 4.05766e-03 3.87505e-03 3.74127e-03 3.64280e-03 3.56930e-03 3.51307e-03 3.46858e-03 3.43196e-03 3.40059e-03 3.37277e-03 3.34744e-03 3.32399e-03 3.30212e-03 3.28170e-03 3.26275e-03 3.24533e-03 3.22958e-03 3.21561e-03 3.20357e-03 3.19359e-03 3.18578e-03 3.18026e-03 3.17710e-03 3.17638e-03 3.17815e-03 3.18244e-03 3.18926e-03 3.19860e-03 3.21042e-03 3.22466e-03 3.24124e-03 3.26004e-03 3.28090e-03 3.30363e-03 3.32801e-03 3.35374e-03 3.38052e-03 3.40795e-03 3.43563e-03 3.46308e-03 3.48980e-03 3.51526e-03 3.53889e-03 3.56013e-03 3.57844e-03 3.59329e-03 3.60420e-03 3.61075e-03 3.61257e-03 3.60939e-03 3.60102e-03 3.58736e-03 3.56837e-03 3.54412e-03 3.51474e-03 3.48042e-03 3.44141e-03 3.39800e-03 3.35054e-03 3.29939e-03 3.24492e-03 3.18753e-03 3.12762e-03 3.06559e-03 3.00182e-03 2.93669e-03 2.87057e-03 2.80381e-03 2.73673e-03 2.66964e-03 2.60282e-03 2.53654e-03 2.47104e-03 2.40655e-03 2.34327e-03 2.28139e-03 2.22108e-03 2.16248e-03 2.10575e-03 2.05101e-03 1.99837e-03 1.94793e-03 1.89979e-03 1.85403e-03 1.81072e-03 1.76993e-03 1.73171e-03 1.69610e-03 1.66314e-03 1.63285e-03 1.60524e-03 1.58031e-03 1.55803e-03 1.53837e-03 1.52127e-03 1.50663e-03 1.49436e-03 1.48430e-03 1.47631e-03 1.47019e-03 1.46573e-03 1.46270e-03 1.46086e-03 1.45994e-03 1.45968e-03 1.45984e-03 1.46015e-03 1.46040e-03 1.46037e-03 1.45986e-03 1.45872e-03 1.45682e-03 1.45405e-03 1.45033e-03 1.44561e-03 1.43987e-03 1.43310e-03 1.42531e-03 1.41652e-03 1.40677e-03 1.39612e-03 1.38460e-03 1.37227e-03 1.35919e-03 1.34543e-03 1.33102e-03 1.31603e-03 1.30052e-03 1.28452e-03 1.26810e-03 1.25128e-03 1.23412e-03 1.21665e-03 1.19891e-03 1.18093e-03 1.16274e-03 1.14437e-03 1.12585e-03 1.10721e-03 1.08846e-03 1.06964e-03 1.05076e-03 1.03186e-03 1.01294e-03 9.94025e-04 9.75143e-04 9.56310e-04 9.37543e-04 9.18861e-04 9.00283e-04 8.81826e-04 8.63506e-04 8.45340e-04 8.27344e-04 8.09532e-04 7.91919e-04 7.74519e-04 7.57343e-04 7.40404e-04 7.23711e-04 7.07276e-04 6.91105e-04 6.75207e-04 6.59588e-04 6.44253e-04 6.29206e-04 6.14451e-04 5.99989e-04 5.85821e-04 5.71947e-04 5.58366e-04 5.45075e-04 5.32071e-04 5.19350e-04 5.06908e-04 4.94738e-04 4.82834e-04 4.71189e-04 4.59795e-04 4.48644e-04 4.37726e-04 4.27033e-04 4.16554e-04 4.06279e-04 3.96198e-04 3.86301e-04 3.76577e-04 3.67016e-04 3.57606e-04 3.48339e-04 3.39204e-04 3.30193e-04 3.21296e-04 3.12507e-04 3.03817e-04 2.95221e-04 2.86714e-04 2.78292e-04 2.69952e-04 2.61694e-04 2.53515e-04 2.45418e-04 2.37405e-04 2.29478e-04 2.21642e-04 2.13903e-04 2.06265e-04 1.98737e-04 1.91324e-04 1.84035e-04 1.76877e-04 1.69857e-04 1.62984e-04 1.56264e-04 1.49704e-04 1.43310e-04 1.37087e-04 1.31041e-04 1.25174e-04 1.19489e-04 1.13989e-04 1.08675e-04 1.03547e-04 9.86038e-05 9.38447e-05 8.92672e-05 8.48687e-05 8.06456e-05 7.65941e-05 7.27099e-05 6.89882e-05 6.54240e-05 6.20121e-05 5.87473e-05 5.56240e-05 5.26367e-05 4.97801e-05 4.70487e-05 4.44373e-05 4.19406e-05 3.95538e-05 3.72720e-05 3.50906e-05 3.30052e-05 3.10117e-05 2.91063e-05 2.72851e-05 2.55448e-05 2.38821e-05 2.22942e-05 2.07781e-05 1.93314e-05 1.79517e-05 1.66369e-05 1.53850e-05 1.41942e-05 1.30629e-05 1.19894e-05 1.09726e-05 1.00108e-05 9.10299e-06 8.24789e-06 7.44441e-06 6.69139e-06 5.98774e-06 5.33231e-06 4.72393e-06 4.16146e-06 3.64369e-06 3.16929e-06 2.73689e-06 2.34504e-06 1.99218e-06 1.67668e-06 1.39678e-06 1.15063e-06 9.36252e-07 7.51561e-07 5.94393e-07 4.62462e-07 3.53397e-07 2.64774e-07 1.94146e-07 1.39054e-07 9.71011e-08 6.59880e-08 4.35632e-08 2.78917e-08 1.72900e-08 1.03530e-08 5.96386e-09 3.28192e-09 1.70296e-09 8.14473e-10 3.45821e-10 1.22275e-10 3.16622e-11 4.38206e-12 1.10827e-13
1.500737 5.83442e-02 8.80382e-02 7.01754e-02 5.84907e-02 4.93012e-02 4.12344e-02 3.44103e-02 2.89054e-02 2.44914e-02 2.08657e-02 1.78184e-02 1.52325e-02 1.30386e-02 1.11868e-02 9.63622e-03 8.35081e-03 7.29727e-03 6.44417e-03 5.76195e-03 5.22323e-03 4.80305e-03 4.47908e-03 4.23178e-03 4.04445e-03 3.90320e-03 3.79670e-03 3.71595e-03 3.65396e-03 3.60544e-03 3.56647e-03 3.53429e-03 3.50701e-03 3.48341e-03 3.46276e-03 3.44468e-03 3.42903e-03 3.41584e-03 3.40521e-03 3.39732e-03 3.39236e-03 3.39052e-03 3.39198e-03 3.39691e-03 3.40545e-03 3.41771e-03 3.43376e-03 3.45366e-03 3.47738e-03 3.50489e-03 3.53607e-03 3.57074e-03 3.60863e-03 3.64941e-03 3.69261e-03 3.73769e-03 3.78398e-03 3.83070e-03 3.87700e-03 3.92197e-03 3.96464e-03 4.00405e-03 4.03928e-03 4.06950e-03 4.09396e-03 4.11208e-03 4.12343e-03 4.12773e-03 4.12487e-03 4.11487e-03 4.09791e-03 4.07425e-03 4.04426e-03 4.00835e-03 3.96702e-03 3.92075e-03 3.87008e-03 3.81554e-03 3.75764e-03 3.69689e-03 3.63377e-03 3.56872e-03 3.50218e-03 3.43453e-03 3.36611e-03 3.29724e-03 3.22820e-03 3.15926e-03 3.09062e-03 3.02249e-03 2.95505e-03 2.88844e-03 2.82282e-03 2.75831e-03 2.69501e-03 2.63304e-03 2.57249e-03 2.51344e-03 2.45596e-03 2.40014e-03 2.34602e-03 2.29366e-03 2.24311e-03 2.19441e-03 2.14759e-03 2.10268e-03 2.05968e-03 2.01862e-03 1.97950e-03 1.94232e-03 1.90707e-03 1.87375e-03 1.84236e-03 1.81288e-03 1.78530e-03 1.75961e-03 1.73581e-03 1.71388e-03 1.69381e-03 1.67559e-03 1.65918e-03 1.64454e-03 1.63162e-03 1.62034e-03 1.61060e-03 1.60228e-03 1.59521e-03 1.58922e-03 1.58410e-03 1.57964e-03 1.57559e-03 1.57172e-03 1.56780e-03 1.56361e-03 1.55894e-03 1.55361e-03 1.54748e-03 1.54044e-03 1.53239e-03 1.52329e-03 1.51313e-03 1.50189e-03 1.48961e-03 1.47632e-03 1.46209e-03 1.44698e-03 1.43106e-03 1.41440e-03 1.39708e-03 1.37916e-03 1.36072e-03 1.34181e-03 1.32250e-03 1.30284e-03 1.28288e-03 1.26267e-03 1.24224e-03 1.22165e-03 1.20091e-03 1.18007e-03 1.15915e-03 1.13818e-03 1.11718e-03 1.09618e-03 1.07521e-03 1.05428e-03 1.03342e-03 1.01264e-03 9.91970e-04 9.71423e-04 9.51019e-04 9.30777e-04 9.10713e-04 8.90844e-04 8.71186e-04 8.51753e-04 8.32562e-04 8.13623e-04 7.94951e-04 7.76557e-04 7.58450e-04 7.40642e-04 7.23139e-04 7.05950e-04 6.89080e-04 6.72536e-04 6.56321e-04 6.40438e-04 6.24890e-04 6.09678e-04 5.94803e-04 5.80262e-04 5.66057e-04 5.52183e-04 5.38638e-04 5.25418e-04 5.12518e-04 4.99933e-04 4.87657e-04 4.75683e-04 4.64005e-04 4.52613e-04 4.41499e-04 4.30654e-04 4.20069e-04 4.09733e-04 3.99634e-04 3.89763e-04 3.80108e-04 3.70656e-04 3.61396e-04 3.52314e-04 3.43400e-04 3.34640e-04 3.26023e-04 3.17536e-04 3.09169e-04 3.00911e-04 2.92752e-04 2.84683e-04 2.76695e-04 2.68783e-04 2.60941e-04 2.53165e-04 2.45452e-04 2.37800e-04 2.30211e-04 2.22687e-04 2.15229e-04 2.07843e-04 2.00535e-04 1.93311e-04 1.86179e-04 1.79147e-04 1.72224e-04 1.65419e-04 1.58740e-04 1.52198e-04 1.45799e-04 1.39552e-04 1.33465e-04 1.27543e-04 1.21793e-04 1.16218e-04 1.10823e-04 1.05610e-04 1.00580e-04 9.57338e-05 9.10709e-05 8.65900e-05 8.22887e-05 7.81641e-05 7.42124e-05 7.04296e-05 6.68109e-05 6.33512e-05 6.00452e-05 5.68872e-05 5.38715e-05 5.09923e-05 4.82437e-05 4.56199e-05 4.31151e-05 4.07237e-05 3.84404e-05 3.62597e-05 3.41768e-05 3.21867e-05 3.02850e-05 2.84674e-05 2.67297e-05 2.50683e-05 2.34796e-05 2.19605e-05 2.05080e-05 1.91194e-05 1.77923e-05 1.65244e-05 1.53139e-05 1.41589e-05 1.30579e-05 1.20096e-05 1.10127e-05 1.00661e-05 9.16896e-06 8.32028e-06 7.51933e-06 6.76542e-06 6.05780e-06 5.39582e-06 4.77877e-06 4.20595e-06 3.67660e-06 3.18987e-06 2.74485e-06 2.34054e-06 1.97580e-06 1.64939e-06 1.35992e-06 1.10583e-06 8.85384e-07 6.96668e-07 5.37558e-07 4.05753e-07 2.98762e-07 2.13937e-07 1.48487e-07 9.95367e-08 6.42125e-08 3.97318e-08 2.35167e-08 1.32928e-08 7.17023e-09 3.68667e-09 1.79666e-09 8.16741e-10 3.34524e-10 1.15354e-10 2.94809e-11 4.09640e-12 1.03388e-13
1.600786 4.82816e-02 7.64460e-02 6.26306e-02 5.21471e-02 4.38558e-02 3.70052e-02 3.14987e-02 2.71463e-02 2.35959e-02 2.05645e-02 1.79148e-02 1.55933e-02 1.35716e-02 1.18258e-02 1.03318e-02 9.06569e-03 8.00352e-03 7.12167e-03 6.39700e-03 5.80718e-03 5.33125e-03 4.95027e-03 4.64769e-03 4.40934e-03 4.22315e-03 4.07882e-03 3.96754e-03 3.88196e-03 3.81599e-03 3.76483e-03 3.72477e-03 3.69311e-03 3.66796e-03 3.64811e-03 3.63286e-03 3.62186e-03 3.61506e-03 3.61254e-03 3.61453e-03 3.62129e-03 3.63310e-03 3.65027e-03 3.67306e-03 3.70169e-03 3.73635e-03 3.77713e-03 3.82403e-03 3.87688e-03 3.93539e-03 3.99902e-03 4.06703e-03 4.13842e-03 4.21193e-03 4.28610e-03 4.35929e-03 4.42976e-03 4.49581e-03 4.55581e-03 4.60837e-03 4.65235e-03 4.68694e-03 4.71166e-03 4.72634e-03 4.73109e-03 4.72625e-03 4.71234e-03 4.68999e-03 4.65991e-03 4.62287e-03 4.57964e-03 4.53099e-03 4.47768e-03 4.42042e-03 4.35986e-03 4.29662e-03 4.23125e-03 4.16423e-03 4.09599e-03 4.02689e-03 3.95726e-03 3.88736e-03 3.81741e-03 3.74761e-03 3.67809e-03 3.60901e-03 3.54047e-03 3.47256e-03 3.40538e-03 3.33899e-03 3.27347e-03 3.20889e-03 3.14531e-03 3.08279e-03 3.02140e-03 2.96120e-03 2.90224e-03 2.84458e-03 2.78828e-03 2.73338e-03 2.67993e-03 2.62798e-03 2.57755e-03 2.52867e-03 2.48137e-03 2.43565e-03 2.39153e-03 2.34900e-03 2.30804e-03 2.26865e-03 2.23078e-03 2.19441e-03 2.15951e-03 2.12602e-03 2.09389e-03 2.06309e-03 2.03355e-03 2.00523e-03 1.97809e-03 1.95208e-03 1.92718e-03 1.90336e-03 1.88061e-03 1.85893e-03 1.83832e-03 1.81881e-03 1.80041e-03 1.78313e-03 1.76698e-03 1.75196e-03 1.73803e-03 1.72512e-03 1.71316e-03 1.70200e-03 1.69150e-03 1.68145e-03 1.67166e-03 1.66191e-03 1.65197e-03 1.64164e-03 1.63074e-03 1.61909e-03 1.60659e-03 1.59314e-03 1.57869e-03 1.56324e-03 1.54678e-03 1.52937e-03 1.51106e-03 1.49192e-03 1.47203e-03 1.45148e-03 1.43034e-03 1.40871e-03 1.38665e-03 1.36425e-03 1.34155e-03 1.31862e-03 1.29551e-03 1.27227e-03 1.24894e-03 1.22555e-03 1.20215e-03 1.17876e-03 1.15541e-03 1.13212e-03 1.10893e-03 1.08585e-03 1.06290e-03 1.04012e-03 1.01752e-03 9.95110e-04 9.72920e-04 9.50964e-04 9.29259e-04 9.07821e-04 8.86663e-04 8.65800e-04 8.45244e-04 8.25006e-04 8.05096e-04 7.85524e-04 7.66297e-04 7.47422e-04 7.28905e-04 7.10751e-04 6.92963e-04 6.75545e-04 6.58498e-04 6.41823e-04 6.25521e-04 6.09592e-04 5.94034e-04 5.78846e-04 5.64025e-04 5.49570e-04 5.35475e-04 5.21737e-04 5.08353e-04 4.95316e-04 4.82621e-04 4.70262e-04 4.58232e-04 4.46524e-04 4.35130e-04 4.24041e-04 4.13247e-04 4.02740e-04 3.92508e-04 3.82539e-04 3.72823e-04 3.63346e-04 3.54096e-04 3.45058e-04 3.36219e-04 3.27565e-04 3.19081e-04 3.10754e-04 3.02569e-04 2.94513e-04 2.86573e-04 2.78735e-04 2.70990e-04 2.63328e-04 2.55738e-04 2.48215e-04 2.40753e-04 2.33347e-04 2.25996e-04 2.18700e-04 2.11459e-04 2.04278e-04 1.97161e-04 1.90114e-04 1.83145e-04 1.76261e-04 1.69473e-04 1.62790e-04 1.56222e-04 1.49778e-04 1.43470e-04 1.37306e-04 1.31294e-04 1.25443e-04 1.19760e-04 1.14249e-04 1.08917e-04 1.03767e-04 9.88002e-05 9.40187e-05 8.94223e-05 8.50103e-05 8.07805e-05 7.67302e-05 7.28556e-05 6.91526e-05 6.56162e-05 6.22412e-05 5.90217e-05 5.59519e-05 5.30254e-05 5.02360e-05 4.75773e-05 4.50430e-05 4.26268e-05 4.03227e-05 3.81246e-05 3.60267e-05 3.40235e-05 3.21099e-05 3.02806e-05 2.85311e-05 2.68570e-05 2.52541e-05 2.37186e-05 2.22471e-05 2.08364e-05 1.94836e-05 1.81863e-05 1.69421e-05 1.57492e-05 1.46058e-05 1.35106e-05 1.24623e-05 1.14600e-05 1.05030e-05 9.59075e-06 8.72270e-06 7.89864e-06 7.11835e-06 6.38170e-06 5.68856e-06 5.03882e-06 4.43242e-06 3.86924e-06 3.34902e-06 2.87149e-06 2.43620e-06 2.04261e-06 1.68997e-06 1.37733e-06 1.10349e-06 8.67012e-07 6.66153e-07 4.98836e-07 3.62622e-07 2.54700e-07 1.71925e-07 1.10852e-07 6.78099e-08 3.90774e-08 2.10824e-08 1.06039e-08 4.97009e-09 2.17936e-09 8.95729e-10 3.39525e-10 1.11553e-10 2.77440e-11 3.78693e-12 9.70175e-14
1.700836 4.19864e-02 6.71115e-02 5.50036e-02 4.53793e-02 3.81729e-02 3.26467e-02 2.84185e-02 2.50909e-02 2.22655e-02 1.97251e-02 1.74152e-02 1.53400e-02 1.35050e-02 1.19045e-02 1.05241e-02 9.34478e-03 8.34656e-03 7.50889e-03 6.81091e-03 6.23182e-03 5.75230e-03 5.35578e-03 5.02878e-03 4.76049e-03 4.54199e-03 4.36565e-03 4.22471e-03 4.11318e-03 4.02577e-03 3.95799e-03 3.90609e-03 3.86714e-03 3.83894e-03 3.81993e-03 3.80914e-03 3.80605e-03 3.81052e-03 3.82267e-03 3.84280e-03 3.87137e-03 3.90888e-03 3.95583e-03 4.01266e-03 4.07962e-03 4.15673e-03 4.24364e-03 4.33951e-03 4.44293e-03 4.55192e-03 4.66390e-03 4.77589e-03 4.88466e-03 4.98702e-03 5.08005e-03 5.16138e-03 5.22931e-03 5.28286e-03 5.32169e-03 5.34606e-03 5.35665e-03 5.35442e-03 5.34052e-03 5.31617e-03 5.28262e-03 5.24111e-03 5.19280e-03 5.13881e-03 5.08012e-03 5.01766e-03 4.95224e-03 4.88455e-03 4.81521e-03 4.74471e-03 4.67349e-03 4.60187e-03 4.53014e-03 4.45851e-03 4.38714e-03 4.31618e-03 4.24570e-03 4.17580e-03 4.10651e-03 4.03788e-03 3.96994e-03 3.90273e-03 3.83625e-03 3.77055e-03 3.70563e-03 3.64153e-03 3.57828e-03 3.51591e-03 3.45445e-03 3.39395e-03 3.33444e-03 3.27597e-03 3.21858e-03 3.16230e-03 3.10719e-03 3.05328e-03 3.00060e-03 2.94919e-03 2.89907e-03 2.85027e-03 2.80280e-03 2.75667e-03 2.71188e-03 2.66842e-03 2.62630e-03 2.58548e-03 2.54594e-03 2.50766e-03 2.47060e-03 2.43471e-03 2.39994e-03 2.36625e-03 2.33358e-03 2.30186e-03 2.27104e-03 2.24104e-03 2.21181e-03 2.18326e-03 2.15533e-03 2.12797e-03 2.10110e-03 2.07468e-03 2.04866e-03 2.02302e-03 1.99774e-03 1.97283e-03 1.94831e-03 1.92423e-03 1.90066e-03 1.87768e-03 1.85535e-03 1.83378e-03 1.81302e-03 1.79312e-03 1.77409e-03 1.75590e-03 1.73847e-03 1.72167e-03 1.70533e-03 1.68928e-03 1.67329e-03 1.65715e-03 1.64067e-03 1.62366e-03 1.60599e-03 1.58756e-03 1.56830e-03 1.54821e-03 1.52730e-03 1.50561e-03 1.48322e-03 1.46018e-03 1.43661e-03 1.41257e-03 1.38815e-03 1.36344e-03 1.33851e-03 1.31341e-03 1.28821e-03 1.26295e-03 1.23769e-03 1.21245e-03 1.18729e-03 1.16222e-03 1.13727e-03 1.11248e-03 1.08787e-03 1.06346e-03 1.03927e-03 1.01532e-03 9.91641e-04 9.68238e-04 9.45131e-04 9.22337e-04 8.99869e-04 8.77741e-04 8.55962e-04 8.34545e-04 8.13496e-04 7.92825e-04 7.72536e-04 7.52636e-04 7.33128e-04 7.14016e-04 6.95301e-04 6.76985e-04 6.59069e-04 6.41552e-04 6.24433e-04 6.07713e-04 5.91389e-04 5.75458e-04 5.59920e-04 5.44771e-04 5.30008e-04 5.15629e-04 5.01629e-04 4.88005e-04 4.74752e-04 4.61867e-04 4.49343e-04 4.37175e-04 4.25356e-04 4.13881e-04 4.02739e-04 3.91924e-04 3.81425e-04 3.71232e-04 3.61333e-04 3.51716e-04 3.42367e-04 3.33273e-04 3.24418e-04 3.15786e-04 3.07362e-04 2.99128e-04 2.91069e-04 2.83168e-04 2.75408e-04 2.67775e-04 2.60253e-04 2.52828e-04 2.45490e-04 2.38228e-04 2.31033e-04 2.23899e-04 2.16821e-04 2.09796e-04 2.02825e-04 1.95910e-04 1.89055e-04 1.82264e-04 1.75545e-04 1.68906e-04 1.62357e-04 1.55908e-04 1.49570e-04 1.43352e-04 1.37266e-04 1.31320e-04 1.25526e-04 1.19890e-04 1.14421e-04 1.09124e-04 1.04005e-04 9.90666e-05 9.43120e-05 8.97422e-05 8.53571e-05 8.11555e-05 7.71352e-05 7.32930e-05 6.96251e-05 6.61266e-05 6.27924e-05 5.96165e-05 5.65929e-05 5.37151e-05 5.09766e-05 4.83704e-05 4.58898e-05 4.35281e-05 4.12788e-05 3.91352e-05 3.70911e-05 3.51404e-05 3.32772e-05 3.14959e-05 2.97913e-05 2.81584e-05 2.65926e-05 2.50895e-05 2.36453e-05 2.22562e-05 2.09191e-05 1.96311e-05 1.83895e-05 1.71922e-05 1.60375e-05 1.49237e-05 1.38498e-05 1.28149e-05 1.18184e-05 1.08601e-05 9.93995e-06 9.05816e-06 8.21508e-06 7.41122e-06 6.64723e-06 5.92391e-06 5.24191e-06 4.60198e-06 4.00487e-06 3.45120e-06 2.94146e-06 2.47600e-06 2.05497e-06 1.67826e-06 1.34546e-06 1.05580e-06 8.08115e-07 6.00730e-07 4.31455e-07 2.97484e-07 1.95392e-07 1.21123e-07 7.00835e-08 3.73814e-08 1.81462e-08 7.93167e-09 3.11193e-09 1.10700e-09 3.62835e-10 1.07666e-10 2.54588e-11 3.43154e-12 8.80810e-14
1.800885 3.95140e-02 5.95699e-02 4.69442e-02 3.85934e-02 3.28617e-02 2.86483e-02 2.54923e-02 2.29452e-02 2.06555e-02 1.84903e-02 1.64595e-02 1.46061e-02 1.29572e-02 1.15184e-02 1.02808e-02 9.22838e-03 8.34251e-03 7.60194e-03 6.98368e-03 6.46540e-03 6.02795e-03 5.65635e-03 5.33947e-03 5.06917e-03 4.83933e-03 4.64521e-03 4.48294e-03 4.34915e-03 4.24083e-03 4.15525e-03 4.08994e-03 4.04277e-03 4.01201e-03 3.99637e-03 3.99505e-03 4.00772e-03 4.03453e-03 4.07599e-03 4.13289e-03 4.20612e-03 4.29644e-03 4.40418e-03 4.52889e-03 4.66903e-03 4.82169e-03 4.98258e-03 5.14627e-03 5.30666e-03 5.45773e-03 5.59415e-03 5.71190e-03 5.80847e-03 5.88289e-03 5.93543e-03 5.96729e-03 5.98024e-03 5.97633e-03 5.95770e-03 5.92642e-03 5.88446e-03 5.83363e-03 5.77557e-03 5.71171e-03 5.64334e-03 5.57154e-03 5.49727e-03 5.42130e-03 5.34429e-03 5.26677e-03 5.18917e-03 5.11183e-03 5.03500e-03 4.95890e-03 4.88365e-03 4.80937e-03 4.73610e-03 4.66390e-03 4.59277e-03 4.52271e-03 4.45370e-03 4.38571e-03 4.31874e-03 4.25273e-03 4.18766e-03 4.12351e-03 4.06025e-03 3.99787e-03 3.93635e-03 3.87568e-03 3.81588e-03 3.75694e-03 3.69887e-03 3.64170e-03 3.58544e-03 3.53011e-03 3.47575e-03 3.42237e-03 3.36999e-03 3.31865e-03 3.26835e-03 3.21913e-03 3.17098e-03 3.12393e-03 3.07796e-03 3.03309e-03 2.98930e-03 2.94659e-03 2.90493e-03 2.86430e-03 2.82469e-03 2.78605e-03 2.74835e-03 2.71156e-03 2.67564e-03 2.64054e-03 2.60622e-03 2.57264e-03 2.53975e-03 2.50750e-03 2.47585e-03 2.44475e-03 2.41416e-03 2.38402e-03 2.35429e-03 2.32491e-03 2.29584e-03 2.26702e-03 2.23841e-03 2.20994e-03 2.18157e-03 2.15323e-03 2.12489e-03 2.09650e-03 2.06803e-03 2.03946e-03 2.01080e-03 1.98207e-03 1.95333e-03 1.92466e-03 1.89618e-03 1.86802e-03 1.84033e-03 1.81326e-03 1.78694e-03 1.76150e-03 1.73698e-03 1.71340e-03 1.69072e-03 1.66882e-03 1.64754e-03 1.62670e-03 1.60606e-03 1.58542e-03 1.56458e-03 1.54336e-03 1.52164e-03 1.49934e-03 1.47643e-03 1.45290e-03 1.42881e-03 1.40420e-03 1.37915e-03 1.35374e-03 1.32805e-03 1.30217e-03 1.27615e-03 1.25006e-03 1.22396e-03 1.19790e-03 1.17191e-03 1.14605e-03 1.12033e-03 1.09479e-03 1.06946e-03 1.04435e-03 1.01950e-03 9.94930e-04 9.70649e-04 9.46679e-04 9.23035e-04 8.99733e-04 8.76785e-04 8.54203e-04 8.31996e-04 8.10173e-04 7.88742e-04 7.67708e-04 7.47076e-04 7.26849e-04 7.07031e-04 6.87623e-04 6.68625e-04 6.50039e-04 6.31864e-04 6.14100e-04 5.96745e-04 5.79799e-04 5.63259e-04 5.47124e-04 5.31393e-04 5.16065e-04 5.01136e-04 4.86606e-04 4.72473e-04 4.58735e-04 4.45389e-04 4.32432e-04 4.19862e-04 4.07675e-04 3.95865e-04 3.84428e-04 3.73355e-04 3.62640e-04 3.52274e-04 3.42244e-04 3.32539e-04 3.23146e-04 3.14049e-04 3.05231e-04 2.96675e-04 2.88362e-04 2.80272e-04 2.72385e-04 2.64682e-04 2.57142e-04 2.49746e-04 2.42476e-04 2.35316e-04 2.28250e-04 2.21265e-04 2.14351e-04 2.07500e-04 2.00707e-04 1.93970e-04 1.87287e-04 1.80663e-04 1.74101e-04 1.67608e-04 1.61193e-04 1.54866e-04 1.48637e-04 1.42517e-04 1.36519e-04 1.30652e-04 1.24928e-04 1.19356e-04 1.13946e-04 1.08705e-04 1.03638e-04 9.87522e-05 9.40493e-05 8.95319e-05 8.52006e-05 8.10548e-05 7.70926e-05 7.33111e-05 6.97065e-05 6.62740e-05 6.30082e-05 5.99031e-05 5.69524e-05 5.41492e-05 5.14866e-05 4.89572e-05 4.65541e-05 4.42700e-05 4.20976e-05 4.00300e-05 3.80605e-05 3.61823e-05 3.43892e-05 3.26750e-05 3.10338e-05 2.94603e-05 2.79491e-05 2.64955e-05 2.50949e-05 2.37432e-05 2.24367e-05 2.11719e-05 1.99459e-05 1.87562e-05 1.76005e-05 1.64771e-05 1.53848e-05 1.43227e-05 1.32903e-05 1.22875e-05 1.13146e-05 1.03725e-05 9.46212e-06 8.58471e-06 7.74185e-06 6.93531e-06 6.16694e-06 5.43866e-06 4.75240e-06 4.11008e-06 3.51348e-06 2.96416e-06 2.46340e-06 2.01219e-06 1.61109e-06 1.26017e-06 9.58901e-07 7.06125e-07 4.99920e-07 3.37450e-07 2.14886e-07 1.27393e-07 6.91586e-08 3.37041e-08 1.44205e-08 5.30191e-09 1.65849e-09 4.51296e-10 1.11477e-10 2.37036e-11 3.00448e-12 7.30730e-14
1.900934 3.18932e-02 4.93159e-02 3.96705e-02 3.29659e-02 2.84719e-02 2.53709e-02 2.30672e-02 2.10854e-02 1.91654e-02 1.72622e-02 1.54353e-02 1.37536e-02 1.22587e-02 1.09645e-02 9.86686e-03 8.95117e-03 8.19518e-03 7.57137e-03 7.05197e-03 6.61336e-03 6.23759e-03 5.91167e-03 5.62634e-03 5.37514e-03 5.15371e-03 4.95926e-03 4.79012e-03 4.64535e-03 4.52443e-03 4.42712e-03 4.35327e-03 4.30287e-03 4.27607e-03 4.27333e-03 4.29550e-03 4.34389e-03 4.42015e-03 4.52596e-03 4.66240e-03 4.82909e-03 5.02325e-03 5.23907e-03 5.46772e-03 5.69820e-03 5.91893e-03 6.11949e-03 6.29208e-03 6.43215e-03 6.53829e-03 6.61157e-03 6.65467e-03 6.67114e-03 6.66475e-03 6.63918e-03 6.59778e-03 6.54351e-03 6.47892e-03 6.40621e-03 6.32724e-03 6.24358e-03 6.15656e-03 6.06730e-03 5.97674e-03 5.88564e-03 5.79465e-03 5.70428e-03 5.61496e-03 5.52699e-03 5.44062e-03 5.35602e-03 5.27330e-03 5.19254e-03 5.11374e-03 5.03690e-03 4.96198e-03 4.88892e-03 4.81764e-03 4.74805e-03 4.68006e-03 4.61357e-03 4.54850e-03 4.48474e-03 4.42221e-03 4.36083e-03 4.30054e-03 4.24128e-03 4.18299e-03 4.12565e-03 4.06921e-03 4.01367e-03 3.95900e-03 3.90521e-03 3.85229e-03 3.80025e-03 3.74910e-03 3.69884e-03 3.64949e-03 3.60105e-03 3.55354e-03 3.50694e-03 3.46127e-03 3.41652e-03 3.37268e-03 3.32975e-03 3.28769e-03 3.24651e-03 3.20616e-03 3.16662e-03 3.12786e-03 3.08984e-03 3.05252e-03 3.01586e-03 2.97983e-03 2.94438e-03 2.90947e-03 2.87506e-03 2.84111e-03 2.80758e-03 2.77444e-03 2.74165e-03 2.70918e-03 2.67701e-03 2.64510e-03 2.61344e-03 2.58200e-03 2.55077e-03 2.51972e-03 2.48885e-03 2.45813e-03 2.42756e-03 2.39711e-03 2.36678e-03 2.33654e-03 2.30637e-03 2.27624e-03 2.24614e-03 2.21602e-03 2.18583e-03 2.15555e-03 2.12510e-03 2.09445e-03 2.06353e-03 2.03232e-03 2.00077e-03 1.96890e-03 1.93674e-03 1.90434e-03 1.87183e-03 1.83936e-03 1.80713e-03 1.77534e-03 1.74423e-03 1.71399e-03 1.68481e-03 1.65679e-03 1.62997e-03 1.60431e-03 1.57970e-03 1.55595e-03 1.53283e-03 1.51008e-03 1.48745e-03 1.46471e-03 1.44168e-03 1.41823e-03 1.39428e-03 1.36981e-03 1.34485e-03 1.31944e-03 1.29367e-03 1.26760e-03 1.24132e-03 1.21492e-03 1.18848e-03 1.16205e-03 1.13570e-03 1.10947e-03 1.08342e-03 1.05758e-03 1.03198e-03 1.00665e-03 9.81598e-04 9.56858e-04 9.32441e-04 9.08359e-04 8.84626e-04 8.61250e-04 8.38239e-04 8.15601e-04 7.93340e-04 7.71463e-04 7.49973e-04 7.28874e-04 7.08169e-04 6.87860e-04 6.67950e-04 6.48440e-04 6.29333e-04 6.10629e-04 5.92332e-04 5.74442e-04 5.56961e-04 5.39892e-04 5.23235e-04 5.06994e-04 4.91170e-04 4.75766e-04 4.60784e-04 4.46226e-04 4.32093e-04 4.18389e-04 4.05113e-04 3.92267e-04 3.79849e-04 3.67857e-04 3.56288e-04 3.45136e-04 3.34394e-04 3.24051e-04 3.14096e-04 3.04514e-04 2.95286e-04 2.86394e-04 2.77815e-04 2.69526e-04 2.61500e-04 2.53712e-04 2.46134e-04 2.38741e-04 2.31506e-04 2.24406e-04 2.17419e-04 2.10527e-04 2.03713e-04 1.96966e-04 1.90279e-04 1.83646e-04 1.77068e-04 1.70548e-04 1.64092e-04 1.57709e-04 1.51410e-04 1.45207e-04 1.39114e-04 1.33145e-04 1.27313e-04 1.21631e-04 1.16110e-04 1.10761e-04 1.05592e-04 1.00610e-04 9.58212e-05 9.12274e-05 8.68305e-05 8.26303e-05 7.86250e-05 7.48116e-05 7.11857e-05 6.77421e-05 6.44747e-05 6.13766e-05 5.84405e-05 5.56587e-05 5.30234e-05 5.05265e-05 4.81598e-05 4.59154e-05 4.37853e-05 4.17617e-05 3.98370e-05 3.80038e-05 3.62552e-05 3.45844e-05 3.29848e-05 3.14502e-05 2.99748e-05 2.85530e-05 2.71797e-05 2.58499e-05 2.45593e-05 2.33036e-05 2.20793e-05 2.08831e-05 1.97121e-05 1.85642e-05 1.74374e-05 1.63307e-05 1.52432e-05 1.41750e-05 1.31266e-05 1.20990e-05 1.10940e-05 1.01139e-05 9.16130e-06 8.23937e-06 7.35154e-06 6.50154e-06 5.69317e-06 4.93023e-06 4.21639e-06 3.55503e-06 2.94912e-06 2.40113e-06 1.91288e-06 1.48538e-06 1.11878e-06 8.12196e-07 5.63676e-07 3.69982e-07 2.26454e-07 1.26884e-07 6.35561e-08 2.76141e-08 1.00384e-08 2.94133e-09 6.83781e-10 1.32999e-10 2.32770e-11 2.74866e-12 6.32864e-14
2.000983 2.62470e-02 4.09615e-02 3.34860e-02 2.82985e-02 2.49175e-02 2.26735e-02 2.09711e-02 1.93867e-02 1.77348e-02 1.60249e-02 1.43515e-02 1.28065e-02 1.14457e-02 1.02904e-02 9.33779e-03 8.56730e-03 7.94639e-03 7.43976e-03 7.01762e-03 6.65844e-03 6.34751e-03 6.07465e-03 5.83265e-03 5.61652e-03 5.42301e-03 5.25039e-03 5.09812e-03 4.96667e-03 4.85736e-03 4.77228e-03 4.71428e-03 4.68702e-03 4.69499e-03 4.74348e-03 4.83803e-03 4.98332e-03 5.18112e-03 5.42799e-03 5.71354e-03 6.02074e-03 6.32854e-03 6.61604e-03 6.86645e-03 7.06935e-03 7.22092e-03 7.32263e-03 7.37941e-03 7.39784e-03 7.38477e-03 7.34647e-03 7.28831e-03 7.21462e-03 7.12890e-03 7.03393e-03 6.93198e-03 6.82494e-03 6.71438e-03 6.60168e-03 6.48797e-03 6.37425e-03 6.26136e-03 6.14996e-03 6.04064e-03 5.93382e-03 5.82983e-03 5.72892e-03 5.63122e-03 5.53683e-03 5.44576e-03 5.35796e-03 5.27337e-03 5.19188e-03 5.11333e-03 5.03758e-03 4.96445e-03 4.89378e-03 4.82538e-03 4.75908e-03 4.69472e-03 4.63213e-03 4.57117e-03 4.51171e-03 4.45363e-03 4.39683e-03 4.34122e-03 4.28672e-03 4.23329e-03 4.18087e-03 4.12943e-03 4.07895e-03 4.02940e-03 3.98078e-03 3.93308e-03 3.88629e-03 3.84041e-03 3.79543e-03 3.75135e-03 3.70816e-03 3.66584e-03 3.62439e-03 3.58378e-03 3.54399e-03 3.50500e-03 3.46676e-03 3.42925e-03 3.39242e-03 3.35624e-03 3.32066e-03 3.28564e-03 3.25112e-03 3.21707e-03 3.18344e-03 3.15018e-03 3.11725e-03 3.08461e-03 3.05222e-03 3.02004e-03 2.98806e-03 2.95622e-03 2.92452e-03 2.89292e-03 2.86141e-03 2.82996e-03 2.79856e-03 2.76719e-03 2.73585e-03 2.70453e-03 2.67321e-03 2.64190e-03 2.61060e-03 2.57930e-03 2.54801e-03 2.51673e-03 2.48549e-03 2.45428e-03 2.42313e-03 2.39204e-03 2.36103e-03 2.33011e-03 2.29930e-03 2.26860e-03 2.23802e-03 2.20755e-03 2.17718e-03 2.14689e-03 2.11664e-03 2.08639e-03 2.05607e-03 2.02560e-03 1.99491e-03 1.96389e-03 1.93246e-03 1.90055e-03 1.86810e-03 1.83513e-03 1.80167e-03 1.76786e-03 1.73389e-03 1.70002e-03 1.66653e-03 1.63375e-03 1.60197e-03 1.57146e-03 1.54238e-03 1.51481e-03 1.48872e-03 1.46396e-03 1.44028e-03 1.41739e-03 1.39495e-03 1.37264e-03 1.35016e-03 1.32729e-03 1.30390e-03 1.27991e-03 1.25533e-03 1.23021e-03 1.20465e-03 1.17876e-03 1.15267e-03 1.12649e-03 1.10034e-03 1.07430e-03 1.04846e-03 1.02287e-03 9.97561e-04 9.72574e-04 9.47920e-04 9.23608e-04 8.99638e-04 8.76008e-04 8.52715e-04 8.29751e-04 8.07112e-04 7.84791e-04 7.62784e-04 7.41089e-04 7.19703e-04 6.98628e-04 6.77866e-04 6.57420e-04 6.37298e-04 6.17506e-04 5.98054e-04 5.78952e-04 5.60212e-04 5.41846e-04 5.23867e-04 5.06289e-04 4.89124e-04 4.72386e-04 4.56087e-04 4.40239e-04 4.24854e-04 4.09941e-04 3.95510e-04 3.81569e-04 3.68124e-04 3.55179e-04 3.42738e-04 3.30799e-04 3.19359e-04 3.08411e-04 2.97946e-04 2.87947e-04 2.78396e-04 2.69271e-04 2.60543e-04 2.52182e-04 2.44154e-04 2.36421e-04 2.28947e-04 2.21693e-04 2.14623e-04 2.07701e-04 2.00898e-04 1.94186e-04 1.87545e-04 1.80960e-04 1.74423e-04 1.67931e-04 1.61487e-04 1.55100e-04 1.48782e-04 1.42549e-04 1.36417e-04 1.30406e-04 1.24534e-04 1.18818e-04 1.13275e-04 1.07919e-04 1.02760e-04 9.78083e-05 9.30691e-05 8.85458e-05 8.42394e-05 8.01484e-05 7.62692e-05 7.25968e-05 6.91245e-05 6.58446e-05 6.27487e-05 5.98274e-05 5.70714e-05 5.44709e-05 5.20162e-05 4.96975e-05 4.75054e-05 4.54306e-05 4.34641e-05 4.15975e-05 3.98225e-05 3.81312e-05 3.65160e-05 3.49699e-05 3.34860e-05 3.20578e-05 3.06792e-05 2.93444e-05 2.80478e-05 2.67841e-05 2.55486e-05 2.43367e-05 2.31442e-05 2.19675e-05 2.08033e-05 1.96490e-05 1.85026e-05 1.73627e-05 1.62289e-05 1.51016e-05 1.39821e-05 1.28725e-05 1.17762e-05 1.06973e-05 9.64081e-06 8.61239e-06 7.61837e-06 6.66537e-06 5.76014e-06 4.90921e-06 4.11871e-06 3.39401e-06 2.73958e-06 2.15865e-06 1.65308e-06 1.22328e-06 8.68104e-07 5.84756e-07 3.68705e-07 2.13515e-07 1.10684e-07 4.96316e-08 1.84121e-08 5.34399e-09 1.14464e-09 1.79072e-10 2.34439e-11 2.45635e-12 5.87730e-14
2.101032 2.39610e-02 3.63753e-02 2.89897e-02 2.44883e-02 2.20337e-02 2.04869e-02 1.92064e-02 1.78748e-02 1.63941e-02 1.48201e-02 1.32716e-02 1.18544e-02 1.06308e-02 9.62211e-03 8.81793e-03 8.18548e-03 7.68285e-03 7.27299e-03 6.92970e-03 6.63636e-03 6.38240e-03 6.16060e-03 5.96572e-03 5.79400e-03 5.64306e-03 5.51190e-03 5.40092e-03 5.31199e-03 5.24866e-03 5.21660e-03 5.22404e-03 5.28198e-03 5.40296e-03 5.59763e-03 5.86901e-03 6.20696e-03 6.58672e-03 6.97369e-03 7.33246e-03 7.63525e-03 7.86640e-03 8.02233e-03 8.10873e-03 8.13657e-03 8.11841e-03 8.06573e-03 7.98775e-03 7.89119e-03 7.78077e-03 7.65984e-03 7.53089e-03 7.39597e-03 7.25682e-03 7.11505e-03 6.97209e-03 6.82924e-03 6.68764e-03 6.54826e-03 6.41189e-03 6.27920e-03 6.15067e-03 6.02667e-03 5.90743e-03 5.79308e-03 5.68367e-03 5.57916e-03 5.47946e-03 5.38441e-03 5.29382e-03 5.20746e-03 5.12509e-03 5.04645e-03 4.97127e-03 4.89929e-03 4.83024e-03 4.76387e-03 4.69993e-03 4.63822e-03 4.57852e-03 4.52065e-03 4.46444e-03 4.40977e-03 4.35650e-03 4.30454e-03 4.25380e-03 4.20423e-03 4.15576e-03 4.10837e-03 4.06202e-03 4.01669e-03 3.97237e-03 3.92903e-03 3.88666e-03 3.84526e-03 3.80480e-03 3.76526e-03 3.72662e-03 3.68885e-03 3.65192e-03 3.61579e-03 3.58043e-03 3.54578e-03 3.51180e-03 3.47845e-03 3.44566e-03 3.41339e-03 3.38158e-03 3.35019e-03 3.31916e-03 3.28845e-03 3.25801e-03 3.22780e-03 3.19779e-03 3.16794e-03 3.13822e-03 3.10862e-03 3.07910e-03 3.04964e-03 3.02023e-03 2.99085e-03 2.96148e-03 2.93211e-03 2.90272e-03 2.87331e-03 2.84385e-03 2.81435e-03 2.78479e-03 2.75517e-03 2.72547e-03 2.69571e-03 2.66588e-03 2.63597e-03 2.60601e-03 2.57599e-03 2.54592e-03 2.51582e-03 2.48571e-03 2.45560e-03 2.42551e-03 2.39546e-03 2.36548e-03 2.33558e-03 2.30579e-03 2.27613e-03 2.24662e-03 2.21728e-03 2.18813e-03 2.15919e-03 2.13047e-03 2.10198e-03 2.07371e-03 2.04567e-03 2.01784e-03 1.99020e-03 1.96270e-03 1.93530e-03 1.90791e-03 1.88043e-03 1.85275e-03 1.82473e-03 1.79622e-03 1.76706e-03 1.73712e-03 1.70633e-03 1.67466e-03 1.64221e-03 1.60918e-03 1.57587e-03 1.54269e-03 1.51009e-03 1.47852e-03 1.44837e-03 1.41994e-03 1.39335e-03 1.36857e-03 1.34542e-03 1.32356e-03 1.30257e-03 1.28199e-03 1.26137e-03 1.24033e-03 1.21860e-03 1.19602e-03 1.17256e-03 1.14830e-03 1.12339e-03 1.09802e-03 1.07240e-03 1.04675e-03 1.02122e-03 9.95963e-04 9.71071e-04 9.46603e-04 9.22582e-04 8.99008e-04 8.75861e-04 8.53111e-04 8.30723e-04 8.08658e-04 7.86882e-04 7.65360e-04 7.44066e-04 7.22975e-04 7.02071e-04 6.81340e-04 6.60777e-04 6.40379e-04 6.20152e-04 6.00107e-04 5.80259e-04 5.60631e-04 5.41248e-04 5.22143e-04 5.03349e-04 4.84902e-04 4.66841e-04 4.49201e-04 4.32018e-04 4.15324e-04 3.99149e-04 3.83516e-04 3.68448e-04 3.53960e-04 3.40065e-04 3.26770e-04 3.14080e-04 3.01995e-04 2.90508e-04 2.79611e-04 2.69287e-04 2.59515e-04 2.50267e-04 2.41509e-04 2.33200e-04 2.25293e-04 2.17739e-04 2.10483e-04 2.03471e-04 1.96650e-04 1.89971e-04 1.83392e-04 1.76878e-04 1.70405e-04 1.63959e-04 1.57537e-04 1.51144e-04 1.44794e-04 1.38508e-04 1.32312e-04 1.26231e-04 1.20294e-04 1.14526e-04 1.08952e-04 1.03590e-04 9.84564e-05 9.35620e-05 8.89134e-05 8.45131e-05 8.03598e-05 7.64490e-05 7.27734e-05 6.93238e-05 6.60892e-05 6.30578e-05 6.02168e-05 5.75532e-05 5.50541e-05 5.27068e-05 5.04989e-05 4.84184e-05 4.64542e-05 4.45955e-05 4.28324e-05 4.11555e-05 3.95560e-05 3.80257e-05 3.65569e-05 3.51423e-05 3.37749e-05 3.24483e-05 3.11561e-05 2.98922e-05 2.86510e-05 2.74269e-05 2.62144e-05 2.50086e-05 2.38048e-05 2.25989e-05 2.13875e-05 2.01676e-05 1.89377e-05 1.76974e-05 1.64474e-05 1.51904e-05 1.39305e-05 1.26737e-05 1.14276e-05 1.02013e-05 9.00503e-06 7.85008e-06 6.74796e-06 5.70995e-06 4.74645e-06 3.86643e-06 3.07704e-06 2.38321e-06 1.78730e-06 1.28909e-06 8.85871e-07 5.72493e-07 3.41556e-07 1.83297e-07 8.53307e-08 3.27937e-08 9.73438e-09 2.04875e-09 2.81164e-10 2.68213e-11 2.22198e-12 5.15786e-14
2.201081 2.01151e-02 3.09092e-02 2.51434e-02 2.17381e-02 1.99706e-02 1.89063e-02 1.79339e-02 1.67740e-02 1.53927e-02 1.38996e-02 1.24433e-02 1.11384e-02 1.00445e-02 9.17286e-03 8.49802e-03 7.97462e-03 7.55767e-03 7.21471e-03 6.92635e-03 6.68170e-03 6.47424e-03 6.29940e-03 6.15358e-03 6.03410e-03 5.93955e-03 5.87017e-03 5.82841e-03 5.81991e-03 5.85514e-03 5.95088e-03 6.12867e-03 6.40694e-03 6.78783e-03 7.24696e-03 7.73553e-03 8.19527e-03 8.57651e-03 8.84998e-03 9.00944e-03 9.06714e-03 9.04545e-03 8.96845e-03 8.85614e-03 8.72237e-03 8.57536e-03 8.41947e-03 8.25693e-03 8.08903e-03 7.91686e-03 7.74159e-03 7.56455e-03 7.38713e-03 7.21076e-03 7.03672e-03 6.86617e-03 6.70008e-03 6.53920e-03 6.38412e-03 6.23526e-03 6.09290e-03 5.95720e-03 5.82819e-03 5.70582e-03 5.58997e-03 5.48042e-03 5.37692e-03 5.27917e-03 5.18681e-03 5.09951e-03 5.01688e-03 4.93855e-03 4.86417e-03 4.79337e-03 4.72581e-03 4.66119e-03 4.59920e-03 4.53959e-03 4.48212e-03 4.42657e-03 4.37279e-03 4.32060e-03 4.26990e-03 4.22057e-03 4.17254e-03 4.12576e-03 4.08016e-03 4.03572e-03 3.99240e-03 3.95018e-03 3.90904e-03 3.86896e-03 3.82990e-03 3.79184e-03 3.75475e-03 3.71860e-03 3.68332e-03 3.64889e-03 3.61524e-03 3.58231e-03 3.55005e-03 3.51840e-03 3.48728e-03 3.45664e-03 3.42641e-03 3.39655e-03 3.36699e-03 3.33770e-03 3.30864e-03 3.27976e-03 3.25105e-03 3.22248e-03 3.19404e-03 3.16571e-03 3.13748e-03 3.10934e-03 3.08129e-03 3.05332e-03 3.02542e-03 2.99758e-03 2.96981e-03 2.94208e-03 2.91440e-03 2.88676e-03 2.85915e-03 2.83156e-03 2.80400e-03 2.77645e-03 2.74891e-03 2.72139e-03 2.69388e-03 2.66638e-03 2.63888e-03 2.61141e-03 2.58394e-03 2.55650e-03 2.52908e-03 2.50169e-03 2.47433e-03 2.44702e-03 2.41976e-03 2.39257e-03 2.36545e-03 2.33841e-03 2.31146e-03 2.28462e-03 2.25789e-03 2.23129e-03 2.20483e-03 2.17851e-03 2.15235e-03 2.12634e-03 2.10050e-03 2.07483e-03 2.04934e-03 2.02404e-03 1.99892e-03 1.97399e-03 1.94927e-03 1.92475e-03 1.90047e-03 1.87641e-03 1.85261e-03 1.82906e-03 1.80577e-03 1.78271e-03 1.75986e-03 1.73714e-03 1.71446e-03 1.69166e-03 1.66856e-03 1.64491e-03 1.62045e-03 1.59493e-03 1.56814e-03 1.53995e-03 1.51041e-03 1.47974e-03 1.44838e-03 1.41689e-03 1.38594e-03 1.35616e-03 1.32806e-03 1.30192e-03 1.27777e-03 1.25539e-03 1.23433e-03 1.21403e-03 1.19386e-03 1.17328e-03 1.15183e-03 1.12926e-03 1.10548e-03 1.08061e-03 1.05486e-03 1.02857e-03 1.00209e-03 9.75749e-04 9.49831e-04 9.24539e-04 8.99999e-04 8.76260e-04 8.53316e-04 8.31115e-04 8.09581e-04 7.88622e-04 7.68147e-04 7.48065e-04 7.28293e-04 7.08759e-04 6.89397e-04 6.70153e-04 6.50980e-04 6.31840e-04 6.12706e-04 5.93556e-04 5.74382e-04 5.55184e-04 5.35979e-04 5.16794e-04 4.97673e-04 4.78674e-04 4.59866e-04 4.41329e-04 4.23147e-04 4.05403e-04 3.88176e-04 3.71535e-04 3.55538e-04 3.40226e-04 3.25627e-04 3.11755e-04 2.98612e-04 2.86191e-04 2.74477e-04 2.63449e-04 2.53080e-04 2.43339e-04 2.34187e-04 2.25578e-04 2.17460e-04 2.09772e-04 2.02446e-04 1.95411e-04 1.88594e-04 1.81927e-04 1.75348e-04 1.68809e-04 1.62279e-04 1.55743e-04 1.49202e-04 1.42674e-04 1.36188e-04 1.29782e-04 1.23497e-04 1.17376e-04 1.11457e-04 1.05773e-04 1.00350e-04 9.52091e-05 9.03599e-05 8.58072e-05 8.15492e-05 7.75787e-05 7.38846e-05 7.04526e-05 6.72663e-05 6.43080e-05 6.15594e-05 5.90023e-05 5.66188e-05 5.43917e-05 5.23048e-05 5.03429e-05 4.84920e-05 4.67391e-05 4.50724e-05 4.34810e-05 4.19550e-05 4.04853e-05 3.90634e-05 3.76814e-05 3.63317e-05 3.50073e-05 3.37009e-05 3.24056e-05 3.11145e-05 2.98206e-05 2.85173e-05 2.71978e-05 2.58563e-05 2.44873e-05 2.30868e-05 2.16523e-05 2.01837e-05 1.86831e-05 1.71559e-05 1.56106e-05 1.40591e-05 1.25160e-05 1.09988e-05 9.52641e-06 8.11845e-06 6.79412e-06 5.57082e-06 4.46309e-06 3.48171e-06 2.63312e-06 1.91909e-06 1.33689e-06 8.79774e-07 5.37639e-07 2.97537e-07 1.43774e-07 5.75861e-08 1.77802e-08 3.82940e-09 5.04265e-10 3.73350e-11 2.12523e-12 4.33099e-14
2.301131 1.80447e-02 2.73204e-02 2.23162e-02 1.96976e-02 1.84760e-02 1.77323e-02 1.69357e-02 1.58735e-02 1.45631e-02 1.31487e-02 1.17925e-02 1.06075e-02 9.64405e-03 8.89860e-03 8.33067e-03 7.88872e-03 7.53178e-03 7.23567e-03 6.98854e-03 6.78504e-03 6.62247e-03 6.49893e-03 6.41275e-03 6.36274e-03 6.34882e-03 6.37376e-03 6.44691e-03 6.58927e-03 6.83369e-03 7.21143e-03 7.72636e-03 8.33586e-03 8.95806e-03 9.50203e-03 9.89970e-03 1.01232e-02 1.01843e-02 1.01202e-02 9.97508e-03 9.78599e-03 9.57725e-03 9.36176e-03 9.14490e-03 8.92813e-03 8.71146e-03 8.49465e-03 8.27780e-03 8.06144e-03 7.84644e-03 7.63395e-03 7.42516e-03 7.22120e-03 7.02305e-03 6.83149e-03 6.64714e-03 6.47043e-03 6.30166e-03 6.14104e-03 5.98869e-03 5.84462e-03 5.70875e-03 5.58092e-03 5.46087e-03 5.34828e-03 5.24275e-03 5.14385e-03 5.05111e-03 4.96405e-03 4.88217e-03 4.80501e-03 4.73209e-03 4.66299e-03 4.59730e-03 4.53465e-03 4.47472e-03 4.41721e-03 4.36187e-03 4.30848e-03 4.25688e-03 4.20691e-03 4.15846e-03 4.11144e-03 4.06579e-03 4.02144e-03 3.97835e-03 3.93649e-03 3.89583e-03 3.85632e-03 3.81793e-03 3.78062e-03 3.74434e-03 3.70903e-03 3.67463e-03 3.64107e-03 3.60827e-03 3.57614e-03 3.54460e-03 3.51357e-03 3.48295e-03 3.45267e-03 3.42266e-03 3.39285e-03 3.36319e-03 3.33365e-03 3.30420e-03 3.27482e-03 3.24551e-03 3.21627e-03 3.18710e-03 3.15801e-03 3.12901e-03 3.10012e-03 3.07135e-03 3.04270e-03 3.01418e-03 2.98580e-03 2.95757e-03 2.92949e-03 2.90156e-03 2.87380e-03 2.84621e-03 2.81878e-03 2.79155e-03 2.76450e-03 2.73765e-03 2.71101e-03 2.68459e-03 2.65839e-03 2.63242e-03 2.60669e-03 2.58120e-03 2.55596e-03 2.53097e-03 2.50624e-03 2.48178e-03 2.45759e-03 2.43368e-03 2.41006e-03 2.38671e-03 2.36362e-03 2.34075e-03 2.31806e-03 2.29553e-03 2.27314e-03 2.25092e-03 2.22892e-03 2.20719e-03 2.18579e-03 2.16471e-03 2.14395e-03 2.12344e-03 2.10312e-03 2.08292e-03 2.06275e-03 2.04257e-03 2.02234e-03 2.00203e-03 1.98164e-03 1.96115e-03 1.94058e-03 1.91994e-03 1.89923e-03 1.87844e-03 1.85759e-03 1.83665e-03 1.81560e-03 1.79442e-03 1.77308e-03 1.75156e-03 1.72984e-03 1.70792e-03 1.68581e-03 1.66355e-03 1.64117e-03 1.61869e-03 1.59614e-03 1.57352e-03 1.55079e-03 1.52788e-03 1.50465e-03 1.48089e-03 1.45636e-03 1.43077e-03 1.40389e-03 1.37555e-03 1.34580e-03 1.31496e-03 1.28361e-03 1.25257e-03 1.22272e-03 1.19486e-03 1.16947e-03 1.14662e-03 1.12595e-03 1.10676e-03 1.08816e-03 1.06927e-03 1.04937e-03 1.02798e-03 1.00495e-03 9.80406e-04 9.54684e-04 9.28271e-04 9.01696e-04 8.75453e-04 8.49948e-04 8.25463e-04 8.02157e-04 7.80077e-04 7.59185e-04 7.39386e-04 7.20549e-04 7.02531e-04 6.85189e-04 6.68384e-04 6.51989e-04 6.35885e-04 6.19965e-04 6.04130e-04 5.88288e-04 5.72353e-04 5.56251e-04 5.39911e-04 5.23277e-04 5.06311e-04 4.88996e-04 4.71342e-04 4.53399e-04 4.35252e-04 4.17029e-04 3.98885e-04 3.80998e-04 3.63550e-04 3.46710e-04 3.30619e-04 3.15381e-04 3.01054e-04 2.87653e-04 2.75156e-04 2.63514e-04 2.52659e-04 2.42518e-04 2.33021e-04 2.24100e-04 2.15691e-04 2.07730e-04 2.00151e-04 1.92880e-04 1.85838e-04 1.78948e-04 1.72136e-04 1.65344e-04 1.58534e-04 1.51694e-04 1.44836e-04 1.37996e-04 1.31225e-04 1.24582e-04 1.18126e-04 1.11915e-04 1.05995e-04 1.00400e-04 9.51532e-05 9.02646e-05 8.57344e-05 8.15537e-05 7.77068e-05 7.41735e-05 7.09303e-05 6.79523e-05 6.52139e-05 6.26900e-05 6.03566e-05 5.81908e-05 5.61716e-05 5.42794e-05 5.24966e-05 5.08071e-05 4.91964e-05 4.76510e-05 4.61590e-05 4.47093e-05 4.32914e-05 4.18955e-05 4.05118e-05 3.91307e-05 3.77424e-05 3.63367e-05 3.49034e-05 3.34318e-05 3.19117e-05 3.03336e-05 2.86897e-05 2.69745e-05 2.51861e-05 2.33271e-05 2.14055e-05 1.94349e-05 1.74349e-05 1.54306e-05 1.34515e-05 1.15295e-05 9.69745e-06 7.98637e-06 6.42347e-06 5.02987e-06 3.81937e-06 2.79776e-06 1.96281e-06 1.30526e-06 8.10175e-07 4.58544e-07 2.28435e-07 9.50787e-08 3.06799e-08 6.90577e-09 9.34004e-10 6.29720e-11 2.22774e-12 3.61935e-14
2.401180 1.69357e-02 2.51933e-02 2.02999e-02 1.79622e-02 1.71108e-02 1.66326e-02 1.59808e-02 1.50051e-02 1.37768e-02 1.24637e-02 1.12278e-02 1.01731e-02 9.33769e-03 8.70362e-03 8.22125e-03 7.84036e-03 7.52820e-03 7.26947e-03 7.05927e-03 6.89727e-03 6.78453e-03 6.72202e-03 6.70991e-03 6.74800e-03 6.83939e-03 6.99967e-03 7.26598e-03 7.68813e-03 8.29141e-03 9.03514e-03 9.80977e-03 1.04808e-02 1.09447e-02 1.11626e-02 1.11604e-02 1.10024e-02 1.07579e-02 1.04790e-02 1.01954e-02 9.91957e-03 9.65347e-03 9.39493e-03 9.14077e-03 8.88850e-03 8.63696e-03 8.38634e-03 8.13785e-03 7.89327e-03 7.65446e-03 7.42296e-03 7.19982e-03 6.98564e-03 6.78061e-03 6.58476e-03 6.39806e-03 6.22048e-03 6.05208e-03 5.89290e-03 5.74297e-03 5.60226e-03 5.47060e-03 5.34773e-03 5.23328e-03 5.12678e-03 5.02769e-03 4.93544e-03 4.84942e-03 4.76903e-03 4.69369e-03 4.62285e-03 4.55601e-03 4.49270e-03 4.43250e-03 4.37508e-03 4.32012e-03 4.26737e-03 4.21662e-03 4.16771e-03 4.12051e-03 4.07492e-03 4.03085e-03 3.98824e-03 3.94703e-03 3.90717e-03 3.86861e-03 3.83127e-03 3.79511e-03 3.76005e-03 3.72600e-03 3.69286e-03 3.66052e-03 3.62888e-03 3.59781e-03 3.56718e-03 3.53687e-03 3.50678e-03 3.47679e-03 3.44682e-03 3.41679e-03 3.38667e-03 3.35642e-03 3.32603e-03 3.29550e-03 3.26484e-03 3.23409e-03 3.20326e-03 3.17239e-03 3.14151e-03 3.11066e-03 3.07987e-03 3.04917e-03 3.01860e-03 2.98820e-03 2.95801e-03 2.92809e-03 2.89848e-03 2.86925e-03 2.84047e-03 2.81219e-03 2.78449e-03 2.75744e-03 2.73110e-03 2.70553e-03 2.68078e-03 2.65686e-03 2.63372e-03 2.61124e-03 2.58930e-03 2.56777e-03 2.54660e-03 2.52578e-03 2.50539e-03 2.48546e-03 2.46597e-03 2.44684e-03 2.42791e-03 2.40906e-03 2.39014e-03 2.37106e-03 2.35179e-03 2.33228e-03 2.31256e-03 2.29261e-03 2.27247e-03 2.25215e-03 2.23168e-03 2.21109e-03 2.19039e-03 2.16961e-03 2.14877e-03 2.12788e-03 2.10696e-03 2.08602e-03 2.06507e-03 2.04413e-03 2.02321e-03 2.00231e-03 1.98145e-03 1.96064e-03 1.93989e-03 1.91920e-03 1.89858e-03 1.87803e-03 1.85754e-03 1.83708e-03 1.81663e-03 1.79614e-03 1.77557e-03 1.75489e-03 1.73405e-03 1.71303e-03 1.69182e-03 1.67044e-03 1.64890e-03 1.62724e-03 1.60552e-03 1.58377e-03 1.56207e-03 1.54047e-03 1.51903e-03 1.49780e-03 1.47684e-03 1.45619e-03 1.43587e-03 1.41591e-03 1.39633e-03 1.37710e-03 1.35817e-03 1.33946e-03 1.32082e-03 1.30201e-03 1.28274e-03 1.26264e-03 1.24129e-03 1.21835e-03 1.19363e-03 1.16722e-03 1.13962e-03 1.11167e-03 1.08443e-03 1.05894e-03 1.03585e-03 1.01527e-03 9.96657e-04 9.79029e-04 9.61224e-04 9.42214e-04 9.21328e-04 8.98350e-04 8.73494e-04 8.47292e-04 8.20444e-04 7.93675e-04 7.67628e-04 7.42789e-04 7.19471e-04 6.97823e-04 6.77858e-04 6.59494e-04 6.42588e-04 6.26961e-04 6.12420e-04 5.98771e-04 5.85824e-04 5.73397e-04 5.61312e-04 5.49402e-04 5.37504e-04 5.25460e-04 5.13120e-04 5.00339e-04 4.86980e-04 4.72925e-04 4.58083e-04 4.42406e-04 4.25910e-04 4.08692e-04 3.90941e-04 3.72927e-04 3.54985e-04 3.37471e-04 3.20722e-04 3.05010e-04 2.90515e-04 2.77303e-04 2.65326e-04 2.54443e-04 2.44455e-04 2.35151e-04 2.26344e-04 2.17895e-04 2.09712e-04 2.01738e-04 1.93927e-04 1.86237e-04 1.78621e-04 1.71038e-04 1.63457e-04 1.55873e-04 1.48311e-04 1.40820e-04 1.33470e-04 1.26337e-04 1.19496e-04 1.13010e-04 1.06926e-04 1.01274e-04 9.60630e-05 9.12899e-05 8.69377e-05 8.29808e-05 7.93879e-05 7.61251e-05 7.31576e-05 7.04511e-05 6.79734e-05 6.56946e-05 6.35875e-05 6.16274e-05 5.97919e-05 5.80608e-05 5.64157e-05 5.48392e-05 5.33150e-05 5.18269e-05 5.03587e-05 4.88936e-05 4.74139e-05 4.59010e-05 4.43348e-05 4.26948e-05 4.09606e-05 3.91129e-05 3.71356e-05 3.50172e-05 3.27529e-05 3.03466e-05 2.78119e-05 2.51733e-05 2.24654e-05 1.97328e-05 1.70270e-05 1.44036e-05 1.19179e-05 9.62124e-06 7.55554e-06 5.75087e-06 4.22289e-06 2.97269e-06 1.98806e-06 1.24614e-06 7.16881e-07 3.66269e-07 1.58032e-07 5.34547e-08 1.27444e-08 1.83684e-09 1.27504e-10 3.34903e-12 3.39920e-14
2.501229 1.43739e-02 2.22149e-02 1.84886e-02 1.66467e-02 1.59972e-02 1.56557e-02 1.51248e-02 1.42539e-02 1.31270e-02 1.19242e-02 1.08087e-02 9.87753e-03 9.15660e-03 8.61543e-03 8.20058e-03 7.86786e-03 7.59371e-03 7.37031e-03 7.19825e-03 7.08179e-03 7.02589e-03 7.03399e-03 7.10796e-03 7.25477e-03 7.50240e-03 7.90894e-03 8.53251e-03 9.36406e-03 1.02894e-02 1.11307e-02 1.17317e-02 1.20195e-02 1.20171e-02 1.18100e-02 1.14947e-02 1.11426e-02 1.07926e-02 1.04595e-02 1.01455e-02 9.84750e-03 9.56171e-03 9.28453e-03 9.01325e-03 8.74605e-03 8.48200e-03 8.22102e-03 7.96375e-03 7.71136e-03 7.46537e-03 7.22726e-03 6.99830e-03 6.77934e-03 6.57079e-03 6.37273e-03 6.18508e-03 6.00775e-03 5.84072e-03 5.68399e-03 5.53755e-03 5.40131e-03 5.27500e-03 5.15823e-03 5.05045e-03 4.95098e-03 4.85912e-03 4.77410e-03 4.69518e-03 4.62165e-03 4.55286e-03 4.48822e-03 4.42723e-03 4.36945e-03 4.31454e-03 4.26220e-03 4.21221e-03 4.16440e-03 4.11861e-03 4.07474e-03 4.03270e-03 3.99238e-03 3.95371e-03 3.91659e-03 3.88090e-03 3.84652e-03 3.81331e-03 3.78114e-03 3.74983e-03 3.71924e-03 3.68920e-03 3.65954e-03 3.63010e-03 3.60074e-03 3.57133e-03 3.54174e-03 3.51188e-03 3.48167e-03 3.45106e-03 3.42003e-03 3.38856e-03 3.35668e-03 3.32443e-03 3.29187e-03 3.25906e-03 3.22611e-03 3.19312e-03 3.16020e-03 3.12748e-03 3.09510e-03 3.06319e-03 3.03190e-03 3.00135e-03 2.97166e-03 2.94291e-03 2.91510e-03 2.88816e-03 2.86200e-03 2.83650e-03 2.81161e-03 2.78731e-03 2.76368e-03 2.74078e-03 2.71864e-03 2.69720e-03 2.67638e-03 2.65602e-03 2.63596e-03 2.61607e-03 2.59626e-03 2.57644e-03 2.55659e-03 2.53668e-03 2.51669e-03 2.49662e-03 2.47644e-03 2.45617e-03 2.43577e-03 2.41525e-03 2.39459e-03 2.37380e-03 2.35287e-03 2.33181e-03 2.31064e-03 2.28936e-03 2.26800e-03 2.24656e-03 2.22508e-03 2.20356e-03 2.18203e-03 2.16052e-03 2.13903e-03 2.11761e-03 2.09627e-03 2.07504e-03 2.05393e-03 2.03298e-03 2.01221e-03 1.99162e-03 1.97124e-03 1.95108e-03 1.93113e-03 1.91141e-03 1.89189e-03 1.87258e-03 1.85345e-03 1.83447e-03 1.81560e-03 1.79679e-03 1.77799e-03 1.75913e-03 1.74017e-03 1.72104e-03 1.70171e-03 1.68215e-03 1.66235e-03 1.64232e-03 1.62207e-03 1.60165e-03 1.58109e-03 1.56044e-03 1.53975e-03 1.51906e-03 1.49842e-03 1.47788e-03 1.45748e-03 1.43725e-03 1.41724e-03 1.39748e-03 1.37801e-03 1.35884e-03 1.34002e-03 1.32154e-03 1.30343e-03 1.28570e-03 1.26833e-03 1.25131e-03 1.23462e-03 1.21823e-03 1.20207e-03 1.18605e-03 1.17004e-03 1.15384e-03 1.13718e-03 1.11973e-03 1.10107e-03 1.08081e-03 1.05863e-03 1.03442e-03 1.00843e-03 9.81334e-04 9.54130e-04 9.27944e-04 9.03687e-04 8.81753e-04 8.61882e-04 8.43255e-04 8.24790e-04 8.05495e-04 7.84751e-04 7.62428e-04 7.38847e-04 7.14628e-04 6.90504e-04 6.67162e-04 6.45143e-04 6.24803e-04 6.06310e-04 5.89685e-04 5.74834e-04 5.61590e-04 5.49741e-04 5.39052e-04 5.29281e-04 5.20183e-04 5.11520e-04 5.03062e-04 4.94586e-04 4.85878e-04 4.76732e-04 4.66949e-04 4.56337e-04 4.44720e-04 4.31948e-04 4.17922e-04 4.02637e-04 3.86211e-04 3.68917e-04 3.51170e-04 3.33489e-04 3.16419e-04 3.00457e-04 2.85977e-04 2.73172e-04 2.62002e-04 2.52194e-04 2.43307e-04 2.34868e-04 2.26500e-04 2.17991e-04 2.09287e-04 2.00433e-04 1.91506e-04 1.82575e-04 1.73694e-04 1.64913e-04 1.56284e-04 1.47874e-04 1.39760e-04 1.32018e-04 1.24717e-04 1.17911e-04 1.11629e-04 1.05883e-04 1.00661e-04 9.59401e-05 9.16834e-05 8.78490e-05 8.43920e-05 8.12683e-05 7.84359e-05 7.58562e-05 7.34954e-05 7.13235e-05 6.93144e-05 6.74449e-05 6.56933e-05 6.40380e-05 6.24560e-05 6.09212e-05 5.94033e-05 5.78668e-05 5.62711e-05 5.45722e-05 5.27245e-05 5.06848e-05 4.84154e-05 4.58889e-05 4.30912e-05 4.00243e-05 3.67084e-05 3.31828e-05 2.95051e-05 2.57503e-05 2.20063e-05 1.83691e-05 1.49347e-05 1.17905e-05 9.00613e-06 6.62732e-06 4.67183e-06 3.13025e-06 1.97032e-06 1.14393e-06 5.94816e-07 2.64361e-07 9.35341e-08 2.37606e-08 3.73027e-09 2.85954e-10 7.10488e-12 3.51445e-14
2.601278 1.46104e-02 2.12675e-02 1.71196e-02 1.54122e-02 1.49215e-02 1.46839e-02 1.42355e-02 1.34591e-02 1.24465e-02 1.13701e-02 1.03838e-02 9.57641e-03 8.96285e-03 8.50527e-03 8.15228e-03 7.86699e-03 7.63219e-03 7.44549e-03 7.31365e-03 7.24681e-03 7.25399e-03 7.34320e-03 7.53190e-03 7.86653e-03 8.41974e-03 9.22754e-03 1.02113e-02 1.11859e-02 1.19531e-02 1.23881e-02 1.24768e-02 1.23002e-02 1.19745e-02 1.15939e-02 1.12110e-02 1.08459e-02 1.05014e-02 1.01745e-02 9.86119e-03 9.55851e-03 9.26480e-03 8.97926e-03 8.70156e-03 8.43169e-03 8.16987e-03 7.91643e-03 7.67168e-03 7.43560e-03 7.20773e-03 6.98716e-03 6.77288e-03 6.56423e-03 6.36129e-03 6.16502e-03 5.97695e-03 5.79880e-03 5.63194e-03 5.47717e-03 5.33466e-03 5.20406e-03 5.08471e-03 4.97574e-03 4.87619e-03 4.78508e-03 4.70145e-03 4.62439e-03 4.55306e-03 4.48672e-03 4.42476e-03 4.36664e-03 4.31197e-03 4.26043e-03 4.21178e-03 4.16584e-03 4.12244e-03 4.08143e-03 4.04264e-03 4.00590e-03 3.97099e-03 3.93769e-03 3.90578e-03 3.87502e-03 3.84519e-03 3.81609e-03 3.78751e-03 3.75928e-03 3.73121e-03 3.70312e-03 3.67484e-03 3.64621e-03 3.61708e-03 3.58733e-03 3.55690e-03 3.52576e-03 3.49393e-03 3.46150e-03 3.42860e-03 3.39539e-03 3.36205e-03 3.32879e-03 3.29582e-03 3.26332e-03 3.23145e-03 3.20032e-03 3.16995e-03 3.14030e-03 3.11131e-03 3.08294e-03 3.05516e-03 3.02803e-03 3.00161e-03 2.97598e-03 2.95116e-03 2.92715e-03 2.90387e-03 2.88120e-03 2.85900e-03 2.83715e-03 2.81554e-03 2.79412e-03 2.77283e-03 2.75167e-03 2.73064e-03 2.70972e-03 2.68893e-03 2.66825e-03 2.64769e-03 2.62722e-03 2.60683e-03 2.58649e-03 2.56617e-03 2.54584e-03 2.52549e-03 2.50507e-03 2.48457e-03 2.46397e-03 2.44325e-03 2.42240e-03 2.40142e-03 2.38032e-03 2.35910e-03 2.33778e-03 2.31638e-03 2.29492e-03 2.27343e-03 2.25194e-03 2.23047e-03 2.20905e-03 2.18771e-03 2.16648e-03 2.14539e-03 2.12446e-03 2.10371e-03 2.08318e-03 2.06287e-03 2.04280e-03 2.02299e-03 2.00344e-03 1.98415e-03 1.96512e-03 1.94634e-03 1.92780e-03 1.90949e-03 1.89137e-03 1.87343e-03 1.85562e-03 1.83792e-03 1.82026e-03 1.80260e-03 1.78487e-03 1.76700e-03 1.74892e-03 1.73058e-03 1.71192e-03 1.69289e-03 1.67349e-03 1.65370e-03 1.63352e-03 1.61299e-03 1.59214e-03 1.57099e-03 1.54961e-03 1.52803e-03 1.50631e-03 1.48450e-03 1.46266e-03 1.44084e-03 1.41911e-03 1.39752e-03 1.37612e-03 1.35498e-03 1.33413e-03 1.31361e-03 1.29345e-03 1.27367e-03 1.25428e-03 1.23528e-03 1.21666e-03 1.19841e-03 1.18051e-03 1.16293e-03 1.14566e-03 1.12866e-03 1.11190e-03 1.09536e-03 1.07900e-03 1.06280e-03 1.04673e-03 1.03072e-03 1.01471e-03 9.98599e-04 9.82232e-04 9.65401e-04 9.47836e-04 9.29227e-04 9.09271e-04 8.87756e-04 8.64657e-04 8.40216e-04 8.14961e-04 7.89623e-04 7.64968e-04 7.41582e-04 7.19723e-04 6.99287e-04 6.79909e-04 6.61147e-04 6.42666e-04 6.24346e-04 6.06293e-04 5.88773e-04 5.72107e-04 5.56581e-04 5.42388e-04 5.29608e-04 5.18216e-04 5.08104e-04 4.99103e-04 4.91012e-04 4.83609e-04 4.76668e-04 4.69964e-04 4.63287e-04 4.56436e-04 4.49225e-04 4.41478e-04 4.33020e-04 4.23677e-04 4.13272e-04 4.01643e-04 3.88687e-04 3.74415e-04 3.59008e-04 3.42845e-04 3.26461e-04 3.10471e-04 2.95490e-04 2.82045e-04 2.70463e-04 2.60701e-04 2.52265e-04 2.44340e-04 2.36139e-04 2.27200e-04 2.17472e-04 2.07184e-04 1.96657e-04 1.86178e-04 1.75956e-04 1.66125e-04 1.56771e-04 1.47948e-04 1.39693e-04 1.32027e-04 1.24960e-04 1.18485e-04 1.12586e-04 1.07233e-04 1.02392e-04 9.80226e-05 9.40833e-05 9.05339e-05 8.73364e-05 8.44558e-05 8.18605e-05 7.95219e-05 7.74124e-05 7.55031e-05 7.37600e-05 7.21404e-05 7.05901e-05 6.90417e-05 6.74172e-05 6.56326e-05 6.36045e-05 6.12579e-05 5.85326e-05 5.53885e-05 5.18089e-05 4.78034e-05 4.34102e-05 3.86982e-05 3.37684e-05 2.87521e-05 2.38042e-05 1.90911e-05 1.47712e-05 1.09752e-05 7.78836e-06 5.24102e-06 3.31053e-06 1.93221e-06 1.01576e-06 4.61352e-07 1.69572e-07 4.57236e-08 7.82259e-09 6.69382e-10 1.77836e-11 5.86822e-14
2.701327 1.34667e-02 2.02108e-02 1.62430e-02 1.43241e-02 1.37880e-02 1.36222e-02 1.32817e-02 1.26301e-02 1.17521e-02 1.08100e-02 9.95172e-03 9.26067e-03 8.74489e-03 8.36402e-03 8.06974e-03 7.82879e-03 7.62831e-03 7.47278e-03 7.37582e-03 7.35348e-03 7.42589e-03 7.62861e-03 8.02303e-03 8.66918e-03 9.54827e-03 1.05234e-02 1.14072e-02 1.20476e-02 1.23623e-02 1.23604e-02 1.21339e-02 1.17960e-02 1.14267e-02 1.10637e-02 1.07172e-02 1.03862e-02 1.00667e-02 9.75561e-03 9.45201e-03 9.15627e-03 8.86931e-03 8.59189e-03 8.32438e-03 8.06703e-03 7.82025e-03 7.58469e-03 7.36083e-03 7.14847e-03 6.94639e-03 6.75253e-03 6.56452e-03 6.38031e-03 6.19879e-03 6.01992e-03 5.84469e-03 5.67483e-03 5.51248e-03 5.35978e-03 5.21850e-03 5.08963e-03 4.97328e-03 4.86871e-03 4.77470e-03 4.68980e-03 4.61266e-03 4.54214e-03 4.47734e-03 4.41760e-03 4.36242e-03 4.31144e-03 4.26434e-03 4.22084e-03 4.18061e-03 4.14329e-03 4.10849e-03 4.07581e-03 4.04485e-03 4.01527e-03 3.98676e-03 3.95906e-03 3.93193e-03 3.90515e-03 3.87848e-03 3.85169e-03 3.82450e-03 3.79667e-03 3.76798e-03 3.73825e-03 3.70744e-03 3.67561e-03 3.64293e-03 3.60969e-03 3.57623e-03 3.54292e-03 3.51010e-03 3.47808e-03 3.44706e-03 3.41716e-03 3.38837e-03 3.36060e-03 3.33373e-03 3.30764e-03 3.28222e-03 3.25737e-03 3.23303e-03 3.20911e-03 3.18550e-03 3.16210e-03 3.13874e-03 3.11530e-03 3.09165e-03 3.06772e-03 3.04348e-03 3.01895e-03 2.99421e-03 2.96935e-03 2.94449e-03 2.91975e-03 2.89526e-03 2.87113e-03 2.84744e-03 2.82425e-03 2.80161e-03 2.77953e-03 2.75802e-03 2.73705e-03 2.71659e-03 2.69656e-03 2.67692e-03 2.65759e-03 2.63849e-03 2.61954e-03 2.60064e-03 2.58173e-03 2.56274e-03 2.54359e-03 2.52425e-03 2.50467e-03 2.48484e-03 2.46475e-03 2.44442e-03 2.42387e-03 2.40314e-03 2.38225e-03 2.36127e-03 2.34023e-03 2.31918e-03 2.29817e-03 2.27725e-03 2.25646e-03 2.23583e-03 2.21540e-03 2.19520e-03 2.17525e-03 2.15559e-03 2.13622e-03 2.11715e-03 2.09839e-03 2.07995e-03 2.06180e-03 2.04393e-03 2.02634e-03 2.00899e-03 1.99185e-03 1.97491e-03 1.95811e-03 1.94144e-03 1.92484e-03 1.90828e-03 1.89170e-03 1.87504e-03 1.85825e-03 1.84126e-03 1.82399e-03 1.80639e-03 1.78837e-03 1.76988e-03 1.75088e-03 1.73131e-03 1.71118e-03 1.69047e-03 1.66920e-03 1.64740e-03 1.62508e-03 1.60229e-03 1.57908e-03 1.55550e-03 1.53162e-03 1.50752e-03 1.48326e-03 1.45894e-03 1.43463e-03 1.41041e-03 1.38637e-03 1.36257e-03 1.33907e-03 1.31592e-03 1.29316e-03 1.27082e-03 1.24893e-03 1.22748e-03 1.20647e-03 1.18589e-03 1.16572e-03 1.14593e-03 1.12649e-03 1.10737e-03 1.08853e-03 1.06993e-03 1.05153e-03 1.03330e-03 1.01521e-03 9.97212e-04 9.79280e-04 9.61377e-04 9.43468e-04 9.25521e-04 9.07499e-04 8.89369e-04 8.71091e-04 8.52621e-04 8.33905e-04 8.14882e-04 7.95486e-04 7.75656e-04 7.55364e-04 7.34642e-04 7.13608e-04 6.92484e-04 6.71576e-04 6.51230e-04 6.31763e-04 6.13407e-04 5.96269e-04 5.80339e-04 5.65522e-04 5.51688e-04 5.38716e-04 5.26521e-04 5.15051e-04 5.04274e-04 4.94162e-04 4.84671e-04 4.75736e-04 4.67275e-04 4.59191e-04 4.51386e-04 4.43767e-04 4.36257e-04 4.28796e-04 4.21339e-04 4.13850e-04 4.06280e-04 3.98542e-04 3.90486e-04 3.81884e-04 3.72452e-04 3.61922e-04 3.50154e-04 3.37243e-04 3.23555e-04 3.09663e-04 2.96223e-04 2.83887e-04 2.73200e-04 2.64336e-04 2.56788e-04 2.49432e-04 2.41122e-04 2.31307e-04 2.20172e-04 2.08324e-04 1.96413e-04 1.84921e-04 1.74118e-04 1.64100e-04 1.54860e-04 1.46340e-04 1.38477e-04 1.31213e-04 1.24509e-04 1.18339e-04 1.12688e-04 1.07547e-04 1.02906e-04 9.87568e-05 9.50874e-05 9.18806e-05 8.91123e-05 8.67463e-05 8.47282e-05 8.29801e-05 8.13990e-05 7.98615e-05 7.82336e-05 7.63835e-05 7.41915e-05 7.15572e-05 6.84011e-05 6.46653e-05 6.03156e-05 5.53475e-05 4.97977e-05 4.37576e-05 3.73845e-05 3.09025e-05 2.45849e-05 1.87185e-05 1.35554e-05 9.26898e-06 5.92761e-06 3.49579e-06 1.85896e-06 8.59022e-07 3.24980e-07 9.17594e-08 1.67600e-08 1.55338e-09 4.46013e-11 1.42157e-13
2.801376 1.26376e-02 1.86469e-02 1.49818e-02 1.33093e-02 1.28147e-02 1.26512e-02 1.23780e-02 1.18472e-02 1.11050e-02 1.02948e-02 9.55999e-03 8.97813e-03 8.55076e-03 8.23795e-03 7.99427e-03 7.78936e-03 7.61596e-03 7.48510e-03 7.41941e-03 7.45754e-03 7.66351e-03 8.11146e-03 8.81933e-03 9.68399e-03 1.05310e-02 1.12342e-02 1.17293e-02 1.19668e-02 1.19444e-02 1.17351e-02 1.14350e-02 1.11088e-02 1.07839e-02 1.04662e-02 1.01543e-02 9.84626e-03 9.54249e-03 9.24556e-03 8.95857e-03 8.68355e-03 8.42064e-03 8.16864e-03 7.92637e-03 7.69382e-03 7.47222e-03 7.26310e-03 7.06695e-03 6.88252e-03 6.70699e-03 6.53694e-03 6.36955e-03 6.20345e-03 6.03891e-03 5.87740e-03 5.72087e-03 5.57098e-03 5.42873e-03 5.29443e-03 5.16795e-03 5.04913e-03 4.93814e-03 4.83553e-03 4.74199e-03 4.65798e-03 4.58348e-03 4.51789e-03 4.46023e-03 4.40937e-03 4.36420e-03 4.32381e-03 4.28739e-03 4.25415e-03 4.22332e-03 4.19425e-03 4.16644e-03 4.13953e-03 4.11318e-03 4.08703e-03 4.06070e-03 4.03375e-03 4.00575e-03 3.97630e-03 3.94510e-03 3.91210e-03 3.87754e-03 3.84199e-03 3.80625e-03 3.77121e-03 3.73768e-03 3.70627e-03 3.67731e-03 3.65088e-03 3.62679e-03 3.60465e-03 3.58389e-03 3.56388e-03 3.54399e-03 3.52367e-03 3.50251e-03 3.48020e-03 3.45661e-03 3.43170e-03 3.40552e-03 3.37819e-03 3.34987e-03 3.32076e-03 3.29111e-03 3.26116e-03 3.23117e-03 3.20136e-03 3.17196e-03 3.14315e-03 3.11506e-03 3.08782e-03 3.06149e-03 3.03611e-03 3.01170e-03 2.98824e-03 2.96570e-03 2.94401e-03 2.92312e-03 2.90297e-03 2.88346e-03 2.86453e-03 2.84610e-03 2.82810e-03 2.81044e-03 2.79305e-03 2.77584e-03 2.75872e-03 2.74161e-03 2.72443e-03 2.70709e-03 2.68950e-03 2.67161e-03 2.65335e-03 2.63468e-03 2.61559e-03 2.59606e-03 2.57611e-03 2.55576e-03 2.53506e-03 2.51406e-03 2.49283e-03 2.47143e-03 2.44995e-03 2.42844e-03 2.40699e-03 2.38566e-03 2.36450e-03 2.34357e-03 2.32292e-03 2.30257e-03 2.28257e-03 2.26293e-03 2.24370e-03 2.22487e-03 2.20645e-03 2.18844e-03 2.17084e-03 2.15363e-03 2.13677e-03 2.12025e-03 2.10403e-03 2.08807e-03 2.07231e-03 2.05673e-03 2.04126e-03 2.02586e-03 2.01047e-03 1.99506e-03 1.97956e-03 1.96393e-03 1.94811e-03 1.93205e-03 1.91570e-03 1.89899e-03 1.88187e-03 1.86429e-03 1.84618e-03 1.82749e-03 1.80820e-03 1.78826e-03 1.76766e-03 1.74640e-03 1.72446e-03 1.70186e-03 1.67861e-03 1.65474e-03 1.63030e-03 1.60532e-03 1.57989e-03 1.55408e-03 1.52796e-03 1.50164e-03 1.47519e-03 1.44870e-03 1.42225e-03 1.39591e-03 1.36976e-03 1.34385e-03 1.31824e-03 1.29296e-03 1.26806e-03 1.24355e-03 1.21946e-03 1.19581e-03 1.17262e-03 1.14989e-03 1.12765e-03 1.10592e-03 1.08469e-03 1.06399e-03 1.04380e-03 1.02409e-03 1.00483e-03 9.85966e-04 9.67414e-04 9.49082e-04 9.30864e-04 9.12643e-04 8.94302e-04 8.75732e-04 8.56840e-04 8.37561e-04 8.17866e-04 7.97769e-04 7.77334e-04 7.56667e-04 7.35918e-04 7.15262e-04 6.94890e-04 6.74990e-04 6.55732e-04 6.37260e-04 6.19678e-04 6.03049e-04 5.87389e-04 5.72664e-04 5.58790e-04 5.45646e-04 5.33085e-04 5.20959e-04 5.09128e-04 4.97482e-04 4.85945e-04 4.74476e-04 4.63065e-04 4.51730e-04 4.40503e-04 4.29435e-04 4.18589e-04 4.08050e-04 3.97918e-04 3.88301e-04 3.79305e-04 3.71007e-04 3.63435e-04 3.56545e-04 3.50190e-04 3.44106e-04 3.37908e-04 3.31133e-04 3.23352e-04 3.14347e-04 3.04273e-04 2.93638e-04 2.83083e-04 2.73179e-04 2.64410e-04 2.57065e-04 2.50804e-04 2.44473e-04 2.36746e-04 2.27023e-04 2.15664e-04 2.03550e-04 1.91544e-04 1.80203e-04 1.69752e-04 1.60181e-04 1.51371e-04 1.43189e-04 1.35545e-04 1.28407e-04 1.21790e-04 1.15735e-04 1.10291e-04 1.05496e-04 1.01370e-04 9.79101e-05 9.50773e-05 9.27911e-05 9.09251e-05 8.93160e-05 8.77816e-05 8.61422e-05 8.42348e-05 8.19169e-05 7.90626e-05 7.55558e-05 7.12893e-05 6.61763e-05 6.01746e-05 5.33224e-05 4.57733e-05 3.78157e-05 2.98552e-05 2.23550e-05 1.57438e-05 1.03252e-05 6.22145e-06 3.37419e-06 1.59277e-06 6.19196e-07 1.81417e-07 3.47607e-08 3.40714e-09 1.03723e-10 3.54414e-13
2.901426 1.35718e-02 1.92982e-02 1.47024e-02 1.25972e-02 1.19531e-02 1.17467e-02 1.15053e-02 1.10632e-02 1.04416e-02 9.76154e-03 9.14938e-03 8.67029e-03 8.32385e-03 8.07309e-03 7.87361e-03 7.69696e-03 7.54144e-03 7.43254e-03 7.42855e-03 7.62041e-03 8.08483e-03 8.78925e-03 9.56141e-03 1.02220e-02 1.07241e-02 1.10909e-02 1.12990e-02 1.13154e-02 1.11713e-02 1.09364e-02 1.06636e-02 1.03760e-02 1.00799e-02 9.77780e-03 9.47407e-03 9.17589e-03 8.89073e-03 8.62334e-03 8.37430e-03 8.14079e-03 7.91881e-03 7.70547e-03 7.50029e-03 7.30483e-03 7.12113e-03 6.94989e-03 6.78938e-03 6.63581e-03 6.48466e-03 6.33247e-03 6.17800e-03 6.02237e-03 5.86837e-03 5.71925e-03 5.57770e-03 5.44535e-03 5.32269e-03 5.20935e-03 5.10443e-03 5.00685e-03 4.91559e-03 4.82990e-03 4.74950e-03 4.67478e-03 4.60684e-03 4.54718e-03 4.49699e-03 4.45614e-03 4.42280e-03 4.39420e-03 4.36748e-03 4.34038e-03 4.31197e-03 4.28257e-03 4.25259e-03 4.22179e-03 4.18945e-03 4.15484e-03 4.11770e-03 4.07854e-03 4.03862e-03 3.99977e-03 3.96387e-03 3.93238e-03 3.90596e-03 3.88445e-03 3.86694e-03 3.85209e-03 3.83838e-03 3.82433e-03 3.80869e-03 3.79055e-03 3.76935e-03 3.74498e-03 3.71764e-03 3.68782e-03 3.65616e-03 3.62332e-03 3.58990e-03 3.55639e-03 3.52318e-03 3.49055e-03 3.45874e-03 3.42792e-03 3.39822e-03 3.36965e-03 3.34221e-03 3.31580e-03 3.29031e-03 3.26560e-03 3.24156e-03 3.21806e-03 3.19502e-03 3.17237e-03 3.15006e-03 3.12807e-03 3.10638e-03 3.08500e-03 3.06392e-03 3.04316e-03 3.02272e-03 3.00260e-03 2.98282e-03 2.96336e-03 2.94423e-03 2.92540e-03 2.90686e-03 2.88858e-03 2.87052e-03 2.85261e-03 2.83481e-03 2.81702e-03 2.79917e-03 2.78115e-03 2.76289e-03 2.74430e-03 2.72531e-03 2.70589e-03 2.68602e-03 2.66569e-03 2.64492e-03 2.62375e-03 2.60223e-03 2.58042e-03 2.55838e-03 2.53620e-03 2.51395e-03 2.49171e-03 2.46957e-03 2.44760e-03 2.42585e-03 2.40440e-03 2.38328e-03 2.36254e-03 2.34222e-03 2.32235e-03 2.30296e-03 2.28406e-03 2.26567e-03 2.24780e-03 2.23045e-03 2.21361e-03 2.19727e-03 2.18140e-03 2.16598e-03 2.15096e-03 2.13630e-03 2.12193e-03 2.10782e-03 2.09388e-03 2.08007e-03 2.06630e-03 2.05252e-03 2.03867e-03 2.02467e-03 2.01049e-03 1.99605e-03 1.98133e-03 1.96627e-03 1.95085e-03 1.93503e-03 1.91876e-03 1.90202e-03 1.88477e-03 1.86697e-03 1.84859e-03 1.82959e-03 1.80996e-03 1.78965e-03 1.76864e-03 1.74691e-03 1.72444e-03 1.70124e-03 1.67732e-03 1.65272e-03 1.62747e-03 1.60163e-03 1.57525e-03 1.54840e-03 1.52113e-03 1.49351e-03 1.46562e-03 1.43750e-03 1.40924e-03 1.38088e-03 1.35248e-03 1.32411e-03 1.29584e-03 1.26774e-03 1.23990e-03 1.21244e-03 1.18548e-03 1.15917e-03 1.13364e-03 1.10902e-03 1.08542e-03 1.06291e-03 1.04153e-03 1.02131e-03 1.00220e-03 9.84139e-04 9.67013e-04 9.50666e-04 9.34900e-04 9.19471e-04 9.04099e-04 8.88481e-04 8.72314e-04 8.55323e-04 8.37289e-04 8.18078e-04 7.97665e-04 7.76140e-04 7.53710e-04 7.30675e-04 7.07399e-04 6.84278e-04 6.61690e-04 6.39965e-04 6.19351e-04 5.99992e-04 5.81918e-04 5.65043e-04 5.49183e-04 5.34076e-04 5.19424e-04 5.04932e-04 4.90348e-04 4.75495e-04 4.60282e-04 4.44714e-04 4.28898e-04 4.13053e-04 3.97506e-04 3.82647e-04 3.68859e-04 3.56427e-04 3.45476e-04 3.35963e-04 3.27716e-04 3.20502e-04 3.14083e-04 3.08238e-04 3.02761e-04 2.97429e-04 2.91987e-04 2.86157e-04 2.79704e-04 2.72581e-04 2.65047e-04 2.57571e-04 2.50497e-04 2.43904e-04 2.37881e-04 2.32665e-04 2.28169e-04 2.23561e-04 2.17697e-04 2.09983e-04 2.00706e-04 1.90651e-04 1.80578e-04 1.70932e-04 1.61843e-04 1.53256e-04 1.45078e-04 1.37278e-04 1.29907e-04 1.23079e-04 1.16919e-04 1.11528e-04 1.06958e-04 1.03209e-04 1.00219e-04 9.78653e-05 9.59774e-05 9.43587e-05 9.28099e-05 9.11427e-05 8.91786e-05 8.67381e-05 8.36301e-05 7.96530e-05 7.46139e-05 6.83705e-05 6.08922e-05 5.23234e-05 4.30231e-05 3.35482e-05 2.45640e-05 1.66980e-05 1.03899e-05 5.80078e-06 2.81660e-06 1.12937e-06 3.43177e-07 6.85683e-08 7.02616e-09 2.24930e-10 8.50834e-13
3.001475 1.19442e-02 1.80793e-02 1.42814e-02 1.20721e-02 1.12137e-02 1.09479e-02 1.07416e-02 1.03745e-02 9.84948e-03 9.27651e-03 8.76673e-03 8.37460e-03 8.09678e-03 7.89540e-03 7.72633e-03 7.56812e-03 7.44051e-03 7.41014e-03 7.57470e-03 7.99798e-03 8.62056e-03 9.26169e-03 9.76343e-03 1.01123e-02 1.03759e-02 1.05705e-02 1.06530e-02 1.06016e-02 1.04438e-02 1.02195e-02 9.95359e-03 9.65986e-03 9.35114e-03 9.04333e-03 8.75187e-03 8.48639e-03 8.24849e-03 8.03385e-03 7.83641e-03 7.65138e-03 7.47618e-03 7.31021e-03 7.15415e-03 7.00876e-03 6.87336e-03 6.74483e-03 6.61800e-03 6.48742e-03 6.34946e-03 6.20364e-03 6.05265e-03 5.90106e-03 5.75378e-03 5.61475e-03 5.48633e-03 5.36946e-03 5.26413e-03 5.16985e-03 5.08608e-03 5.01222e-03 4.94750e-03 4.89066e-03 4.83960e-03 4.79127e-03 4.74239e-03 4.69183e-03 4.64287e-03 4.60076e-03 4.56639e-03 4.53462e-03 4.49960e-03 4.45958e-03 4.41610e-03 4.37089e-03 4.32514e-03 4.28044e-03 4.23917e-03 4.20380e-03 4.17588e-03 4.15533e-03 4.14060e-03 4.12912e-03 4.11804e-03 4.10490e-03 4.08807e-03 4.06692e-03 4.04176e-03 4.01355e-03 3.98347e-03 3.95260e-03 3.92171e-03 3.89136e-03 3.86195e-03 3.83382e-03 3.80718e-03 3.78204e-03 3.75816e-03 3.73514e-03 3.71249e-03 3.68970e-03 3.66636e-03 3.64216e-03 3.61691e-03 3.59060e-03 3.56331e-03 3.53521e-03 3.50652e-03 3.47747e-03 3.44829e-03 3.41918e-03 3.39031e-03 3.36181e-03 3.33378e-03 3.30629e-03 3.27941e-03 3.25315e-03 3.22752e-03 3.20253e-03 3.17815e-03 3.15436e-03 3.13113e-03 3.10843e-03 3.08624e-03 3.06452e-03 3.04326e-03 3.02245e-03 3.00206e-03 2.98210e-03 2.96256e-03 2.94341e-03 2.92464e-03 2.90618e-03 2.88795e-03 2.86982e-03 2.85167e-03 2.83334e-03 2.81466e-03 2.79554e-03 2.77590e-03 2.75570e-03 2.73497e-03 2.71374e-03 2.69207e-03 2.67004e-03 2.64771e-03 2.62516e-03 2.60248e-03 2.57976e-03 2.55707e-03 2.53451e-03 2.51214e-03 2.49005e-03 2.46828e-03 2.44689e-03 2.42591e-03 2.40536e-03 2.38524e-03 2.36557e-03 2.34635e-03 2.32760e-03 2.30932e-03 2.29157e-03 2.27438e-03 2.25780e-03 2.24187e-03 2.22662e-03 2.21203e-03 2.19807e-03 2.18467e-03 2.17172e-03 2.15911e-03 2.14671e-03 2.13443e-03 2.12215e-03 2.10981e-03 2.09733e-03 2.08466e-03 2.07175e-03 2.05857e-03 2.04507e-03 2.03122e-03 2.01700e-03 2.00238e-03 1.98734e-03 1.97188e-03 1.95599e-03 1.93966e-03 1.92289e-03 1.90567e-03 1.88797e-03 1.86977e-03 1.85103e-03 1.83169e-03 1.81170e-03 1.79100e-03 1.76954e-03 1.74732e-03 1.72432e-03 1.70056e-03 1.67606e-03 1.65086e-03 1.62498e-03 1.59846e-03 1.57133e-03 1.54364e-03 1.51543e-03 1.48674e-03 1.45762e-03 1.42810e-03 1.39823e-03 1.36806e-03 1.33767e-03 1.30720e-03 1.27682e-03 1.24676e-03 1.21728e-03 1.18866e-03 1.16116e-03 1.13499e-03 1.11029e-03 1.08717e-03 1.06566e-03 1.04572e-03 1.02731e-03 1.01032e-03 9.94588e-04 9.79944e-04 9.66155e-04 9.52957e-04 9.40063e-04 9.27175e-04 9.13991e-04 9.00223e-04 8.85597e-04 8.69870e-04 8.52840e-04 8.34361e-04 8.14354e-04 7.92811e-04 7.69787e-04 7.45377e-04 7.19688e-04 6.92825e-04 6.64896e-04 6.36034e-04 6.06448e-04 5.76459e-04 5.46521e-04 5.17199e-04 4.89108e-04 4.62807e-04 4.38686e-04 4.16889e-04 3.97322e-04 3.79770e-04 3.64035e-04 3.50006e-04 3.37587e-04 3.26564e-04 3.16536e-04 3.07008e-04 2.97620e-04 2.88341e-04 2.79466e-04 2.71378e-04 2.64252e-04 2.57914e-04 2.51939e-04 2.45900e-04 2.39576e-04 2.33050e-04 2.26653e-04 2.20791e-04 2.15680e-04 2.11204e-04 2.07082e-04 2.03226e-04 1.99823e-04 1.96932e-04 1.94083e-04 1.90493e-04 1.85698e-04 1.79878e-04 1.73563e-04 1.67177e-04 1.60818e-04 1.54349e-04 1.47619e-04 1.40631e-04 1.33588e-04 1.26810e-04 1.20617e-04 1.15228e-04 1.10734e-04 1.07113e-04 1.04253e-04 1.01992e-04 1.00141e-04 9.85042e-05 9.68880e-05 9.50926e-05 9.28928e-05 9.00235e-05 8.61823e-05 8.10631e-05 7.44238e-05 6.61794e-05 5.64957e-05 4.58427e-05 3.49646e-05 2.47454e-05 1.59981e-05 9.25427e-06 4.64531e-06 1.92550e-06 6.06217e-07 1.25804e-07 1.34016e-08 4.49222e-10 1.89507e-12
3.101524 1.23293e-02 1.78925e-02 1.37383e-02 1.15013e-02 1.05897e-02 1.02618e-02 1.00440e-02 9.71881e-03 9.27117e-03 8.78931e-03 8.36668e-03 8.04665e-03 7.81981e-03 7.64887e-03 7.50317e-03 7.39138e-03 7.37148e-03 7.52253e-03 7.87939e-03 8.37686e-03 8.87763e-03 9.27212e-03 9.54170e-03 9.73381e-03 9.89224e-03 1.00070e-02 1.00316e-02 9.93935e-03 9.74262e-03 9.47243e-03 9.16131e-03 8.84031e-03 8.53659e-03 8.26740e-03 8.03683e-03 7.83871e-03 7.66346e-03 7.50364e-03 7.35611e-03 7.22086e-03 7.09856e-03 6.98854e-03 6.88803e-03 6.79225e-03 6.69505e-03 6.59015e-03 6.47299e-03 6.34239e-03 6.20108e-03 6.05461e-03 5.90942e-03 5.77099e-03 5.64301e-03 5.52747e-03 5.42520e-03 5.33655e-03 5.26154e-03 5.19960e-03 5.14924e-03 5.10787e-03 5.07214e-03 5.03854e-03 5.00328e-03 4.96142e-03 4.90810e-03 4.84473e-03 4.78035e-03 4.72067e-03 4.66315e-03 4.60548e-03 4.55036e-03 4.50226e-03 4.46390e-03 4.43506e-03 4.41308e-03 4.39416e-03 4.37478e-03 4.35276e-03 4.32753e-03 4.29980e-03 4.27095e-03 4.24236e-03 4.21526e-03 4.19087e-03 4.17048e-03 4.15511e-03 4.14496e-03 4.13905e-03 4.13541e-03 4.13158e-03 4.12529e-03 4.11483e-03 4.09936e-03 4.07883e-03 4.05380e-03 4.02508e-03 3.99360e-03 3.96014e-03 3.92538e-03 3.88982e-03 3.85383e-03 3.81769e-03 3.78157e-03 3.74564e-03 3.71000e-03 3.67473e-03 3.63992e-03 3.60563e-03 3.57190e-03 3.53879e-03 3.50633e-03 3.47455e-03 3.44346e-03 3.41307e-03 3.38339e-03 3.35442e-03 3.32614e-03 3.29854e-03 3.27160e-03 3.24532e-03 3.21965e-03 3.19457e-03 3.17005e-03 3.14606e-03 3.12257e-03 3.09954e-03 3.07695e-03 3.05479e-03 3.03307e-03 3.01181e-03 2.99105e-03 2.97084e-03 2.95121e-03 2.93217e-03 2.91368e-03 2.89562e-03 2.87776e-03 2.85984e-03 2.84161e-03 2.82286e-03 2.80351e-03 2.78361e-03 2.76328e-03 2.74275e-03 2.72224e-03 2.70198e-03 2.68206e-03 2.66243e-03 2.64292e-03 2.62325e-03 2.60322e-03 2.58272e-03 2.56179e-03 2.54052e-03 2.51906e-03 2.49750e-03 2.47596e-03 2.45449e-03 2.43316e-03 2.41205e-03 2.39121e-03 2.37069e-03 2.35053e-03 2.33075e-03 2.31138e-03 2.29244e-03 2.27394e-03 2.25589e-03 2.23830e-03 2.22117e-03 2.20448e-03 2.18822e-03 2.17235e-03 2.15685e-03 2.14168e-03 2.12679e-03 2.11216e-03 2.09773e-03 2.08347e-03 2.06933e-03 2.05526e-03 2.04122e-03 2.02715e-03 2.01301e-03 1.99875e-03 1.98432e-03 1.96972e-03 1.95491e-03 1.93990e-03 1.92469e-03 1.90929e-03 1.89369e-03 1.87790e-03 1.86189e-03 1.84562e-03 1.82903e-03 1.81204e-03 1.79456e-03 1.77648e-03 1.75773e-03 1.73826e-03 1.71802e-03 1.69699e-03 1.67513e-03 1.65240e-03 1.62875e-03 1.60417e-03 1.57864e-03 1.55222e-03 1.52497e-03 1.49702e-03 1.46847e-03 1.43946e-03 1.41011e-03 1.38053e-03 1.35086e-03 1.32125e-03 1.29194e-03 1.26321e-03 1.23539e-03 1.20879e-03 1.18366e-03 1.16014e-03 1.13826e-03 1.11795e-03 1.09907e-03 1.08143e-03 1.06481e-03 1.04900e-03 1.03376e-03 1.01890e-03 1.00423e-03 9.89601e-04 9.74890e-04 9.60017e-04 9.44946e-04 9.29662e-04 9.14129e-04 8.98221e-04 8.81658e-04 8.63966e-04 8.44514e-04 8.22622e-04 7.97738e-04 7.69610e-04 7.38418e-04 7.04808e-04 6.69803e-04 6.34514e-04 5.99655e-04 5.65215e-04 5.30733e-04 4.96013e-04 4.61530e-04 4.28213e-04 3.96987e-04 3.68505e-04 3.43084e-04 3.20751e-04 3.01335e-04 2.84572e-04 2.70197e-04 2.58001e-04 2.47836e-04 2.39558e-04 2.32936e-04 2.27544e-04 2.22712e-04 2.17624e-04 2.11592e-04 2.04421e-04 1.96634e-04 1.89292e-04 1.83403e-04 1.79317e-04 1.76558e-04 1.74202e-04 1.71522e-04 1.68439e-04 1.65453e-04 1.63036e-04 1.61056e-04 1.58881e-04 1.56052e-04 1.52723e-04 1.49426e-04 1.46514e-04 1.43862e-04 1.40992e-04 1.37432e-04 1.33008e-04 1.27924e-04 1.22615e-04 1.17543e-04 1.13029e-04 1.09217e-04 1.06098e-04 1.03574e-04 1.01500e-04 9.97041e-05 9.79988e-05 9.61725e-05 9.39676e-05 9.10607e-05 8.70677e-05 8.15969e-05 7.43529e-05 6.52680e-05 5.46156e-05 4.30494e-05 3.15236e-05 2.10868e-05 1.26063e-05 6.52883e-06 2.78901e-06 9.04887e-07 1.93550e-07 2.12567e-08 7.42184e-10 3.50767e-12
3.201573 1.34487e-02 1.90990e-02 1.39779e-02 1.11191e-02 9.98898e-03 9.59401e-03 9.35990e-03 9.05949e-03 8.66919e-03 8.25795e-03 7.90121e-03 7.63257e-03 7.44362e-03 7.31150e-03 7.23243e-03 7.23921e-03 7.37874e-03 7.66122e-03 8.03465e-03 8.41861e-03 8.75309e-03 9.00858e-03 9.18053e-03 9.29164e-03 9.36701e-03 9.39318e-03 9.32752e-03 9.14914e-03 8.88116e-03 8.57081e-03 8.26328e-03 7.98886e-03 7.75997e-03 7.57367e-03 7.41838e-03 7.28170e-03 7.15614e-03 7.04062e-03 6.93809e-03 6.85126e-03 6.77875e-03 6.71419e-03 6.64828e-03 6.57238e-03 6.48106e-03 6.37321e-03 6.25175e-03 6.12260e-03 5.99293e-03 5.86938e-03 5.75702e-03 5.65905e-03 5.57709e-03 5.51124e-03 5.45988e-03 5.41950e-03 5.38526e-03 5.35230e-03 5.31720e-03 5.27883e-03 5.23778e-03 5.19371e-03 5.14127e-03 5.07214e-03 4.98853e-03 4.90375e-03 4.82593e-03 4.75633e-03 4.69550e-03 4.64299e-03 4.59683e-03 4.55504e-03 4.51662e-03 4.48172e-03 4.45131e-03 4.42698e-03 4.41075e-03 4.40481e-03 4.41044e-03 4.42675e-03 4.44987e-03 4.47357e-03 4.49125e-03 4.49819e-03 4.49274e-03 4.47597e-03 4.45043e-03 4.41897e-03 4.38397e-03 4.34717e-03 4.30968e-03 4.27215e-03 4.23494e-03 4.19821e-03 4.16202e-03 4.12637e-03 4.09123e-03 4.05656e-03 4.02230e-03 3.98839e-03 3.95478e-03 3.92142e-03 3.88827e-03 3.85527e-03 3.82242e-03 3.78969e-03 3.75709e-03 3.72463e-03 3.69231e-03 3.66018e-03 3.62826e-03 3.59660e-03 3.56525e-03 3.53425e-03 3.50366e-03 3.47353e-03 3.44389e-03 3.41477e-03 3.38621e-03 3.35820e-03 3.33075e-03 3.30384e-03 3.27746e-03 3.25158e-03 3.22620e-03 3.20132e-03 3.17697e-03 3.15327e-03 3.13045e-03 3.10886e-03 3.08897e-03 3.07107e-03 3.05497e-03 3.03975e-03 3.02423e-03 3.00767e-03 2.99031e-03 2.97275e-03 2.95510e-03 2.93679e-03 2.91715e-03 2.89592e-03 2.87335e-03 2.84984e-03 2.82571e-03 2.80113e-03 2.77613e-03 2.75071e-03 2.72488e-03 2.69867e-03 2.67218e-03 2.64549e-03 2.61875e-03 2.59206e-03 2.56554e-03 2.53932e-03 2.51347e-03 2.48810e-03 2.46326e-03 2.43901e-03 2.41541e-03 2.39246e-03 2.37018e-03 2.34855e-03 2.32754e-03 2.30711e-03 2.28720e-03 2.26776e-03 2.24874e-03 2.23009e-03 2.21178e-03 2.19380e-03 2.17615e-03 2.15884e-03 2.14190e-03 2.12534e-03 2.10920e-03 2.09350e-03 2.07826e-03 2.06348e-03 2.04917e-03 2.03534e-03 2.02195e-03 2.00899e-03 1.99640e-03 1.98411e-03 1.97205e-03 1.96013e-03 1.94826e-03 1.93635e-03 1.92436e-03 1.91226e-03 1.90006e-03 1.88780e-03 1.87551e-03 1.86321e-03 1.85087e-03 1.83841e-03 1.82570e-03 1.81251e-03 1.79859e-03 1.78361e-03 1.76722e-03 1.74913e-03 1.72913e-03 1.70718e-03 1.68339e-03 1.65803e-03 1.63147e-03 1.60417e-03 1.57661e-03 1.54924e-03 1.52243e-03 1.49643e-03 1.47135e-03 1.44719e-03 1.42384e-03 1.40108e-03 1.37864e-03 1.35619e-03 1.33345e-03 1.31025e-03 1.28660e-03 1.26270e-03 1.23884e-03 1.21538e-03 1.19263e-03 1.17083e-03 1.15012e-03 1.13055e-03 1.11206e-03 1.09452e-03 1.07776e-03 1.06158e-03 1.04574e-03 1.03000e-03 1.01402e-03 9.97339e-04 9.79329e-04 9.59218e-04 9.36235e-04 9.09847e-04 8.80032e-04 8.47529e-04 8.14021e-04 7.81984e-04 7.53527e-04 7.28544e-04 7.04496e-04 6.78918e-04 6.51481e-04 6.23247e-04 5.95123e-04 5.67409e-04 5.40035e-04 5.12808e-04 4.85527e-04 4.58025e-04 4.30201e-04 4.02059e-04 3.73775e-04 3.45732e-04 3.18532e-04 2.92943e-04 2.69785e-04 2.49681e-04 2.32755e-04 2.18495e-04 2.06052e-04 1.94726e-04 1.84197e-04 1.74384e-04 1.65307e-04 1.57176e-04 1.50552e-04 1.46139e-04 1.44145e-04 1.43879e-04 1.44162e-04 1.43921e-04 1.42415e-04 1.39599e-04 1.36386e-04 1.33776e-04 1.31752e-04 1.29696e-04 1.27514e-04 1.25724e-04 1.24704e-04 1.24239e-04 1.23706e-04 1.22530e-04 1.20479e-04 1.17681e-04 1.14449e-04 1.11098e-04 1.07859e-04 1.04877e-04 1.02218e-04 9.98856e-05 9.78169e-05 9.58870e-05 9.39017e-05 9.15782e-05 8.85282e-05 8.42760e-05 7.83460e-05 7.04172e-05 6.04993e-05 4.90549e-05 3.69926e-05 2.54918e-05 1.56936e-05 8.36274e-06 3.67310e-06 1.22503e-06 2.69277e-07 3.03970e-08 1.10416e-09 5.82627e-12
3.301622 1.13416e-02 1.72801e-02 1.34544e-02 1.08965e-02 9.62346e-03 9.09742e-03 8.82566e-03 8.54251e-03 8.19317e-03 7.83021e-03 7.51884e-03 7.29203e-03 7.15404e-03 7.10329e-03 7.14783e-03 7.29763e-03 7.54083e-03 7.83909e-03 8.15284e-03 8.45541e-03 8.71554e-03 8.89110e-03 8.95963e-03 8.93979e-03 8.86470e-03 8.74427e-03 8.56861e-03 8.33838e-03 8.07757e-03 7.82026e-03 7.59230e-03 7.40307e-03 7.24764e-03 7.11468e-03 6.99471e-03 6.88472e-03 6.78747e-03 6.70723e-03 6.64510e-03 6.59681e-03 6.55372e-03 6.50573e-03 6.44459e-03 6.36622e-03 6.27145e-03 6.16535e-03 6.05582e-03 5.95182e-03 5.86164e-03 5.79103e-03 5.74169e-03 5.71052e-03 5.69053e-03 5.67343e-03 5.65263e-03 5.62508e-03 5.59105e-03 5.55230e-03 5.51006e-03 5.46357e-03 5.40703e-03 5.32675e-03 5.21615e-03 5.09439e-03 4.98362e-03 4.88927e-03 4.81107e-03 4.74888e-03 4.70328e-03 4.67651e-03 4.67138e-03 4.68888e-03 4.72629e-03 4.77654e-03 4.82877e-03 4.87052e-03 4.89157e-03 4.88767e-03 4.86142e-03 4.81967e-03 4.76992e-03 4.71801e-03 4.66749e-03 4.61994e-03 4.57571e-03 4.53456e-03 4.49603e-03 4.45972e-03 4.42536e-03 4.39274e-03 4.36174e-03 4.33219e-03 4.30390e-03 4.27664e-03 4.25015e-03 4.22418e-03 4.19848e-03 4.17283e-03 4.14701e-03 4.12081e-03 4.09407e-03 4.06663e-03 4.03840e-03 4.00932e-03 3.97941e-03 3.94879e-03 3.91765e-03 3.88623e-03 3.85485e-03 3.82377e-03 3.79325e-03 3.76346e-03 3.73453e-03 3.70652e-03 3.67947e-03 3.65346e-03 3.62868e-03 3.60550e-03 3.58456e-03 3.56652e-03 3.55139e-03 3.53756e-03 3.52210e-03 3.50368e-03 3.48502e-03 3.46928e-03 3.45382e-03 3.43146e-03 3.39851e-03 3.35806e-03 3.31591e-03 3.27602e-03 3.23942e-03 3.20539e-03 3.17279e-03 3.14074e-03 3.10882e-03 3.07688e-03 3.04498e-03 3.01319e-03 2.98159e-03 2.95025e-03 2.91922e-03 2.88854e-03 2.85823e-03 2.82828e-03 2.79869e-03 2.76946e-03 2.74061e-03 2.71214e-03 2.68408e-03 2.65643e-03 2.62917e-03 2.60231e-03 2.57585e-03 2.54979e-03 2.52416e-03 2.49896e-03 2.47421e-03 2.44991e-03 2.42605e-03 2.40261e-03 2.37957e-03 2.35694e-03 2.33473e-03 2.31295e-03 2.29163e-03 2.27083e-03 2.25057e-03 2.23091e-03 2.21187e-03 2.19348e-03 2.17575e-03 2.15868e-03 2.14228e-03 2.12654e-03 2.11146e-03 2.09703e-03 2.08326e-03 2.07014e-03 2.05770e-03 2.04596e-03 2.03497e-03 2.02478e-03 2.01547e-03 2.00712e-03 1.99978e-03 1.99349e-03 1.98816e-03 1.98360e-03 1.97938e-03 1.97492e-03 1.96946e-03 1.96222e-03 1.95256e-03 1.94010e-03 1.92480e-03 1.90690e-03 1.88673e-03 1.86460e-03 1.84057e-03 1.81459e-03 1.78658e-03 1.75671e-03 1.72553e-03 1.69391e-03 1.66285e-03 1.63325e-03 1.60574e-03 1.58069e-03 1.55816e-03 1.53802e-03 1.51999e-03 1.50374e-03 1.48890e-03 1.47505e-03 1.46164e-03 1.44811e-03 1.43392e-03 1.41861e-03 1.40188e-03 1.38354e-03 1.36355e-03 1.34193e-03 1.31883e-03 1.29455e-03 1.26953e-03 1.24433e-03 1.21956e-03 1.19576e-03 1.17333e-03 1.15255e-03 1.13353e-03 1.11619e-03 1.10024e-03 1.08497e-03 1.06927e-03 1.05165e-03 1.03065e-03 1.00526e-03 9.75422e-04 9.42365e-04 9.08796e-04 8.78191e-04 8.52172e-04 8.28167e-04 8.02043e-04 7.72944e-04 7.42961e-04 7.13837e-04 6.86059e-04 6.59600e-04 6.34363e-04 6.10224e-04 5.87019e-04 5.64583e-04 5.42790e-04 5.21569e-04 5.00881e-04 4.80693e-04 4.60948e-04 4.41536e-04 4.22269e-04 4.02857e-04 3.82970e-04 3.62414e-04 3.41295e-04 3.19884e-04 2.98169e-04 2.75697e-04 2.52189e-04 2.28269e-04 2.05300e-04 1.84522e-04 1.66497e-04 1.51167e-04 1.38204e-04 1.27365e-04 1.18727e-04 1.12711e-04 1.09806e-04 1.09937e-04 1.11879e-04 1.13628e-04 1.13710e-04 1.12005e-04 1.09341e-04 1.06729e-04 1.05038e-04 1.04777e-04 1.05758e-04 1.07089e-04 1.07805e-04 1.07519e-04 1.06456e-04 1.05028e-04 1.03465e-04 1.01760e-04 9.98264e-05 9.76479e-05 9.53138e-05 9.29540e-05 9.06484e-05 8.83496e-05 8.58271e-05 8.26482e-05 7.82265e-05 7.19715e-05 6.35262e-05 5.30120e-05 4.11515e-05 2.91661e-05 1.84409e-05 1.00769e-05 4.53374e-06 1.54840e-06 3.48565e-07 4.03354e-08 1.52068e-09 8.80723e-12
3.401671 1.28328e-02 1.81472e-02 1.32593e-02 1.04571e-02 9.15399e-03 8.59965e-03 8.30497e-03 8.02427e-03 7.70520e-03 7.39126e-03 7.13897e-03 6.98385e-03 6.94200e-03 7.01642e-03 7.19410e-03 7.44325e-03 7.72432e-03 8.00797e-03 8.27414e-03 8.49176e-03 8.61502e-03 8.61271e-03 8.49882e-03 8.32464e-03 8.13907e-03 7.96129e-03 7.78648e-03 7.60607e-03 7.42034e-03 7.23804e-03 7.06852e-03 6.91543e-03 6.77758e-03 6.65435e-03 6.54894e-03 6.46630e-03 6.40811e-03 6.36984e-03 6.34215e-03 6.31481e-03 6.27994e-03 6.23336e-03 6.17475e-03 6.10766e-03 6.03898e-03 5.97705e-03 5.92844e-03 5.89522e-03 5.87439e-03 5.85997e-03 5.84606e-03 5.82907e-03 5.80746e-03 5.77978e-03 5.74316e-03 5.69424e-03 5.63202e-03 5.55993e-03 5.48281e-03 5.39762e-03 5.29582e-03 5.19038e-03 5.11197e-03 5.07311e-03 5.07099e-03 5.09871e-03 5.14495e-03 5.19611e-03 5.23962e-03 5.26599e-03 5.26910e-03 5.24582e-03 5.19692e-03 5.12829e-03 5.04948e-03 4.96990e-03 4.89611e-03 4.83122e-03 4.77568e-03 4.72846e-03 4.68791e-03 4.65240e-03 4.62063e-03 4.59181e-03 4.56563e-03 4.54216e-03 4.52157e-03 4.50390e-03 4.48891e-03 4.47594e-03 4.46400e-03 4.45175e-03 4.43762e-03 4.41998e-03 4.39763e-03 4.37041e-03 4.33943e-03 4.30669e-03 4.27430e-03 4.24385e-03 4.21608e-03 4.19091e-03 4.16769e-03 4.14547e-03 4.12343e-03 4.10108e-03 4.07851e-03 4.05643e-03 4.03612e-03 4.01895e-03 4.00540e-03 3.99403e-03 3.98305e-03 3.97531e-03 3.97821e-03 3.99029e-03 3.99137e-03 3.96078e-03 3.90213e-03 3.83736e-03 3.78310e-03 3.74177e-03 3.70809e-03 3.67658e-03 3.64417e-03 3.60986e-03 3.57375e-03 3.53631e-03 3.49800e-03 3.45916e-03 3.42003e-03 3.38074e-03 3.34141e-03 3.30211e-03 3.26290e-03 3.22383e-03 3.18495e-03 3.14629e-03 3.10791e-03 3.06985e-03 3.03216e-03 2.99490e-03 2.95814e-03 2.92190e-03 2.88620e-03 2.85103e-03 2.81637e-03 2.78222e-03 2.74857e-03 2.71548e-03 2.68305e-03 2.65141e-03 2.62066e-03 2.59091e-03 2.56219e-03 2.53449e-03 2.50774e-03 2.48182e-03 2.45660e-03 2.43197e-03 2.40786e-03 2.38420e-03 2.36102e-03 2.33835e-03 2.31623e-03 2.29474e-03 2.27397e-03 2.25399e-03 2.23493e-03 2.21688e-03 2.19994e-03 2.18419e-03 2.16970e-03 2.15648e-03 2.14451e-03 2.13379e-03 2.12430e-03 2.11608e-03 2.10920e-03 2.10374e-03 2.09980e-03 2.09746e-03 2.09666e-03 2.09701e-03 2.09761e-03 2.09701e-03 2.09357e-03 2.08597e-03 2.07377e-03 2.05750e-03 2.03839e-03 2.01781e-03 1.99672e-03 1.97531e-03 1.95283e-03 1.92763e-03 1.89756e-03 1.86100e-03 1.81822e-03 1.77238e-03 1.72853e-03 1.69059e-03 1.65887e-03 1.63094e-03 1.60459e-03 1.57936e-03 1.55590e-03 1.53497e-03 1.51706e-03 1.50236e-03 1.49065e-03 1.48136e-03 1.47364e-03 1.46649e-03 1.45893e-03 1.45012e-03 1.43951e-03 1.42690e-03 1.41239e-03 1.39626e-03 1.37888e-03 1.36060e-03 1.34171e-03 1.32241e-03 1.30283e-03 1.28301e-03 1.26298e-03 1.24276e-03 1.22244e-03 1.20211e-03 1.18190e-03 1.16190e-03 1.14210e-03 1.12229e-03 1.10200e-03 1.08054e-03 1.05731e-03 1.03214e-03 1.00564e-03 9.79236e-04 9.54998e-04 9.34707e-04 9.17353e-04 8.98605e-04 8.75527e-04 8.49403e-04 8.22499e-04 7.95745e-04 7.69400e-04 7.43665e-04 7.18658e-04 6.94376e-04 6.70737e-04 6.47633e-04 6.24977e-04 6.02732e-04 5.80918e-04 5.59587e-04 5.38790e-04 5.18540e-04 4.98791e-04 4.79363e-04 4.59825e-04 4.39515e-04 4.18006e-04 3.95823e-04 3.74517e-04 3.55654e-04 3.39578e-04 3.25234e-04 3.11242e-04 2.97022e-04 2.82771e-04 2.68595e-04 2.53989e-04 2.38063e-04 2.20099e-04 1.99998e-04 1.78448e-04 1.56796e-04 1.36662e-04 1.19440e-04 1.05917e-04 9.62025e-05 8.99114e-05 8.64187e-05 8.50451e-05 8.50234e-05 8.52498e-05 8.47026e-05 8.36004e-05 8.33868e-05 8.51943e-05 8.85647e-05 9.16837e-05 9.30322e-05 9.26339e-05 9.15348e-05 9.05435e-05 8.96972e-05 8.85940e-05 8.69205e-05 8.46786e-05 8.20849e-05 7.93437e-05 7.64497e-05 7.30811e-05 6.86263e-05 6.23821e-05 5.39110e-05 4.34130e-05 3.18704e-05 2.08005e-05 1.16859e-05 5.38736e-06 1.88179e-06 4.33029e-07 5.12591e-08 1.99525e-09 1.24006e-11
3.501720 1.22614e-02 1.81618e-02 1.35434e-02 1.04354e-02 8.84655e-03 8.14061e-03 7.78858e-03 7.51416e-03 7.24525e-03 7.00936e-03 6.85337e-03 6.81163e-03 6.89737e-03 7.09593e-03 7.36509e-03 7.65105e-03 7.90891e-03 8.10832e-03 8.22622e-03 8.24564e-03 8.16730e-03 8.01790e-03 7.83881e-03 7.66157e-03 7.49552e-03 7.33671e-03 7.18104e-03 7.02716e-03 6.87378e-03 6.71976e-03 6.56708e-03 6.42267e-03 6.29708e-03 6.19995e-03 6.13477e-03 6.09676e-03 6.07539e-03 6.05973e-03 6.04292e-03 6.02361e-03 6.00456e-03 5.98988e-03 5.98242e-03 5.98210e-03 5.98593e-03 5.98908e-03 5.98652e-03 5.97419e-03 5.94953e-03 5.91157e-03 5.86077e-03 5.79906e-03 5.73022e-03 5.66073e-03 5.60025e-03 5.56022e-03 5.54935e-03 5.56661e-03 5.59810e-03 5.62681e-03 5.64847e-03 5.66722e-03 5.67959e-03 5.67923e-03 5.66298e-03 5.62986e-03 5.58023e-03 5.51454e-03 5.43335e-03 5.33950e-03 5.23959e-03 5.14204e-03 5.05346e-03 4.97715e-03 4.91375e-03 4.86242e-03 4.82171e-03 4.79021e-03 4.76708e-03 4.75240e-03 4.74693e-03 4.75128e-03 4.76420e-03 4.78036e-03 4.78996e-03 4.78325e-03 4.75833e-03 4.72375e-03 4.69239e-03 4.67285e-03 4.66392e-03 4.65580e-03 4.63798e-03 4.60654e-03 4.56466e-03 4.51827e-03 4.47235e-03 4.43012e-03 4.39356e-03 4.36403e-03 4.34232e-03 4.32779e-03 4.31798e-03 4.31135e-03 4.31264e-03 4.32957e-03 4.35585e-03 4.36428e-03 4.33145e-03 4.26395e-03 4.18915e-03 4.12811e-03 4.08472e-03 4.05296e-03 4.02617e-03 4.00063e-03 3.97515e-03 3.94971e-03 3.92462e-03 3.89999e-03 3.87571e-03 3.85140e-03 3.82652e-03 3.80049e-03 3.77273e-03 3.74283e-03 3.71051e-03 3.67573e-03 3.63860e-03 3.59937e-03 3.55842e-03 3.51616e-03 3.47301e-03 3.42937e-03 3.38554e-03 3.34176e-03 3.29819e-03 3.25495e-03 3.21209e-03 3.16969e-03 3.12780e-03 3.08649e-03 3.04582e-03 3.00587e-03 2.96669e-03 2.92831e-03 2.89074e-03 2.85397e-03 2.81796e-03 2.78264e-03 2.74796e-03 2.71385e-03 2.68024e-03 2.64710e-03 2.61439e-03 2.58215e-03 2.55046e-03 2.51943e-03 2.48926e-03 2.46014e-03 2.43231e-03 2.40601e-03 2.38146e-03 2.35887e-03 2.33836e-03 2.31994e-03 2.30351e-03 2.28895e-03 2.27623e-03 2.26540e-03 2.25652e-03 2.24959e-03 2.24447e-03 2.24093e-03 2.23867e-03 2.23753e-03 2.23735e-03 2.23763e-03 2.23703e-03 2.23352e-03 2.22531e-03 2.21181e-03 2.19372e-03 2.17244e-03 2.14933e-03 2.12539e-03 2.10119e-03 2.07691e-03 2.05224e-03 2.02634e-03 1.99811e-03 1.96710e-03 1.93440e-03 1.90184e-03 1.86913e-03 1.83322e-03 1.79316e-03 1.75319e-03 1.71794e-03 1.68785e-03 1.66093e-03 1.63536e-03 1.60980e-03 1.58373e-03 1.55833e-03 1.53578e-03 1.51753e-03 1.50372e-03 1.49339e-03 1.48491e-03 1.47639e-03 1.46638e-03 1.45434e-03 1.44054e-03 1.42552e-03 1.40983e-03 1.39386e-03 1.37779e-03 1.36163e-03 1.34525e-03 1.32855e-03 1.31152e-03 1.29425e-03 1.27686e-03 1.25947e-03 1.24214e-03 1.22490e-03 1.20775e-03 1.19066e-03 1.17358e-03 1.15636e-03 1.13867e-03 1.11996e-03 1.09949e-03 1.07666e-03 1.05140e-03 1.02448e-03 9.97317e-04 9.71568e-04 9.48002e-04 9.25185e-04 9.00978e-04 8.76083e-04 8.53362e-04 8.34571e-04 8.19790e-04 8.08175e-04 7.98167e-04 7.87720e-04 7.74922e-04 7.58659e-04 7.38899e-04 7.16483e-04 6.92667e-04 6.68690e-04 6.45488e-04 6.23492e-04 6.02505e-04 5.81765e-04 5.60320e-04 5.37538e-04 5.13306e-04 4.87857e-04 4.61814e-04 4.36472e-04 4.13322e-04 3.92876e-04 3.74161e-04 3.55709e-04 3.37109e-04 3.19282e-04 3.03293e-04 2.89390e-04 2.77138e-04 2.65993e-04 2.55620e-04 2.45882e-04 2.36704e-04 2.27926e-04 2.19205e-04 2.09950e-04 1.99367e-04 1.86632e-04 1.71217e-04 1.53252e-04 1.33756e-04 1.14515e-04 9.75601e-05 8.44331e-05 7.56120e-05 7.04577e-05 6.77034e-05 6.61518e-05 6.54155e-05 6.62934e-05 6.95165e-05 7.41041e-05 7.80474e-05 8.00461e-05 8.01522e-05 7.92913e-05 7.82517e-05 7.70879e-05 7.54296e-05 7.30651e-05 7.01031e-05 6.67386e-05 6.29501e-05 5.83379e-05 5.22252e-05 4.40797e-05 3.40810e-05 2.33852e-05 1.37299e-05 6.56685e-06 2.36529e-06 5.59056e-07 6.77887e-08 2.70177e-09 1.73577e-11
3.601770 1.10497e-02 1.68019e-02 1.28934e-02 1.01567e-02 8.60781e-03 7.80569e-03 7.39136e-03 7.14315e-03 6.97278e-03 6.87492e-03 6.87350e-03 6.98635e-03 7.20212e-03 7.47308e-03 7.73144e-03 7.91990e-03 8.01315e-03 8.01719e-03 7.95380e-03 7.84590e-03 7.71147e-03 7.56245e-03 7.40401e-03 7.23679e-03 7.06308e-03 6.88969e-03 6.72359e-03 6.56636e-03 6.41512e-03 6.26924e-03 6.13535e-03 6.02477e-03 5.94568e-03 5.89807e-03 5.87537e-03 5.86980e-03 5.87629e-03 5.89263e-03 5.91724e-03 5.94682e-03 5.97585e-03 5.99799e-03 6.00818e-03 6.00406e-03 5.98560e-03 5.95406e-03 5.91201e-03 5.86509e-03 5.82298e-03 5.79784e-03 5.80075e-03 5.83787e-03 5.90731e-03 5.99803e-03 6.09122e-03 6.16366e-03 6.19517e-03 6.17862e-03 6.12056e-03 6.03484e-03 5.94003e-03 5.84984e-03 5.76835e-03 5.69323e-03 5.61884e-03 5.54020e-03 5.45561e-03 5.36807e-03 5.28436e-03 5.21192e-03 5.15658e-03 5.12227e-03 5.11029e-03 5.11651e-03 5.12929e-03 5.13421e-03 5.12610e-03 5.11712e-03 5.12420e-03 5.14296e-03 5.14660e-03 5.11555e-03 5.05586e-03 4.98703e-03 4.92217e-03 4.86293e-03 4.80654e-03 4.75148e-03 4.69851e-03 4.65005e-03 4.60873e-03 4.57626e-03 4.55303e-03 4.53724e-03 4.52620e-03 4.52135e-03 4.52964e-03 4.55152e-03 4.56859e-03 4.55610e-03 4.50850e-03 4.44242e-03 4.37733e-03 4.32216e-03 4.27672e-03 4.23787e-03 4.20303e-03 4.17092e-03 4.14109e-03 4.11350e-03 4.08821e-03 4.06518e-03 4.04430e-03 4.02535e-03 4.00810e-03 3.99234e-03 3.97797e-03 3.96504e-03 3.95369e-03 3.94400e-03 3.93570e-03 3.92800e-03 3.91949e-03 3.90841e-03 3.89306e-03 3.87215e-03 3.84504e-03 3.81177e-03 3.77294e-03 3.72952e-03 3.68269e-03 3.63365e-03 3.58352e-03 3.53317e-03 3.48323e-03 3.43406e-03 3.38582e-03 3.33858e-03 3.29238e-03 3.24729e-03 3.20341e-03 3.16083e-03 3.11966e-03 3.07991e-03 3.04157e-03 3.00455e-03 2.96873e-03 2.93399e-03 2.90023e-03 2.86741e-03 2.83551e-03 2.80455e-03 2.77458e-03 2.74562e-03 2.71766e-03 2.69060e-03 2.66420e-03 2.63817e-03 2.61235e-03 2.58685e-03 2.56202e-03 2.53822e-03 2.51568e-03 2.49445e-03 2.47472e-03 2.45708e-03 2.44243e-03 2.43153e-03 2.42423e-03 2.41953e-03 2.41625e-03 2.41290e-03 2.40658e-03 2.39336e-03 2.37106e-03 2.34120e-03 2.30768e-03 2.27438e-03 2.24364e-03 2.21627e-03 2.19201e-03 2.16996e-03 2.14898e-03 2.12795e-03 2.10612e-03 2.08317e-03 2.05891e-03 2.03305e-03 2.00511e-03 1.97481e-03 1.94267e-03 1.91026e-03 1.87967e-03 1.85212e-03 1.82679e-03 1.80131e-03 1.77393e-03 1.74512e-03 1.71694e-03 1.69128e-03 1.66882e-03 1.64905e-03 1.63060e-03 1.61186e-03 1.59183e-03 1.57047e-03 1.54829e-03 1.52581e-03 1.50340e-03 1.48127e-03 1.45972e-03 1.43922e-03 1.42028e-03 1.40275e-03 1.38536e-03 1.36681e-03 1.34709e-03 1.32741e-03 1.30899e-03 1.29229e-03 1.27708e-03 1.26281e-03 1.24895e-03 1.23511e-03 1.22103e-03 1.20652e-03 1.19147e-03 1.17587e-03 1.15969e-03 1.14277e-03 1.12470e-03 1.10490e-03 1.08291e-03 1.05877e-03 1.03326e-03 1.00761e-03 9.82811e-04 9.58837e-04 9.34717e-04 9.10037e-04 8.85915e-04 8.63848e-04 8.44393e-04 8.27247e-04 8.11807e-04 7.97475e-04 7.83795e-04 7.70601e-04 7.58207e-04 7.47335e-04 7.38473e-04 7.31113e-04 7.23747e-04 7.14627e-04 7.02464e-04 6.86650e-04 6.67160e-04 6.44318e-04 6.18599e-04 5.90523e-04 5.60643e-04 5.29882e-04 4.99973e-04 4.72780e-04 4.48756e-04 4.26619e-04 4.04845e-04 3.83432e-04 3.63727e-04 3.46662e-04 3.31915e-04 3.18584e-04 3.05965e-04 2.93741e-04 2.81837e-04 2.70276e-04 2.59102e-04 2.48362e-04 2.38093e-04 2.28335e-04 2.19121e-04 2.10473e-04 2.02379e-04 1.94756e-04 1.87400e-04 1.79934e-04 1.71789e-04 1.62259e-04 1.50661e-04 1.36609e-04 1.20327e-04 1.02884e-04 8.61184e-05 7.20969e-05 6.22096e-05 5.64731e-05 5.38864e-05 5.37891e-05 5.63418e-05 6.09361e-05 6.53719e-05 6.77142e-05 6.77807e-05 6.64999e-05 6.47023e-05 6.25770e-05 5.99153e-05 5.65730e-05 5.25519e-05 4.77417e-05 4.17428e-05 3.41185e-05 2.50471e-05 1.57509e-05 8.01175e-06 3.03703e-06 7.48008e-07 9.36410e-08 3.80339e-09 2.43640e-11
3.701819 1.31952e-02 1.85166e-02 1.32143e-02 1.00498e-02 8.38081e-03 7.51360e-03 7.09661e-03 6.93851e-03 6.94046e-03 7.05500e-03 7.25145e-03 7.48974e-03 7.71261e-03 7.86420e-03 7.91948e-03 7.89533e-03 7.83023e-03 7.75125e-03 7.65975e-03 7.54421e-03 7.39944e-03 7.23114e-03 7.04926e-03 6.86242e-03 6.67613e-03 6.49268e-03 6.31381e-03 6.14531e-03 5.99825e-03 5.88409e-03 5.80844e-03 5.77002e-03 5.76396e-03 5.78421e-03 5.82270e-03 5.86790e-03 5.90640e-03 5.92715e-03 5.92528e-03 5.90290e-03 5.86775e-03 5.83152e-03 5.80699e-03 5.80417e-03 5.82890e-03 5.88470e-03 5.97218e-03 6.08417e-03 6.20373e-03 6.30964e-03 6.38535e-03 6.42418e-03 6.42750e-03 6.39885e-03 6.34096e-03 6.25944e-03 6.16520e-03 6.06939e-03 5.97887e-03 5.89974e-03 5.83781e-03 5.79464e-03 5.76514e-03 5.73538e-03 5.69298e-03 5.64140e-03 5.59449e-03 5.55755e-03 5.52250e-03 5.48075e-03 5.43421e-03 5.38738e-03 5.33757e-03 5.28242e-03 5.22497e-03 5.16891e-03 5.11477e-03 5.06102e-03 5.00628e-03 4.95044e-03 4.89509e-03 4.84212e-03 4.79223e-03 4.74693e-03 4.70897e-03 4.67824e-03 4.65344e-03 4.63706e-03 4.63423e-03 4.64240e-03 4.64484e-03 4.62351e-03 4.57693e-03 4.51850e-03 4.46166e-03 4.41175e-03 4.36797e-03 4.32776e-03 4.28926e-03 4.25179e-03 4.21545e-03 4.18067e-03 4.14784e-03 4.11711e-03 4.08845e-03 4.06173e-03 4.03677e-03 4.01345e-03 3.99173e-03 3.97166e-03 3.95339e-03 3.93710e-03 3.92301e-03 3.91125e-03 3.90186e-03 3.89473e-03 3.88977e-03 3.88713e-03 3.88735e-03 3.89117e-03 3.89885e-03 3.90921e-03 3.91941e-03 3.92549e-03 3.92372e-03 3.91161e-03 3.88829e-03 3.85430e-03 3.81108e-03 3.76067e-03 3.70536e-03 3.64752e-03 3.58926e-03 3.53220e-03 3.47727e-03 3.42486e-03 3.37491e-03 3.32723e-03 3.28159e-03 3.23785e-03 3.19593e-03 3.15589e-03 3.11785e-03 3.08204e-03 3.04871e-03 3.01810e-03 2.99029e-03 2.96504e-03 2.94185e-03 2.92020e-03 2.89986e-03 2.88085e-03 2.86307e-03 2.84592e-03 2.82840e-03 2.80952e-03 2.78889e-03 2.76701e-03 2.74535e-03 2.72596e-03 2.71095e-03 2.70154e-03 2.69734e-03 2.69659e-03 2.69757e-03 2.69833e-03 2.69443e-03 2.67924e-03 2.64885e-03 2.60546e-03 2.55509e-03 2.50326e-03 2.45326e-03 2.40671e-03 2.36402e-03 2.32468e-03 2.28794e-03 2.25359e-03 2.22185e-03 2.19267e-03 2.16546e-03 2.13936e-03 2.11365e-03 2.08796e-03 2.06218e-03 2.03634e-03 2.01045e-03 1.98450e-03 1.95859e-03 1.93299e-03 1.90804e-03 1.88400e-03 1.86096e-03 1.83889e-03 1.81784e-03 1.79789e-03 1.77905e-03 1.76107e-03 1.74354e-03 1.72600e-03 1.70810e-03 1.68934e-03 1.66907e-03 1.64666e-03 1.62177e-03 1.59458e-03 1.56558e-03 1.53542e-03 1.50484e-03 1.47458e-03 1.44526e-03 1.41724e-03 1.39063e-03 1.36541e-03 1.34182e-03 1.32051e-03 1.30214e-03 1.28616e-03 1.27053e-03 1.25348e-03 1.23542e-03 1.21822e-03 1.20315e-03 1.19003e-03 1.17798e-03 1.16620e-03 1.15427e-03 1.14170e-03 1.12777e-03 1.11166e-03 1.09287e-03 1.07158e-03 1.04860e-03 1.02497e-03 1.00148e-03 9.78292e-04 9.55207e-04 9.32339e-04 9.10216e-04 8.89346e-04 8.69887e-04 8.51636e-04 8.34187e-04 8.17173e-04 8.00466e-04 7.84196e-04 7.68611e-04 7.53942e-04 7.40332e-04 7.27791e-04 7.16167e-04 7.05202e-04 6.94631e-04 6.84123e-04 6.73021e-04 6.60253e-04 6.44718e-04 6.25777e-04 6.03409e-04 5.78405e-04 5.52676e-04 5.28174e-04 5.05032e-04 4.82099e-04 4.59022e-04 4.37058e-04 4.17657e-04 4.00834e-04 3.85553e-04 3.70899e-04 3.56475e-04 3.42225e-04 3.28211e-04 3.14500e-04 3.01144e-04 2.88171e-04 2.75599e-04 2.63436e-04 2.51688e-04 2.40363e-04 2.29477e-04 2.19047e-04 2.09092e-04 1.99632e-04 1.90677e-04 1.82222e-04 1.74245e-04 1.66683e-04 1.59423e-04 1.52268e-04 1.44923e-04 1.36984e-04 1.27982e-04 1.17476e-04 1.05234e-04 9.14628e-05 7.70111e-05 6.33562e-05 5.22139e-05 4.48591e-05 4.17308e-05 4.26643e-05 4.67125e-05 5.13768e-05 5.38382e-05 5.34087e-05 5.13254e-05 4.87224e-05 4.57622e-05 4.21163e-05 3.74982e-05 3.17053e-05 2.46320e-05 1.66996e-05 9.21454e-06 3.76644e-06 9.87555e-07 1.29520e-07 5.37258e-09 3.33799e-11
3.801868 1.19207e-02 1.79773e-02 1.35291e-02 1.03006e-02 8.40143e-03 7.44709e-03 7.08840e-03 7.09535e-03 7.32158e-03 7.63967e-03 7.92609e-03 8.09041e-03 8.10804e-03 8.02219e-03 7.90605e-03 7.81041e-03 7.73676e-03 7.65375e-03 7.53408e-03 7.37434e-03 7.18760e-03 6.98775e-03 6.78259e-03 6.57522e-03 6.36884e-03 6.17249e-03 6.00331e-03 5.88122e-03 5.81855e-03 5.81251e-03 5.84497e-03 5.88919e-03 5.92018e-03 5.92355e-03 5.89818e-03 5.85279e-03 5.80126e-03 5.76003e-03 5.74697e-03 5.77771e-03 5.85742e-03 5.97470e-03 6.10792e-03 6.23768e-03 6.34941e-03 6.42987e-03 6.47162e-03 6.47977e-03 6.46938e-03 6.45674e-03 6.45173e-03 6.45192e-03 6.44277e-03 6.41273e-03 6.36746e-03 6.31924e-03 6.27121e-03 6.21864e-03 6.15814e-03 6.09280e-03 6.02710e-03 5.96294e-03 5.89957e-03 5.83333e-03 5.76179e-03 5.68451e-03 5.59876e-03 5.50424e-03 5.40855e-03 5.32242e-03 5.24937e-03 5.18539e-03 5.12625e-03 5.07055e-03 5.01851e-03 4.97104e-03 4.92919e-03 4.89301e-03 4.86074e-03 4.83066e-03 4.80452e-03 4.78596e-03 4.77127e-03 4.74804e-03 4.70713e-03 4.65135e-03 4.59062e-03 4.53283e-03 4.48065e-03 4.43339e-03 4.38938e-03 4.34726e-03 4.30627e-03 4.26621e-03 4.22721e-03 4.18957e-03 4.15360e-03 4.11955e-03 4.08753e-03 4.05752e-03 4.02937e-03 4.00286e-03 3.97770e-03 3.95366e-03 3.93057e-03 3.90835e-03 3.88709e-03 3.86699e-03 3.84837e-03 3.83159e-03 3.81702e-03 3.80497e-03 3.79561e-03 3.78898e-03 3.78493e-03 3.78313e-03 3.78325e-03 3.78547e-03 3.79109e-03 3.80234e-03 3.82099e-03 3.84617e-03 3.87348e-03 3.89625e-03 3.90818e-03 3.90523e-03 3.88601e-03 3.85122e-03 3.80301e-03 3.74459e-03 3.67985e-03 3.61280e-03 3.54686e-03 3.48435e-03 3.42635e-03 3.37304e-03 3.32424e-03 3.27974e-03 3.23931e-03 3.20247e-03 3.16855e-03 3.13711e-03 3.10872e-03 3.08466e-03 3.06553e-03 3.05026e-03 3.03655e-03 3.02197e-03 3.00481e-03 2.98444e-03 2.96140e-03 2.93722e-03 2.91407e-03 2.89441e-03 2.88047e-03 2.87353e-03 2.87324e-03 2.87761e-03 2.88437e-03 2.89262e-03 2.90157e-03 2.90721e-03 2.90228e-03 2.88184e-03 2.84767e-03 2.80644e-03 2.76426e-03 2.72362e-03 2.68429e-03 2.64555e-03 2.60750e-03 2.57081e-03 2.53566e-03 2.50090e-03 2.46479e-03 2.42712e-03 2.38961e-03 2.35401e-03 2.32063e-03 2.28859e-03 2.25695e-03 2.22526e-03 2.19349e-03 2.16171e-03 2.12993e-03 2.09815e-03 2.06645e-03 2.03514e-03 2.00469e-03 1.97559e-03 1.94831e-03 1.92335e-03 1.90106e-03 1.88158e-03 1.86460e-03 1.84939e-03 1.83501e-03 1.82050e-03 1.80505e-03 1.78799e-03 1.76883e-03 1.74722e-03 1.72297e-03 1.69607e-03 1.66689e-03 1.63615e-03 1.60470e-03 1.57314e-03 1.54163e-03 1.51015e-03 1.47876e-03 1.44772e-03 1.41738e-03 1.38809e-03 1.36010e-03 1.33348e-03 1.30814e-03 1.28405e-03 1.26152e-03 1.24117e-03 1.22334e-03 1.20716e-03 1.19087e-03 1.17364e-03 1.15661e-03 1.14151e-03 1.12875e-03 1.11729e-03 1.10577e-03 1.09320e-03 1.07900e-03 1.06274e-03 1.04419e-03 1.02371e-03 1.00223e-03 9.80848e-04 9.60248e-04 9.40696e-04 9.22134e-04 9.04306e-04 8.86903e-04 8.69696e-04 8.52572e-04 8.35492e-04 8.18452e-04 8.01501e-04 7.84754e-04 7.68369e-04 7.52486e-04 7.37162e-04 7.22337e-04 7.07814e-04 6.93269e-04 6.78262e-04 6.62265e-04 6.44713e-04 6.25107e-04 6.03450e-04 5.81127e-04 5.60106e-04 5.40330e-04 5.20750e-04 5.01898e-04 4.85183e-04 4.70933e-04 4.58082e-04 4.45377e-04 4.32139e-04 4.18191e-04 4.03609e-04 3.88547e-04 3.73175e-04 3.57654e-04 3.42129e-04 3.26727e-04 3.11556e-04 2.96704e-04 2.82246e-04 2.68246e-04 2.54761e-04 2.41841e-04 2.29529e-04 2.17860e-04 2.06853e-04 1.96511e-04 1.86811e-04 1.77712e-04 1.69155e-04 1.61072e-04 1.53388e-04 1.46026e-04 1.38896e-04 1.31890e-04 1.24865e-04 1.17632e-04 1.09953e-04 1.01557e-04 9.21966e-05 8.17501e-05 7.03688e-05 5.86227e-05 4.75552e-05 3.85531e-05 3.30382e-05 3.19821e-05 3.48553e-05 3.87094e-05 4.02248e-05 3.89896e-05 3.65850e-05 3.36390e-05 2.95578e-05 2.38837e-05 1.69641e-05 9.92961e-06 4.33660e-06 1.21030e-06 1.66691e-07 7.05741e-09 4.16827e-11
3.901917 1.13723e-02 1.71216e-02 1.30952e-02 1.02481e-02 8.52823e-03 7.69048e-03 7.49179e-03 7.70292e-03 8.09808e-03 8.45307e-03 8.61214e-03 8.55243e-03 8.36627e-03 8.17099e-03 8.02691e-03 7.92209e-03 7.81194e-03 7.66441e-03 7.47577e-03 7.25887e-03 7.02718e-03 6.79002e-03 6.55734e-03 6.34568e-03 6.17767e-03 6.07225e-03 6.03147e-03 6.03547e-03 6.05139e-03 6.04953e-03 6.01543e-03 5.95261e-03 5.87841e-03 5.81721e-03 5.79326e-03 5.82465e-03 5.91849e-03 6.06664e-03 6.24393e-03 6.41753e-03 6.56396e-03 6.66898e-03 6.71967e-03 6.71823e-03 6.68541e-03 6.64031e-03 6.59272e-03 6.54807e-03 6.50939e-03 6.47631e-03 6.44531e-03 6.41239e-03 6.37543e-03 6.33372e-03 6.28647e-03 6.23259e-03 6.17225e-03 6.10816e-03 6.04455e-03 5.98312e-03 5.92212e-03 5.85918e-03 5.79201e-03 5.72005e-03 5.64457e-03 5.56485e-03 5.47911e-03 5.39148e-03 5.31209e-03 5.24653e-03 5.19239e-03 5.14579e-03 5.10469e-03 5.06881e-03 5.03739e-03 5.00488e-03 4.96159e-03 4.90182e-03 4.82961e-03 4.75450e-03 4.68384e-03 4.62020e-03 4.56292e-03 4.51028e-03 4.46077e-03 4.41336e-03 4.36746e-03 4.32281e-03 4.27934e-03 4.23707e-03 4.19607e-03 4.15646e-03 4.11834e-03 4.08183e-03 4.04704e-03 4.01402e-03 3.98281e-03 3.95336e-03 3.92562e-03 3.89948e-03 3.87488e-03 3.85177e-03 3.83012e-03 3.80992e-03 3.79111e-03 3.77356e-03 3.75710e-03 3.74156e-03 3.72683e-03 3.71292e-03 3.69994e-03 3.68816e-03 3.67792e-03 3.66960e-03 3.66349e-03 3.65973e-03 3.65850e-03 3.66071e-03 3.66862e-03 3.68559e-03 3.71400e-03 3.75258e-03 3.79531e-03 3.83325e-03 3.85773e-03 3.86266e-03 3.84549e-03 3.80724e-03 3.75198e-03 3.68582e-03 3.61518e-03 3.54515e-03 3.47846e-03 3.41629e-03 3.36009e-03 3.31207e-03 3.27314e-03 3.24134e-03 3.21288e-03 3.18459e-03 3.15524e-03 3.12539e-03 3.09630e-03 3.06882e-03 3.04289e-03 3.01800e-03 2.99409e-03 2.97201e-03 2.95320e-03 2.93889e-03 2.92953e-03 2.92436e-03 2.92153e-03 2.91874e-03 2.91455e-03 2.90940e-03 2.90462e-03 2.89977e-03 2.89158e-03 2.87632e-03 2.85352e-03 2.82681e-03 2.80100e-03 2.77834e-03 2.75752e-03 2.73595e-03 2.71233e-03 2.68719e-03 2.66171e-03 2.63672e-03 2.61259e-03 2.58880e-03 2.56328e-03 2.53403e-03 2.50167e-03 2.46912e-03 2.43901e-03 2.41179e-03 2.38613e-03 2.36056e-03 2.33443e-03 2.30759e-03 2.27997e-03 2.25132e-03 2.22133e-03 2.18984e-03 2.15706e-03 2.12371e-03 2.09073e-03 2.05902e-03 2.02915e-03 2.00138e-03 1.97575e-03 1.95227e-03 1.93091e-03 1.91161e-03 1.89419e-03 1.87833e-03 1.86353e-03 1.84902e-03 1.83381e-03 1.81670e-03 1.79649e-03 1.77211e-03 1.74279e-03 1.70838e-03 1.66968e-03 1.62859e-03 1.58751e-03 1.54821e-03 1.51129e-03 1.47658e-03 1.44374e-03 1.41256e-03 1.38283e-03 1.35428e-03 1.32665e-03 1.29976e-03 1.27361e-03 1.24832e-03 1.22413e-03 1.20146e-03 1.18072e-03 1.16199e-03 1.14472e-03 1.12793e-03 1.11095e-03 1.09405e-03 1.07815e-03 1.06403e-03 1.05193e-03 1.04150e-03 1.03188e-03 1.02152e-03 1.00845e-03 9.91576e-04 9.71762e-04 9.51177e-04 9.31545e-04 9.13456e-04 8.96762e-04 8.81047e-04 8.65832e-04 8.50691e-04 8.35339e-04 8.19652e-04 8.03606e-04 7.87187e-04 7.70343e-04 7.52995e-04 7.35073e-04 7.16529e-04 6.97321e-04 6.77290e-04 6.55942e-04 6.32554e-04 6.07721e-04 5.84782e-04 5.66392e-04 5.51691e-04 5.39347e-04 5.28761e-04 5.19073e-04 5.09167e-04 4.98240e-04 4.86019e-04 4.72618e-04 4.58311e-04 4.43350e-04 4.27898e-04 4.12044e-04 3.95851e-04 3.79396e-04 3.62781e-04 3.46133e-04 3.29590e-04 3.13281e-04 2.97325e-04 2.81819e-04 2.66842e-04 2.52458e-04 2.38727e-04 2.25701e-04 2.13431e-04 2.01950e-04 1.91265e-04 1.81346e-04 1.72126e-04 1.63514e-04 1.55403e-04 1.47689e-04 1.40279e-04 1.33093e-04 1.26067e-04 1.19141e-04 1.12247e-04 1.05303e-04 9.81984e-05 9.07946e-05 8.29406e-05 7.45092e-05 6.54625e-05 5.59406e-05 4.63514e-05 3.74255e-05 3.01949e-05 2.58322e-05 2.50222e-05 2.65892e-05 2.75630e-05 2.65316e-05 2.44574e-05 2.13939e-05 1.64188e-05 1.01169e-05 4.55259e-06 1.29573e-06 1.80864e-07 7.63796e-09 4.18438e-11
4.001966 1.38574e-02 1.98212e-02 1.41383e-02 1.05519e-02 8.78461e-03 8.12976e-03 8.14241e-03 8.49153e-03 8.87100e-03 9.05770e-03 8.99607e-03 8.77707e-03 8.52694e-03 8.31398e-03 8.13499e-03 7.95521e-03 7.74899e-03 7.51396e-03 7.26283e-03 7.01201e-03 6.77854e-03 6.58134e-03 6.43630e-03 6.34487e-03 6.28901e-03 6.24090e-03 6.17970e-03 6.10153e-03 6.01871e-03 5.95591e-03 5.94708e-03 6.01487e-03 6.13484e-03 6.25865e-03 6.37548e-03 6.49341e-03 6.59660e-03 6.65956e-03 6.67720e-03 6.66492e-03 6.63567e-03 6.59286e-03 6.54094e-03 6.48779e-03 6.43983e-03 6.39977e-03 6.36726e-03 6.33961e-03 6.31245e-03 6.28085e-03 6.24180e-03 6.19583e-03 6.14533e-03 6.09189e-03 6.03606e-03 5.97744e-03 5.91552e-03 5.85135e-03 5.78714e-03 5.72521e-03 5.66798e-03 5.61736e-03 5.57256e-03 5.53078e-03 5.48875e-03 5.44324e-03 5.39398e-03 5.34626e-03 5.30329e-03 5.25872e-03 5.20383e-03 5.13506e-03 5.05408e-03 4.96538e-03 4.87439e-03 4.78671e-03 4.70743e-03 4.63935e-03 4.58127e-03 4.52929e-03 4.47979e-03 4.43101e-03 4.38278e-03 4.33551e-03 4.28954e-03 4.24495e-03 4.20168e-03 4.15970e-03 4.11900e-03 4.07961e-03 4.04159e-03 4.00506e-03 3.97014e-03 3.93695e-03 3.90559e-03 3.87614e-03 3.84867e-03 3.82324e-03 3.79988e-03 3.77858e-03 3.75926e-03 3.74172e-03 3.72570e-03 3.71087e-03 3.69688e-03 3.68343e-03 3.67024e-03 3.65718e-03 3.64425e-03 3.63160e-03 3.61945e-03 3.60814e-03 3.59805e-03 3.58965e-03 3.58352e-03 3.58040e-03 3.58124e-03 3.58758e-03 3.60198e-03 3.62790e-03 3.66816e-03 3.72223e-03 3.78437e-03 3.84388e-03 3.88783e-03 3.90575e-03 3.89429e-03 3.85788e-03 3.80419e-03 3.73931e-03 3.66685e-03 3.58998e-03 3.51279e-03 3.43998e-03 3.37531e-03 3.32031e-03 3.27434e-03 3.23569e-03 3.20248e-03 3.17278e-03 3.14462e-03 3.11636e-03 3.08713e-03 3.05700e-03 3.02659e-03 2.99655e-03 2.96711e-03 2.93805e-03 2.90905e-03 2.88004e-03 2.85145e-03 2.82414e-03 2.79924e-03 2.77759e-03 2.75928e-03 2.74348e-03 2.72904e-03 2.71513e-03 2.70163e-03 2.68879e-03 2.67657e-03 2.66397e-03 2.64933e-03 2.63201e-03 2.61351e-03 2.59596e-03 2.58002e-03 2.56481e-03 2.54947e-03 2.53438e-03 2.52010e-03 2.50497e-03 2.48591e-03 2.46184e-03 2.43426e-03 2.40656e-03 2.38201e-03 2.36086e-03 2.34121e-03 2.32160e-03 2.30161e-03 2.28121e-03 2.26031e-03 2.23873e-03 2.21630e-03 2.19297e-03 2.16884e-03 2.14420e-03 2.11939e-03 2.09475e-03 2.07046e-03 2.04657e-03 2.02307e-03 1.99986e-03 1.97687e-03 1.95405e-03 1.93147e-03 1.90928e-03 1.88774e-03 1.86709e-03 1.84752e-03 1.82913e-03 1.81189e-03 1.79547e-03 1.77893e-03 1.76053e-03 1.73779e-03 1.70816e-03 1.67022e-03 1.62475e-03 1.57490e-03 1.52487e-03 1.47788e-03 1.43523e-03 1.39682e-03 1.36206e-03 1.33033e-03 1.30108e-03 1.27388e-03 1.24853e-03 1.22491e-03 1.20272e-03 1.18143e-03 1.16054e-03 1.13985e-03 1.11932e-03 1.09905e-03 1.07925e-03 1.06024e-03 1.04227e-03 1.02563e-03 1.01075e-03 9.98244e-04 9.88510e-04 9.81116e-04 9.74126e-04 9.64277e-04 9.49027e-04 9.28978e-04 9.07390e-04 8.87303e-04 8.69825e-04 8.54536e-04 8.40488e-04 8.26810e-04 8.12900e-04 7.98380e-04 7.82992e-04 7.66568e-04 7.49082e-04 7.30690e-04 7.11673e-04 6.92205e-04 6.71959e-04 6.50100e-04 6.27042e-04 6.05989e-04 5.89401e-04 5.76218e-04 5.64657e-04 5.53853e-04 5.43572e-04 5.33669e-04 5.23803e-04 5.13554e-04 5.02566e-04 4.90556e-04 4.77327e-04 4.62801e-04 4.47059e-04 4.30356e-04 4.13058e-04 3.95555e-04 3.78171e-04 3.61118e-04 3.44494e-04 3.28300e-04 3.12481e-04 2.96965e-04 2.81699e-04 2.66678e-04 2.51963e-04 2.37676e-04 2.23981e-04 2.11046e-04 1.98997e-04 1.87885e-04 1.77672e-04 1.68251e-04 1.59485e-04 1.51237e-04 1.43389e-04 1.35848e-04 1.28537e-04 1.21395e-04 1.14373e-04 1.07429e-04 1.00522e-04 9.35977e-05 8.65846e-05 7.93960e-05 7.19399e-05 6.41459e-05 5.60062e-05 4.76292e-05 3.92931e-05 3.14767e-05 2.48379e-05 2.00795e-05 1.75200e-05 1.63945e-05 1.52285e-05 1.34866e-05 1.11287e-05 7.69400e-06 3.82664e-06 1.15908e-06 1.66905e-07 7.09708e-09 3.68755e-11
4.102015 1.17784e-02 1.79007e-02 1.38719e-02 1.10646e-02 9.53163e-03 9.02069e-03 9.13389e-03 9.43658e-03 9.61324e-03 9.56376e-03 9.35063e-03 9.07257e-03 8.78725e-03 8.50602e-03 8.22085e-03 7.92926e-03 7.64288e-03 7.38173e-03 7.16397e-03 6.99841e-03 6.87883e-03 6.78367e-03 6.69667e-03 6.63159e-03 6.59280e-03 6.53035e-03 6.42140e-03 6.32195e-03 6.28303e-03 6.30531e-03 6.36481e-03 6.43491e-03 6.49736e-03 6.54895e-03 6.59243e-03 6.61962e-03 6.61672e-03 6.58456e-03 6.53635e-03 6.48284e-03 6.43028e-03 6.38282e-03 6.34241e-03 6.30896e-03 6.28081e-03 6.25472e-03 6.22613e-03 6.19002e-03 6.14353e-03 6.08846e-03 6.02958e-03 5.97081e-03 5.91248e-03 5.85113e-03 5.78403e-03 5.71314e-03 5.64507e-03 5.58843e-03 5.54802e-03 5.52153e-03 5.50324e-03 5.48841e-03 5.47272e-03 5.45064e-03 5.41614e-03 5.36545e-03 5.30079e-03 5.23047e-03 5.15994e-03 5.08685e-03 5.00754e-03 4.92234e-03 4.83525e-03 4.75092e-03 4.67341e-03 4.60601e-03 4.54877e-03 4.49786e-03 4.45025e-03 4.40537e-03 4.36293e-03 4.32177e-03 4.28049e-03 4.23857e-03 4.19657e-03 4.15533e-03 4.11530e-03 4.07663e-03 4.03934e-03 4.00350e-03 3.96920e-03 3.93659e-03 3.90584e-03 3.87714e-03 3.85066e-03 3.82650e-03 3.80468e-03 3.78512e-03 3.76764e-03 3.75198e-03 3.73777e-03 3.72455e-03 3.71183e-03 3.69919e-03 3.68632e-03 3.67312e-03 3.65974e-03 3.64650e-03 3.63391e-03 3.62263e-03 3.61343e-03 3.60735e-03 3.60579e-03 3.61038e-03 3.62215e-03 3.64039e-03 3.66260e-03 3.68731e-03 3.71752e-03 3.75900e-03 3.81396e-03 3.87789e-03 3.94232e-03 3.99812e-03 4.03692e-03 4.05231e-03 4.04137e-03 4.00559e-03 3.95034e-03 3.88281e-03 3.80944e-03 3.73455e-03 3.66098e-03 3.59169e-03 3.52988e-03 3.47721e-03 3.43241e-03 3.39225e-03 3.35385e-03 3.31564e-03 3.27679e-03 3.23646e-03 3.19386e-03 3.14868e-03 3.10170e-03 3.05485e-03 3.01062e-03 2.97030e-03 2.93293e-03 2.89716e-03 2.86405e-03 2.83553e-03 2.81021e-03 2.78536e-03 2.76170e-03 2.74111e-03 2.72229e-03 2.70234e-03 2.67950e-03 2.65337e-03 2.62480e-03 2.59579e-03 2.56861e-03 2.54470e-03 2.52429e-03 2.50657e-03 2.48999e-03 2.47304e-03 2.45532e-03 2.43777e-03 2.42064e-03 2.40234e-03 2.38156e-03 2.35719e-03 2.32899e-03 2.30090e-03 2.27795e-03 2.26075e-03 2.24672e-03 2.23380e-03 2.22134e-03 2.20909e-03 2.19660e-03 2.18335e-03 2.16893e-03 2.15316e-03 2.13607e-03 2.11783e-03 2.09867e-03 2.07887e-03 2.05869e-03 2.03836e-03 2.01803e-03 1.99769e-03 1.97724e-03 1.95650e-03 1.93531e-03 1.91361e-03 1.89146e-03 1.86901e-03 1.84648e-03 1.82403e-03 1.80176e-03 1.77964e-03 1.75760e-03 1.73567e-03 1.71409e-03 1.69335e-03 1.67391e-03 1.65513e-03 1.63427e-03 1.60675e-03 1.56889e-03 1.52113e-03 1.46832e-03 1.41658e-03 1.36981e-03 1.32909e-03 1.29399e-03 1.26363e-03 1.23700e-03 1.21315e-03 1.19131e-03 1.17097e-03 1.15176e-03 1.13341e-03 1.11562e-03 1.09789e-03 1.07948e-03 1.05984e-03 1.03886e-03 1.01693e-03 9.94762e-04 9.73325e-04 9.54096e-04 9.39017e-04 9.29285e-04 9.23437e-04 9.16991e-04 9.05354e-04 8.87577e-04 8.66601e-04 8.46189e-04 8.28362e-04 8.13103e-04 7.99340e-04 7.85948e-04 7.72208e-04 7.57828e-04 7.42795e-04 7.27209e-04 7.11074e-04 6.94055e-04 6.75373e-04 6.54727e-04 6.33963e-04 6.15870e-04 6.00911e-04 5.87766e-04 5.75531e-04 5.64187e-04 5.53867e-04 5.44307e-04 5.34997e-04 5.25378e-04 5.14898e-04 5.03110e-04 4.89812e-04 4.75124e-04 4.59397e-04 4.43060e-04 4.26491e-04 4.09965e-04 3.93638e-04 3.77555e-04 3.61656e-04 3.45827e-04 3.29959e-04 3.14015e-04 2.98048e-04 2.82188e-04 2.66598e-04 2.51451e-04 2.36912e-04 2.23133e-04 2.10238e-04 1.98302e-04 1.87322e-04 1.77211e-04 1.67820e-04 1.58984e-04 1.50553e-04 1.42422e-04 1.34517e-04 1.26792e-04 1.19214e-04 1.11757e-04 1.04397e-04 9.71115e-05 8.98682e-05 8.26194e-05 7.53035e-05 6.78566e-05 6.02329e-05 5.24302e-05 4.45188e-05 3.66698e-05 2.91717e-05 2.24154e-05 1.68147e-05 1.26210e-05 9.68321e-06 7.49263e-06 5.61288e-06 3.77768e-06 1.96253e-06 6.37242e-07 9.76939e-08 4.34942e-09 2.33482e-11
4.202065 1.25764e-02 1.84047e-02 1.39488e-02 1.14482e-02 1.04053e-02 1.01925e-02 1.03027e-02 1.03674e-02 1.02482e-02 9.97988e-03 9.63671e-03 9.26315e-03 8.87962e-03 8.50408e-03 8.15909e-03 7.86971e-03 7.66923e-03 7.59066e-03 7.59973e-03 7.56786e-03 7.39805e-03 7.12546e-03 6.85002e-03 6.64188e-03 6.51634e-03 6.45814e-03 6.45085e-03 6.47879e-03 6.51936e-03 6.54883e-03 6.55511e-03 6.54418e-03 6.53221e-03 6.52380e-03 6.50135e-03 6.44948e-03 6.37915e-03 6.31161e-03 6.25575e-03 6.20960e-03 6.16968e-03 6.13397e-03 6.10089e-03 6.06817e-03 6.03283e-03 5.99212e-03 5.94489e-03 5.89256e-03 5.83845e-03 5.78519e-03 5.73178e-03 5.67525e-03 5.61561e-03 5.55703e-03 5.50503e-03 5.46219e-03 5.42711e-03 5.39667e-03 5.36754e-03 5.33665e-03 5.30218e-03 5.26399e-03 5.22258e-03 5.17801e-03 5.12903e-03 5.07287e-03 5.00768e-03 4.93582e-03 4.86177e-03 4.78881e-03 4.71986e-03 4.65641e-03 4.59705e-03 4.54066e-03 4.48888e-03 4.44181e-03 4.39666e-03 4.35244e-03 4.30939e-03 4.26757e-03 4.22726e-03 4.18906e-03 4.15294e-03 4.11766e-03 4.08187e-03 4.04551e-03 4.00953e-03 3.97472e-03 3.94138e-03 3.90965e-03 3.87973e-03 3.85191e-03 3.82651e-03 3.80376e-03 3.78369e-03 3.76609e-03 3.75050e-03 3.73635e-03 3.72316e-03 3.71061e-03 3.69863e-03 3.68740e-03 3.67739e-03 3.66937e-03 3.66453e-03 3.66440e-03 3.67022e-03 3.68169e-03 3.69625e-03 3.71100e-03 3.72505e-03 3.73817e-03 3.74917e-03 3.75769e-03 3.76508e-03 3.77287e-03 3.78265e-03 3.79715e-03 3.81998e-03 3.85351e-03 3.89695e-03 3.94653e-03 3.99717e-03 4.04397e-03 4.08262e-03 4.10911e-03 4.11991e-03 4.11299e-03 4.08899e-03 4.05111e-03 4.00342e-03 3.94879e-03 3.88782e-03 3.82021e-03 3.74776e-03 3.67575e-03 3.61055e-03 3.55630e-03 3.51175e-03 3.46577e-03 3.40626e-03 3.34302e-03 3.29699e-03 3.27079e-03 3.25181e-03 3.22851e-03 3.19858e-03 3.16441e-03 3.12718e-03 3.08701e-03 3.04420e-03 2.99951e-03 2.95366e-03 2.90707e-03 2.86013e-03 2.81385e-03 2.77005e-03 2.73044e-03 2.69553e-03 2.66453e-03 2.63612e-03 2.60928e-03 2.58350e-03 2.55864e-03 2.53474e-03 2.51174e-03 2.48919e-03 2.46617e-03 2.44192e-03 2.41590e-03 2.38801e-03 2.35908e-03 2.32855e-03 2.29393e-03 2.25618e-03 2.22039e-03 2.19003e-03 2.16455e-03 2.14175e-03 2.12043e-03 2.10052e-03 2.08216e-03 2.06519e-03 2.04924e-03 2.03402e-03 2.01954e-03 2.00607e-03 1.99398e-03 1.98343e-03 1.97403e-03 1.96479e-03 1.95452e-03 1.94236e-03 1.92812e-03 1.91205e-03 1.89441e-03 1.87535e-03 1.85487e-03 1.83302e-03 1.80996e-03 1.78592e-03 1.76125e-03 1.73635e-03 1.71163e-03 1.68735e-03 1.66358e-03 1.64023e-03 1.61711e-03 1.59414e-03 1.57132e-03 1.54886e-03 1.52724e-03 1.50724e-03 1.48955e-03 1.47315e-03 1.45359e-03 1.42452e-03 1.38345e-03 1.33539e-03 1.28868e-03 1.24852e-03 1.21556e-03 1.18831e-03 1.16508e-03 1.14469e-03 1.12650e-03 1.10998e-03 1.09432e-03 1.07849e-03 1.06159e-03 1.04336e-03 1.02414e-03 1.00399e-03 9.82060e-04 9.57477e-04 9.31337e-04 9.07566e-04 8.90854e-04 8.82672e-04 8.78928e-04 8.72376e-04 8.58255e-04 8.37464e-04 8.14450e-04 7.93169e-04 7.75119e-04 7.59798e-04 7.45985e-04 7.32620e-04 7.19038e-04 7.04830e-04 6.89627e-04 6.72936e-04 6.54407e-04 6.34740e-04 6.15944e-04 5.99558e-04 5.85419e-04 5.72827e-04 5.61711e-04 5.52316e-04 5.44424e-04 5.37250e-04 5.29725e-04 5.20853e-04 5.10097e-04 4.97480e-04 4.83392e-04 4.68308e-04 4.52635e-04 4.36687e-04 4.20711e-04 4.04900e-04 3.89356e-04 3.74037e-04 3.58747e-04 3.43228e-04 3.27328e-04 3.11102e-04 2.94784e-04 2.78678e-04 2.63058e-04 2.48129e-04 2.34031e-04 2.20850e-04 2.08626e-04 1.97349e-04 1.86954e-04 1.77322e-04 1.68300e-04 1.59726e-04 1.51457e-04 1.43389e-04 1.35453e-04 1.27605e-04 1.19819e-04 1.12074e-04 1.04365e-04 9.66965e-05 8.90788e-05 8.15114e-05 7.39732e-05 6.64277e-05 5.88427e-05 5.12169e-05 4.36000e-05 3.61039e-05 2.89039e-05 2.22331e-05 1.63575e-05 1.15118e-05 7.79688e-06 5.10953e-06 3.20040e-06 1.81861e-06 8.32423e-07 2.51541e-07 3.73303e-08 1.65713e-09 9.81048e-12
4.302114 1.29525e-02 1.94559e-02 1.51496e-02 1.28100e-02 1.20297e-02 1.18323e-02 1.16081e-02 1.12026e-02 1.06846e-02 1.01408e-02 9.62227e-03 9.17583e-03 8.86041e-03 8.68665e-03 8.57604e-03 8.44006e-03 8.24679e-03 7.99206e-03 7.68430e-03 7.36458e-03 7.08750e-03 6.87560e-03 6.72329e-03 6.62881e-03 6.58935e-03 6.58579e-03 6.58984e-03 6.57930e-03 6.54623e-03 6.49560e-03 6.43812e-03 6.38187e-03 6.32494e-03 6.25752e-03 6.17848e-03 6.10217e-03 6.04073e-03 5.99211e-03 5.94872e-03 5.90640e-03 5.86423e-03 5.82198e-03 5.77922e-03 5.73556e-03 5.69039e-03 5.64285e-03 5.59310e-03 5.54270e-03 5.49273e-03 5.44395e-03 5.39912e-03 5.36066e-03 5.32716e-03 5.29441e-03 5.25860e-03 5.21787e-03 5.17253e-03 5.12439e-03 5.07590e-03 5.02938e-03 4.98646e-03 4.94727e-03 4.90957e-03 4.86858e-03 4.81877e-03 4.75796e-03 4.69058e-03 4.62632e-03 4.57201e-03 4.52501e-03 4.47906e-03 4.43212e-03 4.38575e-03 4.34249e-03 4.30473e-03 4.27205e-03 4.24175e-03 4.21183e-03 4.18130e-03 4.14998e-03 4.11807e-03 4.08567e-03 4.05295e-03 4.02050e-03 3.98839e-03 3.95556e-03 3.92174e-03 3.88823e-03 3.85623e-03 3.82623e-03 3.79829e-03 3.77229e-03 3.74814e-03 3.72592e-03 3.70599e-03 3.68907e-03 3.67658e-03 3.67077e-03 3.67426e-03 3.68860e-03 3.71209e-03 3.73832e-03 3.75800e-03 3.76473e-03 3.76031e-03 3.75179e-03 3.74434e-03 3.73967e-03 3.73807e-03 3.73949e-03 3.74384e-03 3.75095e-03 3.76021e-03 3.77072e-03 3.78234e-03 3.79710e-03 3.81859e-03 3.84929e-03 3.88835e-03 3.93250e-03 3.97869e-03 4.02573e-03 4.07328e-03 4.11969e-03 4.16071e-03 4.19084e-03 4.20652e-03 4.20823e-03 4.19804e-03 4.17304e-03 4.12303e-03 4.04526e-03 3.95656e-03 3.87632e-03 3.80997e-03 3.75439e-03 3.70725e-03 3.66771e-03 3.63257e-03 3.59598e-03 3.55352e-03 3.50569e-03 3.45647e-03 3.40945e-03 3.36621e-03 3.32679e-03 3.29059e-03 3.25679e-03 3.22447e-03 3.19273e-03 3.16077e-03 3.12796e-03 3.09375e-03 3.05767e-03 3.01948e-03 2.97950e-03 2.93875e-03 2.89865e-03 2.86030e-03 2.82408e-03 2.78973e-03 2.75671e-03 2.72461e-03 2.69332e-03 2.66291e-03 2.63339e-03 2.60428e-03 2.57428e-03 2.54167e-03 2.50560e-03 2.46734e-03 2.42804e-03 2.38625e-03 2.34168e-03 2.29747e-03 2.25675e-03 2.22018e-03 2.18685e-03 2.15572e-03 2.12636e-03 2.09871e-03 2.07276e-03 2.04826e-03 2.02481e-03 2.00204e-03 1.97972e-03 1.95777e-03 1.93617e-03 1.91493e-03 1.89405e-03 1.87345e-03 1.85307e-03 1.83284e-03 1.81281e-03 1.79308e-03 1.77388e-03 1.75536e-03 1.73756e-03 1.72036e-03 1.70363e-03 1.68708e-03 1.66997e-03 1.65149e-03 1.63130e-03 1.60966e-03 1.58715e-03 1.56445e-03 1.54213e-03 1.52055e-03 1.49978e-03 1.47976e-03 1.46041e-03 1.44173e-03 1.42377e-03 1.40657e-03 1.39009e-03 1.37426e-03 1.35920e-03 1.34503e-03 1.33027e-03 1.30985e-03 1.27779e-03 1.23537e-03 1.19269e-03 1.15827e-03 1.13254e-03 1.11189e-03 1.09331e-03 1.07531e-03 1.05710e-03 1.03790e-03 1.01707e-03 9.94882e-04 9.73065e-04 9.54073e-04 9.38884e-04 9.25206e-04 9.09168e-04 8.90155e-04 8.72491e-04 8.60067e-04 8.50713e-04 8.38364e-04 8.19642e-04 7.96100e-04 7.71304e-04 7.47902e-04 7.26976e-04 7.08497e-04 6.91834e-04 6.76128e-04 6.60504e-04 6.44261e-04 6.27225e-04 6.10033e-04 5.93763e-04 5.78967e-04 5.65619e-04 5.53990e-04 5.44578e-04 5.37056e-04 5.30102e-04 5.22286e-04 5.12843e-04 5.01770e-04 4.89431e-04 4.76170e-04 4.62167e-04 4.47497e-04 4.32249e-04 4.16587e-04 4.00759e-04 3.85033e-04 3.69585e-04 3.54380e-04 3.39149e-04 3.23563e-04 3.07494e-04 2.91145e-04 2.74926e-04 2.59238e-04 2.44355e-04 2.30433e-04 2.17549e-04 2.05725e-04 1.94918e-04 1.85029e-04 1.75912e-04 1.67399e-04 1.59328e-04 1.51565e-04 1.44004e-04 1.36572e-04 1.29210e-04 1.21867e-04 1.14497e-04 1.07064e-04 9.95534e-05 9.19740e-05 8.43538e-05 7.67250e-05 6.91116e-05 6.15244e-05 5.39706e-05 4.64757e-05 3.91048e-05 3.19734e-05 2.52411e-05 1.90945e-05 1.37282e-05 9.31232e-06 5.93879e-06 3.56246e-06 1.99749e-06 1.00471e-06 4.07820e-07 1.11295e-07 1.54320e-08 6.94134e-10 5.51043e-12
4.402163 1.22685e-02 1.92046e-02 1.63113e-02 1.52043e-02 1.47149e-02 1.38126e-02 1.25665e-02 1.14534e-02 1.07260e-02 1.03313e-02 1.00692e-02 9.79163e-03 9.48297e-03 9.17734e-03 8.87607e-03 8.55406e-03 8.20170e-03 7.84540e-03 7.52514e-03 7.25976e-03 7.05154e-03 6.90215e-03 6.80469e-03 6.73953e-03 6.68450e-03 6.62491e-03 6.55638e-03 6.48081e-03 6.39915e-03 6.30977e-03 6.21524e-03 6.12478e-03 6.04418e-03 5.97164e-03 5.90653e-03 5.85040e-03 5.80066e-03 5.75207e-03 5.70205e-03 5.65141e-03 5.60215e-03 5.55549e-03 5.51070e-03 5.46531e-03 5.41666e-03 5.36380e-03 5.30849e-03 5.25545e-03 5.20938e-03 5.17054e-03 5.13458e-03 5.09658e-03 5.05419e-03 5.00768e-03 4.95878e-03 4.90952e-03 4.86175e-03 4.81712e-03 4.77694e-03 4.74147e-03 4.70891e-03 4.67552e-03 4.63814e-03 4.59739e-03 4.55691e-03 4.51778e-03 4.47591e-03 4.42809e-03 4.37743e-03 4.33005e-03 4.28943e-03 4.25549e-03 4.22655e-03 4.20087e-03 4.17720e-03 4.15477e-03 4.13324e-03 4.11282e-03 4.09402e-03 4.07686e-03 4.06044e-03 4.04312e-03 4.02290e-03 3.99823e-03 3.96821e-03 3.93170e-03 3.89013e-03 3.84803e-03 3.80984e-03 3.77795e-03 3.75357e-03 3.74056e-03 3.74436e-03 3.76412e-03 3.78749e-03 3.79685e-03 3.78601e-03 3.76417e-03 3.74214e-03 3.72411e-03 3.70975e-03 3.69777e-03 3.68755e-03 3.67927e-03 3.67350e-03 3.67087e-03 3.67198e-03 3.67731e-03 3.68714e-03 3.70135e-03 3.71927e-03 3.74035e-03 3.76578e-03 3.79948e-03 3.84547e-03 3.90256e-03 3.96220e-03 4.01426e-03 4.05552e-03 4.09099e-03 4.12417e-03 4.14700e-03 4.14731e-03 4.12695e-03 4.10001e-03 4.07700e-03 4.06016e-03 4.04701e-03 4.03317e-03 4.01408e-03 3.98693e-03 3.95183e-03 3.91103e-03 3.86685e-03 3.82020e-03 3.77057e-03 3.71784e-03 3.66416e-03 3.61382e-03 3.57024e-03 3.53238e-03 3.49481e-03 3.45308e-03 3.40821e-03 3.36470e-03 3.32599e-03 3.29297e-03 3.26486e-03 3.24025e-03 3.21777e-03 3.19617e-03 3.17455e-03 3.15232e-03 3.12922e-03 3.10514e-03 3.07994e-03 3.05341e-03 3.02554e-03 2.99668e-03 2.96736e-03 2.93799e-03 2.90866e-03 2.87928e-03 2.84961e-03 2.81938e-03 2.78824e-03 2.75571e-03 2.72109e-03 2.68339e-03 2.64263e-03 2.60033e-03 2.55675e-03 2.51170e-03 2.46760e-03 2.42720e-03 2.39056e-03 2.35576e-03 2.32093e-03 2.28509e-03 2.24804e-03 2.21006e-03 2.17165e-03 2.13333e-03 2.09549e-03 2.05833e-03 2.02190e-03 1.98629e-03 1.95168e-03 1.91838e-03 1.88668e-03 1.85676e-03 1.82854e-03 1.80166e-03 1.77565e-03 1.75001e-03 1.72444e-03 1.69884e-03 1.67341e-03 1.64847e-03 1.62435e-03 1.60125e-03 1.57915e-03 1.55789e-03 1.53726e-03 1.51715e-03 1.49776e-03 1.47950e-03 1.46242e-03 1.44609e-03 1.43055e-03 1.41605e-03 1.40209e-03 1.38787e-03 1.37332e-03 1.35899e-03 1.34546e-03 1.33292e-03 1.32120e-03 1.30990e-03 1.29845e-03 1.28624e-03 1.27283e-03 1.25816e-03 1.24185e-03 1.22135e-03 1.19116e-03 1.15025e-03 1.10890e-03 1.07644e-03 1.05119e-03 1.02841e-03 1.00658e-03 9.86539e-04 9.69139e-04 9.54205e-04 9.41096e-04 9.29499e-04 9.19123e-04 9.08736e-04 8.96465e-04 8.81438e-04 8.64240e-04 8.45297e-04 8.23920e-04 7.99557e-04 7.72977e-04 7.45771e-04 7.19436e-04 6.95012e-04 6.72993e-04 6.53239e-04 6.35080e-04 6.17803e-04 6.01158e-04 5.85464e-04 5.71292e-04 5.58980e-04 5.48548e-04 5.39521e-04 5.30588e-04 5.20414e-04 5.08722e-04 4.96115e-04 4.83350e-04 4.70897e-04 4.58794e-04 4.46732e-04 4.34284e-04 4.21108e-04 4.07077e-04 3.92285e-04 3.76987e-04 3.61484e-04 3.46006e-04 3.30580e-04 3.15010e-04 2.99034e-04 2.82613e-04 2.66068e-04 2.49914e-04 2.34592e-04 2.20357e-04 2.07326e-04 1.95535e-04 1.84953e-04 1.75466e-04 1.66889e-04 1.59000e-04 1.51594e-04 1.44524e-04 1.37704e-04 1.31074e-04 1.24574e-04 1.18128e-04 1.11653e-04 1.05079e-04 9.83608e-05 9.14875e-05 8.44750e-05 7.73547e-05 7.01629e-05 6.29355e-05 5.57084e-05 4.85222e-05 4.14314e-05 3.45151e-05 2.78845e-05 2.16808e-05 1.60650e-05 1.12023e-05 7.24111e-06 4.27413e-06 2.28457e-06 1.11165e-06 4.92768e-07 1.85974e-07 5.00136e-08 7.33101e-09 4.21479e-10 5.47722e-12
4.502212 1.45996e-02 2.21382e-02 1.92643e-02 1.80979e-02 1.63646e-02 1.40970e-02 1.24454e-02 1.16402e-02 1.12573e-02 1.09400e-02 1.05635e-02 1.01346e-02 9.69002e-03 9.25226e-03 8.82924e-03 8.42664e-03 8.05613e-03 7.73305e-03 7.46670e-03 7.25650e-03 7.09220e-03 6.95691e-03 6.83389e-03 6.71285e-03 6.59218e-03 6.47578e-03 6.36531e-03 6.25532e-03 6.14169e-03 6.03323e-03 5.94394e-03 5.87490e-03 5.81486e-03 5.75577e-03 5.69780e-03 5.64216e-03 5.58765e-03 5.53339e-03 5.48058e-03 5.43082e-03 5.38400e-03 5.33770e-03 5.28866e-03 5.23495e-03 5.17788e-03 5.12155e-03 5.06925e-03 5.02058e-03 4.97217e-03 4.92066e-03 4.86494e-03 4.80622e-03 4.74690e-03 4.68960e-03 4.63662e-03 4.58970e-03 4.54994e-03 4.51734e-03 4.49020e-03 4.46471e-03 4.43685e-03 4.40620e-03 4.37717e-03 4.35444e-03 4.33737e-03 4.32139e-03 4.30206e-03 4.27642e-03 4.24356e-03 4.20527e-03 4.16557e-03 4.12906e-03 4.09964e-03 4.07948e-03 4.06798e-03 4.06220e-03 4.05918e-03 4.05675e-03 4.05241e-03 4.04362e-03 4.02854e-03 4.00628e-03 3.97929e-03 3.95275e-03 3.93255e-03 3.92547e-03 3.93682e-03 3.95931e-03 3.96623e-03 3.94044e-03 3.89412e-03 3.84680e-03 3.80615e-03 3.77152e-03 3.74132e-03 3.71492e-03 3.69204e-03 3.67225e-03 3.65498e-03 3.63990e-03 3.62708e-03 3.61722e-03 3.61166e-03 3.61240e-03 3.62186e-03 3.64245e-03 3.67537e-03 3.71860e-03 3.76540e-03 3.80714e-03 3.84113e-03 3.87506e-03 3.91764e-03 3.96068e-03 3.98150e-03 3.97146e-03 3.94471e-03 3.91686e-03 3.89418e-03 3.87877e-03 3.87217e-03 3.87391e-03 3.88075e-03 3.88887e-03 3.89614e-03 3.90211e-03 3.90660e-03 3.90859e-03 3.90587e-03 3.89549e-03 3.87485e-03 3.84304e-03 3.80200e-03 3.75625e-03 3.71091e-03 3.66919e-03 3.63119e-03 3.59483e-03 3.55785e-03 3.51948e-03 3.48096e-03 3.44450e-03 3.41085e-03 3.37761e-03 3.34178e-03 3.30385e-03 3.26725e-03 3.23475e-03 3.20673e-03 3.18223e-03 3.16032e-03 3.14044e-03 3.12219e-03 3.10517e-03 3.08898e-03 3.07314e-03 3.05702e-03 3.04002e-03 3.02177e-03 3.00214e-03 2.98107e-03 2.95849e-03 2.93444e-03 2.90884e-03 2.88112e-03 2.85050e-03 2.81699e-03 2.78105e-03 2.74194e-03 2.69943e-03 2.65461e-03 2.60827e-03 2.56267e-03 2.52121e-03 2.48521e-03 2.45346e-03 2.42406e-03 2.39549e-03 2.36644e-03 2.33554e-03 2.30163e-03 2.26449e-03 2.22515e-03 2.18521e-03 2.14564e-03 2.10615e-03 2.06560e-03 2.02325e-03 1.97963e-03 1.93627e-03 1.89453e-03 1.85468e-03 1.81609e-03 1.77805e-03 1.74029e-03 1.70315e-03 1.66738e-03 1.63375e-03 1.60274e-03 1.57447e-03 1.54872e-03 1.52514e-03 1.50332e-03 1.48290e-03 1.46352e-03 1.44481e-03 1.42651e-03 1.40851e-03 1.39094e-03 1.37402e-03 1.35797e-03 1.34291e-03 1.32891e-03 1.31598e-03 1.30424e-03 1.29398e-03 1.28532e-03 1.27788e-03 1.27061e-03 1.26236e-03 1.25287e-03 1.24274e-03 1.23222e-03 1.22067e-03 1.20726e-03 1.19159e-03 1.17370e-03 1.15304e-03 1.12584e-03 1.08694e-03 1.04369e-03 1.01270e-03 9.95908e-04 9.84446e-04 9.72376e-04 9.58236e-04 9.42663e-04 9.26813e-04 9.11325e-04 8.95696e-04 8.78753e-04 8.59773e-04 8.38504e-04 8.14367e-04 7.87141e-04 7.58352e-04 7.30356e-04 7.04147e-04 6.79167e-04 6.54733e-04 6.30773e-04 6.07690e-04 5.86156e-04 5.67037e-04 5.51325e-04 5.39710e-04 5.31745e-04 5.25535e-04 5.18576e-04 5.09272e-04 4.97469e-04 4.83836e-04 4.69377e-04 4.55086e-04 4.41591e-04 4.29025e-04 4.17146e-04 4.05531e-04 3.93766e-04 3.81552e-04 3.68731e-04 3.55242e-04 3.41079e-04 3.26275e-04 3.10874e-04 2.94914e-04 2.78469e-04 2.61738e-04 2.45084e-04 2.28963e-04 2.13764e-04 1.99736e-04 1.87016e-04 1.75674e-04 1.65689e-04 1.56925e-04 1.49142e-04 1.42055e-04 1.35421e-04 1.29108e-04 1.23079e-04 1.17317e-04 1.11760e-04 1.06294e-04 1.00793e-04 9.51604e-05 8.93448e-05 8.33425e-05 7.71812e-05 7.09024e-05 6.45491e-05 5.81605e-05 5.17733e-05 4.54252e-05 3.91593e-05 3.30284e-05 2.71008e-05 2.14655e-05 1.62355e-05 1.15490e-05 7.56254e-06 4.42465e-06 2.22269e-06 9.16148e-07 3.00957e-07 8.09262e-08 1.87789e-08 3.34763e-09 3.25658e-10 6.66573e-12
4.602261 1.55397e-02 2.49051e-02 2.22366e-02 1.95813e-02 1.64840e-02 1.39737e-02 1.25644e-02 1.18845e-02 1.14699e-02 1.10775e-02 1.06353e-02 1.01471e-02 9.64195e-03 9.15241e-03 8.70207e-03 8.30494e-03 7.97038e-03 7.69818e-03 7.47444e-03 7.27949e-03 7.09784e-03 6.92114e-03 6.74712e-03 6.57852e-03 6.41980e-03 6.27155e-03 6.13155e-03 6.00373e-03 5.89795e-03 5.81873e-03 5.75961e-03 5.70842e-03 5.65573e-03 5.59929e-03 5.54180e-03 5.48636e-03 5.43451e-03 5.38629e-03 5.34024e-03 5.29357e-03 5.24347e-03 5.18906e-03 5.13230e-03 5.07593e-03 5.02047e-03 4.96397e-03 4.90415e-03 4.84038e-03 4.77418e-03 4.70825e-03 4.64523e-03 4.58675e-03 4.53313e-03 4.48381e-03 4.43848e-03 4.39756e-03 4.36144e-03 4.32920e-03 4.29901e-03 4.27037e-03 4.24514e-03 4.22593e-03 4.21286e-03 4.20326e-03 4.19470e-03 4.18527e-03 4.17289e-03 4.15584e-03 4.13389e-03 4.10904e-03 4.08575e-03 4.06938e-03 4.06246e-03 4.06193e-03 4.06273e-03 4.06234e-03 4.05792e-03 4.04892e-03 4.04672e-03 4.06496e-03 4.10432e-03 4.14547e-03 4.15452e-03 4.12144e-03 4.07115e-03 4.02400e-03 3.98210e-03 3.94306e-03 3.90627e-03 3.87217e-03 3.84098e-03 3.81258e-03 3.78697e-03 3.76450e-03 3.74567e-03 3.73101e-03 3.72105e-03 3.71644e-03 3.71827e-03 3.72784e-03 3.74556e-03 3.76931e-03 3.79442e-03 3.81751e-03 3.84121e-03 3.87100e-03 3.90072e-03 3.90862e-03 3.88279e-03 3.83875e-03 3.79846e-03 3.77085e-03 3.75514e-03 3.74819e-03 3.74805e-03 3.75334e-03 3.76142e-03 3.76928e-03 3.77553e-03 3.78061e-03 3.78556e-03 3.79109e-03 3.79754e-03 3.80520e-03 3.81435e-03 3.82467e-03 3.83451e-03 3.84069e-03 3.83947e-03 3.82798e-03 3.80521e-03 3.77214e-03 3.73165e-03 3.68804e-03 3.64580e-03 3.60803e-03 3.57554e-03 3.54721e-03 3.52114e-03 3.49550e-03 3.46906e-03 3.44125e-03 3.41220e-03 3.38282e-03 3.35454e-03 3.32815e-03 3.30254e-03 3.27509e-03 3.24455e-03 3.21293e-03 3.18314e-03 3.15622e-03 3.13192e-03 3.10997e-03 3.09010e-03 3.07151e-03 3.05290e-03 3.03308e-03 3.01157e-03 2.98890e-03 2.96623e-03 2.94467e-03 2.92451e-03 2.90442e-03 2.88127e-03 2.85205e-03 2.81692e-03 2.77780e-03 2.73524e-03 2.69086e-03 2.64765e-03 2.60679e-03 2.56855e-03 2.53280e-03 2.49857e-03 2.46523e-03 2.43320e-03 2.40334e-03 2.37611e-03 2.35086e-03 2.32543e-03 2.29681e-03 2.26277e-03 2.22317e-03 2.17954e-03 2.13394e-03 2.08842e-03 2.04457e-03 2.00315e-03 1.96424e-03 1.92762e-03 1.89294e-03 1.85930e-03 1.82520e-03 1.78922e-03 1.75103e-03 1.71177e-03 1.67335e-03 1.63728e-03 1.60395e-03 1.57295e-03 1.54361e-03 1.51554e-03 1.48865e-03 1.46309e-03 1.43906e-03 1.41676e-03 1.39631e-03 1.37765e-03 1.36064e-03 1.34525e-03 1.33159e-03 1.31985e-03 1.31001e-03 1.30151e-03 1.29330e-03 1.28438e-03 1.27437e-03 1.26330e-03 1.25143e-03 1.23959e-03 1.22860e-03 1.21825e-03 1.20733e-03 1.19469e-03 1.18031e-03 1.16507e-03 1.14989e-03 1.13571e-03 1.12328e-03 1.11136e-03 1.09355e-03 1.06278e-03 1.02776e-03 1.00331e-03 9.86625e-04 9.68319e-04 9.45339e-04 9.19357e-04 8.93077e-04 8.68218e-04 8.44858e-04 8.22044e-04 7.98623e-04 7.73608e-04 7.46557e-04 7.18073e-04 6.89647e-04 6.62471e-04 6.36470e-04 6.10939e-04 5.85908e-04 5.62585e-04 5.42771e-04 5.27730e-04 5.16920e-04 5.08125e-04 4.99345e-04 4.89991e-04 4.80242e-04 4.70270e-04 4.60112e-04 4.49591e-04 4.38373e-04 4.26282e-04 4.13500e-04 4.00416e-04 3.87367e-04 3.74500e-04 3.61814e-04 3.49253e-04 3.36737e-04 3.24113e-04 3.11111e-04 2.97403e-04 2.82744e-04 2.67121e-04 2.50826e-04 2.34418e-04 2.18506e-04 2.03481e-04 1.89483e-04 1.76583e-04 1.64915e-04 1.54595e-04 1.45612e-04 1.37792e-04 1.30856e-04 1.24528e-04 1.18635e-04 1.13132e-04 1.08014e-04 1.03215e-04 9.85927e-05 9.39931e-05 8.92997e-05 8.44502e-05 7.94323e-05 7.42709e-05 6.90104e-05 6.36972e-05 5.83696e-05 5.30522e-05 4.77553e-05 4.24769e-05 3.72090e-05 3.19465e-05 2.67016e-05 2.15220e-05 1.65096e-05 1.18335e-05 7.72194e-06 4.41776e-06 2.09860e-06 7.69558e-07 2.00172e-07 3.46546e-08 4.23915e-09 3.83353e-10 8.29088e-12
4.702310 1.61613e-02 2.57392e-02 2.28627e-02 1.98404e-02 1.66069e-02 1.40787e-02 1.26426e-02 1.19166e-02 1.14449e-02 1.10022e-02 1.05228e-02 1.00129e-02 9.50898e-03 9.04767e-03 8.64551e-03 8.29908e-03 7.99862e-03 7.73570e-03 7.50094e-03 7.28252e-03 7.07025e-03 6.86053e-03 6.65614e-03 6.46082e-03 6.27653e-03 6.10843e-03 5.96615e-03 5.85611e-03 5.77623e-03 5.71768e-03 5.66910e-03 5.62108e-03 5.56977e-03 5.51711e-03 5.46705e-03 5.42134e-03 5.37832e-03 5.33432e-03 5.28572e-03 5.23093e-03 5.17173e-03 5.11199e-03 5.05421e-03 4.99748e-03 4.93849e-03 4.87450e-03 4.80562e-03 4.73490e-03 4.66675e-03 4.60495e-03 4.55131e-03 4.50536e-03 4.46495e-03 4.42729e-03 4.38960e-03 4.34944e-03 4.30509e-03 4.25683e-03 4.20765e-03 4.16244e-03 4.12582e-03 4.09926e-03 4.08191e-03 4.07242e-03 4.06897e-03 4.06941e-03 4.07126e-03 4.07195e-03 4.06998e-03 4.06671e-03 4.06564e-03 4.06872e-03 4.07651e-03 4.09511e-03 4.13706e-03 4.19585e-03 4.23617e-03 4.23792e-03 4.21749e-03 4.19534e-03 4.17361e-03 4.14680e-03 4.11389e-03 4.07816e-03 4.04244e-03 4.00822e-03 3.97708e-03 3.95080e-03 3.93048e-03 3.91634e-03 3.90820e-03 3.90628e-03 3.91112e-03 3.92278e-03 3.93970e-03 3.95802e-03 3.97265e-03 3.98126e-03 3.98755e-03 3.99691e-03 4.00485e-03 3.99560e-03 3.96121e-03 3.91233e-03 3.86267e-03 3.81763e-03 3.78032e-03 3.75505e-03 3.74344e-03 3.74271e-03 3.74758e-03 3.75304e-03 3.75624e-03 3.75662e-03 3.75488e-03 3.75202e-03 3.74921e-03 3.74772e-03 3.74870e-03 3.75267e-03 3.75940e-03 3.76815e-03 3.77802e-03 3.78803e-03 3.79696e-03 3.80319e-03 3.80488e-03 3.80059e-03 3.78999e-03 3.77372e-03 3.75244e-03 3.72638e-03 3.69626e-03 3.66404e-03 3.63254e-03 3.60389e-03 3.57833e-03 3.55467e-03 3.53155e-03 3.50833e-03 3.48514e-03 3.46250e-03 3.44085e-03 3.42022e-03 3.40031e-03 3.38087e-03 3.36088e-03 3.33742e-03 3.30814e-03 3.27311e-03 3.23310e-03 3.18989e-03 3.14776e-03 3.11119e-03 3.08113e-03 3.05488e-03 3.02927e-03 3.00296e-03 2.97635e-03 2.95021e-03 2.92508e-03 2.90136e-03 2.87920e-03 2.85753e-03 2.83374e-03 2.80613e-03 2.77567e-03 2.74000e-03 2.69258e-03 2.63561e-03 2.57947e-03 2.53037e-03 2.48961e-03 2.45705e-03 2.43138e-03 2.41041e-03 2.39208e-03 2.37482e-03 2.35740e-03 2.33877e-03 2.31750e-03 2.29142e-03 2.25890e-03 2.22080e-03 2.18025e-03 2.14034e-03 2.10214e-03 2.06463e-03 2.02580e-03 1.98452e-03 1.94152e-03 1.89906e-03 1.85959e-03 1.82476e-03 1.79481e-03 1.76801e-03 1.74073e-03 1.70949e-03 1.67373e-03 1.63592e-03 1.59918e-03 1.56562e-03 1.53632e-03 1.51166e-03 1.49132e-03 1.47417e-03 1.45864e-03 1.44334e-03 1.42741e-03 1.41054e-03 1.39289e-03 1.37515e-03 1.35848e-03 1.34395e-03 1.33204e-03 1.32260e-03 1.31487e-03 1.30747e-03 1.29874e-03 1.28716e-03 1.27132e-03 1.25178e-03 1.23016e-03 1.20783e-03 1.18783e-03 1.17117e-03 1.15674e-03 1.14396e-03 1.13319e-03 1.12443e-03 1.11661e-03 1.10802e-03 1.09615e-03 1.07581e-03 1.04208e-03 1.00249e-03 9.70197e-04 9.44274e-04 9.17334e-04 8.87324e-04 8.56530e-04 8.27607e-04 8.01517e-04 7.77426e-04 7.53753e-04 7.29236e-04 7.03381e-04 6.76349e-04 6.48640e-04 6.20880e-04 5.93795e-04 5.68374e-04 5.46043e-04 5.28013e-04 5.13757e-04 5.01147e-04 4.88640e-04 4.76119e-04 4.63976e-04 4.52692e-04 4.42769e-04 4.34304e-04 4.26775e-04 4.19330e-04 4.11135e-04 4.01523e-04 3.90072e-04 3.76770e-04 3.62146e-04 3.47129e-04 3.32599e-04 3.18968e-04 3.06101e-04 2.93619e-04 2.81222e-04 2.68692e-04 2.55713e-04 2.41992e-04 2.27536e-04 2.12789e-04 1.98456e-04 1.85000e-04 1.72435e-04 1.60712e-04 1.49977e-04 1.40419e-04 1.32091e-04 1.24879e-04 1.18565e-04 1.12931e-04 1.07847e-04 1.03256e-04 9.90803e-05 9.51711e-05 9.13676e-05 8.75581e-05 8.36896e-05 7.97508e-05 7.57567e-05 7.17322e-05 6.76958e-05 6.36468e-05 5.95603e-05 5.53860e-05 5.10522e-05 4.64752e-05 4.15787e-05 3.63199e-05 3.07188e-05 2.48831e-05 1.90253e-05 1.34591e-05 8.55839e-06 4.68007e-06 2.05868e-06 6.62544e-07 1.37175e-07 1.54345e-08 7.91462e-10 1.09088e-11
4.802359 1.88120e-02 2.90049e-02 2.44280e-02 2.01710e-02 1.64832e-02 1.39207e-02 1.25159e-02 1.17802e-02 1.12702e-02 1.07838e-02 1.02684e-02 9.74079e-03 9.24827e-03 8.82954e-03 8.48813e-03 8.20078e-03 7.94181e-03 7.69461e-03 7.45000e-03 7.20509e-03 6.96343e-03 6.73106e-03 6.51190e-03 6.30970e-03 6.13097e-03 5.98156e-03 5.86255e-03 5.77055e-03 5.69981e-03 5.64376e-03 5.59610e-03 5.55201e-03 5.50886e-03 5.46614e-03 5.42448e-03 5.38395e-03 5.34293e-03 5.29851e-03 5.24838e-03 5.19285e-03 5.13473e-03 5.07655e-03 5.01782e-03 4.95555e-03 4.88773e-03 4.81561e-03 4.74251e-03 4.67147e-03 4.60428e-03 4.54187e-03 4.48474e-03 4.43279e-03 4.38500e-03 4.33925e-03 4.29270e-03 4.24314e-03 4.19103e-03 4.13957e-03 4.09344e-03 4.05619e-03 4.02805e-03 4.00765e-03 3.99358e-03 3.98470e-03 3.98046e-03 3.98147e-03 3.99069e-03 4.01628e-03 4.06979e-03 4.14785e-03 4.21833e-03 4.24978e-03 4.24176e-03 4.21422e-03 4.18356e-03 4.15477e-03 4.12880e-03 4.10682e-03 4.08921e-03 4.07662e-03 4.07053e-03 4.07028e-03 4.07211e-03 4.07228e-03 4.07015e-03 4.06815e-03 4.06977e-03 4.07711e-03 4.08976e-03 4.10532e-03 4.12033e-03 4.13158e-03 4.13756e-03 4.13871e-03 4.13452e-03 4.11983e-03 4.08787e-03 4.03971e-03 3.98585e-03 3.93693e-03 3.89746e-03 3.86722e-03 3.84420e-03 3.82600e-03 3.81090e-03 3.79852e-03 3.78893e-03 3.78133e-03 3.77411e-03 3.76610e-03 3.75740e-03 3.74919e-03 3.74274e-03 3.73868e-03 3.73685e-03 3.73688e-03 3.73859e-03 3.74206e-03 3.74735e-03 3.75424e-03 3.76220e-03 3.77038e-03 3.77775e-03 3.78321e-03 3.78567e-03 3.78385e-03 3.77665e-03 3.76440e-03 3.74876e-03 3.73106e-03 3.71180e-03 3.69090e-03 3.66827e-03 3.64451e-03 3.62118e-03 3.59961e-03 3.57944e-03 3.55902e-03 3.53702e-03 3.51353e-03 3.48992e-03 3.46806e-03 3.44913e-03 3.43189e-03 3.41239e-03 3.38712e-03 3.35547e-03 3.31776e-03 3.27417e-03 3.22630e-03 3.17724e-03 3.12971e-03 3.08418e-03 3.04035e-03 2.99944e-03 2.96277e-03 2.92971e-03 2.89862e-03 2.86849e-03 2.83950e-03 2.81235e-03 2.78743e-03 2.76466e-03 2.74353e-03 2.72288e-03 2.70163e-03 2.68239e-03 2.66895e-03 2.65142e-03 2.61184e-03 2.55367e-03 2.49620e-03 2.44914e-03 2.41199e-03 2.38308e-03 2.36160e-03 2.34591e-03 2.33291e-03 2.31970e-03 2.30546e-03 2.29034e-03 2.27279e-03 2.24944e-03 2.21785e-03 2.17865e-03 2.13518e-03 2.09165e-03 2.05117e-03 2.01461e-03 1.98095e-03 1.94835e-03 1.91500e-03 1.87955e-03 1.84162e-03 1.80221e-03 1.76331e-03 1.72660e-03 1.69222e-03 1.65889e-03 1.62541e-03 1.59200e-03 1.55974e-03 1.52939e-03 1.50122e-03 1.47529e-03 1.45181e-03 1.43145e-03 1.41534e-03 1.40445e-03 1.39868e-03 1.39662e-03 1.39604e-03 1.39469e-03 1.39064e-03 1.38226e-03 1.36878e-03 1.35169e-03 1.33444e-03 1.31993e-03 1.30866e-03 1.29889e-03 1.28743e-03 1.27085e-03 1.24706e-03 1.21724e-03 1.18661e-03 1.15671e-03 1.13002e-03 1.11164e-03 1.09863e-03 1.08661e-03 1.07371e-03 1.05919e-03 1.04234e-03 1.02114e-03 9.92258e-04 9.56938e-04 9.23524e-04 8.96233e-04 8.71084e-04 8.44231e-04 8.15856e-04 7.88033e-04 7.62043e-04 7.37504e-04 7.13218e-04 6.88220e-04 6.62070e-04 6.34709e-04 6.06531e-04 5.78761e-04 5.53524e-04 5.32590e-04 5.15455e-04 4.99916e-04 4.84672e-04 4.69803e-04 4.55609e-04 4.42368e-04 4.30454e-04 4.20108e-04 4.11292e-04 4.03744e-04 3.96978e-04 3.90172e-04 3.82252e-04 3.72385e-04 3.60514e-04 3.47334e-04 3.33685e-04 3.20010e-04 3.06368e-04 2.92772e-04 2.79340e-04 2.66171e-04 2.53349e-04 2.41047e-04 2.29288e-04 2.17750e-04 2.05955e-04 1.93681e-04 1.81240e-04 1.69179e-04 1.57787e-04 1.47166e-04 1.37491e-04 1.28951e-04 1.21609e-04 1.15382e-04 1.10088e-04 1.05520e-04 1.01520e-04 9.79536e-05 9.46586e-05 9.14748e-05 8.83244e-05 8.52238e-05 8.22222e-05 7.93433e-05 7.65646e-05 7.38263e-05 7.10454e-05 6.81212e-05 6.49318e-05 6.13313e-05 5.71606e-05 5.22805e-05 4.66185e-05 4.02135e-05 3.32436e-05 2.60290e-05 1.90030e-05 1.26448e-05 7.39255e-06 3.57240e-06 1.29518e-06 3.04044e-07 3.67662e-08 1.60582e-09 1.47458e-11
4.902409 1.77760e-02 2.87352e-02 2.49318e-02 2.04968e-02 1.65478e-02 1.39204e-02 1.25172e-02 1.17737e-02 1.12301e-02 1.06898e-02 1.01254e-02 9.57763e-03 9.09134e-03 8.68714e-03 8.36260e-03 8.10026e-03 7.87313e-03 7.65212e-03 7.41701e-03 7.16430e-03 6.90535e-03 6.65790e-03 6.43780e-03 6.25336e-03 6.10400e-03 5.98375e-03 5.88607e-03 5.80664e-03 5.74348e-03 5.69501e-03 5.65818e-03 5.62802e-03 5.59917e-03 5.56759e-03 5.53095e-03 5.48769e-03 5.43626e-03 5.37591e-03 5.30840e-03 5.23784e-03 5.16721e-03 5.09516e-03 5.01731e-03 4.93134e-03 4.84036e-03 4.75081e-03 4.66819e-03 4.59486e-03 4.53062e-03 4.47429e-03 4.42448e-03 4.37942e-03 4.33675e-03 4.29409e-03 4.25029e-03 4.20611e-03 4.16283e-03 4.12149e-03 4.08331e-03 4.04985e-03 4.02403e-03 4.01101e-03 4.01703e-03 4.04461e-03 4.08739e-03 4.13339e-03 4.17294e-03 4.19897e-03 4.20882e-03 4.20638e-03 4.19597e-03 4.17918e-03 4.15653e-03 4.12938e-03 4.10062e-03 4.07405e-03 4.05375e-03 4.04422e-03 4.04900e-03 4.06774e-03 4.09590e-03 4.12868e-03 4.16418e-03 4.20088e-03 4.23397e-03 4.25654e-03 4.26368e-03 4.25498e-03 4.23425e-03 4.20773e-03 4.18068e-03 4.15482e-03 4.12930e-03 4.10374e-03 4.07900e-03 4.05556e-03 4.03309e-03 4.01158e-03 3.99162e-03 3.97332e-03 3.95541e-03 3.93605e-03 3.91440e-03 3.89132e-03 3.86883e-03 3.84902e-03 3.83300e-03 3.82065e-03 3.81090e-03 3.80262e-03 3.79532e-03 3.78934e-03 3.78536e-03 3.78399e-03 3.78541e-03 3.78943e-03 3.79556e-03 3.80312e-03 3.81135e-03 3.81937e-03 3.82618e-03 3.83070e-03 3.83203e-03 3.82949e-03 3.82235e-03 3.81039e-03 3.79446e-03 3.77592e-03 3.75626e-03 3.73703e-03 3.71910e-03 3.70198e-03 3.68435e-03 3.66551e-03 3.64637e-03 3.62849e-03 3.61228e-03 3.59703e-03 3.58213e-03 3.56636e-03 3.54667e-03 3.52065e-03 3.48986e-03 3.45735e-03 3.42362e-03 3.38685e-03 3.34515e-03 3.29769e-03 3.24548e-03 3.19145e-03 3.13865e-03 3.08842e-03 3.04100e-03 2.99687e-03 2.95624e-03 2.91830e-03 2.88188e-03 2.84603e-03 2.80993e-03 2.77329e-03 2.73692e-03 2.70238e-03 2.67118e-03 2.64439e-03 2.62237e-03 2.60477e-03 2.59073e-03 2.57989e-03 2.57444e-03 2.57533e-03 2.56920e-03 2.53619e-03 2.47977e-03 2.42174e-03 2.37450e-03 2.33805e-03 2.31032e-03 2.29086e-03 2.27874e-03 2.27013e-03 2.25990e-03 2.24474e-03 2.22349e-03 2.19558e-03 2.16089e-03 2.12053e-03 2.07679e-03 2.03229e-03 1.98935e-03 1.94955e-03 1.91348e-03 1.88064e-03 1.85001e-03 1.82079e-03 1.79253e-03 1.76489e-03 1.73738e-03 1.70933e-03 1.68007e-03 1.64935e-03 1.61759e-03 1.58559e-03 1.55417e-03 1.52406e-03 1.49589e-03 1.47002e-03 1.44671e-03 1.42682e-03 1.41171e-03 1.40212e-03 1.39731e-03 1.39532e-03 1.39364e-03 1.38974e-03 1.38148e-03 1.36797e-03 1.35085e-03 1.33393e-03 1.31982e-03 1.30765e-03 1.29478e-03 1.28014e-03 1.26520e-03 1.25207e-03 1.24127e-03 1.23065e-03 1.21578e-03 1.19208e-03 1.16098e-03 1.12722e-03 1.08790e-03 1.04929e-03 1.02162e-03 1.00153e-03 9.83079e-04 9.63182e-04 9.39989e-04 9.13916e-04 8.88657e-04 8.66893e-04 8.46782e-04 8.24870e-04 8.00037e-04 7.73804e-04 7.47983e-04 7.22741e-04 6.96877e-04 6.69256e-04 6.39606e-04 6.08748e-04 5.78772e-04 5.51972e-04 5.28695e-04 5.07617e-04 4.88082e-04 4.70320e-04 4.54317e-04 4.39772e-04 4.26580e-04 4.14937e-04 4.05095e-04 3.96972e-04 3.89881e-04 3.82646e-04 3.74230e-04 3.64457e-04 3.54050e-04 3.43869e-04 3.34144e-04 3.24436e-04 3.14051e-04 3.02443e-04 2.89509e-04 2.75623e-04 2.61452e-04 2.47741e-04 2.34999e-04 2.23302e-04 2.12380e-04 2.01820e-04 1.91206e-04 1.80245e-04 1.68973e-04 1.57799e-04 1.47208e-04 1.37528e-04 1.28961e-04 1.21613e-04 1.15479e-04 1.10443e-04 1.06297e-04 1.02801e-04 9.97322e-05 9.68815e-05 9.40746e-05 9.12644e-05 8.85558e-05 8.60956e-05 8.39406e-05 8.20209e-05 8.01876e-05 7.82728e-05 7.61143e-05 7.35447e-05 7.03722e-05 6.63845e-05 6.13900e-05 5.52844e-05 4.81134e-05 4.01098e-05 3.16893e-05 2.34015e-05 1.58348e-05 9.50272e-06 4.77673e-06 1.82698e-06 4.56055e-07 5.79217e-08 2.45333e-09 1.82956e-11
5.002458 1.82488e-02 2.91318e-02 2.48667e-02 2.03453e-02 1.64759e-02 1.39647e-02 1.26324e-02 1.18957e-02 1.13033e-02 1.06905e-02 1.00739e-02 9.51309e-03 9.04167e-03 8.66178e-03 8.35852e-03 8.10928e-03 7.88711e-03 7.66570e-03 7.42828e-03 7.17401e-03 6.91632e-03 6.67513e-03 6.46885e-03 6.30906e-03 6.19706e-03 6.12340e-03 6.07235e-03 6.02898e-03 5.98348e-03 5.93146e-03 5.87226e-03 5.80729e-03 5.73857e-03 5.66751e-03 5.59472e-03 5.52053e-03 5.44613e-03 5.37377e-03 5.30497e-03 5.23782e-03 5.16616e-03 5.08338e-03 4.98766e-03 4.88384e-03 4.78073e-03 4.68645e-03 4.60562e-03 4.53928e-03 4.48558e-03 4.44058e-03 4.39955e-03 4.35898e-03 4.31766e-03 4.27602e-03 4.23540e-03 4.19845e-03 4.16914e-03 4.15260e-03 4.15253e-03 4.16737e-03 4.18875e-03 4.20495e-03 4.20944e-03 4.20652e-03 4.20392e-03 4.20325e-03 4.20130e-03 4.19439e-03 4.18026e-03 4.15939e-03 4.13507e-03 4.11202e-03 4.09472e-03 4.08589e-03 4.08564e-03 4.09266e-03 4.10632e-03 4.12709e-03 4.15495e-03 4.18749e-03 4.21968e-03 4.24509e-03 4.25792e-03 4.25621e-03 4.24428e-03 4.22986e-03 4.21747e-03 4.20602e-03 4.19237e-03 4.17491e-03 4.15421e-03 4.13225e-03 4.11095e-03 4.09077e-03 4.07119e-03 4.05192e-03 4.03325e-03 4.01567e-03 3.99940e-03 3.98432e-03 3.97016e-03 3.95676e-03 3.94393e-03 3.93141e-03 3.91912e-03 3.90749e-03 3.89704e-03 3.88805e-03 3.88061e-03 3.87483e-03 3.87086e-03 3.86879e-03 3.86863e-03 3.87021e-03 3.87315e-03 3.87683e-03 3.88050e-03 3.88318e-03 3.88354e-03 3.88015e-03 3.87290e-03 3.86339e-03 3.85296e-03 3.84141e-03 3.82796e-03 3.81257e-03 3.79629e-03 3.78048e-03 3.76592e-03 3.75265e-03 3.74011e-03 3.72749e-03 3.71406e-03 3.70004e-03 3.68711e-03 3.67675e-03 3.66698e-03 3.65229e-03 3.62854e-03 3.59697e-03 3.56208e-03 3.52682e-03 3.49103e-03 3.45335e-03 3.41301e-03 3.36996e-03 3.32430e-03 3.27615e-03 3.22588e-03 3.17422e-03 3.12193e-03 3.07001e-03 3.01983e-03 2.97218e-03 2.92645e-03 2.88146e-03 2.83653e-03 2.79158e-03 2.74644e-03 2.70071e-03 2.65459e-03 2.60937e-03 2.56697e-03 2.52965e-03 2.49926e-03 2.47632e-03 2.45966e-03 2.44743e-03 2.43860e-03 2.43306e-03 2.43117e-03 2.43409e-03 2.43717e-03 2.42211e-03 2.37650e-03 2.31502e-03 2.25893e-03 2.21454e-03 2.17951e-03 2.15202e-03 2.13143e-03 2.11650e-03 2.10457e-03 2.09138e-03 2.07198e-03 2.04319e-03 2.00518e-03 1.96038e-03 1.91169e-03 1.86209e-03 1.81478e-03 1.77260e-03 1.73692e-03 1.70737e-03 1.68270e-03 1.66169e-03 1.64355e-03 1.62782e-03 1.61395e-03 1.60121e-03 1.58878e-03 1.57592e-03 1.56207e-03 1.54706e-03 1.53103e-03 1.51411e-03 1.49610e-03 1.47681e-03 1.45668e-03 1.43655e-03 1.41692e-03 1.39763e-03 1.37806e-03 1.35771e-03 1.33629e-03 1.31365e-03 1.29023e-03 1.26747e-03 1.24688e-03 1.22879e-03 1.21243e-03 1.19724e-03 1.18391e-03 1.17395e-03 1.16765e-03 1.16267e-03 1.15594e-03 1.14657e-03 1.13542e-03 1.12152e-03 1.10141e-03 1.07534e-03 1.04685e-03 1.00998e-03 9.64810e-04 9.26706e-04 9.00793e-04 8.80961e-04 8.62913e-04 8.46440e-04 8.32185e-04 8.18842e-04 8.03512e-04 7.84270e-04 7.61473e-04 7.36111e-04 7.07893e-04 6.75915e-04 6.40741e-04 6.05183e-04 5.72371e-04 5.43095e-04 5.16437e-04 4.92106e-04 4.70412e-04 4.51257e-04 4.34255e-04 4.19232e-04 4.06202e-04 3.95032e-04 3.85226e-04 3.75989e-04 3.66614e-04 3.56980e-04 3.47591e-04 3.38993e-04 3.31228e-04 3.23851e-04 3.16247e-04 3.07874e-04 2.98497e-04 2.88247e-04 2.77373e-04 2.66016e-04 2.54268e-04 2.42352e-04 2.30600e-04 2.19271e-04 2.08418e-04 1.97932e-04 1.87662e-04 1.77444e-04 1.67134e-04 1.56786e-04 1.46751e-04 1.37474e-04 1.29220e-04 1.22082e-04 1.16085e-04 1.11189e-04 1.07228e-04 1.03945e-04 1.01080e-04 9.83995e-05 9.57259e-05 9.30484e-05 9.05304e-05 8.83569e-05 8.65855e-05 8.51186e-05 8.37656e-05 8.23165e-05 8.05766e-05 7.83572e-05 7.54509e-05 7.16272e-05 6.66701e-05 6.04474e-05 5.29829e-05 4.45037e-05 3.54443e-05 2.64024e-05 1.80391e-05 1.09484e-05 5.57792e-06 2.16716e-06 5.50115e-07 7.07553e-08 2.95429e-09 1.99249e-11
5.102507 1.93574e-02 3.06507e-02 2.55640e-02 2.04876e-02 1.64180e-02 1.39508e-02 1.27033e-02 1.19915e-02 1.13673e-02 1.07111e-02 1.00696e-02 9.50485e-03 9.04658e-03 8.69381e-03 8.42343e-03 8.20296e-03 8.00422e-03 7.80894e-03 7.60702e-03 7.39517e-03 7.17808e-03 6.96715e-03 6.77471e-03 6.60779e-03 6.46707e-03 6.34980e-03 6.25115e-03 6.16421e-03 6.08154e-03 5.99776e-03 5.91114e-03 5.82328e-03 5.73708e-03 5.65467e-03 5.57740e-03 5.50618e-03 5.44034e-03 5.37685e-03 5.31136e-03 5.23888e-03 5.15404e-03 5.05429e-03 4.94371e-03 4.83156e-03 4.72706e-03 4.63617e-03 4.56115e-03 4.50082e-03 4.45091e-03 4.40592e-03 4.36245e-03 4.32186e-03 4.28900e-03 4.26828e-03 4.26128e-03 4.26595e-03 4.27743e-03 4.29106e-03 4.30279e-03 4.30845e-03 4.30606e-03 4.29607e-03 4.27861e-03 4.25381e-03 4.22401e-03 4.19332e-03 4.16609e-03 4.14566e-03 4.13373e-03 4.12991e-03 4.13268e-03 4.14089e-03 4.15395e-03 4.17093e-03 4.18968e-03 4.20589e-03 4.21443e-03 4.21353e-03 4.20643e-03 4.19838e-03 4.19287e-03 4.19064e-03 4.19096e-03 4.19270e-03 4.19431e-03 4.19355e-03 4.18802e-03 4.17610e-03 4.15739e-03 4.13307e-03 4.10640e-03 4.08149e-03 4.06023e-03 4.04222e-03 4.02765e-03 4.01747e-03 4.01164e-03 4.00883e-03 4.00723e-03 4.00514e-03 4.00144e-03 3.99578e-03 3.98857e-03 3.98081e-03 3.97347e-03 3.96693e-03 3.96105e-03 3.95580e-03 3.95118e-03 3.94689e-03 3.94251e-03 3.93787e-03 3.93311e-03 3.92851e-03 3.92405e-03 3.91904e-03 3.91173e-03 3.90010e-03 3.88478e-03 3.86929e-03 3.85587e-03 3.84434e-03 3.83445e-03 3.82655e-03 3.82059e-03 3.81546e-03 3.80936e-03 3.80061e-03 3.78852e-03 3.77347e-03 3.75659e-03 3.73916e-03 3.72228e-03 3.70658e-03 3.69224e-03 3.67806e-03 3.66028e-03 3.63463e-03 3.60088e-03 3.56284e-03 3.52377e-03 3.48421e-03 3.44355e-03 3.40165e-03 3.35896e-03 3.31592e-03 3.27249e-03 3.22806e-03 3.18156e-03 3.13185e-03 3.07857e-03 3.02321e-03 2.96837e-03 2.91556e-03 2.86448e-03 2.81406e-03 2.76337e-03 2.71204e-03 2.65995e-03 2.60703e-03 2.55390e-03 2.50219e-03 2.45373e-03 2.40961e-03 2.37016e-03 2.33543e-03 2.30542e-03 2.27975e-03 2.25756e-03 2.23903e-03 2.22681e-03 2.22321e-03 2.22499e-03 2.22512e-03 2.22200e-03 2.21900e-03 2.20743e-03 2.17119e-03 2.11600e-03 2.06332e-03 2.02285e-03 1.99180e-03 1.96638e-03 1.94520e-03 1.92783e-03 1.91278e-03 1.89653e-03 1.87436e-03 1.84274e-03 1.80157e-03 1.75433e-03 1.70625e-03 1.66223e-03 1.62532e-03 1.59606e-03 1.57316e-03 1.55489e-03 1.54013e-03 1.52856e-03 1.52012e-03 1.51457e-03 1.51133e-03 1.50948e-03 1.50796e-03 1.50557e-03 1.50098e-03 1.49271e-03 1.47944e-03 1.46086e-03 1.43819e-03 1.41333e-03 1.38709e-03 1.35877e-03 1.32795e-03 1.29568e-03 1.26360e-03 1.23308e-03 1.20515e-03 1.18035e-03 1.15871e-03 1.14009e-03 1.12428e-03 1.11076e-03 1.09851e-03 1.08614e-03 1.07243e-03 1.05730e-03 1.04239e-03 1.03023e-03 1.02177e-03 1.01479e-03 1.00563e-03 9.92392e-04 9.75673e-04 9.58640e-04 9.44093e-04 9.24763e-04 8.93465e-04 8.59918e-04 8.35449e-04 8.19715e-04 8.08314e-04 7.97778e-04 7.84791e-04 7.66390e-04 7.41445e-04 7.10635e-04 6.75638e-04 6.39305e-04 6.04699e-04 5.72929e-04 5.43600e-04 5.16691e-04 4.92429e-04 4.70449e-04 4.49994e-04 4.30497e-04 4.11876e-04 3.94476e-04 3.78691e-04 3.64675e-04 3.52416e-04 3.41912e-04 3.33083e-04 3.25583e-04 3.18823e-04 3.12120e-04 3.04904e-04 2.96982e-04 2.88570e-04 2.80015e-04 2.71524e-04 2.63073e-04 2.54456e-04 2.45468e-04 2.36103e-04 2.26542e-04 2.16974e-04 2.07454e-04 1.97942e-04 1.88406e-04 1.78837e-04 1.69234e-04 1.59685e-04 1.50446e-04 1.41813e-04 1.33932e-04 1.26823e-04 1.20548e-04 1.15208e-04 1.10793e-04 1.07154e-04 1.04032e-04 1.01111e-04 9.81968e-05 9.53464e-05 9.27661e-05 9.06203e-05 8.89293e-05 8.75778e-05 8.63728e-05 8.50998e-05 8.35526e-05 8.15313e-05 7.88237e-05 7.51981e-05 7.04285e-05 6.43526e-05 5.69438e-05 4.83688e-05 3.90131e-05 2.94627e-05 2.04225e-05 1.25786e-05 6.49888e-06 2.55447e-06 6.53563e-07 8.43193e-08 3.49197e-09 2.25549e-11
5.202556 1.75607e-02 2.90995e-02 2.53251e-02 2.06972e-02 1.65704e-02 1.40724e-02 1.28665e-02 1.21869e-02 1.15730e-02 1.09251e-02 1.02960e-02 9.74751e-03 9.31805e-03 9.01822e-03 8.82435e-03 8.68882e-03 8.56207e-03 8.40816e-03 8.20776e-03 7.95181e-03 7.64354e-03 7.31778e-03 7.02876e-03 6.80769e-03 6.65015e-03 6.53278e-03 6.43206e-03 6.33394e-03 6.23327e-03 6.12903e-03 6.02212e-03 5.91561e-03 5.81395e-03 5.72075e-03 5.63697e-03 5.56152e-03 5.49289e-03 5.42863e-03 5.36243e-03 5.28423e-03 5.18647e-03 5.07145e-03 4.95051e-03 4.83561e-03 4.73357e-03 4.64658e-03 4.57479e-03 4.51727e-03 4.47211e-03 4.43696e-03 4.41020e-03 4.39129e-03 4.38043e-03 4.37861e-03 4.38651e-03 4.40136e-03 4.41644e-03 4.42563e-03 4.42594e-03 4.41561e-03 4.39317e-03 4.35915e-03 4.31740e-03 4.27481e-03 4.23955e-03 4.21871e-03 4.21619e-03 4.23092e-03 4.25598e-03 4.28036e-03 4.29362e-03 4.29181e-03 4.27991e-03 4.26681e-03 4.25831e-03 4.25526e-03 4.25576e-03 4.25740e-03 4.25783e-03 4.25456e-03 4.24572e-03 4.23092e-03 4.21146e-03 4.18959e-03 4.16762e-03 4.14736e-03 4.13003e-03 4.11637e-03 4.10676e-03 4.10093e-03 4.09741e-03 4.09361e-03 4.08770e-03 4.08091e-03 4.07639e-03 4.07486e-03 4.07431e-03 4.07349e-03 4.07250e-03 4.07158e-03 4.07063e-03 4.06928e-03 4.06685e-03 4.06264e-03 4.05622e-03 4.04752e-03 4.03648e-03 4.02307e-03 4.00803e-03 3.99300e-03 3.97948e-03 3.96769e-03 3.95669e-03 3.94476e-03 3.92974e-03 3.91080e-03 3.89080e-03 3.87412e-03 3.86230e-03 3.85442e-03 3.84926e-03 3.84573e-03 3.84259e-03 3.83859e-03 3.83278e-03 3.82454e-03 3.81353e-03 3.79978e-03 3.78381e-03 3.76638e-03 3.74811e-03 3.72925e-03 3.70967e-03 3.68871e-03 3.66533e-03 3.63833e-03 3.60588e-03 3.56656e-03 3.52221e-03 3.47705e-03 3.43359e-03 3.39186e-03 3.35124e-03 3.31146e-03 3.27237e-03 3.23359e-03 3.19427e-03 3.15307e-03 3.10831e-03 3.05833e-03 3.00247e-03 2.94256e-03 2.88268e-03 2.82638e-03 2.77446e-03 2.72547e-03 2.67738e-03 2.62873e-03 2.57887e-03 2.52779e-03 2.47627e-03 2.42572e-03 2.37745e-03 2.33190e-03 2.28883e-03 2.24781e-03 2.20854e-03 2.17054e-03 2.13306e-03 2.09636e-03 2.06354e-03 2.03896e-03 2.02486e-03 2.02074e-03 2.02363e-03 2.02740e-03 2.02493e-03 2.01485e-03 2.00483e-03 1.99858e-03 1.98115e-03 1.93940e-03 1.88617e-03 1.84010e-03 1.80477e-03 1.77610e-03 1.75141e-03 1.72995e-03 1.71149e-03 1.69479e-03 1.67632e-03 1.65170e-03 1.61984e-03 1.58458e-03 1.55157e-03 1.52412e-03 1.50229e-03 1.48458e-03 1.46979e-03 1.45762e-03 1.44831e-03 1.44204e-03 1.43837e-03 1.43588e-03 1.43249e-03 1.42668e-03 1.41849e-03 1.40880e-03 1.39733e-03 1.38210e-03 1.36139e-03 1.33567e-03 1.30722e-03 1.27802e-03 1.24871e-03 1.21941e-03 1.19057e-03 1.16298e-03 1.13735e-03 1.11410e-03 1.09322e-03 1.07431e-03 1.05671e-03 1.03980e-03 1.02336e-03 1.00759e-03 9.92709e-04 9.78545e-04 9.64427e-04 9.49741e-04 9.34567e-04 9.19890e-04 9.07257e-04 8.97897e-04 8.91658e-04 8.86820e-04 8.81503e-04 8.76222e-04 8.72056e-04 8.63261e-04 8.42154e-04 8.12761e-04 7.84888e-04 7.61293e-04 7.39178e-04 7.15298e-04 6.88452e-04 6.60024e-04 6.31964e-04 6.04849e-04 5.78729e-04 5.54091e-04 5.30889e-04 5.07759e-04 4.83122e-04 4.56905e-04 4.30777e-04 4.06736e-04 3.85845e-04 3.68194e-04 3.53443e-04 3.41154e-04 3.30852e-04 3.21975e-04 3.13801e-04 3.05573e-04 2.96899e-04 2.87968e-04 2.79298e-04 2.71327e-04 2.64168e-04 2.57576e-04 2.51080e-04 2.44252e-04 2.36961e-04 2.29405e-04 2.21885e-04 2.14536e-04 2.07254e-04 1.99807e-04 1.91989e-04 1.83733e-04 1.75140e-04 1.66443e-04 1.57876e-04 1.49553e-04 1.41513e-04 1.33894e-04 1.27022e-04 1.21228e-04 1.16571e-04 1.12744e-04 1.09269e-04 1.05828e-04 1.02414e-04 9.92181e-05 9.64349e-05 9.41540e-05 9.23412e-05 9.08670e-05 8.95478e-05 8.81810e-05 8.65645e-05 8.44981e-05 8.17748e-05 7.81759e-05 7.34859e-05 6.75341e-05 6.02535e-05 5.17406e-05 4.22962e-05 3.24417e-05 2.28796e-05 1.43638e-05 7.57427e-06 3.03532e-06 7.88595e-07 1.02758e-07 4.27128e-09 2.73670e-11
5.302605 1.87856e-02 2.96951e-02 2.48662e-02 2.02444e-02 1.63706e-02 1.40487e-02 1.29570e-02 1.23637e-02 1.18435e-02 1.13158e-02 1.08240e-02 1.04077e-02 1.00802e-02 9.81992e-03 9.58042e-03 9.33048e-03 9.07546e-03 8.83395e-03 8.59328e-03 8.30844e-03 7.96543e-03 7.60588e-03 7.28286e-03 7.02790e-03 6.84382e-03 6.70892e-03 6.59338e-03 6.47726e-03 6.35605e-03 6.23425e-03 6.11724e-03 6.00690e-03 5.90176e-03 5.80090e-03 5.70683e-03 5.62322e-03 5.55011e-03 5.48115e-03 5.40393e-03 5.30593e-03 5.18525e-03 5.05394e-03 4.92826e-03 4.81864e-03 4.72899e-03 4.65973e-03 4.60830e-03 4.56917e-03 4.53701e-03 4.51107e-03 4.49489e-03 4.49092e-03 4.49591e-03 4.50222e-03 4.50321e-03 4.49589e-03 4.47904e-03 4.45259e-03 4.42015e-03 4.38986e-03 4.37048e-03 4.36576e-03 4.37189e-03 4.37977e-03 4.38084e-03 4.37293e-03 4.36116e-03 4.35264e-03 4.35059e-03 4.35314e-03 4.35631e-03 4.35658e-03 4.35148e-03 4.33956e-03 4.32078e-03 4.29682e-03 4.27067e-03 4.24502e-03 4.22143e-03 4.20045e-03 4.18225e-03 4.16678e-03 4.15386e-03 4.14329e-03 4.13486e-03 4.12840e-03 4.12377e-03 4.12086e-03 4.11958e-03 4.11990e-03 4.12180e-03 4.12497e-03 4.12855e-03 4.13099e-03 4.13056e-03 4.12639e-03 4.11915e-03 4.11002e-03 4.09921e-03 4.08649e-03 4.07203e-03 4.05655e-03 4.04110e-03 4.02666e-03 4.01356e-03 4.00131e-03 3.98906e-03 3.97611e-03 3.96203e-03 3.94731e-03 3.93341e-03 3.92092e-03 3.90847e-03 3.89492e-03 3.88101e-03 3.86737e-03 3.85333e-03 3.83862e-03 3.82418e-03 3.81131e-03 3.80058e-03 3.79185e-03 3.78457e-03 3.77807e-03 3.77142e-03 3.76327e-03 3.75207e-03 3.73651e-03 3.71584e-03 3.69015e-03 3.66046e-03 3.62854e-03 3.59606e-03 3.56374e-03 3.53124e-03 3.49765e-03 3.46162e-03 3.42184e-03 3.37915e-03 3.33601e-03 3.29372e-03 3.25239e-03 3.21226e-03 3.17376e-03 3.13703e-03 3.10152e-03 3.06587e-03 3.02819e-03 2.98674e-03 2.94044e-03 2.88886e-03 2.83277e-03 2.77489e-03 2.71917e-03 2.66801e-03 2.62115e-03 2.57730e-03 2.53566e-03 2.49580e-03 2.45678e-03 2.41743e-03 2.37695e-03 2.33525e-03 2.29276e-03 2.25011e-03 2.20778e-03 2.16585e-03 2.12374e-03 2.08037e-03 2.03588e-03 1.99341e-03 1.95666e-03 1.92613e-03 1.90080e-03 1.88106e-03 1.86838e-03 1.86269e-03 1.86032e-03 1.85494e-03 1.84134e-03 1.81926e-03 1.79500e-03 1.77776e-03 1.76613e-03 1.74259e-03 1.69848e-03 1.64875e-03 1.60841e-03 1.57834e-03 1.55518e-03 1.53800e-03 1.52653e-03 1.51776e-03 1.50572e-03 1.48646e-03 1.46217e-03 1.43823e-03 1.41796e-03 1.40165e-03 1.38820e-03 1.37597e-03 1.36311e-03 1.34861e-03 1.33343e-03 1.31957e-03 1.30787e-03 1.29721e-03 1.28602e-03 1.27390e-03 1.26161e-03 1.24967e-03 1.23731e-03 1.22294e-03 1.20527e-03 1.18403e-03 1.15988e-03 1.13423e-03 1.10861e-03 1.08408e-03 1.06089e-03 1.03870e-03 1.01696e-03 9.95359e-04 9.73939e-04 9.53250e-04 9.34252e-04 9.17960e-04 9.04901e-04 8.94781e-04 8.86596e-04 8.79091e-04 8.71213e-04 8.62349e-04 8.52341e-04 8.41390e-04 8.29935e-04 8.18541e-04 8.07691e-04 7.97405e-04 7.87312e-04 7.77736e-04 7.68416e-04 7.55152e-04 7.33460e-04 7.05626e-04 6.77490e-04 6.52109e-04 6.29727e-04 6.09670e-04 5.91369e-04 5.73971e-04 5.55291e-04 5.32512e-04 5.04769e-04 4.74377e-04 4.44914e-04 4.18737e-04 3.96430e-04 3.77582e-04 3.61530e-04 3.47682e-04 3.35547e-04 3.24574e-04 3.14090e-04 3.03571e-04 2.92941e-04 2.82542e-04 2.72863e-04 2.64263e-04 2.56824e-04 2.50329e-04 2.44364e-04 2.38538e-04 2.32681e-04 2.26882e-04 2.21337e-04 2.16125e-04 2.11076e-04 2.05812e-04 1.99920e-04 1.93150e-04 1.85517e-04 1.77249e-04 1.68658e-04 1.60039e-04 1.51669e-04 1.43859e-04 1.36940e-04 1.31128e-04 1.26341e-04 1.22195e-04 1.18247e-04 1.14255e-04 1.10255e-04 1.06443e-04 1.03020e-04 1.00096e-04 9.76710e-05 9.56536e-05 9.38947e-05 9.22214e-05 9.04563e-05 8.84228e-05 8.59432e-05 8.28354e-05 7.89150e-05 7.40080e-05 6.79788e-05 6.07706e-05 5.24493e-05 4.32401e-05 3.35594e-05 2.40232e-05 1.53629e-05 8.28667e-06 3.40554e-06 9.06206e-07 1.20476e-07 5.10233e-09 3.35689e-11
5.402654 1.85833e-02 3.00076e-02 2.51754e-02 2.02443e-02 1.62079e-02 1.39126e-02 1.29647e-02 1.25928e-02 1.23478e-02 1.20865e-02 1.17661e-02 1.13701e-02 1.09234e-02 1.04810e-02 1.00869e-02 9.75782e-03 9.48309e-03 9.21721e-03 8.90678e-03 8.55179e-03 8.19594e-03 7.86155e-03 7.54460e-03 7.25155e-03 7.00445e-03 6.81578e-03 6.67343e-03 6.55249e-03 6.43470e-03 6.31515e-03 6.19630e-03 6.08120e-03 5.97287e-03 5.87594e-03 5.79397e-03 5.72457e-03 5.65768e-03 5.57769e-03 5.47003e-03 5.33237e-03 5.18067e-03 5.03904e-03 4.92307e-03 4.83432e-03 4.76646e-03 4.71244e-03 4.66852e-03 4.63569e-03 4.61626e-03 4.60740e-03 4.60029e-03 4.58609e-03 4.56092e-03 4.52799e-03 4.49794e-03 4.48320e-03 4.48708e-03 4.49871e-03 4.50138e-03 4.48644e-03 4.45932e-03 4.43370e-03 4.42086e-03 4.42366e-03 4.43729e-03 4.45360e-03 4.46543e-03 4.46884e-03 4.46307e-03 4.44879e-03 4.42640e-03 4.39550e-03 4.35623e-03 4.31128e-03 4.26570e-03 4.22468e-03 4.19183e-03 4.16895e-03 4.15600e-03 4.15130e-03 4.15203e-03 4.15511e-03 4.15811e-03 4.15983e-03 4.16023e-03 4.15980e-03 4.15885e-03 4.15722e-03 4.15450e-03 4.15037e-03 4.14476e-03 4.13755e-03 4.12835e-03 4.11674e-03 4.10258e-03 4.08594e-03 4.06723e-03 4.04738e-03 4.02780e-03 4.00982e-03 3.99421e-03 3.98108e-03 3.97015e-03 3.96094e-03 3.95272e-03 3.94473e-03 3.93662e-03 3.92864e-03 3.92103e-03 3.91307e-03 3.90292e-03 3.88965e-03 3.87491e-03 3.86046e-03 3.84578e-03 3.82966e-03 3.81206e-03 3.79406e-03 3.77697e-03 3.76173e-03 3.74842e-03 3.73628e-03 3.72375e-03 3.70895e-03 3.69021e-03 3.66666e-03 3.63843e-03 3.60644e-03 3.57212e-03 3.53706e-03 3.50272e-03 3.47011e-03 3.43963e-03 3.41093e-03 3.38303e-03 3.35462e-03 3.32426e-03 3.29059e-03 3.25343e-03 3.21399e-03 3.17332e-03 3.13246e-03 3.09280e-03 3.05551e-03 3.02095e-03 2.98839e-03 2.95624e-03 2.92266e-03 2.88627e-03 2.84645e-03 2.80296e-03 2.75556e-03 2.70446e-03 2.65153e-03 2.60017e-03 2.55306e-03 2.51093e-03 2.47357e-03 2.44034e-03 2.40971e-03 2.37972e-03 2.34881e-03 2.31621e-03 2.28174e-03 2.24547e-03 2.20750e-03 2.16776e-03 2.12573e-03 2.08043e-03 2.03250e-03 1.98586e-03 1.94403e-03 1.90676e-03 1.87250e-03 1.84080e-03 1.81210e-03 1.78719e-03 1.76679e-03 1.75086e-03 1.73778e-03 1.72443e-03 1.70773e-03 1.68614e-03 1.66006e-03 1.63150e-03 1.60463e-03 1.58564e-03 1.57515e-03 1.56054e-03 1.53079e-03 1.49406e-03 1.46361e-03 1.44179e-03 1.42459e-03 1.40786e-03 1.38933e-03 1.37013e-03 1.35263e-03 1.33691e-03 1.32094e-03 1.30323e-03 1.28370e-03 1.26287e-03 1.24133e-03 1.21995e-03 1.19994e-03 1.18260e-03 1.16849e-03 1.15694e-03 1.14651e-03 1.13594e-03 1.12476e-03 1.11301e-03 1.10084e-03 1.08839e-03 1.07581e-03 1.06292e-03 1.04879e-03 1.03208e-03 1.01192e-03 9.88544e-04 9.63205e-04 9.37534e-04 9.13099e-04 8.91091e-04 8.72146e-04 8.56404e-04 8.43723e-04 8.33873e-04 8.26631e-04 8.21748e-04 8.18720e-04 8.16487e-04 8.13385e-04 8.07568e-04 7.97630e-04 7.82967e-04 7.63829e-04 7.41296e-04 7.17198e-04 6.93811e-04 6.73093e-04 6.56114e-04 6.43478e-04 6.34973e-04 6.28156e-04 6.19879e-04 6.09437e-04 5.97421e-04 5.82751e-04 5.62985e-04 5.37139e-04 5.07432e-04 4.77740e-04 4.50812e-04 4.27376e-04 4.07030e-04 3.89177e-04 3.73341e-04 3.59120e-04 3.46023e-04 3.33445e-04 3.20881e-04 3.08189e-04 2.95627e-04 2.83659e-04 2.72737e-04 2.63156e-04 2.54972e-04 2.48000e-04 2.41906e-04 2.36380e-04 2.31280e-04 2.26604e-04 2.22323e-04 2.18222e-04 2.13891e-04 2.08874e-04 2.02847e-04 1.95735e-04 1.87726e-04 1.79215e-04 1.70717e-04 1.62740e-04 1.55647e-04 1.49551e-04 1.44315e-04 1.39654e-04 1.35276e-04 1.30952e-04 1.26547e-04 1.22058e-04 1.17606e-04 1.13389e-04 1.09585e-04 1.06294e-04 1.03510e-04 1.01133e-04 9.90076e-05 9.69585e-05 9.48180e-05 9.24358e-05 8.96750e-05 8.64045e-05 8.24964e-05 7.78306e-05 7.23061e-05 6.58607e-05 5.84951e-05 5.02974e-05 4.14616e-05 3.23103e-05 2.33218e-05 1.51047e-05 8.29482e-06 3.48796e-06 9.51808e-07 1.29783e-07 5.67920e-09 3.98174e-11
5.502704 1.70678e-02 2.78211e-02 2.37647e-02 1.96710e-02 1.60355e-02 1.38931e-02 1.31863e-02 1.31876e-02 1.32967e-02 1.32165e-02 1.28506e-02 1.22594e-02 1.16097e-02 1.10532e-02 1.06422e-02 1.03327e-02 1.00259e-02 9.63964e-03 9.18261e-03 8.73312e-03 8.35099e-03 8.04309e-03 7.78276e-03 7.53554e-03 7.28349e-03 7.03586e-03 6.81355e-03 6.62705e-03 6.47398e-03 6.34858e-03 6.24573e-03 6.16053e-03 6.08951e-03 6.03207e-03 5.98658e-03 5.94238e-03 5.87759e-03 5.76987e-03 5.61414e-03 5.43063e-03 5.25274e-03 5.10622e-03 4.99858e-03 4.92345e-03 4.86995e-03 4.82698e-03 4.78418e-03 4.73421e-03 4.67627e-03 4.62000e-03 4.58326e-03 4.57898e-03 4.60317e-03 4.63839e-03 4.66680e-03 4.67820e-03 4.66983e-03 4.64320e-03 4.60250e-03 4.55528e-03 4.51261e-03 4.48533e-03 4.47812e-03 4.48746e-03 4.50516e-03 4.52297e-03 4.53459e-03 4.53561e-03 4.52346e-03 4.49765e-03 4.45985e-03 4.41371e-03 4.36347e-03 4.31250e-03 4.26377e-03 4.22139e-03 4.19003e-03 4.17261e-03 4.16827e-03 4.17256e-03 4.17950e-03 4.18424e-03 4.18474e-03 4.18161e-03 4.17656e-03 4.17077e-03 4.16404e-03 4.15492e-03 4.14197e-03 4.12527e-03 4.10679e-03 4.08908e-03 4.07374e-03 4.06079e-03 4.04920e-03 4.03793e-03 4.02687e-03 4.01649e-03 4.00707e-03 3.99831e-03 3.98967e-03 3.98087e-03 3.97191e-03 3.96261e-03 3.95220e-03 3.93967e-03 3.92509e-03 3.90990e-03 3.89522e-03 3.88101e-03 3.86767e-03 3.85664e-03 3.84773e-03 3.83848e-03 3.82641e-03 3.81065e-03 3.79156e-03 3.76963e-03 3.74476e-03 3.71639e-03 3.68395e-03 3.64750e-03 3.60824e-03 3.56842e-03 3.53049e-03 3.49608e-03 3.46544e-03 3.43778e-03 3.41197e-03 3.38711e-03 3.36281e-03 3.33915e-03 3.31632e-03 3.29434e-03 3.27274e-03 3.25053e-03 3.22636e-03 3.19883e-03 3.16717e-03 3.13149e-03 3.09257e-03 3.05205e-03 3.01198e-03 2.97391e-03 2.93830e-03 2.90464e-03 2.87166e-03 2.83808e-03 2.80314e-03 2.76656e-03 2.72805e-03 2.68700e-03 2.64288e-03 2.59606e-03 2.54843e-03 2.50273e-03 2.46087e-03 2.42330e-03 2.38953e-03 2.35858e-03 2.32941e-03 2.30141e-03 2.27430e-03 2.24756e-03 2.22031e-03 2.19151e-03 2.16019e-03 2.12510e-03 2.08493e-03 2.04079e-03 1.99703e-03 1.95658e-03 1.91898e-03 1.88299e-03 1.84814e-03 1.81459e-03 1.78298e-03 1.75426e-03 1.72936e-03 1.70851e-03 1.69078e-03 1.67443e-03 1.65792e-03 1.64047e-03 1.62161e-03 1.60068e-03 1.57692e-03 1.54987e-03 1.52007e-03 1.49021e-03 1.46615e-03 1.45344e-03 1.44772e-03 1.43586e-03 1.41346e-03 1.38696e-03 1.36009e-03 1.33251e-03 1.30467e-03 1.27727e-03 1.25020e-03 1.22301e-03 1.19580e-03 1.16957e-03 1.14556e-03 1.12435e-03 1.10568e-03 1.08890e-03 1.07341e-03 1.05876e-03 1.04459e-03 1.03067e-03 1.01710e-03 1.00432e-03 9.92880e-04 9.82891e-04 9.73651e-04 9.63782e-04 9.52115e-04 9.38282e-04 9.22508e-04 9.05243e-04 8.87060e-04 8.68624e-04 8.50576e-04 8.33449e-04 8.17720e-04 8.03882e-04 7.92388e-04 7.83397e-04 7.76482e-04 7.70661e-04 7.64902e-04 7.58629e-04 7.51604e-04 7.43398e-04 7.33195e-04 7.20173e-04 7.04027e-04 6.85177e-04 6.64513e-04 6.43123e-04 6.22402e-04 6.03968e-04 5.89045e-04 5.78300e-04 5.71579e-04 5.66375e-04 5.57494e-04 5.40794e-04 5.17179e-04 4.91367e-04 4.67477e-04 4.46841e-04 4.28853e-04 4.12522e-04 3.97259e-04 3.82900e-04 3.69357e-04 3.56343e-04 3.43428e-04 3.30318e-04 3.17048e-04 3.03951e-04 2.91495e-04 2.80121e-04 2.70110e-04 2.61507e-04 2.54129e-04 2.47691e-04 2.41953e-04 2.36756e-04 2.31924e-04 2.27162e-04 2.22100e-04 2.16403e-04 2.09858e-04 2.02395e-04 1.94141e-04 1.85486e-04 1.77065e-04 1.69550e-04 1.63323e-04 1.58272e-04 1.53917e-04 1.49737e-04 1.45432e-04 1.40933e-04 1.36288e-04 1.31568e-04 1.26864e-04 1.22302e-04 1.18033e-04 1.14196e-04 1.10871e-04 1.08060e-04 1.05680e-04 1.03576e-04 1.01547e-04 9.93824e-05 9.68924e-05 9.39215e-05 9.03532e-05 8.61064e-05 8.11323e-05 7.54135e-05 6.89643e-05 6.18355e-05 5.41188e-05 4.59524e-05 3.75244e-05 2.90842e-05 2.09703e-05 1.36194e-05 7.52583e-06 3.19589e-06 8.84038e-07 1.22928e-07 5.62406e-09 4.40398e-11
5.602753 1.85429e-02 2.88235e-02 2.35004e-02 1.91212e-02 1.56881e-02 1.38526e-02 1.35178e-02 1.38952e-02 1.42301e-02 1.41389e-02 1.36056e-02 1.28560e-02 1.21512e-02 1.16188e-02 1.12239e-02 1.08424e-02 1.03735e-02 9.82193e-03 9.26792e-03 8.77791e-03 8.37747e-03 8.07060e-03 7.84434e-03 7.66413e-03 7.48251e-03 7.26350e-03 7.00445e-03 6.73572e-03 6.49916e-03 6.32458e-03 6.22030e-03 6.17775e-03 6.17916e-03 6.20059e-03 6.21061e-03 6.17265e-03 6.06133e-03 5.88504e-03 5.68506e-03 5.50548e-03 5.36669e-03 5.26144e-03 5.16533e-03 5.05584e-03 4.93148e-03 4.81359e-03 4.72833e-03 4.68690e-03 4.68086e-03 4.69298e-03 4.70987e-03 4.72633e-03 4.74192e-03 4.75576e-03 4.76382e-03 4.75947e-03 4.73694e-03 4.69538e-03 4.64111e-03 4.58561e-03 4.54093e-03 4.51513e-03 4.50887e-03 4.51520e-03 4.52425e-03 4.52922e-03 4.52798e-03 4.52076e-03 4.50784e-03 4.48909e-03 4.46379e-03 4.42978e-03 4.38463e-03 4.32949e-03 4.27095e-03 4.21816e-03 4.17760e-03 4.15014e-03 4.13246e-03 4.12046e-03 4.11150e-03 4.10420e-03 4.09756e-03 4.09087e-03 4.08441e-03 4.07938e-03 4.07646e-03 4.07481e-03 4.07278e-03 4.06963e-03 4.06633e-03 4.06466e-03 4.06568e-03 4.06841e-03 4.06967e-03 4.06557e-03 4.05354e-03 4.03341e-03 4.00717e-03 3.97810e-03 3.94960e-03 3.92422e-03 3.90303e-03 3.88550e-03 3.87014e-03 3.85586e-03 3.84274e-03 3.83130e-03 3.82178e-03 3.81434e-03 3.80826e-03 3.80099e-03 3.78957e-03 3.77243e-03 3.74921e-03 3.71948e-03 3.68254e-03 3.63849e-03 3.58923e-03 3.53832e-03 3.48962e-03 3.44561e-03 3.40694e-03 3.37300e-03 3.34292e-03 3.31610e-03 3.29220e-03 3.27092e-03 3.25189e-03 3.23455e-03 3.21833e-03 3.20264e-03 3.18698e-03 3.17091e-03 3.15401e-03 3.13569e-03 3.11516e-03 3.09140e-03 3.06343e-03 3.03053e-03 2.99288e-03 2.95227e-03 2.91112e-03 2.87124e-03 2.83341e-03 2.79740e-03 2.76212e-03 2.72642e-03 2.68988e-03 2.65293e-03 2.61605e-03 2.57897e-03 2.54077e-03 2.50071e-03 2.45904e-03 2.41695e-03 2.37584e-03 2.33658e-03 2.29941e-03 2.26445e-03 2.23194e-03 2.20208e-03 2.17464e-03 2.14889e-03 2.12377e-03 2.09803e-03 2.07032e-03 2.03903e-03 2.00332e-03 1.96561e-03 1.93023e-03 1.89874e-03 1.86987e-03 1.84209e-03 1.81486e-03 1.78841e-03 1.76305e-03 1.73890e-03 1.71601e-03 1.69480e-03 1.67604e-03 1.65974e-03 1.64427e-03 1.62761e-03 1.60933e-03 1.59032e-03 1.57120e-03 1.55184e-03 1.53162e-03 1.50977e-03 1.48555e-03 1.45865e-03 1.42962e-03 1.40023e-03 1.37364e-03 1.35399e-03 1.34208e-03 1.33036e-03 1.30987e-03 1.28121e-03 1.24899e-03 1.21448e-03 1.17847e-03 1.14306e-03 1.11002e-03 1.07988e-03 1.05250e-03 1.02773e-03 1.00565e-03 9.86354e-04 9.69669e-04 9.55073e-04 9.41788e-04 9.28983e-04 9.15985e-04 9.02349e-04 8.87898e-04 8.72886e-04 8.58087e-04 8.44471e-04 8.32649e-04 8.22563e-04 8.13520e-04 8.04559e-04 7.95000e-04 7.84791e-04 7.74401e-04 7.64356e-04 7.54779e-04 7.45302e-04 7.35513e-04 7.25460e-04 7.15514e-04 7.05684e-04 6.95325e-04 6.83641e-04 6.70444e-04 6.56494e-04 6.43073e-04 6.31187e-04 6.21081e-04 6.12296e-04 6.04033e-04 5.95585e-04 5.86147e-04 5.74062e-04 5.57095e-04 5.34459e-04 5.08476e-04 4.83364e-04 4.61971e-04 4.44145e-04 4.28346e-04 4.13744e-04 4.00305e-04 3.87949e-04 3.76345e-04 3.65137e-04 3.54055e-04 3.42897e-04 3.31553e-04 3.20060e-04 3.08631e-04 2.97605e-04 2.87329e-04 2.78015e-04 2.69660e-04 2.62075e-04 2.55014e-04 2.48283e-04 2.41753e-04 2.35312e-04 2.28843e-04 2.22224e-04 2.15285e-04 2.07820e-04 1.99792e-04 1.91566e-04 1.83813e-04 1.77066e-04 1.71381e-04 1.66405e-04 1.61717e-04 1.57046e-04 1.52282e-04 1.47404e-04 1.42437e-04 1.37425e-04 1.32433e-04 1.27548e-04 1.22877e-04 1.18530e-04 1.14605e-04 1.11166e-04 1.08236e-04 1.05790e-04 1.03742e-04 1.01937e-04 1.00161e-04 9.81600e-05 9.56812e-05 9.25076e-05 8.84869e-05 8.35484e-05 7.77076e-05 7.10585e-05 6.37578e-05 5.60044e-05 4.80148e-05 3.99980e-05 3.21395e-05 2.46108e-05 1.76061e-05 1.13801e-05 6.26485e-06 2.65123e-06 7.32763e-07 1.02893e-07 4.96860e-09 4.51972e-11
5.702802 1.73772e-02 2.78300e-02 2.30458e-02 1.88434e-02 1.56249e-02 1.40639e-02 1.40119e-02 1.45829e-02 1.49381e-02 1.47537e-02 1.41627e-02 1.34486e-02 1.28044e-02 1.22596e-02 1.17345e-02 1.11481e-02 1.05024e-02 9.86622e-03 9.29673e-03 8.81236e-03 8.41405e-03 8.09928e-03 7.86481e-03 7.70191e-03 7.58296e-03 7.45438e-03 7.26031e-03 6.98970e-03 6.69700e-03 6.46608e-03 6.35173e-03 6.34983e-03 6.40552e-03 6.44138e-03 6.39562e-03 6.25975e-03 6.08277e-03 5.92502e-03 5.80652e-03 5.70181e-03 5.57588e-03 5.42077e-03 5.26133e-03 5.12897e-03 5.03460e-03 4.96786e-03 4.91449e-03 4.86864e-03 4.83212e-03 4.80836e-03 4.79843e-03 4.80016e-03 4.80872e-03 4.81735e-03 4.81833e-03 4.80437e-03 4.77118e-03 4.72068e-03 4.66249e-03 4.61087e-03 4.57741e-03 4.56489e-03 4.56746e-03 4.57531e-03 4.57964e-03 4.57544e-03 4.56170e-03 4.53978e-03 4.51174e-03 4.47886e-03 4.44083e-03 4.39717e-03 4.34908e-03 4.29946e-03 4.25100e-03 4.20438e-03 4.15872e-03 4.11414e-03 4.07358e-03 4.04191e-03 4.02283e-03 4.01649e-03 4.01982e-03 4.02941e-03 4.04379e-03 4.06327e-03 4.08744e-03 4.11302e-03 4.13444e-03 4.14695e-03 4.14915e-03 4.14251e-03 4.12883e-03 4.10860e-03 4.08184e-03 4.04977e-03 4.01528e-03 3.98178e-03 3.95154e-03 3.92511e-03 3.90180e-03 3.88060e-03 3.86092e-03 3.84275e-03 3.82636e-03 3.81207e-03 3.79999e-03 3.78958e-03 3.77940e-03 3.76750e-03 3.75175e-03 3.72992e-03 3.70031e-03 3.66252e-03 3.61788e-03 3.56957e-03 3.52158e-03 3.47677e-03 3.43586e-03 3.39807e-03 3.36240e-03 3.32843e-03 3.29632e-03 3.26651e-03 3.23940e-03 3.21515e-03 3.19364e-03 3.17451e-03 3.15721e-03 3.14114e-03 3.12572e-03 3.11055e-03 3.09540e-03 3.08014e-03 3.06456e-03 3.04817e-03 3.03012e-03 3.00931e-03 2.98453e-03 2.95456e-03 2.91890e-03 2.87911e-03 2.83805e-03 2.79788e-03 2.75949e-03 2.72252e-03 2.68561e-03 2.64717e-03 2.60660e-03 2.56474e-03 2.52309e-03 2.48274e-03 2.44399e-03 2.40658e-03 2.37002e-03 2.33385e-03 2.29781e-03 2.26188e-03 2.22639e-03 2.19193e-03 2.15914e-03 2.12835e-03 2.09956e-03 2.07234e-03 2.04581e-03 2.01878e-03 1.98984e-03 1.95765e-03 1.92239e-03 1.88753e-03 1.85728e-03 1.83274e-03 1.81207e-03 1.79269e-03 1.77309e-03 1.75324e-03 1.73376e-03 1.71526e-03 1.69782e-03 1.68118e-03 1.66512e-03 1.64992e-03 1.63606e-03 1.62321e-03 1.60990e-03 1.59493e-03 1.57877e-03 1.56266e-03 1.54700e-03 1.53123e-03 1.51472e-03 1.49672e-03 1.47598e-03 1.45100e-03 1.42111e-03 1.38707e-03 1.35085e-03 1.31463e-03 1.28024e-03 1.24973e-03 1.22629e-03 1.21171e-03 1.20117e-03 1.18615e-03 1.16215e-03 1.12816e-03 1.08570e-03 1.04104e-03 1.00139e-03 9.69726e-04 9.45142e-04 9.25485e-04 9.08568e-04 8.92181e-04 8.74560e-04 8.55495e-04 8.36098e-04 8.17246e-04 7.99346e-04 7.82990e-04 7.68946e-04 7.57801e-04 7.49724e-04 7.44370e-04 7.40935e-04 7.38332e-04 7.35420e-04 7.31204e-04 7.25100e-04 7.17193e-04 7.08060e-04 6.98052e-04 6.86776e-04 6.73444e-04 6.57824e-04 6.40929e-04 6.24799e-04 6.11400e-04 6.01487e-04 5.94383e-04 5.88824e-04 5.83918e-04 5.78954e-04 5.72437e-04 5.62159e-04 5.46748e-04 5.26965e-04 5.05221e-04 4.83928e-04 4.64361e-04 4.46796e-04 4.31202e-04 4.17440e-04 4.04995e-04 3.93072e-04 3.81178e-04 3.69395e-04 3.58009e-04 3.47124e-04 3.36664e-04 3.26550e-04 3.16777e-04 3.07394e-04 2.98439e-04 2.89859e-04 2.81489e-04 2.73132e-04 2.64694e-04 2.56235e-04 2.47898e-04 2.39808e-04 2.31991e-04 2.24325e-04 2.16657e-04 2.09069e-04 2.01966e-04 1.95739e-04 1.90339e-04 1.85290e-04 1.80110e-04 1.74628e-04 1.68966e-04 1.63308e-04 1.57745e-04 1.52265e-04 1.46822e-04 1.41392e-04 1.35989e-04 1.30663e-04 1.25492e-04 1.20571e-04 1.15994e-04 1.11848e-04 1.08202e-04 1.05101e-04 1.02548e-04 1.00489e-04 9.87956e-05 9.72530e-05 9.55726e-05 9.34241e-05 9.04851e-05 8.64968e-05 8.13216e-05 7.49766e-05 6.76304e-05 5.95713e-05 5.11631e-05 4.27853e-05 3.47616e-05 2.73078e-05 2.05321e-05 1.44924e-05 9.27364e-06 5.05629e-06 2.11746e-06 5.80474e-07 8.19989e-08 4.22530e-09 4.55576e-11
5.802851 1.61297e-02 2.59578e-02 2.17708e-02 1.82811e-02 1.56682e-02 1.44912e-02 1.46146e-02 1.51810e-02 1.54424e-02 1.52269e-02 1.47258e-02 1.41271e-02 1.34889e-02 1.27970e-02 1.20441e-02 1.12677e-02 1.05345e-02 9.89030e-03 9.34239e-03 8.88090e-03 8.49529e-03 8.18075e-03 7.94155e-03 7.78725e-03 7.71383e-03 7.67462e-03 7.58139e-03 7.37251e-03 7.08883e-03 6.84846e-03 6.73387e-03 6.71891e-03 6.70504e-03 6.61674e-03 6.45911e-03 6.28929e-03 6.14890e-03 6.03596e-03 5.92804e-03 5.81242e-03 5.69174e-03 5.57171e-03 5.45371e-03 5.33900e-03 5.23245e-03 5.13981e-03 5.06406e-03 5.00502e-03 4.96088e-03 4.92952e-03 4.90874e-03 4.89573e-03 4.88657e-03 4.87648e-03 4.86042e-03 4.83383e-03 4.79398e-03 4.74270e-03 4.68852e-03 4.64479e-03 4.62288e-03 4.62435e-03 4.63922e-03 4.65231e-03 4.65153e-03 4.63158e-03 4.59340e-03 4.54215e-03 4.48365e-03 4.42139e-03 4.35748e-03 4.29547e-03 4.24037e-03 4.19563e-03 4.16057e-03 4.13138e-03 4.10475e-03 4.08062e-03 4.06187e-03 4.05191e-03 4.05228e-03 4.06178e-03 4.07715e-03 4.09477e-03 4.11249e-03 4.13024e-03 4.14876e-03 4.16725e-03 4.18209e-03 4.18788e-03 4.17945e-03 4.15418e-03 4.11422e-03 4.06661e-03 4.01989e-03 3.97988e-03 3.94830e-03 3.92421e-03 3.90565e-03 3.89056e-03 3.87695e-03 3.86310e-03 3.84797e-03 3.83141e-03 3.81359e-03 3.79406e-03 3.77151e-03 3.74493e-03 3.71465e-03 3.68139e-03 3.64484e-03 3.60459e-03 3.56163e-03 3.51855e-03 3.47803e-03 3.44130e-03 3.40801e-03 3.37716e-03 3.34784e-03 3.31949e-03 3.29186e-03 3.26495e-03 3.23890e-03 3.21386e-03 3.18998e-03 3.16734e-03 3.14599e-03 3.12585e-03 3.10677e-03 3.08852e-03 3.07084e-03 3.05349e-03 3.03630e-03 3.01918e-03 3.00198e-03 2.98437e-03 2.96564e-03 2.94473e-03 2.92036e-03 2.89104e-03 2.85566e-03 2.81527e-03 2.77305e-03 2.73158e-03 2.69131e-03 2.65110e-03 2.60947e-03 2.56568e-03 2.52029e-03 2.47461e-03 2.42999e-03 2.38738e-03 2.34733e-03 2.31003e-03 2.27535e-03 2.24312e-03 2.21332e-03 2.18583e-03 2.15993e-03 2.13458e-03 2.10898e-03 2.08273e-03 2.05551e-03 2.02677e-03 1.99605e-03 1.96329e-03 1.92886e-03 1.89320e-03 1.85791e-03 1.82629e-03 1.80116e-03 1.78258e-03 1.76800e-03 1.75435e-03 1.73983e-03 1.72380e-03 1.70634e-03 1.68800e-03 1.66956e-03 1.65166e-03 1.63481e-03 1.61952e-03 1.60633e-03 1.59542e-03 1.58610e-03 1.57671e-03 1.56552e-03 1.55182e-03 1.53605e-03 1.51886e-03 1.50030e-03 1.48027e-03 1.45915e-03 1.43783e-03 1.41706e-03 1.39687e-03 1.37629e-03 1.35375e-03 1.32783e-03 1.29800e-03 1.26485e-03 1.22958e-03 1.19324e-03 1.15660e-03 1.12144e-03 1.09199e-03 1.07274e-03 1.06261e-03 1.05364e-03 1.03602e-03 1.00421e-03 9.62199e-04 9.20357e-04 8.85225e-04 8.56189e-04 8.29956e-04 8.05114e-04 7.82635e-04 7.63124e-04 7.45923e-04 7.30416e-04 7.16710e-04 7.05443e-04 6.97234e-04 6.92144e-04 6.89488e-04 6.88090e-04 6.86755e-04 6.84568e-04 6.80724e-04 6.74220e-04 6.64002e-04 6.49721e-04 6.32487e-04 6.14788e-04 5.99267e-04 5.87148e-04 5.77728e-04 5.69526e-04 5.61765e-04 5.54433e-04 5.47162e-04 5.38747e-04 5.27996e-04 5.14760e-04 4.99985e-04 4.84922e-04 4.70402e-04 4.56692e-04 4.43750e-04 4.31474e-04 4.19778e-04 4.08566e-04 3.97736e-04 3.87223e-04 3.76963e-04 3.66811e-04 3.56601e-04 3.46316e-04 3.36112e-04 3.26123e-04 3.16351e-04 3.06725e-04 2.97172e-04 2.87637e-04 2.78117e-04 2.68701e-04 2.59557e-04 2.50832e-04 2.42558e-04 2.34691e-04 2.27307e-04 2.20712e-04 2.15221e-04 2.10754e-04 2.06722e-04 2.02360e-04 1.97182e-04 1.91155e-04 1.84553e-04 1.77710e-04 1.70865e-04 1.64142e-04 1.57583e-04 1.51201e-04 1.45002e-04 1.38989e-04 1.33160e-04 1.27516e-04 1.22073e-04 1.16874e-04 1.11987e-04 1.07497e-04 1.03506e-04 1.00111e-04 9.73825e-05 9.53187e-05 9.38106e-05 9.26250e-05 9.14250e-05 8.98194e-05 8.74126e-05 8.38470e-05 7.88784e-05 7.24632e-05 6.47863e-05 5.62208e-05 4.72674e-05 3.84743e-05 3.03183e-05 2.30912e-05 1.68748e-05 1.16209e-05 7.27400e-06 3.88017e-06 1.58962e-06 4.28428e-07 6.07731e-08 3.39325e-09 4.37781e-11
5.902900 1.81969e-02 2.76979e-02 2.18617e-02 1.79508e-02 1.56549e-02 1.48033e-02 1.49928e-02 1.54470e-02 1.56190e-02 1.54413e-02 1.50441e-02 1.44918e-02 1.37775e-02 1.29238e-02 1.20188e-02 1.11686e-02 1.04337e-02 9.81780e-03 9.30234e-03 8.87119e-03 8.51455e-03 8.22962e-03 8.02391e-03 7.91331e-03 7.90065e-03 7.93470e-03 7.90267e-03 7.72248e-03 7.44973e-03 7.21969e-03 7.08102e-03 6.96430e-03 6.80593e-03 6.62421e-03 6.46943e-03 6.35580e-03 6.25891e-03 6.15165e-03 6.02541e-03 5.88628e-03 5.74495e-03 5.61063e-03 5.48786e-03 5.37652e-03 5.27549e-03 5.18605e-03 5.11140e-03 5.05404e-03 5.01371e-03 4.98711e-03 4.96881e-03 4.95286e-03 4.93473e-03 4.91240e-03 4.88547e-03 4.85309e-03 4.81335e-03 4.76591e-03 4.71571e-03 4.67334e-03 4.64952e-03 4.64670e-03 4.65486e-03 4.65606e-03 4.63534e-03 4.58884e-03 4.52322e-03 4.44869e-03 4.37252e-03 4.29826e-03 4.22884e-03 4.16843e-03 4.12093e-03 4.08781e-03 4.06770e-03 4.05727e-03 4.05270e-03 4.05093e-03 4.05025e-03 4.05019e-03 4.05097e-03 4.05278e-03 4.05544e-03 4.05847e-03 4.06177e-03 4.06693e-03 4.07810e-03 4.09995e-03 4.13093e-03 4.15696e-03 4.15704e-03 4.12088e-03 4.05909e-03 3.99334e-03 3.93982e-03 3.90278e-03 3.87848e-03 3.86115e-03 3.84626e-03 3.83110e-03 3.81420e-03 3.79465e-03 3.77195e-03 3.74581e-03 3.71596e-03 3.68232e-03 3.64562e-03 3.60740e-03 3.56895e-03 3.53039e-03 3.49142e-03 3.45284e-03 3.41660e-03 3.38419e-03 3.35562e-03 3.32996e-03 3.30620e-03 3.28364e-03 3.26192e-03 3.24089e-03 3.22048e-03 3.20065e-03 3.18127e-03 3.16216e-03 3.14314e-03 3.12413e-03 3.10514e-03 3.08623e-03 3.06740e-03 3.04860e-03 3.02972e-03 3.01060e-03 2.99119e-03 2.97148e-03 2.95149e-03 2.93113e-03 2.91003e-03 2.88747e-03 2.86244e-03 2.83364e-03 2.79940e-03 2.75904e-03 2.71445e-03 2.66850e-03 2.62248e-03 2.57611e-03 2.52887e-03 2.48090e-03 2.43303e-03 2.38632e-03 2.34174e-03 2.30004e-03 2.26168e-03 2.22697e-03 2.19625e-03 2.16977e-03 2.14718e-03 2.12722e-03 2.10837e-03 2.08939e-03 2.06930e-03 2.04685e-03 2.02032e-03 1.98822e-03 1.95063e-03 1.90979e-03 1.86872e-03 1.82965e-03 1.79457e-03 1.76601e-03 1.74582e-03 1.73294e-03 1.72340e-03 1.71352e-03 1.70158e-03 1.68733e-03 1.67113e-03 1.65365e-03 1.63560e-03 1.61764e-03 1.60014e-03 1.58306e-03 1.56615e-03 1.54928e-03 1.53261e-03 1.51625e-03 1.49997e-03 1.48333e-03 1.46605e-03 1.44837e-03 1.43089e-03 1.41400e-03 1.39753e-03 1.38097e-03 1.36394e-03 1.34656e-03 1.32925e-03 1.31239e-03 1.29590e-03 1.27905e-03 1.26069e-03 1.23977e-03 1.21564e-03 1.18830e-03 1.15837e-03 1.12690e-03 1.09492e-03 1.06298e-03 1.03132e-03 1.00094e-03 9.75235e-04 9.59044e-04 9.53288e-04 9.49498e-04 9.32549e-04 8.93459e-04 8.40325e-04 7.90670e-04 7.54352e-04 7.30117e-04 7.12711e-04 6.98162e-04 6.84992e-04 6.73186e-04 6.63133e-04 6.55027e-04 6.48642e-04 6.43333e-04 6.38025e-04 6.31306e-04 6.21952e-04 6.09771e-04 5.96042e-04 5.82912e-04 5.71933e-04 5.62994e-04 5.54772e-04 5.46201e-04 5.37223e-04 5.28118e-04 5.18658e-04 5.08199e-04 4.96418e-04 4.83733e-04 4.71035e-04 4.59125e-04 4.48346e-04 4.38573e-04 4.29445e-04 4.20624e-04 4.11949e-04 4.03418e-04 3.95055e-04 3.86773e-04 3.78352e-04 3.69543e-04 3.60189e-04 3.50267e-04 3.39823e-04 3.28917e-04 3.17706e-04 3.06509e-04 2.95631e-04 2.85165e-04 2.75069e-04 2.65380e-04 2.56271e-04 2.47975e-04 2.40744e-04 2.34883e-04 2.30660e-04 2.28040e-04 2.26468e-04 2.24980e-04 2.22617e-04 2.18830e-04 2.13566e-04 2.07101e-04 1.99809e-04 1.92018e-04 1.83968e-04 1.75815e-04 1.67675e-04 1.59658e-04 1.51868e-04 1.44385e-04 1.37249e-04 1.30459e-04 1.23991e-04 1.17831e-04 1.11993e-04 1.06535e-04 1.01549e-04 9.71500e-05 9.34557e-05 9.05675e-05 8.85383e-05 8.73225e-05 8.67159e-05 8.63336e-05 8.56779e-05 8.42543e-05 8.16259e-05 7.74468e-05 7.15643e-05 6.41056e-05 5.54490e-05 4.61504e-05 3.68784e-05 2.82894e-05 2.08399e-05 1.46834e-05 9.74193e-06 5.87413e-06 3.01840e-06 1.19405e-06 3.13712e-07 4.46262e-08 2.71642e-09 4.10794e-11
6.002949 1.59312e-02 2.55304e-02 2.12353e-02 1.79761e-02 1.59466e-02 1.52221e-02 1.53613e-02 1.56850e-02 1.57793e-02 1.55856e-02 1.51795e-02 1.45953e-02 1.38246e-02 1.29095e-02 1.19718e-02 1.11291e-02 1.04241e-02 9.84474e-03 9.36940e-03 8.98348e-03 8.67776e-03 8.44822e-03 8.29961e-03 8.24159e-03 8.26200e-03 8.28516e-03 8.19372e-03 7.95528e-03 7.67995e-03 7.47477e-03 7.32013e-03 7.15338e-03 6.97283e-03 6.81006e-03 6.67207e-03 6.54200e-03 6.40512e-03 6.25915e-03 6.10991e-03 5.96435e-03 5.82707e-03 5.70045e-03 5.58557e-03 5.48206e-03 5.38863e-03 5.30463e-03 5.23110e-03 5.16960e-03 5.12032e-03 5.08164e-03 5.05158e-03 5.02933e-03 5.01491e-03 5.00698e-03 5.00108e-03 4.98997e-03 4.96625e-03 4.92628e-03 4.87338e-03 4.81766e-03 4.77138e-03 4.74133e-03 4.72351e-03 4.70466e-03 4.67006e-03 4.61285e-03 4.53786e-03 4.45728e-03 4.38257e-03 4.31761e-03 4.25861e-03 4.20111e-03 4.14623e-03 4.09935e-03 4.06443e-03 4.04114e-03 4.02665e-03 4.01837e-03 4.01479e-03 4.01463e-03 4.01593e-03 4.01648e-03 4.01506e-03 4.01255e-03 4.01214e-03 4.01890e-03 4.03882e-03 4.07598e-03 4.12512e-03 4.16555e-03 4.17054e-03 4.12916e-03 4.05615e-03 3.97874e-03 3.91738e-03 3.87776e-03 3.85481e-03 3.84024e-03 3.82732e-03 3.81212e-03 3.79282e-03 3.76845e-03 3.73815e-03 3.70130e-03 3.65827e-03 3.61087e-03 3.56196e-03 3.51408e-03 3.46834e-03 3.42486e-03 3.38424e-03 3.34782e-03 3.31642e-03 3.28977e-03 3.26688e-03 3.24672e-03 3.22852e-03 3.21182e-03 3.19637e-03 3.18202e-03 3.16861e-03 3.15589e-03 3.14351e-03 3.13112e-03 3.11842e-03 3.10521e-03 3.09140e-03 3.07700e-03 3.06205e-03 3.04657e-03 3.03056e-03 3.01393e-03 2.99650e-03 2.97802e-03 2.95821e-03 2.93676e-03 2.91331e-03 2.88750e-03 2.85905e-03 2.82784e-03 2.79333e-03 2.75427e-03 2.71013e-03 2.66246e-03 2.61352e-03 2.56455e-03 2.51585e-03 2.46732e-03 2.41875e-03 2.37047e-03 2.32385e-03 2.28094e-03 2.24346e-03 2.21224e-03 2.18709e-03 2.16679e-03 2.14944e-03 2.13341e-03 2.11766e-03 2.10146e-03 2.08366e-03 2.06185e-03 2.03237e-03 1.99278e-03 1.94493e-03 1.89471e-03 1.84778e-03 1.80665e-03 1.77199e-03 1.74518e-03 1.72756e-03 1.71717e-03 1.70933e-03 1.70028e-03 1.68856e-03 1.67417e-03 1.65777e-03 1.64003e-03 1.62123e-03 1.60142e-03 1.58065e-03 1.55918e-03 1.53727e-03 1.51495e-03 1.49218e-03 1.46912e-03 1.44618e-03 1.42399e-03 1.40315e-03 1.38409e-03 1.36697e-03 1.35162e-03 1.33746e-03 1.32353e-03 1.30873e-03 1.29246e-03 1.27490e-03 1.25689e-03 1.23940e-03 1.22309e-03 1.20811e-03 1.19416e-03 1.18071e-03 1.16713e-03 1.15267e-03 1.13658e-03 1.11828e-03 1.09763e-03 1.07488e-03 1.05064e-03 1.02559e-03 1.00022e-03 9.74587e-04 9.48405e-04 9.21806e-04 8.96555e-04 8.75994e-04 8.61476e-04 8.47057e-04 8.21379e-04 7.80933e-04 7.36503e-04 7.00188e-04 6.74635e-04 6.56525e-04 6.42338e-04 6.29900e-04 6.17915e-04 6.05540e-04 5.92492e-04 5.79370e-04 5.67482e-04 5.57955e-04 5.50720e-04 5.44410e-04 5.37424e-04 5.29046e-04 5.19506e-04 5.09286e-04 4.98626e-04 4.87593e-04 4.76355e-04 4.65271e-04 4.54719e-04 4.44880e-04 4.35689e-04 4.26957e-04 4.18512e-04 4.10252e-04 4.02122e-04 3.94085e-04 3.86093e-04 3.78097e-04 3.70045e-04 3.61900e-04 3.53629e-04 3.45171e-04 3.36414e-04 3.27209e-04 3.17411e-04 3.06909e-04 2.95621e-04 2.83584e-04 2.71183e-04 2.59246e-04 2.48772e-04 2.40560e-04 2.35058e-04 2.32322e-04 2.31930e-04 2.32955e-04 2.34189e-04 2.34591e-04 2.33642e-04 2.31313e-04 2.27775e-04 2.23172e-04 2.17585e-04 2.11102e-04 2.03854e-04 1.95968e-04 1.87522e-04 1.78590e-04 1.69300e-04 1.59844e-04 1.50416e-04 1.41170e-04 1.32213e-04 1.23642e-04 1.15571e-04 1.08126e-04 1.01433e-04 9.55883e-05 9.06462e-05 8.66184e-05 8.34986e-05 8.12941e-05 8.00263e-05 7.96507e-05 7.99228e-05 8.03444e-05 8.02798e-05 7.91132e-05 7.63351e-05 7.16476e-05 6.50766e-05 5.69511e-05 4.77874e-05 3.82420e-05 2.90745e-05 2.09631e-05 1.42820e-05 9.07064e-06 5.19689e-06 2.52778e-06 9.48679e-07 2.39326e-07 3.37732e-08 2.21222e-09 3.75588e-11
6.102998 1.62359e-02 2.51531e-02 2.04230e-02 1.74995e-02 1.59674e-02 1.54541e-02 1.55396e-02 1.57312e-02 1.57035e-02 1.53944e-02 1.48911e-02 1.42548e-02 1.34859e-02 1.26204e-02 1.17640e-02 1.10123e-02 1.03944e-02 9.89501e-03 9.49165e-03 9.16718e-03 8.90806e-03 8.70745e-03 8.57126e-03 8.50620e-03 8.48006e-03 8.40602e-03 8.22316e-03 7.98457e-03 7.78285e-03 7.62440e-03 7.46282e-03 7.28747e-03 7.11621e-03 6.95698e-03 6.80635e-03 6.66004e-03 6.51499e-03 6.36927e-03 6.22360e-03 6.08151e-03 5.94735e-03 5.82439e-03 5.71423e-03 5.61668e-03 5.52995e-03 5.45169e-03 5.38062e-03 5.31742e-03 5.26416e-03 5.22261e-03 5.19290e-03 5.17342e-03 5.16119e-03 5.15178e-03 5.13981e-03 5.12055e-03 5.09152e-03 5.05270e-03 5.00623e-03 4.95668e-03 4.91104e-03 4.87574e-03 4.85164e-03 4.83099e-03 4.79987e-03 4.74622e-03 4.66826e-03 4.57363e-03 4.47066e-03 4.36555e-03 4.26529e-03 4.17909e-03 4.11516e-03 4.07598e-03 4.05666e-03 4.04830e-03 4.04281e-03 4.03549e-03 4.02497e-03 4.01223e-03 3.99954e-03 3.98943e-03 3.98416e-03 3.98564e-03 3.99542e-03 4.01454e-03 4.04365e-03 4.08256e-03 4.12598e-03 4.15788e-03 4.15700e-03 4.11431e-03 4.04224e-03 3.96478e-03 3.90125e-03 3.85871e-03 3.83418e-03 3.82033e-03 3.80973e-03 3.79677e-03 3.77775e-03 3.75045e-03 3.71405e-03 3.66929e-03 3.61854e-03 3.56521e-03 3.51254e-03 3.46234e-03 3.41493e-03 3.37034e-03 3.32916e-03 3.29181e-03 3.25802e-03 3.22715e-03 3.19874e-03 3.17278e-03 3.14953e-03 3.12932e-03 3.11233e-03 3.09847e-03 3.08729e-03 3.07805e-03 3.06984e-03 3.06179e-03 3.05325e-03 3.04392e-03 3.03378e-03 3.02303e-03 3.01191e-03 3.00047e-03 2.98847e-03 2.97542e-03 2.96062e-03 2.94345e-03 2.92358e-03 2.90104e-03 2.87628e-03 2.84989e-03 2.82235e-03 2.79393e-03 2.76442e-03 2.73269e-03 2.69682e-03 2.65594e-03 2.61127e-03 2.56470e-03 2.51732e-03 2.46962e-03 2.42203e-03 2.37470e-03 2.32806e-03 2.28426e-03 2.24693e-03 2.21804e-03 2.19636e-03 2.17916e-03 2.16427e-03 2.15055e-03 2.13757e-03 2.12514e-03 2.11244e-03 2.09599e-03 2.06839e-03 2.02313e-03 1.96311e-03 1.90054e-03 1.84661e-03 1.80453e-03 1.77248e-03 1.74910e-03 1.73325e-03 1.72110e-03 1.70809e-03 1.69208e-03 1.67320e-03 1.65231e-03 1.63006e-03 1.60687e-03 1.58299e-03 1.55868e-03 1.53425e-03 1.50993e-03 1.48587e-03 1.46212e-03 1.43870e-03 1.41570e-03 1.39333e-03 1.37193e-03 1.35176e-03 1.33289e-03 1.31509e-03 1.29793e-03 1.28099e-03 1.26411e-03 1.24731e-03 1.23055e-03 1.21369e-03 1.19680e-03 1.18033e-03 1.16480e-03 1.15046e-03 1.13713e-03 1.12445e-03 1.11222e-03 1.10046e-03 1.08928e-03 1.07861e-03 1.06802e-03 1.05683e-03 1.04439e-03 1.03032e-03 1.01455e-03 9.97167e-04 9.78228e-04 9.57690e-04 9.35485e-04 9.11656e-04 8.86440e-04 8.60278e-04 8.33814e-04 8.07862e-04 7.82955e-04 7.58247e-04 7.31152e-04 6.99671e-04 6.65396e-04 6.32665e-04 6.04837e-04 5.82485e-04 5.64593e-04 5.50239e-04 5.38903e-04 5.29831e-04 5.21856e-04 5.13961e-04 5.05768e-04 4.97369e-04 4.88836e-04 4.80061e-04 4.70962e-04 4.61628e-04 4.52264e-04 4.43061e-04 4.34105e-04 4.25337e-04 4.16621e-04 4.07842e-04 3.98963e-04 3.90018e-04 3.81064e-04 3.72125e-04 3.63171e-04 3.54137e-04 3.44975e-04 3.35691e-04 3.26343e-04 3.17012e-04 3.07755e-04 2.98584e-04 2.89453e-04 2.80265e-04 2.70965e-04 2.61693e-04 2.52862e-04 2.45048e-04 2.38755e-04 2.34217e-04 2.31265e-04 2.29303e-04 2.27593e-04 2.25723e-04 2.23817e-04 2.22259e-04 2.21252e-04 2.20617e-04 2.19911e-04 2.18690e-04 2.16703e-04 2.13897e-04 2.10254e-04 2.05616e-04 1.99651e-04 1.92032e-04 1.82661e-04 1.71766e-04 1.59824e-04 1.47388e-04 1.34985e-04 1.23092e-04 1.12140e-04 1.02455e-04 9.42091e-05 8.74172e-05 8.19857e-05 7.77559e-05 7.45494e-05 7.22280e-05 7.07505e-05 7.01534e-05 7.04117e-05 7.12690e-05 7.21949e-05 7.24856e-05 7.14236e-05 6.84778e-05 6.34960e-05 5.67175e-05 4.85884e-05 3.96403e-05 3.05381e-05 2.20456e-05 1.47928e-05 9.08856e-06 4.95656e-06 2.26972e-06 7.99719e-07 1.91029e-07 2.62591e-08 1.79236e-09 3.28315e-11
6.203048 1.62330e-02 2.54895e-02 2.06653e-02 1.75079e-02 1.59579e-02 1.54433e-02 1.54321e-02 1.54830e-02 1.53029e-02 1.48399e-02 1.42076e-02 1.35035e-02 1.27637e-02 1.20309e-02 1.13689e-02 1.08166e-02 1.03673e-02 9.98824e-03 9.64746e-03 9.33135e-03 9.04886e-03 8.82661e-03 8.68983e-03 8.62354e-03 8.55268e-03 8.40296e-03 8.18800e-03 7.97851e-03 7.80142e-03 7.63775e-03 7.47775e-03 7.32575e-03 7.18336e-03 7.04827e-03 6.91646e-03 6.78280e-03 6.64360e-03 6.49900e-03 6.35292e-03 6.21092e-03 6.07815e-03 5.95842e-03 5.85402e-03 5.76543e-03 5.69107e-03 5.62808e-03 5.57414e-03 5.52871e-03 5.49211e-03 5.46314e-03 5.43744e-03 5.40947e-03 5.37630e-03 5.33889e-03 5.29925e-03 5.25715e-03 5.21025e-03 5.15761e-03 5.10252e-03 5.05132e-03 5.00882e-03 4.97495e-03 4.94630e-03 4.91950e-03 4.89077e-03 4.85141e-03 4.78876e-03 4.69593e-03 4.57782e-03 4.44881e-03 4.32773e-03 4.23190e-03 4.16935e-03 4.13474e-03 4.11452e-03 4.09720e-03 4.07894e-03 4.06156e-03 4.04776e-03 4.03818e-03 4.03166e-03 4.02681e-03 4.02340e-03 4.02242e-03 4.02548e-03 4.03409e-03 4.04986e-03 4.07446e-03 4.10692e-03 4.13788e-03 4.14912e-03 4.12645e-03 4.07351e-03 4.00850e-03 3.94885e-03 3.90192e-03 3.86656e-03 3.83851e-03 3.81352e-03 3.78799e-03 3.75878e-03 3.72358e-03 3.68175e-03 3.63477e-03 3.58570e-03 3.53782e-03 3.49321e-03 3.45211e-03 3.41366e-03 3.37708e-03 3.34203e-03 3.30811e-03 3.27472e-03 3.24137e-03 3.20815e-03 3.17569e-03 3.14498e-03 3.11699e-03 3.09243e-03 3.07157e-03 3.05434e-03 3.04044e-03 3.02938e-03 3.02054e-03 3.01317e-03 3.00638e-03 2.99919e-03 2.99056e-03 2.97957e-03 2.96557e-03 2.94828e-03 2.92791e-03 2.90498e-03 2.88019e-03 2.85427e-03 2.82785e-03 2.80152e-03 2.77565e-03 2.75037e-03 2.72545e-03 2.70046e-03 2.67475e-03 2.64712e-03 2.61591e-03 2.58030e-03 2.54130e-03 2.50072e-03 2.45945e-03 2.41742e-03 2.37481e-03 2.33325e-03 2.29534e-03 2.26220e-03 2.23282e-03 2.20658e-03 2.18427e-03 2.16645e-03 2.15262e-03 2.14185e-03 2.13365e-03 2.12839e-03 2.12612e-03 2.12122e-03 2.09787e-03 2.04218e-03 1.96272e-03 1.88543e-03 1.82840e-03 1.79296e-03 1.77273e-03 1.76006e-03 1.74703e-03 1.72809e-03 1.70212e-03 1.67111e-03 1.63799e-03 1.60526e-03 1.57442e-03 1.54590e-03 1.51939e-03 1.49418e-03 1.46964e-03 1.44541e-03 1.42149e-03 1.39808e-03 1.37550e-03 1.35402e-03 1.33378e-03 1.31468e-03 1.29646e-03 1.27879e-03 1.26139e-03 1.24402e-03 1.22656e-03 1.20907e-03 1.19183e-03 1.17513e-03 1.15887e-03 1.14267e-03 1.12637e-03 1.11042e-03 1.09549e-03 1.08191e-03 1.06949e-03 1.05784e-03 1.04658e-03 1.03544e-03 1.02425e-03 1.01298e-03 1.00183e-03 9.91075e-04 9.80826e-04 9.70758e-04 9.60114e-04 9.48032e-04 9.33952e-04 9.17762e-04 8.99639e-04 8.79784e-04 8.58286e-04 8.35172e-04 8.10509e-04 7.84430e-04 7.57044e-04 7.28389e-04 6.98634e-04 6.68349e-04 6.38362e-04 6.09419e-04 5.82262e-04 5.57898e-04 5.37119e-04 5.19696e-04 5.04605e-04 4.91123e-04 4.79282e-04 4.69306e-04 4.61011e-04 4.53824e-04 4.47193e-04 4.40834e-04 4.34612e-04 4.28331e-04 4.21693e-04 4.14387e-04 4.06209e-04 3.97108e-04 3.87179e-04 3.76618e-04 3.65680e-04 3.54638e-04 3.43745e-04 3.33180e-04 3.23020e-04 3.13226e-04 3.03665e-04 2.94160e-04 2.84541e-04 2.74710e-04 2.64724e-04 2.54898e-04 2.45819e-04 2.38168e-04 2.32362e-04 2.28260e-04 2.25192e-04 2.22334e-04 2.19198e-04 2.15889e-04 2.12933e-04 2.10799e-04 2.09520e-04 2.08688e-04 2.07740e-04 2.06327e-04 2.04513e-04 2.02675e-04 2.01192e-04 2.00137e-04 1.99175e-04 1.97704e-04 1.95072e-04 1.90761e-04 1.84448e-04 1.76011e-04 1.65520e-04 1.53255e-04 1.39728e-04 1.25707e-04 1.12130e-04 9.98665e-05 8.94685e-05 8.10896e-05 7.45805e-05 6.96468e-05 6.59741e-05 6.32994e-05 6.14605e-05 6.04197e-05 6.02078e-05 6.07786e-05 6.18629e-05 6.29180e-05 6.32049e-05 6.20031e-05 5.88970e-05 5.39202e-05 4.74095e-05 3.97750e-05 3.14940e-05 2.32212e-05 1.57073e-05 9.55469e-06 5.06155e-06 2.21608e-06 7.39639e-07 1.67178e-07 2.19595e-08 1.47973e-09 2.77127e-11
6.303097 1.52581e-02 2.41106e-02 1.98834e-02 1.72838e-02 1.59725e-02 1.54439e-02 1.53116e-02 1.52152e-02 1.48806e-02 1.42592e-02 1.34797e-02 1.26830e-02 1.19667e-02 1.13983e-02 1.09897e-02 1.06830e-02 1.03956e-02 1.00801e-02 9.74665e-03 9.43715e-03 9.19005e-03 9.02065e-03 8.90635e-03 8.78516e-03 8.60347e-03 8.37478e-03 8.15465e-03 7.96972e-03 7.81107e-03 7.66773e-03 7.53514e-03 7.41024e-03 7.29004e-03 7.17061e-03 7.04705e-03 6.91570e-03 6.77616e-03 6.63178e-03 6.48888e-03 6.35496e-03 6.23669e-03 6.13813e-03 6.05972e-03 5.99880e-03 5.95174e-03 5.91630e-03 5.89126e-03 5.87293e-03 5.85247e-03 5.81898e-03 5.76648e-03 5.69809e-03 5.62331e-03 5.55125e-03 5.48558e-03 5.42371e-03 5.35855e-03 5.28363e-03 5.20004e-03 5.11545e-03 5.03738e-03 4.97421e-03 4.93645e-03 4.92903e-03 4.94374e-03 4.95812e-03 4.94246e-03 4.87419e-03 4.75175e-03 4.59785e-03 4.44785e-03 4.33014e-03 4.25308e-03 4.20733e-03 4.17798e-03 4.15469e-03 4.13386e-03 4.11556e-03 4.10028e-03 4.08777e-03 4.07751e-03 4.06930e-03 4.06341e-03 4.06019e-03 4.05995e-03 4.06318e-03 4.07109e-03 4.08574e-03 4.10835e-03 4.13487e-03 4.15232e-03 4.14487e-03 4.10838e-03 4.05527e-03 4.00254e-03 3.95864e-03 3.92221e-03 3.88799e-03 3.85156e-03 3.81078e-03 3.76554e-03 3.71727e-03 3.66847e-03 3.62193e-03 3.57963e-03 3.54213e-03 3.50850e-03 3.47686e-03 3.44541e-03 3.41315e-03 3.38003e-03 3.34641e-03 3.31256e-03 3.27874e-03 3.24531e-03 3.21285e-03 3.18213e-03 3.15397e-03 3.12897e-03 3.10738e-03 3.08904e-03 3.07351e-03 3.06015e-03 3.04825e-03 3.03704e-03 3.02581e-03 3.01392e-03 3.00076e-03 2.98583e-03 2.96874e-03 2.94926e-03 2.92742e-03 2.90343e-03 2.87760e-03 2.85017e-03 2.82134e-03 2.79131e-03 2.76039e-03 2.72893e-03 2.69712e-03 2.66489e-03 2.63205e-03 2.59849e-03 2.56388e-03 2.52748e-03 2.48868e-03 2.44794e-03 2.40691e-03 2.36743e-03 2.33073e-03 2.29687e-03 2.26485e-03 2.23360e-03 2.20383e-03 2.17876e-03 2.16099e-03 2.14869e-03 2.13771e-03 2.12606e-03 2.11466e-03 2.10570e-03 2.10198e-03 2.10706e-03 2.12119e-03 2.12807e-03 2.09486e-03 2.01040e-03 1.90923e-03 1.83435e-03 1.79747e-03 1.78357e-03 1.77335e-03 1.75565e-03 1.72820e-03 1.69372e-03 1.65614e-03 1.61872e-03 1.58347e-03 1.55122e-03 1.52183e-03 1.49458e-03 1.46850e-03 1.44284e-03 1.41733e-03 1.39221e-03 1.36790e-03 1.34473e-03 1.32275e-03 1.30184e-03 1.28180e-03 1.26244e-03 1.24365e-03 1.22534e-03 1.20743e-03 1.18989e-03 1.17274e-03 1.15610e-03 1.14019e-03 1.12507e-03 1.11038e-03 1.09558e-03 1.08048e-03 1.06553e-03 1.05133e-03 1.03805e-03 1.02529e-03 1.01251e-03 9.99378e-04 9.85851e-04 9.72119e-04 9.58472e-04 9.45202e-04 9.32524e-04 9.20508e-04 9.09062e-04 8.97932e-04 8.86715e-04 8.74877e-04 8.61825e-04 8.47042e-04 8.30203e-04 8.11192e-04 7.90088e-04 7.67179e-04 7.42975e-04 7.18166e-04 6.93447e-04 6.69202e-04 6.45222e-04 6.20807e-04 5.95388e-04 5.69118e-04 5.42917e-04 5.18144e-04 4.96207e-04 4.77963e-04 4.63336e-04 4.51705e-04 4.42444e-04 4.34938e-04 4.28579e-04 4.22918e-04 4.17593e-04 4.12127e-04 4.05979e-04 3.98742e-04 3.90261e-04 3.80630e-04 3.70108e-04 3.59034e-04 3.47744e-04 3.36526e-04 3.25577e-04 3.14977e-04 3.04683e-04 2.94560e-04 2.84452e-04 2.74290e-04 2.64173e-04 2.54388e-04 2.45281e-04 2.37061e-04 2.29647e-04 2.22752e-04 2.16159e-04 2.10001e-04 2.04755e-04 2.00920e-04 1.98642e-04 1.97545e-04 1.96883e-04 1.95899e-04 1.94206e-04 1.91969e-04 1.89733e-04 1.88002e-04 1.86860e-04 1.85892e-04 1.84440e-04 1.81974e-04 1.78319e-04 1.73627e-04 1.68182e-04 1.62213e-04 1.55795e-04 1.48835e-04 1.41111e-04 1.32370e-04 1.22505e-04 1.11715e-04 1.00516e-04 8.96229e-05 7.97680e-05 7.14858e-05 6.49703e-05 6.00878e-05 5.65266e-05 5.39767e-05 5.22540e-05 5.13181e-05 5.11831e-05 5.17636e-05 5.27439e-05 5.35456e-05 5.34551e-05 5.18924e-05 4.86502e-05 4.38790e-05 3.78643e-05 3.09173e-05 2.34917e-05 1.62679e-05 1.00051e-05 5.27455e-06 2.26271e-06 7.30751e-07 1.58343e-07 1.97452e-08 1.25487e-09 2.31029e-11
6.403146 1.57040e-02 2.40808e-02 1.94951e-02 1.70039e-02 1.58519e-02 1.53405e-02 1.51024e-02 1.48576e-02 1.43780e-02 1.36242e-02 1.27438e-02 1.19255e-02 1.12977e-02 1.08947e-02 1.06519e-02 1.04572e-02 1.02344e-02 9.97551e-03 9.71276e-03 9.48389e-03 9.30999e-03 9.17504e-03 9.02810e-03 8.82885e-03 8.59018e-03 8.35638e-03 8.15364e-03 7.98220e-03 7.83565e-03 7.70873e-03 7.59565e-03 7.48930e-03 7.38213e-03 7.26785e-03 7.14307e-03 7.00831e-03 6.86826e-03 6.73112e-03 6.60669e-03 6.50338e-03 6.42566e-03 6.37304e-03 6.34157e-03 6.32659e-03 6.32324e-03 6.32289e-03 6.31055e-03 6.27107e-03 6.20012e-03 6.10684e-03 6.00502e-03 5.90331e-03 5.80262e-03 5.70112e-03 5.60070e-03 5.50652e-03 5.42070e-03 5.33964e-03 5.25954e-03 5.17967e-03 5.10047e-03 5.02777e-03 4.97835e-03 4.97332e-03 5.01794e-03 5.08163e-03 5.10165e-03 5.02301e-03 4.84700e-03 4.63322e-03 4.44917e-03 4.32519e-03 4.25279e-03 4.20946e-03 4.17874e-03 4.15428e-03 4.13475e-03 4.11915e-03 4.10578e-03 4.09327e-03 4.08124e-03 4.07004e-03 4.06001e-03 4.05118e-03 4.04362e-03 4.03812e-03 4.03672e-03 4.04253e-03 4.05827e-03 4.08258e-03 4.10585e-03 4.11216e-03 4.09095e-03 4.04729e-03 3.99660e-03 3.95068e-03 3.91154e-03 3.87527e-03 3.83758e-03 3.79619e-03 3.75100e-03 3.70360e-03 3.65666e-03 3.61307e-03 3.57501e-03 3.54311e-03 3.51626e-03 3.49202e-03 3.46765e-03 3.44119e-03 3.41188e-03 3.37994e-03 3.34611e-03 3.31152e-03 3.27752e-03 3.24555e-03 3.21674e-03 3.19163e-03 3.17000e-03 3.15107e-03 3.13387e-03 3.11746e-03 3.10116e-03 3.08467e-03 3.06799e-03 3.05120e-03 3.03430e-03 3.01711e-03 2.99935e-03 2.98071e-03 2.96104e-03 2.94036e-03 2.91886e-03 2.89670e-03 2.87377e-03 2.84961e-03 2.82346e-03 2.79458e-03 2.76258e-03 2.72754e-03 2.68985e-03 2.65008e-03 2.60875e-03 2.56616e-03 2.52217e-03 2.47624e-03 2.42815e-03 2.37886e-03 2.33025e-03 2.28374e-03 2.23965e-03 2.19804e-03 2.15981e-03 2.12647e-03 2.09856e-03 2.07488e-03 2.05435e-03 2.03876e-03 2.03143e-03 2.03140e-03 2.03282e-03 2.03072e-03 2.02492e-03 2.02032e-03 2.02624e-03 2.04849e-03 2.06832e-03 2.04260e-03 1.95794e-03 1.85937e-03 1.79451e-03 1.76686e-03 1.75456e-03 1.74022e-03 1.71789e-03 1.68837e-03 1.65453e-03 1.61911e-03 1.58414e-03 1.55095e-03 1.52011e-03 1.49155e-03 1.46478e-03 1.43915e-03 1.41408e-03 1.38919e-03 1.36435e-03 1.33964e-03 1.31525e-03 1.29139e-03 1.26825e-03 1.24604e-03 1.22492e-03 1.20504e-03 1.18638e-03 1.16881e-03 1.15209e-03 1.13606e-03 1.12071e-03 1.10610e-03 1.09212e-03 1.07837e-03 1.06436e-03 1.04991e-03 1.03519e-03 1.02044e-03 1.00569e-03 9.90745e-04 9.75369e-04 9.59460e-04 9.43073e-04 9.26380e-04 9.09627e-04 8.93095e-04 8.77054e-04 8.61706e-04 8.47142e-04 8.33317e-04 8.20039e-04 8.06983e-04 7.93714e-04 7.79759e-04 7.64714e-04 7.48382e-04 7.30860e-04 7.12490e-04 6.93655e-04 6.74537e-04 6.55003e-04 6.34743e-04 6.13527e-04 5.91301e-04 5.68092e-04 5.44119e-04 5.20165e-04 4.97626e-04 4.77840e-04 4.61323e-04 4.47612e-04 4.35836e-04 4.25434e-04 4.16322e-04 4.08508e-04 4.01661e-04 3.95150e-04 3.88409e-04 3.81103e-04 3.73073e-04 3.64285e-04 3.54831e-04 3.44898e-04 3.34704e-04 3.24420e-04 3.14133e-04 3.03843e-04 2.93498e-04 2.83054e-04 2.72533e-04 2.62047e-04 2.51778e-04 2.41915e-04 2.32624e-04 2.24067e-04 2.16461e-04 2.10061e-04 2.05001e-04 2.01106e-04 1.97851e-04 1.94548e-04 1.90677e-04 1.86193e-04 1.81612e-04 1.77768e-04 1.75319e-04 1.74295e-04 1.74004e-04 1.73370e-04 1.71450e-04 1.67783e-04 1.62423e-04 1.55750e-04 1.48229e-04 1.40274e-04 1.32214e-04 1.24325e-04 1.16842e-04 1.09929e-04 1.03634e-04 9.78836e-05 9.24867e-05 8.71415e-05 8.15129e-05 7.54166e-05 6.89885e-05 6.26735e-05 5.70031e-05 5.23279e-05 4.87131e-05 4.60471e-05 4.42184e-05 4.31919e-05 4.29394e-05 4.33001e-05 4.38855e-05 4.41162e-05 4.34141e-05 4.14364e-05 3.81498e-05 3.36926e-05 2.82414e-05 2.20704e-05 1.56948e-05 9.85116e-06 5.24798e-06 2.24910e-06 7.17634e-07 1.51898e-07 1.81555e-08 1.06773e-09 1.84666e-11
6.503195 1.53425e-02 2.41345e-02 1.97181e-02 1.70180e-02 1.57128e-02 1.50834e-02 1.46960e-02 1.43048e-02 1.37340e-02 1.29558e-02 1.21064e-02 1.13639e-02 1.08331e-02 1.05025e-02 1.02771e-02 1.00647e-02 9.83755e-03 9.61909e-03 9.43989e-03 9.30915e-03 9.20632e-03 9.09299e-03 8.94264e-03 8.75999e-03 8.56587e-03 8.37322e-03 8.18733e-03 8.01674e-03 7.87096e-03 7.75130e-03 7.64894e-03 7.55094e-03 7.44699e-03 7.33233e-03 7.20746e-03 7.07716e-03 6.94954e-03 6.83479e-03 6.74317e-03 6.68251e-03 6.65660e-03 6.66426e-03 6.69711e-03 6.73545e-03 6.75001e-03 6.71664e-03 6.63244e-03 6.51410e-03 6.38132e-03 6.24609e-03 6.11508e-03 5.99431e-03 5.88763e-03 5.79361e-03 5.70687e-03 5.62408e-03 5.54531e-03 5.46899e-03 5.39196e-03 5.31187e-03 5.22824e-03 5.14626e-03 5.08399e-03 5.07215e-03 5.13023e-03 5.22398e-03 5.25561e-03 5.13914e-03 4.89502e-03 4.62811e-03 4.42067e-03 4.28675e-03 4.20489e-03 4.15405e-03 4.12214e-03 4.10191e-03 4.08797e-03 4.07692e-03 4.06735e-03 4.05899e-03 4.05159e-03 4.04445e-03 4.03655e-03 4.02704e-03 4.01586e-03 4.00416e-03 3.99444e-03 3.99020e-03 3.99489e-03 4.00985e-03 4.03119e-03 4.04803e-03 4.04699e-03 4.02236e-03 3.98086e-03 3.93455e-03 3.89082e-03 3.85034e-03 3.81103e-03 3.77162e-03 3.73222e-03 3.69375e-03 3.65732e-03 3.62401e-03 3.59448e-03 3.56850e-03 3.54476e-03 3.52133e-03 3.49646e-03 3.46936e-03 3.44036e-03 3.41043e-03 3.38058e-03 3.35154e-03 3.32371e-03 3.29725e-03 3.27206e-03 3.24789e-03 3.22465e-03 3.20249e-03 3.18179e-03 3.16293e-03 3.14610e-03 3.13116e-03 3.11766e-03 3.10488e-03 3.09200e-03 3.07822e-03 3.06291e-03 3.04564e-03 3.02620e-03 3.00452e-03 2.98063e-03 2.95461e-03 2.92660e-03 2.89678e-03 2.86531e-03 2.83237e-03 2.79824e-03 2.76330e-03 2.72792e-03 2.69212e-03 2.65537e-03 2.61680e-03 2.57578e-03 2.53233e-03 2.48703e-03 2.44030e-03 2.39207e-03 2.34196e-03 2.28984e-03 2.23617e-03 2.18223e-03 2.13003e-03 2.08147e-03 2.03758e-03 1.99881e-03 1.96571e-03 1.93872e-03 1.91771e-03 1.90297e-03 1.89631e-03 1.89846e-03 1.90465e-03 1.90634e-03 1.89882e-03 1.88770e-03 1.88965e-03 1.91568e-03 1.94153e-03 1.92058e-03 1.84720e-03 1.76739e-03 1.71857e-03 1.69998e-03 1.69389e-03 1.68670e-03 1.67278e-03 1.65137e-03 1.62390e-03 1.59282e-03 1.56073e-03 1.52961e-03 1.50037e-03 1.47299e-03 1.44688e-03 1.42128e-03 1.39568e-03 1.36999e-03 1.34448e-03 1.31951e-03 1.29533e-03 1.27203e-03 1.24963e-03 1.22813e-03 1.20753e-03 1.18780e-03 1.16888e-03 1.15071e-03 1.13331e-03 1.11672e-03 1.10093e-03 1.08573e-03 1.07069e-03 1.05538e-03 1.03961e-03 1.02341e-03 1.00694e-03 9.90255e-04 9.73310e-04 9.56023e-04 9.38350e-04 9.20312e-04 9.01986e-04 8.83505e-04 8.65028e-04 8.46710e-04 8.28675e-04 8.11012e-04 7.93822e-04 7.77253e-04 7.61488e-04 7.46649e-04 7.32654e-04 7.19128e-04 7.05445e-04 6.90936e-04 6.75159e-04 6.58032e-04 6.39767e-04 6.20703e-04 6.01186e-04 5.81546e-04 5.62109e-04 5.43069e-04 5.24276e-04 5.05437e-04 4.86774e-04 4.69129e-04 4.53135e-04 4.38650e-04 4.25308e-04 4.13272e-04 4.02987e-04 3.94392e-04 3.86812e-04 3.79515e-04 3.72094e-04 3.64392e-04 3.56311e-04 3.47709e-04 3.38442e-04 3.28435e-04 3.17714e-04 3.06406e-04 2.94730e-04 2.82994e-04 2.71576e-04 2.60863e-04 2.51150e-04 2.42570e-04 2.35078e-04 2.28493e-04 2.22533e-04 2.16824e-04 2.10946e-04 2.04617e-04 1.97931e-04 1.91453e-04 1.85985e-04 1.82100e-04 1.79796e-04 1.78489e-04 1.77282e-04 1.75265e-04 1.71744e-04 1.66365e-04 1.59179e-04 1.50582e-04 1.41169e-04 1.31525e-04 1.22078e-04 1.13061e-04 1.04562e-04 9.66057e-05 8.92221e-05 8.24932e-05 7.65809e-05 7.16649e-05 6.78036e-05 6.48431e-05 6.24613e-05 6.02824e-05 5.79688e-05 5.52922e-05 5.22051e-05 4.88629e-05 4.55458e-05 4.25317e-05 4.00225e-05 3.81487e-05 3.69802e-05 3.64832e-05 3.64437e-05 3.64503e-05 3.60063e-05 3.47238e-05 3.24386e-05 2.91532e-05 2.49302e-05 1.99171e-05 1.44856e-05 9.27880e-06 5.02073e-06 2.17139e-06 6.94001e-07 1.45766e-07 1.69528e-08 9.25006e-10 1.49768e-11
6.603244 1.38827e-02 2.23913e-02 1.88806e-02 1.67038e-02 1.55214e-02 1.48005e-02 1.42719e-02 1.37778e-02 1.31826e-02 1.24544e-02 1.16945e-02 1.10408e-02 1.05529e-02 1.01891e-02 9.88092e-03 9.60580e-03 9.38036e-03 9.21780e-03 9.10849e-03 9.02403e-03 8.93186e-03 8.81626e-03 8.68911e-03 8.57449e-03 8.48151e-03 8.39511e-03 8.29196e-03 8.16288e-03 8.01970e-03 7.88167e-03 7.75807e-03 7.64452e-03 7.53130e-03 7.41233e-03 7.28851e-03 7.16708e-03 7.05960e-03 6.98023e-03 6.94311e-03 6.95701e-03 7.01474e-03 7.08391e-03 7.11631e-03 7.07927e-03 6.97814e-03 6.84511e-03 6.71166e-03 6.59256e-03 6.48694e-03 6.38711e-03 6.28496e-03 6.17618e-03 6.06496e-03 5.96073e-03 5.86934e-03 5.79152e-03 5.72449e-03 5.66288e-03 5.60020e-03 5.53052e-03 5.45088e-03 5.36661e-03 5.29927e-03 5.28507e-03 5.34310e-03 5.42142e-03 5.39870e-03 5.20138e-03 4.90073e-03 4.62650e-03 4.43404e-03 4.30555e-03 4.21447e-03 4.14944e-03 4.10605e-03 4.07953e-03 4.06452e-03 4.05648e-03 4.05211e-03 4.04886e-03 4.04457e-03 4.03770e-03 4.02763e-03 4.01507e-03 4.00200e-03 3.99115e-03 3.98517e-03 3.98592e-03 3.99422e-03 4.00966e-03 4.02942e-03 4.04652e-03 4.05056e-03 4.03352e-03 3.99641e-03 3.94880e-03 3.90121e-03 3.85892e-03 3.82203e-03 3.78858e-03 3.75676e-03 3.72586e-03 3.69630e-03 3.66911e-03 3.64488e-03 3.62300e-03 3.60185e-03 3.57947e-03 3.55438e-03 3.52612e-03 3.49520e-03 3.46273e-03 3.43001e-03 3.39831e-03 3.36861e-03 3.34135e-03 3.31662e-03 3.29432e-03 3.27435e-03 3.25654e-03 3.24066e-03 3.22646e-03 3.21360e-03 3.20167e-03 3.19016e-03 3.17852e-03 3.16626e-03 3.15301e-03 3.13855e-03 3.12270e-03 3.10523e-03 3.08572e-03 3.06356e-03 3.03804e-03 3.00866e-03 2.97537e-03 2.93866e-03 2.89942e-03 2.85873e-03 2.81755e-03 2.77648e-03 2.73572e-03 2.69514e-03 2.65465e-03 2.61440e-03 2.57473e-03 2.53576e-03 2.49707e-03 2.45757e-03 2.41562e-03 2.36952e-03 2.31838e-03 2.26295e-03 2.20566e-03 2.14964e-03 2.09709e-03 2.04860e-03 2.00378e-03 1.96223e-03 1.92382e-03 1.88869e-03 1.85710e-03 1.82930e-03 1.80561e-03 1.78706e-03 1.77508e-03 1.76866e-03 1.76293e-03 1.75397e-03 1.74663e-03 1.75548e-03 1.78646e-03 1.81312e-03 1.79680e-03 1.73873e-03 1.67890e-03 1.64631e-03 1.63956e-03 1.64399e-03 1.64734e-03 1.64346e-03 1.63067e-03 1.60998e-03 1.58402e-03 1.55571e-03 1.52702e-03 1.49879e-03 1.47107e-03 1.44363e-03 1.41632e-03 1.38924e-03 1.36273e-03 1.33709e-03 1.31244e-03 1.28870e-03 1.26576e-03 1.24362e-03 1.22233e-03 1.20189e-03 1.18218e-03 1.16303e-03 1.14430e-03 1.12590e-03 1.10778e-03 1.08979e-03 1.07176e-03 1.05357e-03 1.03526e-03 1.01699e-03 9.98877e-04 9.80945e-04 9.63120e-04 9.45282e-04 9.27295e-04 9.09045e-04 8.90453e-04 8.71513e-04 8.52318e-04 8.33060e-04 8.14006e-04 7.95437e-04 7.77573e-04 7.60502e-04 7.44166e-04 7.28392e-04 7.12922e-04 6.97383e-04 6.81270e-04 6.64102e-04 6.45719e-04 6.26435e-04 6.06876e-04 5.87671e-04 5.69255e-04 5.51805e-04 5.35324e-04 5.19743e-04 5.04822e-04 4.90125e-04 4.75459e-04 4.61094e-04 4.47213e-04 4.33650e-04 4.20431e-04 4.08077e-04 3.97024e-04 3.87134e-04 3.77874e-04 3.68616e-04 3.58915e-04 3.48662e-04 3.37927e-04 3.26728e-04 3.15058e-04 3.03086e-04 2.91230e-04 2.80059e-04 2.70062e-04 2.61425e-04 2.53961e-04 2.47197e-04 2.40568e-04 2.33633e-04 2.26259e-04 2.18738e-04 2.11710e-04 2.05851e-04 2.01485e-04 1.98410e-04 1.96000e-04 1.93463e-04 1.90095e-04 1.85452e-04 1.79414e-04 1.72131e-04 1.63873e-04 1.54878e-04 1.45260e-04 1.35074e-04 1.24450e-04 1.13692e-04 1.03221e-04 9.34283e-05 8.45689e-05 7.67434e-05 6.99256e-05 6.39920e-05 5.87978e-05 5.43128e-05 5.06495e-05 4.79044e-05 4.59951e-05 4.46502e-05 4.35439e-05 4.24612e-05 4.13423e-05 4.01852e-05 3.89483e-05 3.75695e-05 3.60565e-05 3.45323e-05 3.31904e-05 3.21894e-05 3.15430e-05 3.10675e-05 3.04344e-05 2.93148e-05 2.75022e-05 2.49129e-05 2.15228e-05 1.73929e-05 1.27970e-05 8.28425e-06 4.52137e-06 1.96721e-06 6.30554e-07 1.32224e-07 1.51749e-08 7.86586e-10 1.18815e-11
6.703293 1.59826e-02 2.40472e-02 1.89969e-02 1.62989e-02 1.50376e-02 1.42817e-02 1.36845e-02 1.31291e-02 1.25395e-02 1.18975e-02 1.12445e-02 1.06393e-02 1.01189e-02 9.68510e-03 9.33103e-03 9.06023e-03 8.87217e-03 8.74874e-03 8.65947e-03 8.57380e-03 8.47485e-03 8.36863e-03 8.27830e-03 8.22586e-03 8.21634e-03 8.23309e-03 8.24255e-03 8.20924e-03 8.11770e-03 7.98177e-03 7.82914e-03 7.67937e-03 7.53718e-03 7.40080e-03 7.27319e-03 7.16906e-03 7.11351e-03 7.12753e-03 7.20241e-03 7.28720e-03 7.31505e-03 7.25193e-03 7.11906e-03 6.96916e-03 6.84374e-03 6.75289e-03 6.68690e-03 6.63209e-03 6.57521e-03 6.50771e-03 6.42684e-03 6.33236e-03 6.22755e-03 6.12034e-03 6.02132e-03 5.94017e-03 5.88050e-03 5.83624e-03 5.79398e-03 5.74073e-03 5.67203e-03 5.59576e-03 5.53174e-03 5.50538e-03 5.52291e-03 5.53044e-03 5.42655e-03 5.17630e-03 4.87305e-03 4.62498e-03 4.45267e-03 4.32759e-03 4.23153e-03 4.16136e-03 4.11479e-03 4.08589e-03 4.06768e-03 4.05477e-03 4.04391e-03 4.03327e-03 4.02176e-03 4.00899e-03 3.99560e-03 3.98333e-03 3.97437e-03 3.97034e-03 3.97170e-03 3.97796e-03 3.98839e-03 4.00226e-03 4.01815e-03 4.03270e-03 4.03980e-03 4.03249e-03 4.00750e-03 3.96866e-03 3.92463e-03 3.88314e-03 3.84750e-03 3.81707e-03 3.78967e-03 3.76362e-03 3.73842e-03 3.71431e-03 3.69144e-03 3.66929e-03 3.64667e-03 3.62195e-03 3.59367e-03 3.56116e-03 3.52500e-03 3.48696e-03 3.44941e-03 3.41447e-03 3.38329e-03 3.35620e-03 3.33309e-03 3.31366e-03 3.29750e-03 3.28411e-03 3.27285e-03 3.26298e-03 3.25370e-03 3.24419e-03 3.23375e-03 3.22190e-03 3.20842e-03 3.19333e-03 3.17676e-03 3.15882e-03 3.13936e-03 3.11785e-03 3.09342e-03 3.06528e-03 3.03311e-03 2.99737e-03 2.95918e-03 2.91991e-03 2.88072e-03 2.84216e-03 2.80412e-03 2.76618e-03 2.72789e-03 2.68901e-03 2.64945e-03 2.60918e-03 2.56800e-03 2.52557e-03 2.48149e-03 2.43558e-03 2.38796e-03 2.33895e-03 2.28903e-03 2.23912e-03 2.19061e-03 2.14479e-03 2.10213e-03 2.06201e-03 2.02333e-03 1.98508e-03 1.94655e-03 1.90738e-03 1.86752e-03 1.82733e-03 1.78749e-03 1.74906e-03 1.71365e-03 1.68406e-03 1.66389e-03 1.65462e-03 1.65213e-03 1.64881e-03 1.64289e-03 1.64444e-03 1.66239e-03 1.68287e-03 1.67790e-03 1.64231e-03 1.60069e-03 1.57635e-03 1.57272e-03 1.58087e-03 1.59062e-03 1.59510e-03 1.59105e-03 1.57821e-03 1.55854e-03 1.53483e-03 1.50925e-03 1.48281e-03 1.45572e-03 1.42806e-03 1.40006e-03 1.37216e-03 1.34486e-03 1.31846e-03 1.29305e-03 1.26854e-03 1.24480e-03 1.22179e-03 1.19954e-03 1.17809e-03 1.15746e-03 1.13761e-03 1.11844e-03 1.09982e-03 1.08154e-03 1.06343e-03 1.04538e-03 1.02738e-03 1.00945e-03 9.91548e-04 9.73594e-04 9.55479e-04 9.37124e-04 9.18499e-04 8.99636e-04 8.80615e-04 8.61556e-04 8.42600e-04 8.23863e-04 8.05388e-04 7.87127e-04 7.68954e-04 7.50726e-04 7.32322e-04 7.13647e-04 6.94628e-04 6.75214e-04 6.55418e-04 6.35376e-04 6.15356e-04 5.95696e-04 5.76762e-04 5.58919e-04 5.42449e-04 5.27448e-04 5.13860e-04 5.01562e-04 4.90247e-04 4.79403e-04 4.68609e-04 4.57486e-04 4.45485e-04 4.32204e-04 4.17865e-04 4.03214e-04 3.88880e-04 3.75122e-04 3.61977e-04 3.49252e-04 3.36543e-04 3.23714e-04 3.11210e-04 2.99611e-04 2.89156e-04 2.79747e-04 2.71114e-04 2.62943e-04 2.55003e-04 2.47280e-04 2.40009e-04 2.33535e-04 2.28090e-04 2.23610e-04 2.19724e-04 2.15896e-04 2.11613e-04 2.06529e-04 2.00504e-04 1.93590e-04 1.85958e-04 1.77806e-04 1.69280e-04 1.60452e-04 1.51371e-04 1.42117e-04 1.32792e-04 1.23433e-04 1.13970e-04 1.04316e-04 9.45214e-05 8.48387e-05 7.56347e-05 6.72450e-05 5.98790e-05 5.36066e-05 4.83832e-05 4.41035e-05 4.06744e-05 3.80187e-05 3.60201e-05 3.45266e-05 3.33913e-05 3.24833e-05 3.17006e-05 3.10117e-05 3.04580e-05 3.00699e-05 2.97843e-05 2.94742e-05 2.90556e-05 2.85408e-05 2.79810e-05 2.73634e-05 2.65663e-05 2.54124e-05 2.37569e-05 2.15118e-05 1.86189e-05 1.50880e-05 1.11267e-05 7.20920e-06 3.93175e-06 1.70751e-06 5.46038e-07 1.14185e-07 1.30140e-08 6.54189e-10 9.38722e-12
6.803343 1.40345e-02 2.23964e-02 1.85852e-02 1.61282e-02 1.47393e-02 1.38592e-02 1.31756e-02 1.25776e-02 1.20010e-02 1.13997e-02 1.07818e-02 1.01930e-02 9.67062e-03 9.23267e-03 8.89149e-03 8.64939e-03 8.48849e-03 8.37782e-03 8.28770e-03 8.19993e-03 8.11305e-03 8.03984e-03 7.99634e-03 7.99089e-03 8.02067e-03 8.07360e-03 8.12913e-03 8.15956e-03 8.13859e-03 8.05493e-03 7.91825e-03 7.75154e-03 7.58058e-03 7.43323e-03 7.34326e-03 7.33569e-03 7.39318e-03 7.45184e-03 7.44967e-03 7.37215e-03 7.24893e-03 7.12150e-03 7.01389e-03 6.92450e-03 6.84272e-03 6.76461e-03 6.69391e-03 6.63907e-03 6.60473e-03 6.58556e-03 6.56850e-03 6.53867e-03 6.48530e-03 6.40588e-03 6.30837e-03 6.21014e-03 6.13079e-03 6.07985e-03 6.04748e-03 6.00832e-03 5.93928e-03 5.83847e-03 5.73188e-03 5.66091e-03 5.64520e-03 5.63466e-03 5.52485e-03 5.27489e-03 4.97043e-03 4.71589e-03 4.53611e-03 4.40706e-03 4.30909e-03 4.23602e-03 4.18532e-03 4.15225e-03 4.13022e-03 4.11327e-03 4.09773e-03 4.08215e-03 4.06655e-03 4.05170e-03 4.03881e-03 4.02910e-03 4.02339e-03 4.02186e-03 4.02393e-03 4.02840e-03 4.03397e-03 4.03992e-03 4.04640e-03 4.05372e-03 4.06049e-03 4.06264e-03 4.05525e-03 4.03630e-03 4.00838e-03 3.97666e-03 3.94539e-03 3.91627e-03 3.88901e-03 3.86274e-03 3.83697e-03 3.81159e-03 3.78623e-03 3.76005e-03 3.73198e-03 3.70097e-03 3.66644e-03 3.62870e-03 3.58926e-03 3.55024e-03 3.51344e-03 3.47969e-03 3.44917e-03 3.42178e-03 3.39740e-03 3.37593e-03 3.35724e-03 3.34111e-03 3.32718e-03 3.31486e-03 3.30339e-03 3.29194e-03 3.27978e-03 3.26635e-03 3.25135e-03 3.23479e-03 3.21685e-03 3.19764e-03 3.17684e-03 3.15352e-03 3.12658e-03 3.09546e-03 3.06062e-03 3.02336e-03 2.98524e-03 2.94743e-03 2.91037e-03 2.87374e-03 2.83682e-03 2.79897e-03 2.75996e-03 2.71997e-03 2.67933e-03 2.63813e-03 2.59632e-03 2.55408e-03 2.51187e-03 2.47021e-03 2.42925e-03 2.38859e-03 2.34753e-03 2.30546e-03 2.26237e-03 2.21888e-03 2.17593e-03 2.13439e-03 2.09473e-03 2.05702e-03 2.02101e-03 1.98615e-03 1.95171e-03 1.91682e-03 1.88071e-03 1.84286e-03 1.80342e-03 1.76355e-03 1.72526e-03 1.69049e-03 1.66036e-03 1.63560e-03 1.61708e-03 1.60483e-03 1.59654e-03 1.58982e-03 1.58707e-03 1.59339e-03 1.60480e-03 1.60533e-03 1.58519e-03 1.55469e-03 1.53215e-03 1.52626e-03 1.53395e-03 1.54731e-03 1.55866e-03 1.56274e-03 1.55728e-03 1.54297e-03 1.52247e-03 1.49860e-03 1.47316e-03 1.44677e-03 1.41951e-03 1.39154e-03 1.36315e-03 1.33472e-03 1.30663e-03 1.27926e-03 1.25299e-03 1.22804e-03 1.20442e-03 1.18201e-03 1.16068e-03 1.14034e-03 1.12098e-03 1.10250e-03 1.08470e-03 1.06735e-03 1.05025e-03 1.03323e-03 1.01615e-03 9.98866e-04 9.81265e-04 9.63290e-04 9.44950e-04 9.26304e-04 9.07418e-04 8.88313e-04 8.68936e-04 8.49181e-04 8.28954e-04 8.08247e-04 7.87165e-04 7.65869e-04 7.44514e-04 7.23197e-04 7.01956e-04 6.80812e-04 6.59866e-04 6.39355e-04 6.19559e-04 6.00678e-04 5.82821e-04 5.66061e-04 5.50458e-04 5.36022e-04 5.22711e-04 5.10505e-04 4.99355e-04 4.89027e-04 4.79195e-04 4.69414e-04 4.58927e-04 4.46914e-04 4.32929e-04 4.17260e-04 4.00751e-04 3.84225e-04 3.68162e-04 3.52783e-04 3.38345e-04 3.24934e-04 3.12182e-04 2.99885e-04 2.88368e-04 2.77877e-04 2.68364e-04 2.59842e-04 2.52475e-04 2.46320e-04 2.41115e-04 2.36328e-04 2.31365e-04 2.25761e-04 2.19287e-04 2.11939e-04 2.03884e-04 1.95358e-04 1.86578e-04 1.77691e-04 1.68757e-04 1.59771e-04 1.50701e-04 1.41557e-04 1.32448e-04 1.23572e-04 1.15099e-04 1.07032e-04 9.91657e-05 9.12199e-05 8.30395e-05 7.47187e-05 6.65563e-05 5.89017e-05 5.20155e-05 4.60175e-05 4.09189e-05 3.66954e-05 3.33322e-05 3.07937e-05 2.89685e-05 2.76671e-05 2.66759e-05 2.58366e-05 2.51008e-05 2.45166e-05 2.41576e-05 2.40504e-05 2.41410e-05 2.43122e-05 2.44335e-05 2.44005e-05 2.41309e-05 2.35370e-05 2.25272e-05 2.10353e-05 1.90230e-05 1.64545e-05 1.33304e-05 9.81842e-06 6.33895e-06 3.43530e-06 1.47952e-06 4.69023e-07 9.73684e-08 1.10328e-08 5.44765e-10 7.41384e-12
6.903392 1.37940e-02 2.17950e-02 1.79756e-02 1.56314e-02 1.43226e-02 1.34510e-02 1.27358e-02 1.20929e-02 1.14807e-02 1.08730e-02 1.02808e-02 9.73554e-03 9.26147e-03 8.87274e-03 8.57646e-03 8.36529e-03 8.21608e-03 8.10218e-03 8.00595e-03 7.92405e-03 7.86447e-03 7.83726e-03 7.84559e-03 7.88343e-03 7.93874e-03 7.99698e-03 8.04255e-03 8.05964e-03 8.03482e-03 7.96122e-03 7.84554e-03 7.71796e-03 7.63096e-03 7.62388e-03 7.67432e-03 7.70658e-03 7.66102e-03 7.53801e-03 7.37829e-03 7.22302e-03 7.09496e-03 6.99779e-03 6.92098e-03 6.85135e-03 6.78296e-03 6.71917e-03 6.66698e-03 6.63253e-03 6.61983e-03 6.62878e-03 6.65381e-03 6.68304e-03 6.69804e-03 6.67908e-03 6.61659e-03 6.51989e-03 6.41433e-03 6.32539e-03 6.25822e-03 6.19024e-03 6.08965e-03 5.94818e-03 5.79785e-03 5.69430e-03 5.66939e-03 5.67729e-03 5.60647e-03 5.39453e-03 5.10255e-03 4.83201e-03 4.62757e-03 4.48252e-03 4.37857e-03 4.30311e-03 4.24967e-03 4.21363e-03 4.18930e-03 4.17069e-03 4.15367e-03 4.13697e-03 4.12143e-03 4.10846e-03 4.09890e-03 4.09271e-03 4.08925e-03 4.08750e-03 4.08633e-03 4.08478e-03 4.08253e-03 4.08034e-03 4.07986e-03 4.08269e-03 4.08910e-03 4.09712e-03 4.10256e-03 4.10076e-03 4.08924e-03 4.06885e-03 4.04258e-03 4.01351e-03 3.98345e-03 3.95300e-03 3.92229e-03 3.89164e-03 3.86124e-03 3.83073e-03 3.79918e-03 3.76562e-03 3.72976e-03 3.69255e-03 3.65571e-03 3.62064e-03 3.58783e-03 3.55723e-03 3.52861e-03 3.50178e-03 3.47655e-03 3.45275e-03 3.43018e-03 3.40851e-03 3.38730e-03 3.36598e-03 3.34407e-03 3.32125e-03 3.29755e-03 3.27332e-03 3.24917e-03 3.22577e-03 3.20362e-03 3.18242e-03 3.16077e-03 3.13668e-03 3.10874e-03 3.07698e-03 3.04267e-03 3.00742e-03 2.97221e-03 2.93702e-03 2.90101e-03 2.86321e-03 2.82318e-03 2.78134e-03 2.73861e-03 2.69587e-03 2.65377e-03 2.61273e-03 2.57295e-03 2.53446e-03 2.49714e-03 2.46086e-03 2.42553e-03 2.39101e-03 2.35714e-03 2.32372e-03 2.29066e-03 2.25802e-03 2.22596e-03 2.19451e-03 2.16351e-03 2.13263e-03 2.10140e-03 2.06935e-03 2.03609e-03 2.00144e-03 1.96545e-03 1.92841e-03 1.89075e-03 1.85311e-03 1.81617e-03 1.78034e-03 1.74541e-03 1.71097e-03 1.67708e-03 1.64480e-03 1.61607e-03 1.59290e-03 1.57616e-03 1.56472e-03 1.55637e-03 1.55054e-03 1.54863e-03 1.54922e-03 1.54502e-03 1.52972e-03 1.50702e-03 1.48803e-03 1.48088e-03 1.48598e-03 1.49843e-03 1.51160e-03 1.51940e-03 1.51780e-03 1.50582e-03 1.48537e-03 1.45976e-03 1.43201e-03 1.40405e-03 1.37673e-03 1.35025e-03 1.32442e-03 1.29889e-03 1.27342e-03 1.24813e-03 1.22355e-03 1.20027e-03 1.17860e-03 1.15843e-03 1.13935e-03 1.12083e-03 1.10241e-03 1.08381e-03 1.06494e-03 1.04598e-03 1.02717e-03 1.00870e-03 9.90567e-04 9.72696e-04 9.54922e-04 9.37035e-04 9.18787e-04 8.99927e-04 8.80263e-04 8.59721e-04 8.38380e-04 8.16447e-04 7.94202e-04 7.71924e-04 7.49817e-04 7.27968e-04 7.06388e-04 6.85138e-04 6.64399e-04 6.44409e-04 6.25317e-04 6.07140e-04 5.89819e-04 5.73305e-04 5.57602e-04 5.42738e-04 5.28779e-04 5.15873e-04 5.04146e-04 4.93567e-04 4.84014e-04 4.75159e-04 4.66337e-04 4.56691e-04 4.45338e-04 4.31748e-04 4.15991e-04 3.98728e-04 3.81083e-04 3.63974e-04 3.47406e-04 3.30914e-04 3.14586e-04 2.98875e-04 2.84213e-04 2.71481e-04 2.61554e-04 2.54270e-04 2.48579e-04 2.43296e-04 2.37543e-04 2.30856e-04 2.23136e-04 2.14525e-04 2.05271e-04 1.95633e-04 1.85818e-04 1.75970e-04 1.66176e-04 1.56500e-04 1.47032e-04 1.37910e-04 1.29297e-04 1.21307e-04 1.13948e-04 1.07126e-04 1.00677e-04 9.43675e-05 8.79204e-05 8.11076e-05 7.38814e-05 6.64225e-05 5.90624e-05 5.21394e-05 4.58880e-05 4.04088e-05 3.57131e-05 3.17848e-05 2.85993e-05 2.61033e-05 2.42024e-05 2.27687e-05 2.16653e-05 2.07839e-05 2.00803e-05 1.95792e-05 1.93306e-05 1.93416e-05 1.95412e-05 1.98018e-05 1.99854e-05 1.99690e-05 1.96445e-05 1.89233e-05 1.77505e-05 1.61025e-05 1.39603e-05 1.13283e-05 8.34522e-06 5.37313e-06 2.89270e-06 1.23318e-06 3.86254e-07 7.93204e-08 8.93234e-09 4.39212e-10 5.92876e-12
7.003441 1.47195e-02 2.28237e-02 1.82584e-02 1.54315e-02 1.39591e-02 1.30571e-02 1.23128e-02 1.16139e-02 1.09615e-02 1.03630e-02 9.82082e-03 9.34256e-03 8.93724e-03 8.61019e-03 8.35857e-03 8.16871e-03 8.02185e-03 7.90432e-03 7.81295e-03 7.75271e-03 7.72996e-03 7.74623e-03 7.79516e-03 7.86195e-03 7.92536e-03 7.96292e-03 7.95827e-03 7.90823e-03 7.82785e-03 7.75253e-03 7.72814e-03 7.77932e-03 7.87520e-03 7.93682e-03 7.89619e-03 7.75146e-03 7.55768e-03 7.36929e-03 7.20518e-03 7.06321e-03 6.94327e-03 6.84688e-03 6.77112e-03 6.71206e-03 6.66762e-03 6.63681e-03 6.61983e-03 6.61726e-03 6.62792e-03 6.64800e-03 6.67338e-03 6.70211e-03 6.73248e-03 6.75635e-03 6.75395e-03 6.70116e-03 6.59009e-03 6.44409e-03 6.30588e-03 6.20127e-03 6.11183e-03 5.99445e-03 5.83554e-03 5.67939e-03 5.59229e-03 5.58570e-03 5.57881e-03 5.47198e-03 5.25346e-03 4.99207e-03 4.75522e-03 4.57234e-03 4.44369e-03 4.35611e-03 4.29577e-03 4.25348e-03 4.22327e-03 4.20033e-03 4.18119e-03 4.16441e-03 4.15012e-03 4.13890e-03 4.13084e-03 4.12527e-03 4.12100e-03 4.11699e-03 4.11264e-03 4.10794e-03 4.10349e-03 4.10039e-03 4.10001e-03 4.10362e-03 4.11187e-03 4.12392e-03 4.13677e-03 4.14568e-03 4.14614e-03 4.13618e-03 4.11680e-03 4.09052e-03 4.05969e-03 4.02598e-03 3.99082e-03 3.95581e-03 3.92227e-03 3.89027e-03 3.85857e-03 3.82583e-03 3.79187e-03 3.75774e-03 3.72468e-03 3.69329e-03 3.66365e-03 3.63560e-03 3.60893e-03 3.58338e-03 3.55859e-03 3.53401e-03 3.50889e-03 3.48233e-03 3.45357e-03 3.42220e-03 3.38840e-03 3.35285e-03 3.31663e-03 3.28097e-03 3.24714e-03 3.21619e-03 3.18825e-03 3.16184e-03 3.13425e-03 3.10321e-03 3.06842e-03 3.03128e-03 2.99354e-03 2.95595e-03 2.91798e-03 2.87860e-03 2.83728e-03 2.79451e-03 2.75146e-03 2.70931e-03 2.66885e-03 2.63031e-03 2.59352e-03 2.55812e-03 2.52367e-03 2.48979e-03 2.45620e-03 2.42267e-03 2.38917e-03 2.35592e-03 2.32342e-03 2.29232e-03 2.26319e-03 2.23634e-03 2.21175e-03 2.18914e-03 2.16801e-03 2.14776e-03 2.12766e-03 2.10695e-03 2.08488e-03 2.06082e-03 2.03439e-03 2.00541e-03 1.97396e-03 1.94033e-03 1.90501e-03 1.86855e-03 1.83140e-03 1.79381e-03 1.75602e-03 1.71858e-03 1.68238e-03 1.64853e-03 1.61792e-03 1.59121e-03 1.56895e-03 1.55150e-03 1.53849e-03 1.52846e-03 1.51978e-03 1.51177e-03 1.50403e-03 1.49447e-03 1.48017e-03 1.46139e-03 1.44324e-03 1.43189e-03 1.42987e-03 1.43522e-03 1.44335e-03 1.44922e-03 1.44874e-03 1.43990e-03 1.42326e-03 1.40132e-03 1.37707e-03 1.35286e-03 1.32997e-03 1.30874e-03 1.28875e-03 1.26899e-03 1.24834e-03 1.22618e-03 1.20289e-03 1.17949e-03 1.15689e-03 1.13530e-03 1.11443e-03 1.09378e-03 1.07302e-03 1.05210e-03 1.03122e-03 1.01073e-03 9.90968e-04 9.72096e-04 9.54026e-04 9.36440e-04 9.18884e-04 9.00925e-04 8.82320e-04 8.63065e-04 8.43310e-04 8.23214e-04 8.02838e-04 7.82134e-04 7.61011e-04 7.39468e-04 7.17680e-04 6.95971e-04 6.74682e-04 6.54067e-04 6.34278e-04 6.15408e-04 5.97540e-04 5.80773e-04 5.65181e-04 5.50807e-04 5.37728e-04 5.26060e-04 5.15812e-04 5.06865e-04 4.98965e-04 4.91590e-04 4.83979e-04 4.75237e-04 4.64441e-04 4.50985e-04 4.34572e-04 4.15020e-04 3.92570e-04 3.68449e-04 3.44828e-04 3.23695e-04 3.05723e-04 2.90720e-04 2.78661e-04 2.69338e-04 2.61949e-04 2.55627e-04 2.49434e-04 2.42273e-04 2.33408e-04 2.22823e-04 2.11019e-04 1.98638e-04 1.86214e-04 1.74112e-04 1.62582e-04 1.51817e-04 1.41973e-04 1.33144e-04 1.25327e-04 1.18415e-04 1.12232e-04 1.06577e-04 1.01250e-04 9.60553e-05 9.07882e-05 8.52411e-05 7.92467e-05 7.27554e-05 6.58913e-05 5.89298e-05 5.21994e-05 4.59719e-05 4.04014e-05 3.55338e-05 3.13567e-05 2.78379e-05 2.49301e-05 2.25635e-05 2.06469e-05 1.90844e-05 1.78008e-05 1.67623e-05 1.59777e-05 1.54764e-05 1.52693e-05 1.53123e-05 1.54974e-05 1.56797e-05 1.57201e-05 1.55131e-05 1.49922e-05 1.41224e-05 1.28837e-05 1.12489e-05 9.20178e-06 6.83225e-06 4.42541e-06 2.38830e-06 1.01621e-06 3.16501e-07 6.45308e-08 7.23203e-09 3.55759e-10 4.70542e-12
7.103490 1.38805e-02 2.19463e-02 1.79780e-02 1.53558e-02 1.38316e-02 1.28459e-02 1.20363e-02 1.12864e-02 1.06139e-02 1.00416e-02 9.56121e-03 9.15406e-03 8.80867e-03 8.52136e-03 8.28923e-03 8.10592e-03 7.96439e-03 7.86135e-03 7.79712e-03 7.77181e-03 7.78306e-03 7.82445e-03 7.88164e-03 7.93018e-03 7.94319e-03 7.90772e-03 7.83813e-03 7.77641e-03 7.77448e-03 7.85507e-03 7.97536e-03 8.04604e-03 8.00376e-03 7.85905e-03 7.67393e-03 7.50361e-03 7.36257e-03 7.23631e-03 7.11101e-03 6.98847e-03 6.87840e-03 6.78631e-03 6.71343e-03 6.66001e-03 6.62514e-03 6.60732e-03 6.60518e-03 6.61651e-03 6.63626e-03 6.65641e-03 6.66817e-03 6.66499e-03 6.64682e-03 6.62298e-03 6.60669e-03 6.60059e-03 6.58545e-03 6.52891e-03 6.41517e-03 6.26785e-03 6.12980e-03 6.01183e-03 5.88048e-03 5.71628e-03 5.56278e-03 5.48536e-03 5.48230e-03 5.46913e-03 5.36706e-03 5.17420e-03 4.94232e-03 4.72603e-03 4.55732e-03 4.44057e-03 4.36290e-03 4.30955e-03 4.27083e-03 4.24138e-03 4.21810e-03 4.19932e-03 4.18435e-03 4.17283e-03 4.16409e-03 4.15723e-03 4.15144e-03 4.14633e-03 4.14196e-03 4.13871e-03 4.13718e-03 4.13799e-03 4.14154e-03 4.14807e-03 4.15748e-03 4.16906e-03 4.18101e-03 4.19037e-03 4.19370e-03 4.18859e-03 4.17485e-03 4.15436e-03 4.12964e-03 4.10239e-03 4.07326e-03 4.04266e-03 4.01153e-03 3.98104e-03 3.95160e-03 3.92286e-03 3.89448e-03 3.86629e-03 3.83816e-03 3.80996e-03 3.78161e-03 3.75304e-03 3.72411e-03 3.69448e-03 3.66369e-03 3.63129e-03 3.59700e-03 3.56087e-03 3.52327e-03 3.48486e-03 3.44639e-03 3.40854e-03 3.37186e-03 3.33702e-03 3.30492e-03 3.27560e-03 3.24692e-03 3.21509e-03 3.17717e-03 3.13305e-03 3.08483e-03 3.03492e-03 2.98481e-03 2.93511e-03 2.88610e-03 2.83815e-03 2.79168e-03 2.74698e-03 2.70410e-03 2.66284e-03 2.62289e-03 2.58397e-03 2.54592e-03 2.50874e-03 2.47246e-03 2.43707e-03 2.40260e-03 2.36920e-03 2.33719e-03 2.30682e-03 2.27817e-03 2.25115e-03 2.22569e-03 2.20178e-03 2.17944e-03 2.15856e-03 2.13890e-03 2.12015e-03 2.10208e-03 2.08452e-03 2.06739e-03 2.05053e-03 2.03368e-03 2.01637e-03 1.99794e-03 1.97767e-03 1.95486e-03 1.92906e-03 1.90023e-03 1.86864e-03 1.83474e-03 1.79915e-03 1.76281e-03 1.72702e-03 1.69300e-03 1.66137e-03 1.63212e-03 1.60503e-03 1.58019e-03 1.55793e-03 1.53861e-03 1.52217e-03 1.50799e-03 1.49485e-03 1.48145e-03 1.46675e-03 1.44987e-03 1.43003e-03 1.40754e-03 1.38520e-03 1.36767e-03 1.35882e-03 1.35935e-03 1.36652e-03 1.37559e-03 1.38156e-03 1.38071e-03 1.37169e-03 1.35575e-03 1.33580e-03 1.31499e-03 1.29549e-03 1.27814e-03 1.26238e-03 1.24650e-03 1.22830e-03 1.20634e-03 1.18106e-03 1.15432e-03 1.12797e-03 1.10289e-03 1.07914e-03 1.05637e-03 1.03423e-03 1.01254e-03 9.91430e-04 9.71183e-04 9.51983e-04 9.33743e-04 9.16252e-04 8.99326e-04 8.82775e-04 8.66303e-04 8.49502e-04 8.31932e-04 8.13258e-04 7.93384e-04 7.72492e-04 7.50949e-04 7.29164e-04 7.07489e-04 6.86213e-04 6.65628e-04 6.46065e-04 6.27885e-04 6.11389e-04 5.96714e-04 5.83786e-04 5.72424e-04 5.62438e-04 5.53575e-04 5.45448e-04 5.37496e-04 5.28966e-04 5.19054e-04 5.07124e-04 4.92694e-04 4.75447e-04 4.55480e-04 4.33402e-04 4.10229e-04 3.87061e-04 3.64656e-04 3.43512e-04 3.24503e-04 3.08968e-04 2.97591e-04 2.89376e-04 2.82314e-04 2.74666e-04 2.65167e-04 2.52992e-04 2.38262e-04 2.21931e-04 2.05172e-04 1.88996e-04 1.74132e-04 1.60962e-04 1.49567e-04 1.39821e-04 1.31490e-04 1.24317e-04 1.18068e-04 1.12539e-04 1.07551e-04 1.02921e-04 9.84501e-05 9.39243e-05 8.91407e-05 8.39349e-05 7.82131e-05 7.19849e-05 6.53867e-05 5.86679e-05 5.21265e-05 4.60216e-05 4.05115e-05 3.56456e-05 3.14025e-05 2.77349e-05 2.45931e-05 2.19242e-05 1.96619e-05 1.77297e-05 1.60617e-05 1.46274e-05 1.34412e-05 1.25481e-05 1.19864e-05 1.17468e-05 1.17482e-05 1.18495e-05 1.18914e-05 1.17464e-05 1.13474e-05 1.06832e-05 9.76164e-06 8.56934e-06 7.07647e-06 5.31868e-06 3.48925e-06 1.90399e-06 8.16362e-07 2.55165e-07 5.20311e-08 5.82679e-09 2.88310e-10 3.91803e-12
7.203539 1.38851e-02 2.16761e-02 1.76432e-02 1.51438e-02 1.36836e-02 1.26715e-02 1.18136e-02 1.10366e-02 1.03773e-02 9.85930e-03 9.45337e-03 9.11231e-03 8.80775e-03 8.53658e-03 8.30871e-03 8.13298e-03 8.01051e-03 7.93592e-03 7.90109e-03 7.89685e-03 7.91138e-03 7.92788e-03 7.92758e-03 7.89964e-03 7.85357e-03 7.82544e-03 7.85545e-03 7.93854e-03 8.01527e-03 8.02632e-03 7.95381e-03 7.81675e-03 7.65473e-03 7.50739e-03 7.39297e-03 7.30532e-03 7.22715e-03 7.14396e-03 7.05241e-03 6.95901e-03 6.87091e-03 6.79180e-03 6.72478e-03 6.67212e-03 6.63319e-03 6.60497e-03 6.58417e-03 6.56758e-03 6.55140e-03 6.53273e-03 6.51134e-03 6.48823e-03 6.46373e-03 6.43828e-03 6.41543e-03 6.40304e-03 6.40800e-03 6.42393e-03 6.42355e-03 6.37085e-03 6.25002e-03 6.08283e-03 5.90728e-03 5.73794e-03 5.57121e-03 5.43157e-03 5.36184e-03 5.35267e-03 5.33248e-03 5.23996e-03 5.07200e-03 4.86914e-03 4.68156e-03 4.53951e-03 4.44353e-03 4.37869e-03 4.33129e-03 4.29367e-03 4.26256e-03 4.23700e-03 4.21686e-03 4.20181e-03 4.19107e-03 4.18364e-03 4.17853e-03 4.17500e-03 4.17281e-03 4.17222e-03 4.17384e-03 4.17826e-03 4.18565e-03 4.19539e-03 4.20631e-03 4.21716e-03 4.22695e-03 4.23458e-03 4.23833e-03 4.23606e-03 4.22637e-03 4.20982e-03 4.18867e-03 4.16553e-03 4.14204e-03 4.11858e-03 4.09507e-03 4.07183e-03 4.04948e-03 4.02804e-03 4.00659e-03 3.98373e-03 3.95838e-03 3.93014e-03 3.89917e-03 3.86585e-03 3.83048e-03 3.79326e-03 3.75440e-03 3.71429e-03 3.67350e-03 3.63271e-03 3.59248e-03 3.55308e-03 3.51461e-03 3.47757e-03 3.44338e-03 3.41353e-03 3.38718e-03 3.36024e-03 3.32767e-03 3.28684e-03 3.23851e-03 3.18533e-03 3.13010e-03 3.07477e-03 3.02037e-03 2.96720e-03 2.91515e-03 2.86408e-03 2.81394e-03 2.76472e-03 2.71630e-03 2.66845e-03 2.62105e-03 2.57418e-03 2.52811e-03 2.48322e-03 2.43986e-03 2.39846e-03 2.35940e-03 2.32306e-03 2.28973e-03 2.25962e-03 2.23281e-03 2.20910e-03 2.18797e-03 2.16869e-03 2.15057e-03 2.13304e-03 2.11570e-03 2.09820e-03 2.08021e-03 2.06144e-03 2.04166e-03 2.02083e-03 1.99913e-03 1.97680e-03 1.95404e-03 1.93080e-03 1.90698e-03 1.88264e-03 1.85825e-03 1.83463e-03 1.81246e-03 1.79175e-03 1.77176e-03 1.75160e-03 1.73073e-03 1.70910e-03 1.68672e-03 1.66348e-03 1.63916e-03 1.61373e-03 1.58742e-03 1.56073e-03 1.53421e-03 1.50844e-03 1.48388e-03 1.46081e-03 1.43918e-03 1.41859e-03 1.39844e-03 1.37819e-03 1.35753e-03 1.33668e-03 1.31695e-03 1.30085e-03 1.29125e-03 1.28977e-03 1.29559e-03 1.30550e-03 1.31493e-03 1.31943e-03 1.31595e-03 1.30392e-03 1.28527e-03 1.26352e-03 1.24224e-03 1.22363e-03 1.20770e-03 1.19224e-03 1.17409e-03 1.15149e-03 1.12523e-03 1.09752e-03 1.07011e-03 1.04387e-03 1.01944e-03 9.97282e-04 9.77367e-04 9.59078e-04 9.41740e-04 9.24920e-04 9.08352e-04 8.91798e-04 8.75033e-04 8.57882e-04 8.40237e-04 8.22042e-04 8.03280e-04 7.83971e-04 7.64184e-04 7.44051e-04 7.23822e-04 7.03919e-04 6.84925e-04 6.67424e-04 6.51817e-04 6.38226e-04 6.26487e-04 6.16272e-04 6.07239e-04 5.98999e-04 5.90953e-04 5.82237e-04 5.71865e-04 5.59060e-04 5.43553e-04 5.25580e-04 5.05650e-04 4.84507e-04 4.63232e-04 4.42874e-04 4.23833e-04 4.05829e-04 3.88427e-04 3.71568e-04 3.55718e-04 3.41505e-04 3.29092e-04 3.17838e-04 3.06373e-04 2.92816e-04 2.75556e-04 2.54643e-04 2.32150e-04 2.10665e-04 1.91766e-04 1.75861e-04 1.62658e-04 1.51604e-04 1.42202e-04 1.34115e-04 1.27119e-04 1.21036e-04 1.15691e-04 1.10908e-04 1.06496e-04 1.02256e-04 9.79742e-05 9.34476e-05 8.85153e-05 8.30901e-05 7.71723e-05 7.08478e-05 6.42798e-05 5.76904e-05 5.13242e-05 4.53954e-05 4.00414e-05 3.53061e-05 3.11596e-05 2.75365e-05 2.43683e-05 2.15939e-05 1.91536e-05 1.69859e-05 1.50394e-05 1.32901e-05 1.17529e-05 1.04758e-05 9.51723e-06 8.90888e-06 8.62021e-06 8.54687e-06 8.53513e-06 8.43394e-06 8.14694e-06 7.65138e-06 6.96923e-06 6.11405e-06 5.07008e-06 3.84526e-06 2.55340e-06 1.41140e-06 6.12249e-07 1.93126e-07 3.96412e-08 4.46886e-09 2.25495e-10 3.19350e-12
7.303588 1.43537e-02 2.25991e-02 1.82714e-02 1.53063e-02 1.35597e-02 1.24161e-02 1.15063e-02 1.07365e-02 1.01356e-02 9.70623e-03 9.38897e-03 9.11285e-03 8.84298e-03 8.58570e-03 8.36402e-03 8.19284e-03 8.07273e-03 7.99606e-03 7.95073e-03 7.92091e-03 7.89113e-03 7.85537e-03 7.82880e-03 7.84153e-03 7.89690e-03 7.95009e-03 7.95431e-03 7.90021e-03 7.79787e-03 7.65920e-03 7.50632e-03 7.36921e-03 7.26693e-03 7.20009e-03 7.15873e-03 7.12960e-03 7.09926e-03 7.05853e-03 7.00636e-03 6.94664e-03 6.88229e-03 6.81504e-03 6.74651e-03 6.67606e-03 6.60117e-03 6.52230e-03 6.44594e-03 6.38144e-03 6.33503e-03 6.30685e-03 6.29203e-03 6.28378e-03 6.27624e-03 6.26577e-03 6.25133e-03 6.23522e-03 6.22410e-03 6.22724e-03 6.24839e-03 6.27418e-03 6.27213e-03 6.20744e-03 6.06605e-03 5.86350e-03 5.63708e-03 5.43067e-03 5.27971e-03 5.19891e-03 5.17088e-03 5.14885e-03 5.08553e-03 4.96258e-03 4.80010e-03 4.64307e-03 4.52637e-03 4.45208e-03 4.40338e-03 4.36566e-03 4.33190e-03 4.30028e-03 4.27185e-03 4.24817e-03 4.22975e-03 4.21600e-03 4.20623e-03 4.20037e-03 4.19905e-03 4.20293e-03 4.21195e-03 4.22493e-03 4.23982e-03 4.25440e-03 4.26711e-03 4.27744e-03 4.28568e-03 4.29218e-03 4.29658e-03 4.29757e-03 4.29344e-03 4.28333e-03 4.26812e-03 4.25002e-03 4.23128e-03 4.21282e-03 4.19419e-03 4.17458e-03 4.15357e-03 4.13083e-03 4.10559e-03 4.07705e-03 4.04501e-03 4.01014e-03 3.97364e-03 3.93664e-03 3.89983e-03 3.86333e-03 3.82690e-03 3.79017e-03 3.75272e-03 3.71420e-03 3.67453e-03 3.63455e-03 3.59639e-03 3.56247e-03 3.53320e-03 3.50555e-03 3.47458e-03 3.43660e-03 3.39105e-03 3.33995e-03 3.28620e-03 3.23226e-03 3.17953e-03 3.12841e-03 3.07858e-03 3.02945e-03 2.98053e-03 2.93145e-03 2.88184e-03 2.83128e-03 2.77942e-03 2.72622e-03 2.67208e-03 2.61781e-03 2.56439e-03 2.51276e-03 2.46373e-03 2.41800e-03 2.37613e-03 2.33848e-03 2.30507e-03 2.27552e-03 2.24917e-03 2.22525e-03 2.20307e-03 2.18206e-03 2.16175e-03 2.14174e-03 2.12175e-03 2.10155e-03 2.08091e-03 2.05948e-03 2.03682e-03 2.01238e-03 1.98562e-03 1.95622e-03 1.92419e-03 1.88998e-03 1.85464e-03 1.81966e-03 1.78676e-03 1.75738e-03 1.73217e-03 1.71091e-03 1.69279e-03 1.67698e-03 1.66291e-03 1.65022e-03 1.63837e-03 1.62655e-03 1.61377e-03 1.59922e-03 1.58246e-03 1.56342e-03 1.54229e-03 1.51945e-03 1.49542e-03 1.47078e-03 1.44614e-03 1.42212e-03 1.39921e-03 1.37772e-03 1.35766e-03 1.33873e-03 1.32047e-03 1.30245e-03 1.28462e-03 1.26753e-03 1.25253e-03 1.24148e-03 1.23596e-03 1.23638e-03 1.24124e-03 1.24731e-03 1.25044e-03 1.24678e-03 1.23430e-03 1.21376e-03 1.18861e-03 1.16336e-03 1.14129e-03 1.12268e-03 1.10486e-03 1.08457e-03 1.06101e-03 1.03656e-03 1.01422e-03 9.95054e-04 9.78204e-04 9.62344e-04 9.46545e-04 9.30346e-04 9.13565e-04 8.96162e-04 8.78152e-04 8.59565e-04 8.40442e-04 8.20861e-04 8.00948e-04 7.80856e-04 7.60794e-04 7.41107e-04 7.22338e-04 7.05068e-04 6.89672e-04 6.76261e-04 6.64787e-04 6.55059e-04 6.46721e-04 6.39275e-04 6.32028e-04 6.24043e-04 6.14301e-04 6.02069e-04 5.87249e-04 5.70380e-04 5.52353e-04 5.34131e-04 5.16532e-04 4.99956e-04 4.84229e-04 4.68689e-04 4.52616e-04 4.35951e-04 4.19706e-04 4.05431e-04 3.93928e-04 3.84106e-04 3.73013e-04 3.57213e-04 3.34712e-04 3.06169e-04 2.74755e-04 2.44724e-04 2.19239e-04 1.99025e-04 1.83077e-04 1.70206e-04 1.59637e-04 1.50785e-04 1.43148e-04 1.36332e-04 1.30074e-04 1.24239e-04 1.18768e-04 1.13611e-04 1.08679e-04 1.03842e-04 9.89493e-05 9.38635e-05 8.84868e-05 8.27800e-05 7.67636e-05 7.05095e-05 6.41320e-05 5.77770e-05 5.16075e-05 4.57811e-05 4.04237e-05 3.56106e-05 3.13621e-05 2.76536e-05 2.44308e-05 2.16205e-05 1.91347e-05 1.68828e-05 1.47924e-05 1.28312e-05 1.10148e-05 9.39848e-06 8.05647e-06 7.05221e-06 6.40479e-06 6.06466e-06 5.91501e-06 5.80680e-06 5.61382e-06 5.27528e-06 4.79398e-06 4.19269e-06 3.47630e-06 2.64986e-06 1.77702e-06 9.94829e-07 4.37414e-07 1.39764e-07 2.90430e-08 3.32952e-09 1.75656e-10 2.65466e-12
7.403638 1.32274e-02 2.13359e-02 1.77819e-02 1.52351e-02 1.35166e-02 1.22628e-02 1.12882e-02 1.05453e-02 1.00355e-02 9.71553e-03 9.49129e-03 9.27556e-03 9.03095e-03 8.76766e-03 8.51569e-03 8.30107e-03 8.13637e-03 8.02051e-03 7.94456e-03 7.90498e-03 7.91136e-03 7.96039e-03 8.00635e-03 7.99758e-03 7.93159e-03 7.83630e-03 7.72149e-03 7.58004e-03 7.41870e-03 7.26407e-03 7.14172e-03 7.06177e-03 7.02237e-03 7.01648e-03 7.03258e-03 7.05414e-03 7.06489e-03 7.05662e-03 7.03040e-03 6.98926e-03 6.93140e-03 6.85157e-03 6.74841e-03 6.62987e-03 6.51052e-03 6.40384e-03 6.31715e-03 6.25193e-03 6.20673e-03 6.17922e-03 6.16604e-03 6.16229e-03 6.16203e-03 6.15971e-03 6.15195e-03 6.13907e-03 6.12523e-03 6.11720e-03 6.12206e-03 6.14299e-03 6.17185e-03 6.18314e-03 6.14118e-03 6.02200e-03 5.83070e-03 5.59795e-03 5.36648e-03 5.18100e-03 5.07066e-03 5.02685e-03 5.00923e-03 4.97657e-03 4.90349e-03 4.78713e-03 4.65546e-03 4.54818e-03 4.47980e-03 4.43875e-03 4.41153e-03 4.39070e-03 4.37143e-03 4.35078e-03 4.32877e-03 4.30811e-03 4.29270e-03 4.28569e-03 4.28806e-03 4.29849e-03 4.31411e-03 4.33159e-03 4.34815e-03 4.36213e-03 4.37305e-03 4.38140e-03 4.38818e-03 4.39431e-03 4.40017e-03 4.40517e-03 4.40775e-03 4.40599e-03 4.39852e-03 4.38531e-03 4.36749e-03 4.34633e-03 4.32211e-03 4.29442e-03 4.26324e-03 4.22942e-03 4.19402e-03 4.15771e-03 4.12101e-03 4.08453e-03 4.04894e-03 4.01465e-03 3.98163e-03 3.94923e-03 3.91623e-03 3.88124e-03 3.84361e-03 3.80413e-03 3.76505e-03 3.72868e-03 3.69562e-03 3.66395e-03 3.63025e-03 3.59153e-03 3.54683e-03 3.49725e-03 3.44505e-03 3.39245e-03 3.34098e-03 3.29134e-03 3.24351e-03 3.19712e-03 3.15168e-03 3.10656e-03 3.06074e-03 3.01273e-03 2.96120e-03 2.90597e-03 2.84829e-03 2.79020e-03 2.73354e-03 2.67959e-03 2.62915e-03 2.58259e-03 2.53994e-03 2.50093e-03 2.46504e-03 2.43152e-03 2.39954e-03 2.36837e-03 2.33751e-03 2.30670e-03 2.27593e-03 2.24541e-03 2.21547e-03 2.18649e-03 2.15864e-03 2.13185e-03 2.10567e-03 2.07936e-03 2.05200e-03 2.02269e-03 1.99086e-03 1.95649e-03 1.92027e-03 1.88342e-03 1.84732e-03 1.81297e-03 1.78063e-03 1.74995e-03 1.72031e-03 1.69114e-03 1.66203e-03 1.63290e-03 1.60419e-03 1.57685e-03 1.55207e-03 1.53067e-03 1.51276e-03 1.49772e-03 1.48459e-03 1.47242e-03 1.46050e-03 1.44844e-03 1.43608e-03 1.42345e-03 1.41060e-03 1.39756e-03 1.38431e-03 1.37078e-03 1.35697e-03 1.34298e-03 1.32896e-03 1.31500e-03 1.30089e-03 1.28611e-03 1.27008e-03 1.25262e-03 1.23422e-03 1.21609e-03 1.19979e-03 1.18680e-03 1.17808e-03 1.17351e-03 1.17149e-03 1.16894e-03 1.16203e-03 1.14778e-03 1.12579e-03 1.09892e-03 1.07199e-03 1.04896e-03 1.03073e-03 1.01508e-03 9.98859e-04 9.80721e-04 9.61608e-04 9.43044e-04 9.25651e-04 9.09160e-04 8.93061e-04 8.76972e-04 8.60672e-04 8.44027e-04 8.26927e-04 8.09261e-04 7.90970e-04 7.72191e-04 7.53361e-04 7.35088e-04 7.17940e-04 7.02412e-04 6.88921e-04 6.77638e-04 6.68312e-04 6.60275e-04 6.52575e-04 6.44172e-04 6.34240e-04 6.22463e-04 6.09197e-04 5.95309e-04 5.81751e-04 5.69149e-04 5.57662e-04 5.46950e-04 5.36172e-04 5.24238e-04 5.10558e-04 4.95777e-04 4.81738e-04 4.70475e-04 4.62716e-04 4.56903e-04 4.49472e-04 4.36381e-04 4.15001e-04 3.85347e-04 3.50018e-04 3.13011e-04 2.78154e-04 2.47922e-04 2.23111e-04 2.03352e-04 1.87927e-04 1.76083e-04 1.66827e-04 1.59034e-04 1.51946e-04 1.45250e-04 1.38784e-04 1.32377e-04 1.25920e-04 1.19418e-04 1.12965e-04 1.06665e-04 1.00569e-04 9.46630e-05 8.88860e-05 8.31607e-05 7.74209e-05 7.16295e-05 6.57870e-05 5.99313e-05 5.41309e-05 4.84749e-05 4.30614e-05 3.79857e-05 3.33306e-05 2.91581e-05 2.55004e-05 2.23484e-05 1.96425e-05 1.72779e-05 1.51322e-05 1.31072e-05 1.11623e-05 9.32410e-06 7.66905e-06 6.28933e-06 5.25315e-06 4.57106e-06 4.18137e-06 3.96491e-06 3.78830e-06 3.55438e-06 3.22677e-06 2.81164e-06 2.32171e-06 1.76840e-06 1.19100e-06 6.72580e-07 2.99157e-07 9.68790e-08 2.04738e-08 2.42023e-09 1.37309e-10 2.22181e-12
7.503687 1.46006e-02 2.24645e-02 1.79746e-02 1.51094e-02 1.33175e-02 1.20277e-02 1.10537e-02 1.03780e-02 9.98471e-03 9.78392e-03 9.64236e-03 9.45458e-03 9.18448e-03 8.85956e-03 8.53640e-03 8.26598e-03 8.07987e-03 7.99530e-03 8.00839e-03 8.06753e-03 8.08986e-03 8.03450e-03 7.92774e-03 7.80782e-03 7.68088e-03 7.53399e-03 7.36634e-03 7.19717e-03 7.05070e-03 6.94226e-03 6.87739e-03 6.85625e-03 6.87415e-03 6.91848e-03 6.96915e-03 7.00688e-03 7.02262e-03 7.01680e-03 6.98884e-03 6.93235e-03 6.84381e-03 6.73147e-03 6.61117e-03 6.49563e-03 6.39081e-03 6.29930e-03 6.22277e-03 6.16194e-03 6.11703e-03 6.08789e-03 6.07290e-03 6.06783e-03 6.06611e-03 6.06081e-03 6.04775e-03 6.02760e-03 6.00545e-03 5.98794e-03 5.97988e-03 5.98270e-03 5.99443e-03 6.00786e-03 6.00636e-03 5.96474e-03 5.86241e-03 5.70034e-03 5.50320e-03 5.30393e-03 5.12984e-03 5.00105e-03 4.92715e-03 4.89609e-03 4.87654e-03 4.83797e-03 4.76490e-03 4.66470e-03 4.56797e-03 4.50030e-03 4.45928e-03 4.43144e-03 4.41033e-03 4.39473e-03 4.38446e-03 4.37967e-03 4.38044e-03 4.38633e-03 4.39628e-03 4.40879e-03 4.42228e-03 4.43542e-03 4.44730e-03 4.45746e-03 4.46582e-03 4.47265e-03 4.47830e-03 4.48304e-03 4.48673e-03 4.48877e-03 4.48808e-03 4.48335e-03 4.47348e-03 4.45810e-03 4.43789e-03 4.41414e-03 4.38782e-03 4.35886e-03 4.32678e-03 4.29207e-03 4.25625e-03 4.22068e-03 4.18590e-03 4.15186e-03 4.11820e-03 4.08442e-03 4.04994e-03 4.01425e-03 3.97728e-03 3.93977e-03 3.90291e-03 3.86743e-03 3.83298e-03 3.79822e-03 3.76130e-03 3.72055e-03 3.67537e-03 3.62664e-03 3.57627e-03 3.52631e-03 3.47817e-03 3.43221e-03 3.38768e-03 3.34301e-03 3.29642e-03 3.24678e-03 3.19402e-03 3.13894e-03 3.08252e-03 3.02568e-03 2.96920e-03 2.91399e-03 2.86107e-03 2.81142e-03 2.76561e-03 2.72353e-03 2.68454e-03 2.64775e-03 2.61225e-03 2.57721e-03 2.54195e-03 2.50606e-03 2.46944e-03 2.43229e-03 2.39503e-03 2.35818e-03 2.32228e-03 2.28768e-03 2.25450e-03 2.22259e-03 2.19151e-03 2.16060e-03 2.12905e-03 2.09609e-03 2.06119e-03 2.02435e-03 1.98631e-03 1.94841e-03 1.91214e-03 1.87848e-03 1.84733e-03 1.81765e-03 1.78797e-03 1.75714e-03 1.72469e-03 1.69077e-03 1.65585e-03 1.62040e-03 1.58483e-03 1.54959e-03 1.51538e-03 1.48318e-03 1.45388e-03 1.42795e-03 1.40537e-03 1.38585e-03 1.36901e-03 1.35449e-03 1.34197e-03 1.33129e-03 1.32241e-03 1.31532e-03 1.30984e-03 1.30547e-03 1.30140e-03 1.29665e-03 1.29040e-03 1.28220e-03 1.27194e-03 1.25971e-03 1.24565e-03 1.22996e-03 1.21290e-03 1.19488e-03 1.17646e-03 1.15839e-03 1.14155e-03 1.12676e-03 1.11470e-03 1.10572e-03 1.09959e-03 1.09516e-03 1.08998e-03 1.08071e-03 1.06473e-03 1.04202e-03 1.01562e-03 9.89833e-04 9.67320e-04 9.47766e-04 9.28851e-04 9.08568e-04 8.86760e-04 8.64727e-04 8.43806e-04 8.24567e-04 8.06976e-04 7.90804e-04 7.75808e-04 7.61740e-04 7.48345e-04 7.35425e-04 7.22931e-04 7.10944e-04 6.99517e-04 6.88563e-04 6.77889e-04 6.67284e-04 6.56524e-04 6.45325e-04 6.33381e-04 6.20559e-04 6.07132e-04 5.93859e-04 5.81749e-04 5.71555e-04 5.63338e-04 5.56376e-04 5.49572e-04 5.42153e-04 5.34231e-04 5.26787e-04 5.21007e-04 5.17356e-04 5.15016e-04 5.11994e-04 5.05795e-04 4.94255e-04 4.76213e-04 4.51813e-04 4.22436e-04 3.90364e-04 3.58112e-04 3.27620e-04 2.99764e-04 2.74539e-04 2.51640e-04 2.30948e-04 2.12606e-04 1.96771e-04 1.83392e-04 1.72227e-04 1.62905e-04 1.54852e-04 1.47370e-04 1.39955e-04 1.32444e-04 1.24859e-04 1.17271e-04 1.09809e-04 1.02649e-04 9.59429e-05 8.97430e-05 8.39941e-05 7.85689e-05 7.33214e-05 6.81307e-05 6.29223e-05 5.76728e-05 5.24022e-05 4.71642e-05 4.20341e-05 3.71013e-05 3.24626e-05 2.82133e-05 2.44289e-05 2.11424e-05 1.83269e-05 1.58983e-05 1.37404e-05 1.17443e-05 9.84769e-06 8.05569e-06 6.43310e-06 5.06931e-06 4.03128e-06 3.32623e-06 2.89183e-06 2.61906e-06 2.39715e-06 2.15325e-06 1.86146e-06 1.52339e-06 1.15120e-06 7.72434e-07 4.36912e-07 1.95623e-07 6.40951e-08 1.38274e-08 1.71224e-09 1.08205e-10 1.91904e-12
7.603736 1.35648e-02 2.18852e-02 1.80802e-02 1.52215e-02 1.32586e-02 1.18665e-02 1.08952e-02 1.02968e-02 1.00044e-02 9.87766e-03 9.75426e-03 9.53050e-03 9.19686e-03 8.81757e-03 8.48512e-03 8.27512e-03 8.20320e-03 8.20389e-03 8.18194e-03 8.09891e-03 7.98248e-03 7.86369e-03 7.74005e-03 7.59296e-03 7.41829e-03 7.23402e-03 7.06634e-03 6.93463e-03 6.84682e-03 6.80241e-03 6.79604e-03 6.81838e-03 6.85659e-03 6.89781e-03 6.93317e-03 6.95686e-03 6.96103e-03 6.93563e-03 6.87616e-03 6.78952e-03 6.68965e-03 6.58853e-03 6.49198e-03 6.40178e-03 6.31927e-03 6.24650e-03 6.18482e-03 6.13432e-03 6.09480e-03 6.06602e-03 6.04700e-03 6.03487e-03 6.02443e-03 6.00923e-03 5.98432e-03 5.94910e-03 5.90830e-03 5.86985e-03 5.84074e-03 5.82370e-03 5.81684e-03 5.81548e-03 5.81350e-03 5.80251e-03 5.77085e-03 5.70603e-03 5.60163e-03 5.46332e-03 5.30773e-03 5.15535e-03 5.02386e-03 4.92505e-03 4.86284e-03 4.82999e-03 4.80866e-03 4.77817e-03 4.72360e-03 4.64671e-03 4.57037e-03 4.51523e-03 4.48110e-03 4.46097e-03 4.45258e-03 4.45475e-03 4.46457e-03 4.47823e-03 4.49230e-03 4.50452e-03 4.51405e-03 4.52108e-03 4.52632e-03 4.53043e-03 4.53381e-03 4.53653e-03 4.53841e-03 4.53924e-03 4.53894e-03 4.53750e-03 4.53479e-03 4.53032e-03 4.52329e-03 4.51283e-03 4.49842e-03 4.48023e-03 4.45894e-03 4.43528e-03 4.40949e-03 4.38174e-03 4.35285e-03 4.32359e-03 4.29340e-03 4.26052e-03 4.22388e-03 4.18460e-03 4.14540e-03 4.10851e-03 4.07434e-03 4.04192e-03 4.00997e-03 3.97722e-03 3.94231e-03 3.90385e-03 3.86092e-03 3.81363e-03 3.76310e-03 3.71079e-03 3.65783e-03 3.60477e-03 3.55171e-03 3.49864e-03 3.44552e-03 3.39224e-03 3.33850e-03 3.28385e-03 3.22779e-03 3.17020e-03 3.11169e-03 3.05376e-03 2.99839e-03 2.94727e-03 2.90114e-03 2.85957e-03 2.82134e-03 2.78502e-03 2.74931e-03 2.71319e-03 2.67593e-03 2.63727e-03 2.59736e-03 2.55670e-03 2.51602e-03 2.47606e-03 2.43745e-03 2.40055e-03 2.36539e-03 2.33174e-03 2.29912e-03 2.26683e-03 2.23407e-03 2.20003e-03 2.16422e-03 2.12669e-03 2.08818e-03 2.05000e-03 2.01358e-03 1.97972e-03 1.94811e-03 1.91739e-03 1.88586e-03 1.85234e-03 1.81662e-03 1.77932e-03 1.74133e-03 1.70341e-03 1.66596e-03 1.62910e-03 1.59277e-03 1.55688e-03 1.52155e-03 1.48731e-03 1.45515e-03 1.42609e-03 1.40059e-03 1.37846e-03 1.35923e-03 1.34248e-03 1.32788e-03 1.31499e-03 1.30334e-03 1.29246e-03 1.28203e-03 1.27185e-03 1.26174e-03 1.25156e-03 1.24120e-03 1.23060e-03 1.21977e-03 1.20871e-03 1.19743e-03 1.18592e-03 1.17421e-03 1.16235e-03 1.15045e-03 1.13860e-03 1.12687e-03 1.11530e-03 1.10389e-03 1.09259e-03 1.08129e-03 1.06989e-03 1.05841e-03 1.04704e-03 1.03595e-03 1.02462e-03 1.01141e-03 9.94152e-04 9.71781e-04 9.45383e-04 9.17594e-04 8.90803e-04 8.65877e-04 8.42351e-04 8.19567e-04 7.97559e-04 7.76934e-04 7.58195e-04 7.41386e-04 7.26286e-04 7.12648e-04 7.00191e-04 6.88554e-04 6.77410e-04 6.66645e-04 6.56367e-04 6.46686e-04 6.37433e-04 6.28072e-04 6.17957e-04 6.06779e-04 5.94853e-04 5.82980e-04 5.71925e-04 5.61954e-04 5.52861e-04 5.44509e-04 5.37360e-04 5.32392e-04 5.30376e-04 5.31148e-04 5.33519e-04 5.35773e-04 5.36249e-04 5.33582e-04 5.26631e-04 5.14463e-04 4.96676e-04 4.73894e-04 4.47932e-04 4.21297e-04 3.96210e-04 3.73788e-04 3.53865e-04 3.35441e-04 3.17354e-04 2.98769e-04 2.79374e-04 2.59351e-04 2.39260e-04 2.19876e-04 2.01957e-04 1.86001e-04 1.72138e-04 1.60234e-04 1.50012e-04 1.41067e-04 1.32886e-04 1.25033e-04 1.17312e-04 1.09733e-04 1.02411e-04 9.55002e-05 8.91266e-05 8.33146e-05 7.79713e-05 7.29335e-05 6.80324e-05 6.31413e-05 5.81948e-05 5.31844e-05 4.81421e-05 4.31246e-05 3.82062e-05 3.34782e-05 2.90436e-05 2.49989e-05 2.14087e-05 1.82861e-05 1.55895e-05 1.32374e-05 1.11341e-05 9.20384e-06 7.42029e-06 5.81487e-06 4.45399e-06 3.39454e-06 2.64380e-06 2.14786e-06 1.81425e-06 1.55228e-06 1.30306e-06 1.04337e-06 7.74101e-07 5.12331e-07 2.87756e-07 1.28905e-07 4.26347e-08 9.42535e-09 1.23993e-09 8.84982e-11 1.73173e-12
7.703785 1.29239e-02 2.10546e-02 1.76656e-02 1.50507e-02 1.31565e-02 1.17738e-02 1.08305e-02 1.02841e-02 1.00298e-02 9.89774e-03 9.73142e-03 9.46406e-03 9.13329e-03 8.83424e-03 8.63629e-03 8.52051e-03 8.41141e-03 8.26923e-03 8.11616e-03 7.98125e-03 7.85893e-03 7.72206e-03 7.55482e-03 7.36675e-03 7.18346e-03 7.03070e-03 6.92330e-03 6.86227e-03 6.83822e-03 6.83700e-03 6.84549e-03 6.85685e-03 6.87182e-03 6.89183e-03 6.90916e-03 6.90747e-03 6.87517e-03 6.81473e-03 6.73729e-03 6.65307e-03 6.56819e-03 6.48586e-03 6.40787e-03 6.33583e-03 6.27182e-03 6.21742e-03 6.17247e-03 6.13564e-03 6.10515e-03 6.07902e-03 6.05526e-03 6.03209e-03 6.00734e-03 5.97783e-03 5.94000e-03 5.89223e-03 5.83713e-03 5.78154e-03 5.73355e-03 5.69864e-03 5.67742e-03 5.66589e-03 5.65743e-03 5.64551e-03 5.62570e-03 5.59592e-03 5.55430e-03 5.49663e-03 5.41733e-03 5.31468e-03 5.19609e-03 5.07754e-03 4.97619e-03 4.90190e-03 4.85510e-03 4.83013e-03 4.81723e-03 4.80024e-03 4.75912e-03 4.68994e-03 4.61720e-03 4.56619e-03 4.53945e-03 4.52884e-03 4.52788e-03 4.53194e-03 4.53747e-03 4.54229e-03 4.54525e-03 4.54589e-03 4.54441e-03 4.54159e-03 4.53870e-03 4.53709e-03 4.53776e-03 4.54100e-03 4.54621e-03 4.55206e-03 4.55679e-03 4.55876e-03 4.55687e-03 4.55082e-03 4.54109e-03 4.52880e-03 4.51529e-03 4.50148e-03 4.48719e-03 4.47083e-03 4.45022e-03 4.42362e-03 4.39023e-03 4.35107e-03 4.30993e-03 4.27183e-03 4.23932e-03 4.21149e-03 4.18619e-03 4.16154e-03 4.13551e-03 4.10570e-03 4.07001e-03 4.02753e-03 3.97866e-03 3.92465e-03 3.86710e-03 3.80754e-03 3.74714e-03 3.68644e-03 3.62538e-03 3.56359e-03 3.50073e-03 3.43661e-03 3.37139e-03 3.30571e-03 3.24090e-03 3.17887e-03 3.12155e-03 3.07010e-03 3.02433e-03 2.98290e-03 2.94398e-03 2.90590e-03 2.86749e-03 2.82809e-03 2.78752e-03 2.74595e-03 2.70383e-03 2.66165e-03 2.61984e-03 2.57874e-03 2.53862e-03 2.49972e-03 2.46223e-03 2.42624e-03 2.39157e-03 2.35774e-03 2.32398e-03 2.28948e-03 2.25363e-03 2.21643e-03 2.17863e-03 2.14164e-03 2.10695e-03 2.07529e-03 2.04600e-03 2.01721e-03 1.98668e-03 1.95289e-03 1.91567e-03 1.87591e-03 1.83495e-03 1.79401e-03 1.75381e-03 1.71459e-03 1.67633e-03 1.63900e-03 1.60278e-03 1.56794e-03 1.53465e-03 1.50293e-03 1.47283e-03 1.44466e-03 1.41884e-03 1.39557e-03 1.37470e-03 1.35581e-03 1.33843e-03 1.32213e-03 1.30661e-03 1.29165e-03 1.27711e-03 1.26292e-03 1.24903e-03 1.23548e-03 1.22235e-03 1.20973e-03 1.19769e-03 1.18621e-03 1.17516e-03 1.16439e-03 1.15377e-03 1.14320e-03 1.13266e-03 1.12212e-03 1.11152e-03 1.10073e-03 1.08956e-03 1.07771e-03 1.06491e-03 1.05093e-03 1.03576e-03 1.01972e-03 1.00338e-03 9.87453e-04 9.72452e-04 9.58417e-04 9.44599e-04 9.29472e-04 9.11378e-04 8.89548e-04 8.64702e-04 8.38652e-04 8.13262e-04 7.89602e-04 7.67829e-04 7.47627e-04 7.28660e-04 7.10677e-04 6.93465e-04 6.76905e-04 6.61124e-04 6.46499e-04 6.33431e-04 6.22021e-04 6.11893e-04 6.02320e-04 5.92581e-04 5.82317e-04 5.71656e-04 5.61102e-04 5.51349e-04 5.43126e-04 5.37035e-04 5.33282e-04 5.31443e-04 5.30551e-04 5.29518e-04 5.27624e-04 5.24747e-04 5.21206e-04 5.17310e-04 5.12859e-04 5.06974e-04 4.98429e-04 4.86361e-04 4.70886e-04 4.53148e-04 4.34739e-04 4.16925e-04 4.00255e-04 3.84695e-04 3.69971e-04 3.55780e-04 3.41819e-04 3.27741e-04 3.13117e-04 2.97495e-04 2.80540e-04 2.62196e-04 2.42794e-04 2.23045e-04 2.03877e-04 1.86156e-04 1.70442e-04 1.56915e-04 1.45456e-04 1.35743e-04 1.27302e-04 1.19600e-04 1.12205e-04 1.04947e-04 9.79050e-05 9.12618e-05 8.51514e-05 7.95762e-05 7.44103e-05 6.94723e-05 6.46048e-05 5.97157e-05 5.47775e-05 4.98028e-05 4.48256e-05 3.98958e-05 3.50863e-05 3.04915e-05 2.62122e-05 2.23299e-05 1.88874e-05 1.58811e-05 1.32671e-05 1.09764e-05 8.93911e-06 7.11271e-06 5.49874e-06 4.13335e-06 3.05315e-06 2.25959e-06 1.70668e-06 1.31917e-06 1.02436e-06 7.74299e-07 5.49351e-07 3.51036e-07 1.92252e-07 8.49455e-08 2.81146e-08 6.37035e-09 9.01089e-10 7.25294e-11 1.44878e-12
7.803834 1.43129e-02 2.22744e-02 1.78754e-02 1.48989e-02 1.29717e-02 1.16257e-02 1.07210e-02 1.01940e-02 9.92388e-03 9.75006e-03 9.56207e-03 9.34724e-03 9.14877e-03 8.98195e-03 8.80735e-03 8.59228e-03 8.36029e-03 8.15619e-03 7.99185e-03 7.84351e-03 7.68440e-03 7.50774e-03 7.32680e-03 7.16433e-03 7.04024e-03 6.96136e-03 6.91931e-03 6.89787e-03 6.88338e-03 6.87066e-03 6.86218e-03 6.86185e-03 6.86691e-03 6.86544e-03 6.84480e-03 6.80218e-03 6.74394e-03 6.67703e-03 6.60492e-03 6.52993e-03 6.45513e-03 6.38387e-03 6.31899e-03 6.26272e-03 6.21605e-03 6.17786e-03 6.14536e-03 6.11564e-03 6.08631e-03 6.05555e-03 6.02246e-03 5.98722e-03 5.95066e-03 5.91315e-03 5.87329e-03 5.82816e-03 5.77558e-03 5.71693e-03 5.65765e-03 5.60476e-03 5.56343e-03 5.53494e-03 5.51656e-03 5.50275e-03 5.48746e-03 5.46679e-03 5.44055e-03 5.41084e-03 5.37811e-03 5.33831e-03 5.28519e-03 5.21616e-03 5.13601e-03 5.05488e-03 4.98244e-03 4.92353e-03 4.87983e-03 4.85361e-03 4.84332e-03 4.83178e-03 4.79052e-03 4.71319e-03 4.62976e-03 4.56951e-03 4.53504e-03 4.51679e-03 4.50755e-03 4.50342e-03 4.50195e-03 4.50156e-03 4.50141e-03 4.50132e-03 4.50149e-03 4.50233e-03 4.50422e-03 4.50727e-03 4.51123e-03 4.51556e-03 4.51960e-03 4.52280e-03 4.52487e-03 4.52569e-03 4.52521e-03 4.52337e-03 4.52000e-03 4.51482e-03 4.50724e-03 4.49606e-03 4.47926e-03 4.45456e-03 4.42154e-03 4.38377e-03 4.34705e-03 4.31549e-03 4.29034e-03 4.27036e-03 4.25239e-03 4.23251e-03 4.20733e-03 4.17487e-03 4.13472e-03 4.08778e-03 4.03571e-03 3.98015e-03 3.92210e-03 3.86178e-03 3.79877e-03 3.73245e-03 3.66246e-03 3.58897e-03 3.51304e-03 3.43657e-03 3.36217e-03 3.29250e-03 3.22947e-03 3.17354e-03 3.12375e-03 3.07828e-03 3.03525e-03 2.99329e-03 2.95165e-03 2.91004e-03 2.86846e-03 2.82702e-03 2.78586e-03 2.74507e-03 2.70473e-03 2.66495e-03 2.62596e-03 2.58800e-03 2.55122e-03 2.51553e-03 2.48063e-03 2.44601e-03 2.41104e-03 2.37509e-03 2.33773e-03 2.29905e-03 2.25988e-03 2.22170e-03 2.18619e-03 2.15436e-03 2.12581e-03 2.09864e-03 2.07031e-03 2.03881e-03 2.00345e-03 1.96478e-03 1.92399e-03 1.88227e-03 1.84059e-03 1.79975e-03 1.76040e-03 1.72298e-03 1.68752e-03 1.65356e-03 1.62048e-03 1.58780e-03 1.55547e-03 1.52374e-03 1.49308e-03 1.46393e-03 1.43661e-03 1.41129e-03 1.38793e-03 1.36633e-03 1.34619e-03 1.32720e-03 1.30911e-03 1.29176e-03 1.27507e-03 1.25901e-03 1.24362e-03 1.22898e-03 1.21517e-03 1.20230e-03 1.19039e-03 1.17937e-03 1.16909e-03 1.15932e-03 1.14979e-03 1.14023e-03 1.13038e-03 1.11993e-03 1.10861e-03 1.09619e-03 1.08254e-03 1.06757e-03 1.05130e-03 1.03376e-03 1.01511e-03 9.95662e-04 9.75894e-04 9.56363e-04 9.37583e-04 9.19940e-04 9.03674e-04 8.88881e-04 8.75427e-04 8.62738e-04 8.49708e-04 8.34954e-04 8.17426e-04 7.96917e-04 7.74133e-04 7.50318e-04 7.26698e-04 7.04100e-04 6.82990e-04 6.63745e-04 6.46739e-04 6.32134e-04 6.19616e-04 6.08382e-04 5.97460e-04 5.86150e-04 5.74381e-04 5.62810e-04 5.52616e-04 5.44968e-04 5.40336e-04 5.38087e-04 5.36717e-04 5.34583e-04 5.30657e-04 5.24845e-04 5.17790e-04 5.10369e-04 5.03220e-04 4.96454e-04 4.89592e-04 4.81714e-04 4.71928e-04 4.59961e-04 4.46438e-04 4.32672e-04 4.20035e-04 4.09243e-04 4.00080e-04 3.91710e-04 3.83188e-04 3.73798e-04 3.63181e-04 3.51347e-04 3.38604e-04 3.25414e-04 3.12197e-04 2.99156e-04 2.86165e-04 2.72782e-04 2.58449e-04 2.42796e-04 2.25906e-04 2.08353e-04 1.91005e-04 1.74701e-04 1.60035e-04 1.47270e-04 1.36370e-04 1.27034e-04 1.18792e-04 1.11148e-04 1.03769e-04 9.66168e-05 8.98674e-05 8.36895e-05 7.80809e-05 7.28801e-05 6.78802e-05 6.29258e-05 5.79399e-05 5.29031e-05 4.78287e-05 4.27551e-05 3.77491e-05 3.29023e-05 2.83169e-05 2.40838e-05 2.02650e-05 1.68841e-05 1.39271e-05 1.13513e-05 9.10205e-06 7.13523e-06 5.43481e-06 4.01160e-06 2.88059e-06 2.03325e-06 1.42688e-06 9.97914e-07 6.85808e-07 4.49490e-07 2.69604e-07 1.40749e-07 6.02584e-08 1.97112e-08 4.54722e-09 6.88790e-10 6.16463e-11 1.30577e-12
7.903883 1.27746e-02 2.10389e-02 1.76870e-02 1.49293e-02 1.29326e-02 1.15385e-02 1.06315e-02 1.01009e-02 9.80582e-03 9.62075e-03 9.48650e-03 9.38589e-03 9.27989e-03 9.10839e-03 8.85614e-03 8.57160e-03 8.30963e-03 8.08634e-03 7.88965e-03 7.70669e-03 7.53439e-03 7.37816e-03 7.24818e-03 7.15174e-03 7.08590e-03 7.03959e-03 7.00283e-03 6.97205e-03 6.94827e-03 6.93326e-03 6.92589e-03 6.91935e-03 6.90302e-03 6.86944e-03 6.81944e-03 6.75927e-03 6.69418e-03 6.62615e-03 6.55610e-03 6.48606e-03 6.41912e-03 6.35845e-03 6.30638e-03 6.26352e-03 6.22816e-03 6.19680e-03 6.16591e-03 6.13316e-03 6.09743e-03 6.05866e-03 6.01778e-03 5.97644e-03 5.93669e-03 5.89997e-03 5.86551e-03 5.82963e-03 5.78704e-03 5.73416e-03 5.67231e-03 5.60802e-03 5.54970e-03 5.50366e-03 5.47207e-03 5.45309e-03 5.44199e-03 5.43262e-03 5.41974e-03 5.40121e-03 5.37838e-03 5.35357e-03 5.32687e-03 5.29555e-03 5.25706e-03 5.21155e-03 5.16057e-03 5.10404e-03 5.04102e-03 4.97474e-03 4.91666e-03 4.88232e-03 4.87477e-03 4.86799e-03 4.82232e-03 4.73145e-03 4.63373e-03 4.56506e-03 4.52882e-03 4.51222e-03 4.50495e-03 4.50203e-03 4.50121e-03 4.50137e-03 4.50189e-03 4.50246e-03 4.50288e-03 4.50298e-03 4.50267e-03 4.50213e-03 4.50191e-03 4.50267e-03 4.50475e-03 4.50776e-03 4.51070e-03 4.51253e-03 4.51281e-03 4.51156e-03 4.50845e-03 4.50174e-03 4.48876e-03 4.46739e-03 4.43762e-03 4.40367e-03 4.37311e-03 4.35022e-03 4.33287e-03 4.31644e-03 4.29755e-03 4.27456e-03 4.24690e-03 4.21432e-03 4.17637e-03 4.13232e-03 4.08134e-03 4.02301e-03 3.95741e-03 3.88509e-03 3.80692e-03 3.72421e-03 3.63898e-03 3.55420e-03 3.47340e-03 3.39984e-03 3.33533e-03 3.27961e-03 3.23062e-03 3.18549e-03 3.14169e-03 3.09769e-03 3.05308e-03 3.00811e-03 2.96334e-03 2.91924e-03 2.87616e-03 2.83429e-03 2.79376e-03 2.75470e-03 2.71732e-03 2.68181e-03 2.64820e-03 2.61627e-03 2.58549e-03 2.55502e-03 2.52381e-03 2.49081e-03 2.45523e-03 2.41687e-03 2.37640e-03 2.33532e-03 2.29567e-03 2.25928e-03 2.22683e-03 2.19731e-03 2.16841e-03 2.13767e-03 2.10367e-03 2.06637e-03 2.02669e-03 1.98586e-03 1.94487e-03 1.90441e-03 1.86476e-03 1.82593e-03 1.78773e-03 1.75003e-03 1.71282e-03 1.67630e-03 1.64075e-03 1.60647e-03 1.57375e-03 1.54284e-03 1.51391e-03 1.48696e-03 1.46187e-03 1.43834e-03 1.41601e-03 1.39452e-03 1.37360e-03 1.35310e-03 1.33299e-03 1.31335e-03 1.29429e-03 1.27597e-03 1.25851e-03 1.24200e-03 1.22650e-03 1.21199e-03 1.19842e-03 1.18565e-03 1.17353e-03 1.16186e-03 1.15047e-03 1.13920e-03 1.12789e-03 1.11637e-03 1.10442e-03 1.09179e-03 1.07815e-03 1.06319e-03 1.04660e-03 1.02825e-03 1.00827e-03 9.87122e-04 9.65577e-04 9.44483e-04 9.24510e-04 9.05941e-04 8.88639e-04 8.72212e-04 8.56286e-04 8.40734e-04 8.25710e-04 8.11457e-04 7.97966e-04 7.84683e-04 7.70497e-04 7.54160e-04 7.34989e-04 7.13435e-04 6.91104e-04 6.70082e-04 6.51902e-04 6.36863e-04 6.24168e-04 6.12675e-04 6.01670e-04 5.91185e-04 5.81772e-04 5.73982e-04 5.67912e-04 5.63046e-04 5.58421e-04 5.53023e-04 5.46200e-04 5.37893e-04 5.28557e-04 5.18856e-04 5.09345e-04 5.00281e-04 4.91531e-04 4.82498e-04 4.72319e-04 4.60323e-04 4.46351e-04 4.30919e-04 4.15243e-04 4.00823e-04 3.88732e-04 3.79239e-04 3.71962e-04 3.66242e-04 3.61398e-04 3.56800e-04 3.51846e-04 3.45964e-04 3.38683e-04 3.29736e-04 3.19165e-04 3.07353e-04 2.94953e-04 2.82720e-04 2.71253e-04 2.60729e-04 2.50739e-04 2.40398e-04 2.28784e-04 2.15457e-04 2.00693e-04 1.85290e-04 1.70168e-04 1.56070e-04 1.43442e-04 1.32390e-04 1.22702e-04 1.13967e-04 1.05784e-04 9.79782e-05 9.06639e-05 8.40601e-05 7.82168e-05 7.29390e-05 6.79244e-05 6.29223e-05 5.77982e-05 5.25241e-05 4.71480e-05 4.17639e-05 3.64868e-05 3.14323e-05 2.67017e-05 2.23723e-05 1.84907e-05 1.50702e-05 1.20940e-05 9.52532e-06 7.32475e-06 5.46588e-06 3.93893e-06 2.73721e-06 1.83810e-06 1.19579e-06 7.51056e-07 4.48428e-07 2.46949e-07 1.20050e-07 4.87212e-08 1.54475e-08 3.56412e-09 5.64870e-10 5.44910e-11 1.18979e-12
8.003932 1.25994e-02 2.03933e-02 1.70571e-02 1.45524e-02 1.27298e-02 1.14055e-02 1.05223e-02 9.99031e-03 9.69432e-03 9.54906e-03 9.49669e-03 9.45973e-03 9.34783e-03 9.12499e-03 8.82966e-03 8.52004e-03 8.23071e-03 7.97647e-03 7.76546e-03 7.59953e-03 7.47245e-03 7.37306e-03 7.29048e-03 7.21810e-03 7.15435e-03 7.10049e-03 7.05804e-03 7.02805e-03 7.01033e-03 7.00168e-03 6.99473e-03 6.97916e-03 6.94586e-03 6.89245e-03 6.82482e-03 6.75203e-03 6.68028e-03 6.61165e-03 6.54632e-03 6.48457e-03 6.42740e-03 6.37613e-03 6.33147e-03 6.29259e-03 6.25733e-03 6.22324e-03 6.18838e-03 6.15142e-03 6.11173e-03 6.06964e-03 6.02627e-03 5.98330e-03 5.94276e-03 5.90609e-03 5.87291e-03 5.84048e-03 5.80443e-03 5.76076e-03 5.70820e-03 5.64946e-03 5.59057e-03 5.53865e-03 5.49929e-03 5.47471e-03 5.46305e-03 5.45882e-03 5.45459e-03 5.44375e-03 5.42322e-03 5.39404e-03 5.35953e-03 5.32253e-03 5.28424e-03 5.24540e-03 5.20806e-03 5.17514e-03 5.14649e-03 5.11496e-03 5.07010e-03 5.01050e-03 4.95264e-03 4.92061e-03 4.91758e-03 4.90862e-03 4.85104e-03 4.74738e-03 4.64366e-03 4.57542e-03 4.54266e-03 4.52978e-03 4.52503e-03 4.52305e-03 4.52159e-03 4.51942e-03 4.51584e-03 4.51080e-03 4.50495e-03 4.49932e-03 4.49487e-03 4.49189e-03 4.49004e-03 4.48881e-03 4.48793e-03 4.48689e-03 4.48427e-03 4.47803e-03 4.46700e-03 4.45189e-03 4.43489e-03 4.41811e-03 4.40212e-03 4.38735e-03 4.37543e-03 4.36690e-03 4.35931e-03 4.34897e-03 4.33313e-03 4.31037e-03 4.27999e-03 4.24140e-03 4.19392e-03 4.13666e-03 4.06870e-03 3.98971e-03 3.90077e-03 3.80487e-03 3.70661e-03 3.61115e-03 3.52295e-03 3.44479e-03 3.37728e-03 3.31919e-03 3.26829e-03 3.22229e-03 3.17938e-03 3.13832e-03 3.09831e-03 3.05877e-03 3.01932e-03 2.97986e-03 2.94056e-03 2.90174e-03 2.86374e-03 2.82687e-03 2.79150e-03 2.75797e-03 2.72649e-03 2.69699e-03 2.66911e-03 2.64223e-03 2.61552e-03 2.58799e-03 2.55852e-03 2.52612e-03 2.49032e-03 2.45157e-03 2.41139e-03 2.37189e-03 2.33481e-03 2.30056e-03 2.26793e-03 2.23482e-03 2.19947e-03 2.16141e-03 2.12144e-03 2.08093e-03 2.04098e-03 2.00205e-03 1.96394e-03 1.92609e-03 1.88794e-03 1.84915e-03 1.80974e-03 1.77002e-03 1.73059e-03 1.69215e-03 1.65540e-03 1.62083e-03 1.58864e-03 1.55879e-03 1.53104e-03 1.50508e-03 1.48054e-03 1.45709e-03 1.43442e-03 1.41229e-03 1.39054e-03 1.36908e-03 1.34790e-03 1.32706e-03 1.30665e-03 1.28680e-03 1.26763e-03 1.24924e-03 1.23172e-03 1.21510e-03 1.19937e-03 1.18447e-03 1.17029e-03 1.15669e-03 1.14346e-03 1.13039e-03 1.11725e-03 1.10381e-03 1.08985e-03 1.07521e-03 1.05978e-03 1.04351e-03 1.02641e-03 1.00855e-03 9.90076e-04 9.71257e-04 9.52480e-04 9.34225e-04 9.16934e-04 9.00847e-04 8.85876e-04 8.71601e-04 8.57378e-04 8.42541e-04 8.26618e-04 8.09500e-04 7.91491e-04 7.73217e-04 7.55438e-04 7.38830e-04 7.23812e-04 7.10400e-04 6.98151e-04 6.86271e-04 6.73961e-04 6.60841e-04 6.47171e-04 6.33647e-04 6.20969e-04 6.09578e-04 5.99654e-04 5.91146e-04 5.83705e-04 5.76671e-04 5.69282e-04 5.60986e-04 5.51616e-04 5.41343e-04 5.30498e-04 5.19454e-04 5.08508e-04 4.97656e-04 4.86469e-04 4.74250e-04 4.60278e-04 4.44123e-04 4.26109e-04 4.07432e-04 3.89645e-04 3.73945e-04 3.60846e-04 3.50281e-04 3.41909e-04 3.35343e-04 3.30231e-04 3.26246e-04 3.23041e-04 3.20231e-04 3.17377e-04 3.13999e-04 3.09611e-04 3.03784e-04 2.96248e-04 2.87008e-04 2.76423e-04 2.65215e-04 2.54340e-04 2.44731e-04 2.36890e-04 2.30499e-04 2.24363e-04 2.16920e-04 2.07098e-04 1.94845e-04 1.80967e-04 1.66562e-04 1.52581e-04 1.39638e-04 1.27969e-04 1.17472e-04 1.07883e-04 9.90266e-05 9.09750e-05 8.39462e-05 7.79819e-05 7.27719e-05 6.78234e-05 6.27407e-05 5.73573e-05 5.17047e-05 4.59191e-05 4.01616e-05 3.45772e-05 2.92844e-05 2.43798e-05 1.99388e-05 1.60094e-05 1.26052e-05 9.70717e-06 7.27766e-06 5.27824e-06 3.67816e-06 2.44814e-06 1.54854e-06 9.25073e-07 5.15928e-07 2.63002e-07 1.18463e-07 4.49637e-08 1.35551e-08 3.04837e-09 4.86558e-10 4.82673e-11 1.08876e-12
8.103982 1.31848e-02 2.11959e-02 1.73697e-02 1.44454e-02 1.24986e-02 1.11956e-02 1.03400e-02 9.81488e-03 9.54131e-03 9.45532e-03 9.46388e-03 9.44024e-03 9.29459e-03 9.02732e-03 8.69677e-03 8.36311e-03 8.06818e-03 7.83529e-03 7.66759e-03 7.54922e-03 7.45638e-03 7.37158e-03 7.28963e-03 7.21293e-03 7.14514e-03 7.08966e-03 7.05040e-03 7.03009e-03 7.02663e-03 7.03098e-03 7.02888e-03 7.00655e-03 6.95816e-03 6.88895e-03 6.81058e-03 6.73358e-03 6.66333e-03 6.60053e-03 6.54344e-03 6.49000e-03 6.43899e-03 6.39017e-03 6.34371e-03 6.29979e-03 6.25851e-03 6.21952e-03 6.18138e-03 6.14197e-03 6.10013e-03 6.05657e-03 6.01329e-03 5.97222e-03 5.93422e-03 5.89931e-03 5.86719e-03 5.83702e-03 5.80665e-03 5.77310e-03 5.73446e-03 5.69122e-03 5.64585e-03 5.60142e-03 5.56128e-03 5.52899e-03 5.50695e-03 5.49406e-03 5.48501e-03 5.47257e-03 5.45108e-03 5.41890e-03 5.37820e-03 5.33275e-03 5.28587e-03 5.24010e-03 5.19820e-03 5.16396e-03 5.14149e-03 5.13273e-03 5.13372e-03 5.13204e-03 5.11038e-03 5.06064e-03 4.99843e-03 4.95469e-03 4.94022e-03 4.92340e-03 4.86295e-03 4.76124e-03 4.66169e-03 4.59788e-03 4.56928e-03 4.55900e-03 4.55372e-03 4.54768e-03 4.53942e-03 4.52920e-03 4.51780e-03 4.50595e-03 4.49401e-03 4.48197e-03 4.46949e-03 4.45600e-03 4.44087e-03 4.42429e-03 4.40805e-03 4.39484e-03 4.38627e-03 4.38167e-03 4.37926e-03 4.37837e-03 4.37936e-03 4.38204e-03 4.38527e-03 4.38690e-03 4.38404e-03 4.37368e-03 4.35337e-03 4.32133e-03 4.27649e-03 4.21833e-03 4.14684e-03 4.06282e-03 3.96847e-03 3.86744e-03 3.76418e-03 3.66304e-03 3.56779e-03 3.48135e-03 3.40530e-03 3.33949e-03 3.28214e-03 3.23076e-03 3.18327e-03 3.13863e-03 3.09670e-03 3.05758e-03 3.02109e-03 2.98663e-03 2.95340e-03 2.92073e-03 2.88842e-03 2.85676e-03 2.82639e-03 2.79784e-03 2.77128e-03 2.74633e-03 2.72232e-03 2.69856e-03 2.67455e-03 2.64988e-03 2.62401e-03 2.59617e-03 2.56563e-03 2.53213e-03 2.49624e-03 2.45940e-03 2.42341e-03 2.38952e-03 2.35758e-03 2.32602e-03 2.29276e-03 2.25654e-03 2.21758e-03 2.17716e-03 2.13670e-03 2.09709e-03 2.05854e-03 2.02083e-03 1.98357e-03 1.94640e-03 1.90903e-03 1.87133e-03 1.83328e-03 1.79502e-03 1.75682e-03 1.71909e-03 1.68238e-03 1.64721e-03 1.61394e-03 1.58266e-03 1.55319e-03 1.52516e-03 1.49819e-03 1.47197e-03 1.44631e-03 1.42113e-03 1.39644e-03 1.37232e-03 1.34884e-03 1.32605e-03 1.30402e-03 1.28278e-03 1.26237e-03 1.24284e-03 1.22420e-03 1.20648e-03 1.18963e-03 1.17359e-03 1.15824e-03 1.14342e-03 1.12893e-03 1.11455e-03 1.10006e-03 1.08527e-03 1.07006e-03 1.05438e-03 1.03830e-03 1.02195e-03 1.00550e-03 9.89054e-04 9.72642e-04 9.56227e-04 9.39788e-04 9.23400e-04 9.07259e-04 8.91645e-04 8.76828e-04 8.62968e-04 8.50053e-04 8.37886e-04 8.26100e-04 8.14200e-04 8.01637e-04 7.87939e-04 7.72927e-04 7.56968e-04 7.41074e-04 7.26610e-04 7.14639e-04 7.05261e-04 6.97434e-04 6.89433e-04 6.79683e-04 6.67498e-04 6.53382e-04 6.38740e-04 6.25093e-04 6.13249e-04 6.03020e-04 5.93584e-04 5.84084e-04 5.73978e-04 5.63053e-04 5.51336e-04 5.39061e-04 5.26576e-04 5.14109e-04 5.01503e-04 4.88050e-04 4.72703e-04 4.54748e-04 4.34462e-04 4.13086e-04 3.92211e-04 3.73100e-04 3.56375e-04 3.42083e-04 3.29963e-04 3.19712e-04 3.11129e-04 3.04100e-04 2.98537e-04 2.94320e-04 2.91264e-04 2.89111e-04 2.87532e-04 2.86135e-04 2.84492e-04 2.82161e-04 2.78714e-04 2.73791e-04 2.67178e-04 2.58912e-04 2.49389e-04 2.39407e-04 2.30100e-04 2.22679e-04 2.17921e-04 2.15537e-04 2.13897e-04 2.10634e-04 2.03928e-04 1.93433e-04 1.80102e-04 1.65370e-04 1.50497e-04 1.36334e-04 1.23324e-04 1.11609e-04 1.01207e-04 9.21886e-05 8.46625e-05 7.85150e-05 7.32283e-05 6.81035e-05 6.26500e-05 5.67410e-05 5.05079e-05 4.41719e-05 3.79387e-05 3.19688e-05 2.63889e-05 2.13056e-05 1.68036e-05 1.29302e-05 9.68550e-06 7.03089e-06 4.91139e-06 3.27158e-06 2.05685e-06 1.20648e-06 6.50823e-07 3.16437e-07 1.34668e-07 4.81353e-08 1.36953e-08 2.92560e-09 4.49439e-10 4.41377e-11 1.02587e-12
8.204031 1.18216e-02 1.96289e-02 1.66676e-02 1.42081e-02 1.23875e-02 1.10926e-02 1.02223e-02 9.69623e-03 9.45928e-03 9.43348e-03 9.47694e-03 9.43565e-03 9.24075e-03 8.92800e-03 8.57669e-03 8.25426e-03 7.99702e-03 7.80931e-03 7.67270e-03 7.56300e-03 7.46402e-03 7.37035e-03 7.28282e-03 7.20460e-03 7.14059e-03 7.09701e-03 7.07821e-03 7.08214e-03 7.09838e-03 7.11058e-03 7.10302e-03 7.06773e-03 7.00754e-03 6.93270e-03 6.85445e-03 6.78051e-03 6.71419e-03 6.65527e-03 6.60140e-03 6.54959e-03 6.49752e-03 6.44427e-03 6.39033e-03 6.33747e-03 6.28765e-03 6.24122e-03 6.19632e-03 6.15077e-03 6.10473e-03 6.06078e-03 6.02146e-03 5.98697e-03 5.95557e-03 5.92579e-03 5.89768e-03 5.87202e-03 5.84825e-03 5.82380e-03 5.79560e-03 5.76265e-03 5.72672e-03 5.69057e-03 5.65588e-03 5.62346e-03 5.59475e-03 5.57140e-03 5.55266e-03 5.53413e-03 5.50997e-03 5.47646e-03 5.43387e-03 5.38547e-03 5.33543e-03 5.28742e-03 5.24441e-03 5.20880e-03 5.18224e-03 5.16530e-03 5.15744e-03 5.15729e-03 5.16203e-03 5.16514e-03 5.15506e-03 5.12139e-03 5.06929e-03 5.02223e-03 4.99579e-03 4.97126e-03 4.91543e-03 4.82590e-03 4.73542e-03 4.67286e-03 4.63959e-03 4.62106e-03 4.60477e-03 4.58540e-03 4.56222e-03 4.53606e-03 4.50785e-03 4.47856e-03 4.44984e-03 4.42429e-03 4.40465e-03 4.39248e-03 4.38740e-03 4.38768e-03 4.39173e-03 4.39887e-03 4.40879e-03 4.42053e-03 4.43235e-03 4.44184e-03 4.44618e-03 4.44251e-03 4.42828e-03 4.40140e-03 4.36004e-03 4.30279e-03 4.22924e-03 4.14087e-03 4.04153e-03 3.93661e-03 3.83127e-03 3.72939e-03 3.63393e-03 3.54737e-03 3.47107e-03 3.40435e-03 3.34472e-03 3.28925e-03 3.23597e-03 3.18439e-03 3.13490e-03 3.08807e-03 3.04422e-03 3.00348e-03 2.96601e-03 2.93198e-03 2.90143e-03 2.87411e-03 2.84945e-03 2.82664e-03 2.80476e-03 2.78291e-03 2.76030e-03 2.73646e-03 2.71135e-03 2.68533e-03 2.65874e-03 2.63158e-03 2.60343e-03 2.57386e-03 2.54289e-03 2.51117e-03 2.47987e-03 2.45011e-03 2.42243e-03 2.39631e-03 2.37030e-03 2.34252e-03 2.31160e-03 2.27729e-03 2.24039e-03 2.20219e-03 2.16385e-03 2.12613e-03 2.08933e-03 2.05343e-03 2.01823e-03 1.98342e-03 1.94873e-03 1.91389e-03 1.87872e-03 1.84314e-03 1.80717e-03 1.77094e-03 1.73469e-03 1.69873e-03 1.66339e-03 1.62889e-03 1.59528e-03 1.56248e-03 1.53040e-03 1.49901e-03 1.46846e-03 1.43894e-03 1.41069e-03 1.38381e-03 1.35829e-03 1.33403e-03 1.31084e-03 1.28857e-03 1.26708e-03 1.24630e-03 1.22618e-03 1.20670e-03 1.18785e-03 1.16960e-03 1.15190e-03 1.13462e-03 1.11763e-03 1.10081e-03 1.08409e-03 1.06752e-03 1.05122e-03 1.03534e-03 1.01999e-03 1.00512e-03 9.90560e-04 9.76089e-04 9.61534e-04 9.46839e-04 9.32024e-04 9.17131e-04 9.02246e-04 8.87528e-04 8.73174e-04 8.59326e-04 8.46035e-04 8.33312e-04 8.21211e-04 8.09895e-04 7.99596e-04 7.90510e-04 7.82712e-04 7.76144e-04 7.70584e-04 7.65472e-04 7.59743e-04 7.52017e-04 7.41245e-04 7.27422e-04 7.11802e-04 6.96387e-04 6.82939e-04 6.72056e-04 6.62930e-04 6.54012e-04 6.44036e-04 6.32589e-04 6.19923e-04 6.06443e-04 5.92424e-04 5.78063e-04 5.63568e-04 5.49027e-04 5.34150e-04 5.18155e-04 5.00078e-04 4.79440e-04 4.56727e-04 4.33219e-04 4.10353e-04 3.89187e-04 3.70222e-04 3.53486e-04 3.38717e-04 3.25581e-04 3.13834e-04 3.03359e-04 2.94126e-04 2.86122e-04 2.79334e-04 2.73746e-04 2.69339e-04 2.66064e-04 2.63796e-04 2.62295e-04 2.61222e-04 2.60177e-04 2.58752e-04 2.56570e-04 2.53301e-04 2.48696e-04 2.42643e-04 2.35262e-04 2.27021e-04 2.18808e-04 2.11908e-04 2.07721e-04 2.07110e-04 2.09518e-04 2.12548e-04 2.12835e-04 2.07896e-04 1.97387e-04 1.82766e-04 1.66083e-04 1.49106e-04 1.33053e-04 1.18638e-04 1.06193e-04 9.58141e-05 8.74460e-05 8.07477e-05 7.49748e-05 6.92527e-05 6.30394e-05 5.62722e-05 4.91811e-05 4.20636e-05 3.51762e-05 2.87162e-05 2.28356e-05 1.76492e-05 1.32274e-05 9.58460e-06 6.68174e-06 4.44558e-06 2.79072e-06 1.62899e-06 8.68487e-07 4.13480e-07 1.70610e-07 5.85795e-08 1.58592e-08 3.18058e-09 4.50677e-10 4.15203e-11 9.61718e-13
8.304080 1.22366e-02 1.96601e-02 1.63046e-02 1.38653e-02 1.21711e-02 1.09357e-02 1.00706e-02 9.55764e-03 9.36748e-03 9.38868e-03 9.43455e-03 9.35335e-03 9.11786e-03 8.79628e-03 8.46884e-03 8.18281e-03 7.95228e-03 7.77191e-03 7.62848e-03 7.50801e-03 7.40030e-03 7.30154e-03 7.21467e-03 7.14733e-03 7.10758e-03 7.09834e-03 7.11378e-03 7.14064e-03 7.16313e-03 7.16833e-03 7.14960e-03 7.10739e-03 7.04755e-03 6.97798e-03 6.90566e-03 6.83527e-03 6.76921e-03 6.70784e-03 6.64980e-03 6.59280e-03 6.53467e-03 6.47432e-03 6.41237e-03 6.35100e-03 6.29223e-03 6.23624e-03 6.18190e-03 6.12969e-03 6.08260e-03 6.04333e-03 6.01143e-03 5.98398e-03 5.95804e-03 5.93215e-03 5.90660e-03 5.88300e-03 5.86262e-03 5.84455e-03 5.82558e-03 5.80249e-03 5.77470e-03 5.74450e-03 5.71492e-03 5.68730e-03 5.66111e-03 5.63544e-03 5.60963e-03 5.58242e-03 5.55153e-03 5.51507e-03 5.47322e-03 5.42833e-03 5.38341e-03 5.34060e-03 5.30085e-03 5.26471e-03 5.23309e-03 5.20738e-03 5.18885e-03 5.17787e-03 5.17375e-03 5.17535e-03 5.18166e-03 5.19048e-03 5.19525e-03 5.18506e-03 5.15397e-03 5.11069e-03 5.06848e-03 5.02310e-03 4.95595e-03 4.86343e-03 4.76713e-03 4.69048e-03 4.63817e-03 4.60048e-03 4.56678e-03 4.53250e-03 4.49882e-03 4.46940e-03 4.44711e-03 4.43256e-03 4.42464e-03 4.42212e-03 4.42493e-03 4.43386e-03 4.44921e-03 4.46964e-03 4.49199e-03 4.51192e-03 4.52491e-03 4.52691e-03 4.51457e-03 4.48545e-03 4.43829e-03 4.37320e-03 4.29185e-03 4.19757e-03 4.09478e-03 3.98774e-03 3.87969e-03 3.77356e-03 3.67327e-03 3.58334e-03 3.50649e-03 3.44183e-03 3.38566e-03 3.33384e-03 3.28356e-03 3.23378e-03 3.18457e-03 3.13641e-03 3.08981e-03 3.04531e-03 3.00347e-03 2.96484e-03 2.92979e-03 2.89836e-03 2.87017e-03 2.84439e-03 2.81985e-03 2.79527e-03 2.76951e-03 2.74195e-03 2.71271e-03 2.68260e-03 2.65282e-03 2.62426e-03 2.59706e-03 2.57068e-03 2.54430e-03 2.51738e-03 2.49003e-03 2.46302e-03 2.43745e-03 2.41412e-03 2.39292e-03 2.37259e-03 2.35118e-03 2.32698e-03 2.29926e-03 2.26840e-03 2.23536e-03 2.20114e-03 2.16654e-03 2.13214e-03 2.09837e-03 2.06551e-03 2.03365e-03 2.00267e-03 1.97228e-03 1.94199e-03 1.91121e-03 1.87928e-03 1.84556e-03 1.80955e-03 1.77106e-03 1.73033e-03 1.68816e-03 1.64581e-03 1.60469e-03 1.56605e-03 1.53055e-03 1.49822e-03 1.46855e-03 1.44086e-03 1.41465e-03 1.38967e-03 1.36583e-03 1.34300e-03 1.32092e-03 1.29927e-03 1.27776e-03 1.25623e-03 1.23464e-03 1.21303e-03 1.19149e-03 1.17006e-03 1.14877e-03 1.12769e-03 1.10692e-03 1.08668e-03 1.06716e-03 1.04851e-03 1.03075e-03 1.01378e-03 9.97395e-04 9.81452e-04 9.65872e-04 9.50672e-04 9.35913e-04 9.21602e-04 9.07640e-04 8.93887e-04 8.80294e-04 8.67001e-04 8.54300e-04 8.42502e-04 8.31771e-04 8.22034e-04 8.13020e-04 8.04388e-04 7.95896e-04 7.87529e-04 7.79581e-04 7.72615e-04 7.67160e-04 7.63167e-04 7.59674e-04 7.55157e-04 7.48487e-04 7.39768e-04 7.30260e-04 7.21371e-04 7.13529e-04 7.05996e-04 6.97722e-04 6.88212e-04 6.77560e-04 6.65930e-04 6.53247e-04 6.39376e-04 6.24386e-04 6.08504e-04 5.91810e-04 5.74010e-04 5.54528e-04 5.32877e-04 5.09092e-04 4.83882e-04 4.58402e-04 4.33847e-04 4.11126e-04 3.90699e-04 3.72586e-04 3.56488e-04 3.41973e-04 3.28659e-04 3.16309e-04 3.04813e-04 2.94139e-04 2.84286e-04 2.75272e-04 2.67121e-04 2.59859e-04 2.53518e-04 2.48137e-04 2.43759e-04 2.40406e-04 2.38026e-04 2.36447e-04 2.35361e-04 2.34369e-04 2.33051e-04 2.31034e-04 2.28028e-04 2.23866e-04 2.18555e-04 2.12368e-04 2.05955e-04 2.00419e-04 1.97234e-04 1.97788e-04 2.02459e-04 2.09591e-04 2.15470e-04 2.16017e-04 2.09135e-04 1.95610e-04 1.78011e-04 1.59058e-04 1.40745e-04 1.24248e-04 1.10131e-04 9.85475e-05 8.93475e-05 8.19850e-05 7.54931e-05 6.88816e-05 6.16556e-05 5.38830e-05 4.59017e-05 3.80699e-05 3.06812e-05 2.39635e-05 1.80826e-05 1.31357e-05 9.14470e-06 6.06169e-06 3.78868e-06 2.20168e-06 1.16728e-06 5.50905e-07 2.24135e-07 7.52957e-08 1.97036e-08 3.73135e-09 4.78769e-10 3.93252e-11 8.68167e-13
8.404129 1.21297e-02 1.97423e-02 1.64354e-02 1.38309e-02 1.20178e-02 1.07371e-02 9.86196e-03 9.36781e-03 9.21170e-03 9.24879e-03 9.28006e-03 9.17979e-03 8.95019e-03 8.65983e-03 8.36705e-03 8.09947e-03 7.86733e-03 7.67345e-03 7.51433e-03 7.38192e-03 7.26937e-03 7.17620e-03 7.10868e-03 7.07442e-03 7.07475e-03 7.10103e-03 7.13792e-03 7.17018e-03 7.18747e-03 7.18540e-03 7.16403e-03 7.12580e-03 7.07402e-03 7.01214e-03 6.94366e-03 6.87209e-03 6.80063e-03 6.73153e-03 6.66547e-03 6.60172e-03 6.53885e-03 6.47569e-03 6.41200e-03 6.34840e-03 6.28519e-03 6.22227e-03 6.16106e-03 6.10555e-03 6.05949e-03 6.02310e-03 5.99378e-03 5.96863e-03 5.94543e-03 5.92238e-03 5.89878e-03 5.87592e-03 5.85650e-03 5.84220e-03 5.83165e-03 5.82079e-03 5.80552e-03 5.78435e-03 5.75906e-03 5.73293e-03 5.70819e-03 5.68461e-03 5.66001e-03 5.63165e-03 5.59774e-03 5.55835e-03 5.51567e-03 5.47306e-03 5.43349e-03 5.39803e-03 5.36557e-03 5.33413e-03 5.30276e-03 5.27276e-03 5.24707e-03 5.22859e-03 5.21844e-03 5.21521e-03 5.21580e-03 5.21757e-03 5.22018e-03 5.22482e-03 5.23000e-03 5.22737e-03 5.20470e-03 5.15741e-03 5.09449e-03 5.02633e-03 4.95094e-03 4.86157e-03 4.76385e-03 4.67486e-03 4.60748e-03 4.56260e-03 4.53394e-03 4.51508e-03 4.50251e-03 4.49572e-03 4.49609e-03 4.50518e-03 4.52316e-03 4.54808e-03 4.57601e-03 4.60202e-03 4.62132e-03 4.62982e-03 4.62415e-03 4.60150e-03 4.55988e-03 4.49877e-03 4.41957e-03 4.32540e-03 4.22012e-03 4.10727e-03 3.98968e-03 3.87062e-03 3.75521e-03 3.64982e-03 3.55909e-03 3.48351e-03 3.42022e-03 3.36559e-03 3.31694e-03 3.27268e-03 3.23166e-03 3.19280e-03 3.15501e-03 3.11749e-03 3.07993e-03 3.04249e-03 3.00561e-03 2.96965e-03 2.93464e-03 2.90027e-03 2.86599e-03 2.83134e-03 2.79607e-03 2.76027e-03 2.72435e-03 2.68899e-03 2.65516e-03 2.62383e-03 2.59552e-03 2.57002e-03 2.54642e-03 2.52363e-03 2.50081e-03 2.47766e-03 2.45451e-03 2.43208e-03 2.41120e-03 2.39232e-03 2.37505e-03 2.35810e-03 2.33975e-03 2.31859e-03 2.29414e-03 2.26679e-03 2.23736e-03 2.20672e-03 2.17558e-03 2.14446e-03 2.11371e-03 2.08346e-03 2.05360e-03 2.02370e-03 1.99304e-03 1.96073e-03 1.92600e-03 1.88836e-03 1.84788e-03 1.80517e-03 1.76132e-03 1.71763e-03 1.67525e-03 1.63485e-03 1.59658e-03 1.56034e-03 1.52619e-03 1.49455e-03 1.46591e-03 1.44030e-03 1.41711e-03 1.39540e-03 1.37435e-03 1.35356e-03 1.33289e-03 1.31232e-03 1.29179e-03 1.27117e-03 1.25034e-03 1.22913e-03 1.20743e-03 1.18529e-03 1.16285e-03 1.14040e-03 1.11817e-03 1.09629e-03 1.07481e-03 1.05369e-03 1.03297e-03 1.01278e-03 9.93304e-04 9.74757e-04 9.57248e-04 9.40738e-04 9.25041e-04 9.09899e-04 8.95091e-04 8.80496e-04 8.66137e-04 8.52176e-04 8.38903e-04 8.26667e-04 8.15759e-04 8.06280e-04 7.98081e-04 7.90817e-04 7.84103e-04 7.77696e-04 7.71635e-04 7.66206e-04 7.61601e-04 7.57412e-04 7.52506e-04 7.45747e-04 7.37196e-04 7.28516e-04 7.21812e-04 7.17839e-04 7.15540e-04 7.13230e-04 7.09796e-04 7.04741e-04 6.97709e-04 6.88381e-04 6.76747e-04 6.63198e-04 6.48261e-04 6.32234e-04 6.14983e-04 5.96037e-04 5.74979e-04 5.51860e-04 5.27230e-04 5.01833e-04 4.76378e-04 4.51581e-04 4.28191e-04 4.06823e-04 3.87709e-04 3.70634e-04 3.55143e-04 3.40821e-04 3.27427e-04 3.14854e-04 3.03042e-04 2.91932e-04 2.81474e-04 2.71647e-04 2.62464e-04 2.53959e-04 2.46175e-04 2.39160e-04 2.32968e-04 2.27656e-04 2.23285e-04 2.19894e-04 2.17465e-04 2.15867e-04 2.14819e-04 2.13918e-04 2.12717e-04 2.10825e-04 2.07987e-04 2.04131e-04 1.99435e-04 1.94408e-04 1.89987e-04 1.87542e-04 1.88608e-04 1.94110e-04 2.03190e-04 2.12525e-04 2.17376e-04 2.14207e-04 2.02722e-04 1.85463e-04 1.65805e-04 1.46367e-04 1.28658e-04 1.13403e-04 1.00866e-04 9.09047e-05 8.28188e-05 7.54327e-05 6.77072e-05 5.92969e-05 5.04561e-05 4.16283e-05 3.32084e-05 2.55100e-05 1.87786e-05 1.31760e-05 8.75577e-06 5.46309e-06 3.16116e-06 1.66694e-06 7.81907e-07 3.15658e-07 1.04793e-07 2.68349e-08 4.85234e-09 5.60330e-10 3.84867e-11 7.43185e-13
8.504178 1.08609e-02 1.82659e-02 1.57658e-02 1.35957e-02 1.18952e-02 1.05978e-02 9.70254e-03 9.22176e-03 9.09224e-03 9.14096e-03 9.16955e-03 9.07236e-03 8.86031e-03 8.59202e-03 8.31235e-03 8.04403e-03 7.80057e-03 7.59080e-03 7.41716e-03 7.27742e-03 7.17044e-03 7.09980e-03 7.07012e-03 7.07928e-03 7.11523e-03 7.16102e-03 7.20202e-03 7.22962e-03 7.24058e-03 7.23465e-03 7.21270e-03 7.17588e-03 7.12567e-03 7.06419e-03 6.99434e-03 6.91967e-03 6.84380e-03 6.76963e-03 6.69872e-03 6.63129e-03 6.56671e-03 6.50410e-03 6.44253e-03 6.38072e-03 6.31720e-03 6.25219e-03 6.18890e-03 6.13169e-03 6.08308e-03 6.04347e-03 6.01218e-03 5.98763e-03 5.96731e-03 5.94828e-03 5.92848e-03 5.90793e-03 5.88890e-03 5.87422e-03 5.86490e-03 5.85897e-03 5.85243e-03 5.84149e-03 5.82461e-03 5.80311e-03 5.77997e-03 5.75755e-03 5.73579e-03 5.71192e-03 5.68222e-03 5.64463e-03 5.60073e-03 5.55515e-03 5.51287e-03 5.47644e-03 5.44513e-03 5.41632e-03 5.38764e-03 5.35838e-03 5.32954e-03 5.30324e-03 5.28179e-03 5.26682e-03 5.25832e-03 5.25427e-03 5.25157e-03 5.24825e-03 5.24533e-03 5.24572e-03 5.24967e-03 5.25016e-03 5.23350e-03 5.18812e-03 5.11543e-03 5.02964e-03 4.94420e-03 4.86221e-03 4.78364e-03 4.71485e-03 4.66494e-03 4.63772e-03 4.63094e-03 4.64007e-03 4.66047e-03 4.68751e-03 4.71638e-03 4.74250e-03 4.76211e-03 4.77257e-03 4.77186e-03 4.75786e-03 4.72820e-03 4.68070e-03 4.61399e-03 4.52785e-03 4.42310e-03 4.30164e-03 4.16698e-03 4.02520e-03 3.88543e-03 3.75787e-03 3.64972e-03 3.56227e-03 3.49177e-03 3.43289e-03 3.38145e-03 3.33503e-03 3.29241e-03 3.25284e-03 3.21570e-03 3.18033e-03 3.14611e-03 3.11251e-03 3.07906e-03 3.04523e-03 3.01040e-03 2.97399e-03 2.93571e-03 2.89571e-03 2.85452e-03 2.81288e-03 2.77151e-03 2.73111e-03 2.69240e-03 2.65622e-03 2.62345e-03 2.59462e-03 2.56949e-03 2.54708e-03 2.52603e-03 2.50511e-03 2.48358e-03 2.46137e-03 2.43904e-03 2.41761e-03 2.39813e-03 2.38117e-03 2.36638e-03 2.35253e-03 2.33797e-03 2.32130e-03 2.30193e-03 2.27999e-03 2.25593e-03 2.23008e-03 2.20244e-03 2.17268e-03 2.14032e-03 2.10491e-03 2.06627e-03 2.02465e-03 1.98074e-03 1.93560e-03 1.89043e-03 1.84630e-03 1.80386e-03 1.76313e-03 1.72345e-03 1.68388e-03 1.64398e-03 1.60444e-03 1.56687e-03 1.53282e-03 1.50272e-03 1.47591e-03 1.45140e-03 1.42846e-03 1.40669e-03 1.38579e-03 1.36550e-03 1.34563e-03 1.32610e-03 1.30681e-03 1.28758e-03 1.26816e-03 1.24842e-03 1.22838e-03 1.20822e-03 1.18803e-03 1.16775e-03 1.14718e-03 1.12612e-03 1.10458e-03 1.08275e-03 1.06103e-03 1.03984e-03 1.01949e-03 1.00010e-03 9.81615e-04 9.63889e-04 9.46762e-04 9.30119e-04 9.13893e-04 8.98048e-04 8.82561e-04 8.67403e-04 8.52551e-04 8.38017e-04 8.23892e-04 8.10355e-04 7.97646e-04 7.85983e-04 7.75511e-04 7.66300e-04 7.58430e-04 7.52074e-04 7.47447e-04 7.44449e-04 7.42192e-04 7.39074e-04 7.33856e-04 7.26935e-04 7.20127e-04 7.14875e-04 7.11053e-04 7.07605e-04 7.03656e-04 6.98747e-04 6.92585e-04 6.84969e-04 6.75846e-04 6.65241e-04 6.53159e-04 6.39586e-04 6.24589e-04 6.08436e-04 5.91594e-04 5.74482e-04 5.57145e-04 5.39242e-04 5.20397e-04 5.00517e-04 4.79843e-04 4.58829e-04 4.37986e-04 4.17743e-04 3.98382e-04 3.80076e-04 3.62925e-04 3.46958e-04 3.32118e-04 3.18308e-04 3.05445e-04 2.93478e-04 2.82369e-04 2.72066e-04 2.62503e-04 2.53619e-04 2.45373e-04 2.37752e-04 2.30758e-04 2.24404e-04 2.18708e-04 2.13696e-04 2.09406e-04 2.05871e-04 2.03092e-04 2.00983e-04 1.99325e-04 1.97776e-04 1.95938e-04 1.93472e-04 1.90199e-04 1.86186e-04 1.81828e-04 1.77928e-04 1.75724e-04 1.76705e-04 1.81980e-04 1.91175e-04 2.01521e-04 2.08410e-04 2.07774e-04 1.98536e-04 1.82838e-04 1.64131e-04 1.45256e-04 1.27846e-04 1.12695e-04 1.00142e-04 9.00383e-05 8.15094e-05 7.32398e-05 6.43337e-05 5.47604e-05 4.50000e-05 3.55760e-05 2.69050e-05 1.93181e-05 1.30576e-05 8.22964e-06 4.77929e-06 2.51662e-06 1.17473e-06 4.70801e-07 1.54730e-07 3.89757e-08 6.80295e-09 7.16028e-10 4.00308e-11 6.49572e-13
8.604227 1.24293e-02 1.93701e-02 1.57563e-02 1.33004e-02 1.16046e-02 1.03316e-02 9.45996e-03 9.01532e-03 8.92056e-03 8.98798e-03 9.02441e-03 8.93628e-03 8.73672e-03 8.47786e-03 8.19951e-03 7.92529e-03 7.67309e-03 7.45622e-03 7.28113e-03 7.15037e-03 7.06710e-03 7.03328e-03 7.04327e-03 7.08230e-03 7.13254e-03 7.17990e-03 7.21604e-03 7.23671e-03 7.24009e-03 7.22624e-03 7.19688e-03 7.15453e-03 7.10159e-03 7.04010e-03 6.97211e-03 6.90003e-03 6.82656e-03 6.75406e-03 6.68397e-03 6.61666e-03 6.55195e-03 6.48958e-03 6.42912e-03 6.36987e-03 6.31132e-03 6.25363e-03 6.19712e-03 6.14244e-03 6.09181e-03 6.04846e-03 6.01451e-03 5.98977e-03 5.97200e-03 5.95769e-03 5.94340e-03 5.92737e-03 5.91039e-03 5.89489e-03 5.88305e-03 5.87524e-03 5.86977e-03 5.86384e-03 5.85496e-03 5.84218e-03 5.82636e-03 5.80916e-03 5.79138e-03 5.77169e-03 5.74688e-03 5.71362e-03 5.67071e-03 5.62040e-03 5.56758e-03 5.51717e-03 5.47176e-03 5.43130e-03 5.39470e-03 5.36170e-03 5.33327e-03 5.31055e-03 5.29369e-03 5.28171e-03 5.27322e-03 5.26707e-03 5.26240e-03 5.25807e-03 5.25223e-03 5.24264e-03 5.22783e-03 5.20811e-03 5.18557e-03 5.16236e-03 5.13774e-03 5.10722e-03 5.06696e-03 5.01955e-03 4.97235e-03 4.93023e-03 4.89410e-03 4.86642e-03 4.85241e-03 4.85441e-03 4.86860e-03 4.88782e-03 4.90563e-03 4.91814e-03 4.92333e-03 4.91929e-03 4.90277e-03 4.86897e-03 4.81258e-03 4.72956e-03 4.61888e-03 4.48359e-03 4.33063e-03 4.16973e-03 4.01204e-03 3.86833e-03 3.74616e-03 3.64730e-03 3.56819e-03 3.50324e-03 3.44777e-03 3.39881e-03 3.35436e-03 3.31284e-03 3.27288e-03 3.23352e-03 3.19434e-03 3.15535e-03 3.11680e-03 3.07884e-03 3.04144e-03 3.00444e-03 2.96771e-03 2.93116e-03 2.89469e-03 2.85811e-03 2.82115e-03 2.78364e-03 2.74567e-03 2.70789e-03 2.67149e-03 2.63782e-03 2.60777e-03 2.58131e-03 2.55757e-03 2.53534e-03 2.51350e-03 2.49135e-03 2.46872e-03 2.44600e-03 2.42398e-03 2.40358e-03 2.38553e-03 2.37007e-03 2.35680e-03 2.34468e-03 2.33234e-03 2.31836e-03 2.30158e-03 2.28114e-03 2.25644e-03 2.22704e-03 2.19277e-03 2.15386e-03 2.11109e-03 2.06572e-03 2.01926e-03 1.97308e-03 1.92800e-03 1.88406e-03 1.84066e-03 1.79707e-03 1.75308e-03 1.70930e-03 1.66710e-03 1.62776e-03 1.59163e-03 1.55795e-03 1.52577e-03 1.49475e-03 1.46523e-03 1.43770e-03 1.41238e-03 1.38912e-03 1.36754e-03 1.34717e-03 1.32755e-03 1.30833e-03 1.28935e-03 1.27070e-03 1.25254e-03 1.23498e-03 1.21785e-03 1.20074e-03 1.18324e-03 1.16509e-03 1.14635e-03 1.12727e-03 1.10819e-03 1.08940e-03 1.07101e-03 1.05301e-03 1.03533e-03 1.01793e-03 1.00079e-03 9.83913e-04 9.67334e-04 9.51074e-04 9.35147e-04 9.19552e-04 9.04254e-04 8.89177e-04 8.74198e-04 8.59165e-04 8.43931e-04 8.28413e-04 8.12653e-04 7.96867e-04 7.81431e-04 7.66808e-04 7.53447e-04 7.41735e-04 7.32002e-04 7.24516e-04 7.19272e-04 7.15645e-04 7.12403e-04 7.08506e-04 7.03971e-04 6.99641e-04 6.96075e-04 6.92965e-04 6.89497e-04 6.84952e-04 6.78960e-04 6.71461e-04 6.62508e-04 6.52127e-04 6.40295e-04 6.27005e-04 6.12393e-04 5.96854e-04 5.81013e-04 5.65479e-04 5.50600e-04 5.36411e-04 5.22753e-04 5.09399e-04 4.96146e-04 4.82883e-04 4.69597e-04 4.56263e-04 4.42709e-04 4.28610e-04 4.13672e-04 3.97840e-04 3.81349e-04 3.64629e-04 3.48150e-04 3.32297e-04 3.17318e-04 3.03347e-04 2.90462e-04 2.78737e-04 2.68217e-04 2.58862e-04 2.50502e-04 2.42866e-04 2.35674e-04 2.28733e-04 2.21980e-04 2.15465e-04 2.09308e-04 2.03645e-04 1.98595e-04 1.94229e-04 1.90546e-04 1.87443e-04 1.84705e-04 1.82028e-04 1.79095e-04 1.75676e-04 1.71733e-04 1.67510e-04 1.63625e-04 1.61114e-04 1.61316e-04 1.65384e-04 1.73323e-04 1.83049e-04 1.90557e-04 1.91828e-04 1.85235e-04 1.72226e-04 1.55829e-04 1.38769e-04 1.22714e-04 1.08533e-04 9.66247e-05 8.67762e-05 7.79344e-05 6.87814e-05 5.87449e-05 4.81726e-05 3.77502e-05 2.80811e-05 1.96289e-05 1.27327e-05 7.55569e-06 4.03247e-06 1.89329e-06 7.58277e-07 2.47628e-07 6.15491e-08 1.04385e-08 1.01748e-09 4.66180e-11 6.47361e-13
8.704277 1.08880e-02 1.83340e-02 1.57222e-02 1.33304e-02 1.14554e-02 1.00862e-02 9.21792e-03 8.81875e-03 8.76387e-03 8.85173e-03 8.89873e-03 8.82064e-03 8.62923e-03 8.37209e-03 8.09013e-03 7.81252e-03 7.56125e-03 7.35089e-03 7.18977e-03 7.08324e-03 7.03250e-03 7.03014e-03 7.06015e-03 7.10449e-03 7.14941e-03 7.18681e-03 7.21220e-03 7.22279e-03 7.21726e-03 7.19617e-03 7.16191e-03 7.11766e-03 7.06618e-03 7.00927e-03 6.94795e-03 6.88318e-03 6.81629e-03 6.74879e-03 6.68194e-03 6.61635e-03 6.55234e-03 6.49052e-03 6.43223e-03 6.37903e-03 6.33115e-03 6.28617e-03 6.24051e-03 6.19303e-03 6.14596e-03 6.10274e-03 6.06645e-03 6.03931e-03 6.02178e-03 6.01154e-03 6.00413e-03 5.99535e-03 5.98349e-03 5.96965e-03 5.95616e-03 5.94494e-03 5.93673e-03 5.93103e-03 5.92650e-03 5.92141e-03 5.91418e-03 5.90360e-03 5.88872e-03 5.86840e-03 5.84112e-03 5.80533e-03 5.76012e-03 5.70622e-03 5.64660e-03 5.58608e-03 5.52967e-03 5.48051e-03 5.43908e-03 5.40429e-03 5.37536e-03 5.35261e-03 5.33655e-03 5.32633e-03 5.31943e-03 5.31283e-03 5.30430e-03 5.29213e-03 5.27394e-03 5.24694e-03 5.21061e-03 5.16944e-03 5.13226e-03 5.10801e-03 5.10175e-03 5.11341e-03 5.13807e-03 5.16714e-03 5.19127e-03 5.20473e-03 5.20785e-03 5.20417e-03 5.19555e-03 5.18204e-03 5.16555e-03 5.15014e-03 5.13828e-03 5.12842e-03 5.11530e-03 5.09114e-03 5.04692e-03 4.97438e-03 4.86854e-03 4.72984e-03 4.56497e-03 4.38591e-03 4.20725e-03 4.04261e-03 3.90122e-03 3.78608e-03 3.69440e-03 3.62021e-03 3.55753e-03 3.50217e-03 3.45160e-03 3.40418e-03 3.35881e-03 3.31486e-03 3.27212e-03 3.23064e-03 3.19046e-03 3.15155e-03 3.11385e-03 3.07728e-03 3.04176e-03 3.00709e-03 2.97293e-03 2.93895e-03 2.90489e-03 2.87059e-03 2.83596e-03 2.80101e-03 2.76603e-03 2.73170e-03 2.69881e-03 2.66786e-03 2.63892e-03 2.61166e-03 2.58565e-03 2.56056e-03 2.53626e-03 2.51284e-03 2.49052e-03 2.46954e-03 2.45012e-03 2.43243e-03 2.41653e-03 2.40223e-03 2.38882e-03 2.37498e-03 2.35891e-03 2.33873e-03 2.31308e-03 2.28153e-03 2.24473e-03 2.20416e-03 2.16173e-03 2.11914e-03 2.07722e-03 2.03561e-03 1.99290e-03 1.94753e-03 1.89890e-03 1.84802e-03 1.79710e-03 1.74858e-03 1.70409e-03 1.66394e-03 1.62737e-03 1.59319e-03 1.56045e-03 1.52852e-03 1.49705e-03 1.46601e-03 1.43567e-03 1.40658e-03 1.37923e-03 1.35383e-03 1.33021e-03 1.30806e-03 1.28715e-03 1.26747e-03 1.24903e-03 1.23170e-03 1.21503e-03 1.19861e-03 1.18230e-03 1.16622e-03 1.15052e-03 1.13522e-03 1.12018e-03 1.10526e-03 1.09036e-03 1.07545e-03 1.06057e-03 1.04579e-03 1.03114e-03 1.01664e-03 1.00232e-03 9.88188e-04 9.74253e-04 9.60518e-04 9.46955e-04 9.33502e-04 9.20058e-04 9.06483e-04 8.92604e-04 8.78229e-04 8.63167e-04 8.47263e-04 8.30448e-04 8.12794e-04 7.94555e-04 7.76176e-04 7.58256e-04 7.41467e-04 7.26484e-04 7.13904e-04 7.04118e-04 6.97048e-04 6.91923e-04 6.87442e-04 6.82482e-04 6.76794e-04 6.70862e-04 6.65153e-04 6.59662e-04 6.54091e-04 6.48127e-04 6.41490e-04 6.33890e-04 6.25053e-04 6.14822e-04 6.03259e-04 5.90642e-04 5.77329e-04 5.63616e-04 5.49724e-04 5.35902e-04 5.22472e-04 5.09719e-04 4.97741e-04 4.86435e-04 4.75663e-04 4.65380e-04 4.55567e-04 4.46074e-04 4.36610e-04 4.26878e-04 4.16693e-04 4.05961e-04 3.94592e-04 3.82484e-04 3.69610e-04 3.56139e-04 3.42468e-04 3.29095e-04 3.16357e-04 3.04257e-04 2.92545e-04 2.80994e-04 2.69615e-04 2.58632e-04 2.48304e-04 2.38785e-04 2.30092e-04 2.22156e-04 2.14863e-04 2.08104e-04 2.01791e-04 1.95880e-04 1.90360e-04 1.85235e-04 1.80493e-04 1.76068e-04 1.71832e-04 1.67619e-04 1.63283e-04 1.58782e-04 1.54260e-04 1.50146e-04 1.47226e-04 1.46606e-04 1.49361e-04 1.55762e-04 1.64387e-04 1.72010e-04 1.74959e-04 1.71200e-04 1.61305e-04 1.47558e-04 1.32397e-04 1.17573e-04 1.04166e-04 9.26933e-05 8.28358e-05 7.33668e-05 6.30865e-05 5.18307e-05 4.03167e-05 2.94415e-05 1.99361e-05 1.23100e-05 6.79190e-06 3.26765e-06 1.32822e-06 4.36098e-07 1.07920e-07 1.79596e-08 1.65170e-09 6.16262e-11 5.73949e-13
8.804326 1.05465e-02 1.74941e-02 1.50119e-02 1.28811e-02 1.11345e-02 9.80781e-03 8.98212e-03 8.63420e-03 8.61741e-03 8.72495e-03 8.78253e-03 8.71098e-03 8.52006e-03 8.25826e-03 7.97310e-03 7.69920e-03 7.45914e-03 7.26730e-03 7.13304e-03 7.05896e-03 7.03670e-03 7.04827e-03 7.07451e-03 7.10280e-03 7.12797e-03 7.14847e-03 7.16247e-03 7.16698e-03 7.15919e-03 7.13823e-03 7.10571e-03 7.06468e-03 7.01813e-03 6.96786e-03 6.91441e-03 6.85772e-03 6.79793e-03 6.73589e-03 6.67286e-03 6.61011e-03 6.54886e-03 6.49102e-03 6.43918e-03 6.39478e-03 6.35619e-03 6.31960e-03 6.28234e-03 6.24414e-03 6.20572e-03 6.16809e-03 6.13364e-03 6.10635e-03 6.08962e-03 6.08347e-03 6.08372e-03 6.08426e-03 6.08040e-03 6.07092e-03 6.05757e-03 6.04327e-03 6.03050e-03 6.02060e-03 6.01368e-03 6.00872e-03 6.00380e-03 5.99646e-03 5.98414e-03 5.96456e-03 5.93606e-03 5.89784e-03 5.85016e-03 5.79444e-03 5.73334e-03 5.67068e-03 5.61087e-03 5.55763e-03 5.51266e-03 5.47533e-03 5.44379e-03 5.41666e-03 5.39372e-03 5.37530e-03 5.36071e-03 5.34716e-03 5.32971e-03 5.30306e-03 5.26471e-03 5.21802e-03 5.17215e-03 5.13801e-03 5.12316e-03 5.12939e-03 5.15368e-03 5.19135e-03 5.23866e-03 5.29330e-03 5.35262e-03 5.41155e-03 5.46216e-03 5.49590e-03 5.50747e-03 5.49714e-03 5.46946e-03 5.43019e-03 5.38467e-03 5.33624e-03 5.28291e-03 5.21532e-03 5.12048e-03 4.98944e-03 4.82328e-03 4.63317e-03 4.43566e-03 4.24698e-03 4.07919e-03 3.93856e-03 3.82543e-03 3.73557e-03 3.66278e-03 3.60137e-03 3.54727e-03 3.49784e-03 3.45140e-03 3.40677e-03 3.36312e-03 3.32005e-03 3.27778e-03 3.23679e-03 3.19751e-03 3.16020e-03 3.12495e-03 3.09182e-03 3.06065e-03 3.03102e-03 3.00216e-03 2.97300e-03 2.94248e-03 2.90993e-03 2.87541e-03 2.83967e-03 2.80385e-03 2.76891e-03 2.73542e-03 2.70354e-03 2.67327e-03 2.64467e-03 2.61791e-03 2.59326e-03 2.57095e-03 2.55098e-03 2.53306e-03 2.51662e-03 2.50090e-03 2.48502e-03 2.46797e-03 2.44876e-03 2.42647e-03 2.40046e-03 2.37054e-03 2.33707e-03 2.30098e-03 2.26346e-03 2.22539e-03 2.18669e-03 2.14610e-03 2.10188e-03 2.05307e-03 2.00041e-03 1.94625e-03 1.89325e-03 1.84319e-03 1.79661e-03 1.75320e-03 1.71230e-03 1.67326e-03 1.63565e-03 1.59923e-03 1.56389e-03 1.52956e-03 1.49617e-03 1.46366e-03 1.43194e-03 1.40101e-03 1.37098e-03 1.34218e-03 1.31507e-03 1.29019e-03 1.26781e-03 1.24777e-03 1.22935e-03 1.21163e-03 1.19402e-03 1.17663e-03 1.16002e-03 1.14465e-03 1.13058e-03 1.11743e-03 1.10475e-03 1.09217e-03 1.07957e-03 1.06696e-03 1.05444e-03 1.04211e-03 1.03005e-03 1.01828e-03 1.00678e-03 9.95502e-04 9.84394e-04 9.73368e-04 9.62312e-04 9.51082e-04 9.39507e-04 9.27405e-04 9.14612e-04 9.01000e-04 8.86495e-04 8.71079e-04 8.54776e-04 8.37643e-04 8.19762e-04 8.01256e-04 7.82315e-04 7.63244e-04 7.44509e-04 7.26746e-04 7.10729e-04 6.97205e-04 6.86555e-04 6.78362e-04 6.71321e-04 6.63850e-04 6.55075e-04 6.45277e-04 6.35420e-04 6.26353e-04 6.18391e-04 6.11354e-04 6.04732e-04 5.97844e-04 5.90047e-04 5.80977e-04 5.70654e-04 5.59429e-04 5.47849e-04 5.36521e-04 5.25954e-04 5.16396e-04 5.07740e-04 4.99578e-04 4.91426e-04 4.82988e-04 4.74286e-04 4.65570e-04 4.57062e-04 4.48770e-04 4.40506e-04 4.32061e-04 4.23329e-04 4.14316e-04 4.05140e-04 3.96069e-04 3.87479e-04 3.79585e-04 3.72086e-04 3.64103e-04 3.54659e-04 3.43320e-04 3.30390e-04 3.16594e-04 3.02646e-04 2.89047e-04 2.76094e-04 2.63953e-04 2.52705e-04 2.42358e-04 2.32864e-04 2.24128e-04 2.16031e-04 2.08446e-04 2.01255e-04 1.94364e-04 1.87713e-04 1.81276e-04 1.75052e-04 1.69039e-04 1.63223e-04 1.57574e-04 1.52071e-04 1.46750e-04 1.41758e-04 1.37435e-04 1.34389e-04 1.33480e-04 1.35564e-04 1.40889e-04 1.48389e-04 1.55525e-04 1.59204e-04 1.57349e-04 1.49842e-04 1.38161e-04 1.24344e-04 1.10235e-04 9.72024e-05 8.58702e-05 7.57220e-05 6.53969e-05 5.39824e-05 4.17994e-05 2.99301e-05 1.94966e-05 1.13059e-05 5.67853e-06 2.38666e-06 8.01297e-07 2.00401e-07 3.32300e-08 2.95805e-09 9.62219e-11 6.57856e-13
8.904375 1.17411e-02 1.87588e-02 1.53115e-02 1.26335e-02 1.07380e-02 9.43973e-03 8.68876e-03 8.40228e-03 8.41989e-03 8.54486e-03 8.61381e-03 8.54927e-03 8.36017e-03 8.09914e-03 7.81964e-03 7.55864e-03 7.33891e-03 7.17485e-03 7.07163e-03 7.02089e-03 7.00332e-03 6.99967e-03 6.99997e-03 7.00351e-03 7.01230e-03 7.02551e-03 7.03830e-03 7.04435e-03 7.03905e-03 7.02145e-03 6.99385e-03 6.95999e-03 6.92278e-03 6.88322e-03 6.84058e-03 6.79367e-03 6.74204e-03 6.68642e-03 6.62846e-03 6.57012e-03 6.51371e-03 6.46209e-03 6.41734e-03 6.37885e-03 6.34380e-03 6.30992e-03 6.27705e-03 6.24585e-03 6.21627e-03 6.18796e-03 6.16180e-03 6.14075e-03 6.12851e-03 6.12673e-03 6.13297e-03 6.14128e-03 6.14535e-03 6.14168e-03 6.13072e-03 6.11569e-03 6.10047e-03 6.08792e-03 6.07920e-03 6.07385e-03 6.07012e-03 6.06528e-03 6.05607e-03 6.03912e-03 6.01168e-03 5.97230e-03 5.92136e-03 5.86117e-03 5.79551e-03 5.72886e-03 5.66554e-03 5.60895e-03 5.56090e-03 5.52117e-03 5.48778e-03 5.45802e-03 5.42972e-03 5.40177e-03 5.37324e-03 5.34192e-03 5.30437e-03 5.25893e-03 5.20951e-03 5.16608e-03 5.14032e-03 5.13953e-03 5.16351e-03 5.20622e-03 5.25985e-03 5.31783e-03 5.37571e-03 5.43062e-03 5.48079e-03 5.52530e-03 5.56370e-03 5.59505e-03 5.61707e-03 5.62653e-03 5.62106e-03 5.60017e-03 5.56319e-03 5.50542e-03 5.41724e-03 5.28889e-03 5.11794e-03 4.91326e-03 4.69234e-03 4.47461e-03 4.27568e-03 4.10484e-03 3.96508e-03 3.85415e-03 3.76634e-03 3.69501e-03 3.63473e-03 3.58185e-03 3.53395e-03 3.48922e-03 3.44620e-03 3.40382e-03 3.36149e-03 3.31909e-03 3.27715e-03 3.23678e-03 3.19911e-03 3.16464e-03 3.13325e-03 3.10453e-03 3.07788e-03 3.05250e-03 3.02741e-03 3.00155e-03 2.97398e-03 2.94408e-03 2.91168e-03 2.87713e-03 2.84130e-03 2.80546e-03 2.77095e-03 2.73882e-03 2.70956e-03 2.68323e-03 2.65967e-03 2.63858e-03 2.61950e-03 2.60180e-03 2.58461e-03 2.56678e-03 2.54699e-03 2.52396e-03 2.49682e-03 2.46550e-03 2.43087e-03 2.39452e-03 2.35792e-03 2.32148e-03 2.28399e-03 2.24317e-03 2.19714e-03 2.14594e-03 2.09188e-03 2.03838e-03 1.98811e-03 1.94197e-03 1.89933e-03 1.85897e-03 1.81973e-03 1.78079e-03 1.74169e-03 1.70239e-03 1.66319e-03 1.62470e-03 1.58757e-03 1.55225e-03 1.51868e-03 1.48629e-03 1.45415e-03 1.42135e-03 1.38751e-03 1.35305e-03 1.31920e-03 1.28755e-03 1.25928e-03 1.23462e-03 1.21287e-03 1.19301e-03 1.17437e-03 1.15684e-03 1.14074e-03 1.12635e-03 1.11369e-03 1.10244e-03 1.09207e-03 1.08208e-03 1.07210e-03 1.06198e-03 1.05168e-03 1.04126e-03 1.03080e-03 1.02033e-03 1.00983e-03 9.99262e-04 9.88496e-04 9.77375e-04 9.65704e-04 9.53271e-04 9.39906e-04 9.25538e-04 9.10247e-04 8.94269e-04 8.77959e-04 8.61696e-04 8.45795e-04 8.30433e-04 8.15628e-04 8.01248e-04 7.87055e-04 7.72754e-04 7.58062e-04 7.42797e-04 7.26993e-04 7.10986e-04 6.95370e-04 6.80779e-04 6.67586e-04 6.55703e-04 6.44604e-04 6.33629e-04 6.22476e-04 6.11468e-04 6.01312e-04 5.92522e-04 5.85040e-04 5.78265e-04 5.71342e-04 5.63450e-04 5.54058e-04 5.43134e-04 5.31231e-04 5.19320e-04 5.08394e-04 4.99062e-04 4.91370e-04 4.84915e-04 4.79132e-04 4.73573e-04 4.68068e-04 4.62708e-04 4.57667e-04 4.52943e-04 4.48237e-04 4.43098e-04 4.37243e-04 4.30781e-04 4.24172e-04 4.17914e-04 4.12119e-04 4.06301e-04 3.99591e-04 3.91306e-04 3.81385e-04 3.70355e-04 3.58908e-04 3.47516e-04 3.36319e-04 3.25229e-04 3.14087e-04 3.02778e-04 2.91297e-04 2.79746e-04 2.68308e-04 2.57184e-04 2.46543e-04 2.36483e-04 2.27021e-04 2.18106e-04 2.09648e-04 2.01549e-04 1.93725e-04 1.86114e-04 1.78678e-04 1.71400e-04 1.64280e-04 1.57335e-04 1.50597e-04 1.44121e-04 1.38010e-04 1.32456e-04 1.27799e-04 1.24566e-04 1.23431e-04 1.24983e-04 1.29279e-04 1.35374e-04 1.41240e-04 1.44389e-04 1.42944e-04 1.36406e-04 1.25659e-04 1.12418e-04 9.86172e-05 8.58432e-05 7.46699e-05 6.42829e-05 5.32985e-05 4.12544e-05 2.90301e-05 1.81062e-05 9.71541e-06 4.32052e-06 1.51630e-06 3.91152e-07 6.59734e-08 5.85740e-09 1.78307e-10 9.38671e-13
9.004424 1.03505e-02 1.73362e-02 1.48061e-02 1.24326e-02 1.05181e-02 9.19579e-03 8.47037e-03 8.22241e-03 8.26834e-03 8.41251e-03 8.49655e-03 8.44313e-03 8.26127e-03 8.00726e-03 7.73908e-03 7.49648e-03 7.30152e-03 7.16139e-03 7.06903e-03 7.00842e-03 6.96498e-03 6.93255e-03 6.91221e-03 6.90629e-03 6.91369e-03 6.92887e-03 6.94413e-03 6.95272e-03 6.95107e-03 6.93924e-03 6.91979e-03 6.89596e-03 6.86986e-03 6.84167e-03 6.81010e-03 6.77354e-03 6.73121e-03 6.68368e-03 6.63257e-03 6.58021e-03 6.52924e-03 6.48187e-03 6.43874e-03 6.39882e-03 6.36088e-03 6.32476e-03 6.29132e-03 6.26173e-03 6.23674e-03 6.21636e-03 6.20034e-03 6.18916e-03 6.18457e-03 6.18834e-03 6.20019e-03 6.21642e-03 6.23115e-03 6.23919e-03 6.23858e-03 6.23096e-03 6.21988e-03 6.20874e-03 6.19936e-03 6.19183e-03 6.18489e-03 6.17649e-03 6.16397e-03 6.14447e-03 6.11530e-03 6.07450e-03 6.02139e-03 5.95724e-03 5.88563e-03 5.81196e-03 5.74206e-03 5.68045e-03 5.62891e-03 5.58634e-03 5.54980e-03 5.51601e-03 5.48203e-03 5.44483e-03 5.40131e-03 5.35033e-03 5.29571e-03 5.24673e-03 5.21395e-03 5.20360e-03 5.21539e-03 5.24512e-03 5.28847e-03 5.34210e-03 5.40230e-03 5.46392e-03 5.52128e-03 5.56989e-03 5.60750e-03 5.63406e-03 5.65146e-03 5.66298e-03 5.67208e-03 5.68100e-03 5.68894e-03 5.68925e-03 5.66768e-03 5.60542e-03 5.48735e-03 5.31079e-03 5.08845e-03 4.84370e-03 4.60182e-03 4.38280e-03 4.19807e-03 4.05041e-03 3.93573e-03 3.84598e-03 3.77270e-03 3.70937e-03 3.65200e-03 3.59846e-03 3.54777e-03 3.49960e-03 3.45405e-03 3.41128e-03 3.37135e-03 3.33420e-03 3.29969e-03 3.26774e-03 3.23837e-03 3.21152e-03 3.18663e-03 3.16257e-03 3.13810e-03 3.11219e-03 3.08430e-03 3.05434e-03 3.02265e-03 2.98978e-03 2.95646e-03 2.92351e-03 2.89179e-03 2.86200e-03 2.83460e-03 2.80989e-03 2.78794e-03 2.76850e-03 2.75083e-03 2.73377e-03 2.71580e-03 2.69519e-03 2.67029e-03 2.63998e-03 2.60418e-03 2.56411e-03 2.52171e-03 2.47855e-03 2.43487e-03 2.38944e-03 2.34067e-03 2.28809e-03 2.23327e-03 2.17927e-03 2.12915e-03 2.08459e-03 2.04539e-03 2.01011e-03 1.97701e-03 1.94469e-03 1.91234e-03 1.87959e-03 1.84630e-03 1.81246e-03 1.77806e-03 1.74299e-03 1.70704e-03 1.67002e-03 1.63183e-03 1.59259e-03 1.55259e-03 1.51218e-03 1.47174e-03 1.43178e-03 1.39301e-03 1.35625e-03 1.32215e-03 1.29098e-03 1.26273e-03 1.23734e-03 1.21470e-03 1.19457e-03 1.17651e-03 1.16010e-03 1.14506e-03 1.13134e-03 1.11892e-03 1.10765e-03 1.09719e-03 1.08715e-03 1.07720e-03 1.06712e-03 1.05682e-03 1.04629e-03 1.03558e-03 1.02467e-03 1.01348e-03 1.00179e-03 9.89351e-04 9.75852e-04 9.61063e-04 9.44880e-04 9.27392e-04 9.08902e-04 8.89894e-04 8.70950e-04 8.52633e-04 8.35379e-04 8.19441e-04 8.04881e-04 7.91600e-04 7.79387e-04 7.67932e-04 7.56838e-04 7.45622e-04 7.33762e-04 7.20790e-04 7.06407e-04 6.90580e-04 6.73644e-04 6.56360e-04 6.39786e-04 6.24883e-04 6.12089e-04 6.01207e-04 5.91722e-04 5.83240e-04 5.75656e-04 5.68945e-04 5.62844e-04 5.56745e-04 5.49870e-04 5.41593e-04 5.31761e-04 5.20847e-04 5.09812e-04 4.99676e-04 4.91045e-04 4.83910e-04 4.77812e-04 4.72160e-04 4.66509e-04 4.60698e-04 4.54877e-04 4.49406e-04 4.44677e-04 4.40971e-04 4.38408e-04 4.36912e-04 4.36112e-04 4.35304e-04 4.33618e-04 4.30297e-04 4.24859e-04 4.17121e-04 4.07248e-04 3.95780e-04 3.83474e-04 3.71035e-04 3.58943e-04 3.47434e-04 3.36579e-04 3.26348e-04 3.16655e-04 3.07372e-04 2.98331e-04 2.89347e-04 2.80255e-04 2.70943e-04 2.61394e-04 2.51681e-04 2.41942e-04 2.32333e-04 2.22979e-04 2.13938e-04 2.05206e-04 1.96734e-04 1.88457e-04 1.80319e-04 1.72280e-04 1.64333e-04 1.56499e-04 1.48829e-04 1.41411e-04 1.34385e-04 1.27984e-04 1.22567e-04 1.18618e-04 1.16650e-04 1.16994e-04 1.19486e-04 1.23220e-04 1.26574e-04 1.27641e-04 1.24916e-04 1.17864e-04 1.07097e-04 9.41592e-05 8.10030e-05 6.91538e-05 5.87846e-05 4.86775e-05 3.76629e-05 2.60448e-05 1.54383e-05 7.50559e-06 2.83752e-06 7.75353e-07 1.36240e-07 1.23997e-08 3.75299e-10 1.76234e-12
9.104473 1.03025e-02 1.69031e-02 1.41925e-02 1.19281e-02 1.01647e-02 8.93999e-03 8.27094e-03 8.05655e-03 8.12572e-03 8.29012e-03 8.39316e-03 8.35625e-03 8.18878e-03 7.95020e-03 7.70112e-03 7.47862e-03 7.29576e-03 7.15052e-03 7.03550e-03 6.94471e-03 6.87605e-03 6.83001e-03 6.80663e-03 6.80326e-03 6.81409e-03 6.83164e-03 6.84882e-03 6.86069e-03 6.86519e-03 6.86264e-03 6.85460e-03 6.84257e-03 6.82724e-03 6.80841e-03 6.78536e-03 6.75741e-03 6.72432e-03 6.68656e-03 6.64531e-03 6.60200e-03 6.55761e-03 6.51219e-03 6.46558e-03 6.41839e-03 6.37192e-03 6.32780e-03 6.28790e-03 6.25436e-03 6.22899e-03 6.21267e-03 6.20525e-03 6.20615e-03 6.21494e-03 6.23143e-03 6.25488e-03 6.28276e-03 6.31050e-03 6.33284e-03 6.34618e-03 6.35001e-03 6.34643e-03 6.33841e-03 6.32806e-03 6.31589e-03 6.30114e-03 6.28250e-03 6.25869e-03 6.22857e-03 6.19093e-03 6.14449e-03 6.08844e-03 6.02330e-03 5.95168e-03 5.87785e-03 5.80651e-03 5.74134e-03 5.68413e-03 5.63438e-03 5.58927e-03 5.54405e-03 5.49379e-03 5.43671e-03 5.37716e-03 5.32485e-03 5.28952e-03 5.27555e-03 5.28143e-03 5.30320e-03 5.33693e-03 5.37851e-03 5.42331e-03 5.46764e-03 5.51065e-03 5.55399e-03 5.59884e-03 5.64333e-03 5.68291e-03 5.71328e-03 5.73269e-03 5.74204e-03 5.74316e-03 5.73651e-03 5.71872e-03 5.68151e-03 5.61342e-03 5.50449e-03 5.35172e-03 5.16209e-03 4.95102e-03 4.73701e-03 4.53565e-03 4.35636e-03 4.20213e-03 4.07116e-03 3.95942e-03 3.86311e-03 3.77972e-03 3.70760e-03 3.64512e-03 3.59044e-03 3.54177e-03 3.49770e-03 3.45735e-03 3.42028e-03 3.38637e-03 3.35565e-03 3.32803e-03 3.30317e-03 3.28038e-03 3.25868e-03 3.23688e-03 3.21366e-03 3.18771e-03 3.15808e-03 3.12470e-03 3.08859e-03 3.05194e-03 3.01765e-03 2.98855e-03 2.96632e-03 2.95086e-03 2.94043e-03 2.93233e-03 2.92363e-03 2.91171e-03 2.89452e-03 2.87062e-03 2.83916e-03 2.80018e-03 2.75489e-03 2.70537e-03 2.65362e-03 2.60056e-03 2.54577e-03 2.48842e-03 2.42843e-03 2.36727e-03 2.30758e-03 2.25220e-03 2.20315e-03 2.16112e-03 2.12548e-03 2.09476e-03 2.06725e-03 2.04151e-03 2.01653e-03 1.99172e-03 1.96667e-03 1.94099e-03 1.91415e-03 1.88555e-03 1.85462e-03 1.82103e-03 1.78476e-03 1.74608e-03 1.70540e-03 1.66317e-03 1.61990e-03 1.57630e-03 1.53335e-03 1.49220e-03 1.45376e-03 1.41832e-03 1.38549e-03 1.35457e-03 1.32505e-03 1.29687e-03 1.27035e-03 1.24582e-03 1.22339e-03 1.20289e-03 1.18394e-03 1.16619e-03 1.14950e-03 1.13390e-03 1.11950e-03 1.10628e-03 1.09402e-03 1.08238e-03 1.07099e-03 1.05956e-03 1.04796e-03 1.03615e-03 1.02409e-03 1.01163e-03 9.98491e-04 9.84319e-04 9.68748e-04 9.51547e-04 9.32726e-04 9.12588e-04 8.91705e-04 8.70794e-04 8.50546e-04 8.31482e-04 8.13874e-04 7.97766e-04 7.83053e-04 7.69549e-04 7.57021e-04 7.45171e-04 7.33613e-04 7.21897e-04 7.09588e-04 6.96364e-04 6.82052e-04 6.66645e-04 6.50313e-04 6.33452e-04 6.16702e-04 6.00922e-04 5.87012e-04 5.75606e-04 5.66769e-04 5.59978e-04 5.54418e-04 5.49359e-04 5.44332e-04 5.39052e-04 5.33269e-04 5.26719e-04 5.19217e-04 5.10839e-04 5.02039e-04 4.93528e-04 4.85910e-04 4.79370e-04 4.73662e-04 4.68375e-04 4.63209e-04 4.58150e-04 4.53505e-04 4.49760e-04 4.47248e-04 4.45827e-04 4.44852e-04 4.43517e-04 4.41299e-04 4.38097e-04 4.34025e-04 4.29116e-04 4.23260e-04 4.16369e-04 4.08545e-04 4.00022e-04 3.90952e-04 3.81273e-04 3.70760e-04 3.59240e-04 3.46796e-04 3.33859e-04 3.21101e-04 3.09212e-04 2.98675e-04 2.89654e-04 2.81998e-04 2.75323e-04 2.69131e-04 2.62932e-04 2.56350e-04 2.49194e-04 2.41463e-04 2.33298e-04 2.24886e-04 2.16388e-04 2.07892e-04 1.99420e-04 1.90949e-04 1.82444e-04 1.73883e-04 1.65267e-04 1.56628e-04 1.48032e-04 1.39583e-04 1.31450e-04 1.23889e-04 1.17248e-04 1.11921e-04 1.08237e-04 1.06294e-04 1.05787e-04 1.05914e-04 1.05469e-04 1.03138e-04 9.79320e-05 8.95909e-05 7.87991e-05 6.70670e-05 5.61140e-05 4.67861e-05 3.83499e-05 2.93951e-05 1.97152e-05 1.08375e-05 4.57014e-06 1.36527e-06 2.56604e-07 2.44729e-08 7.59278e-10 3.45062e-12
9.204522 1.10811e-02 1.79280e-02 1.46173e-02 1.18430e-02 9.88565e-03 8.65800e-03 8.02915e-03 7.84372e-03 7.93135e-03 8.11612e-03 8.24683e-03 8.24277e-03 8.10861e-03 7.89855e-03 7.66678e-03 7.44473e-03 7.24534e-03 7.07356e-03 6.93153e-03 6.82024e-03 6.74002e-03 6.69002e-03 6.66715e-03 6.66575e-03 6.67857e-03 6.69825e-03 6.71878e-03 6.73632e-03 6.74923e-03 6.75733e-03 6.76089e-03 6.76003e-03 6.75461e-03 6.74451e-03 6.72966e-03 6.71007e-03 6.68590e-03 6.65764e-03 6.62586e-03 6.59048e-03 6.55042e-03 6.50455e-03 6.45343e-03 6.39946e-03 6.34553e-03 6.29421e-03 6.24802e-03 6.20959e-03 6.18132e-03 6.16504e-03 6.16178e-03 6.17162e-03 6.19354e-03 6.22563e-03 6.26535e-03 6.30950e-03 6.35378e-03 6.39307e-03 6.42274e-03 6.44039e-03 6.44633e-03 6.44270e-03 6.43164e-03 6.41405e-03 6.38954e-03 6.35738e-03 6.31782e-03 6.27247e-03 6.22349e-03 6.17216e-03 6.11804e-03 6.05961e-03 5.99592e-03 5.92789e-03 5.85820e-03 5.78983e-03 5.72423e-03 5.66010e-03 5.59395e-03 5.52316e-03 5.45006e-03 5.38316e-03 5.33294e-03 5.30564e-03 5.30113e-03 5.31563e-03 5.34468e-03 5.38302e-03 5.42375e-03 5.46012e-03 5.48912e-03 5.51306e-03 5.53753e-03 5.56760e-03 5.60525e-03 5.64863e-03 5.69292e-03 5.73177e-03 5.75913e-03 5.77051e-03 5.76301e-03 5.73429e-03 5.68139e-03 5.60025e-03 5.48666e-03 5.33929e-03 5.16357e-03 4.97270e-03 4.78341e-03 4.60903e-03 4.45527e-03 4.32101e-03 4.20167e-03 4.09267e-03 3.99142e-03 3.89748e-03 3.81167e-03 3.73485e-03 3.66729e-03 3.60858e-03 3.55771e-03 3.51338e-03 3.47432e-03 3.43959e-03 3.40857e-03 3.38074e-03 3.35549e-03 3.33196e-03 3.30912e-03 3.28594e-03 3.26154e-03 3.23546e-03 3.20781e-03 3.17938e-03 3.15158e-03 3.12633e-03 3.10550e-03 3.09017e-03 3.07995e-03 3.07308e-03 3.06678e-03 3.05770e-03 3.04232e-03 3.01768e-03 2.98242e-03 2.93737e-03 2.88532e-03 2.82975e-03 2.77320e-03 2.71637e-03 2.65848e-03 2.59859e-03 2.53668e-03 2.47400e-03 2.41256e-03 2.35453e-03 2.30165e-03 2.25502e-03 2.21492e-03 2.18089e-03 2.15183e-03 2.12633e-03 2.10305e-03 2.08094e-03 2.05924e-03 2.03730e-03 2.01457e-03 1.99051e-03 1.96477e-03 1.93723e-03 1.90796e-03 1.87710e-03 1.84476e-03 1.81090e-03 1.77542e-03 1.73823e-03 1.69945e-03 1.65956e-03 1.61935e-03 1.57968e-03 1.54118e-03 1.50413e-03 1.46860e-03 1.43463e-03 1.40231e-03 1.37166e-03 1.34260e-03 1.31496e-03 1.28856e-03 1.26332e-03 1.23920e-03 1.21623e-03 1.19441e-03 1.17374e-03 1.15429e-03 1.13615e-03 1.11938e-03 1.10396e-03 1.08970e-03 1.07633e-03 1.06356e-03 1.05113e-03 1.03881e-03 1.02634e-03 1.01338e-03 9.99538e-04 9.84423e-04 9.67755e-04 9.49424e-04 9.29551e-04 9.08506e-04 8.86861e-04 8.65265e-04 8.44305e-04 8.24391e-04 8.05725e-04 7.88337e-04 7.72132e-04 7.56928e-04 7.42448e-04 7.28335e-04 7.14213e-04 6.99811e-04 6.85075e-04 6.70178e-04 6.55409e-04 6.41008e-04 6.27065e-04 6.13519e-04 6.00266e-04 5.87311e-04 5.74880e-04 5.63444e-04 5.53565e-04 5.45621e-04 5.39544e-04 5.34790e-04 5.30588e-04 5.26281e-04 5.21507e-04 5.16132e-04 5.10075e-04 5.03232e-04 4.95573e-04 4.87331e-04 4.79049e-04 4.71421e-04 4.65030e-04 4.60185e-04 4.56897e-04 4.54921e-04 4.53809e-04 4.53030e-04 4.52125e-04 4.50829e-04 4.49076e-04 4.46877e-04 4.44183e-04 4.40834e-04 4.36601e-04 4.31271e-04 4.24753e-04 4.17169e-04 4.08848e-04 4.00176e-04 3.91430e-04 3.82696e-04 3.73910e-04 3.64936e-04 3.55624e-04 3.45816e-04 3.35330e-04 3.23979e-04 3.11672e-04 2.98591e-04 2.85310e-04 2.72716e-04 2.61710e-04 2.52888e-04 2.46372e-04 2.41831e-04 2.38615e-04 2.35920e-04 2.32974e-04 2.29213e-04 2.24375e-04 2.18466e-04 2.11644e-04 2.04101e-04 1.95993e-04 1.87417e-04 1.78436e-04 1.69096e-04 1.59458e-04 1.49614e-04 1.39703e-04 1.29927e-04 1.20550e-04 1.11877e-04 1.04202e-04 9.77235e-05 9.24462e-05 8.80974e-05 8.41046e-05 7.96781e-05 7.40180e-05 6.66225e-05 5.76123e-05 4.78956e-05 3.88805e-05 3.15348e-05 2.53961e-05 1.90457e-05 1.20690e-05 5.86566e-06 1.98329e-06 4.11170e-07 4.20961e-08 1.36473e-09 6.18188e-12
9.304571 9.65299e-03 1.62651e-02 1.38632e-02 1.15921e-02 9.76388e-03 8.53731e-03 7.89908e-03 7.71577e-03 7.81771e-03 8.03027e-03 8.20103e-03 8.24111e-03 8.14166e-03 7.94543e-03 7.70508e-03 7.46060e-03 7.23570e-03 7.04141e-03 6.88156e-03 6.75750e-03 6.66955e-03 6.61604e-03 6.59256e-03 6.59244e-03 6.60797e-03 6.63178e-03 6.65790e-03 6.68241e-03 6.70340e-03 6.72023e-03 6.73271e-03 6.74048e-03 6.74310e-03 6.74026e-03 6.73195e-03 6.71842e-03 6.70003e-03 6.67713e-03 6.64964e-03 6.61662e-03 6.57658e-03 6.52890e-03 6.47501e-03 6.41790e-03 6.36088e-03 6.30691e-03 6.25865e-03 6.21848e-03 6.18860e-03 6.17117e-03 6.16838e-03 6.18194e-03 6.21216e-03 6.25737e-03 6.31408e-03 6.37746e-03 6.44173e-03 6.50068e-03 6.54858e-03 6.58148e-03 6.59783e-03 6.59799e-03 6.58325e-03 6.55513e-03 6.51549e-03 6.46700e-03 6.41324e-03 6.35802e-03 6.30420e-03 6.25259e-03 6.20176e-03 6.14885e-03 6.09114e-03 6.02728e-03 5.95729e-03 5.88121e-03 5.79817e-03 5.70776e-03 5.61334e-03 5.52371e-03 5.44986e-03 5.39908e-03 5.37219e-03 5.36579e-03 5.37563e-03 5.39751e-03 5.42612e-03 5.45487e-03 5.47826e-03 5.49527e-03 5.51029e-03 5.53063e-03 5.56217e-03 5.60604e-03 5.65806e-03 5.71086e-03 5.75662e-03 5.78869e-03 5.80170e-03 5.79169e-03 5.75707e-03 5.69849e-03 5.61604e-03 5.50632e-03 5.36443e-03 5.19132e-03 4.99887e-03 4.80659e-03 4.63224e-03 4.48471e-03 4.36377e-03 4.26403e-03 4.17889e-03 4.10255e-03 4.03068e-03 3.96053e-03 3.89096e-03 3.82234e-03 3.75606e-03 3.69394e-03 3.63750e-03 3.58764e-03 3.54452e-03 3.50753e-03 3.47546e-03 3.44674e-03 3.41973e-03 3.39303e-03 3.36577e-03 3.33774e-03 3.30957e-03 3.28256e-03 3.25836e-03 3.23852e-03 3.22396e-03 3.21444e-03 3.20802e-03 3.20117e-03 3.18939e-03 3.16847e-03 3.13567e-03 3.09094e-03 3.03722e-03 2.97922e-03 2.92112e-03 2.86474e-03 2.80963e-03 2.75458e-03 2.69902e-03 2.64344e-03 2.58881e-03 2.53601e-03 2.48544e-03 2.43714e-03 2.39108e-03 2.34747e-03 2.30675e-03 2.26942e-03 2.23575e-03 2.20560e-03 2.17842e-03 2.15338e-03 2.12957e-03 2.10615e-03 2.08252e-03 2.05840e-03 2.03386e-03 2.00909e-03 1.98423e-03 1.95919e-03 1.93366e-03 1.90714e-03 1.87912e-03 1.84926e-03 1.81748e-03 1.78401e-03 1.74922e-03 1.71343e-03 1.67676e-03 1.63920e-03 1.60088e-03 1.56228e-03 1.52422e-03 1.48765e-03 1.45323e-03 1.42121e-03 1.39132e-03 1.36294e-03 1.33540e-03 1.30812e-03 1.28088e-03 1.25373e-03 1.22700e-03 1.20118e-03 1.17676e-03 1.15421e-03 1.13382e-03 1.11570e-03 1.09971e-03 1.08552e-03 1.07264e-03 1.06054e-03 1.04868e-03 1.03661e-03 1.02389e-03 1.01015e-03 9.95103e-04 9.78574e-04 9.60550e-04 9.41181e-04 9.20770e-04 8.99730e-04 8.78514e-04 8.57529e-04 8.37077e-04 8.17343e-04 7.98394e-04 7.80202e-04 7.62642e-04 7.45503e-04 7.28542e-04 7.11585e-04 6.94630e-04 6.77887e-04 6.61694e-04 6.46380e-04 6.32155e-04 6.19074e-04 6.07069e-04 5.95994e-04 5.85658e-04 5.75854e-04 5.66413e-04 5.57276e-04 5.48548e-04 5.40482e-04 5.33337e-04 5.27167e-04 5.21710e-04 5.16464e-04 5.10919e-04 5.04766e-04 4.97961e-04 4.90683e-04 4.83276e-04 4.76216e-04 4.70052e-04 4.65228e-04 4.61836e-04 4.59491e-04 4.57489e-04 4.55199e-04 4.52381e-04 4.49223e-04 4.46101e-04 4.43291e-04 4.40825e-04 4.38508e-04 4.36013e-04 4.32983e-04 4.29126e-04 4.24291e-04 4.18506e-04 4.11943e-04 4.04827e-04 3.97318e-04 3.89488e-04 3.81349e-04 3.72913e-04 3.64221e-04 3.55343e-04 3.46326e-04 3.37143e-04 3.27659e-04 3.17625e-04 3.06713e-04 2.94564e-04 2.80932e-04 2.65950e-04 2.50404e-04 2.35745e-04 2.23684e-04 2.15533e-04 2.11695e-04 2.11557e-04 2.13711e-04 2.16387e-04 2.17997e-04 2.17584e-04 2.14912e-04 2.10226e-04 2.03901e-04 1.96241e-04 1.87433e-04 1.77601e-04 1.66867e-04 1.55398e-04 1.43420e-04 1.31214e-04 1.19097e-04 1.07392e-04 9.63863e-05 8.62797e-05 7.71305e-05 6.88141e-05 6.10204e-05 5.33237e-05 4.53531e-05 3.70570e-05 2.89480e-05 2.20172e-05 1.69750e-05 1.32758e-05 9.53444e-06 5.42326e-06 2.12934e-06 4.99507e-07 5.60910e-08 1.93643e-09 9.16711e-12
9.404621 1.09278e-02 1.70548e-02 1.36616e-02 1.12008e-02 9.48025e-03 8.35094e-03 7.75198e-03 7.58262e-03 7.70349e-03 7.95085e-03 8.16634e-03 8.24482e-03 8.16286e-03 7.96168e-03 7.70406e-03 7.44034e-03 7.19810e-03 6.98855e-03 6.81611e-03 6.68309e-03 6.58987e-03 6.53406e-03 6.51063e-03 6.51271e-03 6.53238e-03 6.56173e-03 6.59411e-03 6.62505e-03 6.65240e-03 6.67545e-03 6.69381e-03 6.70670e-03 6.71327e-03 6.71326e-03 6.70725e-03 6.69613e-03 6.68037e-03 6.65969e-03 6.63318e-03 6.59954e-03 6.55779e-03 6.50823e-03 6.45277e-03 6.39464e-03 6.33765e-03 6.28544e-03 6.24079e-03 6.20547e-03 6.18062e-03 6.16751e-03 6.16817e-03 6.18519e-03 6.22063e-03 6.27451e-03 6.34408e-03 6.42392e-03 6.50685e-03 6.58499e-03 6.65072e-03 6.69761e-03 6.72134e-03 6.72050e-03 6.69689e-03 6.65526e-03 6.60221e-03 6.54461e-03 6.48801e-03 6.43557e-03 6.38772e-03 6.34252e-03 6.29648e-03 6.24542e-03 6.18521e-03 6.11207e-03 6.02315e-03 5.91837e-03 5.80330e-03 5.68987e-03 5.59174e-03 5.51691e-03 5.46472e-03 5.42997e-03 5.40888e-03 5.40061e-03 5.40423e-03 5.41568e-03 5.42833e-03 5.43709e-03 5.44239e-03 5.45055e-03 5.47036e-03 5.50825e-03 5.56468e-03 5.63335e-03 5.70317e-03 5.76159e-03 5.79733e-03 5.80248e-03 5.77468e-03 5.71867e-03 5.64356e-03 5.55530e-03 5.45027e-03 5.31861e-03 5.15609e-03 4.97233e-03 4.78734e-03 4.62019e-03 4.48033e-03 4.36726e-03 4.27542e-03 4.19873e-03 4.13256e-03 4.07397e-03 4.02118e-03 3.97279e-03 3.92720e-03 3.88248e-03 3.83673e-03 3.78876e-03 3.73866e-03 3.68772e-03 3.63783e-03 3.59067e-03 3.54708e-03 3.50707e-03 3.47012e-03 3.43575e-03 3.40388e-03 3.37489e-03 3.34937e-03 3.32760e-03 3.30922e-03 3.29282e-03 3.27569e-03 3.25390e-03 3.22333e-03 3.18158e-03 3.12956e-03 3.07134e-03 3.01213e-03 2.95557e-03 2.90223e-03 2.85077e-03 2.80006e-03 2.75035e-03 2.70266e-03 2.65764e-03 2.61505e-03 2.57393e-03 2.53324e-03 2.49243e-03 2.45168e-03 2.41183e-03 2.37395e-03 2.33889e-03 2.30681e-03 2.27711e-03 2.24871e-03 2.22059e-03 2.19226e-03 2.16384e-03 2.13577e-03 2.10854e-03 2.08246e-03 2.05764e-03 2.03397e-03 2.01121e-03 1.98890e-03 1.96643e-03 1.94317e-03 1.91860e-03 1.89251e-03 1.86496e-03 1.83617e-03 1.80626e-03 1.77511e-03 1.74241e-03 1.70789e-03 1.67156e-03 1.63384e-03 1.59543e-03 1.55716e-03 1.51982e-03 1.48400e-03 1.45005e-03 1.41804e-03 1.38771e-03 1.35859e-03 1.33013e-03 1.30186e-03 1.27362e-03 1.24558e-03 1.21819e-03 1.19207e-03 1.16782e-03 1.14593e-03 1.12663e-03 1.10981e-03 1.09509e-03 1.08190e-03 1.06958e-03 1.05753e-03 1.04522e-03 1.03224e-03 1.01830e-03 1.00324e-03 9.86955e-04 9.69465e-04 9.50856e-04 9.31300e-04 9.11041e-04 8.90365e-04 8.69564e-04 8.48891e-04 8.28526e-04 8.08563e-04 7.89009e-04 7.69803e-04 7.50848e-04 7.32081e-04 7.13527e-04 6.95327e-04 6.77695e-04 6.60847e-04 6.44947e-04 6.30091e-04 6.16337e-04 6.03728e-04 5.92293e-04 5.82026e-04 5.72848e-04 5.64588e-04 5.56978e-04 5.49703e-04 5.42468e-04 5.35101e-04 5.27607e-04 5.20147e-04 5.12910e-04 5.05986e-04 4.99344e-04 4.92931e-04 4.86785e-04 4.81016e-04 4.75684e-04 4.70700e-04 4.65888e-04 4.61141e-04 4.56508e-04 4.52106e-04 4.47971e-04 4.44026e-04 4.40194e-04 4.36496e-04 4.33043e-04 4.29932e-04 4.27151e-04 4.24540e-04 4.21812e-04 4.18649e-04 4.14829e-04 4.10298e-04 4.05150e-04 3.99546e-04 3.93623e-04 3.87449e-04 3.81039e-04 3.74391e-04 3.67514e-04 3.60442e-04 3.53214e-04 3.45841e-04 3.38303e-04 3.30535e-04 3.22372e-04 3.13444e-04 3.03182e-04 2.91019e-04 2.76658e-04 2.60255e-04 2.42460e-04 2.24420e-04 2.07776e-04 1.94499e-04 1.86323e-04 1.84002e-04 1.86926e-04 1.93317e-04 2.00786e-04 2.07036e-04 2.10563e-04 2.10917e-04 2.08356e-04 2.03306e-04 1.96066e-04 1.86807e-04 1.75689e-04 1.62940e-04 1.48890e-04 1.33949e-04 1.18582e-04 1.03266e-04 8.84468e-05 7.44971e-05 6.16686e-05 5.00600e-05 3.96202e-05 3.02231e-05 2.18440e-05 1.47735e-05 9.59447e-06 6.56115e-06 4.85380e-06 3.21744e-06 1.50422e-06 4.09305e-07 5.14058e-08 1.92852e-09 1.00144e-11
9.504670 1.00101e-02 1.67516e-02 1.39484e-02 1.13620e-02 9.44175e-03 8.23373e-03 7.62561e-03 7.46893e-03 7.61239e-03 7.89071e-03 8.13863e-03 8.24081e-03 8.16904e-03 7.96729e-03 7.70293e-03 7.42864e-03 7.17360e-03 6.95154e-03 6.76914e-03 6.62933e-03 6.53181e-03 6.47360e-03 6.44961e-03 6.45312e-03 6.47610e-03 6.51007e-03 6.54753e-03 6.58334e-03 6.61497e-03 6.64161e-03 6.66273e-03 6.67745e-03 6.68491e-03 6.68513e-03 6.67908e-03 6.66786e-03 6.65174e-03 6.63001e-03 6.60153e-03 6.56553e-03 6.52210e-03 6.47225e-03 6.41800e-03 6.36242e-03 6.30947e-03 6.26319e-03 6.22663e-03 6.20126e-03 6.18732e-03 6.18489e-03 6.19492e-03 6.21963e-03 6.26162e-03 6.32206e-03 6.39899e-03 6.48675e-03 6.57703e-03 6.66096e-03 6.73109e-03 6.78235e-03 6.81185e-03 6.81853e-03 6.80348e-03 6.77058e-03 6.72649e-03 6.67899e-03 6.63428e-03 6.59457e-03 6.55716e-03 6.51544e-03 6.46122e-03 6.38751e-03 6.29066e-03 6.17203e-03 6.03909e-03 5.90468e-03 5.78277e-03 5.68238e-03 5.60466e-03 5.54571e-03 5.50122e-03 5.46859e-03 5.44617e-03 5.43176e-03 5.42210e-03 5.41374e-03 5.40517e-03 5.39883e-03 5.40094e-03 5.41897e-03 5.45788e-03 5.51723e-03 5.59004e-03 5.66421e-03 5.72572e-03 5.76208e-03 5.76516e-03 5.73373e-03 5.67507e-03 5.60187e-03 5.52290e-03 5.43406e-03 5.32095e-03 5.17299e-03 4.99568e-03 4.80960e-03 4.63802e-03 4.49509e-03 4.38323e-03 4.29758e-03 4.23097e-03 4.17684e-03 4.13024e-03 4.08818e-03 4.04926e-03 4.01295e-03 3.97879e-03 3.94595e-03 3.91316e-03 3.87883e-03 3.84119e-03 3.79862e-03 3.75016e-03 3.69629e-03 3.63938e-03 3.58331e-03 3.53228e-03 3.48935e-03 3.45541e-03 3.42901e-03 3.40667e-03 3.38339e-03 3.35348e-03 3.31187e-03 3.25599e-03 3.18766e-03 3.11341e-03 3.04192e-03 2.97946e-03 2.92703e-03 2.88149e-03 2.83909e-03 2.79803e-03 2.75838e-03 2.72064e-03 2.68469e-03 2.64970e-03 2.61474e-03 2.57920e-03 2.54308e-03 2.50673e-03 2.47060e-03 2.43512e-03 2.40068e-03 2.36772e-03 2.33664e-03 2.30758e-03 2.28040e-03 2.25472e-03 2.23005e-03 2.20583e-03 2.18150e-03 2.15662e-03 2.13101e-03 2.10485e-03 2.07857e-03 2.05262e-03 2.02730e-03 2.00266e-03 1.97854e-03 1.95466e-03 1.93078e-03 1.90663e-03 1.88190e-03 1.85613e-03 1.82884e-03 1.79959e-03 1.76823e-03 1.73493e-03 1.70010e-03 1.66426e-03 1.62788e-03 1.59134e-03 1.55493e-03 1.51894e-03 1.48370e-03 1.44952e-03 1.41668e-03 1.38534e-03 1.35549e-03 1.32694e-03 1.29943e-03 1.27270e-03 1.24666e-03 1.22144e-03 1.19736e-03 1.17484e-03 1.15426e-03 1.13583e-03 1.11945e-03 1.10475e-03 1.09114e-03 1.07800e-03 1.06477e-03 1.05102e-03 1.03648e-03 1.02098e-03 1.00447e-03 9.86976e-04 9.68538e-04 9.49244e-04 9.29222e-04 9.08643e-04 8.87724e-04 8.66695e-04 8.45759e-04 8.25058e-04 8.04650e-04 7.84532e-04 7.64674e-04 7.45057e-04 7.25699e-04 7.06658e-04 6.88033e-04 6.69945e-04 6.52530e-04 6.35928e-04 6.20279e-04 6.05712e-04 5.92345e-04 5.80270e-04 5.69534e-04 5.60122e-04 5.51935e-04 5.44791e-04 5.38436e-04 5.32573e-04 5.26901e-04 5.21172e-04 5.15270e-04 5.09262e-04 5.03363e-04 4.97782e-04 4.92547e-04 4.87438e-04 4.82103e-04 4.76254e-04 4.69816e-04 4.62945e-04 4.55976e-04 4.49322e-04 4.43341e-04 4.38174e-04 4.33683e-04 4.29588e-04 4.25674e-04 4.21901e-04 4.18346e-04 4.15071e-04 4.12025e-04 4.09018e-04 4.05803e-04 4.02192e-04 3.98123e-04 3.93649e-04 3.88868e-04 3.83867e-04 3.78706e-04 3.73422e-04 3.68046e-04 3.62612e-04 3.57135e-04 3.51640e-04 3.46245e-04 3.41212e-04 3.36722e-04 3.32437e-04 3.27295e-04 3.19908e-04 3.09267e-04 2.95160e-04 2.78071e-04 2.58864e-04 2.38589e-04 2.18402e-04 1.99530e-04 1.83306e-04 1.71238e-04 1.64800e-04 1.64727e-04 1.70336e-04 1.79642e-04 1.90062e-04 1.99149e-04 2.05172e-04 2.07426e-04 2.06005e-04 2.01285e-04 1.93582e-04 1.83113e-04 1.70093e-04 1.54830e-04 1.37766e-04 1.19491e-04 1.00714e-04 8.22091e-05 6.47254e-05 4.88820e-05 3.50907e-05 2.35487e-05 1.43392e-05 7.59271e-06 3.46019e-06 1.63778e-06 1.03034e-06 5.94348e-07 1.99907e-07 2.94244e-08 1.26141e-09 8.19731e-12
9.604719 9.26155e-03 1.56044e-02 1.32275e-02 1.10673e-02 9.36134e-03 8.20393e-03 7.59402e-03 7.43817e-03 7.59197e-03 7.88353e-03 8.14442e-03 8.25977e-03 8.20009e-03 8.00519e-03 7.73926e-03 7.45608e-03 7.18929e-03 6.95691e-03 6.76737e-03 6.62313e-03 6.52295e-03 6.46336e-03 6.43932e-03 6.44406e-03 6.46918e-03 6.50567e-03 6.54565e-03 6.58381e-03 6.61761e-03 6.64606e-03 6.66838e-03 6.68344e-03 6.69026e-03 6.68860e-03 6.67911e-03 6.66269e-03 6.63983e-03 6.61051e-03 6.57469e-03 6.53297e-03 6.48667e-03 6.43751e-03 6.38746e-03 6.33914e-03 6.29609e-03 6.26203e-03 6.23973e-03 6.23032e-03 6.23368e-03 6.24935e-03 6.27731e-03 6.31786e-03 6.37073e-03 6.43423e-03 6.50529e-03 6.58034e-03 6.65612e-03 6.72983e-03 6.79851e-03 6.85867e-03 6.90650e-03 6.93883e-03 6.95429e-03 6.95393e-03 6.94075e-03 6.91779e-03 6.88615e-03 6.84396e-03 6.78691e-03 6.70968e-03 6.60758e-03 6.47892e-03 6.32789e-03 6.16637e-03 6.01135e-03 5.87760e-03 5.77114e-03 5.68949e-03 5.62707e-03 5.57951e-03 5.54389e-03 5.51717e-03 5.49549e-03 5.47514e-03 5.45388e-03 5.43191e-03 5.41230e-03 5.40026e-03 5.40160e-03 5.42105e-03 5.46058e-03 5.51771e-03 5.58437e-03 5.64759e-03 5.69257e-03 5.70722e-03 5.68713e-03 5.63875e-03 5.57613e-03 5.50974e-03 5.43554e-03 5.33685e-03 5.19957e-03 5.02720e-03 4.84120e-03 4.66752e-03 4.52296e-03 4.41187e-03 4.33020e-03 4.27048e-03 4.22499e-03 4.18744e-03 4.15379e-03 4.12214e-03 4.09177e-03 4.06210e-03 4.03210e-03 4.00038e-03 3.96568e-03 3.92729e-03 3.88526e-03 3.84048e-03 3.79444e-03 3.74881e-03 3.70487e-03 3.66322e-03 3.62370e-03 3.58543e-03 3.54632e-03 3.50245e-03 3.44853e-03 3.38032e-03 3.29807e-03 3.20820e-03 3.12096e-03 3.04515e-03 2.98363e-03 2.93331e-03 2.88873e-03 2.84591e-03 2.80361e-03 2.76240e-03 2.72323e-03 2.68668e-03 2.65281e-03 2.62137e-03 2.59182e-03 2.56333e-03 2.53493e-03 2.50580e-03 2.47554e-03 2.44429e-03 2.41267e-03 2.38162e-03 2.35199e-03 2.32429e-03 2.29858e-03 2.27463e-03 2.25217e-03 2.23092e-03 2.21054e-03 2.19058e-03 2.17043e-03 2.14937e-03 2.12678e-03 2.10235e-03 2.07625e-03 2.04904e-03 2.02153e-03 1.99446e-03 1.96829e-03 1.94304e-03 1.91835e-03 1.89364e-03 1.86831e-03 1.84193e-03 1.81432e-03 1.78544e-03 1.75532e-03 1.72396e-03 1.69129e-03 1.65725e-03 1.62188e-03 1.58538e-03 1.54815e-03 1.51077e-03 1.47399e-03 1.43862e-03 1.40533e-03 1.37456e-03 1.34638e-03 1.32053e-03 1.29648e-03 1.27365e-03 1.25156e-03 1.22998e-03 1.20894e-03 1.18866e-03 1.16940e-03 1.15136e-03 1.13457e-03 1.11880e-03 1.10367e-03 1.08872e-03 1.07352e-03 1.05777e-03 1.04124e-03 1.02387e-03 1.00564e-03 9.86625e-04 9.66891e-04 9.46541e-04 9.25706e-04 9.04553e-04 8.83273e-04 8.62034e-04 8.40945e-04 8.20064e-04 7.99423e-04 7.79044e-04 7.58940e-04 7.39103e-04 7.19517e-04 7.00176e-04 6.81113e-04 6.62407e-04 6.44178e-04 6.26584e-04 6.09812e-04 5.94070e-04 5.79580e-04 5.66550e-04 5.55144e-04 5.45449e-04 5.37455e-04 5.31038e-04 5.25965e-04 5.21913e-04 5.18504e-04 5.15336e-04 5.12014e-04 5.08180e-04 5.03570e-04 4.98092e-04 4.91856e-04 4.85124e-04 4.78192e-04 4.71278e-04 4.64485e-04 4.57820e-04 4.51266e-04 4.44853e-04 4.38684e-04 4.32893e-04 4.27534e-04 4.22522e-04 4.17699e-04 4.12961e-04 4.08312e-04 4.03816e-04 3.99521e-04 3.95408e-04 3.91414e-04 3.87489e-04 3.83631e-04 3.79878e-04 3.76270e-04 3.72832e-04 3.69584e-04 3.66555e-04 3.63793e-04 3.61360e-04 3.59361e-04 3.58008e-04 3.57531e-04 3.57819e-04 3.58070e-04 3.56863e-04 3.52583e-04 3.43954e-04 3.30550e-04 3.12948e-04 2.92341e-04 2.70031e-04 2.47216e-04 2.25028e-04 2.04545e-04 1.86680e-04 1.72028e-04 1.60911e-04 1.53705e-04 1.51074e-04 1.53544e-04 1.60702e-04 1.70972e-04 1.82066e-04 1.91542e-04 1.97449e-04 1.98944e-04 1.96261e-04 1.90030e-04 1.80660e-04 1.68259e-04 1.52893e-04 1.34849e-04 1.14763e-04 9.36204e-05 7.26487e-05 5.31157e-05 3.60930e-05 2.22852e-05 1.20036e-05 5.24376e-06 1.65888e-06 3.57578e-07 9.21602e-08 3.73238e-08 7.73651e-09 4.91608e-10 6.14322e-12
9.704768 1.11988e-02 1.73353e-02 1.35864e-02 1.09330e-02 9.19383e-03 8.10186e-03 7.53907e-03 7.39975e-03 7.55092e-03 7.83439e-03 8.09517e-03 8.22380e-03 8.18390e-03 8.00380e-03 7.74203e-03 7.45471e-03 7.18091e-03 6.94241e-03 6.74862e-03 6.60157e-03 6.49956e-03 6.43896e-03 6.41444e-03 6.41871e-03 6.44300e-03 6.47840e-03 6.51762e-03 6.55585e-03 6.59050e-03 6.62003e-03 6.64302e-03 6.65787e-03 6.66295e-03 6.65702e-03 6.63978e-03 6.61203e-03 6.57557e-03 6.53269e-03 6.48589e-03 6.43770e-03 6.39049e-03 6.34611e-03 6.30602e-03 6.27191e-03 6.24630e-03 6.23218e-03 6.23197e-03 6.24625e-03 6.27308e-03 6.30833e-03 6.34756e-03 6.38868e-03 6.43347e-03 6.48637e-03 6.55098e-03 6.62687e-03 6.70911e-03 6.79049e-03 6.86475e-03 6.92866e-03 6.98217e-03 7.02703e-03 7.06489e-03 7.09577e-03 7.11694e-03 7.12226e-03 7.10245e-03 7.04704e-03 6.94822e-03 6.80519e-03 6.62679e-03 6.43067e-03 6.23824e-03 6.06704e-03 5.92543e-03 5.81306e-03 5.72582e-03 5.65995e-03 5.61256e-03 5.58002e-03 5.55677e-03 5.53604e-03 5.51158e-03 5.47933e-03 5.43895e-03 5.39487e-03 5.35553e-03 5.33055e-03 5.32754e-03 5.34991e-03 5.39584e-03 5.45765e-03 5.52214e-03 5.57318e-03 5.59676e-03 5.58706e-03 5.55007e-03 5.50002e-03 5.44752e-03 5.38842e-03 5.30504e-03 5.18134e-03 5.01931e-03 4.84039e-03 4.67174e-03 4.53186e-03 4.42620e-03 4.35066e-03 4.29697e-03 4.25660e-03 4.22272e-03 4.19066e-03 4.15775e-03 4.12268e-03 4.08504e-03 4.04493e-03 4.00280e-03 3.95931e-03 3.91542e-03 3.87259e-03 3.83280e-03 3.79827e-03 3.77070e-03 3.75034e-03 3.73502e-03 3.71960e-03 3.69593e-03 3.65429e-03 3.58674e-03 3.49175e-03 3.37736e-03 3.25926e-03 3.15359e-03 3.06912e-03 3.00460e-03 2.95248e-03 2.90486e-03 2.85709e-03 2.80814e-03 2.75920e-03 2.71223e-03 2.66900e-03 2.63049e-03 2.59669e-03 2.56682e-03 2.53978e-03 2.51446e-03 2.48994e-03 2.46559e-03 2.44104e-03 2.41627e-03 2.39155e-03 2.36736e-03 2.34419e-03 2.32223e-03 2.30128e-03 2.28090e-03 2.26072e-03 2.24049e-03 2.22015e-03 2.19974e-03 2.17931e-03 2.15887e-03 2.13835e-03 2.11760e-03 2.09637e-03 2.07437e-03 2.05134e-03 2.02719e-03 2.00210e-03 1.97634e-03 1.95021e-03 1.92387e-03 1.89732e-03 1.87049e-03 1.84327e-03 1.81554e-03 1.78712e-03 1.75779e-03 1.72732e-03 1.69552e-03 1.66230e-03 1.62771e-03 1.59196e-03 1.55549e-03 1.51889e-03 1.48291e-03 1.44829e-03 1.41568e-03 1.38558e-03 1.35820e-03 1.33349e-03 1.31111e-03 1.29049e-03 1.27098e-03 1.25197e-03 1.23302e-03 1.21396e-03 1.19484e-03 1.17588e-03 1.15735e-03 1.13941e-03 1.12207e-03 1.10517e-03 1.08840e-03 1.07146e-03 1.05406e-03 1.03603e-03 1.01728e-03 9.97837e-04 9.77795e-04 9.57282e-04 9.36452e-04 9.15459e-04 8.94433e-04 8.73470e-04 8.52626e-04 8.31942e-04 8.11459e-04 7.91205e-04 7.71160e-04 7.51256e-04 7.31394e-04 7.11487e-04 6.91503e-04 6.71486e-04 6.51563e-04 6.31953e-04 6.12956e-04 5.94941e-04 5.78322e-04 5.63505e-04 5.50824e-04 5.40470e-04 5.32434e-04 5.26491e-04 5.22218e-04 5.19055e-04 5.16389e-04 5.13635e-04 5.10320e-04 5.06149e-04 5.01044e-04 4.95127e-04 4.88658e-04 4.81949e-04 4.75288e-04 4.68876e-04 4.62789e-04 4.56976e-04 4.51306e-04 4.45623e-04 4.39813e-04 4.33847e-04 4.27778e-04 4.21699e-04 4.15667e-04 4.09675e-04 4.03706e-04 3.97779e-04 3.91967e-04 3.86357e-04 3.81032e-04 3.76076e-04 3.71606e-04 3.67797e-04 3.64888e-04 3.63137e-04 3.62743e-04 3.63741e-04 3.65936e-04 3.68968e-04 3.72529e-04 3.76552e-04 3.81064e-04 3.85598e-04 3.88608e-04 3.87717e-04 3.81012e-04 3.68323e-04 3.51104e-04 3.31196e-04 3.09883e-04 2.87858e-04 2.65631e-04 2.43821e-04 2.23177e-04 2.04402e-04 1.87971e-04 1.74067e-04 1.62632e-04 1.53502e-04 1.46636e-04 1.42393e-04 1.41569e-04 1.44901e-04 1.52309e-04 1.62395e-04 1.72497e-04 1.79669e-04 1.82231e-04 1.80332e-04 1.74927e-04 1.66503e-04 1.54827e-04 1.39551e-04 1.20824e-04 9.95311e-05 7.71986e-05 5.56740e-05 3.67100e-05 2.15808e-05 1.08632e-05 4.38928e-06 1.29499e-06 2.49619e-07 3.01859e-08 3.06957e-09 3.03657e-10 7.17900e-12
9.804817 9.75185e-03 1.62954e-02 1.36037e-02 1.11579e-02 9.32564e-03 8.15744e-03 7.56698e-03 7.41407e-03 7.54661e-03 7.81274e-03 8.07192e-03 8.21843e-03 8.20527e-03 8.04670e-03 7.79467e-03 7.50718e-03 7.22829e-03 6.98355e-03 6.78413e-03 6.63268e-03 6.52755e-03 6.46461e-03 6.43764e-03 6.43865e-03 6.45890e-03 6.49036e-03 6.52688e-03 6.56427e-03 6.59962e-03 6.63049e-03 6.65447e-03 6.66895e-03 6.67110e-03 6.65837e-03 6.62961e-03 6.58620e-03 6.53226e-03 6.47355e-03 6.41588e-03 6.36392e-03 6.32063e-03 6.28750e-03 6.26515e-03 6.25408e-03 6.25479e-03 6.26669e-03 6.28714e-03 6.31218e-03 6.33960e-03 6.37138e-03 6.41271e-03 6.46819e-03 6.53827e-03 6.61883e-03 6.70321e-03 6.78463e-03 6.85767e-03 6.91904e-03 6.96883e-03 7.01194e-03 7.05767e-03 7.11606e-03 7.19135e-03 7.27558e-03 7.34675e-03 7.37512e-03 7.33560e-03 7.21936e-03 7.03752e-03 6.81606e-03 6.58571e-03 6.37188e-03 6.18848e-03 6.03836e-03 5.91817e-03 5.82354e-03 5.75112e-03 5.69749e-03 5.65737e-03 5.62357e-03 5.58899e-03 5.54896e-03 5.50221e-03 5.45047e-03 5.39782e-03 5.35005e-03 5.31380e-03 5.29526e-03 5.29890e-03 5.32610e-03 5.37332e-03 5.43084e-03 5.48374e-03 5.51654e-03 5.52025e-03 5.49748e-03 5.46015e-03 5.41903e-03 5.37230e-03 5.30417e-03 5.19775e-03 5.05193e-03 4.88557e-03 4.72576e-03 4.59284e-03 4.49352e-03 4.42307e-03 4.37149e-03 4.32906e-03 4.28901e-03 4.24765e-03 4.20337e-03 4.15561e-03 4.10451e-03 4.05091e-03 3.99637e-03 3.94315e-03 3.89416e-03 3.85269e-03 3.82185e-03 3.80360e-03 3.79748e-03 3.79961e-03 3.80231e-03 3.79488e-03 3.76614e-03 3.70854e-03 3.62245e-03 3.51734e-03 3.40782e-03 3.30629e-03 3.21757e-03 3.13909e-03 3.06564e-03 2.99397e-03 2.92419e-03 2.85818e-03 2.79764e-03 2.74320e-03 2.69463e-03 2.65136e-03 2.61280e-03 2.57840e-03 2.54765e-03 2.51996e-03 2.49467e-03 2.47114e-03 2.44885e-03 2.42747e-03 2.40686e-03 2.38705e-03 2.36821e-03 2.35055e-03 2.33404e-03 2.31829e-03 2.30265e-03 2.28650e-03 2.26940e-03 2.25114e-03 2.23166e-03 2.21104e-03 2.18946e-03 2.16721e-03 2.14480e-03 2.12281e-03 2.10182e-03 2.08213e-03 2.06355e-03 2.04535e-03 2.02635e-03 2.00533e-03 1.98142e-03 1.95444e-03 1.92489e-03 1.89368e-03 1.86182e-03 1.83004e-03 1.79868e-03 1.76774e-03 1.73696e-03 1.70596e-03 1.67435e-03 1.64189e-03 1.60853e-03 1.57450e-03 1.54021e-03 1.50621e-03 1.47309e-03 1.44137e-03 1.41153e-03 1.38388e-03 1.35857e-03 1.33553e-03 1.31450e-03 1.29499e-03 1.27643e-03 1.25828e-03 1.24007e-03 1.22157e-03 1.20274e-03 1.18371e-03 1.16472e-03 1.14595e-03 1.12750e-03 1.10931e-03 1.09123e-03 1.07300e-03 1.05442e-03 1.03534e-03 1.01573e-03 9.95654e-04 9.75272e-04 9.54734e-04 9.34160e-04 9.13629e-04 8.93183e-04 8.72857e-04 8.52680e-04 8.32672e-04 8.12797e-04 7.92942e-04 7.72925e-04 7.52563e-04 7.31740e-04 7.10463e-04 6.88870e-04 6.67232e-04 6.45932e-04 6.25448e-04 6.06312e-04 5.89045e-04 5.74075e-04 5.61646e-04 5.51753e-04 5.44124e-04 5.38263e-04 5.33537e-04 5.29298e-04 5.24996e-04 5.20256e-04 5.14912e-04 5.08983e-04 5.02618e-04 4.96021e-04 4.89390e-04 4.82878e-04 4.76583e-04 4.70551e-04 4.64779e-04 4.59217e-04 4.53768e-04 4.48299e-04 4.42674e-04 4.36797e-04 4.30638e-04 4.24246e-04 4.17718e-04 4.11148e-04 4.04586e-04 3.98059e-04 3.91635e-04 3.85479e-04 3.79873e-04 3.75196e-04 3.71847e-04 3.70121e-04 3.70064e-04 3.71445e-04 3.73900e-04 3.77196e-04 3.81349e-04 3.86442e-04 3.92245e-04 3.97970e-04 4.02331e-04 4.03846e-04 4.01269e-04 3.94034e-04 3.82478e-04 3.67629e-04 3.50682e-04 3.32607e-04 3.14064e-04 2.95483e-04 2.77175e-04 2.59372e-04 2.42232e-04 2.25812e-04 2.10098e-04 1.95095e-04 1.80934e-04 1.67901e-04 1.56359e-04 1.46625e-04 1.38925e-04 1.33548e-04 1.31072e-04 1.32304e-04 1.37628e-04 1.45998e-04 1.54640e-04 1.60413e-04 1.61766e-04 1.59143e-04 1.53551e-04 1.45143e-04 1.33180e-04 1.17032e-04 9.70791e-05 7.49210e-05 5.29440e-05 3.35763e-05 1.85773e-05 8.60351e-06 3.14139e-06 8.32793e-07 1.44033e-07 1.43364e-08 7.51969e-10 1.20366e-11
9.904866 9.43246e-03 1.55617e-02 1.29797e-02 1.08825e-02 9.29772e-03 8.21786e-03 7.63178e-03 7.45337e-03 7.55485e-03 7.79910e-03 8.05603e-03 8.22054e-03 8.23531e-03 8.10108e-03 7.86210e-03 7.57676e-03 7.29363e-03 7.04274e-03 6.83798e-03 6.68302e-03 6.57584e-03 6.51104e-03 6.48118e-03 6.47777e-03 6.49275e-03 6.51942e-03 6.55279e-03 6.58899e-03 6.62454e-03 6.65589e-03 6.67933e-03 6.69083e-03 6.68630e-03 6.66251e-03 6.61859e-03 6.55756e-03 6.48635e-03 6.41429e-03 6.35044e-03 6.30151e-03 6.27096e-03 6.25883e-03 6.26157e-03 6.27278e-03 6.28616e-03 6.30017e-03 6.32016e-03 6.35485e-03 6.40959e-03 6.48254e-03 6.56636e-03 6.65304e-03 6.73692e-03 6.81435e-03 6.88212e-03 6.93781e-03 6.98214e-03 7.02113e-03 7.06582e-03 7.12840e-03 7.21543e-03 7.32115e-03 7.42571e-03 7.50108e-03 7.52218e-03 7.47597e-03 7.36350e-03 7.19657e-03 6.99320e-03 6.77361e-03 6.55663e-03 6.35716e-03 6.18510e-03 6.04522e-03 5.93730e-03 5.85643e-03 5.79402e-03 5.74011e-03 5.68670e-03 5.63000e-03 5.57041e-03 5.51042e-03 5.45248e-03 5.39850e-03 5.35068e-03 5.31226e-03 5.28752e-03 5.28091e-03 5.29535e-03 5.32990e-03 5.37755e-03 5.42544e-03 5.45881e-03 5.46792e-03 5.45340e-03 5.42492e-03 5.39213e-03 5.35402e-03 5.29667e-03 5.20438e-03 5.07503e-03 4.92477e-03 4.77822e-03 4.65438e-03 4.55925e-03 4.48777e-03 4.43021e-03 4.37790e-03 4.32564e-03 4.27145e-03 4.21499e-03 4.15642e-03 4.09603e-03 4.03471e-03 3.97466e-03 3.91960e-03 3.87429e-03 3.84325e-03 3.82903e-03 3.83044e-03 3.84151e-03 3.85167e-03 3.84788e-03 3.81856e-03 3.75854e-03 3.67226e-03 3.57254e-03 3.47444e-03 3.38811e-03 3.31525e-03 3.25112e-03 3.18914e-03 3.12462e-03 3.05592e-03 2.98371e-03 2.90996e-03 2.83741e-03 2.76929e-03 2.70859e-03 2.65693e-03 2.61409e-03 2.57844e-03 2.54790e-03 2.52071e-03 2.49570e-03 2.47227e-03 2.45014e-03 2.42920e-03 2.40934e-03 2.39050e-03 2.37275e-03 2.35625e-03 2.34108e-03 2.32701e-03 2.31361e-03 2.30035e-03 2.28676e-03 2.27242e-03 2.25701e-03 2.24022e-03 2.22189e-03 2.20205e-03 2.18103e-03 2.15940e-03 2.13784e-03 2.11690e-03 2.09683e-03 2.07748e-03 2.05838e-03 2.03881e-03 2.01800e-03 1.99526e-03 1.97011e-03 1.94240e-03 1.91235e-03 1.88049e-03 1.84754e-03 1.81416e-03 1.78082e-03 1.74770e-03 1.71475e-03 1.68181e-03 1.64880e-03 1.61573e-03 1.58278e-03 1.55015e-03 1.51809e-03 1.48680e-03 1.45656e-03 1.42761e-03 1.40021e-03 1.37455e-03 1.35071e-03 1.32863e-03 1.30811e-03 1.28880e-03 1.27028e-03 1.25211e-03 1.23393e-03 1.21550e-03 1.19673e-03 1.17770e-03 1.15858e-03 1.13954e-03 1.12070e-03 1.10207e-03 1.08352e-03 1.06488e-03 1.04597e-03 1.02673e-03 1.00717e-03 9.87406e-04 9.67558e-04 9.47703e-04 9.27874e-04 9.08085e-04 8.88354e-04 8.68691e-04 8.49054e-04 8.29288e-04 8.09142e-04 7.88396e-04 7.66979e-04 7.44999e-04 7.22701e-04 7.00432e-04 6.78630e-04 6.57796e-04 6.38447e-04 6.21041e-04 6.05888e-04 5.93077e-04 5.82446e-04 5.73603e-04 5.66011e-04 5.59093e-04 5.52354e-04 5.45457e-04 5.38250e-04 5.30745e-04 5.23054e-04 5.15323e-04 5.07681e-04 5.00211e-04 4.92952e-04 4.85917e-04 4.79105e-04 4.72514e-04 4.66137e-04 4.59948e-04 4.53896e-04 4.47909e-04 4.41901e-04 4.35799e-04 4.29560e-04 4.23192e-04 4.16780e-04 4.10497e-04 4.04595e-04 3.99373e-04 3.95130e-04 3.92074e-04 3.90193e-04 3.89196e-04 3.88631e-04 3.88203e-04 3.88041e-04 3.88629e-04 3.90387e-04 3.93225e-04 3.96478e-04 3.99217e-04 4.00614e-04 4.00100e-04 3.97287e-04 3.91857e-04 3.83592e-04 3.72530e-04 3.59101e-04 3.44093e-04 3.28434e-04 3.12944e-04 2.98186e-04 2.84439e-04 2.71753e-04 2.59990e-04 2.48853e-04 2.37919e-04 2.26714e-04 2.14831e-04 2.02058e-04 1.88472e-04 1.74477e-04 1.60759e-04 1.48137e-04 1.37362e-04 1.28977e-04 1.23350e-04 1.20848e-04 1.21810e-04 1.25982e-04 1.31772e-04 1.36534e-04 1.38123e-04 1.36152e-04 1.31508e-04 1.24789e-04 1.15386e-04 1.02101e-04 8.45668e-05 6.41358e-05 4.35626e-05 2.58254e-05 1.29052e-05 5.16524e-06 1.53288e-06 2.99410e-07 3.19904e-08 1.46795e-09 1.82166e-11
9.999999 1.13062e-02 1.77120e-02 1.38472e-02 1.10260e-02 9.24758e-03 8.17391e-03 7.61024e-03 7.42519e-03 7.50121e-03 7.72132e-03 7.97048e-03 8.14825e-03 8.19032e-03 8.08437e-03 7.86466e-03 7.58732e-03 7.30438e-03 7.05056e-03 6.84289e-03 6.68594e-03 6.57705e-03 6.50975e-03 6.47595e-03 6.46750e-03 6.47727e-03 6.49962e-03 6.53005e-03 6.56446e-03 6.59867e-03 6.62819e-03 6.64816e-03 6.65349e-03 6.63968e-03 6.60410e-03 6.54753e-03 6.47518e-03 6.39649e-03 6.32308e-03 6.26507e-03 6.22734e-03 6.20800e-03 6.20114e-03 6.20287e-03 6.21565e-03 6.24602e-03 6.29761e-03 6.36687e-03 6.44557e-03 6.52689e-03 6.60847e-03 6.69030e-03 6.77100e-03 6.84653e-03 6.91195e-03 6.96444e-03 7.00637e-03 7.04669e-03 7.09894e-03 7.17481e-03 7.27564e-03 7.38760e-03 7.48513e-03 7.54163e-03 7.54036e-03 7.47892e-03 7.36642e-03 7.21741e-03 7.04609e-03 6.86299e-03 6.67518e-03 6.48912e-03 6.31277e-03 6.15516e-03 6.02347e-03 5.91977e-03 5.83963e-03 5.77380e-03 5.71210e-03 5.64747e-03 5.57803e-03 5.50619e-03 5.43616e-03 5.37183e-03 5.31618e-03 5.27181e-03 5.24152e-03 5.22823e-03 5.23408e-03 5.25864e-03 5.29709e-03 5.33976e-03 5.37450e-03 5.39176e-03 5.38949e-03 5.37333e-03 5.35036e-03 5.32009e-03 5.27129e-03 5.18967e-03 5.07122e-03 4.92865e-03 4.78494e-03 4.66039e-03 4.56351e-03 4.49074e-03 4.43187e-03 4.37645e-03 4.31769e-03 4.25335e-03 4.18458e-03 4.11412e-03 4.04505e-03 3.98038e-03 3.92346e-03 3.87818e-03 3.84846e-03 3.83659e-03 3.84118e-03 3.85557e-03 3.86806e-03 3.86443e-03 3.83280e-03 3.76903e-03 3.67952e-03 3.57869e-03 3.48202e-03 3.39908e-03 3.33105e-03 3.27314e-03 3.21913e-03 3.16460e-03 3.10789e-03 3.04943e-03 2.99068e-03 2.93313e-03 2.87768e-03 2.82436e-03 2.77256e-03 2.72172e-03 2.67209e-03 2.62502e-03 2.58235e-03 2.54527e-03 2.51370e-03 2.48653e-03 2.46233e-03 2.43991e-03 2.41855e-03 2.39796e-03 2.37822e-03 2.35967e-03 2.34268e-03 2.32737e-03 2.31362e-03 2.30108e-03 2.28932e-03 2.27789e-03 2.26625e-03 2.25387e-03 2.24022e-03 2.22498e-03 2.20807e-03 2.18971e-03 2.17032e-03 2.15034e-03 2.13008e-03 2.10961e-03 2.08879e-03 2.06741e-03 2.04528e-03 2.02228e-03 1.99834e-03 1.97332e-03 1.94694e-03 1.91886e-03 1.88877e-03 1.85658e-03 1.82246e-03 1.78682e-03 1.75020e-03 1.71312e-03 1.67609e-03 1.63961e-03 1.60413e-03 1.57002e-03 1.53746e-03 1.50648e-03 1.47700e-03 1.44888e-03 1.42205e-03 1.39646e-03 1.37212e-03 1.34906e-03 1.32727e-03 1.30669e-03 1.28715e-03 1.26840e-03 1.25017e-03 1.23214e-03 1.21404e-03 1.19572e-03 1.17711e-03 1.15830e-03 1.13943e-03 1.12067e-03 1.10213e-03 1.08378e-03 1.06552e-03 1.04720e-03 1.02871e-03 1.01007e-03 9.91340e-04 9.72577e-04 9.53780e-04 9.34894e-04 9.15868e-04 8.96667e-04 8.77220e-04 8.57336e-04 8.36752e-04 8.15336e-04 7.93220e-04 7.70741e-04 7.48303e-04 7.26322e-04 7.05224e-04 6.85432e-04 6.67324e-04 6.51173e-04 6.37076e-04 6.24921e-04 6.14395e-04 6.05038e-04 5.96341e-04 5.87846e-04 5.79228e-04 5.70327e-04 5.61146e-04 5.51800e-04 5.42454e-04 5.33268e-04 5.24344e-04 5.15720e-04 5.07373e-04 4.99254e-04 4.91322e-04 4.83557e-04 4.75960e-04 4.68538e-04 4.61292e-04 4.54208e-04 4.47267e-04 4.40468e-04 4.33860e-04 4.27576e-04 4.21846e-04 4.16980e-04 4.13275e-04 4.10836e-04 4.09400e-04 4.08326e-04 4.06913e-04 4.04890e-04 4.02686e-04 4.01121e-04 4.00702e-04 4.01136e-04 4.01497e-04 4.00828e-04 3.98641e-04 3.94990e-04 3.90224e-04 3.84670e-04 3.78416e-04 3.71257e-04 3.62799e-04 3.52679e-04 3.40864e-04 3.27808e-04 3.14340e-04 3.01321e-04 2.89335e-04 2.78595e-04 2.69018e-04 2.60365e-04 2.52349e-04 2.44689e-04 2.37119e-04 2.29375e-04 2.21168e-04 2.12187e-04 2.02140e-04 1.90852e-04 1.78377e-04 1.65089e-04 1.51683e-04 1.39081e-04 1.28260e-04 1.20054e-04 1.14972e-04 1.13056e-04 1.13735e-04 1.15654e-04 1.16856e-04 1.15695e-04 1.11862e-04 1.06307e-04 9.98817e-05 9.20603e-05 8.12154e-05 6.63371e-05 4.85288e-05 3.07982e-05 1.63622e-05 6.93085e-06 2.17116e-06 4.45052e-07 4.87172e-08 2.09771e-09 2.20373e-11
