# tg_mhd (CUDA FP64)  tgi_noslip_pv_n384_re500  N=384 Re=500 h=8.20259178e-03 delta=4.47213595e-02 delta/h=5.452101 layers=192
# layer k: the nodes k cells from the nearest wall, i.e. the slab [(k-1/2)h, (k+1/2)h] ([0, h/2] for k = 0)
# row 'vol': each layer's share of the volume; then per probe: t and each layer's share of eps
# vol 7.812465e-03 1.550265e-02 1.534032e-02 1.517884e-02 1.501822e-02 1.485845e-02 1.469954e-02 1.454148e-02 1.438428e-02 1.422793e-02 1.407244e-02 1.391780e-02 1.376401e-02 1.361108e-02 1.345900e-02 1.330778e-02 1.315741e-02 1.300789e-02 1.285923e-02 1.271143e-02 1.256448e-02 1.241838e-02 1.227314e-02 1.212875e-02 1.198522e-02 1.184254e-02 1.170071e-02 1.155974e-02 1.141962e-02 1.128036e-02 1.114195e-02 1.100440e-02 1.086770e-02 1.073186e-02 1.059687e-02 1.046273e-02 1.032945e-02 1.019702e-02 1.006545e-02 9.934732e-03 9.804868e-03 9.675859e-03 9.547704e-03 9.420403e-03 9.293956e-03 9.168364e-03 9.043626e-03 8.919743e-03 8.796714e-03 8.674540e-03 8.553219e-03 8.432753e-03 8.313142e-03 8.194385e-03 8.076482e-03 7.959434e-03 7.843240e-03 7.727900e-03 7.613415e-03 7.499784e-03 7.387007e-03 7.275085e-03 7.164017e-03 7.053804e-03 6.944445e-03 6.835940e-03 6.728289e-03 6.621494e-03 6.515552e-03 6.410465e-03 6.306232e-03 6.202853e-03 6.100329e-03 5.998659e-03 5.897844e-03 5.797883e-03 5.698776e-03 5.600524e-03 5.503126e-03 5.406582e-03 5.310893e-03 5.216058e-03 5.122078e-03 5.028952e-03 4.936680e-03 4.845263e-03 4.754700e-03 4.664991e-03 4.576137e-03 4.488137e-03 4.400991e-03 4.314700e-03 4.229263e-03 4.144681e-03 4.060953e-03 3.978079e-03 3.896060e-03 3.814895e-03 3.734584e-03 3.655128e-03 3.576526e-03 3.498779e-03 3.421886e-03 3.345847e-03 3.270663e-03 3.196333e-03 3.122857e-03 3.050236e-03 2.978469e-03 2.907556e-03 2.837498e-03 2.768294e-03 2.699945e-03 2.632450e-03 2.565809e-03 2.500023e-03 2.435091e-03 2.371013e-03 2.307790e-03 2.245421e-03 2.183907e-03 2.123247e-03 2.063441e-03 2.004489e-03 1.946392e-03 1.889150e-03 1.832762e-03 1.777228e-03 1.722548e-03 1.668723e-03 1.615752e-03 1.563636e-03 1.512374e-03 1.461966e-03 1.412413e-03 1.363714e-03 1.315869e-03 1.268879e-03 1.222743e-03 1.177461e-03 1.133034e-03 1.089461e-03 1.046743e-03 1.004879e-03 9.638694e-04 9.237141e-04 8.844132e-04 8.459666e-04 8.083744e-04 7.716366e-04 7.357531e-04 7.007241e-04 6.665493e-04 6.332290e-04 6.007630e-04 5.691514e-04 5.383942e-04 5.084913e-04 4.794428e-04 4.512486e-04 4.239089e-04 3.974235e-04 3.717924e-04 3.470158e-04 3.230935e-04 3.000255e-04 2.778120e-04 2.564528e-04 2.359479e-04 2.162975e-04 1.975014e-04 1.795597e-04 1.624723e-04 1.462393e-04 1.308607e-04 1.163364e-04 1.026665e-04 8.985102e-05 7.788987e-05 6.678309e-05 5.653068e-05 4.713263e-05 3.858895e-05 3.089964e-05 2.406470e-05 1.808412e-05 1.295791e-05 8.686074e-06 5.268602e-06 2.705498e-06 9.967625e-07 1.423946e-07
0.000000 8.06943e-01 1.79449e-01 2.15247e-04 2.13725e-04 2.12200e-04 2.10672e-04 2.09141e-04 2.07604e-04 2.06063e-04 2.04516e-04 2.02963e-04 2.01402e-04 1.99834e-04 1.98258e-04 1.96674e-04 1.95080e-04 1.93477e-04 1.91864e-04 1.90241e-04 1.88607e-04 1.86963e-04 1.85307e-04 1.83640e-04 1.81962e-04 1.80271e-04 1.78569e-04 1.76854e-04 1.75128e-04 1.73389e-04 1.71638e-04 1.69874e-04 1.68099e-04 1.66311e-04 1.64512e-04 1.62700e-04 1.60877e-04 1.59042e-04 1.57196e-04 1.55338e-04 1.53470e-04 1.51592e-04 1.49703e-04 1.47804e-04 1.45896e-04 1.43979e-04 1.42053e-04 1.40119e-04 1.38177e-04 1.36228e-04 1.34272e-04 1.32310e-04 1.30342e-04 1.28369e-04 1.26392e-04 1.24411e-04 1.22427e-04 1.20440e-04 1.18451e-04 1.16460e-04 1.14470e-04 1.12479e-04 1.10489e-04 1.08500e-04 1.06513e-04 1.04530e-04 1.02549e-04 1.00574e-04 9.86029e-05 9.66379e-05 9.46794e-05 9.27281e-05 9.07849e-05 8.88503e-05 8.69252e-05 8.50102e-05 8.31062e-05 8.12137e-05 7.93336e-05 7.74664e-05 7.56130e-05 7.37741e-05 7.19501e-05 7.01420e-05 6.83502e-05 6.65755e-05 6.48184e-05 6.30797e-05 6.13598e-05 5.96594e-05 5.79790e-05 5.63192e-05 5.46805e-05 5.30635e-05 5.14685e-05 4.98962e-05 4.83470e-05 4.68212e-05 4.53194e-05 4.38418e-05 4.23889e-05 4.09611e-05 3.95586e-05 3.81817e-05 3.68308e-05 3.55060e-05 3.42077e-05 3.29360e-05 3.16912e-05 3.04732e-05 2.92825e-05 2.81189e-05 2.69826e-05 2.58737e-05 2.47923e-05 2.37382e-05 2.27116e-05 2.17124e-05 2.07405e-05 1.97959e-05 1.88784e-05 1.79880e-05 1.71244e-05 1.62876e-05 1.54773e-05 1.46932e-05 1.39353e-05 1.32032e-05 1.24967e-05 1.18154e-05 1.11590e-05 1.05273e-05 9.91981e-06 9.33625e-06 8.77622e-06 8.23931e-06 7.72512e-06 7.23322e-06 6.76318e-06 6.31453e-06 5.88682e-06 5.47957e-06 5.09230e-06 4.72450e-06 4.37568e-06 4.04532e-06 3.73290e-06 3.43790e-06 3.15978e-06 2.89801e-06 2.65204e-06 2.42134e-06 2.20535e-06 2.00354e-06 1.81536e-06 1.64025e-06 1.47767e-06 1.32708e-06 1.18795e-06 1.05972e-06 9.41880e-07 8.33894e-07 7.35245e-07 6.45419e-07 5.63913e-07 4.90230e-07 4.23883e-07 3.64398e-07 3.11308e-07 2.64160e-07 2.22513e-07 1.85938e-07 1.54021e-07 1.26361e-07 1.02573e-07 8.22883e-08 6.51516e-08 5.08264e-08 3.89923e-08 2.93470e-08 2.16060e-08 1.55034e-08 1.07920e-08 7.24400e-09 4.65126e-09 2.82543e-09 1.59840e-09 8.22544e-10 3.70871e-10 1.37281e-10 3.66995e-11 5.20571e-12 1.33495e-13
0.100072 5.66671e-01 2.33653e-01 4.85465e-02 2.85842e-02 2.14124e-02 1.67679e-02 1.29475e-02 9.75940e-03 7.29504e-03 5.54561e-03 4.34031e-03 3.44478e-03 2.68806e-03 2.01277e-03 1.44491e-03 1.02980e-03 7.78803e-04 6.57048e-04 6.09831e-04 5.93716e-04 5.86669e-04 5.81293e-04 5.76022e-04 5.70698e-04 5.65333e-04 5.59932e-04 5.54496e-04 5.49024e-04 5.43515e-04 5.37970e-04 5.32388e-04 5.26770e-04 5.21116e-04 5.15426e-04 5.09701e-04 5.03941e-04 4.98146e-04 4.92318e-04 4.86457e-04 4.80565e-04 4.74641e-04 4.68687e-04 4.62704e-04 4.56694e-04 4.50657e-04 4.44595e-04 4.38509e-04 4.32401e-04 4.26272e-04 4.20124e-04 4.13958e-04 4.07777e-04 4.01581e-04 3.95374e-04 3.89156e-04 3.82929e-04 3.76696e-04 3.70458e-04 3.64218e-04 3.57977e-04 3.51739e-04 3.45503e-04 3.39274e-04 3.33053e-04 3.26842e-04 3.20644e-04 3.14461e-04 3.08294e-04 3.02147e-04 2.96021e-04 2.89918e-04 2.83842e-04 2.77794e-04 2.71776e-04 2.65791e-04 2.59841e-04 2.53927e-04 2.48053e-04 2.42220e-04 2.36431e-04 2.30687e-04 2.24990e-04 2.19343e-04 2.13748e-04 2.08206e-04 2.02720e-04 1.97291e-04 1.91921e-04 1.86612e-04 1.81366e-04 1.76184e-04 1.71068e-04 1.66019e-04 1.61040e-04 1.56131e-04 1.51294e-04 1.46530e-04 1.41840e-04 1.37226e-04 1.32689e-04 1.28230e-04 1.23850e-04 1.19550e-04 1.15330e-04 1.11192e-04 1.07136e-04 1.03162e-04 9.92727e-05 9.54668e-05 9.17452e-05 8.81083e-05 8.45564e-05 8.10897e-05 7.77082e-05 7.44122e-05 7.12014e-05 6.80760e-05 6.50356e-05 6.20802e-05 5.92092e-05 5.64225e-05 5.37195e-05 5.10998e-05 4.85627e-05 4.61077e-05 4.37339e-05 4.14407e-05 3.92272e-05 3.70925e-05 3.50357e-05 3.30557e-05 3.11515e-05 2.93220e-05 2.75659e-05 2.58822e-05 2.42695e-05 2.27265e-05 2.12518e-05 1.98440e-05 1.85018e-05 1.72236e-05 1.60078e-05 1.48531e-05 1.37578e-05 1.27203e-05 1.17390e-05 1.08122e-05 9.93841e-06 9.11584e-06 8.34284e-06 7.61771e-06 6.93876e-06 6.30428e-06 5.71257e-06 5.16191e-06 4.65061e-06 4.17696e-06 3.73928e-06 3.33589e-06 2.96513e-06 2.62534e-06 2.31490e-06 2.03220e-06 1.77567e-06 1.54373e-06 1.33488e-06 1.14761e-06 9.80456e-07 8.32003e-07 7.00860e-07 5.85682e-07 4.85166e-07 3.98053e-07 3.23131e-07 2.59237e-07 2.05257e-07 1.60131e-07 1.22850e-07 9.24640e-08 6.80760e-08 4.88489e-08 3.40047e-08 2.28257e-08 1.46563e-08 8.90315e-09 5.03677e-09 2.59197e-09 1.16868e-09 4.32603e-10 1.15648e-10 1.64044e-11 4.20674e-13
0.200143 5.87936e-01 2.25697e-01 3.49981e-02 1.74484e-02 1.27900e-02 1.07562e-02 9.52685e-03 8.57000e-03 7.72001e-03 6.92356e-03 6.16516e-03 5.44147e-03 4.75848e-03 4.13079e-03 3.57753e-03 3.11437e-03 2.74584e-03 2.46233e-03 2.24350e-03 2.06573e-03 1.90883e-03 1.75920e-03 1.60958e-03 1.45734e-03 1.30312e-03 1.15040e-03 1.00526e-03 8.75477e-04 7.68305e-04 6.87801e-04 6.33238e-04 5.99688e-04 5.80322e-04 5.68882e-04 5.61049e-04 5.54492e-04 5.48234e-04 5.41972e-04 5.35649e-04 5.29272e-04 5.22852e-04 5.16394e-04 5.09901e-04 5.03376e-04 4.96819e-04 4.90233e-04 4.83618e-04 4.76976e-04 4.70309e-04 4.63618e-04 4.56905e-04 4.50173e-04 4.43422e-04 4.36655e-04 4.29874e-04 4.23081e-04 4.16278e-04 4.09467e-04 4.02650e-04 3.95831e-04 3.89011e-04 3.82192e-04 3.75376e-04 3.68568e-04 3.61767e-04 3.54978e-04 3.48203e-04 3.41443e-04 3.34702e-04 3.27982e-04 3.21286e-04 3.14615e-04 3.07974e-04 3.01363e-04 2.94785e-04 2.88244e-04 2.81741e-04 2.75279e-04 2.68860e-04 2.62487e-04 2.56162e-04 2.49887e-04 2.43665e-04 2.37498e-04 2.31387e-04 2.25336e-04 2.19346e-04 2.13420e-04 2.07559e-04 2.01766e-04 1.96042e-04 1.90389e-04 1.84809e-04 1.79304e-04 1.73875e-04 1.68524e-04 1.63253e-04 1.58062e-04 1.52954e-04 1.47929e-04 1.42989e-04 1.38135e-04 1.33368e-04 1.28689e-04 1.24098e-04 1.19598e-04 1.15187e-04 1.10868e-04 1.06641e-04 1.02506e-04 9.84645e-05 9.45157e-05 9.06604e-05 8.68989e-05 8.32312e-05 7.96574e-05 7.61775e-05 7.27913e-05 6.94986e-05 6.62992e-05 6.31927e-05 6.01786e-05 5.72565e-05 5.44257e-05 5.16856e-05 4.90354e-05 4.64744e-05 4.40016e-05 4.16161e-05 3.93170e-05 3.71031e-05 3.49732e-05 3.29263e-05 3.09609e-05 2.90759e-05 2.72699e-05 2.55414e-05 2.38889e-05 2.23110e-05 2.08060e-05 1.93724e-05 1.80086e-05 1.67127e-05 1.54833e-05 1.43184e-05 1.32163e-05 1.21752e-05 1.11933e-05 1.02688e-05 9.39970e-06 8.58426e-06 7.82055e-06 7.10668e-06 6.44076e-06 5.82090e-06 5.24519e-06 4.71176e-06 4.21872e-06 3.76419e-06 3.34634e-06 2.96331e-06 2.61329e-06 2.29448e-06 2.00511e-06 1.74344e-06 1.50777e-06 1.29640e-06 1.10772e-06 9.40105e-07 7.92014e-07 6.61929e-07 5.48385e-07 4.49966e-07 3.65308e-07 2.93100e-07 2.32089e-07 1.81079e-07 1.38932e-07 1.04576e-07 7.69984e-08 5.52548e-08 3.84661e-08 2.58218e-08 1.65808e-08 1.00727e-08 5.69861e-09 2.93265e-09 1.32233e-09 4.89486e-10 1.30857e-10 1.85620e-11 4.76005e-13
0.300215 6.00347e-01 2.25367e-01 2.98715e-02 1.30071e-02 8.97805e-03 7.46209e-03 6.68541e-03 6.16130e-03 5.73951e-03 5.36794e-03 5.02950e-03 4.71688e-03 4.42502e-03 4.14901e-03 3.88429e-03 3.62713e-03 3.37507e-03 3.12735e-03 2.88523e-03 2.65202e-03 2.43264e-03 2.23261e-03 2.05654e-03 1.90684e-03 1.78290e-03 1.68134e-03 1.59702e-03 1.52437e-03 1.45848e-03 1.39574e-03 1.33377e-03 1.27122e-03 1.20735e-03 1.14178e-03 1.07435e-03 1.00517e-03 9.34780e-04 8.64353e-04 7.95777e-04 7.31553e-04 6.74343e-04 6.26298e-04 5.88434e-04 5.60348e-04 5.40437e-04 5.26473e-04 5.16260e-04 5.08067e-04 5.00775e-04 4.93787e-04 4.86845e-04 4.79865e-04 4.72838e-04 4.65773e-04 4.58681e-04 4.51570e-04 4.44443e-04 4.37305e-04 4.30158e-04 4.23004e-04 4.15847e-04 4.08689e-04 4.01532e-04 3.94378e-04 3.87230e-04 3.80091e-04 3.72963e-04 3.65849e-04 3.58752e-04 3.51673e-04 3.44616e-04 3.37583e-04 3.30577e-04 3.23600e-04 3.16655e-04 3.09745e-04 3.02872e-04 2.96038e-04 2.89247e-04 2.82501e-04 2.75802e-04 2.69152e-04 2.62555e-04 2.56012e-04 2.49527e-04 2.43100e-04 2.36735e-04 2.30434e-04 2.24199e-04 2.18032e-04 2.11935e-04 2.05911e-04 1.99960e-04 1.94086e-04 1.88290e-04 1.82573e-04 1.76938e-04 1.71386e-04 1.65918e-04 1.60536e-04 1.55242e-04 1.50037e-04 1.44922e-04 1.39899e-04 1.34967e-04 1.30130e-04 1.25386e-04 1.20738e-04 1.16186e-04 1.11731e-04 1.07372e-04 1.03112e-04 9.89501e-05 9.48867e-05 9.09221e-05 8.70565e-05 8.32901e-05 7.96228e-05 7.60545e-05 7.25850e-05 6.92142e-05 6.59416e-05 6.27668e-05 5.96893e-05 5.67085e-05 5.38238e-05 5.10344e-05 4.83395e-05 4.57381e-05 4.32293e-05 4.08120e-05 3.84851e-05 3.62475e-05 3.40978e-05 3.20347e-05 3.00569e-05 2.81629e-05 2.63512e-05 2.46202e-05 2.29683e-05 2.13939e-05 1.98952e-05 1.84705e-05 1.71180e-05 1.58358e-05 1.46222e-05 1.34751e-05 1.23927e-05 1.13729e-05 1.04139e-05 9.51364e-06 8.67006e-06 7.88116e-06 7.14491e-06 6.45926e-06 5.82216e-06 5.23159e-06 4.68550e-06 4.18186e-06 3.71865e-06 3.29389e-06 2.90557e-06 2.55175e-06 2.23048e-06 1.93987e-06 1.67802e-06 1.44311e-06 1.23334e-06 1.04694e-06 8.82193e-07 7.37437e-07 6.11052e-07 5.01474e-07 4.07193e-07 3.26759e-07 2.58780e-07 2.01932e-07 1.54952e-07 1.16649e-07 8.58976e-08 6.16475e-08 4.29207e-08 2.88147e-08 1.85041e-08 1.12419e-08 6.36049e-09 3.27344e-09 1.47606e-09 5.46412e-10 1.46080e-10 2.07216e-11 5.31392e-13
0.400286 6.06439e-01 2.27522e-01 2.80962e-02 1.10833e-02 7.06743e-03 5.64387e-03 5.01244e-03 4.65724e-03 4.40717e-03 4.19835e-03 4.00866e-03 3.83058e-03 3.66176e-03 3.50130e-03 3.34875e-03 3.20369e-03 3.06562e-03 2.93379e-03 2.80731e-03 2.68508e-03 2.56599e-03 2.44903e-03 2.33338e-03 2.21862e-03 2.10486e-03 1.99282e-03 1.88386e-03 1.77984e-03 1.68280e-03 1.59459e-03 1.51638e-03 1.44845e-03 1.39008e-03 1.33975e-03 1.29550e-03 1.25530e-03 1.21740e-03 1.18045e-03 1.14356e-03 1.10620e-03 1.06810e-03 1.02909e-03 9.89049e-04 9.47881e-04 9.05476e-04 8.61770e-04 8.16821e-04 7.70903e-04 7.24616e-04 6.78942e-04 6.35199e-04 5.94862e-04 5.59267e-04 5.29294e-04 5.05152e-04 4.86363e-04 4.71939e-04 4.60671e-04 4.51418e-04 4.43283e-04 4.35672e-04 4.28250e-04 4.20864e-04 4.13461e-04 4.06037e-04 3.98601e-04 3.91164e-04 3.83735e-04 3.76320e-04 3.68925e-04 3.61553e-04 3.54207e-04 3.46889e-04 3.39603e-04 3.32351e-04 3.25135e-04 3.17959e-04 3.10825e-04 3.03736e-04 2.96693e-04 2.89700e-04 2.82759e-04 2.75873e-04 2.69044e-04 2.62274e-04 2.55565e-04 2.48921e-04 2.42343e-04 2.35833e-04 2.29394e-04 2.23028e-04 2.16736e-04 2.10521e-04 2.04385e-04 1.98329e-04 1.92355e-04 1.86465e-04 1.80661e-04 1.74945e-04 1.69317e-04 1.63779e-04 1.58333e-04 1.52980e-04 1.47720e-04 1.42557e-04 1.37489e-04 1.32519e-04 1.27647e-04 1.22874e-04 1.18201e-04 1.13628e-04 1.09156e-04 1.04785e-04 1.00517e-04 9.63506e-05 9.22866e-05 8.83252e-05 8.44664e-05 8.07101e-05 7.70562e-05 7.35045e-05 7.00548e-05 6.67066e-05 6.34595e-05 6.03129e-05 5.72663e-05 5.43188e-05 5.14698e-05 4.87182e-05 4.60633e-05 4.35040e-05 4.10391e-05 3.86675e-05 3.63879e-05 3.41991e-05 3.20997e-05 3.00881e-05 2.81630e-05 2.63227e-05 2.45656e-05 2.28900e-05 2.12942e-05 1.97765e-05 1.83349e-05 1.69676e-05 1.56726e-05 1.44482e-05 1.32921e-05 1.22025e-05 1.11773e-05 1.02144e-05 9.31169e-06 8.46711e-06 7.67854e-06 6.94382e-06 6.26084e-06 5.62745e-06 5.04151e-06 4.50089e-06 4.00348e-06 3.54715e-06 3.12982e-06 2.74940e-06 2.40386e-06 2.09117e-06 1.80934e-06 1.55641e-06 1.33046e-06 1.12963e-06 9.52069e-07 7.96007e-07 6.59711e-07 5.41507e-07 4.39776e-07 3.52964e-07 2.79578e-07 2.18193e-07 1.67454e-07 1.26077e-07 9.28513e-08 6.66456e-08 4.64053e-08 3.11570e-08 2.00100e-08 1.21577e-08 6.87908e-09 3.54054e-09 1.59657e-09 5.91047e-10 1.58017e-10 2.24154e-11 5.74833e-13
0.500358 6.06101e-01 2.29510e-01 2.78951e-02 1.05555e-02 6.48372e-03 5.02286e-03 4.35829e-03 3.97846e-03 3.72099e-03 3.52304e-03 3.35953e-03 3.21838e-03 3.09300e-03 2.97930e-03 2.87469e-03 2.77752e-03 2.68659e-03 2.60095e-03 2.51974e-03 2.44216e-03 2.36756e-03 2.29542e-03 2.22538e-03 2.15719e-03 2.09062e-03 2.02546e-03 1.96141e-03 1.89817e-03 1.83542e-03 1.77288e-03 1.71039e-03 1.64800e-03 1.58596e-03 1.52481e-03 1.46533e-03 1.40842e-03 1.35502e-03 1.30587e-03 1.26143e-03 1.22177e-03 1.18652e-03 1.15497e-03 1.12624e-03 1.09936e-03 1.07344e-03 1.04778e-03 1.02185e-03 9.95335e-04 9.68057e-04 9.39937e-04 9.10946e-04 8.81063e-04 8.50256e-04 8.18469e-04 7.85635e-04 7.51703e-04 7.16694e-04 6.80769e-04 6.44294e-04 6.07894e-04 5.72435e-04 5.38935e-04 5.08395e-04 4.81598e-04 4.58942e-04 4.40361e-04 4.25379e-04 4.13255e-04 4.03166e-04 3.94369e-04 3.86294e-04 3.78563e-04 3.70965e-04 3.63401e-04 3.55840e-04 3.48284e-04 3.40741e-04 3.33225e-04 3.25745e-04 3.18308e-04 3.10920e-04 3.03583e-04 2.96302e-04 2.89079e-04 2.81917e-04 2.74817e-04 2.67783e-04 2.60816e-04 2.53919e-04 2.47094e-04 2.40343e-04 2.33669e-04 2.27073e-04 2.20557e-04 2.14124e-04 2.07774e-04 2.01511e-04 1.95335e-04 1.89249e-04 1.83254e-04 1.77351e-04 1.71543e-04 1.65830e-04 1.60214e-04 1.54696e-04 1.49277e-04 1.43959e-04 1.38742e-04 1.33628e-04 1.28617e-04 1.23711e-04 1.18909e-04 1.14213e-04 1.09622e-04 1.05139e-04 1.00762e-04 9.64919e-05 9.23295e-05 8.82745e-05 8.43269e-05 8.04868e-05 7.67539e-05 7.31279e-05 6.96086e-05 6.61955e-05 6.28881e-05 5.96858e-05 5.65879e-05 5.35936e-05 5.07021e-05 4.79124e-05 4.52234e-05 4.26342e-05 4.01434e-05 3.77499e-05 3.54522e-05 3.32490e-05 3.11387e-05 2.91198e-05 2.71907e-05 2.53496e-05 2.35949e-05 2.19247e-05 2.03370e-05 1.88301e-05 1.74019e-05 1.60503e-05 1.47734e-05 1.35690e-05 1.24350e-05 1.13691e-05 1.03692e-05 9.43300e-06 8.55831e-06 7.74284e-06 6.98428e-06 6.28036e-06 5.62878e-06 5.02722e-06 4.47341e-06 3.96505e-06 3.49986e-06 3.07560e-06 2.69002e-06 2.34091e-06 2.02610e-06 1.74343e-06 1.49080e-06 1.26614e-06 1.06744e-06 8.92714e-07 7.40058e-07 6.07612e-07 4.93583e-07 3.96242e-07 3.13927e-07 2.45051e-07 1.88103e-07 1.41649e-07 1.04338e-07 7.49023e-08 5.21620e-08 3.50268e-08 2.24980e-08 1.36707e-08 7.73594e-09 3.98187e-09 1.79571e-09 6.64802e-10 1.77743e-10 2.52142e-11 6.46618e-13
0.600430 6.10319e-01 2.30105e-01 2.60528e-02 9.37318e-03 5.58306e-03 4.28305e-03 3.72784e-03 3.43679e-03 3.25235e-03 3.11312e-03 2.99454e-03 2.88632e-03 2.78452e-03 2.68794e-03 2.59661e-03 2.51094e-03 2.43127e-03 2.35756e-03 2.28941e-03 2.22610e-03 2.16685e-03 2.11093e-03 2.05776e-03 2.00696e-03 1.95823e-03 1.91136e-03 1.86615e-03 1.82241e-03 1.77992e-03 1.73851e-03 1.69800e-03 1.65824e-03 1.61908e-03 1.58037e-03 1.54194e-03 1.50363e-03 1.46527e-03 1.42675e-03 1.38802e-03 1.34913e-03 1.31028e-03 1.27179e-03 1.23409e-03 1.19767e-03 1.16304e-03 1.13059e-03 1.10056e-03 1.07301e-03 1.04778e-03 1.02451e-03 1.00274e-03 9.81940e-04 9.61594e-04 9.41253e-04 9.20563e-04 8.99271e-04 8.77220e-04 8.54322e-04 8.30539e-04 8.05857e-04 7.80259e-04 7.53721e-04 7.26200e-04 6.97644e-04 6.68023e-04 6.37365e-04 6.05818e-04 5.73702e-04 5.41544e-04 5.10063e-04 4.80100e-04 4.52489e-04 4.27902e-04 4.06721e-04 3.88964e-04 3.74318e-04 3.62228e-04 3.52043e-04 3.43135e-04 3.34995e-04 3.27261e-04 3.19712e-04 3.12237e-04 3.04791e-04 2.97368e-04 2.89976e-04 2.82629e-04 2.75338e-04 2.68113e-04 2.60960e-04 2.53883e-04 2.46886e-04 2.39971e-04 2.33140e-04 2.26396e-04 2.19740e-04 2.13174e-04 2.06699e-04 2.00318e-04 1.94031e-04 1.87841e-04 1.81748e-04 1.75754e-04 1.69861e-04 1.64069e-04 1.58379e-04 1.52794e-04 1.47313e-04 1.41938e-04 1.36670e-04 1.31509e-04 1.26456e-04 1.21512e-04 1.16678e-04 1.11954e-04 1.07340e-04 1.02836e-04 9.84441e-05 9.41628e-05 8.99928e-05 8.59339e-05 8.19861e-05 7.81492e-05 7.44230e-05 7.08070e-05 6.73009e-05 6.39041e-05 6.06160e-05 5.74359e-05 5.43629e-05 5.13963e-05 4.85350e-05 4.57779e-05 4.31240e-05 4.05720e-05 3.81206e-05 3.57684e-05 3.35139e-05 3.13557e-05 2.92921e-05 2.73214e-05 2.54418e-05 2.36516e-05 2.19489e-05 2.03316e-05 1.87978e-05 1.73455e-05 1.59724e-05 1.46765e-05 1.34556e-05 1.23074e-05 1.12296e-05 1.02199e-05 9.27590e-06 8.39533e-06 7.57577e-06 6.81481e-06 6.11003e-06 5.45902e-06 4.85936e-06 4.30862e-06 3.80441e-06 3.34433e-06 2.92600e-06 2.54706e-06 2.20518e-06 1.89809e-06 1.62351e-06 1.37923e-06 1.16308e-06 9.72946e-07 8.06765e-07 6.62535e-07 5.38318e-07 4.32245e-07 3.42519e-07 2.67421e-07 2.05311e-07 1.54633e-07 1.13919e-07 8.17922e-08 5.69676e-08 3.82584e-08 2.45763e-08 1.49351e-08 8.45211e-09 4.35081e-09 1.96221e-09 7.26478e-10 1.94240e-10 2.75552e-11 7.06660e-13
0.700501 6.05478e-01 2.33801e-01 2.72093e-02 9.44463e-03 5.27826e-03 3.85868e-03 3.28834e-03 3.01573e-03 2.85793e-03 2.74567e-03 2.65384e-03 2.57304e-03 2.49973e-03 2.43233e-03 2.36989e-03 2.31171e-03 2.25712e-03 2.20550e-03 2.15624e-03 2.10882e-03 2.06283e-03 2.01804e-03 1.97438e-03 1.93187e-03 1.89060e-03 1.85063e-03 1.81194e-03 1.77447e-03 1.73811e-03 1.70275e-03 1.66829e-03 1.63466e-03 1.60182e-03 1.56973e-03 1.53839e-03 1.50774e-03 1.47777e-03 1.44843e-03 1.41965e-03 1.39138e-03 1.36352e-03 1.33598e-03 1.30866e-03 1.28144e-03 1.25420e-03 1.22686e-03 1.19937e-03 1.17176e-03 1.14411e-03 1.11660e-03 1.08946e-03 1.06298e-03 1.03744e-03 1.01308e-03 9.90053e-04 9.68412e-04 9.48083e-04 9.28876e-04 9.10518e-04 8.92682e-04 8.75030e-04 8.57244e-04 8.39055e-04 8.20253e-04 8.00685e-04 7.80253e-04 7.58899e-04 7.36587e-04 7.13291e-04 6.88979e-04 6.63614e-04 6.37159e-04 6.09597e-04 5.80972e-04 5.51434e-04 5.21289e-04 4.91022e-04 4.61287e-04 4.32846e-04 4.06456e-04 3.82748e-04 3.62101e-04 3.44593e-04 3.29998e-04 3.17867e-04 3.07634e-04 2.98732e-04 2.90672e-04 2.83091e-04 2.75751e-04 2.68522e-04 2.61344e-04 2.54202e-04 2.47102e-04 2.40059e-04 2.33085e-04 2.26191e-04 2.19386e-04 2.12674e-04 2.06060e-04 1.99546e-04 1.93135e-04 1.86827e-04 1.80623e-04 1.74526e-04 1.68536e-04 1.62654e-04 1.56881e-04 1.51218e-04 1.45666e-04 1.40225e-04 1.34896e-04 1.29680e-04 1.24577e-04 1.19588e-04 1.14713e-04 1.09953e-04 1.05308e-04 1.00778e-04 9.63628e-05 9.20630e-05 8.78784e-05 8.38088e-05 7.98541e-05 7.60139e-05 7.22880e-05 6.86758e-05 6.51767e-05 6.17902e-05 5.85156e-05 5.53520e-05 5.22985e-05 4.93541e-05 4.65178e-05 4.37884e-05 4.11647e-05 3.86453e-05 3.62288e-05 3.39137e-05 3.16984e-05 2.95813e-05 2.75607e-05 2.56346e-05 2.38013e-05 2.20587e-05 2.04049e-05 1.88378e-05 1.73552e-05 1.59549e-05 1.46347e-05 1.33922e-05 1.22251e-05 1.11310e-05 1.01074e-05 9.15202e-06 8.26220e-06 7.43548e-06 6.66932e-06 5.96118e-06 5.30849e-06 4.70871e-06 4.15928e-06 3.65765e-06 3.20129e-06 2.78768e-06 2.41435e-06 2.07881e-06 1.77866e-06 1.51151e-06 1.27501e-06 1.06689e-06 8.84905e-07 7.26898e-07 5.90763e-07 4.74470e-07 3.76065e-07 2.93675e-07 2.25513e-07 1.69881e-07 1.25174e-07 8.98878e-08 6.26156e-08 4.20572e-08 2.70199e-08 1.64219e-08 9.29442e-09 4.78480e-09 2.15808e-09 7.99043e-10 2.13650e-10 3.03096e-11 7.77311e-13
0.800573 6.03781e-01 2.33788e-01 2.66305e-02 9.40125e-03 5.36451e-03 3.94366e-03 3.32912e-03 3.01212e-03 2.82056e-03 2.68458e-03 2.57504e-03 2.47965e-03 2.39366e-03 2.31547e-03 2.24462e-03 2.18084e-03 2.12378e-03 2.07286e-03 2.02733e-03 1.98632e-03 1.94890e-03 1.91423e-03 1.88156e-03 1.85030e-03 1.82002e-03 1.79039e-03 1.76120e-03 1.73230e-03 1.70360e-03 1.67503e-03 1.64660e-03 1.61830e-03 1.59016e-03 1.56221e-03 1.53447e-03 1.50693e-03 1.47961e-03 1.45248e-03 1.42557e-03 1.39889e-03 1.37248e-03 1.34637e-03 1.32061e-03 1.29525e-03 1.27033e-03 1.24587e-03 1.22189e-03 1.19839e-03 1.17536e-03 1.15276e-03 1.13054e-03 1.10863e-03 1.08697e-03 1.06548e-03 1.04412e-03 1.02286e-03 1.00172e-03 9.80779e-04 9.60133e-04 9.39927e-04 9.20312e-04 9.01427e-04 8.83368e-04 8.66171e-04 8.49792e-04 8.34109e-04 8.18931e-04 8.04014e-04 7.89087e-04 7.73881e-04 7.58144e-04 7.41662e-04 7.24265e-04 7.05823e-04 6.86245e-04 6.65463e-04 6.43426e-04 6.20090e-04 5.95425e-04 5.69429e-04 5.42164e-04 5.13792e-04 4.84626e-04 4.55143e-04 4.25986e-04 3.97902e-04 3.71648e-04 3.47871e-04 3.27003e-04 3.09190e-04 2.94288e-04 2.81920e-04 2.71569e-04 2.62686e-04 2.54773e-04 2.47439e-04 2.40412e-04 2.33531e-04 2.26715e-04 2.19937e-04 2.13199e-04 2.06514e-04 1.99900e-04 1.93369e-04 1.86934e-04 1.80601e-04 1.74376e-04 1.68262e-04 1.62261e-04 1.56375e-04 1.50605e-04 1.44950e-04 1.39414e-04 1.33994e-04 1.28693e-04 1.23511e-04 1.18448e-04 1.13504e-04 1.08679e-04 1.03975e-04 9.93900e-05 9.49250e-05 9.05798e-05 8.63543e-05 8.22484e-05 7.82616e-05 7.43936e-05 7.06440e-05 6.70123e-05 6.34978e-05 6.00998e-05 5.68174e-05 5.36499e-05 5.05962e-05 4.76552e-05 4.48258e-05 4.21067e-05 3.94965e-05 3.69938e-05 3.45971e-05 3.23047e-05 3.01150e-05 2.80261e-05 2.60362e-05 2.41433e-05 2.23454e-05 2.06404e-05 1.90260e-05 1.75001e-05 1.60604e-05 1.47044e-05 1.34297e-05 1.22339e-05 1.11144e-05 1.00686e-05 9.09398e-06 8.18782e-06 7.34748e-06 6.57024e-06 5.85342e-06 5.19427e-06 4.59008e-06 4.03812e-06 3.53568e-06 3.08004e-06 2.66854e-06 2.29850e-06 1.96731e-06 1.67238e-06 1.41117e-06 1.18118e-06 9.79996e-07 8.05238e-07 6.54608e-07 5.25882e-07 4.16916e-07 3.25651e-07 2.50121e-07 1.88457e-07 1.38888e-07 9.97532e-08 6.94990e-08 4.66874e-08 2.99986e-08 1.82344e-08 1.03213e-08 5.31391e-09 2.39691e-09 8.87521e-10 2.37318e-10 3.36683e-11 8.63461e-13
0.900645 6.04224e-01 2.35323e-01 2.59135e-02 8.79097e-03 4.85427e-03 3.52937e-03 2.99404e-03 2.73856e-03 2.59539e-03 2.50014e-03 2.42690e-03 2.36440e-03 2.30780e-03 2.25515e-03 2.20585e-03 2.15975e-03 2.11666e-03 2.07619e-03 2.03770e-03 2.00047e-03 1.96388e-03 1.92753e-03 1.89128e-03 1.85528e-03 1.81980e-03 1.78520e-03 1.75178e-03 1.71974e-03 1.68914e-03 1.65991e-03 1.63186e-03 1.60476e-03 1.57835e-03 1.55239e-03 1.52671e-03 1.50117e-03 1.47569e-03 1.45024e-03 1.42481e-03 1.39941e-03 1.37406e-03 1.34878e-03 1.32359e-03 1.29847e-03 1.27345e-03 1.24853e-03 1.22372e-03 1.19904e-03 1.17455e-03 1.15029e-03 1.12631e-03 1.10269e-03 1.07948e-03 1.05674e-03 1.03451e-03 1.01283e-03 9.91703e-04 9.71140e-04 9.51124e-04 9.31626e-04 9.12610e-04 8.94035e-04 8.75870e-04 8.58095e-04 8.40718e-04 8.23768e-04 8.07307e-04 7.91414e-04 7.76177e-04 7.61674e-04 7.47953e-04 7.35017e-04 7.22804e-04 7.11186e-04 6.99970e-04 6.88908e-04 6.77715e-04 6.66091e-04 6.53741e-04 6.40389e-04 6.25795e-04 6.09756e-04 5.92111e-04 5.72740e-04 5.51567e-04 5.28575e-04 5.03825e-04 4.77494e-04 4.49901e-04 4.21536e-04 3.93048e-04 3.65202e-04 3.38798e-04 3.14558e-04 2.93021e-04 2.74461e-04 2.58867e-04 2.45969e-04 2.35318e-04 2.26387e-04 2.18656e-04 2.11688e-04 2.05152e-04 1.98834e-04 1.92612e-04 1.86431e-04 1.80280e-04 1.74169e-04 1.68115e-04 1.62137e-04 1.56248e-04 1.50461e-04 1.44782e-04 1.39217e-04 1.33769e-04 1.28439e-04 1.23229e-04 1.18140e-04 1.13171e-04 1.08323e-04 1.03597e-04 9.89916e-05 9.45076e-05 9.01446e-05 8.59025e-05 8.17811e-05 7.77801e-05 7.38990e-05 7.01374e-05 6.64948e-05 6.29704e-05 5.95637e-05 5.62738e-05 5.30998e-05 5.00407e-05 4.70955e-05 4.42629e-05 4.15419e-05 3.89309e-05 3.64285e-05 3.40333e-05 3.17435e-05 2.95576e-05 2.74736e-05 2.54898e-05 2.36040e-05 2.18143e-05 2.01185e-05 1.85145e-05 1.69999e-05 1.55723e-05 1.42294e-05 1.29687e-05 1.17876e-05 1.06835e-05 9.65381e-06 8.69582e-06 7.80681e-06 6.98404e-06 6.22473e-06 5.52607e-06 4.88528e-06 4.29953e-06 3.76602e-06 3.28194e-06 2.84449e-06 2.45092e-06 2.09849e-06 1.78448e-06 1.50624e-06 1.26115e-06 1.04665e-06 8.60246e-07 6.99514e-07 5.62101e-07 4.45738e-07 3.48244e-07 2.67532e-07 2.01616e-07 1.48614e-07 1.06757e-07 7.43905e-08 4.99807e-08 3.21189e-08 1.95254e-08 1.10532e-08 5.69125e-09 2.56730e-09 9.50670e-10 2.54215e-10 3.60665e-11 9.24981e-13
1.000716 5.97694e-01 2.37086e-01 2.70837e-02 9.33504e-03 5.08483e-03 3.61140e-03 3.00752e-03 2.72131e-03 2.56461e-03 2.46397e-03 2.39001e-03 2.33025e-03 2.27911e-03 2.23382e-03 2.19292e-03 2.15552e-03 2.12098e-03 2.08874e-03 2.05823e-03 2.02887e-03 2.00014e-03 1.97165e-03 1.94317e-03 1.91465e-03 1.88611e-03 1.85761e-03 1.82912e-03 1.80054e-03 1.77167e-03 1.74226e-03 1.71213e-03 1.68120e-03 1.64954e-03 1.61736e-03 1.58499e-03 1.55279e-03 1.52109e-03 1.49014e-03 1.46010e-03 1.43100e-03 1.40280e-03 1.37539e-03 1.34861e-03 1.32233e-03 1.29644e-03 1.27086e-03 1.24554e-03 1.22045e-03 1.19557e-03 1.17091e-03 1.14645e-03 1.12219e-03 1.09812e-03 1.07422e-03 1.05051e-03 1.02699e-03 1.00371e-03 9.80689e-04 9.57995e-04 9.35686e-04 9.13825e-04 8.92472e-04 8.71680e-04 8.51489e-04 8.31928e-04 8.13009e-04 7.94733e-04 7.77089e-04 7.60055e-04 7.43610e-04 7.27734e-04 7.12417e-04 6.97665e-04 6.83502e-04 6.69975e-04 6.57144e-04 6.45079e-04 6.33840e-04 6.23463e-04 6.13940e-04 6.05205e-04 5.97118e-04 5.89466e-04 5.81963e-04 5.74262e-04 5.65976e-04 5.56693e-04 5.46006e-04 5.33532e-04 5.18940e-04 5.01981e-04 4.82519e-04 4.60572e-04 4.36345e-04 4.10257e-04 3.82942e-04 3.55215e-04 3.27993e-04 3.02192e-04 2.78601e-04 2.57778e-04 2.39983e-04 2.25171e-04 2.13042e-04 2.03124e-04 1.94879e-04 1.87791e-04 1.81425e-04 1.75461e-04 1.69690e-04 1.63995e-04 1.58326e-04 1.52674e-04 1.47054e-04 1.41484e-04 1.35986e-04 1.30577e-04 1.25270e-04 1.20074e-04 1.14994e-04 1.10035e-04 1.05198e-04 1.00485e-04 9.58955e-05 9.14306e-05 8.70899e-05 8.28733e-05 7.87804e-05 7.48109e-05 7.09643e-05 6.72401e-05 6.36376e-05 6.01560e-05 5.67947e-05 5.35526e-05 5.04288e-05 4.74223e-05 4.45318e-05 4.17562e-05 3.90939e-05 3.65436e-05 3.41038e-05 3.17727e-05 2.95487e-05 2.74298e-05 2.54141e-05 2.34996e-05 2.16843e-05 1.99658e-05 1.83418e-05 1.68101e-05 1.53682e-05 1.40135e-05 1.27434e-05 1.15553e-05 1.04465e-05 9.41419e-06 8.45556e-06 7.56777e-06 6.74791e-06 5.99307e-06 5.30032e-06 4.66669e-06 4.08922e-06 3.56495e-06 3.09093e-06 2.66422e-06 2.28190e-06 1.94110e-06 1.63896e-06 1.37270e-06 1.13957e-06 9.36885e-07 7.62041e-07 6.12504e-07 4.85826e-07 3.79651e-07 2.91724e-07 2.19892e-07 1.62116e-07 1.16477e-07 8.11768e-08 5.45482e-08 3.50588e-08 2.13152e-08 1.20677e-08 6.21412e-09 2.80337e-09 1.03815e-09 2.77620e-10 3.93883e-11 1.01019e-12
1.100788 5.97195e-01 2.36547e-01 2.62586e-02 9.22533e-03 5.17697e-03 3.74846e-03 3.13514e-03 2.82613e-03 2.64815e-03 2.53187e-03 2.44794e-03 2.38277e-03 2.32953e-03 2.28423e-03 2.24431e-03 2.20798e-03 2.17399e-03 2.14144e-03 2.10972e-03 2.07842e-03 2.04727e-03 2.01614e-03 1.98498e-03 1.95380e-03 1.92268e-03 1.89168e-03 1.86084e-03 1.83016e-03 1.79959e-03 1.76904e-03 1.73844e-03 1.70773e-03 1.67692e-03 1.64606e-03 1.61523e-03 1.58448e-03 1.55382e-03 1.52317e-03 1.49246e-03 1.46156e-03 1.43043e-03 1.39909e-03 1.36767e-03 1.33637e-03 1.30544e-03 1.27515e-03 1.24569e-03 1.21719e-03 1.18970e-03 1.16319e-03 1.13755e-03 1.11266e-03 1.08842e-03 1.06469e-03 1.04141e-03 1.01849e-03 9.95899e-04 9.73591e-04 9.51534e-04 9.29701e-04 9.08069e-04 8.86622e-04 8.65355e-04 8.44278e-04 8.23417e-04 8.02814e-04 7.82524e-04 7.62607e-04 7.43130e-04 7.24155e-04 7.05738e-04 6.87922e-04 6.70741e-04 6.54215e-04 6.38353e-04 6.23154e-04 6.08615e-04 5.94724e-04 5.81477e-04 5.68874e-04 5.56924e-04 5.45655e-04 5.35107e-04 5.25332e-04 5.16386e-04 5.08318e-04 5.01148e-04 4.94849e-04 4.89326e-04 4.84398e-04 4.79788e-04 4.75118e-04 4.69923e-04 4.63671e-04 4.55802e-04 4.45780e-04 4.33158e-04 4.17645e-04 3.99177e-04 3.77964e-04 3.54510e-04 3.29588e-04 3.04162e-04 2.79268e-04 2.55878e-04 2.34764e-04 2.16410e-04 2.00972e-04 1.88304e-04 1.78038e-04 1.69678e-04 1.62702e-04 1.56640e-04 1.51116e-04 1.45869e-04 1.40736e-04 1.35637e-04 1.30543e-04 1.25459e-04 1.20404e-04 1.15401e-04 1.10473e-04 1.05634e-04 1.00900e-04 9.62773e-05 9.17724e-05 8.73885e-05 8.31276e-05 7.89905e-05 7.49776e-05 7.10887e-05 6.73236e-05 6.36817e-05 6.01624e-05 5.67650e-05 5.34886e-05 5.03324e-05 4.72952e-05 4.43760e-05 4.15735e-05 3.88864e-05 3.63134e-05 3.38527e-05 3.15029e-05 2.92622e-05 2.71287e-05 2.51005e-05 2.31755e-05 2.13517e-05 1.96267e-05 1.79982e-05 1.64639e-05 1.50212e-05 1.36674e-05 1.24000e-05 1.12162e-05 1.01132e-05 9.08815e-06 8.13810e-06 7.26008e-06 6.45110e-06 5.70812e-06 5.02808e-06 4.40788e-06 3.84445e-06 3.33468e-06 2.87551e-06 2.46386e-06 2.09669e-06 1.77100e-06 1.48382e-06 1.23224e-06 1.01340e-06 8.24539e-07 6.62936e-07 5.25976e-07 4.11137e-07 3.15997e-07 2.38245e-07 1.75686e-07 1.26252e-07 8.80058e-08 5.91472e-08 3.80205e-08 2.31190e-08 1.30905e-08 6.74151e-09 3.04155e-09 1.12643e-09 3.01244e-10 4.27415e-11 1.09621e-12
1.200859 5.98457e-01 2.36540e-01 2.53050e-02 8.71608e-03 4.89601e-03 3.58594e-03 3.04142e-03 2.78024e-03 2.64033e-03 2.55717e-03 2.50251e-03 2.46242e-03 2.42931e-03 2.39872e-03 2.36804e-03 2.33586e-03 2.30168e-03 2.26554e-03 2.22786e-03 2.18915e-03 2.14992e-03 2.11053e-03 2.07123e-03 2.03214e-03 1.99327e-03 1.95460e-03 1.91608e-03 1.87768e-03 1.83942e-03 1.80133e-03 1.76349e-03 1.72599e-03 1.68897e-03 1.65257e-03 1.61688e-03 1.58199e-03 1.54793e-03 1.51466e-03 1.48212e-03 1.45023e-03 1.41891e-03 1.38812e-03 1.35782e-03 1.32800e-03 1.29862e-03 1.26962e-03 1.24092e-03 1.21241e-03 1.18401e-03 1.15569e-03 1.12751e-03 1.09959e-03 1.07210e-03 1.04523e-03 1.01916e-03 9.94006e-04 9.69809e-04 9.46553e-04 9.24166e-04 9.02546e-04 8.81579e-04 8.61160e-04 8.41196e-04 8.21609e-04 8.02334e-04 7.83314e-04 7.64501e-04 7.45853e-04 7.27339e-04 7.08943e-04 6.90663e-04 6.72520e-04 6.54551e-04 6.36805e-04 6.19346e-04 6.02237e-04 5.85544e-04 5.69322e-04 5.53622e-04 5.38480e-04 5.23927e-04 5.09983e-04 4.96664e-04 4.83983e-04 4.71954e-04 4.60592e-04 4.49919e-04 4.39965e-04 4.30769e-04 4.22380e-04 4.14852e-04 4.08238e-04 4.02572e-04 3.97853e-04 3.94018e-04 3.90915e-04 3.88280e-04 3.85725e-04 3.82743e-04 3.78731e-04 3.73046e-04 3.65080e-04 3.54359e-04 3.40633e-04 3.23956e-04 3.04716e-04 2.83615e-04 2.61587e-04 2.39669e-04 2.18848e-04 1.99926e-04 1.83417e-04 1.69517e-04 1.58126e-04 1.48925e-04 1.41468e-04 1.35281e-04 1.29932e-04 1.25076e-04 1.20470e-04 1.15964e-04 1.11482e-04 1.06998e-04 1.02518e-04 9.80602e-05 9.36487e-05 8.93052e-05 8.50475e-05 8.08886e-05 7.68379e-05 7.29012e-05 6.90822e-05 6.53828e-05 6.18040e-05 5.83458e-05 5.50081e-05 5.17902e-05 4.86914e-05 4.57106e-05 4.28469e-05 4.00991e-05 3.74659e-05 3.49458e-05 3.25374e-05 3.02391e-05 2.80491e-05 2.59656e-05 2.39867e-05 2.21103e-05 2.03343e-05 1.86565e-05 1.70745e-05 1.55859e-05 1.41881e-05 1.28785e-05 1.16545e-05 1.05132e-05 9.45185e-06 8.46751e-06 7.55723e-06 6.71799e-06 5.94674e-06 5.24038e-06 4.59581e-06 4.00989e-06 3.47949e-06 3.00146e-06 2.57269e-06 2.19004e-06 1.85045e-06 1.55088e-06 1.28832e-06 1.05983e-06 8.62552e-07 6.93682e-07 5.50508e-07 4.30415e-07 3.30888e-07 2.49524e-07 1.84039e-07 1.32279e-07 9.22222e-08 6.19904e-08 3.98536e-08 2.42366e-08 1.37248e-08 7.06881e-09 3.18947e-09 1.18128e-09 3.15928e-10 4.48263e-11 1.14970e-12
1.300931 5.88980e-01 2.37837e-01 2.71008e-02 9.78173e-03 5.52267e-03 4.01074e-03 3.36593e-03 3.04198e-03 2.85560e-03 2.73677e-03 2.65588e-03 2.59804e-03 2.55443e-03 2.51920e-03 2.48825e-03 2.45864e-03 2.42834e-03 2.39608e-03 2.36130e-03 2.32394e-03 2.28430e-03 2.24282e-03 2.19991e-03 2.15589e-03 2.11099e-03 2.06540e-03 2.01930e-03 1.97297e-03 1.92670e-03 1.88079e-03 1.83555e-03 1.79118e-03 1.74785e-03 1.70561e-03 1.66447e-03 1.62439e-03 1.58532e-03 1.54721e-03 1.51002e-03 1.47375e-03 1.43841e-03 1.40403e-03 1.37066e-03 1.33830e-03 1.30696e-03 1.27658e-03 1.24710e-03 1.21842e-03 1.19045e-03 1.16311e-03 1.13634e-03 1.11008e-03 1.08427e-03 1.05883e-03 1.03368e-03 1.00871e-03 9.83886e-04 9.59191e-04 9.34685e-04 9.10488e-04 8.86758e-04 8.63658e-04 8.41325e-04 8.19846e-04 7.99247e-04 7.79497e-04 7.60525e-04 7.42237e-04 7.24533e-04 7.07314e-04 6.90492e-04 6.73984e-04 6.57714e-04 6.41615e-04 6.25628e-04 6.09708e-04 5.93828e-04 5.77985e-04 5.62196e-04 5.46503e-04 5.30962e-04 5.15637e-04 5.00597e-04 4.85905e-04 4.71616e-04 4.57775e-04 4.44418e-04 4.31571e-04 4.19260e-04 4.07506e-04 3.96339e-04 3.85792e-04 3.75910e-04 3.66749e-04 3.58375e-04 3.50862e-04 3.44286e-04 3.38713e-04 3.34179e-04 3.30670e-04 3.28089e-04 3.26230e-04 3.24752e-04 3.23178e-04 3.20910e-04 3.17284e-04 3.11652e-04 3.03483e-04 2.92472e-04 2.78621e-04 2.62275e-04 2.44096e-04 2.24974e-04 2.05890e-04 1.87766e-04 1.71332e-04 1.57042e-04 1.45048e-04 1.35237e-04 1.27302e-04 1.20840e-04 1.15428e-04 1.10693e-04 1.06344e-04 1.02180e-04 9.80806e-05 9.39901e-05 8.98944e-05 8.58040e-05 8.17401e-05 7.77263e-05 7.37839e-05 6.99300e-05 6.61771e-05 6.25340e-05 5.90063e-05 5.55971e-05 5.23082e-05 4.91401e-05 4.60927e-05 4.31655e-05 4.03575e-05 3.76675e-05 3.50943e-05 3.26364e-05 3.02921e-05 2.80598e-05 2.59376e-05 2.39235e-05 2.20154e-05 2.02111e-05 1.85084e-05 1.69047e-05 1.53976e-05 1.39845e-05 1.26625e-05 1.14289e-05 1.02807e-05 9.21497e-06 8.22865e-06 7.31861e-06 6.48166e-06 5.71457e-06 5.01407e-06 4.37687e-06 3.79965e-06 3.27908e-06 2.81184e-06 2.39461e-06 2.02411e-06 1.69707e-06 1.41028e-06 1.16057e-06 9.44862e-07 7.60122e-07 6.03420e-07 4.71921e-07 3.62895e-07 2.73730e-07 2.01941e-07 1.45178e-07 1.01236e-07 6.80619e-08 4.37643e-08 2.66188e-08 1.50758e-08 7.76550e-09 3.50415e-09 1.29793e-09 3.47144e-10 4.92573e-11 1.26337e-12
1.401003 5.96861e-01 2.34323e-01 2.42422e-02 8.96177e-03 5.42392e-03 4.11874e-03 3.51277e-03 3.19250e-03 3.00911e-03 2.89596e-03 2.82017e-03 2.76409e-03 2.71734e-03 2.67339e-03 2.62815e-03 2.57948e-03 2.52684e-03 2.47092e-03 2.41308e-03 2.35488e-03 2.29767e-03 2.24232e-03 2.18918e-03 2.13815e-03 2.08886e-03 2.04085e-03 1.99374e-03 1.94730e-03 1.90147e-03 1.85627e-03 1.81175e-03 1.76795e-03 1.72486e-03 1.68240e-03 1.64052e-03 1.59919e-03 1.55843e-03 1.51831e-03 1.47893e-03 1.44043e-03 1.40290e-03 1.36642e-03 1.33103e-03 1.29673e-03 1.26350e-03 1.23132e-03 1.20014e-03 1.16996e-03 1.14075e-03 1.11252e-03 1.08527e-03 1.05897e-03 1.03360e-03 1.00909e-03 9.85366e-04 9.62344e-04 9.39935e-04 9.18056e-04 8.96630e-04 8.75577e-04 8.54811e-04 8.34242e-04 8.13790e-04 7.93400e-04 7.73067e-04 7.52838e-04 7.32816e-04 7.13140e-04 6.93954e-04 6.75387e-04 6.57523e-04 6.40397e-04 6.23998e-04 6.08276e-04 5.93162e-04 5.78575e-04 5.64431e-04 5.50647e-04 5.37143e-04 5.23838e-04 5.10660e-04 4.97544e-04 4.84444e-04 4.71335e-04 4.58216e-04 4.45112e-04 4.32071e-04 4.19150e-04 4.06416e-04 3.93930e-04 3.81750e-04 3.69919e-04 3.58475e-04 3.47443e-04 3.36847e-04 3.26713e-04 3.17075e-04 3.07976e-04 2.99478e-04 2.91658e-04 2.84610e-04 2.78431e-04 2.73214e-04 2.69024e-04 2.65867e-04 2.63663e-04 2.62215e-04 2.61187e-04 2.60108e-04 2.58399e-04 2.55436e-04 2.50639e-04 2.43571e-04 2.34034e-04 2.22127e-04 2.08255e-04 1.93077e-04 1.77401e-04 1.62054e-04 1.47758e-04 1.35026e-04 1.24123e-04 1.15067e-04 1.07679e-04 1.01659e-04 9.66601e-05 9.23526e-05 8.84617e-05 8.47872e-05 8.12013e-05 7.76367e-05 7.40696e-05 7.05033e-05 6.69549e-05 6.34461e-05 5.99981e-05 5.66286e-05 5.33513e-05 5.01758e-05 4.71085e-05 4.41532e-05 4.13121e-05 3.85857e-05 3.59742e-05 3.34766e-05 3.10921e-05 2.88191e-05 2.66562e-05 2.46016e-05 2.26534e-05 2.08095e-05 1.90678e-05 1.74260e-05 1.58817e-05 1.44325e-05 1.30756e-05 1.18083e-05 1.06279e-05 9.53133e-06 8.51567e-06 7.57783e-06 6.71466e-06 5.92295e-06 5.19944e-06 4.54084e-06 3.94382e-06 3.40503e-06 2.92112e-06 2.48874e-06 2.10453e-06 1.76520e-06 1.46745e-06 1.20807e-06 9.83870e-07 7.91768e-07 6.28742e-07 4.91873e-07 3.78345e-07 2.85460e-07 2.10648e-07 1.51472e-07 1.05648e-07 7.10418e-08 4.56884e-08 2.77935e-08 1.57432e-08 8.11027e-09 3.66009e-09 1.35580e-09 3.62643e-10 5.14586e-11 1.31986e-12
1.501074 5.92425e-01 2.34862e-01 2.49399e-02 9.27027e-03 5.56702e-03 4.24673e-03 3.65510e-03 3.33629e-03 3.14445e-03 3.02454e-03 2.94943e-03 2.90056e-03 2.86359e-03 2.82826e-03 2.78861e-03 2.74240e-03 2.68995e-03 2.63279e-03 2.57256e-03 2.51054e-03 2.44744e-03 2.38360e-03 2.31919e-03 2.25443e-03 2.18967e-03 2.12546e-03 2.06244e-03 2.00126e-03 1.94248e-03 1.88643e-03 1.83324e-03 1.78279e-03 1.73481e-03 1.68894e-03 1.64484e-03 1.60224e-03 1.56096e-03 1.52089e-03 1.48197e-03 1.44416e-03 1.40738e-03 1.37154e-03 1.33653e-03 1.30226e-03 1.26865e-03 1.23568e-03 1.20336e-03 1.17173e-03 1.14083e-03 1.11073e-03 1.08145e-03 1.05303e-03 1.02550e-03 9.98849e-04 9.73097e-04 9.48240e-04 9.24275e-04 9.01193e-04 8.78972e-04 8.57576e-04 8.36951e-04 8.17032e-04 7.97747e-04 7.79018e-04 7.60764e-04 7.42899e-04 7.25331e-04 7.07959e-04 6.90686e-04 6.73436e-04 6.56169e-04 6.38896e-04 6.21683e-04 6.04642e-04 5.87905e-04 5.71604e-04 5.55843e-04 5.40686e-04 5.26156e-04 5.12235e-04 4.98881e-04 4.86036e-04 4.73633e-04 4.61598e-04 4.49856e-04 4.38330e-04 4.26945e-04 4.15633e-04 4.04341e-04 3.93037e-04 3.81714e-04 3.70387e-04 3.59096e-04 3.47892e-04 3.36833e-04 3.25977e-04 3.15374e-04 3.05068e-04 2.95093e-04 2.85477e-04 2.76249e-04 2.67446e-04 2.59116e-04 2.51323e-04 2.44153e-04 2.37705e-04 2.32087e-04 2.27394e-04 2.23684e-04 2.20943e-04 2.19054e-04 2.17773e-04 2.16719e-04 2.15395e-04 2.13241e-04 2.09710e-04 2.04365e-04 1.96965e-04 1.87526e-04 1.76335e-04 1.63914e-04 1.50930e-04 1.38086e-04 1.26007e-04 1.15153e-04 1.05777e-04 9.79199e-05 9.14546e-05 8.61432e-05 8.17019e-05 7.78549e-05 7.43703e-05 7.10766e-05 6.78636e-05 6.46727e-05 6.14832e-05 5.82984e-05 5.51343e-05 5.20110e-05 4.89485e-05 4.59634e-05 4.30686e-05 4.02733e-05 3.75837e-05 3.50032e-05 3.25336e-05 3.01755e-05 2.79284e-05 2.57913e-05 2.37629e-05 2.18413e-05 2.00246e-05 1.83107e-05 1.66972e-05 1.51818e-05 1.37618e-05 1.24346e-05 1.11974e-05 1.00473e-05 8.98116e-06 7.99601e-06 7.08866e-06 6.25583e-06 5.49423e-06 4.80048e-06 4.17119e-06 3.60291e-06 3.09219e-06 2.63557e-06 2.22959e-06 1.87081e-06 1.55583e-06 1.28129e-06 1.04386e-06 8.40325e-07 6.67512e-07 5.22360e-07 4.01910e-07 3.03321e-07 2.23883e-07 1.61027e-07 1.12336e-07 7.55542e-08 4.85991e-08 2.95688e-08 1.67512e-08 8.63056e-09 3.89528e-09 1.44303e-09 3.86000e-10 5.47752e-11 1.40496e-12
1.601146 5.90911e-01 2.31440e-01 2.45882e-02 9.82303e-03 6.20725e-03 4.80135e-03 4.10533e-03 3.70372e-03 3.45403e-03 3.29484e-03 3.19099e-03 3.11713e-03 3.05507e-03 2.99392e-03 2.92923e-03 2.86074e-03 2.79002e-03 2.71871e-03 2.64786e-03 2.57783e-03 2.50863e-03 2.44020e-03 2.37258e-03 2.30602e-03 2.24080e-03 2.17723e-03 2.11545e-03 2.05541e-03 1.99693e-03 1.93971e-03 1.88347e-03 1.82805e-03 1.77345e-03 1.71986e-03 1.66761e-03 1.61710e-03 1.56869e-03 1.52262e-03 1.47899e-03 1.43774e-03 1.39867e-03 1.36153e-03 1.32606e-03 1.29202e-03 1.25924e-03 1.22760e-03 1.19698e-03 1.16732e-03 1.13850e-03 1.11043e-03 1.08301e-03 1.05614e-03 1.02975e-03 1.00380e-03 9.78276e-04 9.53185e-04 9.28556e-04 9.04427e-04 8.80847e-04 8.57866e-04 8.35534e-04 8.13894e-04 7.92981e-04 7.72816e-04 7.53403e-04 7.34727e-04 7.16757e-04 6.99448e-04 6.82743e-04 6.66581e-04 6.50896e-04 6.35613e-04 6.20644e-04 6.05893e-04 5.91258e-04 5.76650e-04 5.62004e-04 5.47303e-04 5.32578e-04 5.17908e-04 5.03401e-04 4.89175e-04 4.75335e-04 4.61958e-04 4.49084e-04 4.36720e-04 4.24848e-04 4.13428e-04 4.02410e-04 3.91734e-04 3.81335e-04 3.71141e-04 3.61086e-04 3.51105e-04 3.41151e-04 3.31194e-04 3.21227e-04 3.11263e-04 3.01336e-04 2.91489e-04 2.81771e-04 2.72231e-04 2.62912e-04 2.53854e-04 2.45094e-04 2.36671e-04 2.28628e-04 2.21025e-04 2.13934e-04 2.07445e-04 2.01660e-04 1.96675e-04 1.92561e-04 1.89335e-04 1.86928e-04 1.85159e-04 1.83726e-04 1.82218e-04 1.80158e-04 1.77069e-04 1.72556e-04 1.66390e-04 1.58553e-04 1.49262e-04 1.38935e-04 1.28116e-04 1.17386e-04 1.07263e-04 9.81305e-05 9.01987e-05 8.35056e-05 7.79479e-05 7.33309e-05 6.94222e-05 6.59957e-05 6.28620e-05 5.98820e-05 5.69673e-05 5.40722e-05 5.11828e-05 4.83048e-05 4.54539e-05 4.26493e-05 3.99092e-05 3.72489e-05 3.46801e-05 3.22109e-05 2.98466e-05 2.75900e-05 2.54425e-05 2.34040e-05 2.14737e-05 1.96500e-05 1.79312e-05 1.63150e-05 1.47991e-05 1.33807e-05 1.20572e-05 1.08257e-05 9.68311e-06 8.62633e-06 7.65212e-06 6.75714e-06 5.93800e-06 5.19121e-06 4.51324e-06 3.90050e-06 3.34940e-06 2.85629e-06 2.41754e-06 2.02952e-06 1.68863e-06 1.39129e-06 1.13399e-06 9.13263e-07 7.25745e-07 5.68150e-07 4.37301e-07 3.30145e-07 2.43761e-07 1.75378e-07 1.22381e-07 8.23313e-08 5.29706e-08 3.22352e-08 1.82650e-08 9.41202e-09 4.24853e-09 1.57407e-09 4.21083e-10 5.97568e-11 1.53278e-12
1.701218 5.98502e-01 2.27135e-01 2.23346e-02 9.24618e-03 6.14718e-03 4.87836e-03 4.19937e-03 3.79193e-03 3.54457e-03 3.39911e-03 3.31345e-03 3.25500e-03 3.20166e-03 3.14180e-03 3.07182e-03 2.99258e-03 2.90656e-03 2.81633e-03 2.72405e-03 2.63145e-03 2.54006e-03 2.45123e-03 2.36612e-03 2.28552e-03 2.20982e-03 2.13895e-03 2.07245e-03 2.00966e-03 1.94989e-03 1.89256e-03 1.83731e-03 1.78400e-03 1.73260e-03 1.68313e-03 1.63559e-03 1.58981e-03 1.54556e-03 1.50252e-03 1.46038e-03 1.41896e-03 1.37819e-03 1.33819e-03 1.29918e-03 1.26143e-03 1.22520e-03 1.19065e-03 1.15783e-03 1.12668e-03 1.09705e-03 1.06878e-03 1.04170e-03 1.01568e-03 9.90595e-04 9.66377e-04 9.42946e-04 9.20217e-04 8.98100e-04 8.76499e-04 8.55327e-04 8.34510e-04 8.13999e-04 7.93765e-04 7.73804e-04 7.54130e-04 7.34770e-04 7.15765e-04 6.97164e-04 6.79019e-04 6.61380e-04 6.44292e-04 6.27783e-04 6.11866e-04 5.96535e-04 5.81767e-04 5.67528e-04 5.53773e-04 5.40448e-04 5.27491e-04 5.14827e-04 5.02370e-04 4.90033e-04 4.77735e-04 4.65420e-04 4.53065e-04 4.40689e-04 4.28349e-04 4.16126e-04 4.04108e-04 3.92377e-04 3.80994e-04 3.69995e-04 3.59391e-04 3.49174e-04 3.39318e-04 3.29787e-04 3.20533e-04 3.11502e-04 3.02638e-04 2.93886e-04 2.85200e-04 2.76545e-04 2.67907e-04 2.59286e-04 2.50700e-04 2.42179e-04 2.33757e-04 2.25475e-04 2.17369e-04 2.09480e-04 2.01848e-04 1.94521e-04 1.87555e-04 1.81020e-04 1.74998e-04 1.69577e-04 1.64838e-04 1.60837e-04 1.57581e-04 1.55000e-04 1.52933e-04 1.51119e-04 1.49217e-04 1.46846e-04 1.43639e-04 1.39313e-04 1.33725e-04 1.26908e-04 1.19074e-04 1.10577e-04 1.01851e-04 9.33335e-05 8.53971e-05 7.82968e-05 7.21518e-05 6.69531e-05 6.25938e-05 5.89093e-05 5.57178e-05 5.28514e-05 5.01754e-05 4.75958e-05 4.50567e-05 4.25336e-05 4.00236e-05 3.75366e-05 3.50883e-05 3.26954e-05 3.03729e-05 2.81330e-05 2.59843e-05 2.39327e-05 2.19817e-05 2.01328e-05 1.83861e-05 1.67408e-05 1.51953e-05 1.37477e-05 1.23954e-05 1.11359e-05 9.96640e-06 8.88376e-06 7.88489e-06 6.96653e-06 6.12532e-06 5.35783e-06 4.66055e-06 4.02989e-06 3.46225e-06 2.95399e-06 2.50144e-06 2.10095e-06 1.74886e-06 1.44156e-06 1.17547e-06 9.47067e-07 7.52910e-07 5.89642e-07 4.54009e-07 3.42877e-07 2.53245e-07 1.82256e-07 1.27217e-07 8.56066e-08 5.50909e-08 3.35326e-08 1.90037e-08 9.79422e-09 4.42165e-09 1.63838e-09 4.38325e-10 6.22070e-11 1.59567e-12
1.801289 5.92602e-01 2.23977e-01 2.31319e-02 9.85266e-03 6.59919e-03 5.26504e-03 4.54847e-03 4.11559e-03 3.85413e-03 3.70196e-03 3.61034e-03 3.54190e-03 3.47341e-03 3.39470e-03 3.30448e-03 3.20572e-03 3.10244e-03 2.99805e-03 2.89494e-03 2.79452e-03 2.69755e-03 2.60437e-03 2.51499e-03 2.42919e-03 2.34660e-03 2.26679e-03 2.18940e-03 2.11429e-03 2.04159e-03 1.97167e-03 1.90501e-03 1.84205e-03 1.78302e-03 1.72785e-03 1.67621e-03 1.62760e-03 1.58147e-03 1.53738e-03 1.49500e-03 1.45419e-03 1.41491e-03 1.37714e-03 1.34079e-03 1.30569e-03 1.27162e-03 1.23829e-03 1.20547e-03 1.17304e-03 1.14102e-03 1.10954e-03 1.07882e-03 1.04907e-03 1.02049e-03 9.93154e-04 9.67074e-04 9.42173e-04 9.18336e-04 8.95445e-04 8.73402e-04 8.52131e-04 8.31572e-04 8.11669e-04 7.92357e-04 7.73560e-04 7.55192e-04 7.37169e-04 7.19421e-04 7.01899e-04 6.84577e-04 6.67454e-04 6.50549e-04 6.33895e-04 6.17533e-04 6.01507e-04 5.85860e-04 5.70631e-04 5.55847e-04 5.41526e-04 5.27673e-04 5.14284e-04 5.01342e-04 4.88820e-04 4.76681e-04 4.64872e-04 4.53330e-04 4.41980e-04 4.30749e-04 4.19570e-04 4.08401e-04 3.97229e-04 3.86073e-04 3.74980e-04 3.64012e-04 3.53234e-04 3.42703e-04 3.32461e-04 3.22530e-04 3.12918e-04 3.03615e-04 2.94600e-04 2.85843e-04 2.77302e-04 2.68936e-04 2.60700e-04 2.52553e-04 2.44468e-04 2.36426e-04 2.28425e-04 2.20475e-04 2.12598e-04 2.04821e-04 1.97178e-04 1.89706e-04 1.82449e-04 1.75456e-04 1.68786e-04 1.62511e-04 1.56707e-04 1.51455e-04 1.46820e-04 1.42838e-04 1.39491e-04 1.36692e-04 1.34272e-04 1.31987e-04 1.29538e-04 1.26616e-04 1.22947e-04 1.18352e-04 1.12782e-04 1.06332e-04 9.92297e-05 9.17957e-05 8.43835e-05 7.73205e-05 7.08590e-05 6.51471e-05 6.02248e-05 5.60397e-05 5.24770e-05 4.93926e-05 4.66420e-05 4.41018e-05 4.16796e-05 3.93164e-05 3.69821e-05 3.46681e-05 3.23801e-05 3.01309e-05 2.79357e-05 2.58090e-05 2.37627e-05 2.18059e-05 1.99446e-05 1.81825e-05 1.65212e-05 1.49607e-05 1.35000e-05 1.21372e-05 1.08700e-05 9.69565e-06 8.61102e-06 7.61286e-06 6.69773e-06 5.86206e-06 5.10218e-06 4.41435e-06 3.79475e-06 3.23951e-06 2.74475e-06 2.30656e-06 1.92104e-06 1.58430e-06 1.29252e-06 1.04188e-06 8.28678e-07 6.49274e-07 5.00141e-07 3.77873e-07 2.79201e-07 2.01010e-07 1.40355e-07 9.44769e-08 6.08165e-08 3.70272e-08 2.09889e-08 1.08195e-08 4.88530e-09 1.81042e-09 4.84398e-10 6.87503e-11 1.76358e-12
1.901361 5.92178e-01 2.16353e-01 2.26838e-02 1.06683e-02 7.41759e-03 5.92152e-03 5.08245e-03 4.57691e-03 4.26897e-03 4.07825e-03 3.94786e-03 3.83917e-03 3.73079e-03 3.61488e-03 3.49171e-03 3.36479e-03 3.23794e-03 3.11406e-03 2.99495e-03 2.88148e-03 2.77392e-03 2.67217e-03 2.57596e-03 2.48496e-03 2.39881e-03 2.31717e-03 2.23971e-03 2.16616e-03 2.09624e-03 2.02971e-03 1.96628e-03 1.90561e-03 1.84728e-03 1.79085e-03 1.73598e-03 1.68248e-03 1.63041e-03 1.57998e-03 1.53156e-03 1.48547e-03 1.44190e-03 1.40086e-03 1.36215e-03 1.32547e-03 1.29049e-03 1.25693e-03 1.22461e-03 1.19345e-03 1.16342e-03 1.13446e-03 1.10645e-03 1.07922e-03 1.05255e-03 1.02627e-03 1.00023e-03 9.74417e-04 9.48915e-04 9.23882e-04 8.99496e-04 8.75915e-04 8.53233e-04 8.31474e-04 8.10601e-04 7.90541e-04 7.71213e-04 7.52545e-04 7.34479e-04 7.16970e-04 6.99973e-04 6.83434e-04 6.67292e-04 6.51476e-04 6.35916e-04 6.20557e-04 6.05359e-04 5.90308e-04 5.75415e-04 5.60706e-04 5.46223e-04 5.32011e-04 5.18110e-04 5.04552e-04 4.91359e-04 4.78540e-04 4.66096e-04 4.54020e-04 4.42300e-04 4.30917e-04 4.19842e-04 4.09036e-04 3.98450e-04 3.88028e-04 3.77713e-04 3.67462e-04 3.57250e-04 3.47076e-04 3.36961e-04 3.26944e-04 3.17070e-04 3.07384e-04 2.97919e-04 2.88700e-04 2.79736e-04 2.71024e-04 2.62551e-04 2.54297e-04 2.46234e-04 2.38330e-04 2.30552e-04 2.22873e-04 2.15270e-04 2.07731e-04 2.00254e-04 1.92849e-04 1.85533e-04 1.78333e-04 1.71283e-04 1.64425e-04 1.57808e-04 1.51493e-04 1.45548e-04 1.40043e-04 1.35044e-04 1.30596e-04 1.26706e-04 1.23331e-04 1.20360e-04 1.17620e-04 1.14884e-04 1.11902e-04 1.08441e-04 1.04329e-04 9.94858e-05 9.39482e-05 8.78633e-05 8.14635e-05 7.50243e-05 6.88152e-05 6.30567e-05 5.78920e-05 5.33773e-05 4.94897e-05 4.61485e-05 4.32409e-05 4.06479e-05 3.82629e-05 3.60030e-05 3.38127e-05 3.16617e-05 2.95396e-05 2.74492e-05 2.54011e-05 2.34087e-05 2.14851e-05 1.96416e-05 1.78865e-05 1.62257e-05 1.46624e-05 1.31978e-05 1.18318e-05 1.05628e-05 9.38862e-06 8.30647e-06 7.31311e-06 6.40500e-06 5.57843e-06 4.82952e-06 4.15429e-06 3.54867e-06 3.00855e-06 2.52979e-06 2.10823e-06 1.73971e-06 1.42012e-06 1.14538e-06 9.11499e-07 7.14543e-07 5.50699e-07 4.16274e-07 3.07716e-07 2.21636e-07 1.54820e-07 1.04253e-07 6.71326e-08 4.08853e-08 2.31822e-08 1.19529e-08 5.39816e-09 2.00080e-09 5.35401e-10 7.59953e-11 1.94952e-12
2.001432 5.94966e-01 2.09044e-01 2.09680e-02 1.01317e-02 7.42924e-03 6.13413e-03 5.35015e-03 4.85938e-03 4.56260e-03 4.38305e-03 4.25941e-03 4.15047e-03 4.03510e-03 3.90682e-03 3.76706e-03 3.62006e-03 3.47034e-03 3.32177e-03 3.17745e-03 3.03966e-03 2.90983e-03 2.78862e-03 2.67600e-03 2.57150e-03 2.47444e-03 2.38406e-03 2.29966e-03 2.22064e-03 2.14643e-03 2.07655e-03 2.01057e-03 1.94809e-03 1.88874e-03 1.83223e-03 1.77829e-03 1.72671e-03 1.67732e-03 1.62993e-03 1.58434e-03 1.54032e-03 1.49760e-03 1.45593e-03 1.41514e-03 1.37519e-03 1.33617e-03 1.29828e-03 1.26173e-03 1.22671e-03 1.19332e-03 1.16151e-03 1.13117e-03 1.10213e-03 1.07423e-03 1.04737e-03 1.02147e-03 9.96495e-04 9.72379e-04 9.49019e-04 9.26268e-04 9.03962e-04 8.81954e-04 8.60155e-04 8.38555e-04 8.17218e-04 7.96262e-04 7.75817e-04 7.55990e-04 7.36846e-04 7.18396e-04 7.00616e-04 6.83456e-04 6.66862e-04 6.50784e-04 6.35180e-04 6.20009e-04 6.05228e-04 5.90787e-04 5.76632e-04 5.62707e-04 5.48962e-04 5.35364e-04 5.21898e-04 5.08569e-04 4.95399e-04 4.82424e-04 4.69682e-04 4.57208e-04 4.45031e-04 4.33167e-04 4.21620e-04 4.10387e-04 3.99455e-04 3.88807e-04 3.78422e-04 3.68272e-04 3.58323e-04 3.48537e-04 3.38876e-04 3.29310e-04 3.19817e-04 3.10394e-04 3.01052e-04 2.91814e-04 2.82709e-04 2.73768e-04 2.65016e-04 2.56467e-04 2.48128e-04 2.39998e-04 2.32065e-04 2.24312e-04 2.16719e-04 2.09263e-04 2.01921e-04 1.94675e-04 1.87513e-04 1.80429e-04 1.73430e-04 1.66527e-04 1.59743e-04 1.53111e-04 1.46671e-04 1.40473e-04 1.34574e-04 1.29036e-04 1.23915e-04 1.19255e-04 1.15070e-04 1.11333e-04 1.07968e-04 1.04846e-04 1.01793e-04 9.86147e-05 9.51264e-05 9.11845e-05 8.67180e-05 8.17445e-05 7.63699e-05 7.07698e-05 6.51567e-05 5.97425e-05 5.47033e-05 5.01557e-05 4.61477e-05 4.26638e-05 3.96407e-05 3.69884e-05 3.46103e-05 3.24187e-05 3.03451e-05 2.83430e-05 2.63867e-05 2.44674e-05 2.25875e-05 2.07561e-05 1.89846e-05 1.72843e-05 1.56648e-05 1.41331e-05 1.26939e-05 1.13495e-05 1.01003e-05 8.94535e-06 7.88266e-06 6.90941e-06 6.02224e-06 5.21744e-06 4.49104e-06 3.83888e-06 3.25673e-06 2.74024e-06 2.28507e-06 1.88683e-06 1.54117e-06 1.24378e-06 9.90395e-07 7.76845e-07 5.99054e-07 4.53073e-07 3.35093e-07 2.41473e-07 1.68755e-07 1.13686e-07 7.32355e-08 4.46180e-08 2.53066e-08 1.30519e-08 5.89582e-09 2.18566e-09 5.84951e-10 8.30364e-11 2.13025e-12
2.101504 5.75873e-01 2.02552e-01 2.44330e-02 1.23366e-02 8.82153e-03 7.14043e-03 6.17712e-03 5.58230e-03 5.21091e-03 4.97292e-03 4.80203e-03 4.65382e-03 4.50502e-03 4.34790e-03 4.18319e-03 4.01470e-03 3.84674e-03 3.68306e-03 3.52656e-03 3.37906e-03 3.24121e-03 3.11258e-03 2.99201e-03 2.87814e-03 2.76983e-03 2.66648e-03 2.56794e-03 2.47439e-03 2.38606e-03 2.30303e-03 2.22515e-03 2.15210e-03 2.08342e-03 2.01865e-03 1.95733e-03 1.89912e-03 1.84371e-03 1.79085e-03 1.74033e-03 1.69197e-03 1.64561e-03 1.60109e-03 1.55829e-03 1.51706e-03 1.47728e-03 1.43879e-03 1.40141e-03 1.36498e-03 1.32933e-03 1.29438e-03 1.26010e-03 1.22658e-03 1.19393e-03 1.16231e-03 1.13181e-03 1.10248e-03 1.07430e-03 1.04718e-03 1.02103e-03 9.95785e-04 9.71391e-04 9.47824e-04 9.25055e-04 9.03024e-04 8.81635e-04 8.60756e-04 8.40252e-04 8.20015e-04 7.99988e-04 7.80181e-04 7.60653e-04 7.41499e-04 7.22808e-04 7.04652e-04 6.87062e-04 6.70040e-04 6.53561e-04 6.37589e-04 6.22087e-04 6.07014e-04 5.92334e-04 5.78005e-04 5.63980e-04 5.50212e-04 5.36651e-04 5.23257e-04 5.10005e-04 4.96884e-04 4.83903e-04 4.71085e-04 4.58460e-04 4.46062e-04 4.33921e-04 4.22058e-04 4.10485e-04 3.99203e-04 3.88205e-04 3.77477e-04 3.66996e-04 3.56736e-04 3.46669e-04 3.36762e-04 3.26988e-04 3.17324e-04 3.07757e-04 2.98285e-04 2.88918e-04 2.79674e-04 2.70575e-04 2.61642e-04 2.52891e-04 2.44333e-04 2.35971e-04 2.27798e-04 2.19804e-04 2.11973e-04 2.04287e-04 1.96726e-04 1.89276e-04 1.81926e-04 1.74673e-04 1.67522e-04 1.60486e-04 1.53591e-04 1.46872e-04 1.40372e-04 1.34145e-04 1.28246e-04 1.22726e-04 1.17627e-04 1.12961e-04 1.08709e-04 1.04805e-04 1.01140e-04 9.75678e-05 9.39256e-05 9.00587e-05 8.58499e-05 8.12440e-05 7.62612e-05 7.09960e-05 6.55997e-05 6.02529e-05 5.51329e-05 5.03842e-05 4.60989e-05 4.23103e-05 3.89977e-05 3.61010e-05 3.35385e-05 3.12248e-05 2.90836e-05 2.70561e-05 2.51031e-05 2.32040e-05 2.13525e-05 1.95519e-05 1.78110e-05 1.61403e-05 1.45496e-05 1.30473e-05 1.16388e-05 1.03275e-05 9.11451e-06 7.99914e-06 6.97936e-06 6.05216e-06 5.21380e-06 4.46007e-06 3.78645e-06 3.18819e-06 2.66043e-06 2.19827e-06 1.79677e-06 1.45103e-06 1.15619e-06 9.07483e-07 7.00242e-07 5.29931e-07 3.92173e-07 2.82768e-07 1.97721e-07 1.33267e-07 8.58898e-08 5.23496e-08 2.97031e-08 1.53244e-08 6.92430e-09 2.56750e-09 6.87261e-10 9.75708e-11 2.50328e-12
2.201576 5.70830e-01 1.91764e-01 2.32547e-02 1.26488e-02 9.53465e-03 7.85151e-03 6.82464e-03 6.19697e-03 5.82081e-03 5.58358e-03 5.40402e-03 5.23265e-03 5.04710e-03 4.84340e-03 4.62707e-03 4.40679e-03 4.19086e-03 3.98567e-03 3.79518e-03 3.62098e-03 3.46268e-03 3.31858e-03 3.18640e-03 3.06404e-03 2.94995e-03 2.84324e-03 2.74350e-03 2.65041e-03 2.56346e-03 2.48186e-03 2.40460e-03 2.33068e-03 2.25935e-03 2.19020e-03 2.12318e-03 2.05847e-03 1.99632e-03 1.93691e-03 1.88030e-03 1.82639e-03 1.77501e-03 1.72591e-03 1.67883e-03 1.63357e-03 1.58997e-03 1.54791e-03 1.50730e-03 1.46811e-03 1.43029e-03 1.39380e-03 1.35856e-03 1.32448e-03 1.29145e-03 1.25931e-03 1.22792e-03 1.19717e-03 1.16699e-03 1.13741e-03 1.10848e-03 1.08031e-03 1.05301e-03 1.02663e-03 1.00118e-03 9.76618e-04 9.52864e-04 9.29842e-04 9.07494e-04 8.85788e-04 8.64706e-04 8.44224e-04 8.24298e-04 8.04856e-04 7.85807e-04 7.67067e-04 7.48575e-04 7.30311e-04 7.12298e-04 6.94586e-04 6.77238e-04 6.60308e-04 6.43831e-04 6.27816e-04 6.12254e-04 5.97124e-04 5.82398e-04 5.68045e-04 5.54033e-04 5.40324e-04 5.26879e-04 5.13657e-04 5.00620e-04 4.87736e-04 4.74991e-04 4.62381e-04 4.49917e-04 4.37622e-04 4.25521e-04 4.13642e-04 4.02006e-04 3.90627e-04 3.79511e-04 3.68655e-04 3.58050e-04 3.47678e-04 3.37517e-04 3.27542e-04 3.17727e-04 3.08050e-04 2.98492e-04 2.89046e-04 2.79712e-04 2.70496e-04 2.61414e-04 2.52481e-04 2.43712e-04 2.35119e-04 2.26705e-04 2.18471e-04 2.10409e-04 2.02509e-04 1.94756e-04 1.87136e-04 1.79637e-04 1.72249e-04 1.64972e-04 1.57814e-04 1.50791e-04 1.43931e-04 1.37272e-04 1.30858e-04 1.24739e-04 1.18961e-04 1.13559e-04 1.08547e-04 1.03906e-04 9.95840e-05 9.54888e-05 9.15006e-05 8.74865e-05 8.33232e-05 7.89206e-05 7.42413e-05 6.93106e-05 6.42134e-05 5.90797e-05 5.40594e-05 4.92960e-05 4.49023e-05 4.09457e-05 3.74436e-05 3.43694e-05 3.16654e-05 2.92580e-05 2.70728e-05 2.50451e-05 2.31262e-05 2.12847e-05 1.95050e-05 1.77832e-05 1.61234e-05 1.45335e-05 1.30225e-05 1.15985e-05 1.02675e-05 9.03324e-06 7.89732e-06 6.85927e-06 5.91706e-06 5.06748e-06 4.30648e-06 3.62941e-06 3.03125e-06 2.50677e-06 2.05060e-06 1.65736e-06 1.32165e-06 1.03817e-06 8.01708e-07 6.07182e-07 4.49675e-07 3.24460e-07 2.27028e-07 1.53117e-07 9.87416e-08 6.02152e-08 3.41824e-08 1.76427e-08 7.97466e-09 2.95782e-09 7.91910e-10 1.12444e-10 2.88511e-12
2.301647 5.51466e-01 1.84646e-01 2.49897e-02 1.36862e-02 1.03689e-02 8.62772e-03 7.58516e-03 6.94221e-03 6.54904e-03 6.29449e-03 6.09676e-03 5.90559e-03 5.69898e-03 5.47391e-03 5.23672e-03 4.99624e-03 4.76018e-03 4.53375e-03 4.31959e-03 4.11843e-03 3.92986e-03 3.75316e-03 3.58783e-03 3.43377e-03 3.29116e-03 3.16017e-03 3.04057e-03 2.93156e-03 2.83183e-03 2.73972e-03 2.65363e-03 2.57228e-03 2.49486e-03 2.42101e-03 2.35059e-03 2.28350e-03 2.21950e-03 2.15817e-03 2.09899e-03 2.04148e-03 1.98531e-03 1.93035e-03 1.87670e-03 1.82454e-03 1.77410e-03 1.72554e-03 1.67893e-03 1.63424e-03 1.59136e-03 1.55012e-03 1.51034e-03 1.47187e-03 1.43458e-03 1.39841e-03 1.36330e-03 1.32925e-03 1.29623e-03 1.26423e-03 1.23318e-03 1.20301e-03 1.17361e-03 1.14487e-03 1.11671e-03 1.08912e-03 1.06210e-03 1.03572e-03 1.01005e-03 9.85158e-04 9.61076e-04 9.37787e-04 9.15242e-04 8.93376e-04 8.72121e-04 8.51424e-04 8.31245e-04 8.11549e-04 7.92296e-04 7.73439e-04 7.54923e-04 7.36698e-04 7.18730e-04 7.01010e-04 6.83555e-04 6.66401e-04 6.49588e-04 6.33153e-04 6.17118e-04 6.01489e-04 5.86260e-04 5.71413e-04 5.56924e-04 5.42768e-04 5.28913e-04 5.15325e-04 5.01970e-04 4.88814e-04 4.75831e-04 4.63002e-04 4.50321e-04 4.37795e-04 4.25438e-04 4.13272e-04 4.01319e-04 3.89596e-04 3.78117e-04 3.66887e-04 3.55905e-04 3.45162e-04 3.34644e-04 3.24332e-04 3.14204e-04 3.04241e-04 2.94425e-04 2.84742e-04 2.75189e-04 2.65765e-04 2.56479e-04 2.47342e-04 2.38363e-04 2.29552e-04 2.20915e-04 2.12453e-04 2.04160e-04 1.96029e-04 1.88049e-04 1.80210e-04 1.72503e-04 1.64925e-04 1.57479e-04 1.50180e-04 1.43050e-04 1.36122e-04 1.29436e-04 1.23036e-04 1.16960e-04 1.11237e-04 1.05872e-04 1.00843e-04 9.60966e-05 9.15476e-05 8.70920e-05 8.26216e-05 7.80434e-05 7.32995e-05 6.83807e-05 6.33307e-05 5.82393e-05 5.32264e-05 4.84188e-05 4.39288e-05 3.98353e-05 3.61752e-05 3.29435e-05 3.01007e-05 2.75858e-05 2.53300e-05 2.32684e-05 2.13477e-05 1.95300e-05 1.77927e-05 1.61262e-05 1.45298e-05 1.30084e-05 1.15691e-05 1.02189e-05 8.96348e-06 7.80627e-06 6.74859e-06 5.78972e-06 4.92727e-06 4.15754e-06 3.47591e-06 2.87714e-06 2.35559e-06 1.90542e-06 1.52068e-06 1.19546e-06 9.23902e-07 7.00274e-07 5.19018e-07 3.74774e-07 2.62423e-07 1.77111e-07 1.14288e-07 6.97371e-08 3.96088e-08 2.04530e-08 9.24855e-09 3.43141e-09 9.18930e-10 1.30501e-10 3.34872e-12
2.401719 5.17860e-01 1.77850e-01 2.88618e-02 1.62661e-02 1.22171e-02 1.01001e-02 8.87112e-03 8.12481e-03 7.66201e-03 7.34814e-03 7.09208e-03 6.84088e-03 6.57271e-03 6.28611e-03 5.98940e-03 5.69327e-03 5.40676e-03 5.13584e-03 4.88355e-03 4.65078e-03 4.43712e-03 4.24160e-03 4.06297e-03 3.89979e-03 3.75040e-03 3.61286e-03 3.48508e-03 3.36503e-03 3.25102e-03 3.14194e-03 3.03736e-03 2.93736e-03 2.84237e-03 2.75278e-03 2.66874e-03 2.59000e-03 2.51597e-03 2.44589e-03 2.37903e-03 2.31483e-03 2.25298e-03 2.19337e-03 2.13593e-03 2.08059e-03 2.02714e-03 1.97530e-03 1.92478e-03 1.87533e-03 1.82683e-03 1.77929e-03 1.73282e-03 1.68758e-03 1.64375e-03 1.60142e-03 1.56066e-03 1.52141e-03 1.48359e-03 1.44709e-03 1.41176e-03 1.37750e-03 1.34421e-03 1.31182e-03 1.28029e-03 1.24958e-03 1.21965e-03 1.19047e-03 1.16196e-03 1.13408e-03 1.10677e-03 1.08001e-03 1.05378e-03 1.02812e-03 1.00308e-03 9.78703e-04 9.55021e-04 9.32039e-04 9.09739e-04 8.88079e-04 8.67009e-04 8.46476e-04 8.26429e-04 8.06819e-04 7.87595e-04 7.68707e-04 7.50109e-04 7.31765e-04 7.13658e-04 6.95789e-04 6.78181e-04 6.60867e-04 6.43881e-04 6.27252e-04 6.10999e-04 5.95126e-04 5.79626e-04 5.64484e-04 5.49679e-04 5.35184e-04 5.20970e-04 5.07007e-04 4.93263e-04 4.79712e-04 4.66337e-04 4.53127e-04 4.40085e-04 4.27220e-04 4.14549e-04 4.02089e-04 3.89857e-04 3.77865e-04 3.66119e-04 3.54619e-04 3.43358e-04 3.32324e-04 3.21503e-04 3.10877e-04 3.00429e-04 2.90145e-04 2.80016e-04 2.70037e-04 2.60209e-04 2.50537e-04 2.41027e-04 2.31686e-04 2.22518e-04 2.13525e-04 2.04704e-04 1.96051e-04 1.87557e-04 1.79218e-04 1.71030e-04 1.62996e-04 1.55125e-04 1.47437e-04 1.39961e-04 1.32731e-04 1.25786e-04 1.19158e-04 1.12870e-04 1.06924e-04 1.01295e-04 9.59302e-05 9.07538e-05 8.56760e-05 8.06091e-05 7.54852e-05 7.02715e-05 6.49803e-05 5.96683e-05 5.44277e-05 4.93688e-05 4.45998e-05 4.02073e-05 3.62440e-05 3.27228e-05 2.96210e-05 2.68893e-05 2.44638e-05 2.22790e-05 2.02766e-05 1.84114e-05 1.66531e-05 1.49850e-05 1.34012e-05 1.19026e-05 1.04938e-05 9.18053e-06 7.96744e-06 6.85749e-06 5.85146e-06 4.94806e-06 4.14422e-06 3.43548e-06 2.81638e-06 2.28081e-06 1.82226e-06 1.43403e-06 1.10939e-06 8.41699e-07 6.24443e-07 4.51330e-07 3.16320e-07 2.13675e-07 1.37996e-07 8.42677e-08 4.78948e-08 2.47467e-08 1.11959e-08 4.15565e-09 1.11324e-09 1.58130e-10 4.05815e-12
2.501790 5.01665e-01 1.67339e-01 2.77201e-02 1.68539e-02 1.32381e-02 1.11267e-02 9.84694e-03 9.07403e-03 8.60359e-03 8.28313e-03 8.01124e-03 7.73151e-03 7.42249e-03 7.08487e-03 6.73016e-03 6.37254e-03 6.02442e-03 5.69460e-03 5.38830e-03 5.10789e-03 4.85369e-03 4.62469e-03 4.41901e-03 4.23418e-03 4.06742e-03 3.91590e-03 3.77700e-03 3.64849e-03 3.52867e-03 3.41632e-03 3.31057e-03 3.21076e-03 3.11618e-03 3.02609e-03 2.93969e-03 2.85623e-03 2.77517e-03 2.69627e-03 2.61960e-03 2.54544e-03 2.47413e-03 2.40593e-03 2.34086e-03 2.27878e-03 2.21934e-03 2.16220e-03 2.10703e-03 2.05366e-03 2.00197e-03 1.95192e-03 1.90346e-03 1.85647e-03 1.81078e-03 1.76620e-03 1.72257e-03 1.67978e-03 1.63782e-03 1.59675e-03 1.55668e-03 1.51771e-03 1.47994e-03 1.44341e-03 1.40810e-03 1.37399e-03 1.34097e-03 1.30899e-03 1.27794e-03 1.24775e-03 1.21836e-03 1.18970e-03 1.16172e-03 1.13435e-03 1.10753e-03 1.08123e-03 1.05541e-03 1.03004e-03 1.00515e-03 9.80751e-04 9.56886e-04 9.33592e-04 9.10893e-04 8.88798e-04 8.67296e-04 8.46362e-04 8.25962e-04 8.06057e-04 7.86603e-04 7.67552e-04 7.48853e-04 7.30459e-04 7.12326e-04 6.94425e-04 6.76745e-04 6.59291e-04 6.42085e-04 6.25158e-04 6.08538e-04 5.92251e-04 5.76311e-04 5.60721e-04 5.45475e-04 5.30559e-04 5.15954e-04 5.01635e-04 4.87577e-04 4.73754e-04 4.60142e-04 4.46724e-04 4.33492e-04 4.20443e-04 4.07583e-04 3.94924e-04 3.82477e-04 3.70256e-04 3.58269e-04 3.46522e-04 3.35013e-04 3.23737e-04 3.12684e-04 3.01843e-04 2.91201e-04 2.80743e-04 2.70461e-04 2.60347e-04 2.50398e-04 2.40613e-04 2.30994e-04 2.21543e-04 2.12262e-04 2.03151e-04 1.94208e-04 1.85431e-04 1.76817e-04 1.68368e-04 1.60086e-04 1.51982e-04 1.44075e-04 1.36388e-04 1.28951e-04 1.21795e-04 1.14943e-04 1.08409e-04 1.02184e-04 9.62411e-05 9.05290e-05 8.49819e-05 7.95296e-05 7.41119e-05 6.86925e-05 6.32696e-05 5.78791e-05 5.25898e-05 4.74913e-05 4.26772e-05 3.82278e-05 3.41970e-05 3.06050e-05 2.74388e-05 2.46583e-05 2.22071e-05 2.00232e-05 1.80487e-05 1.62363e-05 1.45517e-05 1.29739e-05 1.14926e-05 1.01049e-05 8.81263e-06 7.61890e-06 6.52664e-06 5.53733e-06 4.65056e-06 3.86399e-06 3.17364e-06 2.57422e-06 2.05951e-06 1.62274e-06 1.25683e-06 9.54614e-07 7.08970e-07 5.12958e-07 3.59878e-07 2.43336e-07 1.57298e-07 9.61374e-08 5.46841e-08 2.82743e-08 1.27994e-08 4.75315e-09 1.27377e-09 1.80978e-10 4.64514e-12
2.601862 4.65958e-01 1.64533e-01 3.09993e-02 1.83927e-02 1.43332e-02 1.21777e-02 1.09123e-02 1.01401e-02 9.66029e-03 9.32487e-03 9.03092e-03 8.71987e-03 8.37059e-03 7.98643e-03 7.58233e-03 7.17555e-03 6.78054e-03 6.40722e-03 6.06110e-03 5.74420e-03 5.45620e-03 5.19535e-03 4.95914e-03 4.74479e-03 4.54960e-03 4.37110e-03 4.20715e-03 4.05597e-03 3.91605e-03 3.78611e-03 3.66501e-03 3.55169e-03 3.44518e-03 3.34461e-03 3.24927e-03 3.15857e-03 3.07206e-03 2.98940e-03 2.91024e-03 2.83418e-03 2.76080e-03 2.68964e-03 2.62028e-03 2.55244e-03 2.48602e-03 2.42109e-03 2.35786e-03 2.29655e-03 2.23734e-03 2.18028e-03 2.12530e-03 2.07223e-03 2.02086e-03 1.97101e-03 1.92258e-03 1.87552e-03 1.82981e-03 1.78542e-03 1.74228e-03 1.70029e-03 1.65933e-03 1.61928e-03 1.58006e-03 1.54166e-03 1.50410e-03 1.46744e-03 1.43174e-03 1.39705e-03 1.36339e-03 1.33074e-03 1.29906e-03 1.26831e-03 1.23842e-03 1.20934e-03 1.18101e-03 1.15339e-03 1.12640e-03 1.09998e-03 1.07408e-03 1.04863e-03 1.02360e-03 9.98969e-04 9.74744e-04 9.50947e-04 9.27611e-04 9.04769e-04 8.82445e-04 8.60649e-04 8.39378e-04 8.18617e-04 7.98342e-04 7.78522e-04 7.59122e-04 7.40101e-04 7.21417e-04 7.03028e-04 6.84899e-04 6.67008e-04 6.49345e-04 6.31919e-04 6.14746e-04 5.97849e-04 5.81253e-04 5.64975e-04 5.49027e-04 5.33410e-04 5.18120e-04 5.03144e-04 4.88464e-04 4.74061e-04 4.59913e-04 4.46000e-04 4.32307e-04 4.18826e-04 4.05552e-04 3.92487e-04 3.79639e-04 3.67015e-04 3.54622e-04 3.42467e-04 3.30552e-04 3.18875e-04 3.07431e-04 2.96213e-04 2.85210e-04 2.74411e-04 2.63807e-04 2.53391e-04 2.43155e-04 2.33096e-04 2.23211e-04 2.13500e-04 2.03960e-04 1.94592e-04 1.85395e-04 1.76369e-04 1.67517e-04 1.58848e-04 1.50372e-04 1.42107e-04 1.34077e-04 1.26306e-04 1.18818e-04 1.11628e-04 1.04741e-04 9.81422e-05 9.18013e-05 8.56724e-05 7.97030e-05 7.38447e-05 6.80652e-05 6.23583e-05 5.67485e-05 5.12892e-05 4.60539e-05 4.11229e-05 3.65679e-05 3.24396e-05 2.87597e-05 2.55192e-05 2.26835e-05 2.02001e-05 1.80095e-05 1.60538e-05 1.42839e-05 1.26625e-05 1.11648e-05 9.77667e-06 8.49205e-06 7.30949e-06 6.22968e-06 5.25342e-06 4.38037e-06 3.60860e-06 2.93444e-06 2.35273e-06 1.85718e-06 1.44073e-06 1.09589e-06 8.14998e-07 5.90431e-07 4.14740e-07 2.80761e-07 1.81692e-07 1.11162e-07 6.32897e-08 3.27512e-08 1.48367e-08 5.51293e-09 1.47803e-09 2.10064e-10 5.39258e-12
2.701934 4.33011e-01 1.57246e-01 3.34796e-02 2.12086e-02 1.65795e-02 1.39919e-02 1.24957e-02 1.15883e-02 1.09928e-02 1.05347e-02 1.01136e-02 9.68137e-03 9.22575e-03 8.75375e-03 8.27961e-03 7.81726e-03 7.37720e-03 6.96612e-03 6.58746e-03 6.24227e-03 5.92986e-03 5.64825e-03 5.39465e-03 5.16579e-03 4.95834e-03 4.76912e-03 4.59532e-03 4.43451e-03 4.28474e-03 4.14446e-03 4.01249e-03 3.88796e-03 3.77024e-03 3.65883e-03 3.55335e-03 3.45339e-03 3.35850e-03 3.26819e-03 3.18191e-03 3.09914e-03 3.01942e-03 2.94243e-03 2.86796e-03 2.79590e-03 2.72619e-03 2.65877e-03 2.59349e-03 2.53014e-03 2.46843e-03 2.40810e-03 2.34896e-03 2.29093e-03 2.23407e-03 2.17852e-03 2.12447e-03 2.07204e-03 2.02131e-03 1.97222e-03 1.92465e-03 1.87846e-03 1.83351e-03 1.78971e-03 1.74700e-03 1.70537e-03 1.66479e-03 1.62524e-03 1.58665e-03 1.54895e-03 1.51209e-03 1.47601e-03 1.44071e-03 1.40620e-03 1.37251e-03 1.33967e-03 1.30770e-03 1.27658e-03 1.24630e-03 1.21683e-03 1.18810e-03 1.16010e-03 1.13277e-03 1.10608e-03 1.07997e-03 1.05440e-03 1.02931e-03 1.00465e-03 9.80383e-04 9.56480e-04 9.32940e-04 9.09774e-04 8.87008e-04 8.64666e-04 8.42770e-04 8.21335e-04 8.00364e-04 7.79850e-04 7.59780e-04 7.40131e-04 7.20876e-04 7.01982e-04 6.83417e-04 6.65148e-04 6.47150e-04 6.29405e-04 6.11908e-04 5.94664e-04 5.77685e-04 5.60987e-04 5.44586e-04 5.28494e-04 5.12719e-04 4.97262e-04 4.82116e-04 4.67272e-04 4.52716e-04 4.38432e-04 4.24406e-04 4.10623e-04 3.97077e-04 3.83761e-04 3.70675e-04 3.57821e-04 3.45203e-04 3.32823e-04 3.20684e-04 3.08786e-04 2.97125e-04 2.85697e-04 2.74493e-04 2.63506e-04 2.52727e-04 2.42146e-04 2.31757e-04 2.21554e-04 2.11531e-04 2.01684e-04 1.92012e-04 1.82514e-04 1.73193e-04 1.64053e-04 1.55103e-04 1.46358e-04 1.37836e-04 1.29558e-04 1.21544e-04 1.13812e-04 1.06369e-04 9.92125e-05 9.23244e-05 8.56751e-05 7.92284e-05 7.29495e-05 6.68150e-05 6.08212e-05 5.49892e-05 4.93640e-05 4.40078e-05 3.89897e-05 3.43719e-05 3.01989e-05 2.64893e-05 2.32341e-05 2.04000e-05 1.79364e-05 1.57852e-05 1.38888e-05 1.21969e-05 1.06703e-05 9.28159e-06 8.01361e-06 6.85712e-06 5.80774e-06 4.86344e-06 4.02259e-06 3.28274e-06 2.64015e-06 2.08964e-06 1.62481e-06 1.23842e-06 9.22677e-07 6.69556e-07 4.71052e-07 3.19348e-07 2.06947e-07 1.26774e-07 7.22621e-08 3.74327e-08 1.69725e-08 6.31110e-09 1.69296e-09 2.40700e-10 6.18033e-12
2.802005 4.17601e-01 1.50995e-01 3.12721e-02 2.05633e-02 1.67941e-02 1.45695e-02 1.31877e-02 1.23212e-02 1.17575e-02 1.13319e-02 1.09381e-02 1.05221e-02 1.00673e-02 9.57785e-03 9.06715e-03 8.55070e-03 8.04343e-03 7.55846e-03 7.10631e-03 6.69408e-03 6.32493e-03 5.99832e-03 5.71076e-03 5.45712e-03 5.23179e-03 5.02957e-03 4.84619e-03 4.67834e-03 4.52354e-03 4.37988e-03 4.24583e-03 4.12010e-03 4.00154e-03 3.88917e-03 3.78209e-03 3.67958e-03 3.58107e-03 3.48616e-03 3.39458e-03 3.30620e-03 3.22098e-03 3.13890e-03 3.05995e-03 2.98401e-03 2.91091e-03 2.84036e-03 2.77205e-03 2.70565e-03 2.64090e-03 2.57763e-03 2.51578e-03 2.45534e-03 2.39634e-03 2.33878e-03 2.28262e-03 2.22777e-03 2.17414e-03 2.12164e-03 2.07022e-03 2.01993e-03 1.97083e-03 1.92305e-03 1.87664e-03 1.83166e-03 1.78806e-03 1.74575e-03 1.70461e-03 1.66454e-03 1.62545e-03 1.58726e-03 1.54994e-03 1.51347e-03 1.47779e-03 1.44289e-03 1.40872e-03 1.37526e-03 1.34250e-03 1.31043e-03 1.27908e-03 1.24847e-03 1.21859e-03 1.18944e-03 1.16101e-03 1.13327e-03 1.10617e-03 1.07969e-03 1.05380e-03 1.02845e-03 1.00362e-03 9.79262e-04 9.55339e-04 9.31814e-04 9.08655e-04 8.85844e-04 8.63375e-04 8.41252e-04 8.19489e-04 7.98104e-04 7.77111e-04 7.56522e-04 7.36341e-04 7.16566e-04 6.97189e-04 6.78194e-04 6.59562e-04 6.41271e-04 6.23297e-04 6.05617e-04 5.88218e-04 5.71087e-04 5.54225e-04 5.37633e-04 5.21320e-04 5.05295e-04 4.89566e-04 4.74141e-04 4.59020e-04 4.44203e-04 4.29683e-04 4.15451e-04 4.01498e-04 3.87813e-04 3.74387e-04 3.61212e-04 3.48283e-04 3.35597e-04 3.23154e-04 3.10953e-04 2.98993e-04 2.87272e-04 2.75786e-04 2.64532e-04 2.53502e-04 2.42688e-04 2.32083e-04 2.21678e-04 2.11465e-04 2.01438e-04 1.91589e-04 1.81917e-04 1.72420e-04 1.63101e-04 1.53966e-04 1.45026e-04 1.36296e-04 1.27793e-04 1.19536e-04 1.11541e-04 1.03821e-04 9.63771e-05 8.92031e-05 8.22831e-05 7.55956e-05 6.91205e-05 6.28453e-05 5.67728e-05 5.09240e-05 4.53386e-05 4.00689e-05 3.51716e-05 3.06968e-05 2.66785e-05 2.31278e-05 2.00316e-05 1.73553e-05 1.50492e-05 1.30566e-05 1.13219e-05 9.79599e-06 8.43995e-06 7.22567e-06 6.13464e-06 5.15561e-06 4.28195e-06 3.50933e-06 2.83392e-06 2.25141e-06 1.75646e-06 1.34272e-06 1.00300e-06 7.29538e-07 5.14328e-07 3.49352e-07 2.26784e-07 1.39146e-07 7.94272e-08 4.11958e-08 1.86987e-08 6.95901e-09 1.86800e-09 2.65706e-10 6.82407e-12
2.902077 3.88654e-01 1.51678e-01 3.53245e-02 2.28838e-02 1.82016e-02 1.56318e-02 1.41031e-02 1.31257e-02 1.24514e-02 1.19245e-02 1.14502e-02 1.09779e-02 1.04881e-02 9.98007e-03 9.46178e-03 8.94462e-03 8.44035e-03 7.95956e-03 7.51041e-03 7.09767e-03 6.72249e-03 6.38297e-03 6.07541e-03 5.79575e-03 5.54060e-03 5.30763e-03 5.09537e-03 4.90265e-03 4.72815e-03 4.57007e-03 4.42619e-03 4.29415e-03 4.17174e-03 4.05708e-03 3.94878e-03 3.84583e-03 3.74756e-03 3.65346e-03 3.56312e-03 3.47613e-03 3.39209e-03 3.31062e-03 3.23137e-03 3.15405e-03 3.07847e-03 3.00453e-03 2.93224e-03 2.86165e-03 2.79288e-03 2.72601e-03 2.66110e-03 2.59814e-03 2.53704e-03 2.47764e-03 2.41977e-03 2.36324e-03 2.30792e-03 2.25369e-03 2.20053e-03 2.14840e-03 2.09732e-03 2.04727e-03 1.99825e-03 1.95025e-03 1.90326e-03 1.85730e-03 1.81242e-03 1.76867e-03 1.72612e-03 1.68480e-03 1.64471e-03 1.60581e-03 1.56801e-03 1.53125e-03 1.49541e-03 1.46041e-03 1.42621e-03 1.39272e-03 1.35993e-03 1.32777e-03 1.29623e-03 1.26527e-03 1.23491e-03 1.20513e-03 1.17595e-03 1.14740e-03 1.11947e-03 1.09217e-03 1.06548e-03 1.03939e-03 1.01387e-03 9.88884e-04 9.64412e-04 9.40424e-04 9.16889e-04 8.93778e-04 8.71062e-04 8.48712e-04 8.26710e-04 8.05043e-04 7.83706e-04 7.62703e-04 7.42040e-04 7.21730e-04 7.01781e-04 6.82200e-04 6.62991e-04 6.44153e-04 6.25679e-04 6.07559e-04 5.89780e-04 5.72326e-04 5.55183e-04 5.38338e-04 5.21782e-04 5.05512e-04 4.89525e-04 4.73824e-04 4.58414e-04 4.43298e-04 4.28478e-04 4.13957e-04 3.99732e-04 3.85799e-04 3.72152e-04 3.58785e-04 3.45690e-04 3.32859e-04 3.20286e-04 3.07967e-04 2.95896e-04 2.84070e-04 2.72484e-04 2.61134e-04 2.50016e-04 2.39121e-04 2.28445e-04 2.17977e-04 2.07711e-04 1.97638e-04 1.87751e-04 1.78043e-04 1.68512e-04 1.59157e-04 1.49982e-04 1.40994e-04 1.32206e-04 1.23631e-04 1.15288e-04 1.07191e-04 9.93541e-05 9.17841e-05 8.44814e-05 7.74403e-05 7.06519e-05 6.41083e-05 5.78087e-05 5.17635e-05 4.59973e-05 4.05476e-05 3.54599e-05 3.07804e-05 2.65471e-05 2.27820e-05 1.94860e-05 1.66391e-05 1.42024e-05 1.21253e-05 1.03520e-05 8.82852e-06 7.50807e-06 6.35320e-06 5.33651e-06 4.43922e-06 3.64905e-06 2.95781e-06 2.35933e-06 1.84805e-06 1.41811e-06 1.06301e-06 7.75631e-07 5.48382e-07 3.73438e-07 2.42979e-07 1.49390e-07 8.54308e-08 4.43801e-08 2.01711e-08 7.51519e-09 2.01897e-09 2.87340e-10 7.38194e-12
3.002149 3.72559e-01 1.45309e-01 3.44959e-02 2.36474e-02 1.92110e-02 1.65978e-02 1.49996e-02 1.39790e-02 1.32732e-02 1.27107e-02 1.21922e-02 1.16684e-02 1.11220e-02 1.05538e-02 9.97395e-03 9.39663e-03 8.83638e-03 8.30600e-03 7.81486e-03 7.36815e-03 6.96693e-03 6.60899e-03 6.29016e-03 6.00565e-03 5.75089e-03 5.52193e-03 5.31535e-03 5.12793e-03 4.95654e-03 4.79813e-03 4.65007e-03 4.51036e-03 4.37780e-03 4.25192e-03 4.13268e-03 4.02019e-03 3.91438e-03 3.81488e-03 3.72107e-03 3.63213e-03 3.54724e-03 3.46568e-03 3.38687e-03 3.31042e-03 3.23604e-03 3.16352e-03 3.09268e-03 3.02334e-03 2.95535e-03 2.88852e-03 2.82275e-03 2.75795e-03 2.69410e-03 2.63125e-03 2.56951e-03 2.50899e-03 2.44982e-03 2.39210e-03 2.33589e-03 2.28118e-03 2.22792e-03 2.17602e-03 2.12537e-03 2.07588e-03 2.02745e-03 1.98002e-03 1.93353e-03 1.88794e-03 1.84323e-03 1.79937e-03 1.75637e-03 1.71424e-03 1.67301e-03 1.63274e-03 1.59347e-03 1.55526e-03 1.51811e-03 1.48201e-03 1.44692e-03 1.41278e-03 1.37951e-03 1.34706e-03 1.31533e-03 1.28428e-03 1.25384e-03 1.22397e-03 1.19463e-03 1.16578e-03 1.13743e-03 1.10955e-03 1.08218e-03 1.05531e-03 1.02896e-03 1.00314e-03 9.77850e-04 9.53072e-04 9.28796e-04 9.05002e-04 8.81669e-04 8.58775e-04 8.36296e-04 8.14208e-04 7.92489e-04 7.71121e-04 7.50090e-04 7.29389e-04 7.09013e-04 6.88965e-04 6.69251e-04 6.49877e-04 6.30848e-04 6.12168e-04 5.93841e-04 5.75863e-04 5.58232e-04 5.40939e-04 5.23977e-04 5.07335e-04 4.91006e-04 4.74983e-04 4.59261e-04 4.43838e-04 4.28712e-04 4.13883e-04 3.99353e-04 3.85120e-04 3.71184e-04 3.57542e-04 3.44190e-04 3.31123e-04 3.18336e-04 3.05821e-04 2.93572e-04 2.81583e-04 2.69848e-04 2.58358e-04 2.47109e-04 2.36092e-04 2.25301e-04 2.14728e-04 2.04363e-04 1.94200e-04 1.84229e-04 1.74444e-04 1.64839e-04 1.55413e-04 1.46166e-04 1.37103e-04 1.28234e-04 1.19572e-04 1.11131e-04 1.02928e-04 9.49773e-05 8.72905e-05 7.98747e-05 7.27330e-05 6.58668e-05 5.92791e-05 5.29783e-05 4.69813e-05 4.13155e-05 3.60163e-05 3.11233e-05 2.66733e-05 2.26932e-05 1.91934e-05 1.61652e-05 1.35806e-05 1.13962e-05 9.55868e-06 8.01230e-06 6.70428e-06 5.58923e-06 4.63115e-06 3.80343e-06 3.08739e-06 2.47016e-06 1.94254e-06 1.49714e-06 1.12724e-06 8.26021e-07 5.86340e-07 4.00743e-07 2.61602e-07 1.61310e-07 9.24840e-08 4.81501e-08 2.19249e-08 8.18072e-09 2.20021e-09 3.13369e-10 8.05395e-12
3.102220 3.66519e-01 1.43608e-01 3.28758e-02 2.29483e-02 1.90768e-02 1.67416e-02 1.52315e-02 1.42142e-02 1.34900e-02 1.29178e-02 1.24074e-02 1.19071e-02 1.13925e-02 1.08568e-02 1.03035e-02 9.74219e-03 9.18494e-03 8.64393e-03 8.12959e-03 7.64960e-03 7.20866e-03 6.80878e-03 6.44991e-03 6.13048e-03 5.84784e-03 5.59853e-03 5.37847e-03 5.18324e-03 5.00840e-03 4.84985e-03 4.70423e-03 4.56904e-03 4.44258e-03 4.32378e-03 4.21179e-03 4.10582e-03 4.00497e-03 3.90832e-03 3.81503e-03 3.72454e-03 3.63658e-03 3.55117e-03 3.46847e-03 3.38867e-03 3.31181e-03 3.23778e-03 3.16633e-03 3.09712e-03 3.02977e-03 2.96399e-03 2.89951e-03 2.83617e-03 2.77386e-03 2.71250e-03 2.65203e-03 2.59240e-03 2.53355e-03 2.47547e-03 2.41813e-03 2.36158e-03 2.30589e-03 2.25115e-03 2.19749e-03 2.14500e-03 2.09379e-03 2.04389e-03 1.99531e-03 1.94804e-03 1.90202e-03 1.85717e-03 1.81342e-03 1.77071e-03 1.72896e-03 1.68811e-03 1.64810e-03 1.60889e-03 1.57045e-03 1.53276e-03 1.49583e-03 1.45968e-03 1.42434e-03 1.38986e-03 1.35624e-03 1.32349e-03 1.29158e-03 1.26050e-03 1.23017e-03 1.20056e-03 1.17160e-03 1.14325e-03 1.11544e-03 1.08815e-03 1.06132e-03 1.03493e-03 1.00897e-03 9.83417e-04 9.58289e-04 9.33589e-04 9.09327e-04 8.85508e-04 8.62135e-04 8.39206e-04 8.16712e-04 7.94645e-04 7.72989e-04 7.51729e-04 7.30849e-04 7.10332e-04 6.90165e-04 6.70336e-04 6.50836e-04 6.31662e-04 6.12814e-04 5.94291e-04 5.76098e-04 5.58237e-04 5.40711e-04 5.23522e-04 5.06669e-04 4.90150e-04 4.73960e-04 4.58096e-04 4.42551e-04 4.27321e-04 4.12400e-04 3.97785e-04 3.83473e-04 3.69460e-04 3.55744e-04 3.42323e-04 3.29194e-04 3.16354e-04 3.03797e-04 2.91520e-04 2.79515e-04 2.67778e-04 2.56299e-04 2.45073e-04 2.34091e-04 2.23344e-04 2.12825e-04 2.02523e-04 1.92431e-04 1.82539e-04 1.72839e-04 1.63323e-04 1.53987e-04 1.44827e-04 1.35843e-04 1.27040e-04 1.18426e-04 1.10012e-04 1.01813e-04 9.38446e-05 8.61230e-05 7.86622e-05 7.14743e-05 6.45694e-05 5.79572e-05 5.16494e-05 4.56625e-05 4.00187e-05 3.47466e-05 2.98786e-05 2.54461e-05 2.14742e-05 1.79758e-05 1.49477e-05 1.23690e-05 1.02029e-05 8.40137e-06 6.91023e-06 5.67563e-06 4.64860e-06 3.78821e-06 3.06253e-06 2.44805e-06 1.92809e-06 1.49079e-06 1.12720e-06 8.29864e-07 5.91885e-07 4.06399e-07 2.66431e-07 1.64924e-07 9.48780e-08 4.95410e-08 2.26133e-08 8.45395e-09 2.27701e-09 3.24624e-10 8.34762e-12
3.202292 3.54393e-01 1.46391e-01 3.62106e-02 2.45129e-02 1.97844e-02 1.71280e-02 1.54673e-02 1.43378e-02 1.35182e-02 1.28764e-02 1.23279e-02 1.18177e-02 1.13121e-02 1.07947e-02 1.02618e-02 9.71893e-03 9.17695e-03 8.64849e-03 8.14502e-03 7.67521e-03 7.24423e-03 6.85397e-03 6.50366e-03 6.19065e-03 5.91120e-03 5.66112e-03 5.43629e-03 5.23294e-03 5.04792e-03 4.87867e-03 4.72324e-03 4.58007e-03 4.44787e-03 4.32544e-03 4.21158e-03 4.10511e-03 4.00488e-03 3.90992e-03 3.81948e-03 3.73304e-03 3.65023e-03 3.57075e-03 3.49424e-03 3.42027e-03 3.34836e-03 3.27802e-03 3.20887e-03 3.14069e-03 3.07342e-03 3.00717e-03 2.94208e-03 2.87828e-03 2.81584e-03 2.75475e-03 2.69492e-03 2.63621e-03 2.57849e-03 2.52164e-03 2.46560e-03 2.41034e-03 2.35583e-03 2.30208e-03 2.24910e-03 2.19687e-03 2.14541e-03 2.09474e-03 2.04488e-03 1.99591e-03 1.94789e-03 1.90090e-03 1.85502e-03 1.81029e-03 1.76675e-03 1.72438e-03 1.68317e-03 1.64306e-03 1.60401e-03 1.56594e-03 1.52880e-03 1.49252e-03 1.45704e-03 1.42231e-03 1.38827e-03 1.35489e-03 1.32215e-03 1.29004e-03 1.25858e-03 1.22777e-03 1.19764e-03 1.16818e-03 1.13939e-03 1.11127e-03 1.08377e-03 1.05686e-03 1.03052e-03 1.00471e-03 9.79378e-04 9.54498e-04 9.30039e-04 9.05976e-04 8.82292e-04 8.58980e-04 8.36037e-04 8.13467e-04 7.91275e-04 7.69465e-04 7.48041e-04 7.27003e-04 7.06350e-04 6.86077e-04 6.66175e-04 6.46636e-04 6.27450e-04 6.08608e-04 5.90102e-04 5.71924e-04 5.54072e-04 5.36543e-04 5.19336e-04 5.02451e-04 4.85891e-04 4.69654e-04 4.53743e-04 4.38155e-04 4.22891e-04 4.07946e-04 3.93319e-04 3.79005e-04 3.65001e-04 3.51303e-04 3.37906e-04 3.24807e-04 3.12002e-04 2.99487e-04 2.87256e-04 2.75304e-04 2.63627e-04 2.52218e-04 2.41070e-04 2.30176e-04 2.19527e-04 2.09115e-04 1.98932e-04 1.88966e-04 1.79210e-04 1.69653e-04 1.60287e-04 1.51104e-04 1.42099e-04 1.33268e-04 1.24612e-04 1.16135e-04 1.07844e-04 9.97503e-05 9.18693e-05 8.42170e-05 7.68110e-05 6.96682e-05 6.28049e-05 5.62367e-05 4.99799e-05 4.40522e-05 3.84750e-05 3.32731e-05 2.84736e-05 2.41039e-05 2.01861e-05 1.67335e-05 1.37458e-05 1.12068e-05 9.08542e-06 7.33772e-06 5.91219e-06 4.75504e-06 3.81530e-06 3.04853e-06 2.41871e-06 1.89841e-06 1.46772e-06 1.11250e-06 8.22471e-07 5.89638e-07 4.07103e-07 2.68366e-07 1.66986e-07 9.65159e-08 5.06029e-08 2.31774e-08 8.68876e-09 2.34509e-09 3.34792e-10 8.61558e-12
3.302363 3.53269e-01 1.40429e-01 3.28739e-02 2.39464e-02 2.00224e-02 1.75093e-02 1.58480e-02 1.47188e-02 1.39073e-02 1.32678e-02 1.27097e-02 1.21780e-02 1.16422e-02 1.10888e-02 1.05175e-02 9.93687e-03 9.36006e-03 8.80128e-03 8.27280e-03 7.78336e-03 7.33786e-03 6.93761e-03 6.58120e-03 6.26532e-03 5.98559e-03 5.73725e-03 5.51561e-03 5.31640e-03 5.13590e-03 4.97098e-03 4.81911e-03 4.67823e-03 4.54673e-03 4.42334e-03 4.30705e-03 4.19708e-03 4.09285e-03 3.99388e-03 3.89979e-03 3.81022e-03 3.72485e-03 3.64330e-03 3.56518e-03 3.49009e-03 3.41763e-03 3.34748e-03 3.27937e-03 3.21308e-03 3.14841e-03 3.08518e-03 3.02314e-03 2.96203e-03 2.90162e-03 2.84170e-03 2.78216e-03 2.72298e-03 2.66423e-03 2.60604e-03 2.54855e-03 2.49188e-03 2.43612e-03 2.38127e-03 2.32733e-03 2.27427e-03 2.22207e-03 2.17069e-03 2.12016e-03 2.07047e-03 2.02163e-03 1.97367e-03 1.92658e-03 1.88036e-03 1.83504e-03 1.79061e-03 1.74713e-03 1.70461e-03 1.66310e-03 1.62264e-03 1.58322e-03 1.54486e-03 1.50752e-03 1.47118e-03 1.43578e-03 1.40128e-03 1.36761e-03 1.33474e-03 1.30259e-03 1.27111e-03 1.24026e-03 1.21000e-03 1.18030e-03 1.15114e-03 1.12251e-03 1.09442e-03 1.06687e-03 1.03985e-03 1.01338e-03 9.87439e-04 9.62015e-04 9.37092e-04 9.12649e-04 8.88662e-04 8.65109e-04 8.41966e-04 8.19212e-04 7.96829e-04 7.74807e-04 7.53138e-04 7.31819e-04 7.10851e-04 6.90235e-04 6.69974e-04 6.50071e-04 6.30526e-04 6.11340e-04 5.92509e-04 5.74031e-04 5.55901e-04 5.38114e-04 5.20666e-04 5.03552e-04 4.86769e-04 4.70315e-04 4.54188e-04 4.38387e-04 4.22911e-04 4.07759e-04 3.92930e-04 3.78423e-04 3.64236e-04 3.50365e-04 3.36809e-04 3.23563e-04 3.10623e-04 2.97985e-04 2.85643e-04 2.73593e-04 2.61829e-04 2.50344e-04 2.39131e-04 2.28183e-04 2.17493e-04 2.07051e-04 1.96849e-04 1.86879e-04 1.77129e-04 1.67590e-04 1.58254e-04 1.49110e-04 1.40153e-04 1.31376e-04 1.22777e-04 1.14356e-04 1.06119e-04 9.80730e-05 9.02316e-05 8.26101e-05 7.52265e-05 6.81001e-05 6.12508e-05 5.46982e-05 4.84625e-05 4.25643e-05 3.70258e-05 3.18710e-05 2.71248e-05 2.28112e-05 1.89501e-05 1.55532e-05 1.26205e-05 1.01377e-05 8.07585e-06 6.39339e-06 5.04005e-06 3.96191e-06 3.10650e-06 2.42681e-06 1.88382e-06 1.44719e-06 1.09464e-06 8.10361e-07 5.83181e-07 4.04808e-07 2.68485e-07 1.68105e-07 9.77410e-08 5.15202e-08 2.37061e-08 8.92017e-09 2.41435e-09 3.45336e-10 8.89612e-12
3.402435 3.52909e-01 1.43689e-01 3.34490e-02 2.33563e-02 1.93608e-02 1.69987e-02 1.54247e-02 1.43208e-02 1.35253e-02 1.29215e-02 1.24208e-02 1.19594e-02 1.14962e-02 1.10099e-02 1.04949e-02 9.95663e-03 9.40722e-03 8.86128e-03 8.33287e-03 7.83355e-03 7.37157e-03 6.95169e-03 6.57551e-03 6.24206e-03 5.94845e-03 5.69060e-03 5.46379e-03 5.26320e-03 5.08425e-03 4.92285e-03 4.77557e-03 4.63965e-03 4.51298e-03 4.39405e-03 4.28182e-03 4.17555e-03 4.07470e-03 3.97881e-03 3.88744e-03 3.80018e-03 3.71660e-03 3.63628e-03 3.55889e-03 3.48417e-03 3.41192e-03 3.34200e-03 3.27432e-03 3.20874e-03 3.14511e-03 3.08321e-03 3.02279e-03 2.96357e-03 2.90531e-03 2.84780e-03 2.79089e-03 2.73449e-03 2.67853e-03 2.62297e-03 2.56775e-03 2.51284e-03 2.45823e-03 2.40393e-03 2.35000e-03 2.29654e-03 2.24369e-03 2.19157e-03 2.14031e-03 2.08997e-03 2.04061e-03 1.99224e-03 1.94485e-03 1.89843e-03 1.85297e-03 1.80845e-03 1.76487e-03 1.72223e-03 1.68052e-03 1.63971e-03 1.59981e-03 1.56079e-03 1.52265e-03 1.48539e-03 1.44902e-03 1.41354e-03 1.37895e-03 1.34523e-03 1.31237e-03 1.28032e-03 1.24904e-03 1.21851e-03 1.18867e-03 1.15948e-03 1.13089e-03 1.10287e-03 1.07538e-03 1.04839e-03 1.02187e-03 9.95803e-04 9.70184e-04 9.45005e-04 9.20265e-04 8.95962e-04 8.72094e-04 8.48657e-04 8.25645e-04 8.03049e-04 7.80858e-04 7.59061e-04 7.37646e-04 7.16600e-04 6.95911e-04 6.75572e-04 6.55575e-04 6.35916e-04 6.16594e-04 5.97608e-04 5.78958e-04 5.60647e-04 5.42675e-04 5.25043e-04 5.07751e-04 4.90798e-04 4.74183e-04 4.57903e-04 4.41957e-04 4.26342e-04 4.11056e-04 3.96095e-04 3.81459e-04 3.67144e-04 3.53148e-04 3.39469e-04 3.26105e-04 3.13051e-04 3.00306e-04 2.87866e-04 2.75725e-04 2.63880e-04 2.52325e-04 2.41054e-04 2.30061e-04 2.19337e-04 2.08876e-04 1.98669e-04 1.88708e-04 1.78983e-04 1.69484e-04 1.60203e-04 1.51131e-04 1.42257e-04 1.33576e-04 1.25079e-04 1.16764e-04 1.08629e-04 1.00676e-04 9.29114e-05 8.53459e-05 7.79934e-05 7.08709e-05 6.39981e-05 5.73960e-05 5.10863e-05 4.50913e-05 3.94331e-05 3.41344e-05 2.92183e-05 2.47073e-05 2.06222e-05 1.69794e-05 1.37877e-05 1.10453e-05 8.73771e-06 6.83677e-06 5.30252e-06 4.08635e-06 3.13567e-06 2.39866e-06 1.82837e-06 1.38541e-06 1.03899e-06 7.66471e-07 5.52002e-07 3.84647e-07 2.56606e-07 1.61764e-07 9.47133e-08 5.02546e-08 2.32590e-08 8.79430e-09 2.38911e-09 3.42585e-10 8.83738e-12
3.502507 3.52913e-01 1.43485e-01 3.40691e-02 2.41768e-02 1.98967e-02 1.73128e-02 1.56128e-02 1.44177e-02 1.35298e-02 1.28315e-02 1.22465e-02 1.17209e-02 1.12178e-02 1.07148e-02 1.02024e-02 9.68147e-03 9.15923e-03 8.64626e-03 8.15337e-03 7.68969e-03 7.26155e-03 6.87216e-03 6.52182e-03 6.20855e-03 5.92886e-03 5.67863e-03 5.45373e-03 5.25048e-03 5.06583e-03 4.89739e-03 4.74325e-03 4.60182e-03 4.47170e-03 4.35155e-03 4.24007e-03 4.13599e-03 4.03815e-03 3.94554e-03 3.85734e-03 3.77296e-03 3.69197e-03 3.61409e-03 3.53911e-03 3.46684e-03 3.39708e-03 3.32960e-03 3.26415e-03 3.20045e-03 3.13827e-03 3.07740e-03 3.01771e-03 2.95913e-03 2.90163e-03 2.84519e-03 2.78977e-03 2.73529e-03 2.68164e-03 2.62864e-03 2.57613e-03 2.52394e-03 2.47196e-03 2.42011e-03 2.36837e-03 2.31679e-03 2.26541e-03 2.21432e-03 2.16359e-03 2.11331e-03 2.06357e-03 2.01448e-03 1.96613e-03 1.91865e-03 1.87211e-03 1.82661e-03 1.78218e-03 1.73884e-03 1.69657e-03 1.65535e-03 1.61513e-03 1.57589e-03 1.53759e-03 1.50019e-03 1.46366e-03 1.42797e-03 1.39309e-03 1.35900e-03 1.32567e-03 1.29309e-03 1.26124e-03 1.23011e-03 1.19970e-03 1.16998e-03 1.14093e-03 1.11253e-03 1.08475e-03 1.05755e-03 1.03090e-03 1.00477e-03 9.79143e-04 9.53977e-04 9.29251e-04 9.04944e-04 8.81039e-04 8.57523e-04 8.34389e-04 8.11630e-04 7.89245e-04 7.67231e-04 7.45587e-04 7.24312e-04 7.03403e-04 6.82857e-04 6.62671e-04 6.42839e-04 6.23357e-04 6.04220e-04 5.85423e-04 5.66962e-04 5.48834e-04 5.31038e-04 5.13571e-04 4.96434e-04 4.79627e-04 4.63151e-04 4.47005e-04 4.31191e-04 4.15707e-04 4.00554e-04 3.85729e-04 3.71233e-04 3.57061e-04 3.43213e-04 3.29685e-04 3.16474e-04 3.03577e-04 2.90990e-04 2.78709e-04 2.66730e-04 2.55049e-04 2.43661e-04 2.32560e-04 2.21741e-04 2.11196e-04 2.00919e-04 1.90902e-04 1.81137e-04 1.71614e-04 1.62326e-04 1.53262e-04 1.44413e-04 1.35771e-04 1.27328e-04 1.19077e-04 1.11013e-04 1.03135e-04 9.54426e-05 8.79408e-05 8.06376e-05 7.35452e-05 6.66794e-05 6.00589e-05 5.37044e-05 4.76383e-05 4.18835e-05 3.64631e-05 3.14001e-05 2.67171e-05 2.24354e-05 1.85736e-05 1.51456e-05 1.21579e-05 9.60677e-06 7.47653e-06 5.73879e-06 4.35383e-06 3.27365e-06 2.44631e-06 1.82051e-06 1.34971e-06 9.94871e-07 7.25573e-07 5.19703e-07 3.62049e-07 2.42413e-07 1.53756e-07 9.06884e-08 4.84840e-08 2.25981e-08 8.59617e-09 2.34636e-09 3.37552e-10 8.72323e-12
3.602578 3.55662e-01 1.41518e-01 3.14775e-02 2.29337e-02 1.93294e-02 1.69982e-02 1.53808e-02 1.42426e-02 1.34272e-02 1.28117e-02 1.23042e-02 1.18393e-02 1.13742e-02 1.08858e-02 1.03673e-02 9.82416e-03 9.26956e-03 8.72016e-03 8.19229e-03 7.69933e-03 7.25013e-03 6.84863e-03 6.49440e-03 6.18380e-03 5.91133e-03 5.67102e-03 5.45725e-03 5.26534e-03 5.09154e-03 4.93291e-03 4.78709e-03 4.65208e-03 4.52618e-03 4.40792e-03 4.29612e-03 4.18991e-03 4.08869e-03 3.99210e-03 3.89991e-03 3.81198e-03 3.72815e-03 3.64823e-03 3.57196e-03 3.49908e-03 3.42926e-03 3.36218e-03 3.29752e-03 3.23499e-03 3.17431e-03 3.11521e-03 3.05745e-03 3.00080e-03 2.94506e-03 2.89006e-03 2.83563e-03 2.78166e-03 2.72808e-03 2.67485e-03 2.62197e-03 2.56946e-03 2.51736e-03 2.46570e-03 2.41447e-03 2.36367e-03 2.31326e-03 2.26320e-03 2.21346e-03 2.16400e-03 2.11485e-03 2.06604e-03 2.01763e-03 1.96973e-03 1.92241e-03 1.87578e-03 1.82991e-03 1.78489e-03 1.74079e-03 1.69769e-03 1.65563e-03 1.61466e-03 1.57479e-03 1.53601e-03 1.49830e-03 1.46161e-03 1.42588e-03 1.39107e-03 1.35711e-03 1.32396e-03 1.29157e-03 1.25990e-03 1.22891e-03 1.19857e-03 1.16886e-03 1.13976e-03 1.11124e-03 1.08330e-03 1.05592e-03 1.02908e-03 1.00276e-03 9.76958e-04 9.51639e-04 9.26787e-04 9.02381e-04 8.78403e-04 8.54834e-04 8.31658e-04 8.08861e-04 7.86432e-04 7.64360e-04 7.42640e-04 7.21267e-04 7.00239e-04 6.79554e-04 6.59212e-04 6.39214e-04 6.19560e-04 6.00250e-04 5.81286e-04 5.62665e-04 5.44389e-04 5.26454e-04 5.08861e-04 4.91607e-04 4.74691e-04 4.58112e-04 4.41868e-04 4.25960e-04 4.10385e-04 3.95145e-04 3.80237e-04 3.65663e-04 3.51420e-04 3.37507e-04 3.23922e-04 3.10663e-04 2.97728e-04 2.85111e-04 2.72810e-04 2.60820e-04 2.49136e-04 2.37753e-04 2.26665e-04 2.15865e-04 2.05349e-04 1.95108e-04 1.85136e-04 1.75424e-04 1.65965e-04 1.56749e-04 1.47768e-04 1.39014e-04 1.30477e-04 1.22151e-04 1.14028e-04 1.06103e-04 9.83744e-05 9.08418e-05 8.35086e-05 7.63821e-05 6.94731e-05 6.27963e-05 5.63696e-05 5.02133e-05 4.43495e-05 3.88014e-05 3.35921e-05 2.87446e-05 2.42806e-05 2.02197e-05 1.65785e-05 1.33678e-05 1.05909e-05 8.24088e-06 6.29935e-06 4.73574e-06 3.50887e-06 2.57001e-06 1.86711e-06 1.34935e-06 9.71134e-07 6.94719e-07 4.91212e-07 3.40088e-07 2.27634e-07 1.44961e-07 8.60703e-08 4.63746e-08 2.17836e-08 8.34408e-09 2.29028e-09 3.30772e-10 8.56658e-12
3.702650 3.61526e-01 1.45173e-01 3.22417e-02 2.27273e-02 1.88644e-02 1.65156e-02 1.49139e-02 1.37708e-02 1.29378e-02 1.23093e-02 1.18020e-02 1.13511e-02 1.09119e-02 1.04586e-02 9.98237e-03 9.48634e-03 8.98119e-03 8.48057e-03 7.99762e-03 7.54274e-03 7.12251e-03 6.73975e-03 6.39427e-03 6.08402e-03 5.80611e-03 5.55758e-03 5.33567e-03 5.13778e-03 4.96131e-03 4.80349e-03 4.66141e-03 4.53218e-03 4.41316e-03 4.30218e-03 4.19764e-03 4.09850e-03 4.00411e-03 3.91409e-03 3.82811e-03 3.74582e-03 3.66683e-03 3.59071e-03 3.51709e-03 3.44565e-03 3.37623e-03 3.30874e-03 3.24321e-03 3.17970e-03 3.11827e-03 3.05893e-03 3.00161e-03 2.94616e-03 2.89238e-03 2.83998e-03 2.78870e-03 2.73825e-03 2.68838e-03 2.63888e-03 2.58959e-03 2.54039e-03 2.49120e-03 2.44195e-03 2.39265e-03 2.34330e-03 2.29396e-03 2.24470e-03 2.19562e-03 2.14682e-03 2.09842e-03 2.05050e-03 2.00314e-03 1.95640e-03 1.91031e-03 1.86489e-03 1.82017e-03 1.77615e-03 1.73288e-03 1.69038e-03 1.64869e-03 1.60786e-03 1.56790e-03 1.52887e-03 1.49077e-03 1.45363e-03 1.41746e-03 1.38226e-03 1.34802e-03 1.31472e-03 1.28232e-03 1.25076e-03 1.22001e-03 1.18999e-03 1.16066e-03 1.13197e-03 1.10388e-03 1.07635e-03 1.04934e-03 1.02283e-03 9.96807e-04 9.71242e-04 9.46126e-04 9.21446e-04 8.97194e-04 8.73359e-04 8.49930e-04 8.26896e-04 8.04249e-04 7.81976e-04 7.60069e-04 7.38519e-04 7.17318e-04 6.96459e-04 6.75937e-04 6.55746e-04 6.35885e-04 6.16350e-04 5.97143e-04 5.78262e-04 5.59709e-04 5.41486e-04 5.23593e-04 5.06034e-04 4.88808e-04 4.71919e-04 4.55365e-04 4.39149e-04 4.23268e-04 4.07724e-04 3.92514e-04 3.77638e-04 3.63095e-04 3.48882e-04 3.34998e-04 3.21442e-04 3.08211e-04 2.95304e-04 2.82716e-04 2.70447e-04 2.58491e-04 2.46846e-04 2.35506e-04 2.24466e-04 2.13722e-04 2.03266e-04 1.93092e-04 1.83194e-04 1.73565e-04 1.64196e-04 1.55081e-04 1.46211e-04 1.37579e-04 1.29176e-04 1.20996e-04 1.13030e-04 1.05274e-04 9.77232e-05 9.03744e-05 8.32278e-05 7.62865e-05 6.95568e-05 6.30486e-05 5.67751e-05 5.07527e-05 4.50005e-05 3.95392e-05 3.43904e-05 2.95761e-05 2.51176e-05 2.10346e-05 1.73445e-05 1.40603e-05 1.11895e-05 8.73141e-06 6.67562e-06 5.00044e-06 3.67313e-06 2.65153e-06 1.88723e-06 1.32979e-06 9.31073e-07 6.48865e-07 4.49116e-07 3.06540e-07 2.03795e-07 1.29732e-07 7.73513e-08 4.19599e-08 1.98617e-08 7.66380e-09 2.11644e-09 3.06999e-10 7.97045e-12
3.802722 3.60726e-01 1.44126e-01 3.22591e-02 2.31107e-02 1.91621e-02 1.67091e-02 1.50481e-02 1.38684e-02 1.29979e-02 1.23246e-02 1.17692e-02 1.12730e-02 1.07951e-02 1.03121e-02 9.81571e-03 9.30952e-03 8.80398e-03 8.31169e-03 7.84393e-03 7.40873e-03 7.01032e-03 6.64968e-03 6.32548e-03 6.03508e-03 5.77529e-03 5.54284e-03 5.33453e-03 5.14726e-03 4.97806e-03 4.82411e-03 4.68282e-03 4.55200e-03 4.42991e-03 4.31531e-03 4.20737e-03 4.10550e-03 4.00925e-03 3.91820e-03 3.83185e-03 3.74970e-03 3.67127e-03 3.59612e-03 3.52393e-03 3.45446e-03 3.38751e-03 3.32288e-03 3.26035e-03 3.19969e-03 3.14062e-03 3.08290e-03 3.02634e-03 2.97082e-03 2.91629e-03 2.86276e-03 2.81026e-03 2.75883e-03 2.70843e-03 2.65903e-03 2.61048e-03 2.56263e-03 2.51528e-03 2.46825e-03 2.42137e-03 2.37449e-03 2.32754e-03 2.28044e-03 2.23320e-03 2.18583e-03 2.13838e-03 2.09092e-03 2.04354e-03 1.99638e-03 1.94954e-03 1.90319e-03 1.85744e-03 1.81242e-03 1.76823e-03 1.72495e-03 1.68262e-03 1.64126e-03 1.60087e-03 1.56144e-03 1.52294e-03 1.48536e-03 1.44867e-03 1.41286e-03 1.37790e-03 1.34379e-03 1.31050e-03 1.27802e-03 1.24634e-03 1.21545e-03 1.18531e-03 1.15590e-03 1.12718e-03 1.09913e-03 1.07169e-03 1.04482e-03 1.01848e-03 9.92640e-04 9.67260e-04 9.42314e-04 9.17778e-04 8.93634e-04 8.69868e-04 8.46469e-04 8.23429e-04 8.00743e-04 7.78407e-04 7.56417e-04 7.34770e-04 7.13463e-04 6.92493e-04 6.71858e-04 6.51556e-04 6.31585e-04 6.11943e-04 5.92629e-04 5.73643e-04 5.54985e-04 5.36656e-04 5.18656e-04 5.00987e-04 4.83651e-04 4.66650e-04 4.49985e-04 4.33659e-04 4.17672e-04 4.02026e-04 3.86722e-04 3.71759e-04 3.57137e-04 3.42854e-04 3.28911e-04 3.15303e-04 3.02030e-04 2.89088e-04 2.76473e-04 2.64183e-04 2.52215e-04 2.40563e-04 2.29223e-04 2.18190e-04 2.07460e-04 1.97027e-04 1.86883e-04 1.77023e-04 1.67440e-04 1.58126e-04 1.49075e-04 1.40278e-04 1.31728e-04 1.23418e-04 1.15341e-04 1.07491e-04 9.98626e-05 9.24520e-05 8.52569e-05 7.82774e-05 7.15163e-05 6.49795e-05 5.86760e-05 5.26182e-05 4.68214e-05 4.13034e-05 3.60839e-05 3.11834e-05 2.66227e-05 2.24217e-05 1.85985e-05 1.51681e-05 1.21409e-05 9.52108e-06 7.30408e-06 5.47534e-06 4.00927e-06 2.86978e-06 2.01230e-06 1.38741e-06 9.45054e-07 6.38898e-07 4.29554e-07 2.86362e-07 1.87453e-07 1.18483e-07 7.06283e-08 3.84810e-08 1.83374e-08 7.12655e-09 1.98058e-09 2.88636e-10 7.51376e-12
3.902793 3.68962e-01 1.44088e-01 2.95720e-02 2.15540e-02 1.82924e-02 1.61516e-02 1.46260e-02 1.35299e-02 1.27331e-02 1.21275e-02 1.16282e-02 1.11726e-02 1.07201e-02 1.02495e-02 9.75628e-03 9.24734e-03 8.73567e-03 8.23566e-03 7.75974e-03 7.31685e-03 6.91214e-03 6.54752e-03 6.22239e-03 5.93437e-03 5.67995e-03 5.45500e-03 5.25526e-03 5.07664e-03 4.91549e-03 4.76875e-03 4.63395e-03 4.50919e-03 4.39303e-03 4.28438e-03 4.18233e-03 4.08607e-03 3.99483e-03 3.90782e-03 3.82433e-03 3.74374e-03 3.66565e-03 3.58984e-03 3.51628e-03 3.44506e-03 3.37632e-03 3.31014e-03 3.24652e-03 3.18535e-03 3.12645e-03 3.06957e-03 3.01447e-03 2.96090e-03 2.90865e-03 2.85752e-03 2.80735e-03 2.75799e-03 2.70929e-03 2.66113e-03 2.61342e-03 2.56608e-03 2.51906e-03 2.47232e-03 2.42582e-03 2.37954e-03 2.33345e-03 2.28750e-03 2.24165e-03 2.19585e-03 2.15008e-03 2.10432e-03 2.05857e-03 2.01287e-03 1.96728e-03 1.92186e-03 1.87672e-03 1.83195e-03 1.78766e-03 1.74396e-03 1.70095e-03 1.65873e-03 1.61740e-03 1.57701e-03 1.53764e-03 1.49931e-03 1.46202e-03 1.42576e-03 1.39050e-03 1.35619e-03 1.32277e-03 1.29021e-03 1.25844e-03 1.22742e-03 1.19712e-03 1.16749e-03 1.13850e-03 1.11014e-03 1.08236e-03 1.05516e-03 1.02851e-03 1.00239e-03 9.76763e-04 9.51619e-04 9.26925e-04 9.02656e-04 8.78787e-04 8.55297e-04 8.32168e-04 8.09384e-04 7.86934e-04 7.64808e-04 7.43003e-04 7.21514e-04 7.00340e-04 6.79483e-04 6.58943e-04 6.38722e-04 6.18823e-04 5.99248e-04 5.79999e-04 5.61077e-04 5.42486e-04 5.24226e-04 5.06300e-04 4.88709e-04 4.71455e-04 4.54539e-04 4.37963e-04 4.21729e-04 4.05838e-04 3.90290e-04 3.75087e-04 3.60229e-04 3.45716e-04 3.31548e-04 3.17723e-04 3.04240e-04 2.91098e-04 2.78292e-04 2.65821e-04 2.53679e-04 2.41864e-04 2.30371e-04 2.19194e-04 2.08328e-04 1.97768e-04 1.87508e-04 1.77542e-04 1.67864e-04 1.58466e-04 1.49343e-04 1.40487e-04 1.31891e-04 1.23550e-04 1.15455e-04 1.07602e-04 9.99841e-05 9.25982e-05 8.54407e-05 7.85102e-05 7.18074e-05 6.53352e-05 5.90992e-05 5.31083e-05 4.73737e-05 4.19097e-05 3.67327e-05 3.18607e-05 2.73122e-05 2.31061e-05 1.92598e-05 1.57886e-05 1.27041e-05 1.00129e-05 7.71442e-06 5.79919e-06 4.24760e-06 3.02954e-06 2.10552e-06 1.42927e-06 9.51677e-07 6.25057e-07 4.07066e-07 2.63310e-07 1.68288e-07 1.04766e-07 6.20411e-08 3.38034e-08 1.61737e-08 6.32170e-09 1.76678e-09 2.58599e-10 6.74903e-12
4.002865 3.69782e-01 1.47966e-01 3.19459e-02 2.22760e-02 1.83313e-02 1.59559e-02 1.43353e-02 1.31731e-02 1.23226e-02 1.16815e-02 1.11673e-02 1.07151e-02 1.02802e-02 9.83781e-03 9.38011e-03 8.91103e-03 8.44079e-03 7.98124e-03 7.54280e-03 7.13296e-03 6.75600e-03 6.41340e-03 6.10452e-03 5.82736e-03 5.57920e-03 5.35706e-03 5.15802e-03 4.97930e-03 4.81829e-03 4.67259e-03 4.53991e-03 4.41819e-03 4.30561e-03 4.20065e-03 4.10205e-03 4.00885e-03 3.92032e-03 3.83593e-03 3.75525e-03 3.67798e-03 3.60385e-03 3.53260e-03 3.46395e-03 3.39763e-03 3.33330e-03 3.27069e-03 3.20955e-03 3.14974e-03 3.09121e-03 3.03402e-03 2.97825e-03 2.92404e-03 2.87143e-03 2.82043e-03 2.77094e-03 2.72279e-03 2.67577e-03 2.62967e-03 2.58428e-03 2.53942e-03 2.49495e-03 2.45073e-03 2.40668e-03 2.36271e-03 2.31872e-03 2.27467e-03 2.23049e-03 2.18618e-03 2.14175e-03 2.09723e-03 2.05269e-03 2.00819e-03 1.96382e-03 1.91964e-03 1.87574e-03 1.83216e-03 1.78899e-03 1.74628e-03 1.70411e-03 1.66254e-03 1.62165e-03 1.58151e-03 1.54216e-03 1.50367e-03 1.46608e-03 1.42941e-03 1.39368e-03 1.35891e-03 1.32509e-03 1.29221e-03 1.26023e-03 1.22912e-03 1.19882e-03 1.16929e-03 1.14047e-03 1.11229e-03 1.08473e-03 1.05772e-03 1.03124e-03 1.00524e-03 9.79699e-04 9.54598e-04 9.29916e-04 9.05639e-04 8.81753e-04 8.58246e-04 8.35105e-04 8.12319e-04 7.89876e-04 7.67765e-04 7.45976e-04 7.24502e-04 7.03336e-04 6.82475e-04 6.61915e-04 6.41656e-04 6.21700e-04 6.02050e-04 5.82708e-04 5.63680e-04 5.44969e-04 5.26581e-04 5.08519e-04 4.90788e-04 4.73390e-04 4.56331e-04 4.39611e-04 4.23234e-04 4.07201e-04 3.91514e-04 3.76174e-04 3.61181e-04 3.46535e-04 3.32236e-04 3.18284e-04 3.04677e-04 2.91414e-04 2.78493e-04 2.65910e-04 2.53664e-04 2.41751e-04 2.30166e-04 2.18905e-04 2.07963e-04 1.97334e-04 1.87013e-04 1.76994e-04 1.67271e-04 1.57837e-04 1.48687e-04 1.39813e-04 1.31210e-04 1.22872e-04 1.14792e-04 1.06965e-04 9.93863e-05 9.20510e-05 8.49558e-05 7.80986e-05 7.14786e-05 6.50968e-05 5.89565e-05 5.30633e-05 4.74251e-05 4.20525e-05 3.69585e-05 3.21576e-05 2.76659e-05 2.34999e-05 1.96758e-05 1.62082e-05 1.31091e-05 1.03865e-05 8.04248e-06 6.07159e-06 4.45920e-06 3.18068e-06 2.20168e-06 1.48001e-06 9.68787e-07 6.20574e-07 3.91530e-07 2.44631e-07 1.51403e-07 9.19477e-08 5.36283e-08 2.90314e-08 1.38870e-08 5.44486e-09 1.52806e-09 2.24463e-10 5.87112e-12
4.102936 3.72912e-01 1.45254e-01 2.96018e-02 2.15987e-02 1.82052e-02 1.59958e-02 1.44552e-02 1.33519e-02 1.25289e-02 1.18763e-02 1.13187e-02 1.08054e-02 1.03053e-02 9.80357e-03 9.29831e-03 8.79596e-03 8.30690e-03 7.84156e-03 7.40801e-03 7.01092e-03 6.65169e-03 6.32915e-03 6.04053e-03 5.78231e-03 5.55088e-03 5.34289e-03 5.15530e-03 4.98544e-03 4.83090e-03 4.68951e-03 4.55936e-03 4.43884e-03 4.32657e-03 4.22143e-03 4.12249e-03 4.02895e-03 3.94013e-03 3.85546e-03 3.77446e-03 3.69676e-03 3.62208e-03 3.55020e-03 3.48098e-03 3.41424e-03 3.34985e-03 3.28764e-03 3.22746e-03 3.16912e-03 3.11246e-03 3.05732e-03 3.00356e-03 2.95105e-03 2.89968e-03 2.84936e-03 2.80003e-03 2.75166e-03 2.70420e-03 2.65764e-03 2.61194e-03 2.56704e-03 2.52286e-03 2.47929e-03 2.43617e-03 2.39336e-03 2.35071e-03 2.30809e-03 2.26538e-03 2.22253e-03 2.17948e-03 2.13623e-03 2.09277e-03 2.04915e-03 2.00542e-03 1.96163e-03 1.91787e-03 1.87425e-03 1.83087e-03 1.78785e-03 1.74528e-03 1.70328e-03 1.66192e-03 1.62128e-03 1.58142e-03 1.54237e-03 1.50416e-03 1.46682e-03 1.43036e-03 1.39480e-03 1.36012e-03 1.32633e-03 1.29340e-03 1.26131e-03 1.23005e-03 1.19959e-03 1.16988e-03 1.14090e-03 1.11260e-03 1.08495e-03 1.05790e-03 1.03140e-03 1.00542e-03 9.79899e-04 9.54817e-04 9.30137e-04 9.05835e-04 8.81889e-04 8.58284e-04 8.35006e-04 8.12049e-04 7.89408e-04 7.67079e-04 7.45060e-04 7.23350e-04 7.01947e-04 6.80851e-04 6.60061e-04 6.39577e-04 6.19400e-04 5.99532e-04 5.79975e-04 5.60733e-04 5.41809e-04 5.23208e-04 5.04935e-04 4.86994e-04 4.69391e-04 4.52130e-04 4.35215e-04 4.18650e-04 4.02438e-04 3.86581e-04 3.71082e-04 3.55941e-04 3.41158e-04 3.26734e-04 3.12668e-04 2.98958e-04 2.85602e-04 2.72598e-04 2.59943e-04 2.47634e-04 2.35667e-04 2.24038e-04 2.12742e-04 2.01774e-04 1.91129e-04 1.80801e-04 1.70784e-04 1.61073e-04 1.51660e-04 1.42541e-04 1.33708e-04 1.25156e-04 1.16879e-04 1.08872e-04 1.01131e-04 9.36503e-05 8.64273e-05 7.94593e-05 7.27448e-05 6.62837e-05 6.00775e-05 5.41297e-05 4.84456e-05 4.30329e-05 3.79014e-05 3.30628e-05 2.85304e-05 2.43183e-05 2.04412e-05 1.69126e-05 1.37444e-05 1.09452e-05 8.51902e-06 6.46298e-06 4.76613e-06 3.40794e-06 2.35811e-06 1.57759e-06 1.02130e-06 6.41855e-07 3.93865e-07 2.37662e-07 1.41692e-07 8.31948e-08 4.73149e-08 2.52277e-08 1.19866e-08 4.69406e-09 1.31929e-09 1.94199e-10 5.08700e-12
4.203008 3.75799e-01 1.47732e-01 2.96066e-02 2.10166e-02 1.76178e-02 1.54981e-02 1.40085e-02 1.29340e-02 1.21479e-02 1.15479e-02 1.10508e-02 1.05956e-02 1.01447e-02 9.68093e-03 9.20268e-03 8.71786e-03 8.23850e-03 7.77654e-03 7.34141e-03 6.93921e-03 6.57290e-03 6.24303e-03 5.94840e-03 5.68675e-03 5.45506e-03 5.24993e-03 5.06771e-03 4.90483e-03 4.75790e-03 4.62400e-03 4.50073e-03 4.38622e-03 4.27914e-03 4.17848e-03 4.08350e-03 3.99360e-03 3.90820e-03 3.82678e-03 3.74881e-03 3.67384e-03 3.60145e-03 3.53132e-03 3.46322e-03 3.39704e-03 3.33270e-03 3.27021e-03 3.20956e-03 3.15078e-03 3.09383e-03 3.03867e-03 2.98520e-03 2.93331e-03 2.88284e-03 2.83366e-03 2.78565e-03 2.73869e-03 2.69270e-03 2.64761e-03 2.60334e-03 2.55981e-03 2.51694e-03 2.47461e-03 2.43271e-03 2.39112e-03 2.34971e-03 2.30838e-03 2.26704e-03 2.22561e-03 2.18404e-03 2.14228e-03 2.10031e-03 2.05811e-03 2.01571e-03 1.97315e-03 1.93049e-03 1.88781e-03 1.84521e-03 1.80280e-03 1.76067e-03 1.71894e-03 1.67768e-03 1.63699e-03 1.59696e-03 1.55766e-03 1.51915e-03 1.48148e-03 1.44470e-03 1.40881e-03 1.37384e-03 1.33975e-03 1.30655e-03 1.27420e-03 1.24266e-03 1.21191e-03 1.18191e-03 1.15261e-03 1.12399e-03 1.09600e-03 1.06860e-03 1.04177e-03 1.01547e-03 9.89666e-04 9.64333e-04 9.39438e-04 9.14953e-04 8.90851e-04 8.67108e-04 8.43702e-04 8.20617e-04 7.97837e-04 7.75354e-04 7.53161e-04 7.31255e-04 7.09636e-04 6.88306e-04 6.67269e-04 6.46529e-04 6.26091e-04 6.05960e-04 5.86141e-04 5.66639e-04 5.47457e-04 5.28601e-04 5.10075e-04 4.91883e-04 4.74030e-04 4.56519e-04 4.39354e-04 4.22540e-04 4.06080e-04 3.89977e-04 3.74233e-04 3.58851e-04 3.43833e-04 3.29178e-04 3.14887e-04 3.00959e-04 2.87394e-04 2.74188e-04 2.61341e-04 2.48847e-04 2.36704e-04 2.24908e-04 2.13453e-04 2.02336e-04 1.91550e-04 1.81092e-04 1.70954e-04 1.61131e-04 1.51618e-04 1.42408e-04 1.33496e-04 1.24877e-04 1.16544e-04 1.08494e-04 1.00721e-04 9.32215e-05 8.59923e-05 7.90307e-05 7.23351e-05 6.59046e-05 5.97400e-05 5.38429e-05 4.82170e-05 4.28673e-05 3.78010e-05 3.30267e-05 2.85548e-05 2.43966e-05 2.05641e-05 1.70691e-05 1.39222e-05 1.11314e-05 8.70097e-06 6.62964e-06 4.90881e-06 3.52120e-06 2.44014e-06 1.63018e-06 1.04905e-06 6.51069e-07 3.91230e-07 2.29103e-07 1.31646e-07 7.43719e-08 4.08877e-08 2.12646e-08 9.95034e-09 3.86669e-09 1.08350e-09 1.59381e-10 4.17522e-12
4.303080 3.77160e-01 1.48833e-01 3.02839e-02 2.14566e-02 1.78484e-02 1.56181e-02 1.40692e-02 1.29387e-02 1.20832e-02 1.14063e-02 1.08370e-02 1.03243e-02 9.83646e-03 9.35755e-03 8.88382e-03 8.41859e-03 7.96819e-03 7.53920e-03 7.13707e-03 6.76554e-03 6.42664e-03 6.12074e-03 5.84674e-03 5.60232e-03 5.38429e-03 5.18904e-03 5.01300e-03 4.85299e-03 4.70639e-03 4.57121e-03 4.44599e-03 4.32967e-03 4.22138e-03 4.12036e-03 4.02584e-03 3.93707e-03 3.85330e-03 3.77386e-03 3.69812e-03 3.62559e-03 3.55589e-03 3.48872e-03 3.42383e-03 3.36101e-03 3.30006e-03 3.24078e-03 3.18300e-03 3.12657e-03 3.07138e-03 3.01740e-03 2.96461e-03 2.91305e-03 2.86275e-03 2.81375e-03 2.76604e-03 2.71959e-03 2.67433e-03 2.63016e-03 2.58698e-03 2.54465e-03 2.50307e-03 2.46212e-03 2.42170e-03 2.38170e-03 2.34204e-03 2.30260e-03 2.26328e-03 2.22394e-03 2.18448e-03 2.14479e-03 2.10481e-03 2.06449e-03 2.02382e-03 1.98283e-03 1.94159e-03 1.90018e-03 1.85870e-03 1.81724e-03 1.77592e-03 1.73483e-03 1.69408e-03 1.65376e-03 1.61396e-03 1.57476e-03 1.53623e-03 1.49843e-03 1.46142e-03 1.42523e-03 1.38989e-03 1.35540e-03 1.32178e-03 1.28903e-03 1.25711e-03 1.22602e-03 1.19571e-03 1.16615e-03 1.13728e-03 1.10907e-03 1.08147e-03 1.05443e-03 1.02792e-03 1.00189e-03 9.76326e-04 9.51185e-04 9.26445e-04 9.02086e-04 8.78089e-04 8.54439e-04 8.31121e-04 8.08122e-04 7.85433e-04 7.63043e-04 7.40944e-04 7.19133e-04 6.97607e-04 6.76363e-04 6.55405e-04 6.34736e-04 6.14359e-04 5.94283e-04 5.74512e-04 5.55055e-04 5.35919e-04 5.17109e-04 4.98633e-04 4.80496e-04 4.62703e-04 4.45258e-04 4.28167e-04 4.11431e-04 3.95055e-04 3.79040e-04 3.63389e-04 3.48103e-04 3.33184e-04 3.18631e-04 3.04446e-04 2.90628e-04 2.77174e-04 2.64085e-04 2.51357e-04 2.38987e-04 2.26973e-04 2.15309e-04 2.03992e-04 1.93016e-04 1.82377e-04 1.72069e-04 1.62087e-04 1.52425e-04 1.43078e-04 1.34039e-04 1.25306e-04 1.16871e-04 1.08731e-04 1.00881e-04 9.33172e-05 8.60371e-05 7.90378e-05 7.23173e-05 6.58746e-05 5.97094e-05 5.38227e-05 4.82165e-05 4.28941e-05 3.78601e-05 3.31209e-05 2.86838e-05 2.45576e-05 2.07519e-05 1.72761e-05 1.41394e-05 1.13488e-05 8.90870e-06 6.81853e-06 5.07154e-06 3.65307e-06 2.53958e-06 1.69873e-06 1.09093e-06 6.72188e-07 3.98046e-07 2.27555e-07 1.26413e-07 6.85748e-08 3.61757e-08 1.81592e-08 8.27980e-09 3.16487e-09 8.78621e-10 1.28640e-10 3.36315e-12
4.403151 3.77441e-01 1.47431e-01 2.89338e-02 2.09535e-02 1.76723e-02 1.55569e-02 1.40666e-02 1.29885e-02 1.21782e-02 1.15301e-02 1.09701e-02 1.04501e-02 9.94310e-03 9.43776e-03 8.93374e-03 8.43727e-03 7.95761e-03 7.50419e-03 7.08469e-03 6.70393e-03 6.36356e-03 6.06232e-03 5.79687e-03 5.56268e-03 5.35489e-03 5.16901e-03 5.00122e-03 4.84854e-03 4.70868e-03 4.57988e-03 4.46072e-03 4.34997e-03 4.24647e-03 4.14912e-03 4.05691e-03 3.96898e-03 3.88466e-03 3.80350e-03 3.72525e-03 3.64982e-03 3.57719e-03 3.50740e-03 3.44041e-03 3.37614e-03 3.31441e-03 3.25502e-03 3.19772e-03 3.14225e-03 3.08839e-03 3.03596e-03 2.98479e-03 2.93480e-03 2.88591e-03 2.83805e-03 2.79121e-03 2.74535e-03 2.70046e-03 2.65652e-03 2.61348e-03 2.57132e-03 2.52998e-03 2.48938e-03 2.44944e-03 2.41006e-03 2.37112e-03 2.33249e-03 2.29406e-03 2.25570e-03 2.21729e-03 2.17872e-03 2.13991e-03 2.10080e-03 2.06134e-03 2.02152e-03 1.98136e-03 1.94089e-03 1.90017e-03 1.85930e-03 1.81837e-03 1.77749e-03 1.73678e-03 1.69634e-03 1.65629e-03 1.61672e-03 1.57772e-03 1.53935e-03 1.50167e-03 1.46474e-03 1.42859e-03 1.39325e-03 1.35873e-03 1.32505e-03 1.29220e-03 1.26017e-03 1.22894e-03 1.19847e-03 1.16874e-03 1.13971e-03 1.11133e-03 1.08357e-03 1.05637e-03 1.02970e-03 1.00352e-03 9.77775e-04 9.52445e-04 9.27496e-04 9.02904e-04 8.78648e-04 8.54714e-04 8.31090e-04 8.07769e-04 7.84745e-04 7.62017e-04 7.39584e-04 7.17445e-04 6.95602e-04 6.74056e-04 6.52810e-04 6.31866e-04 6.11228e-04 5.90901e-04 5.70890e-04 5.51200e-04 5.31839e-04 5.12812e-04 4.94125e-04 4.75786e-04 4.57799e-04 4.40171e-04 4.22905e-04 4.06006e-04 3.89477e-04 3.73321e-04 3.57540e-04 3.42134e-04 3.27105e-04 3.12453e-04 2.98177e-04 2.84277e-04 2.70750e-04 2.57596e-04 2.44812e-04 2.32395e-04 2.20341e-04 2.08648e-04 1.97309e-04 1.86322e-04 1.75682e-04 1.65382e-04 1.55419e-04 1.45786e-04 1.36479e-04 1.27493e-04 1.18822e-04 1.10463e-04 1.02411e-04 9.46635e-05 8.72166e-05 8.00679e-05 7.32154e-05 6.66579e-05 6.03945e-05 5.44255e-05 4.87517e-05 4.33751e-05 3.82986e-05 3.35262e-05 2.90633e-05 2.49159e-05 2.10911e-05 1.75965e-05 1.44390e-05 1.16247e-05 9.15688e-06 7.03531e-06 5.25397e-06 3.79974e-06 2.65108e-06 1.77785e-06 1.14231e-06 7.01721e-07 4.11978e-07 2.31642e-07 1.25303e-07 6.55273e-08 3.31102e-08 1.59203e-08 6.99696e-09 2.60220e-09 7.09369e-10 1.02747e-10 2.67194e-12
4.503223 3.79942e-01 1.49556e-01 2.90692e-02 2.05855e-02 1.72687e-02 1.52138e-02 1.37692e-02 1.27150e-02 1.19210e-02 1.12911e-02 1.07530e-02 1.02570e-02 9.77383e-03 9.29028e-03 8.80504e-03 8.32426e-03 7.85763e-03 7.41508e-03 7.00449e-03 6.63057e-03 6.29475e-03 5.99582e-03 5.73083e-03 5.49595e-03 5.28716e-03 5.10059e-03 4.93282e-03 4.78087e-03 4.64231e-03 4.51510e-03 4.39763e-03 4.28852e-03 4.18667e-03 4.09109e-03 4.00097e-03 3.91565e-03 3.83458e-03 3.75730e-03 3.68342e-03 3.61256e-03 3.54435e-03 3.47840e-03 3.41437e-03 3.35196e-03 3.29098e-03 3.23135e-03 3.17307e-03 3.11625e-03 3.06100e-03 3.00742e-03 2.95557e-03 2.90544e-03 2.85695e-03 2.80997e-03 2.76435e-03 2.71994e-03 2.67659e-03 2.63421e-03 2.59273e-03 2.55208e-03 2.51224e-03 2.47314e-03 2.43473e-03 2.39692e-03 2.35961e-03 2.32265e-03 2.28593e-03 2.24931e-03 2.21266e-03 2.17585e-03 2.13879e-03 2.10137e-03 2.06354e-03 2.02527e-03 1.98653e-03 1.94736e-03 1.90783e-03 1.86801e-03 1.82802e-03 1.78798e-03 1.74801e-03 1.70823e-03 1.66875e-03 1.62967e-03 1.59106e-03 1.55300e-03 1.51554e-03 1.47872e-03 1.44260e-03 1.40721e-03 1.37256e-03 1.33869e-03 1.30559e-03 1.27327e-03 1.24171e-03 1.21090e-03 1.18081e-03 1.15141e-03 1.12268e-03 1.09456e-03 1.06703e-03 1.04004e-03 1.01356e-03 9.87544e-04 9.61960e-04 9.36779e-04 9.11970e-04 8.87509e-04 8.63375e-04 8.39551e-04 8.16025e-04 7.92787e-04 7.69834e-04 7.47164e-04 7.24779e-04 7.02682e-04 6.80877e-04 6.59373e-04 6.38174e-04 6.17287e-04 5.96719e-04 5.76476e-04 5.56562e-04 5.36984e-04 5.17745e-04 4.98851e-04 4.80305e-04 4.62114e-04 4.44280e-04 4.26808e-04 4.09702e-04 3.92965e-04 3.76600e-04 3.60610e-04 3.44996e-04 3.29760e-04 3.14904e-04 3.00426e-04 2.86327e-04 2.72605e-04 2.59259e-04 2.46288e-04 2.33688e-04 2.21457e-04 2.09591e-04 1.98088e-04 1.86942e-04 1.76151e-04 1.65709e-04 1.55613e-04 1.45857e-04 1.36437e-04 1.27349e-04 1.18588e-04 1.10151e-04 1.02033e-04 9.42305e-05 8.67415e-05 7.95631e-05 7.26934e-05 6.61307e-05 5.98740e-05 5.39230e-05 4.82776e-05 4.29386e-05 3.79075e-05 3.31865e-05 2.87787e-05 2.46879e-05 2.09189e-05 1.74765e-05 1.43659e-05 1.15910e-05 9.15416e-06 7.05437e-06 5.28582e-06 3.83634e-06 2.68604e-06 1.80687e-06 1.16329e-06 7.14541e-07 4.17921e-07 2.32721e-07 1.23617e-07 6.28140e-08 3.05256e-08 1.40280e-08 5.89407e-09 2.10878e-09 5.58299e-10 7.93323e-11 2.04224e-12
4.603295 3.76601e-01 1.49304e-01 3.00781e-02 2.14593e-02 1.78876e-02 1.56704e-02 1.41196e-02 1.29684e-02 1.20743e-02 1.13487e-02 1.07295e-02 1.01722e-02 9.64808e-03 9.14179e-03 8.64900e-03 8.17249e-03 7.71841e-03 7.29313e-03 6.90134e-03 6.54536e-03 6.22522e-03 5.93928e-03 5.68482e-03 5.45855e-03 5.25698e-03 5.07668e-03 4.91443e-03 4.76733e-03 4.63286e-03 4.50889e-03 4.39364e-03 4.28564e-03 4.18375e-03 4.08709e-03 3.99507e-03 3.90730e-03 3.82356e-03 3.74371e-03 3.66761e-03 3.59509e-03 3.52593e-03 3.45983e-03 3.39649e-03 3.33560e-03 3.27685e-03 3.21999e-03 3.16480e-03 3.11108e-03 3.05866e-03 3.00740e-03 2.95720e-03 2.90799e-03 2.85975e-03 2.81249e-03 2.76626e-03 2.72111e-03 2.67709e-03 2.63425e-03 2.59257e-03 2.55204e-03 2.51258e-03 2.47410e-03 2.43651e-03 2.39967e-03 2.36349e-03 2.32784e-03 2.29261e-03 2.25767e-03 2.22287e-03 2.18807e-03 2.15312e-03 2.11787e-03 2.08218e-03 2.04595e-03 2.00910e-03 1.97161e-03 1.93351e-03 1.89486e-03 1.85576e-03 1.81636e-03 1.77680e-03 1.73724e-03 1.69783e-03 1.65871e-03 1.62000e-03 1.58178e-03 1.54415e-03 1.50716e-03 1.47085e-03 1.43525e-03 1.40037e-03 1.36622e-03 1.33280e-03 1.30011e-03 1.26814e-03 1.23687e-03 1.20630e-03 1.17639e-03 1.14713e-03 1.11847e-03 1.09040e-03 1.06286e-03 1.03584e-03 1.00928e-03 9.83167e-04 9.57461e-04 9.32139e-04 9.07175e-04 8.82550e-04 8.58248e-04 8.34256e-04 8.10564e-04 7.87165e-04 7.64056e-04 7.41235e-04 7.18702e-04 6.96462e-04 6.74518e-04 6.52876e-04 6.31544e-04 6.10529e-04 5.89839e-04 5.69483e-04 5.49465e-04 5.29795e-04 5.10476e-04 4.91514e-04 4.72913e-04 4.54676e-04 4.36806e-04 4.19306e-04 4.02178e-04 3.85425e-04 3.69047e-04 3.53046e-04 3.37425e-04 3.22184e-04 3.07324e-04 2.92845e-04 2.78747e-04 2.65030e-04 2.51693e-04 2.38735e-04 2.26152e-04 2.13944e-04 2.02107e-04 1.90638e-04 1.79534e-04 1.68791e-04 1.58406e-04 1.48375e-04 1.38694e-04 1.29359e-04 1.20366e-04 1.11713e-04 1.03395e-04 9.54092e-05 8.77534e-05 8.04249e-05 7.34216e-05 6.67418e-05 6.03842e-05 5.43477e-05 4.86318e-05 4.32363e-05 3.81614e-05 3.34077e-05 2.89767e-05 2.48703e-05 2.10907e-05 1.76410e-05 1.45240e-05 1.17421e-05 9.29621e-06 7.18447e-06 5.40097e-06 3.93403e-06 2.76481e-06 1.86665e-06 1.20552e-06 7.41831e-07 4.33620e-07 2.40304e-07 1.26189e-07 6.27935e-08 2.95464e-08 1.30082e-08 5.20420e-09 1.77413e-09 4.50781e-10 6.21898e-11 1.57453e-12
4.703366 3.78861e-01 1.48191e-01 2.80374e-02 2.03827e-02 1.73594e-02 1.53904e-02 1.39739e-02 1.29329e-02 1.21359e-02 1.14832e-02 1.09057e-02 1.03611e-02 9.82744e-03 9.29762e-03 8.77402e-03 8.26424e-03 7.77763e-03 7.32288e-03 6.90642e-03 6.53184e-03 6.19977e-03 5.90834e-03 5.65377e-03 5.43119e-03 5.23539e-03 5.06143e-03 4.90503e-03 4.76275e-03 4.63197e-03 4.51072e-03 4.39758e-03 4.29146e-03 4.19153e-03 4.09710e-03 4.00757e-03 3.92240e-03 3.84106e-03 3.76306e-03 3.68797e-03 3.61543e-03 3.54516e-03 3.47702e-03 3.41095e-03 3.34697e-03 3.28513e-03 3.22548e-03 3.16803e-03 3.11273e-03 3.05948e-03 3.00811e-03 2.95845e-03 2.91030e-03 2.86349e-03 2.81787e-03 2.77333e-03 2.72981e-03 2.68723e-03 2.64556e-03 2.60477e-03 2.56483e-03 2.52571e-03 2.48737e-03 2.44980e-03 2.41295e-03 2.37679e-03 2.34128e-03 2.30633e-03 2.27188e-03 2.23780e-03 2.20395e-03 2.17018e-03 2.13632e-03 2.10220e-03 2.06767e-03 2.03259e-03 1.99687e-03 1.96047e-03 1.92337e-03 1.88562e-03 1.84730e-03 1.80854e-03 1.76950e-03 1.73034e-03 1.69122e-03 1.65232e-03 1.61379e-03 1.57573e-03 1.53826e-03 1.50144e-03 1.46532e-03 1.42994e-03 1.39530e-03 1.36142e-03 1.32828e-03 1.29588e-03 1.26420e-03 1.23320e-03 1.20287e-03 1.17316e-03 1.14405e-03 1.11551e-03 1.08748e-03 1.05995e-03 1.03288e-03 1.00623e-03 9.79978e-04 9.54101e-04 9.28575e-04 9.03382e-04 8.78508e-04 8.53943e-04 8.29680e-04 8.05714e-04 7.82046e-04 7.58675e-04 7.35605e-04 7.12841e-04 6.90386e-04 6.68247e-04 6.46429e-04 6.24939e-04 6.03782e-04 5.82964e-04 5.62491e-04 5.42370e-04 5.22605e-04 5.03201e-04 4.84164e-04 4.65497e-04 4.47204e-04 4.29286e-04 4.11747e-04 3.94587e-04 3.77808e-04 3.61410e-04 3.45395e-04 3.29762e-04 3.14513e-04 2.99648e-04 2.85166e-04 2.71068e-04 2.57353e-04 2.44021e-04 2.31072e-04 2.18503e-04 2.06314e-04 1.94503e-04 1.83067e-04 1.72003e-04 1.61310e-04 1.50985e-04 1.41023e-04 1.31422e-04 1.22180e-04 1.13293e-04 1.04758e-04 9.65732e-05 8.87354e-05 8.12426e-05 7.40927e-05 6.72839e-05 6.08145e-05 5.46831e-05 4.88884e-05 4.34294e-05 3.83053e-05 3.35154e-05 2.90594e-05 2.49375e-05 2.11500e-05 1.76976e-05 1.45813e-05 1.18014e-05 9.35712e-06 7.24537e-06 5.45946e-06 3.98750e-06 2.81100e-06 1.90409e-06 1.23373e-06 7.61362e-07 4.45805e-07 2.46906e-07 1.29029e-07 6.34545e-08 2.92153e-08 1.24357e-08 4.75640e-09 1.54003e-09 3.72111e-10 4.93057e-11 1.21814e-12
4.803438 3.76189e-01 1.50365e-01 3.01039e-02 2.12523e-02 1.76784e-02 1.54830e-02 1.39457e-02 1.28122e-02 1.19466e-02 1.12557e-02 1.06698e-02 1.01396e-02 9.63424e-03 9.13856e-03 8.64888e-03 8.16903e-03 7.70670e-03 7.27045e-03 6.86741e-03 6.50201e-03 6.17555e-03 5.88657e-03 5.63167e-03 5.40649e-03 5.20655e-03 5.02778e-03 4.86676e-03 4.72071e-03 4.58735e-03 4.46476e-03 4.35134e-03 4.24568e-03 4.14662e-03 4.05321e-03 3.96469e-03 3.88047e-03 3.80007e-03 3.72316e-03 3.64942e-03 3.57863e-03 3.51054e-03 3.44493e-03 3.38158e-03 3.32024e-03 3.26071e-03 3.20279e-03 3.14633e-03 3.09122e-03 3.03743e-03 2.98494e-03 2.93381e-03 2.88408e-03 2.83582e-03 2.78905e-03 2.74379e-03 2.69999e-03 2.65760e-03 2.61652e-03 2.57665e-03 2.53788e-03 2.50013e-03 2.46329e-03 2.42730e-03 2.39208e-03 2.35755e-03 2.32363e-03 2.29022e-03 2.25723e-03 2.22452e-03 2.19199e-03 2.15952e-03 2.12696e-03 2.09419e-03 2.06109e-03 2.02752e-03 1.99340e-03 1.95863e-03 1.92316e-03 1.88699e-03 1.85015e-03 1.81274e-03 1.77487e-03 1.73670e-03 1.69841e-03 1.66018e-03 1.62217e-03 1.58452e-03 1.54736e-03 1.51076e-03 1.47481e-03 1.43953e-03 1.40496e-03 1.37111e-03 1.33798e-03 1.30556e-03 1.27385e-03 1.24281e-03 1.21244e-03 1.18269e-03 1.15355e-03 1.12496e-03 1.09690e-03 1.06933e-03 1.04220e-03 1.01549e-03 9.89160e-04 9.63180e-04 9.37529e-04 9.12190e-04 8.87150e-04 8.62400e-04 8.37936e-04 8.13758e-04 7.89868e-04 7.66270e-04 7.42970e-04 7.19976e-04 6.97295e-04 6.74936e-04 6.52907e-04 6.31216e-04 6.09868e-04 5.88871e-04 5.68228e-04 5.47945e-04 5.28024e-04 5.08468e-04 4.89280e-04 4.70461e-04 4.52013e-04 4.33939e-04 4.16239e-04 3.98915e-04 3.81968e-04 3.65398e-04 3.49208e-04 3.33396e-04 3.17964e-04 3.02911e-04 2.88239e-04 2.73947e-04 2.60036e-04 2.46505e-04 2.33355e-04 2.20585e-04 2.08196e-04 1.96185e-04 1.84554e-04 1.73300e-04 1.62423e-04 1.51920e-04 1.41790e-04 1.32031e-04 1.22641e-04 1.13618e-04 1.04960e-04 9.66637e-05 8.87280e-05 8.11508e-05 7.39300e-05 6.70638e-05 6.05505e-05 5.43881e-05 4.85748e-05 4.31090e-05 3.79886e-05 3.32121e-05 2.87776e-05 2.46837e-05 2.09290e-05 1.75122e-05 1.44321e-05 1.16873e-05 9.27521e-06 7.19131e-06 5.42797e-06 3.97288e-06 2.80772e-06 1.90730e-06 1.23963e-06 7.67388e-07 4.50561e-07 2.49940e-07 1.30504e-07 6.38349e-08 2.90162e-08 1.20659e-08 4.45244e-09 1.37510e-09 3.15172e-10 3.98151e-11 9.53125e-13
4.903509 3.73760e-01 1.48181e-01 2.91927e-02 2.12134e-02 1.79404e-02 1.58406e-02 1.43418e-02 1.32183e-02 1.23309e-02 1.15904e-02 1.09382e-02 1.03372e-02 9.76556e-03 9.21367e-03 8.68069e-03 8.17131e-03 7.69239e-03 7.25021e-03 6.84883e-03 6.48949e-03 6.17084e-03 5.88969e-03 5.64182e-03 5.42274e-03 5.22818e-03 5.05428e-03 4.89773e-03 4.75565e-03 4.62559e-03 4.50542e-03 4.39334e-03 4.28786e-03 4.18781e-03 4.09236e-03 4.00095e-03 3.91326e-03 3.82914e-03 3.74852e-03 3.67136e-03 3.59756e-03 3.52699e-03 3.45948e-03 3.39478e-03 3.33266e-03 3.27286e-03 3.21516e-03 3.15935e-03 3.10523e-03 3.05266e-03 3.00149e-03 2.95163e-03 2.90296e-03 2.85544e-03 2.80901e-03 2.76364e-03 2.71933e-03 2.67607e-03 2.63389e-03 2.59281e-03 2.55284e-03 2.51400e-03 2.47628e-03 2.43967e-03 2.40413e-03 2.36959e-03 2.33597e-03 2.30317e-03 2.27106e-03 2.23951e-03 2.20836e-03 2.17746e-03 2.14663e-03 2.11568e-03 2.08444e-03 2.05273e-03 2.02039e-03 1.98727e-03 1.95330e-03 1.91841e-03 1.88262e-03 1.84600e-03 1.80865e-03 1.77076e-03 1.73252e-03 1.69415e-03 1.65585e-03 1.61782e-03 1.58023e-03 1.54321e-03 1.50687e-03 1.47125e-03 1.43639e-03 1.40229e-03 1.36894e-03 1.33631e-03 1.30437e-03 1.27309e-03 1.24242e-03 1.21235e-03 1.18284e-03 1.15386e-03 1.12538e-03 1.09737e-03 1.06980e-03 1.04264e-03 1.01585e-03 9.89417e-04 9.63308e-04 9.37503e-04 9.11987e-04 8.86748e-04 8.61781e-04 8.37084e-04 8.12661e-04 7.88518e-04 7.64664e-04 7.41109e-04 7.17865e-04 6.94943e-04 6.72353e-04 6.50106e-04 6.28210e-04 6.06673e-04 5.85502e-04 5.64700e-04 5.44273e-04 5.24222e-04 5.04549e-04 4.85255e-04 4.66338e-04 4.47799e-04 4.29637e-04 4.11851e-04 3.94441e-04 3.77407e-04 3.60749e-04 3.44467e-04 3.28562e-04 3.13035e-04 2.97887e-04 2.83119e-04 2.68733e-04 2.54728e-04 2.41107e-04 2.27870e-04 2.15018e-04 2.02552e-04 1.90473e-04 1.78781e-04 1.67477e-04 1.56560e-04 1.46030e-04 1.35886e-04 1.26128e-04 1.16756e-04 1.07767e-04 9.91602e-05 9.09346e-05 8.30883e-05 7.56197e-05 6.85268e-05 6.18078e-05 5.54606e-05 4.94828e-05 4.38721e-05 3.86257e-05 3.37409e-05 2.92148e-05 2.50442e-05 2.12262e-05 1.77578e-05 1.46358e-05 1.18569e-05 9.41658e-06 7.30895e-06 5.52506e-06 4.05174e-06 2.87021e-06 1.95516e-06 1.27475e-06 7.91831e-07 4.66534e-07 2.59605e-07 1.35808e-07 6.63788e-08 3.00012e-08 1.23069e-08 4.43123e-09 1.31870e-09 2.88279e-10 3.47006e-11 8.02056e-13
5.003581 3.73309e-01 1.48309e-01 2.90011e-02 2.09744e-02 1.77516e-02 1.56899e-02 1.42104e-02 1.31135e-02 1.22707e-02 1.15855e-02 1.09864e-02 1.04263e-02 9.87985e-03 9.33856e-03 8.80485e-03 8.28684e-03 7.79417e-03 7.33517e-03 6.91552e-03 6.53787e-03 6.20217e-03 5.90628e-03 5.64669e-03 5.41911e-03 5.21906e-03 5.04220e-03 4.88455e-03 4.74264e-03 4.61352e-03 4.49474e-03 4.38433e-03 4.28073e-03 4.18278e-03 4.08966e-03 4.00078e-03 3.91573e-03 3.83418e-03 3.75582e-03 3.68036e-03 3.60746e-03 3.53686e-03 3.46834e-03 3.40175e-03 3.33706e-03 3.27428e-03 3.21349e-03 3.15474e-03 3.09807e-03 3.04345e-03 2.99083e-03 2.94009e-03 2.89108e-03 2.84365e-03 2.79766e-03 2.75296e-03 2.70945e-03 2.66707e-03 2.62574e-03 2.58544e-03 2.54613e-03 2.50780e-03 2.47041e-03 2.43394e-03 2.39837e-03 2.36365e-03 2.32976e-03 2.29665e-03 2.26428e-03 2.23260e-03 2.20153e-03 2.17096e-03 2.14076e-03 2.11077e-03 2.08081e-03 2.05067e-03 2.02014e-03 1.98900e-03 1.95709e-03 1.92425e-03 1.89040e-03 1.85551e-03 1.81963e-03 1.78288e-03 1.74542e-03 1.70747e-03 1.66927e-03 1.63108e-03 1.59314e-03 1.55566e-03 1.51882e-03 1.48274e-03 1.44751e-03 1.41317e-03 1.37970e-03 1.34708e-03 1.31526e-03 1.28417e-03 1.25376e-03 1.22396e-03 1.19471e-03 1.16595e-03 1.13764e-03 1.10974e-03 1.08222e-03 1.05504e-03 1.02819e-03 1.00164e-03 9.75380e-04 9.49401e-04 9.23693e-04 8.98251e-04 8.73073e-04 8.48161e-04 8.23517e-04 7.99149e-04 7.75065e-04 7.51277e-04 7.27796e-04 7.04634e-04 6.81804e-04 6.59318e-04 6.37186e-04 6.15416e-04 5.94017e-04 5.72993e-04 5.52349e-04 5.32086e-04 5.12205e-04 4.92708e-04 4.73592e-04 4.54855e-04 4.36497e-04 4.18515e-04 4.00907e-04 3.83670e-04 3.66803e-04 3.50305e-04 3.34176e-04 3.18417e-04 3.03028e-04 2.88011e-04 2.73367e-04 2.59100e-04 2.45211e-04 2.31703e-04 2.18578e-04 2.05840e-04 1.93489e-04 1.81529e-04 1.69962e-04 1.58788e-04 1.48010e-04 1.37627e-04 1.27642e-04 1.18054e-04 1.08863e-04 1.00069e-04 9.16712e-05 8.36687e-05 7.60600e-05 6.88435e-05 6.20171e-05 5.55785e-05 4.95250e-05 4.38534e-05 3.85604e-05 3.36422e-05 2.90947e-05 2.49136e-05 2.10942e-05 1.76320e-05 1.45220e-05 1.17590e-05 9.33662e-06 7.24730e-06 5.48062e-06 4.02227e-06 2.85277e-06 1.94656e-06 1.27194e-06 7.92276e-07 4.68333e-07 2.61558e-07 1.37319e-07 6.72892e-08 3.04105e-08 1.24115e-08 4.41126e-09 1.28232e-09 2.70885e-10 3.13491e-11 7.02214e-13
5.103653 3.69896e-01 1.49348e-01 3.04780e-02 2.17552e-02 1.82040e-02 1.59794e-02 1.43977e-02 1.32173e-02 1.23020e-02 1.15579e-02 1.09169e-02 1.03333e-02 9.78052e-03 9.24663e-03 8.72924e-03 8.23130e-03 7.75806e-03 7.31507e-03 6.90697e-03 6.53670e-03 6.20522e-03 5.91148e-03 5.65281e-03 5.42543e-03 5.22502e-03 5.04721e-03 4.88795e-03 4.74369e-03 4.61147e-03 4.48897e-03 4.37445e-03 4.26667e-03 4.16479e-03 4.06827e-03 3.97672e-03 3.88983e-03 3.80724e-03 3.72861e-03 3.65352e-03 3.58159e-03 3.51243e-03 3.44575e-03 3.38128e-03 3.31883e-03 3.25823e-03 3.19934e-03 3.14203e-03 3.08619e-03 3.03173e-03 2.97857e-03 2.92670e-03 2.87611e-03 2.82685e-03 2.77897e-03 2.73253e-03 2.68757e-03 2.64410e-03 2.60211e-03 2.56153e-03 2.52231e-03 2.48435e-03 2.44756e-03 2.41185e-03 2.37715e-03 2.34338e-03 2.31046e-03 2.27834e-03 2.24694e-03 2.21618e-03 2.18597e-03 2.15623e-03 2.12683e-03 2.09766e-03 2.06857e-03 2.03942e-03 2.01004e-03 1.98025e-03 1.94989e-03 1.91878e-03 1.88679e-03 1.85382e-03 1.81984e-03 1.78485e-03 1.74896e-03 1.71231e-03 1.67511e-03 1.63760e-03 1.60004e-03 1.56268e-03 1.52577e-03 1.48948e-03 1.45398e-03 1.41935e-03 1.38564e-03 1.35287e-03 1.32099e-03 1.28997e-03 1.25973e-03 1.23019e-03 1.20127e-03 1.17291e-03 1.14501e-03 1.11753e-03 1.09040e-03 1.06358e-03 1.03704e-03 1.01074e-03 9.84659e-04 9.58798e-04 9.33149e-04 9.07713e-04 8.82499e-04 8.57517e-04 8.32781e-04 8.08307e-04 7.84108e-04 7.60200e-04 7.36599e-04 7.13317e-04 6.90367e-04 6.67761e-04 6.45509e-04 6.23619e-04 6.02099e-04 5.80955e-04 5.60189e-04 5.39805e-04 5.19802e-04 5.00180e-04 4.80937e-04 4.62070e-04 4.43576e-04 4.25453e-04 4.07696e-04 3.90302e-04 3.73271e-04 3.56598e-04 3.40284e-04 3.24327e-04 3.08729e-04 2.93490e-04 2.78613e-04 2.64100e-04 2.49956e-04 2.36184e-04 2.22788e-04 2.09774e-04 1.97145e-04 1.84905e-04 1.73059e-04 1.61611e-04 1.50564e-04 1.39921e-04 1.29684e-04 1.19855e-04 1.10436e-04 1.01427e-04 9.28290e-05 8.46418e-05 7.68644e-05 6.94955e-05 6.25334e-05 5.59754e-05 4.98187e-05 4.40597e-05 3.86943e-05 3.37179e-05 2.91255e-05 2.49115e-05 2.10700e-05 1.75950e-05 1.44797e-05 1.17173e-05 9.29969e-06 7.21759e-06 5.45905e-06 4.00854e-06 2.84570e-06 1.94446e-06 1.27304e-06 7.94971e-07 4.71421e-07 2.64284e-07 1.39335e-07 6.85571e-08 3.10746e-08 1.26845e-08 4.48679e-09 1.28875e-09 2.66742e-10 3.00722e-11 6.58517e-13
5.203724 3.66683e-01 1.46749e-01 2.97165e-02 2.18419e-02 1.85273e-02 1.63636e-02 1.48093e-02 1.36411e-02 1.27151e-02 1.19382e-02 1.12505e-02 1.06156e-02 1.00132e-02 9.43424e-03 8.87745e-03 8.34630e-03 7.84654e-03 7.38405e-03 6.96322e-03 6.58600e-03 6.25177e-03 5.95775e-03 5.69977e-03 5.47309e-03 5.27295e-03 5.09496e-03 4.93526e-03 4.79060e-03 4.65823e-03 4.53596e-03 4.42201e-03 4.31498e-03 4.21379e-03 4.11756e-03 4.02559e-03 3.93734e-03 3.85240e-03 3.77048e-03 3.69141e-03 3.61510e-03 3.54156e-03 3.47079e-03 3.40279e-03 3.33752e-03 3.27489e-03 3.21474e-03 3.15684e-03 3.10097e-03 3.04688e-03 2.99435e-03 2.94321e-03 2.89332e-03 2.84461e-03 2.79702e-03 2.75055e-03 2.70519e-03 2.66096e-03 2.61785e-03 2.57589e-03 2.53510e-03 2.49550e-03 2.45709e-03 2.41989e-03 2.38391e-03 2.34912e-03 2.31549e-03 2.28296e-03 2.25144e-03 2.22084e-03 2.19103e-03 2.16189e-03 2.13328e-03 2.10503e-03 2.07700e-03 2.04900e-03 2.02086e-03 1.99240e-03 1.96341e-03 1.93373e-03 1.90318e-03 1.87163e-03 1.83899e-03 1.80524e-03 1.77041e-03 1.73461e-03 1.69801e-03 1.66083e-03 1.62334e-03 1.58582e-03 1.54852e-03 1.51172e-03 1.47560e-03 1.44032e-03 1.40599e-03 1.37265e-03 1.34031e-03 1.30892e-03 1.27841e-03 1.24870e-03 1.21970e-03 1.19131e-03 1.16343e-03 1.13600e-03 1.10894e-03 1.08219e-03 1.05570e-03 1.02945e-03 1.00339e-03 9.77512e-04 9.51808e-04 9.26275e-04 9.00918e-04 8.75746e-04 8.50777e-04 8.26030e-04 8.01527e-04 7.77291e-04 7.53345e-04 7.29711e-04 7.06408e-04 6.83452e-04 6.60857e-04 6.38632e-04 6.16786e-04 5.95323e-04 5.74245e-04 5.53554e-04 5.33248e-04 5.13325e-04 4.93782e-04 4.74614e-04 4.55818e-04 4.37387e-04 4.19318e-04 4.01606e-04 3.84246e-04 3.67238e-04 3.50577e-04 3.34264e-04 3.18298e-04 3.02682e-04 2.87417e-04 2.72506e-04 2.57955e-04 2.43768e-04 2.29952e-04 2.16512e-04 2.03456e-04 1.90790e-04 1.78521e-04 1.66654e-04 1.55196e-04 1.44153e-04 1.33528e-04 1.23326e-04 1.13550e-04 1.04203e-04 9.52857e-05 8.67991e-05 7.87435e-05 7.11178e-05 6.39205e-05 5.71492e-05 5.08008e-05 4.48711e-05 3.93557e-05 3.42490e-05 2.95450e-05 2.52371e-05 2.13180e-05 1.77802e-05 1.46155e-05 1.18152e-05 9.36936e-06 7.26689e-06 5.49411e-06 4.03385e-06 2.86438e-06 1.95856e-06 1.28379e-06 8.03124e-07 4.77451e-07 2.68547e-07 1.42157e-07 7.02651e-08 3.19913e-08 1.31027e-08 4.63888e-09 1.32836e-09 2.72718e-10 3.03717e-11 6.57422e-13
5.303796 3.65438e-01 1.47725e-01 3.00157e-02 2.16401e-02 1.82923e-02 1.61664e-02 1.46400e-02 1.35045e-02 1.26282e-02 1.19124e-02 1.12852e-02 1.07004e-02 1.01329e-02 9.57345e-03 9.02307e-03 8.48872e-03 7.97939e-03 7.50342e-03 7.06690e-03 6.67298e-03 6.32205e-03 6.01228e-03 5.74034e-03 5.50200e-03 5.29268e-03 5.10781e-03 4.94310e-03 4.79481e-03 4.65977e-03 4.53546e-03 4.41994e-03 4.31173e-03 4.20969e-03 4.11295e-03 4.02085e-03 3.93284e-03 3.84849e-03 3.76745e-03 3.68945e-03 3.61424e-03 3.54162e-03 3.47141e-03 3.40342e-03 3.33752e-03 3.27357e-03 3.21148e-03 3.15119e-03 3.09265e-03 3.03587e-03 2.98085e-03 2.92757e-03 2.87604e-03 2.82620e-03 2.77801e-03 2.73135e-03 2.68613e-03 2.64224e-03 2.59959e-03 2.55810e-03 2.51772e-03 2.47843e-03 2.44021e-03 2.40307e-03 2.36700e-03 2.33199e-03 2.29803e-03 2.26507e-03 2.23309e-03 2.20204e-03 2.17185e-03 2.14246e-03 2.11380e-03 2.08575e-03 2.05819e-03 2.03097e-03 2.00391e-03 1.97681e-03 1.94944e-03 1.92158e-03 1.89299e-03 1.86349e-03 1.83291e-03 1.80115e-03 1.76817e-03 1.73401e-03 1.69877e-03 1.66265e-03 1.62588e-03 1.58875e-03 1.55156e-03 1.51461e-03 1.47817e-03 1.44248e-03 1.40772e-03 1.37399e-03 1.34135e-03 1.30979e-03 1.27925e-03 1.24964e-03 1.22086e-03 1.19278e-03 1.16529e-03 1.13827e-03 1.11164e-03 1.08531e-03 1.05922e-03 1.03333e-03 1.00760e-03 9.82013e-04 9.56566e-04 9.31258e-04 9.06098e-04 8.81098e-04 8.56277e-04 8.31654e-04 8.07251e-04 7.83091e-04 7.59198e-04 7.35594e-04 7.12304e-04 6.89346e-04 6.66738e-04 6.44496e-04 6.22632e-04 6.01152e-04 5.80062e-04 5.59361e-04 5.39050e-04 5.19123e-04 4.99575e-04 4.80400e-04 4.61590e-04 4.43139e-04 4.25039e-04 4.07284e-04 3.89868e-04 3.72786e-04 3.56036e-04 3.39616e-04 3.23525e-04 3.07765e-04 2.92337e-04 2.77248e-04 2.62501e-04 2.48103e-04 2.34063e-04 2.20387e-04 2.07086e-04 1.94168e-04 1.81641e-04 1.69515e-04 1.57799e-04 1.46500e-04 1.35625e-04 1.25181e-04 1.15173e-04 1.05605e-04 9.64806e-05 8.78012e-05 7.95681e-05 7.17810e-05 6.44387e-05 5.75390e-05 5.10785e-05 4.50529e-05 3.94571e-05 3.42850e-05 2.95296e-05 2.51834e-05 2.12381e-05 1.76846e-05 1.45135e-05 1.17143e-05 9.27559e-06 7.18448e-06 5.42549e-06 3.97987e-06 2.82445e-06 1.93101e-06 1.26629e-06 7.93098e-07 4.72459e-07 2.66563e-07 1.41701e-07 7.04036e-08 3.22397e-08 1.32795e-08 4.72384e-09 1.35677e-09 2.78758e-10 3.10009e-11 6.69575e-13
5.403867 3.59490e-01 1.46996e-01 3.16033e-02 2.29797e-02 1.92890e-02 1.69210e-02 1.52165e-02 1.39220e-02 1.28991e-02 1.20598e-02 1.13409e-02 1.06975e-02 1.01005e-02 9.53390e-03 8.99179e-03 8.47431e-03 7.98477e-03 7.52736e-03 7.10569e-03 6.72206e-03 6.37712e-03 6.06989e-03 5.79797e-03 5.55793e-03 5.34573e-03 5.15716e-03 4.98820e-03 4.83530e-03 4.69546e-03 4.56626e-03 4.44584e-03 4.33274e-03 4.22589e-03 4.12453e-03 4.02808e-03 3.93615e-03 3.84843e-03 3.76466e-03 3.68459e-03 3.60799e-03 3.53459e-03 3.46412e-03 3.39632e-03 3.33093e-03 3.26771e-03 3.20645e-03 3.14698e-03 3.08914e-03 3.03282e-03 2.97794e-03 2.92442e-03 2.87222e-03 2.82132e-03 2.77170e-03 2.72337e-03 2.67634e-03 2.63063e-03 2.58628e-03 2.54331e-03 2.50174e-03 2.46156e-03 2.42276e-03 2.38529e-03 2.34912e-03 2.31416e-03 2.28034e-03 2.24760e-03 2.21585e-03 2.18503e-03 2.15507e-03 2.12591e-03 2.09747e-03 2.06968e-03 2.04243e-03 2.01562e-03 1.98910e-03 1.96272e-03 1.93630e-03 1.90965e-03 1.88255e-03 1.85481e-03 1.82623e-03 1.79663e-03 1.76589e-03 1.73394e-03 1.70079e-03 1.66651e-03 1.63126e-03 1.59527e-03 1.55881e-03 1.52219e-03 1.48574e-03 1.44975e-03 1.41448e-03 1.38012e-03 1.34682e-03 1.31465e-03 1.28360e-03 1.25363e-03 1.22464e-03 1.19653e-03 1.16916e-03 1.14239e-03 1.11610e-03 1.09017e-03 1.06451e-03 1.03905e-03 1.01372e-03 9.88514e-04 9.63397e-04 9.38373e-04 9.13449e-04 8.88642e-04 8.63977e-04 8.39479e-04 8.15176e-04 7.91098e-04 7.67271e-04 7.43721e-04 7.20471e-04 6.97541e-04 6.74950e-04 6.52714e-04 6.30843e-04 6.09347e-04 5.88234e-04 5.67506e-04 5.47163e-04 5.27203e-04 5.07621e-04 4.88411e-04 4.69563e-04 4.51068e-04 4.32917e-04 4.15100e-04 3.97609e-04 3.80437e-04 3.63579e-04 3.47030e-04 3.30790e-04 3.14858e-04 2.99237e-04 2.83932e-04 2.68948e-04 2.54293e-04 2.39978e-04 2.26011e-04 2.12405e-04 1.99172e-04 1.86322e-04 1.73868e-04 1.61821e-04 1.50193e-04 1.38993e-04 1.28231e-04 1.17914e-04 1.08049e-04 9.86413e-05 8.96944e-05 8.12107e-05 7.31912e-05 6.56353e-05 5.85411e-05 5.19054e-05 4.57239e-05 3.99909e-05 3.46998e-05 2.98430e-05 2.54119e-05 2.13972e-05 1.77886e-05 1.45753e-05 1.17454e-05 9.28583e-06 7.18181e-06 5.41616e-06 3.96837e-06 2.81367e-06 1.92247e-06 1.26046e-06 7.89745e-07 4.70979e-07 2.66260e-07 1.41972e-07 7.08317e-08 3.26020e-08 1.35064e-08 4.83362e-09 1.39660e-09 2.88577e-10 3.22560e-11 6.99226e-13
5.503939 3.58089e-01 1.45394e-01 3.03067e-02 2.23489e-02 1.90609e-02 1.68904e-02 1.53106e-02 1.41249e-02 1.31920e-02 1.24105e-02 1.17140e-02 1.10635e-02 1.04397e-02 9.83537e-03 9.25107e-03 8.69129e-03 8.16225e-03 7.67007e-03 7.21961e-03 6.81366e-03 6.45266e-03 6.13483e-03 5.85665e-03 5.61341e-03 5.39997e-03 5.21122e-03 5.04252e-03 4.88991e-03 4.75018e-03 4.62081e-03 4.49987e-03 4.38594e-03 4.27797e-03 4.17515e-03 4.07689e-03 3.98272e-03 3.89229e-03 3.80530e-03 3.72154e-03 3.64087e-03 3.56320e-03 3.48844e-03 3.41654e-03 3.34744e-03 3.28104e-03 3.21722e-03 3.15583e-03 3.09670e-03 3.03961e-03 2.98437e-03 2.93078e-03 2.87866e-03 2.82787e-03 2.77829e-03 2.72987e-03 2.68257e-03 2.63640e-03 2.59136e-03 2.54750e-03 2.50484e-03 2.46342e-03 2.42325e-03 2.38436e-03 2.34676e-03 2.31044e-03 2.27538e-03 2.24156e-03 2.20896e-03 2.17751e-03 2.14717e-03 2.11784e-03 2.08945e-03 2.06188e-03 2.03501e-03 2.00872e-03 1.98286e-03 1.95727e-03 1.93180e-03 1.90626e-03 1.88045e-03 1.85419e-03 1.82725e-03 1.79946e-03 1.77062e-03 1.74063e-03 1.70940e-03 1.67693e-03 1.64329e-03 1.60864e-03 1.57320e-03 1.53724e-03 1.50106e-03 1.46500e-03 1.42934e-03 1.39436e-03 1.36027e-03 1.32722e-03 1.29531e-03 1.26454e-03 1.23488e-03 1.20625e-03 1.17851e-03 1.15153e-03 1.12517e-03 1.09929e-03 1.07376e-03 1.04849e-03 1.02340e-03 9.98425e-04 9.73535e-04 9.48714e-04 9.23962e-04 8.99290e-04 8.74720e-04 8.50281e-04 8.26003e-04 8.01920e-04 7.78064e-04 7.54467e-04 7.31157e-04 7.08161e-04 6.85499e-04 6.63191e-04 6.41248e-04 6.19680e-04 5.98495e-04 5.77693e-04 5.57274e-04 5.37236e-04 5.17572e-04 4.98276e-04 4.79339e-04 4.60750e-04 4.42499e-04 4.24575e-04 4.06966e-04 3.89664e-04 3.72660e-04 3.55948e-04 3.39525e-04 3.23387e-04 3.07538e-04 2.91981e-04 2.76722e-04 2.61770e-04 2.47136e-04 2.32832e-04 2.18872e-04 2.05270e-04 1.92043e-04 1.79205e-04 1.66771e-04 1.54755e-04 1.43172e-04 1.32032e-04 1.21349e-04 1.11129e-04 1.01382e-04 9.21133e-05 8.33264e-05 7.50240e-05 6.72064e-05 5.98724e-05 5.30191e-05 4.66420e-05 4.07353e-05 3.52919e-05 3.03032e-05 2.57599e-05 2.16515e-05 1.79666e-05 1.46928e-05 1.18167e-05 9.32360e-06 7.19678e-06 5.41710e-06 3.96200e-06 2.80474e-06 1.91395e-06 1.25385e-06 7.85438e-07 4.68687e-07 2.65390e-07 1.41906e-07 7.10875e-08 3.28927e-08 1.37124e-08 4.94198e-09 1.43904e-09 2.99882e-10 3.38118e-11 7.38005e-13
5.604011 3.53488e-01 1.46032e-01 3.19638e-02 2.32082e-02 1.95031e-02 1.71301e-02 1.54285e-02 1.41555e-02 1.31689e-02 1.23697e-02 1.16848e-02 1.10638e-02 1.04755e-02 9.90428e-03 9.34597e-03 8.80359e-03 8.28403e-03 7.79506e-03 7.34322e-03 6.93264e-03 6.56459e-03 6.23782e-03 5.94915e-03 5.69428e-03 5.46854e-03 5.26740e-03 5.08680e-03 4.92333e-03 4.77421e-03 4.63717e-03 4.51040e-03 4.39238e-03 4.28181e-03 4.17759e-03 4.07876e-03 3.98451e-03 3.89422e-03 3.80743e-03 3.72380e-03 3.64311e-03 3.56523e-03 3.49003e-03 3.41742e-03 3.34727e-03 3.27948e-03 3.21393e-03 3.15049e-03 3.08907e-03 3.02956e-03 2.97190e-03 2.91602e-03 2.86186e-03 2.80936e-03 2.75846e-03 2.70908e-03 2.66117e-03 2.61464e-03 2.56943e-03 2.52547e-03 2.48272e-03 2.44115e-03 2.40075e-03 2.36153e-03 2.32350e-03 2.28667e-03 2.25105e-03 2.21664e-03 2.18343e-03 2.15139e-03 2.12049e-03 2.09068e-03 2.06189e-03 2.03404e-03 2.00706e-03 1.98084e-03 1.95527e-03 1.93022e-03 1.90554e-03 1.88106e-03 1.85657e-03 1.83188e-03 1.80676e-03 1.78097e-03 1.75433e-03 1.72664e-03 1.69777e-03 1.66766e-03 1.63629e-03 1.60373e-03 1.57013e-03 1.53569e-03 1.50066e-03 1.46536e-03 1.43009e-03 1.39515e-03 1.36082e-03 1.32732e-03 1.29483e-03 1.26343e-03 1.23316e-03 1.20398e-03 1.17582e-03 1.14857e-03 1.12208e-03 1.09621e-03 1.07083e-03 1.04581e-03 1.02104e-03 9.96442e-04 9.71957e-04 9.47549e-04 9.23203e-04 8.98921e-04 8.74717e-04 8.50618e-04 8.26654e-04 8.02858e-04 7.79265e-04 7.55910e-04 7.32823e-04 7.10034e-04 6.87567e-04 6.65443e-04 6.43679e-04 6.22287e-04 6.01275e-04 5.80647e-04 5.60404e-04 5.40541e-04 5.21051e-04 5.01926e-04 4.83155e-04 4.64724e-04 4.46621e-04 4.28833e-04 4.11347e-04 3.94151e-04 3.77235e-04 3.60589e-04 3.44209e-04 3.28090e-04 3.12233e-04 2.96639e-04 2.81314e-04 2.66268e-04 2.51511e-04 2.37059e-04 2.22926e-04 2.09129e-04 1.95688e-04 1.82621e-04 1.69946e-04 1.57682e-04 1.45846e-04 1.34453e-04 1.23518e-04 1.13053e-04 1.03069e-04 9.35741e-05 8.45740e-05 7.60728e-05 6.80722e-05 6.05718e-05 5.35692e-05 4.70602e-05 4.10388e-05 3.54974e-05 3.04270e-05 2.58174e-05 2.16571e-05 1.79338e-05 1.46337e-05 1.17420e-05 9.24247e-06 7.11667e-06 5.34359e-06 3.89877e-06 2.75365e-06 1.87521e-06 1.22639e-06 7.67358e-07 4.57725e-07 2.59346e-07 1.38932e-07 6.98241e-08 3.24587e-08 1.36127e-08 4.94193e-09 1.45164e-09 3.05639e-10 3.48443e-11 7.67384e-13
5.704082 3.48104e-01 1.44690e-01 3.24849e-02 2.38667e-02 2.01694e-02 1.77567e-02 1.59978e-02 1.46530e-02 1.35837e-02 1.26991e-02 1.19353e-02 1.12482e-02 1.06093e-02 1.00030e-02 9.42355e-03 8.87138e-03 8.35000e-03 7.86371e-03 7.41602e-03 7.00897e-03 6.64281e-03 6.31621e-03 6.02648e-03 5.76999e-03 5.54263e-03 5.34014e-03 5.15845e-03 4.99392e-03 4.84337e-03 4.70418e-03 4.57422e-03 4.45180e-03 4.33566e-03 4.22490e-03 4.11893e-03 4.01739e-03 3.92014e-03 3.82711e-03 3.73825e-03 3.65348e-03 3.57265e-03 3.49552e-03 3.42178e-03 3.35112e-03 3.28320e-03 3.21770e-03 3.15436e-03 3.09298e-03 3.03339e-03 2.97547e-03 2.91913e-03 2.86428e-03 2.81088e-03 2.75885e-03 2.70817e-03 2.65879e-03 2.61069e-03 2.56386e-03 2.51832e-03 2.47408e-03 2.43116e-03 2.38958e-03 2.34934e-03 2.31046e-03 2.27292e-03 2.23671e-03 2.20178e-03 2.16811e-03 2.13566e-03 2.10439e-03 2.07424e-03 2.04518e-03 2.01713e-03 1.99004e-03 1.96383e-03 1.93841e-03 1.91368e-03 1.88952e-03 1.86576e-03 1.84225e-03 1.81878e-03 1.79514e-03 1.77112e-03 1.74650e-03 1.72106e-03 1.69462e-03 1.66703e-03 1.63821e-03 1.60812e-03 1.57680e-03 1.54437e-03 1.51101e-03 1.47697e-03 1.44254e-03 1.40801e-03 1.37370e-03 1.33989e-03 1.30680e-03 1.27461e-03 1.24345e-03 1.21335e-03 1.18431e-03 1.15627e-03 1.12913e-03 1.10276e-03 1.07703e-03 1.05182e-03 1.02699e-03 1.00244e-03 9.78087e-04 9.53869e-04 9.29748e-04 9.05705e-04 8.81738e-04 8.57860e-04 8.34094e-04 8.10470e-04 7.87022e-04 7.63785e-04 7.40795e-04 7.18082e-04 6.95676e-04 6.73602e-04 6.51878e-04 6.30521e-04 6.09540e-04 5.88943e-04 5.68729e-04 5.48899e-04 5.29444e-04 5.10358e-04 4.91627e-04 4.73237e-04 4.55174e-04 4.37419e-04 4.19958e-04 4.02775e-04 3.85854e-04 3.69185e-04 3.52759e-04 3.36567e-04 3.20609e-04 3.04885e-04 2.89398e-04 2.74158e-04 2.59176e-04 2.44466e-04 2.30047e-04 2.15937e-04 2.02159e-04 1.88735e-04 1.75687e-04 1.63038e-04 1.50809e-04 1.39022e-04 1.27694e-04 1.16842e-04 1.06481e-04 9.66213e-05 8.72728e-05 7.84416e-05 7.01313e-05 6.23432e-05 5.50759e-05 4.83258e-05 4.20870e-05 3.63520e-05 3.11112e-05 2.63538e-05 2.20673e-05 1.82381e-05 1.48513e-05 1.18907e-05 9.33797e-06 7.17302e-06 5.37270e-06 3.91035e-06 2.75515e-06 1.87195e-06 1.22176e-06 7.63200e-07 4.54767e-07 2.57615e-07 1.38128e-07 6.95735e-08 3.24610e-08 1.36840e-08 5.00112e-09 1.48130e-09 3.15021e-10 3.63018e-11 8.06398e-13
5.804154 3.45878e-01 1.43296e-01 3.17230e-02 2.36059e-02 2.01269e-02 1.78025e-02 1.61010e-02 1.48200e-02 1.38165e-02 1.29859e-02 1.22554e-02 1.15792e-02 1.09328e-02 1.03066e-02 9.70053e-03 9.11912e-03 8.56868e-03 8.05515e-03 7.58299e-03 7.15465e-03 6.77046e-03 6.42878e-03 6.12647e-03 5.85943e-03 5.62314e-03 5.41311e-03 5.22517e-03 5.05558e-03 4.90111e-03 4.75901e-03 4.62696e-03 4.50307e-03 4.38585e-03 4.27420e-03 4.16731e-03 4.06466e-03 3.96590e-03 3.87081e-03 3.77922e-03 3.69102e-03 3.60607e-03 3.52427e-03 3.44553e-03 3.36979e-03 3.29698e-03 3.22704e-03 3.15991e-03 3.09549e-03 3.03365e-03 2.97419e-03 2.91692e-03 2.86160e-03 2.80800e-03 2.75591e-03 2.70516e-03 2.65560e-03 2.60718e-03 2.55985e-03 2.51361e-03 2.46850e-03 2.42455e-03 2.38180e-03 2.34030e-03 2.30007e-03 2.26115e-03 2.22355e-03 2.18728e-03 2.15235e-03 2.11875e-03 2.08647e-03 2.05548e-03 2.02573e-03 1.99718e-03 1.96975e-03 1.94338e-03 1.91796e-03 1.89339e-03 1.86955e-03 1.84631e-03 1.82351e-03 1.80097e-03 1.77853e-03 1.75595e-03 1.73304e-03 1.70957e-03 1.68532e-03 1.66010e-03 1.63374e-03 1.60614e-03 1.57725e-03 1.54709e-03 1.51577e-03 1.48344e-03 1.45035e-03 1.41676e-03 1.38297e-03 1.34928e-03 1.31597e-03 1.28328e-03 1.25141e-03 1.22048e-03 1.19055e-03 1.16165e-03 1.13371e-03 1.10666e-03 1.08037e-03 1.05473e-03 1.02961e-03 1.00489e-03 9.80473e-04 9.56275e-04 9.32240e-04 9.08331e-04 8.84531e-04 8.60838e-04 8.37263e-04 8.13829e-04 7.90561e-04 7.67492e-04 7.44652e-04 7.22075e-04 6.99790e-04 6.77825e-04 6.56203e-04 6.34942e-04 6.14058e-04 5.93558e-04 5.73447e-04 5.53725e-04 5.34385e-04 5.15419e-04 4.96814e-04 4.78555e-04 4.60624e-04 4.43002e-04 4.25671e-04 4.08609e-04 3.91800e-04 3.75226e-04 3.58874e-04 3.42733e-04 3.26798e-04 3.11066e-04 2.95539e-04 2.80224e-04 2.65132e-04 2.50279e-04 2.35683e-04 2.21366e-04 2.07352e-04 1.93666e-04 1.80336e-04 1.67387e-04 1.54847e-04 1.42739e-04 1.31088e-04 1.19913e-04 1.09234e-04 9.90663e-05 8.94211e-05 8.03082e-05 7.17335e-05 6.36999e-05 5.62074e-05 4.92532e-05 4.28320e-05 3.69360e-05 3.15555e-05 2.66789e-05 2.22930e-05 1.83831e-05 1.49329e-05 1.19246e-05 9.33832e-06 7.15198e-06 5.34032e-06 3.87438e-06 2.72105e-06 1.84300e-06 1.19938e-06 7.47344e-07 4.44486e-07 2.51549e-07 1.34907e-07 6.80655e-08 3.18620e-08 1.34985e-08 4.96685e-09 1.48411e-09 3.19051e-10 3.72002e-11 8.34151e-13
5.904226 3.40000e-01 1.44543e-01 3.40483e-02 2.47217e-02 2.07104e-02 1.81321e-02 1.62764e-02 1.48867e-02 1.38136e-02 1.29498e-02 1.22155e-02 1.15557e-02 1.09371e-02 1.03425e-02 9.76595e-03 9.20831e-03 8.67409e-03 8.16919e-03 7.69921e-03 7.26826e-03 6.87833e-03 6.52919e-03 6.21867e-03 5.94326e-03 5.69872e-03 5.48059e-03 5.28459e-03 5.10689e-03 4.94421e-03 4.79387e-03 4.65379e-03 4.52240e-03 4.39853e-03 4.28133e-03 4.17010e-03 4.06430e-03 3.96341e-03 3.86696e-03 3.77454e-03 3.68578e-03 3.60036e-03 3.51805e-03 3.43868e-03 3.36213e-03 3.28831e-03 3.21715e-03 3.14856e-03 3.08245e-03 3.01870e-03 2.95719e-03 2.89777e-03 2.84032e-03 2.78471e-03 2.73082e-03 2.67857e-03 2.62787e-03 2.57865e-03 2.53083e-03 2.48435e-03 2.43914e-03 2.39516e-03 2.35237e-03 2.31073e-03 2.27026e-03 2.23096e-03 2.19287e-03 2.15602e-03 2.12045e-03 2.08618e-03 2.05323e-03 2.02161e-03 1.99129e-03 1.96223e-03 1.93439e-03 1.90771e-03 1.88211e-03 1.85750e-03 1.83380e-03 1.81090e-03 1.78865e-03 1.76693e-03 1.74554e-03 1.72431e-03 1.70301e-03 1.68144e-03 1.65937e-03 1.63658e-03 1.61287e-03 1.58808e-03 1.56208e-03 1.53483e-03 1.50631e-03 1.47659e-03 1.44581e-03 1.41416e-03 1.38188e-03 1.34925e-03 1.31654e-03 1.28405e-03 1.25201e-03 1.22064e-03 1.19008e-03 1.16044e-03 1.13174e-03 1.10397e-03 1.07706e-03 1.05092e-03 1.02545e-03 1.00053e-03 9.76043e-04 9.51896e-04 9.28008e-04 9.04317e-04 8.80784e-04 8.57390e-04 8.34132e-04 8.11021e-04 7.88075e-04 7.65322e-04 7.42791e-04 7.20512e-04 6.98514e-04 6.76824e-04 6.55467e-04 6.34463e-04 6.13827e-04 5.93573e-04 5.73707e-04 5.54232e-04 5.35146e-04 5.16440e-04 4.98104e-04 4.80121e-04 4.62473e-04 4.45139e-04 4.28095e-04 4.11318e-04 3.94787e-04 3.78478e-04 3.62375e-04 3.46461e-04 3.30724e-04 3.15160e-04 2.99766e-04 2.84545e-04 2.69508e-04 2.54669e-04 2.40045e-04 2.25661e-04 2.11542e-04 1.97717e-04 1.84216e-04 1.71070e-04 1.58309e-04 1.45963e-04 1.34060e-04 1.22627e-04 1.11686e-04 1.01256e-04 9.13553e-05 8.19953e-05 7.31854e-05 6.49311e-05 5.72342e-05 5.00935e-05 4.35044e-05 3.74598e-05 3.19500e-05 2.69631e-05 2.24852e-05 1.85008e-05 1.49923e-05 1.19407e-05 9.32455e-06 7.11980e-06 5.29920e-06 3.83162e-06 2.68174e-06 1.81010e-06 1.17404e-06 7.29321e-07 4.32663e-07 2.44430e-07 1.31006e-07 6.61509e-08 3.10424e-08 1.32079e-08 4.89037e-09 1.47353e-09 3.20094e-10 3.77430e-11 8.53855e-13
6.004297 3.34298e-01 1.41438e-01 3.34655e-02 2.51259e-02 2.13861e-02 1.88656e-02 1.70131e-02 1.55922e-02 1.44528e-02 1.34987e-02 1.26677e-02 1.19186e-02 1.12255e-02 1.05734e-02 9.95530e-03 9.36979e-03 8.81876e-03 8.30527e-03 7.83211e-03 7.40082e-03 7.01134e-03 6.66206e-03 6.35021e-03 6.07221e-03 5.82413e-03 5.60194e-03 5.40175e-03 5.21995e-03 5.05334e-03 4.89915e-03 4.75513e-03 4.61947e-03 4.49081e-03 4.36812e-03 4.25070e-03 4.13805e-03 4.02989e-03 3.92604e-03 3.82640e-03 3.73094e-03 3.63958e-03 3.55224e-03 3.46878e-03 3.38902e-03 3.31273e-03 3.23966e-03 3.16956e-03 3.10218e-03 3.03727e-03 2.97464e-03 2.91410e-03 2.85552e-03 2.79875e-03 2.74368e-03 2.69023e-03 2.63828e-03 2.58776e-03 2.53858e-03 2.49068e-03 2.44400e-03 2.39852e-03 2.35421e-03 2.31108e-03 2.26917e-03 2.22850e-03 2.18912e-03 2.15106e-03 2.11435e-03 2.07902e-03 2.04506e-03 2.01247e-03 1.98123e-03 1.95132e-03 1.92271e-03 1.89534e-03 1.86918e-03 1.84415e-03 1.82017e-03 1.79716e-03 1.77499e-03 1.75353e-03 1.73263e-03 1.71210e-03 1.69175e-03 1.67139e-03 1.65081e-03 1.62979e-03 1.60811e-03 1.58559e-03 1.56206e-03 1.53738e-03 1.51146e-03 1.48429e-03 1.45588e-03 1.42636e-03 1.39586e-03 1.36462e-03 1.33287e-03 1.30089e-03 1.26893e-03 1.23727e-03 1.20609e-03 1.17559e-03 1.14586e-03 1.11699e-03 1.08897e-03 1.06179e-03 1.03538e-03 1.00966e-03 9.84527e-04 9.59885e-04 9.35642e-04 9.11719e-04 8.88051e-04 8.64595e-04 8.41323e-04 8.18224e-04 7.95300e-04 7.72567e-04 7.50047e-04 7.27766e-04 7.05755e-04 6.84042e-04 6.62656e-04 6.41620e-04 6.20953e-04 6.00671e-04 5.80785e-04 5.61299e-04 5.42213e-04 5.23521e-04 5.05216e-04 4.87280e-04 4.69697e-04 4.52442e-04 4.35492e-04 4.18819e-04 4.02396e-04 3.86195e-04 3.70193e-04 3.54366e-04 3.38698e-04 3.23176e-04 3.07793e-04 2.92548e-04 2.77447e-04 2.62501e-04 2.47729e-04 2.33152e-04 2.18799e-04 2.04700e-04 1.90890e-04 1.77403e-04 1.64275e-04 1.51541e-04 1.39235e-04 1.27390e-04 1.16033e-04 1.05191e-04 9.48842e-05 8.51305e-05 7.59432e-05 6.73312e-05 5.92993e-05 5.18484e-05 4.49754e-05 3.86743e-05 3.29356e-05 2.77473e-05 2.30951e-05 1.89624e-05 1.53305e-05 1.21787e-05 9.48359e-06 7.21907e-06 5.35534e-06 3.85857e-06 2.69058e-06 1.80911e-06 1.16885e-06 7.23370e-07 4.27654e-07 2.40915e-07 1.28884e-07 6.50503e-08 3.05671e-08 1.30501e-08 4.85945e-09 1.47608e-09 3.23958e-10 3.86233e-11 8.81349e-13
6.104369 3.31358e-01 1.42093e-01 3.39063e-02 2.50020e-02 2.11890e-02 1.86924e-02 1.68770e-02 1.55163e-02 1.44608e-02 1.35975e-02 1.28450e-02 1.21519e-02 1.14902e-02 1.08485e-02 1.02257e-02 9.62589e-03 9.05509e-03 8.51921e-03 8.02280e-03 7.56854e-03 7.15722e-03 6.78788e-03 6.45824e-03 6.16498e-03 5.90420e-03 5.67170e-03 5.46328e-03 5.27504e-03 5.10345e-03 4.94550e-03 4.79867e-03 4.66094e-03 4.53071e-03 4.40673e-03 4.28809e-03 4.17411e-03 4.06434e-03 3.95848e-03 3.85635e-03 3.75783e-03 3.66287e-03 3.57144e-03 3.48351e-03 3.39905e-03 3.31803e-03 3.24039e-03 3.16606e-03 3.09492e-03 3.02684e-03 2.96164e-03 2.89914e-03 2.83913e-03 2.78138e-03 2.72568e-03 2.67182e-03 2.61962e-03 2.56890e-03 2.51953e-03 2.47141e-03 2.42445e-03 2.37861e-03 2.33387e-03 2.29024e-03 2.24772e-03 2.20635e-03 2.16617e-03 2.12721e-03 2.08952e-03 2.05313e-03 2.01807e-03 1.98438e-03 1.95208e-03 1.92117e-03 1.89165e-03 1.86352e-03 1.83672e-03 1.81122e-03 1.78694e-03 1.76379e-03 1.74165e-03 1.72040e-03 1.69989e-03 1.67998e-03 1.66049e-03 1.64123e-03 1.62201e-03 1.60261e-03 1.58283e-03 1.56244e-03 1.54125e-03 1.51907e-03 1.49576e-03 1.47122e-03 1.44543e-03 1.41838e-03 1.39017e-03 1.36093e-03 1.33086e-03 1.30017e-03 1.26914e-03 1.23800e-03 1.20701e-03 1.17638e-03 1.14629e-03 1.11688e-03 1.08823e-03 1.06037e-03 1.03330e-03 1.00697e-03 9.81320e-04 9.56270e-04 9.31735e-04 9.07635e-04 8.83899e-04 8.60468e-04 8.37298e-04 8.14360e-04 7.91639e-04 7.69133e-04 7.46849e-04 7.24805e-04 7.03022e-04 6.81525e-04 6.60341e-04 6.39497e-04 6.19015e-04 5.98917e-04 5.79217e-04 5.59927e-04 5.41049e-04 5.22582e-04 5.04519e-04 4.86844e-04 4.69540e-04 4.52584e-04 4.35948e-04 4.19603e-04 4.03517e-04 3.87659e-04 3.71997e-04 3.56505e-04 3.41157e-04 3.25935e-04 3.10824e-04 2.95817e-04 2.80917e-04 2.66130e-04 2.51470e-04 2.36960e-04 2.22627e-04 2.08503e-04 1.94624e-04 1.81028e-04 1.67755e-04 1.54845e-04 1.42338e-04 1.30270e-04 1.18677e-04 1.07588e-04 9.70318e-05 8.70296e-05 7.75994e-05 6.87540e-05 6.05014e-05 5.28453e-05 4.57847e-05 3.93148e-05 3.34272e-05 2.81101e-05 2.33490e-05 1.91268e-05 1.54239e-05 1.22181e-05 9.48464e-06 7.19522e-06 5.31789e-06 3.81640e-06 2.65003e-06 1.77412e-06 1.14123e-06 7.03270e-07 4.14149e-07 2.32554e-07 1.24143e-07 6.26163e-08 2.94596e-08 1.26201e-08 4.72660e-09 1.44768e-09 3.21090e-10 3.87138e-11 8.91104e-13
6.204440 3.23726e-01 1.41251e-01 3.57073e-02 2.64936e-02 2.23145e-02 1.95398e-02 1.75108e-02 1.59666e-02 1.47540e-02 1.37687e-02 1.29347e-02 1.21981e-02 1.15231e-02 1.08884e-02 1.02836e-02 9.70547e-03 9.15498e-03 8.63534e-03 8.15021e-03 7.70262e-03 7.29423e-03 6.92506e-03 6.59352e-03 6.29676e-03 6.03102e-03 5.79218e-03 5.57609e-03 5.37896e-03 5.19750e-03 5.02904e-03 4.87147e-03 4.72323e-03 4.58315e-03 4.45040e-03 4.32432e-03 4.20437e-03 4.09008e-03 3.98097e-03 3.87660e-03 3.77655e-03 3.68046e-03 3.58801e-03 3.49898e-03 3.41320e-03 3.33056e-03 3.25099e-03 3.17444e-03 3.10085e-03 3.03017e-03 2.96232e-03 2.89718e-03 2.83463e-03 2.77453e-03 2.71670e-03 2.66099e-03 2.60721e-03 2.55520e-03 2.50480e-03 2.45588e-03 2.40831e-03 2.36199e-03 2.31687e-03 2.27287e-03 2.22999e-03 2.18820e-03 2.14752e-03 2.10798e-03 2.06962e-03 2.03247e-03 1.99660e-03 1.96203e-03 1.92881e-03 1.89697e-03 1.86653e-03 1.83747e-03 1.80978e-03 1.78343e-03 1.75835e-03 1.73449e-03 1.71177e-03 1.69009e-03 1.66935e-03 1.64942e-03 1.63016e-03 1.61140e-03 1.59297e-03 1.57467e-03 1.55628e-03 1.53760e-03 1.51841e-03 1.49851e-03 1.47770e-03 1.45585e-03 1.43282e-03 1.40855e-03 1.38302e-03 1.35629e-03 1.32844e-03 1.29965e-03 1.27011e-03 1.24005e-03 1.20973e-03 1.17940e-03 1.14927e-03 1.11955e-03 1.09040e-03 1.06191e-03 1.03415e-03 1.00714e-03 9.80858e-04 9.55262e-04 9.30286e-04 9.05859e-04 8.81906e-04 8.58359e-04 8.35159e-04 8.12262e-04 7.89634e-04 7.67258e-04 7.45128e-04 7.23250e-04 7.01635e-04 6.80301e-04 6.59273e-04 6.38572e-04 6.18224e-04 5.98251e-04 5.78672e-04 5.59503e-04 5.40754e-04 5.22430e-04 5.04528e-04 4.87039e-04 4.69948e-04 4.53232e-04 4.36864e-04 4.20812e-04 4.05040e-04 3.89513e-04 3.74194e-04 3.59047e-04 3.44041e-04 3.29148e-04 3.14347e-04 2.99623e-04 2.84970e-04 2.70389e-04 2.55890e-04 2.41491e-04 2.27218e-04 2.13101e-04 1.99178e-04 1.85490e-04 1.72081e-04 1.58994e-04 1.46276e-04 1.33968e-04 1.22111e-04 1.10744e-04 9.98988e-05 8.96041e-05 7.98832e-05 7.07540e-05 6.22289e-05 5.43153e-05 4.70153e-05 4.03262e-05 3.42413e-05 2.87498e-05 2.38374e-05 1.94869e-05 1.56777e-05 1.23868e-05 9.58743e-06 7.24959e-06 5.33889e-06 3.81646e-06 2.63884e-06 1.75861e-06 1.12587e-06 6.90414e-07 4.04625e-07 2.26203e-07 1.20322e-07 6.05594e-08 2.84882e-08 1.22328e-08 4.60511e-09 1.42177e-09 3.18631e-10 3.88435e-11 9.01641e-13
6.304512 3.19657e-01 1.39705e-01 3.50884e-02 2.63225e-02 2.24170e-02 1.97929e-02 1.78641e-02 1.63933e-02 1.52225e-02 1.42436e-02 1.33863e-02 1.26075e-02 1.18822e-02 1.11973e-02 1.05472e-02 9.93079e-03 9.34962e-03 8.80631e-03 8.30336e-03 7.84236e-03 7.42368e-03 7.04630e-03 6.70799e-03 6.40559e-03 6.13528e-03 5.89294e-03 5.67443e-03 5.47582e-03 5.29356e-03 5.12462e-03 4.96648e-03 4.81717e-03 4.67516e-03 4.53934e-03 4.40891e-03 4.28331e-03 4.16220e-03 4.04542e-03 3.93289e-03 3.82466e-03 3.72078e-03 3.62130e-03 3.52625e-03 3.43556e-03 3.34910e-03 3.26666e-03 3.18799e-03 3.11282e-03 3.04085e-03 2.97184e-03 2.90556e-03 2.84181e-03 2.78042e-03 2.72125e-03 2.66417e-03 2.60905e-03 2.55576e-03 2.50417e-03 2.45414e-03 2.40555e-03 2.35827e-03 2.31222e-03 2.26731e-03 2.22349e-03 2.18075e-03 2.13908e-03 2.09852e-03 2.05910e-03 2.02088e-03 1.98392e-03 1.94827e-03 1.91397e-03 1.88107e-03 1.84956e-03 1.81947e-03 1.79079e-03 1.76348e-03 1.73752e-03 1.71286e-03 1.68943e-03 1.66716e-03 1.64595e-03 1.62569e-03 1.60626e-03 1.58750e-03 1.56927e-03 1.55140e-03 1.53369e-03 1.51596e-03 1.49801e-03 1.47964e-03 1.46065e-03 1.44086e-03 1.42011e-03 1.39826e-03 1.37522e-03 1.35094e-03 1.32545e-03 1.29882e-03 1.27117e-03 1.24268e-03 1.21357e-03 1.18406e-03 1.15439e-03 1.12479e-03 1.09546e-03 1.06657e-03 1.03825e-03 1.01058e-03 9.83615e-04 9.57351e-04 9.31769e-04 9.06823e-04 8.82455e-04 8.58599e-04 8.35192e-04 8.12176e-04 7.89503e-04 7.67137e-04 7.45055e-04 7.23245e-04 7.01707e-04 6.80450e-04 6.59491e-04 6.38851e-04 6.18554e-04 5.98624e-04 5.79085e-04 5.59955e-04 5.41252e-04 5.22984e-04 5.05156e-04 4.87764e-04 4.70797e-04 4.54237e-04 4.38058e-04 4.22231e-04 4.06717e-04 3.91477e-04 3.76468e-04 3.61649e-04 3.46979e-04 3.32421e-04 3.17946e-04 3.03529e-04 2.89155e-04 2.74818e-04 2.60520e-04 2.46275e-04 2.32103e-04 2.18034e-04 2.04104e-04 1.90356e-04 1.76835e-04 1.63590e-04 1.50671e-04 1.38127e-04 1.26005e-04 1.14349e-04 1.03200e-04 9.25925e-05 8.25561e-05 7.31148e-05 6.42867e-05 5.60834e-05 4.85111e-05 4.15704e-05 3.52566e-05 2.95605e-05 2.44688e-05 1.99642e-05 1.60260e-05 1.26297e-05 9.74737e-06 7.34674e-06 5.39097e-06 3.83837e-06 2.64243e-06 1.75271e-06 1.11644e-06 6.81043e-07 3.97024e-07 2.20844e-07 1.16974e-07 5.87086e-08 2.75980e-08 1.18739e-08 4.49228e-09 1.39806e-09 3.16604e-10 3.90222e-11 9.13285e-13
6.404584 3.14402e-01 1.39662e-01 3.60090e-02 2.68160e-02 2.27008e-02 1.99704e-02 1.79803e-02 1.64808e-02 1.53125e-02 1.43599e-02 1.35402e-02 1.27986e-02 1.21023e-02 1.14350e-02 1.07913e-02 1.01727e-02 9.58378e-03 9.02973e-03 8.51492e-03 8.04191e-03 7.61133e-03 7.22202e-03 6.87148e-03 6.55630e-03 6.27263e-03 6.01652e-03 5.78422e-03 5.57232e-03 5.37786e-03 5.19830e-03 5.03146e-03 4.87552e-03 4.72884e-03 4.59004e-03 4.45791e-03 4.33145e-03 4.20985e-03 4.09255e-03 3.97915e-03 3.86945e-03 3.76335e-03 3.66083e-03 3.56193e-03 3.46668e-03 3.37514e-03 3.28732e-03 3.20323e-03 3.12284e-03 3.04610e-03 2.97292e-03 2.90315e-03 2.83663e-03 2.77313e-03 2.71244e-03 2.65429e-03 2.59843e-03 2.54462e-03 2.49262e-03 2.44224e-03 2.39331e-03 2.34568e-03 2.29924e-03 2.25392e-03 2.20966e-03 2.16644e-03 2.12423e-03 2.08305e-03 2.04291e-03 2.00387e-03 1.96595e-03 1.92923e-03 1.89375e-03 1.85958e-03 1.82676e-03 1.79534e-03 1.76535e-03 1.73679e-03 1.70966e-03 1.68393e-03 1.65954e-03 1.63644e-03 1.61452e-03 1.59369e-03 1.57383e-03 1.55482e-03 1.53652e-03 1.51877e-03 1.50142e-03 1.48429e-03 1.46720e-03 1.44995e-03 1.43234e-03 1.41418e-03 1.39528e-03 1.37547e-03 1.35461e-03 1.33259e-03 1.30938e-03 1.28496e-03 1.25940e-03 1.23279e-03 1.20531e-03 1.17714e-03 1.14850e-03 1.11963e-03 1.09073e-03 1.06203e-03 1.03368e-03 1.00583e-03 9.78578e-04 9.51973e-04 9.26038e-04 9.00763e-04 8.76116e-04 8.52049e-04 8.28507e-04 8.05436e-04 7.82781e-04 7.60499e-04 7.38552e-04 7.16916e-04 6.95576e-04 6.74530e-04 6.53782e-04 6.33346e-04 6.13242e-04 5.93492e-04 5.74121e-04 5.55153e-04 5.36608e-04 5.18504e-04 5.00851e-04 4.83652e-04 4.66901e-04 4.50587e-04 4.34687e-04 4.19173e-04 4.04007e-04 3.89149e-04 3.74553e-04 3.60172e-04 3.45958e-04 3.31868e-04 3.17861e-04 3.03903e-04 2.89970e-04 2.76047e-04 2.62127e-04 2.48217e-04 2.34331e-04 2.20496e-04 2.06745e-04 1.93119e-04 1.79666e-04 1.66437e-04 1.53484e-04 1.40862e-04 1.28624e-04 1.16819e-04 1.05495e-04 9.46941e-05 8.44513e-05 7.47974e-05 6.57557e-05 5.73434e-05 4.95710e-05 4.24428e-05 3.59570e-05 3.01068e-05 2.48800e-05 2.02603e-05 1.62269e-05 1.27548e-05 9.81469e-06 7.37265e-06 5.38964e-06 3.82138e-06 2.61862e-06 1.72820e-06 1.09489e-06 6.64098e-07 3.84896e-07 2.12895e-07 1.12212e-07 5.61231e-08 2.63500e-08 1.13561e-08 4.31799e-09 1.35505e-09 3.10230e-10 3.86734e-11 9.12783e-13
6.504655 3.06599e-01 1.39012e-01 3.77974e-02 2.81797e-02 2.37638e-02 2.08240e-02 1.86608e-02 1.70002e-02 1.56862e-02 1.46136e-02 1.37053e-02 1.29061e-02 1.21787e-02 1.15006e-02 1.08602e-02 1.02529e-02 9.67804e-03 9.13706e-03 8.63191e-03 8.16431e-03 7.73520e-03 7.34449e-03 6.99092e-03 6.67220e-03 6.38516e-03 6.12613e-03 5.89121e-03 5.67660e-03 5.47884e-03 5.29494e-03 5.12242e-03 4.95936e-03 4.80431e-03 4.65628e-03 4.51459e-03 4.37886e-03 4.24882e-03 4.12432e-03 4.00519e-03 3.89124e-03 3.78221e-03 3.67782e-03 3.57777e-03 3.48177e-03 3.38955e-03 3.30091e-03 3.21569e-03 3.13380e-03 3.05516e-03 2.97972e-03 2.90744e-03 2.83824e-03 2.77203e-03 2.70870e-03 2.64807e-03 2.58999e-03 2.53425e-03 2.48065e-03 2.42899e-03 2.37908e-03 2.33075e-03 2.28383e-03 2.23820e-03 2.19373e-03 2.15035e-03 2.10799e-03 2.06662e-03 2.02622e-03 1.98681e-03 1.94841e-03 1.91109e-03 1.87489e-03 1.83988e-03 1.80611e-03 1.77364e-03 1.74250e-03 1.71272e-03 1.68432e-03 1.65729e-03 1.63160e-03 1.60723e-03 1.58411e-03 1.56219e-03 1.54137e-03 1.52156e-03 1.50264e-03 1.48449e-03 1.46696e-03 1.44990e-03 1.43313e-03 1.41649e-03 1.39978e-03 1.38282e-03 1.36542e-03 1.34738e-03 1.32855e-03 1.30876e-03 1.28790e-03 1.26590e-03 1.24273e-03 1.21840e-03 1.19301e-03 1.16668e-03 1.13959e-03 1.11194e-03 1.08395e-03 1.05585e-03 1.02784e-03 1.00011e-03 9.72811e-04 9.46047e-04 9.19892e-04 8.94382e-04 8.69520e-04 8.45284e-04 8.21633e-04 7.98518e-04 7.75886e-04 7.53685e-04 7.31871e-04 7.10407e-04 6.89269e-04 6.68442e-04 6.47920e-04 6.27708e-04 6.07820e-04 5.88271e-04 5.69085e-04 5.50286e-04 5.31898e-04 5.13942e-04 4.96437e-04 4.79393e-04 4.62815e-04 4.46697e-04 4.31027e-04 4.15779e-04 4.00921e-04 3.86413e-04 3.72209e-04 3.58258e-04 3.44507e-04 3.30904e-04 3.17400e-04 3.03951e-04 2.90521e-04 2.77083e-04 2.63620e-04 2.50129e-04 2.36617e-04 2.23100e-04 2.09610e-04 1.96183e-04 1.82866e-04 1.69711e-04 1.56774e-04 1.44112e-04 1.31783e-04 1.19845e-04 1.08352e-04 9.73511e-05 8.68877e-05 7.69987e-05 6.77149e-05 5.90597e-05 5.10496e-05 4.36937e-05 3.69948e-05 3.09490e-05 2.55469e-05 2.07735e-05 1.66087e-05 1.30276e-05 9.99992e-06 7.49032e-06 5.45765e-06 3.85506e-06 2.63044e-06 1.72766e-06 1.08867e-06 6.56408e-07 3.78009e-07 2.07712e-07 1.08800e-07 5.41461e-08 2.53534e-08 1.09325e-08 4.17482e-09 1.32060e-09 3.05585e-10 3.85175e-11 9.16484e-13
6.604727 3.03696e-01 1.37177e-01 3.63809e-02 2.76616e-02 2.36869e-02 2.09579e-02 1.89322e-02 1.73846e-02 1.61533e-02 1.51230e-02 1.42174e-02 1.33908e-02 1.26178e-02 1.18870e-02 1.11945e-02 1.05405e-02 9.92666e-03 9.35490e-03 8.82651e-03 8.34186e-03 7.90030e-03 7.50017e-03 7.13887e-03 6.81312e-03 6.51927e-03 6.25350e-03 6.01210e-03 5.79157e-03 5.58873e-03 5.40075e-03 5.22514e-03 5.05980e-03 4.90298e-03 4.75327e-03 4.60961e-03 4.47121e-03 4.33754e-03 4.20827e-03 4.08324e-03 3.96241e-03 3.84583e-03 3.73359e-03 3.62578e-03 3.52249e-03 3.42376e-03 3.32955e-03 3.23978e-03 3.15430e-03 3.07290e-03 2.99535e-03 2.92139e-03 2.85078e-03 2.78326e-03 2.71860e-03 2.65662e-03 2.59711e-03 2.53991e-03 2.48486e-03 2.43181e-03 2.38058e-03 2.33104e-03 2.28301e-03 2.23635e-03 2.19093e-03 2.14662e-03 2.10335e-03 2.06106e-03 2.01973e-03 1.97937e-03 1.94000e-03 1.90167e-03 1.86445e-03 1.82838e-03 1.79351e-03 1.75990e-03 1.72759e-03 1.69659e-03 1.66693e-03 1.63861e-03 1.61163e-03 1.58597e-03 1.56158e-03 1.53843e-03 1.51644e-03 1.49554e-03 1.47564e-03 1.45662e-03 1.43836e-03 1.42074e-03 1.40362e-03 1.38685e-03 1.37025e-03 1.35368e-03 1.33693e-03 1.31984e-03 1.30222e-03 1.28390e-03 1.26473e-03 1.24459e-03 1.22338e-03 1.20108e-03 1.17768e-03 1.15325e-03 1.12789e-03 1.10176e-03 1.07504e-03 1.04793e-03 1.02063e-03 9.93364e-04 9.66298e-04 9.39593e-04 9.13367e-04 8.87707e-04 8.62660e-04 8.38243e-04 8.14445e-04 7.91235e-04 7.68569e-04 7.46398e-04 7.24672e-04 7.03345e-04 6.82380e-04 6.61748e-04 6.41433e-04 6.21430e-04 6.01743e-04 5.82384e-04 5.63373e-04 5.44734e-04 5.26492e-04 5.08673e-04 4.91298e-04 4.74387e-04 4.57950e-04 4.41991e-04 4.26504e-04 4.11472e-04 3.96870e-04 3.82660e-04 3.68799e-04 3.55235e-04 3.41912e-04 3.28772e-04 3.15757e-04 3.02816e-04 2.89900e-04 2.76971e-04 2.64003e-04 2.50978e-04 2.37895e-04 2.24762e-04 2.11603e-04 1.98450e-04 1.85345e-04 1.72341e-04 1.59494e-04 1.46864e-04 1.34514e-04 1.22506e-04 1.10900e-04 9.97520e-05 8.91133e-05 7.90285e-05 6.95358e-05 6.06655e-05 5.24403e-05 4.48751e-05 3.79773e-05 3.17473e-05 2.61785e-05 2.12581e-05 1.69674e-05 1.32815e-05 1.01699e-05 7.59589e-06 5.51626e-06 3.88168e-06 2.63717e-06 1.72362e-06 1.08016e-06 6.47310e-07 3.70300e-07 2.02072e-07 1.05144e-07 5.20410e-08 2.42921e-08 1.04784e-08 4.01904e-09 1.28195e-09 2.99951e-10 3.82385e-11 9.17317e-13
6.704799 2.95947e-01 1.38341e-01 3.91041e-02 2.89675e-02 2.43237e-02 2.12771e-02 1.90724e-02 1.74179e-02 1.61388e-02 1.51079e-02 1.42320e-02 1.34483e-02 1.27194e-02 1.20265e-02 1.13628e-02 1.07277e-02 1.01238e-02 9.55452e-03 9.02310e-03 8.53156e-03 8.08065e-03 7.66968e-03 7.29672e-03 6.95897e-03 6.65302e-03 6.37529e-03 6.12218e-03 5.89036e-03 5.67678e-03 5.47875e-03 5.29400e-03 5.12059e-03 4.95693e-03 4.80171e-03 4.65385e-03 4.51245e-03 4.37677e-03 4.24624e-03 4.12037e-03 3.99881e-03 3.88132e-03 3.76775e-03 3.65802e-03 3.55211e-03 3.45004e-03 3.35187e-03 3.25765e-03 3.16742e-03 3.08119e-03 2.99895e-03 2.92063e-03 2.84613e-03 2.77528e-03 2.70790e-03 2.64376e-03 2.58263e-03 2.52424e-03 2.46834e-03 2.41469e-03 2.36304e-03 2.31318e-03 2.26490e-03 2.21803e-03 2.17241e-03 2.12792e-03 2.08447e-03 2.04198e-03 2.00041e-03 1.95973e-03 1.91994e-03 1.88107e-03 1.84314e-03 1.80622e-03 1.77034e-03 1.73559e-03 1.70202e-03 1.66970e-03 1.63867e-03 1.60899e-03 1.58065e-03 1.55367e-03 1.52801e-03 1.50364e-03 1.48049e-03 1.45850e-03 1.43758e-03 1.41765e-03 1.39861e-03 1.38034e-03 1.36273e-03 1.34564e-03 1.32895e-03 1.31249e-03 1.29611e-03 1.27962e-03 1.26286e-03 1.24565e-03 1.22783e-03 1.20925e-03 1.18979e-03 1.16935e-03 1.14790e-03 1.12542e-03 1.10198e-03 1.07765e-03 1.05259e-03 1.02695e-03 1.00091e-03 9.74687e-04 9.48456e-04 9.22393e-04 8.96647e-04 8.71336e-04 8.46543e-04 8.22320e-04 7.98690e-04 7.75648e-04 7.53174e-04 7.31231e-04 7.09777e-04 6.88767e-04 6.68160e-04 6.47919e-04 6.28017e-04 6.08436e-04 5.89168e-04 5.70218e-04 5.51597e-04 5.33324e-04 5.15424e-04 4.97924e-04 4.80851e-04 4.64229e-04 4.48077e-04 4.32408e-04 4.17223e-04 4.02516e-04 3.88268e-04 3.74449e-04 3.61020e-04 3.47932e-04 3.35129e-04 3.22551e-04 3.10135e-04 2.97820e-04 2.85551e-04 2.73277e-04 2.60961e-04 2.48573e-04 2.36100e-04 2.23540e-04 2.10908e-04 1.98228e-04 1.85537e-04 1.72884e-04 1.60324e-04 1.47918e-04 1.35729e-04 1.23825e-04 1.12270e-04 1.01127e-04 9.04526e-05 8.02994e-05 7.07124e-05 6.17293e-05 5.33793e-05 4.56839e-05 3.86559e-05 3.23004e-05 2.66149e-05 2.15896e-05 1.72078e-05 1.34460e-05 1.02737e-05 7.65359e-06 5.54129e-06 3.88550e-06 2.62897e-06 1.71017e-06 1.06597e-06 6.34894e-07 3.60718e-07 1.95397e-07 1.00926e-07 4.96372e-08 2.30776e-08 9.95136e-09 3.83256e-09 1.23270e-09 2.91678e-10 3.76073e-11 9.09469e-13
6.804870 2.89245e-01 1.35597e-01 3.87917e-02 2.95712e-02 2.52061e-02 2.22067e-02 1.99699e-02 1.82366e-02 1.68437e-02 1.56828e-02 1.46815e-02 1.37915e-02 1.29816e-02 1.22330e-02 1.15347e-02 1.08815e-02 1.02708e-02 9.70158e-03 9.17361e-03 8.68645e-03 8.23933e-03 7.83085e-03 7.45898e-03 7.12109e-03 6.81410e-03 6.53467e-03 6.27933e-03 6.04469e-03 5.82755e-03 5.62504e-03 5.43472e-03 5.25459e-03 5.08307e-03 4.91903e-03 4.76166e-03 4.61045e-03 4.46507e-03 4.32534e-03 4.19113e-03 4.06235e-03 3.93886e-03 3.82050e-03 3.70708e-03 3.59836e-03 3.49413e-03 3.39415e-03 3.29824e-03 3.20621e-03 3.11795e-03 3.03334e-03 2.95230e-03 2.87476e-03 2.80066e-03 2.72990e-03 2.66239e-03 2.59800e-03 2.53656e-03 2.47789e-03 2.42178e-03 2.36802e-03 2.31637e-03 2.26662e-03 2.21855e-03 2.17197e-03 2.12672e-03 2.08265e-03 2.03965e-03 1.99763e-03 1.95652e-03 1.91629e-03 1.87691e-03 1.83840e-03 1.80079e-03 1.76410e-03 1.72840e-03 1.69374e-03 1.66019e-03 1.62781e-03 1.59663e-03 1.56670e-03 1.53803e-03 1.51064e-03 1.48451e-03 1.45962e-03 1.43594e-03 1.41342e-03 1.39198e-03 1.37155e-03 1.35205e-03 1.33336e-03 1.31539e-03 1.29799e-03 1.28105e-03 1.26443e-03 1.24796e-03 1.23150e-03 1.21488e-03 1.19793e-03 1.18048e-03 1.16239e-03 1.14352e-03 1.12378e-03 1.10309e-03 1.08145e-03 1.05888e-03 1.03546e-03 1.01131e-03 9.86576e-04 9.61444e-04 9.36097e-04 9.10718e-04 8.85478e-04 8.60523e-04 8.35973e-04 8.11913e-04 7.88399e-04 7.65454e-04 7.43079e-04 7.21253e-04 6.99945e-04 6.79114e-04 6.58719e-04 6.38720e-04 6.19085e-04 5.99787e-04 5.80811e-04 5.62151e-04 5.43809e-04 5.25798e-04 5.08136e-04 4.90849e-04 4.73964e-04 4.57508e-04 4.41508e-04 4.25984e-04 4.10950e-04 3.96409e-04 3.82352e-04 3.68760e-04 3.55602e-04 3.42834e-04 3.30402e-04 3.18248e-04 3.06305e-04 2.94507e-04 2.82788e-04 2.71090e-04 2.59360e-04 2.47558e-04 2.35655e-04 2.23638e-04 2.11509e-04 1.99282e-04 1.86987e-04 1.74666e-04 1.62370e-04 1.50161e-04 1.38102e-04 1.26263e-04 1.14714e-04 1.03524e-04 9.27557e-05 8.24707e-05 7.27217e-05 6.35546e-05 5.50069e-05 4.71074e-05 3.98760e-05 3.33237e-05 2.74533e-05 2.22589e-05 1.77268e-05 1.38354e-05 1.05549e-05 7.84766e-06 5.66806e-06 3.96273e-06 2.67177e-06 1.73069e-06 1.07333e-06 6.35462e-07 3.58516e-07 1.92667e-07 9.86837e-08 4.81583e-08 2.22660e-08 9.58560e-09 3.70375e-09 1.20077e-09 2.87269e-10 3.74519e-11 9.12804e-13
6.904942 2.85441e-01 1.35959e-01 3.90538e-02 2.94499e-02 2.50437e-02 2.20920e-02 1.99287e-02 1.82908e-02 1.70022e-02 1.59340e-02 1.49986e-02 1.41431e-02 1.33405e-02 1.25798e-02 1.18585e-02 1.11774e-02 1.05382e-02 9.94225e-03 9.38993e-03 8.88096e-03 8.41433e-03 7.98843e-03 7.60104e-03 7.24947e-03 6.93063e-03 6.64117e-03 6.37760e-03 6.13651e-03 5.91463e-03 5.70896e-03 5.51686e-03 5.33602e-03 5.16451e-03 5.00076e-03 4.84353e-03 4.69188e-03 4.54515e-03 4.40290e-03 4.26489e-03 4.13104e-03 4.00136e-03 3.87596e-03 3.75501e-03 3.63865e-03 3.52704e-03 3.42027e-03 3.31837e-03 3.22130e-03 3.12894e-03 3.04111e-03 2.95759e-03 2.87813e-03 2.80247e-03 2.73034e-03 2.66151e-03 2.59575e-03 2.53287e-03 2.47267e-03 2.41498e-03 2.35963e-03 2.30645e-03 2.25528e-03 2.20592e-03 2.15821e-03 2.11197e-03 2.06704e-03 2.02328e-03 1.98057e-03 1.93881e-03 1.89794e-03 1.85793e-03 1.81877e-03 1.78048e-03 1.74309e-03 1.70665e-03 1.67119e-03 1.63678e-03 1.60345e-03 1.57126e-03 1.54023e-03 1.51039e-03 1.48177e-03 1.45436e-03 1.42816e-03 1.40316e-03 1.37931e-03 1.35656e-03 1.33487e-03 1.31414e-03 1.29431e-03 1.27527e-03 1.25694e-03 1.23921e-03 1.22196e-03 1.20508e-03 1.18843e-03 1.17186e-03 1.15523e-03 1.13838e-03 1.12116e-03 1.10342e-03 1.08504e-03 1.06592e-03 1.04598e-03 1.02521e-03 1.00360e-03 9.81227e-04 9.58179e-04 9.34587e-04 9.10606e-04 8.86407e-04 8.62160e-04 8.38027e-04 8.14150e-04 7.90647e-04 7.67605e-04 7.45081e-04 7.23102e-04 7.01670e-04 6.80770e-04 6.60370e-04 6.40432e-04 6.20915e-04 6.01780e-04 5.82995e-04 5.64537e-04 5.46389e-04 5.28549e-04 5.11021e-04 4.93821e-04 4.76968e-04 4.60490e-04 4.44415e-04 4.28773e-04 4.13588e-04 3.98882e-04 3.84667e-04 3.70946e-04 3.57710e-04 3.44937e-04 3.32592e-04 3.20628e-04 3.08989e-04 2.97611e-04 2.86424e-04 2.75358e-04 2.64346e-04 2.53327e-04 2.42248e-04 2.31068e-04 2.19762e-04 2.08317e-04 1.96739e-04 1.85046e-04 1.73272e-04 1.61463e-04 1.49676e-04 1.37973e-04 1.26424e-04 1.15100e-04 1.04075e-04 9.34183e-05 8.31951e-05 7.34660e-05 6.42841e-05 5.56942e-05 4.77322e-05 4.04250e-05 3.37900e-05 2.78353e-05 2.25598e-05 1.79533e-05 1.39969e-05 1.06624e-05 7.91272e-06 5.70173e-06 3.97501e-06 2.67096e-06 1.72316e-06 1.06351e-06 6.26040e-07 3.50818e-07 1.87077e-07 9.50278e-08 4.60122e-08 2.11529e-08 9.09059e-09 3.52430e-09 1.15200e-09 2.78712e-10 3.67426e-11 9.02435e-13
7.005013 2.77482e-01 1.35450e-01 4.09303e-02 3.08351e-02 2.60371e-02 2.28074e-02 2.04379e-02 1.86384e-02 1.72292e-02 1.60822e-02 1.51062e-02 1.42400e-02 1.34456e-02 1.27020e-02 1.19994e-02 1.13343e-02 1.07064e-02 1.01174e-02 9.56858e-03 9.06107e-03 8.59480e-03 8.16852e-03 7.77992e-03 7.42588e-03 7.10281e-03 6.80701e-03 6.53493e-03 6.28336e-03 6.04950e-03 5.83100e-03 5.62590e-03 5.43260e-03 5.24978e-03 5.07632e-03 4.91126e-03 4.75373e-03 4.60297e-03 4.45828e-03 4.31903e-03 4.18470e-03 4.05487e-03 3.92923e-03 3.80760e-03 3.68987e-03 3.57603e-03 3.46613e-03 3.36024e-03 3.25845e-03 3.16086e-03 3.06751e-03 2.97845e-03 2.89365e-03 2.81305e-03 2.73653e-03 2.66393e-03 2.59504e-03 2.52962e-03 2.46742e-03 2.40816e-03 2.35157e-03 2.29739e-03 2.24536e-03 2.19526e-03 2.14687e-03 2.10000e-03 2.05450e-03 2.01021e-03 1.96701e-03 1.92480e-03 1.88349e-03 1.84303e-03 1.80337e-03 1.76451e-03 1.72645e-03 1.68920e-03 1.65282e-03 1.61736e-03 1.58287e-03 1.54942e-03 1.51706e-03 1.48584e-03 1.45580e-03 1.42696e-03 1.39933e-03 1.37290e-03 1.34764e-03 1.32352e-03 1.30049e-03 1.27850e-03 1.25748e-03 1.23736e-03 1.21805e-03 1.19946e-03 1.18150e-03 1.16405e-03 1.14699e-03 1.13021e-03 1.11356e-03 1.09691e-03 1.08012e-03 1.06305e-03 1.04557e-03 1.02757e-03 1.00895e-03 9.89650e-04 9.69632e-04 9.48902e-04 9.27505e-04 9.05521e-04 8.83060e-04 8.60255e-04 8.37255e-04 8.14209e-04 7.91262e-04 7.68543e-04 7.46160e-04 7.24195e-04 7.02706e-04 6.81723e-04 6.61253e-04 6.41286e-04 6.21796e-04 6.02749e-04 5.84108e-04 5.65838e-04 5.47907e-04 5.30291e-04 5.12977e-04 4.95959e-04 4.79245e-04 4.62850e-04 4.46796e-04 4.31113e-04 4.15829e-04 4.00978e-04 3.86584e-04 3.72671e-04 3.59251e-04 3.46325e-04 3.33883e-04 3.21900e-04 3.10341e-04 2.99155e-04 2.88282e-04 2.77654e-04 2.67199e-04 2.56844e-04 2.46520e-04 2.36163e-04 2.25720e-04 2.15152e-04 2.04434e-04 1.93556e-04 1.82527e-04 1.71367e-04 1.60116e-04 1.48823e-04 1.37547e-04 1.26356e-04 1.15322e-04 1.04521e-04 9.40250e-05 8.39071e-05 7.42334e-05 6.50645e-05 5.64527e-05 4.84419e-05 4.10664e-05 3.43508e-05 2.83095e-05 2.29472e-05 1.82582e-05 1.42271e-05 1.08282e-05 8.02543e-06 5.77305e-06 4.01587e-06 2.69096e-06 1.73009e-06 1.06321e-06 6.22541e-07 3.46577e-07 1.83366e-07 9.23203e-08 4.43062e-08 2.02258e-08 8.66602e-09 3.36796e-09 1.10940e-09 2.71345e-10 3.61586e-11 8.94667e-13
7.105085 2.71570e-01 1.33744e-01 4.08031e-02 3.11584e-02 2.65511e-02 2.34123e-02 2.10870e-02 1.92917e-02 1.78477e-02 1.66367e-02 1.55820e-02 1.46359e-02 1.37702e-02 1.29686e-02 1.22227e-02 1.15277e-02 1.08811e-02 1.02812e-02 9.72658e-03 9.21557e-03 8.74628e-03 8.31651e-03 7.92375e-03 7.56529e-03 7.23819e-03 6.93938e-03 6.66566e-03 6.41379e-03 6.18062e-03 5.96318e-03 5.75877e-03 5.56511e-03 5.38033e-03 5.20300e-03 5.03208e-03 4.86690e-03 4.70707e-03 4.55243e-03 4.40298e-03 4.25880e-03 4.11997e-03 3.98656e-03 3.85859e-03 3.73596e-03 3.61853e-03 3.50609e-03 3.39838e-03 3.29517e-03 3.19621e-03 3.10133e-03 3.01037e-03 2.92322e-03 2.83981e-03 2.76006e-03 2.68391e-03 2.61130e-03 2.54212e-03 2.47624e-03 2.41351e-03 2.35375e-03 2.29675e-03 2.24230e-03 2.19015e-03 2.14009e-03 2.09190e-03 2.04535e-03 2.00025e-03 1.95643e-03 1.91374e-03 1.87205e-03 1.83125e-03 1.79126e-03 1.75206e-03 1.71359e-03 1.67587e-03 1.63892e-03 1.60277e-03 1.56746e-03 1.53305e-03 1.49959e-03 1.46715e-03 1.43576e-03 1.40546e-03 1.37630e-03 1.34827e-03 1.32139e-03 1.29565e-03 1.27103e-03 1.24749e-03 1.22499e-03 1.20346e-03 1.18286e-03 1.16309e-03 1.14409e-03 1.12576e-03 1.10801e-03 1.09072e-03 1.07378e-03 1.05708e-03 1.04046e-03 1.02381e-03 1.00698e-03 9.89845e-04 9.72285e-04 9.54206e-04 9.35540e-04 9.16253e-04 8.96345e-04 8.75854e-04 8.54848e-04 8.33428e-04 8.11711e-04 7.89831e-04 7.67923e-04 7.46116e-04 7.24527e-04 7.03253e-04 6.82370e-04 6.61929e-04 6.41956e-04 6.22459e-04 6.03428e-04 5.84841e-04 5.66669e-04 5.48879e-04 5.31440e-04 5.14324e-04 4.97510e-04 4.80987e-04 4.64752e-04 4.48812e-04 4.33184e-04 4.17890e-04 4.02962e-04 3.88430e-04 3.74327e-04 3.60682e-04 3.47517e-04 3.34847e-04 3.22672e-04 3.10981e-04 2.99749e-04 2.88935e-04 2.78488e-04 2.68344e-04 2.58432e-04 2.48677e-04 2.39003e-04 2.29339e-04 2.19619e-04 2.09792e-04 1.99818e-04 1.89672e-04 1.79349e-04 1.68858e-04 1.58226e-04 1.47493e-04 1.36713e-04 1.25948e-04 1.15270e-04 1.04755e-04 9.44776e-05 8.45156e-05 7.49411e-05 6.58214e-05 5.72169e-05 4.91793e-05 4.17510e-05 3.49644e-05 2.88413e-05 2.33927e-05 1.86186e-05 1.45079e-05 1.10380e-05 8.17508e-06 5.87407e-06 4.07965e-06 2.72785e-06 1.74888e-06 1.07082e-06 6.24019e-07 3.45276e-07 1.81279e-07 9.04441e-08 4.29927e-08 1.94677e-08 8.30666e-09 3.23342e-09 1.07275e-09 2.65157e-10 3.57029e-11 8.89646e-13
7.205157 2.67594e-01 1.33855e-01 4.09566e-02 3.10652e-02 2.64491e-02 2.33461e-02 2.10695e-02 1.93435e-02 1.79835e-02 1.68553e-02 1.58676e-02 1.49654e-02 1.41195e-02 1.33177e-02 1.25571e-02 1.18393e-02 1.11670e-02 1.05421e-02 9.96515e-03 9.43515e-03 8.94995e-03 8.50664e-03 8.10191e-03 7.73229e-03 7.39432e-03 7.08465e-03 6.80006e-03 6.53753e-03 6.29427e-03 6.06778e-03 5.85583e-03 5.65643e-03 5.46782e-03 5.28845e-03 5.11695e-03 4.95212e-03 4.79298e-03 4.63876e-03 4.48892e-03 4.34313e-03 4.20123e-03 4.06323e-03 3.92927e-03 3.79952e-03 3.67423e-03 3.55362e-03 3.43788e-03 3.32717e-03 3.22153e-03 3.12096e-03 3.02534e-03 2.93451e-03 2.84823e-03 2.76625e-03 2.68828e-03 2.61405e-03 2.54331e-03 2.47582e-03 2.41136e-03 2.34975e-03 2.29082e-03 2.23440e-03 2.18032e-03 2.12842e-03 2.07851e-03 2.03041e-03 1.98394e-03 1.93893e-03 1.89519e-03 1.85260e-03 1.81102e-03 1.77037e-03 1.73056e-03 1.69155e-03 1.65331e-03 1.61585e-03 1.57918e-03 1.54331e-03 1.50828e-03 1.47412e-03 1.44090e-03 1.40863e-03 1.37738e-03 1.34718e-03 1.31805e-03 1.29001e-03 1.26306e-03 1.23721e-03 1.21242e-03 1.18866e-03 1.16590e-03 1.14409e-03 1.12316e-03 1.10306e-03 1.08372e-03 1.06507e-03 1.04702e-03 1.02948e-03 1.01236e-03 9.95545e-04 9.78918e-04 9.62356e-04 9.45734e-04 9.28932e-04 9.11837e-04 8.94353e-04 8.76409e-04 8.57958e-04 8.38989e-04 8.19524e-04 7.99615e-04 7.79347e-04 7.58823e-04 7.38161e-04 7.17484e-04 6.96911e-04 6.76548e-04 6.56486e-04 6.36791e-04 6.17510e-04 5.98666e-04 5.80264e-04 5.62293e-04 5.44732e-04 5.27550e-04 5.10718e-04 4.94208e-04 4.77994e-04 4.62061e-04 4.46400e-04 4.31012e-04 4.15910e-04 4.01111e-04 3.86642e-04 3.72535e-04 3.58822e-04 3.45537e-04 3.32711e-04 3.20365e-04 3.08512e-04 2.97153e-04 2.86276e-04 2.75851e-04 2.65837e-04 2.56178e-04 2.46808e-04 2.37653e-04 2.28634e-04 2.19677e-04 2.10706e-04 2.01660e-04 1.92485e-04 1.83145e-04 1.73619e-04 1.63902e-04 1.54010e-04 1.43971e-04 1.33830e-04 1.23643e-04 1.13478e-04 1.03406e-04 9.35058e-05 8.38547e-05 7.45291e-05 6.56016e-05 5.71385e-05 4.91987e-05 4.18316e-05 3.50770e-05 2.89637e-05 2.35094e-05 1.87197e-05 1.45884e-05 1.10970e-05 8.21413e-06 5.89657e-06 4.08967e-06 2.72946e-06 1.74561e-06 1.06538e-06 6.18237e-07 3.40206e-07 1.77374e-07 8.77526e-08 4.13353e-08 1.85694e-08 7.89033e-09 3.07600e-09 1.02776e-09 2.56668e-10 3.49078e-11 8.75687e-13
7.305228 2.58163e-01 1.33112e-01 4.34408e-02 3.29259e-02 2.77902e-02 2.43311e-02 2.17860e-02 1.98373e-02 1.82989e-02 1.70430e-02 1.59774e-02 1.50382e-02 1.41843e-02 1.33923e-02 1.26504e-02 1.19537e-02 1.13007e-02 1.06911e-02 1.01245e-02 9.60030e-03 9.11722e-03 8.67346e-03 8.26673e-03 7.89426e-03 7.55293e-03 7.23939e-03 6.95025e-03 6.68231e-03 6.43264e-03 6.19868e-03 5.97828e-03 5.76965e-03 5.57134e-03 5.38216e-03 5.20119e-03 5.02767e-03 4.86100e-03 4.70068e-03 4.54630e-03 4.39745e-03 4.25378e-03 4.11497e-03 3.98072e-03 3.85080e-03 3.72505e-03 3.60337e-03 3.48573e-03 3.37218e-03 3.26278e-03 3.15762e-03 3.05679e-03 2.96036e-03 2.86837e-03 2.78081e-03 2.69762e-03 2.61867e-03 2.54381e-03 2.47285e-03 2.40554e-03 2.34163e-03 2.28086e-03 2.22297e-03 2.16767e-03 2.11474e-03 2.06392e-03 2.01499e-03 1.96776e-03 1.92205e-03 1.87768e-03 1.83452e-03 1.79244e-03 1.75131e-03 1.71106e-03 1.67160e-03 1.63288e-03 1.59488e-03 1.55759e-03 1.52102e-03 1.48521e-03 1.45020e-03 1.41605e-03 1.38281e-03 1.35053e-03 1.31925e-03 1.28902e-03 1.25985e-03 1.23176e-03 1.20475e-03 1.17881e-03 1.15392e-03 1.13006e-03 1.10718e-03 1.08524e-03 1.06419e-03 1.04396e-03 1.02450e-03 1.00572e-03 9.87555e-04 9.69919e-04 9.52722e-04 9.35871e-04 9.19265e-04 9.02800e-04 8.86369e-04 8.69867e-04 8.53194e-04 8.36263e-04 8.19006e-04 8.01374e-04 7.83348e-04 7.64936e-04 7.46175e-04 7.27124e-04 7.07866e-04 6.88496e-04 6.69115e-04 6.49824e-04 6.30717e-04 6.11874e-04 5.93357e-04 5.75211e-04 5.57459e-04 5.40109e-04 5.23152e-04 5.06569e-04 4.90334e-04 4.74419e-04 4.58798e-04 4.43449e-04 4.28358e-04 4.13518e-04 3.98934e-04 3.84619e-04 3.70596e-04 3.56894e-04 3.43547e-04 3.30591e-04 3.18061e-04 3.05989e-04 2.94398e-04 2.83300e-04 2.72696e-04 2.62573e-04 2.52900e-04 2.43633e-04 2.34715e-04 2.26076e-04 2.17641e-04 2.09330e-04 2.01065e-04 1.92773e-04 1.84388e-04 1.75861e-04 1.67155e-04 1.58252e-04 1.49150e-04 1.39864e-04 1.30429e-04 1.20891e-04 1.11310e-04 1.01753e-04 9.22963e-05 8.30180e-05 7.39970e-05 6.53100e-05 5.70291e-05 4.92197e-05 4.19389e-05 3.52341e-05 2.91419e-05 2.36872e-05 1.88827e-05 1.47280e-05 1.12092e-05 8.29909e-06 5.95679e-06 4.12926e-06 2.75313e-06 1.75793e-06 1.07035e-06 6.18985e-07 3.38965e-07 1.75554e-07 8.61103e-08 4.01620e-08 1.78740e-08 7.54993e-09 2.94316e-09 9.89260e-10 2.49415e-10 3.42416e-11 8.64392e-13
7.405300 2.55845e-01 1.31526e-01 4.17338e-02 3.21754e-02 2.76188e-02 2.44789e-02 2.21363e-02 2.03271e-02 1.88688e-02 1.76351e-02 1.65452e-02 1.55519e-02 1.46302e-02 1.37688e-02 1.29638e-02 1.22144e-02 1.15204e-02 1.08809e-02 1.02941e-02 9.75698e-03 9.26626e-03 8.81820e-03 8.40892e-03 8.03461e-03 7.69157e-03 7.37630e-03 7.08551e-03 6.81621e-03 6.56559e-03 6.33110e-03 6.11040e-03 5.90136e-03 5.70212e-03 5.51114e-03 5.32717e-03 5.14927e-03 4.97681e-03 4.80942e-03 4.64690e-03 4.48923e-03 4.33645e-03 4.18870e-03 4.04607e-03 3.90867e-03 3.77654e-03 3.64966e-03 3.52794e-03 3.41125e-03 3.29941e-03 3.19225e-03 3.08958e-03 2.99123e-03 2.89704e-03 2.80691e-03 2.72073e-03 2.63841e-03 2.55988e-03 2.48504e-03 2.41380e-03 2.34603e-03 2.28158e-03 2.22027e-03 2.16192e-03 2.10629e-03 2.05318e-03 2.00235e-03 1.95357e-03 1.90663e-03 1.86132e-03 1.81744e-03 1.77483e-03 1.73331e-03 1.69277e-03 1.65308e-03 1.61416e-03 1.57596e-03 1.53843e-03 1.50157e-03 1.46538e-03 1.42989e-03 1.39513e-03 1.36115e-03 1.32800e-03 1.29574e-03 1.26441e-03 1.23406e-03 1.20473e-03 1.17644e-03 1.14921e-03 1.12305e-03 1.09795e-03 1.07387e-03 1.05080e-03 1.02868e-03 1.00747e-03 9.87116e-04 9.67552e-04 9.48715e-04 9.30531e-04 9.12921e-04 8.95799e-04 8.79073e-04 8.62645e-04 8.46415e-04 8.30280e-04 8.14144e-04 7.97915e-04 7.81516e-04 7.64886e-04 7.47982e-04 7.30786e-04 7.13302e-04 6.95558e-04 6.77603e-04 6.59503e-04 6.41334e-04 6.23180e-04 6.05123e-04 5.87238e-04 5.69591e-04 5.52234e-04 5.35201e-04 5.18514e-04 5.02177e-04 4.86185e-04 4.70521e-04 4.55165e-04 4.40094e-04 4.25284e-04 4.10720e-04 3.96389e-04 3.82291e-04 3.68431e-04 3.54827e-04 3.41504e-04 3.28494e-04 3.15835e-04 3.03565e-04 2.91721e-04 2.80338e-04 2.69439e-04 2.59037e-04 2.49133e-04 2.39710e-04 2.30738e-04 2.22170e-04 2.13946e-04 2.05994e-04 1.98237e-04 1.90593e-04 1.82984e-04 1.75334e-04 1.67581e-04 1.59675e-04 1.51581e-04 1.43282e-04 1.34780e-04 1.26094e-04 1.17259e-04 1.08325e-04 9.93527e-05 9.04135e-05 8.15835e-05 7.29419e-05 6.45678e-05 5.65375e-05 4.89220e-05 4.17850e-05 3.51812e-05 2.91547e-05 2.37378e-05 1.89502e-05 1.47977e-05 1.12722e-05 8.35051e-06 5.99521e-06 4.15545e-06 2.76912e-06 1.76628e-06 1.07355e-06 6.19148e-07 3.37688e-07 1.73888e-07 8.46375e-08 3.91109e-08 1.72477e-08 7.24097e-09 2.82144e-09 9.53559e-10 2.42577e-10 3.35971e-11 8.53084e-13
7.505371 2.47847e-01 1.31981e-01 4.39897e-02 3.32785e-02 2.81178e-02 2.46940e-02 2.22123e-02 2.03451e-02 1.88887e-02 1.76962e-02 1.66643e-02 1.57276e-02 1.48510e-02 1.40202e-02 1.32323e-02 1.24895e-02 1.17946e-02 1.11493e-02 1.05533e-02 1.00049e-02 9.50137e-03 9.03928e-03 8.61511e-03 8.22543e-03 7.86699e-03 7.53676e-03 7.23190e-03 6.94971e-03 6.68766e-03 6.44333e-03 6.21444e-03 5.99894e-03 5.79494e-03 5.60081e-03 5.41511e-03 5.23662e-03 5.06431e-03 4.89736e-03 4.73510e-03 4.57709e-03 4.42301e-03 4.27275e-03 4.12632e-03 3.98382e-03 3.84546e-03 3.71147e-03 3.58211e-03 3.45761e-03 3.33814e-03 3.22385e-03 3.11476e-03 3.01084e-03 2.91200e-03 2.81804e-03 2.72876e-03 2.64391e-03 2.56323e-03 2.48646e-03 2.41337e-03 2.34373e-03 2.27734e-03 2.21401e-03 2.15356e-03 2.09583e-03 2.04063e-03 1.98780e-03 1.93716e-03 1.88852e-03 1.84169e-03 1.79648e-03 1.75271e-03 1.71022e-03 1.66886e-03 1.62850e-03 1.58904e-03 1.55041e-03 1.51253e-03 1.47538e-03 1.43894e-03 1.40319e-03 1.36816e-03 1.33386e-03 1.30033e-03 1.26761e-03 1.23574e-03 1.20477e-03 1.17473e-03 1.14566e-03 1.11757e-03 1.09049e-03 1.06442e-03 1.03935e-03 1.01526e-03 9.92145e-04 9.69965e-04 9.48686e-04 9.28267e-04 9.08657e-04 8.89801e-04 8.71637e-04 8.54093e-04 8.37094e-04 8.20555e-04 8.04387e-04 7.88494e-04 7.72782e-04 7.57154e-04 7.41522e-04 7.25807e-04 7.09946e-04 6.93893e-04 6.77626e-04 6.61144e-04 6.44468e-04 6.27638e-04 6.10710e-04 5.93749e-04 5.76825e-04 5.60005e-04 5.43353e-04 5.26921e-04 5.10750e-04 4.94865e-04 4.79281e-04 4.63999e-04 4.49009e-04 4.34298e-04 4.19845e-04 4.05631e-04 3.91640e-04 3.77858e-04 3.64282e-04 3.50914e-04 3.37767e-04 3.24861e-04 3.12227e-04 2.99899e-04 2.87919e-04 2.76328e-04 2.65166e-04 2.54467e-04 2.44256e-04 2.34546e-04 2.25337e-04 2.16611e-04 2.08335e-04 2.00460e-04 1.92923e-04 1.85652e-04 1.78566e-04 1.71584e-04 1.64626e-04 1.57619e-04 1.50501e-04 1.43223e-04 1.35753e-04 1.28078e-04 1.20202e-04 1.12146e-04 1.03948e-04 9.56599e-05 8.73448e-05 7.90744e-05 7.09254e-05 6.29767e-05 5.53066e-05 4.79896e-05 4.10946e-05 3.46821e-05 2.88029e-05 2.34962e-05 1.87884e-05 1.46920e-05 1.12043e-05 8.30721e-06 5.96741e-06 4.13712e-06 2.75650e-06 1.75716e-06 1.06669e-06 6.13918e-07 3.33738e-07 1.71012e-07 8.26677e-08 3.78739e-08 1.65548e-08 6.90646e-09 2.68862e-09 9.13129e-10 2.34229e-10 3.27067e-11 8.34951e-13
7.605443 2.41033e-01 1.29891e-01 4.42923e-02 3.40931e-02 2.90655e-02 2.56168e-02 2.30449e-02 2.10538e-02 1.94588e-02 1.81327e-02 1.69879e-02 1.59668e-02 1.50346e-02 1.41720e-02 1.33696e-02 1.26230e-02 1.19300e-02 1.12886e-02 1.06969e-02 1.01524e-02 9.65246e-03 9.19392e-03 8.77351e-03 8.38776e-03 8.03308e-03 7.70587e-03 7.40262e-03 7.12005e-03 6.85523e-03 6.60565e-03 6.36924e-03 6.14434e-03 5.92966e-03 5.72421e-03 5.52720e-03 5.33801e-03 5.15608e-03 4.98092e-03 4.81209e-03 4.64913e-03 4.49166e-03 4.33929e-03 4.19170e-03 4.04860e-03 3.90979e-03 3.77515e-03 3.64461e-03 3.51818e-03 3.39592e-03 3.27792e-03 3.16429e-03 3.05514e-03 2.95057e-03 2.85064e-03 2.75537e-03 2.66474e-03 2.57869e-03 2.49709e-03 2.41977e-03 2.34653e-03 2.27712e-03 2.21129e-03 2.14878e-03 2.08931e-03 2.03263e-03 1.97849e-03 1.92666e-03 1.87692e-03 1.82907e-03 1.78293e-03 1.73832e-03 1.69509e-03 1.65306e-03 1.61213e-03 1.57215e-03 1.53302e-03 1.49467e-03 1.45703e-03 1.42007e-03 1.38377e-03 1.34815e-03 1.31323e-03 1.27905e-03 1.24566e-03 1.21309e-03 1.18139e-03 1.15061e-03 1.12077e-03 1.09191e-03 1.06403e-03 1.03716e-03 1.01128e-03 9.86389e-04 9.62471e-04 9.39498e-04 9.17438e-04 8.96255e-04 8.75907e-04 8.56349e-04 8.37533e-04 8.19408e-04 8.01916e-04 7.84995e-04 7.68576e-04 7.52584e-04 7.36937e-04 7.21552e-04 7.06342e-04 6.91225e-04 6.76128e-04 6.60985e-04 6.45748e-04 6.30386e-04 6.14887e-04 5.99257e-04 5.83521e-04 5.67718e-04 5.51898e-04 5.36117e-04 5.20430e-04 5.04890e-04 4.89542e-04 4.74418e-04 4.59540e-04 4.44919e-04 4.30553e-04 4.16435e-04 4.02547e-04 3.88874e-04 3.75398e-04 3.62104e-04 3.48985e-04 3.36039e-04 3.23275e-04 3.10710e-04 2.98370e-04 2.86289e-04 2.74508e-04 2.63071e-04 2.52023e-04 2.41406e-04 2.31258e-04 2.21605e-04 2.12461e-04 2.03824e-04 1.95679e-04 1.87989e-04 1.80704e-04 1.73762e-04 1.67086e-04 1.60596e-04 1.54209e-04 1.47844e-04 1.41429e-04 1.34900e-04 1.28212e-04 1.21333e-04 1.14250e-04 1.06970e-04 9.95160e-05 9.19270e-05 8.42563e-05 7.65683e-05 6.89350e-05 6.14336e-05 5.41427e-05 4.71395e-05 4.04972e-05 3.42821e-05 2.85518e-05 2.33527e-05 1.87187e-05 1.46693e-05 1.12086e-05 8.32435e-06 5.98815e-06 4.15611e-06 2.77127e-06 1.76713e-06 1.07245e-06 6.16529e-07 3.34364e-07 1.70631e-07 8.19657e-08 3.72346e-08 1.61222e-08 6.67553e-09 2.59247e-09 8.83631e-10 2.28314e-10 3.21168e-11 8.23911e-13
7.705515 2.38154e-01 1.29515e-01 4.37898e-02 3.37044e-02 2.88327e-02 2.55305e-02 2.30980e-02 2.12384e-02 1.97528e-02 1.85015e-02 1.73931e-02 1.63752e-02 1.54225e-02 1.45261e-02 1.36851e-02 1.29010e-02 1.21746e-02 1.15053e-02 1.08909e-02 1.03280e-02 9.81293e-03 9.34167e-03 8.91025e-03 8.51480e-03 8.15162e-03 7.81722e-03 7.50835e-03 7.22197e-03 6.95531e-03 6.70580e-03 6.47105e-03 6.24889e-03 6.03734e-03 5.83465e-03 5.63934e-03 5.45022e-03 5.26642e-03 5.08734e-03 4.91265e-03 4.74225e-03 4.57621e-03 4.41469e-03 4.25791e-03 4.10611e-03 3.95947e-03 3.81812e-03 3.68211e-03 3.55141e-03 3.42591e-03 3.30549e-03 3.18997e-03 3.07917e-03 2.97296e-03 2.87118e-03 2.77373e-03 2.68051e-03 2.59146e-03 2.50648e-03 2.42550e-03 2.34842e-03 2.27515e-03 2.20555e-03 2.13947e-03 2.07674e-03 2.01715e-03 1.96051e-03 1.90658e-03 1.85513e-03 1.80592e-03 1.75873e-03 1.71334e-03 1.66953e-03 1.62711e-03 1.58591e-03 1.54578e-03 1.50659e-03 1.46824e-03 1.43064e-03 1.39373e-03 1.35747e-03 1.32183e-03 1.28682e-03 1.25246e-03 1.21877e-03 1.18579e-03 1.15358e-03 1.12219e-03 1.09167e-03 1.06207e-03 1.03343e-03 1.00578e-03 9.79140e-04 9.53514e-04 9.28893e-04 9.05261e-04 8.82591e-04 8.60852e-04 8.40002e-04 8.20001e-04 8.00799e-04 7.82345e-04 7.64585e-04 7.47460e-04 7.30908e-04 7.14864e-04 6.99261e-04 6.84027e-04 6.69091e-04 6.54381e-04 6.39828e-04 6.25367e-04 6.10944e-04 5.96513e-04 5.82043e-04 5.67517e-04 5.52935e-04 5.38308e-04 5.23660e-04 5.09026e-04 4.94442e-04 4.79948e-04 4.65583e-04 4.51376e-04 4.37353e-04 4.23530e-04 4.09911e-04 3.96496e-04 3.83275e-04 3.70234e-04 3.57360e-04 3.44637e-04 3.32056e-04 3.19613e-04 3.07311e-04 2.95163e-04 2.83193e-04 2.71430e-04 2.59915e-04 2.48693e-04 2.37812e-04 2.27321e-04 2.17266e-04 2.07685e-04 1.98605e-04 1.90040e-04 1.81990e-04 1.74434e-04 1.67338e-04 1.60649e-04 1.54302e-04 1.48221e-04 1.42325e-04 1.36529e-04 1.30756e-04 1.24932e-04 1.18997e-04 1.12907e-04 1.06632e-04 1.00163e-04 9.35068e-05 8.66891e-05 7.97504e-05 7.27449e-05 6.57371e-05 5.87987e-05 5.20058e-05 4.54351e-05 3.91615e-05 3.32548e-05 2.77772e-05 2.27808e-05 1.83058e-05 1.43781e-05 1.10084e-05 8.19030e-06 5.90078e-06 4.10068e-06 2.73696e-06 1.74630e-06 1.05992e-06 6.08967e-07 3.29727e-07 1.67745e-07 8.01748e-08 3.61638e-08 1.55310e-08 6.38772e-09 2.47529e-09 8.46470e-10 2.20171e-10 3.11793e-11 8.03389e-13
7.805586 2.30197e-01 1.29220e-01 4.56834e-02 3.47973e-02 2.94750e-02 2.59188e-02 2.33280e-02 2.13718e-02 1.98409e-02 1.85845e-02 1.74974e-02 1.65131e-02 1.55954e-02 1.47281e-02 1.39072e-02 1.31337e-02 1.24101e-02 1.17383e-02 1.11187e-02 1.05498e-02 1.00289e-02 9.55219e-03 9.11529e-03 8.71365e-03 8.34300e-03 7.99952e-03 7.67998e-03 7.38167e-03 7.10230e-03 6.83992e-03 6.59280e-03 6.35934e-03 6.13809e-03 5.92767e-03 5.72681e-03 5.53432e-03 5.34912e-03 5.17023e-03 4.99677e-03 4.82804e-03 4.66347e-03 4.50267e-03 4.34544e-03 4.19170e-03 4.04154e-03 3.89515e-03 3.75281e-03 3.61483e-03 3.48150e-03 3.35313e-03 3.22995e-03 3.11210e-03 2.99966e-03 2.89260e-03 2.79079e-03 2.69408e-03 2.60221e-03 2.51494e-03 2.43200e-03 2.35312e-03 2.27807e-03 2.20663e-03 2.13861e-03 2.07381e-03 2.01206e-03 1.95321e-03 1.89707e-03 1.84348e-03 1.79225e-03 1.74321e-03 1.69616e-03 1.65091e-03 1.60729e-03 1.56512e-03 1.52423e-03 1.48447e-03 1.44571e-03 1.40784e-03 1.37077e-03 1.33443e-03 1.29876e-03 1.26375e-03 1.22938e-03 1.19566e-03 1.16262e-03 1.13027e-03 1.09868e-03 1.06786e-03 1.03787e-03 1.00875e-03 9.80537e-04 9.53252e-04 9.26921e-04 9.01559e-04 8.77170e-04 8.53752e-04 8.31289e-04 8.09761e-04 7.89138e-04 7.69382e-04 7.50450e-04 7.32296e-04 7.14865e-04 6.98102e-04 6.81945e-04 6.66329e-04 6.51186e-04 6.36446e-04 6.22038e-04 6.07892e-04 5.93943e-04 5.80131e-04 5.66407e-04 5.52730e-04 5.39072e-04 5.25417e-04 5.11761e-04 4.98109e-04 4.84478e-04 4.70889e-04 4.57368e-04 4.43939e-04 4.30627e-04 4.17450e-04 4.04423e-04 3.91552e-04 3.78837e-04 3.66273e-04 3.53850e-04 3.41555e-04 3.29376e-04 3.17303e-04 3.05330e-04 2.93458e-04 2.81695e-04 2.70061e-04 2.58583e-04 2.47297e-04 2.36247e-04 2.25485e-04 2.15063e-04 2.05033e-04 1.95443e-04 1.86335e-04 1.77737e-04 1.69663e-04 1.62111e-04 1.55062e-04 1.48478e-04 1.42307e-04 1.36482e-04 1.30926e-04 1.25557e-04 1.20292e-04 1.15053e-04 1.09768e-04 1.04379e-04 9.88429e-05 9.31325e-05 8.72397e-05 8.11740e-05 7.49618e-05 6.86448e-05 6.22775e-05 5.59241e-05 4.96557e-05 4.35465e-05 3.76714e-05 3.21018e-05 2.69036e-05 2.21338e-05 1.78382e-05 1.40491e-05 1.07835e-05 8.04133e-06 5.80538e-06 4.04170e-06 2.70175e-06 1.72593e-06 1.04836e-06 6.02410e-07 3.25918e-07 1.65450e-07 7.87602e-08 3.53089e-08 1.50502e-08 6.14923e-09 2.37660e-09 8.14763e-10 2.13150e-10 3.03644e-11 7.85454e-13
7.905658 2.23922e-01 1.26791e-01 4.55869e-02 3.53810e-02 3.02565e-02 2.67421e-02 2.41289e-02 2.21031e-02 2.04687e-02 1.90951e-02 1.78962e-02 1.68183e-02 1.58297e-02 1.49143e-02 1.40642e-02 1.32760e-02 1.25476e-02 1.18766e-02 1.12602e-02 1.06947e-02 1.01761e-02 9.70031e-03 9.26317e-03 8.86084e-03 8.48970e-03 8.14639e-03 7.82774e-03 7.53071e-03 7.25246e-03 6.99036e-03 6.74209e-03 6.50565e-03 6.27943e-03 6.06217e-03 5.85291e-03 5.65095e-03 5.45579e-03 5.26703e-03 5.08439e-03 4.90762e-03 4.73646e-03 4.57069e-03 4.41005e-03 4.25431e-03 4.10321e-03 3.95656e-03 3.81418e-03 3.67598e-03 3.54192e-03 3.41202e-03 3.28636e-03 3.16505e-03 3.04821e-03 2.93598e-03 2.82847e-03 2.72576e-03 2.62789e-03 2.53486e-03 2.44660e-03 2.36299e-03 2.28387e-03 2.20903e-03 2.13821e-03 2.07114e-03 2.00755e-03 1.94716e-03 1.88969e-03 1.83490e-03 1.78256e-03 1.73246e-03 1.68439e-03 1.63817e-03 1.59363e-03 1.55061e-03 1.50895e-03 1.46850e-03 1.42914e-03 1.39073e-03 1.35319e-03 1.31643e-03 1.28040e-03 1.24505e-03 1.21038e-03 1.17637e-03 1.14305e-03 1.11043e-03 1.07855e-03 1.04743e-03 1.01712e-03 9.87647e-04 9.59049e-04 9.31352e-04 9.04577e-04 8.78738e-04 8.53840e-04 8.29881e-04 8.06853e-04 7.84742e-04 7.63528e-04 7.43186e-04 7.23689e-04 7.05005e-04 6.87096e-04 6.69922e-04 6.53434e-04 6.37581e-04 6.22305e-04 6.07545e-04 5.93234e-04 5.79307e-04 5.65697e-04 5.52339e-04 5.39175e-04 5.26151e-04 5.13226e-04 5.00367e-04 4.87554e-04 4.74777e-04 4.62035e-04 4.49339e-04 4.36700e-04 4.24135e-04 4.11662e-04 3.99293e-04 3.87039e-04 3.74906e-04 3.62892e-04 3.50994e-04 3.39200e-04 3.27499e-04 3.15878e-04 3.04326e-04 2.92835e-04 2.81402e-04 2.70033e-04 2.58741e-04 2.47550e-04 2.36493e-04 2.25611e-04 2.14955e-04 2.04578e-04 1.94538e-04 1.84892e-04 1.75691e-04 1.66977e-04 1.58782e-04 1.51120e-04 1.43990e-04 1.37372e-04 1.31229e-04 1.25506e-04 1.20137e-04 1.15045e-04 1.10147e-04 1.05362e-04 1.00611e-04 9.58250e-05 9.09457e-05 8.59313e-05 8.07568e-05 7.54150e-05 6.99164e-05 6.42882e-05 5.85723e-05 5.28230e-05 4.71037e-05 4.14842e-05 3.60367e-05 3.08329e-05 2.59408e-05 2.14213e-05 1.73252e-05 1.36910e-05 1.05417e-05 7.88426e-06 5.70757e-06 3.98358e-06 2.66891e-06 1.70826e-06 1.03921e-06 5.97709e-07 3.23387e-07 1.63952e-07 7.78003e-08 3.46897e-08 1.46798e-08 5.95641e-09 2.29401e-09 7.87586e-10 2.07033e-10 2.96463e-11 7.69540e-13
8.005730 2.21816e-01 1.27113e-01 4.51173e-02 3.46771e-02 2.96854e-02 2.63467e-02 2.39012e-02 2.20405e-02 2.05591e-02 1.93103e-02 1.81984e-02 1.71692e-02 1.61974e-02 1.52750e-02 1.44026e-02 1.35838e-02 1.28218e-02 1.21182e-02 1.14725e-02 1.08821e-02 1.03433e-02 9.85145e-03 9.40181e-03 8.98965e-03 8.61057e-03 8.26055e-03 7.93600e-03 7.63376e-03 7.35105e-03 7.08547e-03 6.83489e-03 6.59746e-03 6.37149e-03 6.15544e-03 5.94791e-03 5.74765e-03 5.55358e-03 5.36481e-03 5.18070e-03 5.00082e-03 4.82493e-03 4.65299e-03 4.48508e-03 4.32141e-03 4.16220e-03 4.00771e-03 3.85818e-03 3.71379e-03 3.57464e-03 3.44076e-03 3.31214e-03 3.18866e-03 3.07022e-03 2.95666e-03 2.84785e-03 2.74367e-03 2.64400e-03 2.54875e-03 2.45783e-03 2.37117e-03 2.28866e-03 2.21022e-03 2.13572e-03 2.06505e-03 1.99804e-03 1.93453e-03 1.87433e-03 1.81722e-03 1.76298e-03 1.71137e-03 1.66217e-03 1.61512e-03 1.57000e-03 1.52659e-03 1.48470e-03 1.44414e-03 1.40475e-03 1.36640e-03 1.32896e-03 1.29233e-03 1.25644e-03 1.22122e-03 1.18665e-03 1.15269e-03 1.11935e-03 1.08664e-03 1.05460e-03 1.02327e-03 9.92694e-04 9.62921e-04 9.33996e-04 9.05956e-04 8.78833e-04 8.52648e-04 8.27412e-04 8.03128e-04 7.79790e-04 7.57384e-04 7.35891e-04 7.15285e-04 6.95536e-04 6.76611e-04 6.58475e-04 6.41089e-04 6.24413e-04 6.08405e-04 5.93020e-04 5.78210e-04 5.63924e-04 5.50106e-04 5.36700e-04 5.23649e-04 5.10894e-04 4.98382e-04 4.86065e-04 4.73898e-04 4.61849e-04 4.49892e-04 4.38010e-04 4.26195e-04 4.14445e-04 4.02763e-04 3.91158e-04 3.79634e-04 3.68199e-04 3.56855e-04 3.45600e-04 3.34430e-04 3.23334e-04 3.12301e-04 3.01316e-04 2.90367e-04 2.79442e-04 2.68537e-04 2.57652e-04 2.46796e-04 2.35987e-04 2.25254e-04 2.14635e-04 2.04178e-04 1.93936e-04 1.83970e-04 1.74340e-04 1.65105e-04 1.56319e-04 1.48026e-04 1.40257e-04 1.33027e-04 1.26335e-04 1.20158e-04 1.14459e-04 1.09183e-04 1.04264e-04 9.96255e-05 9.51859e-05 9.08647e-05 8.65859e-05 8.22822e-05 7.78989e-05 7.33965e-05 6.87521e-05 6.39605e-05 5.90335e-05 5.39990e-05 4.88990e-05 4.37867e-05 3.87239e-05 3.37777e-05 2.90168e-05 2.45084e-05 2.03146e-05 1.64892e-05 1.30747e-05 1.00997e-05 7.57645e-06 5.50022e-06 3.84892e-06 2.58487e-06 1.65801e-06 1.01048e-06 5.81976e-07 3.15091e-07 1.59694e-07 7.56456e-08 3.36092e-08 1.41508e-08 5.71346e-09 2.19547e-09 7.55041e-10 1.99341e-10 2.86738e-11 7.46504e-13
8.105801 2.12049e-01 1.25526e-01 4.74094e-02 3.64770e-02 3.09381e-02 2.72053e-02 2.44735e-02 2.23954e-02 2.07590e-02 1.94164e-02 1.82633e-02 1.72304e-02 1.62765e-02 1.53810e-02 1.45363e-02 1.37418e-02 1.29991e-02 1.23098e-02 1.16739e-02 1.10895e-02 1.05535e-02 1.00616e-02 9.60943e-03 9.19233e-03 8.80611e-03 8.44705e-03 8.11196e-03 7.79816e-03 7.50344e-03 7.22589e-03 6.96384e-03 6.71577e-03 6.48025e-03 6.25593e-03 6.04157e-03 5.83599e-03 5.63816e-03 5.44715e-03 5.26214e-03 5.08245e-03 4.90747e-03 4.73673e-03 4.56984e-03 4.40658e-03 4.24683e-03 4.09058e-03 3.93796e-03 3.78918e-03 3.64449e-03 3.50420e-03 3.36863e-03 3.23805e-03 3.11269e-03 2.99273e-03 2.87823e-03 2.76919e-03 2.66551e-03 2.56703e-03 2.47353e-03 2.38476e-03 2.30045e-03 2.22036e-03 2.14424e-03 2.07186e-03 2.00302e-03 1.93753e-03 1.87522e-03 1.81592e-03 1.75945e-03 1.70563e-03 1.65431e-03 1.60530e-03 1.55841e-03 1.51348e-03 1.47032e-03 1.42876e-03 1.38862e-03 1.34975e-03 1.31199e-03 1.27521e-03 1.23929e-03 1.20415e-03 1.16970e-03 1.13590e-03 1.10272e-03 1.07016e-03 1.03821e-03 1.00689e-03 9.76247e-04 9.46306e-04 9.17115e-04 8.88718e-04 8.61160e-04 8.34480e-04 8.08711e-04 7.83875e-04 7.59985e-04 7.37044e-04 7.15042e-04 6.93964e-04 6.73785e-04 6.54475e-04 6.36000e-04 6.18322e-04 6.01401e-04 5.85193e-04 5.69654e-04 5.54736e-04 5.40391e-04 5.26569e-04 5.13219e-04 5.00290e-04 4.87732e-04 4.75496e-04 4.63534e-04 4.51803e-04 4.40265e-04 4.28887e-04 4.17643e-04 4.06512e-04 3.95480e-04 3.84538e-04 3.73680e-04 3.62903e-04 3.52203e-04 3.41577e-04 3.31021e-04 3.20525e-04 3.10080e-04 2.99672e-04 2.89288e-04 2.78912e-04 2.68531e-04 2.58137e-04 2.47725e-04 2.37298e-04 2.26870e-04 2.16461e-04 2.06106e-04 1.95846e-04 1.85734e-04 1.75828e-04 1.66192e-04 1.56891e-04 1.47985e-04 1.39533e-04 1.31578e-04 1.24152e-04 1.17272e-04 1.10934e-04 1.05118e-04 9.97847e-05 9.48807e-05 9.03387e-05 8.60835e-05 8.20353e-05 7.81153e-05 7.42492e-05 7.03721e-05 6.64316e-05 6.23901e-05 5.82266e-05 5.39372e-05 4.95347e-05 4.50470e-05 4.05155e-05 3.59924e-05 3.15372e-05 2.72139e-05 2.30872e-05 1.92190e-05 1.56651e-05 1.24712e-05 9.67058e-06 7.28124e-06 5.30438e-06 3.72412e-06 2.50878e-06 1.61378e-06 9.86016e-07 5.69074e-07 3.08553e-07 1.56454e-07 7.40405e-08 3.28043e-08 1.37495e-08 5.52417e-09 2.11677e-09 7.28583e-10 1.93022e-10 2.78711e-11 7.27464e-13
8.205873 2.09967e-01 1.24050e-01 4.59217e-02 3.57523e-02 3.07629e-02 2.73567e-02 2.48197e-02 2.28518e-02 2.12582e-02 1.99059e-02 1.87086e-02 1.76146e-02 1.65963e-02 1.56417e-02 1.47474e-02 1.39141e-02 1.31430e-02 1.24340e-02 1.17853e-02 1.11933e-02 1.06535e-02 1.01604e-02 9.70894e-03 9.29404e-03 8.91121e-03 8.55643e-03 8.22618e-03 7.91729e-03 7.62697e-03 7.35270e-03 7.09229e-03 6.84384e-03 6.60577e-03 6.37685e-03 6.15610e-03 5.94284e-03 5.73653e-03 5.53680e-03 5.34334e-03 5.15584e-03 4.97405e-03 4.79768e-03 4.62647e-03 4.46016e-03 4.29854e-03 4.14139e-03 3.98857e-03 3.83997e-03 3.69553e-03 3.55523e-03 3.41913e-03 3.28728e-03 3.15982e-03 3.03686e-03 2.91854e-03 2.80499e-03 2.69631e-03 2.59259e-03 2.49385e-03 2.40007e-03 2.31118e-03 2.22705e-03 2.14750e-03 2.07231e-03 2.00121e-03 1.93393e-03 1.87019e-03 1.80970e-03 1.75220e-03 1.69746e-03 1.64524e-03 1.59535e-03 1.54759e-03 1.50179e-03 1.45779e-03 1.41541e-03 1.37450e-03 1.33493e-03 1.29656e-03 1.25926e-03 1.22293e-03 1.18748e-03 1.15283e-03 1.11893e-03 1.08572e-03 1.05318e-03 1.02130e-03 9.90082e-04 9.59526e-04 9.29658e-04 9.00504e-04 8.72097e-04 8.44470e-04 8.17653e-04 7.91677e-04 7.66565e-04 7.42336e-04 7.19005e-04 6.96577e-04 6.75052e-04 6.54423e-04 6.34674e-04 6.15786e-04 5.97730e-04 5.80474e-04 5.63982e-04 5.48212e-04 5.33122e-04 5.18665e-04 5.04794e-04 4.91458e-04 4.78608e-04 4.66192e-04 4.54162e-04 4.42470e-04 4.31072e-04 4.19927e-04 4.08999e-04 3.98257e-04 3.87677e-04 3.77236e-04 3.66917e-04 3.56707e-04 3.46594e-04 3.36568e-04 3.26618e-04 3.16734e-04 3.06902e-04 2.97109e-04 2.87338e-04 2.77574e-04 2.67798e-04 2.57996e-04 2.48153e-04 2.38263e-04 2.28322e-04 2.18336e-04 2.08322e-04 1.98304e-04 1.88320e-04 1.78415e-04 1.68645e-04 1.59072e-04 1.49764e-04 1.40787e-04 1.32207e-04 1.24079e-04 1.16451e-04 1.09355e-04 1.02806e-04 9.68027e-05 9.13230e-05 8.63289e-05 8.17668e-05 7.75711e-05 7.36678e-05 6.99796e-05 6.64297e-05 6.29467e-05 5.94684e-05 5.59449e-05 5.23408e-05 4.86371e-05 4.48309e-05 4.09356e-05 3.69788e-05 3.30008e-05 2.90516e-05 2.51879e-05 2.14694e-05 1.79558e-05 1.47024e-05 1.17570e-05 9.15609e-06 6.92253e-06 5.06317e-06 3.56832e-06 2.41252e-06 1.55713e-06 9.54369e-07 5.52320e-07 3.00127e-07 1.52392e-07 7.21314e-08 3.19138e-08 1.33362e-08 5.33902e-09 2.04156e-09 7.03254e-10 1.86861e-10 2.70683e-11 7.08034e-13
8.305944 2.04429e-01 1.23667e-01 4.68437e-02 3.60887e-02 3.07915e-02 2.72675e-02 2.47097e-02 2.27785e-02 2.12563e-02 1.99880e-02 1.88685e-02 1.78350e-02 1.68565e-02 1.59230e-02 1.50359e-02 1.42005e-02 1.34215e-02 1.27013e-02 1.20393e-02 1.14325e-02 1.08766e-02 1.03667e-02 9.89790e-03 9.46579e-03 9.06648e-03 8.69650e-03 8.35277e-03 8.03245e-03 7.73295e-03 7.45183e-03 7.18690e-03 6.93614e-03 6.69773e-03 6.47005e-03 6.25161e-03 6.04112e-03 5.83743e-03 5.63954e-03 5.44666e-03 5.25819e-03 5.07373e-03 4.89307e-03 4.71618e-03 4.54315e-03 4.37418e-03 4.20952e-03 4.04943e-03 3.89412e-03 3.74379e-03 3.59856e-03 3.45850e-03 3.32360e-03 3.19383e-03 3.06913e-03 2.94940e-03 2.83456e-03 2.72452e-03 2.61919e-03 2.51849e-03 2.42235e-03 2.33069e-03 2.24342e-03 2.16044e-03 2.08164e-03 2.00692e-03 1.93611e-03 1.86907e-03 1.80562e-03 1.74556e-03 1.68866e-03 1.63469e-03 1.58342e-03 1.53461e-03 1.48802e-03 1.44342e-03 1.40061e-03 1.35939e-03 1.31960e-03 1.28107e-03 1.24368e-03 1.20730e-03 1.17182e-03 1.13715e-03 1.10322e-03 1.06997e-03 1.03738e-03 1.00543e-03 9.74109e-04 9.43447e-04 9.13465e-04 8.84192e-04 8.55662e-04 8.27907e-04 8.00958e-04 7.74840e-04 7.49575e-04 7.25179e-04 7.01661e-04 6.79026e-04 6.57271e-04 6.36390e-04 6.16370e-04 5.97195e-04 5.78845e-04 5.61298e-04 5.44527e-04 5.28503e-04 5.13190e-04 4.98553e-04 4.84551e-04 4.71141e-04 4.58277e-04 4.45912e-04 4.33999e-04 4.22489e-04 4.11338e-04 4.00501e-04 3.89940e-04 3.79617e-04 3.69500e-04 3.59564e-04 3.49784e-04 3.40140e-04 3.30615e-04 3.21193e-04 3.11859e-04 3.02598e-04 2.93393e-04 2.84226e-04 2.75078e-04 2.65929e-04 2.56760e-04 2.47550e-04 2.38283e-04 2.28946e-04 2.19531e-04 2.10038e-04 2.00476e-04 1.90863e-04 1.81229e-04 1.71613e-04 1.62066e-04 1.52646e-04 1.43419e-04 1.34455e-04 1.25821e-04 1.17584e-04 1.09801e-04 1.02517e-04 9.57648e-05 8.95582e-05 8.38938e-05 7.87501e-05 7.40886e-05 6.98563e-05 6.59888e-05 6.24147e-05 5.90594e-05 5.58495e-05 5.27174e-05 4.96047e-05 4.64649e-05 4.32659e-05 3.99910e-05 3.66391e-05 3.32240e-05 2.97731e-05 2.63251e-05 2.29273e-05 1.96323e-05 1.64949e-05 1.35677e-05 1.08981e-05 8.52418e-06 6.47202e-06 4.75300e-06 3.36288e-06 2.28218e-06 1.47828e-06 9.09093e-07 5.27745e-07 2.87549e-07 1.46318e-07 6.93467e-08 3.06876e-08 1.28114e-08 5.12135e-09 1.95720e-09 6.75068e-10 1.79846e-10 2.61215e-11 6.84448e-13
8.406016 1.96824e-01 1.21881e-01 4.79653e-02 3.71642e-02 3.17193e-02 2.80339e-02 2.53125e-02 2.32237e-02 2.15631e-02 2.01876e-02 1.89969e-02 1.79255e-02 1.69348e-02 1.60059e-02 1.51316e-02 1.43109e-02 1.35450e-02 1.28345e-02 1.21791e-02 1.15766e-02 1.10241e-02 1.05174e-02 1.00522e-02 9.62380e-03 9.22757e-03 8.85923e-03 8.51488e-03 8.19122e-03 7.88554e-03 7.59573e-03 7.32020e-03 7.05773e-03 6.80737e-03 6.56828e-03 6.33965e-03 6.12067e-03 5.91051e-03 5.70830e-03 5.51318e-03 5.32434e-03 5.14103e-03 4.96256e-03 4.78838e-03 4.61805e-03 4.45124e-03 4.28779e-03 4.12765e-03 3.97088e-03 3.81767e-03 3.66829e-03 3.52305e-03 3.38229e-03 3.24635e-03 3.11553e-03 2.99003e-03 2.87002e-03 2.75553e-03 2.64652e-03 2.54285e-03 2.44436e-03 2.35081e-03 2.26196e-03 2.17757e-03 2.09739e-03 2.02120e-03 1.94879e-03 1.87997e-03 1.81456e-03 1.75238e-03 1.69326e-03 1.63705e-03 1.58358e-03 1.53268e-03 1.48418e-03 1.43791e-03 1.39370e-03 1.35136e-03 1.31070e-03 1.27156e-03 1.23377e-03 1.19715e-03 1.16159e-03 1.12694e-03 1.09311e-03 1.06002e-03 1.02761e-03 9.95826e-04 9.64654e-04 9.34083e-04 9.04118e-04 8.74781e-04 8.46103e-04 8.18122e-04 7.90882e-04 7.64424e-04 7.38787e-04 7.14001e-04 6.90088e-04 6.67063e-04 6.44928e-04 6.23679e-04 6.03306e-04 5.83791e-04 5.65113e-04 5.47249e-04 5.30170e-04 5.13848e-04 4.98252e-04 4.83350e-04 4.69107e-04 4.55488e-04 4.42455e-04 4.29968e-04 4.17986e-04 4.06467e-04 3.95368e-04 3.84646e-04 3.74261e-04 3.64175e-04 3.54350e-04 3.44755e-04 3.35361e-04 3.26140e-04 3.17070e-04 3.08129e-04 2.99296e-04 2.90551e-04 2.81876e-04 2.73248e-04 2.64647e-04 2.56049e-04 2.47433e-04 2.38775e-04 2.30055e-04 2.21254e-04 2.12360e-04 2.03365e-04 1.94270e-04 1.85086e-04 1.75833e-04 1.66543e-04 1.57259e-04 1.48032e-04 1.38925e-04 1.30006e-04 1.21343e-04 1.13009e-04 1.05069e-04 9.75803e-05 9.05888e-05 8.41256e-05 7.82048e-05 7.28226e-05 6.79576e-05 6.35720e-05 5.96143e-05 5.60220e-05 5.27264e-05 4.96559e-05 4.67408e-05 4.39169e-05 4.11290e-05 3.83339e-05 3.55019e-05 3.26179e-05 2.96817e-05 2.67071e-05 2.37204e-05 2.07579e-05 1.78637e-05 1.50857e-05 1.24728e-05 1.00704e-05 7.91706e-06 6.04129e-06 4.45848e-06 3.16958e-06 2.16094e-06 1.40597e-06 8.68274e-07 5.06039e-07 2.76706e-07 1.41226e-07 6.70823e-08 2.97192e-08 1.24059e-08 4.95494e-09 1.89272e-09 6.53440e-10 1.74446e-10 2.53919e-11 6.66280e-13
8.506088 1.96458e-01 1.20704e-01 4.64047e-02 3.63007e-02 3.13053e-02 2.79050e-02 2.53868e-02 2.34449e-02 2.18771e-02 2.05440e-02 1.93557e-02 1.82597e-02 1.72300e-02 1.62573e-02 1.53412e-02 1.44846e-02 1.36901e-02 1.29584e-02 1.22881e-02 1.16755e-02 1.11162e-02 1.06047e-02 1.01359e-02 9.70445e-03 9.30585e-03 8.93592e-03 8.59112e-03 8.26836e-03 7.96501e-03 7.67871e-03 7.40736e-03 7.14905e-03 6.90206e-03 6.66486e-03 6.43617e-03 6.21495e-03 6.00045e-03 5.79213e-03 5.58966e-03 5.39285e-03 5.20157e-03 5.01574e-03 4.83527e-03 4.66004e-03 4.48987e-03 4.32457e-03 4.16392e-03 4.00770e-03 3.85574e-03 3.70791e-03 3.56412e-03 3.42436e-03 3.28870e-03 3.15723e-03 3.03009e-03 2.90744e-03 2.78944e-03 2.67624e-03 2.56798e-03 2.46475e-03 2.36658e-03 2.27345e-03 2.18527e-03 2.10189e-03 2.02310e-03 1.94865e-03 1.87825e-03 1.81162e-03 1.74847e-03 1.68852e-03 1.63154e-03 1.57730e-03 1.52560e-03 1.47624e-03 1.42906e-03 1.38390e-03 1.34062e-03 1.29905e-03 1.25906e-03 1.22052e-03 1.18330e-03 1.14727e-03 1.11231e-03 1.07832e-03 1.04519e-03 1.01286e-03 9.81248e-04 9.50307e-04 9.20003e-04 8.90320e-04 8.61254e-04 8.32816e-04 8.05023e-04 7.77904e-04 7.51487e-04 7.25807e-04 7.00897e-04 6.76788e-04 6.53508e-04 6.31079e-04 6.09512e-04 5.88815e-04 5.68982e-04 5.50004e-04 5.31861e-04 5.14530e-04 4.97981e-04 4.82185e-04 4.67108e-04 4.52714e-04 4.38970e-04 4.25838e-04 4.13280e-04 4.01260e-04 3.89740e-04 3.78681e-04 3.68044e-04 3.57793e-04 3.47891e-04 3.38300e-04 3.28989e-04 3.19924e-04 3.11075e-04 3.02415e-04 2.93918e-04 2.85558e-04 2.77310e-04 2.69153e-04 2.61060e-04 2.53007e-04 2.44970e-04 2.36923e-04 2.28841e-04 2.20701e-04 2.12479e-04 2.04159e-04 1.95726e-04 1.87177e-04 1.78511e-04 1.69742e-04 1.60893e-04 1.51996e-04 1.43097e-04 1.34250e-04 1.25518e-04 1.16969e-04 1.08676e-04 1.00706e-04 9.31265e-05 8.59923e-05 7.93480e-05 7.32227e-05 6.76293e-05 6.25630e-05 5.80024e-05 5.39104e-05 5.02373e-05 4.69235e-05 4.39038e-05 4.11108e-05 3.84796e-05 3.59504e-05 3.34727e-05 3.10071e-05 2.85268e-05 2.60190e-05 2.34843e-05 2.09362e-05 1.83993e-05 1.59070e-05 1.34988e-05 1.12170e-05 9.10284e-06 7.19326e-06 5.51708e-06 4.09220e-06 2.92362e-06 2.00291e-06 1.30928e-06 8.12246e-07 4.75451e-07 2.61053e-07 1.33744e-07 6.37417e-08 2.83170e-08 1.18448e-08 4.73781e-09 1.81233e-09 6.26804e-10 1.67673e-10 2.44483e-11 6.42208e-13
8.606159 1.89034e-01 1.20420e-01 4.81155e-02 3.69993e-02 3.15185e-02 2.79072e-02 2.53001e-02 2.33408e-02 2.18055e-02 2.05344e-02 1.94176e-02 1.83883e-02 1.74128e-02 1.64793e-02 1.55880e-02 1.47439e-02 1.39522e-02 1.32163e-02 1.25368e-02 1.19124e-02 1.13396e-02 1.08142e-02 1.03312e-02 9.88595e-03 9.47392e-03 9.09111e-03 8.73409e-03 8.39992e-03 8.08609e-03 7.79038e-03 7.51088e-03 7.24585e-03 6.99374e-03 6.75314e-03 6.52280e-03 6.30155e-03 6.08832e-03 5.88213e-03 5.68208e-03 5.48739e-03 5.29738e-03 5.11155e-03 4.92955e-03 4.75119e-03 4.57645e-03 4.40543e-03 4.23833e-03 4.07540e-03 3.91692e-03 3.76316e-03 3.61430e-03 3.47050e-03 3.33182e-03 3.19825e-03 3.06975e-03 2.94622e-03 2.82758e-03 2.71372e-03 2.60457e-03 2.50005e-03 2.40010e-03 2.30466e-03 2.21367e-03 2.12705e-03 2.04473e-03 1.96661e-03 1.89259e-03 1.82252e-03 1.75624e-03 1.69358e-03 1.63431e-03 1.57822e-03 1.52504e-03 1.47454e-03 1.42648e-03 1.38061e-03 1.33675e-03 1.29468e-03 1.25424e-03 1.21528e-03 1.17766e-03 1.14124e-03 1.10592e-03 1.07159e-03 1.03817e-03 1.00557e-03 9.73736e-04 9.42617e-04 9.12179e-04 8.82401e-04 8.53271e-04 8.24791e-04 7.96968e-04 7.69818e-04 7.43360e-04 7.17617e-04 6.92612e-04 6.68369e-04 6.44910e-04 6.22251e-04 6.00408e-04 5.79389e-04 5.59201e-04 5.39843e-04 5.21309e-04 5.03588e-04 4.86665e-04 4.70517e-04 4.55117e-04 4.40437e-04 4.26442e-04 4.13096e-04 4.00363e-04 3.88206e-04 3.76586e-04 3.65466e-04 3.54807e-04 3.44575e-04 3.34732e-04 3.25243e-04 3.16077e-04 3.07200e-04 2.98581e-04 2.90190e-04 2.81999e-04 2.73981e-04 2.66106e-04 2.58349e-04 2.50682e-04 2.43077e-04 2.35508e-04 2.27945e-04 2.20361e-04 2.12730e-04 2.05026e-04 1.97226e-04 1.89313e-04 1.81275e-04 1.73106e-04 1.64810e-04 1.56401e-04 1.47905e-04 1.39356e-04 1.30801e-04 1.22296e-04 1.13906e-04 1.05698e-04 9.77443e-05 9.01131e-05 8.28677e-05 7.60625e-05 6.97391e-05 6.39248e-05 5.86304e-05 5.38502e-05 4.95622e-05 4.57304e-05 4.23070e-05 3.92354e-05 3.64541e-05 3.39004e-05 3.15140e-05 2.92403e-05 2.70329e-05 2.48564e-05 2.26870e-05 2.05137e-05 1.83377e-05 1.61717e-05 1.40382e-05 1.19670e-05 9.99250e-06 8.15050e-06 6.47444e-06 4.99211e-06 3.72249e-06 2.67352e-06 1.84111e-06 1.20968e-06 7.54220e-07 4.43650e-07 2.44756e-07 1.25977e-07 6.03097e-08 2.69074e-08 1.13004e-08 4.53656e-09 1.74081e-09 6.03619e-10 1.61790e-10 2.36229e-11 6.20997e-13
8.706231 1.83721e-01 1.17495e-01 4.78989e-02 3.76085e-02 3.23341e-02 2.87171e-02 2.60268e-02 2.39445e-02 2.22697e-02 2.08653e-02 1.96386e-02 1.85301e-02 1.75053e-02 1.65470e-02 1.56486e-02 1.48084e-02 1.40266e-02 1.33027e-02 1.26353e-02 1.20217e-02 1.14580e-02 1.09399e-02 1.04628e-02 1.00219e-02 9.61297e-03 9.23192e-03 8.87517e-03 8.53962e-03 8.22264e-03 7.92202e-03 7.63601e-03 7.36317e-03 7.10238e-03 6.85271e-03 6.61338e-03 6.38366e-03 6.16288e-03 5.95035e-03 5.74539e-03 5.54737e-03 5.35563e-03 5.16959e-03 4.98870e-03 4.81244e-03 4.64039e-03 4.47218e-03 4.30757e-03 4.14638e-03 3.98857e-03 3.83419e-03 3.68338e-03 3.53639e-03 3.39349e-03 3.25500e-03 3.12123e-03 2.99246e-03 2.86890e-03 2.75069e-03 2.63789e-03 2.53045e-03 2.42824e-03 2.33109e-03 2.23875e-03 2.15101e-03 2.06761e-03 1.98834e-03 1.91297e-03 1.84132e-03 1.77321e-03 1.70847e-03 1.64695e-03 1.58848e-03 1.53293e-03 1.48014e-03 1.42997e-03 1.38225e-03 1.33680e-03 1.29346e-03 1.25204e-03 1.21235e-03 1.17421e-03 1.13745e-03 1.10191e-03 1.06746e-03 1.03397e-03 1.00135e-03 9.69516e-04 9.38397e-04 9.07946e-04 8.78129e-04 8.48930e-04 8.20343e-04 7.92378e-04 7.65052e-04 7.38390e-04 7.12422e-04 6.87175e-04 6.62676e-04 6.38948e-04 6.16011e-04 5.93876e-04 5.72552e-04 5.52042e-04 5.32345e-04 5.13456e-04 4.95364e-04 4.78058e-04 4.61522e-04 4.45737e-04 4.30683e-04 4.16334e-04 4.02662e-04 3.89639e-04 3.77230e-04 3.65400e-04 3.54114e-04 3.43335e-04 3.33026e-04 3.23150e-04 3.13672e-04 3.04558e-04 2.95775e-04 2.87291e-04 2.79075e-04 2.71097e-04 2.63329e-04 2.55740e-04 2.48302e-04 2.40987e-04 2.33763e-04 2.26602e-04 2.19474e-04 2.12347e-04 2.05193e-04 1.97984e-04 1.90692e-04 1.83295e-04 1.75776e-04 1.68122e-04 1.60329e-04 1.52402e-04 1.44356e-04 1.36218e-04 1.28023e-04 1.19820e-04 1.11665e-04 1.03622e-04 9.57596e-05 8.81474e-05 8.08525e-05 7.39363e-05 6.74507e-05 6.14350e-05 5.59146e-05 5.08988e-05 4.63812e-05 4.23406e-05 3.87422e-05 3.55409e-05 3.26836e-05 3.01134e-05 2.77722e-05 2.56047e-05 2.35608e-05 2.15987e-05 1.96861e-05 1.78017e-05 1.59355e-05 1.40886e-05 1.22721e-05 1.05054e-05 8.81423e-06 7.22716e-06 5.77294e-06 4.47694e-06 3.35804e-06 2.42611e-06 1.68066e-06 1.11076e-06 6.96570e-07 4.12085e-07 2.28624e-07 1.18328e-07 5.69586e-08 2.55497e-08 1.07863e-08 4.35075e-09 1.67596e-09 5.82721e-10 1.56464e-10 2.28694e-11 6.01520e-13
8.806303 1.83604e-01 1.17906e-01 4.70178e-02 3.65528e-02 3.14948e-02 2.81348e-02 2.56771e-02 2.37986e-02 2.22906e-02 2.10084e-02 1.98587e-02 1.87890e-02 1.77745e-02 1.68074e-02 1.58883e-02 1.50210e-02 1.42096e-02 1.34567e-02 1.27629e-02 1.21267e-02 1.15450e-02 1.10134e-02 1.05267e-02 1.00798e-02 9.66752e-03 9.28513e-03 8.92860e-03 8.59445e-03 8.27980e-03 7.98223e-03 7.69971e-03 7.43049e-03 7.17303e-03 6.92599e-03 6.68817e-03 6.45858e-03 6.23636e-03 6.02088e-03 5.81166e-03 5.60836e-03 5.41076e-03 5.21867e-03 5.03196e-03 4.85051e-03 4.67417e-03 4.50278e-03 4.33618e-03 4.17419e-03 4.01664e-03 3.86337e-03 3.71425e-03 3.56919e-03 3.42813e-03 3.29106e-03 3.15805e-03 3.02917e-03 2.90455e-03 2.78435e-03 2.66870e-03 2.55777e-03 2.45166e-03 2.35048e-03 2.25424e-03 2.16293e-03 2.07645e-03 1.99464e-03 1.91731e-03 1.84418e-03 1.77498e-03 1.70944e-03 1.64726e-03 1.58821e-03 1.53204e-03 1.47856e-03 1.42757e-03 1.37891e-03 1.33244e-03 1.28801e-03 1.24549e-03 1.20475e-03 1.16567e-03 1.12812e-03 1.09198e-03 1.05711e-03 1.02338e-03 9.90690e-04 9.58913e-04 9.27957e-04 8.97739e-04 8.68197e-04 8.39284e-04 8.10974e-04 7.83253e-04 7.56122e-04 7.29593e-04 7.03688e-04 6.78433e-04 6.53861e-04 6.30003e-04 6.06892e-04 5.84552e-04 5.63004e-04 5.42261e-04 5.22328e-04 5.03204e-04 4.84882e-04 4.67348e-04 4.50586e-04 4.34577e-04 4.19300e-04 4.04730e-04 3.90844e-04 3.77616e-04 3.65018e-04 3.53022e-04 3.41596e-04 3.30710e-04 3.20331e-04 3.10424e-04 3.00956e-04 2.91892e-04 2.83198e-04 2.74843e-04 2.66793e-04 2.59017e-04 2.51485e-04 2.44167e-04 2.37032e-04 2.30051e-04 2.23193e-04 2.16426e-04 2.09720e-04 2.03043e-04 1.96364e-04 1.89651e-04 1.82877e-04 1.76014e-04 1.69039e-04 1.61936e-04 1.54694e-04 1.47309e-04 1.39789e-04 1.32149e-04 1.24417e-04 1.16630e-04 1.08838e-04 1.01096e-04 9.34680e-05 8.60199e-05 7.88190e-05 7.19294e-05 6.54089e-05 5.93054e-05 5.36550e-05 4.84795e-05 4.37864e-05 3.95681e-05 3.58038e-05 3.24605e-05 2.94962e-05 2.68624e-05 2.45069e-05 2.23777e-05 2.04250e-05 1.86045e-05 1.68788e-05 1.52193e-05 1.36073e-05 1.20336e-05 1.04987e-05 9.01171e-06 7.58840e-06 6.24920e-06 5.01638e-06 3.91104e-06 2.95012e-06 2.14384e-06 1.49395e-06 9.93302e-07 6.26685e-07 3.73010e-07 2.08236e-07 1.08473e-07 5.25740e-08 2.37589e-08 1.01108e-08 4.11092e-09 1.59417e-09 5.56683e-10 1.49791e-10 2.19121e-11 5.76493e-13
8.906374 1.75536e-01 1.15975e-01 4.86390e-02 3.78172e-02 3.23138e-02 2.86310e-02 2.59518e-02 2.39248e-02 2.23308e-02 2.10155e-02 1.98716e-02 1.88301e-02 1.78522e-02 1.69209e-02 1.60324e-02 1.51893e-02 1.43962e-02 1.36567e-02 1.29723e-02 1.23417e-02 1.17619e-02 1.12282e-02 1.07357e-02 1.02793e-02 9.85451e-03 9.45768e-03 9.08578e-03 8.73638e-03 8.40746e-03 8.09721e-03 7.80396e-03 7.52611e-03 7.26213e-03 7.01055e-03 6.77004e-03 6.53937e-03 6.31747e-03 6.10335e-03 5.89615e-03 5.69509e-03 5.49949e-03 5.30878e-03 5.12249e-03 4.94029e-03 4.76198e-03 4.58747e-03 4.41679e-03 4.25004e-03 4.08739e-03 3.92901e-03 3.77507e-03 3.62575e-03 3.48114e-03 3.34132e-03 3.20632e-03 3.07614e-03 2.95073e-03 2.83003e-03 2.71398e-03 2.60252e-03 2.49559e-03 2.39313e-03 2.29510e-03 2.20146e-03 2.11215e-03 2.02713e-03 1.94631e-03 1.86962e-03 1.79694e-03 1.72814e-03 1.66307e-03 1.60151e-03 1.54328e-03 1.48812e-03 1.43580e-03 1.38608e-03 1.33873e-03 1.29354e-03 1.25032e-03 1.20890e-03 1.16913e-03 1.13086e-03 1.09399e-03 1.05840e-03 1.02398e-03 9.90648e-04 9.58303e-04 9.26869e-04 8.96273e-04 8.66452e-04 8.37350e-04 8.08922e-04 7.81135e-04 7.53969e-04 7.27413e-04 7.01469e-04 6.76147e-04 6.51464e-04 6.27443e-04 6.04108e-04 5.81484e-04 5.59597e-04 5.38468e-04 5.18115e-04 4.98550e-04 4.79778e-04 4.61800e-04 4.44607e-04 4.28186e-04 4.12519e-04 3.97584e-04 3.83356e-04 3.69808e-04 3.56911e-04 3.44639e-04 3.32960e-04 3.21846e-04 3.11268e-04 3.01194e-04 2.91594e-04 2.82436e-04 2.73690e-04 2.65322e-04 2.57302e-04 2.49597e-04 2.42175e-04 2.35005e-04 2.28056e-04 2.21295e-04 2.14691e-04 2.08212e-04 2.01825e-04 1.95498e-04 1.89198e-04 1.82892e-04 1.76550e-04 1.70141e-04 1.63640e-04 1.57023e-04 1.50275e-04 1.43384e-04 1.36350e-04 1.29180e-04 1.21892e-04 1.14514e-04 1.07085e-04 9.96543e-05 9.22770e-05 8.50152e-05 7.79337e-05 7.10968e-05 6.45655e-05 5.83936e-05 5.26253e-05 4.72932e-05 4.24163e-05 3.80002e-05 3.40366e-05 3.05052e-05 2.73754e-05 2.46084e-05 2.21599e-05 1.99832e-05 1.80314e-05 1.62604e-05 1.46304e-05 1.31082e-05 1.16681e-05 1.02927e-05 8.97320e-06 7.70871e-06 6.50555e-06 5.37546e-06 4.33355e-06 3.39566e-06 2.57567e-06 1.88292e-06 1.32035e-06 8.83554e-07 5.61137e-07 3.36265e-07 1.89046e-07 9.92100e-08 4.84734e-08 2.21026e-08 9.49857e-09 3.90008e-09 1.52468e-09 5.35081e-10 1.44293e-10 2.11209e-11 5.55716e-13
9.006446 1.73132e-01 1.14468e-01 4.77791e-02 3.75032e-02 3.23721e-02 2.88957e-02 2.63146e-02 2.43129e-02 2.26946e-02 2.13263e-02 2.01190e-02 1.90170e-02 1.79890e-02 1.70206e-02 1.61073e-02 1.52495e-02 1.44491e-02 1.37070e-02 1.30228e-02 1.23940e-02 1.18168e-02 1.12866e-02 1.07985e-02 1.03476e-02 9.92937e-03 9.53976e-03 9.17505e-03 8.83198e-03 8.50764e-03 8.19953e-03 7.90561e-03 7.62425e-03 7.35428e-03 7.09488e-03 6.84550e-03 6.60571e-03 6.37516e-03 6.15343e-03 5.94005e-03 5.73447e-03 5.53610e-03 5.34432e-03 5.15849e-03 4.97806e-03 4.80247e-03 4.63129e-03 4.46412e-03 4.30067e-03 4.14073e-03 3.98419e-03 3.83104e-03 3.68136e-03 3.53531e-03 3.39310e-03 3.25498e-03 3.12122e-03 2.99207e-03 2.86773e-03 2.74836e-03 2.63403e-03 2.52477e-03 2.42051e-03 2.32113e-03 2.22649e-03 2.13640e-03 2.05065e-03 1.96905e-03 1.89140e-03 1.81751e-03 1.74723e-03 1.68039e-03 1.61684e-03 1.55644e-03 1.49906e-03 1.44455e-03 1.39278e-03 1.34359e-03 1.29682e-03 1.25231e-03 1.20986e-03 1.16932e-03 1.13049e-03 1.09321e-03 1.05731e-03 1.02267e-03 9.89146e-04 9.56635e-04 9.25043e-04 8.94289e-04 8.64307e-04 8.35044e-04 8.06460e-04 7.78525e-04 7.51221e-04 7.24540e-04 6.98483e-04 6.73054e-04 6.48266e-04 6.24132e-04 6.00669e-04 5.77894e-04 5.55824e-04 5.34476e-04 5.13863e-04 4.93997e-04 4.74888e-04 4.56540e-04 4.38954e-04 4.22129e-04 4.06056e-04 3.90723e-04 3.76115e-04 3.62210e-04 3.48985e-04 3.36413e-04 3.24465e-04 3.13112e-04 3.02324e-04 2.92070e-04 2.82319e-04 2.73042e-04 2.64209e-04 2.55788e-04 2.47751e-04 2.40066e-04 2.32704e-04 2.25631e-04 2.18818e-04 2.12232e-04 2.05840e-04 1.99609e-04 1.93507e-04 1.87499e-04 1.81552e-04 1.75631e-04 1.69704e-04 1.63739e-04 1.57707e-04 1.51580e-04 1.45338e-04 1.38964e-04 1.32448e-04 1.25791e-04 1.19001e-04 1.12096e-04 1.05106e-04 9.80694e-05 9.10339e-05 8.40545e-05 7.71911e-05 7.05056e-05 6.40589e-05 5.79078e-05 5.21022e-05 4.66822e-05 4.16770e-05 3.71030e-05 3.29640e-05 2.92520e-05 2.59481e-05 2.30242e-05 2.04457e-05 1.81732e-05 1.61655e-05 1.43813e-05 1.27816e-05 1.13312e-05 1.00003e-05 8.76539e-06 7.60976e-06 6.52390e-06 5.50497e-06 4.55593e-06 3.68407e-06 2.89902e-06 2.21040e-06 1.62548e-06 1.14722e-06 7.72993e-07 4.94475e-07 2.98563e-07 1.69193e-07 8.95576e-08 4.41762e-08 2.03614e-08 8.85554e-09 3.67998e-09 1.45281e-09 5.12870e-10 1.38633e-10 2.03026e-11 5.34145e-13
9.106517 1.71811e-01 1.14090e-01 4.73265e-02 3.69434e-02 3.18525e-02 2.84707e-02 2.60075e-02 2.41348e-02 2.26418e-02 2.13805e-02 2.02536e-02 1.92040e-02 1.82043e-02 1.72460e-02 1.63305e-02 1.54630e-02 1.46489e-02 1.38914e-02 1.31911e-02 1.25463e-02 1.19538e-02 1.14091e-02 1.09075e-02 1.04444e-02 1.00154e-02 9.61651e-03 9.24416e-03 8.89517e-03 8.56680e-03 8.25664e-03 7.96263e-03 7.68298e-03 7.41614e-03 7.16072e-03 6.91544e-03 6.67915e-03 6.45084e-03 6.22964e-03 6.01490e-03 5.80614e-03 5.60306e-03 5.40552e-03 5.21345e-03 5.02682e-03 4.84559e-03 4.66969e-03 4.49897e-03 4.33327e-03 4.17235e-03 4.01599e-03 3.86396e-03 3.71604e-03 3.57208e-03 3.43196e-03 3.29563e-03 3.16307e-03 3.03436e-03 2.90958e-03 2.78889e-03 2.67243e-03 2.56036e-03 2.45283e-03 2.34996e-03 2.25181e-03 2.15839e-03 2.06966e-03 1.98552e-03 1.90579e-03 1.83027e-03 1.75872e-03 1.69089e-03 1.62652e-03 1.56537e-03 1.50722e-03 1.45185e-03 1.39910e-03 1.34879e-03 1.30080e-03 1.25498e-03 1.21121e-03 1.16938e-03 1.12937e-03 1.09105e-03 1.05430e-03 1.01900e-03 9.85002e-04 9.52191e-04 9.20440e-04 8.89636e-04 8.59681e-04 8.30491e-04 8.01998e-04 7.74153e-04 7.46921e-04 7.20280e-04 6.94223e-04 6.68753e-04 6.43882e-04 6.19629e-04 5.96016e-04 5.73069e-04 5.50810e-04 5.29260e-04 5.08436e-04 4.88349e-04 4.69008e-04 4.50415e-04 4.32572e-04 4.15473e-04 3.99113e-04 3.83483e-04 3.68570e-04 3.54360e-04 3.40837e-04 3.27981e-04 3.15770e-04 3.04179e-04 2.93182e-04 2.82749e-04 2.72853e-04 2.63462e-04 2.54547e-04 2.46076e-04 2.38019e-04 2.30347e-04 2.23029e-04 2.16034e-04 2.09332e-04 2.02891e-04 1.96679e-04 1.90664e-04 1.84812e-04 1.79088e-04 1.73459e-04 1.67890e-04 1.62347e-04 1.56796e-04 1.51205e-04 1.45546e-04 1.39791e-04 1.33922e-04 1.27922e-04 1.21784e-04 1.15508e-04 1.09106e-04 1.02595e-04 9.60073e-05 8.93803e-05 8.27613e-05 7.62035e-05 6.97642e-05 6.35017e-05 5.74724e-05 5.17284e-05 4.63145e-05 4.12661e-05 3.66081e-05 3.23541e-05 2.85063e-05 2.50567e-05 2.19878e-05 1.92748e-05 1.68873e-05 1.47913e-05 1.29512e-05 1.13312e-05 9.89747e-06 8.61898e-06 7.46888e-06 6.42526e-06 5.47172e-06 4.59760e-06 3.79770e-06 3.07147e-06 2.42176e-06 1.85296e-06 1.36907e-06 9.71756e-07 6.59015e-07 4.24586e-07 2.58375e-07 1.47685e-07 7.89347e-08 3.93762e-08 1.83906e-08 8.11997e-09 3.42651e-09 1.36978e-09 4.87143e-10 1.32047e-10 1.93449e-11 5.08801e-13
9.206589 1.63764e-01 1.12472e-01 4.90839e-02 3.82493e-02 3.27457e-02 2.90673e-02 2.63810e-02 2.43375e-02 2.27243e-02 2.13926e-02 2.02377e-02 1.91912e-02 1.82133e-02 1.72853e-02 1.64009e-02 1.55612e-02 1.47691e-02 1.40276e-02 1.33381e-02 1.27000e-02 1.21109e-02 1.15673e-02 1.10651e-02 1.05998e-02 1.01670e-02 9.76264e-03 9.38315e-03 9.02556e-03 8.68744e-03 8.36687e-03 8.06231e-03 7.77251e-03 7.49637e-03 7.23289e-03 6.98111e-03 6.74011e-03 6.50897e-03 6.28681e-03 6.07280e-03 5.86615e-03 5.66610e-03 5.47197e-03 5.28313e-03 5.09904e-03 4.91929e-03 4.74356e-03 4.57169e-03 4.40362e-03 4.23941e-03 4.07916e-03 3.92304e-03 3.77120e-03 3.62377e-03 3.48084e-03 3.34246e-03 3.20863e-03 3.07933e-03 2.95448e-03 2.83403e-03 2.71789e-03 2.60602e-03 2.49837e-03 2.39491e-03 2.29561e-03 2.20048e-03 2.10950e-03 2.02266e-03 1.93991e-03 1.86122e-03 1.78649e-03 1.71563e-03 1.64850e-03 1.58492e-03 1.52470e-03 1.46764e-03 1.41349e-03 1.36204e-03 1.31308e-03 1.26639e-03 1.22179e-03 1.17913e-03 1.13824e-03 1.09902e-03 1.06133e-03 1.02509e-03 9.90173e-04 9.56502e-04 9.23981e-04 8.92518e-04 8.62028e-04 8.32425e-04 8.03633e-04 7.75582e-04 7.48214e-04 7.21483e-04 6.95356e-04 6.69814e-04 6.44848e-04 6.20463e-04 5.96670e-04 5.73489e-04 5.50941e-04 5.29052e-04 5.07847e-04 4.87349e-04 4.67578e-04 4.48547e-04 4.30264e-04 4.12731e-04 3.95946e-04 3.79899e-04 3.64580e-04 3.49973e-04 3.36062e-04 3.22829e-04 3.10252e-04 2.98312e-04 2.86985e-04 2.76249e-04 2.66077e-04 2.56442e-04 2.47318e-04 2.38675e-04 2.30484e-04 2.22714e-04 2.15335e-04 2.08316e-04 2.01626e-04 1.95234e-04 1.89107e-04 1.83214e-04 1.77520e-04 1.71993e-04 1.66597e-04 1.61298e-04 1.56060e-04 1.50849e-04 1.45631e-04 1.40375e-04 1.35050e-04 1.29633e-04 1.24102e-04 1.18443e-04 1.12650e-04 1.06725e-04 1.00678e-04 9.45300e-05 8.83111e-05 8.20595e-05 7.58211e-05 6.96471e-05 6.35919e-05 5.77099e-05 5.20536e-05 4.66704e-05 4.16004e-05 3.68751e-05 3.25160e-05 2.85346e-05 2.49324e-05 2.17020e-05 1.88282e-05 1.62900e-05 1.40612e-05 1.21131e-05 1.04151e-05 8.93638e-06 7.64707e-06 6.51914e-06 5.52747e-06 4.65062e-06 3.87147e-06 3.17752e-06 2.56081e-06 2.01728e-06 1.54565e-06 1.14586e-06 8.17373e-07 5.57811e-07 3.62054e-07 2.22193e-07 1.28230e-07 6.92989e-08 3.50211e-08 1.66088e-08 7.46147e-09 3.20366e-09 1.29853e-09 4.65506e-10 1.26550e-10 1.85448e-11 4.87569e-13
9.306661 1.65077e-01 1.11090e-01 4.70615e-02 3.72099e-02 3.23202e-02 2.89902e-02 2.65108e-02 2.45849e-02 2.30215e-02 2.16899e-02 2.05037e-02 1.94107e-02 1.83829e-02 1.74088e-02 1.64863e-02 1.56179e-02 1.48066e-02 1.40542e-02 1.33601e-02 1.27219e-02 1.21356e-02 1.15963e-02 1.10989e-02 1.06383e-02 1.02100e-02 9.80997e-03 9.43469e-03 9.08117e-03 8.74684e-03 8.42952e-03 8.12731e-03 7.83857e-03 7.56194e-03 7.29631e-03 7.04079e-03 6.79471e-03 6.55757e-03 6.32896e-03 6.10855e-03 5.89603e-03 5.69103e-03 5.49319e-03 5.30207e-03 5.11723e-03 4.93820e-03 4.76452e-03 4.59573e-03 4.43140e-03 4.27117e-03 4.11471e-03 3.96180e-03 3.81230e-03 3.66615e-03 3.52339e-03 3.38416e-03 3.24862e-03 3.11699e-03 2.98949e-03 2.86633e-03 2.74766e-03 2.63360e-03 2.52421e-03 2.41946e-03 2.31930e-03 2.22361e-03 2.13226e-03 2.04509e-03 1.96194e-03 1.88264e-03 1.80704e-03 1.73501e-03 1.66640e-03 1.60109e-03 1.53896e-03 1.47988e-03 1.42372e-03 1.37036e-03 1.31965e-03 1.27145e-03 1.22558e-03 1.18189e-03 1.14020e-03 1.10035e-03 1.06217e-03 1.02553e-03 9.90266e-04 9.56272e-04 9.23433e-04 8.91655e-04 8.60851e-04 8.30945e-04 8.01871e-04 7.73572e-04 7.45996e-04 7.19102e-04 6.92856e-04 6.67234e-04 6.42218e-04 6.17799e-04 5.93976e-04 5.70753e-04 5.48142e-04 5.26156e-04 5.04813e-04 4.84130e-04 4.64128e-04 4.44823e-04 4.26230e-04 4.08360e-04 3.91221e-04 3.74815e-04 3.59138e-04 3.44184e-04 3.29940e-04 3.16391e-04 3.03516e-04 2.91296e-04 2.79708e-04 2.68727e-04 2.58331e-04 2.48493e-04 2.39189e-04 2.30392e-04 2.22076e-04 2.14211e-04 2.06771e-04 1.99724e-04 1.93041e-04 1.86690e-04 1.80641e-04 1.74860e-04 1.69315e-04 1.63971e-04 1.58795e-04 1.53751e-04 1.48805e-04 1.43921e-04 1.39065e-04 1.34203e-04 1.29304e-04 1.24339e-04 1.19283e-04 1.14118e-04 1.08830e-04 1.03413e-04 9.78704e-05 9.22142e-05 8.64652e-05 8.06530e-05 7.48151e-05 6.89957e-05 6.32432e-05 5.76083e-05 5.21412e-05 4.68893e-05 4.18949e-05 3.71935e-05 3.28123e-05 2.87696e-05 2.50751e-05 2.17301e-05 1.87285e-05 1.60580e-05 1.37013e-05 1.16373e-05 9.84223e-06 8.29044e-06 6.95547e-06 5.81078e-06 4.83058e-06 3.99076e-06 3.26974e-06 2.64924e-06 2.11480e-06 1.65583e-06 1.26515e-06 9.38049e-07 6.70948e-07 4.60121e-07 3.00671e-07 1.86096e-07 1.08512e-07 5.93770e-08 3.04633e-08 1.47114e-08 6.74605e-09 2.95581e-09 1.21726e-09 4.40323e-10 1.20084e-10 1.76007e-11 4.62499e-13
9.406732 1.59733e-01 1.11034e-01 4.82979e-02 3.75071e-02 3.21953e-02 2.87228e-02 2.62256e-02 2.43471e-02 2.28670e-02 2.16305e-02 2.05333e-02 1.95132e-02 1.85396e-02 1.76026e-02 1.67030e-02 1.58460e-02 1.50368e-02 1.42790e-02 1.35736e-02 1.29200e-02 1.23158e-02 1.17578e-02 1.12421e-02 1.07649e-02 1.03222e-02 9.91011e-03 9.52515e-03 9.16409e-03 8.82408e-03 8.50267e-03 8.19774e-03 7.90753e-03 7.63054e-03 7.36548e-03 7.11124e-03 6.86683e-03 6.63136e-03 6.40405e-03 6.18417e-03 5.97114e-03 5.76446e-03 5.56378e-03 5.36883e-03 5.17944e-03 4.99549e-03 4.81688e-03 4.64353e-03 4.47533e-03 4.31213e-03 4.15377e-03 4.00005e-03 3.85077e-03 3.70571e-03 3.56466e-03 3.42744e-03 3.29390e-03 3.16396e-03 3.03759e-03 2.91480e-03 2.79567e-03 2.68032e-03 2.56889e-03 2.46153e-03 2.35838e-03 2.25955e-03 2.16510e-03 2.07504e-03 1.98933e-03 1.90786e-03 1.83049e-03 1.75702e-03 1.68724e-03 1.62092e-03 1.55785e-03 1.49782e-03 1.44063e-03 1.38611e-03 1.33411e-03 1.28450e-03 1.23714e-03 1.19193e-03 1.14876e-03 1.10751e-03 1.06807e-03 1.03033e-03 9.94150e-04 9.59416e-04 9.26000e-04 8.93780e-04 8.62639e-04 8.32473e-04 8.03188e-04 7.74704e-04 7.46956e-04 7.19891e-04 6.93467e-04 6.67659e-04 6.42446e-04 6.17822e-04 5.93786e-04 5.70345e-04 5.47510e-04 5.25295e-04 5.03716e-04 4.82789e-04 4.62529e-04 4.42949e-04 4.24062e-04 4.05877e-04 3.88402e-04 3.71639e-04 3.55592e-04 3.40258e-04 3.25632e-04 3.11706e-04 2.98467e-04 2.85901e-04 2.73988e-04 2.62709e-04 2.52039e-04 2.41954e-04 2.32429e-04 2.23438e-04 2.14954e-04 2.06950e-04 1.99398e-04 1.92269e-04 1.85536e-04 1.79168e-04 1.73134e-04 1.67404e-04 1.61944e-04 1.56721e-04 1.51702e-04 1.46851e-04 1.42133e-04 1.37513e-04 1.32955e-04 1.28425e-04 1.23889e-04 1.19317e-04 1.14680e-04 1.09955e-04 1.05124e-04 1.00175e-04 9.51039e-05 8.99145e-05 8.46197e-05 7.92408e-05 7.38075e-05 6.83563e-05 6.29292e-05 5.75719e-05 5.23312e-05 4.72528e-05 4.23792e-05 3.77475e-05 3.33886e-05 2.93258e-05 2.55747e-05 2.21437e-05 1.90342e-05 1.62421e-05 1.37581e-05 1.15690e-05 9.65811e-06 8.00626e-06 6.59196e-06 5.39201e-06 4.38210e-06 3.53761e-06 2.83451e-06 2.25047e-06 1.76578e-06 1.36407e-06 1.03252e-06 7.61521e-07 5.43869e-07 3.73685e-07 2.45398e-07 1.53070e-07 9.02057e-08 5.00438e-08 2.61252e-08 1.28870e-08 6.05264e-09 2.71430e-09 1.13786e-09 4.15668e-10 1.13738e-10 1.66714e-11 4.37776e-13
9.506804 1.54921e-01 1.08392e-01 4.83714e-02 3.81950e-02 3.29793e-02 2.94270e-02 2.67953e-02 2.47673e-02 2.31452e-02 2.17911e-02 2.06098e-02 1.95393e-02 1.85434e-02 1.76038e-02 1.67136e-02 1.58720e-02 1.50801e-02 1.43393e-02 1.36497e-02 1.30102e-02 1.24183e-02 1.18706e-02 1.13630e-02 1.08913e-02 1.04510e-02 1.00384e-02 9.64984e-03 9.28256e-03 8.93428e-03 8.60326e-03 8.28815e-03 7.98788e-03 7.70151e-03 7.42818e-03 7.16702e-03 6.91719e-03 6.67784e-03 6.44813e-03 6.22729e-03 6.01456e-03 5.80927e-03 5.61077e-03 5.41849e-03 5.23188e-03 5.05048e-03 4.87389e-03 4.70178e-03 4.53391e-03 4.37014e-03 4.21038e-03 4.05462e-03 3.90288e-03 3.75522e-03 3.61169e-03 3.47232e-03 3.33714e-03 3.20615e-03 3.07933e-03 2.95662e-03 2.83796e-03 2.72329e-03 2.61254e-03 2.50567e-03 2.40264e-03 2.30343e-03 2.20805e-03 2.11650e-03 2.02879e-03 1.94492e-03 1.86488e-03 1.78863e-03 1.71611e-03 1.64722e-03 1.58181e-03 1.51974e-03 1.46082e-03 1.40486e-03 1.35165e-03 1.30098e-03 1.25267e-03 1.20654e-03 1.16244e-03 1.12022e-03 1.07976e-03 1.04096e-03 1.00371e-03 9.67924e-04 9.33504e-04 9.00364e-04 8.68412e-04 8.37556e-04 8.07708e-04 7.78778e-04 7.50684e-04 7.23354e-04 6.96724e-04 6.70742e-04 6.45370e-04 6.20583e-04 5.96366e-04 5.72716e-04 5.49638e-04 5.27144e-04 5.05252e-04 4.83981e-04 4.63354e-04 4.43389e-04 4.24105e-04 4.05516e-04 3.87632e-04 3.70460e-04 3.54000e-04 3.38253e-04 3.23214e-04 3.08875e-04 2.95226e-04 2.82257e-04 2.69953e-04 2.58297e-04 2.47272e-04 2.36856e-04 2.27028e-04 2.17763e-04 2.09037e-04 2.00821e-04 1.93090e-04 1.85814e-04 1.78966e-04 1.72516e-04 1.66434e-04 1.60690e-04 1.55251e-04 1.50086e-04 1.45161e-04 1.40442e-04 1.35893e-04 1.31480e-04 1.27167e-04 1.22918e-04 1.18698e-04 1.14475e-04 1.10218e-04 1.05898e-04 1.01495e-04 9.69887e-05 9.23702e-05 8.76357e-05 8.27901e-05 7.78465e-05 7.28264e-05 6.77586e-05 6.26783e-05 5.76252e-05 5.26418e-05 4.77709e-05 4.30540e-05 3.85287e-05 3.42279e-05 3.01784e-05 2.64005e-05 2.29082e-05 1.97094e-05 1.68069e-05 1.41987e-05 1.18792e-05 9.83921e-06 8.06625e-06 6.54492e-06 5.25686e-06 4.18098e-06 3.29406e-06 2.57152e-06 1.98867e-06 1.52194e-06 1.15009e-06 8.55121e-07 6.22534e-07 4.41112e-07 3.02200e-07 1.98800e-07 1.24764e-07 7.42906e-08 4.18278e-08 2.22645e-08 1.12476e-08 5.42412e-09 2.49363e-09 1.06479e-09 3.92849e-10 1.07841e-10 1.58058e-11 4.14722e-13
9.606875 1.56019e-01 1.08711e-01 4.72813e-02 3.71674e-02 3.22344e-02 2.89535e-02 2.65458e-02 2.46924e-02 2.31946e-02 2.19173e-02 2.07733e-02 1.97120e-02 1.87073e-02 1.77493e-02 1.68365e-02 1.59712e-02 1.51570e-02 1.43962e-02 1.36898e-02 1.30371e-02 1.24356e-02 1.18816e-02 1.13707e-02 1.08980e-02 1.04589e-02 1.00491e-02 9.66477e-03 9.30277e-03 8.96038e-03 8.63531e-03 8.32564e-03 8.02969e-03 7.74606e-03 7.47356e-03 7.21128e-03 6.95852e-03 6.71479e-03 6.47974e-03 6.25314e-03 6.03473e-03 5.82430e-03 5.62153e-03 5.42608e-03 5.23754e-03 5.05548e-03 4.87945e-03 4.70900e-03 4.54368e-03 4.38310e-03 4.22688e-03 4.07469e-03 3.92627e-03 3.78142e-03 3.64000e-03 3.50196e-03 3.36730e-03 3.23609e-03 3.10844e-03 2.98446e-03 2.86430e-03 2.74808e-03 2.63591e-03 2.52786e-03 2.42396e-03 2.32420e-03 2.22853e-03 2.13688e-03 2.04915e-03 1.96521e-03 1.88495e-03 1.80824e-03 1.73497e-03 1.66503e-03 1.59831e-03 1.53471e-03 1.47412e-03 1.41643e-03 1.36152e-03 1.30926e-03 1.25953e-03 1.21218e-03 1.16705e-03 1.12400e-03 1.08286e-03 1.04350e-03 1.00578e-03 9.69553e-04 9.34715e-04 9.01156e-04 8.68782e-04 8.37506e-04 8.07250e-04 7.77939e-04 7.49508e-04 7.21892e-04 6.95034e-04 6.68884e-04 6.43398e-04 6.18539e-04 5.94282e-04 5.70608e-04 5.47508e-04 5.24980e-04 5.03031e-04 4.81671e-04 4.60917e-04 4.40786e-04 4.21297e-04 4.02470e-04 3.84320e-04 3.66862e-04 3.50105e-04 3.34055e-04 3.18713e-04 3.04075e-04 2.90134e-04 2.76879e-04 2.64299e-04 2.52376e-04 2.41094e-04 2.30434e-04 2.20377e-04 2.10900e-04 2.01982e-04 1.93599e-04 1.85724e-04 1.78332e-04 1.71395e-04 1.64885e-04 1.58773e-04 1.53029e-04 1.47621e-04 1.42518e-04 1.37688e-04 1.33096e-04 1.28710e-04 1.24494e-04 1.20413e-04 1.16430e-04 1.12512e-04 1.08624e-04 1.04733e-04 1.00809e-04 9.68266e-05 9.27632e-05 8.86028e-05 8.43361e-05 7.99608e-05 7.54827e-05 7.09155e-05 6.62802e-05 6.16049e-05 5.69227e-05 5.22706e-05 4.76873e-05 4.32112e-05 3.88789e-05 3.47232e-05 3.07725e-05 2.70497e-05 2.35725e-05 2.03536e-05 1.74012e-05 1.47196e-05 1.23097e-05 1.01692e-05 8.29270e-06 6.67135e-06 5.29273e-06 4.14056e-06 3.19492e-06 2.43282e-06 1.82926e-06 1.35871e-06 9.96650e-07 7.20923e-07 5.12718e-07 3.56891e-07 2.41719e-07 1.58248e-07 9.94876e-08 5.97314e-08 3.41315e-08 1.85573e-08 9.62861e-09 4.78150e-09 2.25797e-09 9.82904e-10 3.66292e-10 1.00856e-10 1.47769e-11 3.87347e-13
9.706947 1.50124e-01 1.07345e-01 4.83675e-02 3.78480e-02 3.25712e-02 2.90777e-02 2.65486e-02 2.46381e-02 2.31319e-02 2.18797e-02 2.07785e-02 1.97644e-02 1.88026e-02 1.78792e-02 1.69918e-02 1.61442e-02 1.53412e-02 1.45870e-02 1.38833e-02 1.32298e-02 1.26241e-02 1.20628e-02 1.15416e-02 1.10565e-02 1.06035e-02 1.01792e-02 9.78069e-03 9.40559e-03 9.05168e-03 8.71702e-03 8.39983e-03 8.09847e-03 7.81145e-03 7.53743e-03 7.27521e-03 7.02375e-03 6.78208e-03 6.54934e-03 6.32478e-03 6.10771e-03 5.89755e-03 5.69384e-03 5.49624e-03 5.30451e-03 5.11850e-03 4.93811e-03 4.76324e-03 4.59380e-03 4.42967e-03 4.27068e-03 4.11663e-03 3.96729e-03 3.82241e-03 3.68174e-03 3.54503e-03 3.41207e-03 3.28267e-03 3.15668e-03 3.03403e-03 2.91466e-03 2.79861e-03 2.68594e-03 2.57673e-03 2.47112e-03 2.36922e-03 2.27113e-03 2.17695e-03 2.08671e-03 2.00043e-03 1.91807e-03 1.83953e-03 1.76470e-03 1.69342e-03 1.62553e-03 1.56084e-03 1.49917e-03 1.44036e-03 1.38423e-03 1.33064e-03 1.27947e-03 1.23060e-03 1.18391e-03 1.13930e-03 1.09666e-03 1.05590e-03 1.01690e-03 9.79560e-04 9.43754e-04 9.09372e-04 8.76300e-04 8.44427e-04 8.13651e-04 7.83876e-04 7.55016e-04 7.26998e-04 6.99756e-04 6.73237e-04 6.47395e-04 6.22194e-04 5.97609e-04 5.73622e-04 5.50220e-04 5.27401e-04 5.05167e-04 4.83524e-04 4.62483e-04 4.42056e-04 4.22257e-04 4.03101e-04 3.84603e-04 3.66775e-04 3.49629e-04 3.33175e-04 3.17417e-04 3.02360e-04 2.88002e-04 2.74338e-04 2.61361e-04 2.49058e-04 2.37416e-04 2.26416e-04 2.16041e-04 2.06268e-04 1.97076e-04 1.88442e-04 1.80343e-04 1.72752e-04 1.65643e-04 1.58991e-04 1.52767e-04 1.46942e-04 1.41485e-04 1.36367e-04 1.31554e-04 1.27015e-04 1.22715e-04 1.18620e-04 1.14695e-04 1.10904e-04 1.07212e-04 1.03584e-04 9.99859e-05 9.63854e-05 9.27536e-05 8.90648e-05 8.52983e-05 8.14393e-05 7.74793e-05 7.34175e-05 6.92602e-05 6.50216e-05 6.07225e-05 5.63899e-05 5.20549e-05 4.77518e-05 4.35157e-05 3.93809e-05 3.53797e-05 3.15405e-05 2.78879e-05 2.44420e-05 2.12187e-05 1.82305e-05 1.54864e-05 1.29928e-05 1.07534e-05 8.76934e-06 7.03818e-06 5.55373e-06 4.30526e-06 3.27727e-06 2.44972e-06 1.79888e-06 1.29871e-06 9.22643e-07 6.45359e-07 4.44272e-07 3.00459e-07 1.98930e-07 1.28312e-07 8.01816e-08 4.82950e-08 2.79425e-08 1.55158e-08 8.27654e-09 4.23595e-09 2.05463e-09 9.11113e-10 3.42684e-10 9.45878e-11 1.38489e-11 3.62596e-13
9.807019 1.46903e-01 1.05718e-01 4.82107e-02 3.81216e-02 3.30079e-02 2.95492e-02 2.69876e-02 2.50046e-02 2.34075e-02 2.20648e-02 2.08869e-02 1.98160e-02 1.88183e-02 1.78766e-02 1.69844e-02 1.61407e-02 1.53464e-02 1.46026e-02 1.39091e-02 1.32648e-02 1.26671e-02 1.21126e-02 1.15977e-02 1.11184e-02 1.06708e-02 1.02513e-02 9.85649e-03 9.48343e-03 9.12954e-03 8.79267e-03 8.47110e-03 8.16354e-03 7.86904e-03 7.58692e-03 7.31665e-03 7.05776e-03 6.80976e-03 6.57211e-03 6.34424e-03 6.12552e-03 5.91528e-03 5.71289e-03 5.51771e-03 5.32914e-03 5.14663e-03 4.96968e-03 4.79784e-03 4.63075e-03 4.46812e-03 4.30974e-03 4.15549e-03 4.00529e-03 3.85911e-03 3.71694e-03 3.57876e-03 3.44456e-03 3.31431e-03 3.18795e-03 3.06541e-03 2.94661e-03 2.83148e-03 2.71992e-03 2.61188e-03 2.50730e-03 2.40615e-03 2.30841e-03 2.21411e-03 2.12325e-03 2.03588e-03 1.95200e-03 1.87164e-03 1.79479e-03 1.72141e-03 1.65144e-03 1.58479e-03 1.52135e-03 1.46096e-03 1.40349e-03 1.34874e-03 1.29655e-03 1.24676e-03 1.19919e-03 1.15371e-03 1.11017e-03 1.06846e-03 1.02848e-03 9.90122e-04 9.53302e-04 9.17934e-04 8.83932e-04 8.51211e-04 8.19685e-04 7.89265e-04 7.59866e-04 7.31402e-04 7.03797e-04 6.76978e-04 6.50882e-04 6.25459e-04 6.00666e-04 5.76473e-04 5.52861e-04 5.29818e-04 5.07344e-04 4.85442e-04 4.64123e-04 4.43402e-04 4.23294e-04 4.03817e-04 3.84985e-04 3.66815e-04 3.49318e-04 3.32503e-04 3.16376e-04 3.00942e-04 2.86202e-04 2.72153e-04 2.58791e-04 2.46109e-04 2.34096e-04 2.22740e-04 2.12025e-04 2.01934e-04 1.92446e-04 1.83540e-04 1.75193e-04 1.67380e-04 1.60077e-04 1.53257e-04 1.46893e-04 1.40956e-04 1.35419e-04 1.30251e-04 1.25421e-04 1.20898e-04 1.16648e-04 1.12637e-04 1.08832e-04 1.05197e-04 1.01696e-04 9.82938e-05 9.49558e-05 9.16483e-05 8.83397e-05 8.50015e-05 8.16091e-05 7.81427e-05 7.45884e-05 7.09389e-05 6.71939e-05 6.33604e-05 5.94524e-05 5.54901e-05 5.14988e-05 4.75076e-05 4.35475e-05 3.96501e-05 3.58457e-05 3.21624e-05 2.86249e-05 2.52548e-05 2.20703e-05 1.90864e-05 1.63159e-05 1.37695e-05 1.14560e-05 9.38209e-06 7.55148e-06 5.96423e-06 4.61568e-06 3.49572e-06 2.58860e-06 1.87340e-06 1.32521e-06 9.16930e-07 6.21299e-07 4.12822e-07 2.69249e-07 1.72388e-07 1.08211e-07 6.64312e-08 3.97617e-08 2.31405e-08 1.30707e-08 7.15015e-09 3.76300e-09 1.87006e-09 8.42812e-10 3.19413e-10 8.83006e-11 1.29136e-11 3.37643e-13
9.907090 1.48227e-01 1.05894e-01 4.70452e-02 3.70585e-02 3.22068e-02 2.89916e-02 2.66386e-02 2.48328e-02 2.33769e-02 2.21357e-02 2.10214e-02 1.99828e-02 1.89944e-02 1.80468e-02 1.71397e-02 1.62765e-02 1.54614e-02 1.46976e-02 1.39863e-02 1.33269e-02 1.27172e-02 1.21536e-02 1.16320e-02 1.11478e-02 1.06969e-02 1.02752e-02 9.87916e-03 9.50579e-03 9.15250e-03 8.81714e-03 8.49791e-03 8.19328e-03 7.90193e-03 7.62270e-03 7.35457e-03 7.09664e-03 6.84816e-03 6.60856e-03 6.37739e-03 6.15433e-03 5.93917e-03 5.73172e-03 5.53181e-03 5.33922e-03 5.15368e-03 4.97486e-03 4.80240e-03 4.63589e-03 4.47490e-03 4.31901e-03 4.16780e-03 4.02091e-03 3.87798e-03 3.73875e-03 3.60300e-03 3.47057e-03 3.34140e-03 3.21545e-03 3.09276e-03 2.97338e-03 2.85740e-03 2.74488e-03 2.63592e-03 2.53056e-03 2.42884e-03 2.33077e-03 2.23633e-03 2.14549e-03 2.05818e-03 1.97435e-03 1.89390e-03 1.81677e-03 1.74288e-03 1.67214e-03 1.60447e-03 1.53979e-03 1.47802e-03 1.41906e-03 1.36282e-03 1.30917e-03 1.25802e-03 1.20922e-03 1.16266e-03 1.11820e-03 1.07569e-03 1.03502e-03 9.96049e-04 9.58662e-04 9.22749e-04 8.88210e-04 8.54951e-04 8.22889e-04 7.91945e-04 7.62044e-04 7.33116e-04 7.05094e-04 6.77914e-04 6.51517e-04 6.25849e-04 6.00862e-04 5.76517e-04 5.52782e-04 5.29635e-04 5.07061e-04 4.85055e-04 4.63617e-04 4.42754e-04 4.22479e-04 4.02807e-04 3.83755e-04 3.65340e-04 3.47578e-04 3.30485e-04 3.14071e-04 2.98344e-04 2.83308e-04 2.68964e-04 2.55309e-04 2.42336e-04 2.30037e-04 2.18400e-04 2.07413e-04 1.97061e-04 1.87326e-04 1.78188e-04 1.69628e-04 1.61623e-04 1.54149e-04 1.47182e-04 1.40694e-04 1.34659e-04 1.29050e-04 1.23835e-04 1.18987e-04 1.14473e-04 1.10263e-04 1.06322e-04 1.02617e-04 9.91147e-05 9.57788e-05 9.25744e-05 8.94663e-05 8.64204e-05 8.34036e-05 8.03853e-05 7.73381e-05 7.42385e-05 7.10683e-05 6.78148e-05 6.44721e-05 6.10407e-05 5.75283e-05 5.39488e-05 5.03214e-05 4.66699e-05 4.30207e-05 3.94018e-05 3.58408e-05 3.23641e-05 2.89957e-05 2.57574e-05 2.26678e-05 1.97439e-05 1.70004e-05 1.44511e-05 1.21085e-05 9.98357e-06 8.08532e-06 6.41944e-06 4.98719e-06 3.78416e-06 2.79970e-06 2.01688e-06 1.41342e-06 9.63252e-07 6.38661e-07 4.12492e-07 2.60061e-07 1.60472e-07 9.71839e-08 5.79005e-08 3.39865e-08 1.96588e-08 1.11860e-08 6.22705e-09 3.34836e-09 1.69576e-09 7.73628e-10 2.94675e-10 8.14721e-11 1.18926e-11 3.10419e-13
10.000190 1.41198e-01 1.04698e-01 4.89054e-02 3.82940e-02 3.29190e-02 2.93658e-02 2.67954e-02 2.48530e-02 2.33247e-02 2.20612e-02 2.09590e-02 1.99516e-02 1.90015e-02 1.80917e-02 1.72178e-02 1.63817e-02 1.55872e-02 1.48379e-02 1.41355e-02 1.34801e-02 1.28699e-02 1.23022e-02 1.17735e-02 1.12801e-02 1.08187e-02 1.03859e-02 9.97883e-03 9.59497e-03 9.23206e-03 8.88815e-03 8.56155e-03 8.25077e-03 7.95450e-03 7.67156e-03 7.40094e-03 7.14171e-03 6.89304e-03 6.65416e-03 6.42437e-03 6.20303e-03 5.98953e-03 5.78332e-03 5.58394e-03 5.39099e-03 5.20416e-03 5.02323e-03 4.84803e-03 4.67842e-03 4.51429e-03 4.35550e-03 4.20189e-03 4.05327e-03 3.90940e-03 3.77003e-03 3.63489e-03 3.50370e-03 3.37620e-03 3.25215e-03 3.13136e-03 3.01367e-03 2.89900e-03 2.78730e-03 2.67860e-03 2.57294e-03 2.47042e-03 2.37114e-03 2.27520e-03 2.18269e-03 2.09366e-03 2.00815e-03 1.92616e-03 1.84764e-03 1.77253e-03 1.70071e-03 1.63208e-03 1.56648e-03 1.50380e-03 1.44388e-03 1.38659e-03 1.33182e-03 1.27944e-03 1.22935e-03 1.18144e-03 1.13562e-03 1.09179e-03 1.04984e-03 1.00969e-03 9.71218e-04 9.34335e-04 8.98933e-04 8.64910e-04 8.32166e-04 8.00605e-04 7.70137e-04 7.40680e-04 7.12158e-04 6.84502e-04 6.57652e-04 6.31553e-04 6.06160e-04 5.81433e-04 5.57340e-04 5.33857e-04 5.10967e-04 4.88659e-04 4.66931e-04 4.45782e-04 4.25220e-04 4.05254e-04 3.85896e-04 3.67161e-04 3.49062e-04 3.31615e-04 3.14833e-04 2.98726e-04 2.83303e-04 2.68570e-04 2.54528e-04 2.41175e-04 2.28506e-04 2.16511e-04 2.05180e-04 1.94499e-04 1.84450e-04 1.75017e-04 1.66180e-04 1.57918e-04 1.50208e-04 1.43027e-04 1.36350e-04 1.30151e-04 1.24403e-04 1.19078e-04 1.14146e-04 1.09577e-04 1.05339e-04 1.01401e-04 9.77292e-05 9.42892e-05 9.10467e-05 8.79665e-05 8.50133e-05 8.21523e-05 7.93495e-05 7.65726e-05 7.37920e-05 7.09812e-05 6.81181e-05 6.51859e-05 6.21735e-05 5.90764e-05 5.58963e-05 5.26417e-05 4.93263e-05 4.59690e-05 4.25921e-05 3.92199e-05 3.58775e-05 3.25893e-05 2.93785e-05 2.62661e-05 2.32712e-05 2.04114e-05 1.77027e-05 1.51606e-05 1.28002e-05 1.06356e-05 8.67990e-06 6.94336e-06 5.43235e-06 4.14780e-06 3.08406e-06 2.22858e-06 1.56230e-06 1.06108e-06 6.97703e-07 4.44232e-07 2.74265e-07 1.64669e-07 9.65855e-08 5.56779e-08 3.17518e-08 1.80063e-08 1.01637e-08 5.67199e-09 3.07547e-09 1.57114e-09 7.20609e-10 2.74811e-10 7.58555e-11 1.10448e-11 2.87743e-13
