# tg_mhd (CUDA FP64)  tgi_noslip_pv_n384_re500  N=384 Re=500 h=8.20259178e-03 delta=4.47213595e-02 delta/h=5.452101 layers=192
# layer k: the nodes k cells from the nearest wall, i.e. the slab [(k-1/2)h, (k+1/2)h] ([0, h/2] for k = 0)
# row 'vol': each layer's share of the volume; then per probe: t and each layer's VISCOUS dissipation as a share of the total eps
# vol 7.812465e-03 1.550265e-02 1.534032e-02 1.517884e-02 1.501822e-02 1.485845e-02 1.469954e-02 1.454148e-02 1.438428e-02 1.422793e-02 1.407244e-02 1.391780e-02 1.376401e-02 1.361108e-02 1.345900e-02 1.330778e-02 1.315741e-02 1.300789e-02 1.285923e-02 1.271143e-02 1.256448e-02 1.241838e-02 1.227314e-02 1.212875e-02 1.198522e-02 1.184254e-02 1.170071e-02 1.155974e-02 1.141962e-02 1.128036e-02 1.114195e-02 1.100440e-02 1.086770e-02 1.073186e-02 1.059687e-02 1.046273e-02 1.032945e-02 1.019702e-02 1.006545e-02 9.934732e-03 9.804868e-03 9.675859e-03 9.547704e-03 9.420403e-03 9.293956e-03 9.168364e-03 9.043626e-03 8.919743e-03 8.796714e-03 8.674540e-03 8.553219e-03 8.432753e-03 8.313142e-03 8.194385e-03 8.076482e-03 7.959434e-03 7.843240e-03 7.727900e-03 7.613415e-03 7.499784e-03 7.387007e-03 7.275085e-03 7.164017e-03 7.053804e-03 6.944445e-03 6.835940e-03 6.728289e-03 6.621494e-03 6.515552e-03 6.410465e-03 6.306232e-03 6.202853e-03 6.100329e-03 5.998659e-03 5.897844e-03 5.797883e-03 5.698776e-03 5.600524e-03 5.503126e-03 5.406582e-03 5.310893e-03 5.216058e-03 5.122078e-03 5.028952e-03 4.936680e-03 4.845263e-03 4.754700e-03 4.664991e-03 4.576137e-03 4.488137e-03 4.400991e-03 4.314700e-03 4.229263e-03 4.144681e-03 4.060953e-03 3.978079e-03 3.896060e-03 3.814895e-03 3.734584e-03 3.655128e-03 3.576526e-03 3.498779e-03 3.421886e-03 3.345847e-03 3.270663e-03 3.196333e-03 3.122857e-03 3.050236e-03 2.978469e-03 2.907556e-03 2.837498e-03 2.768294e-03 2.699945e-03 2.632450e-03 2.565809e-03 2.500023e-03 2.435091e-03 2.371013e-03 2.307790e-03 2.245421e-03 2.183907e-03 2.123247e-03 2.063441e-03 2.004489e-03 1.946392e-03 1.889150e-03 1.832762e-03 1.777228e-03 1.722548e-03 1.668723e-03 1.615752e-03 1.563636e-03 1.512374e-03 1.461966e-03 1.412413e-03 1.363714e-03 1.315869e-03 1.268879e-03 1.222743e-03 1.177461e-03 1.133034e-03 1.089461e-03 1.046743e-03 1.004879e-03 9.638694e-04 9.237141e-04 8.844132e-04 8.459666e-04 8.083744e-04 7.716366e-04 7.357531e-04 7.007241e-04 6.665493e-04 6.332290e-04 6.007630e-04 5.691514e-04 5.383942e-04 5.084913e-04 4.794428e-04 4.512486e-04 4.239089e-04 3.974235e-04 3.717924e-04 3.470158e-04 3.230935e-04 3.000255e-04 2.778120e-04 2.564528e-04 2.359479e-04 2.162975e-04 1.975014e-04 1.795597e-04 1.624723e-04 1.462393e-04 1.308607e-04 1.163364e-04 1.026665e-04 8.985102e-05 7.788987e-05 6.678309e-05 5.653068e-05 4.713263e-05 3.858895e-05 3.089964e-05 2.406470e-05 1.808412e-05 1.295791e-05 8.686074e-06 5.268602e-06 2.705498e-06 9.967625e-07 1.423946e-07
0.000000 8.06870e-01 1.79305e-01 7.27811e-05 7.28030e-05 7.28322e-05 7.28679e-05 7.29093e-05 7.29555e-05 7.30058e-05 7.30593e-05 7.31152e-05 7.31726e-05 7.32309e-05 7.32891e-05 7.33466e-05 7.34024e-05 7.34558e-05 7.35060e-05 7.35523e-05 7.35939e-05 7.36301e-05 7.36601e-05 7.36832e-05 7.36987e-05 7.37060e-05 7.37042e-05 7.36928e-05 7.36712e-05 7.36386e-05 7.35945e-05 7.35383e-05 7.34695e-05 7.33873e-05 7.32915e-05 7.31813e-05 7.30564e-05 7.29163e-05 7.27605e-05 7.25886e-05 7.24003e-05 7.21951e-05 7.19728e-05 7.17330e-05 7.14754e-05 7.11997e-05 7.09059e-05 7.05935e-05 7.02625e-05 6.99128e-05 6.95441e-05 6.91564e-05 6.87497e-05 6.83240e-05 6.78791e-05 6.74152e-05 6.69323e-05 6.64304e-05 6.59098e-05 6.53705e-05 6.48128e-05 6.42368e-05 6.36427e-05 6.30308e-05 6.24014e-05 6.17547e-05 6.10913e-05 6.04112e-05 5.97151e-05 5.90033e-05 5.82761e-05 5.75342e-05 5.67778e-05 5.60077e-05 5.52242e-05 5.44279e-05 5.36194e-05 5.27992e-05 5.19679e-05 5.11263e-05 5.02748e-05 4.94141e-05 4.85448e-05 4.76677e-05 4.67834e-05 4.58926e-05 4.49960e-05 4.40943e-05 4.31881e-05 4.22783e-05 4.13655e-05 4.04503e-05 3.95337e-05 3.86162e-05 3.76986e-05 3.67816e-05 3.58660e-05 3.49523e-05 3.40414e-05 3.31339e-05 3.22305e-05 3.13319e-05 3.04388e-05 2.95518e-05 2.86716e-05 2.77987e-05 2.69339e-05 2.60777e-05 2.52307e-05 2.43935e-05 2.35666e-05 2.27505e-05 2.19459e-05 2.11531e-05 2.03726e-05 1.96050e-05 1.88505e-05 1.81097e-05 1.73829e-05 1.66704e-05 1.59727e-05 1.52899e-05 1.46225e-05 1.39706e-05 1.33345e-05 1.27144e-05 1.21105e-05 1.15229e-05 1.09518e-05 1.03972e-05 9.85929e-06 9.33809e-06 8.83362e-06 8.34589e-06 7.87487e-06 7.42052e-06 6.98277e-06 6.56153e-06 6.15667e-06 5.76806e-06 5.39554e-06 5.03892e-06 4.69800e-06 4.37256e-06 4.06235e-06 3.76711e-06 3.48656e-06 3.22041e-06 2.96834e-06 2.73004e-06 2.50514e-06 2.29331e-06 2.09418e-06 1.90736e-06 1.73248e-06 1.56913e-06 1.41691e-06 1.27542e-06 1.14422e-06 1.02291e-06 9.11061e-07 8.08239e-07 7.14020e-07 6.27974e-07 5.49675e-07 4.78697e-07 4.14616e-07 3.57016e-07 3.05482e-07 2.59609e-07 2.18996e-07 1.83252e-07 1.51997e-07 1.24858e-07 1.01474e-07 8.14988e-08 6.45956e-08 5.04433e-08 3.87350e-08 2.91790e-08 2.14999e-08 1.54388e-08 1.07545e-08 7.22337e-09 4.64064e-09 2.82039e-09 1.59626e-09 8.21749e-10 3.70629e-10 1.37226e-10 3.66917e-11 5.20527e-12 1.33492e-13
0.100072 4.08970e-01 1.57685e-01 4.67040e-02 2.37899e-02 1.35498e-02 8.86845e-03 6.39227e-03 4.72787e-03 3.50424e-03 2.64506e-03 2.05461e-03 1.61703e-03 1.24677e-03 9.15907e-04 6.37672e-04 4.34976e-04 3.13636e-04 2.56396e-04 2.36063e-04 2.31045e-04 2.30413e-04 2.30536e-04 2.30672e-04 2.30765e-04 2.30828e-04 2.30862e-04 2.30866e-04 2.30838e-04 2.30776e-04 2.30676e-04 2.30539e-04 2.30360e-04 2.30140e-04 2.29875e-04 2.29564e-04 2.29206e-04 2.28799e-04 2.28342e-04 2.27832e-04 2.27270e-04 2.26653e-04 2.25981e-04 2.25253e-04 2.24467e-04 2.23623e-04 2.22720e-04 2.21757e-04 2.20734e-04 2.19650e-04 2.18505e-04 2.17299e-04 2.16032e-04 2.14702e-04 2.13312e-04 2.11859e-04 2.10346e-04 2.08771e-04 2.07136e-04 2.05441e-04 2.03687e-04 2.01873e-04 2.00002e-04 1.98073e-04 1.96089e-04 1.94049e-04 1.91955e-04 1.89808e-04 1.87610e-04 1.85361e-04 1.83064e-04 1.80719e-04 1.78329e-04 1.75895e-04 1.73418e-04 1.70901e-04 1.68345e-04 1.65752e-04 1.63125e-04 1.60464e-04 1.57773e-04 1.55053e-04 1.52307e-04 1.49535e-04 1.46742e-04 1.43928e-04 1.41097e-04 1.38250e-04 1.35390e-04 1.32518e-04 1.29638e-04 1.26751e-04 1.23860e-04 1.20967e-04 1.18075e-04 1.15185e-04 1.12300e-04 1.09422e-04 1.06554e-04 1.03697e-04 1.00854e-04 9.80272e-05 9.52181e-05 9.24290e-05 8.96619e-05 8.69190e-05 8.42019e-05 8.15128e-05 7.88533e-05 7.62253e-05 7.36304e-05 7.10703e-05 6.85466e-05 6.60608e-05 6.36144e-05 6.12087e-05 5.88451e-05 5.65248e-05 5.42490e-05 5.20187e-05 4.98350e-05 4.76987e-05 4.56109e-05 4.35722e-05 4.15833e-05 3.96449e-05 3.77575e-05 3.59215e-05 3.41374e-05 3.24053e-05 3.07257e-05 2.90985e-05 2.75238e-05 2.60017e-05 2.45320e-05 2.31146e-05 2.17492e-05 2.04354e-05 1.91730e-05 1.79615e-05 1.68002e-05 1.56887e-05 1.46263e-05 1.36122e-05 1.26457e-05 1.17260e-05 1.08521e-05 1.00232e-05 9.23820e-06 8.49611e-06 7.79587e-06 7.13636e-06 6.51642e-06 5.93488e-06 5.39052e-06 4.88210e-06 4.40836e-06 3.96801e-06 3.55975e-06 3.18226e-06 2.83422e-06 2.51430e-06 2.22115e-06 1.95344e-06 1.70985e-06 1.48903e-06 1.28968e-06 1.11050e-06 9.50191e-07 8.07494e-07 6.81163e-07 5.69982e-07 4.72762e-07 3.88346e-07 3.15615e-07 2.53483e-07 2.00909e-07 1.56891e-07 1.20474e-07 9.07528e-08 6.68689e-08 4.80177e-08 3.34484e-08 2.24659e-08 1.44332e-08 8.77188e-09 4.96462e-09 2.55577e-09 1.15271e-09 4.26794e-10 1.14117e-10 1.61891e-11 4.15181e-13
0.200143 4.12799e-01 1.31244e-01 3.00146e-02 1.61779e-02 1.01657e-02 6.91019e-03 5.17070e-03 4.23363e-03 3.66375e-03 3.23790e-03 2.86546e-03 2.51796e-03 2.19186e-03 1.89328e-03 1.63153e-03 1.41420e-03 1.24320e-03 1.11343e-03 1.01455e-03 9.34745e-04 8.64067e-04 7.95969e-04 7.27099e-04 6.56399e-04 5.84382e-04 5.12894e-04 4.45024e-04 3.84647e-04 3.35358e-04 2.99155e-04 2.75666e-04 2.62442e-04 2.56098e-04 2.53545e-04 2.52660e-04 2.52311e-04 2.52032e-04 2.51689e-04 2.51263e-04 2.50762e-04 2.50193e-04 2.49558e-04 2.48856e-04 2.48088e-04 2.47252e-04 2.46347e-04 2.45373e-04 2.44328e-04 2.43212e-04 2.42025e-04 2.40765e-04 2.39433e-04 2.38029e-04 2.36552e-04 2.35003e-04 2.33383e-04 2.31690e-04 2.29926e-04 2.28091e-04 2.26186e-04 2.24213e-04 2.22170e-04 2.20061e-04 2.17885e-04 2.15645e-04 2.13341e-04 2.10975e-04 2.08548e-04 2.06062e-04 2.03520e-04 2.00921e-04 1.98270e-04 1.95566e-04 1.92814e-04 1.90013e-04 1.87168e-04 1.84280e-04 1.81351e-04 1.78384e-04 1.75381e-04 1.72344e-04 1.69277e-04 1.66181e-04 1.63060e-04 1.59915e-04 1.56750e-04 1.53567e-04 1.50368e-04 1.47157e-04 1.43936e-04 1.40708e-04 1.37475e-04 1.34240e-04 1.31006e-04 1.27775e-04 1.24551e-04 1.21334e-04 1.18129e-04 1.14937e-04 1.11762e-04 1.08605e-04 1.05468e-04 1.02355e-04 9.92678e-05 9.62080e-05 9.31781e-05 9.01802e-05 8.72163e-05 8.42884e-05 8.13985e-05 7.85484e-05 7.57397e-05 7.29743e-05 7.02537e-05 6.75794e-05 6.49528e-05 6.23754e-05 5.98483e-05 5.73728e-05 5.49499e-05 5.25807e-05 5.02660e-05 4.80067e-05 4.58035e-05 4.36571e-05 4.15680e-05 3.95366e-05 3.75633e-05 3.56485e-05 3.37922e-05 3.19946e-05 3.02558e-05 2.85756e-05 2.69539e-05 2.53904e-05 2.38849e-05 2.24369e-05 2.10459e-05 1.97115e-05 1.84329e-05 1.72096e-05 1.60406e-05 1.49252e-05 1.38625e-05 1.28516e-05 1.18914e-05 1.09808e-05 1.01188e-05 9.30418e-06 8.53570e-06 7.81213e-06 7.13218e-06 6.49452e-06 5.89780e-06 5.34062e-06 4.82158e-06 4.33924e-06 3.89217e-06 3.47889e-06 3.09794e-06 2.74785e-06 2.42713e-06 2.13430e-06 1.86791e-06 1.62647e-06 1.40855e-06 1.21270e-06 1.03752e-06 8.81613e-07 7.43608e-07 6.22171e-07 5.16000e-07 4.23825e-07 3.44419e-07 2.76594e-07 2.19209e-07 1.71169e-07 1.31429e-07 9.89987e-08 7.29403e-08 5.23746e-08 3.64815e-08 2.45020e-08 1.57406e-08 9.56612e-09 5.41396e-09 2.78701e-09 1.25698e-09 4.65391e-10 1.24435e-10 1.76528e-11 4.52714e-13
0.300215 4.17230e-01 1.22986e-01 2.27632e-02 1.18192e-02 7.67613e-03 5.36164e-03 3.99683e-03 3.20415e-03 2.74616e-03 2.46501e-03 2.26930e-03 2.11257e-03 1.97402e-03 1.84494e-03 1.72153e-03 1.60189e-03 1.48505e-03 1.37083e-03 1.25998e-03 1.15416e-03 1.05575e-03 9.67326e-04 8.90989e-04 8.27676e-04 7.76843e-04 7.36596e-04 7.04219e-04 6.76859e-04 6.52067e-04 6.28080e-04 6.03807e-04 5.78673e-04 5.52416e-04 5.24944e-04 4.96263e-04 4.66493e-04 4.35948e-04 4.05226e-04 3.75276e-04 3.47333e-04 3.22709e-04 3.02462e-04 2.87088e-04 2.76387e-04 2.69566e-04 2.65531e-04 2.63202e-04 2.61737e-04 2.60595e-04 2.59494e-04 2.58318e-04 2.57035e-04 2.55645e-04 2.54157e-04 2.52578e-04 2.50911e-04 2.49160e-04 2.47325e-04 2.45407e-04 2.43408e-04 2.41329e-04 2.39171e-04 2.36934e-04 2.34621e-04 2.32233e-04 2.29772e-04 2.27240e-04 2.24637e-04 2.21967e-04 2.19232e-04 2.16433e-04 2.13573e-04 2.10654e-04 2.07679e-04 2.04650e-04 2.01570e-04 1.98442e-04 1.95267e-04 1.92050e-04 1.88793e-04 1.85498e-04 1.82169e-04 1.78809e-04 1.75420e-04 1.72006e-04 1.68569e-04 1.65113e-04 1.61640e-04 1.58154e-04 1.54658e-04 1.51154e-04 1.47646e-04 1.44137e-04 1.40629e-04 1.37126e-04 1.33630e-04 1.30145e-04 1.26673e-04 1.23216e-04 1.19779e-04 1.16362e-04 1.12970e-04 1.09604e-04 1.06267e-04 1.02962e-04 9.96897e-05 9.64539e-05 9.32563e-05 9.00990e-05 8.69840e-05 8.39133e-05 8.08888e-05 7.79123e-05 7.49853e-05 7.21096e-05 6.92866e-05 6.65177e-05 6.38042e-05 6.11473e-05 5.85482e-05 5.60078e-05 5.35271e-05 5.11069e-05 4.87479e-05 4.64507e-05 4.42158e-05 4.20437e-05 3.99347e-05 3.78891e-05 3.59068e-05 3.39881e-05 3.21329e-05 3.03410e-05 2.86121e-05 2.69460e-05 2.53423e-05 2.38005e-05 2.23200e-05 2.09002e-05 1.95403e-05 1.82396e-05 1.69971e-05 1.58121e-05 1.46833e-05 1.36099e-05 1.25907e-05 1.16245e-05 1.07100e-05 9.84611e-06 9.03136e-06 8.26444e-06 7.54393e-06 6.86841e-06 6.23642e-06 5.64644e-06 5.09698e-06 4.58648e-06 4.11341e-06 3.67619e-06 3.27325e-06 2.90301e-06 2.56390e-06 2.25434e-06 1.97276e-06 1.71761e-06 1.48734e-06 1.28043e-06 1.09537e-06 9.30694e-07 7.84947e-07 6.56712e-07 5.44609e-07 4.47296e-07 3.63470e-07 2.91877e-07 2.31309e-07 1.80608e-07 1.38671e-07 1.04449e-07 7.69530e-08 5.52539e-08 3.84858e-08 2.58475e-08 1.66045e-08 1.00909e-08 5.71084e-09 2.93979e-09 1.32587e-09 4.90890e-10 1.31252e-10 1.86197e-11 4.77510e-13
0.400286 4.19699e-01 1.20903e-01 1.94381e-02 9.32045e-03 5.98038e-03 4.20712e-03 3.14195e-03 2.49221e-03 2.10561e-03 1.87621e-03 1.73366e-03 1.63490e-03 1.55666e-03 1.48772e-03 1.42341e-03 1.36209e-03 1.30326e-03 1.24675e-03 1.19234e-03 1.13973e-03 1.08852e-03 1.03834e-03 9.88885e-04 9.40012e-04 8.91826e-04 8.44716e-04 7.99363e-04 7.56664e-04 7.17586e-04 6.82959e-04 6.53277e-04 6.28568e-04 6.08370e-04 5.91841e-04 5.77933e-04 5.65600e-04 5.53948e-04 5.42315e-04 5.30281e-04 5.17615e-04 5.04213e-04 4.90035e-04 4.75063e-04 4.59279e-04 4.42663e-04 4.25210e-04 4.06966e-04 3.88080e-04 3.68852e-04 3.49763e-04 3.31459e-04 3.14661e-04 3.00023e-04 2.87975e-04 2.78619e-04 2.71722e-04 2.66801e-04 2.63265e-04 2.60563e-04 2.58262e-04 2.56081e-04 2.53868e-04 2.51558e-04 2.49133e-04 2.46598e-04 2.43963e-04 2.41236e-04 2.38426e-04 2.35537e-04 2.32573e-04 2.29538e-04 2.26435e-04 2.23267e-04 2.20038e-04 2.16749e-04 2.13405e-04 2.10009e-04 2.06563e-04 2.03072e-04 1.99538e-04 1.95965e-04 1.92357e-04 1.88717e-04 1.85048e-04 1.81353e-04 1.77637e-04 1.73902e-04 1.70153e-04 1.66392e-04 1.62622e-04 1.58849e-04 1.55073e-04 1.51300e-04 1.47532e-04 1.43772e-04 1.40023e-04 1.36290e-04 1.32574e-04 1.28878e-04 1.25206e-04 1.21561e-04 1.17944e-04 1.14360e-04 1.10810e-04 1.07297e-04 1.03823e-04 1.00391e-04 9.70026e-05 9.36607e-05 9.03669e-05 8.71232e-05 8.39316e-05 8.07937e-05 7.77112e-05 7.46856e-05 7.17185e-05 6.88111e-05 6.59647e-05 6.31805e-05 6.04594e-05 5.78023e-05 5.52102e-05 5.26836e-05 5.02232e-05 4.78296e-05 4.55030e-05 4.32438e-05 4.10522e-05 3.89283e-05 3.68721e-05 3.48835e-05 3.29623e-05 3.11082e-05 2.93209e-05 2.75999e-05 2.59446e-05 2.43545e-05 2.28287e-05 2.13667e-05 1.99673e-05 1.86299e-05 1.73533e-05 1.61365e-05 1.49783e-05 1.38777e-05 1.28332e-05 1.18438e-05 1.09079e-05 1.00243e-05 9.19145e-06 8.40795e-06 7.67230e-06 6.98295e-06 6.33835e-06 5.73692e-06 5.17707e-06 4.65718e-06 4.17561e-06 3.73075e-06 3.32094e-06 2.94455e-06 2.59994e-06 2.28548e-06 1.99955e-06 1.74055e-06 1.50689e-06 1.29700e-06 1.10933e-06 9.42384e-07 7.94667e-07 6.64734e-07 5.51175e-07 4.52621e-07 3.67745e-07 2.95271e-07 2.33969e-07 1.82664e-07 1.40234e-07 1.05616e-07 7.78053e-08 5.58611e-08 3.89057e-08 2.61276e-08 1.67833e-08 1.01990e-08 5.77175e-09 2.97102e-09 1.33990e-09 4.96073e-10 1.32635e-10 1.88156e-11 4.82531e-13
0.500358 4.18907e-01 1.21228e-01 1.84237e-02 8.17504e-03 5.02548e-03 3.47568e-03 2.57040e-03 2.00767e-03 1.66276e-03 1.45691e-03 1.33623e-03 1.26358e-03 1.21563e-03 1.17902e-03 1.14699e-03 1.11657e-03 1.08670e-03 1.05717e-03 1.02803e-03 9.99383e-04 9.71305e-04 9.43853e-04 9.17072e-04 8.90986e-04 8.65592e-04 8.40844e-04 8.16658e-04 7.92912e-04 7.69470e-04 7.46213e-04 7.23072e-04 7.00061e-04 6.77309e-04 6.55064e-04 6.33681e-04 6.13576e-04 5.95159e-04 5.78752e-04 5.64523e-04 5.52439e-04 5.42271e-04 5.33630e-04 5.26040e-04 5.19009e-04 5.12099e-04 5.04965e-04 4.97370e-04 4.89175e-04 4.80314e-04 4.70773e-04 4.60559e-04 4.49682e-04 4.38145e-04 4.25936e-04 4.13037e-04 3.99435e-04 3.85146e-04 3.70254e-04 3.54938e-04 3.39501e-04 3.24363e-04 3.10017e-04 2.96950e-04 2.85544e-04 2.75993e-04 2.68267e-04 2.62135e-04 2.57239e-04 2.53181e-04 2.49608e-04 2.46250e-04 2.42933e-04 2.39567e-04 2.36114e-04 2.32567e-04 2.28934e-04 2.25228e-04 2.21459e-04 2.17637e-04 2.13767e-04 2.09856e-04 2.05908e-04 2.01928e-04 1.97921e-04 1.93889e-04 1.89836e-04 1.85767e-04 1.81686e-04 1.77595e-04 1.73500e-04 1.69402e-04 1.65307e-04 1.61217e-04 1.57136e-04 1.53068e-04 1.49016e-04 1.44982e-04 1.40971e-04 1.36986e-04 1.33029e-04 1.29103e-04 1.25212e-04 1.21358e-04 1.17544e-04 1.13773e-04 1.10046e-04 1.06367e-04 1.02738e-04 9.91602e-05 9.56367e-05 9.21692e-05 8.87595e-05 8.54095e-05 8.21207e-05 7.88948e-05 7.57332e-05 7.26372e-05 6.96080e-05 6.66467e-05 6.37543e-05 6.09316e-05 5.81794e-05 5.54985e-05 5.28892e-05 5.03521e-05 4.78874e-05 4.54954e-05 4.31763e-05 4.09299e-05 3.87562e-05 3.66550e-05 3.46261e-05 3.26690e-05 3.07833e-05 2.89684e-05 2.72236e-05 2.55482e-05 2.39414e-05 2.24023e-05 2.09299e-05 1.95232e-05 1.81810e-05 1.69022e-05 1.56856e-05 1.45297e-05 1.34333e-05 1.23950e-05 1.14133e-05 1.04866e-05 9.61357e-06 8.79248e-06 8.02175e-06 7.29975e-06 6.62482e-06 5.99526e-06 5.40937e-06 4.86544e-06 4.36173e-06 3.89651e-06 3.46805e-06 3.07461e-06 2.71446e-06 2.38589e-06 2.08718e-06 1.81664e-06 1.57262e-06 1.35345e-06 1.15752e-06 9.83237e-07 8.29054e-07 6.93450e-07 5.74947e-07 4.72113e-07 3.83560e-07 3.07953e-07 2.44006e-07 1.90491e-07 1.46237e-07 1.10133e-07 8.11300e-08 5.82463e-08 4.05657e-08 2.72417e-08 1.74986e-08 1.06335e-08 6.01751e-09 3.09748e-09 1.39692e-09 5.17178e-10 1.38276e-10 1.96159e-11 5.03052e-13
0.600430 4.20419e-01 1.19524e-01 1.64012e-02 7.12715e-03 4.35394e-03 2.96679e-03 2.14498e-03 1.63500e-03 1.32163e-03 1.13368e-03 1.02432e-03 9.61834e-04 9.25735e-04 9.03464e-04 8.87907e-04 8.75348e-04 8.63990e-04 8.52995e-04 8.41956e-04 8.30650e-04 8.18964e-04 8.06882e-04 7.94472e-04 7.81852e-04 7.69164e-04 7.56526e-04 7.44025e-04 7.31706e-04 7.19586e-04 7.07663e-04 6.95928e-04 6.84367e-04 6.72957e-04 6.61665e-04 6.50445e-04 6.39238e-04 6.27984e-04 6.16633e-04 6.05165e-04 5.93602e-04 5.82021e-04 5.70559e-04 5.59400e-04 5.48752e-04 5.38813e-04 5.29740e-04 5.21609e-04 5.14405e-04 5.08014e-04 5.02240e-04 4.96839e-04 4.91550e-04 4.86127e-04 4.80365e-04 4.74112e-04 4.67271e-04 4.59789e-04 4.51652e-04 4.42864e-04 4.33441e-04 4.23395e-04 4.12730e-04 4.01437e-04 3.89504e-04 3.76919e-04 3.63700e-04 3.49918e-04 3.35724e-04 3.21368e-04 3.07195e-04 2.93607e-04 2.81009e-04 2.69726e-04 2.59945e-04 2.51679e-04 2.44777e-04 2.38978e-04 2.33970e-04 2.29456e-04 2.25199e-04 2.21035e-04 2.16868e-04 2.12653e-04 2.08381e-04 2.04057e-04 1.99692e-04 1.95300e-04 1.90890e-04 1.86472e-04 1.82052e-04 1.77636e-04 1.73228e-04 1.68832e-04 1.64452e-04 1.60092e-04 1.55754e-04 1.51444e-04 1.47162e-04 1.42914e-04 1.38701e-04 1.34527e-04 1.30395e-04 1.26307e-04 1.22266e-04 1.18275e-04 1.14335e-04 1.10450e-04 1.06621e-04 1.02851e-04 9.91417e-05 9.54949e-05 9.19124e-05 8.83959e-05 8.49470e-05 8.15670e-05 7.82574e-05 7.50194e-05 7.18539e-05 6.87621e-05 6.57447e-05 6.28025e-05 5.99362e-05 5.71462e-05 5.44331e-05 5.17970e-05 4.92381e-05 4.67566e-05 4.43525e-05 4.20255e-05 3.97755e-05 3.76021e-05 3.55049e-05 3.34834e-05 3.15370e-05 2.96649e-05 2.78664e-05 2.61406e-05 2.44865e-05 2.29031e-05 2.13894e-05 1.99440e-05 1.85658e-05 1.72535e-05 1.60056e-05 1.48209e-05 1.36977e-05 1.26346e-05 1.16300e-05 1.06822e-05 9.78976e-06 8.95084e-06 8.16377e-06 7.42682e-06 6.73822e-06 6.09621e-06 5.49899e-06 4.94478e-06 4.43175e-06 3.95812e-06 3.52208e-06 3.12182e-06 2.75556e-06 2.42152e-06 2.11794e-06 1.84308e-06 1.59522e-06 1.37267e-06 1.17377e-06 9.96892e-07 8.40448e-07 7.02885e-07 5.82696e-07 4.78419e-07 3.88640e-07 3.11999e-07 2.47188e-07 1.92958e-07 1.48118e-07 1.11541e-07 8.21615e-08 5.89830e-08 4.10764e-08 2.75832e-08 1.77172e-08 1.07658e-08 6.09220e-09 3.13583e-09 1.41418e-09 5.23557e-10 1.39980e-10 1.98573e-11 5.09242e-13
0.700501 4.16436e-01 1.21449e-01 1.67191e-02 6.60793e-03 3.80881e-03 2.53479e-03 1.82171e-03 1.37415e-03 1.08944e-03 9.10987e-04 8.02473e-04 7.38411e-04 7.01649e-04 6.81153e-04 6.70164e-04 6.64679e-04 6.62361e-04 6.61820e-04 6.62180e-04 6.62857e-04 6.63455e-04 6.63718e-04 6.63507e-04 6.62768e-04 6.61500e-04 6.59719e-04 6.57444e-04 6.54689e-04 6.51468e-04 6.47805e-04 6.43739e-04 6.39321e-04 6.34609e-04 6.29658e-04 6.24520e-04 6.19231e-04 6.13821e-04 6.08306e-04 6.02698e-04 5.97000e-04 5.91209e-04 5.85313e-04 5.79294e-04 5.73126e-04 5.66782e-04 5.60242e-04 5.53498e-04 5.46564e-04 5.39485e-04 5.32334e-04 5.25210e-04 5.18226e-04 5.11489e-04 5.05087e-04 4.99063e-04 4.93411e-04 4.88069e-04 4.82926e-04 4.77838e-04 4.72645e-04 4.67190e-04 4.61334e-04 4.54970e-04 4.48021e-04 4.40443e-04 4.32220e-04 4.23352e-04 4.13849e-04 4.03721e-04 3.92974e-04 3.81605e-04 3.69605e-04 3.56973e-04 3.43731e-04 3.29947e-04 3.15765e-04 3.01412e-04 2.87199e-04 2.73491e-04 2.60654e-04 2.48993e-04 2.38697e-04 2.29804e-04 2.22212e-04 2.15705e-04 2.10017e-04 2.04878e-04 2.00062e-04 1.95402e-04 1.90793e-04 1.86183e-04 1.81553e-04 1.76905e-04 1.72249e-04 1.67599e-04 1.62966e-04 1.58359e-04 1.53786e-04 1.49252e-04 1.44762e-04 1.40319e-04 1.35926e-04 1.31587e-04 1.27303e-04 1.23077e-04 1.18912e-04 1.14809e-04 1.10770e-04 1.06798e-04 1.02894e-04 9.90595e-05 9.52967e-05 9.16069e-05 8.79914e-05 8.44514e-05 8.09881e-05 7.76026e-05 7.42958e-05 7.10685e-05 6.79213e-05 6.48550e-05 6.18698e-05 5.89663e-05 5.61447e-05 5.34051e-05 5.07475e-05 4.81720e-05 4.56783e-05 4.32661e-05 4.09352e-05 3.86850e-05 3.65149e-05 3.44243e-05 3.24125e-05 3.04786e-05 2.86216e-05 2.68407e-05 2.51347e-05 2.35024e-05 2.19426e-05 2.04540e-05 1.90353e-05 1.76850e-05 1.64016e-05 1.51836e-05 1.40295e-05 1.29375e-05 1.19060e-05 1.09333e-05 1.00177e-05 9.15731e-06 8.35040e-06 7.59513e-06 6.88965e-06 6.23210e-06 5.62063e-06 5.05334e-06 4.52836e-06 4.04383e-06 3.59785e-06 3.18857e-06 2.81414e-06 2.47272e-06 2.16250e-06 1.88167e-06 1.62848e-06 1.40117e-06 1.19805e-06 1.01745e-06 8.57723e-07 7.17292e-07 5.94609e-07 4.88178e-07 3.96552e-07 3.18339e-07 2.52203e-07 1.96868e-07 1.51116e-07 1.13796e-07 8.38211e-08 6.01736e-08 4.19050e-08 2.81394e-08 1.80742e-08 1.09827e-08 6.21491e-09 3.19898e-09 1.44265e-09 5.34098e-10 1.42798e-10 2.02571e-11 5.19493e-13
0.800573 4.14966e-01 1.21309e-01 1.63354e-02 6.65144e-03 3.76329e-03 2.41070e-03 1.65504e-03 1.19653e-03 9.12303e-04 7.36255e-04 6.29125e-04 5.65307e-04 5.28238e-04 5.07436e-04 4.96560e-04 4.91885e-04 4.91243e-04 4.93324e-04 4.97267e-04 5.02454e-04 5.08407e-04 5.14755e-04 5.21224e-04 5.27622e-04 5.33820e-04 5.39733e-04 5.45300e-04 5.50467e-04 5.55187e-04 5.59417e-04 5.63121e-04 5.66269e-04 5.68841e-04 5.70819e-04 5.72192e-04 5.72949e-04 5.73090e-04 5.72620e-04 5.71560e-04 5.69940e-04 5.67802e-04 5.65191e-04 5.62161e-04 5.58761e-04 5.55042e-04 5.51048e-04 5.46822e-04 5.42400e-04 5.37811e-04 5.33077e-04 5.28212e-04 5.23223e-04 5.18112e-04 5.12880e-04 5.07527e-04 5.02066e-04 4.96519e-04 4.90923e-04 4.85328e-04 4.79791e-04 4.74372e-04 4.69114e-04 4.64041e-04 4.59146e-04 4.54384e-04 4.49677e-04 4.44918e-04 4.39984e-04 4.34745e-04 4.29078e-04 4.22879e-04 4.16066e-04 4.08581e-04 4.00391e-04 3.91481e-04 3.81845e-04 3.71484e-04 3.60397e-04 3.48586e-04 3.36059e-04 3.22850e-04 3.09038e-04 2.94769e-04 2.80267e-04 2.65837e-04 2.51835e-04 2.38623e-04 2.26515e-04 2.15719e-04 2.06310e-04 1.98221e-04 1.91275e-04 1.85227e-04 1.79818e-04 1.74815e-04 1.70038e-04 1.65365e-04 1.60729e-04 1.56099e-04 1.51473e-04 1.46857e-04 1.42265e-04 1.37709e-04 1.33200e-04 1.28747e-04 1.24356e-04 1.20031e-04 1.15776e-04 1.11593e-04 1.07484e-04 1.03451e-04 9.94951e-05 9.56184e-05 9.18219e-05 8.81066e-05 8.44735e-05 8.09236e-05 7.74578e-05 7.40766e-05 7.07807e-05 6.75706e-05 6.44467e-05 6.14092e-05 5.84584e-05 5.55943e-05 5.28169e-05 5.01259e-05 4.75213e-05 4.50026e-05 4.25694e-05 4.02211e-05 3.79572e-05 3.57767e-05 3.36791e-05 3.16632e-05 2.97281e-05 2.78727e-05 2.60959e-05 2.43964e-05 2.27728e-05 2.12238e-05 1.97478e-05 1.83435e-05 1.70092e-05 1.57432e-05 1.45438e-05 1.34095e-05 1.23382e-05 1.13283e-05 1.03779e-05 9.48508e-06 8.64795e-06 7.86460e-06 7.13308e-06 6.45142e-06 5.81767e-06 5.22985e-06 4.68599e-06 4.18412e-06 3.72229e-06 3.29854e-06 2.91093e-06 2.55756e-06 2.23652e-06 1.94595e-06 1.68400e-06 1.44886e-06 1.23877e-06 1.05198e-06 8.86799e-07 7.41583e-07 6.14729e-07 5.04684e-07 4.09953e-07 3.29092e-07 2.60720e-07 2.03514e-07 1.56217e-07 1.17637e-07 8.66503e-08 6.22047e-08 4.33196e-08 2.90894e-08 1.86845e-08 1.13537e-08 6.42483e-09 3.30704e-09 1.49140e-09 5.52145e-10 1.47624e-10 2.09417e-11 5.37050e-13
0.900645 4.14059e-01 1.20991e-01 1.54308e-02 6.02730e-03 3.44414e-03 2.23435e-03 1.53625e-03 1.09452e-03 8.11411e-04 6.31302e-04 5.18802e-04 4.50064e-04 4.09272e-04 3.86240e-04 3.74616e-04 3.70493e-04 3.71414e-04 3.75713e-04 3.82165e-04 3.89822e-04 3.97972e-04 4.06126e-04 4.14004e-04 4.21500e-04 4.28630e-04 4.35468e-04 4.42103e-04 4.48596e-04 4.54965e-04 4.61182e-04 4.67185e-04 4.72892e-04 4.78222e-04 4.83106e-04 4.87497e-04 4.91366e-04 4.94705e-04 4.97518e-04 4.99813e-04 5.01603e-04 5.02897e-04 5.03700e-04 5.04014e-04 5.03835e-04 5.03164e-04 5.01999e-04 5.00351e-04 4.98232e-04 4.95668e-04 4.92690e-04 4.89336e-04 4.85648e-04 4.81670e-04 4.77447e-04 4.73022e-04 4.68435e-04 4.63724e-04 4.58920e-04 4.54051e-04 4.49137e-04 4.44197e-04 4.39244e-04 4.34294e-04 4.29364e-04 4.24477e-04 4.19662e-04 4.14955e-04 4.10395e-04 4.06017e-04 4.01848e-04 3.97897e-04 3.94145e-04 3.90547e-04 3.87022e-04 3.83465e-04 3.79749e-04 3.75734e-04 3.71279e-04 3.66252e-04 3.60536e-04 3.54035e-04 3.46674e-04 3.38398e-04 3.29170e-04 3.18971e-04 3.07806e-04 2.95713e-04 2.82779e-04 2.69158e-04 2.55083e-04 2.40861e-04 2.26861e-04 2.13466e-04 2.01028e-04 1.89811e-04 1.79952e-04 1.71451e-04 1.64186e-04 1.57944e-04 1.52477e-04 1.47542e-04 1.42936e-04 1.38507e-04 1.34162e-04 1.29851e-04 1.25555e-04 1.21276e-04 1.17026e-04 1.12818e-04 1.08663e-04 1.04573e-04 1.00555e-04 9.66141e-05 9.27540e-05 8.89772e-05 8.52854e-05 8.16798e-05 7.81613e-05 7.47306e-05 7.13880e-05 6.81340e-05 6.49687e-05 6.18924e-05 5.89051e-05 5.60066e-05 5.31970e-05 5.04758e-05 4.78428e-05 4.52975e-05 4.28394e-05 4.04679e-05 3.81823e-05 3.59816e-05 3.38651e-05 3.18317e-05 2.98804e-05 2.80100e-05 2.62193e-05 2.45070e-05 2.28717e-05 2.13119e-05 1.98262e-05 1.84129e-05 1.70704e-05 1.57971e-05 1.45911e-05 1.34508e-05 1.23742e-05 1.13595e-05 1.04049e-05 9.50833e-06 8.66791e-06 7.88167e-06 7.14762e-06 6.46378e-06 5.82813e-06 5.23868e-06 4.69342e-06 4.19037e-06 3.72752e-06 3.30291e-06 2.91459e-06 2.56061e-06 2.23907e-06 1.94807e-06 1.68577e-06 1.45034e-06 1.24000e-06 1.05301e-06 8.87657e-07 7.42297e-07 6.15321e-07 5.05174e-07 4.10354e-07 3.29419e-07 2.60983e-07 2.03724e-07 1.56382e-07 1.17764e-07 8.67462e-08 6.22752e-08 4.33699e-08 2.91239e-08 1.87072e-08 1.13677e-08 6.43291e-09 3.31127e-09 1.49333e-09 5.52868e-10 1.47818e-10 2.09695e-11 5.37765e-13
1.000716 4.09366e-01 1.22460e-01 1.63224e-02 6.28467e-03 3.42633e-03 2.14715e-03 1.44877e-03 1.01992e-03 7.46872e-04 5.72879e-04 4.64388e-04 3.98792e-04 3.60798e-04 3.40308e-04 3.30908e-04 3.28619e-04 3.30964e-04 3.36342e-04 3.43643e-04 3.52051e-04 3.60963e-04 3.69952e-04 3.78753e-04 3.87228e-04 3.95325e-04 4.03016e-04 4.10258e-04 4.16965e-04 4.23008e-04 4.28240e-04 4.32534e-04 4.35821e-04 4.38107e-04 4.39477e-04 4.40078e-04 4.40088e-04 4.39687e-04 4.39029e-04 4.38223e-04 4.37334e-04 4.36386e-04 4.35374e-04 4.34278e-04 4.33079e-04 4.31762e-04 4.30320e-04 4.28754e-04 4.27071e-04 4.25274e-04 4.23365e-04 4.21338e-04 4.19183e-04 4.16887e-04 4.14435e-04 4.11813e-04 4.09016e-04 4.06041e-04 4.02894e-04 3.99588e-04 3.96139e-04 3.92568e-04 3.88896e-04 3.85144e-04 3.81335e-04 3.77484e-04 3.73609e-04 3.69723e-04 3.65838e-04 3.61963e-04 3.58110e-04 3.54290e-04 3.50521e-04 3.46825e-04 3.43230e-04 3.39769e-04 3.36481e-04 3.33403e-04 3.30564e-04 3.27976e-04 3.25631e-04 3.23488e-04 3.21472e-04 3.19475e-04 3.17355e-04 3.14946e-04 3.12065e-04 3.08520e-04 3.04127e-04 2.98712e-04 2.92129e-04 2.84269e-04 2.75074e-04 2.64559e-04 2.52825e-04 2.40076e-04 2.26619e-04 2.12847e-04 1.99208e-04 1.86149e-04 1.74060e-04 1.63219e-04 1.53762e-04 1.45677e-04 1.38825e-04 1.32990e-04 1.27916e-04 1.23365e-04 1.19133e-04 1.15075e-04 1.11099e-04 1.07157e-04 1.03233e-04 9.93288e-05 9.54565e-05 9.16305e-05 8.78640e-05 8.41677e-05 8.05495e-05 7.70151e-05 7.35680e-05 7.02104e-05 6.69437e-05 6.37687e-05 6.06856e-05 5.76946e-05 5.47954e-05 5.19878e-05 4.92715e-05 4.66460e-05 4.41106e-05 4.16648e-05 3.93077e-05 3.70384e-05 3.48562e-05 3.27599e-05 3.07484e-05 2.88205e-05 2.69749e-05 2.52103e-05 2.35253e-05 2.19184e-05 2.03879e-05 1.89322e-05 1.75497e-05 1.62386e-05 1.49971e-05 1.38233e-05 1.27154e-05 1.16713e-05 1.06892e-05 9.76700e-06 8.90272e-06 8.09430e-06 7.33969e-06 6.63681e-06 5.98358e-06 5.37794e-06 4.81779e-06 4.30108e-06 3.82575e-06 3.38975e-06 2.99106e-06 2.62768e-06 2.29762e-06 1.99896e-06 1.72977e-06 1.48817e-06 1.27234e-06 1.08047e-06 9.10814e-07 7.61673e-07 6.31395e-07 5.18383e-07 4.21098e-07 3.38055e-07 2.67836e-07 2.09082e-07 1.60501e-07 1.20872e-07 8.90396e-08 6.39246e-08 4.45206e-08 2.98979e-08 1.92052e-08 1.16707e-08 6.60464e-09 3.39977e-09 1.53328e-09 5.67672e-10 1.51779e-10 2.15316e-11 5.52183e-13
1.100788 4.09426e-01 1.22469e-01 1.57713e-02 6.33273e-03 3.53883e-03 2.21555e-03 1.46730e-03 1.00836e-03 7.21884e-04 5.44478e-04 4.38201e-04 3.78208e-04 3.47893e-04 3.36161e-04 3.35743e-04 3.41971e-04 3.51883e-04 3.63597e-04 3.75905e-04 3.88023e-04 3.99439e-04 4.09834e-04 4.19026e-04 4.26936e-04 4.33560e-04 4.38938e-04 4.43132e-04 4.46209e-04 4.48229e-04 4.49250e-04 4.49337e-04 4.48576e-04 4.47075e-04 4.44958e-04 4.42349e-04 4.39347e-04 4.36010e-04 4.32352e-04 4.28350e-04 4.23966e-04 4.19175e-04 4.13987e-04 4.08459e-04 4.02691e-04 3.96808e-04 3.90943e-04 3.85210e-04 3.79692e-04 3.74436e-04 3.69449e-04 3.64717e-04 3.60207e-04 3.55886e-04 3.51722e-04 3.47692e-04 3.43777e-04 3.39964e-04 3.36239e-04 3.32589e-04 3.28998e-04 3.25450e-04 3.21930e-04 3.18426e-04 3.14932e-04 3.11450e-04 3.07984e-04 3.04549e-04 3.01159e-04 2.97830e-04 2.94579e-04 2.91417e-04 2.88355e-04 2.85398e-04 2.82545e-04 2.79796e-04 2.77148e-04 2.74596e-04 2.72138e-04 2.69774e-04 2.67509e-04 2.65355e-04 2.63330e-04 2.61458e-04 2.59771e-04 2.58299e-04 2.57069e-04 2.56092e-04 2.55358e-04 2.54822e-04 2.54397e-04 2.53952e-04 2.53307e-04 2.52239e-04 2.50495e-04 2.47809e-04 2.43923e-04 2.38621e-04 2.31764e-04 2.23319e-04 2.13385e-04 2.02208e-04 1.90163e-04 1.77722e-04 1.65395e-04 1.53664e-04 1.42918e-04 1.33406e-04 1.25217e-04 1.18295e-04 1.12474e-04 1.07526e-04 1.03208e-04 9.93029e-05 9.56388e-05 9.20977e-05 8.86101e-05 8.51443e-05 8.16936e-05 7.82658e-05 7.48744e-05 7.15339e-05 6.82572e-05 6.50539e-05 6.19315e-05 5.88945e-05 5.59459e-05 5.30876e-05 5.03202e-05 4.76439e-05 4.50587e-05 4.25639e-05 4.01591e-05 3.78433e-05 3.56159e-05 3.34756e-05 3.14216e-05 2.94526e-05 2.75674e-05 2.57646e-05 2.40428e-05 2.24006e-05 2.08364e-05 1.93485e-05 1.79353e-05 1.65951e-05 1.53258e-05 1.41259e-05 1.29932e-05 1.19258e-05 1.09218e-05 9.97907e-06 9.09559e-06 8.26926e-06 7.49797e-06 6.77962e-06 6.11206e-06 5.49318e-06 4.92084e-06 4.39293e-06 3.90733e-06 3.46195e-06 3.05472e-06 2.68357e-06 2.34649e-06 2.04148e-06 1.76658e-06 1.51987e-06 1.29947e-06 1.10354e-06 9.30301e-07 7.78005e-07 6.44967e-07 5.29557e-07 4.30201e-07 3.45386e-07 2.73663e-07 2.13646e-07 1.64018e-07 1.23529e-07 9.10042e-08 6.53399e-08 4.55096e-08 3.05642e-08 1.96344e-08 1.19323e-08 6.75305e-09 3.47634e-09 1.56788e-09 5.80500e-10 1.55213e-10 2.20191e-11 5.64692e-13
1.200859 4.08652e-01 1.20843e-01 1.48617e-02 5.85387e-03 3.36744e-03 2.18527e-03 1.48149e-03 1.03002e-03 7.40863e-04 5.62100e-04 4.58434e-04 4.04794e-04 3.83477e-04 3.82188e-04 3.92521e-04 4.08821e-04 4.27368e-04 4.45802e-04 4.62710e-04 4.77331e-04 4.89341e-04 4.98691e-04 5.05499e-04 5.09972e-04 5.12360e-04 5.12928e-04 5.11937e-04 5.09635e-04 5.06251e-04 5.01994e-04 4.97052e-04 4.91595e-04 4.85774e-04 4.79722e-04 4.73547e-04 4.67326e-04 4.61109e-04 4.54912e-04 4.48732e-04 4.42558e-04 4.36377e-04 4.30189e-04 4.23997e-04 4.17805e-04 4.11603e-04 4.05362e-04 3.99029e-04 3.92546e-04 3.85860e-04 3.78947e-04 3.71821e-04 3.64538e-04 3.57186e-04 3.49869e-04 3.42685e-04 3.35713e-04 3.29001e-04 3.22568e-04 3.16406e-04 3.10491e-04 3.04792e-04 2.99279e-04 2.93923e-04 2.88702e-04 2.83594e-04 2.78580e-04 2.73640e-04 2.68760e-04 2.63925e-04 2.59131e-04 2.54379e-04 2.49679e-04 2.45051e-04 2.40520e-04 2.36115e-04 2.31866e-04 2.27802e-04 2.23945e-04 2.20312e-04 2.16915e-04 2.13759e-04 2.10843e-04 2.08166e-04 2.05723e-04 2.03510e-04 2.01524e-04 1.99767e-04 1.98245e-04 1.96969e-04 1.95957e-04 1.95229e-04 1.94807e-04 1.94707e-04 1.94925e-04 1.95432e-04 1.96155e-04 1.96967e-04 1.97679e-04 1.98045e-04 1.97767e-04 1.96527e-04 1.94022e-04 1.90011e-04 1.84361e-04 1.77087e-04 1.68373e-04 1.58556e-04 1.48096e-04 1.37506e-04 1.27280e-04 1.17827e-04 1.09418e-04 1.02168e-04 9.60485e-05 9.09222e-05 8.65885e-05 8.28309e-05 7.94520e-05 7.62957e-05 7.32532e-05 7.02604e-05 6.72875e-05 6.43285e-05 6.13907e-05 5.84870e-05 5.56315e-05 5.28366e-05 5.01122e-05 4.74651e-05 4.49002e-05 4.24202e-05 4.00266e-05 3.77199e-05 3.55001e-05 3.33667e-05 3.13187e-05 2.93552e-05 2.74751e-05 2.56771e-05 2.39599e-05 2.23219e-05 2.07617e-05 1.92776e-05 1.78680e-05 1.65312e-05 1.52654e-05 1.40687e-05 1.29392e-05 1.18749e-05 1.08739e-05 9.93415e-06 9.05357e-06 8.23007e-06 7.46156e-06 6.74590e-06 6.08097e-06 5.46464e-06 4.89476e-06 4.36921e-06 3.88587e-06 3.44265e-06 3.03744e-06 2.66821e-06 2.33292e-06 2.02958e-06 1.75621e-06 1.51091e-06 1.29179e-06 1.09701e-06 9.24798e-07 7.73413e-07 6.41176e-07 5.26461e-07 4.27704e-07 3.43398e-07 2.72103e-07 2.12442e-07 1.63104e-07 1.22849e-07 9.05096e-08 6.49895e-08 4.52688e-08 3.04046e-08 1.95332e-08 1.18716e-08 6.71905e-09 3.45901e-09 1.56013e-09 5.77654e-10 1.54456e-10 2.19122e-11 5.61956e-13
1.300931 4.03007e-01 1.23256e-01 1.64974e-02 6.53326e-03 3.57130e-03 2.22217e-03 1.48434e-03 1.03474e-03 7.57655e-04 5.95411e-04 5.11435e-04 4.78639e-04 4.76929e-04 4.92030e-04 5.14354e-04 5.37857e-04 5.59052e-04 5.76235e-04 5.88906e-04 5.97307e-04 6.02061e-04 6.03905e-04 6.03515e-04 6.01419e-04 5.97994e-04 5.93496e-04 5.88116e-04 5.82013e-04 5.75340e-04 5.68240e-04 5.60843e-04 5.53251e-04 5.45536e-04 5.37739e-04 5.29876e-04 5.21948e-04 5.13950e-04 5.05876e-04 4.97733e-04 4.89535e-04 4.81312e-04 4.73103e-04 4.64950e-04 4.56890e-04 4.48949e-04 4.41138e-04 4.33453e-04 4.25882e-04 4.18408e-04 4.11020e-04 4.03705e-04 3.96449e-04 3.89229e-04 3.82005e-04 3.74727e-04 3.67345e-04 3.59818e-04 3.52134e-04 3.44315e-04 3.36417e-04 3.28524e-04 3.20724e-04 3.13102e-04 3.05718e-04 2.98608e-04 2.91779e-04 2.85220e-04 2.78906e-04 2.72804e-04 2.66881e-04 2.61105e-04 2.55443e-04 2.49863e-04 2.44335e-04 2.38832e-04 2.33333e-04 2.27829e-04 2.22321e-04 2.16822e-04 2.11360e-04 2.05968e-04 2.00687e-04 1.95560e-04 1.90624e-04 1.85913e-04 1.81456e-04 1.77272e-04 1.73375e-04 1.69778e-04 1.66487e-04 1.63511e-04 1.60861e-04 1.58550e-04 1.56598e-04 1.55026e-04 1.53863e-04 1.53136e-04 1.52869e-04 1.53072e-04 1.53732e-04 1.54792e-04 1.56146e-04 1.57617e-04 1.58960e-04 1.59869e-04 1.60001e-04 1.59018e-04 1.56638e-04 1.52691e-04 1.47158e-04 1.40193e-04 1.32112e-04 1.23350e-04 1.14394e-04 1.05711e-04 9.76773e-05 9.05371e-05 8.43896e-05 7.92029e-05 7.48502e-05 7.11534e-05 6.79248e-05 6.49972e-05 6.22413e-05 5.95699e-05 5.69338e-05 5.43126e-05 5.17054e-05 4.91213e-05 4.65737e-05 4.40762e-05 4.16404e-05 3.92751e-05 3.69867e-05 3.47793e-05 3.26551e-05 3.06152e-05 2.86596e-05 2.67880e-05 2.49993e-05 2.32924e-05 2.16660e-05 2.01185e-05 1.86482e-05 1.72536e-05 1.59327e-05 1.46837e-05 1.35047e-05 1.23936e-05 1.13486e-05 1.03674e-05 9.44797e-06 8.58814e-06 7.78573e-06 7.03854e-06 6.34436e-06 5.70095e-06 5.10609e-06 4.55755e-06 4.05313e-06 3.59062e-06 3.16784e-06 2.78263e-06 2.43287e-06 2.11647e-06 1.83137e-06 1.57556e-06 1.34706e-06 1.14397e-06 9.64409e-07 8.06570e-07 6.68695e-07 5.49089e-07 4.46117e-07 3.58210e-07 2.83864e-07 2.21644e-07 1.70185e-07 1.28196e-07 9.44584e-08 6.78319e-08 4.72536e-08 3.17409e-08 2.03936e-08 1.23956e-08 7.01623e-09 3.61227e-09 1.62936e-09 6.03317e-10 1.61325e-10 2.28872e-11 5.86970e-13
1.401003 4.08894e-01 1.20789e-01 1.43181e-02 6.08915e-03 3.62099e-03 2.34526e-03 1.55846e-03 1.07015e-03 7.82309e-04 6.29196e-04 5.63558e-04 5.51019e-04 5.66994e-04 5.94729e-04 6.23731e-04 6.48261e-04 6.65935e-04 6.76512e-04 6.80923e-04 6.80573e-04 6.76873e-04 6.70989e-04 6.63755e-04 6.55690e-04 6.47086e-04 6.38102e-04 6.28849e-04 6.19434e-04 6.09972e-04 6.00569e-04 5.91295e-04 5.82167e-04 5.73147e-04 5.64160e-04 5.55119e-04 5.45952e-04 5.36618e-04 5.27114e-04 5.17469e-04 5.07730e-04 4.97950e-04 4.88178e-04 4.78451e-04 4.68797e-04 4.59233e-04 4.49771e-04 4.40425e-04 4.31211e-04 4.22152e-04 4.13276e-04 4.04609e-04 3.96174e-04 3.87982e-04 3.80033e-04 3.72317e-04 3.64816e-04 3.57508e-04 3.50369e-04 3.43369e-04 3.36473e-04 3.29637e-04 3.22810e-04 3.15941e-04 3.08992e-04 3.01946e-04 2.94819e-04 2.87654e-04 2.80517e-04 2.73482e-04 2.66618e-04 2.59978e-04 2.53591e-04 2.47464e-04 2.41589e-04 2.35941e-04 2.30491e-04 2.25208e-04 2.20054e-04 2.14992e-04 2.09984e-04 2.04993e-04 1.99985e-04 1.94936e-04 1.89833e-04 1.84678e-04 1.79486e-04 1.74285e-04 1.69111e-04 1.64007e-04 1.59013e-04 1.54168e-04 1.49506e-04 1.45054e-04 1.40836e-04 1.36871e-04 1.33178e-04 1.29778e-04 1.26698e-04 1.23970e-04 1.21634e-04 1.19734e-04 1.18320e-04 1.17434e-04 1.17107e-04 1.17338e-04 1.18081e-04 1.19229e-04 1.20606e-04 1.21963e-04 1.22993e-04 1.23364e-04 1.22761e-04 1.20937e-04 1.17765e-04 1.13265e-04 1.07614e-04 1.01121e-04 9.41769e-05 8.71908e-05 8.05273e-05 7.44559e-05 6.91271e-05 6.45728e-05 6.07297e-05 5.74733e-05 5.46545e-05 5.21301e-05 4.97815e-05 4.75242e-05 4.53065e-05 4.31041e-05 4.09120e-05 3.87366e-05 3.65898e-05 3.44843e-05 3.24319e-05 3.04417e-05 2.85207e-05 2.66730e-05 2.49015e-05 2.32073e-05 2.15904e-05 2.00505e-05 1.85865e-05 1.71970e-05 1.58807e-05 1.46356e-05 1.34601e-05 1.23522e-05 1.13099e-05 1.03314e-05 9.41432e-06 8.55674e-06 7.75646e-06 7.01130e-06 6.31905e-06 5.67752e-06 5.08447e-06 4.53770e-06 4.03498e-06 3.57411e-06 3.15291e-06 2.76922e-06 2.42091e-06 2.10588e-06 1.82206e-06 1.56744e-06 1.34006e-06 1.13798e-06 9.59336e-07 8.02321e-07 6.65178e-07 5.46213e-07 4.43797e-07 3.56365e-07 2.82420e-07 2.20533e-07 1.69346e-07 1.27576e-07 9.40109e-08 6.75175e-08 4.70394e-08 3.16003e-08 2.03054e-08 1.23431e-08 6.98716e-09 3.59759e-09 1.62285e-09 6.00943e-10 1.60697e-10 2.27989e-11 5.84714e-13
1.501074 4.04532e-01 1.20296e-01 1.48524e-02 5.97258e-03 3.44710e-03 2.24371e-03 1.54213e-03 1.10796e-03 8.55201e-04 7.29285e-04 6.85353e-04 6.87037e-04 7.08227e-04 7.32819e-04 7.52719e-04 7.65249e-04 7.70749e-04 7.70801e-04 7.67129e-04 7.61074e-04 7.53470e-04 7.44729e-04 7.35003e-04 7.24343e-04 7.12805e-04 7.00508e-04 6.87639e-04 6.74419e-04 6.61067e-04 6.47755e-04 6.34585e-04 6.21590e-04 6.08756e-04 5.96048e-04 5.83443e-04 5.70949e-04 5.58607e-04 5.46475e-04 5.34614e-04 5.23060e-04 5.11819e-04 5.00864e-04 4.90148e-04 4.79619e-04 4.69232e-04 4.58960e-04 4.48796e-04 4.38749e-04 4.28837e-04 4.19084e-04 4.09513e-04 4.00143e-04 3.90987e-04 3.82060e-04 3.73373e-04 3.64937e-04 3.56763e-04 3.48861e-04 3.41236e-04 3.33885e-04 3.26798e-04 3.19959e-04 3.13346e-04 3.06929e-04 3.00678e-04 2.94554e-04 2.88510e-04 2.82494e-04 2.76452e-04 2.70340e-04 2.64131e-04 2.57824e-04 2.51448e-04 2.45057e-04 2.38720e-04 2.32506e-04 2.26474e-04 2.20665e-04 2.15097e-04 2.09772e-04 2.04674e-04 1.99781e-04 1.95061e-04 1.90480e-04 1.86000e-04 1.81578e-04 1.77174e-04 1.72750e-04 1.68276e-04 1.63733e-04 1.59116e-04 1.54433e-04 1.49705e-04 1.44964e-04 1.40245e-04 1.35585e-04 1.31018e-04 1.26576e-04 1.22286e-04 1.18175e-04 1.14267e-04 1.10590e-04 1.07178e-04 1.04076e-04 1.01333e-04 9.90120e-05 9.71742e-05 9.58764e-05 9.51541e-05 9.50056e-05 9.53737e-05 9.61326e-05 9.70833e-05 9.79624e-05 9.84680e-05 9.82992e-05 9.72044e-05 9.50275e-05 9.17411e-05 8.74560e-05 8.24049e-05 7.69017e-05 7.12865e-05 6.58700e-05 6.08889e-05 5.64826e-05 5.26911e-05 4.94724e-05 4.67306e-05 4.43462e-05 4.22022e-05 4.02011e-05 3.82724e-05 3.63738e-05 3.44858e-05 3.26054e-05 3.07396e-05 2.89000e-05 2.70990e-05 2.53476e-05 2.36547e-05 2.20268e-05 2.04679e-05 1.89803e-05 1.75651e-05 1.62222e-05 1.49508e-05 1.37496e-05 1.26170e-05 1.15514e-05 1.05507e-05 9.61292e-06 8.73595e-06 7.91763e-06 7.15576e-06 6.44809e-06 5.79237e-06 5.18633e-06 4.62770e-06 4.11421e-06 3.64360e-06 3.21361e-06 2.82202e-06 2.46664e-06 2.14531e-06 1.85591e-06 1.59635e-06 1.36461e-06 1.15871e-06 9.76739e-07 8.16826e-07 6.77176e-07 5.56054e-07 4.51793e-07 3.62792e-07 2.87524e-07 2.24530e-07 1.72428e-07 1.29907e-07 9.57379e-08 6.87646e-08 4.79133e-08 3.21908e-08 2.06870e-08 1.25765e-08 7.11992e-09 3.66627e-09 1.65396e-09 6.12504e-10 1.63797e-10 2.32395e-11 5.96025e-13
1.601146 4.05395e-01 1.19851e-01 1.48982e-02 6.49074e-03 3.79750e-03 2.43189e-03 1.63655e-03 1.16986e-03 9.17349e-04 8.03807e-04 7.73287e-04 7.84558e-04 8.10263e-04 8.35073e-04 8.52497e-04 8.61326e-04 8.62751e-04 8.58554e-04 8.50284e-04 8.39048e-04 8.25608e-04 8.10536e-04 7.94335e-04 7.77478e-04 7.60395e-04 7.43430e-04 7.26802e-04 7.10586e-04 6.94729e-04 6.79095e-04 6.63527e-04 6.47902e-04 6.32173e-04 6.16382e-04 6.00651e-04 5.85142e-04 5.70022e-04 5.55422e-04 5.41415e-04 5.28014e-04 5.15183e-04 5.02861e-04 4.90989e-04 4.79520e-04 4.68430e-04 4.57710e-04 4.47356e-04 4.37354e-04 4.27679e-04 4.18290e-04 4.09139e-04 4.00176e-04 3.91360e-04 3.82659e-04 3.74057e-04 3.65550e-04 3.57146e-04 3.48860e-04 3.40715e-04 3.32737e-04 3.24953e-04 3.17391e-04 3.10076e-04 3.03026e-04 2.96255e-04 2.89764e-04 2.83548e-04 2.77591e-04 2.71871e-04 2.66360e-04 2.61026e-04 2.55829e-04 2.50719e-04 2.45642e-04 2.40542e-04 2.35365e-04 2.30076e-04 2.24662e-04 2.19139e-04 2.13551e-04 2.07956e-04 2.02422e-04 1.97011e-04 1.91771e-04 1.86732e-04 1.81906e-04 1.77289e-04 1.72867e-04 1.68615e-04 1.64504e-04 1.60497e-04 1.56557e-04 1.52642e-04 1.48717e-04 1.44752e-04 1.40726e-04 1.36633e-04 1.32477e-04 1.28272e-04 1.24042e-04 1.19814e-04 1.15617e-04 1.11479e-04 1.07427e-04 1.03490e-04 9.96965e-05 9.60807e-05 9.26841e-05 8.95572e-05 8.67597e-05 8.43568e-05 8.24122e-05 8.09759e-05 8.00690e-05 7.96665e-05 7.96835e-05 7.99685e-05 8.03092e-05 8.04526e-05 8.01395e-05 7.91458e-05 7.73242e-05 7.46336e-05 7.11492e-05 6.70502e-05 6.25855e-05 5.80286e-05 5.36302e-05 4.95815e-05 4.59940e-05 4.28986e-05 4.02591e-05 3.79961e-05 3.60115e-05 3.42101e-05 3.25136e-05 3.08664e-05 2.92365e-05 2.76108e-05 2.59898e-05 2.43818e-05 2.27989e-05 2.12530e-05 1.97548e-05 1.83124e-05 1.69319e-05 1.56168e-05 1.43691e-05 1.31894e-05 1.20773e-05 1.10317e-05 1.00511e-05 9.13358e-06 8.27721e-06 7.47979e-06 6.73907e-06 6.05276e-06 5.41850e-06 4.83393e-06 4.29670e-06 3.80443e-06 3.35477e-06 2.94538e-06 2.57395e-06 2.23821e-06 1.93592e-06 1.66490e-06 1.42299e-06 1.20813e-06 1.01828e-06 8.51493e-07 7.05871e-07 5.79594e-07 4.70912e-07 3.78149e-07 2.99705e-07 2.34056e-07 1.79756e-07 1.35442e-07 9.98277e-08 7.17110e-08 4.99728e-08 3.35791e-08 2.15822e-08 1.31224e-08 7.42996e-09 3.82638e-09 1.72637e-09 6.39373e-10 1.70994e-10 2.42617e-11 6.22259e-13
1.701218 4.10984e-01 1.16956e-01 1.31397e-02 5.89138e-03 3.66490e-03 2.46254e-03 1.71037e-03 1.25429e-03 1.00686e-03 8.96709e-04 8.65732e-04 8.71852e-04 8.89015e-04 9.04039e-04 9.12132e-04 9.12862e-04 9.07429e-04 8.97275e-04 8.83599e-04 8.67334e-04 8.49251e-04 8.30033e-04 8.10282e-04 7.90478e-04 7.70933e-04 7.51777e-04 7.32985e-04 7.14447e-04 6.96046e-04 6.77723e-04 6.59511e-04 6.41529e-04 6.23943e-04 6.06911e-04 5.90535e-04 5.74833e-04 5.59738e-04 5.45126e-04 5.30858e-04 5.16830e-04 5.02998e-04 4.89392e-04 4.76100e-04 4.63239e-04 4.50923e-04 4.39225e-04 4.28174e-04 4.17747e-04 4.07889e-04 3.98531e-04 3.89610e-04 3.81074e-04 3.72887e-04 3.65018e-04 3.57436e-04 3.50104e-04 3.42975e-04 3.36001e-04 3.29131e-04 3.22325e-04 3.15549e-04 3.08785e-04 3.02026e-04 2.95275e-04 2.88546e-04 2.81862e-04 2.75254e-04 2.68757e-04 2.62408e-04 2.56244e-04 2.50294e-04 2.44580e-04 2.39113e-04 2.33892e-04 2.28909e-04 2.24143e-04 2.19566e-04 2.15140e-04 2.10820e-04 2.06551e-04 2.02276e-04 1.97945e-04 1.93519e-04 1.88982e-04 1.84340e-04 1.79623e-04 1.74876e-04 1.70154e-04 1.65505e-04 1.60972e-04 1.56584e-04 1.52355e-04 1.48288e-04 1.44378e-04 1.40607e-04 1.36953e-04 1.33387e-04 1.29877e-04 1.26391e-04 1.22900e-04 1.19383e-04 1.15825e-04 1.12223e-04 1.08581e-04 1.04913e-04 1.01234e-04 9.75655e-05 9.39288e-05 9.03479e-05 8.68495e-05 8.34654e-05 8.02343e-05 7.72029e-05 7.44256e-05 7.19613e-05 6.98667e-05 6.81857e-05 6.69365e-05 6.60975e-05 6.55972e-05 6.53104e-05 6.50657e-05 6.46646e-05 6.39100e-05 6.26405e-05 6.07607e-05 5.82609e-05 5.52202e-05 5.17913e-05 4.81708e-05 4.45629e-05 4.11449e-05 3.80420e-05 3.53162e-05 3.29704e-05 3.09609e-05 2.92177e-05 2.76624e-05 2.62238e-05 2.48463e-05 2.34936e-05 2.21471e-05 2.08022e-05 1.94634e-05 1.81404e-05 1.68444e-05 1.55860e-05 1.43741e-05 1.32151e-05 1.21134e-05 1.10717e-05 1.00909e-05 9.17087e-06 8.31079e-06 7.50916e-06 6.76417e-06 6.07377e-06 5.43574e-06 4.84781e-06 4.30761e-06 3.81279e-06 3.36097e-06 2.94980e-06 2.57692e-06 2.24004e-06 1.93687e-06 1.66519e-06 1.42282e-06 1.20765e-06 1.01763e-06 8.50764e-07 7.05135e-07 5.78901e-07 4.70292e-07 3.77618e-07 2.99268e-07 2.33710e-07 1.79493e-07 1.35249e-07 9.96917e-08 7.16194e-08 4.99141e-08 3.35435e-08 2.15620e-08 1.31118e-08 7.42486e-09 3.82419e-09 1.72556e-09 6.39132e-10 1.70941e-10 2.42554e-11 6.22114e-13
1.801289 4.06579e-01 1.14879e-01 1.38996e-02 6.12640e-03 3.74044e-03 2.50433e-03 1.75799e-03 1.31130e-03 1.07455e-03 9.76796e-04 9.57930e-04 9.73339e-04 9.95669e-04 1.01176e-03 1.01754e-03 1.01354e-03 1.00187e-03 9.84773e-04 9.64099e-04 9.41210e-04 9.17084e-04 8.92405e-04 8.67620e-04 8.42972e-04 8.18542e-04 7.94308e-04 7.70226e-04 7.46315e-04 7.22703e-04 6.99622e-04 6.77362e-04 6.56190e-04 6.36279e-04 6.17668e-04 6.00265e-04 5.83894e-04 5.68354e-04 5.53480e-04 5.39176e-04 5.25413e-04 5.12204e-04 4.99562e-04 4.87465e-04 4.75840e-04 4.64566e-04 4.53507e-04 4.42545e-04 4.31615e-04 4.20720e-04 4.09931e-04 3.99358e-04 3.89124e-04 3.79331e-04 3.70040e-04 3.61266e-04 3.52988e-04 3.45160e-04 3.37733e-04 3.30664e-04 3.23915e-04 3.17455e-04 3.11252e-04 3.05267e-04 2.99452e-04 2.93756e-04 2.88128e-04 2.82522e-04 2.76905e-04 2.71256e-04 2.65568e-04 2.59843e-04 2.54099e-04 2.48355e-04 2.42640e-04 2.36986e-04 2.31423e-04 2.25985e-04 2.20696e-04 2.15580e-04 2.10652e-04 2.05917e-04 2.01373e-04 1.97007e-04 1.92793e-04 1.88695e-04 1.84667e-04 1.80662e-04 1.76634e-04 1.72551e-04 1.68397e-04 1.64176e-04 1.59907e-04 1.55623e-04 1.51361e-04 1.47154e-04 1.43032e-04 1.39016e-04 1.35116e-04 1.31335e-04 1.27670e-04 1.24107e-04 1.20630e-04 1.17216e-04 1.13842e-04 1.10486e-04 1.07128e-04 1.03756e-04 1.00363e-04 9.69501e-05 9.35243e-05 9.00964e-05 8.66815e-05 8.32987e-05 7.99714e-05 7.67290e-05 7.36083e-05 7.06536e-05 6.79156e-05 6.54472e-05 6.32965e-05 6.14962e-05 6.00525e-05 5.89348e-05 5.80685e-05 5.73371e-05 5.65924e-05 5.56743e-05 5.44371e-05 5.27759e-05 5.06476e-05 4.80805e-05 4.51690e-05 4.20550e-05 3.89007e-05 3.58596e-05 3.30514e-05 3.05484e-05 2.83721e-05 2.65009e-05 2.48841e-05 2.34571e-05 2.21563e-05 2.09281e-05 1.97345e-05 1.85534e-05 1.73760e-05 1.62038e-05 1.50439e-05 1.39064e-05 1.28014e-05 1.17376e-05 1.07220e-05 9.75937e-06 8.85270e-06 8.00323e-06 7.21102e-06 6.47523e-06 5.79435e-06 5.16647e-06 4.58943e-06 4.06085e-06 3.57831e-06 3.13933e-06 2.74140e-06 2.38206e-06 2.05886e-06 1.76939e-06 1.51130e-06 1.28232e-06 1.08020e-06 9.02818e-07 7.48092e-07 6.14037e-07 4.98751e-07 4.00417e-07 3.17309e-07 2.47787e-07 1.90304e-07 1.43399e-07 1.05706e-07 7.59476e-08 5.29369e-08 3.55799e-08 2.28744e-08 1.39120e-08 7.87923e-09 4.05881e-09 1.83168e-09 6.78512e-10 1.81490e-10 2.57538e-11 6.60569e-13
1.901361 4.09522e-01 1.12748e-01 1.37423e-02 6.78771e-03 4.24545e-03 2.82854e-03 1.97388e-03 1.47362e-03 1.20659e-03 1.08575e-03 1.04650e-03 1.04428e-03 1.05249e-03 1.05818e-03 1.05695e-03 1.04865e-03 1.03467e-03 1.01658e-03 9.95659e-04 9.72817e-04 9.48662e-04 9.23613e-04 8.97983e-04 8.72033e-04 8.45999e-04 8.20098e-04 7.94533e-04 7.69489e-04 7.45132e-04 7.21584e-04 6.98906e-04 6.77080e-04 6.56013e-04 6.35572e-04 6.15637e-04 5.96153e-04 5.77166e-04 5.58817e-04 5.41304e-04 5.24819e-04 5.09491e-04 4.95353e-04 4.82340e-04 4.70321e-04 4.59142e-04 4.48666e-04 4.38793e-04 4.29456e-04 4.20604e-04 4.12171e-04 4.04065e-04 3.96159e-04 3.88317e-04 3.80418e-04 3.72387e-04 3.64209e-04 3.55935e-04 3.47658e-04 3.39494e-04 3.31548e-04 3.23899e-04 3.16586e-04 3.09618e-04 3.02978e-04 2.96640e-04 2.90578e-04 2.84767e-04 2.79183e-04 2.73802e-04 2.68591e-04 2.63514e-04 2.58529e-04 2.53595e-04 2.48677e-04 2.43748e-04 2.38793e-04 2.33810e-04 2.28807e-04 2.23799e-04 2.18805e-04 2.13845e-04 2.08938e-04 2.04103e-04 1.99355e-04 1.94707e-04 1.90170e-04 1.85753e-04 1.81460e-04 1.77287e-04 1.73223e-04 1.69249e-04 1.65335e-04 1.61454e-04 1.57577e-04 1.53686e-04 1.49774e-04 1.45845e-04 1.41913e-04 1.37999e-04 1.34123e-04 1.30303e-04 1.26553e-04 1.22883e-04 1.19295e-04 1.15787e-04 1.12353e-04 1.08984e-04 1.05666e-04 1.02385e-04 9.91270e-05 9.58796e-05 9.26347e-05 8.93887e-05 8.61426e-05 8.29020e-05 7.96772e-05 7.64831e-05 7.33398e-05 7.02739e-05 6.73190e-05 6.45147e-05 6.19047e-05 5.95317e-05 5.74299e-05 5.56157e-05 5.40785e-05 5.27746e-05 5.16249e-05 5.05217e-05 4.93419e-05 4.79662e-05 4.63014e-05 4.42986e-05 4.19639e-05 3.93581e-05 3.65847e-05 3.37703e-05 3.10405e-05 2.84993e-05 2.62149e-05 2.42144e-05 2.24873e-05 2.09959e-05 1.96876e-05 1.85074e-05 1.74067e-05 1.63488e-05 1.53106e-05 1.42814e-05 1.32600e-05 1.22513e-05 1.12633e-05 1.03051e-05 9.38469e-06 8.50872e-06 7.68186e-06 6.90695e-06 6.18530e-06 5.51694e-06 4.90095e-06 4.33576e-06 3.81935e-06 3.34941e-06 2.92346e-06 2.53894e-06 2.19328e-06 1.88389e-06 1.60825e-06 1.36387e-06 1.14834e-06 9.59326e-07 7.94583e-07 6.51955e-07 5.29379e-07 4.24893e-07 3.36633e-07 2.62836e-07 2.01841e-07 1.52086e-07 1.12110e-07 8.05525e-08 5.61516e-08 3.77450e-08 2.42698e-08 1.47630e-08 8.36256e-09 4.30847e-09 1.94463e-09 7.20446e-10 1.92727e-10 2.73503e-11 7.01545e-13
2.001432 4.10711e-01 1.07084e-01 1.22074e-02 6.07049e-03 4.06401e-03 2.85147e-03 2.03635e-03 1.53081e-03 1.25993e-03 1.14408e-03 1.11397e-03 1.12054e-03 1.13510e-03 1.14412e-03 1.14314e-03 1.13212e-03 1.11271e-03 1.08701e-03 1.05706e-03 1.02461e-03 9.91045e-04 9.57348e-04 9.24169e-04 8.91891e-04 8.60731e-04 8.30815e-04 8.02216e-04 7.74975e-04 7.49104e-04 7.24587e-04 7.01389e-04 6.79459e-04 6.58738e-04 6.39160e-04 6.20662e-04 6.03178e-04 5.86636e-04 5.70945e-04 5.55986e-04 5.41607e-04 5.27639e-04 5.13925e-04 5.00354e-04 4.86894e-04 4.73598e-04 4.60588e-04 4.48021e-04 4.36047e-04 4.24770e-04 4.14237e-04 4.04439e-04 3.95333e-04 3.86865e-04 3.78980e-04 3.71629e-04 3.64752e-04 3.58273e-04 3.52087e-04 3.46068e-04 3.40081e-04 3.34015e-04 3.27794e-04 3.21399e-04 3.14861e-04 3.08248e-04 3.01647e-04 2.95141e-04 2.88791e-04 2.82636e-04 2.76690e-04 2.70953e-04 2.65414e-04 2.60060e-04 2.54877e-04 2.49847e-04 2.44948e-04 2.40157e-04 2.35443e-04 2.30778e-04 2.26137e-04 2.21503e-04 2.16865e-04 2.12225e-04 2.07592e-04 2.02978e-04 1.98399e-04 1.93870e-04 1.89402e-04 1.85002e-04 1.80673e-04 1.76417e-04 1.72233e-04 1.68121e-04 1.64078e-04 1.60100e-04 1.56179e-04 1.52305e-04 1.48464e-04 1.44645e-04 1.40839e-04 1.37046e-04 1.33268e-04 1.29514e-04 1.25796e-04 1.22125e-04 1.18510e-04 1.14958e-04 1.11471e-04 1.08047e-04 1.04683e-04 1.01372e-04 9.81061e-05 9.48766e-05 9.16744e-05 8.84920e-05 8.53238e-05 8.21674e-05 7.90242e-05 7.58992e-05 7.28019e-05 6.97467e-05 6.67530e-05 6.38460e-05 6.10561e-05 5.84173e-05 5.59636e-05 5.37233e-05 5.17122e-05 4.99260e-05 4.83350e-05 4.68823e-05 4.54878e-05 4.40582e-05 4.25015e-05 4.07445e-05 3.87472e-05 3.65122e-05 3.40851e-05 3.15461e-05 2.89946e-05 2.65308e-05 2.42385e-05 2.21736e-05 2.03591e-05 1.87872e-05 1.74274e-05 1.62361e-05 1.51669e-05 1.41778e-05 1.32367e-05 1.23225e-05 1.14244e-05 1.05401e-05 9.67271e-06 8.82833e-06 8.01408e-06 7.23659e-06 6.50123e-06 5.81180e-06 5.17049e-06 4.57813e-06 4.03439e-06 3.53811e-06 3.08749e-06 2.68036e-06 2.31429e-06 1.98670e-06 1.69500e-06 1.43656e-06 1.20881e-06 1.00926e-06 8.35495e-07 6.85187e-07 5.56121e-07 4.46190e-07 3.53398e-07 2.75860e-07 2.11807e-07 1.59579e-07 1.17630e-07 8.45203e-08 5.89219e-08 3.96119e-08 2.54741e-08 1.54983e-08 8.78067e-09 4.52473e-09 2.04259e-09 7.56855e-10 2.02491e-10 2.87385e-11 7.37188e-13
2.101504 3.99543e-01 1.05784e-01 1.51730e-02 7.56688e-03 4.73487e-03 3.16080e-03 2.21011e-03 1.64458e-03 1.34222e-03 1.21212e-03 1.18015e-03 1.19193e-03 1.21414e-03 1.23049e-03 1.23547e-03 1.22903e-03 1.21324e-03 1.19069e-03 1.16371e-03 1.13410e-03 1.10300e-03 1.07094e-03 1.03808e-03 1.00439e-03 9.69952e-04 9.35028e-04 9.00088e-04 8.65701e-04 8.32411e-04 8.00635e-04 7.70626e-04 7.42481e-04 7.16185e-04 6.91662e-04 6.68811e-04 6.47531e-04 6.27726e-04 6.09309e-04 5.92200e-04 5.76320e-04 5.61589e-04 5.47925e-04 5.35236e-04 5.23416e-04 5.12340e-04 5.01860e-04 4.91808e-04 4.82009e-04 4.72304e-04 4.62575e-04 4.52764e-04 4.42877e-04 4.32980e-04 4.23170e-04 4.13551e-04 4.04211e-04 3.95213e-04 3.86593e-04 3.78377e-04 3.70581e-04 3.63219e-04 3.56294e-04 3.49786e-04 3.43646e-04 3.37790e-04 3.32112e-04 3.26501e-04 3.20860e-04 3.15129e-04 3.09288e-04 3.03356e-04 2.97378e-04 2.91409e-04 2.85500e-04 2.79688e-04 2.73996e-04 2.68434e-04 2.63000e-04 2.57692e-04 2.52501e-04 2.47415e-04 2.42420e-04 2.37495e-04 2.32621e-04 2.27777e-04 2.22948e-04 2.18124e-04 2.13307e-04 2.08503e-04 2.03728e-04 1.98997e-04 1.94327e-04 1.89729e-04 1.85211e-04 1.80775e-04 1.76416e-04 1.72128e-04 1.67903e-04 1.63730e-04 1.59602e-04 1.55508e-04 1.51439e-04 1.47391e-04 1.43358e-04 1.39342e-04 1.35348e-04 1.31384e-04 1.27460e-04 1.23588e-04 1.19777e-04 1.16032e-04 1.12355e-04 1.08744e-04 1.05195e-04 1.01700e-04 9.82512e-05 9.48395e-05 9.14570e-05 8.80976e-05 8.47573e-05 8.14358e-05 7.81364e-05 7.48667e-05 7.16391e-05 6.84707e-05 6.53838e-05 6.24049e-05 5.95633e-05 5.68877e-05 5.44018e-05 5.21178e-05 5.00310e-05 4.81152e-05 4.63217e-05 4.45828e-05 4.28207e-05 4.09607e-05 3.89446e-05 3.67441e-05 3.43669e-05 3.18572e-05 2.92877e-05 2.67456e-05 2.43173e-05 2.20734e-05 2.00591e-05 1.82907e-05 1.67578e-05 1.54305e-05 1.42680e-05 1.32275e-05 1.22707e-05 1.13681e-05 1.05002e-05 9.65680e-06 8.83497e-06 8.03688e-06 7.26736e-06 6.53210e-06 5.83643e-06 5.18452e-06 4.57917e-06 4.02174e-06 3.51235e-06 3.05008e-06 2.63326e-06 2.25970e-06 1.92684e-06 1.63196e-06 1.37223e-06 1.14485e-06 9.47035e-07 7.76114e-07 6.29512e-07 5.04781e-07 3.99604e-07 3.11800e-07 2.39324e-07 1.80269e-07 1.32861e-07 9.54587e-08 6.65482e-08 4.47423e-08 2.87771e-08 1.75107e-08 9.92273e-09 5.11425e-09 2.30916e-09 8.55774e-10 2.28988e-10 3.25023e-11 8.33784e-13
2.201576 3.97965e-01 1.00252e-01 1.37845e-02 7.67712e-03 5.13390e-03 3.50165e-03 2.43549e-03 1.79891e-03 1.46734e-03 1.32864e-03 1.29461e-03 1.30490e-03 1.32421e-03 1.33582e-03 1.33455e-03 1.32102e-03 1.29805e-03 1.26870e-03 1.23549e-03 1.20010e-03 1.16354e-03 1.12627e-03 1.08859e-03 1.05077e-03 1.01327e-03 9.76682e-04 9.41617e-04 9.08536e-04 8.77622e-04 8.48759e-04 8.21605e-04 7.95745e-04 7.70830e-04 7.46665e-04 7.23226e-04 7.00607e-04 6.78951e-04 6.58376e-04 6.38942e-04 6.20640e-04 6.03407e-04 5.87155e-04 5.71794e-04 5.57247e-04 5.43464e-04 5.30419e-04 5.18105e-04 5.06527e-04 4.95687e-04 4.85576e-04 4.76157e-04 4.67364e-04 4.59094e-04 4.51219e-04 4.43598e-04 4.36096e-04 4.28611e-04 4.21080e-04 4.13486e-04 4.05850e-04 3.98213e-04 3.90618e-04 3.83103e-04 3.75691e-04 3.68402e-04 3.61257e-04 3.54283e-04 3.47511e-04 3.40970e-04 3.34669e-04 3.28597e-04 3.22714e-04 3.16966e-04 3.11292e-04 3.05642e-04 2.99986e-04 2.94319e-04 2.88653e-04 2.83012e-04 2.77422e-04 2.71901e-04 2.66460e-04 2.61103e-04 2.55828e-04 2.50630e-04 2.45502e-04 2.40434e-04 2.35416e-04 2.30435e-04 2.25476e-04 2.20529e-04 2.15585e-04 2.10644e-04 2.05714e-04 2.00807e-04 1.95940e-04 1.91131e-04 1.86395e-04 1.81742e-04 1.77178e-04 1.72702e-04 1.68307e-04 1.63983e-04 1.59718e-04 1.55499e-04 1.51313e-04 1.47150e-04 1.43004e-04 1.38871e-04 1.34754e-04 1.30660e-04 1.26599e-04 1.22582e-04 1.18620e-04 1.14721e-04 1.10891e-04 1.07131e-04 1.03436e-04 9.98020e-05 9.62201e-05 9.26817e-05 8.91787e-05 8.57047e-05 8.22563e-05 7.88337e-05 7.54420e-05 7.20908e-05 6.87952e-05 6.55747e-05 6.24530e-05 5.94555e-05 5.66067e-05 5.39259e-05 5.14223e-05 4.90903e-05 4.69063e-05 4.48288e-05 4.28016e-05 4.07620e-05 3.86515e-05 3.64276e-05 3.40733e-05 3.16021e-05 2.90573e-05 2.65040e-05 2.40173e-05 2.16693e-05 1.95168e-05 1.75938e-05 1.59093e-05 1.44500e-05 1.31864e-05 1.20809e-05 1.10948e-05 1.01940e-05 9.35252e-06 8.55286e-06 7.78568e-06 7.04790e-06 6.34062e-06 5.66718e-06 5.03158e-06 4.43747e-06 3.88753e-06 3.38324e-06 2.92488e-06 2.51170e-06 2.14209e-06 1.81388e-06 1.52445e-06 1.27100e-06 1.05059e-06 8.60289e-07 6.97238e-07 5.58675e-07 4.41975e-07 3.44664e-07 2.64426e-07 1.99106e-07 1.46709e-07 1.05394e-07 7.34724e-08 4.94004e-08 3.17771e-08 1.93398e-08 1.09616e-08 5.65101e-09 2.55210e-09 9.46007e-10 2.53176e-10 3.59400e-11 9.22035e-13
2.301647 3.83569e-01 9.57834e-02 1.49566e-02 7.91856e-03 5.21731e-03 3.54343e-03 2.45967e-03 1.80821e-03 1.47558e-03 1.35231e-03 1.34356e-03 1.38141e-03 1.42607e-03 1.45925e-03 1.47561e-03 1.47588e-03 1.46276e-03 1.43904e-03 1.40697e-03 1.36829e-03 1.32446e-03 1.27686e-03 1.22697e-03 1.17634e-03 1.12643e-03 1.07853e-03 1.03351e-03 9.91789e-04 9.53389e-04 9.18030e-04 8.85339e-04 8.54999e-04 8.26829e-04 8.00776e-04 7.76828e-04 7.54918e-04 7.34863e-04 7.16357e-04 6.99029e-04 6.82520e-04 6.66560e-04 6.51004e-04 6.35824e-04 6.21070e-04 6.06826e-04 5.93161e-04 5.80103e-04 5.67638e-04 5.55714e-04 5.44258e-04 5.33200e-04 5.22484e-04 5.12079e-04 5.01984e-04 4.92220e-04 4.82822e-04 4.73824e-04 4.65242e-04 4.57068e-04 4.49263e-04 4.41763e-04 4.34490e-04 4.27366e-04 4.20331e-04 4.13348e-04 4.06405e-04 3.99503e-04 3.92653e-04 3.85857e-04 3.79112e-04 3.72408e-04 3.65737e-04 3.59097e-04 3.52496e-04 3.45950e-04 3.39475e-04 3.33082e-04 3.26771e-04 3.20532e-04 3.14352e-04 3.08221e-04 3.02134e-04 2.96100e-04 2.90128e-04 2.84235e-04 2.78432e-04 2.72723e-04 2.67108e-04 2.61578e-04 2.56124e-04 2.50733e-04 2.45394e-04 2.40093e-04 2.34820e-04 2.29561e-04 2.24309e-04 2.19057e-04 2.13807e-04 2.08565e-04 2.03343e-04 1.98159e-04 1.93030e-04 1.87973e-04 1.83000e-04 1.78119e-04 1.73330e-04 1.68631e-04 1.64012e-04 1.59463e-04 1.54970e-04 1.50520e-04 1.46102e-04 1.41710e-04 1.37341e-04 1.32996e-04 1.28681e-04 1.24406e-04 1.20180e-04 1.16012e-04 1.11910e-04 1.07876e-04 1.03911e-04 1.00011e-04 9.61689e-05 9.23788e-05 8.86334e-05 8.49274e-05 8.12587e-05 7.76295e-05 7.40471e-05 7.05240e-05 6.70778e-05 6.37299e-05 6.05031e-05 5.74183e-05 5.44906e-05 5.17248e-05 4.91117e-05 4.66266e-05 4.42302e-05 4.18733e-05 3.95050e-05 3.70821e-05 3.45790e-05 3.19941e-05 2.93525e-05 2.67020e-05 2.41054e-05 2.16290e-05 1.93312e-05 1.72536e-05 1.54161e-05 1.38165e-05 1.24348e-05 1.12391e-05 1.01928e-05 9.26052e-06 8.41238e-06 7.62607e-06 6.88709e-06 6.18774e-06 5.52531e-06 4.90031e-06 4.31478e-06 3.77108e-06 3.27111e-06 2.81587e-06 2.40536e-06 2.03859e-06 1.71379e-06 1.42861e-06 1.18028e-06 9.65798e-07 7.82101e-07 6.26131e-07 4.94923e-07 3.85656e-07 2.95677e-07 2.22516e-07 1.63891e-07 1.17704e-07 8.20415e-08 5.51600e-08 3.54843e-08 2.15991e-08 1.22445e-08 6.31385e-09 2.85213e-09 1.05745e-09 2.83053e-10 4.01865e-11 1.03106e-12
2.401719 3.62374e-01 9.52174e-02 1.80750e-02 9.73944e-03 6.18499e-03 4.07167e-03 2.77773e-03 2.02273e-03 1.63742e-03 1.48781e-03 1.46883e-03 1.50637e-03 1.55581e-03 1.59520e-03 1.61688e-03 1.62042e-03 1.60827e-03 1.58349e-03 1.54901e-03 1.50748e-03 1.46124e-03 1.41241e-03 1.36276e-03 1.31367e-03 1.26603e-03 1.22023e-03 1.17625e-03 1.13387e-03 1.09280e-03 1.05288e-03 1.01420e-03 9.77028e-04 9.41749e-04 9.08730e-04 8.78196e-04 8.50176e-04 8.24520e-04 8.00976e-04 7.79282e-04 7.59233e-04 7.40706e-04 7.23627e-04 7.07922e-04 6.93463e-04 6.80056e-04 6.67452e-04 6.55395e-04 6.43668e-04 6.32132e-04 6.20733e-04 6.09487e-04 5.98454e-04 5.87703e-04 5.77284e-04 5.67214e-04 5.57477e-04 5.48026e-04 5.38805e-04 5.29754e-04 5.20826e-04 5.11996e-04 5.03258e-04 4.94623e-04 4.86114e-04 4.77751e-04 4.69549e-04 4.61512e-04 4.53631e-04 4.45895e-04 4.38289e-04 4.30808e-04 4.23452e-04 4.16222e-04 4.09120e-04 4.02140e-04 3.95265e-04 3.88471e-04 3.81727e-04 3.75008e-04 3.68293e-04 3.61569e-04 3.54831e-04 3.48076e-04 3.41307e-04 3.34527e-04 3.27745e-04 3.20974e-04 3.14236e-04 3.07555e-04 3.00956e-04 2.94461e-04 2.88082e-04 2.81826e-04 2.75687e-04 2.69655e-04 2.63714e-04 2.57849e-04 2.52041e-04 2.46273e-04 2.40532e-04 2.34804e-04 2.29082e-04 2.23364e-04 2.17655e-04 2.11965e-04 2.06308e-04 2.00701e-04 1.95160e-04 1.89700e-04 1.84330e-04 1.79055e-04 1.73874e-04 1.68782e-04 1.63771e-04 1.58829e-04 1.53946e-04 1.49111e-04 1.44316e-04 1.39560e-04 1.34841e-04 1.30163e-04 1.25534e-04 1.20960e-04 1.16448e-04 1.12002e-04 1.07624e-04 1.03314e-04 9.90678e-05 9.48818e-05 9.07515e-05 8.66739e-05 8.26494e-05 7.86827e-05 7.47835e-05 7.09665e-05 6.72498e-05 6.36534e-05 6.01952e-05 5.68870e-05 5.37310e-05 5.07167e-05 4.78197e-05 4.50044e-05 4.22288e-05 3.94528e-05 3.66465e-05 3.37982e-05 3.09189e-05 2.80422e-05 2.52194e-05 2.25106e-05 1.99745e-05 1.76581e-05 1.55905e-05 1.37797e-05 1.22145e-05 1.08687e-05 9.70786e-06 8.69536e-06 7.79753e-06 6.98691e-06 6.24343e-06 5.55421e-06 4.91219e-06 4.31449e-06 3.76068e-06 3.25142e-06 2.78742e-06 2.36889e-06 1.99527e-06 1.66513e-06 1.37633e-06 1.12617e-06 9.11580e-07 7.29296e-07 5.76007e-07 4.48464e-07 3.43559e-07 2.58372e-07 1.90194e-07 1.36540e-07 9.51467e-08 6.39651e-08 4.11502e-08 2.50515e-08 1.42049e-08 7.32669e-09 3.31059e-09 1.22776e-09 3.28717e-10 4.66774e-11 1.19771e-12
2.501790 3.50730e-01 8.81246e-02 1.63645e-02 9.68571e-03 6.45537e-03 4.26821e-03 2.85679e-03 2.04621e-03 1.65879e-03 1.53514e-03 1.55179e-03 1.62485e-03 1.70475e-03 1.76691e-03 1.80239e-03 1.81069e-03 1.79521e-03 1.76068e-03 1.71210e-03 1.65409e-03 1.59075e-03 1.52542e-03 1.46070e-03 1.39835e-03 1.33946e-03 1.28454e-03 1.23374e-03 1.18698e-03 1.14411e-03 1.10497e-03 1.06934e-03 1.03695e-03 1.00740e-03 9.80204e-04 9.54794e-04 9.30629e-04 9.07277e-04 8.84485e-04 8.62191e-04 8.40494e-04 8.19570e-04 7.99597e-04 7.80686e-04 7.62868e-04 7.46107e-04 7.30340e-04 7.15514e-04 7.01598e-04 6.88578e-04 6.76426e-04 6.65077e-04 6.54413e-04 6.44275e-04 6.34487e-04 6.24892e-04 6.15379e-04 6.05892e-04 5.96432e-04 5.87037e-04 5.77759e-04 5.68645e-04 5.59722e-04 5.50992e-04 5.42434e-04 5.34015e-04 5.25694e-04 5.17433e-04 5.09201e-04 5.00978e-04 4.92754e-04 4.84525e-04 4.76294e-04 4.68068e-04 4.59858e-04 4.51683e-04 4.43563e-04 4.35528e-04 4.27607e-04 4.19827e-04 4.12204e-04 4.04744e-04 3.97438e-04 3.90265e-04 3.83194e-04 3.76193e-04 3.69231e-04 3.62280e-04 3.55315e-04 3.48322e-04 3.41289e-04 3.34214e-04 3.27107e-04 3.19984e-04 3.12872e-04 3.05802e-04 2.98805e-04 2.91907e-04 2.85126e-04 2.78471e-04 2.71941e-04 2.65527e-04 2.59217e-04 2.52994e-04 2.46840e-04 2.40739e-04 2.34675e-04 2.28638e-04 2.22622e-04 2.16628e-04 2.10661e-04 2.04733e-04 1.98856e-04 1.93045e-04 1.87311e-04 1.81664e-04 1.76110e-04 1.70650e-04 1.65281e-04 1.59996e-04 1.54789e-04 1.49650e-04 1.44572e-04 1.39550e-04 1.34579e-04 1.29659e-04 1.24793e-04 1.19984e-04 1.15236e-04 1.10551e-04 1.05932e-04 1.01379e-04 9.68922e-05 9.24692e-05 8.81100e-05 8.38159e-05 7.95915e-05 7.54449e-05 7.13883e-05 6.74364e-05 6.36043e-05 5.99049e-05 5.63449e-05 5.29222e-05 4.96241e-05 4.64276e-05 4.33027e-05 4.02183e-05 3.71489e-05 3.40818e-05 3.10223e-05 2.79948e-05 2.50404e-05 2.22104e-05 1.95576e-05 1.71271e-05 1.49496e-05 1.30373e-05 1.13840e-05 9.96827e-06 8.75873e-06 7.71990e-06 6.81729e-06 6.02109e-06 5.30801e-06 4.66156e-06 4.07127e-06 3.53116e-06 3.03831e-06 2.59133e-06 2.18944e-06 1.83168e-06 1.51663e-06 1.24225e-06 1.00595e-06 8.04723e-07 6.35290e-07 4.94282e-07 3.78363e-07 2.84323e-07 2.09150e-07 1.50064e-07 1.04528e-07 7.02560e-08 4.51941e-08 2.75152e-08 1.56047e-08 8.05068e-09 3.63876e-09 1.34984e-09 3.61487e-10 5.13398e-11 1.31747e-12
2.601862 3.25513e-01 8.80963e-02 1.88484e-02 1.01595e-02 6.55727e-03 4.33716e-03 2.92468e-03 2.09245e-03 1.68908e-03 1.56841e-03 1.60404e-03 1.70348e-03 1.80987e-03 1.89434e-03 1.94632e-03 1.96543e-03 1.95614e-03 1.92463e-03 1.87720e-03 1.81940e-03 1.75572e-03 1.68954e-03 1.62317e-03 1.55813e-03 1.49527e-03 1.43508e-03 1.37778e-03 1.32350e-03 1.27231e-03 1.22427e-03 1.17941e-03 1.13773e-03 1.09921e-03 1.06383e-03 1.03151e-03 1.00220e-03 9.75798e-04 9.52170e-04 9.31092e-04 9.12248e-04 8.95234e-04 8.79597e-04 8.64883e-04 8.50702e-04 8.36773e-04 8.22939e-04 8.09157e-04 7.95456e-04 7.81896e-04 7.68532e-04 7.55399e-04 7.42515e-04 7.29900e-04 7.17588e-04 7.05632e-04 6.94093e-04 6.83014e-04 6.72408e-04 6.62240e-04 6.52433e-04 6.42888e-04 6.33503e-04 6.24200e-04 6.14932e-04 6.05688e-04 5.96484e-04 5.87348e-04 5.78306e-04 5.69374e-04 5.60554e-04 5.51834e-04 5.43195e-04 5.34612e-04 5.26061e-04 5.17521e-04 5.08971e-04 5.00393e-04 4.91776e-04 4.83111e-04 4.74399e-04 4.65655e-04 4.56902e-04 4.48175e-04 4.39515e-04 4.30961e-04 4.22545e-04 4.14287e-04 4.06192e-04 3.98251e-04 3.90445e-04 3.82747e-04 3.75128e-04 3.67559e-04 3.60012e-04 3.52463e-04 3.44897e-04 3.37307e-04 3.29695e-04 3.22075e-04 3.14471e-04 3.06909e-04 2.99417e-04 2.92019e-04 2.84734e-04 2.77572e-04 2.70534e-04 2.63616e-04 2.56809e-04 2.50097e-04 2.43467e-04 2.36905e-04 2.30398e-04 2.23939e-04 2.17526e-04 2.11160e-04 2.04847e-04 1.98597e-04 1.92420e-04 1.86325e-04 1.80319e-04 1.74407e-04 1.68591e-04 1.62869e-04 1.57236e-04 1.51687e-04 1.46215e-04 1.40815e-04 1.35482e-04 1.30214e-04 1.25010e-04 1.19869e-04 1.14793e-04 1.09783e-04 1.04841e-04 9.99676e-05 9.51635e-05 9.04309e-05 8.57730e-05 8.11956e-05 7.67070e-05 7.23179e-05 6.80404e-05 6.38862e-05 5.98636e-05 5.59752e-05 5.22161e-05 4.85731e-05 4.50269e-05 4.15555e-05 3.81403e-05 3.47713e-05 3.14525e-05 2.82039e-05 2.50599e-05 2.20647e-05 1.92655e-05 1.67038e-05 1.44093e-05 1.23952e-05 1.06571e-05 9.17593e-06 7.92160e-06 6.85882e-06 5.95200e-06 5.16913e-06 4.48406e-06 3.87718e-06 3.33492e-06 2.84854e-06 2.41273e-06 2.02416e-06 1.68047e-06 1.37953e-06 1.11896e-06 8.96054e-07 7.07734e-07 5.50668e-07 4.21406e-07 3.16522e-07 2.32715e-07 1.66891e-07 1.16206e-07 7.80871e-08 5.02283e-08 3.05827e-08 1.73479e-08 8.95256e-09 4.04771e-09 1.50203e-09 4.02357e-10 5.71561e-11 1.46691e-12
2.701934 3.03149e-01 8.56827e-02 2.07774e-02 1.20266e-02 7.51958e-03 4.73630e-03 3.08963e-03 2.19325e-03 1.78490e-03 1.67334e-03 1.72092e-03 1.83349e-03 1.95273e-03 2.04757e-03 2.10544e-03 2.12500e-03 2.11092e-03 2.07050e-03 2.01158e-03 1.94133e-03 1.86558e-03 1.78870e-03 1.71360e-03 1.64207e-03 1.57503e-03 1.51283e-03 1.45548e-03 1.40275e-03 1.35433e-03 1.30983e-03 1.26888e-03 1.23109e-03 1.19609e-03 1.16357e-03 1.13322e-03 1.10476e-03 1.07792e-03 1.05248e-03 1.02826e-03 1.00512e-03 9.83023e-04 9.61988e-04 9.42110e-04 9.23515e-04 9.06313e-04 8.90557e-04 8.76206e-04 8.63119e-04 8.51072e-04 8.39797e-04 8.29027e-04 8.18540e-04 8.08176e-04 7.97839e-04 7.87476e-04 7.77060e-04 7.66566e-04 7.55968e-04 7.45244e-04 7.34389e-04 7.23429e-04 7.12416e-04 7.01428e-04 6.90541e-04 6.79818e-04 6.69293e-04 6.58969e-04 6.48821e-04 6.38815e-04 6.28919e-04 6.19110e-04 6.09382e-04 5.99737e-04 5.90182e-04 5.80720e-04 5.71351e-04 5.62066e-04 5.52851e-04 5.43690e-04 5.34569e-04 5.25470e-04 5.16378e-04 5.07278e-04 4.98155e-04 4.88995e-04 4.79794e-04 4.70553e-04 4.61288e-04 4.52023e-04 4.42792e-04 4.33631e-04 4.24574e-04 4.15646e-04 4.06864e-04 3.98230e-04 3.89738e-04 3.81375e-04 3.73119e-04 3.64947e-04 3.56835e-04 3.48762e-04 3.40711e-04 3.32672e-04 3.24645e-04 3.16638e-04 3.08666e-04 3.00749e-04 2.92908e-04 2.85161e-04 2.77525e-04 2.70007e-04 2.62611e-04 2.55334e-04 2.48171e-04 2.41110e-04 2.34142e-04 2.27256e-04 2.20445e-04 2.13705e-04 2.07034e-04 2.00434e-04 1.93912e-04 1.87472e-04 1.81120e-04 1.74862e-04 1.68699e-04 1.62633e-04 1.56663e-04 1.50784e-04 1.44993e-04 1.39285e-04 1.33655e-04 1.28100e-04 1.22617e-04 1.17204e-04 1.11861e-04 1.06587e-04 1.01384e-04 9.62529e-05 9.11980e-05 8.62239e-05 8.13375e-05 7.65478e-05 7.18648e-05 6.72989e-05 6.28588e-05 5.85493e-05 5.43702e-05 5.03154e-05 4.63740e-05 4.25328e-05 3.87806e-05 3.51130e-05 3.15363e-05 2.80697e-05 2.47444e-05 2.16000e-05 1.86784e-05 1.60171e-05 1.36423e-05 1.15655e-05 9.78186e-06 8.27193e-06 7.00558e-06 5.94694e-06 5.05925e-06 4.30874e-06 3.66701e-06 3.11200e-06 2.62765e-06 2.20292e-06 1.83040e-06 1.50502e-06 1.22297e-06 9.80958e-07 7.75775e-07 6.04097e-07 4.62469e-07 3.47377e-07 2.55352e-07 1.83072e-07 1.27437e-07 8.56166e-08 5.50676e-08 3.35316e-08 1.90244e-08 9.82063e-09 4.44173e-09 1.64882e-09 4.41815e-10 6.27758e-11 1.61135e-12
2.802005 2.90196e-01 7.94519e-02 1.79396e-02 1.07551e-02 7.16459e-03 4.68567e-03 3.05583e-03 2.12381e-03 1.70809e-03 1.62255e-03 1.71459e-03 1.87649e-03 2.04106e-03 2.17176e-03 2.25319e-03 2.28355e-03 2.26919e-03 2.22048e-03 2.14879e-03 2.06444e-03 1.97544e-03 1.88722e-03 1.80283e-03 1.72362e-03 1.64995e-03 1.58170e-03 1.51864e-03 1.46057e-03 1.40734e-03 1.35877e-03 1.31466e-03 1.27473e-03 1.23867e-03 1.20611e-03 1.17667e-03 1.14997e-03 1.12568e-03 1.10346e-03 1.08302e-03 1.06411e-03 1.04650e-03 1.02998e-03 1.01436e-03 9.99407e-04 9.84926e-04 9.70717e-04 9.56612e-04 9.42502e-04 9.28353e-04 9.14211e-04 9.00190e-04 8.86443e-04 8.73123e-04 8.60349e-04 8.48177e-04 8.36599e-04 8.25550e-04 8.14932e-04 8.04641e-04 7.94579e-04 7.84667e-04 7.74839e-04 7.65033e-04 7.55185e-04 7.45232e-04 7.35115e-04 7.24797e-04 7.14264e-04 7.03536e-04 6.92659e-04 6.81694e-04 6.70702e-04 6.59734e-04 6.48826e-04 6.38002e-04 6.27274e-04 6.16651e-04 6.06142e-04 5.95753e-04 5.85490e-04 5.75352e-04 5.65333e-04 5.55420e-04 5.45598e-04 5.35849e-04 5.26158e-04 5.16510e-04 5.06892e-04 4.97290e-04 4.87692e-04 4.78088e-04 4.68473e-04 4.58846e-04 4.49217e-04 4.39603e-04 4.30028e-04 4.20518e-04 4.11100e-04 4.01795e-04 3.92619e-04 3.83580e-04 3.74677e-04 3.65903e-04 3.57246e-04 3.48691e-04 3.40220e-04 3.31819e-04 3.23475e-04 3.15182e-04 3.06940e-04 2.98753e-04 2.90633e-04 2.82593e-04 2.74645e-04 2.66803e-04 2.59074e-04 2.51465e-04 2.43977e-04 2.36606e-04 2.29349e-04 2.22199e-04 2.15148e-04 2.08193e-04 2.01327e-04 1.94551e-04 1.87864e-04 1.81268e-04 1.74764e-04 1.68357e-04 1.62047e-04 1.55834e-04 1.49718e-04 1.43696e-04 1.37766e-04 1.31922e-04 1.26162e-04 1.20482e-04 1.14878e-04 1.09348e-04 1.03892e-04 9.85085e-05 9.32009e-05 8.79726e-05 8.28294e-05 7.77790e-05 7.28304e-05 6.79934e-05 6.32769e-05 5.86879e-05 5.42301e-05 4.99031e-05 4.57037e-05 4.16268e-05 3.76695e-05 3.38338e-05 3.01296e-05 2.65769e-05 2.32045e-05 2.00469e-05 1.71396e-05 1.45132e-05 1.21879e-05 1.01702e-05 8.45191e-06 7.01151e-06 5.81789e-06 4.83472e-06 4.02497e-06 3.35446e-06 2.79419e-06 2.32122e-06 1.91842e-06 1.57360e-06 1.27820e-06 1.02609e-06 8.12571e-07 6.33681e-07 4.85753e-07 3.65241e-07 2.68681e-07 1.92724e-07 1.34203e-07 9.01878e-08 5.80246e-08 3.53442e-08 2.00608e-08 1.03603e-08 4.68799e-09 1.74100e-09 4.66693e-10 6.63288e-11 1.70282e-12
2.902077 2.71795e-01 8.37084e-02 2.13367e-02 1.17791e-02 7.24838e-03 4.53951e-03 2.92216e-03 2.03485e-03 1.65209e-03 1.59328e-03 1.71205e-03 1.89940e-03 2.08434e-03 2.22823e-03 2.31611e-03 2.34835e-03 2.33384e-03 2.28490e-03 2.21386e-03 2.13099e-03 2.04363e-03 1.95630e-03 1.87140e-03 1.79011e-03 1.71316e-03 1.64114e-03 1.57465e-03 1.51412e-03 1.45962e-03 1.41087e-03 1.36727e-03 1.32805e-03 1.29246e-03 1.25988e-03 1.22987e-03 1.20216e-03 1.17658e-03 1.15302e-03 1.13137e-03 1.11151e-03 1.09326e-03 1.07645e-03 1.06090e-03 1.04641e-03 1.03282e-03 1.01999e-03 1.00780e-03 9.96134e-04 9.84906e-04 9.74014e-04 9.63342e-04 9.52764e-04 9.42141e-04 9.31343e-04 9.20262e-04 9.08835e-04 8.97050e-04 8.84952e-04 8.72630e-04 8.60201e-04 8.47785e-04 8.35488e-04 8.23389e-04 8.11535e-04 7.99947e-04 7.88625e-04 7.77553e-04 7.66704e-04 7.56038e-04 7.45501e-04 7.35030e-04 7.24553e-04 7.14006e-04 7.03335e-04 6.92510e-04 6.81522e-04 6.70388e-04 6.59137e-04 6.47809e-04 6.36442e-04 6.25074e-04 6.13740e-04 6.02472e-04 5.91298e-04 5.80240e-04 5.69316e-04 5.58534e-04 5.47895e-04 5.37390e-04 5.27007e-04 5.16731e-04 5.06546e-04 4.96437e-04 4.86389e-04 4.76389e-04 4.66427e-04 4.56493e-04 4.46584e-04 4.36699e-04 4.26846e-04 4.17036e-04 4.07286e-04 3.97615e-04 3.88040e-04 3.78577e-04 3.69239e-04 3.60030e-04 3.50954e-04 3.42007e-04 3.33181e-04 3.24467e-04 3.15854e-04 3.07333e-04 2.98899e-04 2.90547e-04 2.82280e-04 2.74099e-04 2.66014e-04 2.58030e-04 2.50156e-04 2.42398e-04 2.34759e-04 2.27242e-04 2.19846e-04 2.12567e-04 2.05403e-04 1.98350e-04 1.91403e-04 1.84559e-04 1.77817e-04 1.71176e-04 1.64633e-04 1.58191e-04 1.51846e-04 1.45600e-04 1.39450e-04 1.33394e-04 1.27427e-04 1.21548e-04 1.15753e-04 1.10037e-04 1.04399e-04 9.88383e-05 9.33542e-05 8.79494e-05 8.26285e-05 7.73978e-05 7.22659e-05 6.72420e-05 6.23357e-05 5.75556e-05 5.29085e-05 4.83987e-05 4.40291e-05 3.98018e-05 3.57208e-05 3.17945e-05 2.80374e-05 2.44712e-05 2.11234e-05 1.80247e-05 1.52044e-05 1.26857e-05 1.04814e-05 8.59110e-06 7.00126e-06 5.68660e-06 4.61372e-06 3.74530e-06 3.04412e-06 2.47628e-06 2.01312e-06 1.63192e-06 1.31559e-06 1.05176e-06 8.31557e-07 6.48495e-07 4.97573e-07 3.74631e-07 2.75981e-07 1.98224e-07 1.38195e-07 9.29661e-08 5.98669e-08 3.64969e-08 2.07314e-08 1.07146e-08 4.85162e-09 1.80285e-09 4.83507e-10 6.87423e-11 1.76513e-12
3.002149 2.58340e-01 7.76561e-02 1.99475e-02 1.19562e-02 7.50055e-03 4.63241e-03 2.91124e-03 2.00615e-03 1.64812e-03 1.62264e-03 1.76984e-03 1.97804e-03 2.17641e-03 2.32676e-03 2.41500e-03 2.44284e-03 2.42074e-03 2.36241e-03 2.28121e-03 2.18812e-03 2.09110e-03 1.99527e-03 1.90363e-03 1.81785e-03 1.73885e-03 1.66712e-03 1.60281e-03 1.54564e-03 1.49497e-03 1.44988e-03 1.40937e-03 1.37256e-03 1.33886e-03 1.30793e-03 1.27964e-03 1.25391e-03 1.23061e-03 1.20949e-03 1.19022e-03 1.17244e-03 1.15578e-03 1.13997e-03 1.12483e-03 1.11027e-03 1.09624e-03 1.08273e-03 1.06972e-03 1.05720e-03 1.04512e-03 1.03343e-03 1.02205e-03 1.01093e-03 1.00002e-03 9.89281e-04 9.78690e-04 9.68214e-04 9.57820e-04 9.47459e-04 9.37064e-04 9.26558e-04 9.15858e-04 9.04887e-04 8.93591e-04 8.81942e-04 8.69948e-04 8.57649e-04 8.45108e-04 8.32402e-04 8.19613e-04 8.06822e-04 7.94097e-04 7.81498e-04 7.69071e-04 7.56849e-04 7.44843e-04 7.33046e-04 7.21433e-04 7.09959e-04 6.98571e-04 6.87215e-04 6.75844e-04 6.64424e-04 6.52934e-04 6.41372e-04 6.29745e-04 6.18069e-04 6.06367e-04 5.94666e-04 5.82994e-04 5.71384e-04 5.59862e-04 5.48455e-04 5.37180e-04 5.26046e-04 5.15056e-04 5.04205e-04 4.93486e-04 4.82887e-04 4.72395e-04 4.61997e-04 4.51681e-04 4.41438e-04 4.31259e-04 4.21141e-04 4.11083e-04 4.01090e-04 3.91169e-04 3.81333e-04 3.71592e-04 3.61958e-04 3.52443e-04 3.43054e-04 3.33795e-04 3.24668e-04 3.15672e-04 3.06802e-04 2.98052e-04 2.89419e-04 2.80897e-04 2.72484e-04 2.64178e-04 2.55980e-04 2.47894e-04 2.39922e-04 2.32068e-04 2.24335e-04 2.16725e-04 2.09240e-04 2.01877e-04 1.94636e-04 1.87514e-04 1.80509e-04 1.73616e-04 1.66834e-04 1.60160e-04 1.53590e-04 1.47123e-04 1.40757e-04 1.34488e-04 1.28315e-04 1.22233e-04 1.16240e-04 1.10333e-04 1.04508e-04 9.87649e-05 9.31017e-05 8.75203e-05 8.20240e-05 7.66184e-05 7.13113e-05 6.61121e-05 6.10311e-05 5.60790e-05 5.12656e-05 4.65998e-05 4.20900e-05 3.77446e-05 3.35738e-05 2.95912e-05 2.58150e-05 2.22680e-05 1.89764e-05 1.59668e-05 1.32625e-05 1.08793e-05 8.82229e-06 7.08409e-06 5.64506e-06 4.47552e-06 3.53923e-06 2.79742e-06 2.21251e-06 1.75089e-06 1.38454e-06 1.09141e-06 8.55008e-07 6.63382e-07 5.07954e-07 3.82464e-07 2.82120e-07 2.03030e-07 1.41857e-07 9.56388e-08 6.17143e-08 3.76932e-08 2.14463e-08 1.11000e-08 5.03228e-09 1.87186e-09 5.02400e-10 7.14659e-11 1.83559e-12
3.102220 2.53281e-01 7.54042e-02 1.78556e-02 1.06381e-02 6.86381e-03 4.33499e-03 2.73110e-03 1.85809e-03 1.51897e-03 1.52070e-03 1.70184e-03 1.94438e-03 2.17318e-03 2.34835e-03 2.45553e-03 2.49665e-03 2.48242e-03 2.42682e-03 2.34364e-03 2.24464e-03 2.13894e-03 2.03316e-03 1.93178e-03 1.83765e-03 1.75233e-03 1.67637e-03 1.60953e-03 1.55099e-03 1.49962e-03 1.45423e-03 1.41377e-03 1.37752e-03 1.34503e-03 1.31604e-03 1.29037e-03 1.26773e-03 1.24773e-03 1.22986e-03 1.21365e-03 1.19865e-03 1.18459e-03 1.17130e-03 1.15868e-03 1.14670e-03 1.13526e-03 1.12426e-03 1.11353e-03 1.10291e-03 1.09228e-03 1.08152e-03 1.07060e-03 1.05952e-03 1.04830e-03 1.03698e-03 1.02559e-03 1.01415e-03 1.00269e-03 9.91200e-04 9.79684e-04 9.68148e-04 9.56598e-04 9.45045e-04 9.33496e-04 9.21950e-04 9.10390e-04 8.98787e-04 8.87099e-04 8.75280e-04 8.63284e-04 8.51078e-04 8.38646e-04 8.25990e-04 8.13130e-04 8.00103e-04 7.86953e-04 7.73733e-04 7.60495e-04 7.47295e-04 7.34183e-04 7.21204e-04 7.08393e-04 6.95773e-04 6.83346e-04 6.71100e-04 6.59012e-04 6.47048e-04 6.35172e-04 6.23355e-04 6.11571e-04 5.99804e-04 5.88045e-04 5.76294e-04 5.64558e-04 5.52847e-04 5.41180e-04 5.29577e-04 5.18059e-04 5.06648e-04 4.95358e-04 4.84203e-04 4.73189e-04 4.62316e-04 4.51582e-04 4.40981e-04 4.30505e-04 4.20146e-04 4.09894e-04 3.99742e-04 3.89686e-04 3.79722e-04 3.69852e-04 3.60078e-04 3.50405e-04 3.40841e-04 3.31391e-04 3.22064e-04 3.12864e-04 3.03796e-04 2.94861e-04 2.86059e-04 2.77390e-04 2.68851e-04 2.60440e-04 2.52155e-04 2.43994e-04 2.35955e-04 2.28039e-04 2.20246e-04 2.12577e-04 2.05032e-04 1.97612e-04 1.90317e-04 1.83146e-04 1.76097e-04 1.69168e-04 1.62358e-04 1.55662e-04 1.49078e-04 1.42601e-04 1.36230e-04 1.29959e-04 1.23786e-04 1.17708e-04 1.11719e-04 1.05819e-04 1.00003e-04 9.42705e-05 8.86209e-05 8.30556e-05 7.75777e-05 7.21930e-05 6.69094e-05 6.17366e-05 5.66860e-05 5.17698e-05 4.70005e-05 4.23908e-05 3.79533e-05 3.37015e-05 2.96504e-05 2.58177e-05 2.22236e-05 1.88907e-05 1.58420e-05 1.30981e-05 1.06741e-05 8.57628e-06 6.80003e-06 5.32937e-06 4.13796e-06 3.19185e-06 2.45296e-06 1.88277e-06 1.44552e-06 1.11024e-06 8.51844e-07 6.51085e-07 4.93837e-07 3.70043e-07 2.72600e-07 1.96391e-07 1.37563e-07 9.30425e-08 6.02437e-08 3.69155e-08 2.10659e-08 1.09309e-08 4.96609e-09 1.85032e-09 4.97230e-10 7.07883e-11 1.81899e-12
3.202292 2.46122e-01 7.97142e-02 2.04381e-02 1.11926e-02 6.65981e-03 4.03670e-03 2.52759e-03 1.74806e-03 1.46272e-03 1.48980e-03 1.68262e-03 1.93064e-03 2.16075e-03 2.33337e-03 2.43474e-03 2.46810e-03 2.44581e-03 2.38340e-03 2.29583e-03 2.19554e-03 2.09178e-03 1.99077e-03 1.89623e-03 1.80999e-03 1.73254e-03 1.66361e-03 1.60246e-03 1.54821e-03 1.49998e-03 1.45701e-03 1.41868e-03 1.38448e-03 1.35392e-03 1.32658e-03 1.30197e-03 1.27965e-03 1.25921e-03 1.24035e-03 1.22289e-03 1.20678e-03 1.19203e-03 1.17866e-03 1.16663e-03 1.15581e-03 1.14600e-03 1.13690e-03 1.12827e-03 1.11986e-03 1.11153e-03 1.10315e-03 1.09467e-03 1.08603e-03 1.07717e-03 1.06802e-03 1.05851e-03 1.04858e-03 1.03818e-03 1.02733e-03 1.01604e-03 1.00438e-03 9.92392e-04 9.80155e-04 9.67725e-04 9.55148e-04 9.42462e-04 9.29698e-04 9.16882e-04 9.04041e-04 8.91199e-04 8.78375e-04 8.65580e-04 8.52812e-04 8.40059e-04 8.27299e-04 8.14506e-04 8.01656e-04 7.88729e-04 7.75718e-04 7.62622e-04 7.49453e-04 7.36229e-04 7.22974e-04 7.09717e-04 6.96487e-04 6.83319e-04 6.70244e-04 6.57294e-04 6.44493e-04 6.31855e-04 6.19387e-04 6.07084e-04 5.94935e-04 5.82923e-04 5.71028e-04 5.59236e-04 5.47529e-04 5.35898e-04 5.24334e-04 5.12836e-04 5.01404e-04 4.90046e-04 4.78771e-04 4.67590e-04 4.56516e-04 4.45560e-04 4.34732e-04 4.24038e-04 4.13481e-04 4.03061e-04 3.92778e-04 3.82627e-04 3.72605e-04 3.62705e-04 3.52925e-04 3.43260e-04 3.33711e-04 3.24278e-04 3.14961e-04 3.05764e-04 2.96690e-04 2.87743e-04 2.78925e-04 2.70239e-04 2.61687e-04 2.53269e-04 2.44986e-04 2.36836e-04 2.28819e-04 2.20934e-04 2.13179e-04 2.05553e-04 1.98056e-04 1.90686e-04 1.83442e-04 1.76323e-04 1.69327e-04 1.62454e-04 1.55701e-04 1.49065e-04 1.42544e-04 1.36135e-04 1.29834e-04 1.23636e-04 1.17539e-04 1.11538e-04 1.05630e-04 9.98107e-05 9.40787e-05 8.84320e-05 8.28707e-05 7.73964e-05 7.20129e-05 6.67264e-05 6.15455e-05 5.64808e-05 5.15451e-05 4.67524e-05 4.21176e-05 3.76563e-05 3.33847e-05 2.93197e-05 2.54796e-05 2.18838e-05 1.85529e-05 1.55073e-05 1.27653e-05 1.03407e-05 8.23982e-06 6.45958e-06 4.98637e-06 3.79650e-06 2.85814e-06 2.13427e-06 1.58624e-06 1.17701e-06 8.73665e-07 6.48880e-07 4.81328e-07 3.55238e-07 2.59460e-07 1.86331e-07 1.30610e-07 8.86218e-08 5.76391e-08 3.54934e-08 2.03510e-08 1.06050e-08 4.83531e-09 1.80671e-09 4.86531e-10 6.93611e-11 1.78364e-12
3.302363 2.42762e-01 7.23437e-02 1.70449e-02 1.05242e-02 6.62397e-03 3.99776e-03 2.42054e-03 1.63555e-03 1.38571e-03 1.45506e-03 1.68101e-03 1.95036e-03 2.19233e-03 2.37034e-03 2.47308e-03 2.50552e-03 2.48113e-03 2.41603e-03 2.32536e-03 2.22152e-03 2.11370e-03 2.00813e-03 1.90871e-03 1.81758e-03 1.73566e-03 1.66308e-03 1.59946e-03 1.54415e-03 1.49634e-03 1.45519e-03 1.41983e-03 1.38944e-03 1.36325e-03 1.34055e-03 1.32070e-03 1.30317e-03 1.28745e-03 1.27317e-03 1.25996e-03 1.24756e-03 1.23572e-03 1.22424e-03 1.21298e-03 1.20183e-03 1.19076e-03 1.17977e-03 1.16896e-03 1.15842e-03 1.14826e-03 1.13854e-03 1.12927e-03 1.12039e-03 1.11179e-03 1.10332e-03 1.09484e-03 1.08622e-03 1.07736e-03 1.06818e-03 1.05863e-03 1.04864e-03 1.03820e-03 1.02725e-03 1.01578e-03 1.00378e-03 9.91293e-04 9.78354e-04 9.65034e-04 9.51410e-04 9.37559e-04 9.23551e-04 9.09446e-04 8.95291e-04 8.81126e-04 8.66981e-04 8.52884e-04 8.38856e-04 8.24913e-04 8.11063e-04 7.97304e-04 7.83629e-04 7.70022e-04 7.56468e-04 7.42953e-04 7.29467e-04 7.16005e-04 7.02569e-04 6.89165e-04 6.75801e-04 6.62489e-04 6.49243e-04 6.36079e-04 6.23014e-04 6.10066e-04 5.97251e-04 5.84580e-04 5.72062e-04 5.59700e-04 5.47492e-04 5.35433e-04 5.23516e-04 5.11733e-04 5.00076e-04 4.88536e-04 4.77107e-04 4.65785e-04 4.54568e-04 4.43457e-04 4.32454e-04 4.21564e-04 4.10793e-04 4.00148e-04 3.89632e-04 3.79252e-04 3.69009e-04 3.58905e-04 3.48941e-04 3.39115e-04 3.29426e-04 3.19871e-04 3.10450e-04 3.01161e-04 2.92003e-04 2.82977e-04 2.74082e-04 2.65320e-04 2.56693e-04 2.48200e-04 2.39844e-04 2.31625e-04 2.23544e-04 2.15600e-04 2.07793e-04 2.00122e-04 1.92586e-04 1.85184e-04 1.77914e-04 1.70775e-04 1.63763e-04 1.56877e-04 1.50114e-04 1.43473e-04 1.36949e-04 1.30540e-04 1.24242e-04 1.18052e-04 1.11966e-04 1.05981e-04 1.00092e-04 9.42966e-05 8.85929e-05 8.29797e-05 7.74576e-05 7.20291e-05 6.66992e-05 6.14752e-05 5.63672e-05 5.13875e-05 4.65505e-05 4.18724e-05 3.73703e-05 3.30626e-05 2.89680e-05 2.51060e-05 2.14964e-05 1.81591e-05 1.51133e-05 1.23756e-05 9.95827e-06 7.86670e-06 6.09768e-06 4.63807e-06 3.46499e-06 2.54726e-06 1.84810e-06 1.32843e-06 9.50140e-07 6.78848e-07 4.85662e-07 3.47858e-07 2.48640e-07 1.76267e-07 1.22894e-07 8.34123e-08 5.44675e-08 3.37391e-08 1.94718e-08 1.02106e-08 4.68105e-09 1.75687e-09 4.74682e-10 6.78210e-11 1.74611e-12
3.402435 2.42795e-01 7.44697e-02 1.66558e-02 9.23967e-03 5.68081e-03 3.50282e-03 2.18779e-03 1.51416e-03 1.30725e-03 1.39690e-03 1.63501e-03 1.91106e-03 2.15552e-03 2.33365e-03 2.43581e-03 2.46785e-03 2.44331e-03 2.37804e-03 2.28700e-03 2.18273e-03 2.07484e-03 1.97010e-03 1.87281e-03 1.78527e-03 1.70824e-03 1.64144e-03 1.58391e-03 1.53438e-03 1.49147e-03 1.45391e-03 1.42063e-03 1.39081e-03 1.36387e-03 1.33946e-03 1.31738e-03 1.29755e-03 1.27988e-03 1.26428e-03 1.25061e-03 1.23868e-03 1.22824e-03 1.21903e-03 1.21075e-03 1.20316e-03 1.19602e-03 1.18911e-03 1.18227e-03 1.17534e-03 1.16817e-03 1.16065e-03 1.15268e-03 1.14421e-03 1.13522e-03 1.12576e-03 1.11591e-03 1.10576e-03 1.09543e-03 1.08498e-03 1.07446e-03 1.06388e-03 1.05321e-03 1.04239e-03 1.03138e-03 1.02012e-03 1.00858e-03 9.96712e-04 9.84502e-04 9.71923e-04 9.58966e-04 9.45628e-04 9.31925e-04 9.17889e-04 9.03569e-04 8.89028e-04 8.74333e-04 8.59549e-04 8.44736e-04 8.29941e-04 8.15205e-04 8.00557e-04 7.86018e-04 7.71606e-04 7.57331e-04 7.43198e-04 7.29208e-04 7.15355e-04 7.01631e-04 6.88025e-04 6.74528e-04 6.61132e-04 6.47834e-04 6.34631e-04 6.21524e-04 6.08516e-04 5.95610e-04 5.82810e-04 5.70121e-04 5.57550e-04 5.45104e-04 5.32789e-04 5.20612e-04 5.08578e-04 4.96689e-04 4.84947e-04 4.73353e-04 4.61904e-04 4.50599e-04 4.39433e-04 4.28404e-04 4.17507e-04 4.06740e-04 3.96100e-04 3.85586e-04 3.75199e-04 3.64940e-04 3.54810e-04 3.44812e-04 3.34949e-04 3.25223e-04 3.15635e-04 3.06189e-04 2.96883e-04 2.87718e-04 2.78694e-04 2.69810e-04 2.61066e-04 2.52461e-04 2.43994e-04 2.35665e-04 2.27473e-04 2.19419e-04 2.11502e-04 2.03723e-04 1.96081e-04 1.88575e-04 1.81206e-04 1.73972e-04 1.66871e-04 1.59903e-04 1.53064e-04 1.46353e-04 1.39767e-04 1.33303e-04 1.26957e-04 1.20728e-04 1.14610e-04 1.08601e-04 1.02698e-04 9.68969e-05 9.11952e-05 8.55906e-05 8.00818e-05 7.46689e-05 6.93536e-05 6.41400e-05 5.90343e-05 5.40457e-05 4.91856e-05 4.44682e-05 3.99095e-05 3.55272e-05 3.13402e-05 2.73679e-05 2.36301e-05 2.01464e-05 1.69358e-05 1.40155e-05 1.14003e-05 9.09980e-06 7.11770e-06 5.44934e-06 4.08100e-06 2.98985e-06 2.14527e-06 1.51119e-06 1.04919e-06 7.21673e-07 4.94641e-07 3.39488e-07 2.33812e-07 1.61235e-07 1.10549e-07 7.45267e-08 4.87023e-08 3.03351e-08 1.76452e-08 9.33081e-09 4.31117e-09 1.62865e-09 4.42240e-10 6.33979e-11 1.63520e-12
3.502507 2.42861e-01 7.47752e-02 1.73902e-02 9.76533e-03 5.72717e-03 3.34426e-03 2.02518e-03 1.40918e-03 1.24693e-03 1.35404e-03 1.59171e-03 1.86036e-03 2.09671e-03 2.26853e-03 2.36691e-03 2.39764e-03 2.37402e-03 2.31151e-03 2.22467e-03 2.12554e-03 2.02320e-03 1.92389e-03 1.83140e-03 1.74766e-03 1.67325e-03 1.60798e-03 1.55120e-03 1.50215e-03 1.46002e-03 1.42408e-03 1.39360e-03 1.36786e-03 1.34613e-03 1.32765e-03 1.31167e-03 1.29750e-03 1.28452e-03 1.27227e-03 1.26041e-03 1.24879e-03 1.23736e-03 1.22617e-03 1.21535e-03 1.20501e-03 1.19524e-03 1.18610e-03 1.17760e-03 1.16968e-03 1.16227e-03 1.15526e-03 1.14854e-03 1.14200e-03 1.13551e-03 1.12895e-03 1.12220e-03 1.11511e-03 1.10754e-03 1.09939e-03 1.09055e-03 1.08097e-03 1.07065e-03 1.05963e-03 1.04799e-03 1.03584e-03 1.02329e-03 1.01044e-03 9.97358e-04 9.84107e-04 9.70716e-04 9.57202e-04 9.43570e-04 9.29819e-04 9.15942e-04 9.01934e-04 8.87785e-04 8.73492e-04 8.59055e-04 8.44484e-04 8.29802e-04 8.15040e-04 8.00238e-04 7.85437e-04 7.70679e-04 7.56000e-04 7.41428e-04 7.26985e-04 7.12686e-04 6.98542e-04 6.84556e-04 6.70733e-04 6.57070e-04 6.43564e-04 6.30209e-04 6.17000e-04 6.03930e-04 5.90996e-04 5.78194e-04 5.65523e-04 5.52983e-04 5.40571e-04 5.28288e-04 5.16134e-04 5.04108e-04 4.92210e-04 4.80442e-04 4.68805e-04 4.57302e-04 4.45936e-04 4.34708e-04 4.23621e-04 4.12676e-04 4.01876e-04 3.91219e-04 3.80706e-04 3.70335e-04 3.60104e-04 3.50011e-04 3.40056e-04 3.30236e-04 3.20551e-04 3.11001e-04 3.01586e-04 2.92308e-04 2.83167e-04 2.74165e-04 2.65303e-04 2.56583e-04 2.48004e-04 2.39567e-04 2.31271e-04 2.23117e-04 2.15104e-04 2.07230e-04 1.99495e-04 1.91898e-04 1.84439e-04 1.77115e-04 1.69927e-04 1.62874e-04 1.55953e-04 1.49165e-04 1.42506e-04 1.35975e-04 1.29569e-04 1.23287e-04 1.17124e-04 1.11077e-04 1.05145e-04 9.93227e-05 9.36081e-05 8.79985e-05 8.24917e-05 7.70866e-05 7.17830e-05 6.65826e-05 6.14884e-05 5.65062e-05 5.16440e-05 4.69125e-05 4.23248e-05 3.78966e-05 3.36450e-05 2.95890e-05 2.57480e-05 2.21419e-05 1.87899e-05 1.57105e-05 1.29198e-05 1.04308e-05 8.25177e-06 6.38448e-06 4.82290e-06 3.55224e-06 2.54909e-06 1.78264e-06 1.21690e-06 8.13780e-07 5.36171e-07 3.50679e-07 2.29460e-07 1.50994e-07 9.98701e-08 6.58607e-08 4.26592e-08 2.65981e-08 1.55803e-08 8.31878e-09 3.88206e-09 1.47957e-09 4.04565e-10 5.82740e-11 1.50698e-12
3.602578 2.42743e-01 7.03969e-02 1.43890e-02 8.43354e-03 5.23865e-03 3.13862e-03 1.88758e-03 1.29739e-03 1.16694e-03 1.30849e-03 1.57337e-03 1.85820e-03 2.10104e-03 2.27266e-03 2.36682e-03 2.39137e-03 2.36109e-03 2.29269e-03 2.20173e-03 2.10098e-03 1.99974e-03 1.90397e-03 1.81678e-03 1.73913e-03 1.67070e-03 1.61055e-03 1.55762e-03 1.51102e-03 1.47010e-03 1.43435e-03 1.40335e-03 1.37665e-03 1.35378e-03 1.33421e-03 1.31745e-03 1.30302e-03 1.29050e-03 1.27955e-03 1.26986e-03 1.26115e-03 1.25315e-03 1.24564e-03 1.23838e-03 1.23118e-03 1.22389e-03 1.21641e-03 1.20868e-03 1.20070e-03 1.19250e-03 1.18413e-03 1.17565e-03 1.16714e-03 1.15864e-03 1.15021e-03 1.14186e-03 1.13358e-03 1.12535e-03 1.11711e-03 1.10881e-03 1.10035e-03 1.09166e-03 1.08264e-03 1.07316e-03 1.06315e-03 1.05251e-03 1.04118e-03 1.02914e-03 1.01639e-03 1.00298e-03 9.89005e-04 9.74556e-04 9.59750e-04 9.44695e-04 9.29489e-04 9.14209e-04 8.98914e-04 8.83646e-04 8.68430e-04 8.53279e-04 8.38197e-04 8.23181e-04 8.08225e-04 7.93322e-04 7.78467e-04 7.63661e-04 7.48913e-04 7.34236e-04 7.19647e-04 7.05166e-04 6.90811e-04 6.76595e-04 6.62531e-04 6.48623e-04 6.34877e-04 6.21294e-04 6.07872e-04 5.94610e-04 5.81505e-04 5.68554e-04 5.55754e-04 5.43103e-04 5.30599e-04 5.18241e-04 5.06028e-04 4.93959e-04 4.82033e-04 4.70247e-04 4.58601e-04 4.47092e-04 4.35718e-04 4.24480e-04 4.13377e-04 4.02410e-04 3.91581e-04 3.80892e-04 3.70345e-04 3.59941e-04 3.49683e-04 3.39572e-04 3.29606e-04 3.19788e-04 3.10114e-04 3.00586e-04 2.91201e-04 2.81959e-04 2.72860e-04 2.63902e-04 2.55087e-04 2.46414e-04 2.37884e-04 2.29498e-04 2.21256e-04 2.13158e-04 2.05205e-04 1.97395e-04 1.89729e-04 1.82206e-04 1.74823e-04 1.67580e-04 1.60477e-04 1.53510e-04 1.46678e-04 1.39981e-04 1.33416e-04 1.26981e-04 1.20674e-04 1.14493e-04 1.08435e-04 1.02497e-04 9.66778e-05 9.09733e-05 8.53820e-05 7.99019e-05 7.45322e-05 6.92730e-05 6.41256e-05 5.90933e-05 5.41814e-05 4.93974e-05 4.47515e-05 4.02562e-05 3.59266e-05 3.17796e-05 2.78336e-05 2.41078e-05 2.06218e-05 1.73943e-05 1.44428e-05 1.17822e-05 9.42366e-06 7.37325e-06 5.63042e-06 4.18679e-06 3.02543e-06 2.12118e-06 1.44196e-06 9.51170e-07 6.10654e-07 3.83857e-07 2.38439e-07 1.47983e-07 9.25939e-08 5.84909e-08 3.69278e-08 2.28153e-08 1.34007e-08 7.22155e-09 3.40919e-09 1.31385e-09 3.62541e-10 5.25548e-11 1.36389e-12
3.702650 2.48270e-01 7.39456e-02 1.47566e-02 7.91483e-03 4.64891e-03 2.74367e-03 1.66963e-03 1.18028e-03 1.09251e-03 1.24688e-03 1.51116e-03 1.78911e-03 2.02222e-03 2.18400e-03 2.27060e-03 2.29147e-03 2.26193e-03 2.19825e-03 2.11474e-03 2.02260e-03 1.92965e-03 1.84073e-03 1.75847e-03 1.68401e-03 1.61769e-03 1.55946e-03 1.50906e-03 1.46609e-03 1.42992e-03 1.39967e-03 1.37427e-03 1.35261e-03 1.33367e-03 1.31663e-03 1.30098e-03 1.28647e-03 1.27306e-03 1.26078e-03 1.24967e-03 1.23970e-03 1.23077e-03 1.22271e-03 1.21532e-03 1.20839e-03 1.20175e-03 1.19527e-03 1.18886e-03 1.18246e-03 1.17604e-03 1.16955e-03 1.16296e-03 1.15620e-03 1.14921e-03 1.14195e-03 1.13436e-03 1.12642e-03 1.11813e-03 1.10948e-03 1.10050e-03 1.09123e-03 1.08168e-03 1.07187e-03 1.06180e-03 1.05147e-03 1.04086e-03 1.02994e-03 1.01870e-03 1.00709e-03 9.95080e-04 9.82652e-04 9.69778e-04 9.56444e-04 9.42650e-04 9.28414e-04 9.13774e-04 8.98787e-04 8.83525e-04 8.68071e-04 8.52507e-04 8.36914e-04 8.21358e-04 8.05893e-04 7.90560e-04 7.75384e-04 7.60379e-04 7.45551e-04 7.30897e-04 7.16409e-04 7.02077e-04 6.87893e-04 6.73847e-04 6.59937e-04 6.46161e-04 6.32522e-04 6.19024e-04 6.05671e-04 5.92466e-04 5.79410e-04 5.66504e-04 5.53747e-04 5.41137e-04 5.28674e-04 5.16354e-04 5.04178e-04 4.92144e-04 4.80252e-04 4.68502e-04 4.56894e-04 4.45429e-04 4.34107e-04 4.22926e-04 4.11887e-04 4.00987e-04 3.90225e-04 3.79600e-04 3.69111e-04 3.58757e-04 3.48540e-04 3.38459e-04 3.28517e-04 3.18715e-04 3.09055e-04 2.99538e-04 2.90165e-04 2.80938e-04 2.71857e-04 2.62921e-04 2.54131e-04 2.45486e-04 2.36984e-04 2.28627e-04 2.20412e-04 2.12341e-04 2.04412e-04 1.96626e-04 1.88982e-04 1.81481e-04 1.74121e-04 1.66902e-04 1.59824e-04 1.52885e-04 1.46083e-04 1.39418e-04 1.32888e-04 1.26491e-04 1.20226e-04 1.14089e-04 1.08080e-04 1.02196e-04 9.64360e-05 9.07970e-05 8.52775e-05 7.98760e-05 7.45914e-05 6.94231e-05 6.43716e-05 5.94385e-05 5.46271e-05 4.99424e-05 4.53915e-05 4.09838e-05 3.67311e-05 3.26473e-05 2.87482e-05 2.50511e-05 2.15739e-05 1.83348e-05 1.53510e-05 1.26383e-05 1.02094e-05 8.07317e-06 6.23300e-06 4.68560e-06 3.41997e-06 2.41701e-06 1.65001e-06 1.08625e-06 6.89492e-07 4.22934e-07 2.52238e-07 1.47872e-07 8.64850e-08 5.11518e-08 3.06947e-08 1.84256e-08 1.07293e-08 5.80961e-09 2.77351e-09 1.08241e-09 3.01984e-10 4.41257e-11 1.15027e-12
3.802722 2.46647e-01 7.22955e-02 1.47792e-02 8.09737e-03 4.65668e-03 2.64241e-03 1.56823e-03 1.11956e-03 1.06685e-03 1.23622e-03 1.49907e-03 1.76721e-03 1.98831e-03 2.13924e-03 2.21777e-03 2.23409e-03 2.20371e-03 2.14253e-03 2.06407e-03 1.97840e-03 1.89226e-03 1.80967e-03 1.73278e-03 1.66260e-03 1.59952e-03 1.54361e-03 1.49473e-03 1.45260e-03 1.41674e-03 1.38653e-03 1.36124e-03 1.34011e-03 1.32243e-03 1.30757e-03 1.29499e-03 1.28420e-03 1.27477e-03 1.26628e-03 1.25835e-03 1.25066e-03 1.24297e-03 1.23514e-03 1.22716e-03 1.21909e-03 1.21102e-03 1.20306e-03 1.19529e-03 1.18774e-03 1.18038e-03 1.17319e-03 1.16611e-03 1.15908e-03 1.15206e-03 1.14503e-03 1.13795e-03 1.13081e-03 1.12356e-03 1.11615e-03 1.10850e-03 1.10053e-03 1.09217e-03 1.08336e-03 1.07405e-03 1.06422e-03 1.05385e-03 1.04297e-03 1.03159e-03 1.01975e-03 1.00748e-03 9.94813e-04 9.81773e-04 9.68391e-04 9.54694e-04 9.40711e-04 9.26466e-04 9.11986e-04 8.97294e-04 8.82413e-04 8.67365e-04 8.52176e-04 8.36874e-04 8.21496e-04 8.06081e-04 7.90675e-04 7.75321e-04 7.60063e-04 7.44937e-04 7.29971e-04 7.15187e-04 7.00596e-04 6.86204e-04 6.72009e-04 6.58008e-04 6.44193e-04 6.30556e-04 6.17086e-04 6.03776e-04 5.90620e-04 5.77614e-04 5.64754e-04 5.52039e-04 5.39465e-04 5.27032e-04 5.14737e-04 5.02576e-04 4.90548e-04 4.78652e-04 4.66886e-04 4.55250e-04 4.43744e-04 4.32371e-04 4.21130e-04 4.10025e-04 3.99057e-04 3.88226e-04 3.77535e-04 3.66983e-04 3.56570e-04 3.46296e-04 3.36161e-04 3.26164e-04 3.16307e-04 3.06589e-04 2.97012e-04 2.87577e-04 2.78285e-04 2.69136e-04 2.60134e-04 2.51278e-04 2.42570e-04 2.34009e-04 2.25596e-04 2.17332e-04 2.09214e-04 2.01244e-04 1.93420e-04 1.85741e-04 1.78208e-04 1.70819e-04 1.63574e-04 1.56471e-04 1.49511e-04 1.42692e-04 1.36013e-04 1.29473e-04 1.23070e-04 1.16803e-04 1.10671e-04 1.04671e-04 9.88023e-05 9.30631e-05 8.74519e-05 8.19675e-05 7.66090e-05 7.13759e-05 6.62684e-05 6.12873e-05 5.64346e-05 5.17138e-05 4.71298e-05 4.26895e-05 3.84018e-05 3.42780e-05 3.03312e-05 2.65763e-05 2.30297e-05 1.97084e-05 1.66294e-05 1.38090e-05 1.12612e-05 8.99717e-06 7.02361e-06 5.34141e-06 3.94446e-06 2.81882e-06 1.94257e-06 1.28669e-06 8.16888e-07 4.96412e-07 2.89107e-07 1.62316e-07 8.89681e-08 4.85374e-08 2.68731e-08 1.51753e-08 8.55480e-09 4.59667e-09 2.20982e-09 8.73390e-10 2.46753e-10 3.64013e-11 9.54145e-13
3.902793 2.51231e-01 7.00846e-02 1.20450e-02 6.81775e-03 4.16620e-03 2.45989e-03 1.47137e-03 1.04723e-03 1.01132e-03 1.19631e-03 1.46958e-03 1.74093e-03 1.95929e-03 2.10423e-03 2.17606e-03 2.18671e-03 2.15254e-03 2.08960e-03 2.01118e-03 1.92702e-03 1.84362e-03 1.76489e-03 1.69293e-03 1.62858e-03 1.57187e-03 1.52232e-03 1.47916e-03 1.44153e-03 1.40862e-03 1.37970e-03 1.35424e-03 1.33183e-03 1.31222e-03 1.29524e-03 1.28074e-03 1.26854e-03 1.25838e-03 1.24993e-03 1.24283e-03 1.23666e-03 1.23106e-03 1.22574e-03 1.22048e-03 1.21512e-03 1.20957e-03 1.20374e-03 1.19757e-03 1.19103e-03 1.18408e-03 1.17673e-03 1.16902e-03 1.16100e-03 1.15276e-03 1.14441e-03 1.13601e-03 1.12764e-03 1.11932e-03 1.11107e-03 1.10287e-03 1.09467e-03 1.08641e-03 1.07804e-03 1.06947e-03 1.06062e-03 1.05142e-03 1.04178e-03 1.03165e-03 1.02098e-03 1.00973e-03 9.97898e-04 9.85486e-04 9.72528e-04 9.59071e-04 9.45173e-04 9.30898e-04 9.16309e-04 9.01471e-04 8.86441e-04 8.71272e-04 8.56014e-04 8.40707e-04 8.25391e-04 8.10095e-04 7.94846e-04 7.79664e-04 7.64568e-04 7.49571e-04 7.34690e-04 7.19938e-04 7.05331e-04 6.90883e-04 6.76604e-04 6.62505e-04 6.48590e-04 6.34859e-04 6.21312e-04 6.07943e-04 5.94747e-04 5.81718e-04 5.68847e-04 5.56130e-04 5.43560e-04 5.31134e-04 5.18846e-04 5.06695e-04 4.94676e-04 4.82789e-04 4.71030e-04 4.59396e-04 4.47886e-04 4.36499e-04 4.25232e-04 4.14086e-04 4.03063e-04 3.92163e-04 3.81388e-04 3.70742e-04 3.60227e-04 3.49846e-04 3.39600e-04 3.29492e-04 3.19524e-04 3.09695e-04 3.00009e-04 2.90465e-04 2.81063e-04 2.71806e-04 2.62693e-04 2.53726e-04 2.44906e-04 2.36233e-04 2.27708e-04 2.19331e-04 2.11105e-04 2.03027e-04 1.95100e-04 1.87322e-04 1.79693e-04 1.72213e-04 1.64880e-04 1.57694e-04 1.50654e-04 1.43759e-04 1.37008e-04 1.30400e-04 1.23934e-04 1.17608e-04 1.11422e-04 1.05374e-04 9.94629e-05 9.36882e-05 8.80484e-05 8.25427e-05 7.71705e-05 7.19315e-05 6.68257e-05 6.18540e-05 5.70178e-05 5.23197e-05 4.77633e-05 4.33536e-05 3.90975e-05 3.50035e-05 3.10821e-05 2.73456e-05 2.38078e-05 2.04837e-05 1.73890e-05 1.45389e-05 1.19477e-05 9.62725e-06 7.58610e-06 5.82788e-06 4.35012e-06 3.14312e-06 2.18941e-06 1.46401e-06 9.35737e-07 5.69466e-07 3.29093e-07 1.80605e-07 9.46426e-08 4.80463e-08 2.42194e-08 1.24418e-08 6.54301e-09 3.39925e-09 1.62478e-09 6.47612e-10 1.85223e-10 2.76088e-11 7.28184e-13
4.002865 2.53658e-01 7.47205e-02 1.39016e-02 6.97295e-03 3.85239e-03 2.17234e-03 1.30485e-03 9.63371e-04 9.63470e-04 1.15788e-03 1.42889e-03 1.69332e-03 1.90322e-03 2.04002e-03 2.10530e-03 2.11165e-03 2.07552e-03 2.01265e-03 1.93583e-03 1.85436e-03 1.77432e-03 1.69926e-03 1.63097e-03 1.57008e-03 1.51654e-03 1.46995e-03 1.42978e-03 1.39541e-03 1.36621e-03 1.34151e-03 1.32064e-03 1.30291e-03 1.28769e-03 1.27440e-03 1.26259e-03 1.25188e-03 1.24201e-03 1.23280e-03 1.22416e-03 1.21603e-03 1.20841e-03 1.20129e-03 1.19464e-03 1.18842e-03 1.18253e-03 1.17686e-03 1.17128e-03 1.16568e-03 1.15995e-03 1.15405e-03 1.14794e-03 1.14158e-03 1.13496e-03 1.12806e-03 1.12083e-03 1.11325e-03 1.10531e-03 1.09701e-03 1.08838e-03 1.07948e-03 1.07038e-03 1.06113e-03 1.05177e-03 1.04234e-03 1.03281e-03 1.02316e-03 1.01333e-03 1.00325e-03 9.92861e-04 9.82098e-04 9.70912e-04 9.59263e-04 9.47130e-04 9.34504e-04 9.21394e-04 9.07822e-04 8.93828e-04 8.79466e-04 8.64799e-04 8.49898e-04 8.34834e-04 8.19676e-04 8.04488e-04 7.89324e-04 7.74227e-04 7.59235e-04 7.44373e-04 7.29662e-04 7.15116e-04 7.00743e-04 6.86549e-04 6.72535e-04 6.58701e-04 6.45046e-04 6.31567e-04 6.18264e-04 6.05132e-04 5.92169e-04 5.79369e-04 5.66726e-04 5.54233e-04 5.41883e-04 5.29667e-04 5.17581e-04 5.05619e-04 4.93777e-04 4.82054e-04 4.70447e-04 4.58956e-04 4.47580e-04 4.36318e-04 4.25172e-04 4.14140e-04 4.03223e-04 3.92419e-04 3.81730e-04 3.71157e-04 3.60700e-04 3.50361e-04 3.40144e-04 3.30052e-04 3.20086e-04 3.10251e-04 3.00550e-04 2.90985e-04 2.81558e-04 2.72273e-04 2.63130e-04 2.54131e-04 2.45277e-04 2.36570e-04 2.28010e-04 2.19598e-04 2.11335e-04 2.03220e-04 1.95255e-04 1.87440e-04 1.79775e-04 1.72259e-04 1.64893e-04 1.57676e-04 1.50607e-04 1.43686e-04 1.36912e-04 1.30285e-04 1.23802e-04 1.17463e-04 1.11267e-04 1.05214e-04 9.93015e-05 9.35298e-05 8.78981e-05 8.24059e-05 7.70529e-05 7.18391e-05 6.67649e-05 6.18309e-05 5.70386e-05 5.23898e-05 4.78874e-05 4.35354e-05 3.93387e-05 3.53040e-05 3.14393e-05 2.77544e-05 2.42604e-05 2.09699e-05 1.78966e-05 1.50542e-05 1.24561e-05 1.01144e-05 8.03853e-06 6.23401e-06 4.70127e-06 3.43424e-06 2.41956e-06 1.63631e-06 1.05682e-06 6.48364e-07 3.75896e-07 2.05067e-07 1.05101e-07 5.08316e-08 2.35684e-08 1.07988e-08 5.05397e-09 2.41741e-09 1.11324e-09 4.41189e-10 1.27167e-10 1.91393e-11 5.08067e-13
4.102936 2.53851e-01 7.05166e-02 1.20341e-02 6.68201e-03 3.87785e-03 2.16547e-03 1.26315e-03 9.32648e-04 9.57119e-04 1.16560e-03 1.43627e-03 1.69104e-03 1.88792e-03 2.01233e-03 2.06799e-03 2.06843e-03 2.03030e-03 1.96906e-03 1.89681e-03 1.82178e-03 1.74887e-03 1.68051e-03 1.61763e-03 1.56040e-03 1.50868e-03 1.46232e-03 1.42117e-03 1.38507e-03 1.35381e-03 1.32710e-03 1.30455e-03 1.28575e-03 1.27026e-03 1.25760e-03 1.24732e-03 1.23895e-03 1.23202e-03 1.22611e-03 1.22084e-03 1.21589e-03 1.21101e-03 1.20602e-03 1.20079e-03 1.19523e-03 1.18932e-03 1.18304e-03 1.17641e-03 1.16948e-03 1.16231e-03 1.15495e-03 1.14749e-03 1.13997e-03 1.13244e-03 1.12494e-03 1.11746e-03 1.11000e-03 1.10254e-03 1.09504e-03 1.08746e-03 1.07973e-03 1.07180e-03 1.06360e-03 1.05508e-03 1.04620e-03 1.03693e-03 1.02727e-03 1.01722e-03 1.00681e-03 9.96056e-04 9.84992e-04 9.73631e-04 9.61979e-04 9.50034e-04 9.37783e-04 9.25216e-04 9.12321e-04 8.99093e-04 8.85538e-04 8.71670e-04 8.57512e-04 8.43098e-04 8.28470e-04 8.13675e-04 7.98769e-04 7.83806e-04 7.68845e-04 7.53937e-04 7.39131e-04 7.24465e-04 7.09970e-04 6.95665e-04 6.81561e-04 6.67663e-04 6.53969e-04 6.40474e-04 6.27173e-04 6.14055e-04 6.01114e-04 5.88339e-04 5.75724e-04 5.63261e-04 5.50942e-04 5.38761e-04 5.26710e-04 5.14782e-04 5.02969e-04 4.91265e-04 4.79665e-04 4.68163e-04 4.56758e-04 4.45447e-04 4.34232e-04 4.23113e-04 4.12093e-04 4.01174e-04 3.90359e-04 3.79650e-04 3.69050e-04 3.58561e-04 3.48186e-04 3.37927e-04 3.27787e-04 3.17768e-04 3.07874e-04 2.98107e-04 2.88471e-04 2.78969e-04 2.69605e-04 2.60381e-04 2.51300e-04 2.42365e-04 2.33577e-04 2.24938e-04 2.16450e-04 2.08113e-04 1.99929e-04 1.91898e-04 1.84020e-04 1.76296e-04 1.68726e-04 1.61308e-04 1.54045e-04 1.46934e-04 1.39975e-04 1.33169e-04 1.26514e-04 1.20010e-04 1.13655e-04 1.07450e-04 1.01394e-04 9.54860e-05 8.97257e-05 8.41129e-05 7.86478e-05 7.33306e-05 6.81619e-05 6.31427e-05 5.82742e-05 5.35583e-05 4.89975e-05 4.45950e-05 4.03548e-05 3.62822e-05 3.23833e-05 2.86661e-05 2.51396e-05 2.18141e-05 1.87014e-05 1.58135e-05 1.31629e-05 1.07613e-05 8.61841e-06 6.74120e-06 5.13214e-06 3.78801e-06 2.69869e-06 1.84660e-06 1.20693e-06 7.48965e-07 4.38430e-07 2.40495e-07 1.22859e-07 5.82247e-08 2.56555e-08 1.06730e-08 4.33818e-09 1.79043e-09 7.43446e-10 2.81221e-10 8.02108e-11 1.21099e-11 3.22916e-13
4.203008 2.56084e-01 7.19313e-02 1.15392e-02 5.91676e-03 3.39391e-03 1.94614e-03 1.17387e-03 8.87538e-04 9.26324e-04 1.14280e-03 1.41858e-03 1.67419e-03 1.86763e-03 1.98593e-03 2.03465e-03 2.02859e-03 1.98498e-03 1.91933e-03 1.84366e-03 1.76624e-03 1.69221e-03 1.62435e-03 1.56389e-03 1.51106e-03 1.46546e-03 1.42632e-03 1.39269e-03 1.36353e-03 1.33793e-03 1.31511e-03 1.29454e-03 1.27591e-03 1.25908e-03 1.24404e-03 1.23081e-03 1.21937e-03 1.20967e-03 1.20157e-03 1.19485e-03 1.18928e-03 1.18455e-03 1.18041e-03 1.17660e-03 1.17289e-03 1.16910e-03 1.16508e-03 1.16073e-03 1.15596e-03 1.15069e-03 1.14490e-03 1.13856e-03 1.13166e-03 1.12422e-03 1.11630e-03 1.10796e-03 1.09930e-03 1.09043e-03 1.08146e-03 1.07248e-03 1.06359e-03 1.05481e-03 1.04616e-03 1.03761e-03 1.02910e-03 1.02056e-03 1.01190e-03 1.00303e-03 9.93858e-04 9.84311e-04 9.74326e-04 9.63862e-04 9.52896e-04 9.41432e-04 9.29490e-04 9.17110e-04 9.04339e-04 8.91232e-04 8.77842e-04 8.64216e-04 8.50393e-04 8.36406e-04 8.22284e-04 8.08051e-04 7.93732e-04 7.79353e-04 7.64943e-04 7.50533e-04 7.36155e-04 7.21842e-04 7.07626e-04 6.93537e-04 6.79603e-04 6.65844e-04 6.52279e-04 6.38917e-04 6.25761e-04 6.12808e-04 6.00049e-04 5.87473e-04 5.75067e-04 5.62817e-04 5.50711e-04 5.38737e-04 5.26886e-04 5.15150e-04 5.03523e-04 4.91998e-04 4.80571e-04 4.69238e-04 4.57995e-04 4.46839e-04 4.35766e-04 4.24776e-04 4.13867e-04 4.03040e-04 3.92297e-04 3.81641e-04 3.71076e-04 3.60606e-04 3.50236e-04 3.39970e-04 3.29813e-04 3.19768e-04 3.09841e-04 3.00033e-04 2.90350e-04 2.80795e-04 2.71370e-04 2.62079e-04 2.52926e-04 2.43913e-04 2.35042e-04 2.26318e-04 2.17742e-04 2.09315e-04 2.01041e-04 1.92919e-04 1.84952e-04 1.77140e-04 1.69484e-04 1.61984e-04 1.54639e-04 1.47451e-04 1.40418e-04 1.33541e-04 1.26820e-04 1.20253e-04 1.13841e-04 1.07584e-04 1.01480e-04 9.55306e-05 8.97347e-05 8.40925e-05 7.86044e-05 7.32709e-05 6.80927e-05 6.30708e-05 5.82068e-05 5.35024e-05 4.89598e-05 4.45819e-05 4.03720e-05 3.63342e-05 3.24736e-05 2.87961e-05 2.53089e-05 2.20202e-05 1.89395e-05 1.60768e-05 1.34429e-05 1.10482e-05 8.90182e-06 7.01097e-06 5.37914e-06 4.00494e-06 2.88078e-06 1.99199e-06 1.31674e-06 8.26862e-07 4.89872e-07 2.71737e-07 1.39986e-07 6.64223e-08 2.88298e-08 1.14245e-08 4.17652e-09 1.45181e-09 4.96809e-10 1.62642e-10 4.31077e-11 6.33586e-12 1.67729e-13
4.303080 2.57609e-01 7.35049e-02 1.23251e-02 6.20197e-03 3.38483e-03 1.85639e-03 1.10334e-03 8.51167e-04 9.06696e-04 1.12275e-03 1.38999e-03 1.63589e-03 1.82166e-03 1.93515e-03 1.98167e-03 1.97526e-03 1.93222e-03 1.86729e-03 1.79203e-03 1.71463e-03 1.64038e-03 1.57232e-03 1.51187e-03 1.45930e-03 1.41418e-03 1.37568e-03 1.34285e-03 1.31479e-03 1.29075e-03 1.27014e-03 1.25252e-03 1.23750e-03 1.22474e-03 1.21389e-03 1.20459e-03 1.19647e-03 1.18918e-03 1.18246e-03 1.17607e-03 1.16989e-03 1.16386e-03 1.15797e-03 1.15224e-03 1.14668e-03 1.14130e-03 1.13608e-03 1.13094e-03 1.12584e-03 1.12069e-03 1.11542e-03 1.10997e-03 1.10430e-03 1.09835e-03 1.09210e-03 1.08550e-03 1.07854e-03 1.07118e-03 1.06343e-03 1.05528e-03 1.04676e-03 1.03791e-03 1.02880e-03 1.01950e-03 1.01009e-03 1.00061e-03 9.91138e-04 9.81677e-04 9.72225e-04 9.62749e-04 9.53194e-04 9.43491e-04 9.33563e-04 9.23338e-04 9.12753e-04 9.01760e-04 8.90329e-04 8.78451e-04 8.66134e-04 8.53405e-04 8.40307e-04 8.26894e-04 8.13229e-04 7.99379e-04 7.85409e-04 7.71380e-04 7.57344e-04 7.43342e-04 7.29408e-04 7.15567e-04 7.01836e-04 6.88231e-04 6.74762e-04 6.61439e-04 6.48271e-04 6.35265e-04 6.22427e-04 6.09762e-04 5.97272e-04 5.84956e-04 5.72812e-04 5.60831e-04 5.49005e-04 5.37320e-04 5.25763e-04 5.14320e-04 5.02979e-04 4.91729e-04 4.80562e-04 4.69472e-04 4.58454e-04 4.47506e-04 4.36628e-04 4.25819e-04 4.15080e-04 4.04411e-04 3.93814e-04 3.83290e-04 3.72842e-04 3.62473e-04 3.52186e-04 3.41984e-04 3.31874e-04 3.21860e-04 3.11948e-04 3.02142e-04 2.92449e-04 2.82872e-04 2.73417e-04 2.64087e-04 2.54887e-04 2.45821e-04 2.36891e-04 2.28100e-04 2.19452e-04 2.10949e-04 2.02594e-04 1.94388e-04 1.86334e-04 1.78434e-04 1.70688e-04 1.63099e-04 1.55666e-04 1.48390e-04 1.41273e-04 1.34313e-04 1.27512e-04 1.20870e-04 1.14386e-04 1.08060e-04 1.01894e-04 9.58859e-05 9.00373e-05 8.43482e-05 7.88192e-05 7.34512e-05 6.82450e-05 6.32019e-05 5.83235e-05 5.36115e-05 4.90680e-05 4.46956e-05 4.04971e-05 3.64760e-05 3.26362e-05 2.89824e-05 2.55202e-05 2.22559e-05 1.91970e-05 1.63517e-05 1.37289e-05 1.13375e-05 9.18601e-06 7.28122e-06 5.62730e-06 4.22424e-06 3.06656e-06 2.14219e-06 1.43201e-06 9.10347e-07 5.46536e-07 3.07477e-07 1.60707e-07 7.72880e-08 3.38441e-08 1.33475e-08 4.69481e-09 1.46532e-09 4.07219e-10 1.00795e-10 2.07028e-11 2.58617e-12 6.34444e-14
4.403151 2.56651e-01 7.10728e-02 1.10971e-02 5.86898e-03 3.32154e-03 1.82420e-03 1.06286e-03 8.17802e-04 8.91353e-04 1.12317e-03 1.39796e-03 1.64388e-03 1.82505e-03 1.93179e-03 1.97078e-03 1.95686e-03 1.90706e-03 1.83698e-03 1.75897e-03 1.68160e-03 1.60996e-03 1.54633e-03 1.49106e-03 1.44334e-03 1.40192e-03 1.36554e-03 1.33319e-03 1.30425e-03 1.27837e-03 1.25543e-03 1.23539e-03 1.21823e-03 1.20381e-03 1.19191e-03 1.18224e-03 1.17443e-03 1.16811e-03 1.16292e-03 1.15856e-03 1.15476e-03 1.15129e-03 1.14795e-03 1.14458e-03 1.14102e-03 1.13713e-03 1.13281e-03 1.12799e-03 1.12265e-03 1.11680e-03 1.11049e-03 1.10379e-03 1.09679e-03 1.08958e-03 1.08222e-03 1.07478e-03 1.06728e-03 1.05976e-03 1.05219e-03 1.04459e-03 1.03691e-03 1.02912e-03 1.02120e-03 1.01310e-03 1.00479e-03 9.96252e-04 9.87466e-04 9.78423e-04 9.69122e-04 9.59565e-04 9.49762e-04 9.39723e-04 9.29458e-04 9.18974e-04 9.08273e-04 8.97353e-04 8.86207e-04 8.74822e-04 8.63185e-04 8.51283e-04 8.39108e-04 8.26657e-04 8.13934e-04 8.00954e-04 7.87744e-04 7.74338e-04 7.60780e-04 7.47121e-04 7.33414e-04 7.19715e-04 7.06076e-04 6.92542e-04 6.79150e-04 6.65924e-04 6.52881e-04 6.40027e-04 6.27360e-04 6.14875e-04 6.02563e-04 5.90413e-04 5.78417e-04 5.66566e-04 5.54850e-04 5.43263e-04 5.31796e-04 5.20441e-04 5.09190e-04 4.98033e-04 4.86961e-04 4.75964e-04 4.65034e-04 4.54163e-04 4.43348e-04 4.32585e-04 4.21874e-04 4.11216e-04 4.00614e-04 3.90070e-04 3.79589e-04 3.69176e-04 3.58835e-04 3.48569e-04 3.38384e-04 3.28284e-04 3.18275e-04 3.08360e-04 2.98545e-04 2.88836e-04 2.79237e-04 2.69754e-04 2.60393e-04 2.51156e-04 2.42051e-04 2.33079e-04 2.24245e-04 2.15553e-04 2.07005e-04 1.98605e-04 1.90355e-04 1.82257e-04 1.74313e-04 1.66526e-04 1.58897e-04 1.51428e-04 1.44119e-04 1.36973e-04 1.29989e-04 1.23169e-04 1.16513e-04 1.10022e-04 1.03697e-04 9.75379e-05 9.15458e-05 8.57214e-05 8.00657e-05 7.45797e-05 6.92647e-05 6.41223e-05 5.91539e-05 5.43615e-05 4.97473e-05 4.53135e-05 4.10626e-05 3.69978e-05 3.31221e-05 2.94393e-05 2.59537e-05 2.26702e-05 1.95946e-05 1.67333e-05 1.40935e-05 1.16827e-05 9.50814e-06 7.57611e-06 5.89077e-06 4.45281e-06 3.25810e-06 2.29638e-06 1.55058e-06 9.96919e-07 6.06173e-07 3.45977e-07 1.83823e-07 9.00771e-08 4.02788e-08 1.62295e-08 5.79845e-09 1.79546e-09 4.64310e-10 9.37065e-11 1.28754e-11 8.84819e-13 1.12735e-14
4.503223 2.58801e-01 7.25784e-02 1.08156e-02 5.34349e-03 2.98312e-03 1.67525e-03 1.01369e-03 8.03232e-04 8.83198e-04 1.11372e-03 1.38621e-03 1.62954e-03 1.80716e-03 1.90903e-03 1.94200e-03 1.92154e-03 1.86546e-03 1.79003e-03 1.70792e-03 1.62770e-03 1.55430e-03 1.48983e-03 1.43458e-03 1.38787e-03 1.34856e-03 1.31544e-03 1.28736e-03 1.26334e-03 1.24256e-03 1.22438e-03 1.20826e-03 1.19381e-03 1.18072e-03 1.16879e-03 1.15789e-03 1.14797e-03 1.13905e-03 1.13116e-03 1.12433e-03 1.11855e-03 1.11374e-03 1.10975e-03 1.10639e-03 1.10342e-03 1.10061e-03 1.09776e-03 1.09470e-03 1.09130e-03 1.08748e-03 1.08317e-03 1.07832e-03 1.07292e-03 1.06693e-03 1.06036e-03 1.05322e-03 1.04558e-03 1.03750e-03 1.02908e-03 1.02044e-03 1.01168e-03 1.00291e-03 9.94213e-04 9.85640e-04 9.77211e-04 9.68913e-04 9.60711e-04 9.52548e-04 9.44352e-04 9.36049e-04 9.27562e-04 9.18820e-04 9.09761e-04 9.00334e-04 8.90508e-04 8.80267e-04 8.69616e-04 8.58578e-04 8.47189e-04 8.35498e-04 8.23556e-04 8.11412e-04 7.99108e-04 7.86680e-04 7.74151e-04 7.61536e-04 7.48846e-04 7.36089e-04 7.23276e-04 7.10420e-04 6.97541e-04 6.84664e-04 6.71819e-04 6.59038e-04 6.46354e-04 6.33797e-04 6.21392e-04 6.09156e-04 5.97101e-04 5.85227e-04 5.73528e-04 5.61992e-04 5.50603e-04 5.39345e-04 5.28199e-04 5.17151e-04 5.06189e-04 4.95303e-04 4.84485e-04 4.73729e-04 4.63031e-04 4.52387e-04 4.41793e-04 4.31248e-04 4.20748e-04 4.10292e-04 3.99881e-04 3.89516e-04 3.79199e-04 3.68935e-04 3.58728e-04 3.48584e-04 3.38508e-04 3.28506e-04 3.18584e-04 3.08748e-04 2.99002e-04 2.89351e-04 2.79801e-04 2.70356e-04 2.61022e-04 2.51803e-04 2.42704e-04 2.33729e-04 2.24883e-04 2.16171e-04 2.07595e-04 1.99160e-04 1.90870e-04 1.82727e-04 1.74734e-04 1.66894e-04 1.59209e-04 1.51682e-04 1.44315e-04 1.37109e-04 1.30066e-04 1.23188e-04 1.16476e-04 1.09932e-04 1.03557e-04 9.73525e-05 9.13193e-05 8.54590e-05 7.97730e-05 7.42627e-05 6.89296e-05 6.37756e-05 5.88024e-05 5.40119e-05 4.94062e-05 4.49875e-05 4.07582e-05 3.67206e-05 3.28775e-05 2.92316e-05 2.57862e-05 2.25449e-05 1.95119e-05 1.66918e-05 1.40902e-05 1.17127e-05 9.56514e-06 7.65280e-06 5.97926e-06 4.54533e-06 3.34765e-06 2.37736e-06 1.61923e-06 1.05149e-06 6.46785e-07 3.74201e-07 2.02074e-07 1.01010e-07 4.63051e-08 1.92533e-08 7.15371e-09 2.32008e-09 6.29543e-10 1.31603e-10 1.78753e-11 1.06470e-12 8.06812e-15
4.603295 2.56706e-01 7.32155e-02 1.19540e-02 5.93192e-03 3.14262e-03 1.67036e-03 9.85078e-04 7.87612e-04 8.76471e-04 1.10674e-03 1.37495e-03 1.61398e-03 1.78853e-03 1.88836e-03 1.91996e-03 1.89852e-03 1.84166e-03 1.76535e-03 1.68196e-03 1.59989e-03 1.52404e-03 1.45676e-03 1.39866e-03 1.34934e-03 1.30789e-03 1.27319e-03 1.24413e-03 1.21975e-03 1.19921e-03 1.18185e-03 1.16715e-03 1.15464e-03 1.14396e-03 1.13477e-03 1.12680e-03 1.11979e-03 1.11356e-03 1.10793e-03 1.10274e-03 1.09786e-03 1.09317e-03 1.08856e-03 1.08398e-03 1.07939e-03 1.07478e-03 1.07018e-03 1.06560e-03 1.06104e-03 1.05650e-03 1.05195e-03 1.04731e-03 1.04254e-03 1.03756e-03 1.03230e-03 1.02671e-03 1.02075e-03 1.01439e-03 1.00761e-03 1.00042e-03 9.92824e-04 9.84859e-04 9.76567e-04 9.68008e-04 9.59258e-04 9.50397e-04 9.41507e-04 9.32660e-04 9.23907e-04 9.15273e-04 9.06754e-04 8.98312e-04 8.89885e-04 8.81389e-04 8.72735e-04 8.63832e-04 8.54602e-04 8.44986e-04 8.34947e-04 8.24472e-04 8.13576e-04 8.02290e-04 7.90665e-04 7.78761e-04 7.66642e-04 7.54373e-04 7.42014e-04 7.29615e-04 7.17218e-04 7.04852e-04 6.92538e-04 6.80288e-04 6.68107e-04 6.55998e-04 6.43962e-04 6.32002e-04 6.20125e-04 6.08336e-04 5.96645e-04 5.85063e-04 5.73599e-04 5.62260e-04 5.51048e-04 5.39964e-04 5.29002e-04 5.18150e-04 5.07396e-04 4.96725e-04 4.86122e-04 4.75575e-04 4.65073e-04 4.54608e-04 4.44177e-04 4.33778e-04 4.23411e-04 4.13078e-04 4.02781e-04 3.92523e-04 3.82307e-04 3.72136e-04 3.62013e-04 3.51942e-04 3.41928e-04 3.31977e-04 3.22092e-04 3.12280e-04 3.02548e-04 2.92899e-04 2.83341e-04 2.73877e-04 2.64514e-04 2.55256e-04 2.46107e-04 2.37073e-04 2.28158e-04 2.19366e-04 2.10701e-04 2.02168e-04 1.93772e-04 1.85515e-04 1.77403e-04 1.69438e-04 1.61624e-04 1.53964e-04 1.46462e-04 1.39120e-04 1.31941e-04 1.24927e-04 1.18081e-04 1.11405e-04 1.04902e-04 9.85726e-05 9.24202e-05 8.64464e-05 8.06534e-05 7.50431e-05 6.96176e-05 6.43790e-05 5.93293e-05 5.44708e-05 4.98055e-05 4.53358e-05 4.10636e-05 3.69914e-05 3.31212e-05 2.94552e-05 2.59959e-05 2.27458e-05 1.97078e-05 1.68852e-05 1.42819e-05 1.19020e-05 9.75004e-06 7.83013e-06 6.14524e-06 4.69609e-06 3.47983e-06 2.48866e-06 1.70876e-06 1.11996e-06 6.96339e-07 4.07981e-07 2.23680e-07 1.13926e-07 5.34925e-08 2.29526e-08 8.89388e-09 3.05187e-09 8.94122e-10 2.08564e-10 3.38353e-11 2.85013e-12 4.67416e-14
4.703366 2.56990e-01 7.05995e-02 9.99276e-03 5.20790e-03 2.98383e-03 1.65282e-03 9.68488e-04 7.63449e-04 8.59916e-04 1.10350e-03 1.38145e-03 1.62402e-03 1.79717e-03 1.89270e-03 1.91857e-03 1.89083e-03 1.82757e-03 1.74528e-03 1.65688e-03 1.57132e-03 1.49384e-03 1.42677e-03 1.37033e-03 1.32349e-03 1.28465e-03 1.25211e-03 1.22440e-03 1.20037e-03 1.17923e-03 1.16047e-03 1.14379e-03 1.12903e-03 1.11608e-03 1.10489e-03 1.09539e-03 1.08746e-03 1.08097e-03 1.07571e-03 1.07146e-03 1.06796e-03 1.06496e-03 1.06224e-03 1.05959e-03 1.05687e-03 1.05394e-03 1.05073e-03 1.04717e-03 1.04322e-03 1.03883e-03 1.03401e-03 1.02875e-03 1.02308e-03 1.01704e-03 1.01069e-03 1.00411e-03 9.97348e-04 9.90475e-04 9.83530e-04 9.76535e-04 9.69492e-04 9.62389e-04 9.55201e-04 9.47904e-04 9.40473e-04 9.32895e-04 9.25163e-04 9.17282e-04 9.09264e-04 9.01122e-04 8.92873e-04 8.84526e-04 8.76086e-04 8.67548e-04 8.58898e-04 8.50113e-04 8.41163e-04 8.32014e-04 8.22633e-04 8.12988e-04 8.03056e-04 7.92824e-04 7.82289e-04 7.71462e-04 7.60364e-04 7.49025e-04 7.37481e-04 7.25776e-04 7.13951e-04 7.02052e-04 6.90120e-04 6.78195e-04 6.66314e-04 6.54506e-04 6.42793e-04 6.31192e-04 6.19709e-04 6.08344e-04 5.97092e-04 5.85944e-04 5.74889e-04 5.63916e-04 5.53017e-04 5.42185e-04 5.31418e-04 5.20713e-04 5.10069e-04 4.99485e-04 4.88960e-04 4.78489e-04 4.68067e-04 4.57688e-04 4.47345e-04 4.37033e-04 4.26748e-04 4.16487e-04 4.06253e-04 3.96046e-04 3.85872e-04 3.75734e-04 3.65638e-04 3.55590e-04 3.45595e-04 3.35657e-04 3.25781e-04 3.15973e-04 3.06236e-04 2.96576e-04 2.86997e-04 2.77504e-04 2.68102e-04 2.58796e-04 2.49591e-04 2.40491e-04 2.31502e-04 2.22627e-04 2.13871e-04 2.05240e-04 1.96736e-04 1.88365e-04 1.80131e-04 1.72038e-04 1.64091e-04 1.56294e-04 1.48651e-04 1.41166e-04 1.33843e-04 1.26685e-04 1.19697e-04 1.12880e-04 1.06239e-04 9.97771e-05 9.34962e-05 8.73998e-05 8.14906e-05 7.57713e-05 7.02446e-05 6.49131e-05 5.97793e-05 5.48456e-05 5.01144e-05 4.55877e-05 4.12679e-05 3.71568e-05 3.32562e-05 2.95679e-05 2.60936e-05 2.28348e-05 1.97934e-05 1.69713e-05 1.43710e-05 1.19952e-05 9.84685e-06 7.92879e-06 6.24303e-06 4.78974e-06 3.56604e-06 2.56460e-06 1.77251e-06 1.17076e-06 7.34615e-07 4.35166e-07 2.41825e-07 1.25279e-07 6.01306e-08 2.65605e-08 1.06976e-08 3.86456e-09 1.21249e-09 3.10417e-10 5.74365e-11 5.81326e-12 1.16929e-13
4.803438 2.56649e-01 7.38133e-02 1.14402e-02 5.42956e-03 2.85809e-03 1.53135e-03 9.10332e-04 7.38475e-04 8.42384e-04 1.08544e-03 1.36345e-03 1.60756e-03 1.78225e-03 1.87800e-03 1.90222e-03 1.87096e-03 1.80277e-03 1.71480e-03 1.62070e-03 1.52995e-03 1.44812e-03 1.37765e-03 1.31876e-03 1.27040e-03 1.23100e-03 1.19890e-03 1.17263e-03 1.15094e-03 1.13285e-03 1.11753e-03 1.10431e-03 1.09266e-03 1.08217e-03 1.07256e-03 1.06365e-03 1.05534e-03 1.04763e-03 1.04052e-03 1.03407e-03 1.02831e-03 1.02325e-03 1.01887e-03 1.01511e-03 1.01185e-03 1.00895e-03 1.00627e-03 1.00363e-03 1.00089e-03 9.97908e-04 9.94584e-04 9.90842e-04 9.86634e-04 9.81937e-04 9.76745e-04 9.71066e-04 9.64919e-04 9.58335e-04 9.51358e-04 9.44045e-04 9.36468e-04 9.28708e-04 9.20852e-04 9.12986e-04 9.05184e-04 8.97505e-04 8.89985e-04 8.82635e-04 8.75442e-04 8.68373e-04 8.61380e-04 8.54400e-04 8.47366e-04 8.40209e-04 8.32861e-04 8.25260e-04 8.17353e-04 8.09098e-04 8.00472e-04 7.91466e-04 7.82092e-04 7.72378e-04 7.62365e-04 7.52105e-04 7.41651e-04 7.31050e-04 7.20343e-04 7.09563e-04 6.98729e-04 6.87852e-04 6.76939e-04 6.65995e-04 6.55025e-04 6.44037e-04 6.33046e-04 6.22068e-04 6.11124e-04 6.00232e-04 5.89412e-04 5.78676e-04 5.68032e-04 5.57482e-04 5.47020e-04 5.36634e-04 5.26311e-04 5.16035e-04 5.05792e-04 4.95571e-04 4.85363e-04 4.75165e-04 4.64976e-04 4.54800e-04 4.44639e-04 4.34497e-04 4.24378e-04 4.14285e-04 4.04219e-04 3.94182e-04 3.84178e-04 3.74207e-04 3.64274e-04 3.54382e-04 3.44537e-04 3.34744e-04 3.25008e-04 3.15333e-04 3.05725e-04 2.96188e-04 2.86727e-04 2.77344e-04 2.68044e-04 2.58832e-04 2.49710e-04 2.40683e-04 2.31756e-04 2.22933e-04 2.14218e-04 2.05616e-04 1.97132e-04 1.88771e-04 1.80537e-04 1.72436e-04 1.64471e-04 1.56649e-04 1.48974e-04 1.41452e-04 1.34086e-04 1.26881e-04 1.19843e-04 1.12976e-04 1.06284e-04 9.97703e-05 9.34401e-05 8.72968e-05 8.13439e-05 7.55851e-05 7.00235e-05 6.46623e-05 5.95044e-05 5.45527e-05 4.98096e-05 4.52776e-05 4.09586e-05 3.68545e-05 3.29669e-05 2.92970e-05 2.58460e-05 2.26146e-05 1.96038e-05 1.68144e-05 1.42475e-05 1.19044e-05 9.78666e-06 7.89580e-06 6.23271e-06 4.79682e-06 3.58497e-06 2.59006e-06 1.79991e-06 1.19660e-06 7.56666e-07 4.52444e-07 2.54342e-07 1.33692e-07 6.53813e-08 2.95960e-08 1.23088e-08 4.63514e-09 1.53321e-09 4.19572e-10 8.43243e-11 9.37431e-12 2.04341e-13
4.903509 2.53871e-01 7.14146e-02 1.08679e-02 5.51203e-03 2.98377e-03 1.57561e-03 9.08906e-04 7.32291e-04 8.44240e-04 1.09278e-03 1.37161e-03 1.61407e-03 1.78621e-03 1.87897e-03 1.89991e-03 1.86544e-03 1.79456e-03 1.70465e-03 1.60925e-03 1.51747e-03 1.43442e-03 1.36220e-03 1.30090e-03 1.24960e-03 1.20692e-03 1.17149e-03 1.14208e-03 1.11768e-03 1.09745e-03 1.08068e-03 1.06677e-03 1.05519e-03 1.04550e-03 1.03730e-03 1.03028e-03 1.02418e-03 1.01878e-03 1.01392e-03 1.00945e-03 1.00524e-03 1.00120e-03 9.97225e-04 9.93267e-04 9.89286e-04 9.85266e-04 9.81210e-04 9.77125e-04 9.73020e-04 9.68895e-04 9.64737e-04 9.60523e-04 9.56217e-04 9.51778e-04 9.47159e-04 9.42314e-04 9.37201e-04 9.31790e-04 9.26056e-04 9.19991e-04 9.13598e-04 9.06892e-04 8.99900e-04 8.92663e-04 8.85232e-04 8.77666e-04 8.70033e-04 8.62402e-04 8.54842e-04 8.47413e-04 8.40161e-04 8.33113e-04 8.26268e-04 8.19599e-04 8.13048e-04 8.06535e-04 7.99958e-04 7.93209e-04 7.86180e-04 7.78774e-04 7.70921e-04 7.62580e-04 7.53743e-04 7.44439e-04 7.34722e-04 7.24669e-04 7.14368e-04 7.03909e-04 6.93375e-04 6.82834e-04 6.72336e-04 6.61913e-04 6.51577e-04 6.41324e-04 6.31140e-04 6.21002e-04 6.10891e-04 6.00785e-04 5.90672e-04 5.80545e-04 5.70404e-04 5.60255e-04 5.50109e-04 5.39973e-04 5.29858e-04 5.19768e-04 5.09705e-04 4.99666e-04 4.89643e-04 4.79629e-04 4.69616e-04 4.59595e-04 4.49564e-04 4.39522e-04 4.29471e-04 4.19417e-04 4.09369e-04 3.99335e-04 3.89324e-04 3.79343e-04 3.69398e-04 3.59496e-04 3.49641e-04 3.39837e-04 3.30088e-04 3.20397e-04 3.10768e-04 3.01205e-04 2.91712e-04 2.82291e-04 2.72948e-04 2.63685e-04 2.54505e-04 2.45412e-04 2.36409e-04 2.27500e-04 2.18691e-04 2.09983e-04 2.01384e-04 1.92897e-04 1.84529e-04 1.76284e-04 1.68168e-04 1.60187e-04 1.52347e-04 1.44654e-04 1.37113e-04 1.29731e-04 1.22514e-04 1.15467e-04 1.08595e-04 1.01905e-04 9.54007e-05 8.90879e-05 8.29711e-05 7.70547e-05 7.13429e-05 6.58396e-05 6.05484e-05 5.54725e-05 5.06148e-05 4.59781e-05 4.15645e-05 3.73759e-05 3.34137e-05 2.96791e-05 2.61726e-05 2.28946e-05 1.98452e-05 1.70243e-05 1.44319e-05 1.20682e-05 9.93326e-06 8.02744e-06 6.35048e-06 4.90099e-06 3.67531e-06 2.66626e-06 1.86196e-06 1.24505e-06 7.92744e-07 4.77929e-07 2.71362e-07 1.44412e-07 7.17372e-08 3.31297e-08 1.41354e-08 5.49653e-09 1.89077e-09 5.42032e-10 1.14841e-10 1.34662e-11 3.05665e-13
5.003581 2.53243e-01 7.09513e-02 1.03520e-02 5.18396e-03 2.85428e-03 1.53995e-03 8.90718e-04 7.08526e-04 8.19647e-04 1.07559e-03 1.36423e-03 1.61395e-03 1.78930e-03 1.88200e-03 1.90093e-03 1.86334e-03 1.78850e-03 1.69376e-03 1.59270e-03 1.49478e-03 1.40575e-03 1.32842e-03 1.26354e-03 1.21046e-03 1.16781e-03 1.13385e-03 1.10681e-03 1.08502e-03 1.06707e-03 1.05182e-03 1.03843e-03 1.02631e-03 1.01516e-03 1.00488e-03 9.95500e-04 9.87115e-04 9.79823e-04 9.73660e-04 9.68579e-04 9.64450e-04 9.61077e-04 9.58234e-04 9.55695e-04 9.53261e-04 9.50770e-04 9.48102e-04 9.45173e-04 9.41930e-04 9.38341e-04 9.34391e-04 9.30076e-04 9.25405e-04 9.20395e-04 9.15075e-04 9.09478e-04 9.03647e-04 8.97623e-04 8.91447e-04 8.85158e-04 8.78785e-04 8.72350e-04 8.65865e-04 8.59338e-04 8.52772e-04 8.46171e-04 8.39541e-04 8.32894e-04 8.26245e-04 8.19616e-04 8.13032e-04 8.06514e-04 8.00078e-04 7.93731e-04 7.87463e-04 7.81251e-04 7.75053e-04 7.68810e-04 7.62455e-04 7.55913e-04 7.49110e-04 7.41979e-04 7.34470e-04 7.26551e-04 7.18215e-04 7.09475e-04 7.00371e-04 6.90958e-04 6.81304e-04 6.71482e-04 6.61564e-04 6.51617e-04 6.41694e-04 6.31836e-04 6.22068e-04 6.12402e-04 6.02835e-04 5.93355e-04 5.83942e-04 5.74569e-04 5.65209e-04 5.55834e-04 5.46420e-04 5.36951e-04 5.27413e-04 5.17804e-04 5.08126e-04 4.98388e-04 4.88599e-04 4.78772e-04 4.68918e-04 4.59045e-04 4.49159e-04 4.39265e-04 4.29364e-04 4.19459e-04 4.09552e-04 3.99647e-04 3.89749e-04 3.79866e-04 3.70006e-04 3.60178e-04 3.50390e-04 3.40649e-04 3.30962e-04 3.21334e-04 3.11768e-04 3.02267e-04 2.92835e-04 2.83472e-04 2.74183e-04 2.64967e-04 2.55830e-04 2.46772e-04 2.37796e-04 2.28907e-04 2.20108e-04 2.11402e-04 2.02794e-04 1.94289e-04 1.85892e-04 1.77609e-04 1.69446e-04 1.61410e-04 1.53507e-04 1.45744e-04 1.38129e-04 1.30667e-04 1.23367e-04 1.16234e-04 1.09276e-04 1.02499e-04 9.59095e-05 8.95134e-05 8.33164e-05 7.73240e-05 7.15410e-05 6.59720e-05 6.06213e-05 5.54925e-05 5.05890e-05 4.59135e-05 4.14684e-05 3.72555e-05 3.32763e-05 2.95314e-05 2.60211e-05 2.27454e-05 1.97037e-05 1.68950e-05 1.43185e-05 1.19730e-05 9.85762e-06 7.97130e-06 6.31261e-06 4.87911e-06 3.66638e-06 2.66684e-06 1.86862e-06 1.25474e-06 8.03055e-07 4.87272e-07 2.78909e-07 1.49957e-07 7.54740e-08 3.54437e-08 1.54439e-08 6.16097e-09 2.18381e-09 6.47538e-10 1.42226e-10 1.72519e-11 4.01140e-13
5.103653 2.51966e-01 7.30499e-02 1.13801e-02 5.40119e-03 2.83151e-03 1.48956e-03 8.62654e-04 6.96919e-04 8.12033e-04 1.06570e-03 1.35129e-03 1.59942e-03 1.77470e-03 1.86811e-03 1.88754e-03 1.84948e-03 1.77283e-03 1.67498e-03 1.56997e-03 1.46781e-03 1.37472e-03 1.29376e-03 1.22572e-03 1.16988e-03 1.12476e-03 1.08861e-03 1.05971e-03 1.03653e-03 1.01782e-03 1.00254e-03 9.89893e-04 9.79274e-04 9.70213e-04 9.62356e-04 9.55423e-04 9.49188e-04 9.43463e-04 9.38094e-04 9.32970e-04 9.28024e-04 9.23238e-04 9.18636e-04 9.14264e-04 9.10173e-04 9.06394e-04 9.02924e-04 8.99718e-04 8.96690e-04 8.93728e-04 8.90708e-04 8.87511e-04 8.84035e-04 8.80207e-04 8.75983e-04 8.71345e-04 8.66297e-04 8.60860e-04 8.55066e-04 8.48957e-04 8.42579e-04 8.35987e-04 8.29242e-04 8.22407e-04 8.15548e-04 8.08730e-04 8.02010e-04 7.95442e-04 7.89064e-04 7.82904e-04 7.76975e-04 7.71276e-04 7.65792e-04 7.60496e-04 7.55343e-04 7.50280e-04 7.45239e-04 7.40145e-04 7.34915e-04 7.29467e-04 7.23723e-04 7.17618e-04 7.11106e-04 7.04159e-04 6.96780e-04 6.88992e-04 6.80841e-04 6.72388e-04 6.63704e-04 6.54858e-04 6.45915e-04 6.36929e-04 6.27941e-04 6.18975e-04 6.10045e-04 6.01157e-04 5.92306e-04 5.83487e-04 5.74692e-04 5.65912e-04 5.57136e-04 5.48355e-04 5.39554e-04 5.30721e-04 5.21840e-04 5.12894e-04 5.03868e-04 4.94749e-04 4.85528e-04 4.76201e-04 4.66771e-04 4.57248e-04 4.47645e-04 4.37979e-04 4.28268e-04 4.18529e-04 4.08777e-04 3.99023e-04 3.89279e-04 3.79551e-04 3.69845e-04 3.60166e-04 3.50521e-04 3.40913e-04 3.31350e-04 3.21835e-04 3.12374e-04 3.02972e-04 2.93633e-04 2.84359e-04 2.75152e-04 2.66015e-04 2.56949e-04 2.47955e-04 2.39036e-04 2.30194e-04 2.21431e-04 2.12752e-04 2.04160e-04 1.95660e-04 1.87258e-04 1.78958e-04 1.70768e-04 1.62694e-04 1.54744e-04 1.46926e-04 1.39247e-04 1.31716e-04 1.24341e-04 1.17129e-04 1.10090e-04 1.03230e-04 9.65570e-05 9.00786e-05 8.38012e-05 7.77313e-05 7.18746e-05 6.62365e-05 6.08218e-05 5.56349e-05 5.06794e-05 4.59584e-05 4.14745e-05 3.72295e-05 3.32248e-05 2.94610e-05 2.59382e-05 2.26558e-05 1.96129e-05 1.68079e-05 1.42390e-05 1.19044e-05 9.80183e-06 7.92924e-06 6.28405e-06 4.86278e-06 3.66020e-06 2.66824e-06 1.87489e-06 1.26341e-06 8.12150e-07 4.95455e-07 2.85494e-07 1.54784e-07 7.87256e-08 3.74605e-08 1.65893e-08 6.74682e-09 2.44476e-09 7.42580e-10 1.67180e-10 2.07343e-11 4.89486e-13
5.203724 2.48665e-01 7.03885e-02 1.09045e-02 5.58986e-03 3.00415e-03 1.54748e-03 8.60338e-04 6.84120e-04 8.07014e-04 1.06954e-03 1.36103e-03 1.61295e-03 1.79081e-03 1.88537e-03 1.90398e-03 1.86289e-03 1.78138e-03 1.67768e-03 1.56668e-03 1.45904e-03 1.36132e-03 1.27666e-03 1.20574e-03 1.14773e-03 1.10095e-03 1.06349e-03 1.03343e-03 1.00911e-03 9.89141e-04 9.72488e-04 9.58398e-04 9.46362e-04 9.36041e-04 9.27200e-04 9.19649e-04 9.13213e-04 9.07719e-04 9.02991e-04 8.98863e-04 8.95180e-04 8.91808e-04 8.88633e-04 8.85556e-04 8.82494e-04 8.79375e-04 8.76135e-04 8.72725e-04 8.69110e-04 8.65272e-04 8.61212e-04 8.56948e-04 8.52508e-04 8.47925e-04 8.43227e-04 8.38430e-04 8.33536e-04 8.28533e-04 8.23398e-04 8.18102e-04 8.12622e-04 8.06939e-04 8.01051e-04 7.94970e-04 7.88724e-04 7.82355e-04 7.75916e-04 7.69468e-04 7.63075e-04 7.56803e-04 7.50714e-04 7.44862e-04 7.39292e-04 7.34030e-04 7.29083e-04 7.24433e-04 7.20038e-04 7.15827e-04 7.11707e-04 7.07567e-04 7.03283e-04 6.98732e-04 6.93801e-04 6.88398e-04 6.82464e-04 6.75973e-04 6.68941e-04 6.61416e-04 6.53479e-04 6.45228e-04 6.36771e-04 6.28213e-04 6.19644e-04 6.11136e-04 6.02736e-04 5.94465e-04 5.86318e-04 5.78274e-04 5.70297e-04 5.62344e-04 5.54371e-04 5.46340e-04 5.38218e-04 5.29985e-04 5.21628e-04 5.13146e-04 5.04538e-04 4.95810e-04 4.86967e-04 4.78013e-04 4.68952e-04 4.59788e-04 4.50521e-04 4.41159e-04 4.31708e-04 4.22181e-04 4.12590e-04 4.02954e-04 3.93290e-04 3.83616e-04 3.73949e-04 3.64301e-04 3.54683e-04 3.45103e-04 3.35567e-04 3.26078e-04 3.16639e-04 3.07252e-04 2.97920e-04 2.88645e-04 2.79428e-04 2.70272e-04 2.61179e-04 2.52150e-04 2.43187e-04 2.34292e-04 2.25467e-04 2.16716e-04 2.08043e-04 1.99450e-04 1.90945e-04 1.82533e-04 1.74220e-04 1.66014e-04 1.57923e-04 1.49957e-04 1.42123e-04 1.34431e-04 1.26891e-04 1.19512e-04 1.12304e-04 1.05275e-04 9.84357e-05 9.17932e-05 8.53560e-05 7.91314e-05 7.31264e-05 6.73470e-05 6.17990e-05 5.64872e-05 5.14157e-05 4.65879e-05 4.20067e-05 3.76740e-05 3.35911e-05 2.97586e-05 2.61763e-05 2.28434e-05 1.97585e-05 1.69195e-05 1.43239e-05 1.19690e-05 9.85169e-06 7.96883e-06 6.31669e-06 4.89073e-06 3.68475e-06 2.68994e-06 1.89381e-06 1.27940e-06 8.25100e-07 5.05417e-07 2.92736e-07 1.59743e-07 8.19140e-08 3.93776e-08 1.76572e-08 7.28731e-09 2.68456e-09 8.29955e-10 1.90186e-10 2.39555e-11 5.71397e-13
5.303796 2.47829e-01 7.07690e-02 1.05186e-02 5.11210e-03 2.79200e-03 1.50265e-03 8.63209e-04 6.83641e-04 7.97827e-04 1.05912e-03 1.35469e-03 1.61153e-03 1.79262e-03 1.88815e-03 1.90589e-03 1.86277e-03 1.77855e-03 1.67162e-03 1.55685e-03 1.44486e-03 1.34225e-03 1.25246e-03 1.17655e-03 1.11411e-03 1.06381e-03 1.02391e-03 9.92560e-04 9.67986e-04 9.48620e-04 9.33153e-04 9.20535e-04 9.09957e-04 9.00813e-04 8.92672e-04 8.85247e-04 8.78370e-04 8.71966e-04 8.66021e-04 8.60555e-04 8.55598e-04 8.51162e-04 8.47232e-04 8.43760e-04 8.40665e-04 8.37844e-04 8.35182e-04 8.32561e-04 8.29873e-04 8.27025e-04 8.23944e-04 8.20575e-04 8.16879e-04 8.12835e-04 8.08431e-04 8.03670e-04 7.98567e-04 7.93151e-04 7.87467e-04 7.81569e-04 7.75521e-04 7.69392e-04 7.63242e-04 7.57128e-04 7.51088e-04 7.45148e-04 7.39324e-04 7.33618e-04 7.28035e-04 7.22577e-04 7.17254e-04 7.12086e-04 7.07094e-04 7.02306e-04 6.97743e-04 6.93421e-04 6.89337e-04 6.85470e-04 6.81776e-04 6.78189e-04 6.74622e-04 6.70975e-04 6.67139e-04 6.63008e-04 6.58488e-04 6.53504e-04 6.48008e-04 6.41985e-04 6.35453e-04 6.28460e-04 6.21081e-04 6.13406e-04 6.05537e-04 5.97570e-04 5.89593e-04 5.81674e-04 5.73862e-04 5.66181e-04 5.58631e-04 5.51196e-04 5.43839e-04 5.36516e-04 5.29178e-04 5.21772e-04 5.14253e-04 5.06582e-04 4.98729e-04 4.90679e-04 4.82427e-04 4.73980e-04 4.65353e-04 4.56565e-04 4.47639e-04 4.38597e-04 4.29458e-04 4.20239e-04 4.10953e-04 4.01613e-04 3.92229e-04 3.82813e-04 3.73377e-04 3.63933e-04 3.54493e-04 3.45071e-04 3.35676e-04 3.26318e-04 3.17003e-04 3.07737e-04 2.98521e-04 2.89358e-04 2.80247e-04 2.71189e-04 2.62184e-04 2.53233e-04 2.44336e-04 2.35496e-04 2.26715e-04 2.17995e-04 2.09340e-04 2.00755e-04 1.92245e-04 1.83817e-04 1.75477e-04 1.67233e-04 1.59095e-04 1.51071e-04 1.43173e-04 1.35410e-04 1.27793e-04 1.20333e-04 1.13041e-04 1.05927e-04 9.90017e-05 9.22748e-05 8.57553e-05 7.94519e-05 7.33723e-05 6.75236e-05 6.19117e-05 5.65423e-05 5.14196e-05 4.65474e-05 4.19286e-05 3.75650e-05 3.34579e-05 2.96077e-05 2.60140e-05 2.26755e-05 1.95905e-05 1.67563e-05 1.41701e-05 1.18282e-05 9.72688e-06 7.86184e-06 6.22840e-06 4.82093e-06 3.63226e-06 2.65272e-06 1.86925e-06 1.26462e-06 8.17291e-07 5.02106e-07 2.91974e-07 1.60165e-07 8.26913e-08 4.00932e-08 1.81650e-08 7.58643e-09 2.83108e-09 8.87028e-10 2.05916e-10 2.62250e-11 6.30067e-13
5.403867 2.44353e-01 7.16757e-02 1.19744e-02 5.83999e-03 3.01839e-03 1.53642e-03 8.56936e-04 6.77127e-04 7.91564e-04 1.05021e-03 1.34420e-03 1.60202e-03 1.78576e-03 1.88420e-03 1.90411e-03 1.86186e-03 1.77696e-03 1.66781e-03 1.54952e-03 1.43314e-03 1.32586e-03 1.23158e-03 1.15168e-03 1.08584e-03 1.03268e-03 9.90315e-04 9.56772e-04 9.30227e-04 9.09129e-04 8.92231e-04 8.78564e-04 8.67386e-04 8.58130e-04 8.50362e-04 8.43745e-04 8.38014e-04 8.32958e-04 8.28400e-04 8.24199e-04 8.20237e-04 8.16422e-04 8.12690e-04 8.08995e-04 8.05314e-04 8.01638e-04 7.97971e-04 7.94318e-04 7.90686e-04 7.87074e-04 7.83475e-04 7.79867e-04 7.76218e-04 7.72488e-04 7.68630e-04 7.64596e-04 7.60347e-04 7.55846e-04 7.51074e-04 7.46022e-04 7.40696e-04 7.35117e-04 7.29318e-04 7.23344e-04 7.17251e-04 7.11103e-04 7.04968e-04 6.98920e-04 6.93029e-04 6.87363e-04 6.81981e-04 6.76928e-04 6.72238e-04 6.67925e-04 6.63989e-04 6.60410e-04 6.57152e-04 6.54165e-04 6.51384e-04 6.48732e-04 6.46119e-04 6.43451e-04 6.40627e-04 6.37548e-04 6.34122e-04 6.30273e-04 6.25945e-04 6.21109e-04 6.15765e-04 6.09941e-04 6.03691e-04 5.97091e-04 5.90224e-04 5.83178e-04 5.76035e-04 5.68863e-04 5.61715e-04 5.54623e-04 5.47602e-04 5.40649e-04 5.33750e-04 5.26880e-04 5.20008e-04 5.13102e-04 5.06127e-04 4.99052e-04 4.91846e-04 4.84483e-04 4.76942e-04 4.69207e-04 4.61268e-04 4.53124e-04 4.44781e-04 4.36254e-04 4.27562e-04 4.18730e-04 4.09785e-04 4.00752e-04 3.91655e-04 3.82515e-04 3.73348e-04 3.64167e-04 3.54981e-04 3.45799e-04 3.36627e-04 3.27473e-04 3.18341e-04 3.09238e-04 3.00168e-04 2.91135e-04 2.82143e-04 2.73192e-04 2.64284e-04 2.55418e-04 2.46596e-04 2.37816e-04 2.29080e-04 2.20392e-04 2.11753e-04 2.03167e-04 1.94642e-04 1.86182e-04 1.77796e-04 1.69493e-04 1.61283e-04 1.53175e-04 1.45182e-04 1.37316e-04 1.29588e-04 1.22011e-04 1.14597e-04 1.07360e-04 1.00310e-04 9.34586e-05 8.68169e-05 8.03947e-05 7.42008e-05 6.82432e-05 6.25289e-05 5.70639e-05 5.18533e-05 4.69009e-05 4.22098e-05 3.77821e-05 3.36188e-05 2.97202e-05 2.60856e-05 2.27137e-05 1.96022e-05 1.67481e-05 1.41480e-05 1.17976e-05 9.69242e-06 7.82741e-06 6.19690e-06 4.79427e-06 3.61137e-06 2.63769e-06 1.85948e-06 1.25910e-06 8.14820e-07 5.01555e-07 2.92423e-07 1.60973e-07 8.34877e-08 4.07138e-08 1.85769e-08 7.82261e-09 2.94592e-09 9.31837e-10 2.18328e-10 2.80246e-11 6.76735e-13
5.503939 2.42317e-01 6.92588e-02 1.07054e-02 5.46363e-03 3.00352e-03 1.57015e-03 8.57907e-04 6.59550e-04 7.77330e-04 1.04712e-03 1.35088e-03 1.61517e-03 1.80295e-03 1.90369e-03 1.92400e-03 1.87992e-03 1.79092e-03 1.67590e-03 1.55086e-03 1.42782e-03 1.31472e-03 1.21585e-03 1.13269e-03 1.06472e-03 1.01025e-03 9.67082e-04 9.32939e-04 9.05778e-04 8.83902e-04 8.66000e-04 8.51107e-04 8.38544e-04 8.27847e-04 8.18693e-04 8.10850e-04 8.04127e-04 7.98360e-04 7.93393e-04 7.89080e-04 7.85286e-04 7.81889e-04 7.78781e-04 7.75869e-04 7.73070e-04 7.70309e-04 7.67519e-04 7.64639e-04 7.61614e-04 7.58395e-04 7.54943e-04 7.51232e-04 7.47248e-04 7.42993e-04 7.38486e-04 7.33757e-04 7.28847e-04 7.23800e-04 7.18658e-04 7.13458e-04 7.08225e-04 7.02973e-04 6.97708e-04 6.92428e-04 6.87125e-04 6.81798e-04 6.76447e-04 6.71087e-04 6.65741e-04 6.60447e-04 6.55255e-04 6.50224e-04 6.45416e-04 6.40895e-04 6.36717e-04 6.32931e-04 6.29564e-04 6.26625e-04 6.24095e-04 6.21928e-04 6.20047e-04 6.18346e-04 6.16700e-04 6.14968e-04 6.13004e-04 6.10674e-04 6.07860e-04 6.04477e-04 6.00479e-04 5.95859e-04 5.90652e-04 5.84925e-04 5.78774e-04 5.72309e-04 5.65644e-04 5.58886e-04 5.52124e-04 5.45425e-04 5.38827e-04 5.32344e-04 5.25962e-04 5.19647e-04 5.13354e-04 5.07031e-04 5.00625e-04 4.94092e-04 4.87395e-04 4.80511e-04 4.73425e-04 4.66134e-04 4.58639e-04 4.50947e-04 4.43068e-04 4.35011e-04 4.26789e-04 4.18412e-04 4.09895e-04 4.01254e-04 3.92507e-04 3.83674e-04 3.74775e-04 3.65830e-04 3.56859e-04 3.47875e-04 3.38892e-04 3.29918e-04 3.20959e-04 3.12018e-04 3.03097e-04 2.94198e-04 2.85322e-04 2.76470e-04 2.67643e-04 2.58842e-04 2.50067e-04 2.41320e-04 2.32602e-04 2.23915e-04 2.15261e-04 2.06644e-04 1.98070e-04 1.89545e-04 1.81078e-04 1.72677e-04 1.64355e-04 1.56122e-04 1.47991e-04 1.39977e-04 1.32094e-04 1.24355e-04 1.16776e-04 1.09370e-04 1.02152e-04 9.51336e-05 8.83282e-05 8.17470e-05 7.54003e-05 6.92971e-05 6.34456e-05 5.78524e-05 5.25230e-05 4.74619e-05 4.26721e-05 3.81557e-05 3.39138e-05 2.99464e-05 2.62524e-05 2.28302e-05 1.96771e-05 1.67896e-05 1.41636e-05 1.17944e-05 9.67660e-06 7.80439e-06 6.17112e-06 4.76913e-06 3.58920e-06 2.61977e-06 1.84620e-06 1.25014e-06 8.09413e-07 4.98750e-07 2.91294e-07 1.60767e-07 8.36792e-08 4.09977e-08 1.88135e-08 7.97416e-09 3.02416e-09 9.63435e-10 2.27262e-10 2.93358e-11 7.10953e-13
5.604011 2.39745e-01 7.04526e-02 1.15407e-02 5.61122e-03 2.96749e-03 1.53785e-03 8.50323e-04 6.55332e-04 7.66152e-04 1.03187e-03 1.33766e-03 1.60746e-03 1.80085e-03 1.90540e-03 1.92730e-03 1.88295e-03 1.79242e-03 1.67509e-03 1.54718e-03 1.42072e-03 1.30358e-03 1.20006e-03 1.11179e-03 1.03859e-03 9.79187e-04 9.31816e-04 8.94556e-04 8.65559e-04 8.43159e-04 8.25901e-04 8.12542e-04 8.02038e-04 7.93528e-04 7.86328e-04 7.79922e-04 7.73954e-04 7.68218e-04 7.62631e-04 7.57204e-04 7.52000e-04 7.47102e-04 7.42580e-04 7.38469e-04 7.34767e-04 7.31432e-04 7.28390e-04 7.25550e-04 7.22814e-04 7.20086e-04 7.17280e-04 7.14325e-04 7.11165e-04 7.07755e-04 7.04066e-04 7.00074e-04 6.95771e-04 6.91155e-04 6.86240e-04 6.81051e-04 6.75630e-04 6.70030e-04 6.64314e-04 6.58554e-04 6.52819e-04 6.47177e-04 6.41683e-04 6.36381e-04 6.31305e-04 6.26471e-04 6.21889e-04 6.17561e-04 6.13488e-04 6.09672e-04 6.06119e-04 6.02840e-04 5.99850e-04 5.97162e-04 5.94785e-04 5.92717e-04 5.90937e-04 5.89405e-04 5.88055e-04 5.86800e-04 5.85534e-04 5.84137e-04 5.82486e-04 5.80463e-04 5.77969e-04 5.74925e-04 5.71287e-04 5.67048e-04 5.62233e-04 5.56904e-04 5.51148e-04 5.45068e-04 5.38774e-04 5.32370e-04 5.25946e-04 5.19572e-04 5.13288e-04 5.07113e-04 5.01035e-04 4.95027e-04 4.89042e-04 4.83026e-04 4.76923e-04 4.70679e-04 4.64249e-04 4.57601e-04 4.50715e-04 4.43586e-04 4.36221e-04 4.28637e-04 4.20858e-04 4.12908e-04 4.04815e-04 3.96600e-04 3.88284e-04 3.79882e-04 3.71410e-04 3.62880e-04 3.54302e-04 3.45688e-04 3.37049e-04 3.28396e-04 3.19736e-04 3.11078e-04 3.02427e-04 2.93786e-04 2.85156e-04 2.76536e-04 2.67927e-04 2.59326e-04 2.50733e-04 2.42149e-04 2.33573e-04 2.25007e-04 2.16455e-04 2.07920e-04 1.99407e-04 1.90924e-04 1.82480e-04 1.74083e-04 1.65746e-04 1.57482e-04 1.49305e-04 1.41231e-04 1.33276e-04 1.25455e-04 1.17787e-04 1.10286e-04 1.02969e-04 9.58516e-05 8.89471e-05 8.22691e-05 7.58291e-05 6.96378e-05 6.37040e-05 5.80354e-05 5.26381e-05 4.75167e-05 4.26745e-05 3.81138e-05 3.38352e-05 2.98386e-05 2.61227e-05 2.26852e-05 1.95230e-05 1.66323e-05 1.40082e-05 1.16455e-05 9.53814e-06 7.67946e-06 6.06195e-06 4.67701e-06 3.51439e-06 2.56158e-06 1.80307e-06 1.21986e-06 7.89413e-07 4.86422e-07 2.84267e-07 1.57103e-07 8.19580e-08 4.02850e-08 1.85636e-08 7.90675e-09 3.01444e-09 9.65471e-10 2.28888e-10 2.96685e-11 7.20924e-13
5.704082 2.36084e-01 7.01121e-02 1.20721e-02 5.97175e-03 3.13888e-03 1.60118e-03 8.70917e-04 6.64002e-04 7.71212e-04 1.03412e-03 1.33778e-03 1.60690e-03 1.80079e-03 1.90612e-03 1.92839e-03 1.88375e-03 1.79230e-03 1.67355e-03 1.54384e-03 1.41532e-03 1.29599e-03 1.19025e-03 1.09978e-03 1.02436e-03 9.62657e-04 9.12810e-04 8.72843e-04 8.40927e-04 8.15490e-04 7.95239e-04 7.79129e-04 7.66313e-04 7.56100e-04 7.47922e-04 7.41311e-04 7.35887e-04 7.31343e-04 7.27430e-04 7.23943e-04 7.20709e-04 7.17583e-04 7.14447e-04 7.11212e-04 7.07826e-04 7.04267e-04 7.00550e-04 6.96712e-04 6.92806e-04 6.88886e-04 6.84999e-04 6.81172e-04 6.77413e-04 6.73705e-04 6.70015e-04 6.66296e-04 6.62498e-04 6.58574e-04 6.54483e-04 6.50198e-04 6.45705e-04 6.41004e-04 6.36107e-04 6.31035e-04 6.25822e-04 6.20509e-04 6.15146e-04 6.09790e-04 6.04503e-04 5.99351e-04 5.94401e-04 5.89715e-04 5.85353e-04 5.81364e-04 5.77784e-04 5.74640e-04 5.71940e-04 5.69680e-04 5.67837e-04 5.66374e-04 5.65240e-04 5.64369e-04 5.63682e-04 5.63090e-04 5.62500e-04 5.61809e-04 5.60917e-04 5.59727e-04 5.58152e-04 5.56119e-04 5.53575e-04 5.50491e-04 5.46865e-04 5.42720e-04 5.38103e-04 5.33078e-04 5.27723e-04 5.22118e-04 5.16340e-04 5.10456e-04 5.04522e-04 4.98576e-04 4.92641e-04 4.86724e-04 4.80817e-04 4.74903e-04 4.68957e-04 4.62948e-04 4.56844e-04 4.50611e-04 4.44222e-04 4.37650e-04 4.30878e-04 4.23896e-04 4.16703e-04 4.09306e-04 4.01720e-04 3.93967e-04 3.86071e-04 3.78060e-04 3.69957e-04 3.61786e-04 3.53563e-04 3.45303e-04 3.37013e-04 3.28702e-04 3.20373e-04 3.12029e-04 3.03674e-04 2.95308e-04 2.86934e-04 2.78551e-04 2.70161e-04 2.61762e-04 2.53354e-04 2.44934e-04 2.36502e-04 2.28058e-04 2.19603e-04 2.11142e-04 2.02677e-04 1.94217e-04 1.85770e-04 1.77346e-04 1.68959e-04 1.60623e-04 1.52353e-04 1.44167e-04 1.36084e-04 1.28120e-04 1.20297e-04 1.12633e-04 1.05146e-04 9.78550e-05 9.07759e-05 8.39245e-05 7.73148e-05 7.09590e-05 6.48679e-05 5.90503e-05 5.35134e-05 4.82627e-05 4.33019e-05 3.86335e-05 3.42583e-05 3.01760e-05 2.63851e-05 2.28829e-05 1.96659e-05 1.67295e-05 1.40687e-05 1.16773e-05 9.54855e-06 7.67507e-06 6.04838e-06 4.65888e-06 3.49524e-06 2.54388e-06 1.78825e-06 1.20847e-06 7.81369e-07 4.81200e-07 2.81170e-07 1.55441e-07 8.11633e-08 3.99562e-08 1.84531e-08 7.88172e-09 3.01452e-09 9.68733e-10 2.30396e-10 2.99430e-11 7.28814e-13
5.804154 2.33391e-01 6.78929e-02 1.11826e-02 5.79543e-03 3.18989e-03 1.65587e-03 8.81628e-04 6.48367e-04 7.52616e-04 1.02464e-03 1.33958e-03 1.61763e-03 1.81742e-03 1.92629e-03 1.95036e-03 1.90581e-03 1.81255e-03 1.68994e-03 1.55452e-03 1.41897e-03 1.29207e-03 1.17902e-03 1.08220e-03 1.00190e-03 9.37037e-04 8.85739e-04 8.45816e-04 8.15041e-04 7.91340e-04 7.72897e-04 7.58209e-04 7.46109e-04 7.35749e-04 7.26580e-04 7.18292e-04 7.10753e-04 7.03939e-04 6.97869e-04 6.92561e-04 6.87995e-04 6.84107e-04 6.80795e-04 6.77929e-04 6.75369e-04 6.72979e-04 6.70638e-04 6.68244e-04 6.65717e-04 6.62994e-04 6.60029e-04 6.56793e-04 6.53270e-04 6.49460e-04 6.45380e-04 6.41058e-04 6.36538e-04 6.31869e-04 6.27105e-04 6.22296e-04 6.17482e-04 6.12694e-04 6.07950e-04 6.03256e-04 5.98608e-04 5.94000e-04 5.89425e-04 5.84879e-04 5.80364e-04 5.75894e-04 5.71492e-04 5.67189e-04 5.63030e-04 5.59065e-04 5.55348e-04 5.51938e-04 5.48888e-04 5.46247e-04 5.44051e-04 5.42319e-04 5.41052e-04 5.40224e-04 5.39785e-04 5.39658e-04 5.39742e-04 5.39916e-04 5.40045e-04 5.39989e-04 5.39614e-04 5.38799e-04 5.37447e-04 5.35493e-04 5.32905e-04 5.29687e-04 5.25877e-04 5.21539e-04 5.16757e-04 5.11627e-04 5.06243e-04 5.00696e-04 4.95058e-04 4.89384e-04 4.83708e-04 4.78043e-04 4.72381e-04 4.66703e-04 4.60981e-04 4.55182e-04 4.49276e-04 4.43239e-04 4.37053e-04 4.30706e-04 4.24193e-04 4.17515e-04 4.10673e-04 4.03674e-04 3.96523e-04 3.89228e-04 3.81798e-04 3.74243e-04 3.66578e-04 3.58818e-04 3.50979e-04 3.43079e-04 3.35132e-04 3.27152e-04 3.19148e-04 3.11127e-04 3.03091e-04 2.95040e-04 2.86973e-04 2.78887e-04 2.70779e-04 2.62645e-04 2.54483e-04 2.46289e-04 2.38063e-04 2.29803e-04 2.21510e-04 2.13185e-04 2.04833e-04 1.96458e-04 1.88070e-04 1.79679e-04 1.71299e-04 1.62944e-04 1.54632e-04 1.46382e-04 1.38214e-04 1.30150e-04 1.22212e-04 1.14421e-04 1.06799e-04 9.93670e-05 9.21435e-05 8.51471e-05 7.83943e-05 7.18994e-05 6.56750e-05 5.97315e-05 5.40772e-05 4.87186e-05 4.36601e-05 3.89043e-05 3.44524e-05 3.03038e-05 2.64568e-05 2.29082e-05 1.96541e-05 1.66893e-05 1.40080e-05 1.16034e-05 9.46800e-06 7.59343e-06 5.97032e-06 4.58797e-06 3.43394e-06 2.49347e-06 1.74891e-06 1.17945e-06 7.61216e-07 4.68094e-07 2.73230e-07 1.50983e-07 7.88538e-08 3.88576e-08 1.79761e-08 7.69518e-09 2.95060e-09 9.50623e-10 2.26629e-10 2.95108e-11 7.19180e-13
5.904226 2.30755e-01 7.04181e-02 1.25034e-02 5.99262e-03 3.13752e-03 1.61757e-03 8.79115e-04 6.55254e-04 7.53559e-04 1.01793e-03 1.32868e-03 1.60603e-03 1.80720e-03 1.91826e-03 1.94442e-03 1.90141e-03 1.80891e-03 1.68634e-03 1.55036e-03 1.41375e-03 1.28526e-03 1.17004e-03 1.07038e-03 9.86568e-04 9.17656e-04 8.62012e-04 8.17755e-04 7.82998e-04 7.55987e-04 7.35174e-04 7.19230e-04 7.07044e-04 6.97695e-04 6.90426e-04 6.84610e-04 6.79737e-04 6.75398e-04 6.71278e-04 6.67162e-04 6.62926e-04 6.58532e-04 6.54013e-04 6.49456e-04 6.44972e-04 6.40676e-04 6.36661e-04 6.32985e-04 6.29664e-04 6.26664e-04 6.23920e-04 6.21336e-04 6.18806e-04 6.16223e-04 6.13494e-04 6.10541e-04 6.07310e-04 6.03770e-04 5.99909e-04 5.95738e-04 5.91285e-04 5.86592e-04 5.81712e-04 5.76711e-04 5.71655e-04 5.66617e-04 5.61662e-04 5.56851e-04 5.52231e-04 5.47837e-04 5.43692e-04 5.39804e-04 5.36174e-04 5.32799e-04 5.29674e-04 5.26801e-04 5.24185e-04 5.21842e-04 5.19791e-04 5.18056e-04 5.16656e-04 5.15605e-04 5.14904e-04 5.14536e-04 5.14464e-04 5.14625e-04 5.14937e-04 5.15296e-04 5.15584e-04 5.15677e-04 5.15447e-04 5.14781e-04 5.13581e-04 5.11776e-04 5.09327e-04 5.06231e-04 5.02517e-04 4.98244e-04 4.93496e-04 4.88368e-04 4.82964e-04 4.77378e-04 4.71694e-04 4.65976e-04 4.60266e-04 4.54582e-04 4.48922e-04 4.43269e-04 4.37592e-04 4.31854e-04 4.26020e-04 4.20055e-04 4.13935e-04 4.07645e-04 4.01181e-04 3.94548e-04 3.87758e-04 3.80828e-04 3.73778e-04 3.66624e-04 3.59382e-04 3.52066e-04 3.44684e-04 3.37246e-04 3.29757e-04 3.22226e-04 3.14657e-04 3.07056e-04 2.99429e-04 2.91776e-04 2.84101e-04 2.76401e-04 2.68672e-04 2.60911e-04 2.53111e-04 2.45267e-04 2.37373e-04 2.29426e-04 2.21423e-04 2.13363e-04 2.05249e-04 1.97086e-04 1.88880e-04 1.80641e-04 1.72382e-04 1.64119e-04 1.55870e-04 1.47655e-04 1.39497e-04 1.31419e-04 1.23445e-04 1.15600e-04 1.07909e-04 1.00395e-04 9.30816e-05 8.59888e-05 7.91362e-05 7.25408e-05 6.62174e-05 6.01784e-05 5.44339e-05 4.89915e-05 4.38566e-05 3.90328e-05 3.45214e-05 3.03220e-05 2.64329e-05 2.28508e-05 1.95711e-05 1.65884e-05 1.38960e-05 1.14867e-05 9.35218e-06 7.48316e-06 5.86937e-06 4.49911e-06 3.35884e-06 2.43267e-06 1.70196e-06 1.14500e-06 7.37306e-07 4.52474e-07 2.63666e-07 1.45515e-07 7.59446e-08 3.74207e-08 1.73206e-08 7.42228e-09 2.84979e-09 9.19470e-10 2.19501e-10 2.86141e-11 6.97810e-13
6.004297 2.25748e-01 6.77357e-02 1.23058e-02 6.40171e-03 3.43662e-03 1.74028e-03 9.15619e-04 6.68642e-04 7.64978e-04 1.02988e-03 1.34084e-03 1.61931e-03 1.82274e-03 1.93621e-03 1.96383e-03 1.92072e-03 1.82663e-03 1.70134e-03 1.56195e-03 1.42165e-03 1.28948e-03 1.17084e-03 1.06818e-03 9.81888e-04 9.10984e-04 8.53723e-04 8.08034e-04 7.71825e-04 7.43180e-04 7.20458e-04 7.02332e-04 6.87771e-04 6.75994e-04 6.66416e-04 6.58592e-04 6.52178e-04 6.46894e-04 6.42507e-04 6.38814e-04 6.35633e-04 6.32794e-04 6.30147e-04 6.27556e-04 6.24904e-04 6.22105e-04 6.19099e-04 6.15861e-04 6.12398e-04 6.08743e-04 6.04952e-04 6.01092e-04 5.97233e-04 5.93435e-04 5.89745e-04 5.86182e-04 5.82746e-04 5.79410e-04 5.76129e-04 5.72846e-04 5.69501e-04 5.66037e-04 5.62408e-04 5.58587e-04 5.54565e-04 5.50354e-04 5.45984e-04 5.41503e-04 5.36967e-04 5.32441e-04 5.27994e-04 5.23690e-04 5.19592e-04 5.15757e-04 5.12233e-04 5.09061e-04 5.06268e-04 5.03874e-04 5.01887e-04 5.00304e-04 4.99112e-04 4.98290e-04 4.97808e-04 4.97629e-04 4.97709e-04 4.97995e-04 4.98425e-04 4.98927e-04 4.99422e-04 4.99820e-04 5.00026e-04 4.99944e-04 4.99482e-04 4.98559e-04 4.97109e-04 4.95088e-04 4.92475e-04 4.89278e-04 4.85525e-04 4.81269e-04 4.76575e-04 4.71518e-04 4.66178e-04 4.60629e-04 4.54936e-04 4.49156e-04 4.43327e-04 4.37477e-04 4.31615e-04 4.25743e-04 4.19848e-04 4.13915e-04 4.07920e-04 4.01841e-04 3.95657e-04 3.89352e-04 3.82915e-04 3.76342e-04 3.69637e-04 3.62810e-04 3.55877e-04 3.48855e-04 3.41762e-04 3.34615e-04 3.27428e-04 3.20211e-04 3.12968e-04 3.05704e-04 2.98417e-04 2.91106e-04 2.83768e-04 2.76400e-04 2.68996e-04 2.61551e-04 2.54060e-04 2.46515e-04 2.38910e-04 2.31237e-04 2.23491e-04 2.15669e-04 2.07767e-04 1.99788e-04 1.91735e-04 1.83618e-04 1.75448e-04 1.67240e-04 1.59011e-04 1.50784e-04 1.42582e-04 1.34431e-04 1.26358e-04 1.18391e-04 1.10558e-04 1.02885e-04 9.54008e-05 8.81286e-05 8.10915e-05 7.43100e-05 6.78020e-05 6.15826e-05 5.56642e-05 5.00566e-05 4.47668e-05 3.97994e-05 3.51567e-05 3.08390e-05 2.68445e-05 2.31699e-05 1.98106e-05 1.67605e-05 1.40125e-05 1.15585e-05 9.38941e-06 7.49496e-06 5.86378e-06 4.48294e-06 3.33760e-06 2.41052e-06 1.68169e-06 1.12818e-06 7.24478e-07 4.43431e-07 2.57764e-07 1.41948e-07 7.39493e-08 3.63896e-08 1.68308e-08 7.21097e-09 2.76935e-09 8.93970e-10 2.13538e-10 2.78510e-11 6.79419e-13
6.104369 2.23340e-01 6.76082e-02 1.19919e-02 6.03189e-03 3.30445e-03 1.74160e-03 9.37139e-04 6.73010e-04 7.57010e-04 1.02119e-03 1.33710e-03 1.62085e-03 1.82805e-03 1.94399e-03 1.97336e-03 1.93151e-03 1.83795e-03 1.71207e-03 1.57065e-03 1.42684e-03 1.28993e-03 1.16583e-03 1.05762e-03 9.66250e-04 8.91194e-04 8.30976e-04 7.83606e-04 7.46913e-04 7.18766e-04 6.97228e-04 6.80629e-04 6.67597e-04 6.57056e-04 6.48202e-04 6.40473e-04 6.33509e-04 6.27105e-04 6.21168e-04 6.15675e-04 6.10633e-04 6.06057e-04 6.01952e-04 5.98301e-04 5.95067e-04 5.92194e-04 5.89609e-04 5.87229e-04 5.84970e-04 5.82747e-04 5.80480e-04 5.78103e-04 5.75561e-04 5.72816e-04 5.69845e-04 5.66645e-04 5.63227e-04 5.59616e-04 5.55848e-04 5.51967e-04 5.48017e-04 5.44042e-04 5.40080e-04 5.36159e-04 5.32297e-04 5.28501e-04 5.24765e-04 5.21078e-04 5.17425e-04 5.13791e-04 5.10166e-04 5.06554e-04 5.02967e-04 4.99434e-04 4.95996e-04 4.92704e-04 4.89613e-04 4.86783e-04 4.84268e-04 4.82115e-04 4.80363e-04 4.79035e-04 4.78140e-04 4.77669e-04 4.77596e-04 4.77875e-04 4.78443e-04 4.79216e-04 4.80100e-04 4.80985e-04 4.81759e-04 4.82307e-04 4.82522e-04 4.82307e-04 4.81583e-04 4.80292e-04 4.78401e-04 4.75901e-04 4.72808e-04 4.69161e-04 4.65014e-04 4.60437e-04 4.55502e-04 4.50282e-04 4.44848e-04 4.39256e-04 4.33554e-04 4.27774e-04 4.21938e-04 4.16057e-04 4.10133e-04 4.04164e-04 3.98145e-04 3.92068e-04 3.85930e-04 3.79723e-04 3.73444e-04 3.67088e-04 3.60655e-04 3.54144e-04 3.47554e-04 3.40891e-04 3.34161e-04 3.27371e-04 3.20532e-04 3.13656e-04 3.06752e-04 2.99829e-04 2.92893e-04 2.85945e-04 2.78984e-04 2.72005e-04 2.65001e-04 2.57961e-04 2.50876e-04 2.43736e-04 2.36529e-04 2.29246e-04 2.21879e-04 2.14419e-04 2.06864e-04 1.99209e-04 1.91456e-04 1.83611e-04 1.75681e-04 1.67681e-04 1.59627e-04 1.51540e-04 1.43445e-04 1.35368e-04 1.27339e-04 1.19388e-04 1.11546e-04 1.03843e-04 9.63096e-05 8.89738e-05 8.18621e-05 7.49980e-05 6.84027e-05 6.20942e-05 5.60875e-05 5.03945e-05 4.50241e-05 3.99823e-05 3.52725e-05 3.08958e-05 2.68509e-05 2.31347e-05 1.97425e-05 1.66679e-05 1.39035e-05 1.14404e-05 9.26890e-06 7.37780e-06 5.75471e-06 4.38556e-06 3.25425e-06 2.34227e-06 1.62839e-06 1.08864e-06 6.96720e-07 4.25074e-07 2.46372e-07 1.35333e-07 7.03633e-08 3.45780e-08 1.59814e-08 6.84581e-09 2.62950e-09 8.49060e-10 2.02866e-10 2.64645e-11 6.45676e-13
6.204440 2.18916e-01 6.85297e-02 1.33072e-02 6.65990e-03 3.51790e-03 1.79649e-03 9.54173e-04 6.82048e-04 7.58336e-04 1.01449e-03 1.32602e-03 1.60995e-03 1.82038e-03 1.94068e-03 1.97419e-03 1.93553e-03 1.84397e-03 1.71889e-03 1.57725e-03 1.43240e-03 1.29388e-03 1.16771e-03 1.05705e-03 9.62862e-04 8.84633e-04 8.20927e-04 7.69865e-04 7.29453e-04 6.97791e-04 6.73185e-04 6.54189e-04 6.39603e-04 6.28441e-04 6.19895e-04 6.13296e-04 6.08087e-04 6.03798e-04 6.00044e-04 5.96515e-04 5.92987e-04 5.89319e-04 5.85449e-04 5.81386e-04 5.77195e-04 5.72971e-04 5.68822e-04 5.64850e-04 5.61136e-04 5.57733e-04 5.54660e-04 5.51904e-04 5.49426e-04 5.47165e-04 5.45044e-04 5.42983e-04 5.40898e-04 5.38714e-04 5.36367e-04 5.33806e-04 5.31000e-04 5.27935e-04 5.24614e-04 5.21059e-04 5.17306e-04 5.13401e-04 5.09401e-04 5.05364e-04 5.01347e-04 4.97402e-04 4.93577e-04 4.89905e-04 4.86412e-04 4.83112e-04 4.80011e-04 4.77107e-04 4.74399e-04 4.71885e-04 4.69569e-04 4.67464e-04 4.65588e-04 4.63968e-04 4.62632e-04 4.61608e-04 4.60917e-04 4.60569e-04 4.60556e-04 4.60851e-04 4.61405e-04 4.62150e-04 4.62996e-04 4.63840e-04 4.64566e-04 4.65054e-04 4.65187e-04 4.64859e-04 4.63982e-04 4.62492e-04 4.60352e-04 4.57559e-04 4.54137e-04 4.50136e-04 4.45627e-04 4.40693e-04 4.35423e-04 4.29901e-04 4.24204e-04 4.18395e-04 4.12522e-04 4.06615e-04 4.00691e-04 3.94754e-04 3.88799e-04 3.82814e-04 3.76787e-04 3.70707e-04 3.64564e-04 3.58355e-04 3.52079e-04 3.45742e-04 3.39349e-04 3.32908e-04 3.26427e-04 3.19913e-04 3.13373e-04 3.06812e-04 3.00234e-04 2.93643e-04 2.87043e-04 2.80434e-04 2.73818e-04 2.67193e-04 2.60554e-04 2.53893e-04 2.47201e-04 2.40464e-04 2.33669e-04 2.26802e-04 2.19848e-04 2.12796e-04 2.05635e-04 1.98359e-04 1.90964e-04 1.83451e-04 1.75824e-04 1.68095e-04 1.60277e-04 1.52389e-04 1.44456e-04 1.36504e-04 1.28563e-04 1.20665e-04 1.12845e-04 1.05135e-04 9.75694e-05 9.01800e-05 8.29970e-05 7.60482e-05 6.93584e-05 6.29492e-05 5.68388e-05 5.10421e-05 4.55704e-05 4.04319e-05 3.56319e-05 3.11725e-05 2.70537e-05 2.32728e-05 1.98255e-05 1.67055e-05 1.39050e-05 1.14148e-05 9.22454e-06 7.32221e-06 5.69438e-06 4.32583e-06 3.19918e-06 2.29457e-06 1.58944e-06 1.05866e-06 6.74997e-07 4.10289e-07 2.36939e-07 1.29704e-07 6.72261e-08 3.29487e-08 1.51972e-08 6.50082e-09 2.49490e-09 8.05230e-10 1.92343e-10 2.50876e-11 6.12021e-13
6.304512 2.15297e-01 6.68204e-02 1.28063e-02 6.64498e-03 3.62162e-03 1.86826e-03 9.81291e-04 6.89819e-04 7.64307e-04 1.02309e-03 1.33616e-03 1.62053e-03 1.83149e-03 1.95274e-03 1.98712e-03 1.94860e-03 1.85608e-03 1.72903e-03 1.58473e-03 1.43698e-03 1.29570e-03 1.16719e-03 1.05473e-03 9.59281e-04 8.80228e-04 8.15969e-04 7.64422e-04 7.23396e-04 6.90830e-04 6.64934e-04 6.44242e-04 6.27605e-04 6.14150e-04 6.03218e-04 5.94308e-04 5.87025e-04 5.81051e-04 5.76123e-04 5.72019e-04 5.68550e-04 5.65556e-04 5.62896e-04 5.60442e-04 5.58081e-04 5.55710e-04 5.53249e-04 5.50635e-04 5.47840e-04 5.44862e-04 5.41731e-04 5.38499e-04 5.35231e-04 5.32000e-04 5.28868e-04 5.25887e-04 5.23085e-04 5.20467e-04 5.18017e-04 5.15696e-04 5.13453e-04 5.11224e-04 5.08948e-04 5.06563e-04 5.04022e-04 5.01288e-04 4.98342e-04 4.95183e-04 4.91827e-04 4.88305e-04 4.84662e-04 4.80949e-04 4.77225e-04 4.73550e-04 4.69982e-04 4.66574e-04 4.63372e-04 4.60416e-04 4.57734e-04 4.55349e-04 4.53272e-04 4.51510e-04 4.50061e-04 4.48918e-04 4.48073e-04 4.47512e-04 4.47218e-04 4.47171e-04 4.47344e-04 4.47702e-04 4.48201e-04 4.48779e-04 4.49366e-04 4.49876e-04 4.50214e-04 4.50279e-04 4.49973e-04 4.49206e-04 4.47903e-04 4.46011e-04 4.43502e-04 4.40373e-04 4.36649e-04 4.32375e-04 4.27617e-04 4.22450e-04 4.16955e-04 4.11213e-04 4.05297e-04 3.99271e-04 3.93187e-04 3.87081e-04 3.80976e-04 3.74883e-04 3.68802e-04 3.62726e-04 3.56645e-04 3.50545e-04 3.44414e-04 3.38243e-04 3.32027e-04 3.25765e-04 3.19463e-04 3.13128e-04 3.06769e-04 3.00399e-04 2.94025e-04 2.87658e-04 2.81300e-04 2.74955e-04 2.68622e-04 2.62297e-04 2.55974e-04 2.49644e-04 2.43298e-04 2.36923e-04 2.30503e-04 2.24024e-04 2.17467e-04 2.10817e-04 2.04059e-04 1.97178e-04 1.90166e-04 1.83018e-04 1.75733e-04 1.68315e-04 1.60777e-04 1.53134e-04 1.45407e-04 1.37622e-04 1.29810e-04 1.22003e-04 1.14237e-04 1.06548e-04 9.89732e-05 9.15477e-05 8.43061e-05 7.72803e-05 7.04992e-05 6.39885e-05 5.77702e-05 5.18624e-05 4.62799e-05 4.10333e-05 3.61300e-05 3.15744e-05 2.73674e-05 2.35078e-05 1.99917e-05 1.68132e-05 1.39646e-05 1.14364e-05 9.21772e-06 7.29575e-06 5.65610e-06 4.28232e-06 3.15567e-06 2.25482e-06 1.55577e-06 1.03203e-06 6.55313e-07 3.96681e-07 2.28151e-07 1.24408e-07 6.42507e-08 3.13929e-08 1.44439e-08 6.16764e-09 2.36426e-09 7.62484e-10 1.82035e-10 2.37338e-11 5.78853e-13
6.404584 2.11289e-01 6.64026e-02 1.28417e-02 6.58389e-03 3.61527e-03 1.90272e-03 1.01681e-03 7.07435e-04 7.66089e-04 1.01870e-03 1.33328e-03 1.62232e-03 1.83783e-03 1.96229e-03 1.99857e-03 1.96109e-03 1.86912e-03 1.74216e-03 1.59733e-03 1.44816e-03 1.30438e-03 1.17231e-03 1.05542e-03 9.55073e-04 8.71130e-04 8.02479e-04 7.47458e-04 7.04155e-04 6.70623e-04 6.45005e-04 6.25607e-04 6.10936e-04 5.99709e-04 5.90866e-04 5.83565e-04 5.77182e-04 5.71297e-04 5.65673e-04 5.60215e-04 5.54934e-04 5.49899e-04 5.45197e-04 5.40904e-04 5.37068e-04 5.33700e-04 5.30775e-04 5.28243e-04 5.26033e-04 5.24064e-04 5.22257e-04 5.20533e-04 5.18825e-04 5.17076e-04 5.15242e-04 5.13293e-04 5.11212e-04 5.08995e-04 5.06650e-04 5.04190e-04 5.01639e-04 4.99017e-04 4.96346e-04 4.93645e-04 4.90923e-04 4.88184e-04 4.85425e-04 4.82637e-04 4.79807e-04 4.76921e-04 4.73967e-04 4.70939e-04 4.67835e-04 4.64667e-04 4.61452e-04 4.58219e-04 4.55006e-04 4.51855e-04 4.48814e-04 4.45931e-04 4.43254e-04 4.40824e-04 4.38679e-04 4.36846e-04 4.35347e-04 4.34190e-04 4.33373e-04 4.32885e-04 4.32700e-04 4.32779e-04 4.33071e-04 4.33514e-04 4.34032e-04 4.34540e-04 4.34949e-04 4.35163e-04 4.35089e-04 4.34640e-04 4.33739e-04 4.32323e-04 4.30348e-04 4.27792e-04 4.24654e-04 4.20955e-04 4.16735e-04 4.12050e-04 4.06964e-04 4.01549e-04 3.95874e-04 3.90006e-04 3.84002e-04 3.77910e-04 3.71767e-04 3.65602e-04 3.59433e-04 3.53271e-04 3.47121e-04 3.40983e-04 3.34854e-04 3.28730e-04 3.22604e-04 3.16472e-04 3.10330e-04 3.04175e-04 2.98009e-04 2.91837e-04 2.85663e-04 2.79497e-04 2.73346e-04 2.67217e-04 2.61116e-04 2.55044e-04 2.48997e-04 2.42971e-04 2.36954e-04 2.30932e-04 2.24889e-04 2.18806e-04 2.12663e-04 2.06441e-04 2.00119e-04 1.93680e-04 1.87108e-04 1.80393e-04 1.73527e-04 1.66511e-04 1.59348e-04 1.52051e-04 1.44636e-04 1.37129e-04 1.29556e-04 1.21950e-04 1.14348e-04 1.06787e-04 9.93055e-05 9.19432e-05 8.47374e-05 7.77234e-05 7.09342e-05 6.43991e-05 5.81440e-05 5.21906e-05 4.65566e-05 4.12558e-05 3.62983e-05 3.16901e-05 2.74345e-05 2.35313e-05 1.99777e-05 1.67685e-05 1.38964e-05 1.13520e-05 9.12397e-06 7.19911e-06 5.56216e-06 4.19562e-06 3.07948e-06 2.19109e-06 1.50510e-06 9.93847e-07 6.28121e-07 3.78444e-07 2.16666e-07 1.17631e-07 6.05105e-08 2.94661e-08 1.35220e-08 5.76349e-09 2.20680e-09 7.11205e-10 1.69716e-10 2.21208e-11 5.39413e-13
6.504655 2.06905e-01 6.77048e-02 1.42957e-02 7.19572e-03 3.81797e-03 1.96916e-03 1.05023e-03 7.30857e-04 7.79595e-04 1.02184e-03 1.32874e-03 1.61395e-03 1.82887e-03 1.95479e-03 1.99358e-03 1.95896e-03 1.86967e-03 1.74485e-03 1.60141e-03 1.45285e-03 1.30900e-03 1.17633e-03 1.05844e-03 9.56769e-04 8.71176e-04 8.00515e-04 7.43094e-04 6.97017e-04 6.60412e-04 6.31566e-04 6.08986e-04 5.91411e-04 5.77797e-04 5.67293e-04 5.59206e-04 5.52970e-04 5.48116e-04 5.44249e-04 5.41029e-04 5.38164e-04 5.35412e-04 5.32588e-04 5.29567e-04 5.26290e-04 5.22763e-04 5.19047e-04 5.15242e-04 5.11473e-04 5.07866e-04 5.04533e-04 5.01558e-04 4.98989e-04 4.96833e-04 4.95062e-04 4.93615e-04 4.92410e-04 4.91353e-04 4.90348e-04 4.89305e-04 4.88145e-04 4.86806e-04 4.85243e-04 4.83429e-04 4.81352e-04 4.79017e-04 4.76441e-04 4.73653e-04 4.70686e-04 4.67583e-04 4.64384e-04 4.61131e-04 4.57860e-04 4.54603e-04 4.51384e-04 4.48223e-04 4.45131e-04 4.42120e-04 4.39196e-04 4.36369e-04 4.33651e-04 4.31058e-04 4.28613e-04 4.26342e-04 4.24274e-04 4.22438e-04 4.20863e-04 4.19571e-04 4.18576e-04 4.17880e-04 4.17470e-04 4.17320e-04 4.17383e-04 4.17597e-04 4.17882e-04 4.18149e-04 4.18295e-04 4.18215e-04 4.17807e-04 4.16978e-04 4.15650e-04 4.13766e-04 4.11294e-04 4.08227e-04 4.04584e-04 4.00406e-04 3.95753e-04 3.90692e-04 3.85301e-04 3.79652e-04 3.73815e-04 3.67851e-04 3.61808e-04 3.55722e-04 3.49620e-04 3.43516e-04 3.37420e-04 3.31333e-04 3.25254e-04 3.19182e-04 3.13114e-04 3.07050e-04 3.00991e-04 2.94938e-04 2.88895e-04 2.82865e-04 2.76853e-04 2.70864e-04 2.64902e-04 2.58972e-04 2.53079e-04 2.47226e-04 2.41414e-04 2.35641e-04 2.29902e-04 2.24186e-04 2.18478e-04 2.12762e-04 2.07015e-04 2.01214e-04 1.95336e-04 1.89356e-04 1.83254e-04 1.77012e-04 1.70617e-04 1.64059e-04 1.57338e-04 1.50459e-04 1.43432e-04 1.36277e-04 1.29019e-04 1.21688e-04 1.14319e-04 1.06949e-04 9.96197e-05 9.23711e-05 8.52439e-05 7.82774e-05 7.15082e-05 6.49700e-05 5.86927e-05 5.27021e-05 4.70200e-05 4.16638e-05 3.66466e-05 3.19776e-05 2.76623e-05 2.37026e-05 2.00976e-05 1.68431e-05 1.39326e-05 1.13573e-05 9.10596e-06 7.16505e-06 5.51875e-06 4.14866e-06 3.03366e-06 2.14979e-06 1.47036e-06 9.66474e-07 6.07897e-07 3.64439e-07 2.07585e-07 1.12124e-07 5.73909e-08 2.78194e-08 1.27172e-08 5.40466e-09 2.06536e-09 6.64810e-10 1.58525e-10 2.06522e-11 5.03463e-13
6.604727 2.03262e-01 6.48040e-02 1.30597e-02 7.03615e-03 3.95443e-03 2.08085e-03 1.09273e-03 7.38416e-04 7.81770e-04 1.02948e-03 1.34208e-03 1.63049e-03 1.84677e-03 1.97327e-03 2.01238e-03 1.97777e-03 1.88795e-03 1.76187e-03 1.61644e-03 1.46531e-03 1.31857e-03 1.18295e-03 1.06231e-03 9.58238e-04 8.70717e-04 7.98642e-04 7.40304e-04 6.93725e-04 6.56897e-04 6.27935e-04 6.05165e-04 5.87167e-04 5.72786e-04 5.61123e-04 5.51502e-04 5.43438e-04 5.36588e-04 5.30717e-04 5.25661e-04 5.21303e-04 5.17550e-04 5.14317e-04 5.11523e-04 5.09082e-04 5.06904e-04 5.04894e-04 5.02963e-04 5.01031e-04 4.99036e-04 4.96939e-04 4.94727e-04 4.92414e-04 4.90038e-04 4.87652e-04 4.85321e-04 4.83106e-04 4.81061e-04 4.79223e-04 4.77604e-04 4.76192e-04 4.74949e-04 4.73815e-04 4.72716e-04 4.71571e-04 4.70300e-04 4.68833e-04 4.67115e-04 4.65112e-04 4.62812e-04 4.60220e-04 4.57362e-04 4.54274e-04 4.51004e-04 4.47603e-04 4.44125e-04 4.40622e-04 4.37142e-04 4.33729e-04 4.30420e-04 4.27246e-04 4.24233e-04 4.21399e-04 4.18757e-04 4.16319e-04 4.14093e-04 4.12085e-04 4.10302e-04 4.08752e-04 4.07437e-04 4.06361e-04 4.05519e-04 4.04897e-04 4.04470e-04 4.04198e-04 4.04024e-04 4.03877e-04 4.03675e-04 4.03322e-04 4.02723e-04 4.01783e-04 4.00419e-04 3.98562e-04 3.96164e-04 3.93201e-04 3.89676e-04 3.85612e-04 3.81055e-04 3.76066e-04 3.70717e-04 3.65082e-04 3.59235e-04 3.53242e-04 3.47162e-04 3.41041e-04 3.34911e-04 3.28795e-04 3.22704e-04 3.16641e-04 3.10606e-04 3.04591e-04 2.98592e-04 2.92604e-04 2.86624e-04 2.80652e-04 2.74693e-04 2.68753e-04 2.62841e-04 2.56965e-04 2.51135e-04 2.45357e-04 2.39638e-04 2.33980e-04 2.28382e-04 2.22841e-04 2.17348e-04 2.11892e-04 2.06458e-04 2.01024e-04 1.95569e-04 1.90066e-04 1.84488e-04 1.78811e-04 1.73008e-04 1.67060e-04 1.60951e-04 1.54672e-04 1.48220e-04 1.41601e-04 1.34826e-04 1.27916e-04 1.20898e-04 1.13803e-04 1.06668e-04 9.95347e-05 9.24436e-05 8.54378e-05 7.85591e-05 7.18477e-05 6.53408e-05 5.90724e-05 5.30724e-05 4.73663e-05 4.19754e-05 3.69162e-05 3.22010e-05 2.78382e-05 2.38320e-05 2.01834e-05 1.68899e-05 1.39462e-05 1.13440e-05 9.07251e-06 7.11825e-06 5.46492e-06 4.09331e-06 2.98124e-06 2.10346e-06 1.43195e-06 9.36564e-07 5.86023e-07 3.49437e-07 1.97952e-07 1.06341e-07 5.41478e-08 2.61248e-08 1.18968e-08 5.04192e-09 1.92337e-09 6.18515e-10 1.47416e-10 1.92006e-11 4.68024e-13
6.704799 1.99013e-01 6.68997e-02 1.44182e-02 7.23128e-03 3.89939e-03 2.05587e-03 1.10876e-03 7.61017e-04 7.95067e-04 1.03411e-03 1.34272e-03 1.63022e-03 1.84670e-03 1.97372e-03 2.01355e-03 1.97995e-03 1.89137e-03 1.76661e-03 1.62233e-03 1.47192e-03 1.32521e-03 1.18879e-03 1.06645e-03 9.59908e-04 8.69356e-04 7.93996e-04 7.32443e-04 6.83014e-04 6.43928e-04 6.13437e-04 5.89918e-04 5.71915e-04 5.58163e-04 5.47595e-04 5.39330e-04 5.32660e-04 5.27037e-04 5.22054e-04 5.17430e-04 5.12990e-04 5.08648e-04 5.04384e-04 5.00225e-04 4.96224e-04 4.92449e-04 4.88965e-04 4.85825e-04 4.83062e-04 4.80689e-04 4.78694e-04 4.77043e-04 4.75682e-04 4.74548e-04 4.73570e-04 4.72679e-04 4.71811e-04 4.70913e-04 4.69947e-04 4.68887e-04 4.67721e-04 4.66446e-04 4.65067e-04 4.63592e-04 4.62028e-04 4.60380e-04 4.58649e-04 4.56829e-04 4.54906e-04 4.52865e-04 4.50685e-04 4.48347e-04 4.45832e-04 4.43132e-04 4.40244e-04 4.37177e-04 4.33952e-04 4.30598e-04 4.27152e-04 4.23657e-04 4.20158e-04 4.16699e-04 4.13322e-04 4.10064e-04 4.06961e-04 4.04043e-04 4.01336e-04 3.98861e-04 3.96634e-04 3.94667e-04 3.92965e-04 3.91523e-04 3.90331e-04 3.89365e-04 3.88593e-04 3.87971e-04 3.87443e-04 3.86943e-04 3.86396e-04 3.85721e-04 3.84834e-04 3.83653e-04 3.82106e-04 3.80130e-04 3.77679e-04 3.74726e-04 3.71267e-04 3.67316e-04 3.62907e-04 3.58087e-04 3.52915e-04 3.47454e-04 3.41769e-04 3.35920e-04 3.29962e-04 3.23939e-04 3.17889e-04 3.11838e-04 3.05803e-04 2.99796e-04 2.93820e-04 2.87876e-04 2.81963e-04 2.76075e-04 2.70211e-04 2.64368e-04 2.58549e-04 2.52758e-04 2.47000e-04 2.41285e-04 2.35624e-04 2.30026e-04 2.24499e-04 2.19050e-04 2.13679e-04 2.08384e-04 2.03156e-04 1.97982e-04 1.92843e-04 1.87718e-04 1.82580e-04 1.77401e-04 1.72153e-04 1.66807e-04 1.61337e-04 1.55719e-04 1.49938e-04 1.43983e-04 1.37851e-04 1.31547e-04 1.25084e-04 1.18484e-04 1.11775e-04 1.04989e-04 9.81653e-05 9.13453e-05 8.45720e-05 7.78888e-05 7.13379e-05 6.49597e-05 5.87912e-05 5.28661e-05 4.72135e-05 4.18583e-05 3.68207e-05 3.21162e-05 2.77562e-05 2.37477e-05 2.00941e-05 1.67948e-05 1.38461e-05 1.12411e-05 8.96962e-06 7.01859e-06 5.37168e-06 4.00930e-06 2.90854e-06 2.04324e-06 1.38437e-06 9.00832e-07 5.60616e-07 3.32391e-07 1.87193e-07 9.99666e-08 5.06102e-08 2.42903e-08 1.10135e-08 4.65306e-09 1.77172e-09 5.69255e-10 1.35641e-10 1.76671e-11 4.30675e-13
6.804870 1.93813e-01 6.50836e-02 1.44553e-02 7.68181e-03 4.21835e-03 2.20481e-03 1.17247e-03 7.95613e-04 8.18795e-04 1.04944e-03 1.35079e-03 1.63397e-03 1.84959e-03 1.97825e-03 2.02094e-03 1.99043e-03 1.90458e-03 1.78186e-03 1.63882e-03 1.48882e-03 1.34180e-03 1.20444e-03 1.08074e-03 9.72552e-04 8.80173e-04 8.02855e-04 7.39213e-04 6.87542e-04 6.46048e-04 6.13008e-04 5.86865e-04 5.66267e-04 5.50083e-04 5.37386e-04 5.27424e-04 5.19596e-04 5.13415e-04 5.08487e-04 5.04487e-04 5.01142e-04 4.98222e-04 4.95536e-04 4.92931e-04 4.90294e-04 4.87552e-04 4.84676e-04 4.81674e-04 4.78586e-04 4.75478e-04 4.72432e-04 4.69536e-04 4.66872e-04 4.64512e-04 4.62505e-04 4.60878e-04 4.59630e-04 4.58732e-04 4.58133e-04 4.57760e-04 4.57531e-04 4.57354e-04 4.57140e-04 4.56807e-04 4.56283e-04 4.55515e-04 4.54464e-04 4.53111e-04 4.51449e-04 4.49487e-04 4.47243e-04 4.44742e-04 4.42014e-04 4.39093e-04 4.36010e-04 4.32798e-04 4.29483e-04 4.26090e-04 4.22640e-04 4.19149e-04 4.15633e-04 4.12107e-04 4.08587e-04 4.05094e-04 4.01652e-04 3.98288e-04 3.95033e-04 3.91918e-04 3.88977e-04 3.86239e-04 3.83730e-04 3.81471e-04 3.79474e-04 3.77742e-04 3.76266e-04 3.75024e-04 3.73979e-04 3.73080e-04 3.72262e-04 3.71448e-04 3.70555e-04 3.69495e-04 3.68182e-04 3.66540e-04 3.64505e-04 3.62030e-04 3.59086e-04 3.55668e-04 3.51789e-04 3.47478e-04 3.42779e-04 3.37746e-04 3.32436e-04 3.26907e-04 3.21215e-04 3.15410e-04 3.09531e-04 3.03612e-04 2.97677e-04 2.91742e-04 2.85820e-04 2.79915e-04 2.74031e-04 2.68170e-04 2.62333e-04 2.56522e-04 2.50740e-04 2.44991e-04 2.39281e-04 2.33617e-04 2.28008e-04 2.22463e-04 2.16992e-04 2.11605e-04 2.06306e-04 2.01100e-04 1.95985e-04 1.90953e-04 1.85993e-04 1.81084e-04 1.76204e-04 1.71325e-04 1.66415e-04 1.61442e-04 1.56377e-04 1.51189e-04 1.45856e-04 1.40357e-04 1.34682e-04 1.28827e-04 1.22797e-04 1.16607e-04 1.10277e-04 1.03837e-04 9.73214e-05 9.07695e-05 8.42239e-05 7.77285e-05 7.13276e-05 6.50639e-05 5.89778e-05 5.31066e-05 4.74835e-05 4.21374e-05 3.70924e-05 3.23682e-05 2.79797e-05 2.39371e-05 2.02467e-05 1.69106e-05 1.39272e-05 1.12911e-05 8.99348e-06 7.02181e-06 5.36004e-06 3.98833e-06 2.88312e-06 2.01729e-06 1.36071e-06 8.81080e-07 5.45379e-07 3.21476e-07 1.79919e-07 9.54536e-08 4.80046e-08 2.28938e-08 1.03237e-08 4.34390e-09 1.64995e-09 5.29562e-10 1.26159e-10 1.64353e-11 4.00732e-13
6.904942 1.90340e-01 6.44874e-02 1.42139e-02 7.50590e-03 4.19693e-03 2.24593e-03 1.20650e-03 8.09507e-04 8.23351e-04 1.05435e-03 1.35864e-03 1.64331e-03 1.85855e-03 1.98614e-03 2.02810e-03 1.99754e-03 1.91212e-03 1.78991e-03 1.64703e-03 1.49661e-03 1.34856e-03 1.20970e-03 1.08426e-03 9.74344e-04 8.80460e-04 8.02001e-04 7.37631e-04 6.85621e-04 6.44089e-04 6.11188e-04 5.85212e-04 5.64667e-04 5.48300e-04 5.35101e-04 5.24285e-04 5.15265e-04 5.07614e-04 5.01035e-04 4.95317e-04 4.90319e-04 4.85935e-04 4.82087e-04 4.78712e-04 4.75750e-04 4.73145e-04 4.70838e-04 4.68767e-04 4.66870e-04 4.65089e-04 4.63370e-04 4.61671e-04 4.59966e-04 4.58245e-04 4.56516e-04 4.54804e-04 4.53143e-04 4.51577e-04 4.50146e-04 4.48886e-04 4.47817e-04 4.46945e-04 4.46252e-04 4.45704e-04 4.45246e-04 4.44812e-04 4.44325e-04 4.43708e-04 4.42886e-04 4.41798e-04 4.40393e-04 4.38641e-04 4.36529e-04 4.34063e-04 4.31263e-04 4.28162e-04 4.24803e-04 4.21233e-04 4.17499e-04 4.13649e-04 4.09728e-04 4.05777e-04 4.01830e-04 3.97920e-04 3.94071e-04 3.90306e-04 3.86644e-04 3.83101e-04 3.79696e-04 3.76444e-04 3.73366e-04 3.70481e-04 3.67808e-04 3.65364e-04 3.63160e-04 3.61200e-04 3.59474e-04 3.57961e-04 3.56621e-04 3.55403e-04 3.54240e-04 3.53056e-04 3.51769e-04 3.50295e-04 3.48554e-04 3.46479e-04 3.44015e-04 3.41125e-04 3.37795e-04 3.34029e-04 3.29848e-04 3.25291e-04 3.20407e-04 3.15250e-04 3.09876e-04 3.04340e-04 2.98689e-04 2.92964e-04 2.87197e-04 2.81410e-04 2.75621e-04 2.69839e-04 2.64068e-04 2.58311e-04 2.52568e-04 2.46842e-04 2.41135e-04 2.35453e-04 2.29802e-04 2.24192e-04 2.18635e-04 2.13142e-04 2.07726e-04 2.02398e-04 1.97167e-04 1.92041e-04 1.87021e-04 1.82108e-04 1.77292e-04 1.72561e-04 1.67896e-04 1.63272e-04 1.58659e-04 1.54027e-04 1.49340e-04 1.44567e-04 1.39676e-04 1.34643e-04 1.29447e-04 1.24078e-04 1.18532e-04 1.12815e-04 1.06942e-04 1.00934e-04 9.48212e-05 8.86396e-05 8.24288e-05 7.62315e-05 7.00917e-05 6.40531e-05 5.81579e-05 5.24457e-05 4.69527e-05 4.17108e-05 3.67478e-05 3.20866e-05 2.77454e-05 2.37378e-05 2.00730e-05 1.67558e-05 1.37867e-05 1.11624e-05 8.87551e-06 6.91467e-06 5.26437e-06 3.90496e-06 2.81269e-06 1.95996e-06 1.31597e-06 8.47787e-07 5.21863e-07 3.05775e-07 1.70041e-07 8.96146e-08 4.47678e-08 2.12165e-08 9.51684e-09 3.98942e-09 1.51227e-09 4.85121e-10 1.15621e-10 1.50737e-11 3.67753e-13
7.005013 1.85698e-01 6.53336e-02 1.51482e-02 7.85193e-03 4.30746e-03 2.29083e-03 1.23911e-03 8.34637e-04 8.37553e-04 1.05885e-03 1.35806e-03 1.64208e-03 1.85920e-03 1.98939e-03 2.03362e-03 2.00463e-03 1.92019e-03 1.79858e-03 1.65619e-03 1.50628e-03 1.35872e-03 1.22021e-03 1.09473e-03 9.84182e-04 8.88942e-04 8.08404e-04 7.41369e-04 6.86351e-04 6.41773e-04 6.06093e-04 5.77869e-04 5.55790e-04 5.38691e-04 5.25540e-04 5.15440e-04 5.07612e-04 5.01398e-04 4.96254e-04 4.91750e-04 4.87571e-04 4.83510e-04 4.79453e-04 4.75369e-04 4.71287e-04 4.67271e-04 4.63406e-04 4.59777e-04 4.56455e-04 4.53496e-04 4.50927e-04 4.48756e-04 4.46967e-04 4.45528e-04 4.44392e-04 4.43507e-04 4.42814e-04 4.42258e-04 4.41785e-04 4.41347e-04 4.40907e-04 4.40434e-04 4.39904e-04 4.39303e-04 4.38620e-04 4.37844e-04 4.36967e-04 4.35976e-04 4.34856e-04 4.33587e-04 4.32145e-04 4.30506e-04 4.28644e-04 4.26535e-04 4.24163e-04 4.21517e-04 4.18594e-04 4.15403e-04 4.11960e-04 4.08292e-04 4.04432e-04 4.00418e-04 3.96291e-04 3.92093e-04 3.87863e-04 3.83641e-04 3.79464e-04 3.75364e-04 3.71372e-04 3.67518e-04 3.63827e-04 3.60324e-04 3.57029e-04 3.53960e-04 3.51129e-04 3.48543e-04 3.46201e-04 3.44092e-04 3.42197e-04 3.40483e-04 3.38908e-04 3.37417e-04 3.35944e-04 3.34418e-04 3.32764e-04 3.30909e-04 3.28785e-04 3.26338e-04 3.23526e-04 3.20326e-04 3.16732e-04 3.12757e-04 3.08426e-04 3.03778e-04 2.98858e-04 2.93715e-04 2.88396e-04 2.82946e-04 2.77406e-04 2.71806e-04 2.66173e-04 2.60523e-04 2.54870e-04 2.49221e-04 2.43579e-04 2.37948e-04 2.32329e-04 2.26726e-04 2.21144e-04 2.15591e-04 2.10078e-04 2.04617e-04 1.99223e-04 1.93911e-04 1.88696e-04 1.83589e-04 1.78600e-04 1.73733e-04 1.68987e-04 1.64355e-04 1.59822e-04 1.55370e-04 1.50971e-04 1.46597e-04 1.42214e-04 1.37787e-04 1.33281e-04 1.28666e-04 1.23915e-04 1.19008e-04 1.13934e-04 1.08689e-04 1.03279e-04 9.77193e-05 9.20324e-05 8.62483e-05 8.04030e-05 7.45362e-05 6.86905e-05 6.29092e-05 5.72354e-05 5.17103e-05 4.63725e-05 4.12568e-05 3.63942e-05 3.18110e-05 2.75288e-05 2.35648e-05 1.99312e-05 1.66358e-05 1.36819e-05 1.10686e-05 8.79021e-06 6.83692e-06 5.19419e-06 3.84289e-06 2.75938e-06 1.91581e-06 1.28093e-06 8.21292e-07 5.02853e-07 2.92886e-07 1.61810e-07 8.46745e-08 4.19887e-08 1.97565e-08 8.80645e-09 3.67480e-09 1.38959e-09 4.45529e-10 1.06260e-10 1.38691e-11 3.38661e-13
7.105085 1.81177e-01 6.42723e-02 1.53558e-02 8.20960e-03 4.53414e-03 2.39701e-03 1.28820e-03 8.65911e-04 8.63716e-04 1.08019e-03 1.37304e-03 1.65106e-03 1.86414e-03 1.99264e-03 2.03709e-03 2.00958e-03 1.92723e-03 1.80785e-03 1.66744e-03 1.51899e-03 1.37222e-03 1.23379e-03 1.10779e-03 9.96314e-04 8.99960e-04 8.18297e-04 7.50218e-04 6.94225e-04 6.48654e-04 6.11837e-04 5.82216e-04 5.58420e-04 5.39285e-04 5.23863e-04 5.11396e-04 5.01289e-04 4.93074e-04 4.86385e-04 4.80928e-04 4.76457e-04 4.72761e-04 4.69646e-04 4.66932e-04 4.64453e-04 4.62062e-04 4.59641e-04 4.57105e-04 4.54413e-04 4.51566e-04 4.48606e-04 4.45605e-04 4.42655e-04 4.39857e-04 4.37304e-04 4.35073e-04 4.33219e-04 4.31767e-04 4.30714e-04 4.30032e-04 4.29668e-04 4.29554e-04 4.29611e-04 4.29754e-04 4.29898e-04 4.29964e-04 4.29880e-04 4.29582e-04 4.29022e-04 4.28163e-04 4.26979e-04 4.25458e-04 4.23602e-04 4.21416e-04 4.18919e-04 4.16132e-04 4.13078e-04 4.09786e-04 4.06279e-04 4.02585e-04 3.98726e-04 3.94724e-04 3.90601e-04 3.86378e-04 3.82077e-04 3.77722e-04 3.73340e-04 3.68958e-04 3.64608e-04 3.60321e-04 3.56132e-04 3.52072e-04 3.48174e-04 3.44467e-04 3.40978e-04 3.37727e-04 3.34729e-04 3.31990e-04 3.29505e-04 3.27258e-04 3.25221e-04 3.23352e-04 3.21600e-04 3.19903e-04 3.18192e-04 3.16397e-04 3.14450e-04 3.12286e-04 3.09853e-04 3.07109e-04 3.04028e-04 3.00600e-04 2.96827e-04 2.92728e-04 2.88329e-04 2.83668e-04 2.78783e-04 2.73716e-04 2.68505e-04 2.63184e-04 2.57784e-04 2.52328e-04 2.46834e-04 2.41315e-04 2.35780e-04 2.30238e-04 2.24693e-04 2.19151e-04 2.13620e-04 2.08105e-04 2.02619e-04 1.97172e-04 1.91779e-04 1.86456e-04 1.81219e-04 1.76085e-04 1.71068e-04 1.66178e-04 1.61423e-04 1.56803e-04 1.52312e-04 1.47937e-04 1.43657e-04 1.39446e-04 1.35273e-04 1.31103e-04 1.26902e-04 1.22633e-04 1.18264e-04 1.13769e-04 1.09128e-04 1.04329e-04 9.93672e-05 9.42502e-05 8.89926e-05 8.36173e-05 7.81544e-05 7.26394e-05 6.71118e-05 6.16135e-05 5.61869e-05 5.08741e-05 4.57151e-05 4.07472e-05 3.60040e-05 3.15150e-05 2.73053e-05 2.33954e-05 1.98009e-05 1.65328e-05 1.35975e-05 1.09965e-05 8.72661e-06 6.77960e-06 5.14234e-06 3.79656e-06 2.71897e-06 1.88178e-06 1.25346e-06 8.00163e-07 4.87448e-07 2.82277e-07 1.54931e-07 8.04856e-08 3.95991e-08 1.84852e-08 8.18153e-09 3.39610e-09 1.28061e-09 4.10387e-10 9.79824e-11 1.28089e-11 3.13152e-13
7.205157 1.77297e-01 6.30692e-02 1.47393e-02 7.90316e-03 4.49882e-03 2.45913e-03 1.34810e-03 9.00040e-04 8.80448e-04 1.09119e-03 1.38437e-03 1.66380e-03 1.87726e-03 2.00490e-03 2.04793e-03 2.01917e-03 1.93618e-03 1.81690e-03 1.67712e-03 1.52948e-03 1.38331e-03 1.24501e-03 1.11856e-03 1.00607e-03 9.08251e-04 8.24863e-04 7.54993e-04 6.97333e-04 6.50376e-04 6.12569e-04 5.82408e-04 5.58500e-04 5.39591e-04 5.24581e-04 5.12532e-04 5.02667e-04 4.94370e-04 4.87180e-04 4.80775e-04 4.74950e-04 4.69592e-04 4.64651e-04 4.60115e-04 4.55990e-04 4.52281e-04 4.48985e-04 4.46085e-04 4.43545e-04 4.41314e-04 4.39331e-04 4.37526e-04 4.35836e-04 4.34202e-04 4.32583e-04 4.30957e-04 4.29324e-04 4.27705e-04 4.26134e-04 4.24656e-04 4.23319e-04 4.22164e-04 4.21218e-04 4.20490e-04 4.19967e-04 4.19613e-04 4.19374e-04 4.19179e-04 4.18948e-04 4.18598e-04 4.18050e-04 4.17232e-04 4.16087e-04 4.14573e-04 4.12665e-04 4.10355e-04 4.07649e-04 4.04566e-04 4.01138e-04 3.97401e-04 3.93401e-04 3.89181e-04 3.84789e-04 3.80268e-04 3.75658e-04 3.70994e-04 3.66310e-04 3.61631e-04 3.56981e-04 3.52385e-04 3.47862e-04 3.43438e-04 3.39135e-04 3.34981e-04 3.31002e-04 3.27226e-04 3.23676e-04 3.20372e-04 3.17324e-04 3.14536e-04 3.11997e-04 3.09685e-04 3.07566e-04 3.05593e-04 3.03710e-04 3.01852e-04 2.99951e-04 2.97942e-04 2.95762e-04 2.93356e-04 2.90682e-04 2.87710e-04 2.84428e-04 2.80832e-04 2.76937e-04 2.72762e-04 2.68338e-04 2.63696e-04 2.58870e-04 2.53895e-04 2.48798e-04 2.43607e-04 2.38342e-04 2.33020e-04 2.27653e-04 2.22252e-04 2.16824e-04 2.11377e-04 2.05919e-04 2.00459e-04 1.95008e-04 1.89579e-04 1.84189e-04 1.78855e-04 1.73594e-04 1.68426e-04 1.63369e-04 1.58437e-04 1.53645e-04 1.48998e-04 1.44499e-04 1.40142e-04 1.35913e-04 1.31794e-04 1.27757e-04 1.23770e-04 1.19800e-04 1.15809e-04 1.11762e-04 1.07628e-04 1.03379e-04 9.89961e-05 9.44676e-05 8.97909e-05 8.49728e-05 8.00283e-05 7.49806e-05 6.98595e-05 6.46997e-05 5.95399e-05 5.44203e-05 4.93822e-05 4.44654e-05 3.97084e-05 3.51463e-05 3.08108e-05 2.67296e-05 2.29260e-05 1.94186e-05 1.62213e-05 1.33432e-05 1.07886e-05 8.55648e-06 6.64067e-06 5.02957e-06 3.70606e-06 2.64763e-06 1.82689e-06 1.21255e-06 7.70802e-07 4.67286e-07 2.69099e-07 1.46766e-07 7.57062e-08 3.69633e-08 1.71215e-08 7.52541e-09 3.10795e-09 1.16907e-09 3.74662e-10 8.96089e-11 1.17404e-11 2.87509e-13
7.305228 1.72294e-01 6.47931e-02 1.65318e-02 8.61958e-03 4.70127e-03 2.51008e-03 1.37591e-03 9.25201e-04 8.98026e-04 1.09945e-03 1.38646e-03 1.66376e-03 1.87776e-03 2.00709e-03 2.05201e-03 2.02496e-03 1.94337e-03 1.82513e-03 1.68606e-03 1.53887e-03 1.39302e-03 1.25501e-03 1.12885e-03 1.01660e-03 9.18853e-04 8.35209e-04 7.64620e-04 7.05717e-04 6.57022e-04 6.17090e-04 5.84585e-04 5.58305e-04 5.37194e-04 5.20330e-04 5.06915e-04 4.96260e-04 4.87774e-04 4.80951e-04 4.75353e-04 4.70610e-04 4.66411e-04 4.62507e-04 4.58713e-04 4.54907e-04 4.51031e-04 4.47080e-04 4.43096e-04 4.39150e-04 4.35330e-04 4.31725e-04 4.28414e-04 4.25459e-04 4.22896e-04 4.20736e-04 4.18967e-04 4.17555e-04 4.16452e-04 4.15602e-04 4.14944e-04 4.14420e-04 4.13977e-04 4.13570e-04 4.13162e-04 4.12726e-04 4.12241e-04 4.11691e-04 4.11066e-04 4.10353e-04 4.09538e-04 4.08600e-04 4.07517e-04 4.06257e-04 4.04789e-04 4.03076e-04 4.01088e-04 3.98795e-04 3.96179e-04 3.93231e-04 3.89952e-04 3.86354e-04 3.82459e-04 3.78296e-04 3.73901e-04 3.69313e-04 3.64571e-04 3.59718e-04 3.54795e-04 3.49841e-04 3.44894e-04 3.39989e-04 3.35161e-04 3.30441e-04 3.25859e-04 3.21441e-04 3.17212e-04 3.13197e-04 3.09414e-04 3.05879e-04 3.02603e-04 2.99588e-04 2.96828e-04 2.94307e-04 2.91996e-04 2.89856e-04 2.87837e-04 2.85882e-04 2.83927e-04 2.81909e-04 2.79767e-04 2.77445e-04 2.74899e-04 2.72096e-04 2.69017e-04 2.65653e-04 2.62010e-04 2.58102e-04 2.53949e-04 2.49579e-04 2.45020e-04 2.40298e-04 2.35441e-04 2.30470e-04 2.25405e-04 2.20262e-04 2.15053e-04 2.09790e-04 2.04481e-04 1.99135e-04 1.93762e-04 1.88373e-04 1.82981e-04 1.77603e-04 1.72256e-04 1.66961e-04 1.61740e-04 1.56614e-04 1.51604e-04 1.46727e-04 1.41999e-04 1.37428e-04 1.33016e-04 1.28760e-04 1.24646e-04 1.20655e-04 1.16762e-04 1.12934e-04 1.09137e-04 1.05334e-04 1.01491e-04 9.75748e-05 9.35601e-05 8.94269e-05 8.51641e-05 8.07692e-05 7.62487e-05 7.16177e-05 6.68986e-05 6.21203e-05 5.73165e-05 5.25242e-05 4.77821e-05 4.31294e-05 3.86042e-05 3.42427e-05 3.00784e-05 2.61410e-05 2.24564e-05 1.90461e-05 1.59270e-05 1.31112e-05 1.06057e-05 8.41210e-06 6.52665e-06 4.93965e-06 3.63550e-06 2.59287e-06 1.78514e-06 1.18151e-06 7.48464e-07 4.51829e-07 2.58875e-07 1.40332e-07 7.18690e-08 3.48031e-08 1.59803e-08 6.96593e-09 2.85864e-09 1.07169e-09 3.43372e-10 8.22817e-11 1.08084e-11 2.65203e-13
7.405300 1.69217e-01 6.23510e-02 1.53562e-02 8.45955e-03 4.83497e-03 2.62708e-03 1.43165e-03 9.50384e-04 9.17158e-04 1.11924e-03 1.40525e-03 1.67915e-03 1.88906e-03 2.01514e-03 2.05834e-03 2.03110e-03 1.95057e-03 1.83418e-03 1.69727e-03 1.55215e-03 1.40796e-03 1.27097e-03 1.14513e-03 1.03251e-03 9.33835e-04 8.48905e-04 7.76894e-04 7.16624e-04 6.66733e-04 6.25797e-04 5.92420e-04 5.65290e-04 5.43229e-04 5.25218e-04 5.10414e-04 4.98141e-04 4.87873e-04 4.79210e-04 4.71849e-04 4.65558e-04 4.60154e-04 4.55484e-04 4.51413e-04 4.47818e-04 4.44579e-04 4.41581e-04 4.38719e-04 4.35902e-04 4.33061e-04 4.30150e-04 4.27157e-04 4.24096e-04 4.21010e-04 4.17960e-04 4.15022e-04 4.12275e-04 4.09790e-04 4.07631e-04 4.05837e-04 4.04427e-04 4.03394e-04 4.02709e-04 4.02319e-04 4.02158e-04 4.02149e-04 4.02208e-04 4.02252e-04 4.02205e-04 4.01994e-04 4.01560e-04 4.00854e-04 3.99839e-04 3.98491e-04 3.96796e-04 3.94753e-04 3.92366e-04 3.89650e-04 3.86620e-04 3.83297e-04 3.79701e-04 3.75853e-04 3.71776e-04 3.67489e-04 3.63017e-04 3.58381e-04 3.53608e-04 3.48724e-04 3.43758e-04 3.38742e-04 3.33705e-04 3.28682e-04 3.23705e-04 3.18808e-04 3.14025e-04 3.09389e-04 3.04932e-04 3.00683e-04 2.96669e-04 2.92911e-04 2.89420e-04 2.86204e-04 2.83257e-04 2.80564e-04 2.78099e-04 2.75827e-04 2.73701e-04 2.71669e-04 2.69673e-04 2.67653e-04 2.65551e-04 2.63313e-04 2.60892e-04 2.58252e-04 2.55367e-04 2.52225e-04 2.48822e-04 2.45166e-04 2.41270e-04 2.37155e-04 2.32842e-04 2.28354e-04 2.23713e-04 2.18939e-04 2.14049e-04 2.09058e-04 2.03979e-04 1.98822e-04 1.93599e-04 1.88320e-04 1.82998e-04 1.77646e-04 1.72280e-04 1.66918e-04 1.61582e-04 1.56294e-04 1.51078e-04 1.45959e-04 1.40961e-04 1.36103e-04 1.31403e-04 1.26870e-04 1.22510e-04 1.18318e-04 1.14282e-04 1.10385e-04 1.06598e-04 1.02893e-04 9.92333e-05 9.55840e-05 9.19102e-05 8.81808e-05 8.43697e-05 8.04581e-05 7.64351e-05 7.22986e-05 6.80551e-05 6.37192e-05 5.93127e-05 5.48633e-05 5.04032e-05 4.59677e-05 4.15935e-05 3.73177e-05 3.31762e-05 2.92031e-05 2.54296e-05 2.18835e-05 1.85886e-05 1.55643e-05 1.28255e-05 1.03819e-05 8.23772e-06 6.39144e-06 4.83546e-06 3.55593e-06 2.53287e-06 1.74072e-06 1.14939e-06 7.25948e-07 4.36611e-07 2.49015e-07 1.34236e-07 6.82852e-08 3.28080e-08 1.49346e-08 6.45588e-09 2.63204e-09 9.83380e-10 3.15061e-10 7.56739e-11 9.97100e-12 2.45218e-13
7.505371 1.63938e-01 6.30131e-02 1.62385e-02 8.58534e-03 4.80204e-03 2.62458e-03 1.45973e-03 9.80944e-04 9.40163e-04 1.13725e-03 1.42196e-03 1.69538e-03 1.90381e-03 2.02736e-03 2.06782e-03 2.03847e-03 1.95693e-03 1.84069e-03 1.70486e-03 1.56135e-03 1.41886e-03 1.28327e-03 1.15824e-03 1.04575e-03 9.46569e-04 8.60625e-04 7.87284e-04 7.25550e-04 6.74216e-04 6.31975e-04 5.97504e-04 5.69536e-04 5.46906e-04 5.28576e-04 5.13647e-04 5.01359e-04 4.91084e-04 4.82314e-04 4.74655e-04 4.67811e-04 4.61571e-04 4.55798e-04 4.50408e-04 4.45360e-04 4.40636e-04 4.36235e-04 4.32158e-04 4.28407e-04 4.24976e-04 4.21848e-04 4.18999e-04 4.16390e-04 4.13979e-04 4.11723e-04 4.09580e-04 4.07518e-04 4.05517e-04 4.03570e-04 4.01686e-04 3.99888e-04 3.98203e-04 3.96666e-04 3.95308e-04 3.94153e-04 3.93212e-04 3.92479e-04 3.91929e-04 3.91521e-04 3.91194e-04 3.90877e-04 3.90493e-04 3.89961e-04 3.89205e-04 3.88159e-04 3.86770e-04 3.84997e-04 3.82818e-04 3.80224e-04 3.77220e-04 3.73826e-04 3.70070e-04 3.65990e-04 3.61629e-04 3.57031e-04 3.52243e-04 3.47306e-04 3.42262e-04 3.37145e-04 3.31988e-04 3.26820e-04 3.21665e-04 3.16550e-04 3.11499e-04 3.06539e-04 3.01696e-04 2.96998e-04 2.92473e-04 2.88146e-04 2.84043e-04 2.80183e-04 2.76583e-04 2.73248e-04 2.70180e-04 2.67368e-04 2.64792e-04 2.62419e-04 2.60212e-04 2.58120e-04 2.56092e-04 2.54071e-04 2.52001e-04 2.49832e-04 2.47517e-04 2.45018e-04 2.42307e-04 2.39367e-04 2.36187e-04 2.32769e-04 2.29118e-04 2.25247e-04 2.21172e-04 2.16909e-04 2.12478e-04 2.07893e-04 2.03172e-04 1.98326e-04 1.93370e-04 1.88314e-04 1.83170e-04 1.77951e-04 1.72672e-04 1.67348e-04 1.61998e-04 1.56644e-04 1.51310e-04 1.46021e-04 1.40805e-04 1.35688e-04 1.30696e-04 1.25852e-04 1.21173e-04 1.16672e-04 1.12354e-04 1.08217e-04 1.04249e-04 1.00432e-04 9.67409e-05 9.31447e-05 8.96095e-05 8.61006e-05 8.25842e-05 7.90301e-05 7.54134e-05 7.17162e-05 6.79284e-05 6.40483e-05 6.00823e-05 5.60446e-05 5.19560e-05 4.78428e-05 4.37353e-05 3.96666e-05 3.56711e-05 3.17833e-05 2.80366e-05 2.44625e-05 2.10897e-05 1.79436e-05 1.50456e-05 1.24125e-05 1.00565e-05 7.98419e-06 6.19627e-06 4.68725e-06 3.44517e-06 2.45166e-06 1.68251e-06 1.10880e-06 6.98540e-07 4.18775e-07 2.37878e-07 1.27586e-07 6.44991e-08 3.07575e-08 1.38834e-08 5.95119e-09 2.41000e-09 8.97268e-10 2.87505e-10 6.92440e-11 9.15606e-12 2.25769e-13
7.605443 1.59539e-01 6.25010e-02 1.66368e-02 8.97181e-03 5.02834e-03 2.73348e-03 1.51538e-03 1.01645e-03 9.64141e-04 1.15063e-03 1.42665e-03 1.69520e-03 1.90272e-03 2.02820e-03 2.07200e-03 2.04623e-03 1.96771e-03 1.85356e-03 1.71883e-03 1.57561e-03 1.43293e-03 1.29704e-03 1.17187e-03 1.05953e-03 9.60734e-04 8.75235e-04 8.02142e-04 7.40218e-04 6.88093e-04 6.44416e-04 6.07946e-04 5.77595e-04 5.52431e-04 5.31659e-04 5.14593e-04 5.00631e-04 4.89235e-04 4.79915e-04 4.72227e-04 4.65772e-04 4.60201e-04 4.55218e-04 4.50583e-04 4.46120e-04 4.41710e-04 4.37289e-04 4.32843e-04 4.28391e-04 4.23979e-04 4.19665e-04 4.15513e-04 4.11580e-04 4.07918e-04 4.04567e-04 4.01551e-04 3.98884e-04 3.96563e-04 3.94571e-04 3.92882e-04 3.91459e-04 3.90260e-04 3.89238e-04 3.88351e-04 3.87557e-04 3.86821e-04 3.86115e-04 3.85416e-04 3.84704e-04 3.83965e-04 3.83182e-04 3.82335e-04 3.81403e-04 3.80355e-04 3.79157e-04 3.77770e-04 3.76154e-04 3.74270e-04 3.72081e-04 3.69559e-04 3.66688e-04 3.63459e-04 3.59878e-04 3.55958e-04 3.51723e-04 3.47206e-04 3.42443e-04 3.37474e-04 3.32344e-04 3.27096e-04 3.21775e-04 3.16422e-04 3.11078e-04 3.05781e-04 3.00564e-04 2.95460e-04 2.90498e-04 2.85703e-04 2.81101e-04 2.76714e-04 2.72560e-04 2.68658e-04 2.65017e-04 2.61643e-04 2.58535e-04 2.55681e-04 2.53062e-04 2.50650e-04 2.48409e-04 2.46296e-04 2.44263e-04 2.42258e-04 2.40232e-04 2.38136e-04 2.35926e-04 2.33564e-04 2.31020e-04 2.28272e-04 2.25307e-04 2.22119e-04 2.18707e-04 2.15076e-04 2.11236e-04 2.07198e-04 2.02973e-04 1.98576e-04 1.94019e-04 1.89313e-04 1.84472e-04 1.79507e-04 1.74431e-04 1.69259e-04 1.64007e-04 1.58693e-04 1.53338e-04 1.47968e-04 1.42608e-04 1.37289e-04 1.32038e-04 1.26888e-04 1.21865e-04 1.16994e-04 1.12297e-04 1.07786e-04 1.03470e-04 9.93460e-05 9.54051e-05 9.16298e-05 8.79957e-05 8.44732e-05 8.10295e-05 7.76307e-05 7.42438e-05 7.08397e-05 6.73943e-05 6.38901e-05 6.03173e-05 5.66741e-05 5.29664e-05 4.92073e-05 4.54162e-05 4.16177e-05 3.78402e-05 3.41144e-05 3.04724e-05 2.69462e-05 2.35667e-05 2.03632e-05 1.73620e-05 1.45861e-05 1.20543e-05 9.78105e-06 7.77520e-06 6.03991e-06 4.57195e-06 3.36143e-06 2.39186e-06 1.64062e-06 1.08009e-06 6.79360e-07 4.06334e-07 2.30071e-07 1.22864e-07 6.17548e-08 2.92318e-08 1.30784e-08 5.55396e-09 2.23132e-09 8.26936e-10 2.64834e-10 6.39480e-11 8.48633e-12 2.09828e-13
7.705515 1.56485e-01 6.13281e-02 1.62406e-02 8.93226e-03 5.09902e-03 2.79878e-03 1.55053e-03 1.03351e-03 9.77122e-04 1.16502e-03 1.44155e-03 1.70793e-03 1.91158e-03 2.03312e-03 2.07407e-03 2.04701e-03 1.96871e-03 1.85594e-03 1.72330e-03 1.58243e-03 1.44198e-03 1.30790e-03 1.18394e-03 1.07211e-03 9.73181e-04 8.87051e-04 8.13046e-04 7.50162e-04 6.97224e-04 6.52991e-04 6.16229e-04 5.85758e-04 5.60484e-04 5.39434e-04 5.21771e-04 5.06803e-04 4.93981e-04 4.82888e-04 4.73217e-04 4.64741e-04 4.57296e-04 4.50749e-04 4.44988e-04 4.39901e-04 4.35378e-04 4.31299e-04 4.27545e-04 4.23998e-04 4.20555e-04 4.17129e-04 4.13665e-04 4.10136e-04 4.06547e-04 4.02929e-04 3.99334e-04 3.95826e-04 3.92474e-04 3.89344e-04 3.86491e-04 3.83959e-04 3.81777e-04 3.79955e-04 3.78487e-04 3.77349e-04 3.76503e-04 3.75897e-04 3.75470e-04 3.75152e-04 3.74872e-04 3.74559e-04 3.74148e-04 3.73578e-04 3.72799e-04 3.71771e-04 3.70464e-04 3.68855e-04 3.66934e-04 3.64693e-04 3.62132e-04 3.59256e-04 3.56071e-04 3.52586e-04 3.48815e-04 3.44773e-04 3.40477e-04 3.35950e-04 3.31217e-04 3.26306e-04 3.21246e-04 3.16069e-04 3.10810e-04 3.05501e-04 3.00179e-04 2.94876e-04 2.89629e-04 2.84472e-04 2.79440e-04 2.74566e-04 2.69882e-04 2.65417e-04 2.61193e-04 2.57230e-04 2.53540e-04 2.50128e-04 2.46992e-04 2.44121e-04 2.41494e-04 2.39084e-04 2.36855e-04 2.34763e-04 2.32764e-04 2.30806e-04 2.28842e-04 2.26825e-04 2.24712e-04 2.22466e-04 2.20057e-04 2.17463e-04 2.14668e-04 2.11663e-04 2.08443e-04 2.05009e-04 2.01365e-04 1.97518e-04 1.93474e-04 1.89243e-04 1.84834e-04 1.80257e-04 1.75523e-04 1.70645e-04 1.65635e-04 1.60510e-04 1.55287e-04 1.49988e-04 1.44636e-04 1.39259e-04 1.33886e-04 1.28549e-04 1.23280e-04 1.18111e-04 1.13074e-04 1.08195e-04 1.03495e-04 9.89913e-05 9.46908e-05 9.05934e-05 8.66904e-05 8.29653e-05 7.93948e-05 7.59504e-05 7.26006e-05 6.93130e-05 6.60562e-05 6.28025e-05 5.95290e-05 5.62195e-05 5.28647e-05 4.94628e-05 4.60195e-05 4.25468e-05 3.90628e-05 3.55900e-05 3.21544e-05 2.87844e-05 2.55091e-05 2.23579e-05 1.93588e-05 1.65381e-05 1.39194e-05 1.15225e-05 9.36326e-06 7.45237e-06 5.79489e-06 4.38963e-06 3.22871e-06 2.29758e-06 1.57546e-06 1.03643e-06 6.51090e-07 3.88706e-07 2.19515e-07 1.16803e-07 5.84196e-08 2.74744e-08 1.21942e-08 5.13364e-09 2.04684e-09 7.55226e-10 2.41790e-10 5.85496e-11 7.80025e-12 1.93432e-13
7.805586 1.51540e-01 6.17457e-02 1.68068e-02 8.95582e-03 5.05888e-03 2.80069e-03 1.57972e-03 1.06484e-03 1.00087e-03 1.18225e-03 1.45594e-03 1.72176e-03 1.92527e-03 2.04604e-03 2.08541e-03 2.05632e-03 1.97608e-03 1.86199e-03 1.72901e-03 1.58890e-03 1.45011e-03 1.31824e-03 1.19655e-03 1.08662e-03 9.88906e-04 9.03130e-04 8.28637e-04 7.64560e-04 7.09935e-04 6.63758e-04 6.25024e-04 5.92751e-04 5.66001e-04 5.43896e-04 5.25632e-04 5.10485e-04 4.97813e-04 4.87060e-04 4.77755e-04 4.69517e-04 4.62047e-04 4.55129e-04 4.48621e-04 4.42437e-04 4.36542e-04 4.30929e-04 4.25612e-04 4.20609e-04 4.15938e-04 4.11609e-04 4.07621e-04 4.03954e-04 4.00580e-04 3.97454e-04 3.94529e-04 3.91753e-04 3.89085e-04 3.86491e-04 3.83957e-04 3.81484e-04 3.79088e-04 3.76798e-04 3.74650e-04 3.72681e-04 3.70924e-04 3.69400e-04 3.68119e-04 3.67072e-04 3.66235e-04 3.65567e-04 3.65013e-04 3.64507e-04 3.63976e-04 3.63345e-04 3.62539e-04 3.61491e-04 3.60142e-04 3.58445e-04 3.56369e-04 3.53896e-04 3.51023e-04 3.47760e-04 3.44128e-04 3.40158e-04 3.35885e-04 3.31350e-04 3.26593e-04 3.21654e-04 3.16573e-04 3.11385e-04 3.06124e-04 3.00822e-04 2.95508e-04 2.90211e-04 2.84957e-04 2.79774e-04 2.74688e-04 2.69726e-04 2.64914e-04 2.60277e-04 2.55841e-04 2.51626e-04 2.47655e-04 2.43941e-04 2.40493e-04 2.37315e-04 2.34400e-04 2.31733e-04 2.29289e-04 2.27037e-04 2.24939e-04 2.22949e-04 2.21021e-04 2.19108e-04 2.17162e-04 2.15140e-04 2.13004e-04 2.10722e-04 2.08268e-04 2.05623e-04 2.02775e-04 1.99717e-04 1.96445e-04 1.92960e-04 1.89266e-04 1.85367e-04 1.81268e-04 1.76977e-04 1.72501e-04 1.67851e-04 1.63037e-04 1.58074e-04 1.52978e-04 1.47767e-04 1.42466e-04 1.37101e-04 1.31701e-04 1.26299e-04 1.20928e-04 1.15624e-04 1.10422e-04 1.05354e-04 1.00449e-04 9.57298e-05 9.12144e-05 8.69115e-05 8.28216e-05 7.89371e-05 7.52425e-05 7.17157e-05 6.83295e-05 6.50538e-05 6.18578e-05 5.87118e-05 5.55894e-05 5.24691e-05 4.93356e-05 4.61802e-05 4.30010e-05 3.98031e-05 3.65975e-05 3.34006e-05 3.02330e-05 2.71184e-05 2.40825e-05 2.11519e-05 1.83529e-05 1.57108e-05 1.32490e-05 1.09879e-05 8.94412e-06 7.12973e-06 5.55144e-06 4.20990e-06 3.09918e-06 2.20667e-06 1.51350e-06 9.95548e-07 6.25050e-07 3.72740e-07 2.10108e-07 1.11481e-07 5.55272e-08 2.59627e-08 1.14364e-08 4.77312e-09 1.88802e-09 6.93187e-10 2.21765e-10 5.38434e-11 7.20102e-12 1.79099e-13
7.905658 1.47322e-01 6.09143e-02 1.72771e-02 9.48457e-03 5.33450e-03 2.90950e-03 1.62684e-03 1.09749e-03 1.02830e-03 1.20228e-03 1.46735e-03 1.72635e-03 1.92625e-03 2.04649e-03 2.08750e-03 2.06122e-03 1.98414e-03 1.87293e-03 1.74215e-03 1.60334e-03 1.46496e-03 1.33279e-03 1.21040e-03 1.09972e-03 1.00149e-03 9.15611e-04 8.41407e-04 7.77855e-04 7.23740e-04 6.77799e-04 6.38820e-04 6.05715e-04 5.77552e-04 5.53559e-04 5.33107e-04 5.15679e-04 5.00844e-04 4.88232e-04 4.77510e-04 4.68378e-04 4.60550e-04 4.53760e-04 4.47758e-04 4.42319e-04 4.37244e-04 4.32372e-04 4.27585e-04 4.22810e-04 4.18016e-04 4.13210e-04 4.08426e-04 4.03719e-04 3.99149e-04 3.94778e-04 3.90661e-04 3.86844e-04 3.83357e-04 3.80215e-04 3.77417e-04 3.74948e-04 3.72779e-04 3.70871e-04 3.69181e-04 3.67664e-04 3.66278e-04 3.64990e-04 3.63773e-04 3.62608e-04 3.61485e-04 3.60399e-04 3.59342e-04 3.58306e-04 3.57275e-04 3.56225e-04 3.55124e-04 3.53929e-04 3.52594e-04 3.51069e-04 3.49305e-04 3.47255e-04 3.44884e-04 3.42163e-04 3.39076e-04 3.35621e-04 3.31806e-04 3.27651e-04 3.23185e-04 3.18445e-04 3.13476e-04 3.08322e-04 3.03032e-04 2.97653e-04 2.92230e-04 2.86804e-04 2.81413e-04 2.76091e-04 2.70868e-04 2.65772e-04 2.60827e-04 2.56054e-04 2.51475e-04 2.47106e-04 2.42963e-04 2.39060e-04 2.35403e-04 2.31997e-04 2.28842e-04 2.25931e-04 2.23251e-04 2.20781e-04 2.18497e-04 2.16365e-04 2.14349e-04 2.12409e-04 2.10500e-04 2.08581e-04 2.06610e-04 2.04550e-04 2.02365e-04 2.00028e-04 1.97515e-04 1.94811e-04 1.91901e-04 1.88780e-04 1.85442e-04 1.81888e-04 1.78120e-04 1.74140e-04 1.69954e-04 1.65570e-04 1.60995e-04 1.56240e-04 1.51321e-04 1.46252e-04 1.41055e-04 1.35754e-04 1.30378e-04 1.24957e-04 1.19527e-04 1.14124e-04 1.08785e-04 1.03547e-04 9.84457e-05 9.35106e-05 8.87672e-05 8.42337e-05 7.99204e-05 7.58292e-05 7.19536e-05 6.82794e-05 6.47858e-05 6.14473e-05 5.82353e-05 5.51206e-05 5.20753e-05 4.90743e-05 4.60974e-05 4.31299e-05 4.01635e-05 3.71961e-05 3.42320e-05 3.12810e-05 2.83578e-05 2.54808e-05 2.26715e-05 1.99528e-05 1.73487e-05 1.48827e-05 1.25771e-05 1.04523e-05 8.52505e-06 6.80851e-06 5.31063e-06 4.03370e-06 2.97361e-06 2.11974e-06 1.45519e-06 9.57740e-07 6.01418e-07 3.58524e-07 2.01884e-07 1.06901e-07 5.30658e-08 2.46833e-08 1.07943e-08 4.46561e-09 1.75124e-09 6.39219e-10 2.04193e-10 4.96858e-11 6.66916e-12 1.66343e-13
8.005730 1.44453e-01 5.95894e-02 1.64269e-02 9.03084e-03 5.23607e-03 2.94488e-03 1.67258e-03 1.12474e-03 1.04356e-03 1.21409e-03 1.47866e-03 1.73663e-03 1.93433e-03 2.05179e-03 2.09020e-03 2.06208e-03 1.98419e-03 1.87331e-03 1.74385e-03 1.60709e-03 1.47113e-03 1.34137e-03 1.22108e-03 1.11196e-03 1.01461e-03 9.28901e-04 8.54243e-04 7.89770e-04 7.34487e-04 6.87357e-04 6.47366e-04 6.13544e-04 5.84985e-04 5.60851e-04 5.40379e-04 5.22893e-04 5.07814e-04 4.94662e-04 4.83059e-04 4.72720e-04 4.63432e-04 4.55045e-04 4.47450e-04 4.40564e-04 4.34318e-04 4.28646e-04 4.23480e-04 4.18746e-04 4.14359e-04 4.10231e-04 4.06275e-04 4.02411e-04 3.98578e-04 3.94736e-04 3.90871e-04 3.86995e-04 3.83143e-04 3.79363e-04 3.75714e-04 3.72256e-04 3.69044e-04 3.66122e-04 3.63523e-04 3.61263e-04 3.59340e-04 3.57739e-04 3.56428e-04 3.55361e-04 3.54483e-04 3.53732e-04 3.53043e-04 3.52354e-04 3.51606e-04 3.50747e-04 3.49735e-04 3.48536e-04 3.47124e-04 3.45480e-04 3.43587e-04 3.41434e-04 3.39009e-04 3.36302e-04 3.33306e-04 3.30016e-04 3.26432e-04 3.22557e-04 3.18404e-04 3.13988e-04 3.09332e-04 3.04463e-04 2.99414e-04 2.94219e-04 2.88917e-04 2.83547e-04 2.78148e-04 2.72761e-04 2.67424e-04 2.62174e-04 2.57047e-04 2.52073e-04 2.47282e-04 2.42696e-04 2.38336e-04 2.34218e-04 2.30351e-04 2.26742e-04 2.23390e-04 2.20290e-04 2.17430e-04 2.14793e-04 2.12356e-04 2.10092e-04 2.07969e-04 2.05953e-04 2.04006e-04 2.02091e-04 2.00171e-04 1.98208e-04 1.96170e-04 1.94024e-04 1.91744e-04 1.89305e-04 1.86689e-04 1.83879e-04 1.80865e-04 1.77639e-04 1.74196e-04 1.70533e-04 1.66652e-04 1.62556e-04 1.58250e-04 1.53742e-04 1.49044e-04 1.44169e-04 1.39136e-04 1.33965e-04 1.28683e-04 1.23319e-04 1.17906e-04 1.12481e-04 1.07082e-04 1.01748e-04 9.65169e-05 9.14250e-05 8.65037e-05 8.17788e-05 7.72691e-05 7.29854e-05 6.89302e-05 6.50975e-05 6.14742e-05 5.80408e-05 5.47733e-05 5.16450e-05 4.86287e-05 4.56984e-05 4.28310e-05 4.00078e-05 3.72154e-05 3.44460e-05 3.16976e-05 2.89740e-05 2.62838e-05 2.36399e-05 2.10589e-05 1.85594e-05 1.61619e-05 1.38873e-05 1.17558e-05 9.78638e-06 7.99548e-06 6.39608e-06 4.99678e-06 3.80087e-06 2.80571e-06 2.00239e-06 1.37597e-06 9.06270e-07 5.69347e-07 3.39421e-07 1.91032e-07 1.01025e-07 5.00275e-08 2.31770e-08 1.00758e-08 4.13701e-09 1.60993e-09 5.84462e-10 1.86437e-10 4.54616e-11 6.12375e-12 1.53163e-13
8.105801 1.39096e-01 6.03737e-02 1.77706e-02 9.57534e-03 5.37000e-03 2.96348e-03 1.68298e-03 1.14008e-03 1.05687e-03 1.22332e-03 1.48648e-03 1.74579e-03 1.94563e-03 2.06437e-03 2.10266e-03 2.07327e-03 1.99360e-03 1.88105e-03 1.75053e-03 1.61357e-03 1.47831e-03 1.34998e-03 1.23157e-03 1.12442e-03 1.02883e-03 9.44391e-04 8.70382e-04 8.05909e-04 7.50043e-04 7.01877e-04 6.60541e-04 6.25211e-04 5.95108e-04 5.69499e-04 5.47713e-04 5.29142e-04 5.13248e-04 4.99567e-04 4.87695e-04 4.77288e-04 4.68051e-04 4.59734e-04 4.52131e-04 4.45081e-04 4.38458e-04 4.32179e-04 4.26191e-04 4.20465e-04 4.14995e-04 4.09786e-04 4.04850e-04 4.00199e-04 3.95840e-04 3.91771e-04 3.87979e-04 3.84435e-04 3.81104e-04 3.77943e-04 3.74910e-04 3.71971e-04 3.69104e-04 3.66301e-04 3.63571e-04 3.60936e-04 3.58427e-04 3.56081e-04 3.53929e-04 3.51997e-04 3.50299e-04 3.48836e-04 3.47591e-04 3.46533e-04 3.45615e-04 3.44781e-04 3.43964e-04 3.43093e-04 3.42097e-04 3.40908e-04 3.39467e-04 3.37725e-04 3.35648e-04 3.33213e-04 3.30414e-04 3.27256e-04 3.23753e-04 3.19929e-04 3.15810e-04 3.11430e-04 3.06818e-04 3.02010e-04 2.97037e-04 2.91933e-04 2.86730e-04 2.81458e-04 2.76149e-04 2.70834e-04 2.65540e-04 2.60299e-04 2.55137e-04 2.50083e-04 2.45165e-04 2.40409e-04 2.35841e-04 2.31482e-04 2.27352e-04 2.23467e-04 2.19834e-04 2.16457e-04 2.13334e-04 2.10453e-04 2.07799e-04 2.05348e-04 2.03073e-04 2.00942e-04 1.98918e-04 1.96965e-04 1.95045e-04 1.93122e-04 1.91161e-04 1.89130e-04 1.86999e-04 1.84743e-04 1.82340e-04 1.79771e-04 1.77019e-04 1.74072e-04 1.70919e-04 1.67552e-04 1.63967e-04 1.60162e-04 1.56136e-04 1.51893e-04 1.47441e-04 1.42788e-04 1.37950e-04 1.32945e-04 1.27794e-04 1.22526e-04 1.17171e-04 1.11763e-04 1.06341e-04 1.00945e-04 9.56133e-05 9.03869e-05 8.53022e-05 8.03913e-05 7.56808e-05 7.11900e-05 6.69300e-05 6.29040e-05 5.91069e-05 5.55265e-05 5.21446e-05 4.89389e-05 4.58845e-05 4.29561e-05 4.01295e-05 3.73836e-05 3.47010e-05 3.20692e-05 2.94810e-05 2.69343e-05 2.44323e-05 2.19823e-05 1.95957e-05 1.72868e-05 1.50720e-05 1.29690e-05 1.09956e-05 9.16887e-06 7.50405e-06 6.01368e-06 4.70647e-06 3.58637e-06 2.65189e-06 1.89568e-06 1.30458e-06 8.60373e-07 5.41087e-07 3.22804e-07 1.81717e-07 9.60451e-08 4.74806e-08 2.19235e-08 9.47899e-09 3.86297e-09 1.49109e-09 5.37933e-10 1.71193e-10 4.18029e-11 5.64814e-12 1.41622e-13
8.205873 1.36938e-01 5.89514e-02 1.70986e-02 9.48937e-03 5.45446e-03 3.03702e-03 1.72046e-03 1.16035e-03 1.07279e-03 1.23671e-03 1.49527e-03 1.74886e-03 1.94374e-03 2.05943e-03 2.09689e-03 2.06865e-03 1.99159e-03 1.88245e-03 1.75543e-03 1.62149e-03 1.48839e-03 1.36123e-03 1.24312e-03 1.13569e-03 1.03957e-03 9.54676e-04 8.80500e-04 8.16213e-04 7.60811e-04 7.13208e-04 6.72318e-04 6.37124e-04 6.06720e-04 5.80342e-04 5.57370e-04 5.37313e-04 5.19787e-04 5.04476e-04 4.91112e-04 4.79449e-04 4.69254e-04 4.60304e-04 4.52386e-04 4.45304e-04 4.38879e-04 4.32954e-04 4.27396e-04 4.22098e-04 4.16980e-04 4.11985e-04 4.07082e-04 4.02257e-04 3.97517e-04 3.92879e-04 3.88370e-04 3.84024e-04 3.79875e-04 3.75955e-04 3.72293e-04 3.68905e-04 3.65800e-04 3.62970e-04 3.60399e-04 3.58057e-04 3.55908e-04 3.53914e-04 3.52041e-04 3.50260e-04 3.48551e-04 3.46903e-04 3.45313e-04 3.43784e-04 3.42315e-04 3.40905e-04 3.39543e-04 3.38210e-04 3.36874e-04 3.35495e-04 3.34027e-04 3.32416e-04 3.30609e-04 3.28556e-04 3.26213e-04 3.23544e-04 3.20526e-04 3.17148e-04 3.13412e-04 3.09335e-04 3.04943e-04 3.00273e-04 2.95368e-04 2.90275e-04 2.85040e-04 2.79712e-04 2.74332e-04 2.68942e-04 2.63577e-04 2.58269e-04 2.53046e-04 2.47932e-04 2.42950e-04 2.38120e-04 2.33459e-04 2.28983e-04 2.24706e-04 2.20642e-04 2.16801e-04 2.13189e-04 2.09811e-04 2.06665e-04 2.03745e-04 2.01040e-04 1.98532e-04 1.96197e-04 1.94008e-04 1.91932e-04 1.89936e-04 1.87982e-04 1.86036e-04 1.84062e-04 1.82028e-04 1.79904e-04 1.77664e-04 1.75285e-04 1.72747e-04 1.70034e-04 1.67133e-04 1.64033e-04 1.60724e-04 1.57201e-04 1.53460e-04 1.49499e-04 1.45320e-04 1.40928e-04 1.36334e-04 1.31550e-04 1.26594e-04 1.21490e-04 1.16264e-04 1.10949e-04 1.05580e-04 1.00197e-04 9.48399e-05 8.95495e-05 8.43659e-05 7.93262e-05 7.44627e-05 6.98021e-05 6.53635e-05 6.11585e-05 5.71903e-05 5.34547e-05 4.99403e-05 4.66304e-05 4.35043e-05 4.05391e-05 3.77115e-05 3.49996e-05 3.23838e-05 2.98483e-05 2.73819e-05 2.49778e-05 2.26340e-05 2.03528e-05 1.81406e-05 1.60071e-05 1.39644e-05 1.20264e-05 1.02078e-05 8.52326e-06 6.98612e-06 5.60776e-06 4.39639e-06 3.35612e-06 2.48618e-06 1.78045e-06 1.22745e-06 8.10861e-07 5.10716e-07 3.05062e-07 1.71870e-07 9.08545e-08 4.48748e-08 2.06696e-08 8.89624e-09 3.60107e-09 1.37909e-09 4.94294e-10 1.56848e-10 3.83309e-11 5.19249e-12 1.30488e-13
8.305944 1.32431e-01 5.79968e-02 1.71094e-02 9.41066e-03 5.41305e-03 3.04400e-03 1.74514e-03 1.18245e-03 1.08918e-03 1.25063e-03 1.50876e-03 1.76147e-03 1.95409e-03 2.06665e-03 2.10108e-03 2.07064e-03 1.99257e-03 1.88358e-03 1.75768e-03 1.62551e-03 1.49451e-03 1.36951e-03 1.25339e-03 1.14760e-03 1.05269e-03 9.68516e-04 8.94557e-04 8.30023e-04 7.73998e-04 7.25528e-04 6.83681e-04 6.47589e-04 6.16464e-04 5.89598e-04 5.66361e-04 5.46191e-04 5.28589e-04 5.13121e-04 4.99415e-04 4.87167e-04 4.76134e-04 4.66134e-04 4.57036e-04 4.48743e-04 4.41183e-04 4.34295e-04 4.28020e-04 4.22292e-04 4.17038e-04 4.12178e-04 4.07629e-04 4.03310e-04 3.99147e-04 3.95081e-04 3.91069e-04 3.87087e-04 3.83130e-04 3.79205e-04 3.75335e-04 3.71549e-04 3.67883e-04 3.64372e-04 3.61050e-04 3.57949e-04 3.55092e-04 3.52496e-04 3.50165e-04 3.48092e-04 3.46257e-04 3.44629e-04 3.43167e-04 3.41823e-04 3.40547e-04 3.39289e-04 3.38006e-04 3.36660e-04 3.35219e-04 3.33660e-04 3.31960e-04 3.30103e-04 3.28069e-04 3.25839e-04 3.23393e-04 3.20710e-04 3.17770e-04 3.14558e-04 3.11060e-04 3.07274e-04 3.03199e-04 2.98848e-04 2.94238e-04 2.89393e-04 2.84347e-04 2.79136e-04 2.73803e-04 2.68392e-04 2.62946e-04 2.57510e-04 2.52125e-04 2.46827e-04 2.41651e-04 2.36623e-04 2.31767e-04 2.27102e-04 2.22643e-04 2.18399e-04 2.14377e-04 2.10581e-04 2.07011e-04 2.03663e-04 2.00532e-04 1.97607e-04 1.94875e-04 1.92319e-04 1.89920e-04 1.87654e-04 1.85493e-04 1.83410e-04 1.81373e-04 1.79351e-04 1.77312e-04 1.75225e-04 1.73062e-04 1.70795e-04 1.68402e-04 1.65861e-04 1.63153e-04 1.60265e-04 1.57184e-04 1.53900e-04 1.50406e-04 1.46698e-04 1.42774e-04 1.38635e-04 1.34286e-04 1.29736e-04 1.24998e-04 1.20091e-04 1.15038e-04 1.09866e-04 1.04608e-04 9.93008e-05 9.39829e-05 8.86956e-05 8.34800e-05 7.83758e-05 7.34196e-05 6.86431e-05 6.40719e-05 5.97245e-05 5.56118e-05 5.17366e-05 4.80948e-05 4.46758e-05 4.14638e-05 3.84398e-05 3.55828e-05 3.28717e-05 3.02868e-05 2.78106e-05 2.54293e-05 2.31326e-05 2.09146e-05 1.87736e-05 1.67113e-05 1.47332e-05 1.28471e-05 1.10631e-05 9.39235e-06 7.84644e-06 6.43637e-06 5.17166e-06 4.05932e-06 3.10297e-06 2.30202e-06 1.65112e-06 1.14010e-06 7.54348e-07 4.75845e-07 2.84624e-07 1.60531e-07 8.49120e-08 4.19306e-08 1.92840e-08 8.27173e-09 3.32982e-09 1.26647e-09 4.51181e-10 1.42739e-10 3.48974e-11 4.73772e-12 1.19293e-13
8.406016 1.28291e-01 5.84053e-02 1.79031e-02 9.72072e-03 5.50709e-03 3.07405e-03 1.76441e-03 1.19942e-03 1.10063e-03 1.25496e-03 1.50791e-03 1.75883e-03 1.95246e-03 2.06748e-03 2.10454e-03 2.07612e-03 1.99909e-03 1.89020e-03 1.76373e-03 1.63074e-03 1.49913e-03 1.37409e-03 1.25864e-03 1.15424e-03 1.06117e-03 9.78997e-04 9.06844e-04 8.43649e-04 7.88337e-04 7.39919e-04 6.97537e-04 6.60464e-04 6.28081e-04 5.99844e-04 5.75262e-04 5.53878e-04 5.35267e-04 5.19031e-04 5.04810e-04 4.92279e-04 4.81154e-04 4.71191e-04 4.62184e-04 4.53962e-04 4.46385e-04 4.39340e-04 4.32741e-04 4.26523e-04 4.20640e-04 4.15062e-04 4.09774e-04 4.04766e-04 4.00036e-04 3.95581e-04 3.91388e-04 3.87442e-04 3.83712e-04 3.80165e-04 3.76760e-04 3.73460e-04 3.70233e-04 3.67058e-04 3.63926e-04 3.60840e-04 3.57815e-04 3.54872e-04 3.52037e-04 3.49340e-04 3.46805e-04 3.44451e-04 3.42291e-04 3.40328e-04 3.38551e-04 3.36941e-04 3.35463e-04 3.34074e-04 3.32720e-04 3.31342e-04 3.29881e-04 3.28277e-04 3.26479e-04 3.24445e-04 3.22143e-04 3.19553e-04 3.16663e-04 3.13473e-04 3.09988e-04 3.06219e-04 3.02179e-04 2.97888e-04 2.93365e-04 2.88635e-04 2.83722e-04 2.78655e-04 2.73463e-04 2.68177e-04 2.62828e-04 2.57448e-04 2.52072e-04 2.46731e-04 2.41457e-04 2.36284e-04 2.31240e-04 2.26353e-04 2.21646e-04 2.17140e-04 2.12849e-04 2.08784e-04 2.04949e-04 2.01346e-04 1.97968e-04 1.94807e-04 1.91851e-04 1.89081e-04 1.86478e-04 1.84021e-04 1.81686e-04 1.79446e-04 1.77275e-04 1.75147e-04 1.73035e-04 1.70910e-04 1.68747e-04 1.66519e-04 1.64203e-04 1.61775e-04 1.59214e-04 1.56502e-04 1.53621e-04 1.50558e-04 1.47302e-04 1.43843e-04 1.40175e-04 1.36297e-04 1.32208e-04 1.27914e-04 1.23423e-04 1.18749e-04 1.13909e-04 1.08926e-04 1.03830e-04 9.86514e-05 9.34277e-05 8.81979e-05 8.30028e-05 7.78831e-05 7.28781e-05 6.80234e-05 6.33500e-05 5.88826e-05 5.46389e-05 5.06291e-05 4.68560e-05 4.33155e-05 3.99977e-05 3.68881e-05 3.39694e-05 3.12225e-05 2.86285e-05 2.61697e-05 2.38307e-05 2.15991e-05 1.94661e-05 1.74264e-05 1.54780e-05 1.36225e-05 1.18638e-05 1.02083e-05 8.66345e-06 7.23778e-06 5.93955e-06 4.77609e-06 3.75285e-06 2.87258e-06 2.13448e-06 1.53368e-06 1.06103e-06 7.03437e-07 4.44618e-07 2.66452e-07 1.50531e-07 7.97176e-08 3.93796e-08 1.80927e-08 7.73744e-09 3.09790e-09 1.16973e-09 4.13819e-10 1.30376e-10 3.18552e-11 4.33096e-12 1.09220e-13
8.506088 1.27082e-01 5.68389e-02 1.71723e-02 9.66871e-03 5.59620e-03 3.13376e-03 1.78514e-03 1.20508e-03 1.10518e-03 1.26065e-03 1.51238e-03 1.75983e-03 1.94932e-03 2.06084e-03 2.09576e-03 2.06675e-03 1.99059e-03 1.88373e-03 1.76006e-03 1.63020e-03 1.50161e-03 1.37912e-03 1.26552e-03 1.16215e-03 1.06936e-03 9.86910e-04 9.14212e-04 8.50496e-04 7.94913e-04 7.46586e-04 7.04639e-04 6.68217e-04 6.36508e-04 6.08771e-04 5.84355e-04 5.62722e-04 5.43442e-04 5.26192e-04 5.10734e-04 4.96889e-04 4.84517e-04 4.73495e-04 4.63699e-04 4.54998e-04 4.47252e-04 4.40311e-04 4.34025e-04 4.28252e-04 4.22866e-04 4.17761e-04 4.12859e-04 4.08106e-04 4.03469e-04 3.98932e-04 3.94495e-04 3.90163e-04 3.85950e-04 3.81874e-04 3.77952e-04 3.74203e-04 3.70641e-04 3.67273e-04 3.64096e-04 3.61099e-04 3.58260e-04 3.55555e-04 3.52955e-04 3.50437e-04 3.47984e-04 3.45585e-04 3.43240e-04 3.40954e-04 3.38736e-04 3.36596e-04 3.34539e-04 3.32565e-04 3.30667e-04 3.28826e-04 3.27014e-04 3.25195e-04 3.23324e-04 3.21352e-04 3.19226e-04 3.16898e-04 3.14321e-04 3.11460e-04 3.08288e-04 3.04793e-04 3.00974e-04 2.96843e-04 2.92423e-04 2.87745e-04 2.82846e-04 2.77764e-04 2.72540e-04 2.67213e-04 2.61823e-04 2.56405e-04 2.50991e-04 2.45613e-04 2.40298e-04 2.35070e-04 2.29952e-04 2.24965e-04 2.20127e-04 2.15455e-04 2.10966e-04 2.06672e-04 2.02584e-04 1.98710e-04 1.95052e-04 1.91611e-04 1.88379e-04 1.85348e-04 1.82500e-04 1.79820e-04 1.77283e-04 1.74867e-04 1.72545e-04 1.70291e-04 1.68078e-04 1.65881e-04 1.63673e-04 1.61431e-04 1.59132e-04 1.56753e-04 1.54274e-04 1.51675e-04 1.48940e-04 1.46051e-04 1.42995e-04 1.39759e-04 1.36333e-04 1.32710e-04 1.28887e-04 1.24864e-04 1.20644e-04 1.16236e-04 1.11654e-04 1.06916e-04 1.02044e-04 9.70671e-05 9.20176e-05 8.69315e-05 8.18474e-05 7.68053e-05 7.18446e-05 6.70029e-05 6.23144e-05 5.78081e-05 5.35068e-05 4.94267e-05 4.55768e-05 4.19591e-05 3.85693e-05 3.53980e-05 3.24321e-05 2.96556e-05 2.70517e-05 2.46038e-05 2.22965e-05 2.01166e-05 1.80537e-05 1.61002e-05 1.42515e-05 1.25059e-05 1.08641e-05 9.32901e-06 7.90481e-06 6.59666e-06 5.40988e-06 4.34923e-06 3.41813e-06 2.61792e-06 1.94708e-06 1.40077e-06 9.70547e-07 6.44544e-07 4.08138e-07 2.45045e-07 1.38681e-07 7.35479e-08 3.63614e-08 1.67009e-08 7.12755e-09 2.84137e-09 1.06611e-09 3.74702e-10 1.17543e-10 2.86876e-11 3.90389e-12 9.85683e-14
8.606159 1.21979e-01 5.66224e-02 1.74979e-02 9.49882e-03 5.45165e-03 3.09112e-03 1.79527e-03 1.22589e-03 1.12255e-03 1.27441e-03 1.52460e-03 1.77110e-03 1.95911e-03 2.06858e-03 2.10132e-03 2.07045e-03 1.99303e-03 1.88563e-03 1.76215e-03 1.63313e-03 1.50589e-03 1.38508e-03 1.27329e-03 1.17168e-03 1.08046e-03 9.99283e-04 9.27492e-04 8.64284e-04 8.08802e-04 7.60189e-04 7.17624e-04 6.80346e-04 6.47666e-04 6.18979e-04 5.93756e-04 5.71539e-04 5.51925e-04 5.34557e-04 5.19115e-04 5.05314e-04 4.92906e-04 4.81680e-04 4.71467e-04 4.62134e-04 4.53584e-04 4.45747e-04 4.38573e-04 4.32022e-04 4.26053e-04 4.20622e-04 4.15669e-04 4.11124e-04 4.06905e-04 4.02926e-04 3.99101e-04 3.95361e-04 3.91650e-04 3.87936e-04 3.84206e-04 3.80466e-04 3.76734e-04 3.73034e-04 3.69396e-04 3.65848e-04 3.62417e-04 3.59129e-04 3.56002e-04 3.53050e-04 3.50278e-04 3.47679e-04 3.45239e-04 3.42934e-04 3.40737e-04 3.38614e-04 3.36537e-04 3.34479e-04 3.32417e-04 3.30333e-04 3.28214e-04 3.26045e-04 3.23812e-04 3.21497e-04 3.19079e-04 3.16531e-04 3.13825e-04 3.10933e-04 3.07826e-04 3.04477e-04 3.00867e-04 2.96982e-04 2.92818e-04 2.88379e-04 2.83680e-04 2.78745e-04 2.73605e-04 2.68299e-04 2.62868e-04 2.57357e-04 2.51809e-04 2.46267e-04 2.40768e-04 2.35347e-04 2.30032e-04 2.24850e-04 2.19819e-04 2.14956e-04 2.10273e-04 2.05778e-04 2.01478e-04 1.97377e-04 1.93475e-04 1.89774e-04 1.86269e-04 1.82955e-04 1.79825e-04 1.76866e-04 1.74064e-04 1.71401e-04 1.68857e-04 1.66409e-04 1.64033e-04 1.61704e-04 1.59397e-04 1.57087e-04 1.54750e-04 1.52364e-04 1.49908e-04 1.47362e-04 1.44708e-04 1.41928e-04 1.39008e-04 1.35934e-04 1.32694e-04 1.29278e-04 1.25679e-04 1.21893e-04 1.17919e-04 1.13760e-04 1.09426e-04 1.04929e-04 1.00287e-04 9.55238e-05 9.06671e-05 8.57492e-05 8.08058e-05 7.58748e-05 7.09947e-05 6.62035e-05 6.15371e-05 5.70271e-05 5.27004e-05 4.85777e-05 4.46730e-05 4.09939e-05 3.75412e-05 3.43104e-05 3.12925e-05 2.84753e-05 2.58446e-05 2.33856e-05 2.10840e-05 1.89268e-05 1.69029e-05 1.50036e-05 1.32226e-05 1.15562e-05 1.00024e-05 8.56126e-06 7.23415e-06 6.02319e-06 4.93079e-06 3.95906e-06 3.10916e-06 2.38069e-06 1.77105e-06 1.27498e-06 8.84315e-07 5.88083e-07 3.72989e-07 2.24337e-07 1.27187e-07 6.75606e-08 3.34385e-08 1.53609e-08 6.54630e-09 2.60022e-09 9.70025e-10 3.38748e-10 1.05765e-10 2.57668e-11 3.50749e-12 8.86312e-14
8.706231 1.18933e-01 5.58737e-02 1.78607e-02 9.94966e-03 5.67487e-03 3.16624e-03 1.81944e-03 1.24030e-03 1.13320e-03 1.27854e-03 1.52176e-03 1.76390e-03 1.95104e-03 2.06237e-03 2.09836e-03 2.07096e-03 1.99642e-03 1.89092e-03 1.76831e-03 1.63934e-03 1.51167e-03 1.39030e-03 1.27815e-03 1.17658e-03 1.08588e-03 1.00566e-03 9.35111e-04 8.73222e-04 8.18933e-04 7.71227e-04 7.29192e-04 6.92048e-04 6.59144e-04 6.29947e-04 6.04014e-04 5.80963e-04 5.60464e-04 5.42218e-04 5.25960e-04 5.11452e-04 4.98483e-04 4.86869e-04 4.76445e-04 4.67063e-04 4.58585e-04 4.50889e-04 4.43860e-04 4.37399e-04 4.31417e-04 4.25841e-04 4.20610e-04 4.15680e-04 4.11017e-04 4.06599e-04 4.02412e-04 3.98443e-04 3.94675e-04 3.91088e-04 3.87649e-04 3.84321e-04 3.81060e-04 3.77826e-04 3.74585e-04 3.71316e-04 3.68012e-04 3.64681e-04 3.61342e-04 3.58022e-04 3.54753e-04 3.51565e-04 3.48484e-04 3.45533e-04 3.42728e-04 3.40075e-04 3.37570e-04 3.35200e-04 3.32942e-04 3.30760e-04 3.28614e-04 3.26460e-04 3.24253e-04 3.21950e-04 3.19517e-04 3.16921e-04 3.14140e-04 3.11155e-04 3.07953e-04 3.04525e-04 3.00863e-04 2.96965e-04 2.92831e-04 2.88464e-04 2.83872e-04 2.79069e-04 2.74071e-04 2.68900e-04 2.63584e-04 2.58152e-04 2.52637e-04 2.47076e-04 2.41504e-04 2.35958e-04 2.30473e-04 2.25083e-04 2.19815e-04 2.14697e-04 2.09747e-04 2.04983e-04 2.00414e-04 1.96047e-04 1.91884e-04 1.87925e-04 1.84163e-04 1.80594e-04 1.77206e-04 1.73989e-04 1.70930e-04 1.68015e-04 1.65228e-04 1.62551e-04 1.59968e-04 1.57456e-04 1.54996e-04 1.52566e-04 1.50143e-04 1.47706e-04 1.45234e-04 1.42706e-04 1.40102e-04 1.37404e-04 1.34595e-04 1.31660e-04 1.28585e-04 1.25359e-04 1.21971e-04 1.18415e-04 1.14687e-04 1.10785e-04 1.06714e-04 1.02480e-04 9.80980e-05 9.35845e-05 8.89626e-05 8.42598e-05 7.95078e-05 7.47413e-05 6.99969e-05 6.53116e-05 6.07216e-05 5.62603e-05 5.19571e-05 4.78363e-05 4.39163e-05 4.02091e-05 3.67205e-05 3.34507e-05 3.03947e-05 2.75441e-05 2.48877e-05 2.24131e-05 2.01077e-05 1.79592e-05 1.59572e-05 1.40926e-05 1.23583e-05 1.07492e-05 9.26180e-06 7.89407e-06 6.64496e-06 5.51407e-06 4.50120e-06 3.60592e-06 2.82708e-06 2.16238e-06 1.60789e-06 1.15763e-06 8.03428e-07 5.34865e-07 3.39723e-07 2.04673e-07 1.16245e-07 6.18500e-08 3.06492e-08 1.40835e-08 5.99398e-09 2.37221e-09 8.79621e-10 3.04984e-10 9.46722e-11 2.29977e-11 3.12889e-12 7.90905e-14
8.806303 1.17675e-01 5.49536e-02 1.71534e-02 9.54584e-03 5.55760e-03 3.16245e-03 1.83119e-03 1.24347e-03 1.13046e-03 1.27421e-03 1.51680e-03 1.75774e-03 1.94327e-03 2.05306e-03 2.08788e-03 2.05981e-03 1.98518e-03 1.88033e-03 1.75919e-03 1.63244e-03 1.50754e-03 1.38914e-03 1.27978e-03 1.18048e-03 1.09135e-03 1.01192e-03 9.41492e-04 8.79269e-04 8.24450e-04 7.76263e-04 7.33971e-04 6.96868e-04 6.64281e-04 6.35573e-04 6.10158e-04 5.87518e-04 5.67217e-04 5.48909e-04 5.32329e-04 5.17287e-04 5.03646e-04 4.91300e-04 4.80163e-04 4.70151e-04 4.61175e-04 4.53143e-04 4.45954e-04 4.39505e-04 4.33690e-04 4.28404e-04 4.23549e-04 4.19032e-04 4.14773e-04 4.10704e-04 4.06771e-04 4.02932e-04 3.99159e-04 3.95436e-04 3.91754e-04 3.88117e-04 3.84531e-04 3.81007e-04 3.77556e-04 3.74184e-04 3.70891e-04 3.67667e-04 3.64498e-04 3.61365e-04 3.58248e-04 3.55134e-04 3.52018e-04 3.48904e-04 3.45804e-04 3.42736e-04 3.39720e-04 3.36775e-04 3.33915e-04 3.31147e-04 3.28468e-04 3.25865e-04 3.23316e-04 3.20789e-04 3.18246e-04 3.15640e-04 3.12924e-04 3.10054e-04 3.06988e-04 3.03693e-04 3.00146e-04 2.96334e-04 2.92256e-04 2.87917e-04 2.83333e-04 2.78522e-04 2.73510e-04 2.68324e-04 2.62994e-04 2.57550e-04 2.52024e-04 2.46447e-04 2.40849e-04 2.35261e-04 2.29712e-04 2.24227e-04 2.18834e-04 2.13554e-04 2.08411e-04 2.03424e-04 1.98607e-04 1.93974e-04 1.89535e-04 1.85293e-04 1.81251e-04 1.77405e-04 1.73750e-04 1.70275e-04 1.66969e-04 1.63818e-04 1.60806e-04 1.57917e-04 1.55133e-04 1.52436e-04 1.49810e-04 1.47234e-04 1.44692e-04 1.42163e-04 1.39631e-04 1.37074e-04 1.34477e-04 1.31819e-04 1.29084e-04 1.26254e-04 1.23316e-04 1.20255e-04 1.17059e-04 1.13719e-04 1.10226e-04 1.06579e-04 1.02776e-04 9.88198e-05 9.47198e-05 9.04883e-05 8.61430e-05 8.17065e-05 7.72055e-05 7.26706e-05 6.81352e-05 6.36339e-05 5.92015e-05 5.48714e-05 5.06739e-05 4.66352e-05 4.27765e-05 3.91130e-05 3.56542e-05 3.24039e-05 2.93611e-05 2.65205e-05 2.38742e-05 2.14122e-05 1.91241e-05 1.69992e-05 1.50281e-05 1.32025e-05 1.15155e-05 9.96157e-06 8.53658e-06 7.23724e-06 6.06094e-06 5.00533e-06 4.06803e-06 3.24631e-06 2.53681e-06 1.93528e-06 1.43624e-06 1.03276e-06 7.16343e-07 4.76900e-07 3.03072e-07 1.82769e-07 1.03933e-07 5.53730e-08 2.74702e-08 1.26286e-08 5.37041e-09 2.11944e-09 7.81852e-10 2.69310e-10 8.31142e-11 2.01222e-11 2.73463e-12 6.91203e-14
8.906374 1.12841e-01 5.45255e-02 1.77206e-02 9.75126e-03 5.58084e-03 3.14954e-03 1.82812e-03 1.24803e-03 1.13490e-03 1.27704e-03 1.51998e-03 1.76278e-03 1.95003e-03 2.06036e-03 2.09446e-03 2.06488e-03 1.98863e-03 1.88254e-03 1.76083e-03 1.63426e-03 1.51017e-03 1.39299e-03 1.28506e-03 1.18722e-03 1.09943e-03 1.02122e-03 9.51832e-04 8.90479e-04 8.36331e-04 7.88580e-04 7.46447e-04 7.09205e-04 6.76194e-04 6.46841e-04 6.20656e-04 5.97237e-04 5.76254e-04 5.57432e-04 5.40533e-04 5.25344e-04 5.11666e-04 4.99318e-04 4.88139e-04 4.77990e-04 4.68757e-04 4.60352e-04 4.52708e-04 4.45769e-04 4.39487e-04 4.33814e-04 4.28694e-04 4.24065e-04 4.19856e-04 4.15993e-04 4.12393e-04 4.08979e-04 4.05676e-04 4.02421e-04 3.99161e-04 3.95860e-04 3.92496e-04 3.89059e-04 3.85553e-04 3.81989e-04 3.78385e-04 3.74763e-04 3.71147e-04 3.67561e-04 3.64029e-04 3.60566e-04 3.57184e-04 3.53886e-04 3.50667e-04 3.47514e-04 3.44414e-04 3.41352e-04 3.38316e-04 3.35296e-04 3.32288e-04 3.29291e-04 3.26303e-04 3.23319e-04 3.20330e-04 3.17321e-04 3.14271e-04 3.11154e-04 3.07936e-04 3.04584e-04 3.01064e-04 2.97344e-04 2.93400e-04 2.89212e-04 2.84772e-04 2.80081e-04 2.75150e-04 2.70001e-04 2.64662e-04 2.59166e-04 2.53550e-04 2.47853e-04 2.42112e-04 2.36364e-04 2.30642e-04 2.24976e-04 2.19395e-04 2.13921e-04 2.08573e-04 2.03369e-04 1.98322e-04 1.93443e-04 1.88739e-04 1.84217e-04 1.79881e-04 1.75731e-04 1.71767e-04 1.67984e-04 1.64375e-04 1.60932e-04 1.57642e-04 1.54492e-04 1.51466e-04 1.48549e-04 1.45722e-04 1.42969e-04 1.40271e-04 1.37612e-04 1.34974e-04 1.32341e-04 1.29695e-04 1.27019e-04 1.24298e-04 1.21515e-04 1.18656e-04 1.15704e-04 1.12647e-04 1.09472e-04 1.06171e-04 1.02735e-04 9.91608e-05 9.54480e-05 9.16002e-05 8.76254e-05 8.35366e-05 7.93512e-05 7.50916e-05 7.07839e-05 6.64578e-05 6.21450e-05 5.78783e-05 5.36901e-05 4.96109e-05 4.56679e-05 4.18842e-05 3.82774e-05 3.48599e-05 3.16388e-05 2.86159e-05 2.57891e-05 2.31529e-05 2.06999e-05 1.84216e-05 1.63091e-05 1.43542e-05 1.25497e-05 1.08895e-05 9.36856e-06 7.98257e-06 6.72794e-06 5.60123e-06 4.59885e-06 3.71685e-06 2.95064e-06 2.29496e-06 1.74365e-06 1.28968e-06 9.24972e-07 6.40407e-07 4.25883e-07 2.70537e-07 1.63171e-07 9.28401e-08 4.95001e-08 2.45730e-08 1.12981e-08 4.79961e-09 1.88851e-09 6.92909e-10 2.36980e-10 7.26459e-11 1.75099e-11 2.37487e-12 5.99911e-14
9.006446 1.11388e-01 5.41512e-02 1.77103e-02 9.84873e-03 5.65507e-03 3.18361e-03 1.84026e-03 1.25354e-03 1.13794e-03 1.27612e-03 1.51355e-03 1.75117e-03 1.93501e-03 2.04417e-03 2.07915e-03 2.05200e-03 1.97911e-03 1.87666e-03 1.75827e-03 1.63425e-03 1.51171e-03 1.39515e-03 1.28711e-03 1.18882e-03 1.10063e-03 1.02232e-03 9.53294e-04 8.92731e-04 8.39666e-04 7.93093e-04 7.52041e-04 7.15648e-04 6.83189e-04 6.54091e-04 6.27916e-04 6.04325e-04 5.83050e-04 5.63859e-04 5.46546e-04 5.30921e-04 5.16811e-04 5.04062e-04 4.92542e-04 4.82138e-04 4.72754e-04 4.64302e-04 4.56695e-04 4.49850e-04 4.43679e-04 4.38098e-04 4.33023e-04 4.28379e-04 4.24095e-04 4.20113e-04 4.16380e-04 4.12851e-04 4.09487e-04 4.06250e-04 4.03104e-04 4.00013e-04 3.96939e-04 3.93847e-04 3.90703e-04 3.87479e-04 3.84157e-04 3.80726e-04 3.77187e-04 3.73551e-04 3.69838e-04 3.66072e-04 3.62283e-04 3.58499e-04 3.54751e-04 3.51063e-04 3.47456e-04 3.43946e-04 3.40536e-04 3.37224e-04 3.33996e-04 3.30834e-04 3.27710e-04 3.24598e-04 3.21468e-04 3.18294e-04 3.15054e-04 3.11726e-04 3.08292e-04 3.04735e-04 3.01038e-04 2.97184e-04 2.93158e-04 2.88945e-04 2.84533e-04 2.79915e-04 2.75089e-04 2.70060e-04 2.64837e-04 2.59439e-04 2.53889e-04 2.48216e-04 2.42454e-04 2.36638e-04 2.30804e-04 2.24989e-04 2.19226e-04 2.13545e-04 2.07974e-04 2.02535e-04 1.97246e-04 1.92119e-04 1.87167e-04 1.82393e-04 1.77801e-04 1.73391e-04 1.69162e-04 1.65109e-04 1.61228e-04 1.57511e-04 1.53951e-04 1.50538e-04 1.47261e-04 1.44107e-04 1.41063e-04 1.38115e-04 1.35248e-04 1.32444e-04 1.29690e-04 1.26967e-04 1.24260e-04 1.21553e-04 1.18831e-04 1.16078e-04 1.13278e-04 1.10418e-04 1.07484e-04 1.04462e-04 1.01342e-04 9.81128e-05 9.47684e-05 9.13045e-05 8.77205e-05 8.40199e-05 8.02108e-05 7.63057e-05 7.23218e-05 6.82807e-05 6.42076e-05 6.01307e-05 5.60801e-05 5.20862e-05 4.81785e-05 4.43845e-05 4.07279e-05 3.72282e-05 3.39000e-05 3.07525e-05 2.77903e-05 2.50138e-05 2.24197e-05 2.00028e-05 1.77562e-05 1.56731e-05 1.37465e-05 1.19705e-05 1.03402e-05 8.85130e-06 7.50038e-06 6.28410e-06 5.19899e-06 4.24099e-06 3.40526e-06 2.68598e-06 2.07638e-06 1.56874e-06 1.15456e-06 8.24584e-07 5.68983e-07 3.77431e-07 2.39347e-07 1.44213e-07 8.20165e-08 4.37243e-08 2.17040e-08 9.97408e-09 4.23047e-09 1.65881e-09 6.05002e-10 2.05270e-10 6.24280e-11 1.49611e-11 2.02301e-12 5.10410e-14
9.106517 1.09201e-01 5.25063e-02 1.69982e-02 9.55329e-03 5.58253e-03 3.18771e-03 1.85341e-03 1.25872e-03 1.13693e-03 1.27284e-03 1.50961e-03 1.74654e-03 1.92936e-03 2.03749e-03 2.07171e-03 2.04417e-03 1.97121e-03 1.86896e-03 1.75107e-03 1.62791e-03 1.50665e-03 1.39180e-03 1.28582e-03 1.18975e-03 1.10369e-03 1.02716e-03 9.59371e-04 8.99402e-04 8.46335e-04 7.99326e-04 7.57636e-04 7.20635e-04 6.87778e-04 6.58580e-04 6.32589e-04 6.09379e-04 5.88549e-04 5.69742e-04 5.52658e-04 5.37063e-04 5.22790e-04 5.09731e-04 4.97816e-04 4.86997e-04 4.77229e-04 4.68464e-04 4.60637e-04 4.53672e-04 4.47485e-04 4.41983e-04 4.37071e-04 4.32659e-04 4.28655e-04 4.24976e-04 4.21542e-04 4.18284e-04 4.15137e-04 4.12049e-04 4.08976e-04 4.05885e-04 4.02752e-04 3.99563e-04 3.96312e-04 3.92998e-04 3.89622e-04 3.86185e-04 3.82686e-04 3.79124e-04 3.75494e-04 3.71795e-04 3.68025e-04 3.64190e-04 3.60300e-04 3.56370e-04 3.52423e-04 3.48481e-04 3.44570e-04 3.40711e-04 3.36923e-04 3.33218e-04 3.29599e-04 3.26061e-04 3.22588e-04 3.19159e-04 3.15740e-04 3.12298e-04 3.08793e-04 3.05188e-04 3.01451e-04 2.97553e-04 2.93475e-04 2.89201e-04 2.84725e-04 2.80045e-04 2.75165e-04 2.70093e-04 2.64840e-04 2.59422e-04 2.53860e-04 2.48176e-04 2.42395e-04 2.36545e-04 2.30657e-04 2.24759e-04 2.18882e-04 2.13054e-04 2.07305e-04 2.01658e-04 1.96137e-04 1.90760e-04 1.85543e-04 1.80496e-04 1.75629e-04 1.70943e-04 1.66441e-04 1.62120e-04 1.57975e-04 1.54000e-04 1.50187e-04 1.46527e-04 1.43010e-04 1.39626e-04 1.36363e-04 1.33211e-04 1.30156e-04 1.27186e-04 1.24288e-04 1.21447e-04 1.18650e-04 1.15882e-04 1.13128e-04 1.10373e-04 1.07602e-04 1.04801e-04 1.01956e-04 9.90528e-05 9.60797e-05 9.30257e-05 8.98816e-05 8.66407e-05 8.32992e-05 7.98571e-05 7.63179e-05 7.26896e-05 6.89849e-05 6.52204e-05 6.14171e-05 5.75991e-05 5.37931e-05 5.00269e-05 4.63283e-05 4.27237e-05 3.92368e-05 3.58877e-05 3.26919e-05 2.96605e-05 2.67995e-05 2.41112e-05 2.15941e-05 1.92445e-05 1.70571e-05 1.50263e-05 1.31466e-05 1.14135e-05 9.82300e-06 8.37234e-06 7.05905e-06 5.88072e-06 4.83448e-06 3.91650e-06 3.12172e-06 2.44373e-06 1.87475e-06 1.40592e-06 1.02750e-06 7.29166e-07 5.00327e-07 3.30320e-07 2.08669e-07 1.25354e-07 7.11317e-08 3.78580e-08 1.87661e-08 8.61105e-09 3.64423e-09 1.42357e-09 5.16085e-10 1.73679e-10 5.23686e-11 1.24651e-11 1.67858e-12 4.22700e-14
9.206589 1.05029e-01 5.31429e-02 1.79998e-02 9.83426e-03 5.60070e-03 3.16454e-03 1.84383e-03 1.25855e-03 1.13617e-03 1.26846e-03 1.50327e-03 1.74070e-03 1.92546e-03 2.03573e-03 2.07159e-03 2.04495e-03 1.97224e-03 1.86982e-03 1.75159e-03 1.62811e-03 1.50673e-03 1.39202e-03 1.28649e-03 1.19113e-03 1.10597e-03 1.03044e-03 9.63666e-04 9.04686e-04 8.52546e-04 8.06374e-04 7.65398e-04 7.28941e-04 6.96414e-04 6.67297e-04 6.41139e-04 6.17552e-04 5.96213e-04 5.76862e-04 5.59292e-04 5.43337e-04 5.28859e-04 5.15733e-04 5.03843e-04 4.93077e-04 4.83330e-04 4.74511e-04 4.66541e-04 4.59355e-04 4.52902e-04 4.47132e-04 4.41997e-04 4.37441e-04 4.33401e-04 4.29801e-04 4.26558e-04 4.23585e-04 4.20793e-04 4.18097e-04 4.15423e-04 4.12709e-04 4.09906e-04 4.06978e-04 4.03905e-04 4.00676e-04 3.97291e-04 3.93757e-04 3.90087e-04 3.86298e-04 3.82411e-04 3.78447e-04 3.74428e-04 3.70372e-04 3.66293e-04 3.62204e-04 3.58111e-04 3.54020e-04 3.49933e-04 3.45854e-04 3.41790e-04 3.37747e-04 3.33732e-04 3.29754e-04 3.25817e-04 3.21920e-04 3.18060e-04 3.14222e-04 3.10388e-04 3.06533e-04 3.02626e-04 2.98633e-04 2.94522e-04 2.90260e-04 2.85822e-04 2.81189e-04 2.76349e-04 2.71301e-04 2.66052e-04 2.60616e-04 2.55012e-04 2.49266e-04 2.43406e-04 2.37461e-04 2.31463e-04 2.25441e-04 2.19425e-04 2.13445e-04 2.07526e-04 2.01691e-04 1.95964e-04 1.90361e-04 1.84899e-04 1.79592e-04 1.74448e-04 1.69476e-04 1.64680e-04 1.60063e-04 1.55624e-04 1.51359e-04 1.47264e-04 1.43333e-04 1.39556e-04 1.35924e-04 1.32428e-04 1.29057e-04 1.25800e-04 1.22645e-04 1.19581e-04 1.16596e-04 1.13679e-04 1.10816e-04 1.07995e-04 1.05201e-04 1.02422e-04 9.96436e-05 9.68513e-05 9.40315e-05 9.11711e-05 8.82579e-05 8.52811e-05 8.22318e-05 7.91033e-05 7.58922e-05 7.25983e-05 6.92255e-05 6.57816e-05 6.22791e-05 5.87343e-05 5.51671e-05 5.16007e-05 4.80598e-05 4.45702e-05 4.11569e-05 3.78433e-05 3.46495e-05 3.15920e-05 2.86830e-05 2.59301e-05 2.33367e-05 2.09030e-05 1.86262e-05 1.65023e-05 1.45266e-05 1.26945e-05 1.10024e-05 9.44770e-06 8.02854e-06 6.74379e-06 5.59228e-06 4.57221e-06 3.68058e-06 2.91279e-06 2.26242e-06 1.72134e-06 1.27993e-06 9.27522e-07 6.52867e-07 4.44580e-07 2.91508e-07 1.83048e-07 1.09401e-07 6.18120e-08 3.27777e-08 1.61947e-08 7.40653e-09 3.12201e-09 1.21285e-09 4.36226e-10 1.45298e-10 4.33302e-11 1.02193e-11 1.36793e-12 3.43439e-14
9.306661 1.05292e-01 5.17643e-02 1.71730e-02 9.75157e-03 5.67718e-03 3.21248e-03 1.85346e-03 1.25426e-03 1.13060e-03 1.26279e-03 1.49531e-03 1.72910e-03 1.91036e-03 2.01824e-03 2.05318e-03 2.02708e-03 1.95616e-03 1.85642e-03 1.74131e-03 1.62094e-03 1.50228e-03 1.38965e-03 1.28544e-03 1.19070e-03 1.10561e-03 1.02984e-03 9.62757e-04 9.03604e-04 8.51545e-04 8.05736e-04 7.65356e-04 7.29630e-04 6.97855e-04 6.69421e-04 6.43820e-04 6.20645e-04 5.99583e-04 5.80393e-04 5.62889e-04 5.46920e-04 5.32358e-04 5.19091e-04 5.07020e-04 4.96060e-04 4.86137e-04 4.77186e-04 4.69149e-04 4.61964e-04 4.55569e-04 4.49895e-04 4.44867e-04 4.40406e-04 4.36433e-04 4.32869e-04 4.29639e-04 4.26672e-04 4.23902e-04 4.21268e-04 4.18712e-04 4.16182e-04 4.13626e-04 4.10999e-04 4.08258e-04 4.05368e-04 4.02300e-04 3.99036e-04 3.95568e-04 3.91898e-04 3.88037e-04 3.84005e-04 3.79825e-04 3.75526e-04 3.71139e-04 3.66693e-04 3.62218e-04 3.57740e-04 3.53281e-04 3.48861e-04 3.44490e-04 3.40174e-04 3.35914e-04 3.31704e-04 3.27536e-04 3.23398e-04 3.19278e-04 3.15164e-04 3.11042e-04 3.06896e-04 3.02712e-04 2.98470e-04 2.94152e-04 2.89734e-04 2.85197e-04 2.80518e-04 2.75680e-04 2.70669e-04 2.65478e-04 2.60107e-04 2.54561e-04 2.48855e-04 2.43008e-04 2.37047e-04 2.31001e-04 2.24900e-04 2.18778e-04 2.12666e-04 2.06593e-04 2.00588e-04 1.94674e-04 1.88874e-04 1.83204e-04 1.77679e-04 1.72310e-04 1.67104e-04 1.62069e-04 1.57206e-04 1.52516e-04 1.47999e-04 1.43652e-04 1.39471e-04 1.35452e-04 1.31587e-04 1.27870e-04 1.24292e-04 1.20843e-04 1.17514e-04 1.14295e-04 1.11175e-04 1.08143e-04 1.05189e-04 1.02300e-04 9.94639e-05 9.66695e-05 9.39034e-05 9.11526e-05 8.84039e-05 8.56441e-05 8.28605e-05 8.00411e-05 7.71753e-05 7.42544e-05 7.12719e-05 6.82245e-05 6.51122e-05 6.19388e-05 5.87122e-05 5.54444e-05 5.21511e-05 4.88514e-05 4.55668e-05 4.23202e-05 3.91347e-05 3.60324e-05 3.30331e-05 3.01534e-05 2.74061e-05 2.47998e-05 2.23389e-05 2.00244e-05 1.78546e-05 1.58262e-05 1.39349e-05 1.21769e-05 1.05491e-05 9.04973e-06 7.67803e-06 6.43403e-06 5.31791e-06 4.32923e-06 3.46629e-06 2.72547e-06 2.10102e-06 1.58503e-06 1.16773e-06 8.38024e-07 5.84050e-07 3.93842e-07 2.55828e-07 1.59244e-07 9.44176e-08 5.29648e-08 2.79054e-08 1.37056e-08 6.23185e-09 2.61042e-09 1.00640e-09 3.58385e-10 1.17875e-10 3.46699e-11 8.07744e-12 1.07203e-12 2.67917e-14
9.406732 1.01139e-01 5.11898e-02 1.73149e-02 9.55270e-03 5.52661e-03 3.16053e-03 1.85008e-03 1.26038e-03 1.13373e-03 1.26278e-03 1.49379e-03 1.72667e-03 1.90708e-03 2.01436e-03 2.04916e-03 2.02336e-03 1.95291e-03 1.85358e-03 1.73867e-03 1.61839e-03 1.49985e-03 1.38759e-03 1.28414e-03 1.19058e-03 1.10699e-03 1.03285e-03 9.67318e-04 9.09408e-04 8.58149e-04 8.12651e-04 7.72143e-04 7.35977e-04 7.03617e-04 6.74614e-04 6.48583e-04 6.25183e-04 6.04098e-04 5.85040e-04 5.67749e-04 5.51998e-04 5.37601e-04 5.24415e-04 5.12339e-04 5.01305e-04 4.91263e-04 4.82177e-04 4.74010e-04 4.66721e-04 4.60258e-04 4.54561e-04 4.49563e-04 4.45187e-04 4.41352e-04 4.37972e-04 4.34961e-04 4.32230e-04 4.29695e-04 4.27279e-04 4.24911e-04 4.22529e-04 4.20081e-04 4.17527e-04 4.14835e-04 4.11983e-04 4.08956e-04 4.05748e-04 4.02353e-04 3.98773e-04 3.95008e-04 3.91063e-04 3.86945e-04 3.82662e-04 3.78229e-04 3.73666e-04 3.68994e-04 3.64242e-04 3.59437e-04 3.54611e-04 3.49791e-04 3.45002e-04 3.40264e-04 3.35594e-04 3.30998e-04 3.26476e-04 3.22021e-04 3.17620e-04 3.13251e-04 3.08890e-04 3.04513e-04 3.00091e-04 2.95599e-04 2.91016e-04 2.86321e-04 2.81498e-04 2.76533e-04 2.71417e-04 2.66143e-04 2.60710e-04 2.55120e-04 2.49381e-04 2.43505e-04 2.37510e-04 2.31416e-04 2.25249e-04 2.19036e-04 2.12807e-04 2.06591e-04 2.00416e-04 1.94309e-04 1.88295e-04 1.82395e-04 1.76627e-04 1.71006e-04 1.65543e-04 1.60247e-04 1.55123e-04 1.50174e-04 1.45399e-04 1.40798e-04 1.36367e-04 1.32103e-04 1.28000e-04 1.24052e-04 1.20254e-04 1.16598e-04 1.13077e-04 1.09683e-04 1.06406e-04 1.03237e-04 1.00167e-04 9.71855e-05 9.42811e-05 9.14426e-05 8.86582e-05 8.59156e-05 8.32022e-05 8.05052e-05 7.78118e-05 7.51097e-05 7.23873e-05 6.96343e-05 6.68421e-05 6.40046e-05 6.11186e-05 5.81843e-05 5.52057e-05 5.21906e-05 4.91508e-05 4.61015e-05 4.30606e-05 4.00481e-05 3.70850e-05 3.41917e-05 3.13872e-05 2.86879e-05 2.61068e-05 2.36529e-05 2.13315e-05 1.91443e-05 1.70900e-05 1.51656e-05 1.33673e-05 1.16914e-05 1.01350e-05 8.69688e-06 7.37683e-06 6.17590e-06 5.09551e-06 4.13666e-06 3.29907e-06 2.58051e-06 1.97629e-06 1.47924e-06 1.07990e-06 7.67136e-07 5.28795e-07 3.52502e-07 2.26317e-07 1.39259e-07 8.16541e-08 4.53231e-08 2.36422e-08 1.15022e-08 5.18171e-09 2.14981e-09 8.19923e-10 2.88163e-10 9.32528e-11 2.69333e-11 6.16893e-12 8.08376e-13 2.00577e-14
9.506804 9.86866e-02 5.06860e-02 1.76116e-02 9.85127e-03 5.66253e-03 3.19871e-03 1.85667e-03 1.26109e-03 1.13102e-03 1.25465e-03 1.48082e-03 1.71163e-03 1.89298e-03 2.00315e-03 2.04153e-03 2.01902e-03 1.95104e-03 1.85314e-03 1.73879e-03 1.61845e-03 1.49955e-03 1.38691e-03 1.28322e-03 1.18963e-03 1.10623e-03 1.03245e-03 9.67406e-04 9.10072e-04 8.59461e-04 8.14672e-04 7.74916e-04 7.39512e-04 7.07871e-04 6.79482e-04 6.53901e-04 6.30746e-04 6.09698e-04 5.90495e-04 5.72933e-04 5.56856e-04 5.42145e-04 5.28705e-04 5.16457e-04 5.05329e-04 4.95250e-04 4.86153e-04 4.77973e-04 4.70649e-04 4.64127e-04 4.58355e-04 4.53279e-04 4.48845e-04 4.44990e-04 4.41644e-04 4.38729e-04 4.36163e-04 4.33858e-04 4.31726e-04 4.29682e-04 4.27646e-04 4.25545e-04 4.23319e-04 4.20918e-04 4.18307e-04 4.15462e-04 4.12371e-04 4.09033e-04 4.05453e-04 4.01643e-04 3.97622e-04 3.93407e-04 3.89022e-04 3.84487e-04 3.79824e-04 3.75053e-04 3.70192e-04 3.65259e-04 3.60270e-04 3.55245e-04 3.50199e-04 3.45152e-04 3.40123e-04 3.35127e-04 3.30178e-04 3.25288e-04 3.20458e-04 3.15688e-04 3.10967e-04 3.06280e-04 3.01605e-04 2.96915e-04 2.92183e-04 2.87379e-04 2.82476e-04 2.77452e-04 2.72287e-04 2.66970e-04 2.61495e-04 2.55863e-04 2.50079e-04 2.44155e-04 2.38107e-04 2.31952e-04 2.25715e-04 2.19419e-04 2.13090e-04 2.06757e-04 2.00446e-04 1.94182e-04 1.87991e-04 1.81895e-04 1.75913e-04 1.70063e-04 1.64359e-04 1.58812e-04 1.53431e-04 1.48221e-04 1.43186e-04 1.38327e-04 1.33644e-04 1.29134e-04 1.24793e-04 1.20617e-04 1.16602e-04 1.12740e-04 1.09025e-04 1.05451e-04 1.02011e-04 9.86961e-05 9.54992e-05 9.24110e-05 8.94223e-05 8.65230e-05 8.37023e-05 8.09487e-05 7.82505e-05 7.55951e-05 7.29700e-05 7.03626e-05 6.77606e-05 6.51526e-05 6.25285e-05 5.98798e-05 5.72006e-05 5.44878e-05 5.17417e-05 4.89662e-05 4.61690e-05 4.33613e-05 4.05575e-05 3.77746e-05 3.50308e-05 3.23450e-05 2.97351e-05 2.72169e-05 2.48037e-05 2.25051e-05 2.03269e-05 1.82714e-05 1.63380e-05 1.45239e-05 1.28253e-05 1.12383e-05 9.75990e-06 8.38874e-06 7.12495e-06 5.97011e-06 4.92662e-06 3.99679e-06 3.18190e-06 2.48131e-06 1.89184e-06 1.40751e-06 1.01972e-06 7.17741e-07 4.89495e-07 3.22441e-07 2.04370e-07 1.24068e-07 7.17480e-08 3.92744e-08 2.02052e-08 9.69542e-09 4.30730e-09 1.76116e-09 6.60928e-10 2.27884e-10 7.20501e-11 2.02630e-11 4.52151e-12 5.80413e-13 1.42271e-14
9.606875 9.87000e-02 5.02636e-02 1.71549e-02 9.64000e-03 5.60754e-03 3.19225e-03 1.85169e-03 1.25021e-03 1.11738e-03 1.24028e-03 1.46569e-03 1.69535e-03 1.87550e-03 1.98473e-03 2.02249e-03 1.99969e-03 1.93186e-03 1.83476e-03 1.72200e-03 1.60398e-03 1.48793e-03 1.37826e-03 1.27727e-03 1.18578e-03 1.10372e-03 1.03052e-03 9.65461e-04 9.07771e-04 8.56711e-04 8.11579e-04 7.71699e-04 7.36416e-04 7.05101e-04 6.77172e-04 6.52108e-04 6.29474e-04 6.08918e-04 5.90170e-04 5.73025e-04 5.57326e-04 5.42946e-04 5.29779e-04 5.17733e-04 5.06729e-04 4.96700e-04 4.87593e-04 4.79366e-04 4.71981e-04 4.65404e-04 4.59594e-04 4.54503e-04 4.50076e-04 4.46247e-04 4.42942e-04 4.40084e-04 4.37592e-04 4.35383e-04 4.33376e-04 4.31491e-04 4.29653e-04 4.27792e-04 4.25843e-04 4.23751e-04 4.21468e-04 4.18955e-04 4.16184e-04 4.13135e-04 4.09797e-04 4.06171e-04 4.02264e-04 3.98093e-04 3.93680e-04 3.89052e-04 3.84240e-04 3.79276e-04 3.74190e-04 3.69014e-04 3.63775e-04 3.58501e-04 3.53211e-04 3.47926e-04 3.42659e-04 3.37421e-04 3.32219e-04 3.27058e-04 3.21939e-04 3.16862e-04 3.11823e-04 3.06816e-04 3.01831e-04 2.96854e-04 2.91868e-04 2.86852e-04 2.81785e-04 2.76641e-04 2.71399e-04 2.66040e-04 2.60548e-04 2.54914e-04 2.49135e-04 2.43214e-04 2.37160e-04 2.30989e-04 2.24721e-04 2.18378e-04 2.11986e-04 2.05571e-04 1.99161e-04 1.92782e-04 1.86459e-04 1.80216e-04 1.74073e-04 1.68050e-04 1.62161e-04 1.56421e-04 1.50840e-04 1.45424e-04 1.40180e-04 1.35110e-04 1.30217e-04 1.25500e-04 1.20957e-04 1.16587e-04 1.12385e-04 1.08347e-04 1.04469e-04 1.00744e-04 9.71660e-05 9.37291e-05 9.04258e-05 8.72487e-05 8.41895e-05 8.12395e-05 7.83892e-05 7.56284e-05 7.29461e-05 7.03307e-05 6.77702e-05 6.52521e-05 6.27639e-05 6.02936e-05 5.78300e-05 5.53631e-05 5.28847e-05 5.03891e-05 4.78734e-05 4.53382e-05 4.27874e-05 4.02285e-05 3.76721e-05 3.51320e-05 3.26235e-05 3.01632e-05 2.77675e-05 2.54513e-05 2.32277e-05 2.11063e-05 1.90933e-05 1.71917e-05 1.54012e-05 1.37192e-05 1.21418e-05 1.06649e-05 9.28516e-06 8.00081e-06 6.81180e-06 5.71989e-06 4.72804e-06 3.83956e-06 3.05711e-06 2.38163e-06 1.81161e-06 1.34261e-06 9.67263e-07 6.75766e-07 4.56589e-07 2.97424e-07 1.86104e-07 1.11368e-07 6.34062e-08 3.41371e-08 1.72597e-08 8.13371e-09 3.54598e-09 1.42107e-09 5.21559e-10 1.75170e-10 5.36130e-11 1.44986e-11 3.10345e-12 3.84451e-13 9.21530e-15
9.706947 9.45936e-02 4.92204e-02 1.71720e-02 9.56353e-03 5.54277e-03 3.16587e-03 1.84866e-03 1.25246e-03 1.11719e-03 1.23749e-03 1.46228e-03 1.69255e-03 1.87350e-03 1.98323e-03 2.02123e-03 1.99857e-03 1.93091e-03 1.83402e-03 1.72140e-03 1.60340e-03 1.48722e-03 1.37733e-03 1.27616e-03 1.18469e-03 1.10297e-03 1.03050e-03 9.66526e-04 9.10135e-04 8.60395e-04 8.16398e-04 7.77310e-04 7.42396e-04 7.11044e-04 6.82765e-04 6.57179e-04 6.33994e-04 6.12970e-04 5.93899e-04 5.76588e-04 5.60851e-04 5.46519e-04 5.33439e-04 5.21490e-04 5.10577e-04 5.00632e-04 4.91610e-04 4.83472e-04 4.76184e-04 4.69707e-04 4.63996e-04 4.59000e-04 4.54660e-04 4.50912e-04 4.47688e-04 4.44915e-04 4.42517e-04 4.40415e-04 4.38529e-04 4.36778e-04 4.35086e-04 4.33380e-04 4.31595e-04 4.29673e-04 4.27565e-04 4.25233e-04 4.22645e-04 4.19780e-04 4.16626e-04 4.13178e-04 4.09437e-04 4.05411e-04 4.01111e-04 3.96555e-04 3.91761e-04 3.86755e-04 3.81563e-04 3.76216e-04 3.70745e-04 3.65184e-04 3.59565e-04 3.53918e-04 3.48272e-04 3.42649e-04 3.37068e-04 3.31542e-04 3.26077e-04 3.20673e-04 3.15327e-04 3.10028e-04 3.04764e-04 2.99517e-04 2.94271e-04 2.89007e-04 2.83706e-04 2.78350e-04 2.72920e-04 2.67400e-04 2.61776e-04 2.56035e-04 2.50170e-04 2.44179e-04 2.38063e-04 2.31831e-04 2.25496e-04 2.19076e-04 2.12592e-04 2.06068e-04 1.99531e-04 1.93006e-04 1.86519e-04 1.80096e-04 1.73758e-04 1.67526e-04 1.61419e-04 1.55452e-04 1.49637e-04 1.43985e-04 1.38504e-04 1.33197e-04 1.28069e-04 1.23121e-04 1.18353e-04 1.13764e-04 1.09352e-04 1.05114e-04 1.01045e-04 9.71429e-05 9.34015e-05 8.98158e-05 8.63798e-05 8.30867e-05 7.99295e-05 7.69002e-05 7.39903e-05 7.11904e-05 6.84904e-05 6.58796e-05 6.33463e-05 6.08785e-05 5.84640e-05 5.60901e-05 5.37451e-05 5.14175e-05 4.90977e-05 4.67776e-05 4.44518e-05 4.21176e-05 3.97756e-05 3.74298e-05 3.50876e-05 3.27593e-05 3.04575e-05 2.81965e-05 2.59910e-05 2.38549e-05 2.18008e-05 1.98384e-05 1.79745e-05 1.62123e-05 1.45521e-05 1.29915e-05 1.15266e-05 1.01529e-05 8.86664e-06 7.66521e-06 6.54811e-06 5.51685e-06 4.57452e-06 3.72509e-06 2.97230e-06 2.31856e-06 1.76400e-06 1.30584e-06 9.38230e-07 6.52531e-07 4.38034e-07 2.82889e-07 1.75108e-07 1.03437e-07 5.80106e-08 3.07039e-08 1.52324e-08 7.03040e-09 2.99584e-09 1.17062e-09 4.17368e-10 1.35319e-10 3.95635e-11 1.00782e-11 2.00972e-12 2.32560e-13 5.31834e-15
9.807019 9.31846e-02 4.94245e-02 1.76393e-02 9.85537e-03 5.65424e-03 3.19278e-03 1.85152e-03 1.25157e-03 1.11379e-03 1.22905e-03 1.44817e-03 1.67431e-03 1.85352e-03 1.96373e-03 2.00379e-03 1.98408e-03 1.91966e-03 1.82580e-03 1.71569e-03 1.59949e-03 1.48434e-03 1.37484e-03 1.27357e-03 1.18174e-03 1.09958e-03 1.02677e-03 9.62604e-04 9.06202e-04 8.56616e-04 8.12917e-04 7.74250e-04 7.39874e-04 7.09167e-04 6.81618e-04 6.56806e-04 6.34376e-04 6.14019e-04 5.95469e-04 5.78499e-04 5.62922e-04 5.48595e-04 5.35413e-04 5.23305e-04 5.12219e-04 5.02118e-04 4.92965e-04 4.84722e-04 4.77351e-04 4.70809e-04 4.65051e-04 4.60033e-04 4.55703e-04 4.52007e-04 4.48880e-04 4.46251e-04 4.44040e-04 4.42162e-04 4.40530e-04 4.39054e-04 4.37649e-04 4.36235e-04 4.34738e-04 4.33094e-04 4.31249e-04 4.29159e-04 4.26792e-04 4.24125e-04 4.21146e-04 4.17849e-04 4.14238e-04 4.10321e-04 4.06112e-04 4.01627e-04 3.96887e-04 3.91915e-04 3.86736e-04 3.81375e-04 3.75859e-04 3.70215e-04 3.64470e-04 3.58650e-04 3.52782e-04 3.46891e-04 3.41002e-04 3.35137e-04 3.29313e-04 3.23543e-04 3.17837e-04 3.12195e-04 3.06613e-04 3.01081e-04 2.95582e-04 2.90099e-04 2.84609e-04 2.79089e-04 2.73519e-04 2.67878e-04 2.62149e-04 2.56320e-04 2.50382e-04 2.44329e-04 2.38163e-04 2.31886e-04 2.25508e-04 2.19042e-04 2.12504e-04 2.05916e-04 1.99299e-04 1.92679e-04 1.86080e-04 1.79528e-04 1.73044e-04 1.66652e-04 1.60372e-04 1.54220e-04 1.48211e-04 1.42357e-04 1.36669e-04 1.31155e-04 1.25818e-04 1.20664e-04 1.15694e-04 1.10909e-04 1.06307e-04 1.01888e-04 9.76482e-05 9.35848e-05 8.96941e-05 8.59715e-05 8.24124e-05 7.90110e-05 7.57612e-05 7.26562e-05 6.96882e-05 6.68489e-05 6.41289e-05 6.15181e-05 5.90058e-05 5.65803e-05 5.42295e-05 5.19410e-05 4.97024e-05 4.75017e-05 4.53278e-05 4.31710e-05 4.10234e-05 3.88798e-05 3.67376e-05 3.45976e-05 3.24636e-05 3.03427e-05 2.82446e-05 2.61809e-05 2.41645e-05 2.22081e-05 2.03236e-05 1.85207e-05 1.68065e-05 1.51849e-05 1.36568e-05 1.22202e-05 1.08713e-05 9.60541e-06 8.41808e-06 7.30601e-06 6.26781e-06 5.30430e-06 4.41828e-06 3.61390e-06 2.89559e-06 2.26700e-06 1.72982e-06 1.28303e-06 9.22487e-07 6.41071e-07 4.29245e-07 2.75958e-07 1.69671e-07 9.93192e-08 5.50596e-08 2.87317e-08 1.40154e-08 6.34214e-09 2.64120e-09 1.00467e-09 3.46759e-10 1.07818e-10 2.97237e-11 6.94332e-12 1.22579e-12 1.22820e-13 2.48967e-15
9.907090 9.27204e-02 4.80517e-02 1.67000e-02 9.47581e-03 5.57029e-03 3.19636e-03 1.85855e-03 1.24711e-03 1.10254e-03 1.21564e-03 1.43427e-03 1.66020e-03 1.83932e-03 1.94961e-03 1.98982e-03 1.97019e-03 1.90573e-03 1.81182e-03 1.70185e-03 1.58620e-03 1.47214e-03 1.36424e-03 1.26496e-03 1.17523e-03 1.09505e-03 1.02383e-03 9.60732e-04 9.04835e-04 8.55264e-04 8.11239e-04 7.72085e-04 7.37222e-04 7.06143e-04 6.78390e-04 6.53544e-04 6.31220e-04 6.11073e-04 5.92807e-04 5.76177e-04 5.60993e-04 5.47107e-04 5.34404e-04 5.22788e-04 5.12179e-04 5.02503e-04 4.93697e-04 4.85707e-04 4.78488e-04 4.72009e-04 4.66240e-04 4.61157e-04 4.56729e-04 4.52922e-04 4.49690e-04 4.46978e-04 4.44722e-04 4.42851e-04 4.41285e-04 4.39941e-04 4.38731e-04 4.37571e-04 4.36377e-04 4.35072e-04 4.33588e-04 4.31867e-04 4.29860e-04 4.27532e-04 4.24860e-04 4.21830e-04 4.18438e-04 4.14691e-04 4.10603e-04 4.06192e-04 4.01482e-04 3.96503e-04 3.91282e-04 3.85851e-04 3.80239e-04 3.74478e-04 3.68596e-04 3.62623e-04 3.56584e-04 3.50505e-04 3.44408e-04 3.38313e-04 3.32236e-04 3.26191e-04 3.20188e-04 3.14234e-04 3.08332e-04 3.02482e-04 2.96677e-04 2.90907e-04 2.85158e-04 2.79412e-04 2.73650e-04 2.67850e-04 2.61992e-04 2.56060e-04 2.50038e-04 2.43917e-04 2.37693e-04 2.31365e-04 2.24938e-04 2.18424e-04 2.11836e-04 2.05190e-04 1.98507e-04 1.91810e-04 1.85120e-04 1.78463e-04 1.71861e-04 1.65337e-04 1.58912e-04 1.52606e-04 1.46435e-04 1.40414e-04 1.34553e-04 1.28862e-04 1.23349e-04 1.18019e-04 1.12875e-04 1.07920e-04 1.03154e-04 9.85780e-05 9.41897e-05 8.99872e-05 8.59679e-05 8.21281e-05 7.84637e-05 7.49699e-05 7.16413e-05 6.84718e-05 6.54546e-05 6.25820e-05 5.98455e-05 5.72357e-05 5.47424e-05 5.23547e-05 5.00606e-05 4.78480e-05 4.57045e-05 4.36175e-05 4.15752e-05 3.95666e-05 3.75822e-05 3.56146e-05 3.36586e-05 3.17122e-05 2.97763e-05 2.78547e-05 2.59542e-05 2.40839e-05 2.22543e-05 2.04768e-05 1.87621e-05 1.71197e-05 1.55568e-05 1.40777e-05 1.26838e-05 1.13738e-05 1.01442e-05 8.99013e-06 7.90672e-06 6.88997e-06 5.93761e-06 5.04957e-06 4.22801e-06 3.47682e-06 2.80070e-06 2.20408e-06 1.68992e-06 1.25877e-06 9.08186e-07 6.32686e-07 4.24149e-07 2.72616e-07 1.67294e-07 9.75550e-08 5.37639e-08 2.78281e-08 1.34319e-08 5.99835e-09 2.45788e-09 9.16494e-10 3.08403e-10 9.25811e-11 2.41560e-11 5.12760e-12 7.61537e-13 5.67479e-14 7.70836e-16
10.000190 8.88556e-02 4.83671e-02 1.75321e-02 9.67656e-03 5.55118e-03 3.15709e-03 1.84120e-03 1.24172e-03 1.09811e-03 1.20940e-03 1.42751e-03 1.65436e-03 1.83484e-03 1.94624e-03 1.98718e-03 1.96808e-03 1.90408e-03 1.81063e-03 1.70106e-03 1.58563e-03 1.47153e-03 1.36334e-03 1.26358e-03 1.17334e-03 1.09277e-03 1.02144e-03 9.58563e-04 9.03240e-04 8.54525e-04 8.11513e-04 7.73379e-04 7.39396e-04 7.08949e-04 6.81525e-04 6.56712e-04 6.34185e-04 6.13690e-04 5.95024e-04 5.78022e-04 5.62540e-04 5.48447e-04 5.35620e-04 5.23950e-04 5.13340e-04 5.03710e-04 4.94996e-04 4.87148e-04 4.80121e-04 4.73876e-04 4.68370e-04 4.63556e-04 4.59383e-04 4.55797e-04 4.52741e-04 4.50155e-04 4.47980e-04 4.46152e-04 4.44604e-04 4.43269e-04 4.42076e-04 4.40954e-04 4.39833e-04 4.38644e-04 4.37323e-04 4.35811e-04 4.34054e-04 4.32007e-04 4.29633e-04 4.26907e-04 4.23812e-04 4.20341e-04 4.16497e-04 4.12292e-04 4.07741e-04 4.02868e-04 3.97700e-04 3.92269e-04 3.86606e-04 3.80747e-04 3.74725e-04 3.68576e-04 3.62333e-04 3.56025e-04 3.49682e-04 3.43327e-04 3.36982e-04 3.30665e-04 3.24386e-04 3.18156e-04 3.11977e-04 3.05848e-04 2.99767e-04 2.93724e-04 2.87709e-04 2.81710e-04 2.75712e-04 2.69697e-04 2.63649e-04 2.57551e-04 2.51388e-04 2.45148e-04 2.38821e-04 2.32403e-04 2.25894e-04 2.19299e-04 2.12629e-04 2.05898e-04 1.99124e-04 1.92326e-04 1.85527e-04 1.78749e-04 1.72015e-04 1.65347e-04 1.58767e-04 1.52295e-04 1.45950e-04 1.39747e-04 1.33700e-04 1.27820e-04 1.22118e-04 1.16600e-04 1.11272e-04 1.06136e-04 1.01196e-04 9.64514e-05 9.19025e-05 8.75484e-05 8.33870e-05 7.94159e-05 7.56315e-05 7.20298e-05 6.86060e-05 6.53547e-05 6.22694e-05 5.93431e-05 5.65679e-05 5.39349e-05 5.14344e-05 4.90558e-05 4.67877e-05 4.46180e-05 4.25343e-05 4.05239e-05 3.85742e-05 3.66733e-05 3.48106e-05 3.29767e-05 3.11646e-05 2.93696e-05 2.75902e-05 2.58275e-05 2.40856e-05 2.23711e-05 2.06927e-05 1.90600e-05 1.74828e-05 1.59702e-05 1.45294e-05 1.31653e-05 1.18799e-05 1.06725e-05 9.53992e-06 8.47763e-06 7.48045e-06 6.54374e-06 5.66437e-06 4.84131e-06 4.07586e-06 3.37134e-06 2.73236e-06 2.16375e-06 1.66936e-06 1.25101e-06 9.07799e-07 6.35772e-07 4.28215e-07 2.76308e-07 1.70070e-07 9.93704e-08 5.48118e-08 2.83616e-08 1.36686e-08 6.08729e-09 2.48435e-09 9.21315e-10 3.07660e-10 9.12517e-11 2.32874e-11 4.72075e-12 6.30864e-13 3.55765e-14 1.84923e-16
