# tg_mhd (CUDA FP64)  tgc_slip_cond_n512_re2000  N=512 Re=2000 h=6.14793083e-03 delta=2.23606798e-02 delta/h=3.637107 layers=256
# layer k: the nodes k cells from the nearest wall, i.e. the slab [(k-1/2)h, (k+1/2)h] ([0, h/2] for k = 0)
# row 'vol': each layer's share of the volume; then per probe: t and each layer's share of eps
# vol 5.859360e-03 1.164997e-02 1.155859e-02 1.146758e-02 1.137693e-02 1.128664e-02 1.119670e-02 1.110713e-02 1.101792e-02 1.092906e-02 1.084057e-02 1.075244e-02 1.066466e-02 1.057725e-02 1.049019e-02 1.040350e-02 1.031716e-02 1.023119e-02 1.014557e-02 1.006031e-02 9.975416e-03 9.890879e-03 9.806702e-03 9.722884e-03 9.639427e-03 9.556329e-03 9.473590e-03 9.391212e-03 9.309193e-03 9.227534e-03 9.146235e-03 9.065295e-03 8.984715e-03 8.904495e-03 8.824635e-03 8.745134e-03 8.665993e-03 8.587212e-03 8.508790e-03 8.430729e-03 8.353027e-03 8.275684e-03 8.198702e-03 8.122079e-03 8.045816e-03 7.969913e-03 7.894369e-03 7.819185e-03 7.744361e-03 7.669896e-03 7.595792e-03 7.522047e-03 7.448662e-03 7.375636e-03 7.302970e-03 7.230664e-03 7.158718e-03 7.087131e-03 7.015905e-03 6.945037e-03 6.874530e-03 6.804382e-03 6.734594e-03 6.665166e-03 6.596098e-03 6.527389e-03 6.459040e-03 6.391051e-03 6.323421e-03 6.256151e-03 6.189241e-03 6.122691e-03 6.056500e-03 5.990670e-03 5.925198e-03 5.860087e-03 5.795335e-03 5.730943e-03 5.666911e-03 5.603239e-03 5.539926e-03 5.476973e-03 5.414380e-03 5.352146e-03 5.290272e-03 5.228758e-03 5.167604e-03 5.106809e-03 5.046374e-03 4.986299e-03 4.926584e-03 4.867228e-03 4.808232e-03 4.749596e-03 4.691319e-03 4.633402e-03 4.575845e-03 4.518648e-03 4.461810e-03 4.405333e-03 4.349214e-03 4.293456e-03 4.238057e-03 4.183018e-03 4.128339e-03 4.074020e-03 4.020060e-03 3.966460e-03 3.913220e-03 3.860339e-03 3.807818e-03 3.755657e-03 3.703856e-03 3.652414e-03 3.601333e-03 3.550610e-03 3.500248e-03 3.450245e-03 3.400602e-03 3.351319e-03 3.302396e-03 3.253832e-03 3.205628e-03 3.157784e-03 3.110299e-03 3.063174e-03 3.016409e-03 2.970004e-03 2.923958e-03 2.878272e-03 2.832946e-03 2.787980e-03 2.743373e-03 2.699126e-03 2.655239e-03 2.611711e-03 2.568543e-03 2.525735e-03 2.483287e-03 2.441198e-03 2.399469e-03 2.358100e-03 2.317091e-03 2.276441e-03 2.236151e-03 2.196221e-03 2.156651e-03 2.117440e-03 2.078589e-03 2.040098e-03 2.001966e-03 1.964194e-03 1.926782e-03 1.889730e-03 1.853037e-03 1.816704e-03 1.780731e-03 1.745118e-03 1.709864e-03 1.674970e-03 1.640436e-03 1.606261e-03 1.572447e-03 1.538992e-03 1.505896e-03 1.473161e-03 1.440785e-03 1.408769e-03 1.377112e-03 1.345816e-03 1.314879e-03 1.284302e-03 1.254084e-03 1.224226e-03 1.194728e-03 1.165590e-03 1.136812e-03 1.108393e-03 1.080334e-03 1.052634e-03 1.025295e-03 9.983150e-04 9.716949e-04 9.454345e-04 9.195338e-04 8.939929e-04 8.688117e-04 8.439902e-04 8.195284e-04 7.954264e-04 7.716841e-04 7.483016e-04 7.252788e-04 7.026157e-04 6.803123e-04 6.583687e-04 6.367848e-04 6.155606e-04 5.946962e-04 5.741915e-04 5.540466e-04 5.342613e-04 5.148358e-04 4.957700e-04 4.770640e-04 4.587177e-04 4.407311e-04 4.231043e-04 4.058372e-04 3.889298e-04 3.723821e-04 3.561942e-04 3.403660e-04 3.248976e-04 3.097888e-04 2.950398e-04 2.806506e-04 2.666210e-04 2.529512e-04 2.396412e-04 2.266908e-04 2.141002e-04 2.018694e-04 1.899982e-04 1.784868e-04 1.673351e-04 1.565432e-04 1.461110e-04 1.360385e-04 1.263257e-04 1.169727e-04 1.079794e-04 9.934586e-05 9.107204e-05 8.315794e-05 7.560358e-05 6.840895e-05 6.157405e-05 5.509888e-05 4.898345e-05 4.322774e-05 3.783177e-05 3.279553e-05 2.811902e-05 2.380224e-05 1.984519e-05 1.624788e-05 1.301029e-05 1.013244e-05 7.614318e-06 5.455929e-06 3.657271e-06 2.218345e-06 1.139150e-06 4.196868e-07 5.995526e-08
0.000000 3.91389e-03 7.82877e-03 7.83164e-03 7.83626e-03 7.84252e-03 7.85027e-03 7.85940e-03 7.86977e-03 7.88126e-03 7.89372e-03 7.90705e-03 7.92110e-03 7.93576e-03 7.95090e-03 7.96639e-03 7.98211e-03 7.99794e-03 8.01378e-03 8.02949e-03 8.04497e-03 8.06010e-03 8.07479e-03 8.08893e-03 8.10241e-03 8.11515e-03 8.12704e-03 8.13800e-03 8.14795e-03 8.15681e-03 8.16449e-03 8.17093e-03 8.17606e-03 8.17981e-03 8.18214e-03 8.18299e-03 8.18230e-03 8.18005e-03 8.17618e-03 8.17067e-03 8.16349e-03 8.15462e-03 8.14403e-03 8.13172e-03 8.11767e-03 8.10189e-03 8.08436e-03 8.06511e-03 8.04414e-03 8.02145e-03 7.99708e-03 7.97104e-03 7.94336e-03 7.91406e-03 7.88319e-03 7.85077e-03 7.81684e-03 7.78146e-03 7.74465e-03 7.70647e-03 7.66697e-03 7.62619e-03 7.58419e-03 7.54103e-03 7.49675e-03 7.45141e-03 7.40507e-03 7.35779e-03 7.30962e-03 7.26061e-03 7.21083e-03 7.16033e-03 7.10916e-03 7.05737e-03 7.00503e-03 6.95218e-03 6.89887e-03 6.84515e-03 6.79107e-03 6.73666e-03 6.68197e-03 6.62704e-03 6.57191e-03 6.51661e-03 6.46117e-03 6.40562e-03 6.34998e-03 6.29429e-03 6.23855e-03 6.18280e-03 6.12703e-03 6.07128e-03 6.01553e-03 5.95981e-03 5.90411e-03 5.84843e-03 5.79278e-03 5.73714e-03 5.68152e-03 5.62590e-03 5.57028e-03 5.51464e-03 5.45897e-03 5.40324e-03 5.34745e-03 5.29158e-03 5.23560e-03 5.17950e-03 5.12324e-03 5.06682e-03 5.01021e-03 4.95339e-03 4.89632e-03 4.83900e-03 4.78140e-03 4.72350e-03 4.66527e-03 4.60670e-03 4.54777e-03 4.48847e-03 4.42877e-03 4.36866e-03 4.30814e-03 4.24718e-03 4.18579e-03 4.12395e-03 4.06166e-03 3.99892e-03 3.93574e-03 3.87211e-03 3.80803e-03 3.74353e-03 3.67860e-03 3.61326e-03 3.54754e-03 3.48144e-03 3.41499e-03 3.34821e-03 3.28113e-03 3.21377e-03 3.14618e-03 3.07837e-03 3.01040e-03 2.94229e-03 2.87409e-03 2.80583e-03 2.73756e-03 2.66933e-03 2.60117e-03 2.53315e-03 2.46530e-03 2.39769e-03 2.33034e-03 2.26333e-03 2.19670e-03 2.13049e-03 2.06477e-03 1.99958e-03 1.93498e-03 1.87102e-03 1.80774e-03 1.74519e-03 1.68343e-03 1.62250e-03 1.56245e-03 1.50332e-03 1.44514e-03 1.38798e-03 1.33185e-03 1.27681e-03 1.22288e-03 1.17010e-03 1.11849e-03 1.06809e-03 1.01892e-03 9.71005e-04 9.24362e-04 8.79010e-04 8.34964e-04 7.92236e-04 7.50836e-04 7.10770e-04 6.72042e-04 6.34655e-04 5.98606e-04 5.63893e-04 5.30508e-04 4.98444e-04 4.67688e-04 4.38229e-04 4.10049e-04 3.83132e-04 3.57458e-04 3.33004e-04 3.09747e-04 2.87663e-04 2.66724e-04 2.46902e-04 2.28168e-04 2.10490e-04 1.93838e-04 1.78179e-04 1.63479e-04 1.49703e-04 1.36819e-04 1.24790e-04 1.13581e-04 1.03157e-04 9.34825e-05 8.45224e-05 7.62416e-05 6.86052e-05 6.15791e-05 5.51295e-05 4.92231e-05 4.38276e-05 3.89114e-05 3.44436e-05 3.03943e-05 2.67347e-05 2.34369e-05 2.04741e-05 1.78205e-05 1.54518e-05 1.33443e-05 1.14760e-05 9.82584e-06 8.37392e-06 7.10159e-06 5.99136e-06 5.02690e-06 4.19300e-06 3.47556e-06 2.86158e-06 2.33907e-06 1.89707e-06 1.52558e-06 1.21551e-06 9.58648e-07 7.47601e-07 5.75759e-07 4.37230e-07 3.26796e-07 2.39861e-07 1.72403e-07 1.20920e-07 8.23866e-08 5.42069e-08 3.41708e-08 2.04135e-08 1.13777e-08 5.77957e-09 2.57750e-09 9.45656e-10 2.51108e-10 3.54574e-11 9.07008e-13
0.099904 3.90887e-03 7.81877e-03 7.82179e-03 7.82667e-03 7.83327e-03 7.84147e-03 7.85112e-03 7.86211e-03 7.87430e-03 7.88754e-03 7.90172e-03 7.91670e-03 7.93234e-03 7.94853e-03 7.96512e-03 7.98200e-03 7.99903e-03 8.01609e-03 8.03307e-03 8.04984e-03 8.06629e-03 8.08230e-03 8.09776e-03 8.11257e-03 8.12663e-03 8.13983e-03 8.15208e-03 8.16330e-03 8.17338e-03 8.18226e-03 8.18985e-03 8.19608e-03 8.20089e-03 8.20421e-03 8.20599e-03 8.20616e-03 8.20470e-03 8.20155e-03 8.19668e-03 8.19005e-03 8.18165e-03 8.17145e-03 8.15944e-03 8.14561e-03 8.12995e-03 8.11247e-03 8.09316e-03 8.07205e-03 8.04914e-03 8.02446e-03 7.99803e-03 7.96988e-03 7.94004e-03 7.90854e-03 7.87543e-03 7.84074e-03 7.80453e-03 7.76684e-03 7.72772e-03 7.68723e-03 7.64542e-03 7.60235e-03 7.55808e-03 7.51266e-03 7.46616e-03 7.41864e-03 7.37016e-03 7.32079e-03 7.27057e-03 7.21958e-03 7.16788e-03 7.11552e-03 7.06256e-03 7.00907e-03 6.95508e-03 6.90067e-03 6.84587e-03 6.79075e-03 6.73534e-03 6.67969e-03 6.62384e-03 6.56783e-03 6.51169e-03 6.45546e-03 6.39918e-03 6.34285e-03 6.28652e-03 6.23019e-03 6.17389e-03 6.11763e-03 6.06142e-03 6.00526e-03 5.94917e-03 5.89315e-03 5.83719e-03 5.78129e-03 5.72545e-03 5.66965e-03 5.61388e-03 5.55813e-03 5.50240e-03 5.44665e-03 5.39086e-03 5.33503e-03 5.27913e-03 5.22313e-03 5.16702e-03 5.11076e-03 5.05434e-03 4.99773e-03 4.94090e-03 4.88383e-03 4.82650e-03 4.76888e-03 4.71095e-03 4.65270e-03 4.59409e-03 4.53511e-03 4.47574e-03 4.41598e-03 4.35579e-03 4.29518e-03 4.23412e-03 4.17263e-03 4.11068e-03 4.04827e-03 3.98542e-03 3.92211e-03 3.85835e-03 3.79415e-03 3.72953e-03 3.66448e-03 3.59904e-03 3.53321e-03 3.46702e-03 3.40049e-03 3.33365e-03 3.26652e-03 3.19914e-03 3.13153e-03 3.06374e-03 2.99580e-03 2.92774e-03 2.85962e-03 2.79147e-03 2.72334e-03 2.65527e-03 2.58730e-03 2.51950e-03 2.45190e-03 2.38455e-03 2.31751e-03 2.25082e-03 2.18454e-03 2.11872e-03 2.05340e-03 1.98863e-03 1.92448e-03 1.86098e-03 1.79818e-03 1.73613e-03 1.67488e-03 1.61448e-03 1.55495e-03 1.49636e-03 1.43873e-03 1.38211e-03 1.32653e-03 1.27203e-03 1.21864e-03 1.16639e-03 1.11531e-03 1.06542e-03 1.01675e-03 9.69313e-04 9.23137e-04 8.78234e-04 8.34617e-04 7.92297e-04 7.51281e-04 7.11577e-04 6.73188e-04 6.36113e-04 6.00352e-04 5.65900e-04 5.32751e-04 5.00897e-04 4.70326e-04 4.41025e-04 4.12979e-04 3.86171e-04 3.60582e-04 3.36191e-04 3.12975e-04 2.90911e-04 2.69973e-04 2.50134e-04 2.31366e-04 2.13639e-04 1.96923e-04 1.81187e-04 1.66399e-04 1.52526e-04 1.39535e-04 1.27392e-04 1.16065e-04 1.05518e-04 9.57169e-05 8.66286e-05 7.82187e-05 7.04535e-05 6.32998e-05 5.67246e-05 5.06956e-05 4.51811e-05 4.01499e-05 3.55719e-05 3.14176e-05 2.76583e-05 2.42666e-05 2.12157e-05 1.84801e-05 1.60353e-05 1.38578e-05 1.19253e-05 1.02167e-05 8.71187e-06 7.39196e-06 6.23921e-06 5.23699e-06 4.36979e-06 3.62319e-06 2.98386e-06 2.43949e-06 1.97878e-06 1.59141e-06 1.26799e-06 1.00001e-06 7.79791e-07 6.00472e-07 4.55917e-07 3.40691e-07 2.49998e-07 1.79639e-07 1.25958e-07 8.57922e-08 5.64296e-08 3.55606e-08 2.12371e-08 1.18333e-08 6.00939e-09 2.67936e-09 9.82835e-10 2.60941e-10 3.68419e-11 9.42368e-13
0.199808 3.87384e-03 7.74889e-03 7.75243e-03 7.75816e-03 7.76594e-03 7.77564e-03 7.78710e-03 7.80020e-03 7.81477e-03 7.83068e-03 7.84777e-03 7.86591e-03 7.88494e-03 7.90472e-03 7.92510e-03 7.94593e-03 7.96707e-03 7.98837e-03 8.00970e-03 8.03091e-03 8.05187e-03 8.07245e-03 8.09251e-03 8.11192e-03 8.13056e-03 8.14832e-03 8.16507e-03 8.18071e-03 8.19513e-03 8.20822e-03 8.21991e-03 8.23009e-03 8.23868e-03 8.24561e-03 8.25080e-03 8.25419e-03 8.25573e-03 8.25535e-03 8.25302e-03 8.24869e-03 8.24234e-03 8.23394e-03 8.22347e-03 8.21092e-03 8.19628e-03 8.17955e-03 8.16075e-03 8.13988e-03 8.11696e-03 8.09202e-03 8.06509e-03 8.03619e-03 8.00539e-03 7.97270e-03 7.93820e-03 7.90192e-03 7.86393e-03 7.82428e-03 7.78304e-03 7.74029e-03 7.69607e-03 7.65047e-03 7.60356e-03 7.55541e-03 7.50609e-03 7.45569e-03 7.40428e-03 7.35192e-03 7.29871e-03 7.24471e-03 7.19000e-03 7.13464e-03 7.07872e-03 7.02229e-03 6.96543e-03 6.90819e-03 6.85065e-03 6.79285e-03 6.73486e-03 6.67672e-03 6.61849e-03 6.56020e-03 6.50191e-03 6.44364e-03 6.38543e-03 6.32732e-03 6.26932e-03 6.21146e-03 6.15375e-03 6.09622e-03 6.03886e-03 5.98168e-03 5.92469e-03 5.86789e-03 5.81127e-03 5.75482e-03 5.69853e-03 5.64238e-03 5.58637e-03 5.53046e-03 5.47464e-03 5.41889e-03 5.36317e-03 5.30746e-03 5.25174e-03 5.19596e-03 5.14011e-03 5.08414e-03 5.02804e-03 4.97176e-03 4.91528e-03 4.85857e-03 4.80159e-03 4.74432e-03 4.68674e-03 4.62880e-03 4.57051e-03 4.51182e-03 4.45272e-03 4.39319e-03 4.33322e-03 4.27280e-03 4.21191e-03 4.15055e-03 4.08871e-03 4.02640e-03 3.96361e-03 3.90035e-03 3.83663e-03 3.77246e-03 3.70784e-03 3.64281e-03 3.57738e-03 3.51156e-03 3.44539e-03 3.37889e-03 3.31210e-03 3.24504e-03 3.17776e-03 3.11028e-03 3.04265e-03 2.97491e-03 2.90710e-03 2.83926e-03 2.77144e-03 2.70368e-03 2.63604e-03 2.56856e-03 2.50129e-03 2.43428e-03 2.36757e-03 2.30122e-03 2.23528e-03 2.16979e-03 2.10480e-03 2.04037e-03 1.97653e-03 1.91333e-03 1.85083e-03 1.78905e-03 1.72806e-03 1.66788e-03 1.60856e-03 1.55013e-03 1.49263e-03 1.43611e-03 1.38058e-03 1.32609e-03 1.27265e-03 1.22031e-03 1.16908e-03 1.11899e-03 1.07006e-03 1.02230e-03 9.75743e-04 9.30393e-04 8.86265e-04 8.43371e-04 8.01718e-04 7.61313e-04 7.22159e-04 6.84260e-04 6.47614e-04 6.12220e-04 5.78075e-04 5.45171e-04 5.13501e-04 4.83056e-04 4.53823e-04 4.25790e-04 3.98942e-04 3.73262e-04 3.48732e-04 3.25332e-04 3.03042e-04 2.81839e-04 2.61700e-04 2.42600e-04 2.24514e-04 2.07414e-04 1.91273e-04 1.76063e-04 1.61755e-04 1.48318e-04 1.35723e-04 1.23938e-04 1.12934e-04 1.02678e-04 9.31394e-05 8.42864e-05 7.60878e-05 6.85121e-05 6.15284e-05 5.51058e-05 4.92139e-05 4.38228e-05 3.89031e-05 3.44260e-05 3.03633e-05 2.66878e-05 2.33728e-05 2.03926e-05 1.77224e-05 1.53385e-05 1.32178e-05 1.13385e-05 9.67989e-06 8.22215e-06 6.94662e-06 5.83572e-06 4.87293e-06 4.04284e-06 3.33109e-06 2.72436e-06 2.21039e-06 1.77789e-06 1.41657e-06 1.11705e-06 8.70864e-07 6.70377e-07 5.08775e-07 3.79991e-07 2.78671e-07 2.00111e-07 1.40213e-07 9.54312e-08 6.27224e-08 3.94966e-08 2.35706e-08 1.31245e-08 6.66094e-09 2.96822e-09 1.08829e-09 2.88835e-10 4.07703e-11 1.04271e-12
0.299712 3.83098e-03 7.66353e-03 7.66811e-03 7.67556e-03 7.68571e-03 7.69840e-03 7.71345e-03 7.73070e-03 7.74996e-03 7.77105e-03 7.79379e-03 7.81800e-03 7.84347e-03 7.87003e-03 7.89748e-03 7.92564e-03 7.95431e-03 7.98330e-03 8.01242e-03 8.04150e-03 8.07034e-03 8.09878e-03 8.12663e-03 8.15372e-03 8.17989e-03 8.20498e-03 8.22884e-03 8.25132e-03 8.27228e-03 8.29158e-03 8.30911e-03 8.32476e-03 8.33840e-03 8.34995e-03 8.35932e-03 8.36642e-03 8.37118e-03 8.37355e-03 8.37348e-03 8.37091e-03 8.36582e-03 8.35818e-03 8.34798e-03 8.33522e-03 8.31989e-03 8.30201e-03 8.28159e-03 8.25867e-03 8.23328e-03 8.20546e-03 8.17526e-03 8.14273e-03 8.10795e-03 8.07097e-03 8.03186e-03 7.99072e-03 7.94760e-03 7.90261e-03 7.85583e-03 7.80735e-03 7.75727e-03 7.70567e-03 7.65267e-03 7.59835e-03 7.54282e-03 7.48617e-03 7.42850e-03 7.36992e-03 7.31052e-03 7.25039e-03 7.18963e-03 7.12833e-03 7.06659e-03 7.00447e-03 6.94208e-03 6.87949e-03 6.81677e-03 6.75400e-03 6.69124e-03 6.62857e-03 6.56603e-03 6.50368e-03 6.44157e-03 6.37975e-03 6.31825e-03 6.25711e-03 6.19636e-03 6.13602e-03 6.07610e-03 6.01663e-03 5.95761e-03 5.89904e-03 5.84093e-03 5.78326e-03 5.72602e-03 5.66920e-03 5.61278e-03 5.55674e-03 5.50104e-03 5.44566e-03 5.39057e-03 5.33572e-03 5.28109e-03 5.22662e-03 5.17228e-03 5.11802e-03 5.06380e-03 5.00958e-03 4.95530e-03 4.90092e-03 4.84640e-03 4.79169e-03 4.73676e-03 4.68155e-03 4.62604e-03 4.57017e-03 4.51393e-03 4.45727e-03 4.40018e-03 4.34262e-03 4.28456e-03 4.22601e-03 4.16693e-03 4.10732e-03 4.04716e-03 3.98647e-03 3.92524e-03 3.86347e-03 3.80117e-03 3.73836e-03 3.67505e-03 3.61126e-03 3.54702e-03 3.48236e-03 3.41729e-03 3.35187e-03 3.28611e-03 3.22007e-03 3.15379e-03 3.08729e-03 3.02064e-03 2.95388e-03 2.88706e-03 2.82022e-03 2.75341e-03 2.68669e-03 2.62011e-03 2.55372e-03 2.48756e-03 2.42170e-03 2.35618e-03 2.29104e-03 2.22635e-03 2.16214e-03 2.09847e-03 2.03538e-03 1.97291e-03 1.91110e-03 1.85001e-03 1.78966e-03 1.73010e-03 1.67136e-03 1.61347e-03 1.55647e-03 1.50039e-03 1.44526e-03 1.39110e-03 1.33794e-03 1.28581e-03 1.23471e-03 1.18469e-03 1.13574e-03 1.08789e-03 1.04115e-03 9.95536e-04 9.51057e-04 9.07722e-04 8.65539e-04 8.24514e-04 7.84652e-04 7.45954e-04 7.08424e-04 6.72060e-04 6.36861e-04 6.02824e-04 5.69944e-04 5.38216e-04 5.07633e-04 4.78185e-04 4.49864e-04 4.22658e-04 3.96554e-04 3.71539e-04 3.47599e-04 3.24716e-04 3.02874e-04 2.82054e-04 2.62237e-04 2.43403e-04 2.25530e-04 2.08596e-04 1.92577e-04 1.77450e-04 1.63190e-04 1.49770e-04 1.37165e-04 1.25348e-04 1.14291e-04 1.03968e-04 9.43487e-05 8.54058e-05 7.71105e-05 6.94339e-05 6.23473e-05 5.58219e-05 4.98290e-05 4.43403e-05 3.93275e-05 3.47630e-05 3.06195e-05 2.68700e-05 2.34886e-05 2.04496e-05 1.77283e-05 1.53008e-05 1.31439e-05 1.12354e-05 9.55420e-06 8.07993e-06 6.79339e-06 5.67638e-06 4.71180e-06 3.88359e-06 3.17678e-06 2.57747e-06 2.07282e-06 1.65103e-06 1.30131e-06 1.01387e-06 7.79855e-07 5.91323e-07 4.41192e-07 3.23188e-07 2.31798e-07 1.62209e-07 1.10258e-07 7.23720e-08 4.55138e-08 2.71276e-08 1.50874e-08 7.64892e-09 3.40528e-09 1.24756e-09 3.30904e-10 4.66890e-11 1.19380e-12
0.399616 3.78593e-03 7.57401e-03 7.58037e-03 7.59073e-03 7.60489e-03 7.62261e-03 7.64368e-03 7.66785e-03 7.69488e-03 7.72451e-03 7.75649e-03 7.79054e-03 7.82639e-03 7.86377e-03 7.90241e-03 7.94203e-03 7.98236e-03 8.02312e-03 8.06404e-03 8.10485e-03 8.14531e-03 8.18514e-03 8.22411e-03 8.26198e-03 8.29851e-03 8.33350e-03 8.36673e-03 8.39801e-03 8.42715e-03 8.45400e-03 8.47838e-03 8.50016e-03 8.51921e-03 8.53541e-03 8.54866e-03 8.55889e-03 8.56601e-03 8.56996e-03 8.57071e-03 8.56822e-03 8.56248e-03 8.55347e-03 8.54121e-03 8.52572e-03 8.50703e-03 8.48517e-03 8.46020e-03 8.43219e-03 8.40119e-03 8.36729e-03 8.33058e-03 8.29114e-03 8.24907e-03 8.20448e-03 8.15748e-03 8.10818e-03 8.05669e-03 8.00315e-03 7.94765e-03 7.89035e-03 7.83135e-03 7.77078e-03 7.70878e-03 7.64547e-03 7.58097e-03 7.51541e-03 7.44892e-03 7.38161e-03 7.31361e-03 7.24504e-03 7.17600e-03 7.10661e-03 7.03698e-03 6.96722e-03 6.89741e-03 6.82767e-03 6.75808e-03 6.68872e-03 6.61968e-03 6.55104e-03 6.48287e-03 6.41523e-03 6.34818e-03 6.28177e-03 6.21606e-03 6.15108e-03 6.08687e-03 6.02345e-03 5.96086e-03 5.89909e-03 5.83816e-03 5.77807e-03 5.71882e-03 5.66040e-03 5.60278e-03 5.54594e-03 5.48986e-03 5.43450e-03 5.37982e-03 5.32576e-03 5.27229e-03 5.21934e-03 5.16687e-03 5.11479e-03 5.06307e-03 5.01161e-03 4.96037e-03 4.90926e-03 4.85822e-03 4.80717e-03 4.75605e-03 4.70480e-03 4.65333e-03 4.60159e-03 4.54952e-03 4.49705e-03 4.44413e-03 4.39072e-03 4.33676e-03 4.28222e-03 4.22705e-03 4.17123e-03 4.11473e-03 4.05753e-03 3.99963e-03 3.94100e-03 3.88166e-03 3.82160e-03 3.76084e-03 3.69939e-03 3.63727e-03 3.57451e-03 3.51115e-03 3.44721e-03 3.38275e-03 3.31779e-03 3.25241e-03 3.18664e-03 3.12054e-03 3.05416e-03 2.98758e-03 2.92084e-03 2.85401e-03 2.78716e-03 2.72035e-03 2.65363e-03 2.58708e-03 2.52075e-03 2.45472e-03 2.38902e-03 2.32374e-03 2.25892e-03 2.19461e-03 2.13087e-03 2.06776e-03 2.00531e-03 1.94357e-03 1.88259e-03 1.82240e-03 1.76305e-03 1.70456e-03 1.64697e-03 1.59031e-03 1.53460e-03 1.47986e-03 1.42613e-03 1.37342e-03 1.32174e-03 1.27111e-03 1.22154e-03 1.17305e-03 1.12564e-03 1.07932e-03 1.03410e-03 9.89983e-04 9.46969e-04 9.05061e-04 8.64260e-04 8.24566e-04 7.85978e-04 7.48492e-04 7.12107e-04 6.76816e-04 6.42617e-04 6.09502e-04 5.77466e-04 5.46500e-04 5.16597e-04 4.87748e-04 4.59944e-04 4.33174e-04 4.07427e-04 3.82692e-04 3.58956e-04 3.36205e-04 3.14427e-04 2.93605e-04 2.73725e-04 2.54770e-04 2.36723e-04 2.19566e-04 2.03280e-04 1.87847e-04 1.73245e-04 1.59455e-04 1.46454e-04 1.34220e-04 1.22730e-04 1.11961e-04 1.01889e-04 9.24889e-05 8.37362e-05 7.56054e-05 6.80709e-05 6.11068e-05 5.46870e-05 4.87854e-05 4.33758e-05 3.84322e-05 3.39285e-05 2.98390e-05 2.61385e-05 2.28018e-05 1.98044e-05 1.71224e-05 1.47325e-05 1.26120e-05 1.07390e-05 9.09263e-06 7.65259e-06 6.39973e-06 5.31580e-06 4.38358e-06 3.58688e-06 2.91056e-06 2.34054e-06 1.86380e-06 1.46837e-06 1.14332e-06 8.78726e-07 6.65655e-07 4.96103e-07 3.62963e-07 2.59975e-07 1.81666e-07 1.23300e-07 8.08098e-08 5.07436e-08 3.02003e-08 1.67730e-08 8.49268e-09 3.77668e-09 1.38232e-09 3.66381e-10 5.16684e-11 1.32076e-12
0.499519 3.70134e-03 7.40580e-03 7.41502e-03 7.43004e-03 7.45056e-03 7.47624e-03 7.50674e-03 7.54168e-03 7.58068e-03 7.62333e-03 7.66922e-03 7.71793e-03 7.76905e-03 7.82215e-03 7.87680e-03 7.93260e-03 7.98912e-03 8.04596e-03 8.10273e-03 8.15904e-03 8.21454e-03 8.26887e-03 8.32168e-03 8.37267e-03 8.42153e-03 8.46799e-03 8.51179e-03 8.55269e-03 8.59047e-03 8.62494e-03 8.65593e-03 8.68329e-03 8.70690e-03 8.72663e-03 8.74242e-03 8.75420e-03 8.76192e-03 8.76556e-03 8.76511e-03 8.76058e-03 8.75200e-03 8.73942e-03 8.72290e-03 8.70249e-03 8.67830e-03 8.65041e-03 8.61893e-03 8.58397e-03 8.54566e-03 8.50412e-03 8.45949e-03 8.41191e-03 8.36151e-03 8.30845e-03 8.25287e-03 8.19492e-03 8.13475e-03 8.07250e-03 8.00834e-03 7.94239e-03 7.87482e-03 7.80577e-03 7.73537e-03 7.66376e-03 7.59110e-03 7.51750e-03 7.44310e-03 7.36804e-03 7.29243e-03 7.21640e-03 7.14007e-03 7.06356e-03 6.98699e-03 6.91045e-03 6.83407e-03 6.75795e-03 6.68218e-03 6.60687e-03 6.53211e-03 6.45799e-03 6.38460e-03 6.31201e-03 6.24030e-03 6.16955e-03 6.09982e-03 6.03117e-03 5.96365e-03 5.89730e-03 5.83217e-03 5.76829e-03 5.70567e-03 5.64433e-03 5.58429e-03 5.52553e-03 5.46804e-03 5.41181e-03 5.35679e-03 5.30296e-03 5.25026e-03 5.19864e-03 5.14804e-03 5.09837e-03 5.04957e-03 5.00155e-03 4.95421e-03 4.90746e-03 4.86120e-03 4.81532e-03 4.76973e-03 4.72430e-03 4.67894e-03 4.63353e-03 4.58798e-03 4.54217e-03 4.49601e-03 4.44939e-03 4.40224e-03 4.35446e-03 4.30597e-03 4.25671e-03 4.20660e-03 4.15560e-03 4.10365e-03 4.05072e-03 3.99677e-03 3.94179e-03 3.88576e-03 3.82868e-03 3.77056e-03 3.71141e-03 3.65125e-03 3.59013e-03 3.52807e-03 3.46512e-03 3.40134e-03 3.33679e-03 3.27153e-03 3.20563e-03 3.13916e-03 3.07222e-03 3.00486e-03 2.93719e-03 2.86928e-03 2.80122e-03 2.73309e-03 2.66499e-03 2.59699e-03 2.52918e-03 2.46165e-03 2.39446e-03 2.32771e-03 2.26146e-03 2.19578e-03 2.13074e-03 2.06640e-03 2.00282e-03 1.94005e-03 1.87815e-03 1.81716e-03 1.75711e-03 1.69806e-03 1.64002e-03 1.58304e-03 1.52713e-03 1.47231e-03 1.41861e-03 1.36603e-03 1.31459e-03 1.26429e-03 1.21514e-03 1.16715e-03 1.12031e-03 1.07463e-03 1.03010e-03 9.86707e-04 9.44457e-04 9.03340e-04 8.63347e-04 8.24470e-04 7.86699e-04 7.50024e-04 7.14434e-04 6.79918e-04 6.46465e-04 6.14064e-04 5.82704e-04 5.52371e-04 5.23055e-04 4.94743e-04 4.67424e-04 4.41084e-04 4.15713e-04 3.91297e-04 3.67823e-04 3.45279e-04 3.23651e-04 3.02925e-04 2.83089e-04 2.64128e-04 2.46026e-04 2.28769e-04 2.12341e-04 1.96725e-04 1.81906e-04 1.67866e-04 1.54586e-04 1.42048e-04 1.30233e-04 1.19121e-04 1.08692e-04 9.89246e-05 8.97977e-05 8.12889e-05 7.33760e-05 6.60358e-05 5.92452e-05 5.29805e-05 4.72177e-05 4.19328e-05 3.71016e-05 3.26998e-05 2.87034e-05 2.50882e-05 2.18304e-05 1.89066e-05 1.62934e-05 1.39684e-05 1.19094e-05 1.00950e-05 8.50434e-06 7.11754e-06 5.91548e-06 4.87996e-06 3.99375e-06 3.24058e-06 2.60525e-06 2.07359e-06 1.63250e-06 1.26994e-06 9.74936e-07 7.37548e-07 5.48843e-07 4.00868e-07 2.86595e-07 1.99876e-07 1.35383e-07 8.85445e-08 5.54853e-08 3.29557e-08 1.82683e-08 9.23347e-09 4.09970e-09 1.49859e-09 3.96791e-10 5.59174e-11 1.42881e-12
0.599423 3.61878e-03 7.24240e-03 7.25665e-03 7.27980e-03 7.31129e-03 7.35048e-03 7.39669e-03 7.44922e-03 7.50735e-03 7.57034e-03 7.63745e-03 7.70797e-03 7.78118e-03 7.85640e-03 7.93297e-03 8.01025e-03 8.08764e-03 8.16456e-03 8.24047e-03 8.31486e-03 8.38725e-03 8.45720e-03 8.52430e-03 8.58816e-03 8.64845e-03 8.70486e-03 8.75710e-03 8.80495e-03 8.84819e-03 8.88665e-03 8.92018e-03 8.94869e-03 8.97210e-03 8.99036e-03 9.00345e-03 9.01139e-03 9.01421e-03 9.01197e-03 9.00476e-03 8.99268e-03 8.97584e-03 8.95440e-03 8.92849e-03 8.89828e-03 8.86394e-03 8.82565e-03 8.78360e-03 8.73798e-03 8.68898e-03 8.63678e-03 8.58159e-03 8.52359e-03 8.46297e-03 8.39990e-03 8.33457e-03 8.26715e-03 8.19779e-03 8.12667e-03 8.05392e-03 7.97968e-03 7.90411e-03 7.82732e-03 7.74944e-03 7.67059e-03 7.59087e-03 7.51040e-03 7.42929e-03 7.34762e-03 7.26549e-03 7.18302e-03 7.10028e-03 7.01737e-03 6.93440e-03 6.85145e-03 6.76863e-03 6.68603e-03 6.60376e-03 6.52193e-03 6.44063e-03 6.35998e-03 6.28009e-03 6.20107e-03 6.12303e-03 6.04607e-03 5.97032e-03 5.89586e-03 5.82280e-03 5.75124e-03 5.68126e-03 5.61294e-03 5.54634e-03 5.48153e-03 5.41855e-03 5.35743e-03 5.29819e-03 5.24083e-03 5.18534e-03 5.13169e-03 5.07983e-03 5.02972e-03 4.98126e-03 4.93438e-03 4.88898e-03 4.84493e-03 4.80211e-03 4.76038e-03 4.71961e-03 4.67963e-03 4.64030e-03 4.60144e-03 4.56291e-03 4.52453e-03 4.48614e-03 4.44758e-03 4.40870e-03 4.36936e-03 4.32940e-03 4.28869e-03 4.24712e-03 4.20456e-03 4.16092e-03 4.11610e-03 4.07003e-03 4.02265e-03 3.97388e-03 3.92371e-03 3.87210e-03 3.81904e-03 3.76453e-03 3.70859e-03 3.65122e-03 3.59248e-03 3.53240e-03 3.47105e-03 3.40849e-03 3.34478e-03 3.28003e-03 3.21431e-03 3.14772e-03 3.08036e-03 3.01233e-03 2.94375e-03 2.87472e-03 2.80536e-03 2.73577e-03 2.66608e-03 2.59638e-03 2.52680e-03 2.45743e-03 2.38838e-03 2.31976e-03 2.25165e-03 2.18414e-03 2.11733e-03 2.05129e-03 1.98610e-03 1.92182e-03 1.85851e-03 1.79624e-03 1.73506e-03 1.67500e-03 1.61610e-03 1.55840e-03 1.50192e-03 1.44668e-03 1.39270e-03 1.33999e-03 1.28856e-03 1.23841e-03 1.18953e-03 1.14194e-03 1.09560e-03 1.05053e-03 1.00670e-03 9.64098e-04 9.22714e-04 8.82529e-04 8.43524e-04 8.05681e-04 7.68981e-04 7.33405e-04 6.98931e-04 6.65542e-04 6.33217e-04 6.01938e-04 5.71685e-04 5.42440e-04 5.14184e-04 4.86901e-04 4.60574e-04 4.35185e-04 4.10719e-04 3.87160e-04 3.64493e-04 3.42703e-04 3.21775e-04 3.01695e-04 2.82448e-04 2.64020e-04 2.46397e-04 2.29566e-04 2.13510e-04 1.98216e-04 1.83669e-04 1.69854e-04 1.56756e-04 1.44357e-04 1.32643e-04 1.21596e-04 1.11198e-04 1.01433e-04 9.22814e-05 8.37245e-05 7.57428e-05 6.83166e-05 6.14254e-05 5.50484e-05 4.91644e-05 4.37520e-05 3.87891e-05 3.42538e-05 3.01239e-05 2.63771e-05 2.29910e-05 1.99436e-05 1.72127e-05 1.47766e-05 1.26139e-05 1.07037e-05 9.02542e-06 7.55930e-06 6.28619e-06 5.18770e-06 4.24630e-06 3.44534e-06 2.76911e-06 2.20291e-06 1.73303e-06 1.34684e-06 1.03273e-06 7.80153e-07 5.79594e-07 4.22548e-07 3.01486e-07 2.09807e-07 1.41787e-07 9.25168e-08 5.78385e-08 3.42743e-08 1.89574e-08 9.56226e-09 4.23799e-09 1.54677e-09 4.09056e-10 5.75980e-11 1.47108e-12
0.699327 3.53751e-03 7.08332e-03 7.10758e-03 7.14656e-03 7.19880e-03 7.26269e-03 7.33658e-03 7.41879e-03 7.50776e-03 7.60199e-03 7.70012e-03 7.80093e-03 7.90331e-03 8.00627e-03 8.10893e-03 8.21048e-03 8.31020e-03 8.40744e-03 8.50160e-03 8.59213e-03 8.67853e-03 8.76035e-03 8.83719e-03 8.90868e-03 8.97452e-03 9.03444e-03 9.08822e-03 9.13570e-03 9.17674e-03 9.21128e-03 9.23927e-03 9.26074e-03 9.27573e-03 9.28433e-03 9.28668e-03 9.28292e-03 9.27325e-03 9.25788e-03 9.23704e-03 9.21097e-03 9.17995e-03 9.14424e-03 9.10413e-03 9.05990e-03 9.01184e-03 8.96022e-03 8.90531e-03 8.84739e-03 8.78671e-03 8.72351e-03 8.65802e-03 8.59046e-03 8.52102e-03 8.44988e-03 8.37721e-03 8.30314e-03 8.22781e-03 8.15132e-03 8.07377e-03 7.99523e-03 7.91577e-03 7.83543e-03 7.75425e-03 7.67227e-03 7.58950e-03 7.50597e-03 7.42167e-03 7.33664e-03 7.25088e-03 7.16442e-03 7.07728e-03 6.98952e-03 6.90117e-03 6.81230e-03 6.72300e-03 6.63335e-03 6.54348e-03 6.45351e-03 6.36358e-03 6.27387e-03 6.18455e-03 6.09582e-03 6.00786e-03 5.92090e-03 5.83514e-03 5.75080e-03 5.66809e-03 5.58722e-03 5.50838e-03 5.43176e-03 5.35753e-03 5.28582e-03 5.21676e-03 5.15046e-03 5.08697e-03 5.02634e-03 4.96858e-03 4.91367e-03 4.86156e-03 4.81219e-03 4.76543e-03 4.72117e-03 4.67925e-03 4.63949e-03 4.60170e-03 4.56568e-03 4.53120e-03 4.49804e-03 4.46594e-03 4.43468e-03 4.40402e-03 4.37371e-03 4.34352e-03 4.31323e-03 4.28261e-03 4.25146e-03 4.21958e-03 4.18680e-03 4.15294e-03 4.11786e-03 4.08141e-03 4.04350e-03 4.00401e-03 3.96286e-03 3.91998e-03 3.87533e-03 3.82888e-03 3.78060e-03 3.73050e-03 3.67859e-03 3.62489e-03 3.56946e-03 3.51233e-03 3.45359e-03 3.39330e-03 3.33154e-03 3.26843e-03 3.20405e-03 3.13852e-03 3.07195e-03 3.00447e-03 2.93619e-03 2.86725e-03 2.79777e-03 2.72789e-03 2.65773e-03 2.58743e-03 2.51711e-03 2.44690e-03 2.37691e-03 2.30728e-03 2.23811e-03 2.16951e-03 2.10158e-03 2.03442e-03 1.96812e-03 1.90276e-03 1.83842e-03 1.77516e-03 1.71305e-03 1.65214e-03 1.59248e-03 1.53410e-03 1.47705e-03 1.42134e-03 1.36699e-03 1.31403e-03 1.26245e-03 1.21225e-03 1.16345e-03 1.11602e-03 1.06997e-03 1.02527e-03 9.81906e-04 9.39862e-04 8.99114e-04 8.59639e-04 8.21412e-04 7.84407e-04 7.48595e-04 7.13952e-04 6.80447e-04 6.48056e-04 6.16749e-04 5.86501e-04 5.57286e-04 5.29077e-04 5.01852e-04 4.75585e-04 4.50255e-04 4.25840e-04 4.02318e-04 3.79670e-04 3.57876e-04 3.36920e-04 3.16782e-04 2.97447e-04 2.78899e-04 2.61121e-04 2.44100e-04 2.27820e-04 2.12267e-04 1.97427e-04 1.83286e-04 1.69829e-04 1.57044e-04 1.44916e-04 1.33430e-04 1.22572e-04 1.12327e-04 1.02680e-04 9.36149e-05 8.51155e-05 7.71652e-05 6.97471e-05 6.28435e-05 5.64364e-05 5.05073e-05 4.50371e-05 4.00067e-05 3.53961e-05 3.11855e-05 2.73545e-05 2.38826e-05 2.07494e-05 1.79341e-05 1.54163e-05 1.31756e-05 1.11919e-05 9.44524e-06 7.91635e-06 6.58632e-06 5.43691e-06 4.45052e-06 3.61037e-06 2.90048e-06 2.30580e-06 1.81222e-06 1.40662e-06 1.07692e-06 8.12061e-07 6.02046e-07 4.37894e-07 3.11635e-07 2.16272e-07 1.45731e-07 9.48038e-08 5.90875e-08 3.49089e-08 1.92524e-08 9.68482e-09 4.28193e-09 1.55960e-09 4.11782e-10 5.79169e-11 1.47830e-12
0.799231 3.42684e-03 6.86974e-03 6.91595e-03 6.98822e-03 7.08171e-03 7.19142e-03 7.31265e-03 7.44139e-03 7.57437e-03 7.70910e-03 7.84373e-03 7.97692e-03 8.10769e-03 8.23529e-03 8.35909e-03 8.47857e-03 8.59323e-03 8.70262e-03 8.80627e-03 8.90377e-03 8.99470e-03 9.07871e-03 9.15546e-03 9.22468e-03 9.28617e-03 9.33977e-03 9.38539e-03 9.42300e-03 9.45265e-03 9.47443e-03 9.48850e-03 9.49508e-03 9.49441e-03 9.48681e-03 9.47260e-03 9.45216e-03 9.42586e-03 9.39412e-03 9.35734e-03 9.31594e-03 9.27035e-03 9.22097e-03 9.16819e-03 9.11242e-03 9.05400e-03 8.99329e-03 8.93059e-03 8.86621e-03 8.80040e-03 8.73339e-03 8.66537e-03 8.59652e-03 8.52696e-03 8.45679e-03 8.38608e-03 8.31485e-03 8.24311e-03 8.17082e-03 8.09794e-03 8.02439e-03 7.95006e-03 7.87483e-03 7.79857e-03 7.72113e-03 7.64237e-03 7.56214e-03 7.48029e-03 7.39670e-03 7.31124e-03 7.22383e-03 7.13439e-03 7.04290e-03 6.94936e-03 6.85381e-03 6.75636e-03 6.65712e-03 6.55630e-03 6.45412e-03 6.35086e-03 6.24684e-03 6.14240e-03 6.03795e-03 5.93390e-03 5.83068e-03 5.72873e-03 5.62850e-03 5.53041e-03 5.43489e-03 5.34233e-03 5.25309e-03 5.16747e-03 5.08576e-03 5.00818e-03 4.93487e-03 4.86596e-03 4.80148e-03 4.74144e-03 4.68576e-03 4.63432e-03 4.58697e-03 4.54350e-03 4.50365e-03 4.46714e-03 4.43368e-03 4.40294e-03 4.37456e-03 4.34820e-03 4.32352e-03 4.30014e-03 4.27773e-03 4.25595e-03 4.23446e-03 4.21297e-03 4.19118e-03 4.16881e-03 4.14562e-03 4.12138e-03 4.09588e-03 4.06894e-03 4.04040e-03 4.01012e-03 3.97798e-03 3.94390e-03 3.90780e-03 3.86962e-03 3.82933e-03 3.78691e-03 3.74237e-03 3.69571e-03 3.64696e-03 3.59618e-03 3.54341e-03 3.48873e-03 3.43220e-03 3.37392e-03 3.31399e-03 3.25251e-03 3.18959e-03 3.12534e-03 3.05990e-03 2.99339e-03 2.92593e-03 2.85766e-03 2.78872e-03 2.71923e-03 2.64935e-03 2.57919e-03 2.50890e-03 2.43861e-03 2.36844e-03 2.29853e-03 2.22898e-03 2.15993e-03 2.09148e-03 2.02373e-03 1.95678e-03 1.89074e-03 1.82568e-03 1.76168e-03 1.69882e-03 1.63715e-03 1.57675e-03 1.51764e-03 1.45989e-03 1.40352e-03 1.34856e-03 1.29503e-03 1.24295e-03 1.19232e-03 1.14315e-03 1.09544e-03 1.04918e-03 1.00435e-03 9.60944e-04 9.18938e-04 8.78310e-04 8.39036e-04 8.01086e-04 7.64433e-04 7.29044e-04 6.94888e-04 6.61933e-04 6.30145e-04 5.99492e-04 5.69941e-04 5.41459e-04 5.14015e-04 4.87577e-04 4.62116e-04 4.37603e-04 4.14010e-04 3.91310e-04 3.69478e-04 3.48491e-04 3.28324e-04 3.08956e-04 2.90366e-04 2.72536e-04 2.55446e-04 2.39078e-04 2.23417e-04 2.08445e-04 1.94148e-04 1.80511e-04 1.67518e-04 1.55157e-04 1.43413e-04 1.32273e-04 1.21723e-04 1.11749e-04 1.02338e-04 9.34747e-05 8.51462e-05 7.73374e-05 7.00334e-05 6.32191e-05 5.68787e-05 5.09960e-05 4.55544e-05 4.05370e-05 3.59262e-05 3.17042e-05 2.78529e-05 2.43536e-05 2.11877e-05 1.83361e-05 1.57799e-05 1.34999e-05 1.14771e-05 9.69251e-06 8.12762e-06 6.76410e-06 5.58410e-06 4.57030e-06 3.70603e-06 2.97533e-06 2.36305e-06 1.85489e-06 1.43750e-06 1.09851e-06 8.26539e-07 6.11253e-07 4.43350e-07 3.14549e-07 2.17570e-07 1.46089e-07 9.46883e-08 5.87949e-08 3.46066e-08 1.90167e-08 9.53381e-09 4.20228e-09 1.52659e-09 4.02235e-10 5.64927e-11 1.44079e-12
0.899135 3.31704e-03 6.67033e-03 6.77128e-03 6.92063e-03 7.10005e-03 7.29319e-03 7.48799e-03 7.67703e-03 7.85673e-03 8.02607e-03 8.18538e-03 8.33553e-03 8.47743e-03 8.61173e-03 8.73882e-03 8.85881e-03 8.97158e-03 9.07687e-03 9.17432e-03 9.26356e-03 9.34423e-03 9.41601e-03 9.47866e-03 9.53202e-03 9.57603e-03 9.61074e-03 9.63626e-03 9.65283e-03 9.66076e-03 9.66041e-03 9.65224e-03 9.63673e-03 9.61443e-03 9.58589e-03 9.55171e-03 9.51247e-03 9.46877e-03 9.42119e-03 9.37030e-03 9.31663e-03 9.26070e-03 9.20299e-03 9.14393e-03 9.08392e-03 9.02331e-03 8.96240e-03 8.90145e-03 8.84067e-03 8.78021e-03 8.72017e-03 8.66062e-03 8.60156e-03 8.54294e-03 8.48466e-03 8.42660e-03 8.36856e-03 8.31031e-03 8.25160e-03 8.19212e-03 8.13153e-03 8.06947e-03 8.00557e-03 7.93945e-03 7.87070e-03 7.79894e-03 7.72379e-03 7.64492e-03 7.56201e-03 7.47480e-03 7.38309e-03 7.28675e-03 7.18573e-03 7.08006e-03 6.96988e-03 6.85540e-03 6.73697e-03 6.61499e-03 6.49001e-03 6.36262e-03 6.23352e-03 6.10345e-03 5.97322e-03 5.84365e-03 5.71559e-03 5.58987e-03 5.46730e-03 5.34864e-03 5.23459e-03 5.12576e-03 5.02268e-03 4.92578e-03 4.83537e-03 4.75166e-03 4.67476e-03 4.60465e-03 4.54121e-03 4.48426e-03 4.43349e-03 4.38856e-03 4.34905e-03 4.31448e-03 4.28437e-03 4.25819e-03 4.23540e-03 4.21546e-03 4.19786e-03 4.18206e-03 4.16758e-03 4.15395e-03 4.14073e-03 4.12751e-03 4.11393e-03 4.09963e-03 4.08433e-03 4.06775e-03 4.04966e-03 4.02987e-03 4.00820e-03 3.98452e-03 3.95872e-03 3.93070e-03 3.90041e-03 3.86781e-03 3.83287e-03 3.79560e-03 3.75600e-03 3.71411e-03 3.66997e-03 3.62363e-03 3.57516e-03 3.52463e-03 3.47213e-03 3.41774e-03 3.36157e-03 3.30372e-03 3.24430e-03 3.18342e-03 3.12119e-03 3.05775e-03 2.99320e-03 2.92768e-03 2.86132e-03 2.79423e-03 2.72655e-03 2.65840e-03 2.58991e-03 2.52120e-03 2.45240e-03 2.38361e-03 2.31497e-03 2.24658e-03 2.17856e-03 2.11100e-03 2.04401e-03 1.97768e-03 1.91212e-03 1.84739e-03 1.78358e-03 1.72077e-03 1.65902e-03 1.59840e-03 1.53897e-03 1.48076e-03 1.42384e-03 1.36824e-03 1.31399e-03 1.26111e-03 1.20964e-03 1.15958e-03 1.11095e-03 1.06376e-03 1.01799e-03 9.73658e-04 9.30745e-04 8.89240e-04 8.49127e-04 8.10387e-04 7.72997e-04 7.36931e-04 7.02161e-04 6.68659e-04 6.36392e-04 6.05327e-04 5.75432e-04 5.46672e-04 5.19013e-04 4.92420e-04 4.66859e-04 4.42296e-04 4.18699e-04 3.96035e-04 3.74273e-04 3.53383e-04 3.33337e-04 3.14106e-04 2.95664e-04 2.77986e-04 2.61048e-04 2.44829e-04 2.29307e-04 2.14461e-04 2.00274e-04 1.86726e-04 1.73802e-04 1.61484e-04 1.49759e-04 1.38610e-04 1.28023e-04 1.17986e-04 1.08484e-04 9.95049e-05 9.10346e-05 8.30604e-05 7.55692e-05 6.85478e-05 6.19827e-05 5.58602e-05 5.01663e-05 4.48867e-05 4.00066e-05 3.55108e-05 3.13840e-05 2.76100e-05 2.41727e-05 2.10554e-05 1.82411e-05 1.57126e-05 1.34527e-05 1.14437e-05 9.66826e-06 8.10887e-06 6.74828e-06 5.56951e-06 4.55592e-06 3.69137e-06 2.96029e-06 2.34779e-06 1.83972e-06 1.42282e-06 1.08468e-06 8.13902e-07 6.00059e-07 4.33751e-07 3.06598e-07 2.11224e-07 1.41228e-07 9.11347e-08 5.63334e-08 3.30082e-08 1.80586e-08 9.01587e-09 3.95900e-09 1.43355e-09 3.76746e-10 5.28173e-11 1.34569e-12
0.999039 3.20851e-03 6.50686e-03 6.74479e-03 7.06562e-03 7.40533e-03 7.72073e-03 7.99313e-03 8.22144e-03 8.41311e-03 8.57751e-03 8.72270e-03 8.85437e-03 8.97605e-03 9.08957e-03 9.19562e-03 9.29416e-03 9.38479e-03 9.46693e-03 9.54001e-03 9.60351e-03 9.65706e-03 9.70042e-03 9.73355e-03 9.75653e-03 9.76963e-03 9.77322e-03 9.76783e-03 9.75404e-03 9.73254e-03 9.70407e-03 9.66941e-03 9.62935e-03 9.58468e-03 9.53621e-03 9.48469e-03 9.43084e-03 9.37536e-03 9.31887e-03 9.26194e-03 9.20510e-03 9.14880e-03 9.09341e-03 9.03927e-03 8.98664e-03 8.93570e-03 8.88659e-03 8.83936e-03 8.79404e-03 8.75056e-03 8.70879e-03 8.66856e-03 8.62963e-03 8.59170e-03 8.55440e-03 8.51733e-03 8.48001e-03 8.44192e-03 8.40249e-03 8.36110e-03 8.31713e-03 8.26989e-03 8.21869e-03 8.16287e-03 8.10173e-03 8.03464e-03 7.96100e-03 7.88027e-03 7.79201e-03 7.69587e-03 7.59163e-03 7.47921e-03 7.35868e-03 7.23027e-03 7.09440e-03 6.95165e-03 6.80277e-03 6.64869e-03 6.49046e-03 6.32929e-03 6.16645e-03 6.00332e-03 5.84128e-03 5.68174e-03 5.52604e-03 5.37548e-03 5.23123e-03 5.09433e-03 4.96567e-03 4.84595e-03 4.73568e-03 4.63519e-03 4.54460e-03 4.46386e-03 4.39275e-03 4.33088e-03 4.27774e-03 4.23273e-03 4.19513e-03 4.16419e-03 4.13911e-03 4.11906e-03 4.10325e-03 4.09087e-03 4.08118e-03 4.07344e-03 4.06699e-03 4.06123e-03 4.05560e-03 4.04961e-03 4.04283e-03 4.03489e-03 4.02545e-03 4.01427e-03 4.00110e-03 3.98579e-03 3.96818e-03 3.94818e-03 3.92572e-03 3.90075e-03 3.87325e-03 3.84322e-03 3.81069e-03 3.77569e-03 3.73828e-03 3.69851e-03 3.65646e-03 3.61221e-03 3.56585e-03 3.51747e-03 3.46717e-03 3.41506e-03 3.36125e-03 3.30584e-03 3.24895e-03 3.19070e-03 3.13119e-03 3.07056e-03 3.00890e-03 2.94635e-03 2.88301e-03 2.81901e-03 2.75445e-03 2.68945e-03 2.62412e-03 2.55856e-03 2.49289e-03 2.42720e-03 2.36159e-03 2.29615e-03 2.23098e-03 2.16616e-03 2.10178e-03 2.03791e-03 1.97462e-03 1.91199e-03 1.85008e-03 1.78894e-03 1.72865e-03 1.66923e-03 1.61076e-03 1.55327e-03 1.49680e-03 1.44140e-03 1.38710e-03 1.33393e-03 1.28191e-03 1.23109e-03 1.18148e-03 1.13310e-03 1.08597e-03 1.04010e-03 9.95511e-04 9.52208e-04 9.10195e-04 8.69475e-04 8.30046e-04 7.91903e-04 7.55039e-04 7.19442e-04 6.85099e-04 6.51992e-04 6.20100e-04 5.89402e-04 5.59873e-04 5.31486e-04 5.04213e-04 4.78023e-04 4.52886e-04 4.28771e-04 4.05645e-04 3.83475e-04 3.62230e-04 3.41878e-04 3.22386e-04 3.03726e-04 2.85867e-04 2.68780e-04 2.52437e-04 2.36813e-04 2.21882e-04 2.07621e-04 1.94006e-04 1.81016e-04 1.68632e-04 1.56833e-04 1.45603e-04 1.34924e-04 1.24780e-04 1.15157e-04 1.06038e-04 9.74122e-05 8.92642e-05 8.15817e-05 7.43519e-05 6.75623e-05 6.12006e-05 5.52542e-05 4.97109e-05 4.45578e-05 3.97821e-05 3.53707e-05 3.13101e-05 2.75865e-05 2.41856e-05 2.10928e-05 1.82933e-05 1.57717e-05 1.35123e-05 1.14994e-05 9.71693e-06 8.14862e-06 6.77828e-06 5.58978e-06 4.56714e-06 3.69468e-06 2.95711e-06 2.33966e-06 1.82820e-06 1.40933e-06 1.07047e-06 7.99980e-07 5.87176e-07 4.22404e-07 2.97052e-07 2.03547e-07 1.35335e-07 8.68310e-08 5.33622e-08 3.10876e-08 1.69129e-08 8.39940e-09 3.67065e-09 1.32365e-09 3.46717e-10 4.84949e-11 1.23396e-12
1.098943 3.10498e-03 6.43024e-03 6.97645e-03 7.62513e-03 8.19744e-03 8.62041e-03 8.90310e-03 9.08686e-03 9.21207e-03 9.30673e-03 9.38681e-03 9.45996e-03 9.52895e-03 9.59400e-03 9.65417e-03 9.70815e-03 9.75465e-03 9.79261e-03 9.82126e-03 9.84015e-03 9.84914e-03 9.84835e-03 9.83812e-03 9.81902e-03 9.79174e-03 9.75712e-03 9.71607e-03 9.66957e-03 9.61859e-03 9.56414e-03 9.50716e-03 9.44858e-03 9.38925e-03 9.32996e-03 9.27141e-03 9.21425e-03 9.15901e-03 9.10615e-03 9.05606e-03 9.00904e-03 8.96532e-03 8.92505e-03 8.88833e-03 8.85517e-03 8.82551e-03 8.79925e-03 8.77621e-03 8.75613e-03 8.73870e-03 8.72353e-03 8.71017e-03 8.69809e-03 8.68669e-03 8.67529e-03 8.66315e-03 8.64945e-03 8.63334e-03 8.61387e-03 8.59009e-03 8.56100e-03 8.52559e-03 8.48288e-03 8.43189e-03 8.37171e-03 8.30154e-03 8.22066e-03 8.12849e-03 8.02465e-03 7.90893e-03 7.78132e-03 7.64207e-03 7.49165e-03 7.33078e-03 7.16043e-03 6.98179e-03 6.79626e-03 6.60544e-03 6.41107e-03 6.21501e-03 6.01920e-03 5.82557e-03 5.63606e-03 5.45250e-03 5.27659e-03 5.10988e-03 4.95367e-03 4.80904e-03 4.67679e-03 4.55745e-03 4.45125e-03 4.35816e-03 4.27788e-03 4.20989e-03 4.15345e-03 4.10767e-03 4.07152e-03 4.04392e-03 4.02369e-03 4.00968e-03 4.00073e-03 3.99573e-03 3.99366e-03 3.99353e-03 3.99449e-03 3.99576e-03 3.99667e-03 3.99663e-03 3.99517e-03 3.99187e-03 3.98643e-03 3.97858e-03 3.96815e-03 3.95501e-03 3.93906e-03 3.92028e-03 3.89864e-03 3.87418e-03 3.84692e-03 3.81693e-03 3.78429e-03 3.74909e-03 3.71142e-03 3.67138e-03 3.62910e-03 3.58467e-03 3.53823e-03 3.48989e-03 3.43976e-03 3.38798e-03 3.33467e-03 3.27994e-03 3.22392e-03 3.16673e-03 3.10849e-03 3.04932e-03 2.98933e-03 2.92863e-03 2.86735e-03 2.80559e-03 2.74346e-03 2.68107e-03 2.61851e-03 2.55589e-03 2.49329e-03 2.43082e-03 2.36855e-03 2.30656e-03 2.24492e-03 2.18372e-03 2.12300e-03 2.06283e-03 2.00327e-03 1.94434e-03 1.88611e-03 1.82859e-03 1.77183e-03 1.71586e-03 1.66068e-03 1.60633e-03 1.55283e-03 1.50018e-03 1.44840e-03 1.39750e-03 1.34750e-03 1.29840e-03 1.25023e-03 1.20298e-03 1.15668e-03 1.11133e-03 1.06695e-03 1.02356e-03 9.81178e-04 9.39810e-04 8.99477e-04 8.60193e-04 8.21974e-04 7.84831e-04 7.48778e-04 7.13822e-04 6.79971e-04 6.47229e-04 6.15595e-04 5.85068e-04 5.55642e-04 5.27308e-04 5.00052e-04 4.73860e-04 4.48713e-04 4.24589e-04 4.01466e-04 3.79317e-04 3.58115e-04 3.37833e-04 3.18439e-04 2.99906e-04 2.82201e-04 2.65296e-04 2.49160e-04 2.33764e-04 2.19079e-04 2.05078e-04 1.91734e-04 1.79022e-04 1.66918e-04 1.55398e-04 1.44442e-04 1.34029e-04 1.24139e-04 1.14755e-04 1.05860e-04 9.74375e-05 8.94733e-05 8.19530e-05 7.48632e-05 6.81912e-05 6.19247e-05 5.60516e-05 5.05603e-05 4.54393e-05 4.06771e-05 3.62621e-05 3.21828e-05 2.84271e-05 2.49831e-05 2.18383e-05 1.89797e-05 1.63943e-05 1.40685e-05 1.19882e-05 1.01392e-05 8.50677e-06 7.07605e-06 5.83194e-06 4.75926e-06 3.84284e-06 3.06764e-06 2.41888e-06 1.88218e-06 1.44367e-06 1.09019e-06 8.09364e-07 5.89754e-07 4.20932e-07 2.93558e-07 1.99419e-07 1.31426e-07 8.35828e-08 5.09230e-08 2.94195e-08 1.58792e-08 7.82845e-09 3.39872e-09 1.21870e-09 3.17798e-10 4.43098e-11 1.12547e-12
1.198847 3.01393e-03 6.51612e-03 7.64353e-03 8.79962e-03 9.60532e-03 1.00193e-02 1.01690e-02 1.01881e-02 1.01600e-02 1.01242e-02 1.00946e-02 1.00734e-02 1.00583e-02 1.00462e-02 1.00337e-02 1.00183e-02 9.99827e-03 9.97230e-03 9.93981e-03 9.90061e-03 9.85490e-03 9.80316e-03 9.74608e-03 9.68452e-03 9.61943e-03 9.55185e-03 9.48278e-03 9.41325e-03 9.34422e-03 9.27656e-03 9.21110e-03 9.14854e-03 9.08951e-03 9.03452e-03 8.98402e-03 8.93835e-03 8.89778e-03 8.86251e-03 8.83265e-03 8.80827e-03 8.78935e-03 8.77580e-03 8.76748e-03 8.76417e-03 8.76557e-03 8.77130e-03 8.78091e-03 8.79385e-03 8.80948e-03 8.82704e-03 8.84571e-03 8.86452e-03 8.88245e-03 8.89834e-03 8.91098e-03 8.91907e-03 8.92127e-03 8.91620e-03 8.90249e-03 8.87883e-03 8.84394e-03 8.79668e-03 8.73604e-03 8.66122e-03 8.57159e-03 8.46681e-03 8.34676e-03 8.21163e-03 8.06185e-03 7.89817e-03 7.72157e-03 7.53331e-03 7.33488e-03 7.12794e-03 6.91437e-03 6.69616e-03 6.47539e-03 6.25421e-03 6.03481e-03 5.81930e-03 5.60975e-03 5.40812e-03 5.21620e-03 5.03558e-03 4.86762e-03 4.71344e-03 4.57383e-03 4.44930e-03 4.34006e-03 4.24599e-03 4.16669e-03 4.10145e-03 4.04937e-03 4.00931e-03 3.97999e-03 3.96001e-03 3.94792e-03 3.94224e-03 3.94154e-03 3.94446e-03 3.94971e-03 3.95615e-03 3.96275e-03 3.96863e-03 3.97306e-03 3.97543e-03 3.97527e-03 3.97222e-03 3.96603e-03 3.95654e-03 3.94365e-03 3.92734e-03 3.90763e-03 3.88460e-03 3.85832e-03 3.82892e-03 3.79653e-03 3.76130e-03 3.72338e-03 3.68292e-03 3.64008e-03 3.59501e-03 3.54788e-03 3.49882e-03 3.44800e-03 3.39555e-03 3.34162e-03 3.28635e-03 3.22987e-03 3.17232e-03 3.11381e-03 3.05449e-03 2.99446e-03 2.93386e-03 2.87279e-03 2.81138e-03 2.74972e-03 2.68794e-03 2.62613e-03 2.56439e-03 2.50283e-03 2.44153e-03 2.38058e-03 2.32007e-03 2.26007e-03 2.20066e-03 2.14189e-03 2.08382e-03 2.02650e-03 1.96999e-03 1.91430e-03 1.85947e-03 1.80552e-03 1.75247e-03 1.70032e-03 1.64908e-03 1.59874e-03 1.54930e-03 1.50074e-03 1.45305e-03 1.40622e-03 1.36021e-03 1.31503e-03 1.27063e-03 1.22702e-03 1.18416e-03 1.14205e-03 1.10067e-03 1.06002e-03 1.02009e-03 9.80885e-04 9.42402e-04 9.04651e-04 8.67644e-04 8.31396e-04 7.95926e-04 7.61252e-04 7.27399e-04 6.94387e-04 6.62240e-04 6.30980e-04 6.00629e-04 5.71204e-04 5.42720e-04 5.15191e-04 4.88625e-04 4.63026e-04 4.38394e-04 4.14726e-04 3.92013e-04 3.70243e-04 3.49402e-04 3.29469e-04 3.10425e-04 2.92243e-04 2.74900e-04 2.58366e-04 2.42615e-04 2.27615e-04 2.13340e-04 1.99757e-04 1.86840e-04 1.74560e-04 1.62889e-04 1.51802e-04 1.41272e-04 1.31276e-04 1.21792e-04 1.12798e-04 1.04274e-04 9.62015e-05 8.85638e-05 8.13444e-05 7.45284e-05 6.81017e-05 6.20513e-05 5.63650e-05 5.10313e-05 4.60390e-05 4.13776e-05 3.70370e-05 3.30070e-05 2.92776e-05 2.58390e-05 2.26809e-05 1.97930e-05 1.71649e-05 1.47855e-05 1.26436e-05 1.07274e-05 9.02476e-06 7.52319e-06 6.20968e-06 5.07091e-06 4.09326e-06 3.26290e-06 2.56587e-06 1.98826e-06 1.51629e-06 1.13654e-06 8.36058e-07 6.02600e-07 4.24762e-07 2.92163e-07 1.95557e-07 1.26925e-07 7.94987e-08 4.77283e-08 2.71991e-08 1.45003e-08 7.07134e-09 3.04156e-09 1.08226e-09 2.80522e-10 3.89483e-11 9.86957e-13
1.298750 2.91744e-03 6.74766e-03 8.72944e-03 1.05012e-02 1.14483e-02 1.16892e-02 1.15673e-02 1.13291e-02 1.10868e-02 1.08751e-02 1.06973e-02 1.05472e-02 1.04173e-02 1.03012e-02 1.01940e-02 1.00922e-02 9.99359e-03 9.89650e-03 9.80011e-03 9.70408e-03 9.60842e-03 9.51347e-03 9.41974e-03 9.32790e-03 9.23865e-03 9.15274e-03 9.07086e-03 8.99368e-03 8.92178e-03 8.85570e-03 8.79588e-03 8.74271e-03 8.69652e-03 8.65755e-03 8.62602e-03 8.60207e-03 8.58577e-03 8.57715e-03 8.57618e-03 8.58272e-03 8.59660e-03 8.61754e-03 8.64514e-03 8.67895e-03 8.71834e-03 8.76260e-03 8.81085e-03 8.86207e-03 8.91508e-03 8.96856e-03 9.02102e-03 9.07085e-03 9.11632e-03 9.15563e-03 9.18694e-03 9.20841e-03 9.21829e-03 9.21494e-03 9.19693e-03 9.16303e-03 9.11231e-03 9.04413e-03 8.95818e-03 8.85448e-03 8.73337e-03 8.59549e-03 8.44176e-03 8.27334e-03 8.09162e-03 7.89814e-03 7.69462e-03 7.48283e-03 7.26467e-03 7.04202e-03 6.81680e-03 6.59090e-03 6.36617e-03 6.14439e-03 5.92726e-03 5.71639e-03 5.51327e-03 5.31930e-03 5.13570e-03 4.96359e-03 4.80392e-03 4.65745e-03 4.52479e-03 4.40632e-03 4.30222e-03 4.21244e-03 4.13670e-03 4.07448e-03 4.02502e-03 3.98736e-03 3.96034e-03 3.94265e-03 3.93285e-03 3.92946e-03 3.93096e-03 3.93587e-03 3.94279e-03 3.95043e-03 3.95763e-03 3.96341e-03 3.96694e-03 3.96758e-03 3.96483e-03 3.95836e-03 3.94795e-03 3.93352e-03 3.91505e-03 3.89263e-03 3.86637e-03 3.83646e-03 3.80308e-03 3.76644e-03 3.72679e-03 3.68432e-03 3.63928e-03 3.59188e-03 3.54232e-03 3.49081e-03 3.43753e-03 3.38266e-03 3.32638e-03 3.26884e-03 3.21020e-03 3.15059e-03 3.09017e-03 3.02907e-03 2.96740e-03 2.90529e-03 2.84287e-03 2.78024e-03 2.71752e-03 2.65482e-03 2.59224e-03 2.52988e-03 2.46785e-03 2.40623e-03 2.34513e-03 2.28462e-03 2.22478e-03 2.16569e-03 2.10742e-03 2.05002e-03 1.99357e-03 1.93809e-03 1.88363e-03 1.83023e-03 1.77790e-03 1.72667e-03 1.67653e-03 1.62749e-03 1.57955e-03 1.53268e-03 1.48688e-03 1.44211e-03 1.39835e-03 1.35556e-03 1.31370e-03 1.27274e-03 1.23263e-03 1.19333e-03 1.15479e-03 1.11697e-03 1.07983e-03 1.04334e-03 1.00745e-03 9.72139e-04 9.37379e-04 9.03151e-04 8.69439e-04 8.36238e-04 8.03545e-04 7.71367e-04 7.39716e-04 7.08608e-04 6.78067e-04 6.48120e-04 6.18795e-04 5.90127e-04 5.62146e-04 5.34888e-04 5.08382e-04 4.82660e-04 4.57746e-04 4.33663e-04 4.10429e-04 3.88057e-04 3.66554e-04 3.45923e-04 3.26161e-04 3.07260e-04 2.89209e-04 2.71991e-04 2.55588e-04 2.39975e-04 2.25129e-04 2.11023e-04 1.97628e-04 1.84916e-04 1.72857e-04 1.61423e-04 1.50584e-04 1.40311e-04 1.30579e-04 1.21359e-04 1.12629e-04 1.04364e-04 9.65412e-05 8.91412e-05 8.21443e-05 7.55330e-05 6.92907e-05 6.34026e-05 5.78548e-05 5.26346e-05 4.77304e-05 4.31314e-05 3.88277e-05 3.48098e-05 3.10690e-05 2.75967e-05 2.43845e-05 2.14244e-05 1.87080e-05 1.62271e-05 1.39731e-05 1.19372e-05 1.01100e-05 8.48187e-06 7.04268e-06 5.78171e-06 4.68777e-06 3.74915e-06 2.95367e-06 2.28877e-06 1.74154e-06 1.29891e-06 9.47753e-07 6.75132e-07 4.68507e-07 3.15994e-07 2.06635e-07 1.30635e-07 7.95575e-08 4.64343e-08 2.57663e-08 1.34171e-08 6.41657e-09 2.71773e-09 9.55775e-10 2.45624e-10 3.39065e-11 8.56443e-13
1.398654 2.83599e-03 7.15512e-03 1.02254e-02 1.26707e-02 1.36476e-02 1.35664e-02 1.30535e-02 1.24700e-02 1.19449e-02 1.15025e-02 1.11338e-02 1.08236e-02 1.05585e-02 1.03277e-02 1.01232e-02 9.93883e-03 9.77034e-03 9.61455e-03 9.46931e-03 9.33324e-03 9.20550e-03 9.08567e-03 8.97360e-03 8.86931e-03 8.77294e-03 8.68467e-03 8.60475e-03 8.53345e-03 8.47104e-03 8.41781e-03 8.37404e-03 8.34000e-03 8.31593e-03 8.30202e-03 8.29842e-03 8.30521e-03 8.32240e-03 8.34989e-03 8.38749e-03 8.43489e-03 8.49162e-03 8.55705e-03 8.63036e-03 8.71051e-03 8.79621e-03 8.88594e-03 8.97788e-03 9.06999e-03 9.15999e-03 9.24541e-03 9.32371e-03 9.39232e-03 9.44875e-03 9.49073e-03 9.51625e-03 9.52369e-03 9.51184e-03 9.47996e-03 9.42775e-03 9.35534e-03 9.26329e-03 9.15247e-03 9.02403e-03 8.87939e-03 8.72010e-03 8.54785e-03 8.36440e-03 8.17155e-03 7.97105e-03 7.76468e-03 7.55409e-03 7.34091e-03 7.12663e-03 6.91267e-03 6.70033e-03 6.49081e-03 6.28522e-03 6.08455e-03 5.88971e-03 5.70153e-03 5.52074e-03 5.34800e-03 5.18391e-03 5.02898e-03 4.88366e-03 4.74836e-03 4.62340e-03 4.50904e-03 4.40549e-03 4.31285e-03 4.23115e-03 4.16030e-03 4.10008e-03 4.05014e-03 4.00995e-03 3.97883e-03 3.95590e-03 3.94014e-03 3.93038e-03 3.92536e-03 3.92375e-03 3.92420e-03 3.92542e-03 3.92620e-03 3.92548e-03 3.92233e-03 3.91604e-03 3.90604e-03 3.89198e-03 3.87365e-03 3.85098e-03 3.82403e-03 3.79294e-03 3.75794e-03 3.71927e-03 3.67722e-03 3.63210e-03 3.58420e-03 3.53381e-03 3.48120e-03 3.42664e-03 3.37037e-03 3.31261e-03 3.25357e-03 3.19342e-03 3.13234e-03 3.07050e-03 3.00803e-03 2.94507e-03 2.88175e-03 2.81820e-03 2.75452e-03 2.69084e-03 2.62724e-03 2.56385e-03 2.50075e-03 2.43804e-03 2.37582e-03 2.31418e-03 2.25319e-03 2.19295e-03 2.13353e-03 2.07500e-03 2.01742e-03 1.96086e-03 1.90536e-03 1.85098e-03 1.79775e-03 1.74570e-03 1.69486e-03 1.64525e-03 1.59687e-03 1.54972e-03 1.50381e-03 1.45911e-03 1.41562e-03 1.37331e-03 1.33215e-03 1.29211e-03 1.25315e-03 1.21522e-03 1.17829e-03 1.14229e-03 1.10719e-03 1.07291e-03 1.03942e-03 1.00665e-03 9.74553e-04 9.43067e-04 9.12145e-04 8.81737e-04 8.51801e-04 8.22298e-04 7.93194e-04 7.64463e-04 7.36088e-04 7.08058e-04 6.80370e-04 6.53030e-04 6.26052e-04 5.99456e-04 5.73268e-04 5.47522e-04 5.22253e-04 4.97502e-04 4.73307e-04 4.49710e-04 4.26750e-04 4.04463e-04 3.82881e-04 3.62033e-04 3.41941e-04 3.22622e-04 3.04087e-04 2.86340e-04 2.69382e-04 2.53206e-04 2.37801e-04 2.23151e-04 2.09237e-04 1.96036e-04 1.83525e-04 1.71675e-04 1.60460e-04 1.49849e-04 1.39814e-04 1.30327e-04 1.21358e-04 1.12880e-04 1.04866e-04 9.72923e-05 9.01335e-05 8.33677e-05 7.69740e-05 7.09332e-05 6.52275e-05 5.98409e-05 5.47586e-05 4.99675e-05 4.54556e-05 4.12122e-05 3.72276e-05 3.34933e-05 3.00013e-05 2.67445e-05 2.37161e-05 2.09099e-05 1.83198e-05 1.59398e-05 1.37638e-05 1.17857e-05 9.99884e-06 8.39642e-06 6.97108e-06 5.71490e-06 4.61935e-06 3.67524e-06 2.87266e-06 2.20100e-06 1.64894e-06 1.20451e-06 8.55209e-07 5.88171e-07 3.90419e-07 2.49207e-07 1.52426e-07 8.90461e-08 4.95276e-08 2.61191e-08 1.29582e-08 5.94844e-09 2.44305e-09 8.41338e-10 2.13319e-10 2.92035e-11 7.34374e-13
1.498558 2.76161e-03 7.67564e-03 1.19836e-02 1.51120e-02 1.59991e-02 1.54435e-02 1.44095e-02 1.33859e-02 1.25178e-02 1.18134e-02 1.12451e-02 1.07827e-02 1.04010e-02 1.00805e-02 9.80687e-03 9.56931e-03 9.36012e-03 9.17375e-03 9.00629e-03 8.85501e-03 8.71796e-03 8.59381e-03 8.48167e-03 8.38099e-03 8.29152e-03 8.21324e-03 8.14633e-03 8.09109e-03 8.04791e-03 8.01723e-03 7.99948e-03 7.99508e-03 8.00437e-03 8.02761e-03 8.06496e-03 8.11645e-03 8.18194e-03 8.26109e-03 8.35331e-03 8.45769e-03 8.57296e-03 8.69739e-03 8.82880e-03 8.96451e-03 9.10141e-03 9.23599e-03 9.36450e-03 9.48316e-03 9.58831e-03 9.67668e-03 9.74552e-03 9.79275e-03 9.81700e-03 9.81767e-03 9.79477e-03 9.74893e-03 9.68122e-03 9.59307e-03 9.48617e-03 9.36235e-03 9.22356e-03 9.07174e-03 8.90880e-03 8.73659e-03 8.55685e-03 8.37122e-03 8.18116e-03 7.98803e-03 7.79305e-03 7.59729e-03 7.40174e-03 7.20726e-03 7.01464e-03 6.82456e-03 6.63768e-03 6.45458e-03 6.27577e-03 6.10174e-03 5.93294e-03 5.76975e-03 5.61253e-03 5.46157e-03 5.31714e-03 5.17945e-03 5.04866e-03 4.92487e-03 4.80818e-03 4.69862e-03 4.59619e-03 4.50088e-03 4.41268e-03 4.33154e-03 4.25743e-03 4.19031e-03 4.13012e-03 4.07679e-03 4.03018e-03 3.99007e-03 3.95615e-03 3.92796e-03 3.90489e-03 3.88617e-03 3.87088e-03 3.85798e-03 3.84636e-03 3.83490e-03 3.82251e-03 3.80824e-03 3.79124e-03 3.77088e-03 3.74670e-03 3.71846e-03 3.68606e-03 3.64958e-03 3.60918e-03 3.56514e-03 3.51777e-03 3.46743e-03 3.41446e-03 3.35921e-03 3.30200e-03 3.24314e-03 3.18290e-03 3.12153e-03 3.05924e-03 2.99623e-03 2.93266e-03 2.86870e-03 2.80449e-03 2.74016e-03 2.67582e-03 2.61158e-03 2.54756e-03 2.48384e-03 2.42053e-03 2.35771e-03 2.29547e-03 2.23390e-03 2.17308e-03 2.11308e-03 2.05396e-03 1.99580e-03 1.93866e-03 1.88259e-03 1.82764e-03 1.77385e-03 1.72126e-03 1.66989e-03 1.61978e-03 1.57093e-03 1.52337e-03 1.47709e-03 1.43209e-03 1.38838e-03 1.34593e-03 1.30475e-03 1.26479e-03 1.22605e-03 1.18849e-03 1.15208e-03 1.11679e-03 1.08257e-03 1.04937e-03 1.01716e-03 9.85880e-04 9.55476e-04 9.25894e-04 8.97076e-04 8.68963e-04 8.41497e-04 8.14617e-04 7.88266e-04 7.62388e-04 7.36932e-04 7.11851e-04 6.87102e-04 6.62650e-04 6.38468e-04 6.14538e-04 5.90848e-04 5.67399e-04 5.44197e-04 5.21259e-04 4.98609e-04 4.76278e-04 4.54302e-04 4.32721e-04 4.11579e-04 3.90919e-04 3.70783e-04 3.51213e-04 3.32246e-04 3.13914e-04 2.96245e-04 2.79259e-04 2.62973e-04 2.47395e-04 2.32528e-04 2.18368e-04 2.04906e-04 1.92131e-04 1.80024e-04 1.68564e-04 1.57728e-04 1.47491e-04 1.37824e-04 1.28701e-04 1.20093e-04 1.11971e-04 1.04307e-04 9.70759e-05 9.02502e-05 8.38055e-05 7.77186e-05 7.19677e-05 6.65325e-05 6.13945e-05 5.65369e-05 5.19443e-05 4.76031e-05 4.35013e-05 3.96283e-05 3.59746e-05 3.25325e-05 2.92949e-05 2.62559e-05 2.34105e-05 2.07543e-05 1.82833e-05 1.59938e-05 1.38826e-05 1.19462e-05 1.01811e-05 8.58355e-06 7.14926e-06 5.87357e-06 4.75112e-06 3.77578e-06 2.94055e-06 2.23744e-06 1.65739e-06 1.19018e-06 8.24465e-07 5.47804e-07 3.46889e-07 2.07914e-07 1.17157e-07 6.17103e-08 3.02768e-08 1.38163e-08 5.84157e-09 2.24450e-09 7.39783e-10 1.83050e-10 2.47448e-11 6.18378e-13
1.598462 2.66434e-03 8.16992e-03 1.37163e-02 1.74314e-02 1.80639e-02 1.68838e-02 1.52398e-02 1.37500e-02 1.25570e-02 1.16344e-02 1.09218e-02 1.03645e-02 9.92068e-03 9.55975e-03 9.26024e-03 9.00712e-03 8.78985e-03 8.60099e-03 8.43518e-03 8.28856e-03 8.15843e-03 8.04301e-03 7.94131e-03 7.85296e-03 7.77808e-03 7.71711e-03 7.67074e-03 7.63975e-03 7.62499e-03 7.62727e-03 7.64735e-03 7.68590e-03 7.74343e-03 7.82031e-03 7.91660e-03 8.03203e-03 8.16581e-03 8.31650e-03 8.48184e-03 8.65872e-03 8.84304e-03 9.02992e-03 9.21385e-03 9.38908e-03 9.55008e-03 9.69191e-03 9.81064e-03 9.90354e-03 9.96912e-03 1.00070e-02 1.00178e-02 1.00029e-02 9.96392e-03 9.90309e-03 9.82265e-03 9.72488e-03 9.61205e-03 9.48633e-03 9.34973e-03 9.20412e-03 9.05116e-03 8.89233e-03 8.72892e-03 8.56204e-03 8.39267e-03 8.22160e-03 8.04956e-03 7.87713e-03 7.70485e-03 7.53320e-03 7.36260e-03 7.19345e-03 7.02612e-03 6.86099e-03 6.69841e-03 6.53872e-03 6.38226e-03 6.22937e-03 6.08035e-03 5.93549e-03 5.79505e-03 5.65928e-03 5.52836e-03 5.40245e-03 5.28166e-03 5.16604e-03 5.05560e-03 4.95032e-03 4.85010e-03 4.75483e-03 4.66434e-03 4.57845e-03 4.49695e-03 4.41964e-03 4.34631e-03 4.27679e-03 4.21093e-03 4.14863e-03 4.08986e-03 4.03462e-03 3.98298e-03 3.93500e-03 3.89075e-03 3.85022e-03 3.81328e-03 3.77969e-03 3.74897e-03 3.72050e-03 3.69348e-03 3.66700e-03 3.64012e-03 3.61191e-03 3.58157e-03 3.54844e-03 3.51207e-03 3.47220e-03 3.42878e-03 3.38190e-03 3.33179e-03 3.27876e-03 3.22317e-03 3.16538e-03 3.10577e-03 3.04467e-03 2.98240e-03 2.91922e-03 2.85538e-03 2.79108e-03 2.72651e-03 2.66183e-03 2.59718e-03 2.53268e-03 2.46844e-03 2.40458e-03 2.34119e-03 2.27835e-03 2.21617e-03 2.15471e-03 2.09407e-03 2.03429e-03 1.97546e-03 1.91763e-03 1.86086e-03 1.80519e-03 1.75067e-03 1.69733e-03 1.64521e-03 1.59432e-03 1.54469e-03 1.49634e-03 1.44926e-03 1.40347e-03 1.35897e-03 1.31575e-03 1.27381e-03 1.23314e-03 1.19372e-03 1.15555e-03 1.11859e-03 1.08283e-03 1.04824e-03 1.01480e-03 9.82470e-04 9.51218e-04 9.21005e-04 8.91789e-04 8.63522e-04 8.36157e-04 8.09638e-04 7.83910e-04 7.58915e-04 7.34590e-04 7.10875e-04 6.87706e-04 6.65024e-04 6.42769e-04 6.20887e-04 5.99327e-04 5.78047e-04 5.57009e-04 5.36188e-04 5.15564e-04 4.95131e-04 4.74888e-04 4.54848e-04 4.35031e-04 4.15463e-04 3.96180e-04 3.77221e-04 3.58628e-04 3.40445e-04 3.22716e-04 3.05482e-04 2.88781e-04 2.72647e-04 2.57110e-04 2.42191e-04 2.27905e-04 2.14264e-04 2.01270e-04 1.88919e-04 1.77206e-04 1.66115e-04 1.55631e-04 1.45732e-04 1.36396e-04 1.27596e-04 1.19308e-04 1.11502e-04 1.04152e-04 9.72292e-05 9.07068e-05 8.45586e-05 7.87591e-05 7.32845e-05 6.81121e-05 6.32211e-05 5.85920e-05 5.42073e-05 5.00510e-05 4.61090e-05 4.23687e-05 3.88195e-05 3.54521e-05 3.22590e-05 2.92339e-05 2.63720e-05 2.36696e-05 2.11239e-05 1.87331e-05 1.64959e-05 1.44114e-05 1.24792e-05 1.06987e-05 9.06951e-06 7.59069e-06 6.26096e-06 5.07841e-06 4.04030e-06 3.14290e-06 2.38125e-06 1.74898e-06 1.23806e-06 8.38629e-07 5.38852e-07 3.24991e-07 1.81746e-07 9.30001e-08 4.30079e-08 1.78402e-08 6.65206e-09 2.24628e-09 6.72227e-10 1.58061e-10 2.09185e-11 5.18198e-13
1.698366 2.56433e-03 8.68850e-03 1.54343e-02 1.95188e-02 1.96368e-02 1.76865e-02 1.54220e-02 1.35373e-02 1.21217e-02 1.10836e-02 1.03166e-02 9.73795e-03 9.29040e-03 8.93572e-03 8.64827e-03 8.41045e-03 8.20988e-03 8.03772e-03 7.88786e-03 7.75630e-03 7.64079e-03 7.54043e-03 7.45529e-03 7.38615e-03 7.33421e-03 7.30093e-03 7.28787e-03 7.29662e-03 7.32873e-03 7.38570e-03 7.46883e-03 7.57912e-03 7.71704e-03 7.88217e-03 8.07288e-03 8.28597e-03 8.51636e-03 8.75722e-03 9.00022e-03 9.23633e-03 9.45675e-03 9.65387e-03 9.82202e-03 9.95777e-03 1.00599e-02 1.01288e-02 1.01664e-02 1.01751e-02 1.01578e-02 1.01176e-02 1.00574e-02 9.97990e-03 9.88771e-03 9.78312e-03 9.66819e-03 9.54473e-03 9.41430e-03 9.27824e-03 9.13768e-03 8.99360e-03 8.84679e-03 8.69794e-03 8.54760e-03 8.39624e-03 8.24428e-03 8.09205e-03 7.93984e-03 7.78791e-03 7.63651e-03 7.48585e-03 7.33616e-03 7.18767e-03 7.04059e-03 6.89517e-03 6.75164e-03 6.61026e-03 6.47128e-03 6.33496e-03 6.20153e-03 6.07123e-03 5.94427e-03 5.82085e-03 5.70112e-03 5.58519e-03 5.47316e-03 5.36508e-03 5.26095e-03 5.16074e-03 5.06439e-03 4.97179e-03 4.88282e-03 4.79730e-03 4.71505e-03 4.63586e-03 4.55950e-03 4.48571e-03 4.41423e-03 4.34481e-03 4.27717e-03 4.21106e-03 4.14627e-03 4.08262e-03 4.02000e-03 3.95838e-03 3.89783e-03 3.83853e-03 3.78075e-03 3.72482e-03 3.67109e-03 3.61987e-03 3.57133e-03 3.52546e-03 3.48201e-03 3.44050e-03 3.40024e-03 3.36040e-03 3.32011e-03 3.27855e-03 3.23506e-03 3.18915e-03 3.14056e-03 3.08925e-03 3.03533e-03 2.97905e-03 2.92073e-03 2.86073e-03 2.79938e-03 2.73703e-03 2.67397e-03 2.61045e-03 2.54670e-03 2.48289e-03 2.41920e-03 2.35575e-03 2.29268e-03 2.23009e-03 2.16807e-03 2.10674e-03 2.04616e-03 1.98641e-03 1.92757e-03 1.86970e-03 1.81287e-03 1.75711e-03 1.70248e-03 1.64900e-03 1.59673e-03 1.54567e-03 1.49584e-03 1.44727e-03 1.39996e-03 1.35392e-03 1.30914e-03 1.26562e-03 1.22337e-03 1.18237e-03 1.14261e-03 1.10409e-03 1.06680e-03 1.03072e-03 9.95833e-04 9.62128e-04 9.29586e-04 8.98185e-04 8.67901e-04 8.38708e-04 8.10574e-04 7.83463e-04 7.57337e-04 7.32150e-04 7.07852e-04 6.84390e-04 6.61706e-04 6.39737e-04 6.18418e-04 5.97684e-04 5.77468e-04 5.57706e-04 5.38335e-04 5.19300e-04 5.00548e-04 4.82039e-04 4.63737e-04 4.45621e-04 4.27677e-04 4.09903e-04 3.92309e-04 3.74911e-04 3.57737e-04 3.40819e-04 3.24195e-04 3.07908e-04 2.91998e-04 2.76509e-04 2.61480e-04 2.46947e-04 2.32941e-04 2.19486e-04 2.06604e-04 1.94305e-04 1.82596e-04 1.71478e-04 1.60946e-04 1.50988e-04 1.41589e-04 1.32732e-04 1.24394e-04 1.16552e-04 1.09180e-04 1.02252e-04 9.57396e-05 8.96170e-05 8.38572e-05 7.84340e-05 7.33223e-05 6.84982e-05 6.39390e-05 5.96236e-05 5.55323e-05 5.16472e-05 4.79522e-05 4.44327e-05 4.10760e-05 3.78713e-05 3.48095e-05 3.18833e-05 2.90870e-05 2.64168e-05 2.38701e-05 2.14458e-05 1.91440e-05 1.69659e-05 1.49133e-05 1.29889e-05 1.11953e-05 9.53561e-06 8.01255e-06 6.62857e-06 5.38547e-06 4.28417e-06 3.32443e-06 2.50455e-06 1.82102e-06 1.26814e-06 8.37630e-07 5.18250e-07 2.95611e-07 1.52407e-07 6.93838e-08 2.72249e-08 9.05631e-09 2.57419e-09 6.45463e-10 1.36252e-10 1.73467e-11 4.24563e-13
1.798270 2.46144e-03 9.16468e-03 1.69137e-02 2.10336e-02 2.03982e-02 1.76629e-02 1.49219e-02 1.28301e-02 1.13549e-02 1.03218e-02 9.58427e-03 9.04409e-03 8.63788e-03 8.32412e-03 8.07462e-03 7.86997e-03 7.69701e-03 7.54738e-03 7.41637e-03 7.30201e-03 7.20428e-03 7.12447e-03 7.06469e-03 7.02753e-03 7.01585e-03 7.03274e-03 7.08133e-03 7.16475e-03 7.28583e-03 7.44655e-03 7.64733e-03 7.88608e-03 8.15731e-03 8.45174e-03 8.75670e-03 9.05761e-03 9.34009e-03 9.59213e-03 9.80563e-03 9.97679e-03 1.01055e-02 1.01944e-02 1.02472e-02 1.02686e-02 1.02629e-02 1.02343e-02 1.01862e-02 1.01218e-02 1.00439e-02 9.95452e-03 9.85565e-03 9.74885e-03 9.63544e-03 9.51657e-03 9.39320e-03 9.26619e-03 9.13628e-03 9.00412e-03 8.87029e-03 8.73527e-03 8.59951e-03 8.46335e-03 8.32708e-03 8.19096e-03 8.05518e-03 7.91988e-03 7.78518e-03 7.65119e-03 7.51800e-03 7.38570e-03 7.25439e-03 7.12418e-03 6.99520e-03 6.86761e-03 6.74156e-03 6.61723e-03 6.49481e-03 6.37449e-03 6.25645e-03 6.14086e-03 6.02787e-03 5.91760e-03 5.81017e-03 5.70562e-03 5.60400e-03 5.50530e-03 5.40951e-03 5.31657e-03 5.22640e-03 5.13890e-03 5.05395e-03 4.97143e-03 4.89117e-03 4.81304e-03 4.73688e-03 4.66252e-03 4.58981e-03 4.51858e-03 4.44868e-03 4.37994e-03 4.31220e-03 4.24530e-03 4.17906e-03 4.11332e-03 4.04788e-03 3.98256e-03 3.91720e-03 3.85163e-03 3.78577e-03 3.71958e-03 3.65315e-03 3.58668e-03 3.52054e-03 3.45522e-03 3.39130e-03 3.32938e-03 3.26998e-03 3.21342e-03 3.15977e-03 3.10878e-03 3.05992e-03 3.01242e-03 2.96540e-03 2.91800e-03 2.86948e-03 2.81932e-03 2.76724e-03 2.71318e-03 2.65725e-03 2.59969e-03 2.54081e-03 2.48093e-03 2.42035e-03 2.35934e-03 2.29814e-03 2.23696e-03 2.17598e-03 2.11533e-03 2.05515e-03 1.99556e-03 1.93664e-03 1.87850e-03 1.82120e-03 1.76483e-03 1.70945e-03 1.65510e-03 1.60183e-03 1.54969e-03 1.49871e-03 1.44890e-03 1.40029e-03 1.35289e-03 1.30671e-03 1.26174e-03 1.21800e-03 1.17548e-03 1.13417e-03 1.09407e-03 1.05517e-03 1.01747e-03 9.80960e-04 9.45632e-04 9.11479e-04 8.78495e-04 8.46670e-04 8.15996e-04 7.86460e-04 7.58049e-04 7.30742e-04 7.04516e-04 6.79343e-04 6.55187e-04 6.32005e-04 6.09748e-04 5.88361e-04 5.67780e-04 5.47937e-04 5.28762e-04 5.10179e-04 4.92113e-04 4.74493e-04 4.57248e-04 4.40318e-04 4.23649e-04 4.07198e-04 3.90933e-04 3.74836e-04 3.58901e-04 3.43134e-04 3.27551e-04 3.12179e-04 2.97052e-04 2.82208e-04 2.67690e-04 2.53541e-04 2.39801e-04 2.26508e-04 2.13697e-04 2.01394e-04 1.89622e-04 1.78394e-04 1.67720e-04 1.57600e-04 1.48030e-04 1.39000e-04 1.30496e-04 1.22501e-04 1.14993e-04 1.07947e-04 1.01340e-04 9.51449e-05 8.93346e-05 8.38824e-05 7.87616e-05 7.39462e-05 6.94113e-05 6.51327e-05 6.10875e-05 5.72545e-05 5.36135e-05 5.01461e-05 4.68356e-05 4.36668e-05 4.06265e-05 3.77031e-05 3.48870e-05 3.21707e-05 2.95485e-05 2.70168e-05 2.45738e-05 2.22199e-05 1.99568e-05 1.77882e-05 1.57189e-05 1.37548e-05 1.19026e-05 1.01694e-05 8.56236e-06 7.08843e-06 5.75372e-06 4.56330e-06 3.52071e-06 2.62752e-06 1.88291e-06 1.28308e-06 8.20683e-07 4.84219e-07 2.57491e-07 1.19701e-07 4.68201e-08 1.47641e-08 3.64196e-09 7.22714e-10 1.24192e-10 1.46210e-11 3.51643e-13
1.898174 2.34413e-03 9.46628e-03 1.78097e-02 2.15486e-02 2.00680e-02 1.67865e-02 1.38966e-02 1.18454e-02 1.04586e-02 9.51653e-03 8.86527e-03 8.40454e-03 8.06840e-03 7.81284e-03 7.60891e-03 7.43838e-03 7.29092e-03 7.16181e-03 7.05024e-03 6.95795e-03 6.88836e-03 6.84592e-03 6.83587e-03 6.86403e-03 6.93667e-03 7.06004e-03 7.23930e-03 7.47675e-03 7.76953e-03 8.10761e-03 8.47339e-03 8.84383e-03 9.19490e-03 9.50663e-03 9.76645e-03 9.96992e-03 1.01190e-02 1.02195e-02 1.02788e-02 1.03040e-02 1.03015e-02 1.02767e-02 1.02339e-02 1.01765e-02 1.01070e-02 1.00275e-02 9.93960e-03 9.84448e-03 9.74318e-03 9.63656e-03 9.52536e-03 9.41029e-03 9.29200e-03 9.17110e-03 9.04821e-03 8.92388e-03 8.79864e-03 8.67297e-03 8.54727e-03 8.42191e-03 8.29716e-03 8.17324e-03 8.05030e-03 7.92843e-03 7.80767e-03 7.68805e-03 7.56953e-03 7.45210e-03 7.33575e-03 7.22045e-03 7.10625e-03 6.99317e-03 6.88129e-03 6.77071e-03 6.66154e-03 6.55393e-03 6.44802e-03 6.34393e-03 6.24180e-03 6.14175e-03 6.04384e-03 5.94815e-03 5.85469e-03 5.76348e-03 5.67447e-03 5.58762e-03 5.50285e-03 5.42004e-03 5.33910e-03 5.25988e-03 5.18225e-03 5.10608e-03 5.03122e-03 4.95753e-03 4.88488e-03 4.81316e-03 4.74225e-03 4.67206e-03 4.60251e-03 4.53352e-03 4.46505e-03 4.39705e-03 4.32948e-03 4.26233e-03 4.19557e-03 4.12919e-03 4.06316e-03 3.99746e-03 3.93204e-03 3.86684e-03 3.80176e-03 3.73670e-03 3.67148e-03 3.60594e-03 3.53987e-03 3.47308e-03 3.40545e-03 3.33694e-03 3.26770e-03 3.19806e-03 3.12857e-03 3.05999e-03 2.99317e-03 2.92895e-03 2.86798e-03 2.81061e-03 2.75675e-03 2.70592e-03 2.65728e-03 2.60980e-03 2.56246e-03 2.51437e-03 2.46490e-03 2.41374e-03 2.36080e-03 2.30623e-03 2.25031e-03 2.19335e-03 2.13569e-03 2.07766e-03 2.01954e-03 1.96156e-03 1.90393e-03 1.84681e-03 1.79034e-03 1.73463e-03 1.67975e-03 1.62579e-03 1.57280e-03 1.52082e-03 1.46988e-03 1.42001e-03 1.37123e-03 1.32355e-03 1.27698e-03 1.23153e-03 1.18720e-03 1.14401e-03 1.10194e-03 1.06100e-03 1.02120e-03 9.82537e-04 9.45014e-04 9.08635e-04 8.73406e-04 8.39333e-04 8.06424e-04 7.74683e-04 7.44119e-04 7.14735e-04 6.86532e-04 6.59508e-04 6.33653e-04 6.08952e-04 5.85378e-04 5.62897e-04 5.41463e-04 5.21016e-04 5.01491e-04 4.82807e-04 4.64880e-04 4.47617e-04 4.30927e-04 4.14717e-04 3.98901e-04 3.83401e-04 3.68153e-04 3.53105e-04 3.38225e-04 3.23495e-04 3.08914e-04 2.94499e-04 2.80278e-04 2.66287e-04 2.52573e-04 2.39182e-04 2.26164e-04 2.13563e-04 2.01420e-04 1.89770e-04 1.78639e-04 1.68044e-04 1.57998e-04 1.48501e-04 1.39550e-04 1.31134e-04 1.23238e-04 1.15840e-04 1.08919e-04 1.02448e-04 9.63997e-05 9.07470e-05 8.54612e-05 8.05141e-05 7.58781e-05 7.15263e-05 6.74329e-05 6.35731e-05 5.99234e-05 5.64618e-05 5.31674e-05 5.00210e-05 4.70046e-05 4.41020e-05 4.12987e-05 3.85816e-05 3.59399e-05 3.33647e-05 3.08493e-05 2.83895e-05 2.59837e-05 2.36325e-05 2.13394e-05 1.91104e-05 1.69537e-05 1.48795e-05 1.28995e-05 1.10268e-05 9.27442e-06 7.65551e-06 6.18208e-06 4.86450e-06 3.71070e-06 2.72556e-06 1.91027e-06 1.26172e-06 7.71842e-07 4.26813e-07 2.06232e-07 8.31170e-08 2.62845e-08 6.07561e-09 9.85347e-10 1.24655e-10 1.25283e-11 2.93365e-13
1.998078 2.22445e-03 9.56167e-03 1.79581e-02 2.09422e-02 1.88207e-02 1.54615e-02 1.27582e-02 1.09045e-02 9.67839e-03 8.87284e-03 8.33944e-03 7.97616e-03 7.71542e-03 7.51483e-03 7.34989e-03 7.20839e-03 7.08641e-03 6.98541e-03 6.91041e-03 6.86898e-03 6.87074e-03 6.92712e-03 7.05057e-03 7.25241e-03 7.53846e-03 7.90335e-03 8.32633e-03 8.77252e-03 9.20122e-03 9.57746e-03 9.88047e-03 1.01051e-02 1.02578e-02 1.03503e-02 1.03958e-02 1.04056e-02 1.03885e-02 1.03513e-02 1.02987e-02 1.02340e-02 1.01597e-02 1.00776e-02 9.98898e-03 9.89478e-03 9.79574e-03 9.69242e-03 9.58528e-03 9.47472e-03 9.36112e-03 9.24488e-03 9.12644e-03 9.00626e-03 8.88483e-03 8.76267e-03 8.64026e-03 8.51810e-03 8.39662e-03 8.27621e-03 8.15719e-03 8.03979e-03 7.92417e-03 7.81041e-03 7.69852e-03 7.58846e-03 7.48014e-03 7.37346e-03 7.26830e-03 7.16457e-03 7.06218e-03 6.96109e-03 6.86129e-03 6.76282e-03 6.66574e-03 6.57013e-03 6.47610e-03 6.38376e-03 6.29321e-03 6.20454e-03 6.11781e-03 6.03307e-03 5.95031e-03 5.86950e-03 5.79060e-03 5.71353e-03 5.63816e-03 5.56438e-03 5.49205e-03 5.42100e-03 5.35108e-03 5.28214e-03 5.21401e-03 5.14656e-03 5.07965e-03 5.01316e-03 4.94700e-03 4.88106e-03 4.81529e-03 4.74962e-03 4.68401e-03 4.61843e-03 4.55286e-03 4.48727e-03 4.42168e-03 4.35608e-03 4.29051e-03 4.22497e-03 4.15952e-03 4.09420e-03 4.02907e-03 3.96419e-03 3.89962e-03 3.83542e-03 3.77167e-03 3.70840e-03 3.64566e-03 3.58346e-03 3.52176e-03 3.46051e-03 3.39959e-03 3.33880e-03 3.27790e-03 3.21657e-03 3.15443e-03 3.09112e-03 3.02635e-03 2.95997e-03 2.89213e-03 2.82331e-03 2.75438e-03 2.68649e-03 2.62093e-03 2.55890e-03 2.50121e-03 2.44811e-03 2.39918e-03 2.35345e-03 2.30957e-03 2.26612e-03 2.22184e-03 2.17585e-03 2.12769e-03 2.07732e-03 2.02501e-03 1.97119e-03 1.91638e-03 1.86109e-03 1.80577e-03 1.75078e-03 1.69637e-03 1.64275e-03 1.59002e-03 1.53824e-03 1.48744e-03 1.43761e-03 1.38874e-03 1.34080e-03 1.29379e-03 1.24767e-03 1.20245e-03 1.15811e-03 1.11465e-03 1.07208e-03 1.03043e-03 9.89707e-04 9.49950e-04 9.11191e-04 8.73466e-04 8.36814e-04 8.01276e-04 7.66889e-04 7.33691e-04 7.01719e-04 6.71003e-04 6.41572e-04 6.13447e-04 5.86642e-04 5.61161e-04 5.36998e-04 5.14132e-04 4.92524e-04 4.72121e-04 4.52850e-04 4.34620e-04 4.17327e-04 4.00851e-04 3.85067e-04 3.69850e-04 3.55077e-04 3.40639e-04 3.26444e-04 3.12425e-04 2.98536e-04 2.84762e-04 2.71110e-04 2.57609e-04 2.44306e-04 2.31257e-04 2.18525e-04 2.06172e-04 1.94258e-04 1.82832e-04 1.71934e-04 1.61592e-04 1.51824e-04 1.42636e-04 1.34022e-04 1.25971e-04 1.18463e-04 1.11472e-04 1.04969e-04 9.89250e-05 9.33057e-05 8.80787e-05 8.32114e-05 7.86721e-05 7.44304e-05 7.04571e-05 6.67246e-05 6.32071e-05 5.98800e-05 5.67204e-05 5.37067e-05 5.08188e-05 4.80377e-05 4.53459e-05 4.27271e-05 4.01667e-05 3.76515e-05 3.51706e-05 3.27152e-05 3.02792e-05 2.78597e-05 2.54574e-05 2.30766e-05 2.07258e-05 1.84173e-05 1.61671e-05 1.39944e-05 1.19203e-05 9.96729e-06 8.15726e-06 6.51051e-06 5.04416e-06 3.77091e-06 2.69800e-06 1.82658e-06 1.15124e-06 6.59644e-07 3.31862e-07 1.39385e-07 4.55103e-08 1.04895e-08 1.53004e-09 1.41788e-10 1.08244e-11 2.42383e-13
2.097981 2.10629e-03 9.22934e-03 1.69685e-02 1.91952e-02 1.70489e-02 1.41046e-02 1.17731e-02 1.01694e-02 9.13137e-03 8.48138e-03 8.07343e-03 7.80442e-03 7.61089e-03 7.45897e-03 7.33439e-03 7.23518e-03 7.16728e-03 7.14260e-03 7.17835e-03 7.29626e-03 7.51872e-03 7.85917e-03 8.30852e-03 8.82636e-03 9.34849e-03 9.81020e-03 1.01696e-02 1.04157e-02 1.05605e-02 1.06268e-02 1.06377e-02 1.06120e-02 1.05627e-02 1.04979e-02 1.04222e-02 1.03383e-02 1.02480e-02 1.01525e-02 1.00529e-02 9.94997e-03 9.84451e-03 9.73695e-03 9.62757e-03 9.51648e-03 9.40371e-03 9.28920e-03 9.17293e-03 9.05495e-03 8.93538e-03 8.81447e-03 8.69257e-03 8.57009e-03 8.44755e-03 8.32544e-03 8.20430e-03 8.08461e-03 7.96679e-03 7.85119e-03 7.73804e-03 7.62750e-03 7.51959e-03 7.41430e-03 7.31149e-03 7.21102e-03 7.11270e-03 7.01635e-03 6.92181e-03 6.82896e-03 6.73769e-03 6.64798e-03 6.55984e-03 6.47331e-03 6.38846e-03 6.30539e-03 6.22418e-03 6.14490e-03 6.06762e-03 5.99234e-03 5.91906e-03 5.84773e-03 5.77827e-03 5.71057e-03 5.64447e-03 5.57981e-03 5.51641e-03 5.45408e-03 5.39261e-03 5.33182e-03 5.27153e-03 5.21160e-03 5.15187e-03 5.09226e-03 5.03268e-03 4.97307e-03 4.91339e-03 4.85361e-03 4.79372e-03 4.73370e-03 4.67356e-03 4.61327e-03 4.55286e-03 4.49231e-03 4.43162e-03 4.37082e-03 4.30990e-03 4.24889e-03 4.18782e-03 4.12670e-03 4.06559e-03 4.00453e-03 3.94356e-03 3.88275e-03 3.82217e-03 3.76186e-03 3.70191e-03 3.64237e-03 3.58332e-03 3.52481e-03 3.46690e-03 3.40964e-03 3.35308e-03 3.29722e-03 3.24210e-03 3.18770e-03 3.13398e-03 3.08084e-03 3.02816e-03 2.97568e-03 2.92309e-03 2.86993e-03 2.81566e-03 2.75965e-03 2.70132e-03 2.64028e-03 2.57654e-03 2.51072e-03 2.44406e-03 2.37840e-03 2.31579e-03 2.25803e-03 2.20620e-03 2.16032e-03 2.11930e-03 2.08127e-03 2.04400e-03 2.00546e-03 1.96419e-03 1.91951e-03 1.87147e-03 1.82067e-03 1.76801e-03 1.71444e-03 1.66081e-03 1.60776e-03 1.55571e-03 1.50488e-03 1.45533e-03 1.40699e-03 1.35978e-03 1.31356e-03 1.26821e-03 1.22360e-03 1.17965e-03 1.13628e-03 1.09345e-03 1.05113e-03 1.00933e-03 9.68060e-04 9.27384e-04 8.87368e-04 8.48102e-04 8.09691e-04 7.72246e-04 7.35881e-04 7.00706e-04 6.66821e-04 6.34312e-04 6.03251e-04 5.73692e-04 5.45672e-04 5.19213e-04 4.94318e-04 4.70973e-04 4.49140e-04 4.28760e-04 4.09748e-04 3.91992e-04 3.75354e-04 3.59675e-04 3.44780e-04 3.30492e-04 3.16639e-04 3.03071e-04 2.89669e-04 2.76354e-04 2.63090e-04 2.49883e-04 2.36775e-04 2.23836e-04 2.11152e-04 1.98815e-04 1.86913e-04 1.75523e-04 1.64707e-04 1.54508e-04 1.44950e-04 1.36039e-04 1.27769e-04 1.20117e-04 1.13054e-04 1.06544e-04 1.00544e-04 9.50133e-05 8.99083e-05 8.51870e-05 8.08093e-05 7.67376e-05 7.29367e-05 6.93744e-05 6.60207e-05 6.28485e-05 5.98324e-05 5.69491e-05 5.41768e-05 5.14950e-05 4.88839e-05 4.63252e-05 4.38011e-05 4.12952e-05 3.87925e-05 3.62800e-05 3.37478e-05 3.11896e-05 2.86042e-05 2.59959e-05 2.33760e-05 2.07624e-05 1.81800e-05 1.56599e-05 1.32370e-05 1.09488e-05 8.83149e-06 6.91791e-06 5.23421e-06 3.79785e-06 2.61620e-06 1.68615e-06 9.94604e-07 5.19123e-07 2.27717e-07 7.77490e-08 1.84882e-08 2.62667e-09 1.94164e-10 9.85207e-12 2.01405e-13
2.197885 2.01691e-03 8.48321e-03 1.51198e-02 1.69608e-02 1.53135e-02 1.29764e-02 1.10378e-02 9.69775e-03 8.87184e-03 8.39372e-03 8.11460e-03 7.93853e-03 7.81817e-03 7.73892e-03 7.70598e-03 7.73780e-03 7.86408e-03 8.12083e-03 8.53305e-03 9.08546e-03 9.70514e-03 1.02844e-02 1.07337e-02 1.10174e-02 1.11491e-02 1.11669e-02 1.11122e-02 1.10183e-02 1.09064e-02 1.07880e-02 1.06679e-02 1.05475e-02 1.04270e-02 1.03063e-02 1.01852e-02 1.00639e-02 9.94268e-03 9.82191e-03 9.70196e-03 9.58303e-03 9.46509e-03 9.34787e-03 9.23093e-03 9.11372e-03 8.99570e-03 8.87645e-03 8.75570e-03 8.63343e-03 8.50979e-03 8.38517e-03 8.26008e-03 8.13512e-03 8.01097e-03 7.88829e-03 7.76769e-03 7.64968e-03 7.53466e-03 7.42290e-03 7.31452e-03 7.20952e-03 7.10782e-03 7.00923e-03 6.91353e-03 6.82048e-03 6.72985e-03 6.64142e-03 6.55505e-03 6.47061e-03 6.38807e-03 6.30740e-03 6.22863e-03 6.15183e-03 6.07704e-03 6.00432e-03 5.93371e-03 5.86522e-03 5.79880e-03 5.73441e-03 5.67192e-03 5.61119e-03 5.55203e-03 5.49422e-03 5.43751e-03 5.38165e-03 5.32639e-03 5.27148e-03 5.21672e-03 5.16195e-03 5.10706e-03 5.05197e-03 4.99667e-03 4.94116e-03 4.88547e-03 4.82964e-03 4.77372e-03 4.71776e-03 4.66181e-03 4.60589e-03 4.55003e-03 4.49427e-03 4.43861e-03 4.38308e-03 4.32769e-03 4.27244e-03 4.21735e-03 4.16243e-03 4.10766e-03 4.05308e-03 3.99866e-03 3.94444e-03 3.89041e-03 3.83659e-03 3.78299e-03 3.72965e-03 3.67658e-03 3.62382e-03 3.57138e-03 3.51930e-03 3.46760e-03 3.41631e-03 3.36544e-03 3.31500e-03 3.26500e-03 3.21546e-03 3.16636e-03 3.11773e-03 3.06957e-03 3.02191e-03 2.97479e-03 2.92825e-03 2.88236e-03 2.83720e-03 2.79282e-03 2.74926e-03 2.70647e-03 2.66434e-03 2.62255e-03 2.58064e-03 2.53785e-03 2.49323e-03 2.44569e-03 2.39420e-03 2.33817e-03 2.27788e-03 2.21479e-03 2.15149e-03 2.09118e-03 2.03673e-03 1.98965e-03 1.94953e-03 1.91418e-03 1.88036e-03 1.84484e-03 1.80524e-03 1.76055e-03 1.71105e-03 1.65800e-03 1.60308e-03 1.54795e-03 1.49391e-03 1.44176e-03 1.39188e-03 1.34427e-03 1.29871e-03 1.25490e-03 1.21248e-03 1.17114e-03 1.13059e-03 1.09061e-03 1.05100e-03 1.01161e-03 9.72341e-04 9.33122e-04 8.93934e-04 8.54807e-04 8.15825e-04 7.77135e-04 7.38935e-04 7.01462e-04 6.64978e-04 6.29736e-04 5.95966e-04 5.63850e-04 5.33514e-04 5.05031e-04 4.78420e-04 4.53661e-04 4.30702e-04 4.09466e-04 3.89852e-04 3.71735e-04 3.54961e-04 3.39344e-04 3.24671e-04 3.10708e-04 2.97223e-04 2.84003e-04 2.70881e-04 2.57751e-04 2.44580e-04 2.31401e-04 2.18302e-04 2.05407e-04 1.92853e-04 1.80774e-04 1.69284e-04 1.58470e-04 1.48387e-04 1.39060e-04 1.30487e-04 1.22643e-04 1.15491e-04 1.08978e-04 1.03048e-04 9.76417e-05 9.27005e-05 8.81676e-05 8.39902e-05 8.01196e-05 7.65120e-05 7.31278e-05 6.99320e-05 6.68929e-05 6.39824e-05 6.11745e-05 5.84452e-05 5.57714e-05 5.31309e-05 5.05015e-05 4.78612e-05 4.51886e-05 4.24636e-05 3.96687e-05 3.67911e-05 3.38250e-05 3.07740e-05 2.76531e-05 2.44898e-05 2.13248e-05 1.82099e-05 1.52048e-05 1.23721e-05 9.77162e-06 7.45450e-06 5.45783e-06 3.80148e-06 2.48689e-06 1.49834e-06 8.05860e-07 3.68016e-07 1.31929e-07 3.29620e-08 4.81115e-09 3.22863e-10 1.02792e-11 1.69330e-13
2.297789 1.97010e-03 7.55029e-03 1.29884e-02 1.47941e-02 1.38446e-02 1.21198e-02 1.05841e-02 9.54536e-03 8.96075e-03 8.66747e-03 8.53125e-03 8.48857e-03 8.53239e-03 8.68961e-03 9.00453e-03 9.51202e-03 1.01878e-02 1.09157e-02 1.15347e-02 1.19353e-02 1.21017e-02 1.20813e-02 1.19409e-02 1.17413e-02 1.15247e-02 1.13133e-02 1.11149e-02 1.09302e-02 1.07573e-02 1.05939e-02 1.04383e-02 1.02887e-02 1.01442e-02 1.00038e-02 9.86711e-03 9.73379e-03 9.60384e-03 9.47724e-03 9.35386e-03 9.23326e-03 9.11468e-03 8.99710e-03 8.87939e-03 8.76052e-03 8.63967e-03 8.51640e-03 8.39064e-03 8.26269e-03 8.13314e-03 8.00281e-03 7.87262e-03 7.74354e-03 7.61648e-03 7.49225e-03 7.37148e-03 7.25463e-03 7.14195e-03 7.03352e-03 6.92928e-03 6.82906e-03 6.73262e-03 6.63970e-03 6.55002e-03 6.46331e-03 6.37935e-03 6.29796e-03 6.21897e-03 6.14231e-03 6.06790e-03 5.99572e-03 5.92576e-03 5.85803e-03 5.79252e-03 5.72921e-03 5.66804e-03 5.60892e-03 5.55170e-03 5.49619e-03 5.44211e-03 5.38913e-03 5.33690e-03 5.28502e-03 5.23314e-03 5.18092e-03 5.12814e-03 5.07465e-03 5.02039e-03 4.96540e-03 4.90978e-03 4.85368e-03 4.79724e-03 4.74063e-03 4.68399e-03 4.62745e-03 4.57112e-03 4.51510e-03 4.45946e-03 4.40427e-03 4.34960e-03 4.29551e-03 4.24204e-03 4.18925e-03 4.13716e-03 4.08580e-03 4.03519e-03 3.98534e-03 3.93626e-03 3.88793e-03 3.84037e-03 3.79358e-03 3.74756e-03 3.70231e-03 3.65777e-03 3.61382e-03 3.57032e-03 3.52715e-03 3.48427e-03 3.44177e-03 3.39985e-03 3.35866e-03 3.31828e-03 3.27865e-03 3.23958e-03 3.20087e-03 3.16230e-03 3.12371e-03 3.08501e-03 3.04613e-03 3.00709e-03 2.96788e-03 2.92853e-03 2.88905e-03 2.84942e-03 2.80957e-03 2.76941e-03 2.72883e-03 2.68775e-03 2.64613e-03 2.60399e-03 2.56144e-03 2.51865e-03 2.47579e-03 2.43307e-03 2.39063e-03 2.34849e-03 2.30650e-03 2.26422e-03 2.22085e-03 2.17522e-03 2.12596e-03 2.07194e-03 2.01300e-03 1.95063e-03 1.88823e-03 1.83027e-03 1.78054e-03 1.74036e-03 1.70775e-03 1.67828e-03 1.64691e-03 1.60989e-03 1.56577e-03 1.51535e-03 1.46089e-03 1.40512e-03 1.35044e-03 1.29847e-03 1.24999e-03 1.20510e-03 1.16349e-03 1.12463e-03 1.08793e-03 1.05287e-03 1.01895e-03 9.85762e-04 9.52936e-04 9.20159e-04 8.87152e-04 8.53679e-04 8.19554e-04 7.84665e-04 7.49002e-04 7.12691e-04 6.76012e-04 6.39390e-04 6.03358e-04 5.68480e-04 5.35274e-04 5.04141e-04 4.75318e-04 4.48872e-04 4.24723e-04 4.02686e-04 3.82532e-04 3.64024e-04 3.46938e-04 3.31060e-04 3.16167e-04 3.02021e-04 2.88365e-04 2.74950e-04 2.61574e-04 2.48113e-04 2.34549e-04 2.20959e-04 2.07499e-04 1.94359e-04 1.81735e-04 1.69793e-04 1.58658e-04 1.48401e-04 1.39047e-04 1.30582e-04 1.22959e-04 1.16113e-04 1.09969e-04 1.04444e-04 9.94606e-05 9.49409e-05 9.08148e-05 8.70186e-05 8.34953e-05 8.01945e-05 7.70713e-05 7.40862e-05 7.12033e-05 6.83898e-05 6.56145e-05 6.28463e-05 6.00539e-05 5.72049e-05 5.42659e-05 5.12041e-05 4.79896e-05 4.45997e-05 4.10230e-05 3.72648e-05 3.33510e-05 2.93308e-05 2.52759e-05 2.12765e-05 1.74343e-05 1.38517e-05 1.06210e-05 7.81341e-06 5.47168e-06 3.60679e-06 2.19958e-06 1.20665e-06 5.68196e-07 2.12657e-07 5.60477e-08 8.64833e-09 5.89714e-10 1.35695e-11 1.41037e-13
2.397693 1.94010e-03 6.65130e-03 1.10516e-02 1.29920e-02 1.27083e-02 1.15337e-02 1.03831e-02 9.64103e-03 9.31015e-03 9.26964e-03 9.43934e-03 9.80915e-03 1.03968e-02 1.11729e-02 1.19991e-02 1.26734e-02 1.30633e-02 1.31613e-02 1.30324e-02 1.27591e-02 1.24185e-02 1.20674e-02 1.17369e-02 1.14388e-02 1.11739e-02 1.09385e-02 1.07273e-02 1.05353e-02 1.03585e-02 1.01938e-02 1.00391e-02 9.89252e-03 9.75248e-03 9.61780e-03 9.48772e-03 9.36189e-03 9.24021e-03 9.12252e-03 9.00832e-03 8.89657e-03 8.78575e-03 8.67410e-03 8.55995e-03 8.44201e-03 8.31963e-03 8.19277e-03 8.06200e-03 7.92832e-03 7.79301e-03 7.65751e-03 7.52320e-03 7.39137e-03 7.26305e-03 7.13905e-03 7.01987e-03 6.90577e-03 6.79680e-03 6.69288e-03 6.59383e-03 6.49943e-03 6.40943e-03 6.32356e-03 6.24156e-03 6.16315e-03 6.08804e-03 6.01601e-03 5.94683e-03 5.88033e-03 5.81639e-03 5.75490e-03 5.69579e-03 5.63901e-03 5.58444e-03 5.53197e-03 5.48139e-03 5.43240e-03 5.38459e-03 5.33746e-03 5.29042e-03 5.24291e-03 5.19437e-03 5.14439e-03 5.09271e-03 5.03924e-03 4.98405e-03 4.92732e-03 4.86932e-03 4.81036e-03 4.75072e-03 4.69070e-03 4.63057e-03 4.57059e-03 4.51103e-03 4.45215e-03 4.39424e-03 4.33760e-03 4.28252e-03 4.22925e-03 4.17804e-03 4.12907e-03 4.08241e-03 4.03792e-03 3.99525e-03 3.95389e-03 3.91343e-03 3.87373e-03 3.83492e-03 3.79712e-03 3.76029e-03 3.72414e-03 3.68826e-03 3.65225e-03 3.61585e-03 3.57894e-03 3.54149e-03 3.50352e-03 3.46509e-03 3.42628e-03 3.38718e-03 3.34785e-03 3.30836e-03 3.26876e-03 3.22911e-03 3.18945e-03 3.14980e-03 3.11020e-03 3.07069e-03 3.03128e-03 2.99201e-03 2.95293e-03 2.91405e-03 2.87538e-03 2.83689e-03 2.79852e-03 2.76013e-03 2.72159e-03 2.68272e-03 2.64340e-03 2.60355e-03 2.56315e-03 2.52227e-03 2.48102e-03 2.43955e-03 2.39805e-03 2.35669e-03 2.31567e-03 2.27515e-03 2.23529e-03 2.19622e-03 2.15806e-03 2.12092e-03 2.08483e-03 2.04979e-03 2.01565e-03 1.98204e-03 1.94825e-03 1.91310e-03 1.87494e-03 1.83195e-03 1.78288e-03 1.72815e-03 1.67070e-03 1.61555e-03 1.56779e-03 1.52971e-03 1.49918e-03 1.47068e-03 1.43816e-03 1.39794e-03 1.34974e-03 1.29600e-03 1.24037e-03 1.18619e-03 1.13572e-03 1.09006e-03 1.04930e-03 1.01299e-03 9.80411e-04 9.50769e-04 9.23305e-04 8.97322e-04 8.72188e-04 8.47322e-04 8.22188e-04 7.96284e-04 7.69147e-04 7.40380e-04 7.09695e-04 6.77002e-04 6.42499e-04 6.06734e-04 5.70581e-04 5.35121e-04 5.01436e-04 4.70404e-04 4.42542e-04 4.17931e-04 3.96246e-04 3.76891e-04 3.59208e-04 3.42642e-04 3.26821e-04 3.11518e-04 2.96569e-04 2.81820e-04 2.67124e-04 2.52387e-04 2.37612e-04 2.22919e-04 2.08517e-04 1.94652e-04 1.81558e-04 1.69414e-04 1.58330e-04 1.48339e-04 1.39417e-04 1.31497e-04 1.24483e-04 1.18267e-04 1.12743e-04 1.07806e-04 1.03362e-04 9.93277e-05 9.56283e-05 9.21991e-05 8.89818e-05 8.59226e-05 8.29702e-05 8.00733e-05 7.71782e-05 7.42277e-05 7.11597e-05 6.79092e-05 6.44112e-05 6.06070e-05 5.64529e-05 5.19289e-05 4.70484e-05 4.18640e-05 3.64702e-05 3.09999e-05 2.56154e-05 2.04914e-05 1.57956e-05 1.16669e-05 8.19804e-06 5.42596e-06 3.33204e-06 1.85224e-06 8.93392e-07 3.47753e-07 9.70593e-08 1.61725e-08 1.20975e-09 2.63173e-11 1.39971e-13
2.497597 1.93059e-03 6.11060e-03 9.90382e-03 1.19163e-02 1.19943e-02 1.11841e-02 1.04080e-02 1.01089e-02 1.03348e-02 1.09759e-02 1.18831e-02 1.28487e-02 1.36258e-02 1.40613e-02 1.41604e-02 1.40051e-02 1.36785e-02 1.32545e-02 1.27962e-02 1.23485e-02 1.19342e-02 1.15613e-02 1.12306e-02 1.09402e-02 1.06869e-02 1.04657e-02 1.02707e-02 1.00962e-02 9.93739e-03 9.79095e-03 9.65414e-03 9.52470e-03 9.40078e-03 9.28113e-03 9.16522e-03 9.05308e-03 8.94487e-03 8.84027e-03 8.73811e-03 8.63628e-03 8.53209e-03 8.42296e-03 8.30695e-03 8.18322e-03 8.05200e-03 7.91449e-03 7.77249e-03 7.62811e-03 7.48351e-03 7.34066e-03 7.20121e-03 7.06642e-03 6.93714e-03 6.81382e-03 6.69669e-03 6.58579e-03 6.48107e-03 6.38242e-03 6.28970e-03 6.20270e-03 6.12114e-03 6.04465e-03 5.97284e-03 5.90530e-03 5.84164e-03 5.78155e-03 5.72478e-03 5.67113e-03 5.62042e-03 5.57248e-03 5.52707e-03 5.48386e-03 5.44236e-03 5.40197e-03 5.36192e-03 5.32138e-03 5.27954e-03 5.23569e-03 5.18934e-03 5.14016e-03 5.08811e-03 5.03330e-03 4.97603e-03 4.91668e-03 4.85577e-03 4.79386e-03 4.73158e-03 4.66958e-03 4.60853e-03 4.54909e-03 4.49181e-03 4.43701e-03 4.38469e-03 4.33456e-03 4.28622e-03 4.23946e-03 4.19430e-03 4.15093e-03 4.10945e-03 4.06975e-03 4.03147e-03 3.99416e-03 3.95736e-03 3.92075e-03 3.88410e-03 3.84731e-03 3.81029e-03 3.77302e-03 3.73545e-03 3.69756e-03 3.65932e-03 3.62071e-03 3.58173e-03 3.54239e-03 3.50272e-03 3.46276e-03 3.42257e-03 3.38220e-03 3.34172e-03 3.30119e-03 3.26068e-03 3.22025e-03 3.17997e-03 3.13992e-03 3.10017e-03 3.06080e-03 3.02189e-03 2.98348e-03 2.94562e-03 2.90835e-03 2.87167e-03 2.83556e-03 2.79998e-03 2.76485e-03 2.73004e-03 2.69538e-03 2.66068e-03 2.62571e-03 2.59031e-03 2.55432e-03 2.51768e-03 2.48040e-03 2.44253e-03 2.40419e-03 2.36551e-03 2.32664e-03 2.28770e-03 2.24883e-03 2.21017e-03 2.17183e-03 2.13394e-03 2.09660e-03 2.05992e-03 2.02398e-03 1.98885e-03 1.95455e-03 1.92112e-03 1.88854e-03 1.85677e-03 1.82576e-03 1.79540e-03 1.76549e-03 1.73570e-03 1.70543e-03 1.67370e-03 1.63908e-03 1.59983e-03 1.55446e-03 1.50274e-03 1.44669e-03 1.39075e-03 1.34013e-03 1.29803e-03 1.26361e-03 1.23238e-03 1.19903e-03 1.16032e-03 1.11627e-03 1.06938e-03 1.02295e-03 9.79652e-04 9.41008e-04 9.07423e-04 8.78554e-04 8.53666e-04 8.31869e-04 8.12261e-04 7.93977e-04 7.76212e-04 7.58214e-04 7.39282e-04 7.18753e-04 6.96012e-04 6.70535e-04 6.41995e-04 6.10435e-04 5.76432e-04 5.41148e-04 5.06158e-04 4.73119e-04 4.43406e-04 4.17807e-04 3.96292e-04 3.77987e-04 3.61515e-04 3.45585e-04 3.29434e-04 3.12870e-04 2.96019e-04 2.79076e-04 2.62203e-04 2.45560e-04 2.29340e-04 2.13783e-04 1.99136e-04 1.85606e-04 1.73326e-04 1.62341e-04 1.52620e-04 1.44074e-04 1.36580e-04 1.30001e-04 1.24202e-04 1.19059e-04 1.14463e-04 1.10324e-04 1.06564e-04 1.03117e-04 9.99159e-05 9.68907e-05 9.39572e-05 9.10128e-05 8.79346e-05 8.45846e-05 8.08218e-05 7.65190e-05 7.15829e-05 6.59708e-05 5.97042e-05 5.28766e-05 4.56535e-05 3.82663e-05 3.09934e-05 2.41315e-05 1.79555e-05 1.26781e-05 8.41757e-06 5.18632e-06 2.90287e-06 1.42230e-06 5.71302e-07 1.68365e-07 3.05464e-08 2.59277e-09 6.39046e-11 2.25838e-13
2.597501 1.93137e-03 5.86875e-03 9.37746e-03 1.13523e-02 1.16012e-02 1.12560e-02 1.12731e-02 1.19616e-02 1.30754e-02 1.41305e-02 1.47639e-02 1.49277e-02 1.47702e-02 1.44374e-02 1.40104e-02 1.35298e-02 1.30273e-02 1.25335e-02 1.20705e-02 1.16480e-02 1.12679e-02 1.09293e-02 1.06311e-02 1.03722e-02 1.01501e-02 9.96011e-03 9.79569e-03 9.65077e-03 9.52046e-03 9.40102e-03 9.28936e-03 9.18289e-03 9.07986e-03 8.97958e-03 8.88238e-03 8.78896e-03 8.69937e-03 8.61217e-03 8.52419e-03 8.43120e-03 8.32910e-03 8.21512e-03 8.08843e-03 7.95010e-03 7.80261e-03 7.64918e-03 7.49317e-03 7.33768e-03 7.18524e-03 7.03775e-03 6.89640e-03 6.76191e-03 6.63463e-03 6.51474e-03 6.40239e-03 6.29770e-03 6.20069e-03 6.11123e-03 6.02903e-03 5.95361e-03 5.88443e-03 5.82096e-03 5.76278e-03 5.70952e-03 5.66088e-03 5.61656e-03 5.57616e-03 5.53908e-03 5.50452e-03 5.47147e-03 5.43876e-03 5.40519e-03 5.36971e-03 5.33151e-03 5.29012e-03 5.24538e-03 5.19740e-03 5.14653e-03 5.09326e-03 5.03817e-03 4.98188e-03 4.92500e-03 4.86813e-03 4.81182e-03 4.75644e-03 4.70214e-03 4.64889e-03 4.59669e-03 4.54568e-03 4.49618e-03 4.44856e-03 4.40301e-03 4.35948e-03 4.31770e-03 4.27724e-03 4.23769e-03 4.19868e-03 4.16001e-03 4.12156e-03 4.08331e-03 4.04525e-03 4.00740e-03 3.96976e-03 3.93230e-03 3.89498e-03 3.85773e-03 3.82048e-03 3.78314e-03 3.74562e-03 3.70784e-03 3.66976e-03 3.63131e-03 3.59250e-03 3.55333e-03 3.51384e-03 3.47410e-03 3.43416e-03 3.39413e-03 3.35408e-03 3.31410e-03 3.27428e-03 3.23470e-03 3.19546e-03 3.15662e-03 3.11827e-03 3.08047e-03 3.04329e-03 3.00675e-03 2.97088e-03 2.93568e-03 2.90113e-03 2.86719e-03 2.83381e-03 2.80093e-03 2.76845e-03 2.73624e-03 2.70414e-03 2.67196e-03 2.63948e-03 2.60645e-03 2.57268e-03 2.53798e-03 2.50227e-03 2.46551e-03 2.42775e-03 2.38907e-03 2.34958e-03 2.30943e-03 2.26876e-03 2.22772e-03 2.18650e-03 2.14527e-03 2.10423e-03 2.06357e-03 2.02346e-03 1.98405e-03 1.94545e-03 1.90774e-03 1.87096e-03 1.83512e-03 1.80017e-03 1.76606e-03 1.73270e-03 1.69999e-03 1.66781e-03 1.63607e-03 1.60466e-03 1.57350e-03 1.54251e-03 1.51158e-03 1.48054e-03 1.44912e-03 1.41676e-03 1.38266e-03 1.34572e-03 1.30490e-03 1.25974e-03 1.21103e-03 1.16105e-03 1.11293e-03 1.06926e-03 1.03082e-03 9.96399e-04 9.63894e-04 9.31775e-04 8.99822e-04 8.68885e-04 8.40127e-04 8.14389e-04 7.91943e-04 7.72550e-04 7.55651e-04 7.40529e-04 7.26425e-04 7.12606e-04 6.98390e-04 6.83149e-04 6.66290e-04 6.47225e-04 6.25391e-04 6.00354e-04 5.72052e-04 5.41052e-04 5.08646e-04 4.76618e-04 4.46841e-04 4.20887e-04 3.99537e-04 3.82180e-04 3.66802e-04 3.51096e-04 3.33783e-04 3.14925e-04 2.95307e-04 2.75761e-04 2.56878e-04 2.39017e-04 2.22390e-04 2.07123e-04 1.93278e-04 1.80859e-04 1.69817e-04 1.60064e-04 1.51483e-04 1.43950e-04 1.37341e-04 1.31544e-04 1.26461e-04 1.22004e-04 1.18093e-04 1.14639e-04 1.11529e-04 1.08605e-04 1.05665e-04 1.02462e-04 9.87403e-05 9.42620e-05 8.88441e-05 8.23820e-05 7.48652e-05 6.63893e-05 5.71656e-05 4.75248e-05 3.79020e-05 2.87907e-05 2.06637e-05 1.38816e-05 8.62159e-06 4.85916e-06 2.40728e-06 9.89881e-07 3.05512e-07 5.99855e-08 5.73615e-09 1.63393e-10 5.57351e-13
2.697405 1.91384e-03 5.72066e-03 9.03523e-03 1.10818e-02 1.19561e-02 1.27053e-02 1.37557e-02 1.47818e-02 1.53374e-02 1.53439e-02 1.49985e-02 1.45124e-02 1.40049e-02 1.35058e-02 1.30090e-02 1.25177e-02 1.20471e-02 1.16100e-02 1.12109e-02 1.08493e-02 1.05238e-02 1.02340e-02 9.98034e-03 9.76326e-03 9.58085e-03 9.42826e-03 9.29919e-03 9.18772e-03 9.08909e-03 8.99940e-03 8.91532e-03 8.83442e-03 8.75568e-03 8.67966e-03 8.60774e-03 8.54062e-03 8.47667e-03 8.41137e-03 8.33822e-03 8.25081e-03 8.14502e-03 8.02011e-03 7.87841e-03 7.72429e-03 7.56285e-03 7.39893e-03 7.23651e-03 7.07845e-03 6.92654e-03 6.78178e-03 6.64469e-03 6.51569e-03 6.39525e-03 6.28381e-03 6.18168e-03 6.08885e-03 6.00502e-03 5.92965e-03 5.86219e-03 5.80221e-03 5.74936e-03 5.70331e-03 5.66356e-03 5.62927e-03 5.59913e-03 5.57140e-03 5.54410e-03 5.51535e-03 5.48368e-03 5.44824e-03 5.40889e-03 5.36600e-03 5.32037e-03 5.27292e-03 5.22459e-03 5.17612e-03 5.12808e-03 5.08088e-03 5.03475e-03 4.98969e-03 4.94545e-03 4.90157e-03 4.85765e-03 4.81349e-03 4.76913e-03 4.72478e-03 4.68069e-03 4.63695e-03 4.59352e-03 4.55025e-03 4.50695e-03 4.46353e-03 4.41998e-03 4.37640e-03 4.33297e-03 4.28990e-03 4.24742e-03 4.20572e-03 4.16495e-03 4.12523e-03 4.08662e-03 4.04911e-03 4.01266e-03 3.97717e-03 3.94251e-03 3.90848e-03 3.87487e-03 3.84145e-03 3.80800e-03 3.77429e-03 3.74013e-03 3.70540e-03 3.67002e-03 3.63397e-03 3.59729e-03 3.56008e-03 3.52245e-03 3.48453e-03 3.44647e-03 3.40838e-03 3.37040e-03 3.33263e-03 3.29519e-03 3.25817e-03 3.22167e-03 3.18577e-03 3.15053e-03 3.11599e-03 3.08217e-03 3.04907e-03 3.01665e-03 2.98487e-03 2.95367e-03 2.92297e-03 2.89268e-03 2.86269e-03 2.83288e-03 2.80312e-03 2.77323e-03 2.74303e-03 2.71230e-03 2.68080e-03 2.64827e-03 2.61450e-03 2.57929e-03 2.54253e-03 2.50419e-03 2.46429e-03 2.42290e-03 2.38015e-03 2.33617e-03 2.29115e-03 2.24532e-03 2.19892e-03 2.15224e-03 2.10555e-03 2.05913e-03 2.01323e-03 1.96807e-03 1.92385e-03 1.88069e-03 1.83871e-03 1.79794e-03 1.75837e-03 1.71997e-03 1.68264e-03 1.64626e-03 1.61070e-03 1.57582e-03 1.54145e-03 1.50746e-03 1.47369e-03 1.44002e-03 1.40632e-03 1.37248e-03 1.33841e-03 1.30403e-03 1.26927e-03 1.23409e-03 1.19839e-03 1.16206e-03 1.12498e-03 1.08707e-03 1.04847e-03 1.00965e-03 9.71502e-04 9.35145e-04 9.01539e-04 8.71147e-04 8.43821e-04 8.19018e-04 7.96142e-04 7.74800e-04 7.54831e-04 7.36185e-04 7.18788e-04 7.02470e-04 6.86978e-04 6.72022e-04 6.57331e-04 6.42686e-04 6.27918e-04 6.12852e-04 5.97192e-04 5.80409e-04 5.61724e-04 5.40353e-04 5.15999e-04 4.89301e-04 4.61827e-04 4.35584e-04 4.12485e-04 3.93699e-04 3.78524e-04 3.64108e-04 3.47459e-04 3.27693e-04 3.06012e-04 2.84208e-04 2.63582e-04 2.44719e-04 2.27699e-04 2.12369e-04 1.98535e-04 1.86044e-04 1.74803e-04 1.64761e-04 1.55888e-04 1.48159e-04 1.41542e-04 1.35989e-04 1.31418e-04 1.27686e-04 1.24564e-04 1.21730e-04 1.18800e-04 1.15375e-04 1.11101e-04 1.05692e-04 9.89428e-05 9.07354e-05 8.10613e-05 7.00730e-05 5.81420e-05 4.58820e-05 3.40885e-05 2.35793e-05 1.49870e-05 8.59916e-06 4.32932e-06 1.81827e-06 5.81790e-07 1.21387e-07 1.26858e-08 4.01921e-10 1.47901e-12
2.797309 1.88346e-03 5.64673e-03 9.16609e-03 1.19939e-02 1.39755e-02 1.53193e-02 1.59142e-02 1.58036e-02 1.52780e-02 1.46112e-02 1.39667e-02 1.34007e-02 1.28926e-02 1.24086e-02 1.19407e-02 1.14996e-02 1.10950e-02 1.07284e-02 1.03963e-02 1.00951e-02 9.82319e-03 9.58112e-03 9.37103e-03 9.19437e-03 9.04966e-03 8.93235e-03 8.83659e-03 8.75688e-03 8.68838e-03 8.62686e-03 8.56907e-03 8.51366e-03 8.46156e-03 8.41500e-03 8.37518e-03 8.33974e-03 8.30169e-03 8.25106e-03 8.17855e-03 8.07912e-03 7.95341e-03 7.80669e-03 7.64645e-03 7.48014e-03 7.31369e-03 7.15103e-03 6.99425e-03 6.84424e-03 6.70151e-03 6.56672e-03 6.44086e-03 6.32493e-03 6.21962e-03 6.12509e-03 6.04115e-03 5.96752e-03 5.90403e-03 5.85056e-03 5.80675e-03 5.77162e-03 5.74317e-03 5.71833e-03 5.69344e-03 5.66504e-03 5.63075e-03 5.58982e-03 5.54316e-03 5.49294e-03 5.44187e-03 5.39248e-03 5.34658e-03 5.30499e-03 5.26771e-03 5.23409e-03 5.20319e-03 5.17387e-03 5.14486e-03 5.11478e-03 5.08236e-03 5.04664e-03 5.00722e-03 4.96422e-03 4.91821e-03 4.86993e-03 4.82014e-03 4.76949e-03 4.71848e-03 4.66752e-03 4.61701e-03 4.56729e-03 4.51872e-03 4.47159e-03 4.42613e-03 4.38252e-03 4.34084e-03 4.30112e-03 4.26333e-03 4.22738e-03 4.19318e-03 4.16060e-03 4.12949e-03 4.09967e-03 4.07097e-03 4.04316e-03 4.01600e-03 3.98921e-03 3.96248e-03 3.93549e-03 3.90792e-03 3.87949e-03 3.84998e-03 3.81924e-03 3.78719e-03 3.75386e-03 3.71933e-03 3.68378e-03 3.64739e-03 3.61041e-03 3.57307e-03 3.53560e-03 3.49818e-03 3.46097e-03 3.42414e-03 3.38779e-03 3.35205e-03 3.31700e-03 3.28272e-03 3.24927e-03 3.21667e-03 3.18492e-03 3.15399e-03 3.12384e-03 3.09438e-03 3.06553e-03 3.03717e-03 3.00918e-03 2.98144e-03 2.95380e-03 2.92612e-03 2.89825e-03 2.87003e-03 2.84131e-03 2.81192e-03 2.78166e-03 2.75033e-03 2.71770e-03 2.68356e-03 2.64771e-03 2.61002e-03 2.57041e-03 2.52887e-03 2.48542e-03 2.44015e-03 2.39319e-03 2.34472e-03 2.29498e-03 2.24425e-03 2.19282e-03 2.14100e-03 2.08908e-03 2.03736e-03 1.98610e-03 1.93557e-03 1.88598e-03 1.83755e-03 1.79043e-03 1.74475e-03 1.70059e-03 1.65798e-03 1.61693e-03 1.57739e-03 1.53929e-03 1.50248e-03 1.46678e-03 1.43194e-03 1.39767e-03 1.36366e-03 1.32958e-03 1.29510e-03 1.25999e-03 1.22406e-03 1.18728e-03 1.14977e-03 1.11183e-03 1.07389e-03 1.03648e-03 1.00013e-03 9.65327e-04 9.32375e-04 9.01437e-04 8.72533e-04 8.45583e-04 8.20415e-04 7.96764e-04 7.74286e-04 7.52609e-04 7.31401e-04 7.10426e-04 6.89559e-04 6.68777e-04 6.48132e-04 6.27747e-04 6.07834e-04 5.88701e-04 5.70717e-04 5.54230e-04 5.39426e-04 5.26196e-04 5.13996e-04 5.01784e-04 4.88146e-04 4.71799e-04 4.52436e-04 4.31231e-04 4.10231e-04 3.91274e-04 3.75578e-04 3.62811e-04 3.50109e-04 3.34133e-04 3.14194e-04 2.92240e-04 2.70687e-04 2.50964e-04 2.33396e-04 2.17685e-04 2.03417e-04 1.90340e-04 1.78415e-04 1.67740e-04 1.58450e-04 1.50649e-04 1.44358e-04 1.39479e-04 1.35754e-04 1.32764e-04 1.29991e-04 1.26916e-04 1.23078e-04 1.18090e-04 1.11607e-04 1.03322e-04 9.30188e-05 8.06946e-05 6.67195e-05 5.19258e-05 3.75215e-05 2.47912e-05 1.46995e-05 7.61215e-06 3.28731e-06 1.08871e-06 2.38247e-07 2.64919e-08 9.00989e-10 3.59169e-12
2.897212 1.84635e-03 5.95789e-03 1.04700e-02 1.42555e-02 1.62914e-02 1.66747e-02 1.60691e-02 1.51303e-02 1.42025e-02 1.34226e-02 1.28086e-02 1.23056e-02 1.18509e-02 1.14162e-02 1.10040e-02 1.06240e-02 1.02802e-02 9.97008e-03 9.68941e-03 9.43479e-03 9.20530e-03 9.00245e-03 8.82903e-03 8.68655e-03 8.57354e-03 8.48586e-03 8.41846e-03 8.36630e-03 8.32461e-03 8.28952e-03 8.25927e-03 8.23482e-03 8.21862e-03 8.21126e-03 8.20798e-03 8.19757e-03 8.16556e-03 8.10018e-03 7.99762e-03 7.86303e-03 7.70741e-03 7.54277e-03 7.37848e-03 7.21970e-03 7.06794e-03 6.92279e-03 6.78374e-03 6.65126e-03 6.52668e-03 6.41158e-03 6.30716e-03 6.21423e-03 6.13354e-03 6.06601e-03 6.01267e-03 5.97376e-03 5.94731e-03 5.92808e-03 5.90822e-03 5.87976e-03 5.83756e-03 5.78120e-03 5.71497e-03 5.64618e-03 5.58233e-03 5.52868e-03 5.48709e-03 5.45634e-03 5.43334e-03 5.41434e-03 5.39585e-03 5.37515e-03 5.35050e-03 5.32097e-03 5.28629e-03 5.24653e-03 5.20201e-03 5.15329e-03 5.10112e-03 5.04650e-03 4.99048e-03 4.93412e-03 4.87834e-03 4.82384e-03 4.77111e-03 4.72049e-03 4.67218e-03 4.62630e-03 4.58292e-03 4.54206e-03 4.50366e-03 4.46763e-03 4.43381e-03 4.40201e-03 4.37198e-03 4.34348e-03 4.31625e-03 4.29003e-03 4.26459e-03 4.23974e-03 4.21532e-03 4.19118e-03 4.16725e-03 4.14342e-03 4.11960e-03 4.09565e-03 4.07138e-03 4.04654e-03 4.02083e-03 3.99397e-03 3.96572e-03 3.93595e-03 3.90460e-03 3.87174e-03 3.83748e-03 3.80201e-03 3.76556e-03 3.72838e-03 3.69077e-03 3.65299e-03 3.61528e-03 3.57784e-03 3.54084e-03 3.50439e-03 3.46858e-03 3.43348e-03 3.39917e-03 3.36567e-03 3.33305e-03 3.30130e-03 3.27044e-03 3.24045e-03 3.21129e-03 3.18289e-03 3.15516e-03 3.12801e-03 3.10132e-03 3.07497e-03 3.04880e-03 3.02270e-03 2.99650e-03 2.97008e-03 2.94329e-03 2.91601e-03 2.88811e-03 2.85946e-03 2.82995e-03 2.79943e-03 2.76773e-03 2.73467e-03 2.70004e-03 2.66367e-03 2.62543e-03 2.58522e-03 2.54299e-03 2.49876e-03 2.45256e-03 2.40450e-03 2.35473e-03 2.30343e-03 2.25080e-03 2.19704e-03 2.14239e-03 2.08709e-03 2.03137e-03 1.97552e-03 1.91984e-03 1.86467e-03 1.81040e-03 1.75743e-03 1.70620e-03 1.65708e-03 1.61043e-03 1.56648e-03 1.52534e-03 1.48700e-03 1.45133e-03 1.41804e-03 1.38670e-03 1.35674e-03 1.32744e-03 1.29794e-03 1.26738e-03 1.23500e-03 1.20025e-03 1.16293e-03 1.12326e-03 1.08186e-03 1.03967e-03 9.97803e-04 9.57353e-04 9.19233e-04 8.84043e-04 8.51993e-04 8.22895e-04 7.96212e-04 7.71148e-04 7.46763e-04 7.22116e-04 6.96409e-04 6.69163e-04 6.40383e-04 6.10683e-04 5.81239e-04 5.53491e-04 5.28684e-04 5.07461e-04 4.89758e-04 4.75007e-04 4.62467e-04 4.51442e-04 4.41283e-04 4.31250e-04 4.20425e-04 4.07890e-04 3.93410e-04 3.78030e-04 3.63268e-04 3.49834e-04 3.38152e-04 3.28563e-04 3.19499e-04 3.07873e-04 2.92315e-04 2.74241e-04 2.55959e-04 2.38897e-04 2.23325e-04 2.08939e-04 1.95485e-04 1.83018e-04 1.71826e-04 1.62227e-04 1.54411e-04 1.48368e-04 1.43860e-04 1.40446e-04 1.37577e-04 1.34690e-04 1.31265e-04 1.26790e-04 1.20719e-04 1.12480e-04 1.01590e-04 8.78933e-05 7.18291e-05 5.45705e-05 3.78549e-05 2.34741e-05 1.26511e-05 5.66901e-06 1.95196e-06 4.47034e-07 5.23558e-08 1.88360e-09 8.13500e-12
2.997116 1.80451e-03 6.67418e-03 1.24309e-02 1.61847e-02 1.70246e-02 1.62821e-02 1.51240e-02 1.39993e-02 1.30488e-02 1.23141e-02 1.17618e-02 1.13217e-02 1.09337e-02 1.05689e-02 1.02232e-02 9.90101e-03 9.60489e-03 9.33438e-03 9.08800e-03 8.86505e-03 8.66645e-03 8.49463e-03 8.35217e-03 8.23968e-03 8.15490e-03 8.09360e-03 8.05096e-03 8.02253e-03 8.00518e-03 7.99850e-03 8.00476e-03 8.02623e-03 8.06018e-03 8.09512e-03 8.11171e-03 8.08952e-03 8.01629e-03 7.89412e-03 7.73816e-03 7.56893e-03 7.40358e-03 7.25085e-03 7.11144e-03 6.98184e-03 6.85860e-03 6.74046e-03 6.62809e-03 6.52307e-03 6.42732e-03 6.34369e-03 6.27664e-03 6.23109e-03 6.20817e-03 6.20074e-03 6.19375e-03 6.17059e-03 6.12101e-03 6.04549e-03 5.95442e-03 5.86326e-03 5.78595e-03 5.72966e-03 5.69344e-03 5.67062e-03 5.65285e-03 5.63321e-03 5.60759e-03 5.57455e-03 5.53457e-03 5.48915e-03 5.44006e-03 5.38896e-03 5.33702e-03 5.28493e-03 5.23291e-03 5.18096e-03 5.12908e-03 5.07741e-03 5.02634e-03 4.97642e-03 4.92826e-03 4.88236e-03 4.83908e-03 4.79855e-03 4.76074e-03 4.72547e-03 4.69248e-03 4.66146e-03 4.63209e-03 4.60406e-03 4.57706e-03 4.55083e-03 4.52514e-03 4.49978e-03 4.47460e-03 4.44946e-03 4.42426e-03 4.39890e-03 4.37334e-03 4.34752e-03 4.32146e-03 4.29519e-03 4.26878e-03 4.24236e-03 4.21605e-03 4.18997e-03 4.16416e-03 4.13850e-03 4.11274e-03 4.08646e-03 4.05921e-03 4.03061e-03 4.00049e-03 3.96885e-03 3.93584e-03 3.90164e-03 3.86647e-03 3.83055e-03 3.79408e-03 3.75728e-03 3.72034e-03 3.68342e-03 3.64669e-03 3.61025e-03 3.57416e-03 3.53849e-03 3.50326e-03 3.46850e-03 3.43426e-03 3.40060e-03 3.36758e-03 3.33531e-03 3.30386e-03 3.27331e-03 3.24372e-03 3.21510e-03 3.18745e-03 3.16073e-03 3.13487e-03 3.10979e-03 3.08539e-03 3.06156e-03 3.03814e-03 3.01490e-03 2.99155e-03 2.96781e-03 2.94347e-03 2.91842e-03 2.89262e-03 2.86606e-03 2.83862e-03 2.81012e-03 2.78028e-03 2.74880e-03 2.71539e-03 2.67983e-03 2.64193e-03 2.60162e-03 2.55885e-03 2.51368e-03 2.46624e-03 2.41675e-03 2.36546e-03 2.31261e-03 2.25842e-03 2.20306e-03 2.14668e-03 2.08943e-03 2.03145e-03 1.97296e-03 1.91427e-03 1.85585e-03 1.79834e-03 1.74249e-03 1.68908e-03 1.63876e-03 1.59199e-03 1.54901e-03 1.50989e-03 1.47450e-03 1.44259e-03 1.41372e-03 1.38727e-03 1.36245e-03 1.33833e-03 1.31387e-03 1.28805e-03 1.25994e-03 1.22878e-03 1.19412e-03 1.15590e-03 1.11445e-03 1.07040e-03 1.02457e-03 9.77750e-04 9.30488e-04 8.83031e-04 8.35371e-04 7.87495e-04 7.39709e-04 6.92858e-04 6.48268e-04 6.07402e-04 5.71351e-04 5.40452e-04 5.14246e-04 4.91696e-04 4.71431e-04 4.52104e-04 4.33027e-04 4.14644e-04 3.98166e-04 3.84444e-04 3.73109e-04 3.62756e-04 3.51923e-04 3.39988e-04 3.27502e-04 3.15777e-04 3.05703e-04 2.96963e-04 2.89023e-04 2.82244e-04 2.76672e-04 2.70627e-04 2.62199e-04 2.51405e-04 2.39669e-04 2.28026e-04 2.16514e-04 2.04798e-04 1.92906e-04 1.81407e-04 1.71064e-04 1.62425e-04 1.55646e-04 1.50530e-04 1.46659e-04 1.43519e-04 1.40580e-04 1.37296e-04 1.33030e-04 1.27000e-04 1.18334e-04 1.06307e-04 9.07201e-05 7.22784e-05 5.26963e-05 3.43312e-05 1.93839e-05 9.06770e-06 3.25535e-06 7.78903e-07 9.55234e-08 3.61092e-09 1.69233e-11
3.097020 1.77063e-03 7.24033e-03 1.35096e-02 1.64664e-02 1.63008e-02 1.51640e-02 1.39814e-02 1.29399e-02 1.20933e-02 1.14443e-02 1.09554e-02 1.05733e-02 1.02492e-02 9.95032e-03 9.66248e-03 9.38483e-03 9.12150e-03 8.87659e-03 8.65307e-03 8.45336e-03 8.28005e-03 8.13588e-03 8.02252e-03 7.93914e-03 7.88221e-03 7.84687e-03 7.82873e-03 7.82576e-03 7.83976e-03 7.87532e-03 7.93430e-03 8.00830e-03 8.07502e-03 8.10373e-03 8.06870e-03 7.96267e-03 7.80128e-03 7.61477e-03 7.43293e-03 7.27335e-03 7.13910e-03 7.02411e-03 6.92033e-03 6.82211e-03 6.72760e-03 6.63962e-03 6.56661e-03 6.52039e-03 6.50763e-03 6.52063e-03 6.53730e-03 6.53229e-03 6.48985e-03 6.40971e-03 6.30494e-03 6.19557e-03 6.10051e-03 6.03044e-03 5.98448e-03 5.95288e-03 5.92342e-03 5.88726e-03 5.84115e-03 5.78637e-03 5.72623e-03 5.66409e-03 5.60238e-03 5.54250e-03 5.48509e-03 5.43041e-03 5.37859e-03 5.32970e-03 5.28381e-03 5.24092e-03 5.20088e-03 5.16337e-03 5.12795e-03 5.09414e-03 5.06154e-03 5.02990e-03 4.99910e-03 4.96916e-03 4.94014e-03 4.91205e-03 4.88486e-03 4.85845e-03 4.83260e-03 4.80706e-03 4.78154e-03 4.75579e-03 4.72956e-03 4.70268e-03 4.67503e-03 4.64658e-03 4.61732e-03 4.58731e-03 4.55667e-03 4.52549e-03 4.49387e-03 4.46191e-03 4.42966e-03 4.39718e-03 4.36454e-03 4.33183e-03 4.29926e-03 4.26709e-03 4.23563e-03 4.20522e-03 4.17606e-03 4.14809e-03 4.12086e-03 4.09362e-03 4.06558e-03 4.03625e-03 4.00542e-03 3.97310e-03 3.93940e-03 3.90444e-03 3.86833e-03 3.83124e-03 3.79336e-03 3.75491e-03 3.71619e-03 3.67750e-03 3.63917e-03 3.60146e-03 3.56462e-03 3.52879e-03 3.49402e-03 3.46028e-03 3.42743e-03 3.39531e-03 3.36384e-03 3.33317e-03 3.30378e-03 3.27635e-03 3.25143e-03 3.22903e-03 3.20852e-03 3.18883e-03 3.16890e-03 3.14797e-03 3.12573e-03 3.10218e-03 3.07743e-03 3.05160e-03 3.02481e-03 2.99712e-03 2.96861e-03 2.93932e-03 2.90930e-03 2.87856e-03 2.84712e-03 2.81500e-03 2.78221e-03 2.74880e-03 2.71473e-03 2.67991e-03 2.64419e-03 2.60741e-03 2.56936e-03 2.52987e-03 2.48883e-03 2.44620e-03 2.40203e-03 2.35644e-03 2.30948e-03 2.26114e-03 2.21132e-03 2.15994e-03 2.10695e-03 2.05242e-03 1.99657e-03 1.93986e-03 1.88304e-03 1.82711e-03 1.77318e-03 1.72227e-03 1.67503e-03 1.63171e-03 1.59215e-03 1.55594e-03 1.52254e-03 1.49135e-03 1.46174e-03 1.43315e-03 1.40504e-03 1.37699e-03 1.34872e-03 1.32011e-03 1.29117e-03 1.26183e-03 1.23170e-03 1.19986e-03 1.16474e-03 1.12427e-03 1.07644e-03 1.02016e-03 9.56061e-04 8.86858e-04 8.16712e-04 7.49555e-04 6.87239e-04 6.29566e-04 5.76209e-04 5.27731e-04 4.84924e-04 4.48063e-04 4.16853e-04 3.90764e-04 3.69387e-04 3.52489e-04 3.39634e-04 3.29560e-04 3.19978e-04 3.08512e-04 2.94419e-04 2.79364e-04 2.66138e-04 2.56538e-04 2.50280e-04 2.45470e-04 2.40237e-04 2.34396e-04 2.29271e-04 2.25431e-04 2.21568e-04 2.16459e-04 2.10649e-04 2.05270e-04 2.00294e-04 1.94639e-04 1.87467e-04 1.79010e-04 1.70302e-04 1.62396e-04 1.55844e-04 1.50677e-04 1.46618e-04 1.43266e-04 1.40154e-04 1.36709e-04 1.32162e-04 1.25502e-04 1.15629e-04 1.01768e-04 8.40121e-05 6.36826e-05 4.32130e-05 2.54075e-05 1.23538e-05 4.60081e-06 1.14119e-06 1.45047e-07 5.70686e-09 2.89611e-11
3.196924 1.74675e-03 7.07613e-03 1.28256e-02 1.51863e-02 1.48857e-02 1.38808e-02 1.28438e-02 1.19443e-02 1.12412e-02 1.07214e-02 1.03337e-02 1.00211e-02 9.74506e-03 9.48917e-03 9.24425e-03 9.00305e-03 8.76674e-03 8.54272e-03 8.33884e-03 8.16118e-03 8.01391e-03 7.89916e-03 7.81664e-03 7.76347e-03 7.73514e-03 7.72778e-03 7.74063e-03 7.77700e-03 7.84078e-03 7.92816e-03 8.01985e-03 8.08247e-03 8.08194e-03 8.00097e-03 7.84907e-03 7.65788e-03 7.46450e-03 7.29450e-03 7.15539e-03 7.04137e-03 6.94275e-03 6.85466e-03 6.78245e-03 6.73965e-03 6.73691e-03 6.76970e-03 6.81669e-03 6.85028e-03 6.84930e-03 6.80488e-03 6.71987e-03 6.60656e-03 6.48395e-03 6.37212e-03 6.28430e-03 6.22153e-03 6.17428e-03 6.12953e-03 6.07791e-03 6.01665e-03 5.94848e-03 5.87858e-03 5.81182e-03 5.75129e-03 5.69803e-03 5.65142e-03 5.60999e-03 5.57207e-03 5.53624e-03 5.50154e-03 5.46741e-03 5.43364e-03 5.40025e-03 5.36737e-03 5.33516e-03 5.30372e-03 5.27304e-03 5.24308e-03 5.21376e-03 5.18507e-03 5.15705e-03 5.12977e-03 5.10333e-03 5.07775e-03 5.05296e-03 5.02876e-03 5.00483e-03 4.98077e-03 4.95615e-03 4.93060e-03 4.90378e-03 4.87550e-03 4.84567e-03 4.81430e-03 4.78147e-03 4.74734e-03 4.71205e-03 4.67581e-03 4.63881e-03 4.60127e-03 4.56338e-03 4.52532e-03 4.48723e-03 4.44917e-03 4.41117e-03 4.37328e-03 4.33557e-03 4.29815e-03 4.26120e-03 4.22494e-03 4.18968e-03 4.15564e-03 4.12270e-03 4.09027e-03 4.05757e-03 4.02398e-03 3.98926e-03 3.95353e-03 3.91712e-03 3.88049e-03 3.84422e-03 3.80892e-03 3.77520e-03 3.74354e-03 3.71421e-03 3.68715e-03 3.66193e-03 3.63774e-03 3.61357e-03 3.58836e-03 3.56127e-03 3.53181e-03 3.49990e-03 3.46584e-03 3.43015e-03 3.39345e-03 3.35636e-03 3.31933e-03 3.28271e-03 3.24668e-03 3.21132e-03 3.17663e-03 3.14257e-03 3.10916e-03 3.07643e-03 3.04445e-03 3.01324e-03 2.98280e-03 2.95306e-03 2.92393e-03 2.89533e-03 2.86713e-03 2.83925e-03 2.81156e-03 2.78396e-03 2.75634e-03 2.72865e-03 2.70091e-03 2.67329e-03 2.64597e-03 2.61908e-03 2.59247e-03 2.56568e-03 2.53800e-03 2.50858e-03 2.47650e-03 2.44088e-03 2.40111e-03 2.35705e-03 2.30904e-03 2.25781e-03 2.20447e-03 2.15044e-03 2.09716e-03 2.04575e-03 1.99659e-03 1.94934e-03 1.90324e-03 1.85756e-03 1.81203e-03 1.76686e-03 1.72255e-03 1.67967e-03 1.63867e-03 1.59978e-03 1.56300e-03 1.52812e-03 1.49479e-03 1.46261e-03 1.43118e-03 1.40011e-03 1.36892e-03 1.33676e-03 1.30204e-03 1.26237e-03 1.21538e-03 1.16033e-03 1.09968e-03 1.03922e-03 9.84723e-04 9.36636e-04 8.89921e-04 8.40712e-04 7.89157e-04 7.36572e-04 6.83639e-04 6.30641e-04 5.77977e-04 5.26404e-04 4.77017e-04 4.31111e-04 3.90041e-04 3.55022e-04 3.26563e-04 3.03740e-04 2.84462e-04 2.66909e-04 2.50376e-04 2.34878e-04 2.20937e-04 2.09810e-04 2.02813e-04 1.99865e-04 1.99099e-04 1.97631e-04 1.93508e-04 1.88066e-04 1.83761e-04 1.80370e-04 1.76949e-04 1.74342e-04 1.73292e-04 1.72770e-04 1.71078e-04 1.67465e-04 1.62392e-04 1.56799e-04 1.51429e-04 1.46641e-04 1.42513e-04 1.38921e-04 1.35543e-04 1.31797e-04 1.26734e-04 1.19066e-04 1.07519e-04 9.14870e-05 7.16932e-05 5.03713e-05 3.06724e-05 1.54325e-05 5.94046e-06 1.52203e-06 1.99746e-07 8.15746e-09 4.47626e-11
3.296828 1.74263e-03 6.42108e-03 1.12043e-02 1.34049e-02 1.34409e-02 1.27079e-02 1.18427e-02 1.11074e-02 1.05690e-02 1.01900e-02 9.90331e-03 9.65058e-03 9.40856e-03 9.18298e-03 8.96964e-03 8.75632e-03 8.54273e-03 8.33802e-03 8.15346e-03 7.99840e-03 7.87903e-03 7.79778e-03 7.75299e-03 7.74013e-03 7.75492e-03 7.79603e-03 7.86392e-03 7.95377e-03 8.04652e-03 8.10760e-03 8.10033e-03 8.00723e-03 7.84195e-03 7.64102e-03 7.44298e-03 7.27113e-03 7.13029e-03 7.01663e-03 6.93090e-03 6.88235e-03 6.87959e-03 6.91884e-03 6.98173e-03 7.04300e-03 7.07964e-03 7.07551e-03 7.02276e-03 6.92353e-03 6.79194e-03 6.65186e-03 6.52810e-03 6.43514e-03 6.37203e-03 6.32684e-03 6.28581e-03 6.24025e-03 6.18843e-03 6.13362e-03 6.08085e-03 6.03418e-03 5.99528e-03 5.96344e-03 5.93648e-03 5.91193e-03 5.88775e-03 5.86266e-03 5.83602e-03 5.80763e-03 5.77748e-03 5.74567e-03 5.71232e-03 5.67760e-03 5.64175e-03 5.60509e-03 5.56802e-03 5.53095e-03 5.49425e-03 5.45820e-03 5.42298e-03 5.38871e-03 5.35542e-03 5.32314e-03 5.29191e-03 5.26170e-03 5.23249e-03 5.20423e-03 5.17681e-03 5.15007e-03 5.12379e-03 5.09766e-03 5.07129e-03 5.04430e-03 5.01629e-03 4.98698e-03 4.95617e-03 4.92380e-03 4.88988e-03 4.85452e-03 4.81784e-03 4.77997e-03 4.74100e-03 4.70097e-03 4.65994e-03 4.61802e-03 4.57540e-03 4.53245e-03 4.48963e-03 4.44743e-03 4.40628e-03 4.36652e-03 4.32834e-03 4.29184e-03 4.25703e-03 4.22392e-03 4.19249e-03 4.16258e-03 4.13371e-03 4.10516e-03 4.07612e-03 4.04581e-03 4.01348e-03 3.97852e-03 3.94045e-03 3.89900e-03 3.85422e-03 3.80647e-03 3.75637e-03 3.70472e-03 3.65239e-03 3.60022e-03 3.54892e-03 3.49904e-03 3.45093e-03 3.40470e-03 3.36038e-03 3.31787e-03 3.27710e-03 3.23800e-03 3.20049e-03 3.16453e-03 3.13007e-03 3.09711e-03 3.06560e-03 3.03547e-03 3.00668e-03 2.97919e-03 2.95300e-03 2.92806e-03 2.90428e-03 2.88160e-03 2.86005e-03 2.83980e-03 2.82113e-03 2.80454e-03 2.79051e-03 2.77920e-03 2.77001e-03 2.76124e-03 2.75017e-03 2.73366e-03 2.70925e-03 2.67622e-03 2.63595e-03 2.59115e-03 2.54453e-03 2.49735e-03 2.44902e-03 2.39772e-03 2.34202e-03 2.28241e-03 2.22209e-03 2.16588e-03 2.11777e-03 2.07873e-03 2.04666e-03 2.01807e-03 1.98976e-03 1.95950e-03 1.92602e-03 1.88884e-03 1.84804e-03 1.80426e-03 1.75866e-03 1.71272e-03 1.66793e-03 1.62553e-03 1.58634e-03 1.55073e-03 1.51860e-03 1.48920e-03 1.46113e-03 1.43217e-03 1.39926e-03 1.35902e-03 1.30908e-03 1.25034e-03 1.18849e-03 1.13176e-03 1.08328e-03 1.03747e-03 9.89320e-04 9.39976e-04 8.91849e-04 8.45958e-04 8.02547e-04 7.61484e-04 7.22425e-04 6.84972e-04 6.48724e-04 6.13212e-04 5.77816e-04 5.41733e-04 5.04217e-04 4.65267e-04 4.25909e-04 3.86969e-04 3.48024e-04 3.09102e-04 2.72294e-04 2.40048e-04 2.13164e-04 1.91093e-04 1.73231e-04 1.59798e-04 1.51904e-04 1.50195e-04 1.52436e-04 1.54003e-04 1.52186e-04 1.47916e-04 1.43610e-04 1.41487e-04 1.42528e-04 1.45384e-04 1.47414e-04 1.47280e-04 1.45441e-04 1.42763e-04 1.39631e-04 1.36117e-04 1.32368e-04 1.28623e-04 1.24940e-04 1.20880e-04 1.15338e-04 1.06717e-04 9.36241e-05 7.58644e-05 5.51220e-05 3.46582e-05 1.79675e-05 7.11382e-06 1.87357e-06 2.52850e-07 1.06877e-08 6.30280e-11
3.396732 1.74174e-03 5.72899e-03 9.57303e-03 1.17170e-02 1.20751e-02 1.15854e-02 1.09243e-02 1.03986e-02 1.00473e-02 9.80041e-03 9.58396e-03 9.36320e-03 9.14954e-03 8.95090e-03 8.75904e-03 8.56766e-03 8.37719e-03 8.19666e-03 8.04021e-03 7.92051e-03 7.84508e-03 7.81556e-03 7.82862e-03 7.87788e-03 7.95443e-03 8.04379e-03 8.12129e-03 8.15274e-03 8.10624e-03 7.97075e-03 7.76588e-03 7.53324e-03 7.31594e-03 7.14253e-03 7.02569e-03 6.96872e-03 6.96673e-03 7.00450e-03 7.05920e-03 7.10769e-03 7.13255e-03 7.12415e-03 7.07976e-03 7.00144e-03 6.89491e-03 6.77096e-03 6.64671e-03 6.54137e-03 6.46737e-03 6.42481e-03 6.40420e-03 6.39356e-03 6.38360e-03 6.36931e-03 6.34960e-03 6.32605e-03 6.30141e-03 6.27812e-03 6.25738e-03 6.23908e-03 6.22229e-03 6.20594e-03 6.18916e-03 6.17143e-03 6.15249e-03 6.13224e-03 6.11062e-03 6.08754e-03 6.06284e-03 6.03636e-03 6.00800e-03 5.97767e-03 5.94538e-03 5.91114e-03 5.87501e-03 5.83707e-03 5.79746e-03 5.75632e-03 5.71389e-03 5.67041e-03 5.62624e-03 5.58182e-03 5.53773e-03 5.49464e-03 5.45322e-03 5.41407e-03 5.37761e-03 5.34400e-03 5.31318e-03 5.28485e-03 5.25852e-03 5.23362e-03 5.20963e-03 5.18626e-03 5.16349e-03 5.14147e-03 5.12017e-03 5.09919e-03 5.07791e-03 5.05567e-03 5.03194e-03 5.00618e-03 4.97798e-03 4.94707e-03 4.91342e-03 4.87713e-03 4.83834e-03 4.79720e-03 4.75381e-03 4.70829e-03 4.66076e-03 4.61133e-03 4.56008e-03 4.50706e-03 4.45221e-03 4.39537e-03 4.33638e-03 4.27510e-03 4.21156e-03 4.14601e-03 4.07897e-03 4.01114e-03 3.94332e-03 3.87627e-03 3.81062e-03 3.74680e-03 3.68510e-03 3.62566e-03 3.56855e-03 3.51372e-03 3.46107e-03 3.41039e-03 3.36150e-03 3.31428e-03 3.26870e-03 3.22475e-03 3.18246e-03 3.14191e-03 3.10326e-03 3.06677e-03 3.03289e-03 3.00216e-03 2.97509e-03 2.95192e-03 2.93251e-03 2.91654e-03 2.90384e-03 2.89491e-03 2.89089e-03 2.89291e-03 2.90070e-03 2.91153e-03 2.92050e-03 2.92245e-03 2.91345e-03 2.89041e-03 2.85130e-03 2.79809e-03 2.73781e-03 2.67841e-03 2.62480e-03 2.57801e-03 2.53489e-03 2.48751e-03 2.42622e-03 2.34789e-03 2.26304e-03 2.19044e-03 2.13731e-03 2.09688e-03 2.06407e-03 2.03777e-03 2.01570e-03 1.99430e-03 1.97111e-03 1.94567e-03 1.91845e-03 1.88969e-03 1.85937e-03 1.82747e-03 1.79402e-03 1.75910e-03 1.72292e-03 1.68589e-03 1.64855e-03 1.61144e-03 1.57500e-03 1.53958e-03 1.50545e-03 1.47270e-03 1.44087e-03 1.40854e-03 1.37351e-03 1.33410e-03 1.29094e-03 1.24771e-03 1.20761e-03 1.16715e-03 1.12095e-03 1.07054e-03 1.02021e-03 9.72440e-04 9.27883e-04 8.86031e-04 8.46050e-04 8.07404e-04 7.69933e-04 7.33598e-04 6.98240e-04 6.63483e-04 6.28648e-04 5.92684e-04 5.55027e-04 5.17397e-04 4.83435e-04 4.54912e-04 4.29520e-04 4.03872e-04 3.76971e-04 3.49247e-04 3.20178e-04 2.88543e-04 2.54223e-04 2.19057e-04 1.86155e-04 1.58430e-04 1.37491e-04 1.23576e-04 1.15936e-04 1.13146e-04 1.13224e-04 1.13223e-04 1.11204e-04 1.09660e-04 1.12515e-04 1.18822e-04 1.23641e-04 1.24634e-04 1.23464e-04 1.21889e-04 1.19937e-04 1.17124e-04 1.13531e-04 1.09558e-04 1.05116e-04 9.91418e-05 8.98413e-05 7.58016e-05 5.74356e-05 3.75367e-05 2.01200e-05 8.19704e-06 2.21592e-06 3.06906e-07 1.33790e-08 8.35638e-11
3.496636 1.72615e-03 5.20283e-03 8.31038e-03 1.02498e-02 1.07397e-02 1.04802e-02 1.00839e-02 9.80041e-03 9.62373e-03 9.46742e-03 9.28749e-03 9.09549e-03 8.90368e-03 8.71646e-03 8.53695e-03 8.36675e-03 8.20909e-03 8.07311e-03 7.97232e-03 7.91839e-03 7.91493e-03 7.95458e-03 8.01951e-03 8.08419e-03 8.11933e-03 8.09738e-03 7.99988e-03 7.82572e-03 7.59675e-03 7.35600e-03 7.15592e-03 7.03703e-03 7.00526e-03 7.02887e-03 7.06154e-03 7.06987e-03 7.04521e-03 6.99808e-03 6.94297e-03 6.88451e-03 6.81659e-03 6.73394e-03 6.64262e-03 6.55907e-03 6.50004e-03 6.47204e-03 6.46837e-03 6.47515e-03 6.48018e-03 6.47762e-03 6.46746e-03 6.45257e-03 6.43613e-03 6.42057e-03 6.40727e-03 6.39677e-03 6.38889e-03 6.38298e-03 6.37820e-03 6.37386e-03 6.36943e-03 6.36437e-03 6.35804e-03 6.34980e-03 6.33925e-03 6.32630e-03 6.31120e-03 6.29439e-03 6.27631e-03 6.25723e-03 6.23712e-03 6.21563e-03 6.19214e-03 6.16601e-03 6.13668e-03 6.10381e-03 6.06731e-03 6.02730e-03 5.98407e-03 5.93810e-03 5.89003e-03 5.84059e-03 5.79069e-03 5.74152e-03 5.69481e-03 5.65268e-03 5.61695e-03 5.58817e-03 5.56578e-03 5.54916e-03 5.53779e-03 5.53054e-03 5.52564e-03 5.52162e-03 5.51764e-03 5.51305e-03 5.50700e-03 5.49844e-03 5.48626e-03 5.46941e-03 5.44697e-03 5.41833e-03 5.38318e-03 5.34159e-03 5.29398e-03 5.24099e-03 5.18338e-03 5.12189e-03 5.05713e-03 4.98954e-03 4.91939e-03 4.84685e-03 4.77209e-03 4.69530e-03 4.61680e-03 4.53702e-03 4.45647e-03 4.37571e-03 4.29528e-03 4.21561e-03 4.13704e-03 4.05978e-03 3.98399e-03 3.90985e-03 3.83762e-03 3.76760e-03 3.70009e-03 3.63515e-03 3.57261e-03 3.51211e-03 3.45335e-03 3.39633e-03 3.34143e-03 3.28933e-03 3.24086e-03 3.19693e-03 3.15833e-03 3.12526e-03 3.09684e-03 3.07178e-03 3.05003e-03 3.03319e-03 3.02245e-03 3.01662e-03 3.01319e-03 3.01130e-03 3.01258e-03 3.01766e-03 3.02224e-03 3.02049e-03 3.01288e-03 3.00107e-03 2.97542e-03 2.92600e-03 2.85959e-03 2.79128e-03 2.73084e-03 2.68098e-03 2.63926e-03 2.59733e-03 2.54297e-03 2.47388e-03 2.40463e-03 2.33976e-03 2.26748e-03 2.19549e-03 2.13922e-03 2.09620e-03 2.05925e-03 2.02498e-03 1.99163e-03 1.95910e-03 1.92818e-03 1.89883e-03 1.86998e-03 1.84040e-03 1.80954e-03 1.77783e-03 1.74640e-03 1.71615e-03 1.68704e-03 1.65848e-03 1.62998e-03 1.60132e-03 1.57241e-03 1.54324e-03 1.51390e-03 1.48438e-03 1.45435e-03 1.42277e-03 1.38805e-03 1.34895e-03 1.30602e-03 1.26241e-03 1.22232e-03 1.18652e-03 1.15249e-03 1.12110e-03 1.09440e-03 1.07022e-03 1.04414e-03 1.01288e-03 9.75982e-04 9.35387e-04 8.93929e-04 8.53862e-04 8.15766e-04 7.78263e-04 7.39190e-04 6.97560e-04 6.54092e-04 6.10339e-04 5.68743e-04 5.31848e-04 4.99325e-04 4.67993e-04 4.36339e-04 4.06480e-04 3.80730e-04 3.59039e-04 3.40055e-04 3.22679e-04 3.06282e-04 2.90236e-04 2.73482e-04 2.54453e-04 2.31526e-04 2.04066e-04 1.73542e-04 1.43657e-04 1.18808e-04 1.01692e-04 9.19948e-05 8.72553e-05 8.47916e-05 8.38652e-05 8.66171e-05 9.35768e-05 1.00668e-04 1.03976e-04 1.03719e-04 1.02104e-04 9.99422e-05 9.68972e-05 9.29342e-05 8.81190e-05 8.16826e-05 7.19392e-05 5.76452e-05 3.99205e-05 2.25299e-05 9.57418e-06 2.67899e-06 3.82336e-07 1.71380e-08 1.10670e-10
3.596540 1.70977e-03 4.88816e-03 7.50961e-03 9.18795e-03 9.72618e-03 9.71535e-03 9.60660e-03 9.53258e-03 9.46252e-03 9.35544e-03 9.20315e-03 9.02019e-03 8.82726e-03 8.64122e-03 8.47345e-03 8.33371e-03 8.23251e-03 8.17773e-03 8.16813e-03 8.18907e-03 8.21352e-03 8.20986e-03 8.15380e-03 8.03662e-03 7.86506e-03 7.65832e-03 7.44878e-03 7.27830e-03 7.17843e-03 7.14615e-03 7.14164e-03 7.11592e-03 7.04698e-03 6.94909e-03 6.84914e-03 6.76430e-03 6.70095e-03 6.65930e-03 6.63358e-03 6.61449e-03 6.59537e-03 6.57486e-03 6.55441e-03 6.53457e-03 6.51400e-03 6.49107e-03 6.46546e-03 6.43855e-03 6.41266e-03 6.39009e-03 6.37241e-03 6.36020e-03 6.35313e-03 6.35033e-03 6.35060e-03 6.35262e-03 6.35521e-03 6.35778e-03 6.36043e-03 6.36350e-03 6.36690e-03 6.36985e-03 6.37135e-03 6.37067e-03 6.36763e-03 6.36253e-03 6.35588e-03 6.34815e-03 6.33947e-03 6.32959e-03 6.31799e-03 6.30406e-03 6.28721e-03 6.26700e-03 6.24336e-03 6.21709e-03 6.19021e-03 6.16542e-03 6.14406e-03 6.12467e-03 6.10547e-03 6.08724e-03 6.07027e-03 6.05129e-03 6.02792e-03 6.00248e-03 5.97905e-03 5.96006e-03 5.94603e-03 5.93649e-03 5.93037e-03 5.92597e-03 5.92121e-03 5.91403e-03 5.90273e-03 5.88609e-03 5.86329e-03 5.83377e-03 5.79712e-03 5.75311e-03 5.70176e-03 5.64356e-03 5.57944e-03 5.51068e-03 5.43861e-03 5.36441e-03 5.28889e-03 5.21248e-03 5.13531e-03 5.05740e-03 4.97871e-03 4.89931e-03 4.81939e-03 4.73922e-03 4.65912e-03 4.57939e-03 4.50028e-03 4.42198e-03 4.34468e-03 4.26855e-03 4.19384e-03 4.12077e-03 4.04944e-03 3.97982e-03 3.91176e-03 3.84510e-03 3.77982e-03 3.71616e-03 3.65482e-03 3.59722e-03 3.54511e-03 3.49885e-03 3.45606e-03 3.41382e-03 3.37210e-03 3.33242e-03 3.29411e-03 3.25473e-03 3.21360e-03 3.17355e-03 3.13949e-03 3.11600e-03 3.10516e-03 3.10477e-03 3.10665e-03 3.10144e-03 3.09135e-03 3.08572e-03 3.07668e-03 3.04655e-03 2.99634e-03 2.94139e-03 2.89079e-03 2.84369e-03 2.79648e-03 2.74772e-03 2.69837e-03 2.64913e-03 2.59733e-03 2.53697e-03 2.46588e-03 2.39378e-03 2.33360e-03 2.28216e-03 2.22650e-03 2.16750e-03 2.11415e-03 2.06586e-03 2.01680e-03 1.96577e-03 1.91632e-03 1.87188e-03 1.83170e-03 1.79303e-03 1.75568e-03 1.72136e-03 1.69032e-03 1.66130e-03 1.63315e-03 1.60547e-03 1.57843e-03 1.55232e-03 1.52705e-03 1.50201e-03 1.47671e-03 1.45103e-03 1.42492e-03 1.39795e-03 1.36910e-03 1.33698e-03 1.30093e-03 1.26221e-03 1.22365e-03 1.18705e-03 1.15173e-03 1.11757e-03 1.08633e-03 1.05889e-03 1.03447e-03 1.01222e-03 9.92517e-04 9.75922e-04 9.60730e-04 9.43052e-04 9.19173e-04 8.87350e-04 8.47963e-04 8.02541e-04 7.53064e-04 7.02064e-04 6.52910e-04 6.09018e-04 5.70960e-04 5.35464e-04 4.99813e-04 4.65777e-04 4.36397e-04 4.11670e-04 3.89631e-04 3.68856e-04 3.48901e-04 3.29766e-04 3.11551e-04 2.94352e-04 2.78245e-04 2.63265e-04 2.49351e-04 2.36230e-04 2.23252e-04 2.09265e-04 1.92720e-04 1.72243e-04 1.47718e-04 1.21339e-04 9.74356e-05 8.01926e-05 7.06033e-05 6.64876e-05 6.65375e-05 7.14525e-05 7.89841e-05 8.39633e-05 8.43717e-05 8.21291e-05 7.91411e-05 7.55597e-05 7.08418e-05 6.41581e-05 5.41816e-05 4.02798e-05 2.44960e-05 1.11225e-05 3.28268e-06 4.88427e-07 2.25462e-08 1.47520e-10
3.696443 1.69025e-03 4.63852e-03 6.93531e-03 8.49337e-03 9.16190e-03 9.41589e-03 9.55272e-03 9.63039e-03 9.62476e-03 9.52906e-03 9.36820e-03 9.17759e-03 8.98877e-03 8.82581e-03 8.70534e-03 8.63473e-03 8.60606e-03 8.59041e-03 8.54345e-03 8.42782e-03 8.23827e-03 8.00702e-03 7.78336e-03 7.60629e-03 7.48862e-03 7.41568e-03 7.35663e-03 7.28467e-03 7.19014e-03 7.07476e-03 6.94634e-03 6.82670e-03 6.74758e-03 6.72637e-03 6.75084e-03 6.78692e-03 6.79973e-03 6.77309e-03 6.71407e-03 6.64109e-03 6.56894e-03 6.50341e-03 6.44470e-03 6.39199e-03 6.34529e-03 6.30513e-03 6.27182e-03 6.24530e-03 6.22525e-03 6.21116e-03 6.20235e-03 6.19793e-03 6.19671e-03 6.19736e-03 6.19864e-03 6.19984e-03 6.20112e-03 6.20327e-03 6.20692e-03 6.21182e-03 6.21706e-03 6.22185e-03 6.22590e-03 6.22954e-03 6.23327e-03 6.23733e-03 6.24150e-03 6.24564e-03 6.25048e-03 6.25753e-03 6.26709e-03 6.27658e-03 6.28371e-03 6.29220e-03 6.30642e-03 6.31829e-03 6.31515e-03 6.29927e-03 6.28211e-03 6.26879e-03 6.25810e-03 6.24853e-03 6.23986e-03 6.23224e-03 6.22574e-03 6.22047e-03 6.21684e-03 6.21569e-03 6.21833e-03 6.22609e-03 6.23936e-03 6.25651e-03 6.27374e-03 6.28594e-03 6.28801e-03 6.27575e-03 6.24603e-03 6.19687e-03 6.12774e-03 6.04007e-03 5.93735e-03 5.82449e-03 5.70665e-03 5.58816e-03 5.47219e-03 5.36076e-03 5.25508e-03 5.15575e-03 5.06283e-03 4.97597e-03 4.89446e-03 4.81737e-03 4.74375e-03 4.67268e-03 4.60350e-03 4.53570e-03 4.46899e-03 4.40312e-03 4.33789e-03 4.27318e-03 4.20904e-03 4.14588e-03 4.08476e-03 4.02779e-03 3.97832e-03 3.93938e-03 3.91008e-03 3.88403e-03 3.85286e-03 3.81119e-03 3.75825e-03 3.69637e-03 3.62980e-03 3.56387e-03 3.50361e-03 3.45262e-03 3.41246e-03 3.38239e-03 3.35908e-03 3.33701e-03 3.31039e-03 3.27646e-03 3.23771e-03 3.19774e-03 3.15414e-03 3.10307e-03 3.04940e-03 3.00138e-03 2.96168e-03 2.92940e-03 2.90255e-03 2.87742e-03 2.84967e-03 2.81637e-03 2.77675e-03 2.73164e-03 2.68252e-03 2.63102e-03 2.57828e-03 2.52376e-03 2.46517e-03 2.40171e-03 2.33700e-03 2.27598e-03 2.21864e-03 2.16050e-03 2.09987e-03 2.03995e-03 1.98331e-03 1.92875e-03 1.87392e-03 1.81846e-03 1.76458e-03 1.71581e-03 1.67406e-03 1.63739e-03 1.60247e-03 1.56931e-03 1.53995e-03 1.51435e-03 1.49046e-03 1.46665e-03 1.44257e-03 1.41858e-03 1.39501e-03 1.37165e-03 1.34779e-03 1.32228e-03 1.29379e-03 1.26170e-03 1.22713e-03 1.19236e-03 1.15867e-03 1.12621e-03 1.09518e-03 1.06596e-03 1.03845e-03 1.01204e-03 9.86426e-04 9.62184e-04 9.40243e-04 9.20783e-04 9.02907e-04 8.84954e-04 8.64540e-04 8.38910e-04 8.06394e-04 7.67645e-04 7.25748e-04 6.84960e-04 6.47187e-04 6.10288e-04 5.72589e-04 5.36708e-04 5.05951e-04 4.79693e-04 4.55421e-04 4.31775e-04 4.08556e-04 3.85901e-04 3.63931e-04 3.42729e-04 3.22353e-04 3.02853e-04 2.84278e-04 2.66678e-04 2.50103e-04 2.34594e-04 2.20167e-04 2.06788e-04 1.94325e-04 1.82476e-04 1.70676e-04 1.58048e-04 1.43494e-04 1.26125e-04 1.06072e-04 8.53120e-05 6.74331e-05 5.56619e-05 5.09089e-05 5.25622e-05 5.88365e-05 6.46554e-05 6.55920e-05 6.28652e-05 5.93305e-05 5.50828e-05 4.85364e-05 3.84522e-05 2.53630e-05 1.25366e-05 3.98695e-06 6.28570e-07 3.00573e-08 1.96307e-10
3.796347 1.67161e-03 4.44418e-03 6.55611e-03 8.14705e-03 9.01686e-03 9.53082e-03 9.88199e-03 1.00681e-02 1.00799e-02 9.96296e-03 9.78604e-03 9.60753e-03 9.46170e-03 9.35578e-03 9.26913e-03 9.15743e-03 8.97240e-03 8.69617e-03 8.36607e-03 8.06101e-03 7.84986e-03 7.74008e-03 7.67388e-03 7.58407e-03 7.45615e-03 7.32059e-03 7.19443e-03 7.07642e-03 6.99081e-03 6.97572e-03 7.02615e-03 7.08404e-03 7.08971e-03 7.02718e-03 6.91821e-03 6.79179e-03 6.66809e-03 6.55742e-03 6.46253e-03 6.38136e-03 6.31060e-03 6.24800e-03 6.19269e-03 6.14448e-03 6.10325e-03 6.06887e-03 6.04110e-03 6.01954e-03 6.00354e-03 5.99221e-03 5.98444e-03 5.97901e-03 5.97479e-03 5.97108e-03 5.96794e-03 5.96604e-03 5.96600e-03 5.96777e-03 5.97078e-03 5.97512e-03 5.98238e-03 5.99523e-03 6.01542e-03 6.04133e-03 6.06943e-03 6.10105e-03 6.14242e-03 6.18984e-03 6.22315e-03 6.22671e-03 6.20754e-03 6.18391e-03 6.16600e-03 6.15327e-03 6.14296e-03 6.13453e-03 6.12838e-03 6.12445e-03 6.12267e-03 6.12328e-03 6.12656e-03 6.13260e-03 6.14133e-03 6.15264e-03 6.16645e-03 6.18270e-03 6.20141e-03 6.22305e-03 6.24918e-03 6.28288e-03 6.32780e-03 6.38528e-03 6.45152e-03 6.51725e-03 6.57009e-03 6.59762e-03 6.58989e-03 6.54164e-03 6.45414e-03 6.33516e-03 6.19609e-03 6.04765e-03 5.89716e-03 5.74865e-03 5.60451e-03 5.46667e-03 5.33662e-03 5.21525e-03 5.10280e-03 4.99902e-03 4.90336e-03 4.81505e-03 4.73323e-03 4.65709e-03 4.58602e-03 4.51997e-03 4.45978e-03 4.40706e-03 4.36331e-03 4.33090e-03 4.31311e-03 4.30540e-03 4.29185e-03 4.26038e-03 4.21217e-03 4.15440e-03 4.09333e-03 4.03288e-03 3.97473e-03 3.91880e-03 3.86416e-03 3.81022e-03 3.75775e-03 3.70853e-03 3.66347e-03 3.62098e-03 3.57867e-03 3.53626e-03 3.49493e-03 3.45372e-03 3.40708e-03 3.34939e-03 3.28208e-03 3.21128e-03 3.14111e-03 3.07339e-03 3.01256e-03 2.96472e-03 2.93045e-03 2.90373e-03 2.87807e-03 2.85008e-03 2.81875e-03 2.78397e-03 2.74630e-03 2.70698e-03 2.66737e-03 2.62786e-03 2.58721e-03 2.54275e-03 2.49148e-03 2.43164e-03 2.36432e-03 2.29375e-03 2.22520e-03 2.16192e-03 2.10411e-03 2.05024e-03 1.99871e-03 1.94840e-03 1.89824e-03 1.84691e-03 1.79339e-03 1.73774e-03 1.68152e-03 1.62735e-03 1.57779e-03 1.53405e-03 1.49514e-03 1.45933e-03 1.42678e-03 1.39902e-03 1.37591e-03 1.35534e-03 1.33521e-03 1.31445e-03 1.29221e-03 1.26724e-03 1.23869e-03 1.20738e-03 1.17540e-03 1.14449e-03 1.11531e-03 1.08790e-03 1.06200e-03 1.03690e-03 1.01169e-03 9.85860e-04 9.59698e-04 9.34060e-04 9.09836e-04 8.87260e-04 8.65463e-04 8.42563e-04 8.16402e-04 7.85721e-04 7.51347e-04 7.16539e-04 6.84538e-04 6.54072e-04 6.23200e-04 5.94541e-04 5.70419e-04 5.48996e-04 5.27404e-04 5.04507e-04 4.80411e-04 4.55543e-04 4.30305e-04 4.05046e-04 3.80083e-04 3.55702e-04 3.32147e-04 3.09614e-04 2.88244e-04 2.68136e-04 2.49348e-04 2.31896e-04 2.15758e-04 2.00870e-04 1.87133e-04 1.74421e-04 1.62585e-04 1.51438e-04 1.40725e-04 1.30083e-04 1.18997e-04 1.06845e-04 9.31152e-05 7.78736e-05 6.23214e-05 4.88735e-05 4.02897e-05 3.83247e-05 4.21630e-05 4.69028e-05 4.75235e-05 4.48737e-05 4.12215e-05 3.50860e-05 2.50247e-05 1.33652e-05 4.56512e-06 7.61611e-07 3.75715e-08 2.40822e-10
3.896251 1.67761e-03 4.39781e-03 6.50808e-03 8.27563e-03 9.42193e-03 1.02269e-02 1.07835e-02 1.10471e-02 1.10489e-02 1.08946e-02 1.06901e-02 1.04921e-02 1.02909e-02 1.00310e-02 9.66276e-03 9.19935e-03 8.72945e-03 8.36237e-03 8.14281e-03 8.01707e-03 7.89450e-03 7.73850e-03 7.57913e-03 7.45550e-03 7.38688e-03 7.39049e-03 7.46816e-03 7.55789e-03 7.56385e-03 7.45081e-03 7.25895e-03 7.04549e-03 6.84756e-03 6.67939e-03 6.54162e-03 6.42988e-03 6.33821e-03 6.26029e-03 6.19100e-03 6.12764e-03 6.06965e-03 6.01759e-03 5.97201e-03 5.93306e-03 5.90041e-03 5.87349e-03 5.85176e-03 5.83497e-03 5.82308e-03 5.81581e-03 5.81204e-03 5.81022e-03 5.80961e-03 5.81112e-03 5.81607e-03 5.82455e-03 5.83660e-03 5.85695e-03 5.89448e-03 5.94941e-03 6.00429e-03 6.03710e-03 6.03998e-03 6.01983e-03 5.98802e-03 5.95438e-03 5.92573e-03 5.90449e-03 5.88856e-03 5.87504e-03 5.86379e-03 5.85568e-03 5.85072e-03 5.84886e-03 5.85033e-03 5.85508e-03 5.86243e-03 5.87147e-03 5.88132e-03 5.89138e-03 5.90145e-03 5.91171e-03 5.92270e-03 5.93528e-03 5.95050e-03 5.96961e-03 5.99397e-03 6.02490e-03 6.06365e-03 6.11212e-03 6.17413e-03 6.25541e-03 6.35925e-03 6.47847e-03 6.59114e-03 6.66756e-03 6.68465e-03 6.63584e-03 6.53084e-03 6.38880e-03 6.22987e-03 6.06850e-03 5.91193e-03 5.76339e-03 5.62502e-03 5.49805e-03 5.38209e-03 5.27560e-03 5.17746e-03 5.08885e-03 5.01200e-03 4.94464e-03 4.88152e-03 4.82390e-03 4.77681e-03 4.73900e-03 4.70274e-03 4.65916e-03 4.60540e-03 4.54767e-03 4.49297e-03 4.44232e-03 4.39314e-03 4.34341e-03 4.29288e-03 4.24232e-03 4.19257e-03 4.14394e-03 4.09597e-03 4.04758e-03 3.99759e-03 3.94553e-03 3.89190e-03 3.83572e-03 3.77146e-03 3.69713e-03 3.62367e-03 3.56138e-03 3.50762e-03 3.45230e-03 3.38540e-03 3.30949e-03 3.23735e-03 3.17380e-03 3.11306e-03 3.05107e-03 2.99335e-03 2.94755e-03 2.91177e-03 2.87751e-03 2.83972e-03 2.79835e-03 2.75588e-03 2.71558e-03 2.67979e-03 2.64877e-03 2.62041e-03 2.59125e-03 2.55819e-03 2.51970e-03 2.47548e-03 2.42547e-03 2.36983e-03 2.30973e-03 2.24760e-03 2.18608e-03 2.12679e-03 2.07003e-03 2.01551e-03 1.96316e-03 1.91310e-03 1.86533e-03 1.81925e-03 1.77332e-03 1.72547e-03 1.67412e-03 1.61931e-03 1.56278e-03 1.50713e-03 1.45467e-03 1.40674e-03 1.36378e-03 1.32614e-03 1.29455e-03 1.26935e-03 1.24892e-03 1.22991e-03 1.20897e-03 1.18440e-03 1.15630e-03 1.12654e-03 1.09775e-03 1.07140e-03 1.04726e-03 1.02435e-03 1.00169e-03 9.78560e-04 9.54654e-04 9.30188e-04 9.05668e-04 8.81323e-04 8.56599e-04 8.30226e-04 8.00921e-04 7.67893e-04 7.30854e-04 6.93073e-04 6.62429e-04 6.40245e-04 6.23144e-04 6.09428e-04 5.96252e-04 5.80870e-04 5.62401e-04 5.41313e-04 5.18366e-04 4.94036e-04 4.68518e-04 4.42000e-04 4.14838e-04 3.87537e-04 3.60640e-04 3.34607e-04 3.09763e-04 2.86297e-04 2.64309e-04 2.43854e-04 2.24977e-04 2.07701e-04 1.91984e-04 1.77691e-04 1.64611e-04 1.52507e-04 1.41175e-04 1.30456e-04 1.20222e-04 1.10338e-04 1.00625e-04 9.08313e-05 8.06438e-05 6.97947e-05 5.82935e-05 4.67434e-05 3.65209e-05 2.95254e-05 2.72705e-05 2.89141e-05 3.03109e-05 2.90159e-05 2.61983e-05 2.08751e-05 1.23632e-05 4.52000e-06 7.82787e-07 3.90177e-08 2.39559e-10
3.996155 1.69877e-03 4.49258e-03 6.79176e-03 8.89347e-03 1.04613e-02 1.16436e-02 1.24065e-02 1.26844e-02 1.25625e-02 1.22075e-02 1.17421e-02 1.12017e-02 1.05869e-02 9.93948e-03 9.35478e-03 8.91544e-03 8.61867e-03 8.38898e-03 8.16554e-03 7.96023e-03 7.83244e-03 7.82811e-03 7.94264e-03 8.10774e-03 8.19113e-03 8.08792e-03 7.82916e-03 7.52288e-03 7.23791e-03 6.98910e-03 6.77699e-03 6.60246e-03 6.46169e-03 6.34824e-03 6.25635e-03 6.18074e-03 6.11628e-03 6.05889e-03 6.00635e-03 5.95802e-03 5.91419e-03 5.87587e-03 5.84486e-03 5.82320e-03 5.81159e-03 5.80794e-03 5.80840e-03 5.80954e-03 5.81057e-03 5.81763e-03 5.84454e-03 5.89827e-03 5.96122e-03 6.00062e-03 5.99699e-03 5.95605e-03 5.89776e-03 5.84075e-03 5.79427e-03 5.75891e-03 5.73131e-03 5.70824e-03 5.68849e-03 5.67185e-03 5.65643e-03 5.63962e-03 5.62248e-03 5.60800e-03 5.59785e-03 5.59297e-03 5.59397e-03 5.60050e-03 5.61138e-03 5.62521e-03 5.64059e-03 5.65630e-03 5.67136e-03 5.68508e-03 5.69697e-03 5.70671e-03 5.71409e-03 5.71920e-03 5.72286e-03 5.72695e-03 5.73429e-03 5.74768e-03 5.76916e-03 5.79973e-03 5.83898e-03 5.88640e-03 5.94552e-03 6.02532e-03 6.13186e-03 6.25593e-03 6.37174e-03 6.44947e-03 6.46914e-03 6.42564e-03 6.32527e-03 6.18108e-03 6.00989e-03 5.82978e-03 5.65940e-03 5.51511e-03 5.40034e-03 5.30693e-03 5.22905e-03 5.16547e-03 5.11601e-03 5.07903e-03 5.05004e-03 5.02089e-03 4.98453e-03 4.94127e-03 4.89543e-03 4.84987e-03 4.80497e-03 4.75952e-03 4.71210e-03 4.66210e-03 4.60992e-03 4.55643e-03 4.50236e-03 4.44811e-03 4.39384e-03 4.33963e-03 4.28543e-03 4.23082e-03 4.17498e-03 4.11710e-03 4.05719e-03 3.99636e-03 3.93580e-03 3.87388e-03 3.80623e-03 3.73435e-03 3.66789e-03 3.61117e-03 3.55818e-03 3.50198e-03 3.43903e-03 3.36862e-03 3.29487e-03 3.22250e-03 3.15126e-03 3.07956e-03 3.01195e-03 2.95459e-03 2.90420e-03 2.85301e-03 2.80012e-03 2.74885e-03 2.70052e-03 2.65411e-03 2.60886e-03 2.56556e-03 2.52576e-03 2.49052e-03 2.45975e-03 2.43186e-03 2.40392e-03 2.37286e-03 2.33700e-03 2.29628e-03 2.25130e-03 2.20276e-03 2.15162e-03 2.09898e-03 2.04579e-03 1.99272e-03 1.94033e-03 1.88929e-03 1.84019e-03 1.79326e-03 1.74821e-03 1.70428e-03 1.66046e-03 1.61559e-03 1.56864e-03 1.51899e-03 1.46693e-03 1.41367e-03 1.36095e-03 1.31056e-03 1.26395e-03 1.22200e-03 1.18495e-03 1.15284e-03 1.12613e-03 1.10504e-03 1.08741e-03 1.06845e-03 1.04497e-03 1.01859e-03 9.92531e-04 9.68102e-04 9.44938e-04 9.22231e-04 8.99253e-04 8.75376e-04 8.50000e-04 8.22689e-04 7.93472e-04 7.62752e-04 7.30012e-04 6.95549e-04 6.66467e-04 6.46511e-04 6.31279e-04 6.17835e-04 6.05123e-04 5.92439e-04 5.78967e-04 5.63929e-04 5.46563e-04 5.26285e-04 5.03043e-04 4.77447e-04 4.50498e-04 4.23160e-04 3.96093e-04 3.69616e-04 3.43810e-04 3.18646e-04 2.94115e-04 2.70314e-04 2.47500e-04 2.26060e-04 2.06393e-04 1.88742e-04 1.73080e-04 1.59128e-04 1.46505e-04 1.34861e-04 1.23939e-04 1.13573e-04 1.03657e-04 9.41152e-05 8.48685e-05 7.58012e-05 6.67571e-05 5.75799e-05 4.82146e-05 3.88637e-05 3.01333e-05 2.30237e-05 1.85544e-05 1.68071e-05 1.60718e-05 1.46224e-05 1.22182e-05 8.15950e-06 3.37158e-06 6.33540e-07 3.28115e-08 1.97842e-10
4.096059 1.71964e-03 4.70778e-03 7.45183e-03 1.02010e-02 1.24693e-02 1.41013e-02 1.48699e-02 1.47512e-02 1.40162e-02 1.29981e-02 1.19309e-02 1.09663e-02 1.01997e-02 9.64706e-03 9.24307e-03 8.90420e-03 8.60947e-03 8.42287e-03 8.42450e-03 8.60009e-03 8.81167e-03 8.87670e-03 8.69660e-03 8.33640e-03 7.93645e-03 7.58106e-03 7.28483e-03 7.03483e-03 6.81761e-03 6.63158e-03 6.47994e-03 6.36038e-03 6.26722e-03 6.19419e-03 6.13461e-03 6.08283e-03 6.03721e-03 6.00056e-03 5.97611e-03 5.96206e-03 5.95069e-03 5.93549e-03 5.92285e-03 5.93516e-03 5.99213e-03 6.08032e-03 6.15131e-03 6.16422e-03 6.11943e-03 6.04369e-03 5.96110e-03 5.88307e-03 5.81170e-03 5.74547e-03 5.68414e-03 5.63072e-03 5.58837e-03 5.55686e-03 5.53329e-03 5.51446e-03 5.49729e-03 5.47753e-03 5.45290e-03 5.42712e-03 5.40521e-03 5.38978e-03 5.38209e-03 5.38233e-03 5.38969e-03 5.40292e-03 5.42070e-03 5.44148e-03 5.46364e-03 5.48569e-03 5.50654e-03 5.52552e-03 5.54221e-03 5.55617e-03 5.56689e-03 5.57421e-03 5.57914e-03 5.58400e-03 5.59123e-03 5.60254e-03 5.61888e-03 5.63928e-03 5.66079e-03 5.68188e-03 5.70645e-03 5.74394e-03 5.80127e-03 5.87233e-03 5.94021e-03 5.99183e-03 6.02793e-03 6.06016e-03 6.09593e-03 6.11706e-03 6.08719e-03 5.98724e-03 5.82333e-03 5.61764e-03 5.40449e-03 5.21837e-03 5.07924e-03 4.98699e-03 4.92646e-03 4.88139e-03 4.84337e-03 4.80931e-03 4.77776e-03 4.74787e-03 4.71899e-03 4.69029e-03 4.66096e-03 4.63091e-03 4.60090e-03 4.57202e-03 4.54496e-03 4.51980e-03 4.49585e-03 4.47177e-03 4.44606e-03 4.41787e-03 4.38673e-03 4.35167e-03 4.31120e-03 4.26441e-03 4.21164e-03 4.15454e-03 4.09536e-03 4.03574e-03 3.97569e-03 3.91383e-03 3.84877e-03 3.78213e-03 3.71925e-03 3.66326e-03 3.61146e-03 3.55971e-03 3.50536e-03 3.44638e-03 3.38272e-03 3.31514e-03 3.24498e-03 3.17474e-03 3.10483e-03 3.03842e-03 2.97686e-03 2.91591e-03 2.85285e-03 2.78787e-03 2.72141e-03 2.65398e-03 2.58705e-03 2.52304e-03 2.46429e-03 2.41207e-03 2.36651e-03 2.32717e-03 2.29338e-03 2.26417e-03 2.23789e-03 2.21191e-03 2.18314e-03 2.14939e-03 2.11048e-03 2.06757e-03 2.02176e-03 1.97366e-03 1.92388e-03 1.87343e-03 1.82371e-03 1.77605e-03 1.73125e-03 1.68945e-03 1.65029e-03 1.61319e-03 1.57728e-03 1.54151e-03 1.50456e-03 1.46508e-03 1.42198e-03 1.37486e-03 1.32432e-03 1.27145e-03 1.21731e-03 1.16388e-03 1.11478e-03 1.07388e-03 1.04394e-03 1.02565e-03 1.01463e-03 1.00139e-03 9.79075e-04 9.49743e-04 9.19804e-04 8.92650e-04 8.67732e-04 8.43203e-04 8.17895e-04 7.91820e-04 7.65686e-04 7.39310e-04 7.10424e-04 6.80376e-04 6.55619e-04 6.36487e-04 6.19935e-04 6.05006e-04 5.91461e-04 5.78548e-04 5.65308e-04 5.50647e-04 5.33624e-04 5.14006e-04 4.92330e-04 4.69416e-04 4.45921e-04 4.22237e-04 3.98564e-04 3.74976e-04 3.51436e-04 3.27825e-04 3.04049e-04 2.80178e-04 2.56526e-04 2.33606e-04 2.12019e-04 1.92306e-04 1.74763e-04 1.59318e-04 1.45599e-04 1.33153e-04 1.21628e-04 1.10807e-04 1.00553e-04 9.07756e-05 8.14161e-05 7.24224e-05 6.37137e-05 5.51831e-05 4.67446e-05 3.84023e-05 3.03255e-05 2.29026e-05 1.66996e-05 1.22016e-05 9.34934e-06 7.40743e-06 5.66035e-06 3.69718e-06 1.60270e-06 3.21791e-07 1.75356e-08 1.08129e-10
4.195963 1.73200e-03 5.07596e-03 8.74951e-03 1.27272e-02 1.59261e-02 1.75531e-02 1.73723e-02 1.59702e-02 1.41931e-02 1.26009e-02 1.14127e-02 1.06107e-02 1.00551e-02 9.62737e-03 9.33203e-03 9.26165e-03 9.42545e-03 9.63893e-03 9.66798e-03 9.43131e-03 9.00901e-03 8.54029e-03 8.11961e-03 7.76413e-03 7.46002e-03 7.19811e-03 6.97299e-03 6.77911e-03 6.61677e-03 6.48908e-03 6.39455e-03 6.32897e-03 6.28660e-03 6.25753e-03 6.22943e-03 6.19896e-03 6.18287e-03 6.20735e-03 6.27598e-03 6.35595e-03 6.40352e-03 6.39275e-03 6.32413e-03 6.22164e-03 6.11445e-03 6.01874e-03 5.93785e-03 5.86930e-03 5.80891e-03 5.75225e-03 5.69528e-03 5.63551e-03 5.57440e-03 5.51821e-03 5.47359e-03 5.44202e-03 5.41966e-03 5.40015e-03 5.37619e-03 5.34415e-03 5.30922e-03 5.27909e-03 5.25726e-03 5.24461e-03 5.24106e-03 5.24596e-03 5.25825e-03 5.27613e-03 5.29720e-03 5.31917e-03 5.34055e-03 5.36078e-03 5.37981e-03 5.39767e-03 5.41418e-03 5.42902e-03 5.44216e-03 5.45457e-03 5.46773e-03 5.48232e-03 5.49889e-03 5.51836e-03 5.53965e-03 5.55983e-03 5.57697e-03 5.59165e-03 5.60790e-03 5.63283e-03 5.67245e-03 5.72794e-03 5.78896e-03 5.82839e-03 5.82954e-03 5.80578e-03 5.77806e-03 5.75989e-03 5.75863e-03 5.77278e-03 5.78395e-03 5.75861e-03 5.66507e-03 5.49268e-03 5.26589e-03 5.03678e-03 4.85210e-03 4.72744e-03 4.65046e-03 4.60030e-03 4.56106e-03 4.52381e-03 4.48418e-03 4.44088e-03 4.39513e-03 4.34961e-03 4.30695e-03 4.26864e-03 4.23515e-03 4.20675e-03 4.18372e-03 4.16555e-03 4.15046e-03 4.13625e-03 4.12130e-03 4.10494e-03 4.08767e-03 4.07083e-03 4.05589e-03 4.04331e-03 4.03190e-03 4.01941e-03 4.00367e-03 3.98285e-03 3.95523e-03 3.91934e-03 3.87494e-03 3.82416e-03 3.77123e-03 3.71963e-03 3.66977e-03 3.61987e-03 3.56726e-03 3.50997e-03 3.44841e-03 3.38418e-03 3.31920e-03 3.25057e-03 3.17519e-03 3.09803e-03 3.02282e-03 2.94884e-03 2.87628e-03 2.80656e-03 2.74030e-03 2.67665e-03 2.61358e-03 2.54909e-03 2.48285e-03 2.41674e-03 2.35357e-03 2.29539e-03 2.24275e-03 2.19500e-03 2.15120e-03 2.11079e-03 2.07375e-03 2.04024e-03 2.00973e-03 1.98030e-03 1.94887e-03 1.91254e-03 1.87038e-03 1.82342e-03 1.77342e-03 1.72242e-03 1.67265e-03 1.62615e-03 1.58411e-03 1.54674e-03 1.51346e-03 1.48321e-03 1.45466e-03 1.42624e-03 1.39630e-03 1.36339e-03 1.32669e-03 1.28668e-03 1.24494e-03 1.20306e-03 1.16108e-03 1.11648e-03 1.06713e-03 1.01731e-03 9.77590e-04 9.55039e-04 9.44186e-04 9.30670e-04 9.05031e-04 8.71006e-04 8.37469e-04 8.08240e-04 7.82263e-04 7.57726e-04 7.33317e-04 7.07039e-04 6.77289e-04 6.47769e-04 6.23270e-04 6.03512e-04 5.87126e-04 5.73599e-04 5.62046e-04 5.50925e-04 5.38414e-04 5.23343e-04 5.05788e-04 4.86562e-04 4.66428e-04 4.45822e-04 4.24957e-04 4.03954e-04 3.82874e-04 3.61682e-04 3.40210e-04 3.18218e-04 2.95600e-04 2.72568e-04 2.49650e-04 2.27495e-04 2.06683e-04 1.87622e-04 1.70502e-04 1.55260e-04 1.41601e-04 1.29139e-04 1.17561e-04 1.06675e-04 9.63501e-05 8.64927e-05 7.70694e-05 6.80898e-05 5.95345e-05 5.13227e-05 4.33628e-05 3.56303e-05 2.82140e-05 2.13263e-05 1.52814e-05 1.04071e-05 6.85748e-06 4.45744e-06 2.80936e-06 1.55754e-06 6.06374e-07 1.15399e-07 6.14634e-09 3.82674e-11
4.295867 1.71729e-03 5.73138e-03 1.11396e-02 1.67784e-02 2.01038e-02 2.01105e-02 1.79157e-02 1.52952e-02 1.32279e-02 1.18669e-02 1.10255e-02 1.05192e-02 1.02964e-02 1.03432e-02 1.05024e-02 1.05167e-02 1.02804e-02 9.86934e-03 9.37133e-03 8.85933e-03 8.40274e-03 8.02446e-03 7.70908e-03 7.44250e-03 7.22036e-03 7.03550e-03 6.87825e-03 6.74758e-03 6.64736e-03 6.57710e-03 6.54374e-03 6.56511e-03 6.63756e-03 6.71594e-03 6.74919e-03 6.72352e-03 6.65773e-03 6.56839e-03 6.45511e-03 6.32241e-03 6.18986e-03 6.07274e-03 5.97493e-03 5.89500e-03 5.82954e-03 5.77434e-03 5.72527e-03 5.67798e-03 5.62773e-03 5.57110e-03 5.50963e-03 5.45142e-03 5.40581e-03 5.37553e-03 5.35516e-03 5.33397e-03 5.30184e-03 5.25942e-03 5.21741e-03 5.18407e-03 5.16232e-03 5.15301e-03 5.15537e-03 5.16655e-03 5.18272e-03 5.20069e-03 5.21883e-03 5.23674e-03 5.25453e-03 5.27218e-03 5.28939e-03 5.30558e-03 5.32027e-03 5.33378e-03 5.34761e-03 5.36297e-03 5.37985e-03 5.39858e-03 5.41897e-03 5.43854e-03 5.45507e-03 5.46902e-03 5.48380e-03 5.50884e-03 5.55595e-03 5.61783e-03 5.67196e-03 5.70972e-03 5.72940e-03 5.72683e-03 5.70337e-03 5.66690e-03 5.62710e-03 5.59246e-03 5.56812e-03 5.55473e-03 5.55078e-03 5.55466e-03 5.56306e-03 5.56407e-03 5.53178e-03 5.43714e-03 5.27016e-03 5.05311e-03 4.83410e-03 4.65972e-03 4.54535e-03 4.47307e-03 4.41628e-03 4.35942e-03 4.29867e-03 4.23507e-03 4.17041e-03 4.10629e-03 4.04405e-03 3.98456e-03 3.92832e-03 3.87598e-03 3.82866e-03 3.78774e-03 3.75466e-03 3.73080e-03 3.71736e-03 3.71446e-03 3.71976e-03 3.72798e-03 3.73251e-03 3.72869e-03 3.71631e-03 3.69925e-03 3.68267e-03 3.67039e-03 3.66365e-03 3.66168e-03 3.66341e-03 3.66840e-03 3.67542e-03 3.68045e-03 3.67787e-03 3.66345e-03 3.63531e-03 3.59412e-03 3.54296e-03 3.48492e-03 3.41924e-03 3.34170e-03 3.25555e-03 3.17094e-03 3.09168e-03 3.01479e-03 2.93715e-03 2.85873e-03 2.78158e-03 2.70715e-03 2.63573e-03 2.56775e-03 2.50428e-03 2.44630e-03 2.39308e-03 2.34174e-03 2.28907e-03 2.23415e-03 2.17873e-03 2.12529e-03 2.07517e-03 2.02830e-03 1.98400e-03 1.94168e-03 1.90126e-03 1.86316e-03 1.82771e-03 1.79425e-03 1.76061e-03 1.72358e-03 1.68061e-03 1.63181e-03 1.57965e-03 1.52737e-03 1.47813e-03 1.43435e-03 1.39701e-03 1.36518e-03 1.33682e-03 1.31034e-03 1.28528e-03 1.26097e-03 1.23512e-03 1.20504e-03 1.17019e-03 1.13279e-03 1.09622e-03 1.06113e-03 1.02171e-03 9.73622e-04 9.27687e-04 8.99567e-04 8.86581e-04 8.69718e-04 8.37935e-04 7.98347e-04 7.61983e-04 7.31982e-04 7.05401e-04 6.77852e-04 6.47813e-04 6.18863e-04 5.94318e-04 5.74604e-04 5.59550e-04 5.48047e-04 5.37607e-04 5.25821e-04 5.11759e-04 4.95824e-04 4.78691e-04 4.60687e-04 4.41870e-04 4.22297e-04 4.02134e-04 3.81615e-04 3.60930e-04 3.40125e-04 3.19053e-04 2.97485e-04 2.75377e-04 2.53072e-04 2.31228e-04 2.10553e-04 1.91560e-04 1.74469e-04 1.59222e-04 1.45548e-04 1.33087e-04 1.21530e-04 1.10683e-04 1.00406e-04 9.05425e-05 8.09771e-05 7.17215e-05 6.28821e-05 5.45296e-05 4.66239e-05 3.90668e-05 3.18103e-05 2.49238e-05 1.85881e-05 1.30465e-05 8.53787e-06 5.19937e-06 2.96847e-06 1.58559e-06 7.39982e-07 2.47890e-07 4.23103e-08 2.13860e-09 1.46130e-11
4.395771 1.69801e-03 7.08427e-03 1.52120e-02 2.17449e-02 2.29759e-02 2.01734e-02 1.66036e-02 1.39912e-02 1.24517e-02 1.16908e-02 1.14880e-02 1.15732e-02 1.15774e-02 1.13100e-02 1.08756e-02 1.04087e-02 9.91607e-03 9.39012e-03 8.88748e-03 8.46711e-03 8.13354e-03 7.85898e-03 7.62450e-03 7.42268e-03 7.25377e-03 7.14263e-03 7.12396e-03 7.18414e-03 7.24957e-03 7.25394e-03 7.18810e-03 7.08098e-03 6.96271e-03 6.84808e-03 6.73227e-03 6.59693e-03 6.43995e-03 6.28406e-03 6.14592e-03 6.02808e-03 5.92956e-03 5.84917e-03 5.78484e-03 5.73301e-03 5.68934e-03 5.64895e-03 5.60588e-03 5.55476e-03 5.49618e-03 5.43940e-03 5.39544e-03 5.36721e-03 5.34723e-03 5.32148e-03 5.27990e-03 5.22856e-03 5.18284e-03 5.15144e-03 5.13453e-03 5.12864e-03 5.12937e-03 5.13349e-03 5.13980e-03 5.14834e-03 5.15929e-03 5.17249e-03 5.18732e-03 5.20281e-03 5.21794e-03 5.23224e-03 5.24632e-03 5.26128e-03 5.27732e-03 5.29447e-03 5.31258e-03 5.32915e-03 5.34170e-03 5.35464e-03 5.38187e-03 5.43135e-03 5.48353e-03 5.51393e-03 5.52647e-03 5.53767e-03 5.55642e-03 5.58044e-03 5.59970e-03 5.60578e-03 5.59817e-03 5.58168e-03 5.56083e-03 5.53728e-03 5.51131e-03 5.48413e-03 5.45757e-03 5.43301e-03 5.41089e-03 5.39046e-03 5.36918e-03 5.34256e-03 5.30432e-03 5.24594e-03 5.15727e-03 5.03170e-03 4.87199e-03 4.69453e-03 4.52987e-03 4.40553e-03 4.32091e-03 4.25305e-03 4.18612e-03 4.12046e-03 4.06028e-03 4.00542e-03 3.95239e-03 3.89756e-03 3.83881e-03 3.77600e-03 3.71069e-03 3.64560e-03 3.58345e-03 3.52574e-03 3.47261e-03 3.42402e-03 3.38075e-03 3.34417e-03 3.31581e-03 3.29778e-03 3.29336e-03 3.30584e-03 3.33343e-03 3.36392e-03 3.38085e-03 3.38029e-03 3.37213e-03 3.36577e-03 3.36531e-03 3.37244e-03 3.38700e-03 3.40620e-03 3.42511e-03 3.43819e-03 3.43964e-03 3.42373e-03 3.38641e-03 3.32824e-03 3.25819e-03 3.18716e-03 3.11860e-03 3.05020e-03 2.97936e-03 2.90494e-03 2.82793e-03 2.75154e-03 2.67871e-03 2.60995e-03 2.54417e-03 2.48044e-03 2.41871e-03 2.35955e-03 2.30377e-03 2.25196e-03 2.20376e-03 2.15726e-03 2.11019e-03 2.06207e-03 2.01483e-03 1.97063e-03 1.92983e-03 1.89092e-03 1.85165e-03 1.81082e-03 1.76906e-03 1.72749e-03 1.68656e-03 1.64561e-03 1.60292e-03 1.55652e-03 1.50480e-03 1.44775e-03 1.38873e-03 1.33286e-03 1.28488e-03 1.24784e-03 1.22096e-03 1.19965e-03 1.17881e-03 1.15574e-03 1.13002e-03 1.10204e-03 1.07269e-03 1.04386e-03 1.01717e-03 9.91448e-04 9.60665e-04 9.18952e-04 8.73902e-04 8.41366e-04 8.19974e-04 7.93416e-04 7.56743e-04 7.18415e-04 6.83851e-04 6.51349e-04 6.19955e-04 5.92417e-04 5.70684e-04 5.54323e-04 5.41088e-04 5.28138e-04 5.14175e-04 4.99475e-04 4.84593e-04 4.69579e-04 4.53970e-04 4.37228e-04 4.19099e-04 3.99699e-04 3.79391e-04 3.58595e-04 3.37629e-04 3.16607e-04 2.95398e-04 2.73788e-04 2.51821e-04 2.29983e-04 2.09041e-04 1.89736e-04 1.72517e-04 1.57417e-04 1.44113e-04 1.32126e-04 1.21062e-04 1.10731e-04 1.01039e-04 9.18080e-05 8.27842e-05 7.38341e-05 6.50494e-05 5.66368e-05 4.87343e-05 4.13290e-05 3.43196e-05 2.76408e-05 2.13447e-05 1.56008e-05 1.06352e-05 6.65329e-06 3.76334e-06 1.91113e-06 8.73562e-07 3.49250e-07 1.04731e-07 1.71521e-08 9.72211e-10 1.02783e-11
4.495674 1.69119e-03 9.12407e-03 1.97258e-02 2.47185e-02 2.25437e-02 1.82244e-02 1.51024e-02 1.35521e-02 1.30468e-02 1.29463e-02 1.26988e-02 1.21851e-02 1.16099e-02 1.11027e-02 1.06364e-02 1.01537e-02 9.65688e-03 9.19768e-03 8.80979e-03 8.48605e-03 8.23159e-03 8.08592e-03 8.05095e-03 8.05161e-03 8.00699e-03 7.89627e-03 7.74558e-03 7.58595e-03 7.43299e-03 7.29061e-03 7.15891e-03 7.03276e-03 6.89291e-03 6.72009e-03 6.53271e-03 6.36242e-03 6.21651e-03 6.09178e-03 5.98660e-03 5.90041e-03 5.83213e-03 5.77863e-03 5.73466e-03 5.69531e-03 5.65655e-03 5.61364e-03 5.56474e-03 5.51552e-03 5.47533e-03 5.44832e-03 5.42804e-03 5.39859e-03 5.34938e-03 5.29042e-03 5.23992e-03 5.20371e-03 5.17769e-03 5.15837e-03 5.14466e-03 5.13617e-03 5.13260e-03 5.13355e-03 5.13840e-03 5.14633e-03 5.15637e-03 5.16782e-03 5.18064e-03 5.19507e-03 5.21068e-03 5.22631e-03 5.24043e-03 5.25210e-03 5.26542e-03 5.29158e-03 5.33809e-03 5.39072e-03 5.42318e-03 5.43040e-03 5.42616e-03 5.42172e-03 5.42359e-03 5.43751e-03 5.46594e-03 5.50278e-03 5.53490e-03 5.55153e-03 5.55015e-03 5.53391e-03 5.50674e-03 5.47174e-03 5.43164e-03 5.38903e-03 5.34621e-03 5.30514e-03 5.26731e-03 5.23328e-03 5.20233e-03 5.17225e-03 5.13907e-03 5.09726e-03 5.04159e-03 4.97087e-03 4.88946e-03 4.80250e-03 4.70896e-03 4.60140e-03 4.47364e-03 4.33339e-03 4.20854e-03 4.12397e-03 4.06933e-03 4.01575e-03 3.95501e-03 3.89709e-03 3.84769e-03 3.80399e-03 3.76116e-03 3.71583e-03 3.66610e-03 3.61097e-03 3.55057e-03 3.48655e-03 3.42170e-03 3.35886e-03 3.29992e-03 3.24566e-03 3.19640e-03 3.15303e-03 3.11729e-03 3.09091e-03 3.07438e-03 3.06681e-03 3.06757e-03 3.07844e-03 3.10317e-03 3.14154e-03 3.18111e-03 3.20217e-03 3.19942e-03 3.18723e-03 3.17935e-03 3.17718e-03 3.17321e-03 3.15962e-03 3.13467e-03 3.10174e-03 3.06701e-03 3.03559e-03 3.00703e-03 2.97681e-03 2.94090e-03 2.89701e-03 2.84362e-03 2.78134e-03 2.71416e-03 2.64699e-03 2.58263e-03 2.52167e-03 2.46398e-03 2.40954e-03 2.35850e-03 2.31085e-03 2.26608e-03 2.22295e-03 2.17969e-03 2.13474e-03 2.08795e-03 2.04090e-03 1.99452e-03 1.94702e-03 1.89685e-03 1.84654e-03 1.79897e-03 1.75400e-03 1.71044e-03 1.66661e-03 1.62121e-03 1.57403e-03 1.52513e-03 1.47264e-03 1.41383e-03 1.35189e-03 1.29441e-03 1.24428e-03 1.20062e-03 1.16273e-03 1.13053e-03 1.10326e-03 1.07942e-03 1.05761e-03 1.03684e-03 1.01637e-03 9.95941e-04 9.75577e-04 9.53750e-04 9.26967e-04 8.91976e-04 8.49951e-04 8.09481e-04 7.77315e-04 7.47621e-04 7.12353e-04 6.72496e-04 6.33229e-04 5.99544e-04 5.74724e-04 5.57789e-04 5.44411e-04 5.30493e-04 5.14831e-04 4.98386e-04 4.82534e-04 4.67897e-04 4.53924e-04 4.39436e-04 4.23436e-04 4.05529e-04 3.85924e-04 3.65170e-04 3.43838e-04 3.22337e-04 3.00854e-04 2.79336e-04 2.57583e-04 2.35629e-04 2.14005e-04 1.93506e-04 1.74900e-04 1.58684e-04 1.44813e-04 1.32732e-04 1.21766e-04 1.11548e-04 1.02058e-04 9.32572e-05 8.48279e-05 7.63925e-05 6.78520e-05 5.94258e-05 5.14196e-05 4.39998e-05 3.71413e-05 3.07205e-05 2.46476e-05 1.89462e-05 1.37555e-05 9.27423e-06 5.68553e-06 3.08558e-06 1.43397e-06 5.52937e-07 1.75412e-07 4.49545e-08 7.87376e-09 6.70389e-10 1.20383e-11
4.595578 1.69439e-03 1.03257e-02 2.08121e-02 2.29524e-02 1.95340e-02 1.65748e-02 1.53254e-02 1.47963e-02 1.41720e-02 1.33557e-02 1.25718e-02 1.19319e-02 1.14278e-02 1.09995e-02 1.05645e-02 1.00988e-02 9.69355e-03 9.45924e-03 9.37540e-03 9.30291e-03 9.13539e-03 8.88246e-03 8.60830e-03 8.35783e-03 8.14133e-03 7.95077e-03 7.77800e-03 7.61949e-03 7.47339e-03 7.33553e-03 7.18682e-03 6.99791e-03 6.78455e-03 6.59247e-03 6.43182e-03 6.29494e-03 6.17884e-03 6.08362e-03 6.00910e-03 5.95271e-03 5.90735e-03 5.86508e-03 5.82417e-03 5.78566e-03 5.74741e-03 5.70732e-03 5.67071e-03 5.65138e-03 5.65117e-03 5.64033e-03 5.58884e-03 5.50720e-03 5.42709e-03 5.36320e-03 5.31276e-03 5.27247e-03 5.24234e-03 5.22215e-03 5.21074e-03 5.20639e-03 5.20706e-03 5.21102e-03 5.21749e-03 5.22645e-03 5.23813e-03 5.25247e-03 5.26711e-03 5.27912e-03 5.29302e-03 5.31879e-03 5.36005e-03 5.40489e-03 5.43302e-03 5.43762e-03 5.42960e-03 5.42341e-03 5.42770e-03 5.44066e-03 5.45279e-03 5.45905e-03 5.46408e-03 5.47269e-03 5.48215e-03 5.48543e-03 5.47722e-03 5.45629e-03 5.42442e-03 5.38459e-03 5.33973e-03 5.29219e-03 5.24383e-03 5.19608e-03 5.14983e-03 5.10536e-03 5.06251e-03 5.02092e-03 4.98002e-03 4.93864e-03 4.89432e-03 4.84287e-03 4.77968e-03 4.70312e-03 4.61753e-03 4.53167e-03 4.45270e-03 4.38094e-03 4.31017e-03 4.23186e-03 4.13969e-03 4.03816e-03 3.94900e-03 3.88889e-03 3.84107e-03 3.78193e-03 3.71787e-03 3.66672e-03 3.63234e-03 3.60851e-03 3.58840e-03 3.56698e-03 3.54053e-03 3.50674e-03 3.46562e-03 3.41912e-03 3.36968e-03 3.31947e-03 3.27038e-03 3.22412e-03 3.18203e-03 3.14456e-03 3.11135e-03 3.08220e-03 3.05829e-03 3.04175e-03 3.03365e-03 3.03346e-03 3.04087e-03 3.05579e-03 3.07493e-03 3.09136e-03 3.09972e-03 3.09659e-03 3.07641e-03 3.03816e-03 2.99231e-03 2.95006e-03 2.91375e-03 2.88214e-03 2.85522e-03 2.83254e-03 2.81206e-03 2.79195e-03 2.77072e-03 2.74575e-03 2.71430e-03 2.67544e-03 2.62984e-03 2.57866e-03 2.52351e-03 2.46676e-03 2.41161e-03 2.36148e-03 2.31886e-03 2.28391e-03 2.25443e-03 2.22802e-03 2.20272e-03 2.17453e-03 2.13783e-03 2.08933e-03 2.03010e-03 1.96450e-03 1.89725e-03 1.82961e-03 1.76241e-03 1.69862e-03 1.63962e-03 1.58513e-03 1.53452e-03 1.48695e-03 1.44160e-03 1.39647e-03 1.34487e-03 1.28474e-03 1.22749e-03 1.17935e-03 1.13850e-03 1.10289e-03 1.07182e-03 1.04498e-03 1.02126e-03 9.99540e-04 9.79378e-04 9.60736e-04 9.43676e-04 9.26563e-04 9.04335e-04 8.72225e-04 8.31703e-04 7.89815e-04 7.51715e-04 7.15341e-04 6.76169e-04 6.36036e-04 6.02277e-04 5.78098e-04 5.60007e-04 5.43706e-04 5.27477e-04 5.11240e-04 4.95552e-04 4.80998e-04 4.67464e-04 4.54072e-04 4.39704e-04 4.23465e-04 4.04963e-04 3.84440e-04 3.62641e-04 3.40422e-04 3.18350e-04 2.96582e-04 2.74950e-04 2.53123e-04 2.31004e-04 2.09198e-04 1.88668e-04 1.70092e-04 1.53964e-04 1.40371e-04 1.28690e-04 1.18056e-04 1.08076e-04 9.88729e-05 9.04258e-05 8.22616e-05 7.39005e-05 6.53109e-05 5.68616e-05 4.89586e-05 4.17847e-05 3.52866e-05 2.93056e-05 2.37159e-05 1.84977e-05 1.37374e-05 9.57906e-06 6.16254e-06 3.56610e-06 1.77599e-06 7.07327e-07 2.06714e-07 4.28488e-08 6.81950e-09 7.27910e-10 1.60152e-11
4.695482 1.70150e-03 9.28052e-03 1.72107e-02 1.85901e-02 1.75827e-02 1.71830e-02 1.65383e-02 1.53594e-02 1.41628e-02 1.31971e-02 1.24368e-02 1.18193e-02 1.13221e-02 1.09856e-02 1.08434e-02 1.08203e-02 1.07432e-02 1.04844e-02 1.00739e-02 9.63119e-03 9.23704e-03 8.91285e-03 8.65091e-03 8.43509e-03 8.24826e-03 8.07625e-03 7.91271e-03 7.75857e-03 7.60893e-03 7.43197e-03 7.20365e-03 6.97218e-03 6.78204e-03 6.62621e-03 6.49473e-03 6.38675e-03 6.30300e-03 6.24174e-03 6.19501e-03 6.15060e-03 6.10458e-03 6.06171e-03 6.02192e-03 5.98123e-03 5.95023e-03 5.95645e-03 5.99747e-03 6.01476e-03 5.96142e-03 5.85520e-03 5.73976e-03 5.63884e-03 5.55529e-03 5.48828e-03 5.43887e-03 5.40557e-03 5.38442e-03 5.37186e-03 5.36532e-03 5.36358e-03 5.36789e-03 5.38064e-03 5.39600e-03 5.40511e-03 5.41528e-03 5.43658e-03 5.46821e-03 5.50088e-03 5.52215e-03 5.52763e-03 5.52715e-03 5.53186e-03 5.53924e-03 5.53797e-03 5.52279e-03 5.49842e-03 5.47196e-03 5.44704e-03 5.42514e-03 5.40753e-03 5.39381e-03 5.38026e-03 5.36117e-03 5.33225e-03 5.29270e-03 5.24482e-03 5.19225e-03 5.13832e-03 5.08529e-03 5.03424e-03 4.98555e-03 4.93926e-03 4.89532e-03 4.85359e-03 4.81392e-03 4.77635e-03 4.74092e-03 4.70697e-03 4.67233e-03 4.63322e-03 4.58597e-03 4.52992e-03 4.46887e-03 4.40808e-03 4.34974e-03 4.29218e-03 4.23291e-03 4.17058e-03 4.10427e-03 4.03220e-03 3.95232e-03 3.86832e-03 3.79606e-03 3.74756e-03 3.70921e-03 3.66446e-03 3.62185e-03 3.59439e-03 3.58056e-03 3.57311e-03 3.56671e-03 3.55767e-03 3.54333e-03 3.52238e-03 3.49462e-03 3.46035e-03 3.42008e-03 3.37488e-03 3.32640e-03 3.27635e-03 3.22600e-03 3.17654e-03 3.13031e-03 3.09124e-03 3.06273e-03 3.04608e-03 3.04187e-03 3.04926e-03 3.06141e-03 3.06741e-03 3.06270e-03 3.04975e-03 3.02849e-03 2.99764e-03 2.96014e-03 2.92008e-03 2.88178e-03 2.84914e-03 2.82154e-03 2.79328e-03 2.75987e-03 2.72439e-03 2.69426e-03 2.67371e-03 2.66066e-03 2.64785e-03 2.62593e-03 2.58974e-03 2.54228e-03 2.49117e-03 2.44228e-03 2.39651e-03 2.35078e-03 2.30262e-03 2.25376e-03 2.20967e-03 2.17671e-03 2.15873e-03 2.15373e-03 2.15221e-03 2.13969e-03 2.10426e-03 2.04482e-03 1.97012e-03 1.88919e-03 1.80732e-03 1.72799e-03 1.65264e-03 1.58168e-03 1.51619e-03 1.45788e-03 1.40746e-03 1.36294e-03 1.31746e-03 1.26095e-03 1.20059e-03 1.15214e-03 1.11349e-03 1.07813e-03 1.04483e-03 1.01496e-03 9.88938e-04 9.65758e-04 9.44285e-04 9.24200e-04 9.06235e-04 8.90190e-04 8.71330e-04 8.42406e-04 8.02318e-04 7.58617e-04 7.17800e-04 6.80045e-04 6.45960e-04 6.17598e-04 5.93512e-04 5.71396e-04 5.50664e-04 5.31331e-04 5.13739e-04 4.98455e-04 4.85404e-04 4.73454e-04 4.60973e-04 4.46630e-04 4.29747e-04 4.10319e-04 3.88920e-04 3.66438e-04 3.43679e-04 3.21120e-04 2.98900e-04 2.77013e-04 2.55322e-04 2.33461e-04 2.11564e-04 1.90808e-04 1.72171e-04 1.55851e-04 1.41901e-04 1.29941e-04 1.19132e-04 1.09002e-04 9.97030e-05 9.12143e-05 8.29742e-05 7.44334e-05 6.55824e-05 5.68981e-05 4.88821e-05 4.17432e-05 3.54149e-05 2.97160e-05 2.44900e-05 1.96701e-05 1.52754e-05 1.13690e-05 8.01221e-06 5.23047e-06 3.01682e-06 1.41090e-06 4.77643e-07 1.04731e-07 1.39807e-08 1.10074e-09 2.14218e-11
4.795386 1.67197e-03 7.10065e-03 1.29784e-02 1.63615e-02 1.78693e-02 1.76593e-02 1.63564e-02 1.49769e-02 1.38015e-02 1.27995e-02 1.20889e-02 1.18052e-02 1.18345e-02 1.18660e-02 1.16688e-02 1.12354e-02 1.06993e-02 1.01905e-02 9.76113e-03 9.40787e-03 9.11907e-03 8.88609e-03 8.69528e-03 8.52813e-03 8.36786e-03 8.20610e-03 8.04577e-03 7.88759e-03 7.70335e-03 7.46529e-03 7.21948e-03 7.02064e-03 6.86266e-03 6.73212e-03 6.62939e-03 6.55527e-03 6.50299e-03 6.45785e-03 6.41039e-03 6.36181e-03 6.31179e-03 6.26371e-03 6.24269e-03 6.27559e-03 6.33914e-03 6.36947e-03 6.33171e-03 6.24246e-03 6.13121e-03 6.00928e-03 5.88539e-03 5.78012e-03 5.70557e-03 5.65444e-03 5.61654e-03 5.58888e-03 5.57250e-03 5.56924e-03 5.56705e-03 5.55414e-03 5.55064e-03 5.56809e-03 5.59727e-03 5.62776e-03 5.65378e-03 5.67445e-03 5.68859e-03 5.69025e-03 5.67609e-03 5.65102e-03 5.62024e-03 5.58351e-03 5.53992e-03 5.49154e-03 5.44132e-03 5.39173e-03 5.34502e-03 5.30302e-03 5.26624e-03 5.23353e-03 5.20229e-03 5.16972e-03 5.13417e-03 5.09567e-03 5.05559e-03 5.01580e-03 4.97792e-03 4.94298e-03 4.91122e-03 4.88232e-03 4.85573e-03 4.83100e-03 4.80782e-03 4.78599e-03 4.76534e-03 4.74564e-03 4.72628e-03 4.70603e-03 4.68293e-03 4.65437e-03 4.61809e-03 4.57407e-03 4.52519e-03 4.47442e-03 4.42205e-03 4.36692e-03 4.30876e-03 4.24815e-03 4.18567e-03 4.12181e-03 4.05720e-03 3.99222e-03 3.92673e-03 3.86261e-03 3.80689e-03 3.76392e-03 3.72522e-03 3.68317e-03 3.64556e-03 3.62120e-03 3.60854e-03 3.60246e-03 3.59866e-03 3.59274e-03 3.58049e-03 3.55949e-03 3.52981e-03 3.49327e-03 3.45194e-03 3.40695e-03 3.35850e-03 3.30626e-03 3.25017e-03 3.19151e-03 3.13371e-03 3.08168e-03 3.04085e-03 3.01605e-03 3.00748e-03 3.00799e-03 3.01005e-03 3.00872e-03 2.99294e-03 2.95553e-03 2.90574e-03 2.85395e-03 2.80440e-03 2.76110e-03 2.72921e-03 2.71275e-03 2.70877e-03 2.70550e-03 2.69320e-03 2.67514e-03 2.66112e-03 2.65180e-03 2.63386e-03 2.59403e-03 2.53503e-03 2.47272e-03 2.42030e-03 2.37847e-03 2.33966e-03 2.29767e-03 2.25101e-03 2.19895e-03 2.14045e-03 2.08139e-03 2.03664e-03 2.01739e-03 2.02120e-03 2.03557e-03 2.04397e-03 2.03191e-03 1.99359e-03 1.93262e-03 1.85719e-03 1.77529e-03 1.69263e-03 1.61323e-03 1.53971e-03 1.47299e-03 1.41283e-03 1.35800e-03 1.30416e-03 1.24217e-03 1.17315e-03 1.11637e-03 1.07722e-03 1.04586e-03 1.01627e-03 9.87306e-04 9.58787e-04 9.30585e-04 9.03118e-04 8.77618e-04 8.55766e-04 8.37809e-04 8.20080e-04 7.95527e-04 7.59227e-04 7.14555e-04 6.72303e-04 6.40679e-04 6.17209e-04 5.95888e-04 5.74699e-04 5.53718e-04 5.33399e-04 5.14618e-04 4.98270e-04 4.84599e-04 4.72849e-04 4.61415e-04 4.48435e-04 4.32631e-04 4.14048e-04 3.93896e-04 3.73276e-04 3.52062e-04 3.29507e-04 3.05857e-04 2.82337e-04 2.59808e-04 2.38404e-04 2.17680e-04 1.97501e-04 1.78757e-04 1.62119e-04 1.47548e-04 1.34799e-04 1.23336e-04 1.12711e-04 1.02993e-04 9.41513e-05 8.56595e-05 7.69321e-05 6.78546e-05 5.89179e-05 5.07192e-05 4.35155e-05 3.72435e-05 3.17113e-05 2.67394e-05 2.22209e-05 1.81127e-05 1.43930e-05 1.10255e-05 7.94785e-06 5.11660e-06 2.68452e-06 1.01713e-06 2.42579e-07 3.12210e-08 1.86391e-09 2.84768e-11
4.895290 1.61354e-03 6.59351e-03 1.29840e-02 1.71834e-02 1.79137e-02 1.68114e-02 1.53919e-02 1.41056e-02 1.31486e-02 1.26719e-02 1.25426e-02 1.24483e-02 1.21630e-02 1.16493e-02 1.10181e-02 1.04199e-02 9.92932e-03 9.53977e-03 9.22949e-03 8.99106e-03 8.81825e-03 8.69539e-03 8.59908e-03 8.50450e-03 8.39407e-03 8.26371e-03 8.11842e-03 7.95220e-03 7.74299e-03 7.49613e-03 7.26442e-03 7.08196e-03 6.93926e-03 6.82990e-03 6.75420e-03 6.70080e-03 6.65360e-03 6.60322e-03 6.54690e-03 6.49985e-03 6.49499e-03 6.53856e-03 6.59099e-03 6.61477e-03 6.60163e-03 6.55657e-03 6.48298e-03 6.37725e-03 6.24439e-03 6.11506e-03 6.01795e-03 5.95008e-03 5.89318e-03 5.83925e-03 5.78111e-03 5.71966e-03 5.68271e-03 5.68571e-03 5.71335e-03 5.74856e-03 5.78016e-03 5.79845e-03 5.79568e-03 5.77256e-03 5.73814e-03 5.69941e-03 5.65762e-03 5.61284e-03 5.56565e-03 5.51654e-03 5.46677e-03 5.41814e-03 5.37111e-03 5.32498e-03 5.28008e-03 5.23839e-03 5.20231e-03 5.17317e-03 5.15066e-03 5.13299e-03 5.11764e-03 5.10226e-03 5.08535e-03 5.06641e-03 5.04576e-03 5.02421e-03 5.00272e-03 4.98214e-03 4.96299e-03 4.94529e-03 4.92862e-03 4.91232e-03 4.89570e-03 4.87834e-03 4.86006e-03 4.84070e-03 4.81983e-03 4.79654e-03 4.76948e-03 4.73694e-03 4.69779e-03 4.65309e-03 4.60567e-03 4.55730e-03 4.50758e-03 4.45589e-03 4.40219e-03 4.34636e-03 4.28835e-03 4.22862e-03 4.16816e-03 4.10817e-03 4.04948e-03 3.99211e-03 3.93562e-03 3.88038e-03 3.82862e-03 3.78202e-03 3.73887e-03 3.69728e-03 3.65950e-03 3.62771e-03 3.60022e-03 3.57521e-03 3.55282e-03 3.53340e-03 3.51647e-03 3.50032e-03 3.48212e-03 3.45876e-03 3.42823e-03 3.39013e-03 3.34528e-03 3.29495e-03 3.24062e-03 3.18444e-03 3.12970e-03 3.08024e-03 3.03908e-03 3.00659e-03 2.98187e-03 2.96770e-03 2.95938e-03 2.93147e-03 2.87310e-03 2.80535e-03 2.74383e-03 2.68875e-03 2.63726e-03 2.58848e-03 2.54518e-03 2.51440e-03 2.50455e-03 2.51901e-03 2.55308e-03 2.59559e-03 2.62775e-03 2.62906e-03 2.59083e-03 2.52068e-03 2.43776e-03 2.36200e-03 2.30268e-03 2.25670e-03 2.21476e-03 2.16767e-03 2.11347e-03 2.06011e-03 2.01416e-03 1.96775e-03 1.91290e-03 1.86598e-03 1.85079e-03 1.86596e-03 1.88784e-03 1.89392e-03 1.87629e-03 1.83915e-03 1.78895e-03 1.72882e-03 1.66073e-03 1.58797e-03 1.51422e-03 1.44267e-03 1.37558e-03 1.31210e-03 1.24642e-03 1.17489e-03 1.10877e-03 1.05934e-03 1.02214e-03 9.89931e-04 9.59652e-04 9.30026e-04 9.00410e-04 8.70912e-04 8.42578e-04 8.17122e-04 7.94980e-04 7.72996e-04 7.45610e-04 7.10183e-04 6.70648e-04 6.33249e-04 6.01950e-04 5.77913e-04 5.58369e-04 5.39777e-04 5.21134e-04 5.03276e-04 4.87261e-04 4.73604e-04 4.62005e-04 4.51256e-04 4.39610e-04 4.25930e-04 4.10624e-04 3.94677e-04 3.77787e-04 3.58583e-04 3.36452e-04 3.12142e-04 2.87149e-04 2.63371e-04 2.42157e-04 2.23195e-04 2.05154e-04 1.87463e-04 1.70741e-04 1.55539e-04 1.41879e-04 1.29522e-04 1.18173e-04 1.07783e-04 9.82842e-05 8.93387e-05 8.04720e-05 7.13132e-05 6.21670e-05 5.37393e-05 4.64074e-05 4.01324e-05 3.47075e-05 2.99264e-05 2.56449e-05 2.17689e-05 1.82028e-05 1.48120e-05 1.14229e-05 7.90642e-06 4.47604e-06 1.83053e-06 4.65770e-07 6.06535e-08 3.12529e-09 3.78473e-11
4.995194 1.57749e-03 7.83463e-03 1.53171e-02 1.81525e-02 1.73383e-02 1.57695e-02 1.44963e-02 1.37429e-02 1.33874e-02 1.30916e-02 1.26390e-02 1.20365e-02 1.13654e-02 1.06956e-02 1.00982e-02 9.61876e-03 9.25080e-03 8.96977e-03 8.75711e-03 8.59867e-03 8.48518e-03 8.40894e-03 8.35814e-03 8.31826e-03 8.27836e-03 8.23037e-03 8.16057e-03 8.04718e-03 7.87535e-03 7.65617e-03 7.42906e-03 7.23688e-03 7.09094e-03 6.97808e-03 6.88873e-03 6.81618e-03 6.75613e-03 6.72455e-03 6.74276e-03 6.79501e-03 6.84514e-03 6.87729e-03 6.88642e-03 6.86332e-03 6.80002e-03 6.70421e-03 6.60052e-03 6.49971e-03 6.39298e-03 6.28190e-03 6.16850e-03 6.05648e-03 5.98171e-03 5.96207e-03 5.97674e-03 5.99213e-03 5.98211e-03 5.93970e-03 5.87636e-03 5.81034e-03 5.75105e-03 5.69852e-03 5.65090e-03 5.60764e-03 5.56911e-03 5.53550e-03 5.50547e-03 5.47643e-03 5.44696e-03 5.41778e-03 5.38984e-03 5.36289e-03 5.33626e-03 5.31004e-03 5.28515e-03 5.26268e-03 5.24317e-03 5.22646e-03 5.21185e-03 5.19841e-03 5.18520e-03 5.17151e-03 5.15703e-03 5.14187e-03 5.12663e-03 5.11206e-03 5.09860e-03 5.08586e-03 5.07261e-03 5.05734e-03 5.03903e-03 5.01766e-03 4.99408e-03 4.96948e-03 4.94462e-03 4.91937e-03 4.89283e-03 4.86380e-03 4.83106e-03 4.79350e-03 4.75095e-03 4.70489e-03 4.65717e-03 4.60823e-03 4.55782e-03 4.50596e-03 4.45250e-03 4.39729e-03 4.34084e-03 4.28428e-03 4.22867e-03 4.17427e-03 4.12059e-03 4.06703e-03 4.01349e-03 3.96027e-03 3.90761e-03 3.85580e-03 3.80513e-03 3.75564e-03 3.70731e-03 3.66010e-03 3.61427e-03 3.57080e-03 3.53068e-03 3.49542e-03 3.46678e-03 3.44512e-03 3.42925e-03 3.41732e-03 3.40686e-03 3.39445e-03 3.37618e-03 3.34895e-03 3.31153e-03 3.26476e-03 3.21119e-03 3.15467e-03 3.09975e-03 3.04984e-03 3.00614e-03 2.97239e-03 2.95641e-03 2.94455e-03 2.89824e-03 2.81405e-03 2.72498e-03 2.64734e-03 2.57858e-03 2.51443e-03 2.45349e-03 2.39767e-03 2.35339e-03 2.33159e-03 2.34225e-03 2.38177e-03 2.43144e-03 2.47407e-03 2.49432e-03 2.47678e-03 2.42242e-03 2.35028e-03 2.27909e-03 2.21577e-03 2.16059e-03 2.11321e-03 2.07212e-03 2.03185e-03 1.98252e-03 1.91942e-03 1.85492e-03 1.80529e-03 1.76877e-03 1.73718e-03 1.71527e-03 1.71063e-03 1.71683e-03 1.71800e-03 1.70449e-03 1.67635e-03 1.63676e-03 1.58881e-03 1.53533e-03 1.47842e-03 1.41943e-03 1.35913e-03 1.29700e-03 1.23088e-03 1.16038e-03 1.09286e-03 1.03713e-03 9.92771e-04 9.55245e-04 9.21401e-04 8.89478e-04 8.58709e-04 8.29163e-04 8.01646e-04 7.77126e-04 7.54623e-04 7.29786e-04 6.99241e-04 6.64727e-04 6.28963e-04 5.93922e-04 5.62208e-04 5.36014e-04 5.15049e-04 4.97160e-04 4.81087e-04 4.66948e-04 4.54872e-04 4.44186e-04 4.33654e-04 4.22342e-04 4.10234e-04 3.97603e-04 3.83992e-04 3.68239e-04 3.49343e-04 3.27351e-04 3.03333e-04 2.79020e-04 2.56439e-04 2.36865e-04 2.20071e-04 2.04722e-04 1.89571e-04 1.74339e-04 1.59494e-04 1.45560e-04 1.32780e-04 1.21135e-04 1.10488e-04 1.00557e-04 9.11598e-05 8.22606e-05 7.33808e-05 6.43708e-05 5.59104e-05 4.85823e-05 4.24277e-05 3.72202e-05 3.27165e-05 2.87357e-05 2.51425e-05 2.17836e-05 1.84416e-05 1.48389e-05 1.07464e-05 6.38831e-06 2.74993e-06 7.33400e-07 9.76281e-08 4.69584e-09 4.77880e-11
5.095098 1.58739e-03 8.51599e-03 1.61050e-02 1.79084e-02 1.65223e-02 1.51307e-02 1.43515e-02 1.38652e-02 1.33125e-02 1.26164e-02 1.18736e-02 1.11637e-02 1.05116e-02 9.93199e-03 9.45238e-03 9.08526e-03 8.81751e-03 8.62097e-03 8.46592e-03 8.33642e-03 8.23247e-03 8.15750e-03 8.10799e-03 8.07847e-03 8.07074e-03 8.08494e-03 8.10054e-03 8.08270e-03 8.00982e-03 7.88460e-03 7.72252e-03 7.54042e-03 7.35816e-03 7.20086e-03 7.09370e-03 7.05671e-03 7.08486e-03 7.13878e-03 7.18559e-03 7.21565e-03 7.21731e-03 7.17306e-03 7.08168e-03 6.96738e-03 6.85192e-03 6.73101e-03 6.59738e-03 6.47144e-03 6.40356e-03 6.40462e-03 6.42102e-03 6.39496e-03 6.31174e-03 6.19166e-03 6.06399e-03 5.94974e-03 5.85419e-03 5.77588e-03 5.71355e-03 5.66608e-03 5.63182e-03 5.60855e-03 5.59329e-03 5.58195e-03 5.57008e-03 5.55498e-03 5.53659e-03 5.51685e-03 5.49872e-03 5.48397e-03 5.47172e-03 5.45979e-03 5.44615e-03 5.42914e-03 5.40796e-03 5.38314e-03 5.35652e-03 5.33056e-03 5.30745e-03 5.28855e-03 5.27426e-03 5.26416e-03 5.25723e-03 5.25193e-03 5.24642e-03 5.23893e-03 5.22800e-03 5.21252e-03 5.19180e-03 5.16596e-03 5.13607e-03 5.10406e-03 5.07191e-03 5.04081e-03 5.01076e-03 4.98074e-03 4.94942e-03 4.91567e-03 4.87856e-03 4.83734e-03 4.79221e-03 4.74443e-03 4.69503e-03 4.64431e-03 4.59249e-03 4.53957e-03 4.48533e-03 4.43005e-03 4.37456e-03 4.31971e-03 4.26578e-03 4.21259e-03 4.15990e-03 4.10779e-03 4.05636e-03 4.00552e-03 3.95496e-03 3.90436e-03 3.85343e-03 3.80199e-03 3.74990e-03 3.69734e-03 3.64524e-03 3.59554e-03 3.55076e-03 3.51267e-03 3.48073e-03 3.45314e-03 3.42894e-03 3.40800e-03 3.39006e-03 3.37409e-03 3.35841e-03 3.34121e-03 3.32090e-03 3.29577e-03 3.26415e-03 3.22532e-03 3.18061e-03 3.13321e-03 3.08667e-03 3.04401e-03 3.01172e-03 2.99878e-03 2.98761e-03 2.92980e-03 2.81633e-03 2.68870e-03 2.57662e-03 2.48463e-03 2.40967e-03 2.34984e-03 2.30662e-03 2.28215e-03 2.27347e-03 2.27095e-03 2.26921e-03 2.27840e-03 2.30811e-03 2.33109e-03 2.30955e-03 2.25563e-03 2.19963e-03 2.14698e-03 2.09312e-03 2.04050e-03 1.99617e-03 1.96366e-03 1.93947e-03 1.91600e-03 1.88640e-03 1.84759e-03 1.80159e-03 1.75310e-03 1.70516e-03 1.65955e-03 1.61938e-03 1.58754e-03 1.56333e-03 1.54325e-03 1.52402e-03 1.50245e-03 1.47564e-03 1.44244e-03 1.40368e-03 1.36125e-03 1.31655e-03 1.26929e-03 1.21772e-03 1.16074e-03 1.10103e-03 1.04450e-03 9.94578e-04 9.51108e-04 9.12728e-04 8.77901e-04 8.45427e-04 8.14910e-04 7.86814e-04 7.61505e-04 7.38171e-04 7.14765e-04 6.87511e-04 6.54369e-04 6.18744e-04 5.84405e-04 5.52191e-04 5.22982e-04 4.98654e-04 4.79467e-04 4.63872e-04 4.50483e-04 4.38661e-04 4.27979e-04 4.17787e-04 4.07159e-04 3.95170e-04 3.80900e-04 3.63473e-04 3.42835e-04 3.20039e-04 2.96399e-04 2.73277e-04 2.52191e-04 2.34136e-04 2.18903e-04 2.05239e-04 1.91759e-04 1.77774e-04 1.63445e-04 1.49431e-04 1.36373e-04 1.24566e-04 1.13950e-04 1.04015e-04 9.43068e-05 8.52451e-05 7.68280e-05 6.83304e-05 5.99252e-05 5.24231e-05 4.61701e-05 4.09999e-05 3.66157e-05 3.27773e-05 2.93050e-05 2.60027e-05 2.25898e-05 1.86990e-05 1.39930e-05 8.65024e-06 3.89116e-06 1.08296e-06 1.48086e-07 6.88837e-09 6.13159e-11
5.195002 1.66274e-03 8.25888e-03 1.52758e-02 1.70900e-02 1.61489e-02 1.51140e-02 1.42714e-02 1.34662e-02 1.26681e-02 1.18947e-02 1.11797e-02 1.05500e-02 1.00083e-02 9.55334e-03 9.18700e-03 8.90381e-03 8.68990e-03 8.51894e-03 8.36963e-03 8.23843e-03 8.13334e-03 8.05784e-03 8.00425e-03 7.96954e-03 7.96658e-03 8.00205e-03 8.05235e-03 8.08034e-03 8.06927e-03 8.02286e-03 7.95157e-03 7.87354e-03 7.81115e-03 7.77612e-03 7.75421e-03 7.72204e-03 7.67385e-03 7.61250e-03 7.52847e-03 7.40959e-03 7.26897e-03 7.13133e-03 6.99537e-03 6.85399e-03 6.74799e-03 6.73575e-03 6.78972e-03 6.81358e-03 6.74910e-03 6.61240e-03 6.44362e-03 6.28306e-03 6.15408e-03 6.05478e-03 5.97486e-03 5.90874e-03 5.85465e-03 5.81106e-03 5.77604e-03 5.74778e-03 5.72454e-03 5.70496e-03 5.68852e-03 5.67459e-03 5.66229e-03 5.65176e-03 5.64348e-03 5.63706e-03 5.63110e-03 5.62394e-03 5.61414e-03 5.60000e-03 5.57924e-03 5.55075e-03 5.51654e-03 5.48098e-03 5.44834e-03 5.42136e-03 5.40107e-03 5.38718e-03 5.37826e-03 5.37212e-03 5.36629e-03 5.35871e-03 5.34807e-03 5.33353e-03 5.31427e-03 5.28942e-03 5.25867e-03 5.22305e-03 5.18483e-03 5.14661e-03 5.11016e-03 5.07577e-03 5.04251e-03 5.00899e-03 4.97404e-03 4.93684e-03 4.89667e-03 4.85304e-03 4.80623e-03 4.75717e-03 4.70660e-03 4.65505e-03 4.60275e-03 4.54941e-03 4.49495e-03 4.43989e-03 4.38500e-03 4.33082e-03 4.27758e-03 4.22528e-03 4.17382e-03 4.12293e-03 4.07215e-03 4.02093e-03 3.96891e-03 3.91609e-03 3.86283e-03 3.80966e-03 3.75724e-03 3.70660e-03 3.65942e-03 3.61746e-03 3.58123e-03 3.54932e-03 3.51964e-03 3.49061e-03 3.46089e-03 3.42931e-03 3.39571e-03 3.36124e-03 3.32768e-03 3.29643e-03 3.26823e-03 3.24366e-03 3.22322e-03 3.20677e-03 3.19300e-03 3.17950e-03 3.16306e-03 3.14040e-03 3.11009e-03 3.07814e-03 3.05590e-03 3.02890e-03 2.95139e-03 2.81536e-03 2.66473e-03 2.53462e-03 2.43325e-03 2.35865e-03 2.30726e-03 2.27101e-03 2.23682e-03 2.19805e-03 2.15938e-03 2.13396e-03 2.14644e-03 2.18429e-03 2.18049e-03 2.12275e-03 2.05473e-03 1.99752e-03 1.94932e-03 1.90641e-03 1.86786e-03 1.83458e-03 1.80704e-03 1.78488e-03 1.76807e-03 1.75565e-03 1.74334e-03 1.72534e-03 1.69887e-03 1.66576e-03 1.63010e-03 1.59464e-03 1.55875e-03 1.51958e-03 1.47580e-03 1.42981e-03 1.38580e-03 1.34715e-03 1.31542e-03 1.28947e-03 1.26597e-03 1.24153e-03 1.21374e-03 1.18094e-03 1.14233e-03 1.09879e-03 1.05288e-03 1.00689e-03 9.62025e-04 9.19433e-04 8.80130e-04 8.44281e-04 8.11409e-04 7.81231e-04 7.54609e-04 7.32242e-04 7.11366e-04 6.87827e-04 6.59559e-04 6.26976e-04 5.92510e-04 5.58746e-04 5.27376e-04 4.99988e-04 4.77528e-04 4.59239e-04 4.43760e-04 4.30318e-04 4.18330e-04 4.06795e-04 3.94244e-04 3.79174e-04 3.60840e-04 3.39708e-04 3.16991e-04 2.93962e-04 2.71914e-04 2.52111e-04 2.35209e-04 2.20827e-04 2.07717e-04 1.94539e-04 1.80626e-04 1.66161e-04 1.51882e-04 1.38579e-04 1.26626e-04 1.16045e-04 1.06489e-04 9.71077e-05 8.80155e-05 8.00331e-05 7.26157e-05 6.49918e-05 5.76156e-05 5.12414e-05 4.60298e-05 4.17134e-05 3.79658e-05 3.45267e-05 3.11488e-05 2.75056e-05 2.31708e-05 1.77297e-05 1.12978e-05 5.27560e-06 1.52547e-06 2.14447e-07 9.82901e-09 7.89967e-11
5.294905 1.80537e-03 7.91969e-03 1.45483e-02 1.69297e-02 1.63016e-02 1.49936e-02 1.38132e-02 1.28871e-02 1.21220e-02 1.14419e-02 1.08416e-02 1.03317e-02 9.90554e-03 9.55046e-03 9.24450e-03 8.97388e-03 8.74216e-03 8.54760e-03 8.38637e-03 8.26029e-03 8.16958e-03 8.10054e-03 8.03484e-03 7.98038e-03 7.97090e-03 8.01741e-03 8.08700e-03 8.14503e-03 8.19367e-03 8.25871e-03 8.34526e-03 8.41939e-03 8.43297e-03 8.36410e-03 8.22526e-03 8.03412e-03 7.81629e-03 7.61167e-03 7.43873e-03 7.28685e-03 7.14454e-03 7.05390e-03 7.05529e-03 7.08257e-03 7.04062e-03 6.92970e-03 6.80126e-03 6.67630e-03 6.56222e-03 6.45775e-03 6.36337e-03 6.28509e-03 6.22071e-03 6.15983e-03 6.09576e-03 6.03046e-03 5.97080e-03 5.92208e-03 5.88472e-03 5.85511e-03 5.82885e-03 5.80410e-03 5.78149e-03 5.76216e-03 5.74708e-03 5.73675e-03 5.73073e-03 5.72702e-03 5.72208e-03 5.71187e-03 5.69389e-03 5.66851e-03 5.63814e-03 5.60545e-03 5.57272e-03 5.54199e-03 5.51497e-03 5.49227e-03 5.47326e-03 5.45664e-03 5.44122e-03 5.42638e-03 5.41180e-03 5.39693e-03 5.38050e-03 5.36067e-03 5.33554e-03 5.30402e-03 5.26677e-03 5.22622e-03 5.18551e-03 5.14696e-03 5.11125e-03 5.07754e-03 5.04431e-03 5.01012e-03 4.97400e-03 4.93531e-03 4.89346e-03 4.84817e-03 4.79982e-03 4.74928e-03 4.69756e-03 4.64534e-03 4.59251e-03 4.53872e-03 4.48423e-03 4.42971e-03 4.37578e-03 4.32259e-03 4.26984e-03 4.21683e-03 4.16259e-03 4.10633e-03 4.04803e-03 3.98881e-03 3.93062e-03 3.87520e-03 3.82332e-03 3.77502e-03 3.73041e-03 3.69002e-03 3.65400e-03 3.62085e-03 3.58746e-03 3.55081e-03 3.50960e-03 3.46439e-03 3.41707e-03 3.37032e-03 3.32640e-03 3.28607e-03 3.24923e-03 3.21607e-03 3.18709e-03 3.16285e-03 3.14419e-03 3.13243e-03 3.12867e-03 3.13274e-03 3.14220e-03 3.15134e-03 3.15147e-03 3.13517e-03 3.10554e-03 3.07393e-03 3.02936e-03 2.93771e-03 2.79939e-03 2.65447e-03 2.53334e-03 2.44209e-03 2.37320e-03 2.31319e-03 2.25117e-03 2.18763e-03 2.13354e-03 2.10147e-03 2.08962e-03 2.07373e-03 2.03255e-03 1.97191e-03 1.90996e-03 1.85713e-03 1.81420e-03 1.77642e-03 1.73933e-03 1.70334e-03 1.67077e-03 1.64151e-03 1.61433e-03 1.58954e-03 1.56966e-03 1.55733e-03 1.55190e-03 1.54818e-03 1.53946e-03 1.52223e-03 1.49768e-03 1.46905e-03 1.43875e-03 1.40726e-03 1.37385e-03 1.33798e-03 1.30057e-03 1.26385e-03 1.22994e-03 1.19979e-03 1.17301e-03 1.14805e-03 1.12291e-03 1.09607e-03 1.06661e-03 1.03422e-03 9.99348e-04 9.62513e-04 9.24031e-04 8.84704e-04 8.45720e-04 8.08338e-04 7.74530e-04 7.46078e-04 7.23016e-04 7.04050e-04 6.85877e-04 6.63770e-04 6.34466e-04 5.98656e-04 5.61042e-04 5.26782e-04 4.98207e-04 4.74904e-04 4.55290e-04 4.38046e-04 4.22562e-04 4.08182e-04 3.93610e-04 3.77387e-04 3.58742e-04 3.37925e-04 3.15956e-04 2.94190e-04 2.73934e-04 2.56014e-04 2.40491e-04 2.26661e-04 2.13341e-04 1.99479e-04 1.84705e-04 1.69393e-04 1.54383e-04 1.40549e-04 1.28268e-04 1.17436e-04 1.07947e-04 9.91397e-05 9.04329e-05 8.26407e-05 7.61395e-05 6.99213e-05 6.34467e-05 5.72970e-05 5.20949e-05 4.78716e-05 4.42864e-05 4.09443e-05 3.74795e-05 3.34948e-05 2.85280e-05 2.21474e-05 1.44426e-05 6.96176e-06 2.08340e-06 3.00840e-07 1.37204e-08 1.01836e-10
5.394809 1.98157e-03 8.04736e-03 1.46545e-02 1.71915e-02 1.63286e-02 1.47387e-02 1.35200e-02 1.26830e-02 1.20173e-02 1.14278e-02 1.09089e-02 1.04611e-02 1.00737e-02 9.73836e-03 9.43087e-03 9.13056e-03 8.84730e-03 8.60445e-03 8.42046e-03 8.30228e-03 8.23452e-03 8.18073e-03 8.11831e-03 8.07283e-03 8.08813e-03 8.15896e-03 8.24130e-03 8.31902e-03 8.39947e-03 8.46770e-03 8.49070e-03 8.45523e-03 8.37697e-03 8.27170e-03 8.14065e-03 7.98687e-03 7.80742e-03 7.60629e-03 7.44226e-03 7.36398e-03 7.34061e-03 7.29769e-03 7.18528e-03 7.03066e-03 6.89034e-03 6.79605e-03 6.73378e-03 6.68123e-03 6.62151e-03 6.54447e-03 6.45678e-03 6.37314e-03 6.30064e-03 6.23730e-03 6.17734e-03 6.11788e-03 6.06101e-03 6.01001e-03 5.96530e-03 5.92463e-03 5.88637e-03 5.85150e-03 5.82257e-03 5.80157e-03 5.78843e-03 5.78071e-03 5.77477e-03 5.76755e-03 5.75666e-03 5.73957e-03 5.71471e-03 5.68362e-03 5.65064e-03 5.62025e-03 5.59467e-03 5.57331e-03 5.55393e-03 5.53436e-03 5.51365e-03 5.49207e-03 5.47037e-03 5.44902e-03 5.42790e-03 5.40637e-03 5.38328e-03 5.35706e-03 5.32610e-03 5.28987e-03 5.24972e-03 5.20842e-03 5.16868e-03 5.13185e-03 5.09759e-03 5.06452e-03 5.03113e-03 4.99621e-03 4.95895e-03 4.91875e-03 4.87505e-03 4.82764e-03 4.77705e-03 4.72452e-03 4.67161e-03 4.61911e-03 4.56680e-03 4.51430e-03 4.46153e-03 4.40831e-03 4.35386e-03 4.29676e-03 4.23558e-03 4.17015e-03 4.10252e-03 4.03654e-03 3.97581e-03 3.92199e-03 3.87460e-03 3.83209e-03 3.79273e-03 3.75476e-03 3.71631e-03 3.67547e-03 3.63073e-03 3.58139e-03 3.52805e-03 3.47231e-03 3.41605e-03 3.36091e-03 3.30798e-03 3.25786e-03 3.21108e-03 3.16859e-03 3.13110e-03 3.09833e-03 3.06966e-03 3.04502e-03 3.02481e-03 3.00992e-03 3.00168e-03 3.00095e-03 3.00717e-03 3.01813e-03 3.02992e-03 3.03724e-03 3.03458e-03 3.02045e-03 2.99746e-03 2.95718e-03 2.88133e-03 2.77665e-03 2.67424e-03 2.59045e-03 2.51774e-03 2.44428e-03 2.36780e-03 2.29476e-03 2.23115e-03 2.17424e-03 2.11551e-03 2.05022e-03 1.98030e-03 1.91117e-03 1.84733e-03 1.78972e-03 1.73822e-03 1.69470e-03 1.66076e-03 1.63321e-03 1.60381e-03 1.56510e-03 1.51837e-03 1.47290e-03 1.43671e-03 1.41207e-03 1.39753e-03 1.38965e-03 1.38396e-03 1.37685e-03 1.36759e-03 1.35719e-03 1.34548e-03 1.33092e-03 1.31284e-03 1.29194e-03 1.26877e-03 1.24329e-03 1.21560e-03 1.18664e-03 1.15782e-03 1.13011e-03 1.10352e-03 1.07729e-03 1.05048e-03 1.02239e-03 9.92950e-04 9.62688e-04 9.32272e-04 9.02264e-04 8.72877e-04 8.43809e-04 8.14723e-04 7.85739e-04 7.57816e-04 7.31992e-04 7.06680e-04 6.77559e-04 6.42853e-04 6.06604e-04 5.73491e-04 5.44406e-04 5.18303e-04 4.94383e-04 4.72277e-04 4.51841e-04 4.33025e-04 4.15547e-04 3.98589e-04 3.80985e-04 3.61861e-04 3.41163e-04 3.19731e-04 2.98901e-04 2.79811e-04 2.62930e-04 2.48027e-04 2.34307e-04 2.20702e-04 2.06355e-04 1.91025e-04 1.75114e-04 1.59456e-04 1.44980e-04 1.32174e-04 1.20902e-04 1.11010e-04 1.02270e-04 9.40677e-05 8.65304e-05 8.03046e-05 7.50583e-05 6.98463e-05 6.44521e-05 5.94451e-05 5.52798e-05 5.18541e-05 4.87003e-05 4.52536e-05 4.09487e-05 3.52429e-05 2.77091e-05 1.84551e-05 9.17651e-06 2.84357e-06 4.22438e-07 1.92920e-08 1.33902e-10
5.494713 2.16196e-03 8.40908e-03 1.49355e-02 1.73381e-02 1.64695e-02 1.50403e-02 1.39908e-02 1.32174e-02 1.25327e-02 1.18988e-02 1.13349e-02 1.08416e-02 1.04078e-02 1.00232e-02 9.66512e-03 9.31474e-03 8.98481e-03 8.71602e-03 8.53617e-03 8.43549e-03 8.38045e-03 8.33905e-03 8.29888e-03 8.26801e-03 8.25567e-03 8.26296e-03 8.29433e-03 8.34252e-03 8.37552e-03 8.36863e-03 8.32548e-03 8.26143e-03 8.19460e-03 8.14143e-03 8.08782e-03 8.01408e-03 7.93677e-03 7.85236e-03 7.72166e-03 7.54086e-03 7.36594e-03 7.22781e-03 7.10823e-03 7.01155e-03 6.93812e-03 6.87198e-03 6.80684e-03 6.74127e-03 6.66751e-03 6.58201e-03 6.49283e-03 6.41063e-03 6.33865e-03 6.27441e-03 6.21384e-03 6.15328e-03 6.09262e-03 6.03433e-03 5.97967e-03 5.92925e-03 5.88553e-03 5.85207e-03 5.83123e-03 5.82302e-03 5.82356e-03 5.82362e-03 5.81231e-03 5.78464e-03 5.74436e-03 5.69997e-03 5.65931e-03 5.62675e-03 5.60266e-03 5.58463e-03 5.56926e-03 5.55380e-03 5.53682e-03 5.51804e-03 5.49780e-03 5.47650e-03 5.45440e-03 5.43146e-03 5.40742e-03 5.38170e-03 5.35344e-03 5.32171e-03 5.28604e-03 5.24702e-03 5.20642e-03 5.16647e-03 5.12866e-03 5.09302e-03 5.05836e-03 5.02320e-03 4.98649e-03 4.94776e-03 4.90688e-03 4.86370e-03 4.81804e-03 4.76986e-03 4.71978e-03 4.66927e-03 4.61972e-03 4.57116e-03 4.52219e-03 4.47085e-03 4.41480e-03 4.35184e-03 4.28149e-03 4.20650e-03 4.13239e-03 4.06484e-03 4.00692e-03 3.95846e-03 3.91726e-03 3.88023e-03 3.84383e-03 3.80453e-03 3.75979e-03 3.70908e-03 3.65384e-03 3.59621e-03 3.53782e-03 3.47934e-03 3.42083e-03 3.36223e-03 3.30386e-03 3.24656e-03 3.19149e-03 3.13969e-03 3.09178e-03 3.04798e-03 3.00852e-03 2.97371e-03 2.94332e-03 2.91645e-03 2.89245e-03 2.87140e-03 2.85418e-03 2.84198e-03 2.83515e-03 2.83283e-03 2.83348e-03 2.83508e-03 2.83498e-03 2.83041e-03 2.82111e-03 2.80847e-03 2.78544e-03 2.73766e-03 2.66703e-03 2.59471e-03 2.53469e-03 2.48362e-03 2.43373e-03 2.38138e-03 2.32449e-03 2.26120e-03 2.19073e-03 2.11270e-03 2.02798e-03 1.94106e-03 1.85895e-03 1.78607e-03 1.72136e-03 1.66191e-03 1.60769e-03 1.56065e-03 1.52185e-03 1.49116e-03 1.46708e-03 1.44416e-03 1.41394e-03 1.37320e-03 1.32831e-03 1.28814e-03 1.25690e-03 1.23457e-03 1.22048e-03 1.21420e-03 1.21308e-03 1.21272e-03 1.21030e-03 1.20528e-03 1.19796e-03 1.18823e-03 1.17489e-03 1.15624e-03 1.13138e-03 1.10135e-03 1.06886e-03 1.03669e-03 1.00637e-03 9.78101e-04 9.51505e-04 9.26171e-04 9.01905e-04 8.78678e-04 8.56513e-04 8.35649e-04 8.16628e-04 7.99574e-04 7.82521e-04 7.60097e-04 7.26302e-04 6.82266e-04 6.37946e-04 6.01678e-04 5.73392e-04 5.49132e-04 5.26166e-04 5.03843e-04 4.82518e-04 4.62549e-04 4.43958e-04 4.26378e-04 4.09041e-04 3.91019e-04 3.71690e-04 3.51147e-04 3.30204e-04 3.09910e-04 2.90998e-04 2.73734e-04 2.57975e-04 2.43220e-04 2.28754e-04 2.13952e-04 1.98544e-04 1.82708e-04 1.67033e-04 1.52320e-04 1.39148e-04 1.27515e-04 1.17151e-04 1.07960e-04 9.97879e-05 9.25108e-05 8.63147e-05 8.12270e-05 7.67205e-05 7.21987e-05 6.76635e-05 6.35642e-05 6.01394e-05 5.70956e-05 5.37433e-05 4.92575e-05 4.28941e-05 3.41757e-05 2.32456e-05 1.19316e-05 3.83669e-06 5.88343e-07 2.71038e-08 1.78817e-10
5.594617 2.32557e-03 8.48690e-03 1.47070e-02 1.73758e-02 1.70615e-02 1.60014e-02 1.50536e-02 1.42016e-02 1.33734e-02 1.25986e-02 1.19078e-02 1.12942e-02 1.07520e-02 1.02853e-02 9.88674e-03 9.53507e-03 9.21406e-03 8.94049e-03 8.74464e-03 8.62440e-03 8.54953e-03 8.49335e-03 8.44428e-03 8.40595e-03 8.38865e-03 8.38624e-03 8.37605e-03 8.35107e-03 8.32568e-03 8.31069e-03 8.30557e-03 8.29773e-03 8.26634e-03 8.21332e-03 8.15311e-03 8.07806e-03 7.97234e-03 7.83856e-03 7.68873e-03 7.53393e-03 7.38649e-03 7.26074e-03 7.15648e-03 7.06569e-03 6.98679e-03 6.92035e-03 6.86093e-03 6.79491e-03 6.71155e-03 6.61352e-03 6.51449e-03 6.42469e-03 6.34610e-03 6.27641e-03 6.21202e-03 6.15024e-03 6.09112e-03 6.03708e-03 5.99103e-03 5.95572e-03 5.93247e-03 5.91771e-03 5.90314e-03 5.88116e-03 5.84862e-03 5.80638e-03 5.75780e-03 5.70732e-03 5.65928e-03 5.61694e-03 5.58197e-03 5.55444e-03 5.53315e-03 5.51627e-03 5.50194e-03 5.48861e-03 5.47509e-03 5.46045e-03 5.44407e-03 5.42575e-03 5.40572e-03 5.38428e-03 5.36138e-03 5.33646e-03 5.30882e-03 5.27791e-03 5.24356e-03 5.20605e-03 5.16622e-03 5.12527e-03 5.08413e-03 5.04305e-03 5.00185e-03 4.96044e-03 4.91905e-03 4.87786e-03 4.83669e-03 4.79506e-03 4.75234e-03 4.70819e-03 4.66294e-03 4.61730e-03 4.57077e-03 4.52043e-03 4.46248e-03 4.39510e-03 4.32031e-03 4.24366e-03 4.17178e-03 4.10930e-03 4.05736e-03 4.01398e-03 3.97536e-03 3.93709e-03 3.89521e-03 3.84720e-03 3.79269e-03 3.73326e-03 3.67152e-03 3.60993e-03 3.55006e-03 3.49237e-03 3.43635e-03 3.38091e-03 3.32485e-03 3.26747e-03 3.20897e-03 3.15055e-03 3.09390e-03 3.04046e-03 2.99102e-03 2.94560e-03 2.90371e-03 2.86476e-03 2.82834e-03 2.79415e-03 2.76194e-03 2.73207e-03 2.70583e-03 2.68477e-03 2.66925e-03 2.65772e-03 2.64789e-03 2.63846e-03 2.62920e-03 2.61985e-03 2.60980e-03 2.60055e-03 2.59561e-03 2.59203e-03 2.57710e-03 2.54209e-03 2.49168e-03 2.43549e-03 2.37840e-03 2.32025e-03 2.25897e-03 2.19228e-03 2.11955e-03 2.04373e-03 1.97022e-03 1.90316e-03 1.84361e-03 1.78986e-03 1.73803e-03 1.68332e-03 1.62312e-03 1.55984e-03 1.49958e-03 1.44763e-03 1.40564e-03 1.37242e-03 1.34550e-03 1.32172e-03 1.29711e-03 1.26773e-03 1.23215e-03 1.19309e-03 1.15626e-03 1.12652e-03 1.10557e-03 1.09344e-03 1.08949e-03 1.09077e-03 1.09288e-03 1.09310e-03 1.09085e-03 1.08574e-03 1.07636e-03 1.06070e-03 1.03744e-03 1.00716e-03 9.72549e-04 9.37161e-04 9.03747e-04 8.73662e-04 8.47468e-04 8.25619e-04 8.08568e-04 7.96440e-04 7.88223e-04 7.80089e-04 7.64923e-04 7.36713e-04 6.96923e-04 6.53739e-04 6.14393e-04 5.81146e-04 5.53494e-04 5.30480e-04 5.11005e-04 4.93578e-04 4.76431e-04 4.58404e-04 4.39730e-04 4.21513e-04 4.04514e-04 3.88532e-04 3.72759e-04 3.56509e-04 3.39614e-04 3.22313e-04 3.05004e-04 2.88067e-04 2.71709e-04 2.55881e-04 2.40344e-04 2.24798e-04 2.09037e-04 1.93098e-04 1.77357e-04 1.62441e-04 1.48904e-04 1.36836e-04 1.25950e-04 1.16122e-04 1.07512e-04 1.00171e-04 9.39527e-05 8.86946e-05 8.41553e-05 7.99418e-05 7.57958e-05 7.18425e-05 6.83421e-05 6.52293e-05 6.19072e-05 5.73824e-05 5.06211e-05 4.09584e-05 2.84989e-05 1.51318e-05 5.06647e-06 8.05530e-07 3.77003e-08 2.39871e-10
5.694521 2.43854e-03 8.31124e-03 1.42746e-02 1.74649e-02 1.77717e-02 1.69942e-02 1.60439e-02 1.50533e-02 1.40516e-02 1.31171e-02 1.22953e-02 1.15877e-02 1.09886e-02 1.04876e-02 1.00705e-02 9.72235e-03 9.42121e-03 9.15964e-03 8.95746e-03 8.82201e-03 8.73244e-03 8.67309e-03 8.64438e-03 8.63586e-03 8.61761e-03 8.57076e-03 8.50072e-03 8.42259e-03 8.35531e-03 8.30996e-03 8.28224e-03 8.26160e-03 8.22887e-03 8.15993e-03 8.05150e-03 7.92669e-03 7.80440e-03 7.68744e-03 7.57425e-03 7.46324e-03 7.35889e-03 7.27061e-03 7.19687e-03 7.12432e-03 7.05095e-03 6.98426e-03 6.91947e-03 6.84116e-03 6.74100e-03 6.62821e-03 6.51918e-03 6.42493e-03 6.34953e-03 6.29126e-03 6.24432e-03 6.20287e-03 6.16287e-03 6.12101e-03 6.07555e-03 6.02725e-03 5.97847e-03 5.93066e-03 5.88281e-03 5.83283e-03 5.77986e-03 5.72516e-03 5.67119e-03 5.62037e-03 5.57440e-03 5.53426e-03 5.50032e-03 5.47270e-03 5.45121e-03 5.43519e-03 5.42345e-03 5.41435e-03 5.40608e-03 5.39700e-03 5.38614e-03 5.37331e-03 5.35878e-03 5.34274e-03 5.32511e-03 5.30577e-03 5.28441e-03 5.26012e-03 5.23119e-03 5.19584e-03 5.15363e-03 5.10610e-03 5.05596e-03 5.00589e-03 4.95775e-03 4.91270e-03 4.87122e-03 4.83300e-03 4.79703e-03 4.76177e-03 4.72519e-03 4.68485e-03 4.63846e-03 4.58453e-03 4.52227e-03 4.45229e-03 4.37800e-03 4.30520e-03 4.23968e-03 4.18472e-03 4.13985e-03 4.10125e-03 4.06357e-03 4.02209e-03 3.97416e-03 3.91950e-03 3.85948e-03 3.79616e-03 3.73163e-03 3.66761e-03 3.60532e-03 3.54554e-03 3.48855e-03 3.43420e-03 3.38184e-03 3.33037e-03 3.27842e-03 3.22475e-03 3.16884e-03 3.11134e-03 3.05391e-03 2.99827e-03 2.94532e-03 2.89508e-03 2.84714e-03 2.80097e-03 2.75630e-03 2.71339e-03 2.67302e-03 2.63621e-03 2.60387e-03 2.57663e-03 2.55407e-03 2.53431e-03 2.51500e-03 2.49509e-03 2.47485e-03 2.45462e-03 2.43413e-03 2.41333e-03 2.39466e-03 2.38410e-03 2.38622e-03 2.39548e-03 2.39710e-03 2.37897e-03 2.33972e-03 2.28540e-03 2.22196e-03 2.15225e-03 2.07707e-03 1.99771e-03 1.91745e-03 1.83998e-03 1.76759e-03 1.70135e-03 1.64173e-03 1.58861e-03 1.54160e-03 1.50093e-03 1.46766e-03 1.44270e-03 1.42510e-03 1.40984e-03 1.38714e-03 1.34844e-03 1.29617e-03 1.24237e-03 1.19621e-03 1.15909e-03 1.12995e-03 1.10879e-03 1.09429e-03 1.08145e-03 1.06474e-03 1.04373e-03 1.02344e-03 1.00937e-03 1.00291e-03 1.00116e-03 1.00012e-03 9.96894e-04 9.89489e-04 9.76475e-04 9.57058e-04 9.31160e-04 9.00060e-04 8.66947e-04 8.35848e-04 8.09757e-04 7.89535e-04 7.73507e-04 7.57539e-04 7.36951e-04 7.10132e-04 6.79758e-04 6.49553e-04 6.21119e-04 5.94136e-04 5.67810e-04 5.41604e-04 5.15629e-04 4.90773e-04 4.68211e-04 4.48656e-04 4.31873e-04 4.16674e-04 4.01615e-04 3.85956e-04 3.69867e-04 3.53885e-04 3.38504e-04 3.24138e-04 3.11102e-04 2.99439e-04 2.88754e-04 2.78315e-04 2.67355e-04 2.55337e-04 2.42005e-04 2.27370e-04 2.11735e-04 1.95698e-04 1.79999e-04 1.65241e-04 1.51705e-04 1.39425e-04 1.28437e-04 1.18875e-04 1.10789e-04 1.03996e-04 9.81987e-05 9.31325e-05 8.85395e-05 8.41901e-05 8.00515e-05 7.62729e-05 7.28708e-05 6.94000e-05 6.48654e-05 5.79857e-05 4.77712e-05 3.41221e-05 1.88284e-05 6.60534e-06 1.09645e-06 5.25735e-08 3.27382e-10
5.794425 2.50685e-03 8.28844e-03 1.42184e-02 1.77608e-02 1.84620e-02 1.78185e-02 1.67356e-02 1.55376e-02 1.43961e-02 1.33929e-02 1.25241e-02 1.17684e-02 1.11235e-02 1.05929e-02 1.01832e-02 9.88876e-03 9.66665e-03 9.46406e-03 9.28030e-03 9.15201e-03 9.08884e-03 9.05250e-03 8.98505e-03 8.86474e-03 8.72162e-03 8.59370e-03 8.49467e-03 8.41724e-03 8.35307e-03 8.30159e-03 8.25487e-03 8.19286e-03 8.10624e-03 8.00801e-03 7.91199e-03 7.81807e-03 7.72064e-03 7.62228e-03 7.53083e-03 7.44826e-03 7.37098e-03 7.29825e-03 7.23271e-03 7.17382e-03 7.11890e-03 7.06473e-03 7.00171e-03 6.91766e-03 6.81238e-03 6.70114e-03 6.60126e-03 6.52039e-03 6.45598e-03 6.39950e-03 6.34206e-03 6.27947e-03 6.21319e-03 6.14688e-03 6.08306e-03 6.02122e-03 5.95909e-03 5.89527e-03 5.83001e-03 5.76483e-03 5.70202e-03 5.64378e-03 5.59138e-03 5.54497e-03 5.50405e-03 5.46814e-03 5.43735e-03 5.41232e-03 5.39348e-03 5.38035e-03 5.37144e-03 5.36481e-03 5.35880e-03 5.35248e-03 5.34568e-03 5.33850e-03 5.33083e-03 5.32233e-03 5.31243e-03 5.30004e-03 5.28322e-03 5.25949e-03 5.22692e-03 5.18527e-03 5.13646e-03 5.08391e-03 5.03118e-03 4.98077e-03 4.93399e-03 4.89131e-03 4.85255e-03 4.81653e-03 4.78089e-03 4.74222e-03 4.69663e-03 4.64110e-03 4.57572e-03 4.50432e-03 4.43257e-03 4.36562e-03 4.30690e-03 4.25713e-03 4.21390e-03 4.17278e-03 4.12953e-03 4.08177e-03 4.02913e-03 3.97250e-03 3.91314e-03 3.85219e-03 3.79060e-03 3.72908e-03 3.66818e-03 3.60830e-03 3.54981e-03 3.49314e-03 3.43873e-03 3.38694e-03 3.33772e-03 3.29042e-03 3.24369e-03 3.19576e-03 3.14513e-03 3.09158e-03 3.03627e-03 2.98071e-03 2.92579e-03 2.87175e-03 2.81876e-03 2.76713e-03 2.71726e-03 2.66978e-03 2.62557e-03 2.58544e-03 2.54959e-03 2.51758e-03 2.48855e-03 2.46115e-03 2.43405e-03 2.40674e-03 2.37924e-03 2.35079e-03 2.31920e-03 2.28174e-03 2.23815e-03 2.19446e-03 2.16264e-03 2.15300e-03 2.16553e-03 2.18661e-03 2.19359e-03 2.16982e-03 2.11856e-03 2.05439e-03 1.98532e-03 1.91246e-03 1.83850e-03 1.76915e-03 1.70788e-03 1.65307e-03 1.60128e-03 1.55126e-03 1.50421e-03 1.46149e-03 1.42310e-03 1.38775e-03 1.35404e-03 1.32166e-03 1.29149e-03 1.26510e-03 1.24481e-03 1.23392e-03 1.23452e-03 1.24044e-03 1.23202e-03 1.18952e-03 1.11879e-03 1.04958e-03 1.00510e-03 9.87831e-04 9.89409e-04 9.98479e-04 1.00231e-03 9.92996e-04 9.74075e-04 9.55604e-04 9.43432e-04 9.36038e-04 9.28451e-04 9.16625e-04 8.99365e-04 8.77143e-04 8.50629e-04 8.20993e-04 7.89355e-04 7.55495e-04 7.19275e-04 6.82933e-04 6.49764e-04 6.21196e-04 5.96366e-04 5.73580e-04 5.51466e-04 5.29445e-04 5.07754e-04 4.87001e-04 4.67652e-04 4.49864e-04 4.33421e-04 4.17720e-04 4.01952e-04 3.85410e-04 3.67776e-04 3.49257e-04 3.30535e-04 3.12510e-04 2.95951e-04 2.81349e-04 2.68952e-04 2.58791e-04 2.50657e-04 2.44084e-04 2.38385e-04 2.32699e-04 2.26069e-04 2.17635e-04 2.06980e-04 1.94396e-04 1.80764e-04 1.67109e-04 1.54187e-04 1.42376e-04 1.31822e-04 1.22595e-04 1.14666e-04 1.07848e-04 1.01863e-04 9.64403e-05 9.13622e-05 8.65455e-05 8.20723e-05 7.79951e-05 7.40088e-05 6.92349e-05 6.23244e-05 5.20228e-05 3.79560e-05 2.16505e-05 7.92472e-06 1.37046e-06 6.74875e-08 4.17670e-10
5.894329 2.52945e-03 8.34726e-03 1.43075e-02 1.79655e-02 1.88357e-02 1.81870e-02 1.69410e-02 1.56179e-02 1.44270e-02 1.33784e-02 1.24688e-02 1.17346e-02 1.11841e-02 1.07725e-02 1.04535e-02 1.02043e-02 9.99734e-03 9.80136e-03 9.61874e-03 9.46491e-03 9.32341e-03 9.17217e-03 9.01259e-03 8.85409e-03 8.70557e-03 8.57598e-03 8.47136e-03 8.39131e-03 8.32627e-03 8.26477e-03 8.20011e-03 8.12729e-03 8.04335e-03 7.95623e-03 7.87328e-03 7.78978e-03 7.70421e-03 7.61941e-03 7.53983e-03 7.46912e-03 7.40755e-03 7.35397e-03 7.30810e-03 7.26921e-03 7.23374e-03 7.19489e-03 7.14169e-03 7.06410e-03 6.96311e-03 6.84937e-03 6.73278e-03 6.61964e-03 6.51555e-03 6.42475e-03 6.34752e-03 6.28013e-03 6.21681e-03 6.15257e-03 6.08461e-03 6.01166e-03 5.93458e-03 5.85676e-03 5.78216e-03 5.71350e-03 5.65211e-03 5.59827e-03 5.55145e-03 5.51049e-03 5.47422e-03 5.44220e-03 5.41507e-03 5.39390e-03 5.37891e-03 5.36890e-03 5.36194e-03 5.35649e-03 5.35195e-03 5.34845e-03 5.34617e-03 5.34478e-03 5.34334e-03 5.34015e-03 5.33279e-03 5.31859e-03 5.29553e-03 5.26301e-03 5.22186e-03 5.17403e-03 5.12219e-03 5.06919e-03 5.01743e-03 4.96827e-03 4.92191e-03 4.87765e-03 4.83398e-03 4.78881e-03 4.74012e-03 4.68644e-03 4.62701e-03 4.56229e-03 4.49513e-03 4.43020e-03 4.37106e-03 4.31804e-03 4.26894e-03 4.22079e-03 4.17139e-03 4.11990e-03 4.06641e-03 4.01140e-03 3.95536e-03 3.89866e-03 3.84162e-03 3.78453e-03 3.72756e-03 3.67077e-03 3.61413e-03 3.55766e-03 3.50162e-03 3.44659e-03 3.39333e-03 3.34258e-03 3.29480e-03 3.24990e-03 3.20710e-03 3.16489e-03 3.12144e-03 3.07552e-03 3.02725e-03 2.97749e-03 2.92681e-03 2.87538e-03 2.82353e-03 2.77209e-03 2.72215e-03 2.67476e-03 2.63058e-03 2.58964e-03 2.55138e-03 2.51520e-03 2.48092e-03 2.44823e-03 2.41614e-03 2.38341e-03 2.34884e-03 2.31111e-03 2.26920e-03 2.22324e-03 2.17390e-03 2.12113e-03 2.06531e-03 2.01007e-03 1.96244e-03 1.93010e-03 1.91893e-03 1.92912e-03 1.94450e-03 1.93444e-03 1.88950e-03 1.83113e-03 1.77258e-03 1.71199e-03 1.65210e-03 1.59965e-03 1.55617e-03 1.51781e-03 1.48057e-03 1.44327e-03 1.40677e-03 1.37213e-03 1.33978e-03 1.30950e-03 1.28055e-03 1.25224e-03 1.22482e-03 1.19947e-03 1.17734e-03 1.15905e-03 1.14484e-03 1.13529e-03 1.13215e-03 1.13834e-03 1.15209e-03 1.15721e-03 1.12845e-03 1.05931e-03 9.80269e-04 9.33868e-04 9.32537e-04 9.54745e-04 9.72894e-04 9.72087e-04 9.53940e-04 9.30398e-04 9.10166e-04 8.91256e-04 8.67825e-04 8.38368e-04 8.03857e-04 7.64134e-04 7.19734e-04 6.73947e-04 6.31217e-04 5.94428e-04 5.63962e-04 5.38568e-04 5.16677e-04 4.97124e-04 4.79177e-04 4.62385e-04 4.46509e-04 4.31428e-04 4.16954e-04 4.02682e-04 3.88097e-04 3.72798e-04 3.56602e-04 3.39581e-04 3.22058e-04 3.04532e-04 2.87559e-04 2.71607e-04 2.56984e-04 2.43876e-04 2.32433e-04 2.22727e-04 2.14561e-04 2.07400e-04 2.00601e-04 1.93751e-04 1.86808e-04 1.79963e-04 1.73366e-04 1.66920e-04 1.60299e-04 1.53137e-04 1.45279e-04 1.36914e-04 1.28495e-04 1.20468e-04 1.13060e-04 1.06273e-04 9.99913e-05 9.40990e-05 8.85672e-05 8.34045e-05 7.84187e-05 7.29227e-05 6.56601e-05 5.52389e-05 4.10054e-05 2.41166e-05 9.20679e-06 1.66158e-06 8.44690e-08 5.28459e-10
5.994233 2.47503e-03 8.28231e-03 1.42198e-02 1.78570e-02 1.87466e-02 1.80447e-02 1.67360e-02 1.53637e-02 1.41381e-02 1.31417e-02 1.24166e-02 1.19203e-02 1.15291e-02 1.11489e-02 1.07829e-02 1.04711e-02 1.02131e-02 9.98003e-03 9.75222e-03 9.51763e-03 9.28679e-03 9.08761e-03 8.92365e-03 8.78163e-03 8.65971e-03 8.56137e-03 8.48337e-03 8.41853e-03 8.36081e-03 8.30180e-03 8.22876e-03 8.13887e-03 8.04957e-03 7.97382e-03 7.90237e-03 7.82734e-03 7.75219e-03 7.68528e-03 7.63239e-03 7.59118e-03 7.55523e-03 7.52079e-03 7.48786e-03 7.45589e-03 7.41972e-03 7.36982e-03 7.29643e-03 7.19642e-03 7.07657e-03 6.94675e-03 6.81274e-03 6.67868e-03 6.55274e-03 6.44635e-03 6.36597e-03 6.30616e-03 6.25264e-03 6.19246e-03 6.12007e-03 6.03693e-03 5.94897e-03 5.86354e-03 5.78619e-03 5.71917e-03 5.66211e-03 5.61345e-03 5.57137e-03 5.53421e-03 5.50100e-03 5.47187e-03 5.44787e-03 5.42971e-03 5.41675e-03 5.40753e-03 5.40093e-03 5.39650e-03 5.39386e-03 5.39233e-03 5.39100e-03 5.38876e-03 5.38412e-03 5.37518e-03 5.36005e-03 5.33733e-03 5.30651e-03 5.26801e-03 5.22293e-03 5.17273e-03 5.11893e-03 5.06305e-03 5.00623e-03 4.94906e-03 4.89174e-03 4.83448e-03 4.77768e-03 4.72177e-03 4.66685e-03 4.61232e-03 4.55668e-03 4.49814e-03 4.43652e-03 4.37393e-03 4.31312e-03 4.25542e-03 4.20061e-03 4.14771e-03 4.09575e-03 4.04403e-03 3.99210e-03 3.93980e-03 3.88714e-03 3.83427e-03 3.78136e-03 3.72839e-03 3.67509e-03 3.62115e-03 3.56644e-03 3.51124e-03 3.45619e-03 3.40211e-03 3.34977e-03 3.29970e-03 3.25219e-03 3.20736e-03 3.16514e-03 3.12519e-03 3.08672e-03 3.04850e-03 3.00948e-03 2.96916e-03 2.92743e-03 2.88414e-03 2.83939e-03 2.79391e-03 2.74902e-03 2.70604e-03 2.66559e-03 2.62722e-03 2.58967e-03 2.55205e-03 2.51469e-03 2.47818e-03 2.44215e-03 2.40546e-03 2.36702e-03 2.32578e-03 2.28054e-03 2.23014e-03 2.17425e-03 2.11410e-03 2.05214e-03 1.99027e-03 1.92809e-03 1.86372e-03 1.79778e-03 1.73679e-03 1.69206e-03 1.67409e-03 1.68438e-03 1.70636e-03 1.70802e-03 1.67475e-03 1.62404e-03 1.57297e-03 1.52700e-03 1.48876e-03 1.45647e-03 1.42445e-03 1.38848e-03 1.34868e-03 1.30852e-03 1.27225e-03 1.24289e-03 1.22133e-03 1.20601e-03 1.19361e-03 1.18105e-03 1.16736e-03 1.15346e-03 1.14097e-03 1.13087e-03 1.12260e-03 1.11395e-03 1.10302e-03 1.09160e-03 1.08639e-03 1.09258e-03 1.10301e-03 1.09909e-03 1.06468e-03 9.99748e-04 9.29747e-04 8.89974e-04 8.87079e-04 8.97359e-04 8.98734e-04 8.84652e-04 8.57576e-04 8.21748e-04 7.82015e-04 7.43557e-04 7.07945e-04 6.71864e-04 6.31894e-04 5.88860e-04 5.47071e-04 5.10594e-04 4.80860e-04 4.57008e-04 4.37315e-04 4.20190e-04 4.04497e-04 3.89522e-04 3.74838e-04 3.60175e-04 3.45375e-04 3.30373e-04 3.15222e-04 3.00149e-04 2.85486e-04 2.71481e-04 2.58263e-04 2.45927e-04 2.34528e-04 2.23963e-04 2.14059e-04 2.04645e-04 1.95429e-04 1.86029e-04 1.76279e-04 1.66467e-04 1.57274e-04 1.49479e-04 1.43642e-04 1.39877e-04 1.37785e-04 1.36536e-04 1.35086e-04 1.32536e-04 1.28426e-04 1.22806e-04 1.16099e-04 1.08895e-04 1.01743e-04 9.49865e-05 8.87029e-05 8.26631e-05 7.62324e-05 6.82820e-05 5.74662e-05 4.30321e-05 2.58562e-05 1.02092e-05 1.91038e-06 1.00052e-07 6.40448e-10
6.094136 2.28280e-03 7.89585e-03 1.37804e-02 1.73118e-02 1.81436e-02 1.74603e-02 1.61912e-02 1.49106e-02 1.38847e-02 1.31518e-02 1.26324e-02 1.21934e-02 1.17341e-02 1.12635e-02 1.08610e-02 1.05706e-02 1.03210e-02 1.00139e-02 9.67575e-03 9.38139e-03 9.15199e-03 8.97759e-03 8.84209e-03 8.73513e-03 8.65556e-03 8.59933e-03 8.55359e-03 8.50510e-03 8.45036e-03 8.38995e-03 8.32055e-03 8.24650e-03 8.17119e-03 8.09267e-03 8.02246e-03 7.96806e-03 7.92354e-03 7.88283e-03 7.84442e-03 7.80657e-03 7.76678e-03 7.72488e-03 7.68182e-03 7.63520e-03 7.57821e-03 7.50375e-03 7.40968e-03 7.30045e-03 7.18285e-03 7.05891e-03 6.92477e-03 6.77989e-03 6.63626e-03 6.51435e-03 6.42837e-03 6.37446e-03 6.33243e-03 6.27973e-03 6.20539e-03 6.11328e-03 6.01548e-03 5.92370e-03 5.84448e-03 5.77885e-03 5.72468e-03 5.67903e-03 5.63944e-03 5.60444e-03 5.57361e-03 5.54725e-03 5.52553e-03 5.50805e-03 5.49449e-03 5.48501e-03 5.47929e-03 5.47583e-03 5.47243e-03 5.46703e-03 5.45792e-03 5.44388e-03 5.42448e-03 5.40008e-03 5.37159e-03 5.33994e-03 5.30547e-03 5.26756e-03 5.22485e-03 5.17598e-03 5.12035e-03 5.05855e-03 4.99223e-03 4.92379e-03 4.85595e-03 4.79096e-03 4.72961e-03 4.67134e-03 4.61497e-03 4.55908e-03 4.50167e-03 4.44067e-03 4.37607e-03 4.31094e-03 4.24922e-03 4.19277e-03 4.14090e-03 4.09172e-03 4.04350e-03 3.99517e-03 3.94626e-03 3.89673e-03 3.84681e-03 3.79675e-03 3.74649e-03 3.69556e-03 3.64334e-03 3.58959e-03 3.53463e-03 3.47922e-03 3.42429e-03 3.37066e-03 3.31894e-03 3.26949e-03 3.22239e-03 3.17761e-03 3.13515e-03 3.09521e-03 3.05804e-03 3.02365e-03 2.99158e-03 2.96074e-03 2.92982e-03 2.89768e-03 2.86387e-03 2.82868e-03 2.79292e-03 2.75733e-03 2.72212e-03 2.68670e-03 2.64986e-03 2.61089e-03 2.57049e-03 2.52960e-03 2.48778e-03 2.44373e-03 2.39677e-03 2.34699e-03 2.29464e-03 2.23991e-03 2.18317e-03 2.12501e-03 2.06557e-03 2.00404e-03 1.93915e-03 1.87119e-03 1.80282e-03 1.73625e-03 1.67093e-03 1.60648e-03 1.54896e-03 1.51024e-03 1.49653e-03 1.50307e-03 1.52257e-03 1.54248e-03 1.53675e-03 1.49590e-03 1.44448e-03 1.40279e-03 1.37010e-03 1.34028e-03 1.31000e-03 1.27863e-03 1.24780e-03 1.22051e-03 1.19931e-03 1.18459e-03 1.17427e-03 1.16488e-03 1.15366e-03 1.14025e-03 1.12632e-03 1.11385e-03 1.10369e-03 1.09525e-03 1.08730e-03 1.07862e-03 1.06785e-03 1.05408e-03 1.03914e-03 1.02764e-03 1.02193e-03 1.01871e-03 1.01088e-03 9.87976e-04 9.40486e-04 8.77289e-04 8.25872e-04 8.00742e-04 7.89686e-04 7.75189e-04 7.50052e-04 7.14648e-04 6.73302e-04 6.32689e-04 5.97151e-04 5.65636e-04 5.34506e-04 5.02000e-04 4.69454e-04 4.39301e-04 4.12934e-04 3.90295e-04 3.70600e-04 3.53003e-04 3.36851e-04 3.21709e-04 3.07290e-04 2.93387e-04 2.79880e-04 2.66816e-04 2.54346e-04 2.42552e-04 2.31509e-04 2.21376e-04 2.12206e-04 2.03725e-04 1.95392e-04 1.86609e-04 1.76947e-04 1.66350e-04 1.55243e-04 1.44432e-04 1.34800e-04 1.26990e-04 1.21254e-04 1.17471e-04 1.15251e-04 1.14112e-04 1.13612e-04 1.13330e-04 1.12724e-04 1.11124e-04 1.07978e-04 1.03195e-04 9.72299e-05 9.07527e-05 8.41359e-05 7.70939e-05 6.86421e-05 5.75105e-05 4.30334e-05 2.60675e-05 1.04899e-05 2.00835e-06 1.07435e-07 7.06572e-10
6.194040 1.99393e-03 7.19361e-03 1.28813e-02 1.62889e-02 1.71245e-02 1.65959e-02 1.55726e-02 1.45536e-02 1.37625e-02 1.31945e-02 1.26838e-02 1.20989e-02 1.15136e-02 1.10767e-02 1.07577e-02 1.04150e-02 1.00339e-02 9.67591e-03 9.37308e-03 9.13487e-03 8.95492e-03 8.82155e-03 8.73190e-03 8.68180e-03 8.65638e-03 8.63881e-03 8.62088e-03 8.60166e-03 8.57909e-03 8.54495e-03 8.49505e-03 8.42890e-03 8.35140e-03 8.28239e-03 8.23238e-03 8.19204e-03 8.14896e-03 8.10006e-03 8.04751e-03 7.99281e-03 7.93781e-03 7.88489e-03 7.83321e-03 7.77715e-03 7.70979e-03 7.62804e-03 7.53432e-03 7.43437e-03 7.33086e-03 7.21841e-03 7.08984e-03 6.94480e-03 6.79276e-03 6.65203e-03 6.54314e-03 6.47515e-03 6.43505e-03 6.39480e-03 6.33226e-03 6.24460e-03 6.14427e-03 6.04662e-03 5.96134e-03 5.89100e-03 5.83383e-03 5.78679e-03 5.74723e-03 5.71326e-03 5.68323e-03 5.65559e-03 5.62990e-03 5.60782e-03 5.59166e-03 5.58132e-03 5.57388e-03 5.56559e-03 5.55354e-03 5.53610e-03 5.51280e-03 5.48408e-03 5.45101e-03 5.41510e-03 5.37782e-03 5.33996e-03 5.30142e-03 5.26139e-03 5.21869e-03 5.17207e-03 5.12051e-03 5.06364e-03 5.00191e-03 4.93652e-03 4.86916e-03 4.80153e-03 4.73477e-03 4.66963e-03 4.60684e-03 4.54656e-03 4.48742e-03 4.42680e-03 4.36336e-03 4.29923e-03 4.23842e-03 4.18306e-03 4.13231e-03 4.08406e-03 4.03667e-03 3.98937e-03 3.94201e-03 3.89479e-03 3.84795e-03 3.80130e-03 3.75393e-03 3.70459e-03 3.65260e-03 3.59835e-03 3.54295e-03 3.48759e-03 3.43307e-03 3.37988e-03 3.32846e-03 3.27924e-03 3.23261e-03 3.18896e-03 3.14858e-03 3.11174e-03 3.07860e-03 3.04910e-03 3.02282e-03 2.99885e-03 2.97578e-03 2.95200e-03 2.92634e-03 2.89852e-03 2.86905e-03 2.83857e-03 2.80708e-03 2.77349e-03 2.73567e-03 2.69192e-03 2.64279e-03 2.59067e-03 2.53710e-03 2.48211e-03 2.42538e-03 2.36705e-03 2.30772e-03 2.24835e-03 2.19013e-03 2.13340e-03 2.07685e-03 2.01844e-03 1.95741e-03 1.89557e-03 1.83575e-03 1.77870e-03 1.72258e-03 1.66507e-03 1.60548e-03 1.54542e-03 1.48916e-03 1.44467e-03 1.41935e-03 1.41002e-03 1.40667e-03 1.40575e-03 1.40801e-03 1.40911e-03 1.39602e-03 1.36097e-03 1.32177e-03 1.29800e-03 1.28806e-03 1.28254e-03 1.27419e-03 1.25796e-03 1.23302e-03 1.20342e-03 1.17422e-03 1.14763e-03 1.12373e-03 1.10295e-03 1.08620e-03 1.07315e-03 1.06171e-03 1.04962e-03 1.03643e-03 1.02393e-03 1.01521e-03 1.01252e-03 1.01353e-03 1.01115e-03 9.99780e-04 9.80303e-04 9.57073e-04 9.32737e-04 9.06071e-04 8.70582e-04 8.17958e-04 7.53224e-04 6.98228e-04 6.65901e-04 6.46279e-04 6.24725e-04 5.96463e-04 5.63817e-04 5.30604e-04 4.99508e-04 4.71396e-04 4.45693e-04 4.21346e-04 3.97814e-04 3.75245e-04 3.53964e-04 3.34102e-04 3.15641e-04 2.98607e-04 2.83100e-04 2.69153e-04 2.56707e-04 2.45692e-04 2.36011e-04 2.27471e-04 2.19750e-04 2.12404e-04 2.04949e-04 1.96926e-04 1.87929e-04 1.77671e-04 1.66124e-04 1.53647e-04 1.40960e-04 1.28916e-04 1.18224e-04 1.09289e-04 1.02209e-04 9.68850e-05 9.31310e-05 9.07442e-05 8.94553e-05 8.88555e-05 8.85153e-05 8.81493e-05 8.74766e-05 8.60157e-05 8.32684e-05 7.90270e-05 7.32124e-05 6.53805e-05 5.46939e-05 4.07687e-05 2.46653e-05 9.98981e-06 1.93458e-06 1.04966e-07 7.11557e-10
6.293944 1.83073e-03 6.75028e-03 1.22877e-02 1.56523e-02 1.65576e-02 1.62304e-02 1.54676e-02 1.46624e-02 1.39521e-02 1.32956e-02 1.26207e-02 1.19646e-02 1.14130e-02 1.09282e-02 1.04574e-02 1.00245e-02 9.63438e-03 9.29161e-03 9.01161e-03 8.79933e-03 8.65918e-03 8.58450e-03 8.55697e-03 8.56156e-03 8.58402e-03 8.60955e-03 8.63184e-03 8.65291e-03 8.66885e-03 8.66835e-03 8.64041e-03 8.58880e-03 8.53196e-03 8.48183e-03 8.43672e-03 8.38704e-03 8.32672e-03 8.25911e-03 8.19081e-03 8.12596e-03 8.06634e-03 8.01122e-03 7.95620e-03 7.89492e-03 7.82328e-03 7.74206e-03 7.65535e-03 7.56494e-03 7.46709e-03 7.35690e-03 7.23218e-03 7.09480e-03 6.95023e-03 6.80710e-03 6.67832e-03 6.57822e-03 6.51308e-03 6.47146e-03 6.42813e-03 6.36263e-03 6.27338e-03 6.17392e-03 6.07947e-03 5.99832e-03 5.93194e-03 5.87849e-03 5.83455e-03 5.79546e-03 5.75702e-03 5.71887e-03 5.68518e-03 5.65972e-03 5.64112e-03 5.62404e-03 5.60353e-03 5.57771e-03 5.54716e-03 5.51321e-03 5.47694e-03 5.43938e-03 5.40178e-03 5.36516e-03 5.32925e-03 5.29225e-03 5.25205e-03 5.20771e-03 5.15944e-03 5.10796e-03 5.05427e-03 4.99957e-03 4.94473e-03 4.89002e-03 4.83514e-03 4.77939e-03 4.72208e-03 4.66350e-03 4.60519e-03 4.54852e-03 4.49269e-03 4.43444e-03 4.37123e-03 4.30495e-03 4.24074e-03 4.18203e-03 4.12855e-03 4.07839e-03 4.03009e-03 3.98307e-03 3.93727e-03 3.89293e-03 3.84992e-03 3.80705e-03 3.76225e-03 3.71393e-03 3.66224e-03 3.60880e-03 3.55538e-03 3.50298e-03 3.45199e-03 3.40269e-03 3.35552e-03 3.31098e-03 3.26949e-03 3.23126e-03 3.19633e-03 3.16463e-03 3.13600e-03 3.11010e-03 3.08626e-03 3.06358e-03 3.04106e-03 3.01797e-03 2.99399e-03 2.96898e-03 2.94256e-03 2.91393e-03 2.88193e-03 2.84506e-03 2.80151e-03 2.74991e-03 2.69109e-03 2.62817e-03 2.56379e-03 2.49850e-03 2.43206e-03 2.36490e-03 2.29861e-03 2.23553e-03 2.17731e-03 2.12292e-03 2.06900e-03 2.01284e-03 1.95475e-03 1.89772e-03 1.84471e-03 1.79632e-03 1.75100e-03 1.70641e-03 1.66062e-03 1.61289e-03 1.56393e-03 1.51508e-03 1.46727e-03 1.42256e-03 1.38705e-03 1.36654e-03 1.35708e-03 1.34967e-03 1.34036e-03 1.32519e-03 1.30308e-03 1.28867e-03 1.29332e-03 1.29599e-03 1.27654e-03 1.25369e-03 1.24595e-03 1.24755e-03 1.24704e-03 1.23581e-03 1.20969e-03 1.17165e-03 1.12877e-03 1.08731e-03 1.05255e-03 1.02954e-03 1.01963e-03 1.01645e-03 1.00937e-03 9.93436e-04 9.72789e-04 9.53251e-04 9.36719e-04 9.22630e-04 9.09875e-04 8.96140e-04 8.78424e-04 8.56128e-04 8.30788e-04 8.01727e-04 7.66064e-04 7.21533e-04 6.67856e-04 6.11770e-04 5.65882e-04 5.34012e-04 5.08228e-04 4.82054e-04 4.55398e-04 4.29957e-04 4.06441e-04 3.84828e-04 3.64886e-04 3.46278e-04 3.28727e-04 3.12192e-04 2.96881e-04 2.83082e-04 2.70960e-04 2.60438e-04 2.51214e-04 2.42833e-04 2.34816e-04 2.26762e-04 2.18356e-04 2.09293e-04 1.99199e-04 1.87695e-04 1.74656e-04 1.60420e-04 1.45721e-04 1.31447e-04 1.18358e-04 1.06897e-04 9.71458e-05 8.89366e-05 8.20254e-05 7.62165e-05 7.14036e-05 6.75693e-05 6.47649e-05 6.30106e-05 6.21167e-05 6.16965e-05 6.14513e-05 6.12076e-05 6.05140e-05 5.84358e-05 5.38349e-05 4.58026e-05 3.42732e-05 2.06442e-05 8.31533e-06 1.60592e-06 8.76884e-08 6.18901e-10
6.393848 1.81769e-03 6.66955e-03 1.21590e-02 1.55737e-02 1.66133e-02 1.64758e-02 1.58743e-02 1.50801e-02 1.42143e-02 1.34038e-02 1.27310e-02 1.21216e-02 1.14830e-02 1.08791e-02 1.03738e-02 9.93135e-03 9.51464e-03 9.13461e-03 8.84395e-03 8.66297e-03 8.55782e-03 8.50315e-03 8.48705e-03 8.48986e-03 8.49663e-03 8.51160e-03 8.54215e-03 8.57805e-03 8.59666e-03 8.58766e-03 8.56699e-03 8.55387e-03 8.55145e-03 8.55010e-03 8.53058e-03 8.47770e-03 8.39874e-03 8.31602e-03 8.24476e-03 8.18761e-03 8.14071e-03 8.09582e-03 8.04310e-03 7.97783e-03 7.90359e-03 7.82596e-03 7.74423e-03 7.65367e-03 7.55175e-03 7.44032e-03 7.32454e-03 7.20635e-03 7.08196e-03 6.94773e-03 6.80821e-03 6.67908e-03 6.57995e-03 6.51949e-03 6.48393e-03 6.44378e-03 6.37703e-03 6.28472e-03 6.18374e-03 6.09013e-03 6.01043e-03 5.94229e-03 5.87950e-03 5.81917e-03 5.76504e-03 5.72199e-03 5.68889e-03 5.65848e-03 5.62333e-03 5.58100e-03 5.53400e-03 5.48582e-03 5.43820e-03 5.39164e-03 5.34704e-03 5.30603e-03 5.26993e-03 5.23778e-03 5.20566e-03 5.16911e-03 5.12621e-03 5.07772e-03 5.02516e-03 4.97015e-03 4.91464e-03 4.86041e-03 4.80840e-03 4.75904e-03 4.71283e-03 4.67019e-03 4.63078e-03 4.59368e-03 4.55741e-03 4.51945e-03 4.47580e-03 4.42236e-03 4.35824e-03 4.28845e-03 4.22101e-03 4.16048e-03 4.10640e-03 4.05640e-03 4.00874e-03 3.96273e-03 3.91859e-03 3.87678e-03 3.83676e-03 3.79621e-03 3.75246e-03 3.70496e-03 3.65577e-03 3.60747e-03 3.56129e-03 3.51725e-03 3.47490e-03 3.43404e-03 3.39472e-03 3.35717e-03 3.32157e-03 3.28797e-03 3.25633e-03 3.22659e-03 3.19875e-03 3.17278e-03 3.14834e-03 3.12462e-03 3.10069e-03 3.07589e-03 3.05007e-03 3.02308e-03 2.99429e-03 2.96240e-03 2.92573e-03 2.88259e-03 2.83148e-03 2.77155e-03 2.70401e-03 2.63263e-03 2.56093e-03 2.48963e-03 2.41767e-03 2.34479e-03 2.27312e-03 2.20637e-03 2.14680e-03 2.09266e-03 2.04008e-03 1.98687e-03 1.93385e-03 1.88345e-03 1.83737e-03 1.79568e-03 1.75742e-03 1.72138e-03 1.68610e-03 1.64959e-03 1.61008e-03 1.56746e-03 1.52344e-03 1.47965e-03 1.43659e-03 1.39473e-03 1.35660e-03 1.32789e-03 1.31332e-03 1.30961e-03 1.30851e-03 1.30352e-03 1.28533e-03 1.24883e-03 1.20903e-03 1.18814e-03 1.19581e-03 1.22150e-03 1.23185e-03 1.21163e-03 1.19024e-03 1.18847e-03 1.19680e-03 1.19824e-03 1.17968e-03 1.13866e-03 1.08514e-03 1.03298e-03 9.90701e-04 9.58044e-04 9.30629e-04 9.06350e-04 8.85288e-04 8.66438e-04 8.47527e-04 8.27349e-04 8.06785e-04 7.87680e-04 7.70871e-04 7.54574e-04 7.34929e-04 7.10051e-04 6.81614e-04 6.48897e-04 6.08171e-04 5.60519e-04 5.13361e-04 4.74223e-04 4.44132e-04 4.18619e-04 3.94583e-04 3.72275e-04 3.52746e-04 3.36344e-04 3.22630e-04 3.10798e-04 3.00178e-04 2.90324e-04 2.80816e-04 2.71188e-04 2.61064e-04 2.50259e-04 2.38711e-04 2.26346e-04 2.13058e-04 1.98809e-04 1.83728e-04 1.68153e-04 1.52580e-04 1.37531e-04 1.23441e-04 1.10642e-04 9.93493e-05 8.96100e-05 8.12744e-05 7.40477e-05 6.76028e-05 6.16895e-05 5.61916e-05 5.11340e-05 4.66490e-05 4.29186e-05 4.01023e-05 3.82477e-05 3.72089e-05 3.66992e-05 3.64359e-05 3.59940e-05 3.44185e-05 3.03929e-05 2.32904e-05 1.41211e-05 5.65772e-06 1.08444e-06 5.98435e-08 4.56811e-10
6.493752 1.84848e-03 6.68088e-03 1.21477e-02 1.56589e-02 1.68215e-02 1.67562e-02 1.61383e-02 1.52548e-02 1.43265e-02 1.35213e-02 1.28336e-02 1.21766e-02 1.15586e-02 1.10051e-02 1.04836e-02 9.96285e-03 9.47316e-03 9.10816e-03 8.88851e-03 8.75959e-03 8.68510e-03 8.64057e-03 8.59678e-03 8.54855e-03 8.51578e-03 8.50712e-03 8.50599e-03 8.48960e-03 8.45503e-03 8.41934e-03 8.39859e-03 8.40235e-03 8.42777e-03 8.44972e-03 8.43123e-03 8.35872e-03 8.26061e-03 8.17615e-03 8.11976e-03 8.08337e-03 8.05363e-03 8.02128e-03 7.98393e-03 7.94409e-03 7.90084e-03 7.84563e-03 7.77142e-03 7.68082e-03 7.58360e-03 7.48713e-03 7.39075e-03 7.29119e-03 7.18752e-03 7.07838e-03 6.96130e-03 6.83778e-03 6.71796e-03 6.61897e-03 6.55321e-03 6.51264e-03 6.46963e-03 6.40156e-03 6.30989e-03 6.20895e-03 6.10647e-03 6.00459e-03 5.91039e-03 5.83280e-03 5.77221e-03 5.72052e-03 5.66965e-03 5.61647e-03 5.56152e-03 5.50549e-03 5.44747e-03 5.38668e-03 5.32465e-03 5.26472e-03 5.20988e-03 5.16161e-03 5.11941e-03 5.08043e-03 5.04035e-03 4.99665e-03 4.95034e-03 4.90344e-03 4.85662e-03 4.80945e-03 4.76132e-03 4.71174e-03 4.66078e-03 4.60999e-03 4.56249e-03 4.52134e-03 4.48769e-03 4.46081e-03 4.43898e-03 4.41951e-03 4.39811e-03 4.36914e-03 4.32837e-03 4.27694e-03 4.22056e-03 4.16410e-03 4.10945e-03 4.05720e-03 4.00738e-03 3.95974e-03 3.91448e-03 3.87215e-03 3.83196e-03 3.79150e-03 3.74932e-03 3.70691e-03 3.66660e-03 3.62913e-03 3.59367e-03 3.55912e-03 3.52482e-03 3.49061e-03 3.45660e-03 3.42300e-03 3.39009e-03 3.35823e-03 3.32783e-03 3.29911e-03 3.27193e-03 3.24578e-03 3.22007e-03 3.19430e-03 3.16808e-03 3.14104e-03 3.11287e-03 3.08314e-03 3.05096e-03 3.01479e-03 2.97264e-03 2.92275e-03 2.86415e-03 2.79690e-03 2.72279e-03 2.64579e-03 2.57009e-03 2.49712e-03 2.42535e-03 2.35306e-03 2.28102e-03 2.21235e-03 2.14912e-03 2.08973e-03 2.03171e-03 1.97528e-03 1.92284e-03 1.87654e-03 1.83690e-03 1.80322e-03 1.77432e-03 1.74821e-03 1.72197e-03 1.69296e-03 1.65980e-03 1.62171e-03 1.57807e-03 1.53016e-03 1.48164e-03 1.43626e-03 1.39555e-03 1.35907e-03 1.32614e-03 1.29764e-03 1.27694e-03 1.26856e-03 1.27328e-03 1.28608e-03 1.29856e-03 1.29680e-03 1.26864e-03 1.22346e-03 1.18187e-03 1.15257e-03 1.13586e-03 1.13470e-03 1.14924e-03 1.15797e-03 1.13772e-03 1.10987e-03 1.10255e-03 1.10536e-03 1.09440e-03 1.06005e-03 1.01064e-03 9.60645e-04 9.17596e-04 8.80496e-04 8.45849e-04 8.11951e-04 7.79016e-04 7.47851e-04 7.19297e-04 6.94048e-04 6.72447e-04 6.54483e-04 6.39641e-04 6.25853e-04 6.08299e-04 5.82258e-04 5.48688e-04 5.11569e-04 4.73454e-04 4.38117e-04 4.08264e-04 3.83127e-04 3.62097e-04 3.45600e-04 3.33176e-04 3.22761e-04 3.11761e-04 2.98644e-04 2.83395e-04 2.67101e-04 2.51024e-04 2.35557e-04 2.20251e-04 2.04560e-04 1.88315e-04 1.71761e-04 1.55368e-04 1.39640e-04 1.24999e-04 1.11740e-04 1.00031e-04 8.99224e-05 8.13146e-05 7.39559e-05 6.75066e-05 6.16282e-05 5.60654e-05 5.06839e-05 4.54403e-05 4.03332e-05 3.54227e-05 3.08690e-05 2.68902e-05 2.36720e-05 2.12979e-05 1.97056e-05 1.86797e-05 1.79239e-05 1.70538e-05 1.53925e-05 1.22021e-05 7.58936e-06 3.07025e-06 5.91720e-07 3.41758e-08 3.11077e-10
6.593656 1.88183e-03 6.79311e-03 1.24003e-02 1.59826e-02 1.70195e-02 1.67932e-02 1.61356e-02 1.53362e-02 1.45183e-02 1.37267e-02 1.29645e-02 1.22710e-02 1.16702e-02 1.11234e-02 1.05683e-02 1.00123e-02 9.56302e-03 9.26242e-03 9.06855e-03 8.94949e-03 8.86968e-03 8.78654e-03 8.69877e-03 8.63116e-03 8.58592e-03 8.54610e-03 8.50287e-03 8.46271e-03 8.43285e-03 8.41230e-03 8.39863e-03 8.39621e-03 8.40703e-03 8.40704e-03 8.35345e-03 8.23688e-03 8.10167e-03 7.99476e-03 7.92519e-03 7.87795e-03 7.84085e-03 7.81357e-03 7.79790e-03 7.78490e-03 7.75857e-03 7.71167e-03 7.65218e-03 7.59249e-03 7.53491e-03 7.47443e-03 7.41082e-03 7.34587e-03 7.27674e-03 7.19952e-03 7.11287e-03 7.01613e-03 6.90922e-03 6.79691e-03 6.69213e-03 6.61028e-03 6.55410e-03 6.50261e-03 6.42445e-03 6.30908e-03 6.17634e-03 6.05196e-03 5.94485e-03 5.85018e-03 5.76321e-03 5.68478e-03 5.61720e-03 5.55922e-03 5.50574e-03 5.45080e-03 5.39045e-03 5.32428e-03 5.25509e-03 5.18676e-03 5.12211e-03 5.06205e-03 5.00592e-03 4.95160e-03 4.89641e-03 4.83972e-03 4.78388e-03 4.73139e-03 4.68315e-03 4.63874e-03 4.59669e-03 4.55459e-03 4.51024e-03 4.46320e-03 4.41536e-03 4.37010e-03 4.33083e-03 4.30008e-03 4.27907e-03 4.26670e-03 4.25879e-03 4.24886e-03 4.23136e-03 4.20559e-03 4.17495e-03 4.14180e-03 4.10547e-03 4.06428e-03 4.01769e-03 3.96762e-03 3.91842e-03 3.87364e-03 3.83260e-03 3.79234e-03 3.75241e-03 3.71458e-03 3.67975e-03 3.64731e-03 3.61614e-03 3.58537e-03 3.55452e-03 3.52352e-03 3.49257e-03 3.46204e-03 3.43219e-03 3.40297e-03 3.37419e-03 3.34585e-03 3.31809e-03 3.29096e-03 3.26422e-03 3.23739e-03 3.20993e-03 3.18132e-03 3.15110e-03 3.11875e-03 3.08345e-03 3.04389e-03 2.99826e-03 2.94488e-03 2.88300e-03 2.81328e-03 2.73794e-03 2.66077e-03 2.58584e-03 2.51501e-03 2.44678e-03 2.37818e-03 2.30816e-03 2.23851e-03 2.17061e-03 2.10360e-03 2.03795e-03 1.97698e-03 1.92388e-03 1.87961e-03 1.84347e-03 1.81372e-03 1.78776e-03 1.76315e-03 1.73803e-03 1.70945e-03 1.67403e-03 1.63190e-03 1.58689e-03 1.54291e-03 1.50201e-03 1.46504e-03 1.43241e-03 1.40404e-03 1.37934e-03 1.35716e-03 1.33601e-03 1.31477e-03 1.29390e-03 1.27637e-03 1.26660e-03 1.26716e-03 1.27649e-03 1.28827e-03 1.28837e-03 1.26250e-03 1.21692e-03 1.17088e-03 1.13251e-03 1.09815e-03 1.06446e-03 1.03576e-03 1.02206e-03 1.02835e-03 1.03936e-03 1.02730e-03 9.99953e-04 9.89427e-04 9.89523e-04 9.71980e-04 9.29294e-04 8.74913e-04 8.24034e-04 7.82490e-04 7.48523e-04 7.18373e-04 6.89281e-04 6.60039e-04 6.30692e-04 6.02161e-04 5.75733e-04 5.52447e-04 5.32369e-04 5.13287e-04 4.89684e-04 4.57125e-04 4.21474e-04 3.93791e-04 3.72514e-04 3.48099e-04 3.21211e-04 2.99497e-04 2.84666e-04 2.72243e-04 2.58494e-04 2.42863e-04 2.25879e-04 2.07821e-04 1.89289e-04 1.71211e-04 1.54260e-04 1.38725e-04 1.24675e-04 1.12077e-04 1.00859e-04 9.09473e-05 8.22873e-05 7.48342e-05 6.85030e-05 6.31184e-05 5.83876e-05 5.39236e-05 4.93693e-05 4.45531e-05 3.95375e-05 3.45105e-05 2.96415e-05 2.50529e-05 2.08689e-05 1.72104e-05 1.41519e-05 1.17020e-05 9.79536e-06 8.30793e-06 7.12267e-06 6.07702e-06 4.82003e-06 3.08662e-06 1.28506e-06 2.57170e-07 1.70008e-08 2.15272e-10
6.693560 1.90281e-03 6.99067e-03 1.27682e-02 1.61131e-02 1.67332e-02 1.63944e-02 1.59529e-02 1.54235e-02 1.47117e-02 1.38649e-02 1.30403e-02 1.23507e-02 1.17778e-02 1.12268e-02 1.06599e-02 1.01634e-02 9.79507e-03 9.53358e-03 9.35268e-03 9.20785e-03 9.05117e-03 8.89493e-03 8.77227e-03 8.68039e-03 8.60493e-03 8.54304e-03 8.49741e-03 8.46852e-03 8.45177e-03 8.44050e-03 8.43314e-03 8.43551e-03 8.44564e-03 8.43020e-03 8.34326e-03 8.18798e-03 8.02218e-03 7.89170e-03 7.80152e-03 7.74182e-03 7.70608e-03 7.68521e-03 7.66232e-03 7.62324e-03 7.56801e-03 7.50848e-03 7.45645e-03 7.41337e-03 7.37383e-03 7.33518e-03 7.29825e-03 7.26282e-03 7.22694e-03 7.18844e-03 7.14404e-03 7.08793e-03 7.01353e-03 6.91976e-03 6.81696e-03 6.72446e-03 6.65486e-03 6.59380e-03 6.50593e-03 6.37432e-03 6.21888e-03 6.07010e-03 5.94368e-03 5.84021e-03 5.75396e-03 5.67873e-03 5.61066e-03 5.54840e-03 5.49093e-03 5.43559e-03 5.37872e-03 5.31763e-03 5.25120e-03 5.17978e-03 5.10486e-03 5.02850e-03 4.95288e-03 4.87932e-03 4.80761e-03 4.73762e-03 4.67085e-03 4.60889e-03 4.55224e-03 4.50064e-03 4.45335e-03 4.40955e-03 4.36877e-03 4.33098e-03 4.29636e-03 4.26492e-03 4.23611e-03 4.20918e-03 4.18390e-03 4.16055e-03 4.13904e-03 4.11849e-03 4.09820e-03 4.07929e-03 4.06377e-03 4.05137e-03 4.03919e-03 4.02389e-03 4.00334e-03 3.97711e-03 3.94552e-03 3.90774e-03 3.86313e-03 3.81497e-03 3.76908e-03 3.72913e-03 3.69490e-03 3.66374e-03 3.63286e-03 3.60101e-03 3.56858e-03 3.53653e-03 3.50539e-03 3.47518e-03 3.44579e-03 3.41718e-03 3.38934e-03 3.36217e-03 3.33548e-03 3.30900e-03 3.28240e-03 3.25524e-03 3.22704e-03 3.19732e-03 3.16566e-03 3.13163e-03 3.09464e-03 3.05369e-03 3.00721e-03 2.95349e-03 2.89171e-03 2.82282e-03 2.74963e-03 2.67605e-03 2.60587e-03 2.54060e-03 2.47786e-03 2.41317e-03 2.34505e-03 2.27632e-03 2.20867e-03 2.14055e-03 2.07317e-03 2.01148e-03 1.95894e-03 1.91539e-03 1.87926e-03 1.84936e-03 1.82200e-03 1.78861e-03 1.74333e-03 1.69147e-03 1.64342e-03 1.60446e-03 1.57345e-03 1.54691e-03 1.52211e-03 1.49798e-03 1.47492e-03 1.45390e-03 1.43548e-03 1.41920e-03 1.40395e-03 1.38849e-03 1.37165e-03 1.35245e-03 1.33043e-03 1.30612e-03 1.28129e-03 1.25894e-03 1.24301e-03 1.23779e-03 1.24447e-03 1.25203e-03 1.24090e-03 1.20565e-03 1.15913e-03 1.11494e-03 1.07796e-03 1.04619e-03 1.01600e-03 9.86153e-04 9.58798e-04 9.38595e-04 9.30669e-04 9.32981e-04 9.27071e-04 9.01082e-04 8.79315e-04 8.75605e-04 8.63624e-04 8.24475e-04 7.68620e-04 7.13715e-04 6.67788e-04 6.30382e-04 5.98273e-04 5.68265e-04 5.37997e-04 5.06332e-04 4.73612e-04 4.41329e-04 4.10762e-04 3.80827e-04 3.48488e-04 3.16260e-04 2.92794e-04 2.75379e-04 2.53469e-04 2.29990e-04 2.12109e-04 1.98379e-04 1.85533e-04 1.72427e-04 1.58585e-04 1.44108e-04 1.29774e-04 1.16532e-04 1.04890e-04 9.48214e-05 8.60907e-05 7.85162e-05 7.19750e-05 6.63287e-05 6.14255e-05 5.71430e-05 5.33618e-05 4.98862e-05 4.64019e-05 4.25431e-05 3.81012e-05 3.32103e-05 2.82550e-05 2.35955e-05 1.94194e-05 1.57629e-05 1.25723e-05 9.76750e-06 7.29991e-06 5.18026e-06 3.49111e-06 2.32759e-06 1.60096e-06 1.01516e-06 4.48428e-07 1.01153e-07 8.98076e-09 1.68716e-10
6.793464 1.90621e-03 7.03468e-03 1.25591e-02 1.54348e-02 1.60029e-02 1.59587e-02 1.57511e-02 1.52880e-02 1.45768e-02 1.37735e-02 1.30402e-02 1.24238e-02 1.18589e-02 1.12902e-02 1.07742e-02 1.03651e-02 1.00581e-02 9.84628e-03 9.67817e-03 9.48152e-03 9.26602e-03 9.07404e-03 8.91166e-03 8.77600e-03 8.67030e-03 8.59741e-03 8.55392e-03 8.52937e-03 8.51338e-03 8.50360e-03 8.50672e-03 8.52760e-03 8.54656e-03 8.50983e-03 8.37512e-03 8.17207e-03 7.97713e-03 7.83839e-03 7.75746e-03 7.71276e-03 7.67790e-03 7.63428e-03 7.57722e-03 7.51198e-03 7.44672e-03 7.38739e-03 7.33264e-03 7.27628e-03 7.21662e-03 7.15917e-03 7.10995e-03 7.07042e-03 7.03812e-03 7.00882e-03 6.97865e-03 6.94494e-03 6.90442e-03 6.85247e-03 6.78700e-03 6.71375e-03 6.64326e-03 6.57469e-03 6.48804e-03 6.36735e-03 6.22411e-03 6.08406e-03 5.96257e-03 5.86119e-03 5.77646e-03 5.70508e-03 5.64475e-03 5.59318e-03 5.54627e-03 5.49823e-03 5.44393e-03 5.38075e-03 5.30853e-03 5.22879e-03 5.14375e-03 5.05548e-03 4.96596e-03 4.87735e-03 4.79121e-03 4.70830e-03 4.62994e-03 4.55783e-03 4.49263e-03 4.43379e-03 4.38024e-03 4.33120e-03 4.28669e-03 4.24767e-03 4.21534e-03 4.19023e-03 4.17154e-03 4.15735e-03 4.14525e-03 4.13272e-03 4.11693e-03 4.09508e-03 4.06591e-03 4.03140e-03 3.99654e-03 3.96668e-03 3.94532e-03 3.93305e-03 3.92753e-03 3.92423e-03 3.91730e-03 3.90166e-03 3.87666e-03 3.84545e-03 3.81061e-03 3.77298e-03 3.73324e-03 3.69259e-03 3.65243e-03 3.61389e-03 3.57760e-03 3.54357e-03 3.51122e-03 3.47989e-03 3.44932e-03 3.41977e-03 3.39158e-03 3.36483e-03 3.33921e-03 3.31417e-03 3.28909e-03 3.26334e-03 3.23638e-03 3.20776e-03 3.17707e-03 3.14393e-03 3.10780e-03 3.06778e-03 3.02253e-03 2.97052e-03 2.91092e-03 2.84457e-03 2.77414e-03 2.70339e-03 2.63576e-03 2.57271e-03 2.51200e-03 2.44880e-03 2.38194e-03 2.31656e-03 2.25571e-03 2.19555e-03 2.13426e-03 2.07672e-03 2.02944e-03 1.99423e-03 1.96313e-03 1.92042e-03 1.85851e-03 1.78873e-03 1.72750e-03 1.68065e-03 1.64501e-03 1.61602e-03 1.59102e-03 1.56888e-03 1.54887e-03 1.53026e-03 1.51244e-03 1.49518e-03 1.47865e-03 1.46308e-03 1.44835e-03 1.43423e-03 1.42068e-03 1.40761e-03 1.39429e-03 1.37914e-03 1.36045e-03 1.33761e-03 1.31186e-03 1.28588e-03 1.26258e-03 1.24459e-03 1.23513e-03 1.23595e-03 1.24000e-03 1.23340e-03 1.20967e-03 1.17442e-03 1.13649e-03 1.10042e-03 1.06678e-03 1.03464e-03 1.00260e-03 9.69040e-04 9.32825e-04 8.94454e-04 8.57010e-04 8.26083e-04 8.06604e-04 7.94040e-04 7.71604e-04 7.38620e-04 7.19061e-04 7.09431e-04 6.80957e-04 6.30106e-04 5.75121e-04 5.27872e-04 4.89035e-04 4.55159e-04 4.22531e-04 3.88465e-04 3.52129e-04 3.14712e-04 2.78474e-04 2.44828e-04 2.15168e-04 1.93364e-04 1.78675e-04 1.65111e-04 1.52609e-04 1.42956e-04 1.34944e-04 1.27195e-04 1.18794e-04 1.09294e-04 9.90947e-05 8.90947e-05 8.00491e-05 7.22554e-05 6.56539e-05 6.01020e-05 5.55044e-05 5.17370e-05 4.86045e-05 4.59258e-05 4.35278e-05 4.10857e-05 3.81008e-05 3.42015e-05 2.95236e-05 2.46799e-05 2.02752e-05 1.65432e-05 1.33736e-05 1.05203e-05 7.81149e-06 5.26862e-06 3.09699e-06 1.55635e-06 7.20641e-07 3.54514e-07 1.59541e-07 4.48871e-08 5.84898e-09 1.44270e-10
6.893367 1.91794e-03 6.71712e-03 1.17178e-02 1.45911e-02 1.55222e-02 1.57389e-02 1.55975e-02 1.51089e-02 1.43843e-02 1.36190e-02 1.29486e-02 1.23817e-02 1.18556e-02 1.13694e-02 1.09507e-02 1.05956e-02 1.03241e-02 1.01246e-02 9.92812e-03 9.71971e-03 9.52368e-03 9.33789e-03 9.15873e-03 8.99969e-03 8.87734e-03 8.79472e-03 8.74152e-03 8.70563e-03 8.68370e-03 8.68403e-03 8.71411e-03 8.75534e-03 8.74875e-03 8.63241e-03 8.41585e-03 8.18672e-03 8.01914e-03 7.91567e-03 7.84214e-03 7.77265e-03 7.69948e-03 7.62437e-03 7.55031e-03 7.47911e-03 7.41157e-03 7.34618e-03 7.27871e-03 7.20641e-03 7.13152e-03 7.05808e-03 6.98835e-03 6.92477e-03 6.87066e-03 6.82636e-03 6.78759e-03 6.74810e-03 6.70217e-03 6.64526e-03 6.57618e-03 6.50122e-03 6.43285e-03 6.37663e-03 6.31947e-03 6.24149e-03 6.13951e-03 6.02885e-03 5.92611e-03 5.83859e-03 5.76604e-03 5.70578e-03 5.65580e-03 5.61477e-03 5.58004e-03 5.54626e-03 5.50672e-03 5.45606e-03 5.39213e-03 5.31579e-03 5.22932e-03 5.13518e-03 5.03590e-03 4.93481e-03 4.83558e-03 4.74081e-03 4.65235e-03 4.57192e-03 4.50007e-03 4.43568e-03 4.37701e-03 4.32315e-03 4.27452e-03 4.23242e-03 4.19793e-03 4.17107e-03 4.15055e-03 4.13443e-03 4.12084e-03 4.10822e-03 4.09490e-03 4.07889e-03 4.05836e-03 4.03279e-03 4.00348e-03 3.97298e-03 3.94432e-03 3.92001e-03 3.90032e-03 3.88205e-03 3.86045e-03 3.83490e-03 3.80955e-03 3.78726e-03 3.76688e-03 3.74573e-03 3.72146e-03 3.69274e-03 3.65950e-03 3.62273e-03 3.58386e-03 3.54424e-03 3.50491e-03 3.46655e-03 3.42973e-03 3.39500e-03 3.36275e-03 3.33301e-03 3.30546e-03 3.27960e-03 3.25490e-03 3.23082e-03 3.20681e-03 3.18224e-03 3.15637e-03 3.12840e-03 3.09737e-03 3.06222e-03 3.02171e-03 2.97461e-03 2.92004e-03 2.85802e-03 2.79023e-03 2.72010e-03 2.65165e-03 2.58765e-03 2.52724e-03 2.46572e-03 2.40125e-03 2.33939e-03 2.28496e-03 2.23765e-03 2.19882e-03 2.16760e-03 2.13112e-03 2.07111e-03 1.98470e-03 1.89156e-03 1.81401e-03 1.75842e-03 1.71887e-03 1.68799e-03 1.66138e-03 1.63707e-03 1.61425e-03 1.59265e-03 1.57217e-03 1.55260e-03 1.53366e-03 1.51529e-03 1.49774e-03 1.48155e-03 1.46728e-03 1.45509e-03 1.44445e-03 1.43443e-03 1.42408e-03 1.41265e-03 1.39993e-03 1.38668e-03 1.37424e-03 1.36304e-03 1.35157e-03 1.33682e-03 1.31641e-03 1.29107e-03 1.26557e-03 1.24618e-03 1.23330e-03 1.21913e-03 1.19681e-03 1.16520e-03 1.12677e-03 1.08583e-03 1.04621e-03 1.00944e-03 9.74994e-04 9.41562e-04 9.07824e-04 8.72764e-04 8.35929e-04 7.97601e-04 7.58746e-04 7.21047e-04 6.87266e-04 6.60712e-04 6.40909e-04 6.17588e-04 5.82432e-04 5.51058e-04 5.33588e-04 5.08176e-04 4.63203e-04 4.13048e-04 3.70326e-04 3.35994e-04 3.06423e-04 2.78134e-04 2.49243e-04 2.19559e-04 1.89981e-04 1.62815e-04 1.41883e-04 1.28110e-04 1.18358e-04 1.10385e-04 1.03624e-04 9.78311e-05 9.24375e-05 8.65331e-05 7.95132e-05 7.14753e-05 6.31227e-05 5.53810e-05 4.89539e-05 4.41113e-05 4.07657e-05 3.86121e-05 3.72391e-05 3.62450e-05 3.51819e-05 3.34006e-05 3.03337e-05 2.61115e-05 2.15900e-05 1.75969e-05 1.43541e-05 1.15807e-05 8.91318e-06 6.24299e-06 3.78327e-06 1.88951e-06 7.62994e-07 2.69816e-07 9.52788e-08 2.84849e-08 4.49897e-09 1.22658e-10
6.993271 1.95356e-03 6.39137e-03 1.09636e-02 1.39767e-02 1.52397e-02 1.56486e-02 1.55126e-02 1.49537e-02 1.42053e-02 1.34796e-02 1.28483e-02 1.22806e-02 1.17731e-02 1.13564e-02 1.10169e-02 1.07497e-02 1.05433e-02 1.03394e-02 1.01268e-02 9.93623e-03 9.76029e-03 9.57728e-03 9.39458e-03 9.23702e-03 9.12084e-03 9.04433e-03 8.99508e-03 8.96484e-03 8.95762e-03 8.97866e-03 9.00770e-03 8.98457e-03 8.84806e-03 8.61048e-03 8.36554e-03 8.19255e-03 8.08718e-03 8.00510e-03 7.92190e-03 7.83676e-03 7.75435e-03 7.67653e-03 7.60281e-03 7.53208e-03 7.46172e-03 7.38574e-03 7.29704e-03 7.19456e-03 7.08639e-03 6.98308e-03 6.88996e-03 6.80634e-03 6.72892e-03 6.65458e-03 6.58181e-03 6.51116e-03 6.44435e-03 6.38275e-03 6.32629e-03 6.27383e-03 6.22424e-03 6.17597e-03 6.12408e-03 6.06125e-03 5.98477e-03 5.89930e-03 5.81225e-03 5.72936e-03 5.65379e-03 5.58707e-03 5.53074e-03 5.48684e-03 5.45659e-03 5.43890e-03 5.42943e-03 5.42009e-03 5.40062e-03 5.36270e-03 5.30319e-03 5.22411e-03 5.13011e-03 5.02687e-03 4.92083e-03 4.81798e-03 4.72238e-03 4.63621e-03 4.55987e-03 4.49203e-03 4.43085e-03 4.37517e-03 4.32461e-03 4.27917e-03 4.23880e-03 4.20327e-03 4.17254e-03 4.14694e-03 4.12654e-03 4.11026e-03 4.09567e-03 4.07975e-03 4.05998e-03 4.03523e-03 4.00603e-03 3.97470e-03 3.94515e-03 3.92038e-03 3.89818e-03 3.87147e-03 3.83743e-03 3.80249e-03 3.77310e-03 3.74862e-03 3.72529e-03 3.70043e-03 3.67283e-03 3.64212e-03 3.60864e-03 3.57327e-03 3.53717e-03 3.50139e-03 3.46663e-03 3.43300e-03 3.40006e-03 3.36729e-03 3.33439e-03 3.30135e-03 3.26840e-03 3.23587e-03 3.20422e-03 3.17400e-03 3.14563e-03 3.11926e-03 3.09450e-03 3.07043e-03 3.04571e-03 3.01870e-03 2.98763e-03 2.95080e-03 2.90657e-03 2.85387e-03 2.79340e-03 2.72868e-03 2.66467e-03 2.60507e-03 2.54972e-03 2.49433e-03 2.43824e-03 2.39142e-03 2.36288e-03 2.34568e-03 2.31883e-03 2.25939e-03 2.16201e-03 2.04761e-03 1.94447e-03 1.86654e-03 1.81149e-03 1.77100e-03 1.73810e-03 1.70863e-03 1.68045e-03 1.65286e-03 1.62614e-03 1.60126e-03 1.57940e-03 1.56135e-03 1.54700e-03 1.53544e-03 1.52539e-03 1.51575e-03 1.50593e-03 1.49589e-03 1.48601e-03 1.47654e-03 1.46732e-03 1.45808e-03 1.44876e-03 1.43937e-03 1.42871e-03 1.41378e-03 1.39160e-03 1.36186e-03 1.32749e-03 1.29262e-03 1.25998e-03 1.23031e-03 1.20446e-03 1.18400e-03 1.16814e-03 1.15336e-03 1.13626e-03 1.11498e-03 1.08903e-03 1.05917e-03 1.02692e-03 9.93502e-04 9.59212e-04 9.23894e-04 8.87505e-04 8.50304e-04 8.12692e-04 7.74970e-04 7.37228e-04 6.99476e-04 6.61870e-04 6.24863e-04 5.89302e-04 5.56729e-04 5.29401e-04 5.08112e-04 4.87419e-04 4.58739e-04 4.28436e-04 4.09151e-04 3.89352e-04 3.55041e-04 3.13857e-04 2.76758e-04 2.46153e-04 2.20701e-04 1.98213e-04 1.75387e-04 1.50122e-04 1.25069e-04 1.04954e-04 9.11504e-05 8.19998e-05 7.56859e-05 7.10925e-05 6.72651e-05 6.30868e-05 5.76316e-05 5.07614e-05 4.33224e-05 3.66761e-05 3.19126e-05 2.93499e-05 2.85808e-05 2.88198e-05 2.91602e-05 2.86295e-05 2.64831e-05 2.28627e-05 1.87998e-05 1.52445e-05 1.23663e-05 9.78524e-06 7.18062e-06 4.62742e-06 2.48767e-06 1.06895e-06 3.63626e-07 1.03739e-07 2.53422e-08 3.77281e-09 1.02803e-10
7.093175 2.01957e-03 6.27896e-03 1.05799e-02 1.37149e-02 1.52478e-02 1.57740e-02 1.55875e-02 1.49540e-02 1.41870e-02 1.34698e-02 1.28372e-02 1.22895e-02 1.18380e-02 1.14461e-02 1.10846e-02 1.07759e-02 1.05329e-02 1.03522e-02 1.02130e-02 1.00903e-02 9.96946e-03 9.83874e-03 9.69970e-03 9.56854e-03 9.45996e-03 9.37571e-03 9.31054e-03 9.26593e-03 9.24836e-03 9.24333e-03 9.19601e-03 9.04779e-03 8.81062e-03 8.57383e-03 8.40997e-03 8.30773e-03 8.21752e-03 8.11677e-03 8.01321e-03 7.92186e-03 7.85021e-03 7.79155e-03 7.72864e-03 7.64750e-03 7.54654e-03 7.43189e-03 7.30871e-03 7.17969e-03 7.04804e-03 6.91853e-03 6.79556e-03 6.68154e-03 6.57740e-03 6.48371e-03 6.40095e-03 6.32873e-03 6.26504e-03 6.20648e-03 6.14947e-03 6.09220e-03 6.03607e-03 5.98406e-03 5.93605e-03 5.88668e-03 5.82932e-03 5.76114e-03 5.68431e-03 5.60396e-03 5.52565e-03 5.45382e-03 5.39103e-03 5.33778e-03 5.29394e-03 5.26080e-03 5.24066e-03 5.23302e-03 5.23167e-03 5.22597e-03 5.20564e-03 5.16555e-03 5.10628e-03 5.03126e-03 4.94532e-03 4.85478e-03 4.76585e-03 4.68275e-03 4.60771e-03 4.54077e-03 4.47998e-03 4.42259e-03 4.36699e-03 4.31417e-03 4.26711e-03 4.22843e-03 4.19859e-03 4.17603e-03 4.15819e-03 4.14215e-03 4.12495e-03 4.10393e-03 4.07734e-03 4.04481e-03 4.00786e-03 3.97055e-03 3.93780e-03 3.90990e-03 3.88012e-03 3.84274e-03 3.80204e-03 3.76649e-03 3.73810e-03 3.71336e-03 3.68855e-03 3.66129e-03 3.63043e-03 3.59590e-03 3.55844e-03 3.51909e-03 3.47887e-03 3.43876e-03 3.39972e-03 3.36236e-03 3.32670e-03 3.29252e-03 3.25980e-03 3.22864e-03 3.19898e-03 3.17061e-03 3.14332e-03 3.11692e-03 3.09117e-03 3.06566e-03 3.03981e-03 3.01287e-03 2.98396e-03 2.95229e-03 2.91724e-03 2.87838e-03 2.83511e-03 2.78648e-03 2.73254e-03 2.67614e-03 2.62254e-03 2.57683e-03 2.54139e-03 2.51417e-03 2.49218e-03 2.47420e-03 2.44986e-03 2.39931e-03 2.31593e-03 2.21272e-03 2.10924e-03 2.02043e-03 1.95044e-03 1.89475e-03 1.84784e-03 1.80652e-03 1.76904e-03 1.73416e-03 1.70122e-03 1.67011e-03 1.64107e-03 1.61459e-03 1.59117e-03 1.57126e-03 1.55503e-03 1.54230e-03 1.53260e-03 1.52528e-03 1.51958e-03 1.51436e-03 1.50791e-03 1.49854e-03 1.48532e-03 1.46800e-03 1.44673e-03 1.42235e-03 1.39635e-03 1.36980e-03 1.34288e-03 1.31561e-03 1.28850e-03 1.26223e-03 1.23725e-03 1.21373e-03 1.19160e-03 1.17064e-03 1.15077e-03 1.13191e-03 1.11365e-03 1.09536e-03 1.07637e-03 1.05612e-03 1.03415e-03 1.01015e-03 9.83974e-04 9.55688e-04 9.25510e-04 8.93802e-04 8.61030e-04 8.27700e-04 7.94273e-04 7.61083e-04 7.28297e-04 6.95898e-04 6.63713e-04 6.31484e-04 5.99024e-04 5.66394e-04 5.33969e-04 5.02413e-04 4.72776e-04 4.46540e-04 4.24351e-04 4.03084e-04 3.77595e-04 3.51897e-04 3.34051e-04 3.15663e-04 2.85561e-04 2.48358e-04 2.14284e-04 1.88356e-04 1.68253e-04 1.47020e-04 1.21330e-04 9.55460e-05 7.53223e-05 6.20434e-05 5.42262e-05 5.00005e-05 4.74904e-05 4.46921e-05 4.01810e-05 3.40304e-05 2.77629e-05 2.32281e-05 2.13674e-05 2.17596e-05 2.29941e-05 2.34250e-05 2.20328e-05 1.90512e-05 1.56010e-05 1.25527e-05 9.97033e-06 7.52294e-06 5.08991e-06 2.91566e-06 1.33990e-06 4.71721e-07 1.24754e-07 2.50256e-08 3.19422e-09 8.33416e-11
7.193079 2.10665e-03 6.30372e-03 1.04920e-02 1.38300e-02 1.56020e-02 1.61389e-02 1.58075e-02 1.50549e-02 1.42730e-02 1.36124e-02 1.30408e-02 1.24846e-02 1.18908e-02 1.13273e-02 1.09337e-02 1.06842e-02 1.04751e-02 1.03127e-02 1.02217e-02 1.01752e-02 1.01318e-02 1.00675e-02 9.97917e-03 9.87558e-03 9.76705e-03 9.66213e-03 9.57262e-03 9.51144e-03 9.46941e-03 9.39652e-03 9.23931e-03 9.01260e-03 8.79932e-03 8.65930e-03 8.57595e-03 8.50395e-03 8.42285e-03 8.33012e-03 8.22193e-03 8.10029e-03 7.97972e-03 7.87437e-03 7.78475e-03 7.69864e-03 7.60162e-03 7.48606e-03 7.35230e-03 7.20448e-03 7.04807e-03 6.89008e-03 6.73894e-03 6.60256e-03 6.48566e-03 6.38823e-03 6.30605e-03 6.23311e-03 6.16407e-03 6.09547e-03 6.02607e-03 5.95672e-03 5.88955e-03 5.82664e-03 5.76870e-03 5.71456e-03 5.66151e-03 5.60669e-03 5.54857e-03 5.48782e-03 5.42673e-03 5.36743e-03 5.31106e-03 5.25824e-03 5.21002e-03 5.16835e-03 5.13586e-03 5.11430e-03 5.10197e-03 5.09209e-03 5.07489e-03 5.04326e-03 4.99703e-03 4.94078e-03 4.87779e-03 4.80777e-03 4.73098e-03 4.65144e-03 4.57430e-03 4.50176e-03 4.43363e-03 4.37070e-03 4.31549e-03 4.27022e-03 4.23516e-03 4.20878e-03 4.18878e-03 4.17287e-03 4.15887e-03 4.14433e-03 4.12667e-03 4.10390e-03 4.07546e-03 4.04249e-03 4.00761e-03 3.97314e-03 3.93843e-03 3.90003e-03 3.85610e-03 3.81001e-03 3.76748e-03 3.73110e-03 3.69983e-03 3.67125e-03 3.64288e-03 3.61277e-03 3.57991e-03 3.54422e-03 3.50636e-03 3.46710e-03 3.42679e-03 3.38571e-03 3.34468e-03 3.30476e-03 3.26630e-03 3.22922e-03 3.19368e-03 3.16015e-03 3.12898e-03 3.10003e-03 3.07270e-03 3.04621e-03 3.01999e-03 2.99376e-03 2.96736e-03 2.94048e-03 2.91260e-03 2.88315e-03 2.85157e-03 2.81720e-03 2.77897e-03 2.73548e-03 2.68668e-03 2.63605e-03 2.59010e-03 2.55485e-03 2.53189e-03 2.51361e-03 2.48348e-03 2.43013e-03 2.35837e-03 2.27721e-03 2.19137e-03 2.10952e-03 2.04306e-03 1.99404e-03 1.95485e-03 1.91805e-03 1.88086e-03 1.84327e-03 1.80594e-03 1.76955e-03 1.73459e-03 1.70129e-03 1.66964e-03 1.63980e-03 1.61223e-03 1.58729e-03 1.56450e-03 1.54267e-03 1.52097e-03 1.49961e-03 1.47953e-03 1.46146e-03 1.44516e-03 1.42938e-03 1.41250e-03 1.39301e-03 1.37029e-03 1.34558e-03 1.32152e-03 1.30003e-03 1.28110e-03 1.26356e-03 1.24631e-03 1.22876e-03 1.21068e-03 1.19205e-03 1.17313e-03 1.15444e-03 1.13637e-03 1.11893e-03 1.10189e-03 1.08490e-03 1.06757e-03 1.04958e-03 1.03070e-03 1.01083e-03 9.89977e-04 9.68137e-04 9.45268e-04 9.21231e-04 8.95819e-04 8.68832e-04 8.40186e-04 8.10006e-04 7.78657e-04 7.46697e-04 7.14772e-04 6.83474e-04 6.53218e-04 6.24173e-04 5.96267e-04 5.69220e-04 5.42619e-04 5.16035e-04 4.89184e-04 4.62060e-04 4.35024e-04 4.08942e-04 3.85036e-04 3.63629e-04 3.42841e-04 3.21731e-04 3.03739e-04 2.86620e-04 2.59235e-04 2.20383e-04 1.83336e-04 1.57768e-04 1.38133e-04 1.14473e-04 8.71058e-05 6.32976e-05 4.72387e-05 3.85687e-05 3.50325e-05 3.35375e-05 3.09790e-05 2.61020e-05 2.04055e-05 1.65629e-05 1.58488e-05 1.70989e-05 1.79830e-05 1.70839e-05 1.47053e-05 1.19327e-05 9.41292e-06 7.14155e-06 4.96727e-06 2.97631e-06 1.43962e-06 5.25818e-07 1.36287e-07 2.41777e-08 2.64822e-09 6.50691e-11
7.292983 2.18856e-03 6.37714e-03 1.05651e-02 1.41384e-02 1.60273e-02 1.63937e-02 1.58723e-02 1.51547e-02 1.45381e-02 1.38925e-02 1.30676e-02 1.22093e-02 1.15422e-02 1.10952e-02 1.07810e-02 1.05455e-02 1.03716e-02 1.02609e-02 1.02066e-02 1.01829e-02 1.01596e-02 1.01151e-02 1.00434e-02 9.95184e-03 9.85414e-03 9.76571e-03 9.69899e-03 9.64716e-03 9.56950e-03 9.42207e-03 9.21860e-03 9.03029e-03 8.91194e-03 8.85377e-03 8.80732e-03 8.73548e-03 8.63283e-03 8.50965e-03 8.37317e-03 8.22809e-03 8.08205e-03 7.94467e-03 7.82308e-03 7.71774e-03 7.62031e-03 7.51739e-03 7.39921e-03 7.26440e-03 7.11707e-03 6.96291e-03 6.80831e-03 6.65996e-03 6.52325e-03 6.40093e-03 6.29286e-03 6.19645e-03 6.10756e-03 6.02243e-03 5.93927e-03 5.85847e-03 5.78159e-03 5.71032e-03 5.64604e-03 5.58955e-03 5.54042e-03 5.49627e-03 5.45343e-03 5.40925e-03 5.36366e-03 5.31827e-03 5.27416e-03 5.23095e-03 5.18785e-03 5.14565e-03 5.10761e-03 5.07784e-03 5.05770e-03 5.04300e-03 5.02500e-03 4.99534e-03 4.95206e-03 4.90141e-03 4.85244e-03 4.80766e-03 4.75795e-03 4.68891e-03 4.59516e-03 4.48737e-03 4.38326e-03 4.29482e-03 4.22518e-03 4.17273e-03 4.13476e-03 4.10846e-03 4.09079e-03 4.07872e-03 4.06932e-03 4.05973e-03 4.04746e-03 4.03157e-03 4.01293e-03 3.99233e-03 3.96839e-03 3.93866e-03 3.90243e-03 3.86196e-03 3.82061e-03 3.78070e-03 3.74291e-03 3.70694e-03 3.67246e-03 3.63905e-03 3.60644e-03 3.57477e-03 3.54407e-03 3.51370e-03 3.48263e-03 3.44986e-03 3.41439e-03 3.37565e-03 3.33457e-03 3.29320e-03 3.25293e-03 3.21446e-03 3.17849e-03 3.14527e-03 3.11384e-03 3.08256e-03 3.05026e-03 3.01675e-03 2.98268e-03 2.94899e-03 2.91651e-03 2.88573e-03 2.85671e-03 2.82922e-03 2.80279e-03 2.77663e-03 2.74907e-03 2.71750e-03 2.67996e-03 2.63805e-03 2.59721e-03 2.56142e-03 2.52678e-03 2.48180e-03 2.41925e-03 2.34573e-03 2.26947e-03 2.18915e-03 2.10649e-03 2.03376e-03 1.97977e-03 1.94155e-03 1.91213e-03 1.88709e-03 1.86423e-03 1.84199e-03 1.81864e-03 1.79239e-03 1.76208e-03 1.72795e-03 1.69149e-03 1.65438e-03 1.61786e-03 1.58287e-03 1.55023e-03 1.52043e-03 1.49324e-03 1.46752e-03 1.44159e-03 1.41425e-03 1.38555e-03 1.35659e-03 1.32872e-03 1.30282e-03 1.27933e-03 1.25827e-03 1.23941e-03 1.22220e-03 1.20627e-03 1.19177e-03 1.17940e-03 1.16985e-03 1.16310e-03 1.15825e-03 1.15389e-03 1.14879e-03 1.14227e-03 1.13385e-03 1.12307e-03 1.10976e-03 1.09404e-03 1.07625e-03 1.05672e-03 1.03576e-03 1.01365e-03 9.90631e-04 9.66971e-04 9.42883e-04 9.18505e-04 8.93850e-04 8.68810e-04 8.43194e-04 8.16810e-04 7.89578e-04 7.61596e-04 7.33103e-04 7.04401e-04 6.75816e-04 6.47697e-04 6.20411e-04 5.94278e-04 5.69500e-04 5.46121e-04 5.24011e-04 5.02830e-04 4.82008e-04 4.60818e-04 4.38593e-04 4.14995e-04 3.90246e-04 3.65253e-04 3.41245e-04 3.19004e-04 2.99176e-04 2.81912e-04 2.60760e-04 2.25543e-04 1.82146e-04 1.48952e-04 1.28067e-04 1.05895e-04 7.84485e-05 5.34893e-05 3.68000e-05 2.85074e-05 2.55493e-05 2.34114e-05 1.92258e-05 1.43203e-05 1.17883e-05 1.21074e-05 1.29428e-05 1.24018e-05 1.05906e-05 8.41608e-06 6.36208e-06 4.47125e-06 2.76094e-06 1.39159e-06 5.26490e-07 1.36561e-07 2.24643e-08 2.15324e-09 4.94829e-11
7.392887 2.27295e-03 6.55267e-03 1.08540e-02 1.45618e-02 1.63589e-02 1.65707e-02 1.61229e-02 1.55342e-02 1.47374e-02 1.36932e-02 1.26611e-02 1.18708e-02 1.13190e-02 1.09225e-02 1.06357e-02 1.04238e-02 1.02709e-02 1.01748e-02 1.01255e-02 1.01039e-02 1.00890e-02 1.00631e-02 1.00161e-02 9.94913e-03 9.87349e-03 9.80050e-03 9.72542e-03 9.62366e-03 9.48321e-03 9.33928e-03 9.24238e-03 9.19323e-03 9.14528e-03 9.06328e-03 8.94774e-03 8.81594e-03 8.68375e-03 8.56018e-03 8.44657e-03 8.33649e-03 8.21888e-03 8.08691e-03 7.94539e-03 7.80854e-03 7.68871e-03 7.58472e-03 7.48085e-03 7.36002e-03 7.21761e-03 7.06167e-03 6.90410e-03 6.75319e-03 6.61111e-03 6.47578e-03 6.34459e-03 6.21716e-03 6.09565e-03 5.98297e-03 5.88079e-03 5.78884e-03 5.70584e-03 5.63096e-03 5.56474e-03 5.50894e-03 5.46477e-03 5.43054e-03 5.40098e-03 5.37005e-03 5.33463e-03 5.29530e-03 5.25416e-03 5.21300e-03 5.17319e-03 5.13608e-03 5.10311e-03 5.07527e-03 5.05193e-03 5.03020e-03 5.00577e-03 4.97544e-03 4.93980e-03 4.90227e-03 4.86436e-03 4.82286e-03 4.77302e-03 4.71161e-03 4.63501e-03 4.54016e-03 4.43187e-03 4.32369e-03 4.22844e-03 4.15103e-03 4.08972e-03 4.04042e-03 3.99939e-03 3.96401e-03 3.93292e-03 3.90590e-03 3.88369e-03 3.86658e-03 3.85250e-03 3.83761e-03 3.81889e-03 3.79592e-03 3.77035e-03 3.74386e-03 3.71750e-03 3.69161e-03 3.66505e-03 3.63699e-03 3.60861e-03 3.58174e-03 3.55730e-03 3.53497e-03 3.51350e-03 3.49139e-03 3.46759e-03 3.44171e-03 3.41326e-03 3.38138e-03 3.34698e-03 3.31300e-03 3.28106e-03 3.25004e-03 3.21763e-03 3.18211e-03 3.14328e-03 3.10220e-03 3.06019e-03 3.01833e-03 2.97743e-03 2.93834e-03 2.90208e-03 2.86972e-03 2.84189e-03 2.81830e-03 2.79737e-03 2.77644e-03 2.75198e-03 2.72005e-03 2.67775e-03 2.62589e-03 2.57063e-03 2.51929e-03 2.47173e-03 2.42002e-03 2.35690e-03 2.28162e-03 2.19989e-03 2.11840e-03 2.04588e-03 1.99214e-03 1.95788e-03 1.93447e-03 1.91288e-03 1.88824e-03 1.85967e-03 1.82827e-03 1.79498e-03 1.75992e-03 1.72305e-03 1.68510e-03 1.64757e-03 1.61185e-03 1.57848e-03 1.54672e-03 1.51488e-03 1.48151e-03 1.44641e-03 1.41071e-03 1.37608e-03 1.34381e-03 1.31404e-03 1.28598e-03 1.25910e-03 1.23364e-03 1.21019e-03 1.18942e-03 1.17203e-03 1.15861e-03 1.14942e-03 1.14430e-03 1.14295e-03 1.14495e-03 1.14957e-03 1.15526e-03 1.15959e-03 1.16020e-03 1.15600e-03 1.14733e-03 1.13498e-03 1.11969e-03 1.10214e-03 1.08304e-03 1.06309e-03 1.04284e-03 1.02268e-03 1.00277e-03 9.83079e-04 9.63408e-04 9.43464e-04 9.22875e-04 9.01228e-04 8.78190e-04 8.53706e-04 8.28090e-04 8.01882e-04 7.75588e-04 7.49526e-04 7.23830e-04 6.98527e-04 6.73599e-04 6.49006e-04 6.24712e-04 6.00729e-04 5.77184e-04 5.54342e-04 5.32558e-04 5.12164e-04 4.93297e-04 4.75713e-04 4.58667e-04 4.41008e-04 4.21521e-04 3.99385e-04 3.74565e-04 3.48037e-04 3.21605e-04 2.97242e-04 2.75798e-04 2.52983e-04 2.17896e-04 1.71581e-04 1.35293e-04 1.14126e-04 9.18687e-05 6.48817e-05 4.17252e-05 2.73709e-05 2.07660e-05 1.73358e-05 1.34180e-05 9.89011e-06 8.71261e-06 8.86819e-06 8.41774e-06 7.04540e-06 5.35890e-06 3.75479e-06 2.34611e-06 1.21734e-06 4.76019e-07 1.25097e-07 1.96877e-08 1.68695e-09 3.61939e-11
7.492791 2.35674e-03 6.74343e-03 1.10906e-02 1.47744e-02 1.65305e-02 1.68502e-02 1.64735e-02 1.56534e-02 1.45184e-02 1.33327e-02 1.23628e-02 1.16700e-02 1.11668e-02 1.07919e-02 1.05114e-02 1.03014e-02 1.01493e-02 1.00495e-02 9.99697e-03 9.98251e-03 9.98945e-03 9.99603e-03 9.98350e-03 9.94064e-03 9.86313e-03 9.75484e-03 9.63299e-03 9.52500e-03 9.44559e-03 9.38280e-03 9.31626e-03 9.23366e-03 9.13086e-03 9.01276e-03 8.89120e-03 8.77639e-03 8.67116e-03 8.57291e-03 8.48000e-03 8.39494e-03 8.31793e-03 8.23768e-03 8.13693e-03 8.01064e-03 7.87242e-03 7.74079e-03 7.62035e-03 7.49585e-03 7.34784e-03 7.17428e-03 6.99196e-03 6.81930e-03 6.66405e-03 6.52395e-03 6.39319e-03 6.26688e-03 6.14262e-03 6.02059e-03 5.90316e-03 5.79363e-03 5.69478e-03 5.60814e-03 5.53464e-03 5.47555e-03 5.43164e-03 5.40082e-03 5.37702e-03 5.35275e-03 5.32317e-03 5.28731e-03 5.24618e-03 5.20131e-03 5.15521e-03 5.11207e-03 5.07731e-03 5.05491e-03 5.04351e-03 5.03467e-03 5.01748e-03 4.98750e-03 4.95028e-03 4.91380e-03 4.87894e-03 4.83885e-03 4.78650e-03 4.72143e-03 4.64918e-03 4.57390e-03 4.49254e-03 4.39886e-03 4.29393e-03 4.18871e-03 4.09519e-03 4.01825e-03 3.95633e-03 3.90660e-03 3.86743e-03 3.83679e-03 3.81111e-03 3.78673e-03 3.76127e-03 3.73375e-03 3.70383e-03 3.67103e-03 3.63556e-03 3.59985e-03 3.56772e-03 3.54104e-03 3.51937e-03 3.50249e-03 3.49080e-03 3.48374e-03 3.47893e-03 3.47297e-03 3.46259e-03 3.44600e-03 3.42429e-03 3.40179e-03 3.38332e-03 3.37009e-03 3.35926e-03 3.34557e-03 3.32369e-03 3.29186e-03 3.25242e-03 3.20889e-03 3.16411e-03 3.11991e-03 3.07735e-03 3.03700e-03 2.99930e-03 2.96475e-03 2.93384e-03 2.90677e-03 2.88312e-03 2.86150e-03 2.83953e-03 2.81380e-03 2.77969e-03 2.73206e-03 2.66954e-03 2.60020e-03 2.53737e-03 2.48461e-03 2.43420e-03 2.37841e-03 2.31216e-03 2.23627e-03 2.15939e-03 2.08926e-03 2.02933e-03 1.98215e-03 1.94612e-03 1.91593e-03 1.88732e-03 1.85816e-03 1.82749e-03 1.79501e-03 1.76087e-03 1.72549e-03 1.68941e-03 1.65335e-03 1.61794e-03 1.58319e-03 1.54781e-03 1.50945e-03 1.46631e-03 1.41905e-03 1.37061e-03 1.32456e-03 1.28408e-03 1.25166e-03 1.22757e-03 1.20936e-03 1.19429e-03 1.18083e-03 1.16877e-03 1.15891e-03 1.15250e-03 1.15100e-03 1.15577e-03 1.16686e-03 1.18130e-03 1.19350e-03 1.19832e-03 1.19398e-03 1.18176e-03 1.16420e-03 1.14435e-03 1.12514e-03 1.10792e-03 1.09220e-03 1.07711e-03 1.06241e-03 1.04831e-03 1.03492e-03 1.02203e-03 1.00914e-03 9.95538e-04 9.80469e-04 9.63256e-04 9.43592e-04 9.21751e-04 8.98525e-04 8.74843e-04 8.51391e-04 8.28480e-04 8.06124e-04 7.84212e-04 7.62640e-04 7.41369e-04 7.20402e-04 6.99708e-04 6.79151e-04 6.58486e-04 6.37424e-04 6.15729e-04 5.93333e-04 5.70421e-04 5.47446e-04 5.25085e-04 5.04082e-04 4.85022e-04 4.68052e-04 4.52644e-04 4.37541e-04 4.21011e-04 4.01413e-04 3.77828e-04 3.50530e-04 3.21060e-04 2.91555e-04 2.62744e-04 2.30644e-04 1.88399e-04 1.42955e-04 1.12316e-04 9.19194e-05 6.86120e-05 4.47042e-05 2.71845e-05 1.78259e-05 1.31175e-05 9.60514e-06 7.29294e-06 6.33461e-06 5.54725e-06 4.36091e-06 3.04313e-06 1.87915e-06 9.78573e-07 3.89697e-07 1.03719e-07 1.58380e-08 1.22470e-09 2.44162e-11
7.592695 2.42152e-03 6.80427e-03 1.10091e-02 1.46266e-02 1.65069e-02 1.69874e-02 1.65412e-02 1.54974e-02 1.42155e-02 1.30341e-02 1.21413e-02 1.14971e-02 1.10075e-02 1.06296e-02 1.03406e-02 1.01226e-02 9.96620e-03 9.86974e-03 9.83087e-03 9.83941e-03 9.87470e-03 9.90621e-03 9.90198e-03 9.84650e-03 9.75145e-03 9.64141e-03 9.53413e-03 9.43926e-03 9.35801e-03 9.27867e-03 9.18767e-03 9.08255e-03 8.97020e-03 8.85898e-03 8.75465e-03 8.65941e-03 8.57239e-03 8.49105e-03 8.41293e-03 8.33813e-03 8.27224e-03 8.22387e-03 8.19142e-03 8.15181e-03 8.07500e-03 7.95406e-03 7.80926e-03 7.65992e-03 7.50217e-03 7.32051e-03 7.11491e-03 6.90487e-03 6.71034e-03 6.53986e-03 6.39355e-03 6.26847e-03 6.16047e-03 6.06417e-03 5.97353e-03 5.88325e-03 5.79068e-03 5.69701e-03 5.60709e-03 5.52744e-03 5.46311e-03 5.41452e-03 5.37680e-03 5.34286e-03 5.30747e-03 5.26837e-03 5.22472e-03 5.17588e-03 5.12246e-03 5.06825e-03 5.02104e-03 4.98998e-03 4.97922e-03 4.98278e-03 4.98809e-03 4.98623e-03 4.97629e-03 4.95850e-03 4.92806e-03 4.87907e-03 4.81221e-03 4.73590e-03 4.66031e-03 4.59025e-03 4.52317e-03 4.45276e-03 4.37315e-03 4.28230e-03 4.18469e-03 4.09049e-03 4.00961e-03 3.94559e-03 3.89532e-03 3.85321e-03 3.81520e-03 3.77975e-03 3.74600e-03 3.71193e-03 3.67470e-03 3.63266e-03 3.58740e-03 3.54380e-03 3.50704e-03 3.47936e-03 3.45987e-03 3.44565e-03 3.43296e-03 3.41820e-03 3.39872e-03 3.37437e-03 3.34920e-03 3.33077e-03 3.32544e-03 3.33235e-03 3.34242e-03 3.34491e-03 3.33598e-03 3.31873e-03 3.29621e-03 3.26942e-03 3.23912e-03 3.20633e-03 3.17214e-03 3.13760e-03 3.10365e-03 3.07116e-03 3.04072e-03 3.01258e-03 2.98666e-03 2.96257e-03 2.93942e-03 2.91530e-03 2.88734e-03 2.85296e-03 2.81089e-03 2.75973e-03 2.69951e-03 2.63839e-03 2.58636e-03 2.53991e-03 2.48833e-03 2.42506e-03 2.34900e-03 2.26515e-03 2.18248e-03 2.10738e-03 2.04242e-03 1.98862e-03 1.94410e-03 1.90508e-03 1.86896e-03 1.83481e-03 1.80263e-03 1.77249e-03 1.74379e-03 1.71480e-03 1.68307e-03 1.64659e-03 1.60517e-03 1.56075e-03 1.51583e-03 1.47128e-03 1.42637e-03 1.38083e-03 1.33610e-03 1.29513e-03 1.26127e-03 1.23671e-03 1.22043e-03 1.20891e-03 1.20008e-03 1.19512e-03 1.19713e-03 1.20788e-03 1.22453e-03 1.24025e-03 1.24837e-03 1.24606e-03 1.23496e-03 1.21929e-03 1.20288e-03 1.18718e-03 1.17137e-03 1.15472e-03 1.13858e-03 1.12522e-03 1.11463e-03 1.10464e-03 1.09384e-03 1.08259e-03 1.07158e-03 1.06078e-03 1.04945e-03 1.03646e-03 1.02059e-03 1.00114e-03 9.78404e-04 9.53705e-04 9.28775e-04 9.05113e-04 8.83628e-04 8.64605e-04 8.47793e-04 8.32545e-04 8.18108e-04 8.03990e-04 7.90056e-04 7.76276e-04 7.62426e-04 7.48049e-04 7.32606e-04 7.15637e-04 6.96846e-04 6.76145e-04 6.53672e-04 6.29764e-04 6.04893e-04 5.79577e-04 5.54336e-04 5.29696e-04 5.06215e-04 4.84448e-04 4.64774e-04 4.47132e-04 4.30755e-04 4.14106e-04 3.95215e-04 3.72375e-04 3.44854e-04 3.13143e-04 2.78100e-04 2.38928e-04 1.93329e-04 1.45262e-04 1.07881e-04 8.37648e-05 6.25488e-05 4.11765e-05 2.46025e-05 1.54644e-05 1.08231e-05 7.64044e-06 5.45773e-06 3.95878e-06 2.67944e-06 1.59286e-06 7.98090e-07 3.10830e-07 8.16593e-08 1.19550e-08 8.15755e-10 1.46609e-11
7.692598 2.47880e-03 6.81373e-03 1.08495e-02 1.44738e-02 1.65334e-02 1.71111e-02 1.65629e-02 1.53639e-02 1.40115e-02 1.28546e-02 1.20000e-02 1.13633e-02 1.08631e-02 1.04725e-02 1.01812e-02 9.97651e-03 9.84392e-03 9.77155e-03 9.74949e-03 9.76407e-03 9.79527e-03 9.82220e-03 9.82473e-03 9.78017e-03 9.67935e-03 9.54646e-03 9.41618e-03 9.30027e-03 9.19310e-03 9.09097e-03 8.99563e-03 8.90865e-03 8.82801e-03 8.74927e-03 8.66894e-03 8.58545e-03 8.49781e-03 8.40556e-03 8.31022e-03 8.21672e-03 8.13368e-03 8.07273e-03 8.04576e-03 8.05589e-03 8.08262e-03 8.07993e-03 8.00650e-03 7.85980e-03 7.66745e-03 7.45286e-03 7.22606e-03 6.99725e-03 6.77985e-03 6.58379e-03 6.41392e-03 6.27185e-03 6.15665e-03 6.06491e-03 5.99110e-03 5.92824e-03 5.86870e-03 5.80559e-03 5.73467e-03 5.65602e-03 5.57379e-03 5.49361e-03 5.41954e-03 5.35289e-03 5.29277e-03 5.23711e-03 5.18338e-03 5.12902e-03 5.07234e-03 5.01445e-03 4.96113e-03 4.92128e-03 4.90089e-03 4.89769e-03 4.90297e-03 4.90891e-03 4.91302e-03 4.91511e-03 4.91091e-03 4.89152e-03 4.84946e-03 4.78404e-03 4.70251e-03 4.61637e-03 4.53492e-03 4.46187e-03 4.39662e-03 4.33484e-03 4.26914e-03 4.19574e-03 4.11944e-03 4.04784e-03 3.98414e-03 3.92729e-03 3.87484e-03 3.82435e-03 3.77348e-03 3.72021e-03 3.66394e-03 3.60719e-03 3.55570e-03 3.51522e-03 3.48717e-03 3.46738e-03 3.44835e-03 3.42335e-03 3.39068e-03 3.35615e-03 3.33057e-03 3.32134e-03 3.32431e-03 3.32608e-03 3.31638e-03 3.29577e-03 3.27036e-03 3.24375e-03 3.21766e-03 3.19405e-03 3.17352e-03 3.15563e-03 3.13995e-03 3.12589e-03 3.11282e-03 3.10001e-03 3.08660e-03 3.07138e-03 3.05321e-03 3.03143e-03 3.00577e-03 2.97604e-03 2.94254e-03 2.90683e-03 2.87082e-03 2.83488e-03 2.79708e-03 2.75405e-03 2.70572e-03 2.66023e-03 2.62077e-03 2.57609e-03 2.51669e-03 2.44382e-03 2.36359e-03 2.28170e-03 2.20348e-03 2.13368e-03 2.07386e-03 2.02229e-03 1.97623e-03 1.93376e-03 1.89398e-03 1.85625e-03 1.81970e-03 1.78329e-03 1.74595e-03 1.70680e-03 1.66548e-03 1.62250e-03 1.57942e-03 1.53777e-03 1.49739e-03 1.45652e-03 1.41380e-03 1.37011e-03 1.32866e-03 1.29445e-03 1.27231e-03 1.26377e-03 1.26564e-03 1.27328e-03 1.28398e-03 1.29581e-03 1.30567e-03 1.30961e-03 1.30457e-03 1.29029e-03 1.27013e-03 1.24960e-03 1.23296e-03 1.22076e-03 1.21039e-03 1.19900e-03 1.18588e-03 1.17342e-03 1.16541e-03 1.16288e-03 1.16219e-03 1.15890e-03 1.15182e-03 1.14199e-03 1.13000e-03 1.11530e-03 1.09713e-03 1.07517e-03 1.04981e-03 1.02205e-03 9.93287e-04 9.65068e-04 9.38705e-04 9.15113e-04 8.94836e-04 8.78146e-04 8.65055e-04 8.55233e-04 8.47944e-04 8.42143e-04 8.36733e-04 8.30857e-04 8.24014e-04 8.15921e-04 8.06239e-04 7.94425e-04 7.79860e-04 7.62175e-04 7.41490e-04 7.18394e-04 6.93713e-04 6.68195e-04 6.42294e-04 6.16140e-04 5.89721e-04 5.63083e-04 5.36431e-04 5.10128e-04 4.84633e-04 4.60398e-04 4.37677e-04 4.16254e-04 3.95214e-04 3.72934e-04 3.47476e-04 3.17153e-04 2.80696e-04 2.36922e-04 1.86170e-04 1.34942e-04 9.42873e-05 6.70488e-05 4.65202e-05 2.93180e-05 1.79643e-05 1.23371e-05 8.68962e-06 5.53545e-06 3.21475e-06 1.69340e-06 7.62511e-07 2.68792e-07 6.46561e-08 8.55306e-09 4.80196e-10 7.11664e-12
7.792502 2.52155e-03 6.80484e-03 1.07160e-02 1.43897e-02 1.65820e-02 1.71712e-02 1.65163e-02 1.52136e-02 1.38253e-02 1.26757e-02 1.18180e-02 1.11680e-02 1.06680e-02 1.03012e-02 1.00487e-02 9.88257e-03 9.77767e-03 9.71820e-03 9.69488e-03 9.70194e-03 9.72786e-03 9.74470e-03 9.72304e-03 9.65648e-03 9.55493e-03 9.42689e-03 9.28073e-03 9.13122e-03 8.99703e-03 8.89203e-03 8.81849e-03 8.76677e-03 8.72090e-03 8.66610e-03 8.59453e-03 8.50614e-03 8.40490e-03 8.29583e-03 8.18394e-03 8.07402e-03 7.97176e-03 7.88620e-03 7.83070e-03 7.81898e-03 7.85562e-03 7.92367e-03 7.97845e-03 7.96094e-03 7.83137e-03 7.59845e-03 7.31561e-03 7.04343e-03 6.81201e-03 6.61929e-03 6.45552e-03 6.31672e-03 6.20149e-03 6.10656e-03 6.02692e-03 5.95730e-03 5.89307e-03 5.83056e-03 5.76709e-03 5.70068e-03 5.62940e-03 5.55171e-03 5.46819e-03 5.38247e-03 5.29944e-03 5.22214e-03 5.15045e-03 5.08217e-03 5.01509e-03 4.94905e-03 4.88732e-03 4.83591e-03 4.80050e-03 4.78292e-03 4.77968e-03 4.78346e-03 4.78768e-03 4.79017e-03 4.79098e-03 4.78756e-03 4.77453e-03 4.74699e-03 4.70260e-03 4.64274e-03 4.57313e-03 4.50182e-03 4.43544e-03 4.37690e-03 4.32599e-03 4.27981e-03 4.23112e-03 4.17107e-03 4.09906e-03 4.02394e-03 3.95205e-03 3.88182e-03 3.80978e-03 3.73643e-03 3.66687e-03 3.60714e-03 3.55911e-03 3.51835e-03 3.47776e-03 3.43454e-03 3.39438e-03 3.36807e-03 3.36096e-03 3.36494e-03 3.36310e-03 3.34385e-03 3.30908e-03 3.26899e-03 3.23267e-03 3.20406e-03 3.18211e-03 3.16285e-03 3.14374e-03 3.12514e-03 3.10746e-03 3.09055e-03 3.07438e-03 3.05900e-03 3.04432e-03 3.02994e-03 3.01500e-03 2.99823e-03 2.97822e-03 2.95407e-03 2.92653e-03 2.89816e-03 2.87178e-03 2.84864e-03 2.82787e-03 2.80708e-03 2.78207e-03 2.74682e-03 2.70016e-03 2.65051e-03 2.59926e-03 2.53655e-03 2.46166e-03 2.38410e-03 2.31077e-03 2.24371e-03 2.18458e-03 2.13478e-03 2.09332e-03 2.05765e-03 2.02527e-03 1.99440e-03 1.96387e-03 1.93261e-03 1.89941e-03 1.86308e-03 1.82297e-03 1.77910e-03 1.73186e-03 1.68204e-03 1.63128e-03 1.58187e-03 1.53587e-03 1.49467e-03 1.45867e-03 1.42688e-03 1.39859e-03 1.37600e-03 1.36274e-03 1.35937e-03 1.36262e-03 1.36810e-03 1.37167e-03 1.36954e-03 1.35951e-03 1.34229e-03 1.32143e-03 1.30156e-03 1.28611e-03 1.27583e-03 1.26890e-03 1.26242e-03 1.25426e-03 1.24499e-03 1.23889e-03 1.24120e-03 1.25218e-03 1.26505e-03 1.27126e-03 1.26743e-03 1.25589e-03 1.23973e-03 1.21994e-03 1.19634e-03 1.16910e-03 1.13927e-03 1.10828e-03 1.07741e-03 1.04777e-03 1.02031e-03 9.95857e-04 9.74858e-04 9.57464e-04 9.43674e-04 9.33374e-04 9.26249e-04 9.21729e-04 9.19028e-04 9.17251e-04 9.15498e-04 9.12948e-04 9.08937e-04 9.03003e-04 8.94811e-04 8.84008e-04 8.70201e-04 8.53118e-04 8.32806e-04 8.09697e-04 7.84473e-04 7.57828e-04 7.30296e-04 7.02212e-04 6.73753e-04 6.44963e-04 6.15778e-04 5.86087e-04 5.55830e-04 5.25100e-04 4.94201e-04 4.63597e-04 4.33733e-04 4.04714e-04 3.75965e-04 3.46015e-04 3.12587e-04 2.73037e-04 2.25476e-04 1.71357e-04 1.18079e-04 7.55968e-05 4.71711e-05 2.85680e-05 1.72087e-05 1.21188e-05 9.10990e-06 5.72429e-06 2.85348e-06 1.14093e-06 3.49315e-07 7.22117e-08 8.02338e-09 3.29809e-10 3.04722e-12
7.892406 2.55344e-03 6.81537e-03 1.06687e-02 1.43847e-02 1.66200e-02 1.71511e-02 1.63908e-02 1.50082e-02 1.35777e-02 1.24020e-02 1.15309e-02 1.09006e-02 1.04510e-02 1.01388e-02 9.92532e-03 9.78021e-03 9.68390e-03 9.62473e-03 9.59400e-03 9.57942e-03 9.56794e-03 9.55458e-03 9.53486e-03 9.49215e-03 9.40534e-03 9.26988e-03 9.10680e-03 8.94982e-03 8.82564e-03 8.74394e-03 8.69721e-03 8.66650e-03 8.63100e-03 8.57578e-03 8.49471e-03 8.39098e-03 8.27416e-03 8.15446e-03 8.03884e-03 7.93060e-03 7.83063e-03 7.73942e-03 7.66066e-03 7.60521e-03 7.59012e-03 7.62787e-03 7.71004e-03 7.79734e-03 7.82620e-03 7.73270e-03 7.49710e-03 7.18279e-03 6.89172e-03 6.67094e-03 6.50342e-03 6.36347e-03 6.24219e-03 6.13880e-03 6.05120e-03 5.97478e-03 5.90460e-03 5.83718e-03 5.77073e-03 5.70419e-03 5.63593e-03 5.56367e-03 5.48603e-03 5.40397e-03 5.32058e-03 5.23910e-03 5.16064e-03 5.08362e-03 5.00543e-03 4.92519e-03 4.84572e-03 4.77344e-03 4.71593e-03 4.67850e-03 4.66096e-03 4.65710e-03 4.65793e-03 4.65710e-03 4.65356e-03 4.64887e-03 4.64220e-03 4.62978e-03 4.60865e-03 4.57909e-03 4.54378e-03 4.50540e-03 4.46495e-03 4.42209e-03 4.37655e-03 4.32855e-03 4.27850e-03 4.22753e-03 4.17568e-03 4.11714e-03 4.04341e-03 3.95641e-03 3.86945e-03 3.79202e-03 3.72226e-03 3.65365e-03 3.58494e-03 3.52418e-03 3.48264e-03 3.46283e-03 3.45302e-03 3.43575e-03 3.40173e-03 3.35478e-03 3.30486e-03 3.25940e-03 3.22071e-03 3.18833e-03 3.16144e-03 3.13935e-03 3.12078e-03 3.10353e-03 3.08626e-03 3.06935e-03 3.05304e-03 3.03701e-03 3.02094e-03 3.00449e-03 2.98698e-03 2.96732e-03 2.94436e-03 2.91782e-03 2.88877e-03 2.85917e-03 2.83076e-03 2.80472e-03 2.78190e-03 2.76252e-03 2.74523e-03 2.72704e-03 2.70355e-03 2.66943e-03 2.62462e-03 2.57630e-03 2.52324e-03 2.45920e-03 2.38884e-03 2.32009e-03 2.25619e-03 2.19876e-03 2.14900e-03 2.10696e-03 2.07230e-03 2.04418e-03 2.02056e-03 1.99886e-03 1.97692e-03 1.95350e-03 1.92825e-03 1.90132e-03 1.87304e-03 1.84397e-03 1.81502e-03 1.78683e-03 1.75860e-03 1.72790e-03 1.69300e-03 1.65493e-03 1.61638e-03 1.57992e-03 1.54776e-03 1.52183e-03 1.50204e-03 1.48542e-03 1.46864e-03 1.45037e-03 1.43092e-03 1.41123e-03 1.39244e-03 1.37572e-03 1.36218e-03 1.35268e-03 1.34705e-03 1.34338e-03 1.33864e-03 1.33090e-03 1.32254e-03 1.32160e-03 1.33528e-03 1.35970e-03 1.38172e-03 1.39078e-03 1.38483e-03 1.36812e-03 1.34601e-03 1.32122e-03 1.29450e-03 1.26657e-03 1.23849e-03 1.21099e-03 1.18462e-03 1.16027e-03 1.13906e-03 1.12169e-03 1.10795e-03 1.09704e-03 1.08831e-03 1.08168e-03 1.07715e-03 1.07443e-03 1.07285e-03 1.07158e-03 1.06972e-03 1.06647e-03 1.06134e-03 1.05425e-03 1.04545e-03 1.03522e-03 1.02348e-03 1.00977e-03 9.93391e-04 9.73701e-04 9.50384e-04 9.23585e-04 8.93955e-04 8.62504e-04 8.30295e-04 7.98121e-04 7.66334e-04 7.34881e-04 7.03437e-04 6.71542e-04 6.38697e-04 6.04465e-04 5.68595e-04 5.31158e-04 4.92612e-04 4.53684e-04 4.15005e-04 3.76572e-04 3.37319e-04 2.95145e-04 2.47740e-04 1.94445e-04 1.38596e-04 8.78506e-05 4.96951e-05 2.57083e-05 1.33113e-05 9.05506e-06 7.33711e-06 4.73504e-06 2.13959e-06 6.59269e-07 1.27611e-07 1.26519e-08 4.18236e-10 2.15853e-12
7.992310 2.59275e-03 6.88818e-03 1.07463e-02 1.44770e-02 1.66708e-02 1.70903e-02 1.62076e-02 1.47385e-02 1.32679e-02 1.20952e-02 1.12694e-02 1.07045e-02 1.03025e-02 1.00059e-02 9.79054e-03 9.64531e-03 9.55381e-03 9.48967e-03 9.43325e-03 9.38800e-03 9.36682e-03 9.36531e-03 9.35700e-03 9.31107e-03 9.21340e-03 9.07578e-03 8.92841e-03 8.80252e-03 8.71522e-03 8.66430e-03 8.63293e-03 8.59975e-03 8.54846e-03 8.47178e-03 8.37084e-03 8.25365e-03 8.13092e-03 8.01094e-03 7.89826e-03 7.79491e-03 7.70043e-03 7.61202e-03 7.52704e-03 7.44796e-03 7.38668e-03 7.36351e-03 7.39648e-03 7.48416e-03 7.59258e-03 7.65404e-03 7.58813e-03 7.36490e-03 7.05688e-03 6.77338e-03 6.55848e-03 6.39486e-03 6.25937e-03 6.14369e-03 6.04665e-03 5.96614e-03 5.89767e-03 5.83626e-03 5.77794e-03 5.71960e-03 5.65842e-03 5.59194e-03 5.51867e-03 5.43868e-03 5.35379e-03 5.26728e-03 5.18289e-03 5.10295e-03 5.02687e-03 4.95157e-03 4.87430e-03 4.79592e-03 4.72187e-03 4.65971e-03 4.61470e-03 4.58680e-03 4.57079e-03 4.55889e-03 4.54482e-03 4.52763e-03 4.51128e-03 4.49974e-03 4.49244e-03 4.48400e-03 4.46817e-03 4.44229e-03 4.40821e-03 4.36990e-03 4.33036e-03 4.28996e-03 4.24673e-03 4.19848e-03 4.14499e-03 4.08900e-03 4.03518e-03 3.98577e-03 3.93556e-03 3.87764e-03 3.81719e-03 3.76782e-03 3.73190e-03 3.69584e-03 3.64534e-03 3.57826e-03 3.50294e-03 3.42906e-03 3.36180e-03 3.30210e-03 3.24933e-03 3.20312e-03 3.16358e-03 3.13089e-03 3.10457e-03 3.08306e-03 3.06387e-03 3.04456e-03 3.02420e-03 3.00346e-03 2.98273e-03 2.96150e-03 2.93901e-03 2.91479e-03 2.88908e-03 2.86283e-03 2.83732e-03 2.81347e-03 2.79167e-03 2.77198e-03 2.75440e-03 2.73871e-03 2.72405e-03 2.70875e-03 2.69055e-03 2.66669e-03 2.63364e-03 2.58791e-03 2.53213e-03 2.47287e-03 2.40845e-03 2.33797e-03 2.27020e-03 2.21314e-03 2.16833e-03 2.13310e-03 2.10408e-03 2.07891e-03 2.05588e-03 2.03318e-03 2.00933e-03 1.98415e-03 1.95889e-03 1.93531e-03 1.91468e-03 1.89693e-03 1.88039e-03 1.86288e-03 1.84369e-03 1.82428e-03 1.80681e-03 1.79222e-03 1.77978e-03 1.76762e-03 1.75372e-03 1.73686e-03 1.71713e-03 1.69485e-03 1.66938e-03 1.64017e-03 1.60838e-03 1.57628e-03 1.54569e-03 1.51768e-03 1.49328e-03 1.47396e-03 1.46103e-03 1.45413e-03 1.44982e-03 1.44256e-03 1.43003e-03 1.41837e-03 1.41975e-03 1.44046e-03 1.47080e-03 1.49249e-03 1.49537e-03 1.48081e-03 1.45554e-03 1.42706e-03 1.40012e-03 1.37603e-03 1.35457e-03 1.33532e-03 1.31813e-03 1.30343e-03 1.29210e-03 1.28464e-03 1.28075e-03 1.27942e-03 1.27936e-03 1.27971e-03 1.28018e-03 1.28065e-03 1.28090e-03 1.28036e-03 1.27823e-03 1.27379e-03 1.26663e-03 1.25677e-03 1.24472e-03 1.23101e-03 1.21580e-03 1.19882e-03 1.17963e-03 1.15794e-03 1.13376e-03 1.10723e-03 1.07856e-03 1.04786e-03 1.01515e-03 9.80578e-04 9.44488e-04 9.07525e-04 8.70455e-04 8.33892e-04 7.98069e-04 7.62809e-04 7.27651e-04 6.91989e-04 6.55165e-04 6.16552e-04 5.75685e-04 5.32454e-04 4.87247e-04 4.40860e-04 3.94068e-04 3.47007e-04 2.98849e-04 2.48239e-04 1.94646e-04 1.39994e-04 8.92506e-05 4.85979e-05 2.18183e-05 8.59290e-06 4.79020e-06 3.95967e-06 2.52100e-06 9.89246e-07 2.20289e-07 2.32954e-08 7.68276e-10 3.38950e-12
8.092214 2.62644e-03 6.95153e-03 1.07811e-02 1.44269e-02 1.64788e-02 1.67645e-02 1.58154e-02 1.43522e-02 1.29417e-02 1.18505e-02 1.10905e-02 1.05568e-02 1.01560e-02 9.85098e-03 9.63735e-03 9.50326e-03 9.41551e-03 9.34230e-03 9.27847e-03 9.23686e-03 9.22058e-03 9.20960e-03 9.17372e-03 9.09732e-03 8.98946e-03 8.87300e-03 8.76980e-03 8.69286e-03 8.64281e-03 8.60881e-03 8.57482e-03 8.52661e-03 8.45582e-03 8.36165e-03 8.24941e-03 8.12692e-03 8.00230e-03 7.88233e-03 7.77108e-03 7.66957e-03 7.57620e-03 7.48814e-03 7.40323e-03 7.32150e-03 7.24604e-03 7.18477e-03 7.15200e-03 7.16440e-03 7.22842e-03 7.32345e-03 7.38993e-03 7.34616e-03 7.16071e-03 6.90026e-03 6.65682e-03 6.46468e-03 6.31269e-03 6.18540e-03 6.07589e-03 5.98233e-03 5.90360e-03 5.83713e-03 5.77871e-03 5.72384e-03 5.66897e-03 5.61190e-03 5.55135e-03 5.48633e-03 5.41599e-03 5.34015e-03 5.26001e-03 5.17799e-03 5.09648e-03 5.01653e-03 4.93757e-03 4.85905e-03 4.78248e-03 4.71197e-03 4.65185e-03 4.60293e-03 4.56232e-03 4.52670e-03 4.49441e-03 4.46544e-03 4.44096e-03 4.42213e-03 4.40852e-03 4.39722e-03 4.38321e-03 4.36139e-03 4.32909e-03 4.28663e-03 4.23673e-03 4.18455e-03 4.13729e-03 4.10049e-03 4.07342e-03 4.05006e-03 4.02630e-03 4.00434e-03 3.98795e-03 3.97526e-03 3.95833e-03 3.92772e-03 3.87727e-03 3.80839e-03 3.72835e-03 3.64368e-03 3.55792e-03 3.47395e-03 3.39472e-03 3.32241e-03 3.25803e-03 3.20173e-03 3.15328e-03 3.11220e-03 3.07768e-03 3.04827e-03 3.02149e-03 2.99479e-03 2.96722e-03 2.93945e-03 2.91180e-03 2.88408e-03 2.85650e-03 2.82986e-03 2.80507e-03 2.78265e-03 2.76268e-03 2.74502e-03 2.72945e-03 2.71559e-03 2.70274e-03 2.68985e-03 2.67549e-03 2.65760e-03 2.63388e-03 2.60237e-03 2.56085e-03 2.50748e-03 2.44601e-03 2.38264e-03 2.31865e-03 2.25768e-03 2.20609e-03 2.16534e-03 2.13250e-03 2.10370e-03 2.07605e-03 2.04870e-03 2.02298e-03 2.00119e-03 1.98456e-03 1.97187e-03 1.95990e-03 1.94583e-03 1.92965e-03 1.91383e-03 1.90087e-03 1.89149e-03 1.88459e-03 1.87838e-03 1.87120e-03 1.86173e-03 1.84891e-03 1.83214e-03 1.81172e-03 1.78932e-03 1.76717e-03 1.74661e-03 1.72784e-03 1.71086e-03 1.69596e-03 1.68371e-03 1.67491e-03 1.66985e-03 1.66722e-03 1.66389e-03 1.65629e-03 1.64253e-03 1.62477e-03 1.61034e-03 1.60766e-03 1.61802e-03 1.63374e-03 1.64469e-03 1.64289e-03 1.62443e-03 1.59220e-03 1.55496e-03 1.52260e-03 1.49996e-03 1.48486e-03 1.47331e-03 1.46396e-03 1.45759e-03 1.45506e-03 1.45623e-03 1.46025e-03 1.46604e-03 1.47234e-03 1.47799e-03 1.48216e-03 1.48445e-03 1.48468e-03 1.48287e-03 1.47896e-03 1.47265e-03 1.46343e-03 1.45113e-03 1.43598e-03 1.41834e-03 1.39829e-03 1.37572e-03 1.35064e-03 1.32325e-03 1.29388e-03 1.26293e-03 1.23069e-03 1.19736e-03 1.16300e-03 1.12758e-03 1.09096e-03 1.05303e-03 1.01367e-03 9.72964e-04 9.31189e-04 8.88918e-04 8.46877e-04 8.05698e-04 7.65667e-04 7.26646e-04 6.88177e-04 6.49606e-04 6.10159e-04 5.69030e-04 5.25564e-04 4.79531e-04 4.31309e-04 3.81746e-04 3.31643e-04 2.81206e-04 2.30059e-04 1.78114e-04 1.26824e-04 7.98026e-05 4.19193e-05 1.69178e-05 4.94618e-06 1.68556e-06 1.23819e-06 7.22923e-07 2.17647e-07 2.82183e-08 1.04428e-09 4.51184e-12
8.192118 2.63935e-03 6.96547e-03 1.07208e-02 1.41949e-02 1.60507e-02 1.62401e-02 1.53257e-02 1.39704e-02 1.26778e-02 1.16682e-02 1.09378e-02 1.04059e-02 1.00082e-02 9.71652e-03 9.51870e-03 9.39498e-03 9.31622e-03 9.25941e-03 9.21747e-03 9.18834e-03 9.15705e-03 9.09964e-03 9.00688e-03 8.89543e-03 8.79283e-03 8.71599e-03 8.66517e-03 8.63168e-03 8.60516e-03 8.57513e-03 8.53127e-03 8.46596e-03 8.37751e-03 8.27052e-03 8.15165e-03 8.02634e-03 7.90046e-03 7.78129e-03 7.67365e-03 7.57654e-03 7.48462e-03 7.39337e-03 7.30269e-03 7.21610e-03 7.13719e-03 7.06732e-03 7.00756e-03 6.96411e-03 6.95101e-03 6.98202e-03 7.04933e-03 7.10327e-03 7.07296e-03 6.93622e-03 6.74485e-03 6.56030e-03 6.40326e-03 6.26792e-03 6.14720e-03 6.03907e-03 5.94382e-03 5.86158e-03 5.79113e-03 5.72942e-03 5.67242e-03 5.61686e-03 5.56098e-03 5.50393e-03 5.44504e-03 5.38368e-03 5.31940e-03 5.25194e-03 5.18084e-03 5.10527e-03 5.02498e-03 4.94179e-03 4.85914e-03 4.78033e-03 4.70812e-03 4.64481e-03 4.59103e-03 4.54518e-03 4.50425e-03 4.46558e-03 4.42850e-03 4.39421e-03 4.36370e-03 4.33593e-03 4.30780e-03 4.27576e-03 4.23843e-03 4.19813e-03 4.15957e-03 4.12687e-03 4.10268e-03 4.08949e-03 4.08909e-03 4.09797e-03 4.10508e-03 4.09786e-03 4.07114e-03 4.02861e-03 3.97667e-03 3.91885e-03 3.85669e-03 3.79294e-03 3.72989e-03 3.66517e-03 3.59456e-03 3.51868e-03 3.44287e-03 3.37205e-03 3.30778e-03 3.24896e-03 3.19385e-03 3.14172e-03 3.09306e-03 3.04854e-03 3.00750e-03 2.96825e-03 2.93070e-03 2.89644e-03 2.86630e-03 2.84003e-03 2.81719e-03 2.79725e-03 2.77954e-03 2.76333e-03 2.74799e-03 2.73287e-03 2.71718e-03 2.69995e-03 2.68015e-03 2.65673e-03 2.62869e-03 2.59506e-03 2.55513e-03 2.50907e-03 2.45726e-03 2.40115e-03 2.34635e-03 2.29682e-03 2.25013e-03 2.20614e-03 2.16800e-03 2.13667e-03 2.11092e-03 2.08954e-03 2.07202e-03 2.05769e-03 2.04461e-03 2.02977e-03 2.01153e-03 1.99181e-03 1.97505e-03 1.96523e-03 1.96376e-03 1.96923e-03 1.97782e-03 1.98434e-03 1.98388e-03 1.97378e-03 1.95423e-03 1.92741e-03 1.89615e-03 1.86321e-03 1.83106e-03 1.80148e-03 1.77521e-03 1.75242e-03 1.73390e-03 1.72159e-03 1.71793e-03 1.72419e-03 1.73869e-03 1.75666e-03 1.77306e-03 1.78715e-03 1.80543e-03 1.83792e-03 1.88753e-03 1.94282e-03 1.98214e-03 1.98604e-03 1.95032e-03 1.88812e-03 1.81958e-03 1.76034e-03 1.71631e-03 1.68662e-03 1.66833e-03 1.65646e-03 1.64577e-03 1.63524e-03 1.62739e-03 1.62422e-03 1.62547e-03 1.62964e-03 1.63520e-03 1.64083e-03 1.64516e-03 1.64685e-03 1.64514e-03 1.64008e-03 1.63229e-03 1.62224e-03 1.60973e-03 1.59396e-03 1.57438e-03 1.55127e-03 1.52526e-03 1.49681e-03 1.46622e-03 1.43382e-03 1.39999e-03 1.36506e-03 1.32927e-03 1.29282e-03 1.25580e-03 1.21820e-03 1.17993e-03 1.14081e-03 1.10066e-03 1.05934e-03 1.01677e-03 9.73018e-04 9.28249e-04 8.82777e-04 8.37055e-04 7.91679e-04 7.47318e-04 7.04531e-04 6.63565e-04 6.24263e-04 5.86115e-04 5.48334e-04 5.09935e-04 4.69930e-04 4.27661e-04 3.83121e-04 3.36980e-04 2.90152e-04 2.43190e-04 1.96129e-04 1.49168e-04 1.03777e-04 6.32190e-05 3.16400e-05 1.18000e-05 2.84609e-06 4.53447e-07 1.66905e-07 7.99458e-08 1.47621e-08 6.68708e-10 2.95936e-12
8.292022 2.62819e-03 6.90107e-03 1.05168e-02 1.37747e-02 1.54604e-02 1.56366e-02 1.48388e-02 1.36313e-02 1.24490e-02 1.14923e-02 1.07746e-02 1.02450e-02 9.85684e-03 9.58069e-03 9.39832e-03 9.29512e-03 9.25006e-03 9.23313e-03 9.21445e-03 9.17054e-03 9.08662e-03 8.96516e-03 8.83105e-03 8.71778e-03 8.64546e-03 8.61192e-03 8.60061e-03 8.59371e-03 8.57882e-03 8.54763e-03 8.49384e-03 8.41493e-03 8.31399e-03 8.19725e-03 8.07083e-03 7.94107e-03 7.81653e-03 7.70516e-03 7.60789e-03 7.51792e-03 7.42729e-03 7.33333e-03 7.23945e-03 7.15182e-03 7.07520e-03 7.01011e-03 6.95302e-03 6.90057e-03 6.85618e-03 6.83329e-03 6.84726e-03 6.89219e-03 6.92237e-03 6.88298e-03 6.77012e-03 6.62827e-03 6.49447e-03 6.37548e-03 6.26510e-03 6.15900e-03 6.05665e-03 5.96003e-03 5.87165e-03 5.79193e-03 5.71869e-03 5.64892e-03 5.58077e-03 5.51425e-03 5.45040e-03 5.38978e-03 5.33157e-03 5.27394e-03 5.21503e-03 5.15283e-03 5.08473e-03 5.00912e-03 4.92814e-03 4.84735e-03 4.77272e-03 4.70783e-03 4.65304e-03 4.60624e-03 4.56382e-03 4.52115e-03 4.47383e-03 4.42027e-03 4.36326e-03 4.30849e-03 4.26109e-03 4.22289e-03 4.19299e-03 4.17266e-03 4.16945e-03 4.19093e-03 4.23123e-03 4.26731e-03 4.27379e-03 4.24257e-03 4.18659e-03 4.12519e-03 4.06888e-03 4.01703e-03 3.96423e-03 3.90604e-03 3.84104e-03 3.77096e-03 3.70012e-03 3.63418e-03 3.57772e-03 3.53067e-03 3.48630e-03 3.43595e-03 3.37727e-03 3.31515e-03 3.25537e-03 3.19990e-03 3.14786e-03 3.09803e-03 3.04942e-03 3.00191e-03 2.95811e-03 2.92145e-03 2.89289e-03 2.87122e-03 2.85437e-03 2.83999e-03 2.82588e-03 2.81009e-03 2.79082e-03 2.76632e-03 2.73535e-03 2.69797e-03 2.65583e-03 2.61157e-03 2.56730e-03 2.52383e-03 2.48116e-03 2.43852e-03 2.39374e-03 2.34631e-03 2.30005e-03 2.25602e-03 2.21139e-03 2.16755e-03 2.12948e-03 2.10110e-03 2.08343e-03 2.07394e-03 2.06746e-03 2.05944e-03 2.04989e-03 2.04405e-03 2.04841e-03 2.06566e-03 2.09209e-03 2.11859e-03 2.13488e-03 2.13463e-03 2.11744e-03 2.08684e-03 2.04721e-03 2.00253e-03 1.95634e-03 1.91182e-03 1.87165e-03 1.83758e-03 1.81024e-03 1.78975e-03 1.77682e-03 1.77298e-03 1.77950e-03 1.79601e-03 1.82019e-03 1.84906e-03 1.88231e-03 1.92601e-03 1.98908e-03 2.06734e-03 2.13429e-03 2.16198e-03 2.14796e-03 2.11127e-03 2.07089e-03 2.03575e-03 2.00690e-03 1.98132e-03 1.95561e-03 1.92978e-03 1.90741e-03 1.89079e-03 1.87713e-03 1.86162e-03 1.84232e-03 1.82070e-03 1.79951e-03 1.78107e-03 1.76654e-03 1.75587e-03 1.74831e-03 1.74260e-03 1.73695e-03 1.72920e-03 1.71785e-03 1.70249e-03 1.68338e-03 1.66080e-03 1.63491e-03 1.60586e-03 1.57401e-03 1.54003e-03 1.50453e-03 1.46788e-03 1.43033e-03 1.39212e-03 1.35347e-03 1.31453e-03 1.27545e-03 1.23633e-03 1.19724e-03 1.15816e-03 1.11894e-03 1.07932e-03 1.03899e-03 9.97626e-04 9.55021e-04 9.11129e-04 8.66099e-04 8.20262e-04 7.74086e-04 7.28129e-04 6.82997e-04 6.39306e-04 5.97612e-04 5.58255e-04 5.21228e-04 4.86131e-04 4.52203e-04 4.18426e-04 3.83755e-04 3.47490e-04 3.09571e-04 2.70521e-04 2.30972e-04 1.91204e-04 1.51254e-04 1.11704e-04 7.45168e-05 4.29390e-05 2.00930e-05 6.99118e-06 1.58939e-06 1.95342e-07 1.27923e-08 1.69480e-09 1.25077e-10 7.13865e-13
8.391926 2.58179e-03 6.71827e-03 1.01096e-02 1.31197e-02 1.46754e-02 1.49079e-02 1.42864e-02 1.32561e-02 1.21833e-02 1.12690e-02 1.05589e-02 1.00290e-02 9.64428e-03 9.38151e-03 9.22953e-03 9.17109e-03 9.16632e-03 9.16392e-03 9.12553e-03 9.03501e-03 8.89868e-03 8.74518e-03 8.61227e-03 8.52441e-03 8.48327e-03 8.47516e-03 8.48206e-03 8.48817e-03 8.48172e-03 8.45415e-03 8.39998e-03 8.31834e-03 8.21342e-03 8.09266e-03 7.96526e-03 7.84158e-03 7.73034e-03 7.63430e-03 7.54827e-03 7.46320e-03 7.37293e-03 7.27791e-03 7.18385e-03 7.09752e-03 7.02284e-03 6.95953e-03 6.90457e-03 6.85468e-03 6.80872e-03 6.76998e-03 6.74750e-03 6.75165e-03 6.77872e-03 6.79697e-03 6.76540e-03 6.67733e-03 6.56467e-03 6.45754e-03 6.36204e-03 6.27170e-03 6.18176e-03 6.09113e-03 5.99951e-03 5.90733e-03 5.81663e-03 5.72904e-03 5.64380e-03 5.55935e-03 5.47618e-03 5.39754e-03 5.32686e-03 5.26411e-03 5.20553e-03 5.14671e-03 5.08518e-03 5.02089e-03 4.95564e-03 4.89234e-03 4.83405e-03 4.78300e-03 4.73917e-03 4.69893e-03 4.65595e-03 4.60503e-03 4.54512e-03 4.47892e-03 4.41091e-03 4.34700e-03 4.29573e-03 4.26770e-03 4.26994e-03 4.29837e-03 4.33801e-03 4.37209e-03 4.38957e-03 4.38479e-03 4.35688e-03 4.31132e-03 4.25573e-03 4.19265e-03 4.12059e-03 4.04120e-03 3.96143e-03 3.88954e-03 3.82992e-03 3.78107e-03 3.73733e-03 3.69244e-03 3.64263e-03 3.58822e-03 3.53360e-03 3.48468e-03 3.44402e-03 3.40731e-03 3.36670e-03 3.31918e-03 3.26944e-03 3.22349e-03 3.18204e-03 3.14232e-03 3.10453e-03 3.07157e-03 3.04429e-03 3.02063e-03 2.99708e-03 2.96977e-03 2.93526e-03 2.89209e-03 2.84242e-03 2.79151e-03 2.74403e-03 2.70064e-03 2.65875e-03 2.61629e-03 2.57377e-03 2.53314e-03 2.49544e-03 2.45882e-03 2.41914e-03 2.37489e-03 2.32831e-03 2.27974e-03 2.23017e-03 2.18527e-03 2.15039e-03 2.12609e-03 2.10979e-03 2.10109e-03 2.10458e-03 2.12556e-03 2.16292e-03 2.20767e-03 2.24678e-03 2.26833e-03 2.26643e-03 2.24280e-03 2.20392e-03 2.15718e-03 2.10860e-03 2.06195e-03 2.01918e-03 1.98192e-03 1.95216e-03 1.93122e-03 1.91890e-03 1.91408e-03 1.91634e-03 1.92666e-03 1.94628e-03 1.97515e-03 2.01175e-03 2.05547e-03 2.10768e-03 2.16528e-03 2.21410e-03 2.23816e-03 2.23487e-03 2.21417e-03 2.18634e-03 2.15650e-03 2.12743e-03 2.10169e-03 2.08100e-03 2.06522e-03 2.05241e-03 2.03967e-03 2.02481e-03 2.00803e-03 1.99194e-03 1.97939e-03 1.97124e-03 1.96574e-03 1.95993e-03 1.95162e-03 1.93967e-03 1.92364e-03 1.90367e-03 1.88035e-03 1.85454e-03 1.82718e-03 1.79922e-03 1.77085e-03 1.74093e-03 1.70814e-03 1.67268e-03 1.63565e-03 1.59766e-03 1.55847e-03 1.51780e-03 1.47585e-03 1.43314e-03 1.39022e-03 1.34748e-03 1.30520e-03 1.26347e-03 1.22232e-03 1.18176e-03 1.14189e-03 1.10283e-03 1.06467e-03 1.02732e-03 9.90486e-04 9.53709e-04 9.16416e-04 8.78062e-04 8.38250e-04 7.96821e-04 7.53895e-04 7.09864e-04 6.65335e-04 6.21042e-04 5.77755e-04 5.36194e-04 4.96943e-04 4.60338e-04 4.26348e-04 3.94544e-04 3.64166e-04 3.34287e-04 3.04068e-04 2.73038e-04 2.41205e-04 2.08832e-04 1.76064e-04 1.42865e-04 1.09492e-04 7.71945e-05 4.83780e-05 2.57816e-05 1.10190e-05 3.49466e-06 7.42400e-07 9.23488e-08 5.70802e-09 1.53324e-10 1.07749e-12
8.491829 2.52971e-03 6.52868e-03 9.70995e-03 1.25084e-02 1.39803e-02 1.42861e-02 1.38207e-02 1.29370e-02 1.19551e-02 1.10813e-02 1.03831e-02 9.85732e-03 9.48798e-03 9.25897e-03 9.14621e-03 9.11127e-03 9.10363e-03 9.07387e-03 8.99140e-03 8.85542e-03 8.69383e-03 8.54626e-03 8.43982e-03 8.37915e-03 8.35503e-03 8.35511e-03 8.36724e-03 8.37888e-03 8.37776e-03 8.35381e-03 8.30130e-03 8.22086e-03 8.11937e-03 8.00730e-03 7.89584e-03 7.79367e-03 7.70333e-03 7.62035e-03 7.53665e-03 7.44641e-03 7.34989e-03 7.25233e-03 7.15966e-03 7.07483e-03 6.99756e-03 6.92634e-03 6.86045e-03 6.80058e-03 6.74834e-03 6.70556e-03 6.67469e-03 6.66005e-03 6.66578e-03 6.68643e-03 6.69925e-03 6.67568e-03 6.60555e-03 6.50621e-03 6.40377e-03 6.31049e-03 6.22515e-03 6.14432e-03 6.06692e-03 5.99178e-03 5.91461e-03 5.82966e-03 5.73485e-03 5.63290e-03 5.52820e-03 5.42560e-03 5.33091e-03 5.24893e-03 5.18005e-03 5.11999e-03 5.06364e-03 5.00891e-03 4.95699e-03 4.91000e-03 4.86848e-03 4.82997e-03 4.79016e-03 4.74616e-03 4.69864e-03 4.65041e-03 4.60450e-03 4.56436e-03 4.53443e-03 4.51661e-03 4.50512e-03 4.48973e-03 4.46870e-03 4.45497e-03 4.46188e-03 4.48287e-03 4.49186e-03 4.46541e-03 4.40064e-03 4.31290e-03 4.22224e-03 4.14203e-03 4.07652e-03 4.02391e-03 3.97890e-03 3.93488e-03 3.88714e-03 3.83478e-03 3.78018e-03 3.72705e-03 3.67819e-03 3.63381e-03 3.59185e-03 3.54997e-03 3.50782e-03 3.46855e-03 3.43757e-03 3.41826e-03 3.40784e-03 3.39921e-03 3.38679e-03 3.36917e-03 3.34676e-03 3.31699e-03 3.27421e-03 3.21562e-03 3.14548e-03 3.07387e-03 3.01077e-03 2.95966e-03 2.91609e-03 2.87264e-03 2.82509e-03 2.77434e-03 2.72394e-03 2.67689e-03 2.63438e-03 2.59601e-03 2.55982e-03 2.52209e-03 2.48003e-03 2.43587e-03 2.39352e-03 2.35333e-03 2.31522e-03 2.28252e-03 2.26326e-03 2.26698e-03 2.29418e-03 2.33280e-03 2.36835e-03 2.38994e-03 2.38994e-03 2.36585e-03 2.32143e-03 2.26470e-03 2.20477e-03 2.14902e-03 2.10166e-03 2.06450e-03 2.03884e-03 2.02596e-03 2.02615e-03 2.03786e-03 2.05775e-03 2.08251e-03 2.11103e-03 2.14436e-03 2.18320e-03 2.22570e-03 2.26751e-03 2.30269e-03 2.32488e-03 2.32994e-03 2.31824e-03 2.29419e-03 2.26357e-03 2.23087e-03 2.19827e-03 2.16667e-03 2.13773e-03 2.11394e-03 2.09635e-03 2.08376e-03 2.07403e-03 2.06526e-03 2.05605e-03 2.04538e-03 2.03281e-03 2.01861e-03 2.00346e-03 1.98823e-03 1.97441e-03 1.96398e-03 1.95760e-03 1.95340e-03 1.94885e-03 1.94232e-03 1.93267e-03 1.91860e-03 1.89869e-03 1.87181e-03 1.83778e-03 1.79775e-03 1.75347e-03 1.70554e-03 1.65331e-03 1.59735e-03 1.54040e-03 1.48481e-03 1.43115e-03 1.37929e-03 1.32927e-03 1.28122e-03 1.23503e-03 1.19045e-03 1.14720e-03 1.10511e-03 1.06424e-03 1.02481e-03 9.87037e-04 9.51094e-04 9.16982e-04 8.84511e-04 8.53250e-04 8.22530e-04 7.91527e-04 7.59413e-04 7.25531e-04 6.89527e-04 6.51411e-04 6.11555e-04 5.70637e-04 5.29545e-04 4.89237e-04 4.50592e-04 4.14262e-04 3.80536e-04 3.49267e-04 3.19942e-04 2.91877e-04 2.64439e-04 2.37198e-04 2.09962e-04 1.82668e-04 1.55202e-04 1.27401e-04 9.93847e-05 7.20396e-05 4.71533e-05 2.68798e-05 1.27281e-05 4.69856e-06 1.23977e-06 2.06356e-07 1.77097e-08 5.43422e-10 3.09042e-12
8.591733 2.47778e-03 6.34911e-03 9.34266e-03 1.19610e-02 1.33682e-02 1.37266e-02 1.33771e-02 1.26164e-02 1.17289e-02 1.09179e-02 1.02652e-02 9.77795e-03 9.43932e-03 9.22783e-03 9.11695e-03 9.06841e-03 9.03148e-03 8.95840e-03 8.82980e-03 8.66580e-03 8.50709e-03 8.38391e-03 8.30359e-03 8.25975e-03 8.24409e-03 8.24895e-03 8.26428e-03 8.27687e-03 8.27368e-03 8.24622e-03 8.19350e-03 8.12201e-03 8.04181e-03 7.96130e-03 7.88455e-03 7.81077e-03 7.73516e-03 7.65194e-03 7.55861e-03 7.45765e-03 7.35439e-03 7.25346e-03 7.15705e-03 7.06538e-03 6.97787e-03 6.89416e-03 6.81479e-03 6.74133e-03 6.67573e-03 6.61953e-03 6.57379e-03 6.54007e-03 6.52132e-03 6.52037e-03 6.53364e-03 6.54547e-03 6.53433e-03 6.48692e-03 6.40652e-03 6.31146e-03 6.22050e-03 6.14045e-03 6.06913e-03 6.00233e-03 5.93632e-03 5.86677e-03 5.78734e-03 5.69170e-03 5.57911e-03 5.45757e-03 5.34022e-03 5.23864e-03 5.15805e-03 5.09616e-03 5.04647e-03 5.00289e-03 4.96132e-03 4.91916e-03 4.87565e-03 4.83268e-03 4.79402e-03 4.76374e-03 4.74538e-03 4.74100e-03 4.74763e-03 4.75385e-03 4.74437e-03 4.71377e-03 4.67540e-03 4.65201e-03 4.65565e-03 4.67582e-03 4.68428e-03 4.65197e-03 4.56487e-03 4.43391e-03 4.29461e-03 4.18396e-03 4.11395e-03 4.07221e-03 4.04075e-03 4.00857e-03 3.97228e-03 3.93248e-03 3.89016e-03 3.84517e-03 3.79723e-03 3.74704e-03 3.69667e-03 3.64933e-03 3.60873e-03 3.57769e-03 3.55686e-03 3.54503e-03 3.54026e-03 3.54120e-03 3.54788e-03 3.56014e-03 3.57259e-03 3.57301e-03 3.55057e-03 3.50446e-03 3.44306e-03 3.37722e-03 3.31393e-03 3.25429e-03 3.19578e-03 3.13581e-03 3.07385e-03 3.01128e-03 2.95025e-03 2.89234e-03 2.83810e-03 2.78751e-03 2.74059e-03 2.69751e-03 2.65846e-03 2.62356e-03 2.59382e-03 2.57111e-03 2.55731e-03 2.55714e-03 2.57275e-03 2.58977e-03 2.58964e-03 2.57147e-03 2.54258e-03 2.50554e-03 2.46043e-03 2.40777e-03 2.34979e-03 2.29094e-03 2.23646e-03 2.19034e-03 2.15462e-03 2.13024e-03 2.11827e-03 2.12056e-03 2.13829e-03 2.16898e-03 2.20620e-03 2.24437e-03 2.28226e-03 2.32011e-03 2.35510e-03 2.38118e-03 2.39333e-03 2.39116e-03 2.37850e-03 2.36004e-03 2.33859e-03 2.31503e-03 2.28947e-03 2.26193e-03 2.23282e-03 2.20336e-03 2.17580e-03 2.15260e-03 2.13459e-03 2.12050e-03 2.10835e-03 2.09669e-03 2.08466e-03 2.07170e-03 2.05744e-03 2.04152e-03 2.02374e-03 2.00422e-03 1.98352e-03 1.96261e-03 1.94299e-03 1.92640e-03 1.91433e-03 1.90716e-03 1.90306e-03 1.89888e-03 1.89196e-03 1.88048e-03 1.86313e-03 1.83904e-03 1.80809e-03 1.77099e-03 1.72895e-03 1.68272e-03 1.63185e-03 1.57562e-03 1.51464e-03 1.45111e-03 1.38727e-03 1.32408e-03 1.26229e-03 1.20329e-03 1.14833e-03 1.09782e-03 1.05139e-03 1.00830e-03 9.67858e-04 9.29640e-04 8.93451e-04 8.59297e-04 8.27292e-04 7.97532e-04 7.69956e-04 7.44233e-04 7.19702e-04 6.95413e-04 6.70272e-04 6.43287e-04 6.13778e-04 5.81512e-04 5.46717e-04 5.10025e-04 4.72374e-04 4.34845e-04 3.98449e-04 3.63901e-04 3.31472e-04 3.00990e-04 2.72031e-04 2.44179e-04 2.17179e-04 1.90896e-04 1.65188e-04 1.39833e-04 1.14617e-04 8.96120e-05 6.55012e-05 4.36407e-05 2.56652e-05 1.27680e-05 5.06519e-06 1.47166e-06 2.75001e-07 2.65269e-08 8.74519e-10 4.90879e-12
8.691637 2.41524e-03 6.14392e-03 8.95034e-03 1.14008e-02 1.27404e-02 1.31248e-02 1.28736e-02 1.22526e-02 1.14992e-02 1.07897e-02 1.02028e-02 9.74988e-03 9.42265e-03 9.20888e-03 9.08520e-03 9.01052e-03 8.93348e-03 8.81576e-03 8.65570e-03 8.48498e-03 8.33959e-03 8.23678e-03 8.17498e-03 8.14530e-03 8.13984e-03 8.15149e-03 8.16942e-03 8.17917e-03 8.16891e-03 8.13594e-03 8.08807e-03 8.03827e-03 7.99549e-03 7.95891e-03 7.92003e-03 7.86896e-03 7.79953e-03 7.71122e-03 7.60800e-03 7.49565e-03 7.37969e-03 7.26456e-03 7.15339e-03 7.04789e-03 6.94844e-03 6.85475e-03 6.76663e-03 6.68452e-03 6.60919e-03 6.54129e-03 6.48117e-03 6.42932e-03 6.38697e-03 6.35614e-03 6.33893e-03 6.33562e-03 6.34107e-03 6.34337e-03 6.32892e-03 6.28956e-03 6.22679e-03 6.15067e-03 6.07118e-03 5.99208e-03 5.91351e-03 5.83573e-03 5.75931e-03 5.68322e-03 5.60318e-03 5.51278e-03 5.40906e-03 5.29903e-03 5.19851e-03 5.12119e-03 5.06785e-03 5.02692e-03 4.98547e-03 4.93999e-03 4.89767e-03 4.86958e-03 4.86299e-03 4.87619e-03 4.89705e-03 4.90826e-03 4.89940e-03 4.87611e-03 4.85599e-03 4.85446e-03 4.87370e-03 4.90089e-03 4.91384e-03 4.89306e-03 4.82906e-03 4.71840e-03 4.57043e-03 4.41305e-03 4.27584e-03 4.17300e-03 4.10019e-03 4.04342e-03 3.99202e-03 3.94386e-03 3.90034e-03 3.86102e-03 3.82433e-03 3.78914e-03 3.75495e-03 3.72191e-03 3.69081e-03 3.66313e-03 3.64090e-03 3.62635e-03 3.62144e-03 3.62686e-03 3.64068e-03 3.65828e-03 3.67408e-03 3.68282e-03 3.67979e-03 3.66326e-03 3.63913e-03 3.61727e-03 3.60005e-03 3.57954e-03 3.54645e-03 3.49719e-03 3.43266e-03 3.35572e-03 3.27195e-03 3.18867e-03 3.11136e-03 3.04190e-03 2.98017e-03 2.92692e-03 2.88537e-03 2.85973e-03 2.85246e-03 2.86545e-03 2.89970e-03 2.93826e-03 2.94204e-03 2.89439e-03 2.81850e-03 2.73804e-03 2.66104e-03 2.58910e-03 2.52179e-03 2.45896e-03 2.40230e-03 2.35424e-03 2.31590e-03 2.28702e-03 2.26743e-03 2.25832e-03 2.26211e-03 2.28045e-03 2.31116e-03 2.34764e-03 2.38300e-03 2.41396e-03 2.43939e-03 2.45675e-03 2.46188e-03 2.45218e-03 2.42952e-03 2.39924e-03 2.36672e-03 2.33557e-03 2.30761e-03 2.28283e-03 2.25967e-03 2.23614e-03 2.21108e-03 2.18499e-03 2.16049e-03 2.14073e-03 2.12707e-03 2.11874e-03 2.11405e-03 2.11126e-03 2.10882e-03 2.10549e-03 2.10031e-03 2.09242e-03 2.08082e-03 2.06454e-03 2.04333e-03 2.01792e-03 1.98980e-03 1.96084e-03 1.93294e-03 1.90759e-03 1.88556e-03 1.86698e-03 1.85127e-03 1.83649e-03 1.82006e-03 1.80029e-03 1.77659e-03 1.74908e-03 1.71840e-03 1.68546e-03 1.65070e-03 1.61326e-03 1.57138e-03 1.52375e-03 1.47044e-03 1.41281e-03 1.35293e-03 1.29272e-03 1.23286e-03 1.17344e-03 1.11541e-03 1.05999e-03 1.00779e-03 9.58959e-04 9.13740e-04 8.72430e-04 8.35092e-04 8.01395e-04 7.70748e-04 7.42591e-04 7.16617e-04 6.92750e-04 6.70920e-04 6.50808e-04 6.31683e-04 6.12433e-04 5.91790e-04 5.68656e-04 5.42380e-04 5.12873e-04 4.80561e-04 4.46270e-04 4.11052e-04 3.75950e-04 3.41743e-04 3.08803e-04 2.77145e-04 2.46633e-04 2.17155e-04 1.88669e-04 1.61138e-04 1.34486e-04 1.08675e-04 8.38984e-05 6.07812e-05 4.03803e-05 2.38804e-05 1.20767e-05 4.93258e-06 1.49431e-06 2.93788e-07 2.98444e-08 1.02734e-09 6.10594e-12
8.791541 2.35667e-03 5.95350e-03 8.59929e-03 1.09145e-02 1.21990e-02 1.26021e-02 1.24373e-02 1.19517e-02 1.13327e-02 1.07179e-02 1.01845e-02 9.75965e-03 9.44605e-03 9.23333e-03 9.09485e-03 8.98843e-03 8.87171e-03 8.72458e-03 8.55725e-03 8.39580e-03 8.26298e-03 8.16991e-03 8.11656e-03 8.09600e-03 8.09932e-03 8.11712e-03 8.13697e-03 8.14413e-03 8.12954e-03 8.09749e-03 8.06341e-03 8.04182e-03 8.03463e-03 8.03022e-03 8.01222e-03 7.96866e-03 7.89564e-03 7.79616e-03 7.67672e-03 7.54483e-03 7.40828e-03 7.27438e-03 7.14829e-03 7.03201e-03 6.92478e-03 6.82454e-03 6.72967e-03 6.63988e-03 6.55598e-03 6.47914e-03 6.41009e-03 6.34887e-03 6.29509e-03 6.24872e-03 6.21068e-03 6.18279e-03 6.16662e-03 6.16139e-03 6.16153e-03 6.15691e-03 6.13727e-03 6.09686e-03 6.03633e-03 5.96192e-03 5.88165e-03 5.80181e-03 5.72624e-03 5.65652e-03 5.59200e-03 5.53036e-03 5.46806e-03 5.40036e-03 5.32406e-03 5.24269e-03 5.16709e-03 5.10813e-03 5.06974e-03 5.04934e-03 5.04126e-03 5.03829e-03 5.03337e-03 5.02327e-03 5.01087e-03 5.00331e-03 5.00734e-03 5.02467e-03 5.04974e-03 5.07051e-03 5.07222e-03 5.04691e-03 5.00038e-03 4.93808e-03 4.85338e-03 4.74221e-03 4.61093e-03 4.47326e-03 4.34465e-03 4.23310e-03 4.13565e-03 4.04563e-03 3.96125e-03 3.88538e-03 3.82247e-03 3.77468e-03 3.73955e-03 3.71246e-03 3.68996e-03 3.67094e-03 3.65590e-03 3.64541e-03 3.63923e-03 3.63650e-03 3.63673e-03 3.64069e-03 3.65039e-03 3.66801e-03 3.69431e-03 3.72697e-03 3.75867e-03 3.77730e-03 3.77215e-03 3.74190e-03 3.69802e-03 3.66075e-03 3.64279e-03 3.63351e-03 3.60802e-03 3.55276e-03 3.47435e-03 3.38812e-03 3.30643e-03 3.23647e-03 3.18330e-03 3.15240e-03 3.15063e-03 3.17887e-03 3.21038e-03 3.19786e-03 3.13170e-03 3.04672e-03 2.96651e-03 2.89064e-03 2.81425e-03 2.73618e-03 2.65944e-03 2.58933e-03 2.53010e-03 2.48323e-03 2.44853e-03 2.42553e-03 2.41374e-03 2.41265e-03 2.42191e-03 2.44018e-03 2.46354e-03 2.48635e-03 2.50424e-03 2.51564e-03 2.52021e-03 2.51646e-03 2.50193e-03 2.47582e-03 2.44029e-03 2.39892e-03 2.35547e-03 2.31354e-03 2.27607e-03 2.24400e-03 2.21569e-03 2.18818e-03 2.15928e-03 2.12871e-03 2.09887e-03 2.07427e-03 2.05791e-03 2.04917e-03 2.04598e-03 2.04669e-03 2.04985e-03 2.05402e-03 2.05794e-03 2.06064e-03 2.06122e-03 2.05838e-03 2.05062e-03 2.03720e-03 2.01895e-03 1.99800e-03 1.97638e-03 1.95487e-03 1.93291e-03 1.90954e-03 1.88410e-03 1.85650e-03 1.82713e-03 1.79633e-03 1.76380e-03 1.72886e-03 1.69108e-03 1.65105e-03 1.61089e-03 1.57343e-03 1.53938e-03 1.50622e-03 1.47075e-03 1.43157e-03 1.38870e-03 1.34254e-03 1.29344e-03 1.24201e-03 1.18913e-03 1.13562e-03 1.08241e-03 1.03092e-03 9.82279e-04 9.36607e-04 8.93475e-04 8.52561e-04 8.13868e-04 7.77695e-04 7.44522e-04 7.14771e-04 6.88520e-04 6.65414e-04 6.44876e-04 6.26371e-04 6.09468e-04 5.93674e-04 5.78219e-04 5.62005e-04 5.43790e-04 5.22545e-04 4.97750e-04 4.69488e-04 4.38329e-04 4.05136e-04 3.70845e-04 3.36251e-04 3.01888e-04 2.68039e-04 2.34824e-04 2.02299e-04 1.70551e-04 1.39799e-04 1.10461e-04 8.31757e-05 5.87775e-05 3.81950e-05 2.22074e-05 1.11206e-05 4.53669e-06 1.38535e-06 2.76728e-07 2.87396e-08 1.02825e-09 6.87298e-12
8.891445 2.31042e-03 5.79809e-03 8.30860e-03 1.05131e-02 1.17507e-02 1.21577e-02 1.20432e-02 1.16474e-02 1.11288e-02 1.06004e-02 1.01364e-02 9.76659e-03 9.48904e-03 9.28486e-03 9.12419e-03 8.97529e-03 8.81944e-03 8.65741e-03 8.50065e-03 8.36020e-03 8.24414e-03 8.15902e-03 8.10865e-03 8.09132e-03 8.09909e-03 8.12021e-03 8.14136e-03 8.15033e-03 8.14199e-03 8.12345e-03 8.10945e-03 8.10930e-03 8.11820e-03 8.12092e-03 8.10150e-03 8.05004e-03 7.96461e-03 7.85000e-03 7.71454e-03 7.56735e-03 7.41716e-03 7.27151e-03 7.13553e-03 7.01121e-03 6.89787e-03 6.79321e-03 6.69482e-03 6.60130e-03 6.51261e-03 6.42975e-03 6.35393e-03 6.28548e-03 6.22376e-03 6.16754e-03 6.11491e-03 6.06394e-03 6.01467e-03 5.97012e-03 5.93495e-03 5.91246e-03 5.90201e-03 5.89818e-03 5.89270e-03 5.87738e-03 5.84669e-03 5.79952e-03 5.73975e-03 5.67509e-03 5.61447e-03 5.56397e-03 5.52352e-03 5.48735e-03 5.44821e-03 5.40212e-03 5.35093e-03 5.30106e-03 5.25871e-03 5.22633e-03 5.20313e-03 5.18663e-03 5.17352e-03 5.16227e-03 5.15559e-03 5.15782e-03 5.16869e-03 5.18111e-03 5.18514e-03 5.17312e-03 5.14464e-03 5.10647e-03 5.05902e-03 4.99238e-03 4.89878e-03 4.77715e-03 4.63539e-03 4.49039e-03 4.35877e-03 4.24885e-03 4.16037e-03 4.08439e-03 4.00756e-03 3.92680e-03 3.84997e-03 3.78295e-03 3.72617e-03 3.67828e-03 3.63809e-03 3.60466e-03 3.57764e-03 3.55792e-03 3.54770e-03 3.54926e-03 3.56349e-03 3.58971e-03 3.62652e-03 3.67245e-03 3.72531e-03 3.78018e-03 3.82707e-03 3.85260e-03 3.85064e-03 3.83309e-03 3.81982e-03 3.81131e-03 3.78419e-03 3.72774e-03 3.66522e-03 3.62290e-03 3.59794e-03 3.56990e-03 3.53277e-03 3.50304e-03 3.49742e-03 3.50322e-03 3.47722e-03 3.39811e-03 3.29520e-03 3.20111e-03 3.12138e-03 3.05003e-03 2.98192e-03 2.91406e-03 2.84579e-03 2.77835e-03 2.71460e-03 2.65918e-03 2.61738e-03 2.59210e-03 2.58190e-03 2.58196e-03 2.58664e-03 2.59146e-03 2.59352e-03 2.59145e-03 2.58505e-03 2.57441e-03 2.55887e-03 2.53753e-03 2.51061e-03 2.47930e-03 2.44362e-03 2.40236e-03 2.35549e-03 2.30589e-03 2.25827e-03 2.21638e-03 2.18083e-03 2.14959e-03 2.11981e-03 2.08899e-03 2.05594e-03 2.02303e-03 1.99595e-03 1.97810e-03 1.96806e-03 1.96326e-03 1.96234e-03 1.96436e-03 1.96833e-03 1.97336e-03 1.97867e-03 1.98325e-03 1.98543e-03 1.98305e-03 1.97466e-03 1.96105e-03 1.94538e-03 1.93108e-03 1.91918e-03 1.90750e-03 1.89272e-03 1.87289e-03 1.84832e-03 1.82054e-03 1.79089e-03 1.75982e-03 1.72689e-03 1.69120e-03 1.65215e-03 1.61041e-03 1.56844e-03 1.52909e-03 1.49252e-03 1.45582e-03 1.41668e-03 1.37514e-03 1.33190e-03 1.28719e-03 1.24120e-03 1.19454e-03 1.14800e-03 1.10222e-03 1.05744e-03 1.01369e-03 9.71076e-04 9.29863e-04 8.90309e-04 8.52764e-04 8.17652e-04 7.85207e-04 7.55254e-04 7.27325e-04 7.01066e-04 6.76612e-04 6.54504e-04 6.35193e-04 6.18611e-04 6.04142e-04 5.90869e-04 5.77793e-04 5.63914e-04 5.48227e-04 5.29755e-04 5.07748e-04 4.81923e-04 4.52547e-04 4.20255e-04 3.85792e-04 3.49838e-04 3.12932e-04 2.75448e-04 2.37622e-04 1.99694e-04 1.62167e-04 1.26018e-04 9.26544e-05 6.35899e-05 4.00328e-05 2.25671e-05 1.09977e-05 4.39310e-06 1.32369e-06 2.63113e-07 2.74787e-08 1.01947e-09 7.77960e-12
8.991349 2.27898e-03 5.69734e-03 8.12510e-03 1.02539e-02 1.14357e-02 1.18048e-02 1.16869e-02 1.13341e-02 1.08933e-02 1.04557e-02 1.00785e-02 9.77990e-03 9.54615e-03 9.35050e-03 9.16840e-03 8.98758e-03 8.80996e-03 8.64289e-03 8.49106e-03 8.35783e-03 8.24884e-03 8.17100e-03 8.12849e-03 8.11953e-03 8.13590e-03 8.16498e-03 8.19366e-03 8.21248e-03 8.21841e-03 8.21548e-03 8.21121e-03 8.20908e-03 8.20404e-03 8.18576e-03 8.14499e-03 8.07633e-03 7.97831e-03 7.85351e-03 7.70882e-03 7.55397e-03 7.39858e-03 7.24996e-03 7.11219e-03 6.98641e-03 6.87156e-03 6.76551e-03 6.66681e-03 6.57556e-03 6.49134e-03 6.41125e-03 6.33134e-03 6.24869e-03 6.16216e-03 6.07362e-03 5.98766e-03 5.90879e-03 5.83928e-03 5.77966e-03 5.73050e-03 5.69361e-03 5.67167e-03 5.66647e-03 5.67666e-03 5.69671e-03 5.71818e-03 5.73291e-03 5.73575e-03 5.72555e-03 5.70500e-03 5.67946e-03 5.65327e-03 5.62550e-03 5.59063e-03 5.54494e-03 5.49244e-03 5.44372e-03 5.40795e-03 5.38508e-03 5.36616e-03 5.34228e-03 5.31334e-03 5.28704e-03 5.26985e-03 5.26178e-03 5.25897e-03 5.25673e-03 5.24965e-03 5.23431e-03 5.21109e-03 5.17600e-03 5.11849e-03 5.03196e-03 4.91647e-03 4.77702e-03 4.62496e-03 4.47652e-03 4.34704e-03 4.24553e-03 4.17189e-03 4.11493e-03 4.05818e-03 3.99354e-03 3.92250e-03 3.84676e-03 3.76601e-03 3.68224e-03 3.60167e-03 3.53276e-03 3.48287e-03 3.45627e-03 3.45391e-03 3.47398e-03 3.51270e-03 3.56522e-03 3.62680e-03 3.69314e-03 3.75961e-03 3.81914e-03 3.86087e-03 3.87664e-03 3.87821e-03 3.89849e-03 3.94516e-03 3.97130e-03 3.93492e-03 3.84894e-03 3.75119e-03 3.67411e-03 3.64522e-03 3.67719e-03 3.74637e-03 3.79440e-03 3.76964e-03 3.67549e-03 3.55714e-03 3.44597e-03 3.34557e-03 3.25220e-03 3.16523e-03 3.08570e-03 3.01364e-03 2.94783e-03 2.88771e-03 2.83507e-03 2.79267e-03 2.76125e-03 2.73836e-03 2.71986e-03 2.70271e-03 2.68640e-03 2.67169e-03 2.65835e-03 2.64434e-03 2.62678e-03 2.60347e-03 2.57380e-03 2.53869e-03 2.49992e-03 2.45934e-03 2.41812e-03 2.37601e-03 2.33167e-03 2.28433e-03 2.23517e-03 2.18739e-03 2.14452e-03 2.10802e-03 2.07597e-03 2.04393e-03 2.00764e-03 1.96784e-03 1.93206e-03 1.90717e-03 1.89282e-03 1.88535e-03 1.88243e-03 1.88291e-03 1.88576e-03 1.89004e-03 1.89495e-03 1.89948e-03 1.90196e-03 1.90001e-03 1.89169e-03 1.87719e-03 1.86001e-03 1.84554e-03 1.83711e-03 1.83291e-03 1.82715e-03 1.81471e-03 1.79439e-03 1.76849e-03 1.74024e-03 1.71177e-03 1.68373e-03 1.65593e-03 1.62793e-03 1.59934e-03 1.56991e-03 1.53998e-03 1.51074e-03 1.48313e-03 1.45589e-03 1.42616e-03 1.39204e-03 1.35293e-03 1.30845e-03 1.25896e-03 1.20621e-03 1.15270e-03 1.10075e-03 1.05199e-03 1.00724e-03 9.66661e-04 9.29978e-04 8.96660e-04 8.65991e-04 8.37174e-04 8.09516e-04 7.82682e-04 7.56908e-04 7.32920e-04 7.11386e-04 6.92315e-04 6.75080e-04 6.59106e-04 6.44368e-04 6.31114e-04 6.19178e-04 6.07642e-04 5.95076e-04 5.80090e-04 5.61733e-04 5.39543e-04 5.13447e-04 4.83713e-04 4.50842e-04 4.15295e-04 3.77327e-04 3.37035e-04 2.94518e-04 2.50055e-04 2.04375e-04 1.58948e-04 1.16062e-04 7.83889e-05 4.81399e-05 2.62980e-05 1.23818e-05 4.78296e-06 1.40007e-06 2.72413e-07 2.81698e-08 1.06645e-09 8.93573e-12
9.091253 2.26111e-03 5.65740e-03 8.06347e-03 1.01351e-02 1.12282e-02 1.15211e-02 1.13785e-02 1.10577e-02 1.06899e-02 1.03425e-02 1.00510e-02 9.81906e-03 9.62265e-03 9.43197e-03 9.23282e-03 9.03163e-03 8.84328e-03 8.67638e-03 8.53132e-03 8.40710e-03 8.30572e-03 8.23236e-03 8.19259e-03 8.18809e-03 8.21392e-03 8.25882e-03 8.30828e-03 8.34959e-03 8.37564e-03 8.38370e-03 8.37136e-03 8.33643e-03 8.28121e-03 8.21336e-03 8.13922e-03 8.05678e-03 7.95732e-03 7.83440e-03 7.69051e-03 7.53547e-03 7.38016e-03 7.23179e-03 7.09291e-03 6.96382e-03 6.84592e-03 6.74136e-03 6.64932e-03 6.56538e-03 6.48301e-03 6.39494e-03 6.29582e-03 6.18538e-03 6.06926e-03 5.95634e-03 5.85424e-03 5.76632e-03 5.69294e-03 5.63381e-03 5.58849e-03 5.55560e-03 5.53307e-03 5.51991e-03 5.51812e-03 5.53252e-03 5.56698e-03 5.62019e-03 5.68516e-03 5.75167e-03 5.80666e-03 5.83372e-03 5.82011e-03 5.77053e-03 5.70895e-03 5.65936e-03 5.62706e-03 5.59964e-03 5.56153e-03 5.50816e-03 5.45039e-03 5.40407e-03 5.37570e-03 5.35985e-03 5.34767e-03 5.33488e-03 5.32203e-03 5.30923e-03 5.29455e-03 5.27624e-03 5.24912e-03 5.20227e-03 5.12796e-03 5.02688e-03 4.90385e-03 4.76506e-03 4.61982e-03 4.48089e-03 4.35987e-03 4.26228e-03 4.18675e-03 4.12537e-03 4.06598e-03 3.99953e-03 3.92458e-03 3.84405e-03 3.76065e-03 3.67700e-03 3.59742e-03 3.52836e-03 3.47748e-03 3.45148e-03 3.45327e-03 3.48015e-03 3.52531e-03 3.58180e-03 3.64588e-03 3.71643e-03 3.78954e-03 3.85235e-03 3.88755e-03 3.89778e-03 3.91957e-03 3.97359e-03 4.01443e-03 3.99586e-03 3.94203e-03 3.90183e-03 3.89306e-03 3.90544e-03 3.92000e-03 3.91847e-03 3.88839e-03 3.83178e-03 3.76060e-03 3.68004e-03 3.58974e-03 3.49259e-03 3.39256e-03 3.29243e-03 3.19638e-03 3.11021e-03 3.03841e-03 2.98191e-03 2.93743e-03 2.89855e-03 2.85850e-03 2.81365e-03 2.76529e-03 2.71829e-03 2.67800e-03 2.64792e-03 2.62842e-03 2.61641e-03 2.60647e-03 2.59281e-03 2.57121e-03 2.54007e-03 2.50048e-03 2.45565e-03 2.40992e-03 2.36679e-03 2.32683e-03 2.28719e-03 2.24373e-03 2.19467e-03 2.14340e-03 2.09685e-03 2.05965e-03 2.02902e-03 1.99570e-03 1.95272e-03 1.90508e-03 1.86542e-03 1.83957e-03 1.82444e-03 1.81601e-03 1.81224e-03 1.81187e-03 1.81384e-03 1.81711e-03 1.82038e-03 1.82169e-03 1.81840e-03 1.80818e-03 1.79053e-03 1.76834e-03 1.74764e-03 1.73449e-03 1.73018e-03 1.72931e-03 1.72353e-03 1.70789e-03 1.68348e-03 1.65503e-03 1.62702e-03 1.60184e-03 1.57980e-03 1.56006e-03 1.54145e-03 1.52281e-03 1.50339e-03 1.48330e-03 1.46390e-03 1.44706e-03 1.43286e-03 1.41853e-03 1.40048e-03 1.37625e-03 1.34383e-03 1.30177e-03 1.25128e-03 1.19620e-03 1.14075e-03 1.08768e-03 1.03825e-03 9.92910e-04 9.51783e-04 9.14860e-04 8.82025e-04 8.53045e-04 8.27561e-04 8.05081e-04 7.84989e-04 7.66573e-04 7.49125e-04 7.32237e-04 7.16147e-04 7.01639e-04 6.89255e-04 6.78617e-04 6.68720e-04 6.58695e-04 6.47938e-04 6.35557e-04 6.20145e-04 6.00362e-04 5.75697e-04 5.46625e-04 5.14132e-04 4.79077e-04 4.41732e-04 4.01648e-04 3.57990e-04 3.10176e-04 2.58524e-04 2.04662e-04 1.51585e-04 1.03216e-04 6.33299e-05 3.41905e-05 1.57407e-05 5.89843e-06 1.66908e-06 3.14394e-07 3.16511e-08 1.17959e-09 9.99907e-12
9.191157 2.24146e-03 5.61622e-03 7.99348e-03 9.97980e-03 1.09643e-02 1.11914e-02 1.10474e-02 1.07729e-02 1.04779e-02 1.02082e-02 9.98226e-03 9.79599e-03 9.62525e-03 9.44502e-03 9.24975e-03 9.05240e-03 8.86767e-03 8.70279e-03 8.56100e-03 8.44448e-03 8.35438e-03 8.29245e-03 8.26198e-03 8.26508e-03 8.29984e-03 8.35957e-03 8.43219e-03 8.49970e-03 8.54112e-03 8.53941e-03 8.48885e-03 8.39911e-03 8.29139e-03 8.18600e-03 8.09065e-03 8.00015e-03 7.90463e-03 7.79680e-03 7.67358e-03 7.53467e-03 7.38192e-03 7.22141e-03 7.06401e-03 6.92098e-03 6.79825e-03 6.69405e-03 6.60076e-03 6.51014e-03 6.41624e-03 6.31527e-03 6.20626e-03 6.09224e-03 5.97861e-03 5.86971e-03 5.76824e-03 5.67719e-03 5.60014e-03 5.53944e-03 5.49548e-03 5.46716e-03 5.45226e-03 5.44764e-03 5.45108e-03 5.46456e-03 5.49479e-03 5.54691e-03 5.61611e-03 5.68781e-03 5.74819e-03 5.79358e-03 5.82828e-03 5.85326e-03 5.85894e-03 5.83359e-03 5.77848e-03 5.70777e-03 5.63549e-03 5.56877e-03 5.51097e-03 5.46475e-03 5.43144e-03 5.40970e-03 5.39567e-03 5.38403e-03 5.36923e-03 5.34697e-03 5.31648e-03 5.27916e-03 5.23298e-03 5.17257e-03 5.09537e-03 5.00299e-03 4.89725e-03 4.77903e-03 4.65170e-03 4.52312e-03 4.40230e-03 4.29477e-03 4.20177e-03 4.12123e-03 4.04780e-03 3.97476e-03 3.89854e-03 3.82122e-03 3.74834e-03 3.68509e-03 3.63483e-03 3.59940e-03 3.57914e-03 3.57238e-03 3.57601e-03 3.58779e-03 3.60873e-03 3.64277e-03 3.69295e-03 3.75592e-03 3.81740e-03 3.85708e-03 3.87246e-03 3.89714e-03 3.95908e-03 4.02538e-03 4.04656e-03 4.02790e-03 4.00811e-03 4.01465e-03 4.05375e-03 4.10674e-03 4.13307e-03 4.09698e-03 3.99872e-03 3.87061e-03 3.74737e-03 3.64580e-03 3.56301e-03 3.48915e-03 3.41955e-03 3.35257e-03 3.28410e-03 3.21008e-03 3.13065e-03 3.04926e-03 2.96957e-03 2.89354e-03 2.82158e-03 2.75437e-03 2.69439e-03 2.64496e-03 2.60793e-03 2.58256e-03 2.56570e-03 2.55286e-03 2.53999e-03 2.52470e-03 2.50592e-03 2.48301e-03 2.45538e-03 2.42295e-03 2.38689e-03 2.34952e-03 2.31303e-03 2.27787e-03 2.24212e-03 2.20235e-03 2.15685e-03 2.10917e-03 2.06671e-03 2.03320e-03 2.00098e-03 1.95687e-03 1.90131e-03 1.84976e-03 1.81259e-03 1.78871e-03 1.77427e-03 1.76667e-03 1.76386e-03 1.76384e-03 1.76456e-03 1.76370e-03 1.75869e-03 1.74715e-03 1.72804e-03 1.70288e-03 1.67632e-03 1.65494e-03 1.64376e-03 1.64210e-03 1.64272e-03 1.63630e-03 1.61805e-03 1.59032e-03 1.55960e-03 1.53177e-03 1.50959e-03 1.49292e-03 1.48009e-03 1.46924e-03 1.45902e-03 1.44883e-03 1.43866e-03 1.42902e-03 1.42077e-03 1.41453e-03 1.40963e-03 1.40386e-03 1.39399e-03 1.37591e-03 1.34540e-03 1.30146e-03 1.24870e-03 1.19410e-03 1.14225e-03 1.09433e-03 1.04996e-03 1.00868e-03 9.70311e-04 9.34906e-04 9.02570e-04 8.73392e-04 8.47401e-04 8.24549e-04 8.04693e-04 7.87598e-04 7.72916e-04 7.60161e-04 7.48688e-04 7.37833e-04 7.27278e-04 7.17254e-04 7.08052e-04 6.99237e-04 6.89520e-04 6.77313e-04 6.61111e-04 6.39583e-04 6.12030e-04 5.79005e-04 5.42184e-04 5.03300e-04 4.62946e-04 4.20125e-04 3.72891e-04 3.19767e-04 2.61123e-04 1.99740e-04 1.40408e-04 8.86675e-05 4.89352e-05 2.27879e-05 8.52750e-06 2.38042e-06 4.38148e-07 4.27027e-08 1.49157e-09 1.10541e-11
9.291060 2.22837e-03 5.58175e-03 7.91758e-03 9.82231e-03 1.07328e-02 1.09376e-02 1.08165e-02 1.05875e-02 1.03462e-02 1.01271e-02 9.93876e-03 9.77445e-03 9.61700e-03 9.45107e-03 9.27554e-03 9.09972e-03 8.93240e-03 8.78031e-03 8.65028e-03 8.54626e-03 8.46799e-03 8.41543e-03 8.39256e-03 8.40511e-03 8.45492e-03 8.53528e-03 8.62797e-03 8.70273e-03 8.72499e-03 8.67498e-03 8.56386e-03 8.42573e-03 8.29204e-03 8.17563e-03 8.07419e-03 7.97999e-03 7.88445e-03 7.77804e-03 7.65194e-03 7.50346e-03 7.34016e-03 7.17660e-03 7.02465e-03 6.88675e-03 6.75924e-03 6.63958e-03 6.52717e-03 6.42012e-03 6.31539e-03 6.21191e-03 6.11085e-03 6.01250e-03 5.91525e-03 5.81883e-03 5.72634e-03 5.64199e-03 5.56846e-03 5.50725e-03 5.46095e-03 5.43411e-03 5.43064e-03 5.44867e-03 5.47693e-03 5.49869e-03 5.50416e-03 5.50187e-03 5.51443e-03 5.55822e-03 5.62753e-03 5.70085e-03 5.75950e-03 5.79797e-03 5.82013e-03 5.82675e-03 5.80804e-03 5.75740e-03 5.69040e-03 5.63111e-03 5.58627e-03 5.54783e-03 5.50879e-03 5.46913e-03 5.43304e-03 5.40318e-03 5.37623e-03 5.34388e-03 5.29947e-03 5.24225e-03 5.17511e-03 5.10091e-03 5.02175e-03 4.93897e-03 4.85160e-03 4.75593e-03 4.64889e-03 4.53233e-03 4.41319e-03 4.29925e-03 4.19540e-03 4.10251e-03 4.01764e-03 3.93634e-03 3.85729e-03 3.78521e-03 3.72835e-03 3.69300e-03 3.68035e-03 3.68631e-03 3.70235e-03 3.71790e-03 3.72508e-03 3.72336e-03 3.72060e-03 3.72878e-03 3.75599e-03 3.79814e-03 3.84001e-03 3.87202e-03 3.90308e-03 3.94719e-03 4.00426e-03 4.05758e-03 4.08529e-03 4.08205e-03 4.06848e-03 4.07317e-03 4.10217e-03 4.12792e-03 4.11831e-03 4.06974e-03 3.99926e-03 3.91768e-03 3.82456e-03 3.72047e-03 3.61463e-03 3.51921e-03 3.43771e-03 3.36363e-03 3.28877e-03 3.20769e-03 3.11789e-03 3.02122e-03 2.92449e-03 2.83564e-03 2.75917e-03 2.69528e-03 2.64232e-03 2.59867e-03 2.56241e-03 2.53097e-03 2.50219e-03 2.47539e-03 2.45150e-03 2.43172e-03 2.41602e-03 2.40295e-03 2.39033e-03 2.37595e-03 2.35825e-03 2.33692e-03 2.31286e-03 2.28743e-03 2.26123e-03 2.23260e-03 2.19802e-03 2.15553e-03 2.10833e-03 2.06355e-03 2.02444e-03 1.98407e-03 1.93386e-03 1.87788e-03 1.82808e-03 1.79055e-03 1.76449e-03 1.74713e-03 1.73581e-03 1.72795e-03 1.72094e-03 1.71216e-03 1.69929e-03 1.68085e-03 1.65693e-03 1.62994e-03 1.60446e-03 1.58575e-03 1.57689e-03 1.57603e-03 1.57618e-03 1.56903e-03 1.55054e-03 1.52340e-03 1.49426e-03 1.46893e-03 1.44992e-03 1.43679e-03 1.42780e-03 1.42121e-03 1.41588e-03 1.41141e-03 1.40796e-03 1.40579e-03 1.40489e-03 1.40527e-03 1.40731e-03 1.41114e-03 1.41475e-03 1.41235e-03 1.39503e-03 1.35706e-03 1.30282e-03 1.24375e-03 1.18857e-03 1.13955e-03 1.09563e-03 1.05556e-03 1.01874e-03 9.84885e-04 9.53740e-04 9.24979e-04 8.98311e-04 8.73569e-04 8.50738e-04 8.29916e-04 8.11238e-04 7.94801e-04 7.80612e-04 7.68528e-04 7.58170e-04 7.48863e-04 7.39744e-04 7.30120e-04 7.19679e-04 7.08098e-04 6.94401e-04 6.76895e-04 6.53798e-04 6.24061e-04 5.88040e-04 5.47594e-04 5.05076e-04 4.61622e-04 4.16145e-04 3.66047e-04 3.09312e-04 2.46486e-04 1.81379e-04 1.20243e-04 6.96681e-05 3.39250e-05 1.31602e-05 3.75967e-06 6.97511e-07 6.71476e-08 2.17679e-09 1.23297e-11
9.390964 2.22382e-03 5.54419e-03 7.81655e-03 9.66495e-03 1.05582e-02 1.07822e-02 1.06952e-02 1.05029e-02 1.02975e-02 1.01079e-02 9.93432e-03 9.76989e-03 9.60918e-03 9.45227e-03 9.30342e-03 9.16475e-03 9.03566e-03 8.91799e-03 8.81572e-03 8.73047e-03 8.66214e-03 8.61489e-03 8.60017e-03 8.63015e-03 8.70438e-03 8.79932e-03 8.87199e-03 8.88258e-03 8.82229e-03 8.71703e-03 8.59947e-03 8.48321e-03 8.36569e-03 8.24349e-03 8.11659e-03 7.98402e-03 7.84345e-03 7.69573e-03 7.54674e-03 7.40238e-03 7.26307e-03 7.12553e-03 6.98789e-03 6.85106e-03 6.71720e-03 6.58852e-03 6.46656e-03 6.35199e-03 6.24518e-03 6.14630e-03 6.05477e-03 5.96921e-03 5.88825e-03 5.81101e-03 5.73730e-03 5.66815e-03 5.60611e-03 5.55463e-03 5.51691e-03 5.49487e-03 5.48804e-03 5.49280e-03 5.50297e-03 5.51229e-03 5.51707e-03 5.51725e-03 5.51604e-03 5.51876e-03 5.53153e-03 5.55786e-03 5.59326e-03 5.62591e-03 5.64711e-03 5.65914e-03 5.67036e-03 5.68244e-03 5.68349e-03 5.66184e-03 5.62663e-03 5.59377e-03 5.56302e-03 5.52700e-03 5.48373e-03 5.43540e-03 5.38400e-03 5.32924e-03 5.26834e-03 5.19764e-03 5.11641e-03 5.02917e-03 4.94249e-03 4.85861e-03 4.77375e-03 4.68245e-03 4.58259e-03 4.47665e-03 4.36944e-03 4.26505e-03 4.16549e-03 4.07135e-03 3.98245e-03 3.89893e-03 3.82361e-03 3.76352e-03 3.72724e-03 3.71924e-03 3.73623e-03 3.76779e-03 3.80035e-03 3.82310e-03 3.83328e-03 3.83718e-03 3.84489e-03 3.86226e-03 3.88685e-03 3.91333e-03 3.94044e-03 3.96739e-03 3.99060e-03 4.01289e-03 4.04460e-03 4.08182e-03 4.09680e-03 4.07369e-03 4.04044e-03 4.03306e-03 4.04732e-03 4.05239e-03 4.03228e-03 3.99344e-03 3.94448e-03 3.88657e-03 3.81831e-03 3.73915e-03 3.64832e-03 3.54477e-03 3.43070e-03 3.31443e-03 3.20624e-03 3.11104e-03 3.02723e-03 2.95066e-03 2.87822e-03 2.80994e-03 2.74769e-03 2.69156e-03 2.63922e-03 2.58863e-03 2.53997e-03 2.49392e-03 2.45048e-03 2.41149e-03 2.38041e-03 2.35885e-03 2.34545e-03 2.33753e-03 2.33297e-03 2.33070e-03 2.32947e-03 2.32600e-03 2.31571e-03 2.29640e-03 2.26980e-03 2.23904e-03 2.20589e-03 2.17008e-03 2.13060e-03 2.08819e-03 2.04554e-03 2.00369e-03 1.96069e-03 1.91555e-03 1.87022e-03 1.82814e-03 1.79250e-03 1.76397e-03 1.74059e-03 1.71999e-03 1.70049e-03 1.68066e-03 1.65902e-03 1.63462e-03 1.60785e-03 1.58084e-03 1.55699e-03 1.53966e-03 1.53030e-03 1.52704e-03 1.52482e-03 1.51783e-03 1.50296e-03 1.48146e-03 1.45764e-03 1.43605e-03 1.41933e-03 1.40785e-03 1.40047e-03 1.39575e-03 1.39281e-03 1.39156e-03 1.39222e-03 1.39473e-03 1.39872e-03 1.40409e-03 1.41137e-03 1.42142e-03 1.43396e-03 1.44442e-03 1.44155e-03 1.41315e-03 1.35939e-03 1.29480e-03 1.23382e-03 1.18114e-03 1.13485e-03 1.09235e-03 1.05256e-03 1.01555e-03 9.81701e-04 9.51172e-04 9.23763e-04 8.98972e-04 8.76166e-04 8.54770e-04 8.34413e-04 8.14992e-04 7.96648e-04 7.79657e-04 7.64291e-04 7.50680e-04 7.38698e-04 7.27831e-04 7.17125e-04 7.05392e-04 6.91591e-04 6.74923e-04 6.54475e-04 6.29016e-04 5.97514e-04 5.60027e-04 5.18106e-04 4.73996e-04 4.28938e-04 3.82034e-04 3.30906e-04 2.73779e-04 2.11536e-04 1.48546e-04 9.17013e-05 4.76842e-05 1.97082e-05 5.95356e-06 1.15290e-06 1.13508e-07 3.54913e-09 1.48897e-11
9.490868 2.21904e-03 5.47761e-03 7.65301e-03 9.46147e-03 1.03765e-02 1.06433e-02 1.05965e-02 1.04377e-02 1.02584e-02 1.00829e-02 9.90634e-03 9.72452e-03 9.54688e-03 9.39190e-03 9.27193e-03 9.18358e-03 9.11418e-03 9.05234e-03 8.99154e-03 8.93055e-03 8.87559e-03 8.84177e-03 8.84731e-03 8.89845e-03 8.97446e-03 9.02887e-03 9.01658e-03 8.93134e-03 8.81145e-03 8.70014e-03 8.60814e-03 8.51644e-03 8.40192e-03 8.25595e-03 8.08647e-03 7.90916e-03 7.73732e-03 7.57662e-03 7.42719e-03 7.28904e-03 7.16291e-03 7.04600e-03 6.93073e-03 6.81005e-03 6.68305e-03 6.55473e-03 6.43082e-03 6.31476e-03 6.20887e-03 6.11564e-03 6.03650e-03 5.97016e-03 5.91303e-03 5.86110e-03 5.81151e-03 5.76277e-03 5.71371e-03 5.66287e-03 5.60970e-03 5.55717e-03 5.51334e-03 5.48807e-03 5.48576e-03 5.50052e-03 5.51892e-03 5.52796e-03 5.52181e-03 5.50288e-03 5.47784e-03 5.45420e-03 5.43851e-03 5.43350e-03 5.43691e-03 5.44636e-03 5.46452e-03 5.49612e-03 5.53910e-03 5.57914e-03 5.59507e-03 5.57877e-03 5.54875e-03 5.52462e-03 5.50203e-03 5.46878e-03 5.42095e-03 5.36005e-03 5.28832e-03 5.20710e-03 5.11599e-03 5.01389e-03 4.90313e-03 4.79144e-03 4.68713e-03 4.59255e-03 4.50379e-03 4.41559e-03 4.32518e-03 4.23248e-03 4.13876e-03 4.04633e-03 3.95909e-03 3.88237e-03 3.82238e-03 3.78510e-03 3.77373e-03 3.78579e-03 3.81339e-03 3.84684e-03 3.87943e-03 3.91057e-03 3.94419e-03 3.98259e-03 4.02131e-03 4.05217e-03 4.07170e-03 4.08321e-03 4.09132e-03 4.09779e-03 4.10125e-03 4.09967e-03 4.09319e-03 4.08179e-03 4.06296e-03 4.03786e-03 4.01379e-03 3.99901e-03 3.99098e-03 3.97591e-03 3.94681e-03 3.90608e-03 3.85599e-03 3.79590e-03 3.72476e-03 3.64337e-03 3.55490e-03 3.46342e-03 3.37179e-03 3.28112e-03 3.19204e-03 3.10625e-03 3.02674e-03 2.95612e-03 2.89404e-03 2.83671e-03 2.77993e-03 2.72154e-03 2.66095e-03 2.59908e-03 2.53929e-03 2.48560e-03 2.43937e-03 2.40092e-03 2.37252e-03 2.35638e-03 2.35182e-03 2.35395e-03 2.35355e-03 2.34251e-03 2.32064e-03 2.29389e-03 2.26777e-03 2.24461e-03 2.22440e-03 2.20594e-03 2.18745e-03 2.16692e-03 2.14249e-03 2.11322e-03 2.07951e-03 2.04199e-03 2.00021e-03 1.95522e-03 1.91204e-03 1.87446e-03 1.84104e-03 1.81000e-03 1.78161e-03 1.75529e-03 1.72911e-03 1.70170e-03 1.67281e-03 1.64285e-03 1.61264e-03 1.58356e-03 1.55754e-03 1.53638e-03 1.52105e-03 1.51111e-03 1.50452e-03 1.49799e-03 1.48807e-03 1.47305e-03 1.45422e-03 1.43495e-03 1.41838e-03 1.40596e-03 1.39756e-03 1.39250e-03 1.39033e-03 1.39094e-03 1.39404e-03 1.39896e-03 1.40514e-03 1.41264e-03 1.42226e-03 1.43525e-03 1.45235e-03 1.47093e-03 1.48039e-03 1.46410e-03 1.41507e-03 1.34668e-03 1.27893e-03 1.22123e-03 1.17229e-03 1.12795e-03 1.08558e-03 1.04447e-03 1.00506e-03 9.68108e-04 9.34239e-04 9.03726e-04 8.76442e-04 8.51924e-04 8.29524e-04 8.08586e-04 7.88594e-04 7.69247e-04 7.50476e-04 7.32423e-04 7.15345e-04 6.99465e-04 6.84789e-04 6.70919e-04 6.56911e-04 6.41329e-04 6.22638e-04 5.99653e-04 5.71702e-04 5.38593e-04 5.00782e-04 4.59486e-04 4.16221e-04 3.71789e-04 3.25619e-04 2.76161e-04 2.22300e-04 1.65165e-04 1.09226e-04 6.13425e-05 2.74692e-05 8.96699e-06 1.85958e-06 1.92851e-07 6.10864e-09 2.12915e-11
9.590772 2.22449e-03 5.43749e-03 7.53636e-03 9.33322e-03 1.02897e-02 1.06063e-02 1.05986e-02 1.04655e-02 1.02977e-02 1.01184e-02 9.92440e-03 9.71988e-03 9.52797e-03 9.37809e-03 9.28490e-03 9.24156e-03 9.22911e-03 9.22722e-03 9.22098e-03 9.20641e-03 9.19312e-03 9.19884e-03 9.23294e-03 9.27791e-03 9.28999e-03 9.23106e-03 9.10639e-03 8.96155e-03 8.83514e-03 8.72465e-03 8.60359e-03 8.45885e-03 8.30077e-03 8.14466e-03 7.99383e-03 7.84140e-03 7.68213e-03 7.51925e-03 7.36227e-03 7.22023e-03 7.09620e-03 6.98580e-03 6.87995e-03 6.77041e-03 6.65433e-03 6.53477e-03 6.41761e-03 6.30850e-03 6.21179e-03 6.13068e-03 6.06732e-03 6.02180e-03 5.99078e-03 5.96679e-03 5.93945e-03 5.89905e-03 5.84099e-03 5.76821e-03 5.68899e-03 5.61200e-03 5.54378e-03 5.49128e-03 5.46351e-03 5.46621e-03 5.49311e-03 5.52428e-03 5.53688e-03 5.51976e-03 5.47735e-03 5.42128e-03 5.36221e-03 5.30956e-03 5.27341e-03 5.26183e-03 5.27587e-03 5.30970e-03 5.35543e-03 5.40574e-03 5.45153e-03 5.48013e-03 5.48171e-03 5.46343e-03 5.44747e-03 5.44185e-03 5.43168e-03 5.40119e-03 5.34285e-03 5.25272e-03 5.13261e-03 4.99470e-03 4.85676e-03 4.73172e-03 4.62345e-03 4.52962e-03 4.44493e-03 4.36285e-03 4.27768e-03 4.18708e-03 4.09334e-03 4.00315e-03 3.92552e-03 3.86796e-03 3.83466e-03 3.82694e-03 3.84227e-03 3.87358e-03 3.91176e-03 3.95004e-03 3.98710e-03 4.02554e-03 4.06676e-03 4.10820e-03 4.14607e-03 4.17891e-03 4.20739e-03 4.23205e-03 4.25059e-03 4.25637e-03 4.24203e-03 4.20744e-03 4.16179e-03 4.11211e-03 4.05790e-03 4.00613e-03 3.97002e-03 3.94209e-03 3.90348e-03 3.85359e-03 3.79789e-03 3.73729e-03 3.67359e-03 3.60988e-03 3.54791e-03 3.48719e-03 3.42621e-03 3.36393e-03 3.30050e-03 3.23677e-03 3.17335e-03 3.11016e-03 3.04696e-03 2.98433e-03 2.92340e-03 2.86408e-03 2.80389e-03 2.74046e-03 2.67517e-03 2.61189e-03 2.55412e-03 2.50595e-03 2.47220e-03 2.45477e-03 2.44843e-03 2.44030e-03 2.41934e-03 2.38508e-03 2.34438e-03 2.30377e-03 2.26660e-03 2.23423e-03 2.20729e-03 2.18594e-03 2.16984e-03 2.15814e-03 2.14930e-03 2.14074e-03 2.12905e-03 2.11111e-03 2.08546e-03 2.05262e-03 2.01367e-03 1.96948e-03 1.92334e-03 1.88225e-03 1.85088e-03 1.82663e-03 1.80418e-03 1.78105e-03 1.75721e-03 1.73236e-03 1.70564e-03 1.67665e-03 1.64599e-03 1.61507e-03 1.58551e-03 1.55882e-03 1.53623e-03 1.51876e-03 1.50657e-03 1.49781e-03 1.48882e-03 1.47662e-03 1.46075e-03 1.44295e-03 1.42563e-03 1.41068e-03 1.39915e-03 1.39155e-03 1.38802e-03 1.38822e-03 1.39126e-03 1.39614e-03 1.40248e-03 1.41058e-03 1.42121e-03 1.43544e-03 1.45426e-03 1.47614e-03 1.49175e-03 1.48301e-03 1.43757e-03 1.36544e-03 1.28993e-03 1.22545e-03 1.17249e-03 1.12621e-03 1.08262e-03 1.03990e-03 9.97769e-04 9.56767e-04 9.17690e-04 8.81176e-04 8.47553e-04 8.16862e-04 7.88937e-04 7.63467e-04 7.40009e-04 7.18041e-04 6.97068e-04 6.76742e-04 6.56896e-04 6.37531e-04 6.18753e-04 6.00678e-04 5.83259e-04 5.66079e-04 5.48177e-04 5.28094e-04 5.04330e-04 4.76042e-04 4.43430e-04 4.07499e-04 3.69460e-04 3.30180e-04 2.89934e-04 2.48389e-04 2.04770e-04 1.58604e-04 1.11287e-04 6.72510e-05 3.26854e-05 1.16065e-05 2.60523e-06 2.88760e-07 9.54939e-09 3.22351e-11
9.690676 2.23476e-03 5.41779e-03 7.46297e-03 9.26594e-03 1.02683e-02 1.06294e-02 1.06508e-02 1.05301e-02 1.03593e-02 1.01665e-02 9.95713e-03 9.74410e-03 9.55490e-03 9.41734e-03 9.34342e-03 9.32747e-03 9.35414e-03 9.40628e-03 9.47106e-03 9.54222e-03 9.61526e-03 9.67872e-03 9.70831e-03 9.67253e-03 9.55568e-03 9.37766e-03 9.17939e-03 8.98787e-03 8.80622e-03 8.63182e-03 8.46809e-03 8.31866e-03 8.18037e-03 8.04602e-03 7.91092e-03 7.77422e-03 7.63545e-03 7.49328e-03 7.34841e-03 7.20561e-03 7.07112e-03 6.94820e-03 6.83544e-03 6.72862e-03 6.62366e-03 6.51911e-03 6.41741e-03 6.32398e-03 6.24449e-03 6.18205e-03 6.13608e-03 6.10266e-03 6.07582e-03 6.04910e-03 6.01734e-03 5.97727e-03 5.92573e-03 5.85796e-03 5.77034e-03 5.66702e-03 5.56328e-03 5.48108e-03 5.43878e-03 5.44093e-03 5.47418e-03 5.51210e-03 5.52718e-03 5.50469e-03 5.44816e-03 5.37252e-03 5.29312e-03 5.22089e-03 5.16406e-03 5.13003e-03 5.12332e-03 5.14217e-03 5.17876e-03 5.22357e-03 5.26951e-03 5.31197e-03 5.34612e-03 5.36625e-03 5.37196e-03 5.37373e-03 5.37880e-03 5.37042e-03 5.32113e-03 5.22365e-03 5.09485e-03 4.95829e-03 4.83044e-03 4.71740e-03 4.61732e-03 4.52440e-03 4.43230e-03 4.33714e-03 4.23956e-03 4.14421e-03 4.05823e-03 3.98883e-03 3.94032e-03 3.91425e-03 3.91121e-03 3.92940e-03 3.96266e-03 4.00135e-03 4.03593e-03 4.06171e-03 4.08116e-03 4.10011e-03 4.12282e-03 4.15168e-03 4.18930e-03 4.23758e-03 4.29427e-03 4.35052e-03 4.39225e-03 4.40514e-03 4.38127e-03 4.32446e-03 4.24764e-03 4.16153e-03 4.06958e-03 3.97576e-03 3.88815e-03 3.81291e-03 3.74571e-03 3.67479e-03 3.60311e-03 3.54147e-03 3.49025e-03 3.44517e-03 3.40325e-03 3.36302e-03 3.32344e-03 3.28321e-03 3.24102e-03 3.19617e-03 3.14930e-03 3.10186e-03 3.05445e-03 3.00548e-03 2.95215e-03 2.89382e-03 2.83372e-03 2.77568e-03 2.72224e-03 2.67707e-03 2.64192e-03 2.61114e-03 2.57647e-03 2.53603e-03 2.49461e-03 2.45518e-03 2.41526e-03 2.37263e-03 2.32890e-03 2.28679e-03 2.24756e-03 2.21185e-03 2.18067e-03 2.15496e-03 2.13487e-03 2.12003e-03 2.10966e-03 2.10212e-03 2.09425e-03 2.08212e-03 2.06310e-03 2.03702e-03 2.00510e-03 1.96831e-03 1.92793e-03 1.88782e-03 1.85382e-03 1.82912e-03 1.81164e-03 1.79624e-03 1.77869e-03 1.75794e-03 1.73492e-03 1.71047e-03 1.68468e-03 1.65761e-03 1.62976e-03 1.60193e-03 1.57538e-03 1.55208e-03 1.53377e-03 1.52011e-03 1.50849e-03 1.49597e-03 1.48092e-03 1.46340e-03 1.44472e-03 1.42675e-03 1.41142e-03 1.40023e-03 1.39373e-03 1.39138e-03 1.39202e-03 1.39482e-03 1.39966e-03 1.40684e-03 1.41673e-03 1.43004e-03 1.44799e-03 1.47055e-03 1.49104e-03 1.49195e-03 1.45497e-03 1.38213e-03 1.29714e-03 1.22158e-03 1.16071e-03 1.10995e-03 1.06395e-03 1.01956e-03 9.75509e-04 9.31684e-04 8.88697e-04 8.47421e-04 8.08586e-04 7.72555e-04 7.39308e-04 7.08576e-04 6.80006e-04 6.53290e-04 6.28177e-04 6.04398e-04 5.81616e-04 5.59504e-04 5.37846e-04 5.16584e-04 4.95763e-04 4.75432e-04 4.55484e-04 4.35470e-04 4.14526e-04 3.91538e-04 3.65630e-04 3.36685e-04 3.05395e-04 2.72746e-04 2.39450e-04 2.05767e-04 1.71549e-04 1.36333e-04 1.00016e-04 6.43701e-05 3.37846e-05 1.30456e-05 3.18031e-06 3.79026e-07 1.32473e-08 4.67291e-11
9.790580 2.24211e-03 5.40249e-03 7.41079e-03 9.22506e-03 1.02653e-02 1.06570e-02 1.06944e-02 1.05769e-02 1.03995e-02 1.01975e-02 9.98420e-03 9.77710e-03 9.60278e-03 9.48436e-03 9.42951e-03 9.43260e-03 9.48636e-03 9.59024e-03 9.74354e-03 9.92613e-03 1.00895e-02 1.01745e-02 1.01420e-02 9.99184e-03 9.75669e-03 9.47924e-03 9.19370e-03 8.92240e-03 8.68052e-03 8.47847e-03 8.31881e-03 8.19348e-03 8.08698e-03 7.98448e-03 7.87645e-03 7.75725e-03 7.62488e-03 7.48290e-03 7.33941e-03 7.20169e-03 7.07160e-03 6.94659e-03 6.82524e-03 6.71042e-03 6.60664e-03 6.51575e-03 6.43637e-03 6.36659e-03 6.30571e-03 6.25313e-03 6.20653e-03 6.16229e-03 6.11862e-03 6.07716e-03 6.03942e-03 6.00156e-03 5.95481e-03 5.89149e-03 5.81015e-03 5.71602e-03 5.61850e-03 5.52958e-03 5.46254e-03 5.42781e-03 5.42649e-03 5.44621e-03 5.46385e-03 5.45589e-03 5.41044e-03 5.33214e-03 5.23793e-03 5.14868e-03 5.08070e-03 5.04036e-03 5.02465e-03 5.02712e-03 5.04296e-03 5.06986e-03 5.10636e-03 5.15049e-03 5.19907e-03 5.24702e-03 5.28550e-03 5.30111e-03 5.28367e-03 5.23789e-03 5.17728e-03 5.10715e-03 5.02534e-03 4.93351e-03 4.83849e-03 4.74613e-03 4.65596e-03 4.56088e-03 4.45462e-03 4.34073e-03 4.23288e-03 4.14637e-03 4.08897e-03 4.05916e-03 4.05130e-03 4.06067e-03 4.08301e-03 4.11080e-03 4.13266e-03 4.13981e-03 4.13401e-03 4.12539e-03 4.12223e-03 4.12722e-03 4.14245e-03 4.17216e-03 4.21949e-03 4.28218e-03 4.35162e-03 4.41555e-03 4.46147e-03 4.47876e-03 4.46048e-03 4.40537e-03 4.31676e-03 4.19971e-03 4.06371e-03 3.92439e-03 3.79568e-03 3.68428e-03 3.59424e-03 3.52689e-03 3.47264e-03 3.42093e-03 3.37482e-03 3.33659e-03 3.30279e-03 3.27069e-03 3.23901e-03 3.20737e-03 3.17631e-03 3.14676e-03 3.11884e-03 3.09091e-03 3.06034e-03 3.02529e-03 2.98628e-03 2.94619e-03 2.90862e-03 2.87456e-03 2.83954e-03 2.79630e-03 2.74200e-03 2.68009e-03 2.61700e-03 2.55856e-03 2.50750e-03 2.46312e-03 2.42137e-03 2.37829e-03 2.33420e-03 2.29175e-03 2.25213e-03 2.21491e-03 2.17986e-03 2.14767e-03 2.11894e-03 2.09343e-03 2.07060e-03 2.05052e-03 2.03345e-03 2.01860e-03 2.00407e-03 1.98803e-03 1.96919e-03 1.94611e-03 1.91789e-03 1.88622e-03 1.85545e-03 1.82965e-03 1.81034e-03 1.79614e-03 1.78385e-03 1.77011e-03 1.75295e-03 1.73248e-03 1.71016e-03 1.68702e-03 1.66291e-03 1.63738e-03 1.61099e-03 1.58566e-03 1.56367e-03 1.54594e-03 1.53129e-03 1.51729e-03 1.50175e-03 1.48368e-03 1.46347e-03 1.44267e-03 1.42348e-03 1.40792e-03 1.39701e-03 1.39061e-03 1.38807e-03 1.38887e-03 1.39270e-03 1.39918e-03 1.40803e-03 1.41965e-03 1.43560e-03 1.45720e-03 1.48092e-03 1.49233e-03 1.46969e-03 1.40391e-03 1.31242e-03 1.22291e-03 1.14955e-03 1.09091e-03 1.04074e-03 9.94270e-04 9.48955e-04 9.03696e-04 8.58347e-04 8.13423e-04 7.69775e-04 7.28236e-04 6.89345e-04 6.53247e-04 6.19744e-04 5.88441e-04 5.58901e-04 5.30789e-04 5.03916e-04 4.78172e-04 4.53394e-04 4.29366e-04 4.05933e-04 3.83066e-04 3.60828e-04 3.39270e-04 3.18302e-04 2.97600e-04 2.76625e-04 2.54767e-04 2.31582e-04 2.07035e-04 1.81554e-04 1.55797e-04 1.30228e-04 1.04782e-04 7.90407e-05 5.32838e-05 2.97918e-05 1.23923e-05 3.26312e-06 4.17087e-07 1.54032e-08 5.76119e-11
9.890484 2.24674e-03 5.39854e-03 7.39599e-03 9.22801e-03 1.02970e-02 1.07091e-02 1.07569e-02 1.06425e-02 1.04614e-02 1.02508e-02 1.00311e-02 9.82963e-03 9.67766e-03 9.59355e-03 9.57591e-03 9.61650e-03 9.71808e-03 9.89387e-03 1.01374e-02 1.03924e-02 1.05700e-02 1.06013e-02 1.04688e-02 1.02031e-02 9.86366e-03 9.51025e-03 9.18008e-03 8.88679e-03 8.63456e-03 8.42728e-03 8.26669e-03 8.14747e-03 8.05586e-03 7.97283e-03 7.87975e-03 7.76630e-03 7.63470e-03 7.49485e-03 7.35608e-03 7.22193e-03 7.09079e-03 6.96094e-03 6.83474e-03 6.71850e-03 6.61888e-03 6.53917e-03 6.47688e-03 6.42419e-03 6.37193e-03 6.31454e-03 6.25255e-03 6.19102e-03 6.13478e-03 6.08412e-03 6.03526e-03 5.98519e-03 5.93409e-03 5.88194e-03 5.82482e-03 5.75732e-03 5.67787e-03 5.59137e-03 5.50788e-03 5.43920e-03 5.39464e-03 5.37658e-03 5.37663e-03 5.37600e-03 5.35343e-03 5.29670e-03 5.20979e-03 5.11128e-03 5.02567e-03 4.97095e-03 4.94977e-03 4.95122e-03 4.96207e-03 4.97690e-03 4.99915e-03 5.03533e-03 5.08715e-03 5.14389e-03 5.18220e-03 5.18205e-03 5.14439e-03 5.08772e-03 5.03071e-03 4.98108e-03 4.93530e-03 4.88678e-03 4.83248e-03 4.76828e-03 4.68519e-03 4.57989e-03 4.46445e-03 4.35862e-03 4.27562e-03 4.21902e-03 4.18832e-03 4.18254e-03 4.19873e-03 4.22767e-03 4.25293e-03 4.25904e-03 4.24286e-03 4.21431e-03 4.18529e-03 4.16206e-03 4.14828e-03 4.14923e-03 4.17019e-03 4.21207e-03 4.26948e-03 4.33253e-03 4.39040e-03 4.43364e-03 4.45424e-03 4.44606e-03 4.40750e-03 4.34246e-03 4.25573e-03 4.14976e-03 4.02730e-03 3.89430e-03 3.75968e-03 3.63342e-03 3.52376e-03 3.43655e-03 3.37466e-03 3.33197e-03 3.29500e-03 3.25927e-03 3.22721e-03 3.19792e-03 3.17055e-03 3.14604e-03 3.12556e-03 3.10901e-03 3.09504e-03 3.08238e-03 3.07090e-03 3.06074e-03 3.04974e-03 3.03172e-03 2.99959e-03 2.95208e-03 2.89603e-03 2.83817e-03 2.77875e-03 2.71662e-03 2.65365e-03 2.59278e-03 2.53579e-03 2.48357e-03 2.43574e-03 2.38968e-03 2.34341e-03 2.29796e-03 2.25505e-03 2.21467e-03 2.17551e-03 2.13654e-03 2.09793e-03 2.06047e-03 2.02478e-03 1.99144e-03 1.96172e-03 1.93718e-03 1.91837e-03 1.90430e-03 1.89295e-03 1.88154e-03 1.86682e-03 1.84712e-03 1.82449e-03 1.80268e-03 1.78387e-03 1.76869e-03 1.75661e-03 1.74583e-03 1.73447e-03 1.72129e-03 1.70597e-03 1.68902e-03 1.67044e-03 1.64866e-03 1.62277e-03 1.59511e-03 1.56965e-03 1.54872e-03 1.53193e-03 1.51706e-03 1.50159e-03 1.48385e-03 1.46352e-03 1.44165e-03 1.42024e-03 1.40140e-03 1.38664e-03 1.37665e-03 1.37148e-03 1.37077e-03 1.37379e-03 1.37964e-03 1.38768e-03 1.39817e-03 1.41256e-03 1.43259e-03 1.45695e-03 1.47537e-03 1.46715e-03 1.41500e-03 1.32531e-03 1.22542e-03 1.13835e-03 1.06934e-03 1.01312e-03 9.63654e-04 9.17118e-04 8.71488e-04 8.25841e-04 7.80023e-04 7.34440e-04 6.89798e-04 6.46819e-04 6.06022e-04 5.67631e-04 5.31603e-04 4.97712e-04 4.65648e-04 4.35112e-04 4.05898e-04 3.77917e-04 3.51131e-04 3.25471e-04 3.00858e-04 2.77273e-04 2.54773e-04 2.33439e-04 2.13329e-04 1.94407e-04 1.76485e-04 1.59169e-04 1.41916e-04 1.24296e-04 1.06336e-04 8.85145e-05 7.12239e-05 5.43185e-05 3.75792e-05 2.18961e-05 9.61018e-06 2.68683e-06 3.63613e-07 1.40462e-08 5.49046e-11
9.990388 2.23857e-03 5.36552e-03 7.34017e-03 9.17583e-03 1.02693e-02 1.07089e-02 1.07783e-02 1.06743e-02 1.04868e-02 1.02578e-02 1.00268e-02 9.83880e-03 9.72708e-03 9.69757e-03 9.73738e-03 9.83826e-03 1.00108e-02 1.02654e-02 1.05653e-02 1.08100e-02 1.08942e-02 1.07838e-02 1.05248e-02 1.01943e-02 9.85120e-03 9.52214e-03 9.21390e-03 8.93168e-03 8.68483e-03 8.48069e-03 8.31838e-03 8.18928e-03 8.08089e-03 7.98016e-03 7.87622e-03 7.76338e-03 7.64118e-03 7.51184e-03 7.37882e-03 7.24489e-03 7.11227e-03 6.98415e-03 6.86464e-03 6.75727e-03 6.66377e-03 6.58374e-03 6.51478e-03 6.45254e-03 6.39171e-03 6.32868e-03 6.26331e-03 6.19729e-03 6.13211e-03 6.07053e-03 6.01665e-03 5.97112e-03 5.92875e-03 5.88255e-03 5.82818e-03 5.76458e-03 5.69292e-03 5.61602e-03 5.53800e-03 5.46415e-03 5.40024e-03 5.35107e-03 5.31769e-03 5.29473e-03 5.27080e-03 5.23321e-03 5.17499e-03 5.09933e-03 5.01853e-03 4.94839e-03 4.90164e-03 4.88325e-03 4.88921e-03 4.91047e-03 4.93990e-03 4.97381e-03 5.00552e-03 5.02372e-03 5.02356e-03 5.01194e-03 4.99597e-03 4.97466e-03 4.94521e-03 4.91112e-03 4.88031e-03 4.85434e-03 4.82114e-03 4.76411e-03 4.68031e-03 4.58388e-03 4.49224e-03 4.41649e-03 4.36312e-03 4.33576e-03 4.33306e-03 4.34594e-03 4.35842e-03 4.35532e-03 4.33218e-03 4.29663e-03 4.25946e-03 4.22699e-03 4.20199e-03 4.18818e-03 4.19085e-03 4.21352e-03 4.25433e-03 4.30558e-03 4.35639e-03 4.39646e-03 4.41883e-03 4.42000e-03 4.39905e-03 4.35793e-03 4.30150e-03 4.23490e-03 4.16042e-03 4.07718e-03 3.98250e-03 3.87478e-03 3.75746e-03 3.63983e-03 3.53231e-03 3.44076e-03 3.36624e-03 3.30867e-03 3.26572e-03 3.22905e-03 3.19259e-03 3.15977e-03 3.13467e-03 3.11820e-03 3.10994e-03 3.10837e-03 3.11106e-03 3.11451e-03 3.11397e-03 3.10484e-03 3.08498e-03 3.05528e-03 3.01737e-03 2.97218e-03 2.92255e-03 2.87261e-03 2.82162e-03 2.76614e-03 2.70667e-03 2.64654e-03 2.58806e-03 2.53196e-03 2.47858e-03 2.42734e-03 2.37625e-03 2.32408e-03 2.27171e-03 2.22073e-03 2.17175e-03 2.12435e-03 2.07798e-03 2.03256e-03 1.98850e-03 1.94633e-03 1.90678e-03 1.87130e-03 1.84190e-03 1.81986e-03 1.80477e-03 1.79449e-03 1.78570e-03 1.77478e-03 1.76006e-03 1.74326e-03 1.72674e-03 1.71124e-03 1.69749e-03 1.68622e-03 1.67721e-03 1.66965e-03 1.66238e-03 1.65415e-03 1.64439e-03 1.63215e-03 1.61467e-03 1.59085e-03 1.56458e-03 1.54078e-03 1.52092e-03 1.50356e-03 1.48645e-03 1.46787e-03 1.44728e-03 1.42538e-03 1.40372e-03 1.38415e-03 1.36823e-03 1.35691e-03 1.35047e-03 1.34868e-03 1.35090e-03 1.35618e-03 1.36373e-03 1.37341e-03 1.38617e-03 1.40385e-03 1.42705e-03 1.45024e-03 1.45717e-03 1.42638e-03 1.35061e-03 1.24858e-03 1.14902e-03 1.06740e-03 1.00303e-03 9.49461e-04 9.01400e-04 8.55682e-04 8.10578e-04 7.65268e-04 7.19614e-04 6.73977e-04 6.28979e-04 5.85241e-04 5.43202e-04 5.03074e-04 4.64892e-04 4.28590e-04 3.94072e-04 3.61248e-04 3.30057e-04 3.00480e-04 2.72513e-04 2.46139e-04 2.21345e-04 1.98145e-04 1.76586e-04 1.56715e-04 1.38565e-04 1.22130e-04 1.07295e-04 9.37573e-05 8.10346e-05 6.86856e-05 5.66260e-05 4.50958e-05 3.42020e-05 2.37880e-05 1.41120e-05 6.37810e-06 1.85136e-06 2.60700e-07 1.04186e-08 4.20298e-11
9.999917 2.23696e-03 5.36036e-03 7.33199e-03 9.16737e-03 1.02634e-02 1.07064e-02 1.07787e-02 1.06755e-02 1.04866e-02 1.02555e-02 1.00238e-02 9.83820e-03 9.73133e-03 9.70773e-03 9.75362e-03 9.86088e-03 1.00405e-02 1.03021e-02 1.06051e-02 1.08442e-02 1.09139e-02 1.07871e-02 1.05186e-02 1.01872e-02 9.84835e-03 9.52396e-03 9.21900e-03 8.93893e-03 8.69367e-03 8.49045e-03 8.32793e-03 8.19726e-03 8.08626e-03 7.98279e-03 7.87697e-03 7.76344e-03 7.64155e-03 7.51280e-03 7.37992e-03 7.24588e-03 7.11350e-03 6.98626e-03 6.86814e-03 6.76216e-03 6.66940e-03 6.58888e-03 6.51806e-03 6.45331e-03 6.39065e-03 6.32725e-03 6.26247e-03 6.19678e-03 6.13128e-03 6.06953e-03 6.01617e-03 5.97121e-03 5.92878e-03 5.88208e-03 5.82730e-03 5.76371e-03 5.69251e-03 5.61630e-03 5.53893e-03 5.46539e-03 5.40117e-03 5.35081e-03 5.31536e-03 5.28991e-03 5.26400e-03 5.22598e-03 5.16918e-03 5.09609e-03 5.01757e-03 4.94797e-03 4.89962e-03 4.87857e-03 4.88275e-03 4.90429e-03 4.93529e-03 4.96972e-03 4.99877e-03 5.01170e-03 5.00709e-03 4.99474e-03 4.98155e-03 4.96443e-03 4.93882e-03 4.90759e-03 4.87859e-03 4.85315e-03 4.81900e-03 4.76055e-03 4.67691e-03 4.58302e-03 4.49498e-03 4.42256e-03 4.37217e-03 4.34778e-03 4.34753e-03 4.36063e-03 4.36980e-03 4.36107e-03 4.33294e-03 4.29481e-03 4.25708e-03 4.22505e-03 4.20130e-03 4.18973e-03 4.19551e-03 4.22134e-03 4.26428e-03 4.31583e-03 4.36500e-03 4.40211e-03 4.42108e-03 4.41907e-03 4.39539e-03 4.35202e-03 4.29379e-03 4.22588e-03 4.15092e-03 4.06840e-03 3.97571e-03 3.87088e-03 3.75671e-03 3.64178e-03 3.53602e-03 3.44515e-03 3.37011e-03 3.31088e-03 3.26610e-03 3.22876e-03 3.19215e-03 3.15895e-03 3.13381e-03 3.11784e-03 3.11042e-03 3.10992e-03 3.11363e-03 3.11758e-03 3.11666e-03 3.10645e-03 3.08548e-03 3.05513e-03 3.01718e-03 2.97256e-03 2.92392e-03 2.87528e-03 2.82590e-03 2.77188e-03 2.71323e-03 2.65329e-03 2.59459e-03 2.53808e-03 2.48418e-03 2.43238e-03 2.38071e-03 2.32778e-03 2.27436e-03 2.22217e-03 2.17210e-03 2.12387e-03 2.07687e-03 2.03090e-03 1.98627e-03 1.94351e-03 1.90330e-03 1.86701e-03 1.83660e-03 1.81349e-03 1.79747e-03 1.78657e-03 1.77758e-03 1.76690e-03 1.75263e-03 1.73616e-03 1.71980e-03 1.70422e-03 1.69014e-03 1.67860e-03 1.66971e-03 1.66271e-03 1.65624e-03 1.64881e-03 1.63979e-03 1.62844e-03 1.61211e-03 1.58924e-03 1.56332e-03 1.53943e-03 1.51931e-03 1.50169e-03 1.48437e-03 1.46568e-03 1.44508e-03 1.42324e-03 1.40167e-03 1.38217e-03 1.36627e-03 1.35491e-03 1.34837e-03 1.34648e-03 1.34862e-03 1.35389e-03 1.36143e-03 1.37107e-03 1.38371e-03 1.40116e-03 1.42417e-03 1.44768e-03 1.45599e-03 1.42756e-03 1.35385e-03 1.25230e-03 1.15179e-03 1.06887e-03 1.00357e-03 9.49541e-04 9.01314e-04 8.55601e-04 8.10583e-04 7.65371e-04 7.19767e-04 6.74092e-04 6.28951e-04 5.84974e-04 5.42623e-04 5.02132e-04 4.63558e-04 4.26855e-04 3.91942e-04 3.58746e-04 3.27221e-04 2.97353e-04 2.69142e-04 2.42576e-04 2.17642e-04 1.94354e-04 1.72752e-04 1.52877e-04 1.34759e-04 1.18389e-04 1.03666e-04 9.03142e-05 7.78714e-05 6.58895e-05 5.42411e-05 4.31295e-05 3.26643e-05 2.27027e-05 1.34727e-05 6.09746e-06 1.77382e-06 2.50464e-07 1.00373e-08 4.06042e-11
