# tg_mhd (CUDA FP64)  tgc_noslip_cond_n512_re1000  N=512 Re=1000 h=6.14793083e-03 delta=3.16227766e-02 delta/h=5.143645 layers=256
# layer k: the nodes k cells from the nearest wall, i.e. the slab [(k-1/2)h, (k+1/2)h] ([0, h/2] for k = 0)
# row 'vol': each layer's share of the volume; then per probe: t and each layer's share of eps
# vol 5.859360e-03 1.164997e-02 1.155859e-02 1.146758e-02 1.137693e-02 1.128664e-02 1.119670e-02 1.110713e-02 1.101792e-02 1.092906e-02 1.084057e-02 1.075244e-02 1.066466e-02 1.057725e-02 1.049019e-02 1.040350e-02 1.031716e-02 1.023119e-02 1.014557e-02 1.006031e-02 9.975416e-03 9.890879e-03 9.806702e-03 9.722884e-03 9.639427e-03 9.556329e-03 9.473590e-03 9.391212e-03 9.309193e-03 9.227534e-03 9.146235e-03 9.065295e-03 8.984715e-03 8.904495e-03 8.824635e-03 8.745134e-03 8.665993e-03 8.587212e-03 8.508790e-03 8.430729e-03 8.353027e-03 8.275684e-03 8.198702e-03 8.122079e-03 8.045816e-03 7.969913e-03 7.894369e-03 7.819185e-03 7.744361e-03 7.669896e-03 7.595792e-03 7.522047e-03 7.448662e-03 7.375636e-03 7.302970e-03 7.230664e-03 7.158718e-03 7.087131e-03 7.015905e-03 6.945037e-03 6.874530e-03 6.804382e-03 6.734594e-03 6.665166e-03 6.596098e-03 6.527389e-03 6.459040e-03 6.391051e-03 6.323421e-03 6.256151e-03 6.189241e-03 6.122691e-03 6.056500e-03 5.990670e-03 5.925198e-03 5.860087e-03 5.795335e-03 5.730943e-03 5.666911e-03 5.603239e-03 5.539926e-03 5.476973e-03 5.414380e-03 5.352146e-03 5.290272e-03 5.228758e-03 5.167604e-03 5.106809e-03 5.046374e-03 4.986299e-03 4.926584e-03 4.867228e-03 4.808232e-03 4.749596e-03 4.691319e-03 4.633402e-03 4.575845e-03 4.518648e-03 4.461810e-03 4.405333e-03 4.349214e-03 4.293456e-03 4.238057e-03 4.183018e-03 4.128339e-03 4.074020e-03 4.020060e-03 3.966460e-03 3.913220e-03 3.860339e-03 3.807818e-03 3.755657e-03 3.703856e-03 3.652414e-03 3.601333e-03 3.550610e-03 3.500248e-03 3.450245e-03 3.400602e-03 3.351319e-03 3.302396e-03 3.253832e-03 3.205628e-03 3.157784e-03 3.110299e-03 3.063174e-03 3.016409e-03 2.970004e-03 2.923958e-03 2.878272e-03 2.832946e-03 2.787980e-03 2.743373e-03 2.699126e-03 2.655239e-03 2.611711e-03 2.568543e-03 2.525735e-03 2.483287e-03 2.441198e-03 2.399469e-03 2.358100e-03 2.317091e-03 2.276441e-03 2.236151e-03 2.196221e-03 2.156651e-03 2.117440e-03 2.078589e-03 2.040098e-03 2.001966e-03 1.964194e-03 1.926782e-03 1.889730e-03 1.853037e-03 1.816704e-03 1.780731e-03 1.745118e-03 1.709864e-03 1.674970e-03 1.640436e-03 1.606261e-03 1.572447e-03 1.538992e-03 1.505896e-03 1.473161e-03 1.440785e-03 1.408769e-03 1.377112e-03 1.345816e-03 1.314879e-03 1.284302e-03 1.254084e-03 1.224226e-03 1.194728e-03 1.165590e-03 1.136812e-03 1.108393e-03 1.080334e-03 1.052634e-03 1.025295e-03 9.983150e-04 9.716949e-04 9.454345e-04 9.195338e-04 8.939929e-04 8.688117e-04 8.439902e-04 8.195284e-04 7.954264e-04 7.716841e-04 7.483016e-04 7.252788e-04 7.026157e-04 6.803123e-04 6.583687e-04 6.367848e-04 6.155606e-04 5.946962e-04 5.741915e-04 5.540466e-04 5.342613e-04 5.148358e-04 4.957700e-04 4.770640e-04 4.587177e-04 4.407311e-04 4.231043e-04 4.058372e-04 3.889298e-04 3.723821e-04 3.561942e-04 3.403660e-04 3.248976e-04 3.097888e-04 2.950398e-04 2.806506e-04 2.666210e-04 2.529512e-04 2.396412e-04 2.266908e-04 2.141002e-04 2.018694e-04 1.899982e-04 1.784868e-04 1.673351e-04 1.565432e-04 1.461110e-04 1.360385e-04 1.263257e-04 1.169727e-04 1.079794e-04 9.934586e-05 9.107204e-05 8.315794e-05 7.560358e-05 6.840895e-05 6.157405e-05 5.509888e-05 4.898345e-05 4.322774e-05 3.783177e-05 3.279553e-05 2.811902e-05 2.380224e-05 1.984519e-05 1.624788e-05 1.301029e-05 1.013244e-05 7.614318e-06 5.455929e-06 3.657271e-06 2.218345e-06 1.139150e-06 4.196868e-07 5.995526e-08
0.000000 7.97235e-01 1.77307e-01 2.01747e-04 2.01866e-04 2.02027e-04 2.02227e-04 2.02462e-04 2.02729e-04 2.03025e-04 2.03346e-04 2.03690e-04 2.04052e-04 2.04429e-04 2.04819e-04 2.05218e-04 2.05623e-04 2.06031e-04 2.06439e-04 2.06844e-04 2.07242e-04 2.07632e-04 2.08011e-04 2.08375e-04 2.08722e-04 2.09050e-04 2.09357e-04 2.09639e-04 2.09895e-04 2.10123e-04 2.10321e-04 2.10487e-04 2.10619e-04 2.10716e-04 2.10776e-04 2.10798e-04 2.10780e-04 2.10722e-04 2.10623e-04 2.10481e-04 2.10296e-04 2.10067e-04 2.09794e-04 2.09477e-04 2.09115e-04 2.08709e-04 2.08257e-04 2.07761e-04 2.07221e-04 2.06637e-04 2.06009e-04 2.05338e-04 2.04625e-04 2.03870e-04 2.03075e-04 2.02240e-04 2.01366e-04 2.00454e-04 1.99506e-04 1.98523e-04 1.97505e-04 1.96455e-04 1.95373e-04 1.94261e-04 1.93120e-04 1.91952e-04 1.90758e-04 1.89540e-04 1.88299e-04 1.87037e-04 1.85755e-04 1.84454e-04 1.83136e-04 1.81802e-04 1.80453e-04 1.79092e-04 1.77719e-04 1.76335e-04 1.74941e-04 1.73540e-04 1.72131e-04 1.70716e-04 1.69296e-04 1.67871e-04 1.66443e-04 1.65012e-04 1.63579e-04 1.62144e-04 1.60708e-04 1.59272e-04 1.57836e-04 1.56399e-04 1.54963e-04 1.53528e-04 1.52093e-04 1.50659e-04 1.49225e-04 1.47792e-04 1.46359e-04 1.44926e-04 1.43493e-04 1.42060e-04 1.40626e-04 1.39190e-04 1.37753e-04 1.36314e-04 1.34872e-04 1.33426e-04 1.31977e-04 1.30524e-04 1.29066e-04 1.27602e-04 1.26132e-04 1.24655e-04 1.23171e-04 1.21680e-04 1.20180e-04 1.18671e-04 1.17153e-04 1.15625e-04 1.14087e-04 1.12539e-04 1.10980e-04 1.09410e-04 1.07828e-04 1.06235e-04 1.04631e-04 1.03014e-04 1.01387e-04 9.97474e-05 9.80969e-05 9.64352e-05 9.47626e-05 9.30795e-05 9.13864e-05 8.96836e-05 8.79718e-05 8.62515e-05 8.45235e-05 8.27884e-05 8.10472e-05 7.93005e-05 7.75494e-05 7.57949e-05 7.40379e-05 7.22796e-05 7.05209e-05 6.87632e-05 6.70076e-05 6.52553e-05 6.35075e-05 6.17656e-05 6.00309e-05 5.83045e-05 5.65880e-05 5.48826e-05 5.31896e-05 5.15103e-05 4.98462e-05 4.81984e-05 4.65683e-05 4.49571e-05 4.33661e-05 4.17965e-05 4.02495e-05 3.87262e-05 3.72277e-05 3.57550e-05 3.43092e-05 3.28913e-05 3.15020e-05 3.01423e-05 2.88129e-05 2.75146e-05 2.62480e-05 2.50136e-05 2.38121e-05 2.26438e-05 2.15091e-05 2.04084e-05 1.93419e-05 1.83098e-05 1.73121e-05 1.63490e-05 1.54204e-05 1.45262e-05 1.36662e-05 1.28402e-05 1.20479e-05 1.12890e-05 1.05631e-05 9.86969e-06 9.20829e-06 8.57835e-06 7.97925e-06 7.41034e-06 6.87094e-06 6.36032e-06 5.87772e-06 5.42234e-06 4.99338e-06 4.58998e-06 4.21129e-06 3.85644e-06 3.52452e-06 3.21465e-06 2.92590e-06 2.65737e-06 2.40816e-06 2.17734e-06 1.96402e-06 1.76731e-06 1.58631e-06 1.42016e-06 1.26801e-06 1.12902e-06 1.00238e-06 8.87285e-07 7.82974e-07 6.88700e-07 6.03747e-07 5.27423e-07 4.59066e-07 3.98045e-07 3.43757e-07 2.95628e-07 2.53119e-07 2.15716e-07 1.82941e-07 1.54341e-07 1.29495e-07 1.08014e-07 8.95323e-08 7.37157e-08 6.02557e-08 4.88696e-08 3.92998e-08 3.13122e-08 2.46953e-08 1.92586e-08 1.48318e-08 1.12633e-08 8.41842e-09 6.17895e-09 4.44119e-09 3.11496e-09 2.12232e-09 1.39640e-09 8.80258e-10 5.25862e-10 2.93096e-10 1.48885e-10 6.63977e-11 2.43606e-11 6.46868e-12 9.13402e-13 2.33650e-14
0.100058 2.19117e-01 3.22499e-01 2.00755e-01 9.05208e-02 2.95442e-02 7.36796e-03 1.99125e-03 1.14182e-03 1.06367e-03 1.06300e-03 1.06523e-03 1.06725e-03 1.06934e-03 1.07153e-03 1.07379e-03 1.07608e-03 1.07839e-03 1.08070e-03 1.08301e-03 1.08529e-03 1.08753e-03 1.08971e-03 1.09181e-03 1.09383e-03 1.09575e-03 1.09756e-03 1.09923e-03 1.10077e-03 1.10216e-03 1.10338e-03 1.10443e-03 1.10530e-03 1.10598e-03 1.10646e-03 1.10673e-03 1.10678e-03 1.10662e-03 1.10623e-03 1.10560e-03 1.10474e-03 1.10364e-03 1.10230e-03 1.10071e-03 1.09888e-03 1.09680e-03 1.09448e-03 1.09191e-03 1.08910e-03 1.08604e-03 1.08275e-03 1.07921e-03 1.07545e-03 1.07146e-03 1.06724e-03 1.06281e-03 1.05816e-03 1.05331e-03 1.04825e-03 1.04301e-03 1.03757e-03 1.03196e-03 1.02618e-03 1.02023e-03 1.01413e-03 1.00789e-03 1.00150e-03 9.94982e-04 9.88343e-04 9.81589e-04 9.74730e-04 9.67773e-04 9.60726e-04 9.53597e-04 9.46394e-04 9.39124e-04 9.31795e-04 9.24413e-04 9.16984e-04 9.09516e-04 9.02014e-04 8.94484e-04 8.86931e-04 8.79360e-04 8.71775e-04 8.64181e-04 8.56580e-04 8.48977e-04 8.41374e-04 8.33774e-04 8.26178e-04 8.18587e-04 8.11004e-04 8.03429e-04 7.95862e-04 7.88303e-04 7.80752e-04 7.73208e-04 7.65670e-04 7.58136e-04 7.50605e-04 7.43074e-04 7.35543e-04 7.28007e-04 7.20465e-04 7.12913e-04 7.05349e-04 6.97770e-04 6.90172e-04 6.82553e-04 6.74908e-04 6.67235e-04 6.59531e-04 6.51792e-04 6.44015e-04 6.36197e-04 6.28335e-04 6.20427e-04 6.12470e-04 6.04461e-04 5.96399e-04 5.88282e-04 5.80107e-04 5.71874e-04 5.63582e-04 5.55229e-04 5.46816e-04 5.38342e-04 5.29808e-04 5.21213e-04 5.12560e-04 5.03849e-04 4.95083e-04 4.86262e-04 4.77390e-04 4.68469e-04 4.59502e-04 4.50493e-04 4.41445e-04 4.32363e-04 4.23250e-04 4.14112e-04 4.04954e-04 3.95780e-04 3.86595e-04 3.77407e-04 3.68220e-04 3.59041e-04 3.49876e-04 3.40731e-04 3.31613e-04 3.22528e-04 3.13484e-04 3.04487e-04 2.95543e-04 2.86660e-04 2.77844e-04 2.69102e-04 2.60441e-04 2.51868e-04 2.43388e-04 2.35009e-04 2.26736e-04 2.18576e-04 2.10534e-04 2.02617e-04 1.94829e-04 1.87176e-04 1.79663e-04 1.72295e-04 1.65076e-04 1.58010e-04 1.51101e-04 1.44352e-04 1.37767e-04 1.31349e-04 1.25100e-04 1.19022e-04 1.13118e-04 1.07389e-04 1.01835e-04 9.64582e-05 9.12588e-05 8.62368e-05 8.13922e-05 7.67244e-05 7.22326e-05 6.79157e-05 6.37723e-05 5.98007e-05 5.59988e-05 5.23645e-05 4.88950e-05 4.55878e-05 4.24398e-05 3.94477e-05 3.66081e-05 3.39175e-05 3.13719e-05 2.89675e-05 2.67002e-05 2.45658e-05 2.25599e-05 2.06782e-05 1.89161e-05 1.72692e-05 1.57327e-05 1.43022e-05 1.29730e-05 1.17404e-05 1.05999e-05 9.54693e-06 8.57691e-06 7.68541e-06 6.86803e-06 6.12046e-06 5.43848e-06 4.81798e-06 4.25496e-06 3.74554e-06 3.28597e-06 2.87263e-06 2.50204e-06 2.17088e-06 1.87596e-06 1.61425e-06 1.38289e-06 1.17914e-06 1.00044e-06 8.44391e-07 7.08730e-07 5.91354e-07 4.90309e-07 4.03787e-07 3.30119e-07 2.67776e-07 2.15359e-07 1.71595e-07 1.35333e-07 1.05535e-07 8.12703e-08 6.17090e-08 4.61156e-08 3.38417e-08 2.43191e-08 1.70531e-08 1.16160e-08 7.64098e-09 4.81551e-09 2.87607e-09 1.60265e-09 8.13934e-10 3.62921e-10 1.33131e-10 3.53473e-11 4.99076e-12 1.27659e-13
0.200115 1.49592e-01 2.48113e-01 1.90178e-01 1.23099e-01 6.73268e-02 3.14801e-02 1.30305e-02 5.24161e-03 2.49585e-03 1.67873e-03 1.47437e-03 1.43403e-03 1.43054e-03 1.43368e-03 1.43761e-03 1.44153e-03 1.44542e-03 1.44931e-03 1.45320e-03 1.45706e-03 1.46088e-03 1.46462e-03 1.46826e-03 1.47178e-03 1.47516e-03 1.47838e-03 1.48141e-03 1.48423e-03 1.48683e-03 1.48918e-03 1.49127e-03 1.49309e-03 1.49461e-03 1.49582e-03 1.49672e-03 1.49728e-03 1.49750e-03 1.49738e-03 1.49689e-03 1.49603e-03 1.49481e-03 1.49321e-03 1.49122e-03 1.48886e-03 1.48612e-03 1.48299e-03 1.47949e-03 1.47561e-03 1.47135e-03 1.46672e-03 1.46174e-03 1.45639e-03 1.45070e-03 1.44466e-03 1.43830e-03 1.43161e-03 1.42461e-03 1.41732e-03 1.40973e-03 1.40187e-03 1.39375e-03 1.38537e-03 1.37676e-03 1.36793e-03 1.35888e-03 1.34964e-03 1.34022e-03 1.33063e-03 1.32089e-03 1.31101e-03 1.30100e-03 1.29087e-03 1.28064e-03 1.27033e-03 1.25994e-03 1.24948e-03 1.23897e-03 1.22841e-03 1.21782e-03 1.20721e-03 1.19658e-03 1.18594e-03 1.17531e-03 1.16468e-03 1.15406e-03 1.14347e-03 1.13289e-03 1.12235e-03 1.11183e-03 1.10135e-03 1.09090e-03 1.08049e-03 1.07011e-03 1.05977e-03 1.04946e-03 1.03919e-03 1.02895e-03 1.01875e-03 1.00856e-03 9.98406e-04 9.88267e-04 9.78144e-04 9.68032e-04 9.57926e-04 9.47821e-04 9.37712e-04 9.27594e-04 9.17461e-04 9.07307e-04 8.97127e-04 8.86916e-04 8.76668e-04 8.66378e-04 8.56041e-04 8.45652e-04 8.35206e-04 8.24699e-04 8.14126e-04 8.03485e-04 7.92772e-04 7.81985e-04 7.71120e-04 7.60176e-04 7.49151e-04 7.38044e-04 7.26856e-04 7.15586e-04 7.04234e-04 6.92802e-04 6.81292e-04 6.69705e-04 6.58045e-04 6.46314e-04 6.34517e-04 6.22657e-04 6.10739e-04 5.98769e-04 5.86751e-04 5.74692e-04 5.62598e-04 5.50476e-04 5.38333e-04 5.26176e-04 5.14013e-04 5.01851e-04 4.89699e-04 4.77564e-04 4.65456e-04 4.53382e-04 4.41352e-04 4.29374e-04 4.17456e-04 4.05607e-04 3.93836e-04 3.82151e-04 3.70561e-04 3.59075e-04 3.47700e-04 3.36444e-04 3.25316e-04 3.14323e-04 3.03472e-04 2.92771e-04 2.82227e-04 2.71846e-04 2.61635e-04 2.51600e-04 2.41746e-04 2.32080e-04 2.22606e-04 2.13328e-04 2.04252e-04 1.95381e-04 1.86719e-04 1.78270e-04 1.70035e-04 1.62018e-04 1.54222e-04 1.46646e-04 1.39294e-04 1.32166e-04 1.25263e-04 1.18584e-04 1.12131e-04 1.05902e-04 9.98964e-05 9.41134e-05 8.85515e-05 8.32087e-05 7.80829e-05 7.31717e-05 6.84722e-05 6.39814e-05 5.96960e-05 5.56123e-05 5.17265e-05 4.80346e-05 4.45320e-05 4.12144e-05 3.80770e-05 3.51149e-05 3.23230e-05 2.96961e-05 2.72288e-05 2.49158e-05 2.27515e-05 2.07302e-05 1.88463e-05 1.70940e-05 1.54678e-05 1.39617e-05 1.25701e-05 1.12873e-05 1.01077e-05 9.02562e-06 8.03566e-06 7.13237e-06 6.31048e-06 5.56480e-06 4.89029e-06 4.28207e-06 3.73539e-06 3.24569e-06 2.80857e-06 2.41982e-06 2.07541e-06 1.77151e-06 1.50448e-06 1.27089e-06 1.06749e-06 8.91248e-07 7.39332e-07 6.09100e-07 4.98107e-07 4.04100e-07 3.25008e-07 2.58942e-07 2.04183e-07 1.59179e-07 1.22532e-07 9.29945e-08 6.94567e-08 5.09385e-08 3.65800e-08 2.56321e-08 1.74467e-08 1.14677e-08 7.22179e-09 4.31010e-09 2.40011e-09 1.21818e-09 5.42873e-10 1.99053e-10 5.28314e-11 7.45756e-12 1.90732e-13
0.300173 1.18406e-01 2.05287e-01 1.69537e-01 1.24812e-01 8.20439e-02 4.84673e-02 2.61355e-02 1.32650e-02 6.70942e-03 3.70541e-03 2.44798e-03 1.96184e-03 1.78795e-03 1.73185e-03 1.71766e-03 1.71767e-03 1.72225e-03 1.72819e-03 1.73450e-03 1.74084e-03 1.74713e-03 1.75331e-03 1.75935e-03 1.76522e-03 1.77089e-03 1.77632e-03 1.78149e-03 1.78636e-03 1.79090e-03 1.79507e-03 1.79887e-03 1.80225e-03 1.80520e-03 1.80770e-03 1.80972e-03 1.81125e-03 1.81228e-03 1.81278e-03 1.81275e-03 1.81218e-03 1.81107e-03 1.80940e-03 1.80718e-03 1.80439e-03 1.80106e-03 1.79716e-03 1.79272e-03 1.78773e-03 1.78221e-03 1.77616e-03 1.76960e-03 1.76252e-03 1.75496e-03 1.74693e-03 1.73843e-03 1.72949e-03 1.72012e-03 1.71035e-03 1.70018e-03 1.68965e-03 1.67878e-03 1.66757e-03 1.65606e-03 1.64426e-03 1.63221e-03 1.61991e-03 1.60739e-03 1.59467e-03 1.58178e-03 1.56873e-03 1.55554e-03 1.54224e-03 1.52884e-03 1.51536e-03 1.50182e-03 1.48824e-03 1.47463e-03 1.46101e-03 1.44740e-03 1.43380e-03 1.42023e-03 1.40671e-03 1.39324e-03 1.37982e-03 1.36648e-03 1.35322e-03 1.34004e-03 1.32696e-03 1.31396e-03 1.30106e-03 1.28826e-03 1.27555e-03 1.26295e-03 1.25044e-03 1.23802e-03 1.22569e-03 1.21345e-03 1.20130e-03 1.18922e-03 1.17720e-03 1.16525e-03 1.15336e-03 1.14150e-03 1.12969e-03 1.11790e-03 1.10614e-03 1.09438e-03 1.08262e-03 1.07085e-03 1.05906e-03 1.04724e-03 1.03538e-03 1.02347e-03 1.01151e-03 9.99477e-04 9.87373e-04 9.75188e-04 9.62916e-04 9.50550e-04 9.38084e-04 9.25515e-04 9.12838e-04 9.00050e-04 8.87149e-04 8.74133e-04 8.61002e-04 8.47756e-04 8.34395e-04 8.20923e-04 8.07341e-04 7.93653e-04 7.79864e-04 7.65979e-04 7.52003e-04 7.37943e-04 7.23806e-04 7.09600e-04 6.95334e-04 6.81015e-04 6.66654e-04 6.52259e-04 6.37842e-04 6.23412e-04 6.08980e-04 5.94556e-04 5.80151e-04 5.65777e-04 5.51445e-04 5.37164e-04 5.22947e-04 5.08804e-04 4.94745e-04 4.80782e-04 4.66924e-04 4.53182e-04 4.39564e-04 4.26082e-04 4.12744e-04 3.99558e-04 3.86534e-04 3.73679e-04 3.61001e-04 3.48508e-04 3.36206e-04 3.24102e-04 3.12202e-04 3.00513e-04 2.89038e-04 2.77784e-04 2.66756e-04 2.55956e-04 2.45389e-04 2.35058e-04 2.24968e-04 2.15119e-04 2.05515e-04 1.96157e-04 1.87048e-04 1.78188e-04 1.69578e-04 1.61220e-04 1.53113e-04 1.45258e-04 1.37653e-04 1.30300e-04 1.23195e-04 1.16339e-04 1.09730e-04 1.03366e-04 9.72450e-05 9.13644e-05 8.57217e-05 8.03141e-05 7.51383e-05 7.01910e-05 6.54684e-05 6.09667e-05 5.66817e-05 5.26089e-05 4.87440e-05 4.50819e-05 4.16178e-05 3.83465e-05 3.52625e-05 3.23605e-05 2.96347e-05 2.70794e-05 2.46886e-05 2.24564e-05 2.03767e-05 1.84434e-05 1.66502e-05 1.49909e-05 1.34593e-05 1.20491e-05 1.07542e-05 9.56845e-06 8.48565e-06 7.49982e-06 6.60505e-06 5.79553e-06 5.06558e-06 4.40967e-06 3.82244e-06 3.29869e-06 2.83342e-06 2.42181e-06 2.05926e-06 1.74140e-06 1.46405e-06 1.22328e-06 1.01539e-06 8.36916e-07 6.84612e-07 5.55480e-07 4.46748e-07 3.55869e-07 2.80518e-07 2.18583e-07 1.68155e-07 1.27524e-07 9.51636e-08 6.97241e-08 5.00179e-08 3.50094e-08 2.38021e-08 1.56269e-08 9.82972e-09 5.86004e-09 3.25979e-09 1.65293e-09 7.35998e-10 2.69676e-10 7.15367e-11 1.00942e-11 2.58112e-13
0.400230 1.01698e-01 1.77833e-01 1.51367e-01 1.18710e-01 8.56875e-02 5.70376e-02 3.53379e-02 2.07441e-02 1.18712e-02 6.91019e-03 4.32020e-03 3.04135e-03 2.43813e-03 2.16481e-03 2.04630e-03 1.99852e-03 1.98258e-03 1.98094e-03 1.98572e-03 1.99339e-03 2.00231e-03 2.01169e-03 2.02112e-03 2.03040e-03 2.03939e-03 2.04801e-03 2.05621e-03 2.06393e-03 2.07112e-03 2.07774e-03 2.08376e-03 2.08914e-03 2.09385e-03 2.09787e-03 2.10116e-03 2.10371e-03 2.10550e-03 2.10652e-03 2.10674e-03 2.10618e-03 2.10481e-03 2.10264e-03 2.09968e-03 2.09592e-03 2.09138e-03 2.08605e-03 2.07997e-03 2.07313e-03 2.06556e-03 2.05728e-03 2.04830e-03 2.03866e-03 2.02836e-03 2.01745e-03 2.00595e-03 1.99387e-03 1.98126e-03 1.96815e-03 1.95455e-03 1.94051e-03 1.92605e-03 1.91121e-03 1.89601e-03 1.88049e-03 1.86468e-03 1.84860e-03 1.83230e-03 1.81579e-03 1.79912e-03 1.78230e-03 1.76537e-03 1.74835e-03 1.73128e-03 1.71417e-03 1.69705e-03 1.67994e-03 1.66287e-03 1.64586e-03 1.62892e-03 1.61209e-03 1.59536e-03 1.57877e-03 1.56232e-03 1.54603e-03 1.52990e-03 1.51396e-03 1.49820e-03 1.48264e-03 1.46728e-03 1.45212e-03 1.43716e-03 1.42241e-03 1.40787e-03 1.39352e-03 1.37938e-03 1.36542e-03 1.35165e-03 1.33805e-03 1.32462e-03 1.31135e-03 1.29822e-03 1.28521e-03 1.27233e-03 1.25954e-03 1.24683e-03 1.23420e-03 1.22162e-03 1.20907e-03 1.19654e-03 1.18401e-03 1.17146e-03 1.15888e-03 1.14625e-03 1.13355e-03 1.12078e-03 1.10791e-03 1.09493e-03 1.08183e-03 1.06860e-03 1.05523e-03 1.04171e-03 1.02803e-03 1.01418e-03 1.00016e-03 9.85973e-04 9.71607e-04 9.57065e-04 9.42349e-04 9.27460e-04 9.12401e-04 8.97179e-04 8.81799e-04 8.66269e-04 8.50597e-04 8.34794e-04 8.18870e-04 8.02837e-04 7.86707e-04 7.70494e-04 7.54212e-04 7.37874e-04 7.21496e-04 7.05093e-04 6.88680e-04 6.72272e-04 6.55886e-04 6.39535e-04 6.23236e-04 6.07004e-04 5.90853e-04 5.74798e-04 5.58852e-04 5.43030e-04 5.27343e-04 5.11805e-04 4.96427e-04 4.81221e-04 4.66196e-04 4.51363e-04 4.36732e-04 4.22310e-04 4.08106e-04 3.94126e-04 3.80379e-04 3.66869e-04 3.53602e-04 3.40583e-04 3.27817e-04 3.15307e-04 3.03056e-04 2.91068e-04 2.79345e-04 2.67889e-04 2.56701e-04 2.45783e-04 2.35136e-04 2.24760e-04 2.14656e-04 2.04824e-04 1.95263e-04 1.85973e-04 1.76954e-04 1.68204e-04 1.59723e-04 1.51508e-04 1.43560e-04 1.35875e-04 1.28453e-04 1.21290e-04 1.14386e-04 1.07736e-04 1.01340e-04 9.51936e-05 8.92943e-05 8.36390e-05 7.82243e-05 7.30466e-05 6.81022e-05 6.33871e-05 5.88973e-05 5.46283e-05 5.05757e-05 4.67347e-05 4.31004e-05 3.96677e-05 3.64312e-05 3.33856e-05 3.05252e-05 2.78442e-05 2.53367e-05 2.29965e-05 2.08176e-05 1.87937e-05 1.69183e-05 1.51851e-05 1.35875e-05 1.21191e-05 1.07733e-05 9.54368e-06 8.42368e-06 7.40691e-06 6.48703e-06 5.65780e-06 4.91308e-06 4.24690e-06 3.65342e-06 3.12698e-06 2.66213e-06 2.25361e-06 1.89640e-06 1.58570e-06 1.31696e-06 1.08589e-06 8.88459e-07 7.20890e-07 5.79683e-07 4.61601e-07 3.63670e-07 2.83176e-07 2.17657e-07 1.64895e-07 1.22908e-07 8.99361e-08 6.44278e-08 4.50293e-08 3.05680e-08 2.00382e-08 1.25854e-08 7.49180e-09 4.16172e-09 2.10759e-09 9.37396e-10 3.43149e-10 9.09607e-11 1.28286e-11 3.27941e-13
0.500288 9.17339e-02 1.58639e-01 1.36186e-01 1.10738e-01 8.45953e-02 6.05685e-02 4.08972e-02 2.63584e-02 1.65104e-02 1.03083e-02 6.62839e-03 4.54761e-03 3.41575e-03 2.81947e-03 2.51436e-03 2.36325e-03 2.29212e-03 2.26208e-03 2.25314e-03 2.25506e-03 2.26261e-03 2.27305e-03 2.28490e-03 2.29732e-03 2.30977e-03 2.32193e-03 2.33357e-03 2.34454e-03 2.35471e-03 2.36399e-03 2.37234e-03 2.37968e-03 2.38599e-03 2.39123e-03 2.39538e-03 2.39842e-03 2.40034e-03 2.40114e-03 2.40081e-03 2.39936e-03 2.39680e-03 2.39313e-03 2.38838e-03 2.38256e-03 2.37570e-03 2.36782e-03 2.35896e-03 2.34914e-03 2.33840e-03 2.32678e-03 2.31430e-03 2.30102e-03 2.28697e-03 2.27219e-03 2.25672e-03 2.24060e-03 2.22388e-03 2.20660e-03 2.18879e-03 2.17050e-03 2.15177e-03 2.13264e-03 2.11315e-03 2.09334e-03 2.07324e-03 2.05289e-03 2.03234e-03 2.01161e-03 1.99075e-03 1.96977e-03 1.94873e-03 1.92765e-03 1.90656e-03 1.88549e-03 1.86447e-03 1.84353e-03 1.82270e-03 1.80201e-03 1.78147e-03 1.76112e-03 1.74098e-03 1.72107e-03 1.70141e-03 1.68201e-03 1.66290e-03 1.64409e-03 1.62560e-03 1.60743e-03 1.58960e-03 1.57212e-03 1.55498e-03 1.53820e-03 1.52177e-03 1.50570e-03 1.48997e-03 1.47458e-03 1.45953e-03 1.44480e-03 1.43039e-03 1.41626e-03 1.40241e-03 1.38882e-03 1.37546e-03 1.36231e-03 1.34935e-03 1.33655e-03 1.32389e-03 1.31132e-03 1.29884e-03 1.28640e-03 1.27398e-03 1.26155e-03 1.24908e-03 1.23655e-03 1.22392e-03 1.21117e-03 1.19828e-03 1.18522e-03 1.17198e-03 1.15852e-03 1.14485e-03 1.13093e-03 1.11676e-03 1.10233e-03 1.08763e-03 1.07266e-03 1.05740e-03 1.04187e-03 1.02606e-03 1.00997e-03 9.93620e-04 9.77008e-04 9.60149e-04 9.43054e-04 9.25737e-04 9.08214e-04 8.90503e-04 8.72622e-04 8.54592e-04 8.36432e-04 8.18165e-04 7.99813e-04 7.81398e-04 7.62943e-04 7.44471e-04 7.26006e-04 7.07569e-04 6.89183e-04 6.70870e-04 6.52652e-04 6.34548e-04 6.16579e-04 5.98762e-04 5.81117e-04 5.63659e-04 5.46405e-04 5.29368e-04 5.12563e-04 4.96001e-04 4.79693e-04 4.63651e-04 4.47882e-04 4.32394e-04 4.17194e-04 4.02288e-04 3.87681e-04 3.73376e-04 3.59377e-04 3.45686e-04 3.32305e-04 3.19233e-04 3.06473e-04 2.94023e-04 2.81884e-04 2.70053e-04 2.58529e-04 2.47312e-04 2.36398e-04 2.25785e-04 2.15472e-04 2.05455e-04 1.95731e-04 1.86299e-04 1.77155e-04 1.68296e-04 1.59718e-04 1.51420e-04 1.43398e-04 1.35649e-04 1.28170e-04 1.20957e-04 1.14008e-04 1.07318e-04 1.00886e-04 9.47064e-05 8.87771e-05 8.30942e-05 7.76540e-05 7.24528e-05 6.74866e-05 6.27515e-05 5.82432e-05 5.39575e-05 4.98898e-05 4.60355e-05 4.23898e-05 3.89476e-05 3.57039e-05 3.26531e-05 2.97899e-05 2.71085e-05 2.46030e-05 2.22675e-05 2.00958e-05 1.80815e-05 1.62184e-05 1.44999e-05 1.29195e-05 1.14704e-05 1.01461e-05 8.93994e-06 7.84514e-06 6.85512e-06 5.96329e-06 5.16316e-06 4.44834e-06 3.81258e-06 3.24978e-06 2.75401e-06 2.31957e-06 1.94094e-06 1.61287e-06 1.33035e-06 1.08864e-06 8.83275e-07 7.10084e-07 5.65182e-07 4.44982e-07 3.46193e-07 2.65813e-07 2.01129e-07 1.49705e-07 1.09374e-07 7.82203e-08 5.45714e-08 3.69770e-08 2.41938e-08 1.51668e-08 9.01203e-09 4.99756e-09 2.52687e-09 1.12230e-09 4.10355e-10 1.08676e-10 1.53173e-11 3.91423e-13
0.600345 8.19968e-02 1.42429e-01 1.23889e-01 1.03334e-01 8.19700e-02 6.16903e-02 4.42151e-02 3.04253e-02 2.03564e-02 1.34761e-02 9.02588e-03 6.27262e-03 4.62931e-03 3.67750e-03 3.14114e-03 2.84754e-03 2.69276e-03 2.61596e-03 2.58233e-03 2.57230e-03 2.57499e-03 2.58439e-03 2.59720e-03 2.61155e-03 2.62638e-03 2.64103e-03 2.65509e-03 2.66827e-03 2.68038e-03 2.69126e-03 2.70081e-03 2.70894e-03 2.71559e-03 2.72073e-03 2.72431e-03 2.72635e-03 2.72683e-03 2.72578e-03 2.72321e-03 2.71915e-03 2.71365e-03 2.70673e-03 2.69846e-03 2.68888e-03 2.67805e-03 2.66601e-03 2.65283e-03 2.63857e-03 2.62328e-03 2.60703e-03 2.58987e-03 2.57186e-03 2.55306e-03 2.53352e-03 2.51330e-03 2.49246e-03 2.47103e-03 2.44908e-03 2.42665e-03 2.40377e-03 2.38051e-03 2.35688e-03 2.33294e-03 2.30872e-03 2.28425e-03 2.25957e-03 2.23471e-03 2.20971e-03 2.18458e-03 2.15937e-03 2.13409e-03 2.10879e-03 2.08349e-03 2.05821e-03 2.03300e-03 2.00788e-03 1.98288e-03 1.95803e-03 1.93337e-03 1.90892e-03 1.88473e-03 1.86082e-03 1.83722e-03 1.81397e-03 1.79110e-03 1.76864e-03 1.74662e-03 1.72506e-03 1.70399e-03 1.68344e-03 1.66341e-03 1.64393e-03 1.62500e-03 1.60664e-03 1.58885e-03 1.57162e-03 1.55496e-03 1.53885e-03 1.52328e-03 1.50823e-03 1.49368e-03 1.47960e-03 1.46595e-03 1.45271e-03 1.43983e-03 1.42728e-03 1.41501e-03 1.40297e-03 1.39113e-03 1.37943e-03 1.36782e-03 1.35625e-03 1.34469e-03 1.33307e-03 1.32136e-03 1.30951e-03 1.29748e-03 1.28524e-03 1.27274e-03 1.25995e-03 1.24684e-03 1.23338e-03 1.21956e-03 1.20536e-03 1.19075e-03 1.17572e-03 1.16028e-03 1.14441e-03 1.12812e-03 1.11141e-03 1.09428e-03 1.07675e-03 1.05883e-03 1.04053e-03 1.02188e-03 1.00290e-03 9.83607e-04 9.64032e-04 9.44203e-04 9.24147e-04 9.03896e-04 8.83481e-04 8.62935e-04 8.42289e-04 8.21576e-04 8.00830e-04 7.80082e-04 7.59364e-04 7.38708e-04 7.18144e-04 6.97701e-04 6.77407e-04 6.57288e-04 6.37370e-04 6.17675e-04 5.98227e-04 5.79044e-04 5.60146e-04 5.41549e-04 5.23267e-04 5.05314e-04 4.87701e-04 4.70438e-04 4.53533e-04 4.36991e-04 4.20819e-04 4.05020e-04 3.89596e-04 3.74548e-04 3.59877e-04 3.45581e-04 3.31659e-04 3.18108e-04 3.04925e-04 2.92107e-04 2.79647e-04 2.67543e-04 2.55790e-04 2.44381e-04 2.33311e-04 2.22576e-04 2.12169e-04 2.02084e-04 1.92317e-04 1.82862e-04 1.73713e-04 1.64865e-04 1.56313e-04 1.48052e-04 1.40077e-04 1.32384e-04 1.24967e-04 1.17822e-04 1.10944e-04 1.04331e-04 9.79763e-05 9.18769e-05 8.60286e-05 8.04271e-05 7.50685e-05 6.99485e-05 6.50631e-05 6.04079e-05 5.59788e-05 5.17712e-05 4.77807e-05 4.40026e-05 4.04321e-05 3.70642e-05 3.38939e-05 3.09158e-05 2.81244e-05 2.55142e-05 2.30792e-05 2.08136e-05 1.87113e-05 1.67658e-05 1.49709e-05 1.33199e-05 1.18063e-05 1.04233e-05 9.16421e-06 8.02217e-06 6.99037e-06 6.06203e-06 5.23040e-06 4.48881e-06 3.83070e-06 3.24963e-06 2.73934e-06 2.29374e-06 1.90696e-06 1.57337e-06 1.28760e-06 1.04455e-06 8.39424e-07 6.67728e-07 5.25282e-07 4.08231e-07 3.13042e-07 2.36508e-07 1.75737e-07 1.28148e-07 9.14579e-08 6.36666e-08 4.30410e-08 2.80955e-08 1.75715e-08 1.04170e-08 5.76406e-09 2.90856e-09 1.28953e-09 4.70789e-10 1.24534e-10 1.75382e-11 4.47974e-13
0.700403 7.62280e-02 1.30972e-01 1.13378e-01 9.55675e-02 7.78103e-02 6.07716e-02 4.55488e-02 3.29341e-02 2.31913e-02 1.61165e-02 1.12365e-02 8.00754e-03 5.94155e-03 4.65657e-03 3.87814e-03 3.41959e-03 3.15861e-03 3.01716e-03 2.94657e-03 2.91705e-03 2.91069e-03 2.91690e-03 2.92951e-03 2.94495e-03 2.96119e-03 2.97708e-03 2.99194e-03 3.00539e-03 3.01720e-03 3.02723e-03 3.03540e-03 3.04166e-03 3.04598e-03 3.04836e-03 3.04879e-03 3.04730e-03 3.04392e-03 3.03871e-03 3.03171e-03 3.02301e-03 3.01266e-03 3.00077e-03 2.98740e-03 2.97266e-03 2.95664e-03 2.93943e-03 2.92112e-03 2.90180e-03 2.88156e-03 2.86047e-03 2.83862e-03 2.81608e-03 2.79291e-03 2.76917e-03 2.74493e-03 2.72023e-03 2.69511e-03 2.66961e-03 2.64377e-03 2.61761e-03 2.59115e-03 2.56441e-03 2.53740e-03 2.51015e-03 2.48264e-03 2.45490e-03 2.42693e-03 2.39874e-03 2.37033e-03 2.34171e-03 2.31289e-03 2.28389e-03 2.25472e-03 2.22541e-03 2.19599e-03 2.16649e-03 2.13693e-03 2.10738e-03 2.07787e-03 2.04846e-03 2.01920e-03 1.99016e-03 1.96140e-03 1.93299e-03 1.90500e-03 1.87749e-03 1.85053e-03 1.82418e-03 1.79852e-03 1.77359e-03 1.74944e-03 1.72613e-03 1.70368e-03 1.68214e-03 1.66151e-03 1.64182e-03 1.62306e-03 1.60522e-03 1.58829e-03 1.57225e-03 1.55706e-03 1.54267e-03 1.52903e-03 1.51610e-03 1.50380e-03 1.49207e-03 1.48084e-03 1.47003e-03 1.45956e-03 1.44936e-03 1.43935e-03 1.42946e-03 1.41960e-03 1.40970e-03 1.39970e-03 1.38952e-03 1.37911e-03 1.36840e-03 1.35734e-03 1.34588e-03 1.33399e-03 1.32161e-03 1.30872e-03 1.29530e-03 1.28131e-03 1.26675e-03 1.25160e-03 1.23586e-03 1.21953e-03 1.20262e-03 1.18512e-03 1.16706e-03 1.14845e-03 1.12932e-03 1.10969e-03 1.08958e-03 1.06902e-03 1.04806e-03 1.02673e-03 1.00505e-03 9.83080e-04 9.60850e-04 9.38403e-04 9.15781e-04 8.93025e-04 8.70178e-04 8.47282e-04 8.24378e-04 8.01506e-04 7.78706e-04 7.56015e-04 7.33472e-04 7.11110e-04 6.88963e-04 6.67062e-04 6.45436e-04 6.24112e-04 6.03115e-04 5.82467e-04 5.62188e-04 5.42295e-04 5.22804e-04 5.03729e-04 4.85078e-04 4.66863e-04 4.49088e-04 4.31759e-04 4.14878e-04 3.98447e-04 3.82466e-04 3.66931e-04 3.51841e-04 3.37191e-04 3.22976e-04 3.09189e-04 2.95823e-04 2.82872e-04 2.70328e-04 2.58181e-04 2.46424e-04 2.35047e-04 2.24043e-04 2.13401e-04 2.03114e-04 1.93173e-04 1.83569e-04 1.74295e-04 1.65342e-04 1.56703e-04 1.48371e-04 1.40338e-04 1.32597e-04 1.25143e-04 1.17969e-04 1.11068e-04 1.04437e-04 9.80684e-05 9.19579e-05 8.61004e-05 8.04910e-05 7.51249e-05 6.99976e-05 6.51045e-05 6.04411e-05 5.60029e-05 5.17854e-05 4.77840e-05 4.39941e-05 4.04110e-05 3.70299e-05 3.38458e-05 3.08536e-05 2.80481e-05 2.54238e-05 2.29753e-05 2.06968e-05 1.85823e-05 1.66258e-05 1.48210e-05 1.31616e-05 1.16411e-05 1.02529e-05 8.99020e-06 7.84630e-06 6.81435e-06 5.88753e-06 5.05901e-06 4.32203e-06 3.66989e-06 3.09600e-06 2.59393e-06 2.15740e-06 1.78035e-06 1.45696e-06 1.18164e-06 9.49131e-07 7.54436e-07 5.92902e-07 4.60205e-07 3.52363e-07 2.65745e-07 1.97064e-07 1.43378e-07 1.02078e-07 7.08739e-08 4.77821e-08 3.11022e-08 1.93967e-08 1.14668e-08 6.32797e-09 3.18517e-09 1.40903e-09 5.13449e-10 1.35618e-10 1.90796e-11 4.87069e-13
0.800461 6.94200e-02 1.19884e-01 1.04327e-01 8.87375e-02 7.36191e-02 5.91315e-02 4.58773e-02 3.44941e-02 2.53201e-02 1.83382e-02 1.32758e-02 9.74557e-03 7.35847e-03 5.78507e-03 4.77233e-03 4.13675e-03 3.74975e-03 3.52328e-03 3.39822e-03 3.33560e-03 3.31029e-03 3.30636e-03 3.31395e-03 3.32705e-03 3.34207e-03 3.35691e-03 3.37038e-03 3.38181e-03 3.39088e-03 3.39744e-03 3.40143e-03 3.40290e-03 3.40189e-03 3.39849e-03 3.39281e-03 3.38495e-03 3.37504e-03 3.36320e-03 3.34957e-03 3.33428e-03 3.31748e-03 3.29930e-03 3.27988e-03 3.25936e-03 3.23786e-03 3.21551e-03 3.19242e-03 3.16869e-03 3.14442e-03 3.11970e-03 3.09460e-03 3.06918e-03 3.04350e-03 3.01759e-03 2.99147e-03 2.96516e-03 2.93867e-03 2.91199e-03 2.88509e-03 2.85795e-03 2.83054e-03 2.80282e-03 2.77474e-03 2.74625e-03 2.71730e-03 2.68785e-03 2.65783e-03 2.62722e-03 2.59597e-03 2.56406e-03 2.53147e-03 2.49818e-03 2.46421e-03 2.42958e-03 2.39432e-03 2.35849e-03 2.32216e-03 2.28540e-03 2.24833e-03 2.21106e-03 2.17372e-03 2.13643e-03 2.09936e-03 2.06264e-03 2.02643e-03 1.99090e-03 1.95617e-03 1.92241e-03 1.88974e-03 1.85828e-03 1.82813e-03 1.79940e-03 1.77214e-03 1.74641e-03 1.72225e-03 1.69966e-03 1.67863e-03 1.65914e-03 1.64115e-03 1.62459e-03 1.60938e-03 1.59545e-03 1.58267e-03 1.57096e-03 1.56018e-03 1.55023e-03 1.54097e-03 1.53227e-03 1.52403e-03 1.51611e-03 1.50839e-03 1.50076e-03 1.49312e-03 1.48536e-03 1.47738e-03 1.46910e-03 1.46044e-03 1.45132e-03 1.44169e-03 1.43149e-03 1.42067e-03 1.40919e-03 1.39701e-03 1.38413e-03 1.37050e-03 1.35613e-03 1.34101e-03 1.32514e-03 1.30853e-03 1.29118e-03 1.27311e-03 1.25435e-03 1.23492e-03 1.21484e-03 1.19415e-03 1.17288e-03 1.15107e-03 1.12875e-03 1.10598e-03 1.08279e-03 1.05923e-03 1.03534e-03 1.01118e-03 9.86781e-04 9.62200e-04 9.37483e-04 9.12677e-04 8.87830e-04 8.62986e-04 8.38192e-04 8.13491e-04 7.88926e-04 7.64536e-04 7.40361e-04 7.16438e-04 6.92801e-04 6.69482e-04 6.46511e-04 6.23916e-04 6.01721e-04 5.79949e-04 5.58619e-04 5.37748e-04 5.17352e-04 4.97441e-04 4.78027e-04 4.59115e-04 4.40712e-04 4.22820e-04 4.05440e-04 3.88571e-04 3.72211e-04 3.56356e-04 3.41000e-04 3.26136e-04 3.11756e-04 2.97852e-04 2.84415e-04 2.71433e-04 2.58896e-04 2.46794e-04 2.35114e-04 2.23846e-04 2.12977e-04 2.02497e-04 1.92395e-04 1.82659e-04 1.73278e-04 1.64242e-04 1.55541e-04 1.47165e-04 1.39105e-04 1.31352e-04 1.23897e-04 1.16733e-04 1.09852e-04 1.03246e-04 9.69094e-05 9.08348e-05 8.50162e-05 7.94478e-05 7.41240e-05 6.90394e-05 6.41887e-05 5.95670e-05 5.51692e-05 5.09907e-05 4.70265e-05 4.32719e-05 3.97221e-05 3.63724e-05 3.32177e-05 3.02532e-05 2.74737e-05 2.48740e-05 2.24487e-05 2.01922e-05 1.80989e-05 1.61629e-05 1.43781e-05 1.27384e-05 1.12373e-05 9.86849e-06 8.62524e-06 7.50088e-06 6.48861e-06 5.58161e-06 4.77305e-06 4.05608e-06 3.42395e-06 2.86996e-06 2.38755e-06 1.97032e-06 1.61209e-06 1.30688e-06 1.04898e-06 8.32989e-07 6.53814e-07 5.06702e-07 3.87254e-07 2.91439e-07 2.15598e-07 1.56444e-07 1.11054e-07 7.68647e-08 5.16496e-08 3.35046e-08 2.08225e-08 1.22673e-08 6.74727e-09 3.38568e-09 1.49356e-09 5.42961e-10 1.43145e-10 2.01124e-11 5.13061e-13
0.900518 6.74740e-02 1.11977e-01 9.54287e-02 8.14890e-02 6.86612e-02 5.63724e-02 4.49648e-02 3.49087e-02 2.65326e-02 1.99232e-02 1.49425e-02 1.13213e-02 8.75804e-03 6.98154e-03 5.77376e-03 4.96939e-03 4.44653e-03 4.11670e-03 3.91656e-03 3.80147e-03 3.74058e-03 3.71302e-03 3.70493e-03 3.70736e-03 3.71459e-03 3.72311e-03 3.73080e-03 3.73646e-03 3.73945e-03 3.73949e-03 3.73653e-03 3.73065e-03 3.72200e-03 3.71077e-03 3.69720e-03 3.68151e-03 3.66396e-03 3.64478e-03 3.62420e-03 3.60245e-03 3.57974e-03 3.55627e-03 3.53221e-03 3.50774e-03 3.48299e-03 3.45810e-03 3.43315e-03 3.40825e-03 3.38346e-03 3.35881e-03 3.33433e-03 3.31003e-03 3.28589e-03 3.26187e-03 3.23793e-03 3.21399e-03 3.18997e-03 3.16577e-03 3.14126e-03 3.11633e-03 3.09085e-03 3.06466e-03 3.03763e-03 3.00962e-03 2.98047e-03 2.95006e-03 2.91826e-03 2.88496e-03 2.85008e-03 2.81355e-03 2.77534e-03 2.73542e-03 2.69384e-03 2.65064e-03 2.60593e-03 2.55983e-03 2.51252e-03 2.46421e-03 2.41511e-03 2.36551e-03 2.31567e-03 2.26590e-03 2.21651e-03 2.16780e-03 2.12009e-03 2.07366e-03 2.02880e-03 1.98576e-03 1.94475e-03 1.90596e-03 1.86955e-03 1.83561e-03 1.80423e-03 1.77542e-03 1.74917e-03 1.72545e-03 1.70415e-03 1.68518e-03 1.66839e-03 1.65363e-03 1.64071e-03 1.62945e-03 1.61965e-03 1.61111e-03 1.60363e-03 1.59701e-03 1.59105e-03 1.58558e-03 1.58041e-03 1.57538e-03 1.57034e-03 1.56515e-03 1.55968e-03 1.55383e-03 1.54749e-03 1.54057e-03 1.53301e-03 1.52473e-03 1.51569e-03 1.50584e-03 1.49516e-03 1.48362e-03 1.47120e-03 1.45790e-03 1.44372e-03 1.42866e-03 1.41274e-03 1.39597e-03 1.37837e-03 1.35996e-03 1.34078e-03 1.32085e-03 1.30021e-03 1.27890e-03 1.25696e-03 1.23443e-03 1.21134e-03 1.18775e-03 1.16370e-03 1.13924e-03 1.11441e-03 1.08926e-03 1.06384e-03 1.03820e-03 1.01238e-03 9.86425e-04 9.60392e-04 9.34321e-04 9.08259e-04 8.82249e-04 8.56333e-04 8.30553e-04 8.04947e-04 7.79554e-04 7.54411e-04 7.29550e-04 7.05005e-04 6.80805e-04 6.56978e-04 6.33550e-04 6.10545e-04 5.87984e-04 5.65887e-04 5.44269e-04 5.23147e-04 5.02532e-04 4.82435e-04 4.62863e-04 4.43824e-04 4.25321e-04 4.07357e-04 3.89932e-04 3.73044e-04 3.56691e-04 3.40868e-04 3.25570e-04 3.10789e-04 2.96518e-04 2.82745e-04 2.69463e-04 2.56659e-04 2.44322e-04 2.32441e-04 2.21002e-04 2.09993e-04 1.99402e-04 1.89215e-04 1.79421e-04 1.70005e-04 1.60957e-04 1.52264e-04 1.43915e-04 1.35898e-04 1.28203e-04 1.20818e-04 1.13735e-04 1.06944e-04 1.00435e-04 9.42016e-05 8.82344e-05 8.25261e-05 7.70697e-05 7.18585e-05 6.68859e-05 6.21460e-05 5.76330e-05 5.33414e-05 4.92656e-05 4.54007e-05 4.17415e-05 3.82830e-05 3.50202e-05 3.19484e-05 2.90624e-05 2.63574e-05 2.38281e-05 2.14695e-05 1.92761e-05 1.72425e-05 1.53631e-05 1.36320e-05 1.20434e-05 1.05910e-05 9.26864e-06 8.06984e-06 6.98804e-06 6.01660e-06 5.14877e-06 4.37778e-06 3.69682e-06 3.09911e-06 2.57796e-06 2.12676e-06 1.73906e-06 1.40859e-06 1.12932e-06 8.95491e-07 7.01639e-07 5.42641e-07 4.13732e-07 3.10526e-07 2.29027e-07 1.65638e-07 1.17160e-07 8.07808e-08 5.40627e-08 3.49240e-08 2.16127e-08 1.26793e-08 6.94540e-09 3.47174e-09 1.52621e-09 5.53187e-10 1.45498e-10 2.04094e-11 5.20162e-13
1.000576 5.90266e-02 1.01085e-01 8.79895e-02 7.57965e-02 6.45103e-02 5.38718e-02 4.39417e-02 3.50235e-02 2.74207e-02 2.12673e-02 1.64970e-02 1.29117e-02 1.02719e-02 8.35668e-03 6.98535e-03 6.01789e-03 5.34737e-03 4.89239e-03 4.59132e-03 4.39791e-03 4.27800e-03 4.20682e-03 4.16677e-03 4.14557e-03 4.13489e-03 4.12922e-03 4.12501e-03 4.12011e-03 4.11330e-03 4.10397e-03 4.09192e-03 4.07720e-03 4.06002e-03 4.04066e-03 4.01947e-03 3.99678e-03 3.97295e-03 3.94830e-03 3.92314e-03 3.89775e-03 3.87237e-03 3.84720e-03 3.82243e-03 3.79819e-03 3.77459e-03 3.75171e-03 3.72958e-03 3.70823e-03 3.68763e-03 3.66774e-03 3.64847e-03 3.62974e-03 3.61140e-03 3.59330e-03 3.57527e-03 3.55710e-03 3.53858e-03 3.51947e-03 3.49951e-03 3.47844e-03 3.45597e-03 3.43185e-03 3.40579e-03 3.37751e-03 3.34678e-03 3.31336e-03 3.27705e-03 3.23769e-03 3.19515e-03 3.14937e-03 3.10034e-03 3.04812e-03 2.99281e-03 2.93463e-03 2.87381e-03 2.81070e-03 2.74568e-03 2.67920e-03 2.61174e-03 2.54385e-03 2.47606e-03 2.40894e-03 2.34305e-03 2.27893e-03 2.21708e-03 2.15796e-03 2.10198e-03 2.04947e-03 2.00069e-03 1.95585e-03 1.91504e-03 1.87830e-03 1.84560e-03 1.81683e-03 1.79184e-03 1.77039e-03 1.75224e-03 1.73711e-03 1.72466e-03 1.71458e-03 1.70655e-03 1.70021e-03 1.69526e-03 1.69139e-03 1.68830e-03 1.68572e-03 1.68340e-03 1.68113e-03 1.67870e-03 1.67593e-03 1.67267e-03 1.66879e-03 1.66419e-03 1.65876e-03 1.65244e-03 1.64518e-03 1.63693e-03 1.62765e-03 1.61735e-03 1.60599e-03 1.59360e-03 1.58016e-03 1.56571e-03 1.55027e-03 1.53384e-03 1.51648e-03 1.49821e-03 1.47906e-03 1.45909e-03 1.43831e-03 1.41679e-03 1.39457e-03 1.37169e-03 1.34819e-03 1.32413e-03 1.29955e-03 1.27449e-03 1.24902e-03 1.22317e-03 1.19700e-03 1.17054e-03 1.14385e-03 1.11698e-03 1.08996e-03 1.06285e-03 1.03569e-03 1.00851e-03 9.81357e-04 9.54274e-04 9.27297e-04 9.00459e-04 8.73797e-04 8.47342e-04 8.21124e-04 7.95173e-04 7.69516e-04 7.44178e-04 7.19183e-04 6.94553e-04 6.70309e-04 6.46470e-04 6.23054e-04 6.00076e-04 5.77553e-04 5.55498e-04 5.33923e-04 5.12839e-04 4.92256e-04 4.72182e-04 4.52626e-04 4.33593e-04 4.15087e-04 3.97112e-04 3.79671e-04 3.62763e-04 3.46388e-04 3.30544e-04 3.15228e-04 3.00434e-04 2.86158e-04 2.72391e-04 2.59125e-04 2.46352e-04 2.34062e-04 2.22242e-04 2.10883e-04 1.99971e-04 1.89493e-04 1.79438e-04 1.69792e-04 1.60542e-04 1.51674e-04 1.43176e-04 1.35035e-04 1.27239e-04 1.19775e-04 1.12631e-04 1.05796e-04 9.92604e-05 9.30126e-05 8.70430e-05 8.13426e-05 7.59024e-05 7.07144e-05 6.57706e-05 6.10637e-05 5.65867e-05 5.23332e-05 4.82968e-05 4.44717e-05 4.08522e-05 3.74328e-05 3.42082e-05 3.11732e-05 2.83227e-05 2.56516e-05 2.31548e-05 2.08271e-05 1.86634e-05 1.66583e-05 1.48064e-05 1.31021e-05 1.15395e-05 1.01128e-05 8.81584e-06 7.64230e-06 6.58576e-06 5.63962e-06 4.79717e-06 4.05161e-06 3.39608e-06 2.82370e-06 2.32764e-06 1.90112e-06 1.53749e-06 1.23030e-06 9.73294e-07 7.60523e-07 5.86346e-07 4.45485e-07 3.33059e-07 2.44606e-07 1.76100e-07 1.23958e-07 8.50341e-08 5.66101e-08 3.63731e-08 2.23878e-08 1.30638e-08 7.11903e-09 3.54124e-09 1.54992e-09 5.59659e-10 1.46758e-10 2.05428e-11 5.22943e-13
1.100633 5.75644e-02 9.50057e-02 8.06554e-02 6.92264e-02 5.94038e-02 5.02825e-02 4.17379e-02 3.39855e-02 2.72964e-02 2.18062e-02 1.74687e-02 1.41210e-02 1.15680e-02 9.63417e-03 8.17916e-03 7.09432e-03 6.29518e-03 5.71509e-03 5.30093e-03 5.01049e-03 4.81049e-03 4.67509e-03 4.58456e-03 4.52413e-03 4.48300e-03 4.45351e-03 4.43039e-03 4.41017e-03 4.39067e-03 4.37068e-03 4.34959e-03 4.32722e-03 4.30367e-03 4.27918e-03 4.25408e-03 4.22871e-03 4.20344e-03 4.17859e-03 4.15443e-03 4.13122e-03 4.10914e-03 4.08836e-03 4.06896e-03 4.05101e-03 4.03453e-03 4.01949e-03 4.00582e-03 3.99343e-03 3.98219e-03 3.97191e-03 3.96240e-03 3.95340e-03 3.94466e-03 3.93585e-03 3.92666e-03 3.91669e-03 3.90558e-03 3.89290e-03 3.87823e-03 3.86113e-03 3.84115e-03 3.81787e-03 3.79087e-03 3.75977e-03 3.72421e-03 3.68392e-03 3.63866e-03 3.58829e-03 3.53275e-03 3.47208e-03 3.40642e-03 3.33602e-03 3.26124e-03 3.18253e-03 3.10047e-03 3.01570e-03 2.92894e-03 2.84100e-03 2.75269e-03 2.66488e-03 2.57841e-03 2.49412e-03 2.41280e-03 2.33516e-03 2.26184e-03 2.19339e-03 2.13023e-03 2.07267e-03 2.02091e-03 1.97499e-03 1.93488e-03 1.90041e-03 1.87132e-03 1.84728e-03 1.82786e-03 1.81263e-03 1.80108e-03 1.79271e-03 1.78700e-03 1.78346e-03 1.78160e-03 1.78098e-03 1.78116e-03 1.78179e-03 1.78251e-03 1.78304e-03 1.78313e-03 1.78256e-03 1.78117e-03 1.77880e-03 1.77535e-03 1.77075e-03 1.76493e-03 1.75785e-03 1.74951e-03 1.73988e-03 1.72899e-03 1.71685e-03 1.70349e-03 1.68895e-03 1.67325e-03 1.65645e-03 1.63860e-03 1.61973e-03 1.59991e-03 1.57919e-03 1.55761e-03 1.53524e-03 1.51213e-03 1.48833e-03 1.46390e-03 1.43889e-03 1.41336e-03 1.38735e-03 1.36093e-03 1.33414e-03 1.30703e-03 1.27966e-03 1.25207e-03 1.22431e-03 1.19643e-03 1.16848e-03 1.14049e-03 1.11251e-03 1.08458e-03 1.05673e-03 1.02901e-03 1.00144e-03 9.74064e-04 9.46897e-04 9.19972e-04 8.93310e-04 8.66934e-04 8.40863e-04 8.15112e-04 7.89698e-04 7.64634e-04 7.39930e-04 7.15596e-04 6.91642e-04 6.68076e-04 6.44903e-04 6.22131e-04 5.99766e-04 5.77814e-04 5.56281e-04 5.35172e-04 5.14495e-04 4.94254e-04 4.74458e-04 4.55111e-04 4.36222e-04 4.17796e-04 3.99840e-04 3.82360e-04 3.65362e-04 3.48850e-04 3.32829e-04 3.17301e-04 3.02268e-04 2.87732e-04 2.73691e-04 2.60143e-04 2.47086e-04 2.34513e-04 2.22419e-04 2.10796e-04 1.99637e-04 1.88930e-04 1.78665e-04 1.68831e-04 1.59416e-04 1.50406e-04 1.41789e-04 1.33552e-04 1.25681e-04 1.18163e-04 1.10985e-04 1.04134e-04 9.75976e-05 9.13637e-05 8.54208e-05 7.97576e-05 7.43637e-05 6.92291e-05 6.43443e-05 5.97005e-05 5.52893e-05 5.11029e-05 4.71340e-05 4.33756e-05 3.98212e-05 3.64647e-05 3.33003e-05 3.03223e-05 2.75255e-05 2.49045e-05 2.24543e-05 2.01699e-05 1.80461e-05 1.60778e-05 1.42600e-05 1.25873e-05 1.10543e-05 9.65544e-06 8.38492e-06 7.23680e-06 6.20493e-06 5.28297e-06 4.46443e-06 3.74263e-06 3.11081e-06 2.56211e-06 2.08962e-06 1.68647e-06 1.34586e-06 1.06111e-06 8.25761e-07 6.33611e-07 4.78786e-07 3.55796e-07 2.59588e-07 1.85574e-07 1.29665e-07 8.82746e-08 5.83164e-08 3.71829e-08 2.27146e-08 1.31586e-08 7.12156e-09 3.52003e-09 1.53187e-09 5.50448e-10 1.43783e-10 2.00715e-11 5.10166e-13
1.200691 5.18851e-02 8.68873e-02 7.42210e-02 6.36135e-02 5.47919e-02 4.68276e-02 3.93993e-02 3.26576e-02 2.68378e-02 2.20426e-02 1.82090e-02 1.51822e-02 1.27959e-02 1.09119e-02 9.42538e-03 8.25778e-03 7.34809e-03 6.64698e-03 6.11338e-03 5.71272e-03 5.41589e-03 5.19860e-03 5.04089e-03 4.92670e-03 4.84343e-03 4.78145e-03 4.73367e-03 4.69502e-03 4.66203e-03 4.63245e-03 4.60491e-03 4.57866e-03 4.55338e-03 4.52902e-03 4.50568e-03 4.48356e-03 4.46287e-03 4.44385e-03 4.42668e-03 4.41152e-03 4.39849e-03 4.38764e-03 4.37900e-03 4.37253e-03 4.36814e-03 4.36571e-03 4.36504e-03 4.36591e-03 4.36803e-03 4.37106e-03 4.37462e-03 4.37826e-03 4.38151e-03 4.38382e-03 4.38461e-03 4.38328e-03 4.37918e-03 4.37165e-03 4.36005e-03 4.34373e-03 4.32207e-03 4.29453e-03 4.26062e-03 4.21992e-03 4.17216e-03 4.11715e-03 4.05485e-03 3.98535e-03 3.90888e-03 3.82583e-03 3.73669e-03 3.64211e-03 3.54284e-03 3.43974e-03 3.33374e-03 3.22585e-03 3.11711e-03 3.00858e-03 2.90134e-03 2.79642e-03 2.69481e-03 2.59744e-03 2.50514e-03 2.41865e-03 2.33857e-03 2.26537e-03 2.19939e-03 2.14080e-03 2.08964e-03 2.04580e-03 2.00902e-03 1.97893e-03 1.95507e-03 1.93686e-03 1.92368e-03 1.91486e-03 1.90971e-03 1.90753e-03 1.90765e-03 1.90944e-03 1.91229e-03 1.91568e-03 1.91913e-03 1.92223e-03 1.92463e-03 1.92605e-03 1.92627e-03 1.92511e-03 1.92245e-03 1.91821e-03 1.91235e-03 1.90484e-03 1.89570e-03 1.88494e-03 1.87262e-03 1.85878e-03 1.84349e-03 1.82681e-03 1.80882e-03 1.78958e-03 1.76917e-03 1.74767e-03 1.72515e-03 1.70168e-03 1.67733e-03 1.65218e-03 1.62628e-03 1.59972e-03 1.57256e-03 1.54485e-03 1.51666e-03 1.48806e-03 1.45909e-03 1.42983e-03 1.40032e-03 1.37063e-03 1.34080e-03 1.31089e-03 1.28095e-03 1.25103e-03 1.22117e-03 1.19142e-03 1.16183e-03 1.13243e-03 1.10326e-03 1.07435e-03 1.04575e-03 1.01746e-03 9.89525e-04 9.61959e-04 9.34782e-04 9.08007e-04 8.81646e-04 8.55708e-04 8.30197e-04 8.05117e-04 7.80466e-04 7.56243e-04 7.32444e-04 7.09064e-04 6.86096e-04 6.63532e-04 6.41366e-04 6.19589e-04 5.98195e-04 5.77177e-04 5.56529e-04 5.36247e-04 5.16329e-04 4.96774e-04 4.77582e-04 4.58755e-04 4.40298e-04 4.22217e-04 4.04519e-04 3.87212e-04 3.70305e-04 3.53808e-04 3.37731e-04 3.22085e-04 3.06878e-04 2.92120e-04 2.77818e-04 2.63979e-04 2.50606e-04 2.37704e-04 2.25272e-04 2.13311e-04 2.01818e-04 1.90788e-04 1.80214e-04 1.70089e-04 1.60404e-04 1.51147e-04 1.42308e-04 1.33873e-04 1.25829e-04 1.18163e-04 1.10860e-04 1.03907e-04 9.72895e-05 9.09937e-05 8.50062e-05 7.93139e-05 7.39042e-05 6.87653e-05 6.38857e-05 5.92546e-05 5.48620e-05 5.06984e-05 4.67549e-05 4.30234e-05 3.94961e-05 3.61661e-05 3.30265e-05 3.00713e-05 2.72945e-05 2.46908e-05 2.22548e-05 1.99814e-05 1.78658e-05 1.59031e-05 1.40885e-05 1.24170e-05 1.08837e-05 9.48345e-06 8.21107e-06 7.06105e-06 6.02773e-06 5.10519e-06 4.28729e-06 3.56766e-06 2.93975e-06 2.39680e-06 1.93192e-06 1.53815e-06 1.20849e-06 9.35988e-07 7.13821e-07 5.35381e-07 3.94359e-07 2.84837e-07 2.01363e-07 1.39019e-07 9.34658e-08 6.09690e-08 3.83939e-08 2.31779e-08 1.32798e-08 7.11561e-09 3.48597e-09 1.50541e-09 5.37465e-10 1.39682e-10 1.94301e-11 4.92881e-13
1.300748 5.00349e-02 8.04854e-02 6.72456e-02 5.76526e-02 4.98976e-02 4.29255e-02 3.64963e-02 3.07300e-02 2.58054e-02 2.17637e-02 1.85035e-02 1.58694e-02 1.37212e-02 1.19552e-02 1.04987e-02 9.30015e-03 8.32014e-03 7.52651e-03 6.89141e-03 6.38977e-03 5.99882e-03 5.69796e-03 5.46891e-03 5.29589e-03 5.16564e-03 5.06740e-03 4.99267e-03 4.93494e-03 4.88938e-03 4.85251e-03 4.82195e-03 4.79609e-03 4.77394e-03 4.75494e-03 4.73882e-03 4.72548e-03 4.71493e-03 4.70726e-03 4.70253e-03 4.70083e-03 4.70217e-03 4.70655e-03 4.71390e-03 4.72407e-03 4.73686e-03 4.75199e-03 4.76907e-03 4.78765e-03 4.80720e-03 4.82707e-03 4.84654e-03 4.86482e-03 4.88102e-03 4.89422e-03 4.90346e-03 4.90775e-03 4.90616e-03 4.89778e-03 4.88181e-03 4.85755e-03 4.82445e-03 4.78213e-03 4.73038e-03 4.66918e-03 4.59870e-03 4.51930e-03 4.43149e-03 4.33594e-03 4.23345e-03 4.12492e-03 4.01134e-03 3.89376e-03 3.77325e-03 3.65090e-03 3.52783e-03 3.40508e-03 3.28370e-03 3.16467e-03 3.04892e-03 2.93730e-03 2.83059e-03 2.72950e-03 2.63463e-03 2.54651e-03 2.46555e-03 2.39206e-03 2.32624e-03 2.26818e-03 2.21785e-03 2.17508e-03 2.13961e-03 2.11104e-03 2.08888e-03 2.07254e-03 2.06136e-03 2.05461e-03 2.05154e-03 2.05138e-03 2.05338e-03 2.05680e-03 2.06097e-03 2.06528e-03 2.06918e-03 2.07221e-03 2.07401e-03 2.07427e-03 2.07276e-03 2.06934e-03 2.06390e-03 2.05642e-03 2.04689e-03 2.03535e-03 2.02187e-03 2.00651e-03 1.98939e-03 1.97060e-03 1.95025e-03 1.92845e-03 1.90532e-03 1.88096e-03 1.85547e-03 1.82895e-03 1.80150e-03 1.77321e-03 1.74417e-03 1.71445e-03 1.68414e-03 1.65330e-03 1.62202e-03 1.59036e-03 1.55839e-03 1.52617e-03 1.49375e-03 1.46122e-03 1.42861e-03 1.39599e-03 1.36341e-03 1.33094e-03 1.29861e-03 1.26648e-03 1.23459e-03 1.20300e-03 1.17174e-03 1.14085e-03 1.11037e-03 1.08033e-03 1.05076e-03 1.02168e-03 9.93123e-04 9.65093e-04 9.37607e-04 9.10673e-04 8.84297e-04 8.58479e-04 8.33216e-04 8.08504e-04 7.84331e-04 7.60687e-04 7.37557e-04 7.14923e-04 6.92769e-04 6.71074e-04 6.49817e-04 6.28979e-04 6.08537e-04 5.88473e-04 5.68765e-04 5.49397e-04 5.30352e-04 5.11617e-04 4.93179e-04 4.75032e-04 4.57168e-04 4.39586e-04 4.22286e-04 4.05273e-04 3.88553e-04 3.72135e-04 3.56032e-04 3.40256e-04 3.24823e-04 3.09748e-04 2.95047e-04 2.80736e-04 2.66830e-04 2.53342e-04 2.40284e-04 2.27666e-04 2.15496e-04 2.03779e-04 1.92518e-04 1.81713e-04 1.71361e-04 1.61458e-04 1.51998e-04 1.42970e-04 1.34366e-04 1.26173e-04 1.18377e-04 1.10966e-04 1.03925e-04 9.72388e-05 9.08924e-05 8.48708e-05 7.91594e-05 7.37436e-05 6.86097e-05 6.37442e-05 5.91345e-05 5.47686e-05 5.06352e-05 4.67238e-05 4.30248e-05 3.95291e-05 3.62284e-05 3.31151e-05 3.01822e-05 2.74234e-05 2.48328e-05 2.24048e-05 2.01345e-05 1.80170e-05 1.60478e-05 1.42224e-05 1.25366e-05 1.09860e-05 9.56614e-06 8.27261e-06 7.10071e-06 6.04551e-06 5.10187e-06 4.26435e-06 3.52720e-06 2.88438e-06 2.32954e-06 1.85607e-06 1.45710e-06 1.12558e-06 8.54350e-07 6.36218e-07 4.64072e-07 3.31002e-07 2.30436e-07 1.56269e-07 1.02988e-07 6.57687e-08 4.05335e-08 2.39662e-08 1.34724e-08 7.09969e-09 3.43001e-09 1.46457e-09 5.18222e-10 1.33770e-10 1.85209e-11 4.68590e-13
1.400806 4.34412e-02 7.20995e-02 6.12367e-02 5.23966e-02 4.53078e-02 3.91445e-02 3.35892e-02 2.87224e-02 2.46474e-02 2.13211e-02 1.86011e-02 1.63397e-02 1.44283e-02 1.27966e-02 1.13994e-02 1.02062e-02 9.19390e-03 8.34374e-03 7.63847e-03 7.06125e-03 6.59529e-03 6.22402e-03 5.93175e-03 5.70411e-03 5.52843e-03 5.39390e-03 5.29152e-03 5.21397e-03 5.15547e-03 5.11155e-03 5.07887e-03 5.05501e-03 5.03829e-03 5.02760e-03 5.02225e-03 5.02183e-03 5.02612e-03 5.03502e-03 5.04849e-03 5.06646e-03 5.08884e-03 5.11547e-03 5.14610e-03 5.18034e-03 5.21770e-03 5.25750e-03 5.29892e-03 5.34098e-03 5.38251e-03 5.42222e-03 5.45870e-03 5.49047e-03 5.51605e-03 5.53400e-03 5.54298e-03 5.54185e-03 5.52967e-03 5.50580e-03 5.46985e-03 5.42175e-03 5.36170e-03 5.29016e-03 5.20781e-03 5.11554e-03 5.01434e-03 4.90535e-03 4.78974e-03 4.66871e-03 4.54348e-03 4.41523e-03 4.28508e-03 4.15409e-03 4.02326e-03 3.89347e-03 3.76556e-03 3.64026e-03 3.51822e-03 3.40002e-03 3.28618e-03 3.17713e-03 3.07327e-03 2.97492e-03 2.88239e-03 2.79590e-03 2.71567e-03 2.64186e-03 2.57458e-03 2.51390e-03 2.45984e-03 2.41236e-03 2.37136e-03 2.33665e-03 2.30799e-03 2.28501e-03 2.26730e-03 2.25433e-03 2.24550e-03 2.24017e-03 2.23762e-03 2.23713e-03 2.23798e-03 2.23945e-03 2.24090e-03 2.24172e-03 2.24141e-03 2.23955e-03 2.23580e-03 2.22992e-03 2.22176e-03 2.21123e-03 2.19833e-03 2.18309e-03 2.16560e-03 2.14597e-03 2.12434e-03 2.10085e-03 2.07566e-03 2.04892e-03 2.02079e-03 1.99139e-03 1.96088e-03 1.92937e-03 1.89700e-03 1.86385e-03 1.83005e-03 1.79568e-03 1.76083e-03 1.72559e-03 1.69002e-03 1.65421e-03 1.61822e-03 1.58212e-03 1.54598e-03 1.50985e-03 1.47381e-03 1.43790e-03 1.40218e-03 1.36671e-03 1.33155e-03 1.29674e-03 1.26233e-03 1.22836e-03 1.19489e-03 1.16194e-03 1.12955e-03 1.09776e-03 1.06659e-03 1.03606e-03 1.00620e-03 9.77009e-04 9.48509e-04 9.20702e-04 8.93590e-04 8.67171e-04 8.41439e-04 8.16383e-04 7.91991e-04 7.68246e-04 7.45129e-04 7.22617e-04 7.00688e-04 6.79314e-04 6.58468e-04 6.38120e-04 6.18240e-04 5.98798e-04 5.79763e-04 5.61105e-04 5.42795e-04 5.24807e-04 5.07113e-04 4.89693e-04 4.72526e-04 4.55596e-04 4.38892e-04 4.22405e-04 4.06132e-04 3.90073e-04 3.74234e-04 3.58623e-04 3.43253e-04 3.28140e-04 3.13303e-04 2.98760e-04 2.84534e-04 2.70645e-04 2.57116e-04 2.43966e-04 2.31213e-04 2.18874e-04 2.06962e-04 1.95488e-04 1.84460e-04 1.73881e-04 1.63754e-04 1.54076e-04 1.44842e-04 1.36046e-04 1.27677e-04 1.19726e-04 1.12177e-04 1.05018e-04 9.82326e-05 9.18055e-05 8.57204e-05 7.99610e-05 7.45112e-05 6.93552e-05 6.44776e-05 5.98639e-05 5.55001e-05 5.13729e-05 4.74701e-05 4.37803e-05 4.02929e-05 3.69983e-05 3.38877e-05 3.09532e-05 2.81876e-05 2.55845e-05 2.31382e-05 2.08435e-05 1.86957e-05 1.66906e-05 1.48243e-05 1.30931e-05 1.14934e-05 1.00218e-05 8.67468e-06 7.44847e-06 6.33930e-06 5.34307e-06 4.45539e-06 3.67147e-06 2.98612e-06 2.39374e-06 1.88825e-06 1.46316e-06 1.11154e-06 8.26099e-07 5.99254e-07 4.23260e-07 2.90359e-07 1.92983e-07 1.23966e-07 7.67797e-08 4.57293e-08 2.60938e-08 1.41756e-08 7.24824e-09 3.41700e-09 1.43223e-09 5.00055e-10 1.27878e-10 1.75961e-11 4.43674e-13
1.500864 4.08126e-02 6.57350e-02 5.47411e-02 4.67064e-02 4.04468e-02 3.50810e-02 3.03965e-02 2.64324e-02 2.31827e-02 2.05202e-02 1.82852e-02 1.63588e-02 1.46727e-02 1.31895e-02 1.18862e-02 1.07467e-02 9.75859e-03 8.91057e-03 8.19158e-03 7.58960e-03 7.09166e-03 6.68436e-03 6.35461e-03 6.09035e-03 5.88079e-03 5.71653e-03 5.58948e-03 5.49280e-03 5.42080e-03 5.36886e-03 5.33336e-03 5.31148e-03 5.30119e-03 5.30100e-03 5.30989e-03 5.32719e-03 5.35244e-03 5.38530e-03 5.42549e-03 5.47268e-03 5.52643e-03 5.58614e-03 5.65097e-03 5.71978e-03 5.79116e-03 5.86334e-03 5.93429e-03 6.00176e-03 6.06335e-03 6.11668e-03 6.15949e-03 6.18980e-03 6.20601e-03 6.20701e-03 6.19217e-03 6.16138e-03 6.11499e-03 6.05375e-03 5.97873e-03 5.89124e-03 5.79275e-03 5.68479e-03 5.56894e-03 5.44673e-03 5.31963e-03 5.18901e-03 5.05610e-03 4.92202e-03 4.78775e-03 4.65412e-03 4.52188e-03 4.39162e-03 4.26388e-03 4.13907e-03 4.01757e-03 3.89968e-03 3.78566e-03 3.67571e-03 3.57001e-03 3.46870e-03 3.37191e-03 3.27973e-03 3.19223e-03 3.10946e-03 3.03145e-03 2.95822e-03 2.88977e-03 2.82610e-03 2.76719e-03 2.71302e-03 2.66357e-03 2.61880e-03 2.57866e-03 2.54309e-03 2.51197e-03 2.48517e-03 2.46248e-03 2.44364e-03 2.42829e-03 2.41602e-03 2.40632e-03 2.39863e-03 2.39233e-03 2.38679e-03 2.38138e-03 2.37549e-03 2.36858e-03 2.36018e-03 2.34990e-03 2.33748e-03 2.32272e-03 2.30553e-03 2.28591e-03 2.26390e-03 2.23963e-03 2.21322e-03 2.18487e-03 2.15475e-03 2.12304e-03 2.08994e-03 2.05562e-03 2.02025e-03 1.98397e-03 1.94692e-03 1.90923e-03 1.87102e-03 1.83238e-03 1.79341e-03 1.75420e-03 1.71483e-03 1.67538e-03 1.63591e-03 1.59650e-03 1.55721e-03 1.51811e-03 1.47925e-03 1.44069e-03 1.40250e-03 1.36473e-03 1.32742e-03 1.29062e-03 1.25439e-03 1.21876e-03 1.18377e-03 1.14945e-03 1.11584e-03 1.08295e-03 1.05082e-03 1.01946e-03 9.88871e-04 9.59077e-04 9.30078e-04 9.01874e-04 8.74464e-04 8.47842e-04 8.21997e-04 7.96918e-04 7.72589e-04 7.48992e-04 7.26105e-04 7.03904e-04 6.82364e-04 6.61456e-04 6.41149e-04 6.21411e-04 6.02209e-04 5.83507e-04 5.65270e-04 5.47461e-04 5.30043e-04 5.12982e-04 4.96242e-04 4.79791e-04 4.63599e-04 4.47640e-04 4.31889e-04 4.16330e-04 4.00947e-04 3.85732e-04 3.70682e-04 3.55800e-04 3.41091e-04 3.26568e-04 3.12247e-04 2.98149e-04 2.84295e-04 2.70710e-04 2.57420e-04 2.44450e-04 2.31825e-04 2.19568e-04 2.07699e-04 1.96237e-04 1.85196e-04 1.74588e-04 1.64418e-04 1.54692e-04 1.45409e-04 1.36565e-04 1.28155e-04 1.20170e-04 1.12597e-04 1.05424e-04 9.86363e-05 9.22174e-05 8.61506e-05 8.04189e-05 7.50048e-05 6.98913e-05 6.50613e-05 6.04986e-05 5.61874e-05 5.21130e-05 4.82612e-05 4.46192e-05 4.11749e-05 3.79173e-05 3.48366e-05 3.19238e-05 2.91710e-05 2.65714e-05 2.41189e-05 2.18083e-05 1.96350e-05 1.75953e-05 1.56859e-05 1.39040e-05 1.22469e-05 1.07125e-05 9.29842e-06 8.00246e-06 6.82224e-06 5.75516e-06 4.79828e-06 3.94824e-06 3.20122e-06 2.55279e-06 1.99791e-06 1.53084e-06 1.14514e-06 8.33637e-07 5.88493e-07 4.01300e-07 2.63266e-07 1.65489e-07 9.93130e-08 5.67337e-08 3.07868e-08 1.58352e-08 7.67956e-09 3.46159e-09 1.40358e-09 4.79439e-10 1.20947e-10 1.65056e-11 4.14334e-13
1.600921 3.60128e-02 5.85375e-02 4.88054e-02 4.13740e-02 3.57900e-02 3.12163e-02 2.73901e-02 2.42644e-02 2.17243e-02 1.95944e-02 1.77336e-02 1.60682e-02 1.45699e-02 1.32275e-02 1.20335e-02 1.09803e-02 1.00600e-02 9.26406e-03 8.58279e-03 8.00517e-03 7.51925e-03 7.11307e-03 6.77562e-03 6.49726e-03 6.26976e-03 6.08614e-03 5.94042e-03 5.82752e-03 5.74308e-03 5.68345e-03 5.64564e-03 5.62723e-03 5.62633e-03 5.64150e-03 5.67165e-03 5.71594e-03 5.77365e-03 5.84407e-03 5.92631e-03 6.01920e-03 6.12109e-03 6.22978e-03 6.34245e-03 6.45566e-03 6.56554e-03 6.66794e-03 6.75880e-03 6.83438e-03 6.89164e-03 6.92837e-03 6.94338e-03 6.93638e-03 6.90797e-03 6.85942e-03 6.79251e-03 6.70936e-03 6.61223e-03 6.50342e-03 6.38518e-03 6.25961e-03 6.12864e-03 5.99397e-03 5.85705e-03 5.71914e-03 5.58124e-03 5.44418e-03 5.30859e-03 5.17499e-03 5.04374e-03 4.91514e-03 4.78942e-03 4.66674e-03 4.54725e-03 4.43104e-03 4.31823e-03 4.20890e-03 4.10313e-03 4.00099e-03 3.90253e-03 3.80781e-03 3.71687e-03 3.62972e-03 3.54636e-03 3.46678e-03 3.39094e-03 3.31878e-03 3.25023e-03 3.18518e-03 3.12354e-03 3.06519e-03 3.01001e-03 2.95789e-03 2.90872e-03 2.86241e-03 2.81890e-03 2.77813e-03 2.74008e-03 2.70474e-03 2.67211e-03 2.64218e-03 2.61492e-03 2.59024e-03 2.56799e-03 2.54796e-03 2.52983e-03 2.51320e-03 2.49760e-03 2.48250e-03 2.46736e-03 2.45165e-03 2.43486e-03 2.41657e-03 2.39644e-03 2.37423e-03 2.34982e-03 2.32315e-03 2.29427e-03 2.26329e-03 2.23036e-03 2.19567e-03 2.15941e-03 2.12180e-03 2.08303e-03 2.04329e-03 2.00274e-03 1.96154e-03 1.91984e-03 1.87775e-03 1.83539e-03 1.79286e-03 1.75025e-03 1.70765e-03 1.66513e-03 1.62277e-03 1.58064e-03 1.53881e-03 1.49735e-03 1.45631e-03 1.41575e-03 1.37573e-03 1.33629e-03 1.29749e-03 1.25936e-03 1.22195e-03 1.18529e-03 1.14940e-03 1.11432e-03 1.08006e-03 1.04664e-03 1.01407e-03 9.82367e-04 9.51529e-04 9.21560e-04 8.92460e-04 8.64224e-04 8.36845e-04 8.10314e-04 7.84620e-04 7.59747e-04 7.35678e-04 7.12396e-04 6.89877e-04 6.68099e-04 6.47033e-04 6.26653e-04 6.06926e-04 5.87818e-04 5.69295e-04 5.51318e-04 5.33848e-04 5.16845e-04 5.00269e-04 4.84076e-04 4.68229e-04 4.52687e-04 4.37414e-04 4.22376e-04 4.07545e-04 3.92894e-04 3.78406e-04 3.64067e-04 3.49869e-04 3.35811e-04 3.21899e-04 3.08143e-04 2.94560e-04 2.81171e-04 2.67999e-04 2.55071e-04 2.42415e-04 2.30059e-04 2.18030e-04 2.06354e-04 1.95054e-04 1.84149e-04 1.73656e-04 1.63588e-04 1.53951e-04 1.44751e-04 1.35987e-04 1.27656e-04 1.19750e-04 1.12261e-04 1.05174e-04 9.84776e-05 9.21542e-05 8.61869e-05 8.05579e-05 7.52490e-05 7.02418e-05 6.55180e-05 6.10599e-05 5.68504e-05 5.28730e-05 4.91123e-05 4.55539e-05 4.21845e-05 3.89918e-05 3.59650e-05 3.30941e-05 3.03707e-05 2.77873e-05 2.53376e-05 2.30164e-05 2.08196e-05 1.87438e-05 1.67866e-05 1.49463e-05 1.32215e-05 1.16114e-05 1.01155e-05 8.73329e-06 7.46430e-06 6.30785e-06 5.26296e-06 4.32818e-06 3.50146e-06 2.78006e-06 2.16035e-06 1.63775e-06 1.20657e-06 8.59969e-07 5.89872e-07 3.87070e-07 2.41399e-07 1.42121e-07 7.84972e-08 4.04913e-08 1.94764e-08 8.74518e-09 3.65854e-09 1.39840e-09 4.59893e-10 1.13622e-10 1.53360e-11 3.82822e-13
1.700979 3.19997e-02 5.12618e-02 4.25271e-02 3.61816e-02 3.14169e-02 2.76489e-02 2.46448e-02 2.22449e-02 2.02635e-02 1.85293e-02 1.69450e-02 1.54824e-02 1.41442e-02 1.29371e-02 1.18631e-02 1.09191e-02 1.00987e-02 9.39261e-03 8.78929e-03 8.27581e-03 7.83918e-03 7.46775e-03 7.15197e-03 6.88441e-03 6.65944e-03 6.47279e-03 6.32116e-03 6.20198e-03 6.11318e-03 6.05310e-03 6.02041e-03 6.01404e-03 6.03312e-03 6.07692e-03 6.14472e-03 6.23558e-03 6.34809e-03 6.48008e-03 6.62828e-03 6.78817e-03 6.95391e-03 7.11861e-03 7.27479e-03 7.41514e-03 7.53320e-03 7.62403e-03 7.68455e-03 7.71365e-03 7.71194e-03 7.68140e-03 7.62495e-03 7.54603e-03 7.44827e-03 7.33525e-03 7.21035e-03 7.07661e-03 6.93671e-03 6.79293e-03 6.64716e-03 6.50090e-03 6.35533e-03 6.21133e-03 6.06953e-03 5.93036e-03 5.79410e-03 5.66093e-03 5.53092e-03 5.40409e-03 5.28045e-03 5.15997e-03 5.04263e-03 4.92840e-03 4.81727e-03 4.70923e-03 4.60429e-03 4.50247e-03 4.40377e-03 4.30823e-03 4.21586e-03 4.12669e-03 4.04073e-03 3.95797e-03 3.87840e-03 3.80198e-03 3.72867e-03 3.65840e-03 3.59108e-03 3.52660e-03 3.46484e-03 3.40566e-03 3.34890e-03 3.29439e-03 3.24196e-03 3.19143e-03 3.14262e-03 3.09537e-03 3.04950e-03 3.00490e-03 2.96145e-03 2.91910e-03 2.87783e-03 2.83766e-03 2.79867e-03 2.76096e-03 2.72468e-03 2.68995e-03 2.65688e-03 2.62552e-03 2.59583e-03 2.56770e-03 2.54088e-03 2.51503e-03 2.48973e-03 2.46452e-03 2.43891e-03 2.41246e-03 2.38477e-03 2.35553e-03 2.32456e-03 2.29174e-03 2.25708e-03 2.22065e-03 2.18258e-03 2.14305e-03 2.10225e-03 2.06038e-03 2.01764e-03 1.97419e-03 1.93022e-03 1.88587e-03 1.84126e-03 1.79652e-03 1.75176e-03 1.70707e-03 1.66253e-03 1.61823e-03 1.57424e-03 1.53064e-03 1.48749e-03 1.44486e-03 1.40279e-03 1.36136e-03 1.32060e-03 1.28055e-03 1.24127e-03 1.20278e-03 1.16511e-03 1.12828e-03 1.09232e-03 1.05725e-03 1.02307e-03 9.89794e-04 9.57428e-04 9.25974e-04 8.95433e-04 8.65801e-04 8.37075e-04 8.09249e-04 7.82313e-04 7.56259e-04 7.31074e-04 7.06743e-04 6.83252e-04 6.60581e-04 6.38710e-04 6.17615e-04 5.97269e-04 5.77643e-04 5.58703e-04 5.40415e-04 5.22738e-04 5.05632e-04 4.89053e-04 4.72955e-04 4.57291e-04 4.42016e-04 4.27083e-04 4.12448e-04 3.98073e-04 3.83919e-04 3.69956e-04 3.56159e-04 3.42510e-04 3.28998e-04 3.15618e-04 3.02376e-04 2.89280e-04 2.76348e-04 2.63600e-04 2.51062e-04 2.38762e-04 2.26729e-04 2.14994e-04 2.03584e-04 1.92526e-04 1.81843e-04 1.71556e-04 1.61679e-04 1.52225e-04 1.43200e-04 1.34607e-04 1.26444e-04 1.18705e-04 1.11382e-04 1.04463e-04 9.79330e-05 9.17768e-05 8.59765e-05 8.05135e-05 7.53684e-05 7.05217e-05 6.59541e-05 6.16463e-05 5.75800e-05 5.37372e-05 5.01013e-05 4.66564e-05 4.33879e-05 4.02825e-05 3.73282e-05 3.45142e-05 3.18313e-05 2.92716e-05 2.68286e-05 2.44970e-05 2.22731e-05 2.01543e-05 1.81390e-05 1.62269e-05 1.44183e-05 1.27142e-05 1.11163e-05 9.62640e-06 8.24653e-06 6.97855e-06 5.82401e-06 4.78395e-06 3.85866e-06 3.04752e-06 2.34872e-06 1.75909e-06 1.27389e-06 8.86555e-07 5.88593e-07 3.69555e-07 2.17249e-07 1.18289e-07 5.90329e-08 2.67998e-08 1.10586e-08 4.17904e-09 1.45214e-09 4.47106e-10 1.06774e-10 1.41954e-11 3.51895e-13
1.801036 2.73915e-02 4.45272e-02 3.70962e-02 3.14668e-02 2.74618e-02 2.44916e-02 2.22083e-02 2.03802e-02 1.88098e-02 1.73624e-02 1.59876e-02 1.46909e-02 1.34947e-02 1.24172e-02 1.14667e-02 1.06431e-02 9.93935e-03 9.34321e-03 8.83922e-03 8.41135e-03 8.04538e-03 7.73009e-03 7.45747e-03 7.22215e-03 7.02078e-03 6.85152e-03 6.71362e-03 6.60710e-03 6.53258e-03 6.49109e-03 6.48392e-03 6.51240e-03 6.57765e-03 6.68008e-03 6.81882e-03 6.99095e-03 7.19092e-03 7.41014e-03 7.63730e-03 7.85932e-03 8.06292e-03 8.23636e-03 8.37089e-03 8.46157e-03 8.50724e-03 8.50991e-03 8.47378e-03 8.40429e-03 8.30727e-03 8.18845e-03 8.05306e-03 7.90568e-03 7.75023e-03 7.58993e-03 7.42738e-03 7.26462e-03 7.10319e-03 6.94425e-03 6.78859e-03 6.63675e-03 6.48905e-03 6.34563e-03 6.20653e-03 6.07169e-03 5.94100e-03 5.81430e-03 5.69142e-03 5.57220e-03 5.45647e-03 5.34408e-03 5.23489e-03 5.12880e-03 5.02572e-03 4.92558e-03 4.82834e-03 4.73396e-03 4.64242e-03 4.55371e-03 4.46781e-03 4.38471e-03 4.30439e-03 4.22683e-03 4.15198e-03 4.07981e-03 4.01025e-03 3.94321e-03 3.87863e-03 3.81638e-03 3.75636e-03 3.69844e-03 3.64248e-03 3.58834e-03 3.53586e-03 3.48488e-03 3.43525e-03 3.38678e-03 3.33933e-03 3.29270e-03 3.24674e-03 3.20128e-03 3.15616e-03 3.11124e-03 3.06638e-03 3.02150e-03 2.97652e-03 2.93142e-03 2.88626e-03 2.84112e-03 2.79617e-03 2.75165e-03 2.70781e-03 2.66494e-03 2.62331e-03 2.58313e-03 2.54453e-03 2.50751e-03 2.47196e-03 2.43761e-03 2.40412e-03 2.37105e-03 2.33795e-03 2.30439e-03 2.26998e-03 2.23444e-03 2.19759e-03 2.15936e-03 2.11974e-03 2.07884e-03 2.03679e-03 1.99374e-03 1.94989e-03 1.90540e-03 1.86045e-03 1.81518e-03 1.76973e-03 1.72423e-03 1.67878e-03 1.63349e-03 1.58844e-03 1.54372e-03 1.49940e-03 1.45556e-03 1.41225e-03 1.36955e-03 1.32749e-03 1.28613e-03 1.24552e-03 1.20568e-03 1.16666e-03 1.12848e-03 1.09116e-03 1.05473e-03 1.01920e-03 9.84585e-04 9.50888e-04 9.18117e-04 8.86278e-04 8.55373e-04 8.25402e-04 7.96365e-04 7.68258e-04 7.41079e-04 7.14821e-04 6.89479e-04 6.65042e-04 6.41500e-04 6.18838e-04 5.97038e-04 5.76080e-04 5.55937e-04 5.36581e-04 5.17976e-04 5.00084e-04 4.82860e-04 4.66258e-04 4.50225e-04 4.34708e-04 4.19652e-04 4.05002e-04 3.90705e-04 3.76709e-04 3.62969e-04 3.49445e-04 3.36104e-04 3.22922e-04 3.09884e-04 2.96982e-04 2.84220e-04 2.71608e-04 2.59163e-04 2.46908e-04 2.34872e-04 2.23085e-04 2.11578e-04 2.00383e-04 1.89530e-04 1.79045e-04 1.68950e-04 1.59265e-04 1.50002e-04 1.41171e-04 1.32775e-04 1.24812e-04 1.17277e-04 1.10162e-04 1.03454e-04 9.71377e-05 9.11955e-05 8.56087e-05 8.03572e-05 7.54201e-05 7.07764e-05 6.64050e-05 6.22852e-05 5.83970e-05 5.47210e-05 5.12389e-05 4.79335e-05 4.47890e-05 4.17905e-05 3.89250e-05 3.61807e-05 3.35475e-05 3.10169e-05 2.85820e-05 2.62376e-05 2.39802e-05 2.18080e-05 1.97206e-05 1.77192e-05 1.58062e-05 1.39852e-05 1.22606e-05 1.06375e-05 9.12102e-06 7.71663e-06 6.42925e-06 5.26321e-06 4.22180e-06 3.30700e-06 2.51914e-06 1.85654e-06 1.31517e-06 8.88353e-07 5.66460e-07 3.36831e-07 1.84068e-07 9.09332e-08 3.99483e-08 1.54261e-08 5.24731e-09 1.60567e-09 4.44818e-10 1.00411e-10 1.30666e-11 3.21240e-13
1.901094 2.38681e-02 3.85078e-02 3.20115e-02 2.73176e-02 2.41123e-02 2.18466e-02 2.01410e-02 1.87360e-02 1.74577e-02 1.62178e-02 1.50030e-02 1.38409e-02 1.27668e-02 1.18071e-02 1.09755e-02 1.02726e-02 9.68792e-03 9.20403e-03 8.80100e-03 8.46091e-03 8.16997e-03 7.91873e-03 7.70123e-03 7.51419e-03 7.35632e-03 7.22788e-03 7.13045e-03 7.06676e-03 7.04060e-03 7.05646e-03 7.11908e-03 7.23243e-03 7.39822e-03 7.61402e-03 7.87172e-03 8.15678e-03 8.44936e-03 8.72705e-03 8.96875e-03 9.15819e-03 9.28605e-03 9.35019e-03 9.35437e-03 9.30613e-03 9.21481e-03 9.08985e-03 8.93989e-03 8.77224e-03 8.59286e-03 8.40641e-03 8.21653e-03 8.02599e-03 7.83692e-03 7.65092e-03 7.46919e-03 7.29258e-03 7.12168e-03 6.95683e-03 6.79820e-03 6.64579e-03 6.49948e-03 6.35905e-03 6.22424e-03 6.09473e-03 5.97019e-03 5.85029e-03 5.73471e-03 5.62316e-03 5.51537e-03 5.41112e-03 5.31020e-03 5.21245e-03 5.11773e-03 5.02594e-03 4.93698e-03 4.85078e-03 4.76728e-03 4.68643e-03 4.60819e-03 4.53249e-03 4.45930e-03 4.38853e-03 4.32014e-03 4.25403e-03 4.19012e-03 4.12831e-03 4.06849e-03 4.01055e-03 3.95437e-03 3.89981e-03 3.84675e-03 3.79505e-03 3.74458e-03 3.69520e-03 3.64679e-03 3.59922e-03 3.55237e-03 3.50612e-03 3.46037e-03 3.41501e-03 3.36994e-03 3.32507e-03 3.28029e-03 3.23551e-03 3.19063e-03 3.14555e-03 3.10015e-03 3.05434e-03 3.00800e-03 2.96104e-03 2.91340e-03 2.86505e-03 2.81602e-03 2.76639e-03 2.71634e-03 2.66615e-03 2.61613e-03 2.56670e-03 2.51827e-03 2.47123e-03 2.42590e-03 2.38249e-03 2.34105e-03 2.30146e-03 2.26346e-03 2.22664e-03 2.19053e-03 2.15463e-03 2.11848e-03 2.08169e-03 2.04399e-03 2.00521e-03 1.96531e-03 1.92432e-03 1.88233e-03 1.83951e-03 1.79602e-03 1.75202e-03 1.70769e-03 1.66319e-03 1.61864e-03 1.57418e-03 1.52991e-03 1.48592e-03 1.44230e-03 1.39911e-03 1.35642e-03 1.31428e-03 1.27274e-03 1.23185e-03 1.19163e-03 1.15213e-03 1.11337e-03 1.07539e-03 1.03820e-03 1.00183e-03 9.66299e-04 9.31629e-04 8.97837e-04 8.64939e-04 8.32951e-04 8.01888e-04 7.71762e-04 7.42585e-04 7.14368e-04 6.87117e-04 6.60840e-04 6.35539e-04 6.11214e-04 5.87861e-04 5.65469e-04 5.44024e-04 5.23506e-04 5.03886e-04 4.85129e-04 4.67192e-04 4.50027e-04 4.33575e-04 4.17776e-04 4.02563e-04 3.87866e-04 3.73618e-04 3.59750e-04 3.46199e-04 3.32912e-04 3.19839e-04 3.06946e-04 2.94208e-04 2.81612e-04 2.69158e-04 2.56855e-04 2.44724e-04 2.32791e-04 2.21090e-04 2.09655e-04 1.98523e-04 1.87729e-04 1.77304e-04 1.67278e-04 1.57671e-04 1.48502e-04 1.39780e-04 1.31510e-04 1.23691e-04 1.16316e-04 1.09376e-04 1.02855e-04 9.67365e-05 9.09997e-05 8.56233e-05 8.05843e-05 7.58594e-05 7.14248e-05 6.72571e-05 6.33335e-05 5.96315e-05 5.61300e-05 5.28087e-05 4.96487e-05 4.66324e-05 4.37434e-05 4.09671e-05 3.82905e-05 3.57022e-05 3.31926e-05 3.07543e-05 2.83816e-05 2.60711e-05 2.38216e-05 2.16340e-05 1.95112e-05 1.74584e-05 1.54822e-05 1.35909e-05 1.17940e-05 1.01013e-05 8.52322e-06 7.06941e-06 5.74868e-06 4.56832e-06 3.53350e-06 2.64680e-06 1.90773e-06 1.31226e-06 8.52424e-07 5.15913e-07 2.86038e-07 1.42293e-07 6.20030e-08 2.30969e-08 7.24466e-09 1.93972e-09 4.63889e-10 9.55207e-11 1.20346e-11 2.92986e-13
2.001151 2.12508e-02 3.38201e-02 2.78848e-02 2.38843e-02 2.13737e-02 1.96948e-02 1.84357e-02 1.73414e-02 1.62739e-02 1.51872e-02 1.40961e-02 1.30434e-02 1.20744e-02 1.12230e-02 1.05049e-02 9.91734e-03 9.44341e-03 9.06008e-03 8.74553e-03 8.48315e-03 8.26193e-03 8.07532e-03 7.91982e-03 7.79431e-03 7.69962e-03 7.63858e-03 7.61610e-03 7.63908e-03 7.71600e-03 7.85543e-03 8.06325e-03 8.33877e-03 8.67093e-03 9.03683e-03 9.40426e-03 9.73795e-03 1.00074e-02 1.01929e-02 1.02877e-02 1.02965e-02 1.02315e-02 1.01085e-02 9.94312e-03 9.74893e-03 9.53651e-03 9.31355e-03 9.08542e-03 8.85581e-03 8.62730e-03 8.40185e-03 8.18099e-03 7.96595e-03 7.75777e-03 7.55723e-03 7.36489e-03 7.18108e-03 7.00591e-03 6.83930e-03 6.68100e-03 6.53066e-03 6.38782e-03 6.25199e-03 6.12265e-03 5.99930e-03 5.88143e-03 5.76861e-03 5.66040e-03 5.55646e-03 5.45646e-03 5.36013e-03 5.26724e-03 5.17761e-03 5.09107e-03 5.00748e-03 4.92674e-03 4.84874e-03 4.77338e-03 4.70059e-03 4.63026e-03 4.56231e-03 4.49665e-03 4.43318e-03 4.37178e-03 4.31235e-03 4.25477e-03 4.19892e-03 4.14467e-03 4.09189e-03 4.04046e-03 3.99023e-03 3.94109e-03 3.89291e-03 3.84555e-03 3.79891e-03 3.75288e-03 3.70734e-03 3.66220e-03 3.61738e-03 3.57280e-03 3.52840e-03 3.48411e-03 3.43990e-03 3.39574e-03 3.35159e-03 3.30745e-03 3.26329e-03 3.21912e-03 3.17491e-03 3.13067e-03 3.08635e-03 3.04194e-03 2.99736e-03 2.95256e-03 2.90743e-03 2.86185e-03 2.81570e-03 2.76884e-03 2.72116e-03 2.67255e-03 2.62300e-03 2.57258e-03 2.52145e-03 2.46992e-03 2.41838e-03 2.36734e-03 2.31736e-03 2.26897e-03 2.22262e-03 2.17863e-03 2.13710e-03 2.09794e-03 2.06082e-03 2.02527e-03 1.99069e-03 1.95648e-03 1.92205e-03 1.88694e-03 1.85083e-03 1.81355e-03 1.77505e-03 1.73543e-03 1.69484e-03 1.65349e-03 1.61161e-03 1.56940e-03 1.52707e-03 1.48478e-03 1.44265e-03 1.40079e-03 1.35927e-03 1.31814e-03 1.27744e-03 1.23720e-03 1.19742e-03 1.15814e-03 1.11936e-03 1.08110e-03 1.04339e-03 1.00625e-03 9.69716e-04 9.33820e-04 8.98603e-04 8.64111e-04 8.30390e-04 7.97488e-04 7.65452e-04 7.34328e-04 7.04161e-04 6.74990e-04 6.46849e-04 6.19768e-04 5.93769e-04 5.68866e-04 5.45069e-04 5.22373e-04 5.00769e-04 4.80233e-04 4.60734e-04 4.42227e-04 4.24655e-04 4.07954e-04 3.92046e-04 3.76847e-04 3.62268e-04 3.48218e-04 3.34607e-04 3.21353e-04 3.08379e-04 2.95627e-04 2.83051e-04 2.70622e-04 2.58330e-04 2.46181e-04 2.34194e-04 2.22402e-04 2.10844e-04 1.99565e-04 1.88611e-04 1.78024e-04 1.67844e-04 1.58102e-04 1.48824e-04 1.40025e-04 1.31713e-04 1.23890e-04 1.16547e-04 1.09672e-04 1.03248e-04 9.72520e-05 9.16605e-05 8.64465e-05 8.15826e-05 7.70405e-05 7.27924e-05 6.88107e-05 6.50690e-05 6.15417e-05 5.82046e-05 5.50349e-05 5.20111e-05 4.91134e-05 4.63234e-05 4.36245e-05 4.10018e-05 3.84421e-05 3.59344e-05 3.34698e-05 3.10418e-05 2.86467e-05 2.62834e-05 2.39540e-05 2.16636e-05 1.94202e-05 1.72350e-05 1.51216e-05 1.30955e-05 1.11735e-05 9.37297e-06 7.71049e-06 6.20113e-06 4.85731e-06 3.68790e-06 2.69743e-06 1.88553e-06 1.24641e-06 7.68454e-07 4.33942e-07 2.19268e-07 9.62930e-08 3.55179e-08 1.06400e-08 2.55602e-09 5.16457e-10 9.24929e-11 1.10621e-11 2.66148e-13
2.101209 1.81016e-02 2.91703e-02 2.44279e-02 2.12270e-02 1.92876e-02 1.80734e-02 1.71549e-02 1.62847e-02 1.53653e-02 1.43871e-02 1.33866e-02 1.24198e-02 1.15414e-02 1.07891e-02 1.01756e-02 9.69010e-03 9.30881e-03 9.00630e-03 8.76291e-03 8.56619e-03 8.40922e-03 8.28860e-03 8.20342e-03 8.15518e-03 8.14823e-03 8.19042e-03 8.29334e-03 8.47097e-03 8.73575e-03 9.09142e-03 9.52511e-03 1.00032e-02 1.04757e-02 1.08881e-02 1.11961e-02 1.13756e-02 1.14248e-02 1.13593e-02 1.12044e-02 1.09872e-02 1.07316e-02 1.04557e-02 1.01714e-02 9.88580e-03 9.60282e-03 9.32441e-03 9.05171e-03 8.78559e-03 8.52691e-03 8.27663e-03 8.03566e-03 7.80484e-03 7.58482e-03 7.37600e-03 7.17852e-03 6.99226e-03 6.81688e-03 6.65187e-03 6.49661e-03 6.35040e-03 6.21251e-03 6.08222e-03 5.95884e-03 5.84173e-03 5.73030e-03 5.62405e-03 5.52253e-03 5.42534e-03 5.33217e-03 5.24273e-03 5.15678e-03 5.07414e-03 4.99463e-03 4.91808e-03 4.84436e-03 4.77333e-03 4.70486e-03 4.63882e-03 4.57508e-03 4.51351e-03 4.45397e-03 4.39633e-03 4.34045e-03 4.28620e-03 4.23346e-03 4.18208e-03 4.13195e-03 4.08294e-03 4.03493e-03 3.98780e-03 3.94145e-03 3.89575e-03 3.85062e-03 3.80595e-03 3.76165e-03 3.71764e-03 3.67385e-03 3.63020e-03 3.58665e-03 3.54314e-03 3.49964e-03 3.45614e-03 3.41261e-03 3.36907e-03 3.32552e-03 3.28199e-03 3.23852e-03 3.19515e-03 3.15193e-03 3.10890e-03 3.06611e-03 3.02363e-03 2.98147e-03 2.93968e-03 2.89827e-03 2.85724e-03 2.81655e-03 2.77616e-03 2.73597e-03 2.69587e-03 2.65568e-03 2.61521e-03 2.57423e-03 2.53249e-03 2.48974e-03 2.44578e-03 2.40045e-03 2.35375e-03 2.30578e-03 2.25687e-03 2.20749e-03 2.15829e-03 2.10998e-03 2.06333e-03 2.01897e-03 1.97736e-03 1.93870e-03 1.90290e-03 1.86954e-03 1.83799e-03 1.80748e-03 1.77719e-03 1.74637e-03 1.71446e-03 1.68108e-03 1.64611e-03 1.60960e-03 1.57178e-03 1.53294e-03 1.49344e-03 1.45359e-03 1.41367e-03 1.37389e-03 1.33439e-03 1.29524e-03 1.25649e-03 1.21812e-03 1.18011e-03 1.14243e-03 1.10504e-03 1.06792e-03 1.03104e-03 9.94412e-04 9.58037e-04 9.21950e-04 8.86202e-04 8.50859e-04 8.16006e-04 7.81736e-04 7.48155e-04 7.15369e-04 6.83482e-04 6.52595e-04 6.22795e-04 5.94159e-04 5.66746e-04 5.40599e-04 5.15744e-04 4.92189e-04 4.69925e-04 4.48926e-04 4.29149e-04 4.10536e-04 3.93012e-04 3.76488e-04 3.60862e-04 3.46023e-04 3.31852e-04 3.18231e-04 3.05044e-04 2.92189e-04 2.79579e-04 2.67150e-04 2.54860e-04 2.42695e-04 2.30665e-04 2.18800e-04 2.07146e-04 1.95758e-04 1.84696e-04 1.74020e-04 1.63782e-04 1.54026e-04 1.44784e-04 1.36078e-04 1.27916e-04 1.20296e-04 1.13205e-04 1.06625e-04 1.00530e-04 9.48883e-05 8.96674e-05 8.48319e-05 8.03464e-05 7.61755e-05 7.22850e-05 6.86421e-05 6.52154e-05 6.19758e-05 5.88960e-05 5.59504e-05 5.31157e-05 5.03701e-05 4.76941e-05 4.50698e-05 4.24814e-05 3.99152e-05 3.73602e-05 3.48080e-05 3.22535e-05 2.96954e-05 2.71366e-05 2.45845e-05 2.20514e-05 1.95542e-05 1.71142e-05 1.47562e-05 1.25074e-05 1.03957e-05 8.44794e-06 6.68796e-06 5.13488e-06 3.80151e-06 2.69329e-06 1.80767e-06 1.13379e-06 6.52422e-07 3.36073e-07 1.50070e-07 5.57784e-08 1.64550e-08 3.69404e-09 6.37888e-10 9.42460e-11 1.02953e-11 2.43558e-13
2.201267 1.61243e-02 2.60594e-02 2.18601e-02 1.91361e-02 1.76542e-02 1.68069e-02 1.61444e-02 1.54417e-02 1.46346e-02 1.37410e-02 1.28159e-02 1.19275e-02 1.11370e-02 1.04809e-02 9.96358e-03 9.56588e-03 9.26019e-03 9.02333e-03 8.84092e-03 8.70581e-03 8.61523e-03 8.56901e-03 8.56963e-03 8.62340e-03 8.74221e-03 8.94424e-03 9.25068e-03 9.67613e-03 1.02139e-02 1.08247e-02 1.14385e-02 1.19738e-02 1.23629e-02 1.25700e-02 1.25954e-02 1.24666e-02 1.22247e-02 1.19119e-02 1.15628e-02 1.12012e-02 1.08411e-02 1.04893e-02 1.01482e-02 9.81824e-03 9.49894e-03 9.18997e-03 8.89132e-03 8.60338e-03 8.32684e-03 8.06250e-03 7.81113e-03 7.57330e-03 7.34930e-03 7.13915e-03 6.94253e-03 6.75891e-03 6.58753e-03 6.42755e-03 6.27803e-03 6.13803e-03 6.00662e-03 5.88295e-03 5.76623e-03 5.65576e-03 5.55093e-03 5.45120e-03 5.35615e-03 5.26538e-03 5.17858e-03 5.09546e-03 5.01580e-03 4.93937e-03 4.86598e-03 4.79542e-03 4.72751e-03 4.66208e-03 4.59893e-03 4.53789e-03 4.47880e-03 4.42149e-03 4.36582e-03 4.31163e-03 4.25881e-03 4.20722e-03 4.15676e-03 4.10733e-03 4.05881e-03 4.01112e-03 3.96416e-03 3.91784e-03 3.87208e-03 3.82679e-03 3.78190e-03 3.73733e-03 3.69302e-03 3.64890e-03 3.60493e-03 3.56108e-03 3.51730e-03 3.47358e-03 3.42992e-03 3.38633e-03 3.34281e-03 3.29939e-03 3.25611e-03 3.21302e-03 3.17015e-03 3.12757e-03 3.08532e-03 3.04347e-03 3.00207e-03 2.96118e-03 2.92083e-03 2.88108e-03 2.84197e-03 2.80352e-03 2.76575e-03 2.72869e-03 2.69233e-03 2.65668e-03 2.62172e-03 2.58741e-03 2.55373e-03 2.52062e-03 2.48800e-03 2.45576e-03 2.42378e-03 2.39187e-03 2.35981e-03 2.32732e-03 2.29409e-03 2.25975e-03 2.22396e-03 2.18642e-03 2.14693e-03 2.10549e-03 2.06229e-03 2.01780e-03 1.97274e-03 1.92799e-03 1.88450e-03 1.84314e-03 1.80457e-03 1.76909e-03 1.73659e-03 1.70657e-03 1.67824e-03 1.65061e-03 1.62267e-03 1.59357e-03 1.56272e-03 1.52984e-03 1.49497e-03 1.45839e-03 1.42057e-03 1.38203e-03 1.34326e-03 1.30467e-03 1.26654e-03 1.22903e-03 1.19221e-03 1.15604e-03 1.12045e-03 1.08532e-03 1.05054e-03 1.01599e-03 9.81565e-04 9.47174e-04 9.12760e-04 8.78292e-04 8.43778e-04 8.09265e-04 7.74844e-04 7.40642e-04 7.06821e-04 6.73569e-04 6.41083e-04 6.09557e-04 5.79171e-04 5.50079e-04 5.22399e-04 4.96211e-04 4.71553e-04 4.48428e-04 4.26802e-04 4.06613e-04 3.87774e-04 3.70178e-04 3.53704e-04 3.38217e-04 3.23575e-04 3.09633e-04 2.96246e-04 2.83281e-04 2.70619e-04 2.58168e-04 2.45865e-04 2.33685e-04 2.21631e-04 2.09741e-04 1.98073e-04 1.86700e-04 1.75698e-04 1.65143e-04 1.55099e-04 1.45614e-04 1.36724e-04 1.28443e-04 1.20773e-04 1.13699e-04 1.07196e-04 1.01231e-04 9.57631e-05 9.07495e-05 8.61445e-05 8.19025e-05 7.79790e-05 7.43311e-05 7.09182e-05 6.77025e-05 6.46486e-05 6.17242e-05 5.88995e-05 5.61472e-05 5.34422e-05 5.07621e-05 4.80864e-05 4.53974e-05 4.26801e-05 3.99230e-05 3.71186e-05 3.42644e-05 3.13640e-05 2.84281e-05 2.54746e-05 2.25295e-05 1.96259e-05 1.68029e-05 1.41034e-05 1.15713e-05 9.24793e-06 7.16909e-06 5.36160e-06 3.84117e-06 2.61120e-06 1.66246e-06 9.73553e-07 5.11560e-07 2.33243e-07 8.82882e-08 2.62294e-08 5.73488e-09 8.85312e-10 1.04410e-10 9.69987e-12 2.22245e-13
2.301324 1.47815e-02 2.36764e-02 1.98230e-02 1.75024e-02 1.63838e-02 1.58115e-02 1.53417e-02 1.47704e-02 1.40545e-02 1.32321e-02 1.23753e-02 1.15639e-02 1.08613e-02 1.02975e-02 9.86721e-03 9.54488e-03 9.30371e-03 9.12584e-03 9.00312e-03 8.93354e-03 8.91840e-03 8.96191e-03 9.07327e-03 9.27005e-03 9.57927e-03 1.00302e-02 1.06347e-02 1.13631e-02 1.21342e-02 1.28356e-02 1.33629e-02 1.36547e-02 1.37033e-02 1.35447e-02 1.32374e-02 1.28419e-02 1.24072e-02 1.19656e-02 1.15343e-02 1.11204e-02 1.07251e-02 1.03473e-02 9.98502e-03 9.63673e-03 9.30125e-03 8.97812e-03 8.66751e-03 8.36998e-03 8.08636e-03 7.81748e-03 7.56403e-03 7.32638e-03 7.10456e-03 6.89827e-03 6.70687e-03 6.52949e-03 6.36509e-03 6.21255e-03 6.07070e-03 5.93845e-03 5.81476e-03 5.69868e-03 5.58939e-03 5.48618e-03 5.38845e-03 5.29568e-03 5.20744e-03 5.12335e-03 5.04309e-03 4.96634e-03 4.89283e-03 4.82228e-03 4.75441e-03 4.68896e-03 4.62570e-03 4.56437e-03 4.50477e-03 4.44671e-03 4.39004e-03 4.33462e-03 4.28035e-03 4.22714e-03 4.17490e-03 4.12358e-03 4.07309e-03 4.02337e-03 3.97436e-03 3.92597e-03 3.87814e-03 3.83080e-03 3.78387e-03 3.73730e-03 3.69102e-03 3.64501e-03 3.59923e-03 3.55366e-03 3.50830e-03 3.46314e-03 3.41822e-03 3.37354e-03 3.32915e-03 3.28507e-03 3.24136e-03 3.19806e-03 3.15521e-03 3.11285e-03 3.07103e-03 3.02978e-03 2.98914e-03 2.94913e-03 2.90976e-03 2.87107e-03 2.83305e-03 2.79572e-03 2.75912e-03 2.72328e-03 2.68823e-03 2.65404e-03 2.62075e-03 2.58839e-03 2.55700e-03 2.52656e-03 2.49705e-03 2.46842e-03 2.44060e-03 2.41351e-03 2.38704e-03 2.36109e-03 2.33552e-03 2.31020e-03 2.28497e-03 2.25969e-03 2.23420e-03 2.20834e-03 2.18192e-03 2.15478e-03 2.12670e-03 2.09745e-03 2.06676e-03 2.03435e-03 1.99994e-03 1.96332e-03 1.92444e-03 1.88343e-03 1.84072e-03 1.79705e-03 1.75340e-03 1.71090e-03 1.67064e-03 1.63346e-03 1.59974e-03 1.56935e-03 1.54163e-03 1.51554e-03 1.48982e-03 1.46328e-03 1.43496e-03 1.40432e-03 1.37123e-03 1.33597e-03 1.29913e-03 1.26140e-03 1.22348e-03 1.18597e-03 1.14930e-03 1.11372e-03 1.07931e-03 1.04603e-03 1.01373e-03 9.82245e-04 9.51354e-04 9.20839e-04 8.90481e-04 8.60080e-04 8.29457e-04 7.98473e-04 7.67045e-04 7.35158e-04 7.02878e-04 6.70357e-04 6.37830e-04 6.05594e-04 5.73981e-04 5.43331e-04 5.13954e-04 4.86107e-04 4.59966e-04 4.35627e-04 4.13095e-04 3.92303e-04 3.73123e-04 3.55384e-04 3.38894e-04 3.23456e-04 3.08876e-04 2.94976e-04 2.81594e-04 2.68592e-04 2.55859e-04 2.43316e-04 2.30923e-04 2.18678e-04 2.06615e-04 1.94798e-04 1.83311e-04 1.72247e-04 1.61691e-04 1.51718e-04 1.42383e-04 1.33719e-04 1.25735e-04 1.18422e-04 1.11754e-04 1.05691e-04 1.00186e-04 9.51852e-05 9.06325e-05 8.64716e-05 8.26472e-05 7.91063e-05 7.57987e-05 7.26774e-05 6.96987e-05 6.68219e-05 6.40097e-05 6.12273e-05 5.84429e-05 5.56275e-05 5.27550e-05 4.98029e-05 4.67530e-05 4.35928e-05 4.03174e-05 3.69308e-05 3.34485e-05 2.98979e-05 2.63197e-05 2.27663e-05 1.92996e-05 1.59872e-05 1.28966e-05 1.00896e-05 7.61642e-06 5.51111e-06 3.78868e-06 2.44442e-06 1.45486e-06 7.79644e-07 3.63758e-07 1.41184e-07 4.29164e-08 9.45904e-09 1.38916e-09 1.33586e-10 9.47096e-12 2.00817e-13
2.401382 1.38720e-02 2.18031e-02 1.81468e-02 1.61662e-02 1.53186e-02 1.49470e-02 1.46307e-02 1.41717e-02 1.35381e-02 1.27851e-02 1.20006e-02 1.12720e-02 1.06604e-02 1.01864e-02 9.83644e-03 9.58305e-03 9.40342e-03 9.28594e-03 9.22802e-03 9.23220e-03 9.30496e-03 9.45958e-03 9.72134e-03 1.01286e-02 1.07186e-02 1.14938e-02 1.23889e-02 1.32729e-02 1.39964e-02 1.44511e-02 1.46003e-02 1.44740e-02 1.41426e-02 1.36875e-02 1.31786e-02 1.26630e-02 1.21657e-02 1.16962e-02 1.12554e-02 1.08409e-02 1.04490e-02 1.00759e-02 9.71865e-03 9.37482e-03 9.04300e-03 8.72278e-03 8.41456e-03 8.11936e-03 7.83849e-03 7.57317e-03 7.32434e-03 7.09249e-03 6.87759e-03 6.67917e-03 6.49638e-03 6.32811e-03 6.17310e-03 6.03004e-03 5.89766e-03 5.77475e-03 5.66022e-03 5.55312e-03 5.45262e-03 5.35803e-03 5.26875e-03 5.18424e-03 5.10405e-03 5.02772e-03 4.95484e-03 4.88499e-03 4.81777e-03 4.75281e-03 4.68975e-03 4.62829e-03 4.56819e-03 4.50927e-03 4.45139e-03 4.39446e-03 4.33845e-03 4.28330e-03 4.22901e-03 4.17554e-03 4.12286e-03 4.07090e-03 4.01962e-03 3.96894e-03 3.91881e-03 3.86918e-03 3.81998e-03 3.77120e-03 3.72283e-03 3.67486e-03 3.62732e-03 3.58024e-03 3.53367e-03 3.48765e-03 3.44223e-03 3.39746e-03 3.35337e-03 3.30999e-03 3.26731e-03 3.22531e-03 3.18396e-03 3.14323e-03 3.10308e-03 3.06354e-03 3.02463e-03 2.98644e-03 2.94904e-03 2.91249e-03 2.87683e-03 2.84202e-03 2.80801e-03 2.77468e-03 2.74193e-03 2.70965e-03 2.67775e-03 2.64615e-03 2.61483e-03 2.58375e-03 2.55291e-03 2.52232e-03 2.49199e-03 2.46194e-03 2.43218e-03 2.40273e-03 2.37358e-03 2.34472e-03 2.31612e-03 2.28774e-03 2.25953e-03 2.23144e-03 2.20342e-03 2.17546e-03 2.14753e-03 2.11965e-03 2.09187e-03 2.06421e-03 2.03676e-03 2.00954e-03 1.98260e-03 1.95593e-03 1.92950e-03 1.90320e-03 1.87685e-03 1.85019e-03 1.82290e-03 1.79457e-03 1.76477e-03 1.73313e-03 1.69941e-03 1.66361e-03 1.62609e-03 1.58755e-03 1.54901e-03 1.51163e-03 1.47645e-03 1.44414e-03 1.41479e-03 1.38788e-03 1.36237e-03 1.33697e-03 1.31040e-03 1.28173e-03 1.25048e-03 1.21673e-03 1.18096e-03 1.14398e-03 1.10666e-03 1.06983e-03 1.03411e-03 9.99929e-04 9.67476e-04 9.36755e-04 9.07629e-04 8.79864e-04 8.53164e-04 8.27197e-04 8.01613e-04 7.76057e-04 7.50191e-04 7.23708e-04 6.96371e-04 6.68039e-04 6.38699e-04 6.08493e-04 5.77716e-04 5.46795e-04 5.16245e-04 4.86605e-04 4.58369e-04 4.31936e-04 4.07556e-04 3.85321e-04 3.65161e-04 3.46872e-04 3.30159e-04 3.14688e-04 3.00136e-04 2.86225e-04 2.72742e-04 2.59544e-04 2.46547e-04 2.33720e-04 2.21076e-04 2.08661e-04 1.96550e-04 1.84834e-04 1.73613e-04 1.62977e-04 1.53002e-04 1.43740e-04 1.35217e-04 1.27434e-04 1.20368e-04 1.13980e-04 1.08215e-04 1.03013e-04 9.83074e-05 9.40332e-05 9.01251e-05 8.65209e-05 8.31612e-05 7.99898e-05 7.69532e-05 7.40004e-05 7.10823e-05 6.81513e-05 6.51623e-05 6.20722e-05 5.88420e-05 5.54384e-05 5.18364e-05 4.80231e-05 4.40008e-05 3.97911e-05 3.54366e-05 3.10020e-05 2.65716e-05 2.22444e-05 1.81261e-05 1.43193e-05 1.09132e-05 7.97448e-06 5.54112e-06 3.61991e-06 2.18775e-06 1.19529e-06 5.71395e-07 2.28424e-07 7.18268e-08 1.63608e-08 2.41942e-09 2.06056e-10 1.01835e-11 1.77982e-13
2.501439 1.24085e-02 1.98376e-02 1.67459e-02 1.50376e-02 1.43651e-02 1.41408e-02 1.39440e-02 1.35791e-02 1.30243e-02 1.23475e-02 1.16460e-02 1.10089e-02 1.04912e-02 1.01049e-02 9.83164e-03 9.64572e-03 9.52930e-03 9.47581e-03 9.48677e-03 9.57016e-03 9.74381e-03 1.00425e-02 1.05182e-02 1.12161e-02 1.21249e-02 1.31380e-02 1.40772e-02 1.47711e-02 1.51249e-02 1.51344e-02 1.48614e-02 1.43991e-02 1.38411e-02 1.32588e-02 1.26946e-02 1.21667e-02 1.16789e-02 1.12288e-02 1.08118e-02 1.04231e-02 1.00582e-02 9.71247e-03 9.38187e-03 9.06303e-03 8.75373e-03 8.45309e-03 8.16154e-03 7.88047e-03 7.61180e-03 7.35747e-03 7.11902e-03 6.89738e-03 6.69280e-03 6.50490e-03 6.33284e-03 6.17544e-03 6.03136e-03 5.89925e-03 5.77778e-03 5.66574e-03 5.56201e-03 5.46562e-03 5.37571e-03 5.29150e-03 5.21227e-03 5.13738e-03 5.06617e-03 4.99805e-03 4.93243e-03 4.86881e-03 4.80674e-03 4.74589e-03 4.68602e-03 4.62698e-03 4.56871e-03 4.51118e-03 4.45443e-03 4.39845e-03 4.34327e-03 4.28885e-03 4.23516e-03 4.18216e-03 4.12979e-03 4.07800e-03 4.02676e-03 3.97606e-03 3.92591e-03 3.87636e-03 3.82744e-03 3.77922e-03 3.73173e-03 3.68503e-03 3.63911e-03 3.59395e-03 3.54952e-03 3.50577e-03 3.46266e-03 3.42020e-03 3.37843e-03 3.33746e-03 3.29737e-03 3.25826e-03 3.22014e-03 3.18298e-03 3.14666e-03 3.11105e-03 3.07597e-03 3.04126e-03 3.00679e-03 2.97246e-03 2.93820e-03 2.90399e-03 2.86981e-03 2.83567e-03 2.80159e-03 2.76758e-03 2.73367e-03 2.69990e-03 2.66630e-03 2.63290e-03 2.59974e-03 2.56687e-03 2.53431e-03 2.50210e-03 2.47029e-03 2.43888e-03 2.40789e-03 2.37733e-03 2.34716e-03 2.31735e-03 2.28786e-03 2.25861e-03 2.22955e-03 2.20060e-03 2.17174e-03 2.14292e-03 2.11415e-03 2.08543e-03 2.05682e-03 2.02835e-03 2.00009e-03 1.97209e-03 1.94440e-03 1.91707e-03 1.89014e-03 1.86364e-03 1.83757e-03 1.81193e-03 1.78671e-03 1.76186e-03 1.73730e-03 1.71290e-03 1.68847e-03 1.66375e-03 1.63840e-03 1.61202e-03 1.58416e-03 1.55440e-03 1.52241e-03 1.48811e-03 1.45174e-03 1.41392e-03 1.37560e-03 1.33792e-03 1.30193e-03 1.26829e-03 1.23715e-03 1.20802e-03 1.17997e-03 1.15191e-03 1.12288e-03 1.09231e-03 1.06010e-03 1.02663e-03 9.92555e-04 9.58679e-04 9.25738e-04 8.94299e-04 8.64709e-04 8.37092e-04 8.11376e-04 7.87343e-04 7.64667e-04 7.42952e-04 7.21757e-04 7.00617e-04 6.79071e-04 6.56683e-04 6.33087e-04 6.08030e-04 5.81432e-04 5.53422e-04 5.24360e-04 4.94805e-04 4.65457e-04 4.37050e-04 4.10254e-04 3.85579e-04 3.63306e-04 3.43460e-04 3.25815e-04 3.09950e-04 2.95352e-04 2.81523e-04 2.68073e-04 2.54771e-04 2.41539e-04 2.28413e-04 2.15501e-04 2.02937e-04 1.90857e-04 1.79378e-04 1.68595e-04 1.58570e-04 1.49335e-04 1.40895e-04 1.33229e-04 1.26294e-04 1.20035e-04 1.14388e-04 1.09282e-04 1.04648e-04 1.00416e-04 9.65201e-05 9.28957e-05 8.94808e-05 8.62136e-05 8.30311e-05 7.98681e-05 7.66563e-05 7.33259e-05 6.98071e-05 6.60354e-05 6.19571e-05 5.75367e-05 5.27650e-05 4.76656e-05 4.22998e-05 3.67670e-05 3.12003e-05 2.57562e-05 2.05996e-05 1.58857e-05 1.17423e-05 8.25588e-06 5.46356e-06 3.35293e-06 1.86753e-06 9.15275e-07 3.77831e-07 1.23680e-07 2.95304e-08 4.55567e-09 3.77147e-10 1.34192e-11 1.56821e-13
2.601497 1.14987e-02 1.85586e-02 1.56892e-02 1.40597e-02 1.34690e-02 1.33323e-02 1.32165e-02 1.29304e-02 1.24575e-02 1.18691e-02 1.12636e-02 1.07264e-02 1.03050e-02 1.00053e-02 9.80817e-03 9.69054e-03 9.63803e-03 9.64680e-03 9.72330e-03 9.88866e-03 1.01874e-02 1.06868e-02 1.14420e-02 1.24292e-02 1.35033e-02 1.44473e-02 1.50832e-02 1.53408e-02 1.52458e-02 1.48775e-02 1.43368e-02 1.37198e-02 1.30978e-02 1.25096e-02 1.19695e-02 1.14779e-02 1.10305e-02 1.06219e-02 1.02471e-02 9.90107e-03 9.57879e-03 9.27486e-03 8.98415e-03 8.70252e-03 8.42733e-03 8.15770e-03 7.89429e-03 7.63877e-03 7.39324e-03 7.15968e-03 6.93973e-03 6.73444e-03 6.54436e-03 6.36953e-03 6.20956e-03 6.06376e-03 5.93121e-03 5.81081e-03 5.70140e-03 5.60175e-03 5.51060e-03 5.42671e-03 5.34891e-03 5.27612e-03 5.20738e-03 5.14187e-03 5.07885e-03 5.01773e-03 4.95804e-03 4.89942e-03 4.84167e-03 4.78467e-03 4.72839e-03 4.67280e-03 4.61790e-03 4.56365e-03 4.51000e-03 4.45685e-03 4.40412e-03 4.35174e-03 4.29969e-03 4.24799e-03 4.19672e-03 4.14597e-03 4.09585e-03 4.04646e-03 3.99785e-03 3.95001e-03 3.90294e-03 3.85659e-03 3.81096e-03 3.76608e-03 3.72203e-03 3.67891e-03 3.63683e-03 3.59589e-03 3.55614e-03 3.51753e-03 3.47998e-03 3.44336e-03 3.40749e-03 3.37221e-03 3.33736e-03 3.30283e-03 3.26852e-03 3.23435e-03 3.20029e-03 3.16629e-03 3.13232e-03 3.09836e-03 3.06439e-03 3.03037e-03 2.99630e-03 2.96215e-03 2.92792e-03 2.89362e-03 2.85927e-03 2.82487e-03 2.79048e-03 2.75613e-03 2.72188e-03 2.68776e-03 2.65384e-03 2.62016e-03 2.58677e-03 2.55370e-03 2.52098e-03 2.48861e-03 2.45659e-03 2.42491e-03 2.39352e-03 2.36238e-03 2.33144e-03 2.30062e-03 2.26988e-03 2.23915e-03 2.20840e-03 2.17759e-03 2.14673e-03 2.11583e-03 2.08492e-03 2.05404e-03 2.02322e-03 1.99251e-03 1.96195e-03 1.93157e-03 1.90141e-03 1.87148e-03 1.84182e-03 1.81245e-03 1.78339e-03 1.75464e-03 1.72622e-03 1.69812e-03 1.67035e-03 1.64290e-03 1.61575e-03 1.58888e-03 1.56223e-03 1.53574e-03 1.50931e-03 1.48275e-03 1.45586e-03 1.42834e-03 1.39984e-03 1.36998e-03 1.33842e-03 1.30496e-03 1.26961e-03 1.23268e-03 1.19479e-03 1.15677e-03 1.11948e-03 1.08365e-03 1.04965e-03 1.01749e-03 9.86850e-04 9.57255e-04 9.28276e-04 8.99662e-04 8.71397e-04 8.43672e-04 8.16785e-04 7.91041e-04 7.66667e-04 7.43761e-04 7.22284e-04 7.02064e-04 6.82829e-04 6.64228e-04 6.45858e-04 6.27290e-04 6.08094e-04 5.87871e-04 5.66291e-04 5.43149e-04 5.18415e-04 4.92288e-04 4.65204e-04 4.37807e-04 4.10866e-04 3.85160e-04 3.61357e-04 3.39910e-04 3.20970e-04 3.04350e-04 2.89559e-04 2.75936e-04 2.62837e-04 2.49813e-04 2.36696e-04 2.23565e-04 2.10647e-04 1.98208e-04 1.86468e-04 1.75570e-04 1.65573e-04 1.56470e-04 1.48210e-04 1.40718e-04 1.33914e-04 1.27720e-04 1.22065e-04 1.16885e-04 1.12123e-04 1.07727e-04 1.03642e-04 9.98096e-05 9.61655e-05 9.26334e-05 8.91243e-05 8.55365e-05 8.17588e-05 7.76778e-05 7.31889e-05 6.82109e-05 6.27013e-05 5.66698e-05 5.01892e-05 4.33973e-05 3.64905e-05 2.97068e-05 2.32979e-05 1.74983e-05 1.24931e-05 8.39594e-06 5.23875e-06 2.97533e-06 1.49437e-06 6.36773e-07 2.17114e-07 5.44979e-08 8.87277e-09 7.53900e-10 2.24634e-11 1.46750e-13
2.701555 1.15238e-02 1.80280e-02 1.48569e-02 1.31854e-02 1.26308e-02 1.25261e-02 1.24563e-02 1.22388e-02 1.18523e-02 1.13623e-02 1.08615e-02 1.04283e-02 1.01034e-02 9.88938e-03 9.76735e-03 9.71543e-03 9.71996e-03 9.78075e-03 9.91804e-03 1.01831e-02 1.06572e-02 1.14099e-02 1.24144e-02 1.34984e-02 1.44144e-02 1.49843e-02 1.51667e-02 1.50127e-02 1.46046e-02 1.40352e-02 1.33965e-02 1.27598e-02 1.21649e-02 1.16255e-02 1.11410e-02 1.07058e-02 1.03140e-02 9.96050e-03 9.64025e-03 9.34775e-03 9.07664e-03 8.82024e-03 8.57260e-03 8.32960e-03 8.08946e-03 7.85258e-03 7.62079e-03 7.39638e-03 7.18137e-03 6.97716e-03 6.78447e-03 6.60357e-03 6.43448e-03 6.27723e-03 6.13189e-03 5.99858e-03 5.87734e-03 5.76797e-03 5.66991e-03 5.58217e-03 5.50330e-03 5.43166e-03 5.36562e-03 5.30380e-03 5.24520e-03 5.18905e-03 5.13475e-03 5.08179e-03 5.02976e-03 4.97832e-03 4.92720e-03 4.87617e-03 4.82499e-03 4.77344e-03 4.72137e-03 4.66872e-03 4.61563e-03 4.56235e-03 4.50931e-03 4.45698e-03 4.40579e-03 4.35607e-03 4.30792e-03 4.26131e-03 4.21605e-03 4.17192e-03 4.12868e-03 4.08615e-03 4.04422e-03 4.00282e-03 3.96188e-03 3.92140e-03 3.88136e-03 3.84176e-03 3.80263e-03 3.76402e-03 3.72597e-03 3.68856e-03 3.65183e-03 3.61578e-03 3.58039e-03 3.54563e-03 3.51138e-03 3.47756e-03 3.44402e-03 3.41064e-03 3.37728e-03 3.34383e-03 3.31017e-03 3.27624e-03 3.24195e-03 3.20728e-03 3.17221e-03 3.13676e-03 3.10094e-03 3.06481e-03 3.02841e-03 2.99183e-03 2.95513e-03 2.91840e-03 2.88171e-03 2.84514e-03 2.80876e-03 2.77264e-03 2.73684e-03 2.70139e-03 2.66633e-03 2.63169e-03 2.59746e-03 2.56363e-03 2.53019e-03 2.49710e-03 2.46431e-03 2.43176e-03 2.39941e-03 2.36717e-03 2.33499e-03 2.30280e-03 2.27056e-03 2.23823e-03 2.20578e-03 2.17323e-03 2.14058e-03 2.10785e-03 2.07505e-03 2.04222e-03 2.00938e-03 1.97655e-03 1.94376e-03 1.91103e-03 1.87838e-03 1.84582e-03 1.81337e-03 1.78103e-03 1.74881e-03 1.71670e-03 1.68471e-03 1.65285e-03 1.62113e-03 1.58955e-03 1.55813e-03 1.52688e-03 1.49581e-03 1.46493e-03 1.43424e-03 1.40372e-03 1.37333e-03 1.34305e-03 1.31279e-03 1.28246e-03 1.25193e-03 1.22107e-03 1.18972e-03 1.15773e-03 1.12502e-03 1.09159e-03 1.05760e-03 1.02334e-03 9.89249e-04 9.55810e-04 9.23501e-04 8.92675e-04 8.63514e-04 8.36022e-04 8.10068e-04 7.85447e-04 7.61951e-04 7.39401e-04 7.17666e-04 6.96648e-04 6.76265e-04 6.56435e-04 6.37064e-04 6.18038e-04 5.99230e-04 5.80495e-04 5.61672e-04 5.42588e-04 5.23060e-04 5.02909e-04 4.81987e-04 4.60214e-04 4.37633e-04 4.14457e-04 3.91083e-04 3.68068e-04 3.46045e-04 3.25606e-04 3.07176e-04 2.90900e-04 2.76559e-04 2.63602e-04 2.51311e-04 2.39072e-04 2.26607e-04 2.14013e-04 2.01639e-04 1.89889e-04 1.79066e-04 1.69308e-04 1.60594e-04 1.52802e-04 1.45767e-04 1.39332e-04 1.33375e-04 1.27815e-04 1.22608e-04 1.17732e-04 1.13167e-04 1.08884e-04 1.04830e-04 1.00922e-04 9.70424e-05 9.30440e-05 8.87579e-05 8.40120e-05 7.86540e-05 7.25779e-05 6.57495e-05 5.82282e-05 5.01783e-05 4.18645e-05 3.36276e-05 2.58405e-05 1.88521e-05 1.29326e-05 8.23444e-06 4.77738e-06 2.45863e-06 1.07932e-06 3.81929e-07 1.00282e-07 1.71622e-08 1.51984e-09 4.33123e-11 1.71533e-13
2.801612 1.11192e-02 1.72165e-02 1.41070e-02 1.24807e-02 1.19010e-02 1.17800e-02 1.17332e-02 1.15747e-02 1.12733e-02 1.08842e-02 1.04900e-02 1.01603e-02 9.93003e-03 9.79909e-03 9.74723e-03 9.75143e-03 9.80018e-03 9.90620e-03 1.01198e-02 1.05300e-02 1.12215e-02 1.21816e-02 1.32333e-02 1.41082e-02 1.46198e-02 1.47487e-02 1.45709e-02 1.41676e-02 1.36120e-02 1.29824e-02 1.23496e-02 1.17587e-02 1.12270e-02 1.07550e-02 1.03369e-02 9.96652e-03 9.63838e-03 9.34746e-03 9.08788e-03 8.85232e-03 8.63251e-03 8.42065e-03 8.21103e-03 8.00103e-03 7.79106e-03 7.58352e-03 7.38152e-03 7.18773e-03 7.00387e-03 6.83062e-03 6.66787e-03 6.51513e-03 6.37172e-03 6.23710e-03 6.11097e-03 5.99335e-03 5.88464e-03 5.78551e-03 5.69667e-03 5.61847e-03 5.55047e-03 5.49131e-03 5.43906e-03 5.39172e-03 5.34739e-03 5.30435e-03 5.26107e-03 5.21643e-03 5.16972e-03 5.12058e-03 5.06894e-03 5.01503e-03 4.95952e-03 4.90347e-03 4.84829e-03 4.79541e-03 4.74597e-03 4.70058e-03 4.65909e-03 4.62073e-03 4.58432e-03 4.54851e-03 4.51212e-03 4.47426e-03 4.43446e-03 4.39266e-03 4.34922e-03 4.30472e-03 4.25990e-03 4.21547e-03 4.17197e-03 4.12978e-03 4.08904e-03 4.04974e-03 4.01170e-03 3.97470e-03 3.93844e-03 3.90266e-03 3.86710e-03 3.83158e-03 3.79593e-03 3.76007e-03 3.72394e-03 3.68749e-03 3.65071e-03 3.61359e-03 3.57611e-03 3.53829e-03 3.50011e-03 3.46160e-03 3.42276e-03 3.38362e-03 3.34422e-03 3.30459e-03 3.26480e-03 3.22491e-03 3.18498e-03 3.14509e-03 3.10532e-03 3.06573e-03 3.02640e-03 2.98740e-03 2.94879e-03 2.91063e-03 2.87295e-03 2.83579e-03 2.79917e-03 2.76310e-03 2.72756e-03 2.69256e-03 2.65804e-03 2.62399e-03 2.59034e-03 2.55705e-03 2.52405e-03 2.49129e-03 2.45868e-03 2.42618e-03 2.39372e-03 2.36123e-03 2.32869e-03 2.29603e-03 2.26325e-03 2.23032e-03 2.19722e-03 2.16396e-03 2.13053e-03 2.09692e-03 2.06314e-03 2.02919e-03 1.99508e-03 1.96081e-03 1.92639e-03 1.89182e-03 1.85710e-03 1.82222e-03 1.78720e-03 1.75205e-03 1.71680e-03 1.68151e-03 1.64623e-03 1.61106e-03 1.57607e-03 1.54136e-03 1.50699e-03 1.47306e-03 1.43959e-03 1.40663e-03 1.37417e-03 1.34217e-03 1.31059e-03 1.27932e-03 1.24826e-03 1.21730e-03 1.18630e-03 1.15516e-03 1.12378e-03 1.09211e-03 1.06015e-03 1.02793e-03 9.95580e-04 9.63267e-04 9.31228e-04 8.99740e-04 8.69095e-04 8.39568e-04 8.11371e-04 7.84628e-04 7.59352e-04 7.35444e-04 7.12715e-04 6.90903e-04 6.69714e-04 6.48847e-04 6.28032e-04 6.07062e-04 5.85810e-04 5.64258e-04 5.42488e-04 5.20674e-04 4.99048e-04 4.77844e-04 4.57255e-04 4.37374e-04 4.18176e-04 3.99521e-04 3.81204e-04 3.63045e-04 3.44981e-04 3.27142e-04 3.09838e-04 2.93460e-04 2.78350e-04 2.64694e-04 2.52429e-04 2.41189e-04 2.30388e-04 2.19474e-04 2.08229e-04 1.96859e-04 1.85842e-04 1.75666e-04 1.66621e-04 1.58743e-04 1.51863e-04 1.45719e-04 1.40057e-04 1.34694e-04 1.29538e-04 1.24567e-04 1.19798e-04 1.15250e-04 1.10904e-04 1.06689e-04 1.02467e-04 9.80449e-05 9.31889e-05 8.76622e-05 8.12642e-05 7.38762e-05 6.55046e-05 5.63136e-05 4.66326e-05 3.69274e-05 2.77323e-05 1.95548e-05 1.27808e-05 7.60717e-06 4.02004e-06 1.81727e-06 6.65185e-07 1.81551e-07 3.23968e-08 2.98503e-09 8.65098e-11 2.81510e-13
2.901670 1.02969e-02 1.63828e-02 1.35907e-02 1.19410e-02 1.12722e-02 1.10985e-02 1.10510e-02 1.09386e-02 1.07183e-02 1.04300e-02 1.01423e-02 9.91419e-03 9.77452e-03 9.71988e-03 9.72779e-03 9.77636e-03 9.86467e-03 1.00308e-02 1.03568e-02 1.09348e-02 1.17794e-02 1.27454e-02 1.35696e-02 1.40449e-02 1.41450e-02 1.39650e-02 1.35962e-02 1.30932e-02 1.25087e-02 1.19042e-02 1.13299e-02 1.08116e-02 1.03548e-02 9.95546e-03 9.60770e-03 9.30624e-03 9.04599e-03 8.82063e-03 8.62186e-03 8.43978e-03 8.26473e-03 8.08937e-03 7.91018e-03 7.72750e-03 7.54435e-03 7.36460e-03 7.19162e-03 7.02757e-03 6.87338e-03 6.72911e-03 6.59436e-03 6.46855e-03 6.35108e-03 6.24133e-03 6.13869e-03 6.04259e-03 5.95275e-03 5.86949e-03 5.79414e-03 5.72874e-03 5.67470e-03 5.63120e-03 5.59469e-03 5.56007e-03 5.52247e-03 5.47879e-03 5.42830e-03 5.37214e-03 5.31268e-03 5.25295e-03 5.19626e-03 5.14556e-03 5.10269e-03 5.06787e-03 5.03956e-03 5.01496e-03 4.99075e-03 4.96403e-03 4.93297e-03 4.89711e-03 4.85718e-03 4.81461e-03 4.77099e-03 4.72767e-03 4.68553e-03 4.64495e-03 4.60581e-03 4.56767e-03 4.52984e-03 4.49159e-03 4.45231e-03 4.41154e-03 4.36908e-03 4.32495e-03 4.27935e-03 4.23264e-03 4.18523e-03 4.13752e-03 4.08990e-03 4.04266e-03 3.99602e-03 3.95012e-03 3.90499e-03 3.86063e-03 3.81694e-03 3.77383e-03 3.73116e-03 3.68880e-03 3.64663e-03 3.60454e-03 3.56248e-03 3.52040e-03 3.47829e-03 3.43617e-03 3.39408e-03 3.35206e-03 3.31019e-03 3.26852e-03 3.22714e-03 3.18609e-03 3.14546e-03 3.10530e-03 3.06566e-03 3.02657e-03 2.98806e-03 2.95016e-03 2.91287e-03 2.87618e-03 2.84008e-03 2.80453e-03 2.76949e-03 2.73493e-03 2.70080e-03 2.66703e-03 2.63359e-03 2.60042e-03 2.56746e-03 2.53468e-03 2.50203e-03 2.46948e-03 2.43700e-03 2.40457e-03 2.37216e-03 2.33974e-03 2.30730e-03 2.27480e-03 2.24221e-03 2.20948e-03 2.17654e-03 2.14334e-03 2.10982e-03 2.07591e-03 2.04160e-03 2.00683e-03 1.97159e-03 1.93583e-03 1.89955e-03 1.86271e-03 1.82535e-03 1.78750e-03 1.74923e-03 1.71067e-03 1.67196e-03 1.63328e-03 1.59483e-03 1.55682e-03 1.51945e-03 1.48291e-03 1.44736e-03 1.41291e-03 1.37965e-03 1.34756e-03 1.31662e-03 1.28669e-03 1.25761e-03 1.22917e-03 1.20110e-03 1.17313e-03 1.14499e-03 1.11645e-03 1.08733e-03 1.05750e-03 1.02694e-03 9.95735e-04 9.64017e-04 9.32001e-04 8.99938e-04 8.68084e-04 8.36671e-04 8.05890e-04 7.75867e-04 7.46661e-04 7.18270e-04 6.90645e-04 6.63708e-04 6.37379e-04 6.11588e-04 5.86287e-04 5.61451e-04 5.37068e-04 5.13136e-04 4.89657e-04 4.66647e-04 4.44156e-04 4.22284e-04 4.01180e-04 3.81030e-04 3.62002e-04 3.44195e-04 3.27602e-04 3.12108e-04 2.97549e-04 2.83795e-04 2.70802e-04 2.58578e-04 2.47130e-04 2.36452e-04 2.26551e-04 2.17370e-04 2.08655e-04 1.99978e-04 1.91005e-04 1.81759e-04 1.72637e-04 1.64177e-04 1.56761e-04 1.50470e-04 1.45104e-04 1.40328e-04 1.35814e-04 1.31346e-04 1.26840e-04 1.22314e-04 1.17826e-04 1.13405e-04 1.09009e-04 1.04490e-04 9.96077e-05 9.40562e-05 8.75271e-05 7.97839e-05 7.07458e-05 6.05574e-05 4.96196e-05 3.85550e-05 2.81016e-05 1.89588e-05 1.16330e-05 6.33405e-06 2.95229e-06 1.11626e-06 3.15344e-07 5.82914e-08 5.55865e-09 1.66776e-10 5.57300e-13
3.001727 1.02264e-02 1.63582e-02 1.34320e-02 1.15511e-02 1.07312e-02 1.04832e-02 1.04183e-02 1.03410e-02 1.01961e-02 1.00057e-02 9.82145e-03 9.69054e-03 9.63450e-03 9.64654e-03 9.70524e-03 9.79755e-03 9.94205e-03 1.01996e-02 1.06519e-02 1.13339e-02 1.21536e-02 1.28925e-02 1.33372e-02 1.34258e-02 1.32453e-02 1.29072e-02 1.24700e-02 1.19612e-02 1.14170e-02 1.08812e-02 1.03867e-02 9.94795e-03 9.56684e-03 9.24004e-03 8.96331e-03 8.73183e-03 8.53892e-03 8.37517e-03 8.22908e-03 8.08915e-03 7.94657e-03 7.79710e-03 7.64120e-03 7.48254e-03 7.32577e-03 7.17481e-03 7.03205e-03 6.89849e-03 6.77426e-03 6.65923e-03 6.55326e-03 6.45636e-03 6.36851e-03 6.28942e-03 6.21823e-03 6.15314e-03 6.09160e-03 6.03123e-03 5.97162e-03 5.91483e-03 5.86305e-03 5.81487e-03 5.76517e-03 5.70939e-03 5.64760e-03 5.58443e-03 5.52617e-03 5.47777e-03 5.44114e-03 5.41491e-03 5.39536e-03 5.37797e-03 5.35918e-03 5.33726e-03 5.31236e-03 5.28585e-03 5.25939e-03 5.23427e-03 5.21100e-03 5.18920e-03 5.16763e-03 5.14445e-03 5.11759e-03 5.08523e-03 5.04609e-03 4.99973e-03 4.94654e-03 4.88759e-03 4.82441e-03 4.75862e-03 4.69172e-03 4.62494e-03 4.55921e-03 4.49516e-03 4.43314e-03 4.37334e-03 4.31581e-03 4.26051e-03 4.20732e-03 4.15613e-03 4.10677e-03 4.05910e-03 4.01293e-03 3.96809e-03 3.92436e-03 3.88151e-03 3.83931e-03 3.79749e-03 3.75585e-03 3.71418e-03 3.67236e-03 3.63031e-03 3.58800e-03 3.54546e-03 3.50274e-03 3.45990e-03 3.41702e-03 3.37419e-03 3.33149e-03 3.28900e-03 3.24681e-03 3.20504e-03 3.16379e-03 3.12317e-03 3.08328e-03 3.04418e-03 3.00593e-03 2.96850e-03 2.93187e-03 2.89594e-03 2.86060e-03 2.82574e-03 2.79125e-03 2.75702e-03 2.72297e-03 2.68904e-03 2.65519e-03 2.62140e-03 2.58765e-03 2.55397e-03 2.52036e-03 2.48685e-03 2.45348e-03 2.42028e-03 2.38728e-03 2.35450e-03 2.32193e-03 2.28955e-03 2.25731e-03 2.22511e-03 2.19282e-03 2.16028e-03 2.12735e-03 2.09387e-03 2.05975e-03 2.02489e-03 1.98924e-03 1.95276e-03 1.91542e-03 1.87723e-03 1.83823e-03 1.79847e-03 1.75810e-03 1.71727e-03 1.67621e-03 1.63517e-03 1.59444e-03 1.55430e-03 1.51507e-03 1.47704e-03 1.44046e-03 1.40554e-03 1.37244e-03 1.34124e-03 1.31194e-03 1.28447e-03 1.25865e-03 1.23424e-03 1.21092e-03 1.18832e-03 1.16600e-03 1.14354e-03 1.12050e-03 1.09649e-03 1.07121e-03 1.04441e-03 1.01596e-03 9.85835e-04 9.54093e-04 9.20866e-04 8.86343e-04 8.50749e-04 8.14336e-04 7.77379e-04 7.40174e-04 7.03040e-04 6.66318e-04 6.30356e-04 5.95493e-04 5.62041e-04 5.30257e-04 5.00339e-04 4.72414e-04 4.46545e-04 4.22724e-04 4.00856e-04 3.80745e-04 3.62082e-04 3.44469e-04 3.27481e-04 3.10776e-04 2.94202e-04 2.77881e-04 2.62198e-04 2.47688e-04 2.34838e-04 2.23848e-04 2.14511e-04 2.06308e-04 1.98724e-04 1.91522e-04 1.84724e-04 1.78339e-04 1.72172e-04 1.65931e-04 1.59529e-04 1.53217e-04 1.47428e-04 1.42486e-04 1.38407e-04 1.34923e-04 1.31643e-04 1.28230e-04 1.24512e-04 1.20486e-04 1.16245e-04 1.11874e-04 1.07352e-04 1.02496e-04 9.69774e-05 9.03858e-05 8.23587e-05 7.27245e-05 6.16289e-05 4.95887e-05 3.74345e-05 2.61400e-05 1.65839e-05 9.32767e-06 4.48914e-06 1.75270e-06 5.11237e-07 9.74720e-08 9.57127e-09 2.97120e-10 1.08032e-12
3.101785 1.09152e-02 1.67915e-02 1.33018e-02 1.12041e-02 1.02762e-02 9.94714e-03 9.85310e-03 9.80361e-03 9.72864e-03 9.63081e-03 9.54461e-03 9.50418e-03 9.52392e-03 9.59649e-03 9.70741e-03 9.85771e-03 1.00800e-02 1.04302e-02 1.09441e-02 1.15762e-02 1.21784e-02 1.25694e-02 1.26564e-02 1.24843e-02 1.21643e-02 1.17770e-02 1.13493e-02 1.08911e-02 1.04224e-02 9.97080e-03 9.55825e-03 9.19606e-03 8.88737e-03 8.63104e-03 8.42324e-03 8.25714e-03 8.12247e-03 8.00641e-03 7.89611e-03 7.78177e-03 7.65880e-03 7.52803e-03 7.39384e-03 7.26170e-03 7.13605e-03 7.01949e-03 6.91303e-03 6.81678e-03 6.73056e-03 6.65425e-03 6.58767e-03 6.53043e-03 6.48154e-03 6.43897e-03 6.39914e-03 6.35655e-03 6.30463e-03 6.23894e-03 6.16076e-03 6.07700e-03 5.99555e-03 5.92163e-03 5.85794e-03 5.80569e-03 5.76437e-03 5.73176e-03 5.70510e-03 5.68248e-03 5.66362e-03 5.64966e-03 5.64226e-03 5.64261e-03 5.65066e-03 5.66458e-03 5.68071e-03 5.69394e-03 5.69849e-03 5.68913e-03 5.66242e-03 5.61752e-03 5.55618e-03 5.48202e-03 5.39941e-03 5.31248e-03 5.22455e-03 5.13799e-03 5.05426e-03 4.97415e-03 4.89800e-03 4.82578e-03 4.75731e-03 4.69232e-03 4.63045e-03 4.57140e-03 4.51486e-03 4.46055e-03 4.40821e-03 4.35764e-03 4.30862e-03 4.26099e-03 4.21457e-03 4.16921e-03 4.12479e-03 4.08117e-03 4.03824e-03 3.99587e-03 3.95392e-03 3.91223e-03 3.87064e-03 3.82904e-03 3.78736e-03 3.74563e-03 3.70393e-03 3.66233e-03 3.62080e-03 3.57915e-03 3.53709e-03 3.49430e-03 3.45062e-03 3.40612e-03 3.36109e-03 3.31594e-03 3.27105e-03 3.22667e-03 3.18294e-03 3.13992e-03 3.09761e-03 3.05597e-03 3.01499e-03 2.97460e-03 2.93475e-03 2.89540e-03 2.85648e-03 2.81796e-03 2.77979e-03 2.74196e-03 2.70445e-03 2.66727e-03 2.63043e-03 2.59398e-03 2.55794e-03 2.52237e-03 2.48731e-03 2.45278e-03 2.41883e-03 2.38544e-03 2.35263e-03 2.32034e-03 2.28854e-03 2.25713e-03 2.22597e-03 2.19492e-03 2.16375e-03 2.13224e-03 2.10016e-03 2.06728e-03 2.03346e-03 1.99862e-03 1.96275e-03 1.92589e-03 1.88811e-03 1.84949e-03 1.81015e-03 1.77024e-03 1.72992e-03 1.68941e-03 1.64895e-03 1.60878e-03 1.56920e-03 1.53049e-03 1.49295e-03 1.45688e-03 1.42254e-03 1.39017e-03 1.35993e-03 1.33193e-03 1.30616e-03 1.28255e-03 1.26090e-03 1.24091e-03 1.22222e-03 1.20436e-03 1.18685e-03 1.16916e-03 1.15076e-03 1.13113e-03 1.10980e-03 1.08635e-03 1.06045e-03 1.03182e-03 1.00032e-03 9.65931e-04 9.28791e-04 8.89204e-04 8.47641e-04 8.04713e-04 7.61113e-04 7.17541e-04 6.74625e-04 6.32871e-04 5.92657e-04 5.54247e-04 5.17844e-04 4.83610e-04 4.51689e-04 4.22193e-04 3.95189e-04 3.70671e-04 3.48547e-04 3.28626e-04 3.10620e-04 2.94161e-04 2.78817e-04 2.64136e-04 2.49722e-04 2.35353e-04 2.21112e-04 2.07437e-04 1.94996e-04 1.84384e-04 1.75787e-04 1.68868e-04 1.62988e-04 1.57621e-04 1.52598e-04 1.47990e-04 1.43820e-04 1.39956e-04 1.36290e-04 1.32904e-04 1.30002e-04 1.27661e-04 1.25686e-04 1.23674e-04 1.21230e-04 1.18153e-04 1.14480e-04 1.10381e-04 1.05985e-04 1.01218e-04 9.57509e-05 8.90830e-05 8.07353e-05 7.04881e-05 5.85685e-05 4.57027e-05 3.29902e-05 2.16244e-05 1.25569e-05 6.23447e-06 2.50914e-06 7.53475e-07 1.47569e-07 1.48457e-08 4.73395e-10 1.84465e-12
3.201842 1.06887e-02 1.64576e-02 1.30773e-02 1.09876e-02 9.95576e-03 9.53451e-03 9.40632e-03 9.37876e-03 9.36707e-03 9.35622e-03 9.36378e-03 9.41094e-03 9.50591e-03 9.64307e-03 9.81596e-03 1.00329e-02 1.03195e-02 1.06965e-02 1.11428e-02 1.15733e-02 1.18662e-02 1.19336e-02 1.17783e-02 1.14788e-02 1.11211e-02 1.07488e-02 1.03685e-02 9.97939e-03 9.59031e-03 9.21844e-03 8.88090e-03 8.58937e-03 8.34877e-03 8.15806e-03 8.01088e-03 7.89645e-03 7.80126e-03 7.71200e-03 7.61875e-03 7.51721e-03 7.40881e-03 7.29877e-03 7.19335e-03 7.09771e-03 7.01483e-03 6.94569e-03 6.88968e-03 6.84520e-03 6.80992e-03 6.78104e-03 6.75546e-03 6.72990e-03 6.70078e-03 6.66395e-03 6.61456e-03 6.54844e-03 6.46555e-03 6.37254e-03 6.28005e-03 6.19669e-03 6.12617e-03 6.06863e-03 6.02329e-03 5.99047e-03 5.97211e-03 5.97079e-03 5.98819e-03 6.02362e-03 6.07309e-03 6.12895e-03 6.18043e-03 6.21549e-03 6.22370e-03 6.19922e-03 6.14241e-03 6.05914e-03 5.95836e-03 5.84930e-03 5.73943e-03 5.63368e-03 5.53466e-03 5.44320e-03 5.35901e-03 5.28121e-03 5.20870e-03 5.14044e-03 5.07558e-03 5.01347e-03 4.95370e-03 4.89602e-03 4.84033e-03 4.78663e-03 4.73491e-03 4.68514e-03 4.63717e-03 4.59081e-03 4.54576e-03 4.50173e-03 4.45844e-03 4.41572e-03 4.37349e-03 4.33177e-03 4.29060e-03 4.24990e-03 4.20928e-03 4.16792e-03 4.12481e-03 4.07927e-03 4.03151e-03 3.98257e-03 3.93352e-03 3.88475e-03 3.83582e-03 3.78612e-03 3.73546e-03 3.68414e-03 3.63262e-03 3.58127e-03 3.53030e-03 3.47980e-03 3.42982e-03 3.38042e-03 3.33170e-03 3.28375e-03 3.23665e-03 3.19049e-03 3.14528e-03 3.10104e-03 3.05771e-03 3.01524e-03 2.97350e-03 2.93240e-03 2.89180e-03 2.85160e-03 2.81171e-03 2.77208e-03 2.73270e-03 2.69359e-03 2.65482e-03 2.61648e-03 2.57869e-03 2.54155e-03 2.50515e-03 2.46953e-03 2.43472e-03 2.40067e-03 2.36731e-03 2.33452e-03 2.30217e-03 2.27014e-03 2.23826e-03 2.20640e-03 2.17441e-03 2.14211e-03 2.10934e-03 2.07594e-03 2.04176e-03 2.00672e-03 1.97079e-03 1.93409e-03 1.89678e-03 1.85911e-03 1.82132e-03 1.78362e-03 1.74618e-03 1.70911e-03 1.67253e-03 1.63653e-03 1.60122e-03 1.56673e-03 1.53318e-03 1.50075e-03 1.46957e-03 1.43983e-03 1.41166e-03 1.38519e-03 1.36048e-03 1.33753e-03 1.31626e-03 1.29651e-03 1.27803e-03 1.26049e-03 1.24349e-03 1.22657e-03 1.20921e-03 1.19087e-03 1.17101e-03 1.14913e-03 1.12477e-03 1.09765e-03 1.06764e-03 1.03484e-03 9.99611e-04 9.62489e-04 9.24146e-04 8.85230e-04 8.46213e-04 8.07315e-04 7.68517e-04 7.29675e-04 6.90668e-04 6.51500e-04 6.12339e-04 5.73504e-04 5.35430e-04 4.98610e-04 4.63537e-04 4.30635e-04 4.00188e-04 3.72295e-04 3.46854e-04 3.23615e-04 3.02254e-04 2.82468e-04 2.64019e-04 2.46744e-04 2.30539e-04 2.15340e-04 2.01116e-04 1.87884e-04 1.75715e-04 1.64754e-04 1.55185e-04 1.47162e-04 1.40685e-04 1.35524e-04 1.31283e-04 1.27599e-04 1.24318e-04 1.21477e-04 1.19160e-04 1.17415e-04 1.16233e-04 1.15486e-04 1.14829e-04 1.13755e-04 1.11823e-04 1.08902e-04 1.05184e-04 1.00958e-04 9.62978e-05 9.08915e-05 8.41336e-05 7.54326e-05 6.45816e-05 5.20024e-05 3.87397e-05 2.61901e-05 1.56709e-05 8.00911e-06 3.31391e-06 1.02124e-06 2.04702e-07 2.10064e-08 6.82733e-10 2.76816e-12
3.301900 1.01159e-02 1.61567e-02 1.30922e-02 1.09264e-02 9.74051e-03 9.21485e-03 9.04785e-03 9.03787e-03 9.08645e-03 9.16234e-03 9.26637e-03 9.40615e-03 9.58229e-03 9.78768e-03 1.00156e-02 1.02662e-02 1.05411e-02 1.08271e-02 1.10828e-02 1.12457e-02 1.12616e-02 1.11183e-02 1.08544e-02 1.05321e-02 1.01981e-02 9.86831e-03 9.54075e-03 9.21356e-03 8.89271e-03 8.59064e-03 8.32148e-03 8.09589e-03 7.91770e-03 7.78308e-03 7.68206e-03 7.60137e-03 7.52800e-03 7.45251e-03 7.37121e-03 7.28623e-03 7.20364e-03 7.13050e-03 7.07234e-03 7.03164e-03 7.00748e-03 6.99606e-03 6.99183e-03 6.98877e-03 6.98164e-03 6.96685e-03 6.94284e-03 6.90966e-03 6.86759e-03 6.81512e-03 6.74924e-03 6.66981e-03 6.58367e-03 6.50243e-03 6.43663e-03 6.39283e-03 6.37423e-03 6.38234e-03 6.41703e-03 6.47460e-03 6.54617e-03 6.61798e-03 6.67380e-03 6.69847e-03 6.68161e-03 6.62045e-03 6.52071e-03 6.39471e-03 6.25729e-03 6.12154e-03 5.99613e-03 5.88502e-03 5.78856e-03 5.70498e-03 5.63162e-03 5.56574e-03 5.50485e-03 5.44699e-03 5.39095e-03 5.33636e-03 5.28378e-03 5.23415e-03 5.18810e-03 5.14506e-03 5.10329e-03 5.06070e-03 5.01601e-03 4.96922e-03 4.92126e-03 4.87325e-03 4.82605e-03 4.78008e-03 4.73517e-03 4.69072e-03 4.64616e-03 4.60160e-03 4.55765e-03 4.51415e-03 4.46926e-03 4.42047e-03 4.36660e-03 4.30871e-03 4.24890e-03 4.18873e-03 4.12868e-03 4.06863e-03 4.00836e-03 3.94793e-03 3.88756e-03 3.82757e-03 3.76826e-03 3.70983e-03 3.65245e-03 3.59625e-03 3.54135e-03 3.48787e-03 3.43591e-03 3.38553e-03 3.33678e-03 3.28963e-03 3.24402e-03 3.19988e-03 3.15706e-03 3.11542e-03 3.07477e-03 3.03494e-03 2.99571e-03 2.95687e-03 2.91823e-03 2.87960e-03 2.84087e-03 2.80194e-03 2.76281e-03 2.72353e-03 2.68424e-03 2.64512e-03 2.60641e-03 2.56833e-03 2.53105e-03 2.49469e-03 2.45923e-03 2.42456e-03 2.39040e-03 2.35642e-03 2.32222e-03 2.28742e-03 2.25172e-03 2.21495e-03 2.17710e-03 2.13831e-03 2.09881e-03 2.05888e-03 2.01881e-03 1.97888e-03 1.93937e-03 1.90053e-03 1.86261e-03 1.82580e-03 1.79024e-03 1.75603e-03 1.72321e-03 1.69176e-03 1.66159e-03 1.63260e-03 1.60467e-03 1.57773e-03 1.55176e-03 1.52670e-03 1.50252e-03 1.47914e-03 1.45644e-03 1.43430e-03 1.41257e-03 1.39113e-03 1.36990e-03 1.34882e-03 1.32788e-03 1.30703e-03 1.28621e-03 1.26527e-03 1.24397e-03 1.22197e-03 1.19884e-03 1.17411e-03 1.14738e-03 1.11844e-03 1.08737e-03 1.05461e-03 1.02091e-03 9.87083e-04 9.53796e-04 9.21319e-04 8.89522e-04 8.58036e-04 8.26468e-04 7.94542e-04 7.62114e-04 7.29126e-04 6.95549e-04 6.61388e-04 6.26727e-04 5.91793e-04 5.56984e-04 5.22810e-04 4.89760e-04 4.58143e-04 4.28009e-04 3.99211e-04 3.71556e-04 3.44948e-04 3.19429e-04 2.95134e-04 2.72207e-04 2.50753e-04 2.30820e-04 2.12410e-04 1.95502e-04 1.80069e-04 1.66098e-04 1.53602e-04 1.42626e-04 1.33243e-04 1.25517e-04 1.19442e-04 1.14871e-04 1.11497e-04 1.08926e-04 1.06829e-04 1.05081e-04 1.03772e-04 1.03028e-04 1.02753e-04 1.02480e-04 1.01527e-04 9.94069e-05 9.61276e-05 9.20698e-05 8.75062e-05 8.21993e-05 7.54451e-05 6.65434e-05 5.53600e-05 4.26138e-05 2.97245e-05 1.83133e-05 9.61674e-06 4.07975e-06 1.28599e-06 2.62890e-07 2.74137e-08 9.02024e-10 3.70570e-12
3.401958 1.06415e-02 1.68226e-02 1.33754e-02 1.09149e-02 9.57228e-03 8.96723e-03 8.77157e-03 8.78311e-03 8.89755e-03 9.06908e-03 9.28002e-03 9.51988e-03 9.77478e-03 1.00270e-02 1.02597e-02 1.04603e-02 1.06178e-02 1.07185e-02 1.07453e-02 1.06834e-02 1.05293e-02 1.02985e-02 1.00213e-02 9.72754e-03 9.43263e-03 9.13879e-03 8.84661e-03 8.56149e-03 8.29270e-03 8.05071e-03 7.84498e-03 7.68099e-03 7.55775e-03 7.46759e-03 7.39890e-03 7.34004e-03 7.28311e-03 7.22582e-03 7.17131e-03 7.12562e-03 7.09436e-03 7.07990e-03 7.08031e-03 7.09021e-03 7.10275e-03 7.11175e-03 7.11295e-03 7.10428e-03 7.08548e-03 7.05802e-03 7.02506e-03 6.99032e-03 6.95540e-03 6.91936e-03 6.88399e-03 6.85881e-03 6.85656e-03 6.88383e-03 6.93656e-03 7.00249e-03 7.06640e-03 7.11371e-03 7.13262e-03 7.11538e-03 7.05877e-03 6.96394e-03 6.83643e-03 6.68655e-03 6.52835e-03 6.37628e-03 6.24116e-03 6.12790e-03 6.03614e-03 5.96244e-03 5.90259e-03 5.85317e-03 5.81224e-03 5.77876e-03 5.75065e-03 5.72301e-03 5.68901e-03 5.64356e-03 5.58650e-03 5.52235e-03 5.45697e-03 5.39430e-03 5.33563e-03 5.28077e-03 5.22914e-03 5.18021e-03 5.13368e-03 5.08957e-03 5.04781e-03 5.00701e-03 4.96394e-03 4.91520e-03 4.86007e-03 4.80107e-03 4.74180e-03 4.68429e-03 4.62842e-03 4.57293e-03 4.51661e-03 4.45873e-03 4.39907e-03 4.33764e-03 4.27459e-03 4.21017e-03 4.14469e-03 4.07854e-03 4.01218e-03 3.94610e-03 3.88076e-03 3.81656e-03 3.75381e-03 3.69273e-03 3.63342e-03 3.57592e-03 3.52021e-03 3.46627e-03 3.41411e-03 3.36375e-03 3.31527e-03 3.26875e-03 3.22424e-03 3.18177e-03 3.14129e-03 3.10265e-03 3.06564e-03 3.02996e-03 2.99526e-03 2.96118e-03 2.92735e-03 2.89343e-03 2.85917e-03 2.82436e-03 2.78892e-03 2.75283e-03 2.71618e-03 2.67912e-03 2.64182e-03 2.60446e-03 2.56718e-03 2.53002e-03 2.49289e-03 2.45558e-03 2.41770e-03 2.37874e-03 2.33813e-03 2.29533e-03 2.25002e-03 2.20221e-03 2.15235e-03 2.10132e-03 2.05028e-03 2.00040e-03 1.95270e-03 1.90780e-03 1.86599e-03 1.82726e-03 1.79146e-03 1.75840e-03 1.72789e-03 1.69972e-03 1.67361e-03 1.64931e-03 1.62660e-03 1.60531e-03 1.58531e-03 1.56642e-03 1.54839e-03 1.53093e-03 1.51371e-03 1.49640e-03 1.47866e-03 1.46025e-03 1.44095e-03 1.42064e-03 1.39925e-03 1.37677e-03 1.35321e-03 1.32858e-03 1.30290e-03 1.27612e-03 1.24818e-03 1.21904e-03 1.18870e-03 1.15736e-03 1.12541e-03 1.09356e-03 1.06263e-03 1.03337e-03 1.00613e-03 9.80702e-04 9.56401e-04 9.32389e-04 9.07998e-04 8.82873e-04 8.56926e-04 8.30163e-04 8.02528e-04 7.73826e-04 7.43804e-04 7.12367e-04 6.79820e-04 6.46957e-04 6.14868e-04 5.84515e-04 5.56296e-04 5.29897e-04 5.04529e-04 4.79380e-04 4.53949e-04 4.28108e-04 4.01966e-04 3.75720e-04 3.49577e-04 3.23746e-04 2.98437e-04 2.73876e-04 2.50289e-04 2.27899e-04 2.06907e-04 1.87491e-04 1.69796e-04 1.53928e-04 1.39958e-04 1.27917e-04 1.17810e-04 1.09615e-04 1.03272e-04 9.86484e-05 9.54925e-05 9.34315e-05 9.20474e-05 9.10143e-05 9.01626e-05 8.93414e-05 8.82014e-05 8.62438e-05 8.32028e-05 7.92834e-05 7.48258e-05 6.97048e-05 6.31889e-05 5.45098e-05 4.36411e-05 3.16157e-05 2.01551e-05 1.09044e-05 4.74643e-06 1.52929e-06 3.18365e-07 3.36672e-08 1.11672e-09 4.56803e-12
3.502015 1.14768e-02 1.74684e-02 1.34635e-02 1.08583e-02 9.46338e-03 8.80508e-03 8.59211e-03 8.63943e-03 8.83578e-03 9.11716e-03 9.44104e-03 9.76983e-03 1.00666e-02 1.02990e-02 1.04462e-02 1.05025e-02 1.04759e-02 1.03827e-02 1.02397e-02 1.00585e-02 9.84570e-03 9.60793e-03 9.35391e-03 9.08996e-03 8.81786e-03 8.54044e-03 8.26714e-03 8.01200e-03 7.78756e-03 7.60132e-03 7.45546e-03 7.34749e-03 7.27088e-03 7.21668e-03 7.17641e-03 7.14475e-03 7.12056e-03 7.10556e-03 7.10171e-03 7.10887e-03 7.12417e-03 7.14297e-03 7.16048e-03 7.17271e-03 7.17676e-03 7.17107e-03 7.15634e-03 7.13687e-03 7.12111e-03 7.12040e-03 7.14487e-03 7.19709e-03 7.26882e-03 7.34716e-03 7.42353e-03 7.49279e-03 7.54602e-03 7.57014e-03 7.55496e-03 7.49869e-03 7.40729e-03 7.29046e-03 7.15758e-03 7.01543e-03 6.86881e-03 6.72358e-03 6.58855e-03 6.47368e-03 6.38616e-03 6.32712e-03 6.29034e-03 6.26393e-03 6.23542e-03 6.19713e-03 6.14678e-03 6.08409e-03 6.01025e-03 5.93072e-03 5.85491e-03 5.79007e-03 5.73637e-03 5.68905e-03 5.64326e-03 5.59671e-03 5.54977e-03 5.50342e-03 5.45653e-03 5.40560e-03 5.34751e-03 5.28243e-03 5.21379e-03 5.14568e-03 5.08047e-03 5.01850e-03 4.95908e-03 4.90156e-03 4.84571e-03 4.79157e-03 4.73917e-03 4.68834e-03 4.63858e-03 4.58911e-03 4.53896e-03 4.48706e-03 4.43246e-03 4.37447e-03 4.31271e-03 4.24727e-03 4.17858e-03 4.10743e-03 4.03482e-03 3.96185e-03 3.88952e-03 3.81873e-03 3.75013e-03 3.68413e-03 3.62099e-03 3.56078e-03 3.50348e-03 3.44906e-03 3.39741e-03 3.34847e-03 3.30213e-03 3.25828e-03 3.21679e-03 3.17747e-03 3.14012e-03 3.10445e-03 3.07017e-03 3.03694e-03 3.00440e-03 2.97222e-03 2.94010e-03 2.90780e-03 2.87518e-03 2.84215e-03 2.80873e-03 2.77493e-03 2.74075e-03 2.70607e-03 2.67067e-03 2.63415e-03 2.59603e-03 2.55581e-03 2.51308e-03 2.46761e-03 2.41937e-03 2.36853e-03 2.31539e-03 2.26024e-03 2.20344e-03 2.14543e-03 2.08697e-03 2.02925e-03 1.97366e-03 1.92148e-03 1.87352e-03 1.83007e-03 1.79107e-03 1.75621e-03 1.72506e-03 1.69716e-03 1.67211e-03 1.64962e-03 1.62947e-03 1.61142e-03 1.59511e-03 1.58008e-03 1.56586e-03 1.55202e-03 1.53821e-03 1.52407e-03 1.50929e-03 1.49358e-03 1.47676e-03 1.45871e-03 1.43934e-03 1.41862e-03 1.39648e-03 1.37286e-03 1.34766e-03 1.32076e-03 1.29205e-03 1.26144e-03 1.22894e-03 1.19474e-03 1.15931e-03 1.12345e-03 1.08827e-03 1.05490e-03 1.02427e-03 9.96812e-04 9.72478e-04 9.50935e-04 9.31703e-04 9.14206e-04 8.97733e-04 8.81379e-04 8.64047e-04 8.44554e-04 8.21874e-04 7.95484e-04 7.65687e-04 7.33717e-04 7.01461e-04 6.70815e-04 6.42945e-04 6.17893e-04 5.94793e-04 5.72561e-04 5.50499e-04 5.28431e-04 5.06461e-04 4.84676e-04 4.63032e-04 4.41371e-04 4.19500e-04 3.97239e-04 3.74456e-04 3.51083e-04 3.27131e-04 3.02708e-04 2.78019e-04 2.53368e-04 2.29139e-04 2.05764e-04 1.83685e-04 1.63310e-04 1.44970e-04 1.28895e-04 1.15195e-04 1.03870e-04 9.48259e-05 8.79052e-05 8.28978e-05 7.95233e-05 7.73910e-05 7.59917e-05 7.47584e-05 7.31558e-05 7.07708e-05 6.74559e-05 6.34303e-05 5.90389e-05 5.42053e-05 4.82253e-05 4.03535e-05 3.06946e-05 2.04948e-05 1.15427e-05 5.19365e-06 1.71852e-06 3.65290e-07 3.92204e-08 1.31088e-09 5.32364e-12
3.602073 1.09422e-02 1.69809e-02 1.33703e-02 1.08993e-02 9.46299e-03 8.75597e-03 8.54717e-03 8.65540e-03 8.95380e-03 9.35049e-03 9.76721e-03 1.01327e-02 1.03903e-02 1.05092e-02 1.04911e-02 1.03649e-02 1.01742e-02 9.95928e-03 9.74397e-03 9.53208e-03 9.31613e-03 9.08873e-03 8.84705e-03 8.59099e-03 8.32361e-03 8.05468e-03 7.80077e-03 7.57920e-03 7.40119e-03 7.26926e-03 7.17903e-03 7.12269e-03 7.09186e-03 7.07920e-03 7.07921e-03 7.08824e-03 7.10393e-03 7.12430e-03 7.14712e-03 7.16970e-03 7.18896e-03 7.20194e-03 7.20713e-03 7.20633e-03 7.20599e-03 7.21684e-03 7.25126e-03 7.31913e-03 7.42367e-03 7.55804e-03 7.70271e-03 7.82690e-03 7.90062e-03 7.91172e-03 7.86908e-03 7.79000e-03 7.68959e-03 7.57964e-03 7.46998e-03 7.36786e-03 7.27671e-03 7.19465e-03 7.11421e-03 7.02714e-03 6.93129e-03 6.83176e-03 6.73534e-03 6.64650e-03 6.56743e-03 6.49700e-03 6.43071e-03 6.36405e-03 6.29563e-03 6.22776e-03 6.16481e-03 6.10947e-03 6.05993e-03 6.01161e-03 5.96098e-03 5.90670e-03 5.84828e-03 5.78508e-03 5.71688e-03 5.64488e-03 5.57123e-03 5.49783e-03 5.42576e-03 5.35552e-03 5.28736e-03 5.22151e-03 5.15816e-03 5.09743e-03 5.03941e-03 4.98411e-03 4.93159e-03 4.88191e-03 4.83518e-03 4.79151e-03 4.75088e-03 4.71298e-03 4.67701e-03 4.64167e-03 4.60516e-03 4.56547e-03 4.52070e-03 4.46934e-03 4.41058e-03 4.34437e-03 4.27146e-03 4.19328e-03 4.11170e-03 4.02876e-03 3.94641e-03 3.86626e-03 3.78949e-03 3.71682e-03 3.64864e-03 3.58504e-03 3.52598e-03 3.47128e-03 3.42073e-03 3.37402e-03 3.33083e-03 3.29081e-03 3.25358e-03 3.21872e-03 3.18572e-03 3.15397e-03 3.12278e-03 3.09144e-03 3.05929e-03 3.02582e-03 2.99068e-03 2.95378e-03 2.91518e-03 2.87509e-03 2.83377e-03 2.79143e-03 2.74821e-03 2.70413e-03 2.65911e-03 2.61303e-03 2.56579e-03 2.51725e-03 2.46726e-03 2.41565e-03 2.36228e-03 2.30714e-03 2.25056e-03 2.19324e-03 2.13618e-03 2.08028e-03 2.02614e-03 1.97409e-03 1.92441e-03 1.87757e-03 1.83402e-03 1.79413e-03 1.75808e-03 1.72594e-03 1.69766e-03 1.67299e-03 1.65151e-03 1.63264e-03 1.61578e-03 1.60042e-03 1.58610e-03 1.57235e-03 1.55868e-03 1.54466e-03 1.52993e-03 1.51434e-03 1.49785e-03 1.48043e-03 1.46203e-03 1.44253e-03 1.42180e-03 1.39971e-03 1.37615e-03 1.35104e-03 1.32430e-03 1.29586e-03 1.26570e-03 1.23392e-03 1.20075e-03 1.16669e-03 1.13242e-03 1.09873e-03 1.06631e-03 1.03559e-03 1.00683e-03 9.80142e-04 9.55583e-04 9.33162e-04 9.12732e-04 8.93915e-04 8.76056e-04 8.58266e-04 8.39551e-04 8.19050e-04 7.96350e-04 7.71774e-04 7.46456e-04 7.21975e-04 6.99610e-04 6.79628e-04 6.61198e-04 6.43054e-04 6.24369e-04 6.05070e-04 5.85516e-04 5.66031e-04 5.46712e-04 5.27487e-04 5.08236e-04 4.88853e-04 4.69260e-04 4.49386e-04 4.29163e-04 4.08517e-04 3.87368e-04 3.65644e-04 3.43282e-04 3.20255e-04 2.96581e-04 2.72356e-04 2.47768e-04 2.23116e-04 1.98813e-04 1.75358e-04 1.53294e-04 1.33139e-04 1.15317e-04 1.00100e-04 8.75802e-05 7.76826e-05 7.01977e-05 6.48154e-05 6.11169e-05 5.85305e-05 5.63325e-05 5.38041e-05 5.05355e-05 4.66301e-05 4.24637e-05 3.80782e-05 3.29087e-05 2.63543e-05 1.86656e-05 1.11244e-05 5.25659e-06 1.80995e-06 3.96806e-07 4.35776e-08 1.47733e-09 6.06883e-12
3.702130 1.05516e-02 1.69175e-02 1.35886e-02 1.10589e-02 9.52634e-03 8.79234e-03 8.62439e-03 8.82145e-03 9.22726e-03 9.71004e-03 1.01519e-02 1.04593e-02 1.05824e-02 1.05236e-02 1.03289e-02 1.00643e-02 9.78917e-03 9.53716e-03 9.31279e-03 9.10199e-03 8.88798e-03 8.66094e-03 8.41821e-03 8.16208e-03 7.90071e-03 7.64932e-03 7.42686e-03 7.24925e-03 7.12424e-03 7.05028e-03 7.01877e-03 7.01757e-03 7.03437e-03 7.05919e-03 7.08589e-03 7.11200e-03 7.13688e-03 7.15949e-03 7.17798e-03 7.19161e-03 7.20364e-03 7.22251e-03 7.25999e-03 7.32694e-03 7.42838e-03 7.55985e-03 7.70702e-03 7.84902e-03 7.96430e-03 8.03564e-03 8.05245e-03 8.01429e-03 7.93679e-03 7.84722e-03 7.76606e-03 7.69617e-03 7.63000e-03 7.56075e-03 7.48610e-03 7.40647e-03 7.32179e-03 7.23019e-03 7.13087e-03 7.02916e-03 6.93479e-03 6.85295e-03 6.78193e-03 6.71724e-03 6.65437e-03 6.58997e-03 6.52277e-03 6.45300e-03 6.38088e-03 6.30591e-03 6.22711e-03 6.14445e-03 6.05974e-03 5.97573e-03 5.89424e-03 5.81541e-03 5.73854e-03 5.66301e-03 5.58870e-03 5.51591e-03 5.44514e-03 5.37688e-03 5.31145e-03 5.24897e-03 5.18937e-03 5.13253e-03 5.07834e-03 5.02671e-03 4.97763e-03 4.93112e-03 4.88730e-03 4.84641e-03 4.80890e-03 4.77535e-03 4.74634e-03 4.72205e-03 4.70185e-03 4.68396e-03 4.66558e-03 4.64327e-03 4.61363e-03 4.57390e-03 4.52241e-03 4.45882e-03 4.38412e-03 4.30054e-03 4.21119e-03 4.11957e-03 4.02901e-03 3.94214e-03 3.86060e-03 3.78512e-03 3.71568e-03 3.65194e-03 3.59347e-03 3.53999e-03 3.49139e-03 3.44757e-03 3.40832e-03 3.37310e-03 3.34101e-03 3.31082e-03 3.28111e-03 3.25047e-03 3.21762e-03 3.18155e-03 3.14158e-03 3.09747e-03 3.04937e-03 2.99780e-03 2.94354e-03 2.88750e-03 2.83052e-03 2.77327e-03 2.71621e-03 2.65961e-03 2.60365e-03 2.54841e-03 2.49395e-03 2.44029e-03 2.38738e-03 2.33513e-03 2.28340e-03 2.23204e-03 2.18091e-03 2.13009e-03 2.07991e-03 2.03105e-03 1.98440e-03 1.94072e-03 1.90031e-03 1.86295e-03 1.82810e-03 1.79532e-03 1.76453e-03 1.73596e-03 1.70993e-03 1.68654e-03 1.66558e-03 1.64650e-03 1.62862e-03 1.61129e-03 1.59408e-03 1.57678e-03 1.55928e-03 1.54150e-03 1.52331e-03 1.50452e-03 1.48497e-03 1.46453e-03 1.44315e-03 1.42080e-03 1.39746e-03 1.37309e-03 1.34764e-03 1.32112e-03 1.29355e-03 1.26501e-03 1.23564e-03 1.20567e-03 1.17542e-03 1.14525e-03 1.11547e-03 1.08634e-03 1.05801e-03 1.03058e-03 1.00409e-03 9.78542e-04 9.53885e-04 9.29974e-04 9.06541e-04 8.83171e-04 8.59314e-04 8.34419e-04 8.08182e-04 7.80889e-04 7.53660e-04 7.28306e-04 7.06619e-04 6.89375e-04 6.75807e-04 6.64154e-04 6.52864e-04 6.41304e-04 6.29494e-04 6.17467e-04 6.05007e-04 5.91780e-04 5.77529e-04 5.62145e-04 5.45651e-04 5.28142e-04 5.09746e-04 4.90593e-04 4.70804e-04 4.50480e-04 4.29704e-04 4.08531e-04 3.86995e-04 3.65108e-04 3.42866e-04 3.20252e-04 2.97254e-04 2.73871e-04 2.50144e-04 2.26178e-04 2.02170e-04 1.78426e-04 1.55364e-04 1.33485e-04 1.13323e-04 9.53668e-05 7.99806e-05 6.73479e-05 5.74436e-05 5.00354e-05 4.46873e-05 4.07620e-05 3.74991e-05 3.42601e-05 3.08116e-05 2.72700e-05 2.36348e-05 1.95171e-05 1.45913e-05 9.27317e-06 4.66601e-06 1.69762e-06 3.89340e-07 4.42798e-08 1.54522e-09 6.72671e-12
3.802188 1.12269e-02 1.76925e-02 1.39310e-02 1.11865e-02 9.62837e-03 8.94621e-03 8.86543e-03 9.16491e-03 9.64987e-03 1.01444e-02 1.05076e-02 1.06594e-02 1.05927e-02 1.03608e-02 1.00457e-02 9.72159e-03 9.43243e-03 9.18686e-03 8.96974e-03 8.75964e-03 8.54134e-03 8.30871e-03 8.06253e-03 7.80994e-03 7.56536e-03 7.34834e-03 7.17735e-03 7.06313e-03 7.00548e-03 6.99422e-03 7.01326e-03 7.04589e-03 7.07918e-03 7.10607e-03 7.12498e-03 7.13812e-03 7.14998e-03 7.16712e-03 7.19830e-03 7.25338e-03 7.34021e-03 7.46067e-03 7.60826e-03 7.76812e-03 7.91919e-03 8.03830e-03 8.10679e-03 8.11901e-03 8.08565e-03 8.02510e-03 7.95051e-03 7.86844e-03 7.78649e-03 7.71281e-03 7.64927e-03 7.59267e-03 7.54117e-03 7.49510e-03 7.45094e-03 7.40023e-03 7.33733e-03 7.26251e-03 7.17997e-03 7.09690e-03 7.01869e-03 6.94448e-03 6.86923e-03 6.78794e-03 6.69747e-03 6.59661e-03 6.48665e-03 6.37210e-03 6.25933e-03 6.15324e-03 6.05527e-03 5.96434e-03 5.87864e-03 5.79670e-03 5.71767e-03 5.64123e-03 5.56731e-03 5.49598e-03 5.42734e-03 5.36145e-03 5.29835e-03 5.23797e-03 5.18021e-03 5.12489e-03 5.07189e-03 5.02116e-03 4.97273e-03 4.92674e-03 4.88334e-03 4.84272e-03 4.80505e-03 4.77062e-03 4.74005e-03 4.71431e-03 4.69466e-03 4.68200e-03 4.67610e-03 4.67497e-03 4.67487e-03 4.67100e-03 4.65854e-03 4.63350e-03 4.59333e-03 4.53716e-03 4.46585e-03 4.38196e-03 4.28940e-03 4.19281e-03 4.09670e-03 4.00472e-03 3.91923e-03 3.84137e-03 3.77140e-03 3.70923e-03 3.65464e-03 3.60738e-03 3.56701e-03 3.53269e-03 3.50303e-03 3.47610e-03 3.44957e-03 3.42099e-03 3.38818e-03 3.34958e-03 3.30445e-03 3.25279e-03 3.19512e-03 3.13234e-03 3.06579e-03 2.99715e-03 2.92809e-03 2.85986e-03 2.79312e-03 2.72812e-03 2.66497e-03 2.60374e-03 2.54445e-03 2.48707e-03 2.43149e-03 2.37760e-03 2.32532e-03 2.27460e-03 2.22544e-03 2.17786e-03 2.13190e-03 2.08758e-03 2.04492e-03 2.00393e-03 1.96463e-03 1.92708e-03 1.89143e-03 1.85800e-03 1.82722e-03 1.79949e-03 1.77488e-03 1.75293e-03 1.73267e-03 1.71304e-03 1.69325e-03 1.67296e-03 1.65219e-03 1.63108e-03 1.60974e-03 1.58824e-03 1.56657e-03 1.54461e-03 1.52214e-03 1.49899e-03 1.47505e-03 1.45033e-03 1.42489e-03 1.39887e-03 1.37244e-03 1.34573e-03 1.31884e-03 1.29185e-03 1.26482e-03 1.23779e-03 1.21085e-03 1.18406e-03 1.15750e-03 1.13125e-03 1.10535e-03 1.07980e-03 1.05457e-03 1.02958e-03 1.00477e-03 9.80024e-04 9.55184e-04 9.29988e-04 9.04042e-04 8.76857e-04 8.48020e-04 8.17492e-04 7.85977e-04 7.55120e-04 7.27140e-04 7.03783e-04 6.85261e-04 6.70269e-04 6.57216e-04 6.45391e-04 6.34886e-04 6.25785e-04 6.17730e-04 6.10083e-04 6.02219e-04 5.93658e-04 5.84067e-04 5.73223e-04 5.60986e-04 5.47293e-04 5.32152e-04 5.15633e-04 4.97854e-04 4.78971e-04 4.59157e-04 4.38586e-04 4.17423e-04 3.95810e-04 3.73863e-04 3.51672e-04 3.29297e-04 3.06774e-04 2.84121e-04 2.61346e-04 2.38469e-04 2.15535e-04 1.92642e-04 1.69963e-04 1.47760e-04 1.26384e-04 1.06259e-04 8.78369e-05 7.15413e-05 5.76965e-05 4.64580e-05 3.77510e-05 3.12337e-05 2.63314e-05 2.24074e-05 1.90108e-05 1.59360e-05 1.29922e-05 9.88889e-06 6.56585e-06 3.49537e-06 1.34721e-06 3.25689e-07 3.88007e-08 1.42678e-09 7.09645e-12
3.902245 1.18659e-02 1.80901e-02 1.39679e-02 1.12876e-02 9.85479e-03 9.27935e-03 9.30632e-03 9.68748e-03 1.01790e-02 1.05788e-02 1.07645e-02 1.07089e-02 1.04638e-02 1.01193e-02 9.76030e-03 9.43928e-03 9.17043e-03 8.94073e-03 8.72770e-03 8.51340e-03 8.28930e-03 8.05494e-03 7.81673e-03 7.58823e-03 7.38807e-03 7.23373e-03 7.13444e-03 7.08789e-03 7.08186e-03 7.09882e-03 7.12133e-03 7.13667e-03 7.14025e-03 7.13721e-03 7.14125e-03 7.17104e-03 7.24444e-03 7.37050e-03 7.54089e-03 7.72847e-03 7.89861e-03 8.02449e-03 8.09336e-03 8.10561e-03 8.07340e-03 8.01740e-03 7.95916e-03 7.91320e-03 7.88307e-03 7.86172e-03 7.83643e-03 7.79816e-03 7.74784e-03 7.69412e-03 7.64690e-03 7.60923e-03 7.57441e-03 7.53478e-03 7.48738e-03 7.43023e-03 7.36206e-03 7.28378e-03 7.19699e-03 7.10237e-03 6.99934e-03 6.88678e-03 6.76455e-03 6.63478e-03 6.50205e-03 6.37260e-03 6.25259e-03 6.14527e-03 6.04957e-03 5.96201e-03 5.87946e-03 5.80008e-03 5.72303e-03 5.64796e-03 5.57477e-03 5.50346e-03 5.43416e-03 5.36701e-03 5.30219e-03 5.23984e-03 5.18006e-03 5.12285e-03 5.06814e-03 5.01587e-03 4.96594e-03 4.91839e-03 4.87332e-03 4.83093e-03 4.79144e-03 4.75497e-03 4.72162e-03 4.69153e-03 4.66528e-03 4.64415e-03 4.63004e-03 4.62472e-03 4.62865e-03 4.64002e-03 4.65470e-03 4.66710e-03 4.67137e-03 4.66228e-03 4.63585e-03 4.58974e-03 4.52373e-03 4.44003e-03 4.34320e-03 4.23941e-03 4.13522e-03 4.03627e-03 3.94644e-03 3.86776e-03 3.80084e-03 3.74540e-03 3.70057e-03 3.66485e-03 3.63592e-03 3.61072e-03 3.58562e-03 3.55713e-03 3.52254e-03 3.48058e-03 3.43138e-03 3.37590e-03 3.31520e-03 3.24997e-03 3.18081e-03 3.10888e-03 3.03596e-03 2.96379e-03 2.89328e-03 2.82456e-03 2.75757e-03 2.69250e-03 2.62959e-03 2.56896e-03 2.51048e-03 2.45393e-03 2.39911e-03 2.34596e-03 2.29451e-03 2.24486e-03 2.19715e-03 2.15153e-03 2.10815e-03 2.06712e-03 2.02852e-03 1.99237e-03 1.95861e-03 1.92712e-03 1.89765e-03 1.86988e-03 1.84345e-03 1.81803e-03 1.79342e-03 1.76963e-03 1.74686e-03 1.72532e-03 1.70507e-03 1.68575e-03 1.66668e-03 1.64696e-03 1.62581e-03 1.60286e-03 1.57828e-03 1.55255e-03 1.52610e-03 1.49906e-03 1.47130e-03 1.44279e-03 1.41368e-03 1.38434e-03 1.35521e-03 1.32667e-03 1.29896e-03 1.27216e-03 1.24620e-03 1.22097e-03 1.19638e-03 1.17233e-03 1.14871e-03 1.12537e-03 1.10213e-03 1.07881e-03 1.05521e-03 1.03120e-03 1.00668e-03 9.81506e-04 9.55472e-04 9.28231e-04 8.99351e-04 8.68478e-04 8.35681e-04 8.01907e-04 7.69185e-04 7.40007e-04 7.15884e-04 6.96398e-04 6.79919e-04 6.65226e-04 6.52115e-04 6.40716e-04 6.30805e-04 6.21835e-04 6.13248e-04 6.04666e-04 5.95875e-04 5.86757e-04 5.77218e-04 5.67152e-04 5.56437e-04 5.44932e-04 5.32499e-04 5.19013e-04 5.04384e-04 4.88568e-04 4.71572e-04 4.53459e-04 4.34339e-04 4.14355e-04 3.93672e-04 3.72463e-04 3.50890e-04 3.29098e-04 3.07201e-04 2.85283e-04 2.63393e-04 2.41556e-04 2.19790e-04 1.98126e-04 1.76630e-04 1.55425e-04 1.34701e-04 1.14718e-04 9.57959e-05 7.82946e-05 6.25782e-05 4.89646e-05 3.76561e-05 2.86602e-05 2.17485e-05 1.65129e-05 1.25088e-05 9.35041e-06 6.70118e-06 4.33910e-06 2.32214e-06 9.16892e-07 2.29336e-07 2.85177e-08 1.13373e-09 6.96554e-12
4.002303 1.10154e-02 1.74230e-02 1.39726e-02 1.15814e-02 1.02726e-02 9.81327e-03 9.93817e-03 1.03387e-02 1.07343e-02 1.09403e-02 1.08960e-02 1.06441e-02 1.02790e-02 9.89300e-03 9.54480e-03 9.25350e-03 9.00989e-03 8.79343e-03 8.58568e-03 8.37607e-03 8.16201e-03 7.94793e-03 7.74497e-03 7.56831e-03 7.43107e-03 7.33797e-03 7.28324e-03 7.25387e-03 7.23688e-03 7.22800e-03 7.23560e-03 7.27277e-03 7.34155e-03 7.42949e-03 7.52527e-03 7.63006e-03 7.74815e-03 7.87239e-03 7.98279e-03 8.05697e-03 8.08274e-03 8.06482e-03 8.02173e-03 7.97521e-03 7.94023e-03 7.92161e-03 7.91660e-03 7.91856e-03 7.91836e-03 7.90489e-03 7.86981e-03 7.81591e-03 7.75628e-03 7.69993e-03 7.64447e-03 7.58547e-03 7.52411e-03 7.46345e-03 7.40288e-03 7.33714e-03 7.25922e-03 7.16393e-03 7.04936e-03 6.91716e-03 6.77290e-03 6.62533e-03 6.48356e-03 6.35388e-03 6.23917e-03 6.13978e-03 6.05343e-03 5.97582e-03 5.90288e-03 5.83203e-03 5.76209e-03 5.69258e-03 5.62345e-03 5.55478e-03 5.48682e-03 5.41988e-03 5.35430e-03 5.29044e-03 5.22862e-03 5.16908e-03 5.11195e-03 5.05724e-03 5.00491e-03 4.95486e-03 4.90702e-03 4.86144e-03 4.81827e-03 4.77776e-03 4.74018e-03 4.70572e-03 4.67449e-03 4.64676e-03 4.62335e-03 4.60601e-03 4.59707e-03 4.59843e-03 4.60998e-03 4.62887e-03 4.65007e-03 4.66779e-03 4.67681e-03 4.67296e-03 4.65290e-03 4.61404e-03 4.55496e-03 4.47627e-03 4.38136e-03 4.27655e-03 4.17017e-03 4.07064e-03 3.98440e-03 3.91436e-03 3.85979e-03 3.81730e-03 3.78217e-03 3.74941e-03 3.71458e-03 3.67451e-03 3.62781e-03 3.57493e-03 3.51742e-03 3.45697e-03 3.39446e-03 3.32974e-03 3.26221e-03 3.19167e-03 3.11915e-03 3.04658e-03 2.97572e-03 2.90719e-03 2.84077e-03 2.77637e-03 2.71441e-03 2.65535e-03 2.59919e-03 2.54540e-03 2.49325e-03 2.44210e-03 2.39163e-03 2.34178e-03 2.29266e-03 2.24456e-03 2.19783e-03 2.15286e-03 2.11003e-03 2.06966e-03 2.03196e-03 1.99703e-03 1.96477e-03 1.93498e-03 1.90732e-03 1.88135e-03 1.85663e-03 1.83274e-03 1.80929e-03 1.78601e-03 1.76275e-03 1.73947e-03 1.71630e-03 1.69346e-03 1.67116e-03 1.64947e-03 1.62807e-03 1.60622e-03 1.58293e-03 1.55750e-03 1.53001e-03 1.50127e-03 1.47220e-03 1.44316e-03 1.41404e-03 1.38466e-03 1.35515e-03 1.32591e-03 1.29739e-03 1.26998e-03 1.24385e-03 1.21894e-03 1.19496e-03 1.17157e-03 1.14842e-03 1.12522e-03 1.10175e-03 1.07787e-03 1.05346e-03 1.02845e-03 1.00273e-03 9.76151e-04 9.48415e-04 9.19129e-04 8.87908e-04 8.54752e-04 8.20658e-04 7.87916e-04 7.59181e-04 7.35647e-04 7.16326e-04 6.99440e-04 6.84058e-04 6.70160e-04 6.57752e-04 6.46448e-04 6.35686e-04 6.25034e-04 6.14291e-04 6.03431e-04 5.92499e-04 5.81538e-04 5.70555e-04 5.59510e-04 5.48326e-04 5.36889e-04 5.25070e-04 5.12726e-04 4.99714e-04 4.85904e-04 4.71183e-04 4.55474e-04 4.38742e-04 4.21005e-04 4.02337e-04 3.82864e-04 3.62754e-04 3.42197e-04 3.21382e-04 3.00475e-04 2.79602e-04 2.58839e-04 2.38219e-04 2.17747e-04 1.97422e-04 1.77261e-04 1.57324e-04 1.37718e-04 1.18612e-04 1.00226e-04 8.28275e-05 6.67202e-05 5.22217e-05 3.96197e-05 2.91043e-05 2.07031e-05 1.42599e-05 9.47580e-06 5.98607e-06 3.45930e-06 1.70022e-06 6.36633e-07 1.55405e-07 1.94612e-08 8.38979e-10 6.65930e-12
4.102361 1.09605e-02 1.77018e-02 1.44170e-02 1.20426e-02 1.08170e-02 1.04871e-02 1.06750e-02 1.10045e-02 1.12042e-02 1.11586e-02 1.08901e-02 1.04944e-02 1.00713e-02 9.68665e-03 9.36615e-03 9.10681e-03 8.89192e-03 8.70231e-03 8.52275e-03 8.34447e-03 8.16600e-03 7.99281e-03 7.83531e-03 7.70645e-03 7.62047e-03 7.58823e-03 7.60366e-03 7.63590e-03 7.64777e-03 7.62664e-03 7.59175e-03 7.57458e-03 7.59809e-03 7.66851e-03 7.77560e-03 7.89617e-03 8.00103e-03 8.06571e-03 8.08124e-03 8.05748e-03 8.01566e-03 7.97583e-03 7.94881e-03 7.93596e-03 7.93306e-03 7.93399e-03 7.93218e-03 7.92073e-03 7.89344e-03 7.84753e-03 7.78463e-03 7.70784e-03 7.62036e-03 7.52775e-03 7.43802e-03 7.35732e-03 7.28641e-03 7.22101e-03 7.15390e-03 7.07605e-03 6.97845e-03 6.85666e-03 6.71548e-03 6.56777e-03 6.42706e-03 6.30093e-03 6.19087e-03 6.09609e-03 6.01539e-03 5.94630e-03 5.88505e-03 5.82787e-03 5.77202e-03 5.71580e-03 5.65848e-03 5.59993e-03 5.54037e-03 5.48017e-03 5.41978e-03 5.35967e-03 5.30032e-03 5.24212e-03 5.18536e-03 5.13025e-03 5.07685e-03 5.02512e-03 4.97500e-03 4.92644e-03 4.87955e-03 4.83461e-03 4.79214e-03 4.75278e-03 4.71703e-03 4.68501e-03 4.65629e-03 4.63019e-03 4.60662e-03 4.58688e-03 4.57371e-03 4.56999e-03 4.57674e-03 4.59196e-03 4.61103e-03 4.62817e-03 4.63802e-03 4.63644e-03 4.62059e-03 4.58885e-03 4.54076e-03 4.47731e-03 4.40123e-03 4.31720e-03 4.23146e-03 4.15059e-03 4.07944e-03 4.01927e-03 3.96726e-03 3.91802e-03 3.86619e-03 3.80863e-03 3.74512e-03 3.67762e-03 3.60899e-03 3.54154e-03 3.47600e-03 3.41115e-03 3.34450e-03 3.27380e-03 3.19849e-03 3.12026e-03 3.04197e-03 2.96603e-03 2.89341e-03 2.82399e-03 2.75770e-03 2.69511e-03 2.63704e-03 2.58388e-03 2.53518e-03 2.48985e-03 2.44671e-03 2.40478e-03 2.36344e-03 2.32238e-03 2.28150e-03 2.24083e-03 2.20050e-03 2.16070e-03 2.12166e-03 2.08363e-03 2.04682e-03 2.01143e-03 1.97758e-03 1.94534e-03 1.91473e-03 1.88571e-03 1.85818e-03 1.83198e-03 1.80686e-03 1.78254e-03 1.75873e-03 1.73515e-03 1.71157e-03 1.68788e-03 1.66407e-03 1.64019e-03 1.61639e-03 1.59276e-03 1.56926e-03 1.54556e-03 1.52102e-03 1.49502e-03 1.46761e-03 1.43970e-03 1.41239e-03 1.38599e-03 1.35991e-03 1.33345e-03 1.30632e-03 1.27867e-03 1.25079e-03 1.22299e-03 1.19550e-03 1.16842e-03 1.14176e-03 1.11545e-03 1.08941e-03 1.06360e-03 1.03795e-03 1.01232e-03 9.86427e-04 9.59857e-04 9.32018e-04 9.02240e-04 8.70209e-04 8.36777e-04 8.04427e-04 7.76109e-04 7.53022e-04 7.34020e-04 7.17363e-04 7.02258e-04 6.88619e-04 6.76182e-04 6.64298e-04 6.52306e-04 6.39852e-04 6.26922e-04 6.13704e-04 6.00447e-04 5.87359e-04 5.74572e-04 5.62131e-04 5.50005e-04 5.38106e-04 5.26304e-04 5.14446e-04 5.02365e-04 4.89896e-04 4.76878e-04 4.63167e-04 4.48639e-04 4.33204e-04 4.16816e-04 3.99484e-04 3.81286e-04 3.62362e-04 3.42903e-04 3.23124e-04 3.03232e-04 2.83395e-04 2.63727e-04 2.44284e-04 2.25073e-04 2.06075e-04 1.87269e-04 1.68646e-04 1.50234e-04 1.32097e-04 1.14346e-04 9.71341e-05 8.06629e-05 6.51845e-05 5.09950e-05 3.84017e-05 2.76607e-05 1.89085e-05 1.21278e-05 7.16235e-06 3.76771e-06 1.66714e-06 5.65782e-07 1.27670e-07 1.52921e-08 6.90535e-10 7.01661e-12
4.202418 1.19343e-02 1.87595e-02 1.49700e-02 1.25430e-02 1.15073e-02 1.13336e-02 1.15169e-02 1.16722e-02 1.16006e-02 1.12886e-02 1.08309e-02 1.03389e-02 9.88999e-03 9.51942e-03 9.23281e-03 9.01828e-03 8.85469e-03 8.71941e-03 8.59795e-03 8.49206e-03 8.41610e-03 8.37688e-03 8.35488e-03 8.31312e-03 8.22677e-03 8.10002e-03 7.95800e-03 7.82993e-03 7.73775e-03 7.69235e-03 7.69461e-03 7.73883e-03 7.81491e-03 7.90755e-03 7.99560e-03 8.05660e-03 8.07709e-03 8.06018e-03 8.02238e-03 7.98204e-03 7.95006e-03 7.92835e-03 7.91347e-03 7.90025e-03 7.88345e-03 7.85805e-03 7.81978e-03 7.76618e-03 7.69640e-03 7.61017e-03 7.50934e-03 7.40048e-03 7.29285e-03 7.19308e-03 7.10323e-03 7.02260e-03 6.94876e-03 6.87636e-03 6.79661e-03 6.70063e-03 6.58621e-03 6.46122e-03 6.33820e-03 6.22545e-03 6.12463e-03 6.03468e-03 5.95520e-03 5.88645e-03 5.82810e-03 5.77851e-03 5.73493e-03 5.69410e-03 5.65309e-03 5.60992e-03 5.56380e-03 5.51480e-03 5.46337e-03 5.41011e-03 5.35574e-03 5.30092e-03 5.24625e-03 5.19218e-03 5.13901e-03 5.08697e-03 5.03623e-03 4.98705e-03 4.93973e-03 4.89460e-03 4.85183e-03 4.81118e-03 4.77190e-03 4.73305e-03 4.69411e-03 4.65542e-03 4.61823e-03 4.58432e-03 4.55569e-03 4.53440e-03 4.52215e-03 4.51943e-03 4.52496e-03 4.53581e-03 4.54823e-03 4.55872e-03 4.56465e-03 4.56434e-03 4.55677e-03 4.54124e-03 4.51709e-03 4.48366e-03 4.44039e-03 4.38713e-03 4.32471e-03 4.25530e-03 4.18211e-03 4.10825e-03 4.03534e-03 3.96309e-03 3.89031e-03 3.81646e-03 3.74240e-03 3.66995e-03 3.60089e-03 3.53586e-03 3.47334e-03 3.40966e-03 3.34057e-03 3.26376e-03 3.18015e-03 3.09310e-03 3.00632e-03 2.92226e-03 2.84193e-03 2.76559e-03 2.69353e-03 2.62639e-03 2.56502e-03 2.50993e-03 2.46080e-03 2.41656e-03 2.37593e-03 2.33782e-03 2.30154e-03 2.26670e-03 2.23307e-03 2.20050e-03 2.16885e-03 2.13794e-03 2.10755e-03 2.07745e-03 2.04742e-03 2.01726e-03 1.98687e-03 1.95624e-03 1.92545e-03 1.89467e-03 1.86411e-03 1.83398e-03 1.80446e-03 1.77568e-03 1.74768e-03 1.72042e-03 1.69380e-03 1.66763e-03 1.64171e-03 1.61590e-03 1.59020e-03 1.56480e-03 1.54007e-03 1.51642e-03 1.49406e-03 1.47273e-03 1.45157e-03 1.42941e-03 1.40567e-03 1.38102e-03 1.35669e-03 1.33298e-03 1.30891e-03 1.28335e-03 1.25585e-03 1.22667e-03 1.19636e-03 1.16555e-03 1.13485e-03 1.10480e-03 1.07577e-03 1.04789e-03 1.02102e-03 9.94824e-04 9.68807e-04 9.42254e-04 9.14192e-04 8.83777e-04 8.51293e-04 8.18949e-04 7.89890e-04 7.65755e-04 7.45843e-04 7.28756e-04 7.13806e-04 7.00671e-04 6.88655e-04 6.76768e-04 6.64239e-04 6.50796e-04 6.36581e-04 6.21932e-04 6.07192e-04 5.92622e-04 5.78379e-04 5.64532e-04 5.51089e-04 5.38013e-04 5.25235e-04 5.12663e-04 5.00184e-04 4.87670e-04 4.74976e-04 4.61949e-04 4.48430e-04 4.34267e-04 4.19326e-04 4.03516e-04 3.86806e-04 3.69244e-04 3.50958e-04 3.32142e-04 3.13028e-04 2.93846e-04 2.74788e-04 2.55989e-04 2.37519e-04 2.19394e-04 2.01598e-04 1.84100e-04 1.66873e-04 1.49908e-04 1.33220e-04 1.16851e-04 1.00869e-04 8.53764e-05 7.05288e-05 5.65462e-05 4.37101e-05 3.23197e-05 2.26199e-05 1.47483e-05 8.73661e-06 4.52423e-06 1.93313e-06 6.25229e-07 1.34174e-07 1.55407e-08 7.31647e-10 8.87462e-12
4.302476 1.24220e-02 1.91716e-02 1.53326e-02 1.32315e-02 1.24957e-02 1.24289e-02 1.24874e-02 1.23457e-02 1.19346e-02 1.13534e-02 1.07391e-02 1.01892e-02 9.74841e-03 9.42728e-03 9.22251e-03 9.12626e-03 9.12044e-03 9.16617e-03 9.20801e-03 9.19738e-03 9.11331e-03 8.96197e-03 8.76346e-03 8.54238e-03 8.32459e-03 8.13401e-03 7.98748e-03 7.89135e-03 7.84277e-03 7.83460e-03 7.85909e-03 7.90747e-03 7.96696e-03 8.02030e-03 8.05088e-03 8.05088e-03 8.02500e-03 7.98571e-03 7.94451e-03 7.90655e-03 7.87120e-03 7.83513e-03 7.79458e-03 7.74591e-03 7.68585e-03 7.61240e-03 7.52551e-03 7.42697e-03 7.32039e-03 7.21078e-03 7.10296e-03 7.00018e-03 6.90402e-03 6.81495e-03 6.73262e-03 6.65544e-03 6.57920e-03 6.49714e-03 6.40437e-03 6.30374e-03 6.20436e-03 6.11314e-03 6.03100e-03 5.95637e-03 5.88836e-03 5.82678e-03 5.77141e-03 5.72196e-03 5.67821e-03 5.63948e-03 5.60412e-03 5.56948e-03 5.53297e-03 5.49315e-03 5.45003e-03 5.40443e-03 5.35750e-03 5.31031e-03 5.26362e-03 5.21777e-03 5.17293e-03 5.12946e-03 5.08782e-03 5.04813e-03 5.00966e-03 4.97084e-03 4.92999e-03 4.88643e-03 4.84115e-03 4.79640e-03 4.75438e-03 4.71618e-03 4.68154e-03 4.64954e-03 4.61947e-03 4.59167e-03 4.56775e-03 4.54998e-03 4.54015e-03 4.53855e-03 4.54363e-03 4.55265e-03 4.56255e-03 4.57078e-03 4.57554e-03 4.57576e-03 4.57080e-03 4.56016e-03 4.54319e-03 4.51885e-03 4.48555e-03 4.44131e-03 4.38445e-03 4.31479e-03 4.23472e-03 4.14927e-03 4.06436e-03 3.98433e-03 3.91031e-03 3.84089e-03 3.77420e-03 3.70956e-03 3.64747e-03 3.58819e-03 3.52997e-03 3.46868e-03 3.39980e-03 3.32118e-03 3.23416e-03 3.14237e-03 3.04977e-03 2.95946e-03 2.87327e-03 2.79177e-03 2.71472e-03 2.64201e-03 2.57417e-03 2.51186e-03 2.45520e-03 2.40354e-03 2.35591e-03 2.31142e-03 2.26951e-03 2.22993e-03 2.19256e-03 2.15731e-03 2.12402e-03 2.09243e-03 2.06222e-03 2.03306e-03 2.00467e-03 1.97681e-03 1.94934e-03 1.92221e-03 1.89534e-03 1.86867e-03 1.84211e-03 1.81556e-03 1.78891e-03 1.76212e-03 1.73517e-03 1.70807e-03 1.68078e-03 1.65325e-03 1.62540e-03 1.59725e-03 1.56895e-03 1.54080e-03 1.51326e-03 1.48683e-03 1.46205e-03 1.43942e-03 1.41926e-03 1.40147e-03 1.38515e-03 1.36856e-03 1.34990e-03 1.32854e-03 1.30529e-03 1.28100e-03 1.25544e-03 1.22787e-03 1.19813e-03 1.16675e-03 1.13457e-03 1.10246e-03 1.07103e-03 1.04061e-03 1.01136e-03 9.83166e-04 9.55541e-04 9.27476e-04 8.97748e-04 8.65922e-04 8.33501e-04 8.03477e-04 7.77980e-04 7.56877e-04 7.38947e-04 7.23277e-04 7.09177e-04 6.95727e-04 6.81996e-04 6.67501e-04 6.52297e-04 6.36739e-04 6.21212e-04 6.05967e-04 5.91100e-04 5.76599e-04 5.62405e-04 5.48453e-04 5.34688e-04 5.21071e-04 5.07571e-04 4.94160e-04 4.80805e-04 4.67463e-04 4.54071e-04 4.40545e-04 4.26772e-04 4.12614e-04 3.97920e-04 3.82550e-04 3.66412e-04 3.49491e-04 3.31869e-04 3.13712e-04 2.95245e-04 2.76701e-04 2.58286e-04 2.40151e-04 2.22387e-04 2.05031e-04 1.88087e-04 1.71546e-04 1.55396e-04 1.39640e-04 1.24294e-04 1.09380e-04 9.49279e-05 8.09736e-05 6.75860e-05 5.48924e-05 4.30941e-05 3.24425e-05 2.31740e-05 1.54496e-05 9.35646e-06 4.93568e-06 2.13385e-06 6.93343e-07 1.49128e-07 1.75558e-08 8.95113e-10 1.23250e-11
4.402533 1.20022e-02 1.92382e-02 1.60991e-02 1.44278e-02 1.39099e-02 1.37846e-02 1.35026e-02 1.28936e-02 1.20772e-02 1.12531e-02 1.05691e-02 1.00943e-02 9.83376e-03 9.74491e-03 9.75597e-03 9.79281e-03 9.80257e-03 9.75945e-03 9.65662e-03 9.49684e-03 9.28830e-03 9.04489e-03 8.78715e-03 8.53981e-03 8.32509e-03 8.15577e-03 8.03352e-03 7.95338e-03 7.90984e-03 7.89884e-03 7.91493e-03 7.94746e-03 7.98096e-03 8.00035e-03 7.99701e-03 7.97112e-03 7.92889e-03 7.87738e-03 7.82082e-03 7.76005e-03 7.69368e-03 7.61926e-03 7.53429e-03 7.43762e-03 7.33054e-03 7.21661e-03 7.10080e-03 6.98812e-03 6.88215e-03 6.78401e-03 6.69312e-03 6.60872e-03 6.53052e-03 6.45782e-03 6.38822e-03 6.31691e-03 6.23839e-03 6.15128e-03 6.06156e-03 5.97787e-03 5.90470e-03 5.84180e-03 5.78718e-03 5.73878e-03 5.69492e-03 5.65443e-03 5.61669e-03 5.58157e-03 5.54917e-03 5.51898e-03 5.48917e-03 5.45718e-03 5.42217e-03 5.38619e-03 5.35203e-03 5.32049e-03 5.29025e-03 5.26015e-03 5.23008e-03 5.19955e-03 5.16696e-03 5.13052e-03 5.08974e-03 5.04605e-03 5.00203e-03 4.95997e-03 4.92095e-03 4.88500e-03 4.85175e-03 4.82090e-03 4.79230e-03 4.76561e-03 4.74023e-03 4.71547e-03 4.69107e-03 4.66770e-03 4.64687e-03 4.63028e-03 4.61891e-03 4.61244e-03 4.60933e-03 4.60731e-03 4.60406e-03 4.59771e-03 4.58707e-03 4.57172e-03 4.55176e-03 4.52757e-03 4.49933e-03 4.46665e-03 4.42839e-03 4.38286e-03 4.32835e-03 4.26404e-03 4.19097e-03 4.11272e-03 4.03495e-03 3.96362e-03 3.90251e-03 3.85159e-03 3.80752e-03 3.76578e-03 3.72265e-03 3.67583e-03 3.62368e-03 3.56429e-03 3.49564e-03 3.41685e-03 3.32910e-03 3.23533e-03 3.13958e-03 3.04610e-03 2.95800e-03 2.87622e-03 2.79981e-03 2.72753e-03 2.65883e-03 2.59372e-03 2.53213e-03 2.47367e-03 2.41784e-03 2.36425e-03 2.31280e-03 2.26360e-03 2.21680e-03 2.17248e-03 2.13056e-03 2.09082e-03 2.05296e-03 2.01666e-03 1.98163e-03 1.94764e-03 1.91457e-03 1.88233e-03 1.85097e-03 1.82057e-03 1.79129e-03 1.76332e-03 1.73679e-03 1.71175e-03 1.68804e-03 1.66525e-03 1.64281e-03 1.62013e-03 1.59684e-03 1.57286e-03 1.54841e-03 1.52387e-03 1.49962e-03 1.47591e-03 1.45288e-03 1.43058e-03 1.40903e-03 1.38835e-03 1.36870e-03 1.35020e-03 1.33267e-03 1.31527e-03 1.29646e-03 1.27478e-03 1.24986e-03 1.22235e-03 1.19316e-03 1.16304e-03 1.13263e-03 1.10228e-03 1.07195e-03 1.04149e-03 1.01092e-03 9.80322e-04 9.49432e-04 9.17499e-04 8.83948e-04 8.49715e-04 8.17598e-04 7.90347e-04 7.68513e-04 7.50657e-04 7.34844e-04 7.19366e-04 7.02935e-04 6.85024e-04 6.65994e-04 6.46757e-04 6.28224e-04 6.10937e-04 5.94990e-04 5.80165e-04 5.66117e-04 5.52507e-04 5.39072e-04 5.25638e-04 5.12107e-04 4.98439e-04 4.84630e-04 4.70698e-04 4.56671e-04 4.42585e-04 4.28470e-04 4.14339e-04 4.00173e-04 3.85906e-04 3.71418e-04 3.56557e-04 3.41176e-04 3.25177e-04 3.08555e-04 2.91403e-04 2.73891e-04 2.56225e-04 2.38600e-04 2.21171e-04 2.04042e-04 1.87274e-04 1.70899e-04 1.54941e-04 1.39434e-04 1.24431e-04 1.09997e-04 9.61936e-05 8.30621e-05 7.06180e-05 5.88723e-05 4.78687e-05 3.77128e-05 2.85668e-05 2.05981e-05 1.39195e-05 8.58436e-06 4.62858e-06 2.04883e-06 6.81952e-07 1.50830e-07 1.86497e-08 1.07027e-09 1.67665e-11
4.502591 1.27267e-02 2.06677e-02 1.76938e-02 1.61732e-02 1.56240e-02 1.50850e-02 1.41479e-02 1.29799e-02 1.19148e-02 1.11506e-02 1.07023e-02 1.04805e-02 1.03792e-02 1.03221e-02 1.02676e-02 1.01943e-02 1.00884e-02 9.94102e-03 9.74883e-03 9.51551e-03 9.25217e-03 8.97713e-03 8.71258e-03 8.47786e-03 8.28327e-03 8.12928e-03 8.01174e-03 7.92799e-03 7.87847e-03 7.86261e-03 7.87377e-03 7.89813e-03 7.91882e-03 7.92191e-03 7.90046e-03 7.85476e-03 7.78967e-03 7.71086e-03 7.62197e-03 7.52383e-03 7.41565e-03 7.29739e-03 7.17145e-03 7.04247e-03 6.91579e-03 6.79613e-03 6.68658e-03 6.58824e-03 6.50059e-03 6.42233e-03 6.35200e-03 6.28827e-03 6.22971e-03 6.17366e-03 6.11526e-03 6.04910e-03 5.97364e-03 5.89332e-03 5.81462e-03 5.74210e-03 5.67832e-03 5.62479e-03 5.58179e-03 5.54825e-03 5.52231e-03 5.50211e-03 5.48628e-03 5.47354e-03 5.46180e-03 5.44787e-03 5.43026e-03 5.41173e-03 5.39454e-03 5.37687e-03 5.35710e-03 5.33416e-03 5.30567e-03 5.27025e-03 5.22939e-03 5.18652e-03 5.14500e-03 5.10675e-03 5.07223e-03 5.04111e-03 5.01284e-03 4.98686e-03 4.96267e-03 4.93973e-03 4.91729e-03 4.89437e-03 4.86975e-03 4.84224e-03 4.81117e-03 4.77687e-03 4.74086e-03 4.70548e-03 4.67304e-03 4.64495e-03 4.62125e-03 4.60069e-03 4.58130e-03 4.56105e-03 4.53833e-03 4.51228e-03 4.48272e-03 4.45000e-03 4.41459e-03 4.37690e-03 4.33707e-03 4.29517e-03 4.25165e-03 4.20784e-03 4.16635e-03 4.13078e-03 4.10386e-03 4.08322e-03 4.05873e-03 4.01793e-03 3.95590e-03 3.87841e-03 3.79587e-03 3.71625e-03 3.64277e-03 3.57521e-03 3.51129e-03 3.44742e-03 3.37994e-03 3.30695e-03 3.22921e-03 3.14933e-03 3.07040e-03 2.99503e-03 2.92468e-03 2.85943e-03 2.79868e-03 2.74209e-03 2.68972e-03 2.64147e-03 2.59653e-03 2.55344e-03 2.51047e-03 2.46618e-03 2.41969e-03 2.37079e-03 2.31976e-03 2.26722e-03 2.21398e-03 2.16091e-03 2.10889e-03 2.05870e-03 2.01099e-03 1.96625e-03 1.92474e-03 1.88657e-03 1.85167e-03 1.81980e-03 1.79050e-03 1.76304e-03 1.73655e-03 1.71015e-03 1.68321e-03 1.65560e-03 1.62775e-03 1.60039e-03 1.57426e-03 1.54976e-03 1.52694e-03 1.50557e-03 1.48523e-03 1.46548e-03 1.44588e-03 1.42616e-03 1.40628e-03 1.38636e-03 1.36650e-03 1.34661e-03 1.32646e-03 1.30577e-03 1.28427e-03 1.26179e-03 1.23808e-03 1.21294e-03 1.18642e-03 1.15886e-03 1.13055e-03 1.10157e-03 1.07208e-03 1.04229e-03 1.01208e-03 9.80803e-04 9.47449e-04 9.11370e-04 8.73463e-04 8.36840e-04 8.05390e-04 7.80993e-04 7.62428e-04 7.46676e-04 7.30630e-04 7.12176e-04 6.90747e-04 6.67237e-04 6.43311e-04 6.20562e-04 5.99970e-04 5.81798e-04 5.65776e-04 5.51374e-04 5.38014e-04 5.25190e-04 5.12515e-04 4.99729e-04 4.86676e-04 4.73286e-04 4.59544e-04 4.45482e-04 4.31159e-04 4.16660e-04 4.02083e-04 3.87527e-04 3.73061e-04 3.58704e-04 3.44401e-04 3.30031e-04 3.15431e-04 3.00446e-04 2.84987e-04 2.69052e-04 2.52732e-04 2.36170e-04 2.19525e-04 2.02933e-04 1.86498e-04 1.70288e-04 1.54353e-04 1.38750e-04 1.23560e-04 1.08902e-04 9.49236e-05 8.17676e-05 6.95350e-05 5.82641e-05 4.79426e-05 3.85486e-05 3.00945e-05 2.26398e-05 1.62588e-05 1.09902e-05 6.82290e-06 3.73174e-06 1.68820e-06 5.78511e-07 1.33357e-07 1.78052e-08 1.19858e-09 2.16101e-11
4.602648 1.43432e-02 2.28353e-02 1.95643e-02 1.79894e-02 1.70307e-02 1.57382e-02 1.42003e-02 1.28697e-02 1.19600e-02 1.14082e-02 1.10756e-02 1.08642e-02 1.07213e-02 1.06125e-02 1.05073e-02 1.03787e-02 1.02084e-02 9.99019e-03 9.72882e-03 9.43815e-03 9.13816e-03 8.85069e-03 8.59360e-03 8.37575e-03 8.19650e-03 8.05064e-03 7.93511e-03 7.85196e-03 7.80528e-03 7.79474e-03 7.81113e-03 7.83737e-03 7.85402e-03 7.84574e-03 7.80556e-03 7.73490e-03 7.63994e-03 7.52710e-03 7.40072e-03 7.26401e-03 7.12112e-03 6.97752e-03 6.83889e-03 6.70986e-03 6.59330e-03 6.49012e-03 6.39971e-03 6.32082e-03 6.25206e-03 6.19187e-03 6.13855e-03 6.09028e-03 6.04477e-03 5.99832e-03 5.94616e-03 5.88508e-03 5.81552e-03 5.74046e-03 5.66399e-03 5.59102e-03 5.52662e-03 5.47495e-03 5.43864e-03 5.41846e-03 5.41289e-03 5.41778e-03 5.42758e-03 5.43766e-03 5.44510e-03 5.44842e-03 5.44614e-03 5.43624e-03 5.41762e-03 5.39059e-03 5.35784e-03 5.32352e-03 5.29081e-03 5.26102e-03 5.23426e-03 5.21015e-03 5.18826e-03 5.16806e-03 5.14884e-03 5.12956e-03 5.10891e-03 5.08545e-03 5.05789e-03 5.02539e-03 4.98772e-03 4.94522e-03 4.89869e-03 4.84920e-03 4.79810e-03 4.74705e-03 4.69778e-03 4.65170e-03 4.60942e-03 4.57062e-03 4.53415e-03 4.49849e-03 4.46227e-03 4.42461e-03 4.38548e-03 4.34605e-03 4.30902e-03 4.27837e-03 4.25786e-03 4.24857e-03 4.24706e-03 4.24618e-03 4.23817e-03 4.21874e-03 4.18814e-03 4.14474e-03 4.08259e-03 4.00245e-03 3.91431e-03 3.82735e-03 3.74520e-03 3.66772e-03 3.59253e-03 3.51535e-03 3.43178e-03 3.34204e-03 3.25469e-03 3.18232e-03 3.13029e-03 3.09137e-03 3.05272e-03 3.00581e-03 2.95005e-03 2.89002e-03 2.83088e-03 2.77539e-03 2.72412e-03 2.67702e-03 2.63423e-03 2.59589e-03 2.56170e-03 2.53086e-03 2.50224e-03 2.47465e-03 2.44686e-03 2.41769e-03 2.38602e-03 2.35086e-03 2.31143e-03 2.26725e-03 2.21824e-03 2.16496e-03 2.10868e-03 2.05139e-03 1.99539e-03 1.94288e-03 1.89540e-03 1.85361e-03 1.81724e-03 1.78538e-03 1.75692e-03 1.73105e-03 1.70741e-03 1.68588e-03 1.66618e-03 1.64749e-03 1.62851e-03 1.60782e-03 1.58440e-03 1.55806e-03 1.52952e-03 1.50005e-03 1.47101e-03 1.44333e-03 1.41739e-03 1.39313e-03 1.37019e-03 1.34800e-03 1.32592e-03 1.30334e-03 1.27979e-03 1.25516e-03 1.22990e-03 1.20481e-03 1.18039e-03 1.15629e-03 1.13146e-03 1.10493e-03 1.07634e-03 1.04584e-03 1.01368e-03 9.79743e-04 9.43506e-04 9.05010e-04 8.66268e-04 8.31092e-04 8.02535e-04 7.80526e-04 7.62206e-04 7.44029e-04 7.23541e-04 7.00070e-04 6.74463e-04 6.48283e-04 6.23009e-04 5.99609e-04 5.78508e-04 5.59732e-04 5.43057e-04 5.28105e-04 5.14418e-04 5.01526e-04 4.89007e-04 4.76520e-04 4.63820e-04 4.50755e-04 4.37253e-04 4.23312e-04 4.08986e-04 3.94384e-04 3.79648e-04 3.64930e-04 3.50362e-04 3.36019e-04 3.21898e-04 3.07919e-04 2.93936e-04 2.79785e-04 2.65329e-04 2.50501e-04 2.35311e-04 2.19832e-04 2.04168e-04 1.88419e-04 1.72667e-04 1.56971e-04 1.41386e-04 1.25987e-04 1.10894e-04 9.62914e-05 8.24100e-05 6.94887e-05 5.77143e-05 4.71781e-05 3.78734e-05 2.97348e-05 2.26937e-05 1.67102e-05 1.17636e-05 7.81793e-06 4.80176e-06 2.62577e-06 1.20433e-06 4.25702e-07 1.04014e-07 1.56081e-08 1.28644e-09 2.65548e-11
4.702706 1.50252e-02 2.42053e-02 2.12156e-02 1.94844e-02 1.78703e-02 1.59599e-02 1.42036e-02 1.29496e-02 1.21568e-02 1.16467e-02 1.12997e-02 1.10637e-02 1.09049e-02 1.07837e-02 1.06576e-02 1.04922e-02 1.02696e-02 9.99031e-03 9.67029e-03 9.33435e-03 9.00891e-03 8.71534e-03 8.46524e-03 8.25932e-03 8.09125e-03 7.95457e-03 7.84824e-03 7.77669e-03 7.74430e-03 7.74857e-03 7.77695e-03 7.80925e-03 7.82418e-03 7.80617e-03 7.74921e-03 7.65583e-03 7.53318e-03 7.38977e-03 7.23436e-03 7.07553e-03 6.92087e-03 6.77620e-03 6.64529e-03 6.52970e-03 6.42888e-03 6.34098e-03 6.26394e-03 6.19601e-03 6.13578e-03 6.08193e-03 6.03318e-03 5.98824e-03 5.94532e-03 5.90154e-03 5.85346e-03 5.79818e-03 5.73433e-03 5.66306e-03 5.58878e-03 5.51851e-03 5.46030e-03 5.42129e-03 5.40454e-03 5.40608e-03 5.41649e-03 5.42657e-03 5.42998e-03 5.42412e-03 5.41209e-03 5.39981e-03 5.39112e-03 5.38620e-03 5.38341e-03 5.38115e-03 5.37827e-03 5.37394e-03 5.36760e-03 5.35888e-03 5.34753e-03 5.33325e-03 5.31555e-03 5.29367e-03 5.26672e-03 5.23393e-03 5.19501e-03 5.15028e-03 5.10056e-03 5.04681e-03 4.98989e-03 4.93041e-03 4.86891e-03 4.80605e-03 4.74274e-03 4.68005e-03 4.61900e-03 4.56059e-03 4.50610e-03 4.45749e-03 4.41714e-03 4.38666e-03 4.36549e-03 4.35061e-03 4.33765e-03 4.32266e-03 4.30320e-03 4.27853e-03 4.24934e-03 4.21725e-03 4.18434e-03 4.15306e-03 4.12338e-03 4.08812e-03 4.03871e-03 3.97501e-03 3.90321e-03 3.82969e-03 3.75686e-03 3.68150e-03 3.59758e-03 3.50199e-03 3.39852e-03 3.29723e-03 3.20826e-03 3.13531e-03 3.07528e-03 3.02420e-03 2.98111e-03 2.94558e-03 2.91381e-03 2.87922e-03 2.83735e-03 2.78913e-03 2.73887e-03 2.69011e-03 2.64414e-03 2.60114e-03 2.56129e-03 2.52492e-03 2.49214e-03 2.46249e-03 2.43509e-03 2.40889e-03 2.38312e-03 2.35734e-03 2.33144e-03 2.30541e-03 2.27914e-03 2.25240e-03 2.22485e-03 2.19604e-03 2.16534e-03 2.13195e-03 2.09508e-03 2.05423e-03 2.00952e-03 1.96187e-03 1.91294e-03 1.86490e-03 1.82005e-03 1.78033e-03 1.74684e-03 1.71962e-03 1.69778e-03 1.67999e-03 1.66498e-03 1.65176e-03 1.63954e-03 1.62749e-03 1.61453e-03 1.59928e-03 1.58020e-03 1.55589e-03 1.52554e-03 1.48948e-03 1.44943e-03 1.40798e-03 1.36762e-03 1.32974e-03 1.29465e-03 1.26225e-03 1.23257e-03 1.20544e-03 1.18022e-03 1.15589e-03 1.13151e-03 1.10628e-03 1.07937e-03 1.04993e-03 1.01729e-03 9.81187e-04 9.42235e-04 9.02607e-04 8.65935e-04 8.35291e-04 8.10759e-04 7.89418e-04 7.67729e-04 7.43712e-04 7.17413e-04 6.90120e-04 6.63267e-04 6.37735e-04 6.13766e-04 5.91274e-04 5.70187e-04 5.50560e-04 5.32493e-04 5.16002e-04 5.00940e-04 4.87016e-04 4.73857e-04 4.61086e-04 4.48376e-04 4.35472e-04 4.22205e-04 4.08495e-04 3.94350e-04 3.79862e-04 3.65184e-04 3.50496e-04 3.35963e-04 3.21693e-04 3.07717e-04 2.93984e-04 2.80377e-04 2.66748e-04 2.52956e-04 2.38901e-04 2.24545e-04 2.09899e-04 1.95011e-04 1.79932e-04 1.64710e-04 1.49381e-04 1.33990e-04 1.18622e-04 1.03426e-04 8.86362e-05 7.45573e-05 6.15130e-05 4.97758e-05 3.95036e-05 3.07165e-05 2.33288e-05 1.72099e-05 1.22363e-05 8.30476e-06 5.31600e-06 3.15413e-06 1.68518e-06 7.72314e-07 2.82395e-07 7.52793e-08 1.33890e-08 1.37710e-09 3.16415e-11
4.802764 1.53975e-02 2.55549e-02 2.28491e-02 2.06750e-02 1.83823e-02 1.60707e-02 1.42355e-02 1.30168e-02 1.22406e-02 1.17215e-02 1.13677e-02 1.11356e-02 1.09831e-02 1.08596e-02 1.07156e-02 1.05156e-02 1.02467e-02 9.91884e-03 9.55809e-03 9.19558e-03 8.85866e-03 8.56531e-03 8.32220e-03 8.12619e-03 7.96940e-03 7.84596e-03 7.75605e-03 7.70423e-03 7.69303e-03 7.71680e-03 7.76015e-03 7.80161e-03 7.82001e-03 7.80027e-03 7.73623e-03 7.63037e-03 7.49151e-03 7.33175e-03 7.16341e-03 6.99672e-03 6.83897e-03 6.69458e-03 6.56529e-03 6.45068e-03 6.34924e-03 6.25937e-03 6.18000e-03 6.11036e-03 6.04967e-03 5.99686e-03 5.95060e-03 5.90931e-03 5.87098e-03 5.83303e-03 5.79255e-03 5.74698e-03 5.69552e-03 5.64037e-03 5.58663e-03 5.54041e-03 5.50486e-03 5.47596e-03 5.44450e-03 5.40537e-03 5.36288e-03 5.32661e-03 5.30546e-03 5.30335e-03 5.31754e-03 5.34128e-03 5.36812e-03 5.39414e-03 5.41741e-03 5.43681e-03 5.45146e-03 5.46052e-03 5.46324e-03 5.45898e-03 5.44735e-03 5.42829e-03 5.40199e-03 5.36879e-03 5.32888e-03 5.28233e-03 5.22913e-03 5.16938e-03 5.10334e-03 5.03160e-03 4.95539e-03 4.87698e-03 4.79977e-03 4.72755e-03 4.66313e-03 4.60717e-03 4.55826e-03 4.51392e-03 4.47202e-03 4.43143e-03 4.39186e-03 4.35339e-03 4.31604e-03 4.27997e-03 4.24584e-03 4.21489e-03 4.18815e-03 4.16583e-03 4.14751e-03 4.13117e-03 4.11037e-03 4.07744e-03 4.03029e-03 3.97326e-03 3.91367e-03 3.85613e-03 3.79836e-03 3.73311e-03 3.65388e-03 3.55950e-03 3.45537e-03 3.35103e-03 3.25525e-03 3.17173e-03 3.09849e-03 3.03124e-03 2.96753e-03 2.90891e-03 2.86000e-03 2.82458e-03 2.80064e-03 2.77956e-03 2.75197e-03 2.71471e-03 2.67126e-03 2.62666e-03 2.58355e-03 2.54230e-03 2.50260e-03 2.46436e-03 2.42776e-03 2.39301e-03 2.36014e-03 2.32902e-03 2.29933e-03 2.27072e-03 2.24314e-03 2.21685e-03 2.19238e-03 2.17021e-03 2.15051e-03 2.13309e-03 2.11736e-03 2.10239e-03 2.08684e-03 2.06903e-03 2.04720e-03 2.02001e-03 1.98724e-03 1.95004e-03 1.91056e-03 1.87119e-03 1.83383e-03 1.79969e-03 1.76939e-03 1.74316e-03 1.72100e-03 1.70259e-03 1.68722e-03 1.67376e-03 1.66089e-03 1.64748e-03 1.63291e-03 1.61703e-03 1.59987e-03 1.58118e-03 1.56020e-03 1.53557e-03 1.50541e-03 1.46776e-03 1.42168e-03 1.36853e-03 1.31243e-03 1.25867e-03 1.21111e-03 1.17062e-03 1.13577e-03 1.10443e-03 1.07468e-03 1.04488e-03 1.01338e-03 9.78905e-04 9.41841e-04 9.04958e-04 8.71922e-04 8.44348e-04 8.20486e-04 7.96964e-04 7.71455e-04 7.43781e-04 7.15290e-04 6.87579e-04 6.61567e-04 6.37303e-04 6.14345e-04 5.92250e-04 5.70854e-04 5.50282e-04 5.30803e-04 5.12660e-04 4.95951e-04 4.80586e-04 4.66324e-04 4.52836e-04 4.39775e-04 4.26821e-04 4.13720e-04 4.00299e-04 3.86488e-04 3.72317e-04 3.57906e-04 3.43425e-04 3.29045e-04 3.14894e-04 3.01030e-04 2.87433e-04 2.74018e-04 2.60664e-04 2.47248e-04 2.33668e-04 2.19862e-04 2.05805e-04 1.91493e-04 1.76932e-04 1.62123e-04 1.47070e-04 1.31800e-04 1.16398e-04 1.01034e-04 8.59786e-05 7.15804e-05 5.82212e-05 4.62393e-05 3.58557e-05 2.71327e-05 1.99899e-05 1.42639e-05 9.77344e-06 6.35570e-06 3.86735e-06 2.16655e-06 1.09690e-06 4.89378e-07 1.84709e-07 5.54321e-08 1.20587e-08 1.49553e-09 3.67190e-11
4.902821 1.67361e-02 2.78066e-02 2.45481e-02 2.15665e-02 1.86760e-02 1.61224e-02 1.42344e-02 1.29939e-02 1.21975e-02 1.16788e-02 1.13458e-02 1.11378e-02 1.09976e-02 1.08672e-02 1.06969e-02 1.04576e-02 1.01472e-02 9.78687e-03 9.40856e-03 9.04316e-03 8.71332e-03 8.43176e-03 8.20178e-03 8.01933e-03 7.87725e-03 7.77069e-03 7.70028e-03 7.66974e-03 7.67947e-03 7.72110e-03 7.77730e-03 7.82621e-03 7.84745e-03 7.82667e-03 7.75807e-03 7.64464e-03 7.49611e-03 7.32530e-03 7.14473e-03 6.96476e-03 6.79305e-03 6.63459e-03 6.49200e-03 6.36612e-03 6.25656e-03 6.16215e-03 6.08134e-03 6.01239e-03 5.95368e-03 5.90407e-03 5.86315e-03 5.83104e-03 5.80760e-03 5.79149e-03 5.77910e-03 5.76384e-03 5.73691e-03 5.69064e-03 5.62322e-03 5.54080e-03 5.45416e-03 5.37391e-03 5.30788e-03 5.26045e-03 5.23390e-03 5.22908e-03 5.24354e-03 5.27123e-03 5.30539e-03 5.34119e-03 5.37599e-03 5.40828e-03 5.43693e-03 5.46084e-03 5.47889e-03 5.49008e-03 5.49356e-03 5.48850e-03 5.47417e-03 5.45004e-03 5.41581e-03 5.37146e-03 5.31731e-03 5.25429e-03 5.18409e-03 5.10891e-03 5.03093e-03 4.95200e-03 4.87357e-03 4.79692e-03 4.72321e-03 4.65347e-03 4.58857e-03 4.52910e-03 4.47509e-03 4.42583e-03 4.37998e-03 4.33643e-03 4.29528e-03 4.25806e-03 4.22658e-03 4.20147e-03 4.18161e-03 4.16531e-03 4.15073e-03 4.13401e-03 4.10965e-03 4.07396e-03 4.02730e-03 3.97431e-03 3.92131e-03 3.87214e-03 3.82561e-03 3.77573e-03 3.71473e-03 3.63748e-03 3.54479e-03 3.44343e-03 3.34282e-03 3.25035e-03 3.16854e-03 3.09552e-03 3.02771e-03 2.96215e-03 2.89761e-03 2.83513e-03 2.77845e-03 2.73311e-03 2.70268e-03 2.68400e-03 2.66740e-03 2.64369e-03 2.61062e-03 2.57192e-03 2.53210e-03 2.49325e-03 2.45538e-03 2.41773e-03 2.37962e-03 2.34093e-03 2.30237e-03 2.26504e-03 2.22978e-03 2.19681e-03 2.16612e-03 2.13795e-03 2.11284e-03 2.09150e-03 2.07428e-03 2.06092e-03 2.05034e-03 2.04083e-03 2.03047e-03 2.01775e-03 2.00202e-03 1.98361e-03 1.96332e-03 1.94176e-03 1.91903e-03 1.89500e-03 1.86979e-03 1.84412e-03 1.81906e-03 1.79558e-03 1.77414e-03 1.75457e-03 1.73625e-03 1.71848e-03 1.70071e-03 1.68271e-03 1.66472e-03 1.64729e-03 1.63091e-03 1.61553e-03 1.60029e-03 1.58362e-03 1.56360e-03 1.53866e-03 1.50824e-03 1.47293e-03 1.43375e-03 1.39134e-03 1.34524e-03 1.29391e-03 1.23607e-03 1.17358e-03 1.11231e-03 1.05806e-03 1.01231e-03 9.72983e-04 9.37949e-04 9.06555e-04 8.78542e-04 8.52662e-04 8.26946e-04 8.00105e-04 7.72234e-04 7.44288e-04 7.17188e-04 6.91316e-04 6.66561e-04 6.42634e-04 6.19319e-04 5.96547e-04 5.74380e-04 5.52973e-04 5.32540e-04 5.13297e-04 4.95392e-04 4.78854e-04 4.63572e-04 4.49317e-04 4.35794e-04 4.22685e-04 4.09696e-04 3.96593e-04 3.83227e-04 3.69549e-04 3.55607e-04 3.41522e-04 3.27442e-04 3.13498e-04 2.99772e-04 2.86278e-04 2.72971e-04 2.59766e-04 2.46566e-04 2.33281e-04 2.19846e-04 2.06212e-04 1.92342e-04 1.78202e-04 1.63753e-04 1.48964e-04 1.33846e-04 1.18478e-04 1.03037e-04 8.78035e-05 7.31374e-05 5.94374e-05 4.70736e-05 3.63138e-05 2.72711e-05 1.98997e-05 1.40412e-05 9.49358e-06 6.06548e-06 3.59448e-06 1.93443e-06 9.28520e-07 3.94885e-07 1.49105e-07 4.86550e-08 1.21135e-08 1.65624e-09 4.17306e-11
5.002879 1.82060e-02 2.96834e-02 2.56578e-02 2.21413e-02 1.89184e-02 1.62086e-02 1.42363e-02 1.29362e-02 1.21210e-02 1.16249e-02 1.13305e-02 1.11528e-02 1.10222e-02 1.08780e-02 1.06760e-02 1.03990e-02 1.00590e-02 9.68703e-03 9.31662e-03 8.97279e-03 8.66966e-03 8.41309e-03 8.20310e-03 8.03544e-03 7.90420e-03 7.80575e-03 7.74132e-03 7.71479e-03 7.72650e-03 7.76785e-03 7.82129e-03 7.86515e-03 7.87971e-03 7.85146e-03 7.77518e-03 7.65394e-03 7.49707e-03 7.31683e-03 7.12558e-03 6.93403e-03 6.75056e-03 6.58100e-03 6.42865e-03 6.29463e-03 6.17854e-03 6.07938e-03 5.99648e-03 5.93006e-03 5.88137e-03 5.85199e-03 5.84189e-03 5.84637e-03 5.85390e-03 5.84830e-03 5.81584e-03 5.75314e-03 5.66887e-03 5.57763e-03 5.49160e-03 5.41641e-03 5.35235e-03 5.29820e-03 5.25532e-03 5.22842e-03 5.22090e-03 5.23103e-03 5.25380e-03 5.28422e-03 5.31826e-03 5.35241e-03 5.38342e-03 5.40837e-03 5.42514e-03 5.43307e-03 5.43355e-03 5.42942e-03 5.42322e-03 5.41532e-03 5.40310e-03 5.38161e-03 5.34557e-03 5.29178e-03 5.22095e-03 5.13772e-03 5.04888e-03 4.96073e-03 4.87727e-03 4.80027e-03 4.73037e-03 4.66791e-03 4.61263e-03 4.56297e-03 4.51632e-03 4.47034e-03 4.42438e-03 4.37978e-03 4.33906e-03 4.30452e-03 4.27696e-03 4.25500e-03 4.23588e-03 4.21724e-03 4.19744e-03 4.17425e-03 4.14471e-03 4.10663e-03 4.06000e-03 4.00723e-03 3.95233e-03 3.89940e-03 3.85082e-03 3.80540e-03 3.75828e-03 3.70295e-03 3.63450e-03 3.55238e-03 3.46091e-03 3.36727e-03 3.27810e-03 3.19693e-03 3.12382e-03 3.05684e-03 2.99377e-03 2.93304e-03 2.87376e-03 2.81564e-03 2.75914e-03 2.70626e-03 2.66066e-03 2.62561e-03 2.60015e-03 2.57811e-03 2.55249e-03 2.52066e-03 2.48462e-03 2.44775e-03 2.41204e-03 2.37724e-03 2.34147e-03 2.30304e-03 2.26249e-03 2.22237e-03 2.18520e-03 2.15199e-03 2.12265e-03 2.09674e-03 2.07389e-03 2.05374e-03 2.03581e-03 2.01932e-03 2.00324e-03 1.98655e-03 1.96867e-03 1.94979e-03 1.93085e-03 1.91302e-03 1.89715e-03 1.88336e-03 1.87106e-03 1.85925e-03 1.84677e-03 1.83273e-03 1.81673e-03 1.79902e-03 1.78028e-03 1.76121e-03 1.74218e-03 1.72294e-03 1.70291e-03 1.68168e-03 1.65974e-03 1.63856e-03 1.61986e-03 1.60459e-03 1.59230e-03 1.58135e-03 1.56960e-03 1.55518e-03 1.53675e-03 1.51333e-03 1.48428e-03 1.44939e-03 1.40922e-03 1.36513e-03 1.31878e-03 1.27120e-03 1.22187e-03 1.16863e-03 1.10886e-03 1.04294e-03 9.78262e-04 9.25439e-04 8.87883e-04 8.59878e-04 8.34138e-04 8.07181e-04 7.79088e-04 7.51172e-04 7.24293e-04 6.98493e-04 6.73442e-04 6.48885e-04 6.24785e-04 6.01245e-04 5.78410e-04 5.56426e-04 5.35431e-04 5.15560e-04 4.96931e-04 4.79605e-04 4.63555e-04 4.48654e-04 4.34686e-04 4.21379e-04 4.08447e-04 3.95631e-04 3.82729e-04 3.69623e-04 3.56284e-04 3.42761e-04 3.29156e-04 3.15579e-04 3.02119e-04 2.88817e-04 2.75666e-04 2.62615e-04 2.49596e-04 2.36538e-04 2.23378e-04 2.10058e-04 1.96524e-04 1.82716e-04 1.68572e-04 1.54048e-04 1.39144e-04 1.23937e-04 1.08593e-04 9.33737e-05 7.86101e-05 6.46737e-05 5.19245e-05 4.06495e-05 3.10074e-05 2.30080e-05 1.65372e-05 1.14167e-05 7.46436e-06 4.52852e-06 2.48434e-06 1.19984e-06 5.01265e-07 1.81359e-07 5.66123e-08 1.37903e-08 1.87175e-09 4.68380e-11
5.102936 1.83019e-02 3.02375e-02 2.63673e-02 2.27358e-02 1.92868e-02 1.63908e-02 1.42857e-02 1.29174e-02 1.21026e-02 1.16501e-02 1.14096e-02 1.12736e-02 1.11615e-02 1.10111e-02 1.07859e-02 1.04830e-02 1.01280e-02 9.75792e-03 9.40291e-03 9.07947e-03 8.79349e-03 8.54613e-03 8.33673e-03 8.16301e-03 8.02176e-03 7.91125e-03 7.83353e-03 7.79313e-03 7.79124e-03 7.81981e-03 7.86057e-03 7.89055e-03 7.88995e-03 7.84759e-03 7.76201e-03 7.63877e-03 7.48649e-03 7.31390e-03 7.12883e-03 6.93851e-03 6.75023e-03 6.57128e-03 6.40844e-03 6.26728e-03 6.15183e-03 6.06458e-03 6.00568e-03 5.97110e-03 5.95114e-03 5.93209e-03 5.90211e-03 5.85717e-03 5.80126e-03 5.74102e-03 5.68077e-03 5.62168e-03 5.56390e-03 5.50817e-03 5.45571e-03 5.40697e-03 5.36290e-03 5.32732e-03 5.30465e-03 5.29553e-03 5.29667e-03 5.30346e-03 5.31128e-03 5.31581e-03 5.31450e-03 5.30806e-03 5.30039e-03 5.29626e-03 5.29855e-03 5.30663e-03 5.31632e-03 5.32105e-03 5.31383e-03 5.28946e-03 5.24630e-03 5.18689e-03 5.11690e-03 5.04258e-03 4.96869e-03 4.89818e-03 4.83336e-03 4.77621e-03 4.72723e-03 4.68471e-03 4.64541e-03 4.60637e-03 4.56613e-03 4.52502e-03 4.48459e-03 4.44689e-03 4.41384e-03 4.38663e-03 4.36512e-03 4.34735e-03 4.33017e-03 4.31086e-03 4.28796e-03 4.26049e-03 4.22733e-03 4.18757e-03 4.14119e-03 4.08913e-03 4.03311e-03 3.97531e-03 3.91779e-03 3.86187e-03 3.80761e-03 3.75368e-03 3.69743e-03 3.63576e-03 3.56659e-03 3.49027e-03 3.40978e-03 3.32950e-03 3.25327e-03 3.18312e-03 3.11916e-03 3.06040e-03 3.00536e-03 2.95247e-03 2.90017e-03 2.84709e-03 2.79225e-03 2.73531e-03 2.67725e-03 2.62092e-03 2.57029e-03 2.52776e-03 2.49198e-03 2.45893e-03 2.42539e-03 2.39092e-03 2.35701e-03 2.32468e-03 2.29232e-03 2.25667e-03 2.21685e-03 2.17643e-03 2.14032e-03 2.11089e-03 2.08759e-03 2.06854e-03 2.05174e-03 2.03530e-03 2.01754e-03 1.99713e-03 1.97354e-03 1.94740e-03 1.92039e-03 1.89474e-03 1.87235e-03 1.85409e-03 1.83981e-03 1.82867e-03 1.81961e-03 1.81163e-03 1.80377e-03 1.79502e-03 1.78436e-03 1.77098e-03 1.75455e-03 1.73528e-03 1.71375e-03 1.69046e-03 1.66559e-03 1.63929e-03 1.61236e-03 1.58669e-03 1.56446e-03 1.54681e-03 1.53316e-03 1.52196e-03 1.51188e-03 1.50224e-03 1.49254e-03 1.48176e-03 1.46806e-03 1.44945e-03 1.42456e-03 1.39305e-03 1.35537e-03 1.31252e-03 1.26579e-03 1.21676e-03 1.16710e-03 1.11832e-03 1.07108e-03 1.02444e-03 9.75862e-04 9.23871e-04 8.72701e-04 8.29629e-04 7.96039e-04 7.67274e-04 7.39282e-04 7.11132e-04 6.83456e-04 6.56850e-04 6.31484e-04 6.07301e-04 5.84200e-04 5.62093e-04 5.40924e-04 5.20695e-04 5.01472e-04 4.83356e-04 4.66427e-04 4.50690e-04 4.36046e-04 4.22305e-04 4.09218e-04 3.96518e-04 3.83970e-04 3.71396e-04 3.58694e-04 3.45842e-04 3.32877e-04 3.19869e-04 3.06888e-04 2.93976e-04 2.81144e-04 2.68366e-04 2.55597e-04 2.42781e-04 2.29864e-04 2.16791e-04 2.03504e-04 1.89943e-04 1.76049e-04 1.61786e-04 1.47163e-04 1.32249e-04 1.17188e-04 1.02192e-04 8.75307e-05 7.35102e-05 6.04441e-05 4.86066e-05 3.81849e-05 2.92488e-05 2.17558e-05 1.55909e-05 1.06220e-05 6.74197e-06 3.87718e-06 1.95224e-06 8.30499e-07 2.90073e-07 8.15674e-08 1.74456e-08 2.17196e-09 5.26614e-11
5.202994 1.80785e-02 3.06389e-02 2.71606e-02 2.34237e-02 1.96868e-02 1.65607e-02 1.43318e-02 1.29460e-02 1.21909e-02 1.18330e-02 1.16859e-02 1.16184e-02 1.15358e-02 1.13746e-02 1.11096e-02 1.07566e-02 1.03583e-02 9.95961e-03 9.58951e-03 9.25890e-03 8.96807e-03 8.71467e-03 8.49656e-03 8.31111e-03 8.15484e-03 8.02579e-03 7.92620e-03 7.86153e-03 7.83431e-03 7.83758e-03 7.85415e-03 7.86319e-03 7.84864e-03 7.80325e-03 7.72674e-03 7.62154e-03 7.49001e-03 7.33452e-03 7.15927e-03 6.97213e-03 6.78495e-03 6.61170e-03 6.46439e-03 6.34816e-03 6.25830e-03 6.18224e-03 6.10691e-03 6.02632e-03 5.94314e-03 5.86390e-03 5.79362e-03 5.73406e-03 5.68469e-03 5.64390e-03 5.60945e-03 5.57918e-03 5.55195e-03 5.52724e-03 5.50425e-03 5.48231e-03 5.46067e-03 5.43690e-03 5.40700e-03 5.36836e-03 5.32263e-03 5.27571e-03 5.23494e-03 5.20573e-03 5.18972e-03 5.18478e-03 5.18610e-03 5.18743e-03 5.18246e-03 5.16603e-03 5.13520e-03 5.08993e-03 5.03321e-03 4.97033e-03 4.90713e-03 4.84798e-03 4.79522e-03 4.74989e-03 4.71258e-03 4.68314e-03 4.65983e-03 4.63940e-03 4.61834e-03 4.59442e-03 4.56724e-03 4.53791e-03 4.50837e-03 4.48081e-03 4.45722e-03 4.43883e-03 4.42552e-03 4.41533e-03 4.40499e-03 4.39133e-03 4.37237e-03 4.34723e-03 4.31561e-03 4.27766e-03 4.23393e-03 4.18516e-03 4.13217e-03 4.07573e-03 4.01636e-03 3.95442e-03 3.89052e-03 3.82572e-03 3.76126e-03 3.69790e-03 3.63553e-03 3.57337e-03 3.51051e-03 3.44658e-03 3.38210e-03 3.31829e-03 3.25659e-03 3.19806e-03 3.14306e-03 3.09101e-03 3.04053e-03 2.98985e-03 2.93724e-03 2.88147e-03 2.82193e-03 2.75863e-03 2.69228e-03 2.62432e-03 2.55707e-03 2.49357e-03 2.43663e-03 2.38715e-03 2.34374e-03 2.30463e-03 2.26958e-03 2.23912e-03 2.21177e-03 2.18309e-03 2.14928e-03 2.11204e-03 2.07770e-03 2.05106e-03 2.03215e-03 2.01783e-03 2.00445e-03 1.98905e-03 1.96975e-03 1.94605e-03 1.91893e-03 1.89059e-03 1.86367e-03 1.84021e-03 1.82111e-03 1.80604e-03 1.79399e-03 1.78374e-03 1.77421e-03 1.76462e-03 1.75452e-03 1.74369e-03 1.73193e-03 1.71888e-03 1.70404e-03 1.68691e-03 1.66715e-03 1.64462e-03 1.61921e-03 1.59089e-03 1.56029e-03 1.52935e-03 1.50088e-03 1.47687e-03 1.45727e-03 1.44074e-03 1.42608e-03 1.41298e-03 1.40166e-03 1.39221e-03 1.38385e-03 1.37484e-03 1.36287e-03 1.34604e-03 1.32357e-03 1.29563e-03 1.26270e-03 1.22545e-03 1.18528e-03 1.14442e-03 1.10505e-03 1.06801e-03 1.03225e-03 9.95536e-04 9.55618e-04 9.11106e-04 8.61979e-04 8.11068e-04 7.64487e-04 7.26419e-04 6.95124e-04 6.66894e-04 6.40164e-04 6.14985e-04 5.91439e-04 5.69265e-04 5.48127e-04 5.27792e-04 5.08178e-04 4.89331e-04 4.71378e-04 4.54461e-04 4.38658e-04 4.23942e-04 4.10177e-04 3.97147e-04 3.84612e-04 3.72349e-04 3.60188e-04 3.48028e-04 3.35829e-04 3.23590e-04 3.11331e-04 2.99065e-04 2.86790e-04 2.74485e-04 2.62114e-04 2.49639e-04 2.37018e-04 2.24212e-04 2.11183e-04 1.97894e-04 1.84317e-04 1.70440e-04 1.56283e-04 1.41903e-04 1.27401e-04 1.12923e-04 9.86514e-05 8.48067e-05 7.16279e-05 5.93471e-05 4.81537e-05 3.81638e-05 2.94120e-05 2.18720e-05 1.54959e-05 1.02559e-05 6.16255e-06 3.23461e-06 1.41420e-06 4.88739e-07 1.26998e-07 2.35366e-08 2.58135e-09 5.95447e-11
5.303051 1.89656e-02 3.19405e-02 2.79712e-02 2.38695e-02 1.98963e-02 1.66478e-02 1.44361e-02 1.31787e-02 1.25869e-02 1.23637e-02 1.22921e-02 1.22328e-02 1.20996e-02 1.18511e-02 1.14920e-02 1.10640e-02 1.06207e-02 1.02024e-02 9.82522e-03 9.48733e-03 9.18239e-03 8.90811e-03 8.66594e-03 8.45616e-03 8.27560e-03 8.12069e-03 7.99194e-03 7.89452e-03 7.83338e-03 7.80632e-03 7.80153e-03 7.80178e-03 7.79136e-03 7.75996e-03 7.70247e-03 7.61719e-03 7.50497e-03 7.36958e-03 7.21790e-03 7.05855e-03 6.89898e-03 6.74307e-03 6.59142e-03 6.44414e-03 6.30280e-03 6.17005e-03 6.04853e-03 5.94050e-03 5.84783e-03 5.77186e-03 5.71346e-03 5.67267e-03 5.64781e-03 5.63490e-03 5.62859e-03 5.62359e-03 5.61492e-03 5.59773e-03 5.56797e-03 5.52378e-03 5.46702e-03 5.40307e-03 5.33837e-03 5.27795e-03 5.22469e-03 5.17975e-03 5.14278e-03 5.11188e-03 5.08376e-03 5.05443e-03 5.02017e-03 4.97830e-03 4.92766e-03 4.86880e-03 4.80398e-03 4.73714e-03 4.67316e-03 4.61674e-03 4.57122e-03 4.53798e-03 4.51641e-03 4.50424e-03 4.49810e-03 4.49441e-03 4.49017e-03 4.48341e-03 4.47344e-03 4.46080e-03 4.44696e-03 4.43385e-03 4.42340e-03 4.41699e-03 4.41483e-03 4.41543e-03 4.41586e-03 4.41301e-03 4.40460e-03 4.38924e-03 4.36616e-03 4.33528e-03 4.29726e-03 4.25312e-03 4.20393e-03 4.15045e-03 4.09292e-03 4.03129e-03 3.96588e-03 3.89792e-03 3.82943e-03 3.76247e-03 3.69853e-03 3.63812e-03 3.58087e-03 3.52576e-03 3.47161e-03 3.41743e-03 3.36266e-03 3.30729e-03 3.25174e-03 3.19662e-03 3.14225e-03 3.08837e-03 3.03428e-03 2.97911e-03 2.92205e-03 2.86239e-03 2.79957e-03 2.73339e-03 2.66433e-03 2.59355e-03 2.52264e-03 2.45317e-03 2.38647e-03 2.32363e-03 2.26567e-03 2.21370e-03 2.16896e-03 2.13238e-03 2.10362e-03 2.08001e-03 2.05666e-03 2.02993e-03 2.00155e-03 1.97659e-03 1.95742e-03 1.94203e-03 1.92677e-03 1.90899e-03 1.88797e-03 1.86468e-03 1.84103e-03 1.81900e-03 1.79977e-03 1.78349e-03 1.76954e-03 1.75702e-03 1.74515e-03 1.73339e-03 1.72141e-03 1.70908e-03 1.69631e-03 1.68303e-03 1.66913e-03 1.65448e-03 1.63890e-03 1.62211e-03 1.60372e-03 1.58332e-03 1.56046e-03 1.53475e-03 1.50611e-03 1.47538e-03 1.44467e-03 1.41647e-03 1.39203e-03 1.37094e-03 1.35215e-03 1.33489e-03 1.31888e-03 1.30410e-03 1.29062e-03 1.27839e-03 1.26699e-03 1.25535e-03 1.24183e-03 1.22487e-03 1.20387e-03 1.17947e-03 1.15324e-03 1.12686e-03 1.10105e-03 1.07510e-03 1.04747e-03 1.01690e-03 9.83052e-04 9.46285e-04 9.06962e-04 8.65099e-04 8.20668e-04 7.74292e-04 7.28150e-04 6.86262e-04 6.51889e-04 6.24321e-04 6.00378e-04 5.77924e-04 5.56424e-04 5.35804e-04 5.15930e-04 4.96684e-04 4.78049e-04 4.60111e-04 4.43010e-04 4.26885e-04 4.11805e-04 3.97733e-04 3.84539e-04 3.72030e-04 3.60002e-04 3.48276e-04 3.36712e-04 3.25214e-04 3.13715e-04 3.02166e-04 2.90525e-04 2.78756e-04 2.66828e-04 2.54718e-04 2.42414e-04 2.29912e-04 2.17214e-04 2.04326e-04 1.91255e-04 1.78013e-04 1.64616e-04 1.51096e-04 1.37497e-04 1.23885e-04 1.10353e-04 9.70217e-05 8.40411e-05 7.15791e-05 5.98006e-05 4.88445e-05 3.88108e-05 2.97665e-05 2.17681e-05 1.48935e-05 9.26544e-06 5.03179e-06 2.25942e-06 7.84553e-07 1.95423e-07 3.24341e-08 3.11828e-09 6.77093e-11
5.403109 1.94504e-02 3.23795e-02 2.81121e-02 2.40038e-02 2.00424e-02 1.68920e-02 1.48989e-02 1.38616e-02 1.33833e-02 1.31580e-02 1.30174e-02 1.28689e-02 1.26504e-02 1.23303e-02 1.19187e-02 1.14588e-02 1.09990e-02 1.05683e-02 1.01711e-02 9.80013e-03 9.45314e-03 9.13703e-03 8.85942e-03 8.61979e-03 8.41031e-03 8.22350e-03 8.05915e-03 7.92552e-03 7.83323e-03 7.78550e-03 7.77266e-03 7.77571e-03 7.77532e-03 7.75887e-03 7.72157e-03 7.66290e-03 7.58183e-03 7.47467e-03 7.33741e-03 7.17084e-03 6.98321e-03 6.78763e-03 6.59660e-03 6.41830e-03 6.25678e-03 6.11427e-03 5.99305e-03 5.89540e-03 5.82257e-03 5.77372e-03 5.74517e-03 5.73006e-03 5.71974e-03 5.70626e-03 5.68392e-03 5.64981e-03 5.60429e-03 5.55043e-03 5.49217e-03 5.43265e-03 5.37347e-03 5.31495e-03 5.25671e-03 5.19830e-03 5.13927e-03 5.07922e-03 5.01793e-03 4.95541e-03 4.89188e-03 4.82752e-03 4.76231e-03 4.69609e-03 4.62911e-03 4.56275e-03 4.49989e-03 4.44431e-03 4.39935e-03 4.36661e-03 4.34550e-03 4.33369e-03 4.32796e-03 4.32518e-03 4.32306e-03 4.32040e-03 4.31695e-03 4.31319e-03 4.31018e-03 4.30930e-03 4.31199e-03 4.31929e-03 4.33122e-03 4.34628e-03 4.36173e-03 4.37463e-03 4.38252e-03 4.38329e-03 4.37489e-03 4.35613e-03 4.32734e-03 4.29023e-03 4.24701e-03 4.19932e-03 4.14763e-03 4.09170e-03 4.03153e-03 3.96822e-03 3.90384e-03 3.84051e-03 3.77963e-03 3.72154e-03 3.66567e-03 3.61102e-03 3.55650e-03 3.50137e-03 3.44530e-03 3.38833e-03 3.33066e-03 3.27257e-03 3.21442e-03 3.15645e-03 3.09858e-03 3.04057e-03 2.98224e-03 2.92357e-03 2.86446e-03 2.80455e-03 2.74318e-03 2.67977e-03 2.61420e-03 2.54700e-03 2.47929e-03 2.41233e-03 2.34708e-03 2.28393e-03 2.22306e-03 2.16538e-03 2.11278e-03 2.06715e-03 2.02939e-03 1.99940e-03 1.97567e-03 1.95445e-03 1.93219e-03 1.90915e-03 1.88781e-03 1.86858e-03 1.84978e-03 1.83009e-03 1.80979e-03 1.79029e-03 1.77305e-03 1.75868e-03 1.74676e-03 1.73623e-03 1.72601e-03 1.71539e-03 1.70408e-03 1.69208e-03 1.67938e-03 1.66586e-03 1.65132e-03 1.63567e-03 1.61905e-03 1.60173e-03 1.58386e-03 1.56531e-03 1.54568e-03 1.52450e-03 1.50152e-03 1.47675e-03 1.45038e-03 1.42269e-03 1.39432e-03 1.36650e-03 1.34064e-03 1.31741e-03 1.29652e-03 1.27731e-03 1.25921e-03 1.24183e-03 1.22497e-03 1.20861e-03 1.19295e-03 1.17825e-03 1.16443e-03 1.15084e-03 1.13647e-03 1.12066e-03 1.10374e-03 1.08658e-03 1.06940e-03 1.05106e-03 1.02971e-03 1.00400e-03 9.73855e-04 9.40299e-04 9.04928e-04 8.69281e-04 8.34340e-04 8.00205e-04 7.66110e-04 7.30955e-04 6.94260e-04 6.57152e-04 6.22454e-04 5.92781e-04 5.68184e-04 5.46634e-04 5.26375e-04 5.06797e-04 4.87811e-04 4.69382e-04 4.51506e-04 4.34264e-04 4.17796e-04 4.02240e-04 3.87673e-04 3.74072e-04 3.61324e-04 3.49248e-04 3.37640e-04 3.26305e-04 3.15073e-04 3.03814e-04 2.92434e-04 2.80878e-04 2.69124e-04 2.57176e-04 2.45063e-04 2.32824e-04 2.20501e-04 2.08132e-04 1.95744e-04 1.83350e-04 1.70949e-04 1.58535e-04 1.46097e-04 1.33628e-04 1.21130e-04 1.08628e-04 9.61738e-05 8.38544e-05 7.17846e-05 6.00985e-05 4.89395e-05 3.84584e-05 2.88204e-05 2.02226e-05 1.29173e-05 7.20409e-06 3.31024e-06 1.16208e-06 2.84309e-07 4.39500e-08 3.78160e-09 7.72965e-11
5.503167 1.87697e-02 3.17736e-02 2.79544e-02 2.41237e-02 2.03882e-02 1.75235e-02 1.57550e-02 1.47594e-02 1.41841e-02 1.38423e-02 1.36286e-02 1.34441e-02 1.32012e-02 1.28561e-02 1.24211e-02 1.19436e-02 1.14684e-02 1.10137e-02 1.05751e-02 1.01493e-02 9.74831e-03 9.38914e-03 9.07778e-03 8.80673e-03 8.56381e-03 8.34162e-03 8.14298e-03 7.98020e-03 7.86707e-03 7.80779e-03 7.79188e-03 7.79893e-03 7.80801e-03 7.80357e-03 7.77583e-03 7.71891e-03 7.62954e-03 7.50664e-03 7.35151e-03 7.16897e-03 6.96817e-03 6.76165e-03 6.56253e-03 6.38183e-03 6.22715e-03 6.10251e-03 6.00828e-03 5.94120e-03 5.89467e-03 5.85896e-03 5.82308e-03 5.77935e-03 5.72714e-03 5.67130e-03 5.61719e-03 5.56677e-03 5.51779e-03 5.46624e-03 5.40935e-03 5.34654e-03 5.27847e-03 5.20601e-03 5.12990e-03 5.05103e-03 4.97069e-03 4.89047e-03 4.81193e-03 4.73611e-03 4.66344e-03 4.59379e-03 4.52701e-03 4.46345e-03 4.40445e-03 4.35211e-03 4.30848e-03 4.27454e-03 4.24969e-03 4.23201e-03 4.21891e-03 4.20788e-03 4.19717e-03 4.18607e-03 4.17484e-03 4.16442e-03 4.15622e-03 4.15209e-03 4.15408e-03 4.16394e-03 4.18208e-03 4.20678e-03 4.23453e-03 4.26144e-03 4.28437e-03 4.30076e-03 4.30830e-03 4.30547e-03 4.29242e-03 4.27090e-03 4.24321e-03 4.21098e-03 4.17448e-03 4.13309e-03 4.08658e-03 4.03592e-03 3.98290e-03 3.92917e-03 3.87558e-03 3.82205e-03 3.76793e-03 3.71245e-03 3.65508e-03 3.59565e-03 3.53443e-03 3.47197e-03 3.40900e-03 3.34613e-03 3.28370e-03 3.22178e-03 3.16036e-03 3.09924e-03 3.03819e-03 2.97718e-03 2.91653e-03 2.85671e-03 2.79789e-03 2.73979e-03 2.68175e-03 2.62309e-03 2.56348e-03 2.50311e-03 2.44253e-03 2.38234e-03 2.32296e-03 2.26467e-03 2.20791e-03 2.15377e-03 2.10351e-03 2.05770e-03 2.01638e-03 1.98002e-03 1.94915e-03 1.92251e-03 1.89652e-03 1.86870e-03 1.84062e-03 1.81505e-03 1.79253e-03 1.77225e-03 1.75407e-03 1.73878e-03 1.72697e-03 1.71830e-03 1.71159e-03 1.70547e-03 1.69884e-03 1.69102e-03 1.68161e-03 1.67035e-03 1.65699e-03 1.64144e-03 1.62388e-03 1.60477e-03 1.58465e-03 1.56397e-03 1.54294e-03 1.52151e-03 1.49944e-03 1.47638e-03 1.45207e-03 1.42652e-03 1.40013e-03 1.37348e-03 1.34712e-03 1.32141e-03 1.29668e-03 1.27332e-03 1.25153e-03 1.23116e-03 1.21186e-03 1.19336e-03 1.17562e-03 1.15868e-03 1.14262e-03 1.12738e-03 1.11276e-03 1.09850e-03 1.08446e-03 1.07082e-03 1.05798e-03 1.04595e-03 1.03370e-03 1.01923e-03 1.00054e-03 9.76702e-04 9.48205e-04 9.16580e-04 8.83748e-04 8.51454e-04 8.20913e-04 7.92670e-04 7.66623e-04 7.42105e-04 7.17977e-04 6.92808e-04 6.65297e-04 6.34975e-04 6.02954e-04 5.71890e-04 5.44406e-04 5.21164e-04 5.00908e-04 4.82117e-04 4.64018e-04 4.46405e-04 4.29275e-04 4.12694e-04 3.96776e-04 3.81630e-04 3.67305e-04 3.53765e-04 3.40886e-04 3.28488e-04 3.16383e-04 3.04404e-04 2.92438e-04 2.80423e-04 2.68350e-04 2.56245e-04 2.44154e-04 2.32129e-04 2.20217e-04 2.08453e-04 1.96852e-04 1.85411e-04 1.74109e-04 1.62907e-04 1.51750e-04 1.40575e-04 1.29310e-04 1.17893e-04 1.06278e-04 9.44587e-05 8.24758e-05 7.04283e-05 5.84739e-05 4.68268e-05 3.57526e-05 2.55679e-05 1.66582e-05 9.48022e-06 4.43773e-06 1.57654e-06 3.83762e-07 5.69640e-08 4.52707e-09 8.80001e-11
5.603224 1.84088e-02 3.16070e-02 2.80128e-02 2.43577e-02 2.09326e-02 1.83356e-02 1.65978e-02 1.54652e-02 1.47526e-02 1.43442e-02 1.41132e-02 1.39236e-02 1.36717e-02 1.33179e-02 1.28841e-02 1.24155e-02 1.19383e-02 1.14505e-02 1.09505e-02 1.04601e-02 1.00107e-02 9.61905e-03 9.28113e-03 8.98347e-03 8.71372e-03 8.46687e-03 8.24796e-03 8.06971e-03 7.94404e-03 7.87176e-03 7.83862e-03 7.82183e-03 7.80129e-03 7.76634e-03 7.71434e-03 7.64467e-03 7.55414e-03 7.43720e-03 7.28981e-03 7.11397e-03 6.91945e-03 6.72140e-03 6.53536e-03 6.37276e-03 6.23894e-03 6.13305e-03 6.04942e-03 5.97959e-03 5.91469e-03 5.84811e-03 5.77805e-03 5.70728e-03 5.63980e-03 5.57807e-03 5.52188e-03 5.46816e-03 5.41212e-03 5.34936e-03 5.27761e-03 5.19716e-03 5.11025e-03 5.01998e-03 4.92939e-03 4.84097e-03 4.75640e-03 4.67665e-03 4.60205e-03 4.53269e-03 4.46875e-03 4.41061e-03 4.35881e-03 4.31380e-03 4.27567e-03 4.24393e-03 4.21741e-03 4.19443e-03 4.17324e-03 4.15221e-03 4.13016e-03 4.10666e-03 4.08233e-03 4.05883e-03 4.03851e-03 4.02386e-03 4.01699e-03 4.01910e-03 4.03005e-03 4.04808e-03 4.07031e-03 4.09392e-03 4.11691e-03 4.13753e-03 4.15367e-03 4.16354e-03 4.16672e-03 4.16426e-03 4.15780e-03 4.14837e-03 4.13568e-03 4.11845e-03 4.09565e-03 4.06730e-03 4.03421e-03 3.99713e-03 3.95637e-03 3.91181e-03 3.86317e-03 3.81030e-03 3.75334e-03 3.69274e-03 3.62926e-03 3.56381e-03 3.49732e-03 3.43067e-03 3.36460e-03 3.29953e-03 3.23551e-03 3.17230e-03 3.10957e-03 3.04691e-03 2.98410e-03 2.92141e-03 2.85953e-03 2.79915e-03 2.74051e-03 2.68336e-03 2.62716e-03 2.57142e-03 2.51610e-03 2.46150e-03 2.40797e-03 2.35551e-03 2.30362e-03 2.25176e-03 2.20015e-03 2.15034e-03 2.10432e-03 2.06332e-03 2.02744e-03 1.99606e-03 1.96778e-03 1.94004e-03 1.90934e-03 1.87302e-03 1.83241e-03 1.79288e-03 1.75943e-03 1.73382e-03 1.71555e-03 1.70345e-03 1.69620e-03 1.69224e-03 1.68991e-03 1.68763e-03 1.68405e-03 1.67813e-03 1.66919e-03 1.65691e-03 1.64136e-03 1.62293e-03 1.60227e-03 1.58005e-03 1.55683e-03 1.53304e-03 1.50895e-03 1.48466e-03 1.46012e-03 1.43518e-03 1.40968e-03 1.38358e-03 1.35708e-03 1.33060e-03 1.30472e-03 1.27991e-03 1.25637e-03 1.23403e-03 1.21274e-03 1.19239e-03 1.17293e-03 1.15427e-03 1.13637e-03 1.11923e-03 1.10288e-03 1.08735e-03 1.07255e-03 1.05835e-03 1.04470e-03 1.03176e-03 1.01988e-03 1.00902e-03 9.98153e-04 9.85295e-04 9.68477e-04 9.46812e-04 9.20883e-04 8.92325e-04 8.63032e-04 8.34476e-04 8.07411e-04 7.81976e-04 7.58021e-04 7.35388e-04 7.13992e-04 6.93721e-04 6.74220e-04 6.54721e-04 6.34048e-04 6.10971e-04 5.84879e-04 5.56528e-04 5.28136e-04 5.02193e-04 4.79816e-04 4.60406e-04 4.42711e-04 4.25809e-04 4.09291e-04 3.93046e-04 3.77094e-04 3.61494e-04 3.46304e-04 3.31549e-04 3.17221e-04 3.03290e-04 2.89721e-04 2.76490e-04 2.63588e-04 2.51020e-04 2.38795e-04 2.26925e-04 2.15414e-04 2.04261e-04 1.93451e-04 1.82957e-04 1.72736e-04 1.62725e-04 1.52843e-04 1.42989e-04 1.33041e-04 1.22868e-04 1.12341e-04 1.01362e-04 8.98848e-05 7.79496e-05 6.56967e-05 5.33745e-05 4.13256e-05 2.99696e-05 1.98093e-05 1.14410e-05 5.43082e-06 1.94949e-06 4.75050e-07 6.91461e-08 5.24340e-09 9.85998e-11
5.703282 1.91605e-02 3.22338e-02 2.80382e-02 2.44722e-02 2.14420e-02 1.90359e-02 1.72318e-02 1.59617e-02 1.51550e-02 1.46992e-02 1.44427e-02 1.42388e-02 1.39889e-02 1.36634e-02 1.32773e-02 1.28428e-02 1.23502e-02 1.18005e-02 1.12309e-02 1.06939e-02 1.02215e-02 9.81696e-03 9.46811e-03 9.16018e-03 8.88216e-03 8.62884e-03 8.40114e-03 8.20413e-03 8.04265e-03 7.91699e-03 7.82168e-03 7.74799e-03 7.68729e-03 7.63259e-03 7.57775e-03 7.51603e-03 7.43944e-03 7.33997e-03 7.21229e-03 7.05684e-03 6.88096e-03 6.69705e-03 6.51863e-03 6.35665e-03 6.21737e-03 6.10188e-03 6.00655e-03 5.92414e-03 5.84655e-03 5.76833e-03 5.68816e-03 5.60773e-03 5.53013e-03 5.45773e-03 5.39016e-03 5.32389e-03 5.25409e-03 5.17703e-03 5.09176e-03 5.00026e-03 4.90642e-03 4.81437e-03 4.72728e-03 4.64690e-03 4.57384e-03 4.50808e-03 4.44938e-03 4.39743e-03 4.35184e-03 4.31199e-03 4.27707e-03 4.24599e-03 4.21746e-03 4.19010e-03 4.16274e-03 4.13466e-03 4.10578e-03 4.07656e-03 4.04772e-03 4.02014e-03 3.99477e-03 3.97269e-03 3.95503e-03 3.94284e-03 3.93679e-03 3.93674e-03 3.94160e-03 3.94989e-03 3.96032e-03 3.97158e-03 3.98204e-03 3.99056e-03 3.99736e-03 4.00385e-03 4.01148e-03 4.02072e-03 4.03043e-03 4.03824e-03 4.04175e-03 4.03937e-03 4.03034e-03 4.01422e-03 3.99076e-03 3.95990e-03 3.92186e-03 3.87714e-03 3.82653e-03 3.77103e-03 3.71170e-03 3.64958e-03 3.58558e-03 3.52047e-03 3.45487e-03 3.38929e-03 3.32417e-03 3.25982e-03 3.19627e-03 3.13333e-03 3.07064e-03 3.00776e-03 2.94442e-03 2.88094e-03 2.81820e-03 2.75702e-03 2.69770e-03 2.64005e-03 2.58368e-03 2.52839e-03 2.47444e-03 2.42241e-03 2.37272e-03 2.32515e-03 2.27881e-03 2.23270e-03 2.18667e-03 2.14189e-03 2.10025e-03 2.06338e-03 2.03233e-03 2.00708e-03 1.98592e-03 1.96522e-03 1.94023e-03 1.90641e-03 1.86221e-03 1.81189e-03 1.76381e-03 1.72499e-03 1.69803e-03 1.68177e-03 1.67325e-03 1.66934e-03 1.66760e-03 1.66635e-03 1.66432e-03 1.66035e-03 1.65337e-03 1.64261e-03 1.62783e-03 1.60930e-03 1.58771e-03 1.56388e-03 1.53863e-03 1.51255e-03 1.48604e-03 1.45932e-03 1.43244e-03 1.40539e-03 1.37817e-03 1.35087e-03 1.32370e-03 1.29705e-03 1.27133e-03 1.24688e-03 1.22388e-03 1.20225e-03 1.18175e-03 1.16213e-03 1.14327e-03 1.12521e-03 1.10808e-03 1.09197e-03 1.07684e-03 1.06255e-03 1.04883e-03 1.03540e-03 1.02206e-03 1.00888e-03 9.96131e-04 9.83870e-04 9.71440e-04 9.57412e-04 9.40286e-04 9.19467e-04 8.95723e-04 8.70752e-04 8.46209e-04 8.22925e-04 8.00806e-04 7.79302e-04 7.57936e-04 7.36561e-04 7.15320e-04 6.94515e-04 6.74466e-04 6.55407e-04 6.37383e-04 6.20127e-04 6.02955e-04 5.84779e-04 5.64406e-04 5.41126e-04 5.15375e-04 4.88880e-04 4.63806e-04 4.41435e-04 4.21636e-04 4.03452e-04 3.85949e-04 3.68605e-04 3.51287e-04 3.34092e-04 3.17212e-04 3.00843e-04 2.85141e-04 2.70198e-04 2.56049e-04 2.42686e-04 2.30070e-04 2.18148e-04 2.06865e-04 1.96165e-04 1.85993e-04 1.76290e-04 1.66990e-04 1.58012e-04 1.49255e-04 1.40594e-04 1.31876e-04 1.22924e-04 1.13552e-04 1.03586e-04 9.29064e-05 8.14857e-05 6.94293e-05 5.69913e-05 4.45601e-05 3.26263e-05 2.17752e-05 1.27010e-05 6.08671e-06 2.20238e-06 5.38772e-07 7.80316e-08 5.81405e-09 1.07871e-10
5.803339 1.91628e-02 3.18943e-02 2.76857e-02 2.45404e-02 2.18908e-02 1.96052e-02 1.77425e-02 1.63719e-02 1.54797e-02 1.49588e-02 1.46607e-02 1.44493e-02 1.42358e-02 1.39777e-02 1.36448e-02 1.32038e-02 1.26513e-02 1.20371e-02 1.14339e-02 1.08927e-02 1.04284e-02 1.00333e-02 9.69153e-03 9.38727e-03 9.10679e-03 8.84003e-03 8.58299e-03 8.33932e-03 8.11855e-03 7.93075e-03 7.78102e-03 7.66764e-03 7.58398e-03 7.52133e-03 7.47018e-03 7.42002e-03 7.35930e-03 7.27668e-03 7.16364e-03 7.01738e-03 6.84269e-03 6.65196e-03 6.46268e-03 6.29206e-03 6.15064e-03 6.03844e-03 5.94634e-03 5.86201e-03 5.77616e-03 5.68514e-03 5.59005e-03 5.49497e-03 5.40435e-03 5.32024e-03 5.24131e-03 5.16410e-03 5.08512e-03 5.00238e-03 4.91625e-03 4.82923e-03 4.74495e-03 4.66688e-03 4.59709e-03 4.53603e-03 4.48287e-03 4.43619e-03 4.39441e-03 4.35610e-03 4.32009e-03 4.28556e-03 4.25212e-03 4.21981e-03 4.18891e-03 4.15973e-03 4.13245e-03 4.10698e-03 4.08294e-03 4.05967e-03 4.03629e-03 4.01210e-03 3.98700e-03 3.96191e-03 3.93857e-03 3.91889e-03 3.90405e-03 3.89407e-03 3.88812e-03 3.88502e-03 3.88344e-03 3.88260e-03 3.88305e-03 3.88659e-03 3.89499e-03 3.90881e-03 3.92691e-03 3.94677e-03 3.96549e-03 3.98057e-03 3.99001e-03 3.99219e-03 3.98586e-03 3.97029e-03 3.94544e-03 3.91197e-03 3.87110e-03 3.82441e-03 3.77344e-03 3.71950e-03 3.66352e-03 3.60600e-03 3.54711e-03 3.48691e-03 3.42550e-03 3.36313e-03 3.30026e-03 3.23738e-03 3.17483e-03 3.11269e-03 3.05077e-03 2.98854e-03 2.92546e-03 2.86161e-03 2.79786e-03 2.73527e-03 2.67442e-03 2.61524e-03 2.55749e-03 2.50111e-03 2.44654e-03 2.39451e-03 2.34555e-03 2.29951e-03 2.25549e-03 2.21247e-03 2.17024e-03 2.12976e-03 2.09265e-03 2.06045e-03 2.03411e-03 2.01332e-03 1.99617e-03 1.97957e-03 1.96001e-03 1.93396e-03 1.89865e-03 1.85448e-03 1.80624e-03 1.76038e-03 1.72140e-03 1.69127e-03 1.67034e-03 1.65773e-03 1.65126e-03 1.64797e-03 1.64506e-03 1.64072e-03 1.63420e-03 1.62534e-03 1.61398e-03 1.59972e-03 1.58219e-03 1.56125e-03 1.53722e-03 1.51072e-03 1.48246e-03 1.45310e-03 1.42316e-03 1.39304e-03 1.36308e-03 1.33358e-03 1.30476e-03 1.27686e-03 1.25010e-03 1.22474e-03 1.20101e-03 1.17904e-03 1.15880e-03 1.14011e-03 1.12282e-03 1.10686e-03 1.09222e-03 1.07890e-03 1.06674e-03 1.05541e-03 1.04438e-03 1.03309e-03 1.02107e-03 1.00816e-03 9.94460e-04 9.80154e-04 9.65085e-04 9.48610e-04 9.29954e-04 9.08891e-04 8.86189e-04 8.63353e-04 8.41797e-04 8.22105e-04 8.03931e-04 7.86446e-04 7.68845e-04 7.50632e-04 7.31659e-04 7.12039e-04 6.92039e-04 6.71988e-04 6.52218e-04 6.33027e-04 6.14610e-04 5.96990e-04 5.79908e-04 5.62744e-04 5.44511e-04 5.24095e-04 5.00771e-04 4.74781e-04 4.47495e-04 4.20799e-04 3.96085e-04 3.73696e-04 3.53178e-04 3.33877e-04 3.15358e-04 2.97486e-04 2.80330e-04 2.64027e-04 2.48697e-04 2.34399e-04 2.21130e-04 2.08839e-04 1.97447e-04 1.86864e-04 1.77000e-04 1.67767e-04 1.59075e-04 1.50822e-04 1.42891e-04 1.35138e-04 1.27389e-04 1.19439e-04 1.11065e-04 1.02045e-04 9.22047e-05 8.14647e-05 6.98956e-05 5.77433e-05 4.54153e-05 3.34382e-05 2.24396e-05 1.31613e-05 6.34291e-06 2.30793e-06 5.67701e-07 8.27035e-08 6.20379e-09 1.15640e-10
5.903397 1.82880e-02 3.10443e-02 2.74208e-02 2.46433e-02 2.22104e-02 2.00047e-02 1.81185e-02 1.66769e-02 1.57062e-02 1.51243e-02 1.48026e-02 1.46152e-02 1.44575e-02 1.42391e-02 1.38880e-02 1.33840e-02 1.27764e-02 1.21483e-02 1.15659e-02 1.10580e-02 1.06243e-02 1.02504e-02 9.91793e-03 9.60958e-03 9.31210e-03 9.01840e-03 8.72895e-03 8.45087e-03 8.19507e-03 7.97224e-03 7.78958e-03 7.64888e-03 7.54625e-03 7.47290e-03 7.41653e-03 7.36295e-03 7.29786e-03 7.20883e-03 7.08756e-03 6.93240e-03 6.75061e-03 6.55810e-03 6.37472e-03 6.21613e-03 6.08720e-03 5.98150e-03 5.88675e-03 5.79170e-03 5.69012e-03 5.58155e-03 5.47016e-03 5.36204e-03 5.26180e-03 5.17083e-03 5.08780e-03 5.01012e-03 4.93534e-03 4.86220e-03 4.79100e-03 4.72304e-03 4.65973e-03 4.60171e-03 4.54873e-03 4.50002e-03 4.45487e-03 4.41299e-03 4.37450e-03 4.33971e-03 4.30888e-03 4.28194e-03 4.25845e-03 4.23763e-03 4.21845e-03 4.19981e-03 4.18070e-03 4.16030e-03 4.13799e-03 4.11328e-03 4.08589e-03 4.05597e-03 4.02451e-03 3.99339e-03 3.96469e-03 3.93975e-03 3.91862e-03 3.90047e-03 3.88456e-03 3.87083e-03 3.86024e-03 3.85466e-03 3.85592e-03 3.86461e-03 3.87955e-03 3.89826e-03 3.91791e-03 3.93600e-03 3.95048e-03 3.95961e-03 3.96186e-03 3.95597e-03 3.94122e-03 3.91764e-03 3.88609e-03 3.84811e-03 3.80560e-03 3.76032e-03 3.71345e-03 3.66548e-03 3.61633e-03 3.56560e-03 3.51285e-03 3.45782e-03 3.40052e-03 3.34132e-03 3.28083e-03 3.21977e-03 3.15869e-03 3.09784e-03 3.03714e-03 2.97611e-03 2.91399e-03 2.85037e-03 2.78588e-03 2.72193e-03 2.65958e-03 2.59900e-03 2.53982e-03 2.48190e-03 2.42567e-03 2.37209e-03 2.32193e-03 2.27525e-03 2.23135e-03 2.18937e-03 2.14919e-03 2.11171e-03 2.07845e-03 2.05079e-03 2.02918e-03 2.01251e-03 1.99826e-03 1.98371e-03 1.96671e-03 1.94563e-03 1.91899e-03 1.88604e-03 1.84831e-03 1.80938e-03 1.77232e-03 1.73836e-03 1.70788e-03 1.68158e-03 1.66033e-03 1.64441e-03 1.63298e-03 1.62430e-03 1.61635e-03 1.60753e-03 1.59697e-03 1.58443e-03 1.56980e-03 1.55282e-03 1.53304e-03 1.51004e-03 1.48380e-03 1.45474e-03 1.42366e-03 1.39152e-03 1.35921e-03 1.32739e-03 1.29647e-03 1.26665e-03 1.23811e-03 1.21105e-03 1.18579e-03 1.16267e-03 1.14198e-03 1.12380e-03 1.10801e-03 1.09434e-03 1.08247e-03 1.07205e-03 1.06269e-03 1.05387e-03 1.04502e-03 1.03554e-03 1.02494e-03 1.01298e-03 9.99700e-04 9.85241e-04 9.69641e-04 9.52697e-04 9.34149e-04 9.14076e-04 8.93161e-04 8.72544e-04 8.53289e-04 8.35884e-04 8.20140e-04 8.05460e-04 7.91138e-04 7.76534e-04 7.61136e-04 7.44611e-04 7.26825e-04 7.07841e-04 6.87852e-04 6.67125e-04 6.45952e-04 6.24617e-04 6.03365e-04 5.82362e-04 5.61625e-04 5.40951e-04 5.19865e-04 4.97635e-04 4.73465e-04 4.46907e-04 4.18344e-04 3.89085e-04 3.60862e-04 3.35033e-04 3.12092e-04 2.91776e-04 2.73489e-04 2.56690e-04 2.41060e-04 2.26468e-04 2.12882e-04 2.00294e-04 1.88679e-04 1.77984e-04 1.68139e-04 1.59055e-04 1.50637e-04 1.42773e-04 1.35333e-04 1.28160e-04 1.21065e-04 1.13827e-04 1.06198e-04 9.79334e-05 8.88259e-05 7.87677e-05 6.78065e-05 5.61775e-05 4.42886e-05 3.26726e-05 2.19633e-05 1.29042e-05 6.23260e-06 2.27569e-06 5.63498e-07 8.32672e-08 6.40646e-09 1.21627e-10
6.003454 1.81947e-02 3.10835e-02 2.74710e-02 2.46409e-02 2.22751e-02 2.01591e-02 1.82955e-02 1.68226e-02 1.58117e-02 1.52139e-02 1.49112e-02 1.47602e-02 1.46127e-02 1.43473e-02 1.39145e-02 1.33503e-02 1.27356e-02 1.21432e-02 1.16130e-02 1.11536e-02 1.07544e-02 1.03976e-02 1.00663e-02 9.74788e-03 9.43615e-03 9.13025e-03 8.83349e-03 8.55169e-03 8.29199e-03 8.06164e-03 7.86628e-03 7.70794e-03 7.58349e-03 7.48461e-03 7.39913e-03 7.31350e-03 7.21537e-03 7.09580e-03 6.95116e-03 6.78462e-03 6.60629e-03 6.43053e-03 6.27042e-03 6.13243e-03 6.01441e-03 5.90782e-03 5.80226e-03 5.68990e-03 5.56853e-03 5.44210e-03 5.31814e-03 5.20379e-03 5.10326e-03 5.01748e-03 4.94461e-03 4.88109e-03 4.82303e-03 4.76738e-03 4.71251e-03 4.65794e-03 4.60407e-03 4.55192e-03 4.50289e-03 4.45854e-03 4.42015e-03 4.38852e-03 4.36375e-03 4.34527e-03 4.33186e-03 4.32189e-03 4.31352e-03 4.30501e-03 4.29497e-03 4.28251e-03 4.26732e-03 4.24935e-03 4.22849e-03 4.20427e-03 4.17608e-03 4.14383e-03 4.10849e-03 4.07201e-03 4.03639e-03 4.00263e-03 3.97078e-03 3.94137e-03 3.91633e-03 3.89819e-03 3.88868e-03 3.88787e-03 3.89413e-03 3.90474e-03 3.91695e-03 3.92857e-03 3.93805e-03 3.94415e-03 3.94566e-03 3.94135e-03 3.93010e-03 3.91117e-03 3.88454e-03 3.85103e-03 3.81227e-03 3.77034e-03 3.72717e-03 3.68406e-03 3.64142e-03 3.59879e-03 3.55524e-03 3.50978e-03 3.46175e-03 3.41087e-03 3.35725e-03 3.30127e-03 3.24344e-03 3.18437e-03 3.12457e-03 3.06438e-03 3.00403e-03 2.94365e-03 2.88303e-03 2.82160e-03 2.75911e-03 2.69617e-03 2.63381e-03 2.57250e-03 2.51218e-03 2.45294e-03 2.39552e-03 2.34106e-03 2.29042e-03 2.24364e-03 2.19999e-03 2.15865e-03 2.11950e-03 2.08351e-03 2.05229e-03 2.02723e-03 2.00842e-03 1.99416e-03 1.98180e-03 1.96915e-03 1.95509e-03 1.93921e-03 1.92092e-03 1.89908e-03 1.87292e-03 1.84348e-03 1.81313e-03 1.78345e-03 1.75459e-03 1.72624e-03 1.69852e-03 1.67207e-03 1.64775e-03 1.62627e-03 1.60783e-03 1.59202e-03 1.57782e-03 1.56391e-03 1.54898e-03 1.53203e-03 1.51244e-03 1.49004e-03 1.46497e-03 1.43767e-03 1.40876e-03 1.37887e-03 1.34861e-03 1.31845e-03 1.28874e-03 1.25973e-03 1.23166e-03 1.20482e-03 1.17957e-03 1.15635e-03 1.13552e-03 1.11733e-03 1.10180e-03 1.08871e-03 1.07762e-03 1.06799e-03 1.05922e-03 1.05072e-03 1.04194e-03 1.03241e-03 1.02182e-03 1.01007e-03 9.97228e-04 9.83458e-04 9.68840e-04 9.53317e-04 9.36835e-04 9.19558e-04 9.01998e-04 8.84909e-04 8.69001e-04 8.54659e-04 8.41845e-04 8.30207e-04 8.19231e-04 8.08348e-04 7.96969e-04 7.84512e-04 7.70456e-04 7.54422e-04 7.36222e-04 7.15865e-04 6.93512e-04 6.69423e-04 6.43915e-04 6.17347e-04 5.90102e-04 5.62573e-04 5.35136e-04 5.08090e-04 4.81562e-04 4.55416e-04 4.29250e-04 4.02528e-04 3.74931e-04 3.46763e-04 3.19046e-04 2.93103e-04 2.69933e-04 2.49851e-04 2.32544e-04 2.17403e-04 2.03845e-04 1.91465e-04 1.80046e-04 1.69485e-04 1.59730e-04 1.50734e-04 1.42435e-04 1.34745e-04 1.27545e-04 1.20681e-04 1.13963e-04 1.07163e-04 1.00029e-04 9.23050e-05 8.37772e-05 7.43290e-05 6.39994e-05 5.30142e-05 4.17685e-05 3.07787e-05 2.06576e-05 1.21167e-05 5.84697e-06 2.13818e-06 5.33382e-07 8.04527e-08 6.42992e-09 1.25360e-10
6.103512 1.88290e-02 3.15214e-02 2.73158e-02 2.43691e-02 2.21297e-02 2.01241e-02 1.83062e-02 1.68467e-02 1.58552e-02 1.52968e-02 1.50354e-02 1.48866e-02 1.46766e-02 1.43099e-02 1.37954e-02 1.32050e-02 1.26146e-02 1.20723e-02 1.15957e-02 1.11804e-02 1.08102e-02 1.04679e-02 1.01411e-02 9.82385e-03 9.51558e-03 9.21876e-03 8.93684e-03 8.67320e-03 8.43096e-03 8.21279e-03 8.02010e-03 7.85194e-03 7.70402e-03 7.56883e-03 7.43693e-03 7.29920e-03 7.14911e-03 6.98456e-03 6.80856e-03 6.62844e-03 6.45333e-03 6.29131e-03 6.14741e-03 6.02245e-03 5.91242e-03 5.80876e-03 5.70108e-03 5.58239e-03 5.45293e-03 5.31934e-03 5.19080e-03 5.07530e-03 4.97737e-03 4.89726e-03 4.83159e-03 4.77551e-03 4.72478e-03 4.67679e-03 4.63040e-03 4.58538e-03 4.54216e-03 4.50181e-03 4.46588e-03 4.43594e-03 4.41305e-03 4.39751e-03 4.38870e-03 4.38523e-03 4.38528e-03 4.38693e-03 4.38853e-03 4.38892e-03 4.38756e-03 4.38435e-03 4.37937e-03 4.37227e-03 4.36186e-03 4.34610e-03 4.32292e-03 4.29129e-03 4.25192e-03 4.20707e-03 4.15943e-03 4.11089e-03 4.06315e-03 4.01980e-03 3.98611e-03 3.96553e-03 3.95741e-03 3.95791e-03 3.96240e-03 3.96723e-03 3.97031e-03 3.97059e-03 3.96737e-03 3.95990e-03 3.94724e-03 3.92853e-03 3.90323e-03 3.87138e-03 3.83370e-03 3.79147e-03 3.74633e-03 3.70002e-03 3.65412e-03 3.60969e-03 3.56700e-03 3.52540e-03 3.48364e-03 3.44040e-03 3.39473e-03 3.34617e-03 3.29463e-03 3.24024e-03 3.18330e-03 3.12433e-03 3.06410e-03 3.00350e-03 2.94337e-03 2.88430e-03 2.82646e-03 2.76927e-03 2.71151e-03 2.65235e-03 2.59210e-03 2.53180e-03 2.47226e-03 2.41400e-03 2.35772e-03 2.30434e-03 2.25453e-03 2.20826e-03 2.16486e-03 2.12371e-03 2.08489e-03 2.04948e-03 2.01923e-03 1.99545e-03 1.97784e-03 1.96437e-03 1.95255e-03 1.94088e-03 1.92918e-03 1.91786e-03 1.90685e-03 1.89491e-03 1.87998e-03 1.86079e-03 1.83810e-03 1.81361e-03 1.78827e-03 1.76223e-03 1.73546e-03 1.70822e-03 1.68092e-03 1.65402e-03 1.62792e-03 1.60296e-03 1.57924e-03 1.55650e-03 1.53402e-03 1.51084e-03 1.48620e-03 1.45988e-03 1.43226e-03 1.40402e-03 1.37570e-03 1.34768e-03 1.32026e-03 1.29372e-03 1.26829e-03 1.24403e-03 1.22086e-03 1.19868e-03 1.17752e-03 1.15758e-03 1.13916e-03 1.12252e-03 1.10779e-03 1.09487e-03 1.08345e-03 1.07303e-03 1.06305e-03 1.05302e-03 1.04250e-03 1.03126e-03 1.01919e-03 1.00640e-03 9.93070e-04 9.79400e-04 9.65481e-04 9.51304e-04 9.36868e-04 9.22310e-04 9.07943e-04 8.94209e-04 8.81551e-04 8.70279e-04 8.60467e-04 8.51935e-04 8.44292e-04 8.37005e-04 8.29450e-04 8.20949e-04 8.10802e-04 7.98344e-04 7.83039e-04 7.64570e-04 7.42897e-04 7.18230e-04 6.90958e-04 6.61559e-04 6.30541e-04 5.98405e-04 5.65621e-04 5.32630e-04 4.99857e-04 4.67747e-04 4.36741e-04 4.07182e-04 3.79163e-04 3.52450e-04 3.26585e-04 3.01191e-04 2.76363e-04 2.52764e-04 2.31281e-04 2.12525e-04 1.96569e-04 1.83028e-04 1.71327e-04 1.60939e-04 1.51504e-04 1.42818e-04 1.34769e-04 1.27278e-04 1.20254e-04 1.13571e-04 1.07057e-04 1.00502e-04 9.36611e-05 8.62914e-05 7.81878e-05 6.92422e-05 5.94963e-05 4.91674e-05 3.86290e-05 2.83673e-05 1.89598e-05 1.10706e-05 5.32259e-06 1.94559e-06 4.88969e-07 7.55631e-08 6.31214e-09 1.26735e-10
6.203570 1.85348e-02 3.09767e-02 2.68701e-02 2.40790e-02 2.19425e-02 2.00026e-02 1.82390e-02 1.68370e-02 1.59141e-02 1.54213e-02 1.51853e-02 1.49935e-02 1.46887e-02 1.42276e-02 1.36600e-02 1.30629e-02 1.24966e-02 1.19921e-02 1.15554e-02 1.11748e-02 1.08318e-02 1.05103e-02 1.02008e-02 9.90110e-03 9.61300e-03 9.33972e-03 9.08397e-03 8.84726e-03 8.62986e-03 8.43070e-03 8.24700e-03 8.07401e-03 7.90529e-03 7.73385e-03 7.55369e-03 7.36148e-03 7.15747e-03 6.94516e-03 6.73011e-03 6.51886e-03 6.31897e-03 6.13939e-03 5.98883e-03 5.87155e-03 5.78306e-03 5.70966e-03 5.63350e-03 5.53993e-03 5.42285e-03 5.28662e-03 5.14380e-03 5.00920e-03 4.89369e-03 4.80124e-03 4.73004e-03 4.67539e-03 4.63221e-03 4.59625e-03 4.56446e-03 4.53509e-03 4.50765e-03 4.48269e-03 4.46142e-03 4.44519e-03 4.43506e-03 4.43148e-03 4.43405e-03 4.44165e-03 4.45273e-03 4.46568e-03 4.47927e-03 4.49284e-03 4.50629e-03 4.51970e-03 4.53258e-03 4.54313e-03 4.54793e-03 4.54272e-03 4.52391e-03 4.49011e-03 4.44288e-03 4.38606e-03 4.32400e-03 4.25965e-03 4.19564e-03 4.13743e-03 4.09212e-03 4.06305e-03 4.04761e-03 4.04025e-03 4.03614e-03 4.03238e-03 4.02737e-03 4.01975e-03 4.00794e-03 3.99049e-03 3.96643e-03 3.93549e-03 3.89809e-03 3.85516e-03 3.80794e-03 3.75778e-03 3.70608e-03 3.65420e-03 3.60338e-03 3.55454e-03 3.50799e-03 3.46312e-03 3.41856e-03 3.37265e-03 3.32403e-03 3.27204e-03 3.21673e-03 3.15863e-03 3.09869e-03 3.03809e-03 2.97803e-03 2.91938e-03 2.86252e-03 2.80730e-03 2.75338e-03 2.70042e-03 2.64786e-03 2.59470e-03 2.54012e-03 2.48425e-03 2.42803e-03 2.37252e-03 2.31868e-03 2.26737e-03 2.21913e-03 2.17389e-03 2.13113e-03 2.09040e-03 2.05192e-03 2.01694e-03 1.98725e-03 1.96396e-03 1.94645e-03 1.93253e-03 1.92007e-03 1.90821e-03 1.89744e-03 1.88862e-03 1.88194e-03 1.87632e-03 1.86953e-03 1.85927e-03 1.84463e-03 1.82642e-03 1.80590e-03 1.78370e-03 1.76001e-03 1.73511e-03 1.70945e-03 1.68347e-03 1.65735e-03 1.63092e-03 1.60369e-03 1.57494e-03 1.54407e-03 1.51088e-03 1.47586e-03 1.44012e-03 1.40507e-03 1.37192e-03 1.34133e-03 1.31337e-03 1.28767e-03 1.26372e-03 1.24117e-03 1.22006e-03 1.20059e-03 1.18292e-03 1.16700e-03 1.15264e-03 1.13962e-03 1.12772e-03 1.11674e-03 1.10641e-03 1.09641e-03 1.08637e-03 1.07594e-03 1.06487e-03 1.05301e-03 1.04039e-03 1.02714e-03 1.01352e-03 9.99763e-04 9.86059e-04 9.72488e-04 9.59062e-04 9.45806e-04 9.32818e-04 9.20285e-04 9.08463e-04 8.97646e-04 8.88090e-04 8.79909e-04 8.72999e-04 8.67024e-04 8.61463e-04 8.55686e-04 8.49023e-04 8.40811e-04 8.30423e-04 8.17311e-04 8.01068e-04 7.81495e-04 7.58654e-04 7.32838e-04 7.04482e-04 6.74039e-04 6.41906e-04 6.08407e-04 5.73824e-04 5.38438e-04 5.02570e-04 4.66613e-04 4.31078e-04 3.96589e-04 3.63833e-04 3.33410e-04 3.05627e-04 2.80366e-04 2.57160e-04 2.35501e-04 2.15223e-04 1.96621e-04 1.80164e-04 1.66097e-04 1.54272e-04 1.44259e-04 1.35556e-04 1.27751e-04 1.20566e-04 1.13820e-04 1.07367e-04 1.01051e-04 9.46852e-05 8.80532e-05 8.09356e-05 7.31513e-05 6.46106e-05 5.53625e-05 4.56149e-05 3.57160e-05 2.61186e-05 1.73664e-05 1.00808e-05 4.82153e-06 1.75920e-06 4.45053e-07 7.04369e-08 6.13653e-09 1.26527e-10
6.303627 1.77760e-02 3.03012e-02 2.66099e-02 2.38632e-02 2.16925e-02 1.97781e-02 1.80906e-02 1.67826e-02 1.59485e-02 1.55107e-02 1.52699e-02 1.50179e-02 1.46359e-02 1.41184e-02 1.35259e-02 1.29278e-02 1.23750e-02 1.18929e-02 1.14833e-02 1.11321e-02 1.08190e-02 1.05276e-02 1.02490e-02 9.98145e-03 9.72692e-03 9.48764e-03 9.26457e-03 9.05690e-03 8.86232e-03 8.67718e-03 8.49660e-03 8.31480e-03 8.12586e-03 7.92484e-03 7.70855e-03 7.47565e-03 7.22619e-03 6.96220e-03 6.69003e-03 6.42275e-03 6.17876e-03 5.97602e-03 5.82543e-03 5.72736e-03 5.67186e-03 5.64033e-03 5.60742e-03 5.54714e-03 5.44414e-03 5.30209e-03 5.14063e-03 4.98375e-03 4.84894e-03 4.74332e-03 4.66574e-03 4.61086e-03 4.57232e-03 4.54444e-03 4.52301e-03 4.50534e-03 4.49014e-03 4.47732e-03 4.46769e-03 4.46265e-03 4.46352e-03 4.47100e-03 4.48479e-03 4.50381e-03 4.52663e-03 4.55208e-03 4.57962e-03 4.60935e-03 4.64155e-03 4.67571e-03 4.70955e-03 4.73844e-03 4.75601e-03 4.75605e-03 4.73487e-03 4.69278e-03 4.63392e-03 4.56455e-03 4.49033e-03 4.41411e-03 4.33784e-03 4.26734e-03 4.21099e-03 4.17219e-03 4.14716e-03 4.12970e-03 4.11552e-03 4.10248e-03 4.08889e-03 4.07272e-03 4.05196e-03 4.02523e-03 3.99194e-03 3.95220e-03 3.90665e-03 3.85632e-03 3.80244e-03 3.74628e-03 3.68905e-03 3.63183e-03 3.57545e-03 3.52043e-03 3.46674e-03 3.41367e-03 3.35987e-03 3.30383e-03 3.24449e-03 3.18186e-03 3.11704e-03 3.05188e-03 2.98823e-03 2.92737e-03 2.86972e-03 2.81504e-03 2.76275e-03 2.71225e-03 2.66309e-03 2.61508e-03 2.56816e-03 2.52196e-03 2.47534e-03 2.42697e-03 2.37648e-03 2.32483e-03 2.27374e-03 2.22470e-03 2.17847e-03 2.13501e-03 2.09374e-03 2.05419e-03 2.01664e-03 1.98237e-03 1.95315e-03 1.92988e-03 1.91171e-03 1.89653e-03 1.88262e-03 1.86967e-03 1.85852e-03 1.85011e-03 1.84467e-03 1.84133e-03 1.83824e-03 1.83315e-03 1.82437e-03 1.81170e-03 1.79609e-03 1.77849e-03 1.75930e-03 1.73867e-03 1.71679e-03 1.69391e-03 1.67009e-03 1.64509e-03 1.61834e-03 1.58902e-03 1.55641e-03 1.52021e-03 1.48084e-03 1.43946e-03 1.39781e-03 1.35774e-03 1.32078e-03 1.28779e-03 1.25903e-03 1.23426e-03 1.21286e-03 1.19403e-03 1.17703e-03 1.16158e-03 1.14783e-03 1.13601e-03 1.12611e-03 1.11783e-03 1.11065e-03 1.10402e-03 1.09737e-03 1.09021e-03 1.08219e-03 1.07311e-03 1.06293e-03 1.05180e-03 1.03996e-03 1.02768e-03 1.01522e-03 1.00274e-03 9.90342e-04 9.78061e-04 9.65951e-04 9.54097e-04 9.42639e-04 9.31773e-04 9.21723e-04 9.12683e-04 9.04715e-04 8.97674e-04 8.91193e-04 8.84757e-04 8.77817e-04 8.69896e-04 8.60638e-04 8.49787e-04 8.37125e-04 8.22418e-04 8.05407e-04 7.85856e-04 7.63632e-04 7.38762e-04 7.11415e-04 6.81827e-04 6.50229e-04 6.16812e-04 5.81765e-04 5.45335e-04 5.07877e-04 4.69869e-04 4.31884e-04 3.94554e-04 3.58525e-04 3.24430e-04 2.92852e-04 2.64268e-04 2.38926e-04 2.16727e-04 1.97239e-04 1.79921e-04 1.64444e-04 1.50799e-04 1.39085e-04 1.29236e-04 1.20941e-04 1.13764e-04 1.07294e-04 1.01207e-04 9.52570e-05 8.92306e-05 8.29233e-05 7.61405e-05 6.87283e-05 6.06171e-05 5.18626e-05 4.26604e-05 3.33321e-05 2.43011e-05 1.60878e-05 9.28783e-06 4.41842e-06 1.60761e-06 4.08437e-07 6.58441e-08 5.92304e-09 1.24549e-10
6.403685 1.79245e-02 3.05268e-02 2.65921e-02 2.35726e-02 2.13183e-02 1.94615e-02 1.78822e-02 1.66827e-02 1.59270e-02 1.55154e-02 1.52478e-02 1.49443e-02 1.45203e-02 1.39831e-02 1.33865e-02 1.27916e-02 1.22469e-02 1.17783e-02 1.13885e-02 1.10624e-02 1.07793e-02 1.05220e-02 1.02816e-02 1.00553e-02 9.84358e-03 9.64572e-03 9.45892e-03 9.27840e-03 9.09872e-03 8.91498e-03 8.72353e-03 8.52202e-03 8.30857e-03 8.08029e-03 7.83218e-03 7.55857e-03 7.25822e-03 6.94024e-03 6.62442e-03 6.33375e-03 6.08488e-03 5.88471e-03 5.73473e-03 5.63639e-03 5.58890e-03 5.57934e-03 5.57766e-03 5.54653e-03 5.46085e-03 5.32172e-03 5.15344e-03 4.98696e-03 4.84424e-03 4.73342e-03 4.65262e-03 4.59582e-03 4.55662e-03 4.52983e-03 4.51167e-03 4.49955e-03 4.49186e-03 4.48783e-03 4.48759e-03 4.49195e-03 4.50190e-03 4.51808e-03 4.54043e-03 4.56834e-03 4.60100e-03 4.63795e-03 4.67916e-03 4.72467e-03 4.77377e-03 4.82388e-03 4.86995e-03 4.90495e-03 4.92166e-03 4.91524e-03 4.88505e-03 4.83479e-03 4.77087e-03 4.69993e-03 4.62627e-03 4.55039e-03 4.47193e-03 4.39609e-03 4.33262e-03 4.28606e-03 4.25238e-03 4.22536e-03 4.20130e-03 4.17826e-03 4.15415e-03 4.12679e-03 4.09458e-03 4.05678e-03 4.01344e-03 3.96512e-03 3.91267e-03 3.85704e-03 3.79915e-03 3.73981e-03 3.67965e-03 3.61899e-03 3.55777e-03 3.49552e-03 3.43144e-03 3.36465e-03 3.29452e-03 3.22111e-03 3.14548e-03 3.06963e-03 2.99591e-03 2.92622e-03 2.86147e-03 2.80160e-03 2.74598e-03 2.69380e-03 2.64433e-03 2.59709e-03 2.55185e-03 2.50857e-03 2.46719e-03 2.42743e-03 2.38848e-03 2.34880e-03 2.30673e-03 2.26176e-03 2.21519e-03 2.16922e-03 2.12555e-03 2.08458e-03 2.04575e-03 2.00840e-03 1.97261e-03 1.93958e-03 1.91092e-03 1.88737e-03 1.86801e-03 1.85100e-03 1.83509e-03 1.82037e-03 1.80781e-03 1.79825e-03 1.79182e-03 1.78779e-03 1.78479e-03 1.78109e-03 1.77505e-03 1.76584e-03 1.75377e-03 1.73971e-03 1.72428e-03 1.70764e-03 1.68977e-03 1.67054e-03 1.64980e-03 1.62723e-03 1.60242e-03 1.57494e-03 1.54438e-03 1.51059e-03 1.47372e-03 1.43438e-03 1.39359e-03 1.35268e-03 1.31310e-03 1.27617e-03 1.24284e-03 1.21365e-03 1.18882e-03 1.16819e-03 1.15127e-03 1.13714e-03 1.12487e-03 1.11390e-03 1.10425e-03 1.09611e-03 1.08942e-03 1.08384e-03 1.07889e-03 1.07404e-03 1.06891e-03 1.06325e-03 1.05695e-03 1.05001e-03 1.04250e-03 1.03448e-03 1.02603e-03 1.01719e-03 1.00798e-03 9.98458e-04 9.88671e-04 9.78731e-04 9.68807e-04 9.59116e-04 9.49876e-04 9.41231e-04 9.33157e-04 9.25409e-04 9.17561e-04 9.09131e-04 8.99748e-04 8.89248e-04 8.77667e-04 8.65135e-04 8.51726e-04 8.37355e-04 8.21732e-04 8.04406e-04 7.84880e-04 7.62753e-04 7.37851e-04 7.10261e-04 6.80272e-04 6.48247e-04 6.14513e-04 5.79337e-04 5.42965e-04 5.05712e-04 4.68002e-04 4.30347e-04 3.93273e-04 3.57257e-04 3.22697e-04 2.89933e-04 2.59300e-04 2.31162e-04 2.05899e-04 1.83799e-04 1.64920e-04 1.49002e-04 1.35591e-04 1.24258e-04 1.14724e-04 1.06753e-04 1.00024e-04 9.41221e-05 8.86247e-05 8.31679e-05 7.74626e-05 7.12858e-05 6.44832e-05 5.69905e-05 4.88585e-05 4.02643e-05 3.15022e-05 2.29730e-05 1.51884e-05 8.74251e-06 4.14285e-06 1.50262e-06 3.81939e-07 6.20811e-08 5.67355e-09 1.20511e-10
6.503742 1.83341e-02 3.06673e-02 2.62807e-02 2.31501e-02 2.09389e-02 1.91676e-02 1.76950e-02 1.65896e-02 1.58824e-02 1.54651e-02 1.51591e-02 1.48195e-02 1.43823e-02 1.38517e-02 1.32691e-02 1.26883e-02 1.21566e-02 1.17014e-02 1.13270e-02 1.10201e-02 1.07615e-02 1.05353e-02 1.03323e-02 1.01487e-02 9.98103e-03 9.82405e-03 9.66980e-03 9.50938e-03 9.33518e-03 9.14245e-03 8.92945e-03 8.69595e-03 8.44091e-03 8.16155e-03 7.85640e-03 7.53103e-03 7.20057e-03 6.88400e-03 6.59432e-03 6.33385e-03 6.09896e-03 5.89036e-03 5.71930e-03 5.60254e-03 5.54872e-03 5.54660e-03 5.56273e-03 5.55226e-03 5.48135e-03 5.34714e-03 5.17767e-03 5.01097e-03 4.87299e-03 4.77067e-03 4.69847e-03 4.64756e-03 4.61106e-03 4.58507e-03 4.56759e-03 4.55731e-03 4.55298e-03 4.55360e-03 4.55866e-03 4.56830e-03 4.58302e-03 4.60323e-03 4.62899e-03 4.66014e-03 4.69655e-03 4.73829e-03 4.78531e-03 4.83676e-03 4.89016e-03 4.94087e-03 4.98262e-03 5.00892e-03 5.01513e-03 5.00005e-03 4.96623e-03 4.91883e-03 4.86361e-03 4.80496e-03 4.74429e-03 4.67933e-03 4.60735e-03 4.53262e-03 4.46631e-03 4.41486e-03 4.37479e-03 4.33988e-03 4.30653e-03 4.27273e-03 4.23656e-03 4.19640e-03 4.15143e-03 4.10159e-03 4.04742e-03 3.98979e-03 3.92978e-03 3.86848e-03 3.80680e-03 3.74520e-03 3.68338e-03 3.62007e-03 3.55311e-03 3.48021e-03 3.39992e-03 3.31259e-03 3.22063e-03 3.12783e-03 3.03807e-03 2.95410e-03 2.87704e-03 2.80669e-03 2.74222e-03 2.68257e-03 2.62677e-03 2.57413e-03 2.52437e-03 2.47763e-03 2.43421e-03 2.39424e-03 2.35748e-03 2.32330e-03 2.29072e-03 2.25847e-03 2.22500e-03 2.18887e-03 2.14975e-03 2.10889e-03 2.06830e-03 2.02944e-03 1.99250e-03 1.95700e-03 1.92288e-03 1.89108e-03 1.86300e-03 1.83921e-03 1.81883e-03 1.80034e-03 1.78285e-03 1.76668e-03 1.75274e-03 1.74166e-03 1.73341e-03 1.72737e-03 1.72254e-03 1.71778e-03 1.71190e-03 1.70394e-03 1.69363e-03 1.68135e-03 1.66767e-03 1.65290e-03 1.63702e-03 1.61989e-03 1.60127e-03 1.58091e-03 1.55854e-03 1.53396e-03 1.50702e-03 1.47766e-03 1.44595e-03 1.41215e-03 1.37671e-03 1.34034e-03 1.30393e-03 1.26849e-03 1.23502e-03 1.20433e-03 1.17698e-03 1.15326e-03 1.13326e-03 1.11684e-03 1.10350e-03 1.09237e-03 1.08253e-03 1.07353e-03 1.06553e-03 1.05878e-03 1.05329e-03 1.04884e-03 1.04510e-03 1.04178e-03 1.03867e-03 1.03556e-03 1.03231e-03 1.02882e-03 1.02496e-03 1.02064e-03 1.01573e-03 1.01017e-03 1.00395e-03 9.97153e-04 9.89958e-04 9.82576e-04 9.75200e-04 9.67908e-04 9.60590e-04 9.52922e-04 9.44453e-04 9.34780e-04 9.23729e-04 9.11415e-04 8.98147e-04 8.84227e-04 8.69776e-04 8.54676e-04 8.38607e-04 8.21129e-04 8.01777e-04 7.80154e-04 7.56028e-04 7.29399e-04 7.00507e-04 6.69759e-04 6.37593e-04 6.04353e-04 5.70243e-04 5.35381e-04 4.99909e-04 4.64093e-04 4.28323e-04 3.93043e-04 3.58645e-04 3.25407e-04 2.93504e-04 2.63064e-04 2.34243e-04 2.07281e-04 1.82524e-04 1.60390e-04 1.41255e-04 1.25287e-04 1.12341e-04 1.01990e-04 9.36978e-05 8.69453e-05 8.12424e-05 7.61002e-05 7.10561e-05 6.57266e-05 5.98451e-05 5.32767e-05 4.60222e-05 3.82147e-05 3.01101e-05 2.20872e-05 1.46616e-05 8.45388e-06 4.00386e-06 1.44863e-06 3.66749e-07 5.93037e-08 5.39473e-09 1.14444e-10
6.603800 1.77416e-02 2.98948e-02 2.58059e-02 2.28304e-02 2.06704e-02 1.89588e-02 1.75728e-02 1.65353e-02 1.58433e-02 1.53948e-02 1.50445e-02 1.46794e-02 1.42458e-02 1.37396e-02 1.31898e-02 1.26409e-02 1.21356e-02 1.16998e-02 1.13392e-02 1.10445e-02 1.08013e-02 1.05973e-02 1.04240e-02 1.02747e-02 1.01415e-02 1.00139e-02 9.88037e-03 9.72991e-03 9.55363e-03 9.34487e-03 9.09847e-03 8.81090e-03 8.48329e-03 8.12663e-03 7.76366e-03 7.42196e-03 7.12040e-03 6.85965e-03 6.62466e-03 6.39740e-03 6.17080e-03 5.95418e-03 5.76747e-03 5.63152e-03 5.55934e-03 5.54686e-03 5.56605e-03 5.57037e-03 5.51773e-03 5.39727e-03 5.23555e-03 5.07479e-03 4.94511e-03 4.85427e-03 4.79527e-03 4.75738e-03 4.73235e-03 4.71542e-03 4.70427e-03 4.69773e-03 4.69501e-03 4.69565e-03 4.69958e-03 4.70719e-03 4.71909e-03 4.73579e-03 4.75756e-03 4.78452e-03 4.81678e-03 4.85434e-03 4.89651e-03 4.94133e-03 4.98522e-03 5.02334e-03 5.05074e-03 5.06369e-03 5.06076e-03 5.04314e-03 5.01405e-03 4.97764e-03 4.93757e-03 4.89579e-03 4.85152e-03 4.80069e-03 4.73898e-03 4.66934e-03 4.60356e-03 4.55011e-03 4.50663e-03 4.46671e-03 4.42629e-03 4.38320e-03 4.33595e-03 4.28378e-03 4.22681e-03 4.16582e-03 4.10195e-03 4.03653e-03 3.97091e-03 3.90618e-03 3.84267e-03 3.77919e-03 3.71270e-03 3.63882e-03 3.55374e-03 3.45636e-03 3.34940e-03 3.23857e-03 3.13020e-03 3.02893e-03 2.93675e-03 2.85342e-03 2.77768e-03 2.70806e-03 2.64326e-03 2.58228e-03 2.52457e-03 2.47009e-03 2.41922e-03 2.37248e-03 2.33018e-03 2.29226e-03 2.25823e-03 2.22725e-03 2.19828e-03 2.17015e-03 2.14173e-03 2.11198e-03 2.08006e-03 2.04577e-03 2.00977e-03 1.97333e-03 1.93748e-03 1.90275e-03 1.86953e-03 1.83874e-03 1.81146e-03 1.78805e-03 1.76762e-03 1.74885e-03 1.73104e-03 1.71450e-03 1.69996e-03 1.68783e-03 1.67799e-03 1.66990e-03 1.66290e-03 1.65630e-03 1.64935e-03 1.64129e-03 1.63149e-03 1.61977e-03 1.60639e-03 1.59169e-03 1.57591e-03 1.55909e-03 1.54119e-03 1.52208e-03 1.50160e-03 1.47963e-03 1.45607e-03 1.43090e-03 1.40418e-03 1.37606e-03 1.34678e-03 1.31668e-03 1.28619e-03 1.25583e-03 1.22619e-03 1.19787e-03 1.17140e-03 1.14724e-03 1.12569e-03 1.10689e-03 1.09089e-03 1.07752e-03 1.06629e-03 1.05644e-03 1.04736e-03 1.03901e-03 1.03184e-03 1.02622e-03 1.02219e-03 1.01951e-03 1.01784e-03 1.01687e-03 1.01632e-03 1.01591e-03 1.01543e-03 1.01466e-03 1.01344e-03 1.01159e-03 1.00902e-03 1.00570e-03 1.00169e-03 9.97158e-04 9.92235e-04 9.86954e-04 9.81113e-04 9.74279e-04 9.65938e-04 9.55769e-04 9.43859e-04 9.30674e-04 9.16790e-04 9.02567e-04 8.88004e-04 8.72800e-04 8.56518e-04 8.38736e-04 8.19153e-04 7.97624e-04 7.74139e-04 7.48787e-04 7.21731e-04 6.93195e-04 6.63433e-04 6.32664e-04 6.01017e-04 5.68528e-04 5.35212e-04 5.01186e-04 4.66735e-04 4.32295e-04 3.98344e-04 3.65278e-04 3.33331e-04 3.02580e-04 2.73011e-04 2.44601e-04 2.17393e-04 1.91547e-04 1.67358e-04 1.45244e-04 1.25671e-04 1.09024e-04 9.54553e-05 8.47781e-05 7.64980e-05 6.99578e-05 6.44857e-05 5.94715e-05 5.44065e-05 4.89235e-05 4.28269e-05 3.60972e-05 2.88816e-05 2.14970e-05 1.44515e-05 8.41407e-06 4.00830e-06 1.45126e-06 3.64825e-07 5.78539e-08 5.11432e-09 1.06869e-10
6.703857 1.71298e-02 2.93488e-02 2.55959e-02 2.26297e-02 2.04337e-02 1.87631e-02 1.74532e-02 1.64611e-02 1.57596e-02 1.52659e-02 1.48709e-02 1.44878e-02 1.40692e-02 1.36035e-02 1.31073e-02 1.26129e-02 1.21523e-02 1.17458e-02 1.13997e-02 1.11110e-02 1.08731e-02 1.06791e-02 1.05214e-02 1.03900e-02 1.02729e-02 1.01567e-02 1.00281e-02 9.87497e-03 9.68450e-03 9.44384e-03 9.14340e-03 8.78474e-03 8.38729e-03 7.98605e-03 7.61799e-03 7.30565e-03 7.04936e-03 6.83200e-03 6.63158e-03 6.43275e-03 6.23040e-03 6.02830e-03 5.83935e-03 5.68521e-03 5.58849e-03 5.55785e-03 5.57454e-03 5.59318e-03 5.56426e-03 5.46668e-03 5.32150e-03 5.17231e-03 5.05325e-03 4.97436e-03 4.92860e-03 4.90426e-03 4.89195e-03 4.88573e-03 4.88222e-03 4.87960e-03 4.87703e-03 4.87452e-03 4.87282e-03 4.87324e-03 4.87722e-03 4.88589e-03 4.89988e-03 4.91925e-03 4.94363e-03 4.97213e-03 5.00313e-03 5.03416e-03 5.06214e-03 5.08389e-03 5.09688e-03 5.09975e-03 5.09256e-03 5.07666e-03 5.05437e-03 5.02823e-03 5.00028e-03 4.97113e-03 4.93890e-03 4.89877e-03 4.84546e-03 4.78046e-03 4.71507e-03 4.65970e-03 4.61389e-03 4.57131e-03 4.52724e-03 4.47925e-03 4.42613e-03 4.36764e-03 4.30450e-03 4.23805e-03 4.17002e-03 4.10215e-03 4.03569e-03 3.97031e-03 3.90297e-03 3.82791e-03 3.73896e-03 3.63312e-03 3.51294e-03 3.38562e-03 3.25963e-03 3.14142e-03 3.03405e-03 2.93770e-03 2.85097e-03 2.77203e-03 2.69912e-03 2.63076e-03 2.56587e-03 2.50386e-03 2.44479e-03 2.38912e-03 2.33752e-03 2.29048e-03 2.24816e-03 2.21029e-03 2.17634e-03 2.14550e-03 2.11686e-03 2.08934e-03 2.06198e-03 2.03404e-03 2.00512e-03 1.97504e-03 1.94365e-03 1.91099e-03 1.87742e-03 1.84374e-03 1.81116e-03 1.78109e-03 1.75468e-03 1.73209e-03 1.71238e-03 1.69425e-03 1.67705e-03 1.66099e-03 1.64659e-03 1.63413e-03 1.62342e-03 1.61403e-03 1.60551e-03 1.59745e-03 1.58943e-03 1.58088e-03 1.57114e-03 1.55969e-03 1.54645e-03 1.53169e-03 1.51576e-03 1.49892e-03 1.48126e-03 1.46279e-03 1.44345e-03 1.42318e-03 1.40194e-03 1.37973e-03 1.35663e-03 1.33276e-03 1.30830e-03 1.28344e-03 1.25839e-03 1.23336e-03 1.20862e-03 1.18443e-03 1.16113e-03 1.13906e-03 1.11854e-03 1.09983e-03 1.08306e-03 1.06827e-03 1.05538e-03 1.04410e-03 1.03395e-03 1.02447e-03 1.01563e-03 1.00792e-03 1.00192e-03 9.97889e-04 9.95682e-04 9.95010e-04 9.95560e-04 9.97014e-04 9.99008e-04 1.00112e-03 1.00292e-03 1.00400e-03 1.00410e-03 1.00317e-03 1.00128e-03 9.98617e-04 9.95243e-04 9.91020e-04 9.85572e-04 9.78439e-04 9.69360e-04 9.58512e-04 9.46509e-04 9.34095e-04 9.21740e-04 9.09450e-04 8.96851e-04 8.83412e-04 8.68663e-04 8.52333e-04 8.34392e-04 8.14972e-04 7.94239e-04 7.72295e-04 7.49139e-04 7.24698e-04 6.98876e-04 6.71598e-04 6.42811e-04 6.12494e-04 5.80690e-04 5.47571e-04 5.13487e-04 4.78956e-04 4.44566e-04 4.10846e-04 3.78162e-04 3.46678e-04 3.16389e-04 2.87194e-04 2.58971e-04 2.31647e-04 2.05244e-04 1.79915e-04 1.55944e-04 1.33737e-04 1.13754e-04 9.64186e-05 8.19916e-05 7.04556e-05 6.14695e-05 5.44378e-05 4.86618e-05 4.34804e-05 3.83529e-05 3.29043e-05 2.69616e-05 2.06015e-05 1.42073e-05 8.45703e-06 4.09568e-06 1.49479e-06 3.73541e-07 5.74801e-08 4.81885e-09 9.75642e-11
6.803915 1.74118e-02 2.96048e-02 2.55288e-02 2.23617e-02 2.01587e-02 1.85627e-02 1.73225e-02 1.63562e-02 1.56328e-02 1.50928e-02 1.46582e-02 1.42634e-02 1.38672e-02 1.34534e-02 1.30269e-02 1.26040e-02 1.22016e-02 1.18309e-02 1.14987e-02 1.12094e-02 1.09660e-02 1.07679e-02 1.06086e-02 1.04760e-02 1.03552e-02 1.02309e-02 1.00874e-02 9.90782e-03 9.67435e-03 9.37478e-03 9.01216e-03 8.60943e-03 8.20215e-03 7.82316e-03 7.49055e-03 7.20625e-03 6.96334e-03 6.75444e-03 6.57327e-03 6.40955e-03 6.24792e-03 6.07695e-03 5.90026e-03 5.73911e-03 5.62319e-03 5.57281e-03 5.58094e-03 5.60846e-03 5.60338e-03 5.53548e-03 5.41702e-03 5.28822e-03 5.18424e-03 5.11695e-03 5.08023e-03 5.06287e-03 5.05585e-03 5.05351e-03 5.05245e-03 5.05063e-03 5.04703e-03 5.04170e-03 5.03565e-03 5.03060e-03 5.02843e-03 5.03059e-03 5.03774e-03 5.04967e-03 5.06544e-03 5.08358e-03 5.10232e-03 5.11977e-03 5.13417e-03 5.14401e-03 5.14814e-03 5.14595e-03 5.13742e-03 5.12324e-03 5.10472e-03 5.08343e-03 5.06066e-03 5.03650e-03 5.00880e-03 4.97251e-03 4.92197e-03 4.85754e-03 4.78965e-03 4.73010e-03 4.68085e-03 4.63637e-03 4.59144e-03 4.54322e-03 4.49034e-03 4.43249e-03 4.37046e-03 4.30590e-03 4.24074e-03 4.17561e-03 4.10796e-03 4.03144e-03 3.93843e-03 3.82491e-03 3.69372e-03 3.55337e-03 3.41368e-03 3.28201e-03 3.16195e-03 3.05401e-03 2.95689e-03 2.86876e-03 2.78785e-03 2.71268e-03 2.64202e-03 2.57483e-03 2.51045e-03 2.44869e-03 2.38981e-03 2.33432e-03 2.28270e-03 2.23521e-03 2.19180e-03 2.15218e-03 2.11592e-03 2.08244e-03 2.05106e-03 2.02095e-03 1.99134e-03 1.96163e-03 1.93167e-03 1.90169e-03 1.87193e-03 1.84230e-03 1.81230e-03 1.78165e-03 1.75095e-03 1.72172e-03 1.69556e-03 1.67314e-03 1.65384e-03 1.63650e-03 1.62034e-03 1.60529e-03 1.59157e-03 1.57929e-03 1.56824e-03 1.55806e-03 1.54848e-03 1.53930e-03 1.53035e-03 1.52128e-03 1.51155e-03 1.50064e-03 1.48827e-03 1.47449e-03 1.45956e-03 1.44373e-03 1.42710e-03 1.40972e-03 1.39158e-03 1.37267e-03 1.35302e-03 1.33269e-03 1.31180e-03 1.29050e-03 1.26895e-03 1.24734e-03 1.22582e-03 1.20450e-03 1.18352e-03 1.16300e-03 1.14310e-03 1.12401e-03 1.10593e-03 1.08900e-03 1.07331e-03 1.05882e-03 1.04545e-03 1.03309e-03 1.02164e-03 1.01099e-03 1.00103e-03 9.91953e-04 9.84303e-04 9.78712e-04 9.75512e-04 9.74567e-04 9.75414e-04 9.77450e-04 9.80063e-04 9.82698e-04 9.84911e-04 9.86386e-04 9.86931e-04 9.86437e-04 9.84821e-04 9.81988e-04 9.77837e-04 9.72309e-04 9.65457e-04 9.57493e-04 9.48782e-04 9.39761e-04 9.30785e-04 9.21986e-04 9.13239e-04 9.04232e-04 8.94599e-04 8.84037e-04 8.72401e-04 8.59734e-04 8.46196e-04 8.31913e-04 8.16860e-04 8.00840e-04 7.83541e-04 7.64607e-04 7.43711e-04 7.20600e-04 6.95130e-04 6.67278e-04 6.37149e-04 6.05004e-04 5.71275e-04 5.36541e-04 5.01442e-04 4.66573e-04 4.32384e-04 3.99151e-04 3.66983e-04 3.35867e-04 3.05718e-04 2.76435e-04 2.47944e-04 2.20243e-04 1.93426e-04 1.67699e-04 1.43378e-04 1.20853e-04 1.00540e-04 8.27981e-05 6.78518e-05 5.57180e-05 4.61719e-05 3.87710e-05 3.29270e-05 2.79865e-05 2.33144e-05 1.84380e-05 1.32651e-05 8.23164e-06 4.12693e-06 1.54063e-06 3.86260e-07 5.76258e-08 4.49708e-09 8.66190e-11
6.903973 1.75327e-02 2.94099e-02 2.51461e-02 2.20436e-02 1.99420e-02 1.84166e-02 1.72203e-02 1.62645e-02 1.55188e-02 1.49412e-02 1.44774e-02 1.40786e-02 1.37107e-02 1.33551e-02 1.30050e-02 1.26588e-02 1.23163e-02 1.19794e-02 1.16558e-02 1.13586e-02 1.11005e-02 1.08872e-02 1.07132e-02 1.05646e-02 1.04222e-02 1.02650e-02 1.00716e-02 9.82374e-03 9.51444e-03 9.15426e-03 8.76937e-03 8.38932e-03 8.03350e-03 7.70636e-03 7.40387e-03 7.12493e-03 6.87750e-03 6.67224e-03 6.50926e-03 6.37269e-03 6.23917e-03 6.09195e-03 5.93116e-03 5.77585e-03 5.65645e-03 5.59825e-03 5.60211e-03 5.63582e-03 5.64889e-03 5.60632e-03 5.51303e-03 5.40446e-03 5.31488e-03 5.25718e-03 5.22628e-03 5.21187e-03 5.20578e-03 5.20313e-03 5.20104e-03 5.19784e-03 5.19278e-03 5.18606e-03 5.17877e-03 5.17251e-03 5.16881e-03 5.16865e-03 5.17222e-03 5.17898e-03 5.18793e-03 5.19792e-03 5.20783e-03 5.21662e-03 5.22334e-03 5.22709e-03 5.22702e-03 5.22248e-03 5.21320e-03 5.19943e-03 5.18199e-03 5.16195e-03 5.14018e-03 5.11654e-03 5.08874e-03 5.05179e-03 4.99995e-03 4.93282e-03 4.85990e-03 4.79397e-03 4.73955e-03 4.69238e-03 4.64684e-03 4.59949e-03 4.54876e-03 4.49459e-03 4.43792e-03 4.37903e-03 4.31510e-03 4.23929e-03 4.14369e-03 4.02473e-03 3.88634e-03 3.73789e-03 3.58951e-03 3.44858e-03 3.31900e-03 3.20195e-03 3.09673e-03 3.00164e-03 2.91463e-03 2.83382e-03 2.75781e-03 2.68560e-03 2.61651e-03 2.55014e-03 2.48633e-03 2.42524e-03 2.36721e-03 2.31254e-03 2.26134e-03 2.21347e-03 2.16865e-03 2.12654e-03 2.08680e-03 2.04907e-03 2.01295e-03 1.97797e-03 1.94369e-03 1.90983e-03 1.87641e-03 1.84381e-03 1.81254e-03 1.78280e-03 1.75430e-03 1.72635e-03 1.69856e-03 1.67140e-03 1.64608e-03 1.62361e-03 1.60409e-03 1.58687e-03 1.57124e-03 1.55679e-03 1.54342e-03 1.53100e-03 1.51932e-03 1.50813e-03 1.49734e-03 1.48696e-03 1.47701e-03 1.46734e-03 1.45762e-03 1.44745e-03 1.43648e-03 1.42458e-03 1.41175e-03 1.39803e-03 1.38346e-03 1.36801e-03 1.35167e-03 1.33442e-03 1.31632e-03 1.29749e-03 1.27807e-03 1.25826e-03 1.23826e-03 1.21827e-03 1.19846e-03 1.17901e-03 1.16002e-03 1.14161e-03 1.12384e-03 1.10679e-03 1.09051e-03 1.07502e-03 1.06034e-03 1.04646e-03 1.03342e-03 1.02127e-03 1.01013e-03 1.00005e-03 9.91008e-04 9.82956e-04 9.76011e-04 9.70478e-04 9.66636e-04 9.64478e-04 9.63641e-04 9.63560e-04 9.63680e-04 9.63570e-04 9.62915e-04 9.61462e-04 9.58984e-04 9.55307e-04 9.50416e-04 9.44536e-04 9.38125e-04 9.31739e-04 9.25828e-04 9.20569e-04 9.15847e-04 9.11393e-04 9.06961e-04 9.02416e-04 8.97677e-04 8.92623e-04 8.87080e-04 8.80934e-04 8.74247e-04 8.67211e-04 8.59945e-04 8.52316e-04 8.43937e-04 8.34300e-04 8.22895e-04 8.09286e-04 7.93145e-04 7.74264e-04 7.52556e-04 7.28043e-04 7.00855e-04 6.71232e-04 6.39532e-04 6.06214e-04 5.71795e-04 5.36781e-04 5.01611e-04 4.66619e-04 4.32031e-04 3.97978e-04 3.64527e-04 3.31704e-04 2.99528e-04 2.68045e-04 2.37347e-04 2.07599e-04 1.79042e-04 1.51988e-04 1.26794e-04 1.03824e-04 8.33947e-05 6.57319e-05 5.09428e-05 3.90136e-05 2.98098e-05 2.30362e-05 1.81502e-05 1.43408e-05 1.07823e-05 7.13890e-06 3.81550e-06 1.49719e-06 3.85238e-07 5.66480e-08 4.11381e-09 7.42928e-11
7.004030 1.67237e-02 2.84840e-02 2.47109e-02 2.18439e-02 1.98085e-02 1.83112e-02 1.71404e-02 1.61944e-02 1.54373e-02 1.48388e-02 1.43614e-02 1.39697e-02 1.36360e-02 1.33393e-02 1.30610e-02 1.27827e-02 1.24893e-02 1.21768e-02 1.18558e-02 1.15481e-02 1.12743e-02 1.10436e-02 1.08486e-02 1.06682e-02 1.04737e-02 1.02384e-02 9.94724e-03 9.60422e-03 9.23223e-03 8.86200e-03 8.51699e-03 8.20365e-03 7.91268e-03 7.62974e-03 7.34873e-03 7.07793e-03 6.83361e-03 6.62764e-03 6.46021e-03 6.32085e-03 6.19380e-03 6.06492e-03 5.92940e-03 5.79736e-03 5.69197e-03 5.63690e-03 5.63761e-03 5.66956e-03 5.68814e-03 5.65891e-03 5.58275e-03 5.49025e-03 5.41300e-03 5.36343e-03 5.33697e-03 5.32400e-03 5.31730e-03 5.31304e-03 5.30940e-03 5.30548e-03 5.30100e-03 5.29625e-03 5.29193e-03 5.28891e-03 5.28783e-03 5.28895e-03 5.29209e-03 5.29682e-03 5.30262e-03 5.30892e-03 5.31509e-03 5.32038e-03 5.32391e-03 5.32478e-03 5.32223e-03 5.31578e-03 5.30537e-03 5.29137e-03 5.27453e-03 5.25568e-03 5.23534e-03 5.21294e-03 5.18596e-03 5.14933e-03 5.09720e-03 5.02821e-03 4.95043e-03 4.87694e-03 4.81471e-03 4.76153e-03 4.71242e-03 4.66452e-03 4.61667e-03 4.56688e-03 4.50988e-03 4.43726e-03 4.34143e-03 4.22063e-03 4.08048e-03 3.93065e-03 3.78030e-03 3.63565e-03 3.50010e-03 3.37528e-03 3.26169e-03 3.15884e-03 3.06550e-03 2.97998e-03 2.90056e-03 2.82565e-03 2.75396e-03 2.68460e-03 2.61724e-03 2.55197e-03 2.48921e-03 2.42940e-03 2.37281e-03 2.31942e-03 2.26894e-03 2.22095e-03 2.17498e-03 2.13068e-03 2.08777e-03 2.04602e-03 2.00526e-03 1.96528e-03 1.92591e-03 1.88712e-03 1.84913e-03 1.81244e-03 1.77767e-03 1.74530e-03 1.71531e-03 1.68727e-03 1.66071e-03 1.63551e-03 1.61195e-03 1.59034e-03 1.57066e-03 1.55262e-03 1.53594e-03 1.52050e-03 1.50623e-03 1.49294e-03 1.48032e-03 1.46810e-03 1.45620e-03 1.44471e-03 1.43376e-03 1.42340e-03 1.41347e-03 1.40372e-03 1.39389e-03 1.38373e-03 1.37303e-03 1.36164e-03 1.34941e-03 1.33625e-03 1.32204e-03 1.30673e-03 1.29036e-03 1.27301e-03 1.25484e-03 1.23606e-03 1.21689e-03 1.19758e-03 1.17834e-03 1.15937e-03 1.14083e-03 1.12286e-03 1.10556e-03 1.08900e-03 1.07326e-03 1.05844e-03 1.04467e-03 1.03210e-03 1.02088e-03 1.01114e-03 1.00287e-03 9.95889e-04 9.89862e-04 9.84360e-04 9.79056e-04 9.73840e-04 9.68782e-04 9.63952e-04 9.59278e-04 9.54532e-04 9.49415e-04 9.43659e-04 9.37098e-04 9.29704e-04 9.21625e-04 9.13212e-04 9.04984e-04 8.97532e-04 8.91350e-04 8.86671e-04 8.83410e-04 8.81254e-04 8.79870e-04 8.79086e-04 8.78884e-04 8.79217e-04 8.79827e-04 8.80287e-04 8.80294e-04 8.79902e-04 8.79410e-04 8.78985e-04 8.78423e-04 8.77214e-04 8.74741e-04 8.70427e-04 8.63807e-04 8.54560e-04 8.42511e-04 8.27616e-04 8.09922e-04 7.89524e-04 7.66534e-04 7.41075e-04 7.13307e-04 6.83447e-04 6.51776e-04 6.18620e-04 5.84307e-04 5.49136e-04 5.13353e-04 4.77157e-04 4.40706e-04 4.04139e-04 3.67601e-04 3.31259e-04 2.95325e-04 2.60066e-04 2.25814e-04 1.92953e-04 1.61908e-04 1.33105e-04 1.06932e-04 8.36907e-05 6.35650e-05 4.66211e-05 3.28581e-05 2.22613e-05 1.47531e-05 9.96251e-06 7.01740e-06 4.82653e-06 2.82052e-06 1.21270e-06 3.34222e-07 5.06174e-08 3.55943e-09 6.06671e-11
7.104088 1.62591e-02 2.80587e-02 2.45469e-02 2.16900e-02 1.96338e-02 1.81601e-02 1.70265e-02 1.61051e-02 1.53567e-02 1.47608e-02 1.42908e-02 1.39199e-02 1.36239e-02 1.33779e-02 1.31535e-02 1.29207e-02 1.26575e-02 1.23595e-02 1.20427e-02 1.17338e-02 1.14543e-02 1.12079e-02 1.09757e-02 1.07253e-02 1.04273e-02 1.00715e-02 9.67460e-03 9.27158e-03 8.89823e-03 8.57475e-03 8.29937e-03 8.05335e-03 7.81320e-03 7.56381e-03 7.30458e-03 7.04591e-03 6.80167e-03 6.58426e-03 6.40142e-03 6.25293e-03 6.12956e-03 6.01730e-03 5.90604e-03 5.79806e-03 5.70936e-03 5.65992e-03 5.65660e-03 5.68077e-03 5.69493e-03 5.66868e-03 5.60171e-03 5.52014e-03 5.45168e-03 5.40731e-03 5.38274e-03 5.36930e-03 5.36099e-03 5.35532e-03 5.35165e-03 5.34977e-03 5.34946e-03 5.35043e-03 5.35243e-03 5.35527e-03 5.35883e-03 5.36302e-03 5.36787e-03 5.37343e-03 5.37969e-03 5.38644e-03 5.39307e-03 5.39867e-03 5.40218e-03 5.40265e-03 5.39952e-03 5.39271e-03 5.38260e-03 5.36990e-03 5.35541e-03 5.33976e-03 5.32303e-03 5.30416e-03 5.28030e-03 5.24638e-03 5.19640e-03 5.12783e-03 5.04665e-03 4.96560e-03 4.89476e-03 4.83592e-03 4.78538e-03 4.73703e-03 4.68216e-03 4.61070e-03 4.51562e-03 4.39669e-03 4.26022e-03 4.11521e-03 3.96939e-03 3.82758e-03 3.69221e-03 3.56455e-03 3.44548e-03 3.33552e-03 3.23452e-03 3.14170e-03 3.05590e-03 2.97584e-03 2.90029e-03 2.82810e-03 2.75831e-03 2.69032e-03 2.62406e-03 2.56001e-03 2.49890e-03 2.44123e-03 2.38706e-03 2.33596e-03 2.28726e-03 2.24024e-03 2.19435e-03 2.14918e-03 2.10454e-03 2.06036e-03 2.01662e-03 1.97334e-03 1.93053e-03 1.88826e-03 1.84680e-03 1.80668e-03 1.76855e-03 1.73299e-03 1.70019e-03 1.66989e-03 1.64167e-03 1.61534e-03 1.59102e-03 1.56881e-03 1.54851e-03 1.52966e-03 1.51189e-03 1.49515e-03 1.47950e-03 1.46488e-03 1.45105e-03 1.43774e-03 1.42483e-03 1.41241e-03 1.40063e-03 1.38958e-03 1.37919e-03 1.36934e-03 1.35984e-03 1.35045e-03 1.34090e-03 1.33092e-03 1.32024e-03 1.30866e-03 1.29599e-03 1.28211e-03 1.26698e-03 1.25063e-03 1.23319e-03 1.21486e-03 1.19586e-03 1.17649e-03 1.15702e-03 1.13776e-03 1.11897e-03 1.10092e-03 1.08384e-03 1.06796e-03 1.05348e-03 1.04058e-03 1.02940e-03 1.01999e-03 1.01229e-03 1.00610e-03 1.00109e-03 9.96844e-04 9.92864e-04 9.88634e-04 9.83719e-04 9.77823e-04 9.70794e-04 9.62581e-04 9.53195e-04 9.42704e-04 9.31262e-04 9.19135e-04 9.06708e-04 8.94458e-04 8.82894e-04 8.72478e-04 8.63555e-04 8.56318e-04 8.50809e-04 8.46988e-04 8.44825e-04 8.44357e-04 8.45659e-04 8.48674e-04 8.53017e-04 8.58003e-04 8.63029e-04 8.68032e-04 8.73480e-04 8.79817e-04 8.86920e-04 8.94105e-04 9.00485e-04 9.05264e-04 9.07837e-04 9.07787e-04 9.04872e-04 8.99007e-04 8.90237e-04 8.78690e-04 8.64529e-04 8.47897e-04 8.28895e-04 8.07581e-04 7.83992e-04 7.58184e-04 7.30251e-04 7.00334e-04 6.68604e-04 6.35236e-04 6.00394e-04 5.64216e-04 5.26830e-04 4.88370e-04 4.48998e-04 4.08930e-04 3.68456e-04 3.27944e-04 2.87848e-04 2.48687e-04 2.11030e-04 1.75457e-04 1.42518e-04 1.12689e-04 8.63206e-05 6.36052e-05 4.45894e-05 2.92481e-05 1.75802e-05 9.57270e-06 4.89679e-06 2.60324e-06 1.44638e-06 6.80646e-07 2.12322e-07 3.60229e-08 2.74022e-09 4.67004e-11
7.204145 1.65670e-02 2.82202e-02 2.43645e-02 2.13926e-02 1.93799e-02 1.79750e-02 1.68967e-02 1.60167e-02 1.53003e-02 1.47319e-02 1.42896e-02 1.39485e-02 1.36835e-02 1.34661e-02 1.32637e-02 1.30459e-02 1.27945e-02 1.25104e-02 1.22111e-02 1.19171e-02 1.16355e-02 1.13518e-02 1.10364e-02 1.06642e-02 1.02336e-02 9.77273e-03 9.32545e-03 8.93065e-03 8.60644e-03 8.34693e-03 8.12951e-03 7.92723e-03 7.71963e-03 7.49703e-03 7.25893e-03 7.01170e-03 6.76814e-03 6.54485e-03 6.35557e-03 6.20458e-03 6.08484e-03 5.98212e-03 5.88404e-03 5.78921e-03 5.70953e-03 5.66197e-03 5.65310e-03 5.66763e-03 5.67380e-03 5.64557e-03 5.58239e-03 5.50627e-03 5.44101e-03 5.39665e-03 5.37028e-03 5.35497e-03 5.34585e-03 5.34098e-03 5.33991e-03 5.34225e-03 5.34723e-03 5.35385e-03 5.36116e-03 5.36853e-03 5.37572e-03 5.38285e-03 5.39029e-03 5.39844e-03 5.40748e-03 5.41715e-03 5.42676e-03 5.43524e-03 5.44149e-03 5.44470e-03 5.44451e-03 5.44113e-03 5.43517e-03 5.42735e-03 5.41825e-03 5.40807e-03 5.39627e-03 5.38127e-03 5.35994e-03 5.32746e-03 5.27837e-03 5.21033e-03 5.12893e-03 5.04684e-03 4.97439e-03 4.91092e-03 4.84621e-03 4.76861e-03 4.67157e-03 4.55554e-03 4.42593e-03 4.28963e-03 4.15238e-03 4.01767e-03 3.88714e-03 3.76153e-03 3.64159e-03 3.52821e-03 3.42209e-03 3.32334e-03 3.23139e-03 3.14527e-03 3.06387e-03 2.98616e-03 2.91132e-03 2.83877e-03 2.76822e-03 2.69967e-03 2.63344e-03 2.57002e-03 2.50989e-03 2.45331e-03 2.40019e-03 2.35011e-03 2.30245e-03 2.25649e-03 2.21156e-03 2.16716e-03 2.12297e-03 2.07889e-03 2.03496e-03 1.99130e-03 1.94800e-03 1.90520e-03 1.86306e-03 1.82190e-03 1.78220e-03 1.74440e-03 1.70880e-03 1.67537e-03 1.64390e-03 1.61436e-03 1.58694e-03 1.56194e-03 1.53941e-03 1.51902e-03 1.50030e-03 1.48284e-03 1.46634e-03 1.45057e-03 1.43533e-03 1.42049e-03 1.40613e-03 1.39246e-03 1.37967e-03 1.36781e-03 1.35677e-03 1.34640e-03 1.33650e-03 1.32683e-03 1.31712e-03 1.30705e-03 1.29632e-03 1.28468e-03 1.27190e-03 1.25786e-03 1.24249e-03 1.22583e-03 1.20800e-03 1.18924e-03 1.16985e-03 1.15020e-03 1.13071e-03 1.11177e-03 1.09376e-03 1.07701e-03 1.06180e-03 1.04835e-03 1.03682e-03 1.02727e-03 1.01962e-03 1.01369e-03 1.00914e-03 1.00554e-03 1.00239e-03 9.99132e-04 9.95188e-04 9.90074e-04 9.83452e-04 9.75151e-04 9.65138e-04 9.53477e-04 9.40328e-04 9.25969e-04 9.10811e-04 8.95387e-04 8.80282e-04 8.66053e-04 8.53146e-04 8.41867e-04 8.32414e-04 8.24956e-04 8.19734e-04 8.17086e-04 8.17325e-04 8.20430e-04 8.25705e-04 8.31842e-04 8.37695e-04 8.43311e-04 8.50083e-04 8.59578e-04 8.72194e-04 8.86945e-04 9.02243e-04 9.16653e-04 9.29145e-04 9.39043e-04 9.45919e-04 9.49522e-04 9.49747e-04 9.46609e-04 9.40225e-04 9.30797e-04 9.18588e-04 9.03881e-04 8.86931e-04 8.67928e-04 8.46985e-04 8.24140e-04 7.99390e-04 7.72717e-04 7.44108e-04 7.13561e-04 6.81081e-04 6.46678e-04 6.10371e-04 5.72198e-04 5.32246e-04 4.90678e-04 4.47757e-04 4.03867e-04 3.59513e-04 3.15307e-04 2.71935e-04 2.30122e-04 1.90583e-04 1.53976e-04 1.20853e-04 9.16167e-05 6.64918e-05 4.55442e-05 2.87658e-05 1.61758e-05 7.75353e-06 3.07762e-06 1.05492e-06 3.49475e-07 1.05014e-07 2.10870e-08 2.00676e-09 3.71001e-11
7.304203 1.63475e-02 2.76625e-02 2.38519e-02 2.10485e-02 1.91576e-02 1.78249e-02 1.68073e-02 1.59862e-02 1.53238e-02 1.48023e-02 1.43978e-02 1.40816e-02 1.38253e-02 1.36019e-02 1.33867e-02 1.31619e-02 1.29201e-02 1.26632e-02 1.23955e-02 1.21129e-02 1.17974e-02 1.14235e-02 1.09770e-02 1.04705e-02 9.94357e-03 9.44631e-03 9.01788e-03 8.67395e-03 8.40678e-03 8.19402e-03 8.00995e-03 7.83334e-03 7.64949e-03 7.44918e-03 7.22910e-03 6.99447e-03 6.75942e-03 6.54192e-03 6.35619e-03 6.20720e-03 6.08909e-03 5.98859e-03 5.89329e-03 5.80065e-03 5.72071e-03 5.66874e-03 5.65095e-03 5.65428e-03 5.65124e-03 5.61916e-03 5.55686e-03 5.48231e-03 5.41607e-03 5.36851e-03 5.33932e-03 5.32353e-03 5.31637e-03 5.31487e-03 5.31737e-03 5.32276e-03 5.33004e-03 5.33834e-03 5.34703e-03 5.35582e-03 5.36479e-03 5.37423e-03 5.38452e-03 5.39593e-03 5.40845e-03 5.42169e-03 5.43489e-03 5.44710e-03 5.45744e-03 5.46534e-03 5.47072e-03 5.47383e-03 5.47506e-03 5.47462e-03 5.47229e-03 5.46731e-03 5.45839e-03 5.44381e-03 5.42154e-03 5.38923e-03 5.34424e-03 5.28452e-03 5.21066e-03 5.12640e-03 5.03522e-03 4.93705e-03 4.82977e-03 4.71300e-03 4.58928e-03 4.46242e-03 4.33574e-03 4.21120e-03 4.08948e-03 3.97056e-03 3.85447e-03 3.74179e-03 3.63354e-03 3.53064e-03 3.43348e-03 3.34181e-03 3.25493e-03 3.17190e-03 3.09186e-03 3.01421e-03 2.93872e-03 2.86547e-03 2.79464e-03 2.72640e-03 2.66081e-03 2.59785e-03 2.53747e-03 2.47971e-03 2.42459e-03 2.37210e-03 2.32209e-03 2.27427e-03 2.22822e-03 2.18354e-03 2.13988e-03 2.09702e-03 2.05483e-03 2.01328e-03 1.97227e-03 1.93171e-03 1.89149e-03 1.85165e-03 1.81237e-03 1.77403e-03 1.73703e-03 1.70162e-03 1.66795e-03 1.63614e-03 1.60644e-03 1.57910e-03 1.55421e-03 1.53154e-03 1.51071e-03 1.49133e-03 1.47309e-03 1.45569e-03 1.43881e-03 1.42228e-03 1.40617e-03 1.39072e-03 1.37622e-03 1.36279e-03 1.35034e-03 1.33866e-03 1.32749e-03 1.31654e-03 1.30547e-03 1.29396e-03 1.28168e-03 1.26837e-03 1.25389e-03 1.23817e-03 1.22127e-03 1.20330e-03 1.18450e-03 1.16516e-03 1.14566e-03 1.12643e-03 1.10792e-03 1.09053e-03 1.07463e-03 1.06048e-03 1.04825e-03 1.03800e-03 1.02969e-03 1.02317e-03 1.01822e-03 1.01451e-03 1.01163e-03 1.00903e-03 1.00606e-03 1.00205e-03 9.96516e-04 9.89159e-04 9.79932e-04 9.68937e-04 9.56344e-04 9.42355e-04 9.27205e-04 9.11190e-04 8.94685e-04 8.78154e-04 8.62122e-04 8.47134e-04 8.33724e-04 8.22428e-04 8.13817e-04 8.08513e-04 8.07045e-04 8.09478e-04 8.14933e-04 8.21495e-04 8.27071e-04 8.30982e-04 8.34880e-04 8.41736e-04 8.53635e-04 8.70486e-04 8.90577e-04 9.11852e-04 9.32668e-04 9.51885e-04 9.68690e-04 9.82473e-04 9.92766e-04 9.99229e-04 1.00165e-03 9.99999e-04 9.94419e-04 9.85270e-04 9.73046e-04 9.58289e-04 9.41486e-04 9.23006e-04 9.03074e-04 8.81772e-04 8.59062e-04 8.34822e-04 8.08880e-04 7.81052e-04 7.51164e-04 7.19067e-04 6.84645e-04 6.47828e-04 6.08605e-04 5.67055e-04 5.23368e-04 4.77877e-04 4.31064e-04 3.83552e-04 3.36080e-04 2.89459e-04 2.44514e-04 2.02043e-04 1.62758e-04 1.27245e-04 9.59256e-05 6.90389e-05 4.66770e-05 2.88828e-05 1.57284e-05 7.16103e-06 2.58312e-06 7.11123e-07 1.48553e-07 2.29769e-08 2.06233e-09 3.78971e-11
7.404260 1.54112e-02 2.66122e-02 2.33518e-02 2.07834e-02 1.89625e-02 1.76854e-02 1.67431e-02 1.60024e-02 1.54113e-02 1.49440e-02 1.45694e-02 1.42538e-02 1.39719e-02 1.37107e-02 1.34668e-02 1.32399e-02 1.30251e-02 1.28068e-02 1.25573e-02 1.22425e-02 1.18351e-02 1.13313e-02 1.07593e-02 1.01722e-02 9.62634e-03 9.16091e-03 8.78885e-03 8.50068e-03 8.27496e-03 8.08862e-03 7.92257e-03 7.76216e-03 7.59543e-03 7.41326e-03 7.21215e-03 6.99688e-03 6.77977e-03 6.57599e-03 6.39805e-03 6.25153e-03 6.13278e-03 6.03066e-03 5.93370e-03 5.83867e-03 5.75373e-03 5.69208e-03 5.65950e-03 5.64562e-03 5.62827e-03 5.58936e-03 5.52767e-03 5.45685e-03 5.39317e-03 5.34610e-03 5.31702e-03 5.30255e-03 5.29796e-03 5.29922e-03 5.30360e-03 5.30956e-03 5.31643e-03 5.32398e-03 5.33224e-03 5.34137e-03 5.35158e-03 5.36308e-03 5.37598e-03 5.39024e-03 5.40561e-03 5.42155e-03 5.43734e-03 5.45225e-03 5.46571e-03 5.47745e-03 5.48739e-03 5.49544e-03 5.50122e-03 5.50393e-03 5.50267e-03 5.49690e-03 5.48684e-03 5.47325e-03 5.45607e-03 5.43238e-03 5.39535e-03 5.33626e-03 5.24994e-03 5.13941e-03 5.01436e-03 4.88477e-03 4.75647e-03 4.63163e-03 4.51086e-03 4.39429e-03 4.28156e-03 4.17180e-03 4.06402e-03 3.95772e-03 3.85315e-03 3.75111e-03 3.65241e-03 3.55753e-03 3.46652e-03 3.37908e-03 3.29472e-03 3.21291e-03 3.13340e-03 3.05626e-03 2.98172e-03 2.90998e-03 2.84096e-03 2.77434e-03 2.70965e-03 2.64651e-03 2.58476e-03 2.52450e-03 2.46596e-03 2.40941e-03 2.35504e-03 2.30297e-03 2.25326e-03 2.20583e-03 2.16051e-03 2.11707e-03 2.07529e-03 2.03494e-03 1.99576e-03 1.95744e-03 1.91967e-03 1.88223e-03 1.84509e-03 1.80843e-03 1.77261e-03 1.73802e-03 1.70494e-03 1.67355e-03 1.64396e-03 1.61625e-03 1.59036e-03 1.56607e-03 1.54307e-03 1.52114e-03 1.50013e-03 1.47993e-03 1.46041e-03 1.44142e-03 1.42297e-03 1.40520e-03 1.38832e-03 1.37246e-03 1.35758e-03 1.34354e-03 1.33007e-03 1.31689e-03 1.30365e-03 1.29001e-03 1.27564e-03 1.26032e-03 1.24393e-03 1.22650e-03 1.20820e-03 1.18926e-03 1.16999e-03 1.15077e-03 1.13197e-03 1.11401e-03 1.09721e-03 1.08186e-03 1.06817e-03 1.05623e-03 1.04614e-03 1.03790e-03 1.03152e-03 1.02690e-03 1.02373e-03 1.02145e-03 1.01925e-03 1.01622e-03 1.01160e-03 1.00500e-03 9.96356e-04 9.85881e-04 9.73857e-04 9.60533e-04 9.46095e-04 9.30703e-04 9.14555e-04 8.97941e-04 8.81278e-04 8.65113e-04 8.50118e-04 8.37070e-04 8.26830e-04 8.20255e-04 8.17985e-04 8.20044e-04 8.25397e-04 8.31899e-04 8.37118e-04 8.39888e-04 8.41430e-04 8.44783e-04 8.52798e-04 8.66506e-04 8.85099e-04 9.06959e-04 9.30485e-04 9.54326e-04 9.77335e-04 9.98522e-04 1.01705e-03 1.03223e-03 1.04348e-03 1.05034e-03 1.05258e-03 1.05024e-03 1.04371e-03 1.03358e-03 1.02056e-03 1.00531e-03 9.88378e-04 9.70126e-04 9.50778e-04 9.30424e-04 9.09034e-04 8.86474e-04 8.62511e-04 8.36849e-04 8.09162e-04 7.79142e-04 7.46533e-04 7.11156e-04 6.72923e-04 6.31856e-04 5.88099e-04 5.41938e-04 4.93817e-04 4.44332e-04 3.94213e-04 3.44286e-04 2.95424e-04 2.48495e-04 2.04315e-04 1.63595e-04 1.26907e-04 9.46490e-05 6.70474e-05 4.42212e-05 2.63026e-05 1.34561e-05 5.55880e-06 1.71702e-06 3.61944e-07 4.66339e-08 3.13435e-09 5.03714e-11
7.504318 1.50348e-02 2.61783e-02 2.30599e-02 2.04886e-02 1.86968e-02 1.75065e-02 1.66697e-02 1.60265e-02 1.55096e-02 1.50818e-02 1.47062e-02 1.43541e-02 1.40191e-02 1.37159e-02 1.34632e-02 1.32626e-02 1.30865e-02 1.28830e-02 1.25957e-02 1.21875e-02 1.16578e-02 1.10453e-02 1.04136e-02 9.82646e-03 9.32645e-03 8.92632e-03 8.61496e-03 8.37003e-03 8.16929e-03 7.99597e-03 7.83851e-03 7.68769e-03 7.53480e-03 7.37214e-03 7.19546e-03 7.00643e-03 6.81281e-03 6.62580e-03 6.45649e-03 6.31192e-03 6.19135e-03 6.08633e-03 5.98652e-03 5.88769e-03 5.79537e-03 5.72005e-03 5.66702e-03 5.62962e-03 5.59294e-03 5.54547e-03 5.48711e-03 5.42667e-03 5.37383e-03 5.33408e-03 5.30851e-03 5.29535e-03 5.29146e-03 5.29344e-03 5.29850e-03 5.30495e-03 5.31218e-03 5.32022e-03 5.32939e-03 5.33997e-03 5.35212e-03 5.36580e-03 5.38084e-03 5.39694e-03 5.41367e-03 5.43046e-03 5.44668e-03 5.46168e-03 5.47491e-03 5.48583e-03 5.49391e-03 5.49864e-03 5.49979e-03 5.49779e-03 5.49379e-03 5.48911e-03 5.48390e-03 5.47590e-03 5.46013e-03 5.42984e-03 5.37826e-03 5.30071e-03 5.19701e-03 5.07307e-03 4.93923e-03 4.80575e-03 4.67886e-03 4.56045e-03 4.44978e-03 4.34504e-03 4.24414e-03 4.14530e-03 4.04751e-03 3.95066e-03 3.85519e-03 3.76162e-03 3.67033e-03 3.58158e-03 3.49553e-03 3.41217e-03 3.33137e-03 3.25305e-03 3.17724e-03 3.10405e-03 3.03345e-03 2.96520e-03 2.89888e-03 2.83393e-03 2.76982e-03 2.70612e-03 2.64267e-03 2.57959e-03 2.51730e-03 2.45634e-03 2.39725e-03 2.34051e-03 2.28648e-03 2.23540e-03 2.18731e-03 2.14201e-03 2.09915e-03 2.05830e-03 2.01906e-03 1.98103e-03 1.94392e-03 1.90750e-03 1.87168e-03 1.83658e-03 1.80249e-03 1.76977e-03 1.73869e-03 1.70935e-03 1.68168e-03 1.65546e-03 1.63039e-03 1.60611e-03 1.58233e-03 1.55889e-03 1.53581e-03 1.51316e-03 1.49100e-03 1.46935e-03 1.44828e-03 1.42795e-03 1.40852e-03 1.39006e-03 1.37251e-03 1.35572e-03 1.33949e-03 1.32361e-03 1.30783e-03 1.29192e-03 1.27561e-03 1.25873e-03 1.24121e-03 1.22310e-03 1.20461e-03 1.18604e-03 1.16772e-03 1.14997e-03 1.13304e-03 1.11707e-03 1.10212e-03 1.08820e-03 1.07544e-03 1.06408e-03 1.05451e-03 1.04704e-03 1.04168e-03 1.03795e-03 1.03498e-03 1.03167e-03 1.02703e-03 1.02043e-03 1.01167e-03 1.00093e-03 9.88609e-04 9.75148e-04 9.60910e-04 9.46149e-04 9.31048e-04 9.15804e-04 9.00699e-04 8.86154e-04 8.72755e-04 8.61246e-04 8.52481e-04 8.47295e-04 8.46235e-04 8.49176e-04 8.54967e-04 8.61473e-04 8.66336e-04 8.68306e-04 8.68278e-04 8.68987e-04 8.73377e-04 8.82969e-04 8.97539e-04 9.15948e-04 9.37007e-04 9.59735e-04 9.83207e-04 1.00642e-03 1.02836e-03 1.04803e-03 1.06461e-03 1.07736e-03 1.08577e-03 1.08956e-03 1.08882e-03 1.08398e-03 1.07568e-03 1.06463e-03 1.05147e-03 1.03667e-03 1.02057e-03 1.00337e-03 9.85182e-04 9.66071e-04 9.46020e-04 9.24935e-04 9.02613e-04 8.78738e-04 8.52902e-04 8.24664e-04 7.93621e-04 7.59475e-04 7.22067e-04 6.81398e-04 6.37618e-04 5.91031e-04 5.42085e-04 4.91369e-04 4.39594e-04 3.87570e-04 3.36161e-04 2.86249e-04 2.38683e-04 1.94238e-04 1.53575e-04 1.17198e-04 8.54422e-05 5.85038e-05 3.65707e-05 1.99491e-05 8.89004e-06 2.96011e-06 6.54513e-07 8.21581e-08 4.83859e-09 7.11220e-11
7.604376 1.51960e-02 2.60247e-02 2.26157e-02 2.00433e-02 1.83825e-02 1.73271e-02 1.66076e-02 1.60566e-02 1.55907e-02 1.51631e-02 1.47444e-02 1.43316e-02 1.39523e-02 1.36445e-02 1.34237e-02 1.32617e-02 1.30921e-02 1.28398e-02 1.24550e-02 1.19318e-02 1.13090e-02 1.06538e-02 1.00364e-02 9.50596e-03 9.07963e-03 8.74693e-03 8.48387e-03 8.26668e-03 8.07888e-03 7.91140e-03 7.75915e-03 7.61758e-03 7.48071e-03 7.34110e-03 7.19224e-03 7.03167e-03 6.86239e-03 6.69203e-03 6.53066e-03 6.38664e-03 6.26184e-03 6.15037e-03 6.04343e-03 5.93674e-03 5.83438e-03 5.74507e-03 5.67379e-03 5.61665e-03 5.56431e-03 5.51060e-03 5.45679e-03 5.40826e-03 5.36903e-03 5.34003e-03 5.32063e-03 5.30986e-03 5.30652e-03 5.30893e-03 5.31522e-03 5.32381e-03 5.33379e-03 5.34489e-03 5.35717e-03 5.37072e-03 5.38550e-03 5.40126e-03 5.41758e-03 5.43393e-03 5.44967e-03 5.46403e-03 5.47619e-03 5.48539e-03 5.49114e-03 5.49350e-03 5.49324e-03 5.49172e-03 5.49040e-03 5.48990e-03 5.48921e-03 5.48554e-03 5.47499e-03 5.45378e-03 5.41912e-03 5.36921e-03 5.30252e-03 5.21760e-03 5.11420e-03 4.99548e-03 4.86844e-03 4.74161e-03 4.62143e-03 4.51049e-03 4.40801e-03 4.31158e-03 4.21859e-03 4.12724e-03 4.03671e-03 3.94690e-03 3.85795e-03 3.77015e-03 3.68393e-03 3.59991e-03 3.51866e-03 3.44045e-03 3.36530e-03 3.29303e-03 3.22343e-03 3.15617e-03 3.09083e-03 3.02689e-03 2.96382e-03 2.90109e-03 2.83820e-03 2.77469e-03 2.71027e-03 2.64496e-03 2.57925e-03 2.51398e-03 2.45018e-03 2.38875e-03 2.33038e-03 2.27548e-03 2.22421e-03 2.17648e-03 2.13192e-03 2.08997e-03 2.04999e-03 2.01140e-03 1.97374e-03 1.93674e-03 1.90033e-03 1.86469e-03 1.83018e-03 1.79726e-03 1.76634e-03 1.73758e-03 1.71084e-03 1.68573e-03 1.66168e-03 1.63810e-03 1.61457e-03 1.59096e-03 1.56736e-03 1.54403e-03 1.52114e-03 1.49877e-03 1.47694e-03 1.45564e-03 1.43489e-03 1.41464e-03 1.39485e-03 1.37543e-03 1.35635e-03 1.33762e-03 1.31922e-03 1.30113e-03 1.28327e-03 1.26560e-03 1.24813e-03 1.23096e-03 1.21422e-03 1.19804e-03 1.18246e-03 1.16735e-03 1.15251e-03 1.13779e-03 1.12324e-03 1.10923e-03 1.09633e-03 1.08503e-03 1.07553e-03 1.06754e-03 1.06039e-03 1.05327e-03 1.04544e-03 1.03638e-03 1.02583e-03 1.01385e-03 1.00071e-03 9.86877e-04 9.72814e-04 9.58922e-04 9.45468e-04 9.32624e-04 9.20550e-04 9.09486e-04 8.99811e-04 8.92057e-04 8.86867e-04 8.84870e-04 8.86439e-04 8.91367e-04 8.98581e-04 9.06176e-04 9.11993e-04 9.14667e-04 9.14559e-04 9.13761e-04 9.14972e-04 9.20073e-04 9.29516e-04 9.42776e-04 9.59090e-04 9.77778e-04 9.98140e-04 1.01932e-03 1.04031e-03 1.06009e-03 1.07771e-03 1.09228e-03 1.10311e-03 1.10973e-03 1.11204e-03 1.11031e-03 1.10513e-03 1.09725e-03 1.08737e-03 1.07602e-03 1.06355e-03 1.05012e-03 1.03575e-03 1.02045e-03 1.00419e-03 9.86957e-04 9.68716e-04 9.49394e-04 9.28826e-04 9.06721e-04 8.82652e-04 8.56091e-04 8.26505e-04 7.93460e-04 7.56712e-04 7.16248e-04 6.72266e-04 6.25143e-04 5.75401e-04 5.23674e-04 4.70693e-04 4.17260e-04 3.64223e-04 3.12442e-04 2.62762e-04 2.15969e-04 1.72755e-04 1.33678e-04 9.91290e-05 6.93549e-05 4.45786e-05 2.51911e-05 1.17014e-05 4.06434e-06 9.28620e-07 1.17348e-07 6.66806e-09 9.57192e-11
7.704433 1.46393e-02 2.50956e-02 2.19254e-02 1.96091e-02 1.81245e-02 1.71945e-02 1.65752e-02 1.60863e-02 1.56270e-02 1.51560e-02 1.46752e-02 1.42218e-02 1.38475e-02 1.35814e-02 1.34025e-02 1.32422e-02 1.30166e-02 1.26638e-02 1.21671e-02 1.15567e-02 1.08965e-02 1.02600e-02 9.70365e-03 9.25183e-03 8.89814e-03 8.61894e-03 8.38867e-03 8.18912e-03 8.01092e-03 7.85055e-03 7.70677e-03 7.57774e-03 7.45888e-03 7.34258e-03 7.22039e-03 7.08632e-03 6.93906e-03 6.78277e-03 6.62608e-03 6.47806e-03 6.34299e-03 6.21846e-03 6.09903e-03 5.98247e-03 5.87285e-03 5.77723e-03 5.69870e-03 5.63299e-03 5.57276e-03 5.51475e-03 5.46210e-03 5.41982e-03 5.38990e-03 5.37062e-03 5.35918e-03 5.35378e-03 5.35373e-03 5.35865e-03 5.36781e-03 5.38015e-03 5.39457e-03 5.41025e-03 5.42663e-03 5.44332e-03 5.45990e-03 5.47578e-03 5.49019e-03 5.50221e-03 5.51094e-03 5.51578e-03 5.51673e-03 5.51467e-03 5.51131e-03 5.50866e-03 5.50813e-03 5.50961e-03 5.51117e-03 5.50952e-03 5.50115e-03 5.48347e-03 5.45533e-03 5.41680e-03 5.36835e-03 5.31003e-03 5.24074e-03 5.15857e-03 5.06212e-03 4.95261e-03 4.83487e-03 4.71595e-03 4.60204e-03 4.49625e-03 4.39846e-03 4.30670e-03 4.21862e-03 4.13234e-03 4.04669e-03 3.96115e-03 3.87573e-03 3.79100e-03 3.70796e-03 3.62773e-03 3.55108e-03 3.47822e-03 3.40890e-03 3.34262e-03 3.27884e-03 3.21700e-03 3.15653e-03 3.09682e-03 3.03726e-03 2.97721e-03 2.91612e-03 2.85351e-03 2.78911e-03 2.72291e-03 2.65535e-03 2.58728e-03 2.51990e-03 2.45444e-03 2.39190e-03 2.33290e-03 2.27770e-03 2.22633e-03 2.17858e-03 2.13404e-03 2.09208e-03 2.05199e-03 2.01310e-03 1.97493e-03 1.93727e-03 1.90019e-03 1.86402e-03 1.82923e-03 1.79631e-03 1.76560e-03 1.73718e-03 1.71082e-03 1.68603e-03 1.66223e-03 1.63892e-03 1.61583e-03 1.59296e-03 1.57041e-03 1.54827e-03 1.52651e-03 1.50506e-03 1.48383e-03 1.46280e-03 1.44195e-03 1.42129e-03 1.40081e-03 1.38061e-03 1.36084e-03 1.34167e-03 1.32326e-03 1.30572e-03 1.28909e-03 1.27332e-03 1.25825e-03 1.24364e-03 1.22915e-03 1.21449e-03 1.19955e-03 1.18441e-03 1.16933e-03 1.15465e-03 1.14060e-03 1.12725e-03 1.11450e-03 1.10208e-03 1.08972e-03 1.07712e-03 1.06404e-03 1.05031e-03 1.03588e-03 1.02090e-03 1.00574e-03 9.90966e-04 9.77166e-04 9.64824e-04 9.54205e-04 9.45379e-04 9.38335e-04 9.33102e-04 9.29838e-04 9.28841e-04 9.30477e-04 9.34997e-04 9.42278e-04 9.51551e-04 9.61334e-04 9.69741e-04 9.75214e-04 9.77346e-04 9.77208e-04 9.76805e-04 9.78030e-04 9.81935e-04 9.88791e-04 9.98554e-04 1.01112e-03 1.02621e-03 1.04320e-03 1.06111e-03 1.07878e-03 1.09508e-03 1.10897e-03 1.11961e-03 1.12639e-03 1.12904e-03 1.12770e-03 1.12285e-03 1.11525e-03 1.10575e-03 1.09512e-03 1.08393e-03 1.07250e-03 1.06092e-03 1.04907e-03 1.03678e-03 1.02383e-03 1.01002e-03 9.95218e-04 9.79302e-04 9.62170e-04 9.43664e-04 9.23518e-04 9.01321e-04 8.76511e-04 8.48460e-04 8.16603e-04 7.80584e-04 7.40345e-04 6.96128e-04 6.48406e-04 5.97813e-04 5.45081e-04 4.91000e-04 4.36398e-04 3.82126e-04 3.29036e-04 2.77957e-04 2.29670e-04 1.84872e-04 1.44134e-04 1.07872e-04 7.63521e-05 4.98128e-05 2.86875e-05 1.36309e-05 4.85017e-06 1.13225e-06 1.45105e-07 8.29276e-09 1.20703e-10
7.804491 1.37284e-02 2.40247e-02 2.13585e-02 1.92649e-02 1.78849e-02 1.70470e-02 1.64985e-02 1.60302e-02 1.55389e-02 1.50139e-02 1.45000e-02 1.40602e-02 1.37359e-02 1.35174e-02 1.33440e-02 1.31319e-02 1.28109e-02 1.23501e-02 1.17659e-02 1.11142e-02 1.04680e-02 9.89016e-03 9.41334e-03 9.03793e-03 8.74350e-03 8.50428e-03 8.29986e-03 8.11840e-03 7.95467e-03 7.80715e-03 7.67593e-03 7.56062e-03 7.45809e-03 7.36143e-03 7.26128e-03 7.14880e-03 7.01862e-03 6.87143e-03 6.71444e-03 6.55787e-03 6.40955e-03 6.27185e-03 6.14344e-03 6.02370e-03 5.91541e-03 5.82246e-03 5.74492e-03 5.67736e-03 5.61330e-03 5.55136e-03 5.49635e-03 5.45442e-03 5.42798e-03 5.41496e-03 5.41128e-03 5.41362e-03 5.42029e-03 5.43079e-03 5.44486e-03 5.46192e-03 5.48098e-03 5.50077e-03 5.52001e-03 5.53745e-03 5.55189e-03 5.56222e-03 5.56757e-03 5.56766e-03 5.56312e-03 5.55563e-03 5.54758e-03 5.54135e-03 5.53836e-03 5.53835e-03 5.53936e-03 5.53835e-03 5.53226e-03 5.51883e-03 5.49710e-03 5.46719e-03 5.42979e-03 5.38565e-03 5.33500e-03 5.27733e-03 5.21123e-03 5.13475e-03 5.04642e-03 4.94670e-03 4.83881e-03 4.72807e-03 4.61987e-03 4.51773e-03 4.42263e-03 4.33355e-03 4.24842e-03 4.16507e-03 4.08187e-03 3.99812e-03 3.91415e-03 3.83108e-03 3.75043e-03 3.67351e-03 3.60092e-03 3.53253e-03 3.46771e-03 3.40570e-03 3.34582e-03 3.28742e-03 3.22994e-03 3.17276e-03 3.11528e-03 3.05687e-03 2.99703e-03 2.93537e-03 2.87173e-03 2.80613e-03 2.73883e-03 2.67038e-03 2.60161e-03 2.53361e-03 2.46749e-03 2.40419e-03 2.34431e-03 2.28814e-03 2.23570e-03 2.18686e-03 2.14124e-03 2.09829e-03 2.05727e-03 2.01745e-03 1.97829e-03 1.93954e-03 1.90134e-03 1.86411e-03 1.82847e-03 1.79504e-03 1.76420e-03 1.73594e-03 1.70981e-03 1.68507e-03 1.66094e-03 1.63688e-03 1.61277e-03 1.58885e-03 1.56547e-03 1.54296e-03 1.52148e-03 1.50106e-03 1.48162e-03 1.46301e-03 1.44502e-03 1.42749e-03 1.41036e-03 1.39365e-03 1.37739e-03 1.36153e-03 1.34590e-03 1.33024e-03 1.31431e-03 1.29797e-03 1.28129e-03 1.26451e-03 1.24793e-03 1.23173e-03 1.21590e-03 1.20026e-03 1.18460e-03 1.16884e-03 1.15305e-03 1.13738e-03 1.12189e-03 1.10652e-03 1.09105e-03 1.07524e-03 1.05898e-03 1.04248e-03 1.02623e-03 1.01102e-03 9.97686e-04 9.86874e-04 9.78917e-04 9.73818e-04 9.71398e-04 9.71458e-04 9.73896e-04 9.78732e-04 9.86022e-04 9.95673e-04 1.00721e-03 1.01959e-03 1.03131e-03 1.04078e-03 1.04694e-03 1.04973e-03 1.05009e-03 1.04938e-03 1.04884e-03 1.04942e-03 1.05188e-03 1.05690e-03 1.06488e-03 1.07572e-03 1.08870e-03 1.10272e-03 1.11651e-03 1.12879e-03 1.13844e-03 1.14459e-03 1.14671e-03 1.14468e-03 1.13883e-03 1.12981e-03 1.11849e-03 1.10583e-03 1.09270e-03 1.07978e-03 1.06747e-03 1.05593e-03 1.04510e-03 1.03471e-03 1.02442e-03 1.01385e-03 1.00264e-03 9.90493e-04 9.77184e-04 9.62529e-04 9.46343e-04 9.28371e-04 9.08228e-04 8.85362e-04 8.59098e-04 8.28770e-04 7.93897e-04 7.54335e-04 7.10319e-04 6.62393e-04 6.11300e-04 5.57881e-04 5.03009e-04 4.47563e-04 3.92418e-04 3.38432e-04 2.86437e-04 2.37214e-04 1.91461e-04 1.49756e-04 1.12521e-04 8.00346e-05 5.25470e-05 3.05154e-05 1.46549e-05 5.28068e-06 1.24966e-06 1.62604e-07 9.51801e-09 1.42920e-10
7.904548 1.34508e-02 2.35958e-02 2.09706e-02 1.88895e-02 1.75853e-02 1.68337e-02 1.63262e-02 1.58459e-02 1.53171e-02 1.47693e-02 1.42741e-02 1.38874e-02 1.36156e-02 1.34124e-02 1.32008e-02 1.29063e-02 1.24837e-02 1.19326e-02 1.12965e-02 1.06453e-02 1.00472e-02 9.54429e-03 9.14555e-03 8.83555e-03 8.58961e-03 8.38556e-03 8.20847e-03 8.04994e-03 7.90561e-03 7.77390e-03 7.65536e-03 7.55093e-03 7.45930e-03 7.37494e-03 7.28859e-03 7.18964e-03 7.07001e-03 6.92822e-03 6.77097e-03 6.60990e-03 6.45582e-03 6.31448e-03 6.18661e-03 6.07135e-03 5.96905e-03 5.88067e-03 5.80458e-03 5.73568e-03 5.66894e-03 5.60424e-03 5.54692e-03 5.50352e-03 5.47721e-03 5.46666e-03 5.46798e-03 5.47712e-03 5.49117e-03 5.50853e-03 5.52832e-03 5.54972e-03 5.57158e-03 5.59223e-03 5.60975e-03 5.62229e-03 5.62849e-03 5.62789e-03 5.62117e-03 5.61015e-03 5.59737e-03 5.58539e-03 5.57599e-03 5.56956e-03 5.56507e-03 5.56045e-03 5.55335e-03 5.54182e-03 5.52469e-03 5.50165e-03 5.47296e-03 5.43912e-03 5.40056e-03 5.35741e-03 5.30936e-03 5.25565e-03 5.19504e-03 5.12601e-03 5.04722e-03 4.95841e-03 4.86120e-03 4.75921e-03 4.65698e-03 4.55845e-03 4.46573e-03 4.37877e-03 4.29597e-03 4.21511e-03 4.13434e-03 4.05290e-03 3.97134e-03 3.89112e-03 3.81391e-03 3.74081e-03 3.67201e-03 3.60699e-03 3.54491e-03 3.48488e-03 3.42617e-03 3.36822e-03 3.31055e-03 3.25277e-03 3.19451e-03 3.13543e-03 3.07525e-03 3.01375e-03 2.95079e-03 2.88628e-03 2.82024e-03 2.75281e-03 2.68433e-03 2.61545e-03 2.54709e-03 2.48030e-03 2.41605e-03 2.35505e-03 2.29767e-03 2.24396e-03 2.19378e-03 2.14681e-03 2.10253e-03 2.06025e-03 2.01924e-03 1.97891e-03 1.93896e-03 1.89952e-03 1.86105e-03 1.82419e-03 1.78953e-03 1.75737e-03 1.72757e-03 1.69956e-03 1.67264e-03 1.64624e-03 1.62024e-03 1.59499e-03 1.57105e-03 1.54899e-03 1.52914e-03 1.51155e-03 1.49600e-03 1.48203e-03 1.46906e-03 1.45646e-03 1.44367e-03 1.43022e-03 1.41579e-03 1.40019e-03 1.38342e-03 1.36573e-03 1.34751e-03 1.32924e-03 1.31130e-03 1.29382e-03 1.27665e-03 1.25946e-03 1.24196e-03 1.22408e-03 1.20606e-03 1.18834e-03 1.17137e-03 1.15529e-03 1.13993e-03 1.12483e-03 1.10952e-03 1.09376e-03 1.07772e-03 1.06200e-03 1.04751e-03 1.03521e-03 1.02585e-03 1.01978e-03 1.01703e-03 1.01739e-03 1.02064e-03 1.02663e-03 1.03524e-03 1.04632e-03 1.05949e-03 1.07394e-03 1.08848e-03 1.10165e-03 1.11210e-03 1.11901e-03 1.12224e-03 1.12221e-03 1.11974e-03 1.11589e-03 1.11198e-03 1.10946e-03 1.10955e-03 1.11288e-03 1.11931e-03 1.12805e-03 1.13791e-03 1.14754e-03 1.15563e-03 1.16100e-03 1.16278e-03 1.16047e-03 1.15403e-03 1.14382e-03 1.13058e-03 1.11527e-03 1.09894e-03 1.08256e-03 1.06690e-03 1.05251e-03 1.03962e-03 1.02825e-03 1.01817e-03 1.00904e-03 1.00040e-03 9.91814e-04 9.82835e-04 9.73083e-04 9.62239e-04 9.50036e-04 9.36229e-04 9.20540e-04 9.02594e-04 8.81860e-04 8.57665e-04 8.29285e-04 7.96135e-04 7.57956e-04 7.14914e-04 6.67561e-04 6.16709e-04 5.63290e-04 5.08258e-04 4.52549e-04 3.97069e-04 3.42694e-04 2.90264e-04 2.40569e-04 1.94319e-04 1.52104e-04 1.14360e-04 8.13855e-05 5.34616e-05 3.10751e-05 1.49550e-05 5.41106e-06 1.28972e-06 1.70114e-07 1.02654e-08 1.59850e-10
8.004606 1.34451e-02 2.32023e-02 2.04146e-02 1.84256e-02 1.72578e-02 1.65766e-02 1.60781e-02 1.55785e-02 1.50383e-02 1.45118e-02 1.40685e-02 1.37372e-02 1.34921e-02 1.32691e-02 1.29936e-02 1.26084e-02 1.20942e-02 1.14778e-02 1.08225e-02 1.02010e-02 9.66658e-03 9.23933e-03 8.91054e-03 8.65713e-03 8.45494e-03 8.28561e-03 8.13735e-03 8.00272e-03 7.87717e-03 7.75896e-03 7.64910e-03 7.54975e-03 7.46137e-03 7.38048e-03 7.29936e-03 7.20779e-03 7.09703e-03 6.96437e-03 6.81526e-03 6.66064e-03 6.51162e-03 6.37500e-03 6.25245e-03 6.14288e-03 6.04530e-03 5.95923e-03 5.88295e-03 5.81263e-03 5.74481e-03 5.67982e-03 5.62228e-03 5.57797e-03 5.55023e-03 5.53874e-03 5.54063e-03 5.55217e-03 5.56993e-03 5.59120e-03 5.61384e-03 5.63605e-03 5.65610e-03 5.67230e-03 5.68316e-03 5.68771e-03 5.68582e-03 5.67828e-03 5.66664e-03 5.65275e-03 5.63831e-03 5.62443e-03 5.61142e-03 5.59883e-03 5.58568e-03 5.57077e-03 5.55308e-03 5.53196e-03 5.50718e-03 5.47887e-03 5.44728e-03 5.41262e-03 5.37487e-03 5.33379e-03 5.28893e-03 5.23970e-03 5.18526e-03 5.12432e-03 5.05535e-03 4.97721e-03 4.89023e-03 4.79680e-03 4.70096e-03 4.60694e-03 4.51770e-03 4.43413e-03 4.35522e-03 4.27885e-03 4.20294e-03 4.12657e-03 4.05035e-03 3.97580e-03 3.90431e-03 3.83644e-03 3.77190e-03 3.70987e-03 3.64937e-03 3.58951e-03 3.52964e-03 3.46933e-03 3.40844e-03 3.34697e-03 3.28504e-03 3.22274e-03 3.16012e-03 3.09713e-03 3.03365e-03 2.96946e-03 2.90429e-03 2.83797e-03 2.77042e-03 2.70183e-03 2.63271e-03 2.56385e-03 2.49621e-03 2.43077e-03 2.36828e-03 2.30921e-03 2.25371e-03 2.20165e-03 2.15271e-03 2.10634e-03 2.06182e-03 2.01834e-03 1.97523e-03 1.93219e-03 1.88942e-03 1.84762e-03 1.80774e-03 1.77069e-03 1.73699e-03 1.70656e-03 1.67884e-03 1.65310e-03 1.62877e-03 1.60574e-03 1.58424e-03 1.56465e-03 1.54725e-03 1.53196e-03 1.51840e-03 1.50591e-03 1.49369e-03 1.48104e-03 1.46749e-03 1.45291e-03 1.43741e-03 1.42129e-03 1.40484e-03 1.38831e-03 1.37181e-03 1.35528e-03 1.33853e-03 1.32131e-03 1.30341e-03 1.28481e-03 1.26572e-03 1.24664e-03 1.22818e-03 1.21085e-03 1.19483e-03 1.17988e-03 1.16547e-03 1.15105e-03 1.13636e-03 1.12161e-03 1.10745e-03 1.09476e-03 1.08438e-03 1.07690e-03 1.07254e-03 1.07128e-03 1.07300e-03 1.07765e-03 1.08524e-03 1.09573e-03 1.10884e-03 1.12392e-03 1.13987e-03 1.15530e-03 1.16878e-03 1.17913e-03 1.18561e-03 1.18786e-03 1.18600e-03 1.18066e-03 1.17307e-03 1.16498e-03 1.15817e-03 1.15405e-03 1.15320e-03 1.15543e-03 1.15992e-03 1.16551e-03 1.17086e-03 1.17467e-03 1.17580e-03 1.17337e-03 1.16692e-03 1.15643e-03 1.14229e-03 1.12528e-03 1.10640e-03 1.08674e-03 1.06735e-03 1.04906e-03 1.03245e-03 1.01782e-03 1.00521e-03 9.94432e-04 9.85174e-04 9.77023e-04 9.69537e-04 9.62274e-04 9.54821e-04 9.46803e-04 9.37881e-04 9.27742e-04 9.16083e-04 9.02574e-04 8.86812e-04 8.68271e-04 8.46292e-04 8.20138e-04 7.89154e-04 7.52965e-04 7.11624e-04 6.65625e-04 6.15789e-04 5.63101e-04 5.08588e-04 4.53240e-04 3.97995e-04 3.43745e-04 2.91338e-04 2.41570e-04 1.95162e-04 1.52722e-04 1.14714e-04 8.14784e-05 5.33553e-05 3.08873e-05 1.48047e-05 5.34406e-06 1.27579e-06 1.70041e-07 1.05757e-08 1.70481e-10
8.104664 1.27842e-02 2.22369e-02 1.97724e-02 1.80202e-02 1.69573e-02 1.63005e-02 1.57967e-02 1.52958e-02 1.47792e-02 1.43027e-02 1.39166e-02 1.36230e-02 1.33771e-02 1.31107e-02 1.27586e-02 1.22833e-02 1.16915e-02 1.10341e-02 1.03854e-02 9.81093e-03 9.34540e-03 8.98997e-03 8.72446e-03 8.52233e-03 8.36072e-03 8.22372e-03 8.10106e-03 7.98583e-03 7.87367e-03 7.76319e-03 7.65608e-03 7.55570e-03 7.46459e-03 7.38217e-03 7.30354e-03 7.22017e-03 7.12303e-03 7.00734e-03 6.87529e-03 6.73491e-03 6.59601e-03 6.46601e-03 6.34812e-03 6.24229e-03 6.14751e-03 6.06286e-03 5.98685e-03 5.91682e-03 5.85025e-03 5.78716e-03 5.73080e-03 5.68572e-03 5.65508e-03 5.63941e-03 5.63690e-03 5.64449e-03 5.65877e-03 5.67651e-03 5.69488e-03 5.71167e-03 5.72529e-03 5.73479e-03 5.73974e-03 5.74011e-03 5.73611e-03 5.72811e-03 5.71661e-03 5.70222e-03 5.68559e-03 5.66733e-03 5.64785e-03 5.62725e-03 5.60530e-03 5.58162e-03 5.55583e-03 5.52774e-03 5.49736e-03 5.46487e-03 5.43041e-03 5.39399e-03 5.35545e-03 5.31465e-03 5.27145e-03 5.22569e-03 5.17667e-03 5.12294e-03 5.06236e-03 4.99308e-03 4.91466e-03 4.82889e-03 4.73959e-03 4.65126e-03 4.56757e-03 4.49016e-03 4.41837e-03 4.34985e-03 4.28209e-03 4.21392e-03 4.14579e-03 4.07893e-03 4.01429e-03 3.95205e-03 3.89172e-03 3.83244e-03 3.77321e-03 3.71316e-03 3.65169e-03 3.58862e-03 3.52411e-03 3.45862e-03 3.39266e-03 3.32672e-03 3.26113e-03 3.19599e-03 3.13116e-03 3.06633e-03 3.00106e-03 2.93489e-03 2.86745e-03 2.79858e-03 2.72840e-03 2.65735e-03 2.58619e-03 2.51588e-03 2.44739e-03 2.38157e-03 2.31898e-03 2.25986e-03 2.20416e-03 2.15162e-03 2.10180e-03 2.05410e-03 2.00788e-03 1.96261e-03 1.91809e-03 1.87460e-03 1.83292e-03 1.79410e-03 1.75901e-03 1.72804e-03 1.70087e-03 1.67662e-03 1.65429e-03 1.63315e-03 1.61287e-03 1.59353e-03 1.57527e-03 1.55814e-03 1.54196e-03 1.52639e-03 1.51104e-03 1.49569e-03 1.48036e-03 1.46524e-03 1.45052e-03 1.43628e-03 1.42237e-03 1.40849e-03 1.39428e-03 1.37942e-03 1.36370e-03 1.34706e-03 1.32963e-03 1.31173e-03 1.29382e-03 1.27641e-03 1.25990e-03 1.24443e-03 1.22978e-03 1.21549e-03 1.20115e-03 1.18666e-03 1.17239e-03 1.15910e-03 1.14765e-03 1.13872e-03 1.13269e-03 1.12959e-03 1.12934e-03 1.13187e-03 1.13726e-03 1.14564e-03 1.15697e-03 1.17087e-03 1.18645e-03 1.20245e-03 1.21739e-03 1.22988e-03 1.23880e-03 1.24335e-03 1.24318e-03 1.23847e-03 1.23007e-03 1.21944e-03 1.20839e-03 1.19861e-03 1.19129e-03 1.18693e-03 1.18530e-03 1.18568e-03 1.18699e-03 1.18800e-03 1.18746e-03 1.18429e-03 1.17767e-03 1.16719e-03 1.15286e-03 1.13517e-03 1.11493e-03 1.09317e-03 1.07101e-03 1.04942e-03 1.02921e-03 1.01092e-03 9.94834e-04 9.80987e-04 9.69215e-04 9.59227e-04 9.50664e-04 9.43146e-04 9.36298e-04 9.29754e-04 9.23164e-04 9.16198e-04 9.08544e-04 8.99897e-04 8.89934e-04 8.78292e-04 8.64532e-04 8.48116e-04 8.28384e-04 8.04603e-04 7.76071e-04 7.42311e-04 7.03234e-04 6.59213e-04 6.11013e-04 5.59636e-04 5.06162e-04 4.51641e-04 3.97054e-04 3.43312e-04 2.91265e-04 2.41710e-04 1.95367e-04 1.52857e-04 1.14676e-04 8.12274e-05 5.29399e-05 3.04440e-05 1.44825e-05 5.19412e-06 1.23692e-06 1.65982e-07 1.05931e-08 1.75735e-10
8.204721 1.21471e-02 2.14750e-02 1.93424e-02 1.76911e-02 1.66360e-02 1.59788e-02 1.54828e-02 1.50090e-02 1.45424e-02 1.41263e-02 1.37890e-02 1.35131e-02 1.32453e-02 1.29195e-02 1.24842e-02 1.19249e-02 1.12744e-02 1.06017e-02 9.98218e-03 9.46744e-03 9.07311e-03 8.78560e-03 8.57749e-03 8.42092e-03 8.29439e-03 8.18372e-03 8.07986e-03 7.97682e-03 7.87122e-03 7.76282e-03 7.65453e-03 7.55127e-03 7.45777e-03 7.37603e-03 7.30345e-03 7.23254e-03 7.15353e-03 7.05896e-03 6.94735e-03 6.82346e-03 6.69570e-03 6.57225e-03 6.45831e-03 6.35561e-03 6.26375e-03 6.18160e-03 6.10769e-03 6.03992e-03 5.97617e-03 5.91580e-03 5.86056e-03 5.81367e-03 5.77800e-03 5.75463e-03 5.74266e-03 5.73979e-03 5.74313e-03 5.74986e-03 5.75767e-03 5.76491e-03 5.77059e-03 5.77417e-03 5.77531e-03 5.77371e-03 5.76899e-03 5.76078e-03 5.74890e-03 5.73347e-03 5.71489e-03 5.69370e-03 5.67036e-03 5.64509e-03 5.61790e-03 5.58867e-03 5.55731e-03 5.52387e-03 5.48852e-03 5.45144e-03 5.41276e-03 5.37259e-03 5.33109e-03 5.28864e-03 5.24565e-03 5.20208e-03 5.15698e-03 5.10834e-03 5.05357e-03 4.99048e-03 4.91846e-03 4.83915e-03 4.75635e-03 4.67482e-03 4.59867e-03 4.52987e-03 4.46765e-03 4.40918e-03 4.35144e-03 4.29281e-03 4.23331e-03 4.17384e-03 4.11520e-03 4.05766e-03 4.00094e-03 3.94431e-03 3.88686e-03 3.82777e-03 3.76655e-03 3.70313e-03 3.63783e-03 3.57121e-03 3.50389e-03 3.43644e-03 3.36925e-03 3.30247e-03 3.23599e-03 3.16951e-03 3.10262e-03 3.03484e-03 2.96577e-03 2.89515e-03 2.82292e-03 2.74927e-03 2.67470e-03 2.59996e-03 2.52602e-03 2.45396e-03 2.38478e-03 2.31928e-03 2.25795e-03 2.20094e-03 2.14803e-03 2.09869e-03 2.05214e-03 2.00747e-03 1.96390e-03 1.92104e-03 1.87911e-03 1.83888e-03 1.80146e-03 1.76776e-03 1.73806e-03 1.71190e-03 1.68827e-03 1.66607e-03 1.64450e-03 1.62323e-03 1.60230e-03 1.58197e-03 1.56250e-03 1.54405e-03 1.52664e-03 1.51021e-03 1.49470e-03 1.48002e-03 1.46603e-03 1.45257e-03 1.43937e-03 1.42619e-03 1.41282e-03 1.39914e-03 1.38515e-03 1.37088e-03 1.35642e-03 1.34183e-03 1.32721e-03 1.31264e-03 1.29813e-03 1.28364e-03 1.26902e-03 1.25424e-03 1.23948e-03 1.22525e-03 1.21227e-03 1.20123e-03 1.19263e-03 1.18671e-03 1.18352e-03 1.18311e-03 1.18559e-03 1.19114e-03 1.19981e-03 1.21135e-03 1.22510e-03 1.24001e-03 1.25480e-03 1.26809e-03 1.27857e-03 1.28510e-03 1.28693e-03 1.28387e-03 1.27641e-03 1.26570e-03 1.25324e-03 1.24061e-03 1.22910e-03 1.21955e-03 1.21230e-03 1.20717e-03 1.20356e-03 1.20059e-03 1.19716e-03 1.19218e-03 1.18466e-03 1.17387e-03 1.15950e-03 1.14169e-03 1.12103e-03 1.09839e-03 1.07481e-03 1.05125e-03 1.02854e-03 1.00730e-03 9.87949e-04 9.70716e-04 9.55655e-04 9.42671e-04 9.31555e-04 9.22029e-04 9.13787e-04 9.06518e-04 8.99920e-04 8.93697e-04 8.87549e-04 8.81178e-04 8.74293e-04 8.66605e-04 8.57813e-04 8.47572e-04 8.35455e-04 8.20929e-04 8.03349e-04 7.81983e-04 7.56102e-04 7.25131e-04 6.88825e-04 6.47384e-04 6.01450e-04 5.51986e-04 5.00099e-04 4.46902e-04 3.93435e-04 3.40641e-04 2.89381e-04 2.40438e-04 1.94522e-04 1.52246e-04 1.14129e-04 8.06340e-05 5.22956e-05 2.98525e-05 1.40748e-05 5.00538e-06 1.18613e-06 1.59769e-07 1.04094e-08 1.76598e-10
8.304779 1.20941e-02 2.12880e-02 1.90473e-02 1.73269e-02 1.62744e-02 1.56394e-02 1.51735e-02 1.47478e-02 1.43441e-02 1.39872e-02 1.36849e-02 1.34073e-02 1.30979e-02 1.26986e-02 1.21768e-02 1.15447e-02 1.08586e-02 1.01969e-02 9.62609e-03 9.17951e-03 8.85518e-03 8.62885e-03 8.46944e-03 8.34952e-03 8.24942e-03 8.15664e-03 8.06352e-03 7.96566e-03 7.86157e-03 7.75292e-03 7.64427e-03 7.54181e-03 7.45126e-03 7.37550e-03 7.31263e-03 7.25554e-03 7.19413e-03 7.11945e-03 7.02740e-03 6.92005e-03 6.80425e-03 6.68840e-03 6.57926e-03 6.48024e-03 6.39181e-03 6.31290e-03 6.24197e-03 6.17711e-03 6.11622e-03 6.05784e-03 6.00227e-03 5.95144e-03 5.90779e-03 5.87300e-03 5.84727e-03 5.82957e-03 5.81810e-03 5.81087e-03 5.80616e-03 5.80261e-03 5.79925e-03 5.79534e-03 5.79027e-03 5.78353e-03 5.77474e-03 5.76361e-03 5.75003e-03 5.73396e-03 5.71541e-03 5.69436e-03 5.67075e-03 5.64447e-03 5.61542e-03 5.58357e-03 5.54901e-03 5.51191e-03 5.47248e-03 5.43097e-03 5.38767e-03 5.34315e-03 5.29825e-03 5.25389e-03 5.21061e-03 5.16806e-03 5.12475e-03 5.07831e-03 5.02615e-03 4.96630e-03 4.89837e-03 4.82412e-03 4.74733e-03 4.67273e-03 4.60442e-03 4.54419e-03 4.49087e-03 4.44119e-03 4.39171e-03 4.34051e-03 4.28753e-03 4.23371e-03 4.18002e-03 4.12687e-03 4.07395e-03 4.02050e-03 3.96563e-03 3.90864e-03 3.84922e-03 3.78742e-03 3.72358e-03 3.65823e-03 3.59190e-03 3.52505e-03 3.45800e-03 3.39091e-03 3.32378e-03 3.25648e-03 3.18879e-03 3.12039e-03 3.05095e-03 2.98019e-03 2.90795e-03 2.83429e-03 2.75951e-03 2.68419e-03 2.60921e-03 2.53565e-03 2.46462e-03 2.39712e-03 2.33380e-03 2.27491e-03 2.22021e-03 2.16910e-03 2.12075e-03 2.07420e-03 2.02863e-03 1.98348e-03 1.93872e-03 1.89496e-03 1.85333e-03 1.81511e-03 1.78116e-03 1.75150e-03 1.72523e-03 1.70095e-03 1.67736e-03 1.65378e-03 1.63027e-03 1.60742e-03 1.58588e-03 1.56602e-03 1.54783e-03 1.53102e-03 1.51524e-03 1.50020e-03 1.48570e-03 1.47164e-03 1.45797e-03 1.44472e-03 1.43195e-03 1.41975e-03 1.40811e-03 1.39685e-03 1.38559e-03 1.37384e-03 1.36120e-03 1.34747e-03 1.33279e-03 1.31750e-03 1.30205e-03 1.28698e-03 1.27284e-03 1.26015e-03 1.24934e-03 1.24067e-03 1.23430e-03 1.23039e-03 1.22917e-03 1.23090e-03 1.23576e-03 1.24367e-03 1.25414e-03 1.26636e-03 1.27928e-03 1.29172e-03 1.30246e-03 1.31033e-03 1.31431e-03 1.31377e-03 1.30868e-03 1.29964e-03 1.28779e-03 1.27454e-03 1.26119e-03 1.24872e-03 1.23764e-03 1.22807e-03 1.21980e-03 1.21236e-03 1.20506e-03 1.19709e-03 1.18756e-03 1.17571e-03 1.16103e-03 1.14340e-03 1.12312e-03 1.10088e-03 1.07750e-03 1.05379e-03 1.03040e-03 1.00777e-03 9.86237e-04 9.66063e-04 9.47479e-04 9.30662e-04 9.15707e-04 9.02613e-04 8.91289e-04 8.81561e-04 8.73191e-04 8.65899e-04 8.59382e-04 8.53339e-04 8.47472e-04 8.41488e-04 8.35101e-04 8.28030e-04 8.19995e-04 8.10691e-04 7.99753e-04 7.86714e-04 7.70984e-04 7.51870e-04 7.28636e-04 7.00630e-04 6.67449e-04 6.29089e-04 5.86007e-04 5.39052e-04 4.89317e-04 4.37959e-04 3.86088e-04 3.34702e-04 2.84687e-04 2.36825e-04 1.91800e-04 1.50204e-04 1.12554e-04 7.93565e-05 5.12392e-05 2.90449e-05 1.35732e-05 4.78484e-06 1.12747e-06 1.52250e-07 1.00972e-08 1.74473e-10
8.404836 1.20549e-02 2.09324e-02 1.85919e-02 1.69355e-02 1.59466e-02 1.53458e-02 1.49195e-02 1.45528e-02 1.42148e-02 1.39083e-02 1.36234e-02 1.33220e-02 1.29506e-02 1.24660e-02 1.18609e-02 1.11747e-02 1.04804e-02 9.85416e-03 9.34632e-03 8.97009e-03 8.70920e-03 8.53316e-03 8.41049e-03 8.31593e-03 8.23220e-03 8.14876e-03 8.05982e-03 7.96310e-03 7.85944e-03 7.75243e-03 7.64773e-03 7.55158e-03 7.46913e-03 7.40266e-03 7.35022e-03 7.30530e-03 7.25852e-03 7.20085e-03 7.12679e-03 7.03619e-03 6.93390e-03 6.82757e-03 6.72450e-03 6.62933e-03 6.54363e-03 6.46695e-03 6.39795e-03 6.33475e-03 6.27496e-03 6.21635e-03 6.15794e-03 6.10057e-03 6.04633e-03 5.99750e-03 5.95565e-03 5.92131e-03 5.89396e-03 5.87233e-03 5.85478e-03 5.83966e-03 5.82561e-03 5.81166e-03 5.79726e-03 5.78220e-03 5.76651e-03 5.75032e-03 5.73364e-03 5.71624e-03 5.69765e-03 5.67722e-03 5.65433e-03 5.62850e-03 5.59949e-03 5.56727e-03 5.53193e-03 5.49359e-03 5.45241e-03 5.40869e-03 5.36307e-03 5.31659e-03 5.27046e-03 5.22557e-03 5.18208e-03 5.13917e-03 5.09517e-03 5.04794e-03 4.99538e-03 4.93607e-03 4.86998e-03 4.79889e-03 4.72634e-03 4.65677e-03 4.59392e-03 4.53925e-03 4.49122e-03 4.44631e-03 4.40109e-03 4.35386e-03 4.30485e-03 4.25519e-03 4.20577e-03 4.15667e-03 4.10725e-03 4.05653e-03 4.00367e-03 3.94820e-03 3.89009e-03 3.82971e-03 3.76764e-03 3.70449e-03 3.64081e-03 3.57695e-03 3.51308e-03 3.44920e-03 3.38523e-03 3.32102e-03 3.25645e-03 3.19133e-03 3.12550e-03 3.05881e-03 2.99115e-03 2.92255e-03 2.85318e-03 2.78335e-03 2.71351e-03 2.64422e-03 2.57605e-03 2.50953e-03 2.44509e-03 2.38298e-03 2.32327e-03 2.26594e-03 2.21083e-03 2.15776e-03 2.10649e-03 2.05685e-03 2.00873e-03 1.96228e-03 1.91792e-03 1.87630e-03 1.83808e-03 1.80354e-03 1.77244e-03 1.74401e-03 1.71737e-03 1.69183e-03 1.66718e-03 1.64356e-03 1.62129e-03 1.60056e-03 1.58133e-03 1.56336e-03 1.54634e-03 1.53008e-03 1.51452e-03 1.49975e-03 1.48593e-03 1.47320e-03 1.46161e-03 1.45097e-03 1.44081e-03 1.43040e-03 1.41893e-03 1.40580e-03 1.39091e-03 1.37471e-03 1.35804e-03 1.34181e-03 1.32668e-03 1.31298e-03 1.30082e-03 1.29025e-03 1.28133e-03 1.27429e-03 1.26947e-03 1.26727e-03 1.26803e-03 1.27177e-03 1.27819e-03 1.28666e-03 1.29633e-03 1.30625e-03 1.31543e-03 1.32293e-03 1.32788e-03 1.32959e-03 1.32763e-03 1.32189e-03 1.31267e-03 1.30076e-03 1.28727e-03 1.27335e-03 1.25991e-03 1.24737e-03 1.23569e-03 1.22456e-03 1.21349e-03 1.20197e-03 1.18945e-03 1.17544e-03 1.15957e-03 1.14173e-03 1.12212e-03 1.10121e-03 1.07963e-03 1.05788e-03 1.03621e-03 1.01460e-03 9.92972e-04 9.71342e-04 9.49939e-04 9.29164e-04 9.09485e-04 8.91326e-04 8.75003e-04 8.60691e-04 8.48412e-04 8.38046e-04 8.29347e-04 8.21981e-04 8.15575e-04 8.09751e-04 8.04165e-04 7.98507e-04 7.92495e-04 7.85864e-04 7.78350e-04 7.69677e-04 7.59539e-04 7.47554e-04 7.33238e-04 7.15983e-04 6.95101e-04 6.69910e-04 6.39888e-04 6.04830e-04 5.64971e-04 5.20984e-04 4.73872e-04 4.24796e-04 3.74923e-04 3.25320e-04 2.76923e-04 2.30530e-04 1.86813e-04 1.46336e-04 1.09598e-04 7.71210e-05 4.95952e-05 2.79345e-05 1.29493e-05 4.52840e-06 1.06177e-06 1.43879e-07 9.72251e-09 1.71003e-10
8.504894 1.15012e-02 2.02049e-02 1.81469e-02 1.66396e-02 1.56934e-02 1.51155e-02 1.47345e-02 1.44322e-02 1.41554e-02 1.38842e-02 1.35943e-02 1.32451e-02 1.27936e-02 1.22195e-02 1.15445e-02 1.08306e-02 1.01565e-02 9.58575e-03 9.14786e-03 8.83797e-03 8.63007e-03 8.49160e-03 8.39322e-03 8.31303e-03 8.23677e-03 8.15635e-03 8.06822e-03 7.97232e-03 7.87132e-03 7.76988e-03 7.67356e-03 7.58764e-03 7.51593e-03 7.45976e-03 7.41709e-03 7.38236e-03 7.34759e-03 7.30455e-03 7.24722e-03 7.17369e-03 7.08656e-03 6.99176e-03 6.89598e-03 6.80446e-03 6.71998e-03 6.64320e-03 6.57330e-03 6.50840e-03 6.44591e-03 6.38326e-03 6.31888e-03 6.25294e-03 6.18714e-03 6.12402e-03 6.06601e-03 6.01482e-03 5.97105e-03 5.93416e-03 5.90278e-03 5.87514e-03 5.84960e-03 5.82502e-03 5.80086e-03 5.77709e-03 5.75398e-03 5.73182e-03 5.71064e-03 5.69008e-03 5.66937e-03 5.64754e-03 5.62369e-03 5.59715e-03 5.56766e-03 5.53524e-03 5.50006e-03 5.46236e-03 5.42242e-03 5.38073e-03 5.33799e-03 5.29497e-03 5.25217e-03 5.20958e-03 5.16666e-03 5.12239e-03 5.07553e-03 5.02473e-03 4.96879e-03 4.90700e-03 4.83966e-03 4.76855e-03 4.69699e-03 4.62909e-03 4.56826e-03 4.51561e-03 4.46938e-03 4.42604e-03 4.38240e-03 4.33709e-03 4.29042e-03 4.24332e-03 4.19631e-03 4.14913e-03 4.10102e-03 4.05116e-03 3.99903e-03 3.94455e-03 3.88811e-03 3.83035e-03 3.77197e-03 3.71357e-03 3.65549e-03 3.59783e-03 3.54050e-03 3.48331e-03 3.42605e-03 3.36856e-03 3.31074e-03 3.25261e-03 3.19420e-03 3.13553e-03 3.07658e-03 3.01721e-03 2.95723e-03 2.89641e-03 2.83449e-03 2.77122e-03 2.70650e-03 2.64044e-03 2.57349e-03 2.50640e-03 2.44020e-03 2.37596e-03 2.31457e-03 2.25655e-03 2.20184e-03 2.14990e-03 2.09989e-03 2.05107e-03 2.00318e-03 1.95665e-03 1.91247e-03 1.87176e-03 1.83525e-03 1.80290e-03 1.77396e-03 1.74732e-03 1.72202e-03 1.69755e-03 1.67384e-03 1.65112e-03 1.62956e-03 1.60925e-03 1.59022e-03 1.57253e-03 1.55629e-03 1.54161e-03 1.52846e-03 1.51658e-03 1.50545e-03 1.49429e-03 1.48217e-03 1.46830e-03 1.45222e-03 1.43410e-03 1.41476e-03 1.39539e-03 1.37718e-03 1.36089e-03 1.34670e-03 1.33442e-03 1.32373e-03 1.31454e-03 1.30700e-03 1.30147e-03 1.29835e-03 1.29785e-03 1.29989e-03 1.30409e-03 1.30982e-03 1.31636e-03 1.32290e-03 1.32870e-03 1.33315e-03 1.33570e-03 1.33592e-03 1.33339e-03 1.32782e-03 1.31915e-03 1.30768e-03 1.29414e-03 1.27949e-03 1.26464e-03 1.25014e-03 1.23604e-03 1.22199e-03 1.20750e-03 1.19212e-03 1.17559e-03 1.15786e-03 1.13913e-03 1.11979e-03 1.10038e-03 1.08139e-03 1.06304e-03 1.04506e-03 1.02679e-03 1.00745e-03 9.86510e-04 9.63954e-04 9.40250e-04 9.16169e-04 8.92564e-04 8.70211e-04 8.49726e-04 8.31531e-04 8.15836e-04 8.02647e-04 7.91787e-04 7.82935e-04 7.75674e-04 7.69540e-04 7.64075e-04 7.58867e-04 7.53568e-04 7.47895e-04 7.41606e-04 7.34473e-04 7.26257e-04 7.16692e-04 7.05463e-04 6.92180e-04 6.76351e-04 6.57382e-04 6.34632e-04 6.07526e-04 5.75713e-04 5.39211e-04 4.98475e-04 4.54351e-04 4.07935e-04 3.60408e-04 3.12898e-04 2.66405e-04 2.21767e-04 1.79667e-04 1.40656e-04 1.05213e-04 7.38596e-05 4.73072e-05 2.64908e-05 1.21937e-05 4.23601e-06 9.90188e-07 1.35063e-07 9.34178e-09 1.67610e-10
8.604951 1.11769e-02 1.98284e-02 1.79221e-02 1.64215e-02 1.54661e-02 1.49174e-02 1.45926e-02 1.43537e-02 1.41257e-02 1.38688e-02 1.35491e-02 1.31310e-02 1.25907e-02 1.19365e-02 1.12170e-02 1.05068e-02 9.87797e-03 9.37496e-03 9.00660e-03 8.75472e-03 8.58842e-03 8.47604e-03 8.39172e-03 8.31748e-03 8.24254e-03 8.16167e-03 8.07371e-03 7.98034e-03 7.88516e-03 7.79281e-03 7.70798e-03 7.63456e-03 7.57502e-03 7.52976e-03 7.49669e-03 7.47116e-03 7.44667e-03 7.41624e-03 7.37411e-03 7.31724e-03 7.24611e-03 7.16426e-03 7.07683e-03 6.98889e-03 6.90417e-03 6.82449e-03 6.74975e-03 6.67841e-03 6.60821e-03 6.53700e-03 6.46349e-03 6.38763e-03 6.31072e-03 6.23487e-03 6.16252e-03 6.09574e-03 6.03588e-03 5.98330e-03 5.93739e-03 5.89684e-03 5.86014e-03 5.82599e-03 5.79360e-03 5.76268e-03 5.73329e-03 5.70551e-03 5.67925e-03 5.65403e-03 5.62905e-03 5.60333e-03 5.57596e-03 5.54632e-03 5.51426e-03 5.48005e-03 5.44426e-03 5.40760e-03 5.37085e-03 5.33461e-03 5.29914e-03 5.26416e-03 5.22874e-03 5.19161e-03 5.15138e-03 5.10688e-03 5.05722e-03 5.00177e-03 4.94019e-03 4.87262e-03 4.80007e-03 4.72482e-03 4.65042e-03 4.58093e-03 4.51946e-03 4.46669e-03 4.42055e-03 4.37750e-03 4.33448e-03 4.29015e-03 4.24463e-03 4.19850e-03 4.15209e-03 4.10520e-03 4.05742e-03 4.00835e-03 3.95792e-03 3.90637e-03 3.85423e-03 3.80210e-03 3.75046e-03 3.69958e-03 3.64950e-03 3.60009e-03 3.55112e-03 3.50235e-03 3.45358e-03 3.40467e-03 3.35552e-03 3.30609e-03 3.25638e-03 3.20635e-03 3.15586e-03 3.10461e-03 3.05206e-03 2.99755e-03 2.94043e-03 2.88029e-03 2.81718e-03 2.75170e-03 2.68494e-03 2.61825e-03 2.55294e-03 2.48991e-03 2.42953e-03 2.37165e-03 2.31579e-03 2.26142e-03 2.20810e-03 2.15563e-03 2.10411e-03 2.05402e-03 2.00619e-03 1.96165e-03 1.92122e-03 1.88515e-03 1.85290e-03 1.82334e-03 1.79524e-03 1.76776e-03 1.74075e-03 1.71457e-03 1.68982e-03 1.66703e-03 1.64650e-03 1.62826e-03 1.61212e-03 1.59763e-03 1.58414e-03 1.57079e-03 1.55668e-03 1.54101e-03 1.52323e-03 1.50323e-03 1.48138e-03 1.45852e-03 1.43576e-03 1.41428e-03 1.39491e-03 1.37800e-03 1.36345e-03 1.35098e-03 1.34044e-03 1.33187e-03 1.32550e-03 1.32146e-03 1.31972e-03 1.31999e-03 1.32178e-03 1.32450e-03 1.32757e-03 1.33049e-03 1.33292e-03 1.33457e-03 1.33512e-03 1.33415e-03 1.33116e-03 1.32567e-03 1.31738e-03 1.30630e-03 1.29279e-03 1.27750e-03 1.26114e-03 1.24432e-03 1.22731e-03 1.21006e-03 1.19232e-03 1.17391e-03 1.15486e-03 1.13555e-03 1.11659e-03 1.09871e-03 1.08247e-03 1.06787e-03 1.05424e-03 1.04026e-03 1.02441e-03 1.00552e-03 9.83214e-04 9.57914e-04 9.30578e-04 9.02376e-04 8.74449e-04 8.47786e-04 8.23171e-04 8.01157e-04 7.82057e-04 7.65956e-04 7.52733e-04 7.42106e-04 7.33668e-04 7.26935e-04 7.21390e-04 7.16518e-04 7.11854e-04 7.07010e-04 7.01681e-04 6.95644e-04 6.88719e-04 6.80733e-04 6.71486e-04 6.60730e-04 6.48151e-04 6.33352e-04 6.15847e-04 5.95081e-04 5.70500e-04 5.41683e-04 5.08485e-04 4.71145e-04 4.30307e-04 3.86934e-04 3.42155e-04 2.97120e-04 2.52880e-04 2.10327e-04 1.70176e-04 1.32987e-04 9.92306e-05 6.94195e-05 4.42543e-05 2.46345e-05 1.12661e-05 3.89321e-06 9.09562e-07 1.25503e-07 8.95549e-09 1.64638e-10
8.705009 1.13061e-02 1.98491e-02 1.77478e-02 1.61786e-02 1.52532e-02 1.47601e-02 1.44939e-02 1.43069e-02 1.41073e-02 1.38399e-02 1.34676e-02 1.29679e-02 1.23430e-02 1.16301e-02 1.08965e-02 1.02173e-02 9.64922e-03 9.21596e-03 8.91027e-03 8.70607e-03 8.57118e-03 8.47624e-03 8.39906e-03 8.32555e-03 8.24848e-03 8.16567e-03 8.07816e-03 7.98891e-03 7.90177e-03 7.82075e-03 7.74932e-03 7.68997e-03 7.64383e-03 7.61042e-03 7.58743e-03 7.57082e-03 7.55536e-03 7.53543e-03 7.50602e-03 7.46369e-03 7.40724e-03 7.33787e-03 7.25869e-03 7.17391e-03 7.08751e-03 7.00213e-03 6.91856e-03 6.83613e-03 6.75358e-03 6.66985e-03 6.58441e-03 6.49745e-03 6.40984e-03 6.32303e-03 6.23882e-03 6.15904e-03 6.08529e-03 6.01858e-03 5.95920e-03 5.90666e-03 5.85989e-03 5.81763e-03 5.77876e-03 5.74245e-03 5.70818e-03 5.67555e-03 5.64418e-03 5.61350e-03 5.58283e-03 5.55138e-03 5.51852e-03 5.48390e-03 5.44770e-03 5.41059e-03 5.37366e-03 5.33811e-03 5.30486e-03 5.27420e-03 5.24560e-03 5.21775e-03 5.18886e-03 5.15703e-03 5.12055e-03 5.07797e-03 5.02819e-03 4.97046e-03 4.90464e-03 4.83139e-03 4.75254e-03 4.67123e-03 4.59163e-03 4.51802e-03 4.45335e-03 4.39809e-03 4.35013e-03 4.30610e-03 4.26311e-03 4.21971e-03 4.17563e-03 4.13107e-03 4.08616e-03 4.04087e-03 3.99514e-03 3.94901e-03 3.90279e-03 3.85689e-03 3.81178e-03 3.76778e-03 3.72499e-03 3.68326e-03 3.64230e-03 3.60175e-03 3.56129e-03 3.52063e-03 3.47960e-03 3.43807e-03 3.39593e-03 3.35301e-03 3.30909e-03 3.26384e-03 3.21685e-03 3.16773e-03 3.11615e-03 3.06204e-03 3.00567e-03 2.94769e-03 2.88896e-03 2.83026e-03 2.77207e-03 2.71446e-03 2.65724e-03 2.60019e-03 2.54330e-03 2.48680e-03 2.43108e-03 2.37649e-03 2.32323e-03 2.27123e-03 2.22031e-03 2.17038e-03 2.12166e-03 2.07478e-03 2.03057e-03 1.98966e-03 1.95212e-03 1.91738e-03 1.88458e-03 1.85299e-03 1.82244e-03 1.79332e-03 1.76629e-03 1.74191e-03 1.72031e-03 1.70111e-03 1.68352e-03 1.66650e-03 1.64904e-03 1.63028e-03 1.60973e-03 1.58723e-03 1.56300e-03 1.53747e-03 1.51123e-03 1.48500e-03 1.45959e-03 1.43582e-03 1.41434e-03 1.39548e-03 1.37931e-03 1.36578e-03 1.35484e-03 1.34649e-03 1.34060e-03 1.33690e-03 1.33492e-03 1.33410e-03 1.33389e-03 1.33388e-03 1.33382e-03 1.33351e-03 1.33270e-03 1.33102e-03 1.32797e-03 1.32307e-03 1.31595e-03 1.30649e-03 1.29473e-03 1.28085e-03 1.26511e-03 1.24781e-03 1.22929e-03 1.20988e-03 1.18990e-03 1.16970e-03 1.14970e-03 1.13047e-03 1.11276e-03 1.09729e-03 1.08448e-03 1.07406e-03 1.06488e-03 1.05501e-03 1.04235e-03 1.02528e-03 1.00321e-03 9.76599e-04 9.46574e-04 9.14544e-04 8.81902e-04 8.49893e-04 8.19566e-04 7.91736e-04 7.66955e-04 7.45508e-04 7.27436e-04 7.12581e-04 7.00647e-04 6.91238e-04 6.83899e-04 6.78140e-04 6.73452e-04 6.69334e-04 6.65316e-04 6.60985e-04 6.56015e-04 6.50171e-04 6.43300e-04 6.35291e-04 6.26033e-04 6.15376e-04 6.03100e-04 5.88900e-04 5.72388e-04 5.53100e-04 5.30546e-04 5.04299e-04 4.74119e-04 4.40074e-04 4.02606e-04 3.62498e-04 3.20768e-04 2.78530e-04 2.36854e-04 1.96677e-04 1.58754e-04 1.23672e-04 9.19127e-05 6.39805e-05 4.05424e-05 2.24166e-05 1.01852e-05 3.50477e-06 8.20681e-07 1.15287e-07 8.57212e-09 1.62328e-10
8.805067 1.11976e-02 1.95083e-02 1.74145e-02 1.59494e-02 1.51054e-02 1.46656e-02 1.44445e-02 1.42904e-02 1.40954e-02 1.37935e-02 1.33526e-02 1.27704e-02 1.20769e-02 1.13325e-02 1.06120e-02 9.98114e-03 9.47809e-03 9.10905e-03 8.85628e-03 8.69000e-03 8.57862e-03 8.49541e-03 8.42155e-03 8.34642e-03 8.26609e-03 8.18113e-03 8.09459e-03 8.01042e-03 7.93249e-03 7.86401e-03 7.80717e-03 7.76303e-03 7.73140e-03 7.71080e-03 7.69852e-03 7.69084e-03 7.68340e-03 7.67173e-03 7.65170e-03 7.61997e-03 7.57441e-03 7.51452e-03 7.44167e-03 7.35876e-03 7.26929e-03 7.17612e-03 7.08092e-03 6.98433e-03 6.88654e-03 6.78783e-03 6.68862e-03 6.58953e-03 6.49130e-03 6.39484e-03 6.30128e-03 6.21191e-03 6.12804e-03 6.05079e-03 5.98090e-03 5.91852e-03 5.86321e-03 5.81397e-03 5.76956e-03 5.72870e-03 5.69022e-03 5.65313e-03 5.61661e-03 5.57999e-03 5.54274e-03 5.50449e-03 5.46513e-03 5.42491e-03 5.38452e-03 5.34502e-03 5.30764e-03 5.27334e-03 5.24245e-03 5.21447e-03 5.18817e-03 5.16193e-03 5.13416e-03 5.10346e-03 5.06852e-03 5.02802e-03 4.98054e-03 4.92478e-03 4.85997e-03 4.78646e-03 4.70606e-03 4.62216e-03 4.53920e-03 4.46167e-03 4.39269e-03 4.33301e-03 4.28103e-03 4.23402e-03 4.18950e-03 4.14604e-03 4.10314e-03 4.06073e-03 4.01883e-03 3.97753e-03 3.93695e-03 3.89735e-03 3.85898e-03 3.82206e-03 3.78661e-03 3.75242e-03 3.71911e-03 3.68614e-03 3.65301e-03 3.61929e-03 3.58470e-03 3.54906e-03 3.51226e-03 3.47412e-03 3.43434e-03 3.39248e-03 3.34805e-03 3.30069e-03 3.25044e-03 3.19791e-03 3.14426e-03 3.09087e-03 3.03890e-03 2.98888e-03 2.94057e-03 2.89312e-03 2.84550e-03 2.79690e-03 2.74696e-03 2.69586e-03 2.64414e-03 2.59249e-03 2.54153e-03 2.49157e-03 2.44260e-03 2.39430e-03 2.34619e-03 2.29789e-03 2.24941e-03 2.20128e-03 2.15445e-03 2.10996e-03 2.06850e-03 2.03012e-03 1.99433e-03 1.96048e-03 1.92816e-03 1.89744e-03 1.86869e-03 1.84220e-03 1.81783e-03 1.79490e-03 1.77238e-03 1.74922e-03 1.72465e-03 1.69839e-03 1.67056e-03 1.64152e-03 1.61168e-03 1.58140e-03 1.55100e-03 1.52092e-03 1.49188e-03 1.46474e-03 1.44033e-03 1.41918e-03 1.40143e-03 1.38692e-03 1.37532e-03 1.36624e-03 1.35921e-03 1.35376e-03 1.34943e-03 1.34592e-03 1.34296e-03 1.34032e-03 1.33762e-03 1.33432e-03 1.32978e-03 1.32343e-03 1.31496e-03 1.30434e-03 1.29176e-03 1.27747e-03 1.26168e-03 1.24448e-03 1.22595e-03 1.20630e-03 1.18588e-03 1.16531e-03 1.14538e-03 1.12703e-03 1.11120e-03 1.09865e-03 1.08961e-03 1.08347e-03 1.07856e-03 1.07242e-03 1.06247e-03 1.04678e-03 1.02466e-03 9.96624e-04 9.63945e-04 9.28232e-04 8.91101e-04 8.54057e-04 8.18434e-04 7.85321e-04 7.55495e-04 7.29382e-04 7.07088e-04 6.88465e-04 6.73199e-04 6.60892e-04 6.51115e-04 6.43440e-04 6.37446e-04 6.32714e-04 6.28823e-04 6.25346e-04 6.21864e-04 6.17981e-04 6.13356e-04 6.07727e-04 6.00919e-04 5.92833e-04 5.83413e-04 5.72600e-04 5.60282e-04 5.46273e-04 5.30289e-04 5.11967e-04 4.90893e-04 4.66674e-04 4.39034e-04 4.07926e-04 3.73620e-04 3.36714e-04 2.98082e-04 2.58750e-04 2.19766e-04 1.82086e-04 1.46504e-04 1.13642e-04 8.40045e-05 5.80961e-05 3.65404e-05 2.00469e-05 9.04640e-06 3.10252e-06 7.30420e-07 1.05207e-07 8.22940e-09 1.61160e-10
8.905124 1.07022e-02 1.89349e-02 1.71342e-02 1.58097e-02 1.50129e-02 1.46036e-02 1.44117e-02 1.42704e-02 1.40569e-02 1.37031e-02 1.31891e-02 1.25358e-02 1.17977e-02 1.10486e-02 1.03613e-02 9.78701e-03 9.34677e-03 9.03420e-03 8.82544e-03 8.68946e-03 8.59610e-03 8.52126e-03 8.44915e-03 8.37221e-03 8.28928e-03 8.20325e-03 8.11879e-03 8.04070e-03 7.97283e-03 7.91764e-03 7.87615e-03 7.84799e-03 7.83162e-03 7.82448e-03 7.82325e-03 7.82417e-03 7.82337e-03 7.81714e-03 7.80216e-03 7.77557e-03 7.73518e-03 7.67990e-03 7.61003e-03 7.52717e-03 7.43370e-03 7.33211e-03 7.22467e-03 7.11334e-03 6.99992e-03 6.88603e-03 6.77303e-03 6.66205e-03 6.55395e-03 6.44943e-03 6.34915e-03 6.25377e-03 6.16398e-03 6.08050e-03 6.00393e-03 5.93463e-03 5.87258e-03 5.81721e-03 5.76746e-03 5.72188e-03 5.67888e-03 5.63697e-03 5.59490e-03 5.55185e-03 5.50749e-03 5.46200e-03 5.41601e-03 5.37051e-03 5.32667e-03 5.28556e-03 5.24788e-03 5.21373e-03 5.18254e-03 5.15323e-03 5.12449e-03 5.09510e-03 5.06410e-03 5.03074e-03 4.99427e-03 4.95377e-03 4.90813e-03 4.85614e-03 4.79686e-03 4.73003e-03 4.65657e-03 4.57871e-03 4.49984e-03 4.42371e-03 4.35326e-03 4.28974e-03 4.23259e-03 4.18025e-03 4.13126e-03 4.08485e-03 4.04083e-03 3.99934e-03 3.96057e-03 3.92468e-03 3.89172e-03 3.86152e-03 3.83373e-03 3.80778e-03 3.78296e-03 3.75852e-03 3.73374e-03 3.70798e-03 3.68069e-03 3.65143e-03 3.61976e-03 3.58523e-03 3.54739e-03 3.50581e-03 3.46029e-03 3.41103e-03 3.35878e-03 3.30488e-03 3.25104e-03 3.19895e-03 3.14989e-03 3.10437e-03 3.06210e-03 3.02213e-03 2.98322e-03 2.94426e-03 2.90444e-03 2.86339e-03 2.82104e-03 2.77759e-03 2.73336e-03 2.68871e-03 2.64395e-03 2.59924e-03 2.55454e-03 2.50967e-03 2.46436e-03 2.41845e-03 2.37205e-03 2.32568e-03 2.28022e-03 2.23671e-03 2.19596e-03 2.15825e-03 2.12322e-03 2.09012e-03 2.05821e-03 2.02707e-03 1.99663e-03 1.96695e-03 1.93789e-03 1.90896e-03 1.87945e-03 1.84878e-03 1.81665e-03 1.78313e-03 1.74850e-03 1.71310e-03 1.67721e-03 1.64105e-03 1.60500e-03 1.56970e-03 1.53615e-03 1.50544e-03 1.47845e-03 1.45551e-03 1.43636e-03 1.42038e-03 1.40689e-03 1.39531e-03 1.38527e-03 1.37657e-03 1.36905e-03 1.36248e-03 1.35641e-03 1.35015e-03 1.34288e-03 1.33387e-03 1.32272e-03 1.30938e-03 1.29412e-03 1.27730e-03 1.25927e-03 1.24021e-03 1.22028e-03 1.19973e-03 1.17899e-03 1.15880e-03 1.14012e-03 1.12407e-03 1.11161e-03 1.10329e-03 1.09890e-03 1.09717e-03 1.09586e-03 1.09212e-03 1.08331e-03 1.06772e-03 1.04493e-03 1.01562e-03 9.81123e-04 9.42924e-04 9.02533e-04 8.61454e-04 8.21181e-04 7.83099e-04 7.48323e-04 7.17576e-04 6.91149e-04 6.68956e-04 6.50649e-04 6.35742e-04 6.23712e-04 6.14063e-04 6.06358e-04 6.00216e-04 5.95298e-04 5.91288e-04 5.87871e-04 5.84722e-04 5.81504e-04 5.77874e-04 5.73508e-04 5.68125e-04 5.61511e-04 5.53531e-04 5.44118e-04 5.33241e-04 5.20865e-04 5.06906e-04 4.91197e-04 4.73489e-04 4.53464e-04 4.30790e-04 4.05199e-04 3.76584e-04 3.45088e-04 3.11152e-04 2.75492e-04 2.39020e-04 2.02724e-04 1.67548e-04 1.34309e-04 1.03663e-04 7.61433e-05 5.22598e-05 3.25903e-05 1.77270e-05 7.94405e-06 2.71839e-06 6.45622e-07 9.59994e-08 7.95211e-09 1.61247e-10
9.005182 1.05693e-02 1.87863e-02 1.70356e-02 1.56988e-02 1.49104e-02 1.45291e-02 1.43554e-02 1.42070e-02 1.39574e-02 1.35441e-02 1.29637e-02 1.22591e-02 1.15017e-02 1.07701e-02 1.01284e-02 9.61294e-03 9.23107e-03 8.96792e-03 8.79618e-03 8.68482e-03 8.60551e-03 8.53686e-03 8.46602e-03 8.38817e-03 8.30449e-03 8.21962e-03 8.13939e-03 8.06910e-03 8.01249e-03 7.97137e-03 7.94566e-03 7.93369e-03 7.93255e-03 7.93852e-03 7.94751e-03 7.95546e-03 7.95863e-03 7.95386e-03 7.93856e-03 7.91072e-03 7.86891e-03 7.81242e-03 7.74128e-03 7.65611e-03 7.55804e-03 7.44880e-03 7.33078e-03 7.20692e-03 7.08028e-03 6.95363e-03 6.82914e-03 6.70841e-03 6.59253e-03 6.48217e-03 6.37769e-03 6.27927e-03 6.18699e-03 6.10092e-03 6.02121e-03 5.94801e-03 5.88134e-03 5.82086e-03 5.76574e-03 5.71464e-03 5.66588e-03 5.61774e-03 5.56881e-03 5.51832e-03 5.46626e-03 5.41341e-03 5.36113e-03 5.31094e-03 5.26410e-03 5.22125e-03 5.18225e-03 5.14632e-03 5.11235e-03 5.07925e-03 5.04614e-03 5.01238e-03 4.97749e-03 4.94096e-03 4.90225e-03 4.86076e-03 4.81591e-03 4.76720e-03 4.71422e-03 4.65676e-03 4.59500e-03 4.52971e-03 4.46242e-03 4.39512e-03 4.32965e-03 4.26709e-03 4.20757e-03 4.15074e-03 4.09637e-03 4.04472e-03 3.99659e-03 3.95301e-03 3.91495e-03 3.88300e-03 3.85707e-03 3.83639e-03 3.81962e-03 3.80517e-03 3.79144e-03 3.77691e-03 3.76022e-03 3.74011e-03 3.71548e-03 3.68542e-03 3.64929e-03 3.60687e-03 3.55853e-03 3.50535e-03 3.44908e-03 3.39196e-03 3.33629e-03 3.28396e-03 3.23603e-03 3.19264e-03 3.15317e-03 3.11665e-03 3.08210e-03 3.04870e-03 3.01581e-03 2.98289e-03 2.94946e-03 2.91514e-03 2.87965e-03 2.84289e-03 2.80492e-03 2.76594e-03 2.72618e-03 2.68588e-03 2.64517e-03 2.60407e-03 2.56260e-03 2.52080e-03 2.47886e-03 2.43724e-03 2.39665e-03 2.35791e-03 2.32172e-03 2.28832e-03 2.25730e-03 2.22772e-03 2.19842e-03 2.16852e-03 2.13758e-03 2.10556e-03 2.07254e-03 2.03847e-03 2.00316e-03 1.96633e-03 1.92782e-03 1.88764e-03 1.84600e-03 1.80324e-03 1.75989e-03 1.71660e-03 1.67424e-03 1.63382e-03 1.59641e-03 1.56287e-03 1.53355e-03 1.50825e-03 1.48636e-03 1.46717e-03 1.45012e-03 1.43489e-03 1.42127e-03 1.40898e-03 1.39752e-03 1.38615e-03 1.37400e-03 1.36030e-03 1.34458e-03 1.32681e-03 1.30725e-03 1.28633e-03 1.26448e-03 1.24199e-03 1.21915e-03 1.19634e-03 1.17417e-03 1.15356e-03 1.13566e-03 1.12169e-03 1.11255e-03 1.10849e-03 1.10870e-03 1.11118e-03 1.11303e-03 1.11107e-03 1.10269e-03 1.08651e-03 1.06250e-03 1.03164e-03 9.95371e-04 9.55178e-04 9.12509e-04 8.68816e-04 8.25581e-04 7.84228e-04 7.45957e-04 7.11600e-04 6.81570e-04 6.55902e-04 6.34352e-04 6.16506e-04 6.01870e-04 5.89943e-04 5.80253e-04 5.72380e-04 5.65963e-04 5.60693e-04 5.56302e-04 5.52546e-04 5.49191e-04 5.45997e-04 5.42710e-04 5.39058e-04 5.34766e-04 5.29566e-04 5.23227e-04 5.15569e-04 5.06477e-04 4.95888e-04 4.83772e-04 4.70088e-04 4.54754e-04 4.37621e-04 4.18475e-04 3.97068e-04 3.73174e-04 3.46677e-04 3.17649e-04 2.86408e-04 2.53535e-04 2.19816e-04 1.86154e-04 1.53456e-04 1.22537e-04 9.40750e-05 6.86307e-05 4.67188e-05 2.88707e-05 1.55644e-05 6.92827e-06 2.36881e-06 5.69499e-07 8.79130e-08 7.73354e-09 1.62159e-10
9.105239 1.07624e-02 1.88580e-02 1.69053e-02 1.55374e-02 1.47922e-02 1.44422e-02 1.42707e-02 1.40981e-02 1.38022e-02 1.33309e-02 1.26976e-02 1.19626e-02 1.12071e-02 1.05076e-02 9.91716e-03 9.45916e-03 9.13052e-03 8.91059e-03 8.77012e-03 8.67866e-03 8.61004e-03 8.54575e-03 8.47596e-03 8.39845e-03 8.31640e-03 8.23570e-03 8.16278e-03 8.10292e-03 8.05941e-03 8.03327e-03 8.02336e-03 8.02677e-03 8.03935e-03 8.05628e-03 8.07270e-03 8.08415e-03 8.08701e-03 8.07860e-03 8.05720e-03 8.02193e-03 7.97258e-03 7.90939e-03 7.83269e-03 7.74263e-03 7.63947e-03 7.52417e-03 7.39890e-03 7.26684e-03 7.13165e-03 6.99671e-03 6.86479e-03 6.73785e-03 6.61718e-03 6.50349e-03 6.39697e-03 6.29749e-03 6.20469e-03 6.11814e-03 6.03752e-03 5.96253e-03 5.89287e-03 5.82800e-03 5.76707e-03 5.70887e-03 5.65194e-03 5.59485e-03 5.53664e-03 5.47706e-03 5.41675e-03 5.35703e-03 5.29954e-03 5.24574e-03 5.19639e-03 5.15144e-03 5.11013e-03 5.07133e-03 5.03401e-03 4.99743e-03 4.96113e-03 4.92477e-03 4.88789e-03 4.84994e-03 4.81035e-03 4.76869e-03 4.72480e-03 4.67873e-03 4.63070e-03 4.58092e-03 4.52961e-03 4.47699e-03 4.42332e-03 4.36890e-03 4.31387e-03 4.25813e-03 4.20145e-03 4.14385e-03 4.08607e-03 4.02975e-03 3.97725e-03 3.93118e-03 3.89369e-03 3.86580e-03 3.84702e-03 3.83551e-03 3.82859e-03 3.82329e-03 3.81671e-03 3.80626e-03 3.78972e-03 3.76544e-03 3.73249e-03 3.69084e-03 3.64145e-03 3.58620e-03 3.52770e-03 3.46881e-03 3.41217e-03 3.35968e-03 3.31224e-03 3.26981e-03 3.23167e-03 3.19682e-03 3.16427e-03 3.13325e-03 3.10319e-03 3.07369e-03 3.04439e-03 3.01495e-03 2.98501e-03 2.95429e-03 2.92262e-03 2.88995e-03 2.85636e-03 2.82199e-03 2.78696e-03 2.75140e-03 2.71543e-03 2.67912e-03 2.64260e-03 2.60609e-03 2.56987e-03 2.53442e-03 2.50034e-03 2.46825e-03 2.43864e-03 2.41155e-03 2.38640e-03 2.36203e-03 2.33703e-03 2.31021e-03 2.28094e-03 2.24913e-03 2.21503e-03 2.17882e-03 2.14042e-03 2.09957e-03 2.05598e-03 2.00966e-03 1.96103e-03 1.91102e-03 1.86083e-03 1.81172e-03 1.76477e-03 1.72080e-03 1.68029e-03 1.64345e-03 1.61027e-03 1.58052e-03 1.55392e-03 1.53009e-03 1.50863e-03 1.48905e-03 1.47063e-03 1.45251e-03 1.43371e-03 1.41344e-03 1.39119e-03 1.36693e-03 1.34097e-03 1.31384e-03 1.28612e-03 1.25830e-03 1.23087e-03 1.20441e-03 1.17969e-03 1.15780e-03 1.13997e-03 1.12737e-03 1.12069e-03 1.11967e-03 1.12282e-03 1.12749e-03 1.13033e-03 1.12818e-03 1.11881e-03 1.10139e-03 1.07631e-03 1.04470e-03 1.00786e-03 9.66955e-04 9.23110e-04 8.77559e-04 8.31786e-04 7.87433e-04 7.46044e-04 7.08792e-04 6.76294e-04 6.48595e-04 6.25295e-04 6.05746e-04 5.89255e-04 5.75230e-04 5.63229e-04 5.52950e-04 5.44177e-04 5.36725e-04 5.30409e-04 5.25032e-04 5.20392e-04 5.16286e-04 5.12516e-04 5.08887e-04 5.05197e-04 5.01238e-04 4.96787e-04 4.91615e-04 4.85502e-04 4.78247e-04 4.69690e-04 4.59716e-04 4.48250e-04 4.35236e-04 4.20609e-04 4.04276e-04 3.86097e-04 3.65905e-04 3.43535e-04 3.18897e-04 2.92038e-04 2.63206e-04 2.32875e-04 2.01723e-04 1.70561e-04 1.40239e-04 1.11553e-04 8.51879e-05 6.17210e-05 4.16679e-05 2.55150e-05 1.36355e-05 6.03305e-06 2.06434e-06 5.03978e-07 8.10712e-08 7.56527e-09 1.63525e-10
9.205297 1.05672e-02 1.85014e-02 1.66431e-02 1.53879e-02 1.46974e-02 1.43556e-02 1.41671e-02 1.39587e-02 1.36136e-02 1.30913e-02 1.24202e-02 1.16729e-02 1.09341e-02 1.02746e-02 9.73682e-03 9.33322e-03 9.05290e-03 8.87096e-03 8.75693e-03 8.68137e-03 8.62055e-03 8.55910e-03 8.49029e-03 8.41450e-03 8.33661e-03 8.26337e-03 8.20117e-03 8.15471e-03 8.12629e-03 8.11578e-03 8.12085e-03 8.13742e-03 8.16032e-03 8.18390e-03 8.20280e-03 8.21246e-03 8.20953e-03 8.19206e-03 8.15936e-03 8.11184e-03 8.05065e-03 7.97704e-03 7.89183e-03 7.79512e-03 7.68687e-03 7.56763e-03 7.43913e-03 7.30419e-03 7.16622e-03 7.02860e-03 6.89423e-03 6.76532e-03 6.64328e-03 6.52881e-03 6.42200e-03 6.32252e-03 6.22976e-03 6.14303e-03 6.06162e-03 5.98480e-03 5.91176e-03 5.84155e-03 5.77311e-03 5.70539e-03 5.63747e-03 5.56886e-03 5.49962e-03 5.43052e-03 5.36285e-03 5.29812e-03 5.23759e-03 5.18194e-03 5.13114e-03 5.08455e-03 5.04127e-03 5.00038e-03 4.96120e-03 4.92322e-03 4.88599e-03 4.84902e-03 4.81173e-03 4.77356e-03 4.73410e-03 4.69323e-03 4.65106e-03 4.60793e-03 4.56430e-03 4.52057e-03 4.47704e-03 4.43378e-03 4.39059e-03 4.34691e-03 4.30183e-03 4.25429e-03 4.20348e-03 4.14954e-03 4.09396e-03 4.03960e-03 3.99008e-03 3.94875e-03 3.91763e-03 3.89672e-03 3.88401e-03 3.87615e-03 3.86933e-03 3.85994e-03 3.84500e-03 3.82232e-03 3.79076e-03 3.75032e-03 3.70219e-03 3.64855e-03 3.59219e-03 3.53597e-03 3.48226e-03 3.43261e-03 3.38760e-03 3.34704e-03 3.31029e-03 3.27656e-03 3.24511e-03 3.21531e-03 3.18661e-03 3.15851e-03 3.13058e-03 3.10249e-03 3.07406e-03 3.04524e-03 3.01608e-03 2.98665e-03 2.95704e-03 2.92727e-03 2.89732e-03 2.86711e-03 2.83657e-03 2.80563e-03 2.77429e-03 2.74269e-03 2.71104e-03 2.67972e-03 2.64919e-03 2.61999e-03 2.59271e-03 2.56783e-03 2.54560e-03 2.52583e-03 2.50774e-03 2.48999e-03 2.47100e-03 2.44938e-03 2.42426e-03 2.39537e-03 2.36278e-03 2.32657e-03 2.28667e-03 2.24290e-03 2.19528e-03 2.14435e-03 2.09123e-03 2.03743e-03 1.98439e-03 1.93315e-03 1.88420e-03 1.83758e-03 1.79328e-03 1.75140e-03 1.71227e-03 1.67623e-03 1.64336e-03 1.61330e-03 1.58531e-03 1.55831e-03 1.53119e-03 1.50295e-03 1.47295e-03 1.44100e-03 1.40732e-03 1.37246e-03 1.33711e-03 1.30202e-03 1.26799e-03 1.23592e-03 1.20690e-03 1.18218e-03 1.16306e-03 1.15056e-03 1.14492e-03 1.14524e-03 1.14926e-03 1.15372e-03 1.15505e-03 1.15031e-03 1.13789e-03 1.11760e-03 1.09037e-03 1.05751e-03 1.02019e-03 9.79240e-04 9.35338e-04 8.89304e-04 8.42354e-04 7.96079e-04 7.52188e-04 7.12166e-04 6.76988e-04 6.47002e-04 6.21982e-04 6.01293e-04 5.84093e-04 5.69522e-04 5.56832e-04 5.45457e-04 5.35036e-04 5.25392e-04 5.16485e-04 5.08344e-04 5.01005e-04 4.94460e-04 4.88645e-04 4.83436e-04 4.78675e-04 4.74183e-04 4.69776e-04 4.65266e-04 4.60461e-04 4.55163e-04 4.49170e-04 4.42285e-04 4.34324e-04 4.25128e-04 4.14570e-04 4.02546e-04 3.88966e-04 3.73733e-04 3.56740e-04 3.37865e-04 3.16997e-04 2.94078e-04 2.69163e-04 2.42465e-04 2.14394e-04 1.85543e-04 1.56644e-04 1.28488e-04 1.01841e-04 7.73840e-05 5.57038e-05 3.73121e-05 2.26532e-05 1.20105e-05 5.28830e-06 1.81420e-06 4.50855e-07 7.56511e-08 7.45247e-09 1.65338e-10
9.305354 1.01524e-02 1.80731e-02 1.64669e-02 1.52919e-02 1.45989e-02 1.42388e-02 1.40225e-02 1.37740e-02 1.33826e-02 1.28201e-02 1.21272e-02 1.13832e-02 1.06722e-02 1.00580e-02 9.57325e-03 9.22154e-03 8.98572e-03 8.83763e-03 8.74615e-03 8.68324e-03 8.62800e-03 8.56843e-03 8.50104e-03 8.42868e-03 8.35768e-03 8.29508e-03 8.24670e-03 8.21600e-03 8.20378e-03 8.20840e-03 8.22621e-03 8.25213e-03 8.28028e-03 8.30469e-03 8.31998e-03 8.32198e-03 8.30801e-03 8.27708e-03 8.22971e-03 8.16760e-03 8.09298e-03 8.00788e-03 7.91347e-03 7.81006e-03 7.69773e-03 7.57704e-03 7.44936e-03 7.31685e-03 7.18208e-03 7.04779e-03 6.91649e-03 6.79021e-03 6.67030e-03 6.55737e-03 6.45138e-03 6.35187e-03 6.25819e-03 6.16959e-03 6.08526e-03 6.00426e-03 5.92546e-03 5.84766e-03 5.76977e-03 5.69111e-03 5.61158e-03 5.53177e-03 5.45293e-03 5.37670e-03 5.30466e-03 5.23797e-03 5.17707e-03 5.12167e-03 5.07099e-03 5.02410e-03 4.98022e-03 4.93880e-03 4.89935e-03 4.86138e-03 4.82423e-03 4.78724e-03 4.74984e-03 4.71169e-03 4.67273e-03 4.63311e-03 4.59312e-03 4.55314e-03 4.51358e-03 4.47474e-03 4.43680e-03 4.39972e-03 4.36319e-03 4.32660e-03 4.28905e-03 4.24954e-03 4.20742e-03 4.16296e-03 4.11771e-03 4.07433e-03 4.03581e-03 4.00432e-03 3.98019e-03 3.96164e-03 3.94527e-03 3.92717e-03 3.90402e-03 3.87374e-03 3.83572e-03 3.79074e-03 3.74062e-03 3.68784e-03 3.63496e-03 3.58419e-03 3.53697e-03 3.49387e-03 3.45473e-03 3.41895e-03 3.38579e-03 3.35463e-03 3.32501e-03 3.29658e-03 3.26902e-03 3.24198e-03 3.21508e-03 3.18797e-03 3.16036e-03 3.13217e-03 3.10347e-03 3.07452e-03 3.04563e-03 3.01710e-03 2.98908e-03 2.96157e-03 2.93442e-03 2.90741e-03 2.88030e-03 2.85290e-03 2.82517e-03 2.79726e-03 2.76947e-03 2.74231e-03 2.71641e-03 2.69244e-03 2.67107e-03 2.65277e-03 2.63770e-03 2.62553e-03 2.61533e-03 2.60560e-03 2.59453e-03 2.58038e-03 2.56179e-03 2.53795e-03 2.50846e-03 2.47331e-03 2.43273e-03 2.38733e-03 2.33807e-03 2.28629e-03 2.23347e-03 2.18089e-03 2.12929e-03 2.07879e-03 2.02907e-03 1.97979e-03 1.93093e-03 1.88298e-03 1.83669e-03 1.79268e-03 1.75110e-03 1.71144e-03 1.67280e-03 1.63412e-03 1.59454e-03 1.55360e-03 1.51127e-03 1.46793e-03 1.42425e-03 1.38109e-03 1.33948e-03 1.30064e-03 1.26593e-03 1.23684e-03 1.21467e-03 1.20023e-03 1.19328e-03 1.19226e-03 1.19430e-03 1.19574e-03 1.19300e-03 1.18352e-03 1.16627e-03 1.14165e-03 1.11095e-03 1.07562e-03 1.03673e-03 9.94844e-04 9.50294e-04 9.03588e-04 8.55722e-04 8.08208e-04 7.62815e-04 7.21174e-04 6.84429e-04 6.53053e-04 6.26868e-04 6.05211e-04 5.87177e-04 5.71835e-04 5.58388e-04 5.46240e-04 5.34983e-04 5.24348e-04 5.14162e-04 5.04320e-04 4.94782e-04 4.85577e-04 4.76790e-04 4.68534e-04 4.60900e-04 4.53925e-04 4.47573e-04 4.41736e-04 4.36260e-04 4.30962e-04 4.25645e-04 4.20111e-04 4.14160e-04 4.07592e-04 4.00214e-04 3.91840e-04 3.82301e-04 3.71447e-04 3.59142e-04 3.45260e-04 3.29683e-04 3.12300e-04 2.93022e-04 2.71817e-04 2.48750e-04 2.24022e-04 1.98005e-04 1.71235e-04 1.44384e-04 1.18188e-04 9.33846e-05 7.06456e-05 5.05591e-05 3.36300e-05 2.02643e-05 1.06721e-05 4.68295e-06 1.61331e-06 4.08631e-07 7.13944e-08 7.37171e-09 1.67091e-10
9.405412 1.01581e-02 1.80654e-02 1.64049e-02 1.51713e-02 1.44545e-02 1.40769e-02 1.38296e-02 1.35400e-02 1.31085e-02 1.25180e-02 1.18175e-02 1.10892e-02 1.04143e-02 9.84904e-03 9.41747e-03 9.11556e-03 8.92103e-03 8.80323e-03 8.73092e-03 8.67796e-03 8.62663e-03 8.56857e-03 8.50351e-03 8.43654e-03 8.37490e-03 8.32537e-03 8.29254e-03 8.27814e-03 8.28118e-03 8.29842e-03 8.32502e-03 8.35518e-03 8.38279e-03 8.40204e-03 8.40810e-03 8.39757e-03 8.36883e-03 8.32203e-03 8.25890e-03 8.18218e-03 8.09486e-03 7.99931e-03 7.89687e-03 7.78806e-03 7.67332e-03 7.55341e-03 7.42961e-03 7.30343e-03 7.17649e-03 7.05045e-03 6.92685e-03 6.80700e-03 6.69175e-03 6.58143e-03 6.47595e-03 6.37495e-03 6.27803e-03 6.18477e-03 6.09459e-03 6.00665e-03 5.91988e-03 5.83318e-03 5.74574e-03 5.65744e-03 5.56899e-03 5.48184e-03 5.39790e-03 5.31900e-03 5.24646e-03 5.18073e-03 5.12143e-03 5.06758e-03 5.01805e-03 4.97194e-03 4.92861e-03 4.88763e-03 4.84852e-03 4.81062e-03 4.77316e-03 4.73546e-03 4.69713e-03 4.65814e-03 4.61878e-03 4.57949e-03 4.54082e-03 4.50330e-03 4.46737e-03 4.43330e-03 4.40112e-03 4.37060e-03 4.34130e-03 4.31252e-03 4.28345e-03 4.25329e-03 4.22156e-03 4.18833e-03 4.15443e-03 4.12114e-03 4.08960e-03 4.06004e-03 4.03140e-03 4.00155e-03 3.96799e-03 3.92878e-03 3.88327e-03 3.83232e-03 3.77804e-03 3.72319e-03 3.67049e-03 3.62196e-03 3.57864e-03 3.54052e-03 3.50685e-03 3.47652e-03 3.44842e-03 3.42168e-03 3.39577e-03 3.37037e-03 3.34531e-03 3.32037e-03 3.29532e-03 3.26985e-03 3.24369e-03 3.21667e-03 3.18879e-03 3.16019e-03 3.13118e-03 3.10217e-03 3.07357e-03 3.04569e-03 3.01869e-03 2.99256e-03 2.96713e-03 2.94211e-03 2.91722e-03 2.89224e-03 2.86707e-03 2.84182e-03 2.81681e-03 2.79261e-03 2.76994e-03 2.74964e-03 2.73251e-03 2.71915e-03 2.70981e-03 2.70421e-03 2.70142e-03 2.69984e-03 2.69738e-03 2.69178e-03 2.68101e-03 2.66357e-03 2.63877e-03 2.60680e-03 2.56862e-03 2.52574e-03 2.47977e-03 2.43217e-03 2.38393e-03 2.33550e-03 2.28677e-03 2.23729e-03 2.18651e-03 2.13411e-03 2.08025e-03 2.02555e-03 1.97086e-03 1.91689e-03 1.86394e-03 1.81180e-03 1.75996e-03 1.70787e-03 1.65527e-03 1.60228e-03 1.54944e-03 1.49761e-03 1.44798e-03 1.40196e-03 1.36111e-03 1.32695e-03 1.30067e-03 1.28268e-03 1.27224e-03 1.26721e-03 1.26435e-03 1.25991e-03 1.25060e-03 1.23433e-03 1.21058e-03 1.18016e-03 1.14455e-03 1.10524e-03 1.06318e-03 1.01880e-03 9.72242e-04 9.23813e-04 8.74352e-04 8.25269e-04 7.78315e-04 7.35183e-04 6.97138e-04 6.64782e-04 6.38017e-04 6.16165e-04 5.98184e-04 5.82924e-04 5.69349e-04 5.56683e-04 5.44454e-04 5.32455e-04 5.20644e-04 5.09057e-04 4.97739e-04 4.86711e-04 4.75973e-04 4.65516e-04 4.55349e-04 4.45521e-04 4.36123e-04 4.27271e-04 4.19059e-04 4.11526e-04 4.04631e-04 3.98255e-04 3.92222e-04 3.86322e-04 3.80332e-04 3.74030e-04 3.67198e-04 3.59628e-04 3.51121e-04 3.41489e-04 3.30555e-04 3.18157e-04 3.04146e-04 2.88396e-04 2.70815e-04 2.51376e-04 2.30145e-04 2.07317e-04 1.83238e-04 1.58407e-04 1.33449e-04 1.09060e-04 8.59484e-05 6.47755e-05 4.61267e-05 3.04975e-05 1.82598e-05 9.56436e-06 4.18819e-06 1.45060e-06 3.74477e-07 6.78780e-08 7.28965e-09 1.68111e-10
9.505470 1.03515e-02 1.81142e-02 1.62598e-02 1.49932e-02 1.42836e-02 1.38899e-02 1.36070e-02 1.32774e-02 1.28132e-02 1.22057e-02 1.15090e-02 1.08058e-02 1.01724e-02 9.65802e-03 9.27876e-03 9.02415e-03 8.86762e-03 8.77664e-03 8.72044e-03 8.67528e-03 8.62693e-03 8.57073e-03 8.50936e-03 8.44958e-03 8.39887e-03 8.36308e-03 8.34512e-03 8.34485e-03 8.35957e-03 8.38481e-03 8.41498e-03 8.44405e-03 8.46606e-03 8.47574e-03 8.46907e-03 8.44366e-03 8.39899e-03 8.33638e-03 8.25859e-03 8.16916e-03 8.07146e-03 7.96790e-03 7.85978e-03 7.74775e-03 7.63249e-03 7.51501e-03 7.39653e-03 7.27819e-03 7.16082e-03 7.04499e-03 6.93104e-03 6.81912e-03 6.70922e-03 6.60124e-03 6.49510e-03 6.39087e-03 6.28875e-03 6.18891e-03 6.09127e-03 5.99536e-03 5.90043e-03 5.80575e-03 5.71103e-03 5.61673e-03 5.52410e-03 5.43491e-03 5.35096e-03 5.27364e-03 5.20354e-03 5.14041e-03 5.08339e-03 5.03134e-03 4.98320e-03 4.93816e-03 4.89559e-03 4.85487e-03 4.81527e-03 4.77596e-03 4.73624e-03 4.69570e-03 4.65437e-03 4.61274e-03 4.57163e-03 4.53204e-03 4.49496e-03 4.46121e-03 4.43123e-03 4.40499e-03 4.38198e-03 4.36124e-03 4.34154e-03 4.32153e-03 4.29993e-03 4.27568e-03 4.24815e-03 4.21718e-03 4.18307e-03 4.14635e-03 4.10736e-03 4.06605e-03 4.02206e-03 3.97506e-03 3.92517e-03 3.87313e-03 3.82030e-03 3.76835e-03 3.71891e-03 3.67326e-03 3.63212e-03 3.59560e-03 3.56329e-03 3.53446e-03 3.50829e-03 3.48399e-03 3.46094e-03 3.43870e-03 3.41693e-03 3.39534e-03 3.37358e-03 3.35125e-03 3.32794e-03 3.30331e-03 3.27716e-03 3.24951e-03 3.22061e-03 3.19086e-03 3.16079e-03 3.13092e-03 3.10172e-03 3.07353e-03 3.04653e-03 3.02072e-03 2.99597e-03 2.97201e-03 2.94857e-03 2.92537e-03 2.90225e-03 2.87920e-03 2.85648e-03 2.83460e-03 2.81431e-03 2.79651e-03 2.78210e-03 2.77183e-03 2.76608e-03 2.76472e-03 2.76694e-03 2.77117e-03 2.77524e-03 2.77672e-03 2.77332e-03 2.76342e-03 2.74634e-03 2.72242e-03 2.69269e-03 2.65848e-03 2.62096e-03 2.58092e-03 2.53869e-03 2.49423e-03 2.44724e-03 2.39730e-03 2.34403e-03 2.28730e-03 2.22735e-03 2.16482e-03 2.10068e-03 2.03590e-03 1.97122e-03 1.90695e-03 1.84316e-03 1.77985e-03 1.71735e-03 1.65638e-03 1.59817e-03 1.54426e-03 1.49637e-03 1.45604e-03 1.42428e-03 1.40108e-03 1.38518e-03 1.37404e-03 1.36423e-03 1.35215e-03 1.33487e-03 1.31076e-03 1.27961e-03 1.24238e-03 1.20056e-03 1.15560e-03 1.10845e-03 1.05956e-03 1.00912e-03 9.57422e-04 9.05187e-04 8.53666e-04 8.04448e-04 7.59126e-04 7.18964e-04 6.84672e-04 6.56333e-04 6.33450e-04 6.15081e-04 6.00020e-04 5.87006e-04 5.74926e-04 5.62967e-04 5.50679e-04 5.37928e-04 5.24798e-04 5.11466e-04 4.98123e-04 4.84932e-04 4.72017e-04 4.59466e-04 4.47329e-04 4.35620e-04 4.24338e-04 4.13491e-04 4.03123e-04 3.93317e-04 3.84172e-04 3.75763e-04 3.68099e-04 3.61103e-04 3.54613e-04 3.48410e-04 3.42245e-04 3.35861e-04 3.29015e-04 3.21471e-04 3.13009e-04 3.03419e-04 2.92502e-04 2.80078e-04 2.65994e-04 2.50142e-04 2.32479e-04 2.13064e-04 1.92077e-04 1.69845e-04 1.46836e-04 1.23642e-04 1.00926e-04 7.93725e-05 5.96317e-05 4.22842e-05 2.78144e-05 1.65645e-05 8.63907e-06 3.77900e-06 1.31657e-06 3.46052e-07 6.47784e-08 7.18417e-09 1.67989e-10
9.605527 1.00832e-02 1.77449e-02 1.60256e-02 1.48350e-02 1.41267e-02 1.36989e-02 1.33747e-02 1.30080e-02 1.25182e-02 1.19027e-02 1.12185e-02 1.05467e-02 9.95826e-03 9.49514e-03 9.16650e-03 8.95628e-03 8.83439e-03 8.76707e-03 8.72457e-03 8.68590e-03 8.64050e-03 8.58708e-03 8.53069e-03 8.47895e-03 8.43888e-03 8.41491e-03 8.40827e-03 8.41725e-03 8.43809e-03 8.46567e-03 8.49427e-03 8.51799e-03 8.53132e-03 8.52959e-03 8.50955e-03 8.46971e-03 8.41055e-03 8.33434e-03 8.24470e-03 8.14565e-03 8.04067e-03 7.93204e-03 7.82086e-03 7.70770e-03 7.59328e-03 7.47866e-03 7.36505e-03 7.25343e-03 7.14430e-03 7.03753e-03 6.93247e-03 6.82811e-03 6.72341e-03 6.61763e-03 6.51066e-03 6.40300e-03 6.29555e-03 6.18923e-03 6.08460e-03 5.98178e-03 5.88051e-03 5.78057e-03 5.68217e-03 5.58617e-03 5.49397e-03 5.40714e-03 5.32689e-03 5.25381e-03 5.18772e-03 5.12785e-03 5.07312e-03 5.02245e-03 4.97495e-03 4.92984e-03 4.88635e-03 4.84366e-03 4.80090e-03 4.75741e-03 4.71291e-03 4.66770e-03 4.62258e-03 4.57878e-03 4.53775e-03 4.50089e-03 4.46926e-03 4.44335e-03 4.42288e-03 4.40678e-03 4.39335e-03 4.38043e-03 4.36575e-03 4.34722e-03 4.32317e-03 4.29261e-03 4.25540e-03 4.21220e-03 4.16441e-03 4.11378e-03 4.06197e-03 4.01022e-03 3.95926e-03 3.90954e-03 3.86144e-03 3.81548e-03 3.77229e-03 3.73240e-03 3.69612e-03 3.66337e-03 3.63376e-03 3.60673e-03 3.58170e-03 3.55819e-03 3.53591e-03 3.51467e-03 3.49435e-03 3.47478e-03 3.45565e-03 3.43649e-03 3.41666e-03 3.39551e-03 3.37249e-03 3.34724e-03 3.31968e-03 3.29003e-03 3.25874e-03 3.22645e-03 3.19384e-03 3.16159e-03 3.13026e-03 3.10029e-03 3.07191e-03 3.04521e-03 3.02015e-03 2.99652e-03 2.97404e-03 2.95239e-03 2.93128e-03 2.91058e-03 2.89039e-03 2.87107e-03 2.85328e-03 2.83785e-03 2.82566e-03 2.81740e-03 2.81346e-03 2.81371e-03 2.81743e-03 2.82335e-03 2.82985e-03 2.83522e-03 2.83795e-03 2.83687e-03 2.83120e-03 2.82049e-03 2.80453e-03 2.78328e-03 2.75676e-03 2.72504e-03 2.68820e-03 2.64628e-03 2.59931e-03 2.54726e-03 2.49012e-03 2.42802e-03 2.36141e-03 2.29114e-03 2.21843e-03 2.14465e-03 2.07104e-03 1.99851e-03 1.92767e-03 1.85912e-03 1.79377e-03 1.73291e-03 1.67809e-03 1.63073e-03 1.59165e-03 1.56067e-03 1.53635e-03 1.51615e-03 1.49687e-03 1.47533e-03 1.44906e-03 1.41674e-03 1.37823e-03 1.33428e-03 1.28609e-03 1.23488e-03 1.18159e-03 1.12684e-03 1.07104e-03 1.01463e-03 9.58333e-04 9.03217e-04 8.50615e-04 8.01882e-04 7.58143e-04 7.20122e-04 6.88072e-04 6.61795e-04 6.40692e-04 6.23846e-04 6.10108e-04 5.98237e-04 5.87074e-04 5.75701e-04 5.63548e-04 5.50400e-04 5.36324e-04 5.21551e-04 5.06368e-04 4.91042e-04 4.75792e-04 4.60791e-04 4.46179e-04 4.32064e-04 4.18524e-04 4.05597e-04 3.93289e-04 3.81597e-04 3.70530e-04 3.60128e-04 3.50460e-04 3.41589e-04 3.33538e-04 3.26251e-04 3.19583e-04 3.13311e-04 3.07169e-04 3.00872e-04 2.94143e-04 2.86718e-04 2.78353e-04 2.68815e-04 2.57896e-04 2.45412e-04 2.31229e-04 2.15285e-04 1.97615e-04 1.78380e-04 1.57884e-04 1.36568e-04 1.14996e-04 9.38047e-05 7.36604e-05 5.52034e-05 3.90094e-05 2.55528e-05 1.51516e-05 7.87580e-06 3.44391e-06 1.20683e-06 3.22372e-07 6.20038e-08 7.05531e-09 1.66793e-10
9.705585 9.79687e-03 1.74700e-02 1.59040e-02 1.47121e-02 1.39555e-02 1.34835e-02 1.31198e-02 1.27205e-02 1.22121e-02 1.15974e-02 1.09342e-02 1.02998e-02 9.75925e-03 9.34758e-03 9.06776e-03 8.89904e-03 8.80867e-03 8.76240e-03 8.73207e-03 8.69965e-03 8.65795e-03 8.60846e-03 8.55766e-03 8.51323e-03 8.48123e-03 8.46472e-03 8.46370e-03 8.47570e-03 8.49664e-03 8.52151e-03 8.54482e-03 8.56105e-03 8.56506e-03 8.55265e-03 8.52110e-03 8.46958e-03 8.39931e-03 8.31329e-03 8.21563e-03 8.11060e-03 8.00154e-03 7.89045e-03 7.77815e-03 7.66504e-03 7.55175e-03 7.43932e-03 7.32903e-03 7.22197e-03 7.11866e-03 7.01875e-03 6.92099e-03 6.82346e-03 6.72410e-03 6.62146e-03 6.51510e-03 6.40573e-03 6.29480e-03 6.18396e-03 6.07454e-03 5.96736e-03 5.86279e-03 5.76112e-03 5.66288e-03 5.56903e-03 5.48078e-03 5.39920e-03 5.32474e-03 5.25715e-03 5.19555e-03 5.13871e-03 5.08541e-03 5.03463e-03 4.98557e-03 4.93759e-03 4.89006e-03 4.84241e-03 4.79421e-03 4.74544e-03 4.69662e-03 4.64879e-03 4.60339e-03 4.56195e-03 4.52583e-03 4.49592e-03 4.47237e-03 4.45449e-03 4.44067e-03 4.42860e-03 4.41548e-03 4.39848e-03 4.37514e-03 4.34381e-03 4.30396e-03 4.25633e-03 4.20280e-03 4.14604e-03 4.08898e-03 4.03418e-03 3.98333e-03 3.93705e-03 3.89503e-03 3.85652e-03 3.82078e-03 3.78743e-03 3.75638e-03 3.72773e-03 3.70150e-03 3.67756e-03 3.65557e-03 3.63508e-03 3.61562e-03 3.59686e-03 3.57861e-03 3.56081e-03 3.54339e-03 3.52616e-03 3.50872e-03 3.49044e-03 3.47060e-03 3.44852e-03 3.42371e-03 3.39594e-03 3.36533e-03 3.33224e-03 3.29730e-03 3.26124e-03 3.22484e-03 3.18883e-03 3.15388e-03 3.12054e-03 3.08923e-03 3.06022e-03 3.03363e-03 3.00938e-03 2.98723e-03 2.96683e-03 2.94780e-03 2.92982e-03 2.91280e-03 2.89689e-03 2.88251e-03 2.87026e-03 2.86076e-03 2.85443e-03 2.85141e-03 2.85147e-03 2.85411e-03 2.85875e-03 2.86484e-03 2.87193e-03 2.87948e-03 2.88666e-03 2.89219e-03 2.89450e-03 2.89193e-03 2.88305e-03 2.86687e-03 2.84287e-03 2.81097e-03 2.77138e-03 2.72444e-03 2.67055e-03 2.61014e-03 2.54376e-03 2.47225e-03 2.39685e-03 2.31916e-03 2.24106e-03 2.16437e-03 2.09063e-03 2.02104e-03 1.95656e-03 1.89800e-03 1.84600e-03 1.80077e-03 1.76177e-03 1.72763e-03 1.69620e-03 1.66498e-03 1.63162e-03 1.59439e-03 1.55238e-03 1.50552e-03 1.45431e-03 1.39955e-03 1.34208e-03 1.28270e-03 1.22207e-03 1.16079e-03 1.09947e-03 1.03884e-03 9.79792e-04 9.23340e-04 8.70502e-04 8.22145e-04 7.78884e-04 7.41050e-04 7.08705e-04 6.81673e-04 6.59538e-04 6.41636e-04 6.27051e-04 6.14689e-04 6.03405e-04 5.92176e-04 5.80236e-04 5.67144e-04 5.52764e-04 5.37203e-04 5.20723e-04 5.03659e-04 4.86348e-04 4.69075e-04 4.52062e-04 4.35475e-04 4.19439e-04 4.04054e-04 3.89393e-04 3.75506e-04 3.62418e-04 3.50137e-04 3.38666e-04 3.28017e-04 3.18211e-04 3.09272e-04 3.01195e-04 2.93919e-04 2.87301e-04 2.81122e-04 2.75107e-04 2.68956e-04 2.62364e-04 2.55044e-04 2.46729e-04 2.37176e-04 2.26175e-04 2.13566e-04 1.99256e-04 1.83257e-04 1.65701e-04 1.46863e-04 1.27157e-04 1.07118e-04 8.73609e-05 6.85330e-05 5.12652e-05 3.61274e-05 2.35845e-05 1.39352e-05 7.22444e-06 3.15904e-06 1.11290e-06 3.01426e-07 5.92765e-08 6.88280e-09 1.64125e-10
9.805642 9.86105e-03 1.75031e-02 1.58278e-02 1.45558e-02 1.37572e-02 1.32495e-02 1.28494e-02 1.24215e-02 1.19013e-02 1.12952e-02 1.06596e-02 1.00671e-02 9.57615e-03 9.21521e-03 8.98181e-03 8.85148e-03 8.78970e-03 8.76244e-03 8.74347e-03 8.71762e-03 8.68048e-03 8.63538e-03 8.58936e-03 8.54963e-03 8.52126e-03 8.50647e-03 8.50484e-03 8.51399e-03 8.53026e-03 8.54912e-03 8.56548e-03 8.57406e-03 8.56988e-03 8.54892e-03 8.50875e-03 8.44895e-03 8.37125e-03 8.27910e-03 8.17686e-03 8.06871e-03 7.95773e-03 7.84558e-03 7.73286e-03 7.61989e-03 7.50728e-03 7.39614e-03 7.28789e-03 7.18382e-03 7.08459e-03 6.98982e-03 6.89789e-03 6.80627e-03 6.71216e-03 6.61346e-03 6.50936e-03 6.40055e-03 6.28876e-03 6.17623e-03 6.06501e-03 5.95666e-03 5.85217e-03 5.75217e-03 5.65730e-03 5.56834e-03 5.48609e-03 5.41096e-03 5.34266e-03 5.28018e-03 5.22202e-03 5.16664e-03 5.11274e-03 5.05948e-03 5.00643e-03 4.95343e-03 4.90048e-03 4.84769e-03 4.79539e-03 4.74423e-03 4.69517e-03 4.64938e-03 4.60800e-03 4.57190e-03 4.54141e-03 4.51610e-03 4.49479e-03 4.47551e-03 4.45581e-03 4.43309e-03 4.40500e-03 4.36992e-03 4.32729e-03 4.27775e-03 4.22309e-03 4.16586e-03 4.10883e-03 4.05449e-03 4.00461e-03 3.96010e-03 3.92104e-03 3.88683e-03 3.85654e-03 3.82922e-03 3.80416e-03 3.78094e-03 3.75934e-03 3.73925e-03 3.72057e-03 3.70314e-03 3.68675e-03 3.67120e-03 3.65626e-03 3.64177e-03 3.62754e-03 3.61338e-03 3.59893e-03 3.58374e-03 3.56718e-03 3.54855e-03 3.52721e-03 3.50263e-03 3.47457e-03 3.44304e-03 3.40836e-03 3.37106e-03 3.33182e-03 3.29140e-03 3.25056e-03 3.21003e-03 3.17051e-03 3.13267e-03 3.09711e-03 3.06435e-03 3.03477e-03 3.00852e-03 2.98555e-03 2.96559e-03 2.94826e-03 2.93310e-03 2.91978e-03 2.90811e-03 2.89812e-03 2.88996e-03 2.88382e-03 2.87979e-03 2.87784e-03 2.87790e-03 2.87991e-03 2.88396e-03 2.89017e-03 2.89850e-03 2.90859e-03 2.91952e-03 2.92990e-03 2.93801e-03 2.94198e-03 2.94010e-03 2.93093e-03 2.91346e-03 2.88710e-03 2.85169e-03 2.80744e-03 2.75485e-03 2.69471e-03 2.62809e-03 2.55638e-03 2.48139e-03 2.40525e-03 2.33034e-03 2.25894e-03 2.19283e-03 2.13301e-03 2.07958e-03 2.03182e-03 1.98837e-03 1.94747e-03 1.90714e-03 1.86552e-03 1.82106e-03 1.77282e-03 1.72044e-03 1.66408e-03 1.60425e-03 1.54159e-03 1.47678e-03 1.41053e-03 1.34353e-03 1.27649e-03 1.21016e-03 1.14527e-03 1.08258e-03 1.02273e-03 9.66312e-04 9.13733e-04 8.65291e-04 8.21186e-04 7.81573e-04 7.46577e-04 7.16261e-04 6.90550e-04 6.69142e-04 6.51449e-04 6.36615e-04 6.23609e-04 6.11389e-04 5.99055e-04 5.85939e-04 5.71640e-04 5.55995e-04 5.39042e-04 5.20993e-04 5.02179e-04 4.82994e-04 4.63814e-04 4.44939e-04 4.26576e-04 4.08852e-04 3.91846e-04 3.75620e-04 3.60236e-04 3.45750e-04 3.32214e-04 3.19658e-04 3.08092e-04 2.97504e-04 2.87874e-04 2.79170e-04 2.71340e-04 2.64291e-04 2.57870e-04 2.51859e-04 2.45985e-04 2.39940e-04 2.33409e-04 2.26091e-04 2.17707e-04 2.08019e-04 1.96836e-04 1.84041e-04 1.69613e-04 1.53654e-04 1.36406e-04 1.18250e-04 9.96899e-05 8.13150e-05 6.37538e-05 4.76246e-05 3.34889e-05 2.18010e-05 1.28435e-05 6.64383e-06 2.90527e-06 1.02816e-06 2.81720e-07 5.64077e-08 6.65504e-09 1.59781e-10
9.905700 9.99579e-03 1.74789e-02 1.56560e-02 1.43638e-02 1.35559e-02 1.30169e-02 1.25803e-02 1.21274e-02 1.16011e-02 1.10096e-02 1.04065e-02 9.85854e-03 9.41742e-03 9.10535e-03 8.91532e-03 8.82012e-03 8.78431e-03 8.77462e-03 8.76675e-03 8.74791e-03 8.71560e-03 8.67413e-03 8.63057e-03 8.59155e-03 8.56166e-03 8.54301e-03 8.53559e-03 8.53778e-03 8.54667e-03 8.55827e-03 8.56772e-03 8.56974e-03 8.55922e-03 8.53209e-03 8.48601e-03 8.42085e-03 8.33867e-03 8.24316e-03 8.13871e-03 8.02929e-03 7.91767e-03 7.80526e-03 7.69256e-03 7.57991e-03 7.46801e-03 7.35810e-03 7.25173e-03 7.15032e-03 7.05461e-03 6.96410e-03 6.87692e-03 6.79012e-03 6.70053e-03 6.60570e-03 6.50462e-03 6.39796e-03 6.28762e-03 6.17622e-03 6.06634e-03 5.96004e-03 5.85870e-03 5.76305e-03 5.67357e-03 5.59068e-03 5.51466e-03 5.44535e-03 5.38185e-03 5.32266e-03 5.26598e-03 5.21023e-03 5.15437e-03 5.09802e-03 5.04130e-03 4.98461e-03 4.92850e-03 4.87354e-03 4.82040e-03 4.76978e-03 4.72238e-03 4.67871e-03 4.63892e-03 4.60268e-03 4.56908e-03 4.53674e-03 4.50396e-03 4.46905e-03 4.43056e-03 4.38767e-03 4.34026e-03 4.28900e-03 4.23521e-03 4.18064e-03 4.12713e-03 4.07634e-03 4.02946e-03 3.98715e-03 3.94955e-03 3.91647e-03 3.88753e-03 3.86226e-03 3.84018e-03 3.82081e-03 3.80371e-03 3.78845e-03 3.77459e-03 3.76174e-03 3.74956e-03 3.73777e-03 3.72618e-03 3.71465e-03 3.70315e-03 3.69169e-03 3.68022e-03 3.66848e-03 3.65598e-03 3.64196e-03 3.62557e-03 3.60601e-03 3.58268e-03 3.55526e-03 3.52371e-03 3.48829e-03 3.44950e-03 3.40798e-03 3.36446e-03 3.31967e-03 3.27434e-03 3.22916e-03 3.18486e-03 3.14216e-03 3.10178e-03 3.06441e-03 3.03066e-03 3.00098e-03 2.97562e-03 2.95460e-03 2.93770e-03 2.92450e-03 2.91446e-03 2.90702e-03 2.90167e-03 2.89803e-03 2.89590e-03 2.89520e-03 2.89604e-03 2.89855e-03 2.90283e-03 2.90883e-03 2.91624e-03 2.92454e-03 2.93307e-03 2.94111e-03 2.94792e-03 2.95272e-03 2.95466e-03 2.95275e-03 2.94581e-03 2.93261e-03 2.91196e-03 2.88298e-03 2.84531e-03 2.79919e-03 2.74549e-03 2.68563e-03 2.62147e-03 2.55518e-03 2.48905e-03 2.42531e-03 2.36574e-03 2.31129e-03 2.26180e-03 2.21598e-03 2.17184e-03 2.12724e-03 2.08031e-03 2.02978e-03 1.97497e-03 1.91576e-03 1.85241e-03 1.78545e-03 1.71553e-03 1.64338e-03 1.56980e-03 1.49560e-03 1.42170e-03 1.34902e-03 1.27848e-03 1.21089e-03 1.14681e-03 1.08650e-03 1.02995e-03 9.76990e-04 9.27434e-04 8.81229e-04 8.38497e-04 7.99508e-04 7.64577e-04 7.33931e-04 7.07587e-04 6.85259e-04 6.66350e-04 6.50015e-04 6.35299e-04 6.21286e-04 6.07209e-04 5.92493e-04 5.76749e-04 5.59753e-04 5.41448e-04 5.21948e-04 5.01544e-04 4.80652e-04 4.59730e-04 4.39169e-04 4.19235e-04 4.00059e-04 3.81693e-04 3.64160e-04 3.47498e-04 3.31770e-04 3.17057e-04 3.03429e-04 2.90929e-04 2.79564e-04 2.69299e-04 2.60071e-04 2.51795e-04 2.44365e-04 2.37649e-04 2.31475e-04 2.25621e-04 2.19819e-04 2.13767e-04 2.07153e-04 1.99675e-04 1.91066e-04 1.81106e-04 1.69650e-04 1.56648e-04 1.42167e-04 1.26414e-04 1.09733e-04 9.25930e-05 7.55535e-05 5.92190e-05 4.41913e-05 3.10195e-05 2.01458e-05 1.18381e-05 6.11161e-06 2.67227e-06 9.49220e-07 2.62589e-07 5.33504e-08 6.37460e-09 1.53877e-10
10.000071 9.61149e-03 1.70604e-02 1.54502e-02 1.42233e-02 1.33920e-02 1.28106e-02 1.23393e-02 1.18664e-02 1.13387e-02 1.07649e-02 1.01952e-02 9.69013e-03 9.29493e-03 9.02650e-03 8.87431e-03 8.80945e-03 8.79621e-03 8.80221e-03 8.80468e-03 8.79241e-03 8.76401e-03 8.72421e-03 8.67996e-03 8.63776e-03 8.60229e-03 8.57623e-03 8.56043e-03 8.55417e-03 8.55523e-03 8.55995e-03 8.56346e-03 8.56028e-03 8.54506e-03 8.51363e-03 8.46373e-03 8.39543e-03 8.31100e-03 8.21422e-03 8.10938e-03 8.00021e-03 7.88922e-03 7.77762e-03 7.66588e-03 7.55440e-03 7.44397e-03 7.33594e-03 7.23195e-03 7.13349e-03 7.04121e-03 6.95446e-03 6.87110e-03 6.78796e-03 6.70171e-03 6.60986e-03 6.51149e-03 6.40738e-03 6.29965e-03 6.19114e-03 6.08468e-03 5.98250e-03 5.88600e-03 5.79575e-03 5.71193e-03 5.63461e-03 5.56372e-03 5.49877e-03 5.43864e-03 5.38165e-03 5.32602e-03 5.27034e-03 5.21385e-03 5.15646e-03 5.09850e-03 5.04051e-03 4.98302e-03 4.92655e-03 4.87154e-03 4.81830e-03 4.76696e-03 4.71733e-03 4.66893e-03 4.62103e-03 4.57284e-03 4.52368e-03 4.47313e-03 4.42113e-03 4.36796e-03 4.31418e-03 4.26055e-03 4.20788e-03 4.15703e-03 4.10879e-03 4.06383e-03 4.02261e-03 3.98533e-03 3.95199e-03 3.92246e-03 3.89657e-03 3.87419e-03 3.85520e-03 3.83940e-03 3.82645e-03 3.81583e-03 3.80694e-03 3.79916e-03 3.79191e-03 3.78475e-03 3.77738e-03 3.76957e-03 3.76123e-03 3.75232e-03 3.74286e-03 3.73286e-03 3.72212e-03 3.71019e-03 3.69629e-03 3.67949e-03 3.65891e-03 3.63392e-03 3.60424e-03 3.56996e-03 3.53148e-03 3.48941e-03 3.44445e-03 3.39735e-03 3.34885e-03 3.29966e-03 3.25051e-03 3.20213e-03 3.15526e-03 3.11066e-03 3.06905e-03 3.03112e-03 2.99749e-03 2.96867e-03 2.94499e-03 2.92656e-03 2.91316e-03 2.90434e-03 2.89940e-03 2.89758e-03 2.89824e-03 2.90089e-03 2.90529e-03 2.91127e-03 2.91855e-03 2.92660e-03 2.93462e-03 2.94171e-03 2.94707e-03 2.95023e-03 2.95106e-03 2.94973e-03 2.94657e-03 2.94178e-03 2.93528e-03 2.92654e-03 2.91462e-03 2.89831e-03 2.87646e-03 2.84826e-03 2.81352e-03 2.77272e-03 2.72690e-03 2.67751e-03 2.62613e-03 2.57425e-03 2.52309e-03 2.47340e-03 2.42534e-03 2.37829e-03 2.33103e-03 2.28205e-03 2.23005e-03 2.17414e-03 2.11398e-03 2.04956e-03 1.98117e-03 1.90924e-03 1.83432e-03 1.75712e-03 1.67845e-03 1.59930e-03 1.52073e-03 1.44390e-03 1.36986e-03 1.29943e-03 1.23301e-03 1.17058e-03 1.11180e-03 1.05621e-03 1.00347e-03 9.53477e-04 9.06402e-04 8.62623e-04 8.22592e-04 7.86693e-04 7.55114e-04 7.27756e-04 7.04210e-04 6.83795e-04 6.65670e-04 6.48964e-04 6.32900e-04 6.16844e-04 6.00311e-04 5.82939e-04 5.64472e-04 5.44781e-04 5.23901e-04 5.02066e-04 4.79688e-04 4.57269e-04 4.35272e-04 4.14014e-04 3.93640e-04 3.74172e-04 3.55592e-04 3.37908e-04 3.21173e-04 3.05477e-04 2.90917e-04 2.77566e-04 2.65459e-04 2.54577e-04 2.44856e-04 2.36189e-04 2.28445e-04 2.21474e-04 2.15107e-04 2.09149e-04 2.03372e-04 1.97513e-04 1.91284e-04 1.84386e-04 1.76539e-04 1.67504e-04 1.57108e-04 1.45273e-04 1.32036e-04 1.17567e-04 1.02175e-04 8.62907e-05 7.04422e-05 5.52074e-05 4.11680e-05 2.88580e-05 1.87065e-05 1.09690e-05 5.65322e-06 2.47119e-06 8.80217e-07 2.45290e-07 5.03909e-08 6.07802e-09 1.47301e-10
