# tg_mhd (CUDA FP64)  tgc_noslip_cond_n256_re1000_drive0.2_bdrive0.4  N=256 Re=1000 h=1.23199712e-02 delta=3.16227766e-02 delta/h=2.566790 layers=128
# layer k: the nodes k cells from the nearest wall, i.e. the slab [(k-1/2)h, (k+1/2)h] ([0, h/2] for k = 0)
# row 'vol': each layer's share of the volume; then per probe: t and each layer's OHMIC dissipation as a share of the total eps
# vol 1.171863e-02 2.316189e-02 2.279714e-02 2.243529e-02 2.207634e-02 2.172027e-02 2.136711e-02 2.101683e-02 2.066946e-02 2.032497e-02 1.998338e-02 1.964469e-02 1.930889e-02 1.897599e-02 1.864598e-02 1.831887e-02 1.799465e-02 1.767332e-02 1.735489e-02 1.703936e-02 1.672672e-02 1.641697e-02 1.611012e-02 1.580617e-02 1.550511e-02 1.520694e-02 1.491167e-02 1.461929e-02 1.432981e-02 1.404323e-02 1.375953e-02 1.347874e-02 1.320084e-02 1.292583e-02 1.265372e-02 1.238450e-02 1.211817e-02 1.185475e-02 1.159421e-02 1.133657e-02 1.108183e-02 1.082998e-02 1.058103e-02 1.033497e-02 1.009180e-02 9.851535e-03 9.614160e-03 9.379681e-03 9.148095e-03 8.919405e-03 8.693610e-03 8.470709e-03 8.250703e-03 8.033592e-03 7.819376e-03 7.608054e-03 7.399628e-03 7.194096e-03 6.991459e-03 6.791717e-03 6.594869e-03 6.400917e-03 6.209859e-03 6.021696e-03 5.836428e-03 5.654055e-03 5.474576e-03 5.297992e-03 5.124304e-03 4.953510e-03 4.785610e-03 4.620606e-03 4.458496e-03 4.299282e-03 4.142962e-03 3.989536e-03 3.839006e-03 3.691371e-03 3.546630e-03 3.404784e-03 3.265833e-03 3.129777e-03 2.996615e-03 2.866349e-03 2.738977e-03 2.614500e-03 2.492918e-03 2.374230e-03 2.258438e-03 2.145540e-03 2.035537e-03 1.928429e-03 1.824215e-03 1.722897e-03 1.624473e-03 1.528944e-03 1.436310e-03 1.346571e-03 1.259727e-03 1.175777e-03 1.094722e-03 1.016562e-03 9.412971e-04 8.689267e-04 7.994512e-04 7.328705e-04 6.691846e-04 6.083935e-04 5.504972e-04 4.954957e-04 4.433890e-04 3.941772e-04 3.478602e-04 3.044380e-04 2.639106e-04 2.262780e-04 1.915402e-04 1.596973e-04 1.307491e-04 1.046958e-04 8.153727e-05 6.127357e-05 4.390468e-05 2.943061e-05 1.785135e-05 9.166912e-06 3.377283e-06 4.824690e-07
0.000000 3.16932e-04 6.34232e-04 6.35270e-04 6.36883e-04 6.38970e-04 6.41433e-04 6.44173e-04 6.47095e-04 6.50105e-04 6.53113e-04 6.56030e-04 6.58776e-04 6.61273e-04 6.63450e-04 6.65241e-04 6.66590e-04 6.67444e-04 6.67761e-04 6.67505e-04 6.66647e-04 6.65168e-04 6.63055e-04 6.60305e-04 6.56919e-04 6.52909e-04 6.48290e-04 6.43084e-04 6.37322e-04 6.31035e-04 6.24260e-04 6.17040e-04 6.09416e-04 6.01435e-04 5.93142e-04 5.84584e-04 5.75807e-04 5.66856e-04 5.57774e-04 5.48600e-04 5.39371e-04 5.30121e-04 5.20879e-04 5.11668e-04 5.02510e-04 4.93418e-04 4.84402e-04 4.75468e-04 4.66617e-04 4.57843e-04 4.49139e-04 4.40492e-04 4.31887e-04 4.23307e-04 4.14730e-04 4.06134e-04 3.97497e-04 3.88796e-04 3.80006e-04 3.71107e-04 3.62078e-04 3.52900e-04 3.43558e-04 3.34040e-04 3.24336e-04 3.14441e-04 3.04354e-04 2.94079e-04 2.83622e-04 2.72997e-04 2.62219e-04 2.51308e-04 2.40289e-04 2.29189e-04 2.18039e-04 2.06873e-04 1.95726e-04 1.84636e-04 1.73642e-04 1.62781e-04 1.52094e-04 1.41619e-04 1.31393e-04 1.21451e-04 1.11827e-04 1.02552e-04 9.36524e-05 8.51536e-05 7.70758e-05 6.94356e-05 6.22456e-05 5.55144e-05 4.92462e-05 4.34414e-05 3.80964e-05 3.32039e-05 2.87530e-05 2.47298e-05 2.11173e-05 1.78963e-05 1.50452e-05 1.25409e-05 1.03590e-05 8.47425e-06 6.86087e-06 5.49312e-06 4.34554e-06 3.39332e-06 2.61261e-06 1.98074e-06 1.47650e-06 1.08028e-06 7.74179e-07 5.42111e-07 3.69835e-07 2.44938e-07 1.56797e-07 9.64912e-08 5.66882e-08 3.15100e-08 1.63741e-08 7.82528e-09 3.36002e-09 1.25193e-09 3.83085e-10 8.75580e-11 1.24371e-11 7.13897e-13 3.59224e-15
0.250095 1.18035e-03 6.74056e-03 8.56271e-03 5.84172e-03 3.71592e-03 2.72426e-03 2.44462e-03 2.40542e-03 2.40073e-03 2.38333e-03 2.33717e-03 2.26247e-03 2.23166e-03 2.34099e-03 2.52860e-03 2.67598e-03 2.74333e-03 2.74011e-03 2.70820e-03 2.71226e-03 2.82169e-03 3.08847e-03 3.52747e-03 4.10506e-03 4.73969e-03 5.31272e-03 5.68703e-03 5.68755e-03 5.21796e-03 4.53501e-03 3.99058e-03 3.64456e-03 3.40839e-03 3.23257e-03 3.09952e-03 2.99647e-03 2.91401e-03 2.84511e-03 2.78492e-03 2.73012e-03 2.67861e-03 2.62911e-03 2.58100e-03 2.53403e-03 2.48809e-03 2.44311e-03 2.39898e-03 2.35559e-03 2.31280e-03 2.27046e-03 2.22840e-03 2.18647e-03 2.14450e-03 2.10232e-03 2.05978e-03 2.01671e-03 1.97296e-03 1.92839e-03 1.88288e-03 1.83631e-03 1.78860e-03 1.73968e-03 1.68952e-03 1.63812e-03 1.58549e-03 1.53170e-03 1.47681e-03 1.42094e-03 1.36422e-03 1.30680e-03 1.24885e-03 1.19056e-03 1.13214e-03 1.07379e-03 1.01572e-03 9.58146e-04 9.01279e-04 8.45322e-04 7.90473e-04 7.36914e-04 6.84818e-04 6.34341e-04 5.85621e-04 5.38782e-04 4.93927e-04 4.51142e-04 4.10494e-04 3.72034e-04 3.35794e-04 3.01787e-04 2.70015e-04 2.40461e-04 2.13095e-04 1.87874e-04 1.64744e-04 1.43640e-04 1.24487e-04 1.07201e-04 9.16920e-05 7.78645e-05 6.56171e-05 5.48452e-05 4.54417e-05 3.72983e-05 3.03063e-05 2.43581e-05 1.93481e-05 1.51734e-05 1.17352e-05 8.93934e-06 6.69731e-06 4.92660e-06 3.55148e-06 2.50326e-06 1.72064e-06 1.14973e-06 7.43988e-07 4.64074e-07 2.77416e-07 1.57743e-07 8.44746e-08 4.20171e-08 1.90149e-08 7.57375e-09 2.50239e-09 6.07732e-10 8.03184e-11 1.97699e-12
0.500191 1.30838e-03 1.00234e-02 1.67911e-02 1.41613e-02 9.14493e-03 5.65777e-03 3.91984e-03 3.20816e-03 2.94295e-03 2.85076e-03 2.87535e-03 3.08660e-03 3.58351e-03 4.24685e-03 4.72622e-03 4.88544e-03 4.86364e-03 4.81850e-03 4.83185e-03 4.92796e-03 5.11520e-03 5.40316e-03 5.79428e-03 6.26903e-03 6.77717e-03 7.23707e-03 7.54223e-03 7.53195e-03 7.09105e-03 6.43453e-03 5.89907e-03 5.54661e-03 5.28777e-03 5.07410e-03 4.88967e-03 4.72316e-03 4.56784e-03 4.42105e-03 4.28271e-03 4.15328e-03 4.03290e-03 3.92133e-03 3.81831e-03 3.72377e-03 3.63763e-03 3.55949e-03 3.48845e-03 3.42324e-03 3.36255e-03 3.30527e-03 3.25053e-03 3.19761e-03 3.14587e-03 3.09465e-03 3.04327e-03 2.99105e-03 2.93730e-03 2.88138e-03 2.82271e-03 2.76077e-03 2.69516e-03 2.62558e-03 2.55187e-03 2.47398e-03 2.39201e-03 2.30618e-03 2.21681e-03 2.12435e-03 2.02932e-03 1.93232e-03 1.83397e-03 1.73496e-03 1.63594e-03 1.53758e-03 1.44052e-03 1.34534e-03 1.25259e-03 1.16274e-03 1.07620e-03 9.93283e-04 9.14254e-04 8.39285e-04 7.68484e-04 7.01892e-04 6.39493e-04 5.81225e-04 5.26981e-04 4.76627e-04 4.30003e-04 3.86932e-04 3.47230e-04 3.10707e-04 2.77173e-04 2.46443e-04 2.18338e-04 1.92688e-04 1.69332e-04 1.48120e-04 1.28909e-04 1.11568e-04 9.59725e-05 8.20076e-05 6.95632e-05 5.85349e-05 4.88226e-05 4.03296e-05 3.29617e-05 2.66269e-05 2.12345e-05 1.66957e-05 1.29228e-05 9.83023e-06 7.33481e-06 5.35627e-06 3.81816e-06 2.64870e-06 1.78154e-06 1.15661e-06 7.20685e-07 4.27847e-07 2.39616e-07 1.24832e-07 5.92266e-08 2.47251e-08 8.54141e-09 2.15676e-09 2.93587e-10 7.35380e-12
0.750286 1.22115e-03 1.03232e-02 2.00086e-02 1.99747e-02 1.44809e-02 9.11333e-03 5.84225e-03 4.36055e-03 3.94686e-03 4.04638e-03 4.25464e-03 4.40204e-03 4.63953e-03 5.13360e-03 5.77497e-03 6.33900e-03 6.69719e-03 6.84191e-03 6.83949e-03 6.77693e-03 6.73587e-03 6.78418e-03 6.96470e-03 7.27512e-03 7.65529e-03 8.00420e-03 8.21967e-03 8.18179e-03 7.79431e-03 7.22391e-03 6.77136e-03 6.50425e-03 6.33499e-03 6.20288e-03 6.08371e-03 5.96603e-03 5.84348e-03 5.71202e-03 5.56996e-03 5.41776e-03 5.25772e-03 5.09316e-03 4.92774e-03 4.76494e-03 4.60786e-03 4.45925e-03 4.32143e-03 4.19634e-03 4.08542e-03 3.98947e-03 3.90843e-03 3.84124e-03 3.78585e-03 3.73937e-03 3.69842e-03 3.65959e-03 3.61975e-03 3.57625e-03 3.52703e-03 3.47055e-03 3.40576e-03 3.33207e-03 3.24922e-03 3.15730e-03 3.05665e-03 2.94784e-03 2.83165e-03 2.70901e-03 2.58096e-03 2.44865e-03 2.31329e-03 2.17611e-03 2.03835e-03 1.90122e-03 1.76588e-03 1.63340e-03 1.50478e-03 1.38088e-03 1.26244e-03 1.15006e-03 1.04418e-03 9.45134e-04 8.53082e-04 7.68071e-04 6.90027e-04 6.18771e-04 5.54031e-04 4.95463e-04 4.42666e-04 3.95199e-04 3.52602e-04 3.14409e-04 2.80169e-04 2.49457e-04 2.21879e-04 1.97081e-04 1.74748e-04 1.54603e-04 1.36404e-04 1.19944e-04 1.05046e-04 9.15608e-05 7.93633e-05 6.83485e-05 5.84282e-05 4.95277e-05 4.15825e-05 3.45352e-05 2.83332e-05 2.29263e-05 1.82646e-05 1.42975e-05 1.09719e-05 8.23253e-06 6.02103e-06 4.27676e-06 2.93753e-06 1.94083e-06 1.22549e-06 7.33481e-07 4.11673e-07 2.13509e-07 1.00157e-07 4.10825e-08 1.38828e-08 3.42526e-09 4.57126e-10 1.13073e-11
1.000382 1.02611e-03 9.17240e-03 1.95154e-02 2.13964e-02 1.68070e-02 1.17840e-02 8.43649e-03 6.28546e-03 5.04170e-03 4.53424e-03 4.50346e-03 4.81762e-03 5.45914e-03 6.30570e-03 7.05448e-03 7.48557e-03 7.59286e-03 7.49338e-03 7.33709e-03 7.24512e-03 7.28154e-03 7.43595e-03 7.64136e-03 7.83548e-03 8.00631e-03 8.18506e-03 8.39888e-03 8.59124e-03 8.62874e-03 8.52974e-03 8.45841e-03 8.45565e-03 8.45741e-03 8.41223e-03 8.29060e-03 8.07828e-03 7.77687e-03 7.40138e-03 6.97613e-03 6.53001e-03 6.09241e-03 5.68955e-03 5.34145e-03 5.05982e-03 4.84758e-03 4.70000e-03 4.60697e-03 4.55547e-03 4.53175e-03 4.52293e-03 4.51802e-03 4.50853e-03 4.48854e-03 4.45446e-03 4.40456e-03 4.33856e-03 4.25714e-03 4.16174e-03 4.05430e-03 3.93699e-03 3.81188e-03 3.68058e-03 3.54420e-03 3.40350e-03 3.25909e-03 3.11167e-03 2.96206e-03 2.81121e-03 2.66012e-03 2.50981e-03 2.36121e-03 2.21520e-03 2.07255e-03 1.93391e-03 1.79982e-03 1.67070e-03 1.54686e-03 1.42851e-03 1.31577e-03 1.20870e-03 1.10728e-03 1.01149e-03 9.21254e-04 8.36503e-04 7.57164e-04 6.83165e-04 6.14435e-04 5.50895e-04 4.92449e-04 4.38972e-04 3.90303e-04 3.46235e-04 3.06523e-04 2.70882e-04 2.39003e-04 2.10567e-04 1.85258e-04 1.62776e-04 1.42842e-04 1.25196e-04 1.09593e-04 9.57967e-05 8.35802e-05 7.27300e-05 6.30551e-05 5.43947e-05 4.66212e-05 3.96381e-05 3.33744e-05 2.77774e-05 2.28065e-05 1.84286e-05 1.46149e-05 1.13385e-05 8.57176e-06 6.28477e-06 4.44335e-06 3.00794e-06 1.93277e-06 1.16615e-06 6.51807e-07 3.31697e-07 1.50133e-07 5.83920e-08 1.84153e-08 4.19725e-09 5.19059e-10 1.21657e-11
1.250477 7.71585e-04 6.76507e-03 1.47560e-02 1.77197e-02 1.63684e-02 1.30121e-02 9.48269e-03 6.84145e-03 5.35579e-03 4.81025e-03 4.87512e-03 5.29348e-03 5.89446e-03 6.48360e-03 6.86368e-03 6.99487e-03 6.95864e-03 6.85668e-03 6.79638e-03 6.87939e-03 7.16290e-03 7.64245e-03 8.29704e-03 9.12088e-03 1.00914e-02 1.11402e-02 1.21523e-02 1.29500e-02 1.33190e-02 1.31739e-02 1.26258e-02 1.18493e-02 1.09889e-02 1.01417e-02 9.35997e-03 8.66309e-03 8.05193e-03 7.51956e-03 7.05742e-03 6.65849e-03 6.31841e-03 6.03576e-03 5.81125e-03 5.64507e-03 5.53358e-03 5.46746e-03 5.43249e-03 5.41209e-03 5.39051e-03 5.35541e-03 5.29915e-03 5.21873e-03 5.11483e-03 4.99038e-03 4.84921e-03 4.69485e-03 4.52977e-03 4.35530e-03 4.17227e-03 3.98182e-03 3.78592e-03 3.58730e-03 3.38891e-03 3.19325e-03 3.00212e-03 2.81671e-03 2.63787e-03 2.46627e-03 2.30253e-03 2.14714e-03 2.00052e-03 1.86289e-03 1.73435e-03 1.61479e-03 1.50392e-03 1.40127e-03 1.30622e-03 1.21808e-03 1.13612e-03 1.05969e-03 9.88201e-04 9.21171e-04 8.58161e-04 7.98788e-04 7.42723e-04 6.89706e-04 6.39537e-04 5.92046e-04 5.47045e-04 5.04288e-04 4.63477e-04 4.24301e-04 3.86512e-04 3.49995e-04 3.14804e-04 2.81148e-04 2.49339e-04 2.19706e-04 1.92522e-04 1.67945e-04 1.45999e-04 1.26587e-04 1.09514e-04 9.45344e-05 8.13811e-05 6.98023e-05 5.95847e-05 5.05670e-05 4.26363e-05 3.57078e-05 2.96990e-05 2.45154e-05 2.00525e-05 1.62081e-05 1.28947e-05 1.00453e-05 7.61318e-06 5.56613e-06 3.88142e-06 2.54070e-06 1.52551e-06 8.12150e-07 3.64948e-07 1.29519e-07 3.36566e-08 5.91818e-09 5.72210e-10 1.10443e-11
1.500572 5.45128e-04 4.90914e-03 1.16604e-02 1.59833e-02 1.60087e-02 1.28862e-02 9.21530e-03 6.63900e-03 5.43785e-03 5.18025e-03 5.35655e-03 5.65813e-03 5.94846e-03 6.13261e-03 6.17063e-03 6.17221e-03 6.41682e-03 7.40564e-03 9.81356e-03 1.38186e-02 1.79944e-02 1.99134e-02 1.91263e-02 1.74959e-02 1.62576e-02 1.53923e-02 1.46503e-02 1.39221e-02 1.31974e-02 1.25135e-02 1.19009e-02 1.13360e-02 1.07892e-02 1.02569e-02 9.74407e-03 9.25568e-03 8.79711e-03 8.37308e-03 7.98511e-03 7.62931e-03 7.29880e-03 6.98934e-03 6.70275e-03 6.44513e-03 6.22175e-03 6.03294e-03 5.87340e-03 5.73462e-03 5.60798e-03 5.48654e-03 5.36507e-03 5.23907e-03 5.10424e-03 4.95688e-03 4.79477e-03 4.61749e-03 4.42615e-03 4.22294e-03 4.01082e-03 3.79317e-03 3.57347e-03 3.35502e-03 3.14081e-03 2.93329e-03 2.73435e-03 2.54534e-03 2.36714e-03 2.20022e-03 2.04471e-03 1.90037e-03 1.76668e-03 1.64286e-03 1.52805e-03 1.42136e-03 1.32204e-03 1.22957e-03 1.14365e-03 1.06412e-03 9.90761e-04 9.23045e-04 8.60065e-04 8.00695e-04 7.43952e-04 6.89372e-04 6.37221e-04 5.88401e-04 5.44041e-04 5.04975e-04 4.71359e-04 4.42628e-04 4.17744e-04 3.95535e-04 3.74928e-04 3.55046e-04 3.35213e-04 3.14943e-04 2.93935e-04 2.72089e-04 2.49505e-04 2.26480e-04 2.03452e-04 1.80934e-04 1.59425e-04 1.39337e-04 1.20947e-04 1.04381e-04 8.96321e-05 7.65988e-05 6.51284e-05 5.50533e-05 4.62133e-05 3.84661e-05 3.16933e-05 2.58064e-05 2.07442e-05 1.64546e-05 1.28693e-05 9.89504e-06 7.42743e-06 5.37389e-06 3.67149e-06 2.29254e-06 1.23711e-06 5.18538e-07 1.38589e-07 1.77304e-08 8.85299e-10 9.47771e-12
1.750668 4.37248e-04 4.70568e-03 1.23841e-02 1.71181e-02 1.54629e-02 1.12140e-02 8.18505e-03 6.80150e-03 6.23865e-03 5.98019e-03 5.82308e-03 5.94427e-03 8.80390e-03 1.75140e-02 2.61755e-02 2.72750e-02 2.43547e-02 2.14189e-02 1.87139e-02 1.64539e-02 1.48955e-02 1.37984e-02 1.29971e-02 1.23832e-02 1.18916e-02 1.14659e-02 1.10449e-02 1.05880e-02 1.01117e-02 9.68900e-03 9.36272e-03 9.10146e-03 8.85918e-03 8.61094e-03 8.34986e-03 8.08115e-03 7.81339e-03 7.55517e-03 7.31548e-03 7.10095e-03 6.91289e-03 6.74686e-03 6.59448e-03 6.44694e-03 6.29894e-03 6.15107e-03 6.00869e-03 5.87769e-03 5.76035e-03 5.65416e-03 5.55344e-03 5.45185e-03 5.34434e-03 5.22785e-03 5.10104e-03 4.96365e-03 4.81587e-03 4.65818e-03 4.49144e-03 4.31701e-03 4.13655e-03 3.95163e-03 3.76339e-03 3.57236e-03 3.37853e-03 3.18172e-03 2.98189e-03 2.77959e-03 2.57614e-03 2.37394e-03 2.17642e-03 1.98794e-03 1.81291e-03 1.65446e-03 1.51324e-03 1.38766e-03 1.27536e-03 1.17434e-03 1.08321e-03 1.00099e-03 9.26786e-04 8.59679e-04 7.98732e-04 7.43047e-04 6.91797e-04 6.44212e-04 5.99573e-04 5.57289e-04 5.17035e-04 4.78848e-04 4.43053e-04 4.10098e-04 3.80351e-04 3.53986e-04 3.30927e-04 3.10859e-04 2.93251e-04 2.77397e-04 2.62478e-04 2.47646e-04 2.32167e-04 2.15563e-04 1.97734e-04 1.78988e-04 1.59945e-04 1.41350e-04 1.23872e-04 1.07956e-04 9.37739e-05 8.12609e-05 7.01967e-05 6.03008e-05 5.13083e-05 4.30202e-05 3.53365e-05 2.82762e-05 2.19753e-05 1.66288e-05 1.23613e-05 9.10060e-06 6.58258e-06 4.51637e-06 2.76781e-06 1.38192e-06 4.63216e-07 6.95614e-08 2.62615e-09 1.35027e-11
2.000763 4.53133e-04 6.48032e-03 1.50855e-02 1.65578e-02 1.28296e-02 9.41754e-03 8.09506e-03 1.08989e-02 1.77918e-02 2.19323e-02 2.21238e-02 2.20078e-02 2.16320e-02 2.02805e-02 1.82135e-02 1.60824e-02 1.42697e-02 1.26812e-02 1.13222e-02 1.04380e-02 9.87332e-03 9.47811e-03 9.19524e-03 9.01620e-03 8.92469e-03 8.87199e-03 8.79752e-03 8.65269e-03 8.42813e-03 8.17591e-03 7.94952e-03 7.74989e-03 7.57458e-03 7.44998e-03 7.39236e-03 7.37844e-03 7.36854e-03 7.33862e-03 7.27738e-03 7.18020e-03 7.05328e-03 6.90980e-03 6.76077e-03 6.61527e-03 6.48339e-03 6.37132e-03 6.27620e-03 6.18877e-03 6.10049e-03 6.00786e-03 5.91157e-03 5.81365e-03 5.71549e-03 5.61713e-03 5.51732e-03 5.41390e-03 5.30419e-03 5.18518e-03 5.05377e-03 4.90716e-03 4.74347e-03 4.56255e-03 4.36653e-03 4.15965e-03 3.94760e-03 3.73671e-03 3.53303e-03 3.34097e-03 3.16232e-03 2.99628e-03 2.84035e-03 2.69165e-03 2.54812e-03 2.40893e-03 2.27396e-03 2.14305e-03 2.01574e-03 1.89151e-03 1.77006e-03 1.65150e-03 1.53636e-03 1.42532e-03 1.31900e-03 1.21776e-03 1.12182e-03 1.03123e-03 9.46045e-04 8.66272e-04 7.91930e-04 7.23030e-04 6.59577e-04 6.01584e-04 5.49111e-04 5.02259e-04 4.61048e-04 4.25188e-04 3.93872e-04 3.65832e-04 3.39730e-04 3.14662e-04 2.90409e-04 2.67273e-04 2.45665e-04 2.25732e-04 2.07230e-04 1.89632e-04 1.72391e-04 1.55189e-04 1.38064e-04 1.21367e-04 1.05601e-04 9.12380e-05 7.85575e-05 6.75628e-05 5.79866e-05 4.93869e-05 4.12939e-05 3.33629e-05 2.55315e-05 1.81529e-05 1.18998e-05 7.29014e-06 4.23671e-06 2.21793e-06 8.85754e-07 1.86705e-07 1.07958e-08 7.66072e-11
2.250859 4.92754e-04 7.23254e-03 1.33982e-02 1.30636e-02 1.65183e-02 2.03237e-02 1.92320e-02 1.74833e-02 1.71784e-02 1.83911e-02 1.97483e-02 1.91491e-02 1.66826e-02 1.40691e-02 1.22429e-02 1.11630e-02 1.04962e-02 9.83009e-03 9.04283e-03 8.44150e-03 8.05311e-03 7.82185e-03 7.73048e-03 7.72132e-03 7.74523e-03 7.77611e-03 7.78406e-03 7.73103e-03 7.62088e-03 7.56248e-03 7.69365e-03 7.99526e-03 8.24723e-03 8.27154e-03 8.10471e-03 7.88135e-03 7.69777e-03 7.57780e-03 7.49994e-03 7.43376e-03 7.35652e-03 7.25869e-03 7.13764e-03 6.98536e-03 6.79328e-03 6.57103e-03 6.34666e-03 6.14575e-03 5.97672e-03 5.83288e-03 5.70214e-03 5.57485e-03 5.44602e-03 5.31347e-03 5.17627e-03 5.03497e-03 4.89214e-03 4.75127e-03 4.61476e-03 4.48257e-03 4.35208e-03 4.21920e-03 4.08001e-03 3.93220e-03 3.77555e-03 3.61178e-03 3.44374e-03 3.27438e-03 3.10644e-03 2.94237e-03 2.78417e-03 2.63318e-03 2.48984e-03 2.35357e-03 2.22366e-03 2.10024e-03 1.98360e-03 1.87374e-03 1.77132e-03 1.67731e-03 1.59126e-03 1.51166e-03 1.43679e-03 1.36498e-03 1.29518e-03 1.22689e-03 1.15980e-03 1.09358e-03 1.02778e-03 9.62071e-04 8.96517e-04 8.31731e-04 7.68837e-04 7.09196e-04 6.54097e-04 6.04540e-04 5.61105e-04 5.23856e-04 4.92260e-04 4.65136e-04 4.40754e-04 4.17099e-04 3.92271e-04 3.64940e-04 3.35144e-04 3.05243e-04 2.77631e-04 2.50439e-04 2.22824e-04 1.99102e-04 1.80714e-04 1.64414e-04 1.46844e-04 1.27281e-04 1.07380e-04 8.89236e-05 7.24615e-05 5.75546e-05 4.36236e-05 3.06472e-05 1.93348e-05 1.05967e-05 4.82613e-06 1.70640e-06 4.53574e-07 9.16932e-08 7.54030e-09 7.57289e-11
2.500954 5.03911e-04 6.54535e-03 1.49994e-02 1.70562e-02 1.51749e-02 1.44505e-02 1.50332e-02 1.66657e-02 1.92919e-02 2.07763e-02 1.89385e-02 1.59282e-02 1.38398e-02 1.25173e-02 1.16036e-02 1.09391e-02 1.03243e-02 9.50474e-03 8.57618e-03 7.96375e-03 7.69180e-03 7.63557e-03 7.65992e-03 7.65616e-03 7.58920e-03 7.47716e-03 7.34951e-03 7.21832e-03 7.11877e-03 7.14531e-03 7.38185e-03 7.77400e-03 8.12077e-03 8.24250e-03 8.13743e-03 7.92949e-03 7.71826e-03 7.52927e-03 7.35444e-03 7.19084e-03 7.04325e-03 6.90819e-03 6.77808e-03 6.65009e-03 6.52501e-03 6.40372e-03 6.28517e-03 6.16612e-03 6.04216e-03 5.90932e-03 5.76519e-03 5.60925e-03 5.44269e-03 5.26812e-03 5.08913e-03 4.90910e-03 4.73000e-03 4.55249e-03 4.37691e-03 4.20322e-03 4.03051e-03 3.85752e-03 3.68384e-03 3.51022e-03 3.33789e-03 3.16806e-03 3.00201e-03 2.84130e-03 2.68777e-03 2.54362e-03 2.41113e-03 2.29198e-03 2.18654e-03 2.09353e-03 2.01073e-03 1.93592e-03 1.86708e-03 1.80248e-03 1.74090e-03 1.68133e-03 1.62211e-03 1.56047e-03 1.49400e-03 1.42264e-03 1.34801e-03 1.27235e-03 1.19504e-03 1.11419e-03 1.03383e-03 9.60783e-04 8.97957e-04 8.42548e-04 7.89807e-04 7.36795e-04 6.83052e-04 6.29661e-04 5.78117e-04 5.29546e-04 4.84388e-04 4.42427e-04 4.03019e-04 3.65452e-04 3.29353e-04 2.94886e-04 2.62486e-04 2.32438e-04 2.04817e-04 1.79738e-04 1.57620e-04 1.39370e-04 1.26093e-04 1.17316e-04 1.10868e-04 1.07237e-04 1.07956e-04 1.10795e-04 1.10298e-04 1.01846e-04 8.80143e-05 7.34605e-05 5.90143e-05 4.39535e-05 2.88400e-05 1.55695e-05 6.02374e-06 1.20162e-06 6.61395e-08 3.88456e-10
2.751050 5.19977e-04 6.77924e-03 1.06768e-02 9.94164e-03 1.15594e-02 1.57066e-02 2.04655e-02 2.32226e-02 2.10639e-02 1.65973e-02 1.34945e-02 1.18580e-02 1.09874e-02 1.04681e-02 1.00377e-02 9.63213e-03 9.24772e-03 8.79798e-03 8.29866e-03 7.85694e-03 7.53298e-03 7.32819e-03 7.20879e-03 7.13769e-03 7.09249e-03 7.04759e-03 6.98510e-03 6.90254e-03 6.78754e-03 6.66503e-03 6.58109e-03 6.56275e-03 6.63301e-03 6.82562e-03 7.11763e-03 7.35138e-03 7.36457e-03 7.17738e-03 6.94082e-03 6.75022e-03 6.59400e-03 6.44378e-03 6.29495e-03 6.14594e-03 5.99804e-03 5.85657e-03 5.72368e-03 5.59722e-03 5.47439e-03 5.35379e-03 5.23443e-03 5.11560e-03 4.99701e-03 4.87822e-03 4.75833e-03 4.63638e-03 4.51182e-03 4.38470e-03 4.25551e-03 4.12498e-03 3.99372e-03 3.86221e-03 3.73177e-03 3.60591e-03 3.48876e-03 3.37932e-03 3.27090e-03 3.15802e-03 3.03873e-03 2.91227e-03 2.77993e-03 2.64653e-03 2.51838e-03 2.40179e-03 2.30199e-03 2.21470e-03 2.12119e-03 2.01488e-03 1.91457e-03 1.82764e-03 1.74194e-03 1.65030e-03 1.55332e-03 1.45152e-03 1.34621e-03 1.24067e-03 1.13618e-03 1.03274e-03 9.33351e-04 8.41706e-04 7.58197e-04 6.82611e-04 6.15987e-04 5.57890e-04 5.07010e-04 4.62833e-04 4.24830e-04 3.91630e-04 3.61052e-04 3.30785e-04 2.99385e-04 2.66918e-04 2.34677e-04 2.04209e-04 1.76503e-04 1.51879e-04 1.30392e-04 1.12205e-04 9.75397e-05 8.63048e-05 7.80069e-05 7.20996e-05 6.81183e-05 6.58205e-05 6.59388e-05 6.88692e-05 7.38551e-05 8.11681e-05 8.94870e-05 9.49978e-05 9.52745e-05 8.94727e-05 7.67400e-05 5.64358e-05 3.03642e-05 8.39369e-06 6.40076e-07 5.85357e-09
3.001145 5.60273e-04 5.08948e-03 8.12570e-03 1.11185e-02 2.02435e-02 2.65162e-02 2.23251e-02 1.61917e-02 1.30153e-02 1.16070e-02 1.08327e-02 1.01789e-02 9.60921e-03 9.08543e-03 8.59933e-03 8.21097e-03 7.93878e-03 7.75788e-03 7.62781e-03 7.51175e-03 7.40213e-03 7.31868e-03 7.27633e-03 7.27102e-03 7.28383e-03 7.29028e-03 7.26120e-03 7.18314e-03 7.08050e-03 6.96397e-03 6.83431e-03 6.71259e-03 6.63025e-03 6.58910e-03 6.57024e-03 6.55765e-03 6.53920e-03 6.49942e-03 6.45648e-03 6.43811e-03 6.42872e-03 6.38450e-03 6.24580e-03 5.99254e-03 5.70979e-03 5.50570e-03 5.37087e-03 5.26785e-03 5.18278e-03 5.10797e-03 5.03678e-03 4.96435e-03 4.88625e-03 4.79843e-03 4.69872e-03 4.58782e-03 4.46835e-03 4.34257e-03 4.21226e-03 4.08151e-03 3.95614e-03 3.83933e-03 3.73027e-03 3.62528e-03 3.52036e-03 3.41691e-03 3.31692e-03 3.21724e-03 3.13048e-03 3.07398e-03 3.02956e-03 2.95926e-03 2.85004e-03 2.72254e-03 2.59058e-03 2.44775e-03 2.29448e-03 2.13941e-03 1.98714e-03 1.84030e-03 1.70193e-03 1.57334e-03 1.45434e-03 1.34467e-03 1.24343e-03 1.14868e-03 1.05805e-03 9.69731e-04 8.83516e-04 8.01000e-04 7.24455e-04 6.55905e-04 5.95877e-04 5.42431e-04 4.91997e-04 4.41167e-04 3.88290e-04 3.34838e-04 2.85484e-04 2.45047e-04 2.14655e-04 1.92060e-04 1.74531e-04 1.60308e-04 1.48495e-04 1.38636e-04 1.30050e-04 1.21904e-04 1.13960e-04 1.06163e-04 9.84747e-05 9.10768e-05 8.39432e-05 7.64384e-05 6.79506e-05 5.87064e-05 4.96356e-05 4.18674e-05 3.61882e-05 3.26107e-05 3.03845e-05 2.85163e-05 2.63213e-05 2.27648e-05 1.53184e-05 5.27404e-06 4.82805e-07 5.43828e-09
3.251240 4.99788e-04 6.46007e-03 1.60818e-02 2.41936e-02 2.41767e-02 1.87149e-02 1.47738e-02 1.25430e-02 1.09211e-02 9.85279e-03 9.16201e-03 8.65178e-03 8.23632e-03 7.91404e-03 7.79382e-03 8.03311e-03 8.32808e-03 8.26455e-03 8.24163e-03 8.09476e-03 7.68007e-03 7.23597e-03 6.87824e-03 6.65185e-03 6.56108e-03 6.55740e-03 6.58435e-03 6.60609e-03 6.58231e-03 6.50854e-03 6.40261e-03 6.26645e-03 6.11651e-03 5.98822e-03 5.91542e-03 5.92255e-03 6.01838e-03 6.17544e-03 6.32432e-03 6.39810e-03 6.38533e-03 6.35555e-03 6.43952e-03 6.64958e-03 6.75150e-03 6.55382e-03 6.17270e-03 5.82189e-03 5.56308e-03 5.36255e-03 5.19364e-03 5.04290e-03 4.90310e-03 4.77270e-03 4.65000e-03 4.52843e-03 4.40088e-03 4.27027e-03 4.14909e-03 4.04239e-03 3.94384e-03 3.84594e-03 3.74173e-03 3.62591e-03 3.50044e-03 3.37401e-03 3.25444e-03 3.13975e-03 3.02079e-03 2.90135e-03 2.79573e-03 2.70362e-03 2.60911e-03 2.49602e-03 2.35321e-03 2.18173e-03 2.00057e-03 1.83405e-03 1.68833e-03 1.55518e-03 1.42790e-03 1.30823e-03 1.20606e-03 1.12647e-03 1.06211e-03 1.00067e-03 9.33274e-04 8.59565e-04 7.84701e-04 7.10358e-04 6.34281e-04 5.58618e-04 4.92590e-04 4.40545e-04 3.98791e-04 3.64221e-04 3.35717e-04 3.12530e-04 2.92903e-04 2.72796e-04 2.49000e-04 2.24641e-04 2.04432e-04 1.87033e-04 1.69415e-04 1.51092e-04 1.32724e-04 1.15083e-04 9.91896e-05 8.58872e-05 7.56604e-05 6.87291e-05 6.39684e-05 5.89680e-05 5.23643e-05 4.46229e-05 3.65100e-05 2.84595e-05 2.08123e-05 1.39822e-05 8.45913e-06 4.48437e-06 1.98087e-06 7.06142e-07 2.08459e-07 5.50817e-08 9.61201e-09 2.71258e-10
3.501336 4.61152e-04 1.15121e-02 2.14703e-02 1.96543e-02 1.65866e-02 1.50157e-02 1.43317e-02 1.30655e-02 1.17177e-02 1.06459e-02 9.56549e-03 8.77246e-03 8.23103e-03 7.79644e-03 7.45895e-03 7.20316e-03 7.02941e-03 6.92418e-03 6.84640e-03 6.81177e-03 6.83798e-03 6.88330e-03 6.90283e-03 6.88009e-03 6.82788e-03 6.76801e-03 6.71989e-03 6.70088e-03 6.78920e-03 6.99824e-03 7.06765e-03 6.99267e-03 6.97333e-03 6.97609e-03 6.95041e-03 6.94138e-03 7.04266e-03 7.30652e-03 7.53149e-03 7.46573e-03 7.18775e-03 6.90092e-03 6.68088e-03 6.51008e-03 6.37919e-03 6.36567e-03 6.46875e-03 6.49443e-03 6.31189e-03 5.95242e-03 5.56459e-03 5.28339e-03 5.10996e-03 4.98021e-03 4.85993e-03 4.74055e-03 4.61466e-03 4.48526e-03 4.34797e-03 4.16792e-03 3.92614e-03 3.65844e-03 3.44875e-03 3.30974e-03 3.18540e-03 3.05531e-03 2.92898e-03 2.81393e-03 2.70740e-03 2.60127e-03 2.48892e-03 2.36570e-03 2.23014e-03 2.08067e-03 1.91485e-03 1.74735e-03 1.60719e-03 1.50188e-03 1.40886e-03 1.30773e-03 1.20487e-03 1.11560e-03 1.04187e-03 9.67847e-04 8.88304e-04 8.08227e-04 7.33386e-04 6.73740e-04 6.29111e-04 5.91679e-04 5.60422e-04 5.34910e-04 5.11749e-04 4.88875e-04 4.67199e-04 4.48031e-04 4.31581e-04 4.18249e-04 4.07251e-04 3.93877e-04 3.73395e-04 3.45350e-04 3.13166e-04 2.80794e-04 2.50166e-04 2.20823e-04 1.91435e-04 1.61936e-04 1.33709e-04 1.07816e-04 8.52545e-05 6.76885e-05 5.47680e-05 4.42621e-05 3.57042e-05 2.94626e-05 2.48911e-05 2.12758e-05 1.80875e-05 1.47542e-05 1.10568e-05 7.45089e-06 4.45955e-06 2.25432e-06 8.32278e-07 1.64210e-07 1.03219e-08 1.08064e-10
3.751431 5.17845e-04 1.04868e-02 1.67613e-02 1.58791e-02 1.61618e-02 1.56954e-02 1.35657e-02 1.07308e-02 9.09692e-03 8.26712e-03 7.80187e-03 7.58013e-03 7.50709e-03 7.49454e-03 7.47713e-03 7.44759e-03 7.43026e-03 7.43585e-03 7.43982e-03 7.42542e-03 7.43623e-03 7.55185e-03 7.77585e-03 8.04517e-03 8.29944e-03 8.45172e-03 8.38820e-03 8.22471e-03 8.12308e-03 8.09674e-03 8.09032e-03 8.05103e-03 7.98185e-03 7.88404e-03 7.76178e-03 7.68059e-03 7.74103e-03 7.93869e-03 8.02511e-03 7.75353e-03 7.25521e-03 6.76263e-03 6.34224e-03 6.00145e-03 5.77013e-03 5.66517e-03 5.65382e-03 5.64532e-03 5.57460e-03 5.46114e-03 5.34130e-03 5.26058e-03 5.19223e-03 5.03769e-03 4.78024e-03 4.49738e-03 4.30906e-03 4.21284e-03 4.14432e-03 4.07283e-03 3.98591e-03 3.88410e-03 3.76915e-03 3.65933e-03 3.51340e-03 3.27761e-03 3.05780e-03 2.89103e-03 2.73922e-03 2.58119e-03 2.39643e-03 2.19978e-03 2.02701e-03 1.88454e-03 1.75614e-03 1.63249e-03 1.51497e-03 1.40766e-03 1.31390e-03 1.23352e-03 1.16207e-03 1.09746e-03 1.04224e-03 9.91701e-04 9.36737e-04 8.87326e-04 8.43518e-04 8.02619e-04 7.62039e-04 7.19904e-04 6.76602e-04 6.34133e-04 5.93502e-04 5.54890e-04 5.18948e-04 4.86172e-04 4.56549e-04 4.30522e-04 4.08404e-04 3.89339e-04 3.71673e-04 3.54016e-04 3.35816e-04 3.17061e-04 2.97322e-04 2.75285e-04 2.49468e-04 2.19777e-04 1.88464e-04 1.58870e-04 1.32932e-04 1.10040e-04 8.82443e-05 6.68082e-05 4.75761e-05 3.28557e-05 2.27412e-05 1.59258e-05 1.12927e-05 8.11923e-06 6.07291e-06 4.76951e-06 3.53091e-06 2.14786e-06 9.73398e-07 2.50098e-07 1.87127e-08 1.67692e-10
4.001527 6.66143e-04 7.57098e-03 1.42705e-02 1.65578e-02 1.57596e-02 1.39655e-02 1.19064e-02 1.02165e-02 9.32663e-03 8.93286e-03 8.79089e-03 8.76055e-03 8.77196e-03 8.86277e-03 8.92308e-03 8.78669e-03 8.53629e-03 8.30891e-03 8.13445e-03 8.00225e-03 7.92972e-03 7.93677e-03 8.03098e-03 8.20766e-03 8.38035e-03 8.50919e-03 8.61612e-03 8.62040e-03 8.70091e-03 8.80549e-03 8.81274e-03 8.75466e-03 8.69464e-03 8.63915e-03 8.57608e-03 8.54118e-03 8.57093e-03 8.59873e-03 8.46386e-03 8.16382e-03 7.84698e-03 7.56963e-03 7.32317e-03 7.09113e-03 6.84732e-03 6.59052e-03 6.34570e-03 6.15398e-03 6.04222e-03 5.98100e-03 5.90759e-03 5.72692e-03 5.41355e-03 5.09101e-03 4.83853e-03 4.64603e-03 4.49295e-03 4.36230e-03 4.26561e-03 4.16878e-03 4.02466e-03 3.86258e-03 3.70532e-03 3.54841e-03 3.38949e-03 3.21889e-03 3.03992e-03 2.86841e-03 2.70352e-03 2.55793e-03 2.42926e-03 2.29471e-03 2.16593e-03 2.04980e-03 1.93485e-03 1.81804e-03 1.70228e-03 1.58820e-03 1.47364e-03 1.35564e-03 1.23915e-03 1.13617e-03 1.04929e-03 9.75658e-04 9.07627e-04 8.36491e-04 7.65642e-04 7.06757e-04 6.63389e-04 6.29275e-04 5.99427e-04 5.71060e-04 5.43016e-04 5.15583e-04 4.89456e-04 4.65106e-04 4.42993e-04 4.23712e-04 4.07957e-04 3.96512e-04 3.88736e-04 3.81225e-04 3.70069e-04 3.54349e-04 3.35666e-04 3.15201e-04 2.93539e-04 2.71213e-04 2.48541e-04 2.25977e-04 2.03982e-04 1.82131e-04 1.59191e-04 1.34888e-04 1.10461e-04 8.70077e-05 6.53621e-05 4.67233e-05 3.17429e-05 2.03371e-05 1.21975e-05 6.84922e-06 3.59039e-06 1.70450e-06 6.76063e-07 1.70996e-07 1.59668e-08 2.22587e-10
4.251622 9.79604e-04 9.52623e-03 1.63187e-02 1.67945e-02 1.59563e-02 1.40777e-02 1.22595e-02 1.11281e-02 1.04074e-02 9.89897e-03 9.67454e-03 9.68541e-03 9.77829e-03 9.81769e-03 9.75895e-03 9.45681e-03 8.97764e-03 8.59726e-03 8.35898e-03 8.20188e-03 8.10179e-03 8.03295e-03 7.98682e-03 7.97222e-03 8.01484e-03 8.15125e-03 8.31493e-03 8.42498e-03 8.44904e-03 8.43890e-03 8.42667e-03 8.40639e-03 8.33559e-03 8.17743e-03 7.97366e-03 7.78301e-03 7.61367e-03 7.48592e-03 7.40714e-03 7.34863e-03 7.28851e-03 7.16080e-03 6.92013e-03 6.66455e-03 6.47217e-03 6.38265e-03 6.42174e-03 6.33622e-03 6.12231e-03 6.11253e-03 6.17961e-03 6.21851e-03 6.06655e-03 5.61552e-03 5.21914e-03 4.99679e-03 4.85675e-03 4.70515e-03 4.48242e-03 4.24203e-03 4.03009e-03 3.84683e-03 3.70096e-03 3.57865e-03 3.44146e-03 3.28670e-03 3.14351e-03 3.01343e-03 2.88362e-03 2.74355e-03 2.58771e-03 2.41940e-03 2.25070e-03 2.09479e-03 1.95561e-03 1.82599e-03 1.70026e-03 1.58696e-03 1.49547e-03 1.42019e-03 1.34778e-03 1.27063e-03 1.19201e-03 1.11846e-03 1.04470e-03 9.50809e-04 8.16278e-04 6.73954e-04 5.93462e-04 5.52915e-04 5.25901e-04 5.04957e-04 4.88040e-04 4.74536e-04 4.63942e-04 4.55352e-04 4.47397e-04 4.38866e-04 4.29824e-04 4.21843e-04 4.16097e-04 4.11484e-04 4.05619e-04 3.97320e-04 3.87047e-04 3.75161e-04 3.61395e-04 3.45658e-04 3.27964e-04 3.07955e-04 2.85059e-04 2.58698e-04 2.29103e-04 1.98147e-04 1.68241e-04 1.40553e-04 1.14756e-04 9.03873e-05 6.78198e-05 4.78417e-05 3.10279e-05 1.79548e-05 9.02286e-06 3.91231e-06 1.46361e-06 3.64656e-07 3.18476e-08 2.75659e-10
4.501717 1.02929e-03 8.29693e-03 1.38661e-02 1.38876e-02 1.32817e-02 1.30080e-02 1.26152e-02 1.22558e-02 1.21071e-02 1.17231e-02 1.11643e-02 1.07945e-02 1.05888e-02 1.04174e-02 1.02971e-02 1.01471e-02 9.82446e-03 9.39405e-03 9.02984e-03 8.75935e-03 8.55251e-03 8.44203e-03 8.43103e-03 8.52105e-03 8.57913e-03 8.45111e-03 8.19628e-03 7.95838e-03 7.79648e-03 7.72820e-03 7.74818e-03 7.80437e-03 7.85180e-03 7.81727e-03 7.60292e-03 7.34804e-03 7.16312e-03 6.98900e-03 6.82716e-03 6.73600e-03 6.73148e-03 6.70897e-03 6.55166e-03 6.29954e-03 6.05392e-03 5.88278e-03 5.79130e-03 5.71682e-03 5.58684e-03 5.42657e-03 5.33606e-03 5.35586e-03 5.32333e-03 5.17295e-03 5.04917e-03 5.02483e-03 4.96455e-03 4.81603e-03 4.61930e-03 4.42019e-03 4.23140e-03 4.06088e-03 3.91406e-03 3.76602e-03 3.59523e-03 3.41677e-03 3.24216e-03 3.07214e-03 2.90821e-03 2.75479e-03 2.61443e-03 2.48433e-03 2.36083e-03 2.24410e-03 2.13936e-03 2.05286e-03 1.98546e-03 1.93196e-03 1.88508e-03 1.83842e-03 1.78717e-03 1.72810e-03 1.65942e-03 1.58352e-03 1.50088e-03 1.40637e-03 1.28562e-03 1.10850e-03 8.94762e-04 7.32067e-04 6.46874e-04 6.07392e-04 5.88693e-04 5.79479e-04 5.75079e-04 5.72315e-04 5.68389e-04 5.62146e-04 5.53035e-04 5.40481e-04 5.26363e-04 5.12124e-04 4.93734e-04 4.69973e-04 4.46938e-04 4.29616e-04 4.17452e-04 4.06700e-04 3.92806e-04 3.72767e-04 3.47599e-04 3.19708e-04 2.90138e-04 2.59583e-04 2.29035e-04 1.99392e-04 1.70150e-04 1.39421e-04 1.06395e-04 7.32149e-05 4.41057e-05 2.23919e-05 9.12435e-06 2.88428e-06 7.28417e-07 1.26336e-07 8.38400e-09 7.18859e-11
4.751813 9.20868e-04 6.32499e-03 1.10086e-02 1.19769e-02 1.18131e-02 1.12610e-02 1.09592e-02 1.08652e-02 1.05504e-02 1.02972e-02 1.02600e-02 1.02633e-02 1.03146e-02 1.05153e-02 1.07496e-02 1.07400e-02 1.04155e-02 9.91439e-03 9.55284e-03 9.41054e-03 9.32852e-03 9.27269e-03 9.22300e-03 9.13537e-03 8.96938e-03 8.69428e-03 8.36620e-03 8.10423e-03 7.89008e-03 7.70467e-03 7.56507e-03 7.45475e-03 7.36104e-03 7.20997e-03 7.03239e-03 6.92537e-03 6.86852e-03 6.85297e-03 6.86525e-03 6.88500e-03 6.85491e-03 6.74875e-03 6.59750e-03 6.44381e-03 6.30555e-03 6.15622e-03 5.97444e-03 5.77262e-03 5.57363e-03 5.37864e-03 5.14928e-03 4.86996e-03 4.62768e-03 4.49114e-03 4.42979e-03 4.40383e-03 4.36415e-03 4.27738e-03 4.15131e-03 4.01285e-03 3.87797e-03 3.75287e-03 3.64387e-03 3.55358e-03 3.47418e-03 3.39648e-03 3.31911e-03 3.24059e-03 3.16061e-03 3.07829e-03 2.98679e-03 2.88365e-03 2.78210e-03 2.70037e-03 2.64039e-03 2.58647e-03 2.52223e-03 2.44209e-03 2.35001e-03 2.25680e-03 2.17930e-03 2.12888e-03 2.09809e-03 2.06723e-03 2.01982e-03 1.94411e-03 1.82404e-03 1.64824e-03 1.42930e-03 1.19137e-03 9.68400e-04 8.08731e-04 7.25889e-04 6.91544e-04 6.75340e-04 6.62184e-04 6.48362e-04 6.34410e-04 6.20996e-04 6.06775e-04 5.90168e-04 5.70975e-04 5.49907e-04 5.28860e-04 5.09564e-04 4.90009e-04 4.64851e-04 4.31267e-04 3.94686e-04 3.63801e-04 3.39075e-04 3.16244e-04 2.92397e-04 2.64910e-04 2.34128e-04 2.01495e-04 1.61883e-04 1.16399e-04 7.73328e-05 4.95660e-05 3.08596e-05 1.85391e-05 1.06447e-05 5.68132e-06 2.56242e-06 7.41325e-07 6.58568e-08 6.07003e-10
5.001908 8.29395e-04 5.40885e-03 9.74052e-03 1.11107e-02 1.09113e-02 1.01739e-02 9.56585e-03 9.19534e-03 9.11200e-03 9.32056e-03 9.73600e-03 1.01599e-02 1.03211e-02 1.02717e-02 1.03410e-02 1.05345e-02 1.05873e-02 1.03648e-02 1.00375e-02 9.65443e-03 9.25239e-03 8.93651e-03 8.70145e-03 8.52620e-03 8.42896e-03 8.33448e-03 8.23209e-03 8.17362e-03 8.09851e-03 7.96787e-03 7.81240e-03 7.68437e-03 7.59703e-03 7.48385e-03 7.32292e-03 7.16616e-03 6.99141e-03 6.81047e-03 6.64041e-03 6.49957e-03 6.40487e-03 6.36865e-03 6.37638e-03 6.36213e-03 6.26515e-03 6.08307e-03 5.86727e-03 5.69312e-03 5.60147e-03 5.48957e-03 5.16841e-03 4.67922e-03 4.26923e-03 4.04969e-03 3.97759e-03 3.97056e-03 3.95830e-03 3.90816e-03 3.81763e-03 3.70366e-03 3.59306e-03 3.50497e-03 3.43731e-03 3.37514e-03 3.31239e-03 3.25759e-03 3.22083e-03 3.20052e-03 3.17550e-03 3.10089e-03 2.96506e-03 2.84436e-03 2.79266e-03 2.75893e-03 2.69274e-03 2.60979e-03 2.54030e-03 2.49884e-03 2.49208e-03 2.51619e-03 2.55322e-03 2.58179e-03 2.58021e-03 2.53003e-03 2.42766e-03 2.29028e-03 2.14182e-03 1.98834e-03 1.82519e-03 1.66067e-03 1.50932e-03 1.37288e-03 1.22719e-03 1.04440e-03 8.54913e-04 7.07498e-04 6.16479e-04 5.66166e-04 5.36628e-04 5.18233e-04 5.07454e-04 5.01711e-04 4.97586e-04 4.90854e-04 4.79783e-04 4.64298e-04 4.42829e-04 4.15091e-04 3.83977e-04 3.52936e-04 3.23311e-04 2.94416e-04 2.66928e-04 2.39270e-04 2.05654e-04 1.65114e-04 1.19151e-04 7.69395e-05 4.64506e-05 2.63698e-05 1.40325e-05 7.25097e-06 3.80578e-06 2.01377e-06 9.61495e-07 3.09047e-07 3.28638e-08 4.65271e-10
5.252004 7.33859e-04 4.94165e-03 8.84610e-03 9.96713e-03 1.00485e-02 9.84258e-03 9.58007e-03 9.38123e-03 9.31025e-03 9.35027e-03 9.38569e-03 9.41064e-03 9.56053e-03 9.82935e-03 1.00403e-02 1.00300e-02 9.96975e-03 9.90540e-03 9.62240e-03 9.34781e-03 9.13379e-03 8.88974e-03 8.64497e-03 8.44473e-03 8.31851e-03 8.27364e-03 8.25995e-03 8.24115e-03 8.20657e-03 8.07944e-03 7.77263e-03 7.43752e-03 7.22494e-03 7.08227e-03 6.93033e-03 6.74585e-03 6.55275e-03 6.37012e-03 6.20353e-03 6.04614e-03 5.88380e-03 5.73108e-03 5.61642e-03 5.54036e-03 5.48281e-03 5.41260e-03 5.30344e-03 5.15046e-03 4.96763e-03 4.76734e-03 4.56764e-03 4.37105e-03 4.12999e-03 3.92748e-03 3.87527e-03 3.92949e-03 3.98686e-03 3.97883e-03 3.89325e-03 3.76312e-03 3.64077e-03 3.56593e-03 3.54085e-03 3.54557e-03 3.55725e-03 3.54170e-03 3.48359e-03 3.41383e-03 3.36263e-03 3.34084e-03 3.35044e-03 3.37053e-03 3.35099e-03 3.25615e-03 3.11911e-03 3.00760e-03 2.94506e-03 2.90846e-03 2.85890e-03 2.76922e-03 2.64865e-03 2.52122e-03 2.39567e-03 2.27282e-03 2.15064e-03 2.02097e-03 1.87654e-03 1.72843e-03 1.59743e-03 1.49437e-03 1.42065e-03 1.37070e-03 1.33690e-03 1.31464e-03 1.28066e-03 1.17590e-03 9.90230e-04 8.05994e-04 6.89705e-04 6.32772e-04 6.09340e-04 5.94453e-04 5.68907e-04 5.29960e-04 4.85266e-04 4.40243e-04 4.01240e-04 3.70886e-04 3.47649e-04 3.28160e-04 3.08086e-04 2.83673e-04 2.54275e-04 2.22460e-04 1.87374e-04 1.43574e-04 9.84359e-05 6.41824e-05 3.89738e-05 2.10560e-05 1.03811e-05 4.65195e-06 1.84884e-06 6.36223e-07 1.91062e-07 4.81890e-08 6.79669e-09 1.73537e-10
5.502099 6.81564e-04 5.08766e-03 9.30001e-03 1.10689e-02 1.19060e-02 1.18557e-02 1.12391e-02 1.06587e-02 1.02757e-02 9.84814e-03 9.56991e-03 9.64352e-03 9.96329e-03 1.02800e-02 1.03667e-02 1.04177e-02 1.04660e-02 1.02925e-02 9.86671e-03 9.40296e-03 9.03913e-03 8.75392e-03 8.51382e-03 8.31047e-03 8.15064e-03 8.03192e-03 7.93822e-03 7.86135e-03 7.80476e-03 7.69160e-03 7.33811e-03 6.85931e-03 6.48047e-03 6.21238e-03 6.02381e-03 5.89370e-03 5.78564e-03 5.67672e-03 5.56549e-03 5.41654e-03 5.23200e-03 5.07277e-03 4.96626e-03 4.90154e-03 4.84453e-03 4.76854e-03 4.66414e-03 4.53946e-03 4.40749e-03 4.24787e-03 4.08252e-03 3.95738e-03 3.87774e-03 3.84113e-03 3.80628e-03 3.76938e-03 3.76735e-03 3.79144e-03 3.82942e-03 3.88479e-03 3.96916e-03 4.07326e-03 4.16386e-03 4.22272e-03 4.25329e-03 4.24987e-03 4.23522e-03 4.22585e-03 4.15963e-03 4.03338e-03 3.85156e-03 3.63414e-03 3.42455e-03 3.24351e-03 3.08518e-03 2.95880e-03 2.83335e-03 2.67083e-03 2.47526e-03 2.26665e-03 2.09156e-03 1.97158e-03 1.88673e-03 1.82497e-03 1.75453e-03 1.66545e-03 1.57916e-03 1.51365e-03 1.47016e-03 1.43596e-03 1.40082e-03 1.36195e-03 1.32159e-03 1.28469e-03 1.24942e-03 1.20641e-03 1.15289e-03 1.09335e-03 1.02507e-03 9.52056e-04 8.91508e-04 8.47902e-04 8.07949e-04 7.49808e-04 6.71822e-04 5.93356e-04 5.15566e-04 4.39407e-04 3.75208e-04 3.28461e-04 2.95005e-04 2.68040e-04 2.42249e-04 2.13931e-04 1.81758e-04 1.47611e-04 1.15274e-04 8.68978e-05 5.86843e-05 3.10398e-05 1.40707e-05 6.22240e-06 2.39094e-06 7.00448e-07 1.37740e-07 1.59472e-08 9.65541e-10 1.37794e-11
5.752195 6.56982e-04 6.79882e-03 1.27746e-02 1.44863e-02 1.46166e-02 1.37628e-02 1.25980e-02 1.17439e-02 1.10976e-02 1.06798e-02 1.06160e-02 1.08800e-02 1.10801e-02 1.10709e-02 1.09368e-02 1.07372e-02 1.04869e-02 1.00811e-02 9.58233e-03 9.07847e-03 8.61694e-03 8.28909e-03 8.07543e-03 7.91846e-03 7.78539e-03 7.67281e-03 7.55366e-03 7.39204e-03 7.19862e-03 6.97376e-03 6.67898e-03 6.37232e-03 6.10987e-03 5.90607e-03 5.74075e-03 5.59247e-03 5.47083e-03 5.38463e-03 5.32352e-03 5.25694e-03 5.16032e-03 5.04799e-03 4.95542e-03 4.85376e-03 4.73910e-03 4.64505e-03 4.55358e-03 4.44700e-03 4.33214e-03 4.21054e-03 4.11502e-03 4.09499e-03 4.15141e-03 4.26367e-03 4.41894e-03 4.50839e-03 4.45529e-03 4.37352e-03 4.32284e-03 4.28056e-03 4.22239e-03 4.18658e-03 4.12922e-03 4.02593e-03 3.91185e-03 3.82116e-03 3.73699e-03 3.63720e-03 3.55099e-03 3.52176e-03 3.51692e-03 3.44270e-03 3.29058e-03 3.11870e-03 2.95641e-03 2.82243e-03 2.69602e-03 2.52654e-03 2.30258e-03 2.11844e-03 2.00583e-03 1.91905e-03 1.82706e-03 1.70912e-03 1.58946e-03 1.49712e-03 1.43445e-03 1.38114e-03 1.32700e-03 1.27918e-03 1.24434e-03 1.21755e-03 1.19268e-03 1.16999e-03 1.15065e-03 1.13455e-03 1.12119e-03 1.10812e-03 1.08711e-03 1.04896e-03 9.96367e-04 9.43199e-04 8.94750e-04 8.31422e-04 7.36346e-04 6.42077e-04 5.69367e-04 5.03662e-04 4.37324e-04 3.70837e-04 3.08212e-04 2.55576e-04 2.17531e-04 1.91742e-04 1.71178e-04 1.49538e-04 1.23540e-04 9.27422e-05 6.16361e-05 3.82924e-05 2.10516e-05 8.81828e-06 2.98285e-06 8.82451e-07 2.13965e-07 3.28444e-08 2.55946e-09 4.47106e-11
6.002290 6.41620e-04 8.00852e-03 1.61185e-02 1.70166e-02 1.47301e-02 1.29934e-02 1.22239e-02 1.18929e-02 1.17090e-02 1.16968e-02 1.18349e-02 1.18952e-02 1.17539e-02 1.13932e-02 1.07434e-02 1.01576e-02 9.90986e-03 9.82515e-03 9.66802e-03 9.32213e-03 8.90485e-03 8.53200e-03 8.18683e-03 7.85435e-03 7.56365e-03 7.32899e-03 7.11739e-03 6.87734e-03 6.59598e-03 6.32245e-03 6.09634e-03 5.90593e-03 5.73722e-03 5.59416e-03 5.48938e-03 5.43607e-03 5.42123e-03 5.41589e-03 5.37982e-03 5.28626e-03 5.18029e-03 5.12307e-03 5.08769e-03 5.02344e-03 4.93984e-03 4.91661e-03 4.99000e-03 5.03189e-03 5.10537e-03 5.19643e-03 5.16558e-03 5.06557e-03 5.00441e-03 4.97630e-03 4.87353e-03 4.64389e-03 4.44987e-03 4.35467e-03 4.29510e-03 4.26872e-03 4.29406e-03 4.32810e-03 4.26920e-03 4.08419e-03 3.86991e-03 3.71003e-03 3.57365e-03 3.40212e-03 3.20536e-03 3.03132e-03 2.89062e-03 2.76722e-03 2.65148e-03 2.54237e-03 2.43711e-03 2.32577e-03 2.19362e-03 2.04521e-03 1.92244e-03 1.85375e-03 1.79877e-03 1.71801e-03 1.59451e-03 1.45907e-03 1.35154e-03 1.28117e-03 1.23521e-03 1.20019e-03 1.17535e-03 1.15512e-03 1.13335e-03 1.11166e-03 1.09351e-03 1.08089e-03 1.07514e-03 1.07703e-03 1.08557e-03 1.09658e-03 1.10218e-03 1.09352e-03 1.06715e-03 1.02765e-03 9.81938e-04 9.30891e-04 8.67712e-04 7.86162e-04 6.99420e-04 6.23148e-04 5.48864e-04 4.68856e-04 3.88139e-04 3.13826e-04 2.42498e-04 1.73389e-04 1.23540e-04 9.67700e-05 8.15217e-05 6.79463e-05 5.14521e-05 3.40320e-05 1.98088e-05 9.95299e-06 4.06590e-06 1.26442e-06 2.83942e-07 4.68668e-08 4.13708e-09 7.36212e-11
6.252385 6.18831e-04 8.96669e-03 1.71429e-02 1.70258e-02 1.42825e-02 1.21480e-02 1.10342e-02 1.04642e-02 1.01973e-02 1.02294e-02 1.05496e-02 1.08993e-02 1.09146e-02 1.05903e-02 1.03374e-02 1.03811e-02 1.04948e-02 1.04045e-02 1.00516e-02 9.54169e-03 8.96707e-03 8.43111e-03 8.02874e-03 7.73877e-03 7.48692e-03 7.24812e-03 7.02709e-03 6.77713e-03 6.45801e-03 6.10592e-03 5.77810e-03 5.50097e-03 5.28465e-03 5.15270e-03 5.11450e-03 5.12307e-03 5.16298e-03 5.26928e-03 5.35457e-03 5.27523e-03 5.11538e-03 5.07957e-03 5.24052e-03 5.29437e-03 5.27833e-03 5.58712e-03 5.91947e-03 5.93212e-03 5.82500e-03 5.62785e-03 5.43687e-03 5.35104e-03 5.29076e-03 5.20243e-03 5.09367e-03 5.00048e-03 4.92134e-03 4.85486e-03 4.79660e-03 4.73648e-03 4.63698e-03 4.44175e-03 4.15829e-03 3.87052e-03 3.63763e-03 3.45097e-03 3.29150e-03 3.14426e-03 2.99349e-03 2.84449e-03 2.71639e-03 2.61844e-03 2.54340e-03 2.46475e-03 2.33387e-03 2.11738e-03 1.87162e-03 1.68917e-03 1.57980e-03 1.50565e-03 1.43663e-03 1.35431e-03 1.26479e-03 1.18820e-03 1.12733e-03 1.07923e-03 1.04382e-03 1.01343e-03 9.80476e-04 9.47893e-04 9.19069e-04 8.94162e-04 8.74171e-04 8.60600e-04 8.53106e-04 8.51058e-04 8.55772e-04 8.68270e-04 8.84296e-04 8.93010e-04 8.84525e-04 8.59949e-04 8.28514e-04 7.96338e-04 7.63259e-04 7.25316e-04 6.81346e-04 6.39184e-04 6.03406e-04 5.63594e-04 5.06337e-04 4.30180e-04 3.56980e-04 2.98932e-04 2.31886e-04 1.45230e-04 7.92171e-05 4.74788e-05 3.09126e-05 2.10751e-05 1.41593e-05 8.38109e-06 4.08045e-06 1.60044e-06 4.76006e-07 9.15733e-08 9.65049e-09 1.93917e-10
6.502481 5.88548e-04 7.38543e-03 1.36559e-02 1.35510e-02 1.18711e-02 1.03999e-02 9.81553e-03 1.00156e-02 1.05647e-02 1.13200e-02 1.17013e-02 1.11643e-02 1.03724e-02 1.00412e-02 1.01245e-02 1.03070e-02 1.02873e-02 9.98876e-03 9.63228e-03 9.26587e-03 8.85107e-03 8.46742e-03 8.13023e-03 7.84045e-03 7.59176e-03 7.33932e-03 7.07115e-03 6.78618e-03 6.45961e-03 6.10234e-03 5.85509e-03 5.92620e-03 6.04251e-03 5.74802e-03 5.43057e-03 5.37748e-03 5.49916e-03 5.53686e-03 5.32059e-03 5.10189e-03 5.02341e-03 5.01120e-03 5.00070e-03 4.94739e-03 4.83578e-03 4.76171e-03 4.80836e-03 4.96353e-03 5.18086e-03 5.39545e-03 5.56611e-03 5.69907e-03 5.81595e-03 5.89134e-03 5.87529e-03 5.77541e-03 5.65678e-03 5.56592e-03 5.48635e-03 5.34878e-03 5.11491e-03 4.82602e-03 4.53816e-03 4.28308e-03 4.06459e-03 3.86804e-03 3.68853e-03 3.52591e-03 3.36925e-03 3.20519e-03 3.03664e-03 2.87913e-03 2.74612e-03 2.63914e-03 2.51233e-03 2.26432e-03 1.88338e-03 1.52090e-03 1.30016e-03 1.19781e-03 1.13980e-03 1.08851e-03 1.03682e-03 9.87570e-04 9.44615e-04 9.09383e-04 8.79913e-04 8.52237e-04 8.23043e-04 7.92033e-04 7.61378e-04 7.33083e-04 7.07059e-04 6.82122e-04 6.58273e-04 6.36926e-04 6.20260e-04 6.11147e-04 6.11611e-04 6.20345e-04 6.31302e-04 6.34578e-04 6.22317e-04 5.95333e-04 5.60976e-04 5.25271e-04 4.89431e-04 4.53883e-04 4.22535e-04 3.96633e-04 3.70125e-04 3.37948e-04 2.95788e-04 2.45731e-04 1.98483e-04 1.58579e-04 1.20943e-04 7.85703e-05 4.22093e-05 2.36336e-05 1.50895e-05 9.58772e-06 5.41126e-06 2.43077e-06 8.09549e-07 1.88770e-07 2.33412e-08 5.22399e-10
6.752576 5.65006e-04 5.84522e-03 1.00605e-02 9.82639e-03 9.80966e-03 9.96854e-03 1.04199e-02 1.13783e-02 1.18504e-02 1.14263e-02 1.08959e-02 1.06731e-02 1.07489e-02 1.09413e-02 1.09304e-02 1.06734e-02 1.02300e-02 9.57545e-03 8.79026e-03 8.06068e-03 7.57441e-03 7.33624e-03 7.20544e-03 7.08436e-03 6.99143e-03 6.98010e-03 7.09171e-03 7.28718e-03 7.30130e-03 7.10545e-03 7.03810e-03 6.89012e-03 6.63259e-03 6.40647e-03 6.31093e-03 6.40138e-03 6.55536e-03 6.51236e-03 6.19718e-03 5.73950e-03 5.35969e-03 5.22364e-03 5.22162e-03 5.22440e-03 5.20690e-03 5.19694e-03 5.22337e-03 5.27962e-03 5.35859e-03 5.46935e-03 5.62532e-03 5.84836e-03 6.12526e-03 6.36421e-03 6.44497e-03 6.34791e-03 6.16626e-03 5.97827e-03 5.80122e-03 5.63074e-03 5.45004e-03 5.22623e-03 4.93649e-03 4.59773e-03 4.26365e-03 3.97132e-03 3.71804e-03 3.49481e-03 3.30736e-03 3.16120e-03 3.02249e-03 2.83331e-03 2.61106e-03 2.43353e-03 2.29444e-03 2.10221e-03 1.80940e-03 1.48912e-03 1.26794e-03 1.14816e-03 1.07342e-03 1.01753e-03 9.72314e-04 9.35481e-04 9.04467e-04 8.74668e-04 8.41279e-04 8.02328e-04 7.59371e-04 7.15612e-04 6.73892e-04 6.35943e-04 6.02311e-04 5.72396e-04 5.44821e-04 5.17905e-04 4.90560e-04 4.63478e-04 4.38775e-04 4.17868e-04 4.00068e-04 3.83376e-04 3.66054e-04 3.47454e-04 3.27833e-04 3.07082e-04 2.83788e-04 2.56561e-04 2.26473e-04 1.97268e-04 1.72176e-04 1.50994e-04 1.31748e-04 1.13449e-04 9.60788e-05 8.02761e-05 6.56091e-05 4.97408e-05 3.23107e-05 1.87441e-05 1.18620e-05 8.47220e-06 5.71859e-06 3.20943e-06 1.38161e-06 4.03854e-07 5.86387e-08 1.46033e-09
7.002672 5.55722e-04 3.96520e-03 7.56637e-03 9.20008e-03 9.58027e-03 9.81520e-03 1.02708e-02 1.06847e-02 1.11273e-02 1.14697e-02 1.16004e-02 1.15736e-02 1.13978e-02 1.10437e-02 1.05115e-02 9.86501e-03 9.17209e-03 8.48117e-03 7.93494e-03 7.75050e-03 7.88453e-03 8.02116e-03 7.99099e-03 7.98067e-03 8.09920e-03 8.12103e-03 7.97039e-03 8.07839e-03 8.94230e-03 9.90274e-03 9.69817e-03 8.78719e-03 8.08158e-03 7.55848e-03 7.09641e-03 6.70417e-03 6.40865e-03 6.25429e-03 6.19482e-03 6.15743e-03 6.11695e-03 6.05955e-03 5.98968e-03 5.93744e-03 5.93314e-03 5.97652e-03 6.05282e-03 6.15310e-03 6.26039e-03 6.35860e-03 6.46854e-03 6.61989e-03 6.77371e-03 6.80496e-03 6.62802e-03 6.32547e-03 6.04000e-03 5.82951e-03 5.67419e-03 5.51800e-03 5.30876e-03 5.03309e-03 4.70250e-03 4.35640e-03 4.04631e-03 3.77545e-03 3.53156e-03 3.32352e-03 3.15868e-03 3.02441e-03 2.90351e-03 2.79880e-03 2.71585e-03 2.61338e-03 2.42023e-03 2.14890e-03 1.90351e-03 1.74040e-03 1.60927e-03 1.46849e-03 1.32953e-03 1.21003e-03 1.11533e-03 1.04333e-03 9.83943e-04 9.24615e-04 8.61328e-04 7.97382e-04 7.35111e-04 6.74613e-04 6.18247e-04 5.70584e-04 5.31496e-04 4.96582e-04 4.65812e-04 4.40937e-04 4.19596e-04 3.97870e-04 3.74191e-04 3.49370e-04 3.24650e-04 3.01252e-04 2.81353e-04 2.66573e-04 2.55568e-04 2.45164e-04 2.32597e-04 2.16412e-04 1.96714e-04 1.74905e-04 1.52657e-04 1.30933e-04 1.10072e-04 9.05566e-05 7.34372e-05 6.00208e-05 5.07642e-05 4.40665e-05 3.60432e-05 2.38342e-05 1.19778e-05 5.81325e-06 3.57801e-06 2.36583e-06 1.29224e-06 4.72588e-07 8.13381e-08 2.25912e-09
7.252767 5.55916e-04 3.49895e-03 7.06633e-03 8.93371e-03 9.59145e-03 1.01040e-02 1.09586e-02 1.14916e-02 1.12790e-02 1.07730e-02 1.01596e-02 9.56889e-03 9.18489e-03 9.10869e-03 9.27597e-03 9.54514e-03 9.81796e-03 1.00799e-02 1.00111e-02 9.34943e-03 8.73338e-03 8.61169e-03 8.70740e-03 9.24381e-03 1.04355e-02 1.12968e-02 1.15195e-02 1.14994e-02 1.09248e-02 9.85334e-03 8.87179e-03 8.12981e-03 7.66456e-03 7.55774e-03 7.56094e-03 7.39529e-03 7.15106e-03 6.96720e-03 6.87809e-03 6.89459e-03 6.99228e-03 7.11706e-03 7.13898e-03 6.91641e-03 6.56518e-03 6.33117e-03 6.25090e-03 6.23746e-03 6.25233e-03 6.32890e-03 6.49982e-03 6.69661e-03 6.76328e-03 6.59706e-03 6.26105e-03 5.90731e-03 5.62565e-03 5.41959e-03 5.24760e-03 5.05373e-03 4.80059e-03 4.50730e-03 4.22795e-03 3.99396e-03 3.79089e-03 3.59081e-03 3.40718e-03 3.26152e-03 3.15134e-03 3.06297e-03 2.98639e-03 2.92575e-03 2.88351e-03 2.82978e-03 2.68989e-03 2.42228e-03 2.12797e-03 1.92622e-03 1.81270e-03 1.72957e-03 1.63050e-03 1.50541e-03 1.37607e-03 1.26038e-03 1.16073e-03 1.07227e-03 9.85350e-04 8.91324e-04 7.94869e-04 7.11928e-04 6.50938e-04 6.06846e-04 5.71793e-04 5.41413e-04 5.14734e-04 4.92244e-04 4.72738e-04 4.53005e-04 4.31502e-04 4.10105e-04 3.91819e-04 3.78431e-04 3.69710e-04 3.63866e-04 3.58592e-04 3.51935e-04 3.42843e-04 3.31000e-04 3.16376e-04 2.98919e-04 2.78467e-04 2.54824e-04 2.27982e-04 1.98464e-04 1.67625e-04 1.37628e-04 1.10794e-04 8.85237e-05 7.05481e-05 5.46130e-05 3.73537e-05 1.97731e-05 7.86960e-06 2.71079e-06 9.14593e-07 2.78783e-07 5.08801e-08 1.58640e-09
7.502862 5.40351e-04 3.35768e-03 7.18401e-03 1.01750e-02 1.23112e-02 1.31618e-02 1.24532e-02 1.10296e-02 9.98657e-03 9.41212e-03 9.03557e-03 8.85102e-03 8.94731e-03 9.33361e-03 9.97097e-03 1.05277e-02 1.03778e-02 9.70090e-03 9.63608e-03 1.01481e-02 1.03458e-02 1.02950e-02 1.01939e-02 1.00951e-02 1.00345e-02 9.93743e-03 9.93737e-03 1.00321e-02 9.85030e-03 9.34967e-03 8.99812e-03 8.98180e-03 9.12995e-03 9.25893e-03 9.20453e-03 9.06869e-03 8.99079e-03 8.81439e-03 8.35349e-03 7.71349e-03 7.13865e-03 6.70725e-03 6.40961e-03 6.22539e-03 6.07285e-03 5.96287e-03 5.89057e-03 5.84711e-03 5.85819e-03 5.94612e-03 6.05676e-03 6.07640e-03 5.95842e-03 5.75366e-03 5.51864e-03 5.26306e-03 4.97935e-03 4.67845e-03 4.39627e-03 4.17808e-03 4.04101e-03 3.95271e-03 3.87680e-03 3.80051e-03 3.72417e-03 3.65247e-03 3.58995e-03 3.54002e-03 3.50639e-03 3.48601e-03 3.47002e-03 3.45253e-03 3.42297e-03 3.35176e-03 3.18349e-03 2.87902e-03 2.51934e-03 2.23661e-03 2.03744e-03 1.87440e-03 1.72970e-03 1.59822e-03 1.47242e-03 1.34465e-03 1.21303e-03 1.08398e-03 9.62400e-04 8.51988e-04 7.64381e-04 7.06634e-04 6.70473e-04 6.43897e-04 6.20549e-04 5.98071e-04 5.75840e-04 5.54413e-04 5.35248e-04 5.19784e-04 5.08196e-04 4.99383e-04 4.91889e-04 4.84404e-04 4.75970e-04 4.66215e-04 4.55510e-04 4.44789e-04 4.34693e-04 4.24634e-04 4.12725e-04 3.96939e-04 3.76745e-04 3.53172e-04 3.27403e-04 2.99918e-04 2.70637e-04 2.39413e-04 2.06539e-04 1.73084e-04 1.40676e-04 1.10566e-04 8.25966e-05 5.57170e-05 3.09401e-05 1.26678e-05 3.43686e-06 5.06898e-07 2.78101e-08 4.24649e-10
7.752958 4.96425e-04 4.33989e-03 1.05244e-02 1.45909e-02 1.46975e-02 1.26260e-02 1.09590e-02 1.01205e-02 9.64324e-03 9.40490e-03 9.42098e-03 9.58615e-03 9.80648e-03 1.01087e-02 1.03523e-02 1.03075e-02 1.00679e-02 9.71501e-03 9.16971e-03 8.53717e-03 8.16424e-03 8.21939e-03 8.53251e-03 8.83267e-03 9.12773e-03 9.51656e-03 9.94252e-03 1.02462e-02 1.03367e-02 1.02640e-02 1.01907e-02 1.02601e-02 1.04158e-02 1.05603e-02 1.06311e-02 1.04837e-02 1.00423e-02 9.48842e-03 8.68713e-03 7.92870e-03 7.49299e-03 7.17574e-03 6.86794e-03 6.54810e-03 6.27724e-03 6.08693e-03 5.94307e-03 5.83179e-03 5.75717e-03 5.69826e-03 5.60449e-03 5.45501e-03 5.25290e-03 4.98845e-03 4.68809e-03 4.41784e-03 4.19944e-03 4.02019e-03 3.86770e-03 3.73716e-03 3.63209e-03 3.56067e-03 3.53075e-03 3.54095e-03 3.57516e-03 3.61428e-03 3.65001e-03 3.68275e-03 3.71122e-03 3.73057e-03 3.73374e-03 3.69952e-03 3.59277e-03 3.39501e-03 3.11999e-03 2.80549e-03 2.50756e-03 2.26435e-03 2.05703e-03 1.86038e-03 1.69576e-03 1.55727e-03 1.38097e-03 1.15438e-03 9.53553e-04 8.27569e-04 7.61346e-04 7.24972e-04 7.00080e-04 6.79278e-04 6.59781e-04 6.40725e-04 6.22415e-04 6.05669e-04 5.91209e-04 5.79226e-04 5.69261e-04 5.60438e-04 5.51804e-04 5.42514e-04 5.31873e-04 5.19362e-04 5.04731e-04 4.88147e-04 4.70399e-04 4.52629e-04 4.35591e-04 4.19520e-04 4.04508e-04 3.90722e-04 3.78316e-04 3.67136e-04 3.56432e-04 3.44891e-04 3.31225e-04 3.14573e-04 2.94183e-04 2.69000e-04 2.37895e-04 2.00606e-04 1.58684e-04 1.14869e-04 7.24931e-05 3.67835e-05 1.32662e-05 2.59030e-06 1.47163e-07 8.53957e-10
8.003053 4.25474e-04 6.12693e-03 1.39314e-02 1.58941e-02 1.35122e-02 1.10490e-02 1.00093e-02 9.83602e-03 1.00836e-02 1.07097e-02 1.13052e-02 1.13859e-02 1.10475e-02 1.05246e-02 9.93230e-03 9.33372e-03 8.77636e-03 8.29753e-03 7.94208e-03 7.75721e-03 7.78778e-03 8.08782e-03 8.63711e-03 9.30243e-03 9.94782e-03 1.04126e-02 1.05429e-02 1.03933e-02 1.01772e-02 1.00977e-02 1.02011e-02 1.04010e-02 1.06620e-02 1.09409e-02 1.10228e-02 1.07070e-02 1.01558e-02 9.63134e-03 9.10047e-03 8.50467e-03 7.99259e-03 7.59349e-03 7.19935e-03 6.84659e-03 6.57055e-03 6.35681e-03 6.16541e-03 5.97174e-03 5.76781e-03 5.52343e-03 5.22288e-03 4.91496e-03 4.63914e-03 4.39551e-03 4.18014e-03 3.99491e-03 3.83855e-03 3.70673e-03 3.59808e-03 3.51244e-03 3.44929e-03 3.41560e-03 3.42336e-03 3.46271e-03 3.50218e-03 3.52334e-03 3.53046e-03 3.51657e-03 3.44931e-03 3.32129e-03 3.16112e-03 2.99592e-03 2.82563e-03 2.61473e-03 2.34416e-03 2.09066e-03 1.83346e-03 1.54753e-03 1.29797e-03 1.11886e-03 9.98941e-04 9.14531e-04 8.57301e-04 8.16555e-04 7.83444e-04 7.55427e-04 7.31477e-04 7.10535e-04 6.91307e-04 6.72948e-04 6.55935e-04 6.41970e-04 6.33013e-04 6.30320e-04 6.33858e-04 6.42130e-04 6.52438e-04 6.61590e-04 6.66834e-04 6.66552e-04 6.60415e-04 6.49076e-04 6.33684e-04 6.15444e-04 5.95362e-04 5.74216e-04 5.52647e-04 5.31340e-04 5.11244e-04 4.93495e-04 4.79078e-04 4.68571e-04 4.61720e-04 4.57334e-04 4.53875e-04 4.50042e-04 4.45003e-04 4.38081e-04 4.27180e-04 4.07877e-04 3.72531e-04 3.10890e-04 2.22254e-04 1.26628e-04 5.19757e-05 1.25414e-05 9.77222e-07 9.09200e-09
8.253149 3.72860e-04 5.93375e-03 1.13969e-02 1.12347e-02 1.05675e-02 1.10704e-02 1.16242e-02 1.19721e-02 1.20414e-02 1.18311e-02 1.11980e-02 1.01431e-02 9.15825e-03 8.55811e-03 8.27838e-03 8.19739e-03 8.20475e-03 8.21706e-03 8.21847e-03 8.29201e-03 8.50450e-03 8.75787e-03 8.99783e-03 9.33383e-03 9.77783e-03 1.02276e-02 1.05707e-02 1.06615e-02 1.04602e-02 1.01528e-02 9.94781e-03 9.90628e-03 1.00176e-02 1.02517e-02 1.05468e-02 1.07708e-02 1.07336e-02 1.03713e-02 9.84201e-03 9.26125e-03 8.69904e-03 8.28462e-03 8.01042e-03 7.64093e-03 7.20501e-03 6.88658e-03 6.58822e-03 6.24227e-03 5.86119e-03 5.47929e-03 5.13900e-03 4.85704e-03 4.63258e-03 4.45674e-03 4.31503e-03 4.19998e-03 4.12340e-03 4.10815e-03 4.14263e-03 4.16238e-03 4.14264e-03 4.09607e-03 3.96513e-03 3.73374e-03 3.46524e-03 3.19822e-03 2.92430e-03 2.66210e-03 2.38606e-03 2.10120e-03 1.87963e-03 1.72375e-03 1.60068e-03 1.49248e-03 1.39957e-03 1.32230e-03 1.25593e-03 1.19706e-03 1.14388e-03 1.09381e-03 1.04418e-03 9.94285e-04 9.44820e-04 8.96752e-04 8.50865e-04 8.07920e-04 7.68965e-04 7.35436e-04 7.09058e-04 6.91575e-04 6.84177e-04 6.86554e-04 6.96212e-04 7.09114e-04 7.21329e-04 7.30217e-04 7.34670e-04 7.34805e-04 7.31536e-04 7.26101e-04 7.19415e-04 7.11595e-04 7.02226e-04 6.91269e-04 6.79608e-04 6.68805e-04 6.60581e-04 6.56306e-04 6.56324e-04 6.59525e-04 6.63728e-04 6.66816e-04 6.67906e-04 6.67457e-04 6.65874e-04 6.61587e-04 6.50577e-04 6.27650e-04 5.87707e-04 5.30952e-04 4.61529e-04 3.74648e-04 2.65505e-04 1.51491e-04 6.25749e-05 1.52369e-05 1.32229e-06 1.67818e-08
8.503244 3.33320e-04 4.09947e-03 8.58869e-03 1.05557e-02 1.12801e-02 1.13341e-02 1.11821e-02 1.07376e-02 9.97342e-03 9.29087e-03 8.83887e-03 8.49424e-03 8.19512e-03 7.96136e-03 7.83632e-03 7.89982e-03 8.14428e-03 8.43372e-03 8.58806e-03 8.68320e-03 8.92084e-03 9.36167e-03 9.92000e-03 1.04920e-02 1.09706e-02 1.13482e-02 1.16770e-02 1.18182e-02 1.16474e-02 1.13087e-02 1.10148e-02 1.08648e-02 1.08620e-02 1.09722e-02 1.11579e-02 1.13872e-02 1.15413e-02 1.13781e-02 1.08102e-02 9.97734e-03 9.05230e-03 8.29806e-03 7.81707e-03 7.39286e-03 7.00922e-03 6.58285e-03 6.07351e-03 5.74612e-03 5.57942e-03 5.51900e-03 5.36110e-03 5.14329e-03 5.13931e-03 5.18289e-03 5.06922e-03 4.78509e-03 4.38958e-03 4.00769e-03 3.68814e-03 3.39783e-03 3.17070e-03 2.98586e-03 2.81716e-03 2.65578e-03 2.49590e-03 2.35138e-03 2.22661e-03 2.11323e-03 2.00596e-03 1.90320e-03 1.80475e-03 1.71232e-03 1.62870e-03 1.55497e-03 1.48941e-03 1.42906e-03 1.37125e-03 1.31383e-03 1.25516e-03 1.19428e-03 1.13117e-03 1.06673e-03 1.00251e-03 9.40208e-04 8.81474e-04 8.27810e-04 7.80481e-04 7.40288e-04 7.07374e-04 6.81280e-04 6.61245e-04 6.46590e-04 6.37135e-04 6.33608e-04 6.37645e-04 6.50920e-04 6.73452e-04 7.01822e-04 7.29014e-04 7.47369e-04 7.52916e-04 7.47014e-04 7.34605e-04 7.21263e-04 7.10507e-04 7.02672e-04 6.96151e-04 6.89533e-04 6.82572e-04 6.75682e-04 6.68962e-04 6.61971e-04 6.55124e-04 6.52439e-04 6.56782e-04 6.50511e-04 6.10114e-04 5.38703e-04 4.50436e-04 3.57586e-04 2.71017e-04 1.95807e-04 1.31371e-04 7.63667e-05 3.36791e-05 8.79223e-06 8.38543e-07 1.29777e-08
8.753340 3.12360e-04 4.24426e-03 9.00513e-03 1.04096e-02 1.01698e-02 9.59460e-03 8.75251e-03 8.10983e-03 7.90288e-03 7.85239e-03 7.72376e-03 7.52112e-03 7.40760e-03 7.63627e-03 8.25611e-03 8.91349e-03 9.27105e-03 9.48388e-03 9.83730e-03 1.01494e-02 1.02896e-02 1.04813e-02 1.10475e-02 1.15436e-02 1.17486e-02 1.19273e-02 1.20897e-02 1.21254e-02 1.19474e-02 1.16459e-02 1.13720e-02 1.11812e-02 1.10460e-02 1.09750e-02 1.09658e-02 1.09984e-02 1.10335e-02 1.09792e-02 1.06841e-02 1.01089e-02 9.35853e-03 8.56640e-03 7.84156e-03 7.21806e-03 6.67475e-03 6.21518e-03 5.83460e-03 5.55667e-03 5.37254e-03 5.14894e-03 4.86227e-03 4.62856e-03 4.40644e-03 4.06856e-03 3.72744e-03 3.51972e-03 3.35957e-03 3.21042e-03 3.07956e-03 2.94880e-03 2.79789e-03 2.65228e-03 2.53933e-03 2.44835e-03 2.36319e-03 2.27506e-03 2.17917e-03 2.07525e-03 1.97009e-03 1.87317e-03 1.78851e-03 1.71380e-03 1.64509e-03 1.57968e-03 1.51609e-03 1.45341e-03 1.39087e-03 1.32811e-03 1.26540e-03 1.20324e-03 1.14179e-03 1.08090e-03 1.02080e-03 9.62240e-04 9.06369e-04 8.54621e-04 8.08264e-04 7.67410e-04 7.30734e-04 6.96430e-04 6.63184e-04 6.30340e-04 5.97733e-04 5.65536e-04 5.34196e-04 5.04510e-04 4.77329e-04 4.53551e-04 4.35278e-04 4.26455e-04 4.31429e-04 4.52585e-04 4.87998e-04 5.30567e-04 5.70909e-04 6.01515e-04 6.18404e-04 6.21253e-04 6.12979e-04 5.98050e-04 5.80262e-04 5.61278e-04 5.40008e-04 5.14034e-04 4.87337e-04 4.67878e-04 4.32415e-04 3.67553e-04 3.02831e-04 2.49638e-04 2.00110e-04 1.50249e-04 1.01865e-04 5.88821e-05 2.62087e-05 7.18701e-06 7.22314e-07 1.09964e-08
9.003435 3.05874e-04 4.20512e-03 8.58897e-03 9.19070e-03 8.12400e-03 7.44830e-03 7.38015e-03 7.43646e-03 7.39181e-03 7.34486e-03 7.53609e-03 8.00233e-03 8.53147e-03 8.94301e-03 9.22697e-03 9.50063e-03 9.85901e-03 1.02732e-02 1.06527e-02 1.10285e-02 1.15506e-02 1.19896e-02 1.19793e-02 1.16175e-02 1.11643e-02 1.08575e-02 1.07978e-02 1.08564e-02 1.09397e-02 1.10023e-02 1.09997e-02 1.09445e-02 1.08662e-02 1.08475e-02 1.09588e-02 1.11851e-02 1.14458e-02 1.16356e-02 1.16847e-02 1.14983e-02 1.09794e-02 1.01745e-02 9.22901e-03 8.19029e-03 7.17625e-03 6.38405e-03 5.78490e-03 5.34332e-03 5.02093e-03 4.75285e-03 4.44211e-03 4.06755e-03 3.79539e-03 3.59827e-03 3.44926e-03 3.31426e-03 3.17995e-03 3.04034e-03 2.89409e-03 2.75566e-03 2.63952e-03 2.54250e-03 2.45670e-03 2.37700e-03 2.29798e-03 2.21214e-03 2.11490e-03 2.01023e-03 1.90734e-03 1.81288e-03 1.72773e-03 1.64929e-03 1.57454e-03 1.50135e-03 1.42886e-03 1.35725e-03 1.28729e-03 1.21964e-03 1.15456e-03 1.09219e-03 1.03283e-03 9.76782e-04 9.24014e-04 8.74185e-04 8.26926e-04 7.82120e-04 7.39906e-04 7.00426e-04 6.63537e-04 6.28685e-04 5.95008e-04 5.61610e-04 5.27772e-04 4.92970e-04 4.56858e-04 4.19507e-04 3.81816e-04 3.45639e-04 3.13770e-04 2.89770e-04 2.77035e-04 2.76318e-04 2.84129e-04 2.96248e-04 3.11300e-04 3.29939e-04 3.52725e-04 3.78622e-04 4.04357e-04 4.24800e-04 4.34843e-04 4.32474e-04 4.20654e-04 4.05094e-04 3.88795e-04 3.68875e-04 3.41222e-04 3.06354e-04 2.62794e-04 2.11623e-04 1.64815e-04 1.26079e-04 8.90306e-05 5.25181e-05 2.32010e-05 6.37286e-06 6.80294e-07 1.15458e-08
9.253530 3.06626e-04 3.43100e-03 6.45394e-03 7.26435e-03 7.58131e-03 7.48311e-03 7.12241e-03 6.90965e-03 7.18657e-03 8.11187e-03 9.51940e-03 1.09723e-02 1.19105e-02 1.20267e-02 1.15930e-02 1.12066e-02 1.11259e-02 1.11699e-02 1.10105e-02 1.04831e-02 9.85546e-03 9.48410e-03 9.33272e-03 9.22907e-03 9.19799e-03 9.39105e-03 9.91192e-03 1.04962e-02 1.07734e-02 1.08293e-02 1.08874e-02 1.09482e-02 1.09634e-02 1.10241e-02 1.11409e-02 1.11829e-02 1.09955e-02 1.06263e-02 1.02474e-02 9.92709e-03 9.65923e-03 9.41024e-03 9.17976e-03 8.95975e-03 8.59294e-03 7.96926e-03 7.21043e-03 6.43408e-03 5.72875e-03 5.16863e-03 4.73781e-03 4.39846e-03 4.12923e-03 3.90259e-03 3.69099e-03 3.48384e-03 3.29434e-03 3.13656e-03 3.00802e-03 2.89932e-03 2.80353e-03 2.71600e-03 2.63289e-03 2.55070e-03 2.46746e-03 2.38264e-03 2.29561e-03 2.20537e-03 2.11122e-03 2.01326e-03 1.91300e-03 1.81250e-03 1.71304e-03 1.61562e-03 1.52143e-03 1.43137e-03 1.34567e-03 1.26410e-03 1.18641e-03 1.11241e-03 1.04188e-03 9.74574e-04 9.10439e-04 8.49737e-04 7.92916e-04 7.40250e-04 6.91581e-04 6.46451e-04 6.04524e-04 5.65801e-04 5.30527e-04 4.99031e-04 4.71368e-04 4.46611e-04 4.22244e-04 3.94898e-04 3.63307e-04 3.30841e-04 3.02739e-04 2.80750e-04 2.65415e-04 2.58184e-04 2.56353e-04 2.55989e-04 2.56043e-04 2.56857e-04 2.58630e-04 2.61854e-04 2.68022e-04 2.79031e-04 2.95659e-04 3.16485e-04 3.37690e-04 3.53786e-04 3.59794e-04 3.54315e-04 3.40043e-04 3.19184e-04 2.89357e-04 2.47889e-04 1.97527e-04 1.44179e-04 9.36522e-05 5.11640e-05 2.10827e-05 5.26362e-06 5.23446e-07 9.55492e-09
9.503626 2.99318e-04 2.80876e-03 5.51010e-03 6.71190e-03 7.17248e-03 8.15340e-03 1.12790e-02 1.41203e-02 1.37128e-02 1.21754e-02 1.10810e-02 1.06596e-02 1.06586e-02 1.08114e-02 1.08411e-02 1.03928e-02 1.00097e-02 9.87058e-03 9.78765e-03 9.79714e-03 9.89314e-03 1.00184e-02 1.01358e-02 1.01842e-02 1.00757e-02 9.71745e-03 9.20556e-03 8.73947e-03 8.34602e-03 8.01919e-03 7.75598e-03 7.55031e-03 7.44317e-03 7.50948e-03 7.79440e-03 8.20142e-03 8.52767e-03 8.67164e-03 8.72815e-03 8.77740e-03 8.79033e-03 8.70455e-03 8.53453e-03 8.36267e-03 8.22996e-03 8.12221e-03 8.02552e-03 7.93093e-03 7.77708e-03 7.41337e-03 6.80422e-03 6.08460e-03 5.34773e-03 4.68735e-03 4.17829e-03 3.80450e-03 3.53669e-03 3.35760e-03 3.23395e-03 3.13300e-03 3.04319e-03 2.96255e-03 2.88562e-03 2.80715e-03 2.72430e-03 2.63533e-03 2.53940e-03 2.43669e-03 2.32829e-03 2.21571e-03 2.10106e-03 1.98657e-03 1.87313e-03 1.76014e-03 1.64701e-03 1.53429e-03 1.42363e-03 1.31690e-03 1.21553e-03 1.12046e-03 1.03224e-03 9.50995e-04 8.76409e-04 8.07937e-04 7.45056e-04 6.87225e-04 6.33990e-04 5.85424e-04 5.42099e-04 5.04294e-04 4.71483e-04 4.42632e-04 4.16664e-04 3.92725e-04 3.70306e-04 3.48901e-04 3.27498e-04 3.05524e-04 2.84910e-04 2.69139e-04 2.57091e-04 2.43953e-04 2.32455e-04 2.26242e-04 2.23531e-04 2.23756e-04 2.26617e-04 2.31198e-04 2.37170e-04 2.44703e-04 2.53726e-04 2.63509e-04 2.72999e-04 2.81433e-04 2.88120e-04 2.91657e-04 2.89926e-04 2.81023e-04 2.64085e-04 2.39336e-04 2.07236e-04 1.67651e-04 1.21255e-04 7.30707e-05 3.24258e-05 8.07882e-06 6.78040e-07 9.62467e-09
9.753721 2.88652e-04 2.99781e-03 8.37573e-03 1.50755e-02 1.65647e-02 1.37562e-02 1.19304e-02 1.15898e-02 1.16973e-02 1.16383e-02 1.14363e-02 1.09822e-02 1.04180e-02 9.97549e-03 9.40459e-03 8.80858e-03 8.40636e-03 8.26546e-03 8.40183e-03 8.69460e-03 8.89860e-03 8.87064e-03 8.71701e-03 8.65067e-03 8.62102e-03 8.46705e-03 8.24262e-03 8.03955e-03 7.80777e-03 7.52648e-03 7.27815e-03 7.11070e-03 7.01421e-03 6.98537e-03 7.01245e-03 7.06452e-03 7.12106e-03 7.19498e-03 7.32015e-03 7.54521e-03 7.91841e-03 8.42303e-03 8.84540e-03 8.87825e-03 8.56231e-03 8.08949e-03 7.55054e-03 7.21512e-03 7.09471e-03 7.03496e-03 6.96499e-03 6.81885e-03 6.51744e-03 6.00223e-03 5.45203e-03 5.03994e-03 4.63798e-03 4.19689e-03 3.76958e-03 3.39771e-03 3.07687e-03 2.81600e-03 2.64141e-03 2.53126e-03 2.44233e-03 2.35424e-03 2.26259e-03 2.16650e-03 2.06625e-03 1.96393e-03 1.86298e-03 1.76626e-03 1.67428e-03 1.58541e-03 1.49771e-03 1.40999e-03 1.32121e-03 1.22968e-03 1.13448e-03 1.03833e-03 9.46992e-04 8.62987e-04 7.84393e-04 7.11265e-04 6.47014e-04 5.93727e-04 5.50369e-04 5.14715e-04 4.84731e-04 4.58441e-04 4.33882e-04 4.09609e-04 3.85131e-04 3.60878e-04 3.37727e-04 3.16238e-04 2.96071e-04 2.76285e-04 2.56468e-04 2.37923e-04 2.23769e-04 2.15499e-04 2.07388e-04 1.95907e-04 1.88128e-04 1.84344e-04 1.82598e-04 1.82915e-04 1.84757e-04 1.87878e-04 1.92209e-04 1.97018e-04 2.01258e-04 2.04627e-04 2.07202e-04 2.07928e-04 2.04539e-04 1.95083e-04 1.78886e-04 1.56429e-04 1.29169e-04 9.92211e-05 6.86327e-05 3.99866e-05 1.73103e-05 4.13271e-06 3.07115e-07 3.84535e-09
10.003817 2.96081e-04 8.23194e-03 1.92543e-02 1.92305e-02 1.52354e-02 1.40217e-02 1.35603e-02 1.33358e-02 1.33133e-02 1.26566e-02 1.13327e-02 9.92706e-03 8.76043e-03 7.90095e-03 7.54000e-03 7.71374e-03 8.07751e-03 8.32584e-03 8.51225e-03 8.63001e-03 8.53703e-03 8.26940e-03 7.97179e-03 7.71954e-03 7.54846e-03 7.46538e-03 7.44325e-03 7.45993e-03 7.48046e-03 7.53257e-03 7.62331e-03 7.64954e-03 7.57096e-03 7.46052e-03 7.36464e-03 7.26854e-03 7.16279e-03 7.08275e-03 7.04981e-03 7.06432e-03 7.13349e-03 7.29542e-03 7.61443e-03 8.20356e-03 8.57746e-03 8.00005e-03 7.38786e-03 6.95352e-03 6.47765e-03 5.98087e-03 5.51619e-03 5.14017e-03 4.85962e-03 4.63807e-03 4.44213e-03 4.25622e-03 4.07658e-03 3.90397e-03 3.74043e-03 3.58325e-03 3.41832e-03 3.22334e-03 2.98518e-03 2.72003e-03 2.46943e-03 2.26341e-03 2.10604e-03 1.99071e-03 1.89538e-03 1.79544e-03 1.68448e-03 1.57078e-03 1.46457e-03 1.37037e-03 1.28930e-03 1.22023e-03 1.15980e-03 1.10449e-03 1.05121e-03 9.97167e-04 9.40551e-04 8.81532e-04 8.22540e-04 7.66376e-04 7.13044e-04 6.61005e-04 6.11135e-04 5.64983e-04 5.20974e-04 4.75893e-04 4.28982e-04 3.82866e-04 3.41606e-04 3.07389e-04 2.79283e-04 2.55360e-04 2.34440e-04 2.15903e-04 1.99313e-04 1.84931e-04 1.73847e-04 1.67421e-04 1.66489e-04 1.68631e-04 1.67101e-04 1.60147e-04 1.52508e-04 1.46810e-04 1.43040e-04 1.39732e-04 1.36291e-04 1.33427e-04 1.31816e-04 1.31436e-04 1.31424e-04 1.30267e-04 1.26196e-04 1.17627e-04 1.03953e-04 8.60611e-05 6.56433e-05 4.48019e-05 2.61711e-05 1.22857e-05 4.22435e-06 8.40104e-07 5.75840e-08 7.94031e-10
10.253912 3.33440e-04 8.83321e-03 1.64104e-02 1.44021e-02 1.48681e-02 1.76973e-02 1.73283e-02 1.42441e-02 1.14302e-02 9.85704e-03 9.09921e-03 8.87705e-03 8.93072e-03 8.86362e-03 8.78656e-03 8.95348e-03 9.27201e-03 9.50663e-03 9.58938e-03 9.47818e-03 9.07521e-03 8.75440e-03 8.68461e-03 8.63214e-03 8.55720e-03 8.48234e-03 8.40678e-03 8.29503e-03 8.11077e-03 7.92804e-03 7.92532e-03 8.25359e-03 8.48106e-03 7.85122e-03 7.06139e-03 6.56248e-03 6.23695e-03 6.06141e-03 5.99896e-03 5.98421e-03 5.97490e-03 5.99030e-03 6.07382e-03 6.20222e-03 6.30650e-03 6.33046e-03 6.34611e-03 6.42545e-03 6.37344e-03 6.17327e-03 5.99940e-03 5.94527e-03 5.93375e-03 5.73934e-03 5.25223e-03 4.65569e-03 4.17465e-03 3.85711e-03 3.64069e-03 3.46913e-03 3.31292e-03 3.15692e-03 2.99806e-03 2.83735e-03 2.67611e-03 2.51780e-03 2.36670e-03 2.22516e-03 2.09478e-03 1.97634e-03 1.86416e-03 1.74463e-03 1.60422e-03 1.44704e-03 1.30182e-03 1.18876e-03 1.10464e-03 1.04167e-03 9.86033e-04 9.31832e-04 8.79588e-04 8.28173e-04 7.77247e-04 7.28211e-04 6.83340e-04 6.44514e-04 6.10967e-04 5.79198e-04 5.47375e-04 5.15846e-04 4.84614e-04 4.53235e-04 4.21566e-04 3.90161e-04 3.60160e-04 3.31805e-04 3.01247e-04 2.63450e-04 2.23173e-04 1.90439e-04 1.67530e-04 1.52071e-04 1.43351e-04 1.40921e-04 1.42296e-04 1.43066e-04 1.38789e-04 1.30090e-04 1.23273e-04 1.21033e-04 1.20257e-04 1.18590e-04 1.15868e-04 1.11916e-04 1.05503e-04 9.51652e-05 8.08398e-05 6.41002e-05 4.71663e-05 3.20931e-05 1.99987e-05 1.08879e-05 4.55884e-06 1.17347e-06 1.45062e-07 1.62945e-08 3.06501e-09 1.04279e-10
10.504007 3.67198e-04 5.68325e-03 1.16628e-02 1.36730e-02 1.39934e-02 1.31766e-02 1.14336e-02 1.00410e-02 9.26556e-03 8.89136e-03 8.86245e-03 9.23800e-03 9.86795e-03 1.06145e-02 1.13483e-02 1.19370e-02 1.21300e-02 1.19736e-02 1.18066e-02 1.17824e-02 1.19257e-02 1.20478e-02 1.15632e-02 1.04397e-02 9.34482e-03 8.60339e-03 8.13402e-03 7.78570e-03 7.48112e-03 7.22651e-03 7.04337e-03 6.90073e-03 6.74872e-03 6.59271e-03 6.46396e-03 6.35106e-03 6.22420e-03 6.10151e-03 5.98682e-03 5.88856e-03 5.81892e-03 5.76240e-03 5.70124e-03 5.63965e-03 5.59185e-03 5.56276e-03 5.54968e-03 5.55036e-03 5.57502e-03 5.64443e-03 5.74963e-03 5.81230e-03 5.76158e-03 5.61740e-03 5.46163e-03 5.37120e-03 5.36012e-03 5.34931e-03 5.18973e-03 4.81624e-03 4.35810e-03 3.96145e-03 3.64946e-03 3.39037e-03 3.15984e-03 2.94866e-03 2.75565e-03 2.57848e-03 2.41081e-03 2.24504e-03 2.07555e-03 1.90094e-03 1.72467e-03 1.55293e-03 1.39128e-03 1.24367e-03 1.11437e-03 1.01041e-03 9.37106e-04 8.87023e-04 8.48366e-04 8.17325e-04 7.92567e-04 7.71224e-04 7.50458e-04 7.28158e-04 7.01499e-04 6.70204e-04 6.42627e-04 6.25735e-04 6.13554e-04 5.96708e-04 5.72677e-04 5.43980e-04 5.13334e-04 4.81720e-04 4.49197e-04 4.16551e-04 3.85795e-04 3.59231e-04 3.37859e-04 3.20734e-04 3.04897e-04 2.86454e-04 2.64381e-04 2.42368e-04 2.22606e-04 2.00516e-04 1.73854e-04 1.50210e-04 1.34216e-04 1.23315e-04 1.14173e-04 1.03934e-04 9.16854e-05 7.81248e-05 6.39500e-05 4.97693e-05 3.62827e-05 2.41994e-05 1.43026e-05 7.26105e-06 3.22518e-06 1.45443e-06 6.11595e-07 1.20257e-07 4.62315e-09 2.33423e-11
10.754103 3.61040e-04 5.03843e-03 1.02071e-02 1.15442e-02 1.16462e-02 1.13014e-02 1.07665e-02 1.04829e-02 1.03732e-02 1.03216e-02 1.03060e-02 1.04841e-02 1.11238e-02 1.20881e-02 1.28190e-02 1.30747e-02 1.31316e-02 1.30118e-02 1.25935e-02 1.18753e-02 1.10366e-02 1.04175e-02 1.00887e-02 9.79418e-03 9.37444e-03 8.99423e-03 8.75404e-03 8.57891e-03 8.36076e-03 8.03306e-03 7.60636e-03 7.16516e-03 6.76140e-03 6.42583e-03 6.17742e-03 5.97342e-03 5.77085e-03 5.59563e-03 5.45535e-03 5.35734e-03 5.32882e-03 5.35832e-03 5.39785e-03 5.41363e-03 5.40658e-03 5.39189e-03 5.37673e-03 5.36728e-03 5.37247e-03 5.38986e-03 5.40460e-03 5.40587e-03 5.39005e-03 5.35603e-03 5.30185e-03 5.22193e-03 5.11401e-03 4.99234e-03 4.87722e-03 4.77102e-03 4.65955e-03 4.53722e-03 4.42114e-03 4.33316e-03 4.26446e-03 4.16503e-03 3.99300e-03 3.75349e-03 3.47421e-03 3.17744e-03 2.87691e-03 2.58084e-03 2.29327e-03 2.01346e-03 1.73573e-03 1.45763e-03 1.19736e-03 9.96634e-04 8.66560e-04 7.71237e-04 6.96414e-04 6.43778e-04 6.03375e-04 5.67919e-04 5.37894e-04 5.13165e-04 4.91322e-04 4.71940e-04 4.57415e-04 4.49963e-04 4.49954e-04 4.57694e-04 4.74336e-04 4.98959e-04 5.26489e-04 5.50336e-04 5.65420e-04 5.69669e-04 5.61989e-04 5.40737e-04 5.11724e-04 4.85861e-04 4.58316e-04 4.23877e-04 3.91944e-04 3.68293e-04 3.52352e-04 3.43170e-04 3.38530e-04 3.32732e-04 3.17718e-04 2.88609e-04 2.47704e-04 2.00661e-04 1.53943e-04 1.15114e-04 8.69052e-05 6.61124e-05 4.94530e-05 3.54143e-05 2.35223e-05 1.39006e-05 6.87323e-06 2.61397e-06 7.10441e-07 1.14956e-07 4.27353e-09 2.25359e-11
11.004198 3.47340e-04 4.88268e-03 1.04008e-02 1.26356e-02 1.36388e-02 1.42557e-02 1.39251e-02 1.30787e-02 1.26705e-02 1.27851e-02 1.28889e-02 1.28908e-02 1.28105e-02 1.25761e-02 1.23140e-02 1.22757e-02 1.23199e-02 1.19777e-02 1.14083e-02 1.10813e-02 1.10149e-02 1.10176e-02 1.10016e-02 1.09142e-02 1.06991e-02 1.03598e-02 9.89975e-03 9.37855e-03 8.92292e-03 8.53750e-03 8.17911e-03 7.83772e-03 7.51797e-03 7.23732e-03 6.99409e-03 6.76506e-03 6.53297e-03 6.31244e-03 6.11820e-03 5.96499e-03 5.84300e-03 5.72594e-03 5.61656e-03 5.53241e-03 5.47931e-03 5.45620e-03 5.47384e-03 5.53520e-03 5.59312e-03 5.58822e-03 5.52552e-03 5.45164e-03 5.38978e-03 5.33271e-03 5.25882e-03 5.14427e-03 4.97923e-03 4.78151e-03 4.58771e-03 4.42782e-03 4.30791e-03 4.21377e-03 4.13188e-03 4.05907e-03 3.99111e-03 3.91668e-03 3.82220e-03 3.69548e-03 3.52609e-03 3.30912e-03 3.05215e-03 2.77311e-03 2.48726e-03 2.19657e-03 1.88736e-03 1.55868e-03 1.29250e-03 1.13690e-03 1.01886e-03 9.12759e-04 8.30497e-04 7.68546e-04 7.18009e-04 6.75779e-04 6.39444e-04 6.05463e-04 5.75094e-04 5.52606e-04 5.41598e-04 5.44548e-04 5.62140e-04 5.86275e-04 6.04774e-04 6.11961e-04 6.06289e-04 5.92167e-04 5.77057e-04 5.64899e-04 5.55159e-04 5.46002e-04 5.36408e-04 5.26404e-04 5.16581e-04 5.07512e-04 4.99221e-04 4.91013e-04 4.81704e-04 4.69963e-04 4.54624e-04 4.35310e-04 4.12642e-04 3.84964e-04 3.50004e-04 3.03556e-04 2.39846e-04 1.72341e-04 1.19500e-04 8.07094e-05 5.00636e-05 2.74719e-05 1.36586e-05 6.47885e-06 2.90883e-06 1.12270e-06 3.20015e-07 4.90181e-08 2.03532e-09 2.54737e-11
11.254294 3.28947e-04 5.16624e-03 1.22308e-02 1.64733e-02 1.87231e-02 1.95956e-02 1.84266e-02 1.71074e-02 1.67995e-02 1.69663e-02 1.66685e-02 1.57373e-02 1.45992e-02 1.36787e-02 1.31344e-02 1.28385e-02 1.25777e-02 1.22392e-02 1.17571e-02 1.11227e-02 1.04753e-02 9.93656e-03 9.51610e-03 9.20663e-03 9.00125e-03 8.85064e-03 8.73493e-03 8.62895e-03 8.44264e-03 8.16614e-03 7.90448e-03 7.73137e-03 7.63216e-03 7.56836e-03 7.51750e-03 7.46491e-03 7.39078e-03 7.26659e-03 7.09463e-03 6.91539e-03 6.74098e-03 6.56608e-03 6.39719e-03 6.22885e-03 6.07291e-03 5.93511e-03 5.81654e-03 5.71816e-03 5.64205e-03 5.59373e-03 5.56962e-03 5.54467e-03 5.50565e-03 5.46438e-03 5.41538e-03 5.33651e-03 5.21148e-03 5.04282e-03 4.85832e-03 4.68477e-03 4.53142e-03 4.39922e-03 4.27968e-03 4.14846e-03 3.97452e-03 3.74817e-03 3.48853e-03 3.21910e-03 2.95073e-03 2.68597e-03 2.42746e-03 2.17849e-03 1.93895e-03 1.70452e-03 1.47231e-03 1.26261e-03 1.10740e-03 9.86029e-04 8.80843e-04 7.99399e-04 7.42773e-04 7.04594e-04 6.77924e-04 6.60949e-04 6.54857e-04 6.65094e-04 6.99419e-04 7.39560e-04 7.16993e-04 6.50204e-04 6.20870e-04 6.12506e-04 6.04134e-04 6.00866e-04 6.00613e-04 5.98654e-04 5.93658e-04 5.84891e-04 5.73237e-04 5.59545e-04 5.44650e-04 5.29605e-04 5.15191e-04 5.01697e-04 4.89091e-04 4.77161e-04 4.65588e-04 4.53979e-04 4.41798e-04 4.28261e-04 4.12231e-04 3.92180e-04 3.66945e-04 3.33982e-04 2.80482e-04 2.01167e-04 1.27040e-04 7.82106e-05 5.06052e-05 3.57594e-05 2.76607e-05 2.26449e-05 1.76911e-05 1.15632e-05 5.46026e-06 1.39816e-06 1.05059e-07 9.42328e-10
11.504389 3.25218e-04 6.31162e-03 1.61461e-02 2.24146e-02 2.46836e-02 2.43588e-02 2.24184e-02 2.01050e-02 1.78999e-02 1.61023e-02 1.51621e-02 1.49126e-02 1.46571e-02 1.41213e-02 1.35466e-02 1.29455e-02 1.22243e-02 1.15312e-02 1.09386e-02 1.04690e-02 1.01275e-02 9.87940e-03 9.72898e-03 9.64526e-03 9.48686e-03 9.16840e-03 8.77423e-03 8.44768e-03 8.23419e-03 8.05531e-03 7.85943e-03 7.66951e-03 7.50595e-03 7.38040e-03 7.29914e-03 7.24919e-03 7.20576e-03 7.15920e-03 7.12192e-03 7.05986e-03 6.95764e-03 6.85253e-03 6.73548e-03 6.58212e-03 6.39626e-03 6.19908e-03 6.01046e-03 5.83372e-03 5.66936e-03 5.51563e-03 5.37574e-03 5.25805e-03 5.16647e-03 5.10080e-03 5.06484e-03 5.05023e-03 5.01819e-03 4.91417e-03 4.72791e-03 4.51586e-03 4.32983e-03 4.18852e-03 4.08739e-03 3.99136e-03 3.84135e-03 3.60146e-03 3.29698e-03 2.98488e-03 2.70104e-03 2.44799e-03 2.21448e-03 1.98907e-03 1.76361e-03 1.53798e-03 1.33461e-03 1.19203e-03 1.09261e-03 9.94927e-04 8.99627e-04 8.26072e-04 7.77194e-04 7.45472e-04 7.51332e-04 7.86911e-04 7.88665e-04 7.46195e-04 7.04290e-04 6.70833e-04 6.37966e-04 6.16299e-04 6.10886e-04 6.14725e-04 6.20848e-04 6.25512e-04 6.27300e-04 6.25580e-04 6.19508e-04 6.09177e-04 5.95563e-04 5.79406e-04 5.61644e-04 5.43406e-04 5.25206e-04 5.06464e-04 4.85999e-04 4.62332e-04 4.33766e-04 3.99217e-04 3.60650e-04 3.24756e-04 2.92259e-04 2.51523e-04 2.01875e-04 1.57334e-04 1.24786e-04 1.00909e-04 8.09917e-05 6.29367e-05 4.66223e-05 3.27837e-05 2.19451e-05 1.38741e-05 7.81769e-06 3.44562e-06 1.05444e-06 2.03608e-07 1.56375e-08 2.03050e-10
11.754485 3.55725e-04 7.66180e-03 2.02556e-02 2.68902e-02 2.65851e-02 2.37146e-02 2.03145e-02 1.73669e-02 1.57665e-02 1.49708e-02 1.41586e-02 1.35515e-02 1.32313e-02 1.30823e-02 1.28958e-02 1.24429e-02 1.18296e-02 1.12505e-02 1.07577e-02 1.03544e-02 1.01172e-02 9.97564e-03 9.70209e-03 9.38770e-03 9.09241e-03 8.83267e-03 8.62605e-03 8.40913e-03 8.15757e-03 7.94281e-03 7.80532e-03 7.72005e-03 7.66052e-03 7.60627e-03 7.52999e-03 7.44982e-03 7.39828e-03 7.34056e-03 7.23208e-03 7.10504e-03 6.99552e-03 6.93729e-03 6.96037e-03 7.00913e-03 6.97452e-03 6.79715e-03 6.51926e-03 6.22209e-03 5.96311e-03 5.75808e-03 5.60375e-03 5.48174e-03 5.36836e-03 5.25831e-03 5.15598e-03 5.06506e-03 4.98697e-03 4.90059e-03 4.74685e-03 4.51191e-03 4.28168e-03 4.11484e-03 4.01771e-03 3.97213e-03 3.91706e-03 3.77141e-03 3.51530e-03 3.19443e-03 2.85823e-03 2.53621e-03 2.23830e-03 1.96046e-03 1.69480e-03 1.44264e-03 1.23717e-03 1.10886e-03 1.02112e-03 9.33310e-04 8.48153e-04 7.88816e-04 7.64708e-04 7.56721e-04 7.40697e-04 7.12769e-04 6.84430e-04 6.61333e-04 6.41218e-04 6.21382e-04 6.01661e-04 5.85194e-04 5.75754e-04 5.73859e-04 5.77495e-04 5.84586e-04 5.93063e-04 6.00559e-04 6.05007e-04 6.04996e-04 5.99295e-04 5.87056e-04 5.68808e-04 5.45711e-04 5.18310e-04 4.86495e-04 4.50530e-04 4.12287e-04 3.74856e-04 3.40149e-04 3.08026e-04 2.77891e-04 2.49791e-04 2.24227e-04 2.01311e-04 1.80157e-04 1.59413e-04 1.38861e-04 1.19793e-04 1.02880e-04 8.71964e-05 7.19669e-05 5.75572e-05 4.43847e-05 3.21501e-05 2.03977e-05 9.76469e-06 2.51762e-06 1.68228e-07 1.18216e-09
12.004580 3.77243e-04 1.01405e-02 2.32824e-02 2.62316e-02 2.45285e-02 2.21674e-02 1.90471e-02 1.61562e-02 1.44780e-02 1.37067e-02 1.32886e-02 1.29113e-02 1.25345e-02 1.22777e-02 1.20850e-02 1.18907e-02 1.16999e-02 1.13931e-02 1.11007e-02 1.08644e-02 1.04279e-02 1.00617e-02 9.68759e-03 9.36086e-03 9.06447e-03 8.76263e-03 8.48973e-03 8.22295e-03 7.88570e-03 7.57197e-03 7.38587e-03 7.26934e-03 7.15715e-03 7.03782e-03 6.89757e-03 6.77818e-03 6.70023e-03 6.64162e-03 6.58766e-03 6.51549e-03 6.43468e-03 6.34544e-03 6.24368e-03 6.14548e-03 6.07268e-03 6.03604e-03 6.01949e-03 5.99007e-03 5.93087e-03 5.85325e-03 5.76794e-03 5.68973e-03 5.61619e-03 5.53052e-03 5.42701e-03 5.30611e-03 5.17538e-03 5.05064e-03 4.91859e-03 4.73446e-03 4.51887e-03 4.32253e-03 4.15534e-03 4.02133e-03 3.93179e-03 3.87640e-03 3.78904e-03 3.59258e-03 3.28170e-03 2.90854e-03 2.52758e-03 2.17153e-03 1.85001e-03 1.56110e-03 1.32559e-03 1.17465e-03 1.07117e-03 9.73013e-04 8.85943e-04 8.21305e-04 7.77606e-04 7.50231e-04 7.34132e-04 7.25454e-04 7.23048e-04 7.26134e-04 7.32731e-04 7.41063e-04 7.48411e-04 7.51981e-04 7.53418e-04 7.56167e-04 7.61128e-04 7.66956e-04 7.71679e-04 7.73675e-04 7.72271e-04 7.67998e-04 7.61089e-04 7.50566e-04 7.35272e-04 7.14783e-04 6.89020e-04 6.57515e-04 6.19445e-04 5.74464e-04 5.23572e-04 4.69294e-04 4.14960e-04 3.63411e-04 3.15977e-04 2.72510e-04 2.32384e-04 1.95579e-04 1.62971e-04 1.35721e-04 1.14447e-04 9.87873e-05 8.75565e-05 7.92294e-05 7.23031e-05 6.51908e-05 5.58324e-05 4.21147e-05 2.42761e-05 7.74966e-06 7.02922e-07 7.74160e-09
12.254675 4.23273e-04 1.33580e-02 2.49238e-02 2.35215e-02 2.08687e-02 1.90084e-02 1.72130e-02 1.56506e-02 1.45795e-02 1.39048e-02 1.34155e-02 1.29987e-02 1.26557e-02 1.24158e-02 1.22272e-02 1.20051e-02 1.16638e-02 1.12482e-02 1.09755e-02 1.07848e-02 1.06623e-02 1.05688e-02 1.04168e-02 1.01670e-02 9.84912e-03 9.51854e-03 9.19792e-03 8.93268e-03 8.71051e-03 8.53361e-03 8.41681e-03 8.28822e-03 8.10658e-03 7.92528e-03 7.79642e-03 7.62689e-03 7.38005e-03 7.12017e-03 6.90500e-03 6.73794e-03 6.62850e-03 6.59745e-03 6.49468e-03 6.07026e-03 5.51714e-03 5.15684e-03 4.96882e-03 4.91857e-03 5.00361e-03 5.12681e-03 5.18242e-03 5.17373e-03 5.14805e-03 5.13222e-03 5.12507e-03 5.10385e-03 5.04525e-03 4.94612e-03 4.83529e-03 4.72655e-03 4.59024e-03 4.43338e-03 4.28462e-03 4.14618e-03 4.01323e-03 3.89090e-03 3.78971e-03 3.70574e-03 3.59726e-03 3.40404e-03 3.11574e-03 2.78066e-03 2.44437e-03 2.13189e-03 1.85682e-03 1.62925e-03 1.46369e-03 1.34764e-03 1.24930e-03 1.15002e-03 1.05715e-03 9.82303e-04 9.24212e-04 8.80093e-04 8.49009e-04 8.29083e-04 8.16895e-04 8.06586e-04 7.92728e-04 7.71992e-04 7.41695e-04 7.03154e-04 6.65000e-04 6.37853e-04 6.25702e-04 6.23881e-04 6.24656e-04 6.22085e-04 6.13256e-04 5.97691e-04 5.76289e-04 5.50316e-04 5.20793e-04 4.88577e-04 4.54627e-04 4.19949e-04 3.85207e-04 3.50337e-04 3.14920e-04 2.79171e-04 2.44038e-04 2.10400e-04 1.78707e-04 1.49329e-04 1.22905e-04 1.00158e-04 8.12712e-05 6.57850e-05 5.31393e-05 4.30664e-05 3.53237e-05 2.91619e-05 2.33706e-05 1.68559e-05 9.35911e-06 2.86478e-06 2.62359e-07 3.24601e-09
12.504771 5.72097e-04 1.04639e-02 1.74768e-02 1.62541e-02 1.55399e-02 1.55193e-02 1.53455e-02 1.47906e-02 1.40262e-02 1.34560e-02 1.32222e-02 1.31543e-02 1.30942e-02 1.30264e-02 1.29623e-02 1.29026e-02 1.28427e-02 1.27134e-02 1.23665e-02 1.18619e-02 1.13869e-02 1.10553e-02 1.08525e-02 1.07202e-02 1.05905e-02 1.04109e-02 1.02248e-02 1.01027e-02 9.98208e-03 9.86080e-03 9.74875e-03 9.59094e-03 9.46067e-03 9.47292e-03 9.54020e-03 9.64172e-03 9.68097e-03 9.27814e-03 8.42485e-03 7.55697e-03 6.86204e-03 6.33061e-03 5.93452e-03 5.61734e-03 5.32406e-03 5.03831e-03 4.77313e-03 4.55743e-03 4.42190e-03 4.36447e-03 4.34209e-03 4.31285e-03 4.26658e-03 4.21379e-03 4.16735e-03 4.13640e-03 4.12657e-03 4.13551e-03 4.14586e-03 4.13380e-03 4.09229e-03 4.03237e-03 3.96457e-03 3.89313e-03 3.81279e-03 3.72034e-03 3.62780e-03 3.54852e-03 3.48496e-03 3.42719e-03 3.34795e-03 3.20784e-03 2.99043e-03 2.72845e-03 2.47052e-03 2.23721e-03 2.01957e-03 1.81271e-03 1.63827e-03 1.51082e-03 1.40624e-03 1.29002e-03 1.16800e-03 1.06960e-03 9.95340e-04 9.25351e-04 8.48116e-04 7.69310e-04 7.09527e-04 6.82162e-04 6.78550e-04 6.81296e-04 6.75647e-04 6.52763e-04 6.18777e-04 5.90740e-04 5.74178e-04 5.58115e-04 5.36499e-04 5.13161e-04 4.91118e-04 4.71167e-04 4.53002e-04 4.36066e-04 4.19957e-04 4.04387e-04 3.88954e-04 3.72982e-04 3.55560e-04 3.35776e-04 3.13017e-04 2.87180e-04 2.58717e-04 2.28483e-04 1.97501e-04 1.66776e-04 1.37071e-04 1.08715e-04 8.18381e-05 5.71852e-05 3.65498e-05 2.13689e-05 1.13767e-05 5.27705e-06 1.91164e-06 4.53618e-07 5.12525e-08 1.08647e-09
12.754866 6.18337e-04 7.02237e-03 1.24353e-02 1.27164e-02 1.25003e-02 1.27718e-02 1.32328e-02 1.35070e-02 1.34620e-02 1.31793e-02 1.26790e-02 1.22371e-02 1.20878e-02 1.22518e-02 1.25760e-02 1.28005e-02 1.27628e-02 1.23886e-02 1.18462e-02 1.13505e-02 1.09528e-02 1.07596e-02 1.07977e-02 1.08678e-02 1.08733e-02 1.08909e-02 1.09743e-02 1.10950e-02 1.11790e-02 1.12070e-02 1.11984e-02 1.12225e-02 1.12863e-02 1.12583e-02 1.09208e-02 1.01348e-02 9.18769e-03 8.40892e-03 7.80249e-03 7.29394e-03 6.85389e-03 6.46930e-03 6.13315e-03 5.84626e-03 5.61028e-03 5.42066e-03 5.25895e-03 5.09194e-03 4.88811e-03 4.64462e-03 4.41463e-03 4.26342e-03 4.15775e-03 4.04227e-03 3.90054e-03 3.75330e-03 3.63429e-03 3.55999e-03 3.52504e-03 3.51245e-03 3.50277e-03 3.48266e-03 3.45082e-03 3.41294e-03 3.37049e-03 3.32228e-03 3.27204e-03 3.22700e-03 3.19372e-03 3.17353e-03 3.15749e-03 3.12559e-03 3.05113e-03 2.91450e-03 2.72197e-03 2.50568e-03 2.30023e-03 2.12066e-03 1.95795e-03 1.80015e-03 1.66182e-03 1.56850e-03 1.51092e-03 1.44865e-03 1.35464e-03 1.23840e-03 1.12938e-03 1.04702e-03 9.94280e-04 9.67981e-04 9.57481e-04 9.39665e-04 8.94947e-04 8.34467e-04 7.77356e-04 7.38652e-04 7.00874e-04 6.66659e-04 6.47953e-04 6.35712e-04 6.18942e-04 5.95947e-04 5.67466e-04 5.34340e-04 4.97978e-04 4.60136e-04 4.22480e-04 3.86383e-04 3.52872e-04 3.22630e-04 2.95963e-04 2.72718e-04 2.52215e-04 2.33301e-04 2.14616e-04 1.94938e-04 1.73218e-04 1.48411e-04 1.19984e-04 8.89714e-05 5.81235e-05 3.14685e-05 1.33682e-05 4.62540e-06 1.48814e-06 3.83109e-07 5.12598e-08 1.29545e-09
13.004962 5.93221e-04 5.88710e-03 1.16650e-02 1.35812e-02 1.37150e-02 1.36931e-02 1.31773e-02 1.22255e-02 1.16492e-02 1.13555e-02 1.09237e-02 1.04872e-02 1.03883e-02 1.05757e-02 1.07913e-02 1.09274e-02 1.08494e-02 1.06967e-02 1.06671e-02 1.07541e-02 1.09122e-02 1.10992e-02 1.12301e-02 1.12791e-02 1.13400e-02 1.14515e-02 1.16174e-02 1.17927e-02 1.18812e-02 1.17827e-02 1.14270e-02 1.09832e-02 1.05773e-02 1.00935e-02 9.38431e-03 8.60778e-03 7.99108e-03 7.50006e-03 7.07785e-03 6.72995e-03 6.44369e-03 6.18462e-03 5.93153e-03 5.67829e-03 5.41541e-03 5.13621e-03 4.86601e-03 4.62710e-03 4.40799e-03 4.19690e-03 3.99475e-03 3.80488e-03 3.63391e-03 3.50422e-03 3.44327e-03 3.44719e-03 3.47395e-03 3.48439e-03 3.47777e-03 3.47986e-03 3.50899e-03 3.56090e-03 3.61851e-03 3.66492e-03 3.69098e-03 3.69738e-03 3.69017e-03 3.67589e-03 3.65842e-03 3.63556e-03 3.59920e-03 3.53971e-03 3.44626e-03 3.30442e-03 3.10394e-03 2.85331e-03 2.58136e-03 2.32253e-03 2.10107e-03 1.92284e-03 1.77628e-03 1.64996e-03 1.55097e-03 1.48741e-03 1.43666e-03 1.35825e-03 1.24249e-03 1.11662e-03 1.01695e-03 9.64932e-04 9.41348e-04 9.12147e-04 8.51004e-04 7.46703e-04 6.57759e-04 6.05027e-04 5.72538e-04 5.49073e-04 5.26868e-04 5.03439e-04 4.77680e-04 4.49796e-04 4.21064e-04 3.92784e-04 3.65450e-04 3.38839e-04 3.12471e-04 2.85968e-04 2.59325e-04 2.32995e-04 2.07704e-04 1.84168e-04 1.62855e-04 1.43830e-04 1.26819e-04 1.11405e-04 9.72511e-05 8.43117e-05 7.27672e-05 6.24897e-05 5.23977e-05 4.09368e-05 2.79859e-05 1.53867e-05 5.98784e-06 1.26056e-06 8.56029e-08 1.15197e-09
13.255057 5.40821e-04 5.61855e-03 1.20323e-02 1.45271e-02 1.38045e-02 1.21664e-02 1.10065e-02 1.04314e-02 1.00856e-02 9.78529e-03 9.57980e-03 9.51084e-03 9.48228e-03 9.42213e-03 9.39546e-03 9.51631e-03 9.68962e-03 9.66542e-03 9.50616e-03 9.44735e-03 9.60731e-03 9.96355e-03 1.03739e-02 1.06598e-02 1.08635e-02 1.10815e-02 1.13115e-02 1.14815e-02 1.14760e-02 1.11895e-02 1.06861e-02 1.01877e-02 9.71166e-03 9.23014e-03 8.62176e-03 7.86502e-03 7.19979e-03 6.70842e-03 6.32757e-03 6.03836e-03 5.82767e-03 5.64055e-03 5.43877e-03 5.22450e-03 5.01446e-03 4.82410e-03 4.66109e-03 4.52795e-03 4.42757e-03 4.36465e-03 4.34656e-03 4.36491e-03 4.37683e-03 4.31446e-03 4.15130e-03 3.96859e-03 3.87117e-03 3.87803e-03 3.92232e-03 3.93827e-03 3.92188e-03 3.90025e-03 3.89565e-03 3.91925e-03 3.97331e-03 4.05376e-03 4.14760e-03 4.23254e-03 4.28647e-03 4.29746e-03 4.26394e-03 4.18779e-03 4.06828e-03 3.90113e-03 3.68353e-03 3.42170e-03 3.13536e-03 2.85107e-03 2.58777e-03 2.34719e-03 2.11869e-03 1.90751e-03 1.74729e-03 1.64718e-03 1.57468e-03 1.50476e-03 1.42792e-03 1.34479e-03 1.26593e-03 1.21102e-03 1.17347e-03 1.11624e-03 1.04562e-03 9.82519e-04 9.28959e-04 8.77840e-04 8.27103e-04 7.77647e-04 7.28355e-04 6.77650e-04 6.25026e-04 5.71757e-04 5.20778e-04 4.75000e-04 4.35390e-04 4.00773e-04 3.68794e-04 3.36990e-04 3.03896e-04 2.69837e-04 2.36806e-04 2.07163e-04 1.81976e-04 1.60464e-04 1.40745e-04 1.21172e-04 1.01233e-04 8.14332e-05 6.27274e-05 4.59612e-05 3.15694e-05 1.98470e-05 1.12916e-05 6.07862e-06 3.04766e-06 9.04253e-07 8.78249e-08 1.73022e-09
13.505152 4.61927e-04 4.71761e-03 1.05893e-02 1.32494e-02 1.25948e-02 1.10334e-02 9.87966e-03 9.18593e-03 8.68946e-03 8.40174e-03 8.37850e-03 8.55966e-03 8.76253e-03 8.84162e-03 8.85833e-03 8.90941e-03 9.01193e-03 9.15312e-03 9.25694e-03 9.27394e-03 9.39122e-03 9.68691e-03 9.95398e-03 1.00768e-02 1.02205e-02 1.05143e-02 1.08813e-02 1.09703e-02 1.05010e-02 9.68826e-03 8.95488e-03 8.42446e-03 8.07788e-03 7.90513e-03 7.84819e-03 7.73931e-03 7.39628e-03 6.92408e-03 6.52515e-03 6.23519e-03 6.03599e-03 5.90071e-03 5.79414e-03 5.67962e-03 5.53395e-03 5.35814e-03 5.17000e-03 4.99088e-03 4.83820e-03 4.72763e-03 4.66753e-03 4.64949e-03 4.66091e-03 4.69589e-03 4.75757e-03 4.85947e-03 5.01698e-03 5.22960e-03 5.45427e-03 5.58990e-03 5.54507e-03 5.36921e-03 5.21104e-03 5.13987e-03 5.13398e-03 5.15993e-03 5.19712e-03 5.22938e-03 5.23585e-03 5.19161e-03 5.07951e-03 4.89806e-03 4.65817e-03 4.37641e-03 4.06912e-03 3.74883e-03 3.41791e-03 3.05221e-03 2.63541e-03 2.25094e-03 1.98335e-03 1.80703e-03 1.68174e-03 1.59191e-03 1.52708e-03 1.47016e-03 1.40221e-03 1.31971e-03 1.24670e-03 1.20017e-03 1.16621e-03 1.13657e-03 1.10811e-03 1.07501e-03 1.03586e-03 9.95698e-04 9.57463e-04 9.17899e-04 8.65612e-04 7.91011e-04 7.07126e-04 6.36199e-04 5.79284e-04 5.28300e-04 4.78864e-04 4.30757e-04 3.86571e-04 3.49295e-04 3.19818e-04 2.95396e-04 2.71650e-04 2.48282e-04 2.29156e-04 2.16807e-04 2.09217e-04 2.00295e-04 1.84670e-04 1.62151e-04 1.35882e-04 1.08604e-04 8.18881e-05 5.68860e-05 3.50332e-05 1.77332e-05 6.21198e-06 1.08973e-06 5.39688e-08 4.11718e-10
13.755248 3.86354e-04 3.89873e-03 9.34692e-03 1.25697e-02 1.21066e-02 1.00028e-02 8.44694e-03 7.78236e-03 7.61429e-03 7.70185e-03 8.00687e-03 8.42899e-03 8.65551e-03 8.53425e-03 8.21072e-03 7.94454e-03 7.88571e-03 8.00301e-03 8.25098e-03 8.62218e-03 9.07687e-03 9.54251e-03 1.00278e-02 1.04805e-02 1.05364e-02 1.01055e-02 9.56429e-03 9.14209e-03 8.78959e-03 8.48730e-03 8.27282e-03 8.12408e-03 7.99507e-03 7.90009e-03 7.84825e-03 7.81997e-03 7.81988e-03 7.79061e-03 7.53870e-03 7.07931e-03 6.68753e-03 6.47024e-03 6.30684e-03 6.11677e-03 5.91753e-03 5.71973e-03 5.56097e-03 5.49134e-03 5.50406e-03 5.55375e-03 5.62044e-03 5.68911e-03 5.74410e-03 5.78061e-03 5.77958e-03 5.75449e-03 5.72284e-03 5.70756e-03 5.73929e-03 5.82679e-03 5.95269e-03 6.09273e-03 6.21066e-03 6.26365e-03 6.24898e-03 6.20343e-03 6.13193e-03 6.01941e-03 5.86604e-03 5.67798e-03 5.44715e-03 5.14141e-03 4.71421e-03 4.16770e-03 3.65838e-03 3.30008e-03 3.01325e-03 2.74119e-03 2.48900e-03 2.28430e-03 2.12768e-03 1.99967e-03 1.88796e-03 1.78283e-03 1.67118e-03 1.54703e-03 1.42559e-03 1.32418e-03 1.24319e-03 1.17750e-03 1.12621e-03 1.09402e-03 1.08060e-03 1.06679e-03 1.03586e-03 9.62290e-04 8.39551e-04 7.23547e-04 6.31710e-04 5.58253e-04 5.01043e-04 4.58676e-04 4.27503e-04 4.04165e-04 3.87020e-04 3.72937e-04 3.58739e-04 3.46798e-04 3.38425e-04 3.28983e-04 3.14333e-04 2.98535e-04 2.88814e-04 2.84671e-04 2.81577e-04 2.71624e-04 2.47984e-04 2.14002e-04 1.77182e-04 1.41650e-04 1.08778e-04 7.93158e-05 5.40204e-05 3.29389e-05 1.55047e-05 3.92556e-06 2.65839e-07 1.68075e-09
14.005343 3.11683e-04 3.76686e-03 8.98792e-03 1.11373e-02 9.95173e-03 8.49523e-03 7.81276e-03 7.78347e-03 8.29232e-03 8.62121e-03 8.22322e-03 7.56664e-03 7.23008e-03 7.21128e-03 7.36171e-03 7.59238e-03 7.87377e-03 8.17641e-03 8.34436e-03 8.35463e-03 8.40574e-03 8.49028e-03 8.55906e-03 8.63423e-03 8.71084e-03 8.76964e-03 8.77326e-03 8.64164e-03 8.37471e-03 8.11490e-03 7.93622e-03 7.81031e-03 7.70092e-03 7.55937e-03 7.39054e-03 7.27782e-03 7.28941e-03 7.40145e-03 7.52443e-03 7.59284e-03 7.60157e-03 7.55114e-03 7.43977e-03 7.20825e-03 6.91420e-03 6.70736e-03 6.62699e-03 6.66008e-03 6.71960e-03 6.70585e-03 6.59949e-03 6.46952e-03 6.38201e-03 6.35520e-03 6.37145e-03 6.39753e-03 6.41669e-03 6.43516e-03 6.44519e-03 6.43231e-03 6.42912e-03 6.45595e-03 6.45737e-03 6.33461e-03 6.03857e-03 5.63049e-03 5.20351e-03 4.80870e-03 4.49274e-03 4.29520e-03 4.16304e-03 4.04782e-03 3.93170e-03 3.79950e-03 3.63688e-03 3.44222e-03 3.23270e-03 3.03147e-03 2.85101e-03 2.68619e-03 2.51950e-03 2.34303e-03 2.17492e-03 2.04061e-03 1.94401e-03 1.87017e-03 1.80213e-03 1.72804e-03 1.64048e-03 1.53398e-03 1.39985e-03 1.23266e-03 1.04351e-03 8.82538e-04 7.78733e-04 7.03973e-04 6.47469e-04 6.04701e-04 5.71681e-04 5.46373e-04 5.22923e-04 4.93727e-04 4.58646e-04 4.24456e-04 3.97469e-04 3.79476e-04 3.67737e-04 3.57991e-04 3.49742e-04 3.47097e-04 3.51620e-04 3.59166e-04 3.65241e-04 3.67965e-04 3.63993e-04 3.47260e-04 3.15606e-04 2.73329e-04 2.26472e-04 1.79249e-04 1.34168e-04 9.32920e-05 5.85979e-05 3.14014e-05 1.24973e-05 2.68030e-06 1.58619e-07 9.08703e-10
14.255439 2.46248e-04 3.54085e-03 7.98830e-03 9.60876e-03 9.22347e-03 8.83796e-03 8.43130e-03 7.74619e-03 7.01918e-03 6.61902e-03 6.54294e-03 6.60508e-03 6.73715e-03 6.89061e-03 6.97798e-03 7.05006e-03 7.15117e-03 7.30213e-03 7.49479e-03 7.63036e-03 7.66924e-03 7.67423e-03 7.68934e-03 7.72317e-03 7.77680e-03 7.84675e-03 7.94632e-03 8.03491e-03 8.06551e-03 8.06719e-03 8.04579e-03 7.98710e-03 7.94599e-03 7.89787e-03 7.78114e-03 7.67124e-03 7.67601e-03 7.79474e-03 7.98412e-03 8.26326e-03 8.56537e-03 8.77521e-03 8.85425e-03 8.78867e-03 8.64947e-03 8.47520e-03 8.15124e-03 7.77438e-03 7.52253e-03 7.40623e-03 7.38099e-03 7.40904e-03 7.47077e-03 7.49675e-03 7.38733e-03 7.14341e-03 6.85599e-03 6.58718e-03 6.35333e-03 6.15612e-03 5.98800e-03 5.82318e-03 5.63833e-03 5.41818e-03 5.12552e-03 4.81334e-03 4.60174e-03 4.49909e-03 4.47073e-03 4.46125e-03 4.40592e-03 4.26987e-03 4.07603e-03 3.86069e-03 3.63609e-03 3.41275e-03 3.18964e-03 2.95458e-03 2.70435e-03 2.46443e-03 2.27872e-03 2.15642e-03 2.06793e-03 1.99436e-03 1.93556e-03 1.88685e-03 1.83835e-03 1.77589e-03 1.68262e-03 1.54832e-03 1.37893e-03 1.19154e-03 1.01013e-03 8.61719e-04 7.59123e-04 6.92946e-04 6.48931e-04 6.16002e-04 5.83024e-04 5.41865e-04 4.92983e-04 4.42693e-04 3.97107e-04 3.60468e-04 3.34676e-04 3.16765e-04 3.02936e-04 2.93751e-04 2.91461e-04 2.96511e-04 3.07593e-04 3.22243e-04 3.37865e-04 3.52538e-04 3.63366e-04 3.65906e-04 3.56766e-04 3.35288e-04 3.02465e-04 2.59916e-04 2.10101e-04 1.56639e-04 1.04124e-04 5.78130e-05 2.33417e-05 5.01937e-06 2.97766e-07 1.74727e-09
14.505534 2.01906e-04 3.84278e-03 7.96065e-03 9.61536e-03 9.53000e-03 8.09551e-03 6.74584e-03 6.04598e-03 5.81352e-03 5.76488e-03 5.75942e-03 5.83938e-03 6.00291e-03 6.20203e-03 6.45993e-03 6.75224e-03 6.91575e-03 6.92688e-03 6.94851e-03 7.03208e-03 7.13729e-03 7.24089e-03 7.33468e-03 7.44074e-03 7.60138e-03 7.82985e-03 8.08366e-03 8.25518e-03 8.22974e-03 8.03412e-03 7.79114e-03 7.60883e-03 7.55412e-03 7.65250e-03 7.88244e-03 8.22209e-03 8.72658e-03 9.49448e-03 1.05420e-02 1.15269e-02 1.19078e-02 1.14499e-02 1.03733e-02 9.38491e-03 8.88842e-03 8.60824e-03 8.16814e-03 7.56670e-03 7.11748e-03 6.88414e-03 6.81061e-03 6.83588e-03 6.89925e-03 6.96180e-03 7.01474e-03 7.08730e-03 7.17893e-03 7.14057e-03 6.84800e-03 6.42569e-03 6.03794e-03 5.71402e-03 5.47151e-03 5.37591e-03 5.39325e-03 5.42337e-03 5.39684e-03 5.28527e-03 5.10564e-03 4.88301e-03 4.61516e-03 4.28152e-03 3.89321e-03 3.50722e-03 3.16599e-03 2.86391e-03 2.59567e-03 2.37915e-03 2.22294e-03 2.11395e-03 2.03155e-03 1.95266e-03 1.86143e-03 1.76335e-03 1.66913e-03 1.58117e-03 1.50199e-03 1.43834e-03 1.39003e-03 1.34194e-03 1.27210e-03 1.16854e-03 1.03959e-03 9.07428e-04 7.92293e-04 7.02925e-04 6.36871e-04 5.84352e-04 5.33516e-04 4.76962e-04 4.15280e-04 3.54948e-04 3.03928e-04 2.67994e-04 2.47715e-04 2.37686e-04 2.32069e-04 2.29196e-04 2.29555e-04 2.33326e-04 2.39982e-04 2.48832e-04 2.59519e-04 2.72299e-04 2.86333e-04 2.97676e-04 3.01635e-04 2.96173e-04 2.80513e-04 2.53183e-04 2.13973e-04 1.65982e-04 1.14960e-04 6.74737e-05 2.98586e-05 7.36140e-06 5.04321e-07 3.53423e-09
14.755629 1.97305e-04 5.51945e-03 1.04473e-02 9.65594e-03 7.32309e-03 5.87583e-03 5.47837e-03 5.75355e-03 6.16722e-03 6.24226e-03 6.10595e-03 6.09525e-03 6.22431e-03 6.34126e-03 6.38178e-03 6.36717e-03 6.36801e-03 6.45250e-03 6.62304e-03 6.84592e-03 7.07827e-03 7.26681e-03 7.39961e-03 7.50886e-03 7.58908e-03 7.61504e-03 7.62020e-03 7.61472e-03 7.51945e-03 7.36567e-03 7.32180e-03 7.52742e-03 8.02724e-03 8.78038e-03 1.02634e-02 1.35177e-02 1.53036e-02 1.31782e-02 1.09923e-02 1.00763e-02 9.26952e-03 8.35247e-03 7.69018e-03 7.35408e-03 7.20241e-03 7.14560e-03 7.17432e-03 7.29228e-03 7.47827e-03 7.62487e-03 7.61083e-03 7.48580e-03 7.35559e-03 7.24447e-03 7.18376e-03 7.21079e-03 7.32321e-03 7.44292e-03 7.47431e-03 7.39005e-03 7.21707e-03 6.99798e-03 6.74898e-03 6.41370e-03 5.98348e-03 5.53115e-03 5.11824e-03 4.78532e-03 4.53265e-03 4.31834e-03 4.09571e-03 3.84495e-03 3.57884e-03 3.32105e-03 3.08433e-03 2.86769e-03 2.66609e-03 2.48047e-03 2.31638e-03 2.17537e-03 2.05211e-03 1.93947e-03 1.83259e-03 1.72816e-03 1.62257e-03 1.51294e-03 1.40214e-03 1.30061e-03 1.21835e-03 1.15656e-03 1.10818e-03 1.06291e-03 1.01114e-03 9.47441e-04 8.71661e-04 7.84641e-04 6.85364e-04 5.76648e-04 4.68895e-04 3.74550e-04 3.01061e-04 2.48440e-04 2.11658e-04 1.84918e-04 1.64349e-04 1.48237e-04 1.36020e-04 1.27392e-04 1.21962e-04 1.19348e-04 1.19269e-04 1.21428e-04 1.25353e-04 1.30516e-04 1.36577e-04 1.42822e-04 1.46875e-04 1.45330e-04 1.36871e-04 1.22509e-04 1.02933e-04 7.90507e-05 5.36546e-05 3.06509e-05 1.33631e-05 3.37869e-06 2.40860e-07 1.69191e-09
15.005725 2.29018e-04 5.20823e-03 8.16768e-03 6.79598e-03 5.55367e-03 5.40074e-03 5.78556e-03 6.12912e-03 6.16058e-03 5.95399e-03 5.77077e-03 5.72049e-03 5.77208e-03 5.88867e-03 6.00346e-03 6.10182e-03 6.24603e-03 6.46734e-03 6.76103e-03 7.10013e-03 7.45848e-03 7.83521e-03 8.22222e-03 8.57517e-03 8.82797e-03 8.90930e-03 8.84822e-03 8.96662e-03 9.85670e-03 1.18218e-02 1.32187e-02 1.26231e-02 1.19938e-02 1.24493e-02 1.29280e-02 1.20016e-02 1.02410e-02 8.88404e-03 8.02949e-03 7.63952e-03 7.55467e-03 7.58064e-03 7.59390e-03 7.54212e-03 7.46275e-03 7.44652e-03 7.50496e-03 7.54813e-03 7.49239e-03 7.37706e-03 7.31615e-03 7.34896e-03 7.42794e-03 7.49734e-03 7.54909e-03 7.60753e-03 7.69228e-03 7.79667e-03 7.87398e-03 7.84199e-03 7.63110e-03 7.22273e-03 6.68880e-03 6.17857e-03 5.75929e-03 5.38557e-03 4.98656e-03 4.47841e-03 3.97911e-03 3.70761e-03 3.56229e-03 3.41764e-03 3.25634e-03 3.09284e-03 2.93408e-03 2.77810e-03 2.62218e-03 2.46474e-03 2.30809e-03 2.15903e-03 2.02327e-03 1.89961e-03 1.78437e-03 1.67905e-03 1.58245e-03 1.48438e-03 1.37714e-03 1.26580e-03 1.16470e-03 1.08731e-03 1.03377e-03 9.85769e-04 9.23542e-04 8.42595e-04 7.51599e-04 6.57242e-04 5.58045e-04 4.54776e-04 3.58821e-04 2.86168e-04 2.40055e-04 2.09442e-04 1.84841e-04 1.63772e-04 1.44865e-04 1.26406e-04 1.08479e-04 9.26424e-05 8.02085e-05 7.12781e-05 6.49720e-05 6.02953e-05 5.67469e-05 5.41705e-05 5.22843e-05 5.05922e-05 4.85496e-05 4.54045e-05 4.03269e-05 3.33720e-05 2.57454e-05 1.86371e-05 1.24091e-05 7.06416e-06 3.00596e-06 7.16354e-07 4.75622e-08 2.91653e-10
15.255820 2.80370e-04 3.53211e-03 6.17792e-03 6.25293e-03 5.91291e-03 6.07434e-03 6.38452e-03 6.58809e-03 6.73259e-03 6.70067e-03 6.40763e-03 5.99194e-03 5.84814e-03 6.00887e-03 6.30689e-03 6.69059e-03 7.09640e-03 7.39604e-03 7.50449e-03 7.52148e-03 7.67717e-03 8.19785e-03 9.19431e-03 1.04637e-02 1.13979e-02 1.16170e-02 1.16428e-02 1.18461e-02 1.17175e-02 1.14187e-02 1.15223e-02 1.24220e-02 1.37175e-02 1.31243e-02 1.09483e-02 9.56181e-03 9.15593e-03 9.09964e-03 8.90744e-03 8.51784e-03 8.04656e-03 7.60321e-03 7.25101e-03 6.98980e-03 6.80159e-03 6.69436e-03 6.69421e-03 6.78894e-03 6.93873e-03 7.11776e-03 7.32539e-03 7.57550e-03 7.88123e-03 8.19345e-03 8.33535e-03 8.14343e-03 7.71406e-03 7.26147e-03 6.84767e-03 6.46282e-03 6.15037e-03 5.94078e-03 5.78525e-03 5.62035e-03 5.43149e-03 5.22022e-03 4.97387e-03 4.69329e-03 4.41224e-03 4.14831e-03 3.87000e-03 3.54584e-03 3.27763e-03 3.10911e-03 2.96257e-03 2.82981e-03 2.71189e-03 2.60502e-03 2.50222e-03 2.39560e-03 2.29003e-03 2.19412e-03 2.10330e-03 2.01951e-03 1.93886e-03 1.84346e-03 1.70825e-03 1.51133e-03 1.31979e-03 1.15766e-03 1.01032e-03 8.77163e-04 7.62862e-04 6.65134e-04 5.77062e-04 4.95097e-04 4.23226e-04 3.69817e-04 3.35995e-04 3.11718e-04 2.88595e-04 2.64564e-04 2.38013e-04 2.09067e-04 1.80319e-04 1.53936e-04 1.30912e-04 1.11746e-04 9.67957e-05 8.60540e-05 7.83715e-05 7.15061e-05 6.35813e-05 5.41951e-05 4.42208e-05 3.47411e-05 2.62513e-05 1.94093e-05 1.46854e-05 1.12395e-05 8.08526e-06 4.98979e-06 2.44879e-06 9.05513e-07 2.34841e-07 3.84003e-08 3.14875e-09 5.49760e-11
15.505916 2.69360e-04 2.62458e-03 4.69704e-03 5.61611e-03 6.32924e-03 7.05845e-03 7.68576e-03 8.37720e-03 8.72581e-03 8.25700e-03 7.56724e-03 7.22852e-03 7.20462e-03 7.50202e-03 8.04658e-03 8.70169e-03 9.23249e-03 9.50947e-03 9.59717e-03 9.55308e-03 9.40064e-03 9.17043e-03 9.00519e-03 8.98353e-03 9.09028e-03 9.46914e-03 1.02464e-02 1.10526e-02 1.19215e-02 1.25846e-02 1.22580e-02 1.14067e-02 1.05381e-02 1.00682e-02 9.70129e-03 9.07451e-03 8.64293e-03 8.60524e-03 8.55855e-03 8.14764e-03 7.58734e-03 7.17276e-03 6.89368e-03 6.72095e-03 6.65495e-03 6.68082e-03 6.77625e-03 6.90507e-03 7.03754e-03 7.18068e-03 7.34931e-03 7.54840e-03 7.72929e-03 7.77518e-03 7.65572e-03 7.45857e-03 7.22781e-03 6.90910e-03 6.49774e-03 6.14163e-03 5.92566e-03 5.77624e-03 5.62827e-03 5.47389e-03 5.32199e-03 5.17713e-03 5.03673e-03 4.89042e-03 4.71769e-03 4.50102e-03 4.24430e-03 3.96684e-03 3.69106e-03 3.42838e-03 3.20845e-03 3.05554e-03 2.93549e-03 2.83472e-03 2.74147e-03 2.65501e-03 2.56734e-03 2.44754e-03 2.28224e-03 2.09250e-03 1.86651e-03 1.56965e-03 1.30013e-03 1.13314e-03 9.92125e-04 8.50675e-04 7.25992e-04 6.20775e-04 5.31557e-04 4.61998e-04 4.16227e-04 3.83193e-04 3.54032e-04 3.30542e-04 3.12537e-04 2.97640e-04 2.83595e-04 2.68454e-04 2.51058e-04 2.31264e-04 2.09956e-04 1.88143e-04 1.66076e-04 1.43943e-04 1.23267e-04 1.06130e-04 9.23837e-05 8.01425e-05 6.84484e-05 5.72039e-05 4.64222e-05 3.62542e-05 2.69626e-05 1.87478e-05 1.19813e-05 7.34830e-06 4.78417e-06 3.23063e-06 1.94762e-06 9.02976e-07 2.85707e-07 5.58399e-08 5.05060e-09 8.43795e-11
15.756011 2.64982e-04 2.19620e-03 5.07695e-03 7.55590e-03 9.12464e-03 9.80056e-03 9.98807e-03 1.01822e-02 1.03063e-02 1.00363e-02 9.54076e-03 9.11881e-03 8.88628e-03 8.81518e-03 8.79232e-03 8.72306e-03 8.62503e-03 8.57492e-03 8.52566e-03 8.33304e-03 8.01990e-03 7.78291e-03 7.78054e-03 8.29818e-03 9.62785e-03 1.08081e-02 1.06224e-02 9.79275e-03 9.18140e-03 8.89650e-03 8.94104e-03 9.23825e-03 9.38694e-03 8.86913e-03 8.01608e-03 7.43208e-03 7.13508e-03 7.01905e-03 6.94145e-03 6.76163e-03 6.58367e-03 6.61481e-03 6.79916e-03 6.99380e-03 7.13570e-03 7.22266e-03 7.25712e-03 7.22782e-03 7.14158e-03 7.03051e-03 6.93234e-03 6.85919e-03 6.79446e-03 6.71399e-03 6.61089e-03 6.50251e-03 6.40466e-03 6.31646e-03 6.22081e-03 6.11226e-03 5.96241e-03 5.79787e-03 5.63969e-03 5.47753e-03 5.32408e-03 5.19443e-03 5.08930e-03 4.99695e-03 4.90249e-03 4.79750e-03 4.67661e-03 4.52953e-03 4.34984e-03 4.14204e-03 3.92779e-03 3.73566e-03 3.56376e-03 3.41093e-03 3.26726e-03 3.11827e-03 2.96850e-03 2.80600e-03 2.58490e-03 2.26947e-03 2.02156e-03 1.84526e-03 1.61308e-03 1.35843e-03 1.10574e-03 8.54691e-04 7.02058e-04 6.20018e-04 5.73038e-04 5.46469e-04 5.30954e-04 5.22148e-04 5.19183e-04 5.21273e-04 5.25327e-04 5.25309e-04 5.14131e-04 4.88298e-04 4.50113e-04 4.04564e-04 3.56027e-04 3.08466e-04 2.64902e-04 2.26858e-04 1.93788e-04 1.64361e-04 1.38653e-04 1.16252e-04 9.58500e-05 7.65838e-05 5.86401e-05 4.27771e-05 2.96530e-05 1.95553e-05 1.23638e-05 7.55929e-06 4.45555e-06 2.49899e-06 1.30379e-06 6.11899e-07 2.32088e-07 5.58399e-08 6.22282e-09 1.28252e-10
16.006107 2.60746e-04 3.38847e-03 7.42469e-03 9.32390e-03 1.05407e-02 1.12348e-02 1.14336e-02 1.17695e-02 1.18045e-02 1.10961e-02 1.01207e-02 9.35998e-03 8.89746e-03 8.62531e-03 8.42455e-03 8.26336e-03 8.18294e-03 8.10694e-03 7.95484e-03 7.79524e-03 7.66462e-03 7.57891e-03 7.70539e-03 8.57984e-03 1.00427e-02 1.09758e-02 1.10288e-02 1.05217e-02 9.74410e-03 9.12064e-03 8.87096e-03 8.84459e-03 8.74146e-03 8.38150e-03 7.98555e-03 7.72461e-03 7.45366e-03 7.21278e-03 7.16598e-03 7.19207e-03 7.11194e-03 7.00294e-03 6.94317e-03 6.89248e-03 6.87186e-03 6.87299e-03 6.89247e-03 6.92583e-03 6.94231e-03 6.91912e-03 6.86360e-03 6.79449e-03 6.71345e-03 6.60557e-03 6.46545e-03 6.30395e-03 6.14640e-03 6.00808e-03 5.88842e-03 5.77417e-03 5.65764e-03 5.54005e-03 5.42245e-03 5.31621e-03 5.21665e-03 5.10616e-03 4.98561e-03 4.88000e-03 4.80962e-03 4.75933e-03 4.70998e-03 4.65243e-03 4.57646e-03 4.47790e-03 4.33149e-03 4.13976e-03 3.91459e-03 3.66103e-03 3.38352e-03 3.11399e-03 2.90700e-03 2.82853e-03 2.71739e-03 2.48659e-03 2.08257e-03 1.56653e-03 1.15576e-03 9.43016e-04 8.60764e-04 8.19870e-04 7.89635e-04 7.66580e-04 7.51040e-04 7.42538e-04 7.40873e-04 7.45660e-04 7.47556e-04 7.31951e-04 6.95175e-04 6.44536e-04 5.93010e-04 5.43649e-04 4.94232e-04 4.50612e-04 4.08146e-04 3.65614e-04 3.25968e-04 2.87700e-04 2.50954e-04 2.17230e-04 1.87303e-04 1.60982e-04 1.37673e-04 1.16440e-04 9.61350e-05 7.62254e-05 5.73057e-05 4.06186e-05 2.71855e-05 1.72505e-05 1.03461e-05 5.75067e-06 2.81509e-06 1.09778e-06 2.95375e-07 4.51956e-08 3.15993e-09 5.49452e-11
16.256202 2.78701e-04 3.76959e-03 7.75205e-03 9.50391e-03 1.10678e-02 1.24308e-02 1.28934e-02 1.24942e-02 1.15200e-02 1.04800e-02 9.58275e-03 8.91054e-03 8.60459e-03 8.46998e-03 8.22739e-03 7.84928e-03 7.55987e-03 7.45991e-03 7.38175e-03 7.26874e-03 7.20341e-03 7.25568e-03 7.40586e-03 7.58297e-03 8.05464e-03 9.13037e-03 1.00228e-02 1.03341e-02 1.04438e-02 1.04439e-02 1.04270e-02 1.04793e-02 1.05012e-02 1.03383e-02 9.97295e-03 9.60393e-03 9.27042e-03 8.91243e-03 8.51111e-03 8.18639e-03 7.95875e-03 7.75081e-03 7.58346e-03 7.43996e-03 7.30944e-03 7.19988e-03 7.11534e-03 7.06042e-03 7.03479e-03 7.03804e-03 7.08553e-03 7.15990e-03 7.19867e-03 7.14317e-03 7.00571e-03 6.83340e-03 6.64335e-03 6.43752e-03 6.23416e-03 6.06609e-03 5.95446e-03 5.87273e-03 5.68862e-03 5.32636e-03 5.03476e-03 4.86960e-03 4.74702e-03 4.64747e-03 4.55019e-03 4.46386e-03 4.39770e-03 4.35110e-03 4.29417e-03 4.12887e-03 3.86738e-03 3.67297e-03 3.45207e-03 3.17884e-03 2.90980e-03 2.67755e-03 2.48204e-03 2.30761e-03 2.12336e-03 1.89545e-03 1.63093e-03 1.35173e-03 1.09551e-03 9.06572e-04 8.13758e-04 7.70607e-04 7.43586e-04 7.24123e-04 7.08553e-04 6.93016e-04 6.76521e-04 6.63399e-04 6.49736e-04 6.40649e-04 6.42983e-04 6.48453e-04 6.50448e-04 6.44213e-04 6.27755e-04 6.03916e-04 5.75939e-04 5.42309e-04 4.98747e-04 4.42510e-04 3.78677e-04 3.20338e-04 2.73421e-04 2.34847e-04 2.01268e-04 1.71284e-04 1.44398e-04 1.20246e-04 9.83983e-05 7.84593e-05 6.02421e-05 4.38538e-05 2.96655e-05 1.81466e-05 9.61216e-06 4.09302e-06 1.23319e-06 2.03177e-07 1.05638e-08 6.98806e-11
16.506297 2.93629e-04 3.07341e-03 7.10157e-03 1.06421e-02 1.37032e-02 1.39538e-02 1.15232e-02 9.98972e-03 9.92855e-03 9.82002e-03 9.23583e-03 8.51318e-03 8.02458e-03 7.87146e-03 7.83937e-03 7.77257e-03 7.71335e-03 7.74185e-03 7.76898e-03 7.74166e-03 7.70721e-03 7.62222e-03 7.45547e-03 7.30996e-03 7.27658e-03 7.38154e-03 7.59338e-03 7.91347e-03 8.39973e-03 9.00608e-03 9.51451e-03 9.95876e-03 1.05471e-02 1.11306e-02 1.14922e-02 1.14972e-02 1.12326e-02 1.09820e-02 1.07454e-02 1.04241e-02 1.00525e-02 9.64006e-03 9.17834e-03 8.69977e-03 8.40052e-03 8.20453e-03 7.98164e-03 7.76046e-03 7.53145e-03 7.30921e-03 7.11183e-03 6.94322e-03 6.80959e-03 6.68639e-03 6.52853e-03 6.35495e-03 6.22529e-03 6.12800e-03 5.92769e-03 5.58069e-03 5.26316e-03 5.01073e-03 4.76601e-03 4.52365e-03 4.35090e-03 4.34296e-03 4.37679e-03 4.37327e-03 4.33614e-03 4.33000e-03 4.38874e-03 4.45568e-03 4.45539e-03 4.36085e-03 4.17229e-03 3.88664e-03 3.54458e-03 3.23003e-03 2.94679e-03 2.68171e-03 2.43630e-03 2.22304e-03 2.03939e-03 1.87451e-03 1.72209e-03 1.57014e-03 1.40025e-03 1.21753e-03 1.03887e-03 8.73455e-04 7.58574e-04 7.10709e-04 6.95133e-04 6.90585e-04 6.97188e-04 7.12668e-04 7.33032e-04 7.58019e-04 7.86673e-04 8.12812e-04 8.31727e-04 8.45859e-04 8.56375e-04 8.53084e-04 8.20340e-04 7.53730e-04 6.64127e-04 5.69690e-04 4.87630e-04 4.25971e-04 3.79925e-04 3.40923e-04 3.04538e-04 2.69527e-04 2.35533e-04 2.02534e-04 1.70887e-04 1.41118e-04 1.13653e-04 8.87363e-05 6.64660e-05 4.68415e-05 2.99001e-05 1.59726e-05 6.04249e-06 1.17131e-06 6.54450e-08 4.40141e-10
16.756393 2.86179e-04 3.28188e-03 8.70404e-03 1.25645e-02 1.32440e-02 1.17989e-02 9.85661e-03 8.82849e-03 8.45871e-03 8.23839e-03 7.96849e-03 7.70319e-03 7.57725e-03 7.51792e-03 7.47791e-03 7.47663e-03 7.56046e-03 7.70953e-03 7.81351e-03 7.91136e-03 8.17546e-03 8.52200e-03 8.74948e-03 8.86594e-03 8.94152e-03 9.03360e-03 9.19080e-03 9.37624e-03 9.51309e-03 9.63427e-03 9.80282e-03 1.00292e-02 1.03400e-02 1.07297e-02 1.11304e-02 1.14306e-02 1.15043e-02 1.13461e-02 1.10513e-02 1.06979e-02 1.03828e-02 1.01285e-02 9.86277e-03 9.53682e-03 9.16661e-03 8.74402e-03 8.26208e-03 7.74142e-03 7.24352e-03 6.83370e-03 6.45628e-03 5.98898e-03 5.47798e-03 5.06316e-03 4.78493e-03 4.60146e-03 4.45242e-03 4.31023e-03 4.18019e-03 4.07666e-03 4.02240e-03 4.02934e-03 4.09106e-03 4.18775e-03 4.28346e-03 4.37877e-03 4.48651e-03 4.61641e-03 4.78669e-03 5.01618e-03 5.32302e-03 5.59924e-03 5.62519e-03 5.34173e-03 4.89526e-03 4.43672e-03 4.03818e-03 3.68849e-03 3.36586e-03 3.07407e-03 2.81247e-03 2.57337e-03 2.35632e-03 2.16425e-03 1.99537e-03 1.84331e-03 1.70157e-03 1.56568e-03 1.43210e-03 1.29868e-03 1.16639e-03 1.03898e-03 9.26870e-04 8.48216e-04 8.09312e-04 7.91698e-04 7.75401e-04 7.65225e-04 7.74792e-04 8.02892e-04 8.32570e-04 8.38238e-04 8.14761e-04 7.88074e-04 7.65026e-04 7.18037e-04 6.37915e-04 5.46980e-04 4.67509e-04 4.03814e-04 3.55591e-04 3.22504e-04 2.97093e-04 2.73032e-04 2.47883e-04 2.20917e-04 1.92538e-04 1.63759e-04 1.35512e-04 1.08383e-04 8.27813e-05 5.91210e-05 3.79900e-05 2.03134e-05 7.69030e-06 1.51866e-06 9.12825e-08 7.59476e-10
17.006488 2.76412e-04 3.91648e-03 9.83305e-03 1.24939e-02 1.15590e-02 9.84632e-03 8.89023e-03 8.20934e-03 7.62251e-03 7.28859e-03 7.10269e-03 6.96061e-03 6.85061e-03 6.80707e-03 6.97932e-03 7.40817e-03 7.92131e-03 8.36464e-03 8.80877e-03 9.31041e-03 9.72197e-03 9.91482e-03 9.92073e-03 9.88734e-03 9.91180e-03 1.00207e-02 1.02014e-02 1.04048e-02 1.05568e-02 1.06429e-02 1.07040e-02 1.07639e-02 1.07829e-02 1.06751e-02 1.04331e-02 1.01513e-02 9.93534e-03 9.83502e-03 9.75816e-03 9.56680e-03 9.20848e-03 8.78101e-03 8.35135e-03 7.81078e-03 7.16904e-03 6.52688e-03 5.98338e-03 5.59534e-03 5.24982e-03 4.91970e-03 4.70872e-03 4.57869e-03 4.44606e-03 4.31097e-03 4.20833e-03 4.15392e-03 4.14628e-03 4.17826e-03 4.24092e-03 4.32122e-03 4.41876e-03 4.57700e-03 4.80040e-03 5.01546e-03 5.18385e-03 5.31505e-03 5.42948e-03 5.54415e-03 5.66087e-03 5.78114e-03 5.93177e-03 6.12890e-03 6.22747e-03 5.98263e-03 5.48194e-03 4.98966e-03 4.57041e-03 4.20088e-03 3.85943e-03 3.53733e-03 3.23600e-03 2.95946e-03 2.70994e-03 2.48828e-03 2.29208e-03 2.11342e-03 1.94339e-03 1.77632e-03 1.61026e-03 1.44737e-03 1.29291e-03 1.15088e-03 1.02258e-03 9.07685e-04 8.05536e-04 7.18814e-04 6.52913e-04 6.07957e-04 5.79841e-04 5.64156e-04 5.56700e-04 5.50903e-04 5.38331e-04 5.14429e-04 4.88159e-04 4.69454e-04 4.42659e-04 3.87658e-04 3.24247e-04 2.81488e-04 2.62061e-04 2.53886e-04 2.48750e-04 2.44055e-04 2.38160e-04 2.29035e-04 2.14754e-04 1.94601e-04 1.69830e-04 1.42856e-04 1.15457e-04 8.83005e-05 6.18570e-05 3.67661e-05 1.54932e-05 3.31888e-06 2.07851e-07 1.71443e-09
17.256584 2.88923e-04 3.25611e-03 7.79053e-03 1.05977e-02 9.99880e-03 8.21620e-03 7.42325e-03 7.19552e-03 7.00103e-03 6.83886e-03 6.93897e-03 7.43581e-03 8.16252e-03 8.67844e-03 8.64099e-03 8.61949e-03 9.08699e-03 9.61654e-03 9.87041e-03 9.87613e-03 9.82146e-03 9.85251e-03 1.00160e-02 1.02468e-02 1.05062e-02 1.08072e-02 1.10589e-02 1.10862e-02 1.07846e-02 1.01723e-02 9.43215e-03 8.76618e-03 8.18979e-03 7.70198e-03 7.42688e-03 7.41880e-03 7.55155e-03 7.72663e-03 7.87951e-03 8.03539e-03 8.14923e-03 8.09909e-03 7.89811e-03 7.57826e-03 7.19802e-03 6.80670e-03 6.40984e-03 6.01633e-03 5.65961e-03 5.34835e-03 5.08417e-03 4.90149e-03 4.80914e-03 4.77140e-03 4.78390e-03 4.86368e-03 4.98719e-03 5.10435e-03 5.19102e-03 5.25496e-03 5.31534e-03 5.39539e-03 5.50244e-03 5.61477e-03 5.72254e-03 5.82822e-03 5.91746e-03 5.97848e-03 6.01782e-03 6.04336e-03 6.05762e-03 6.05519e-03 6.04294e-03 5.92860e-03 5.47665e-03 4.91141e-03 4.46076e-03 4.08944e-03 3.75903e-03 3.46053e-03 3.19279e-03 2.95305e-03 2.73531e-03 2.53243e-03 2.33896e-03 2.15256e-03 1.97352e-03 1.80323e-03 1.64215e-03 1.48836e-03 1.34042e-03 1.20115e-03 1.07054e-03 9.44687e-04 8.26243e-04 7.21982e-04 6.32469e-04 5.54868e-04 4.92393e-04 4.46489e-04 4.12464e-04 3.85503e-04 3.61108e-04 3.35635e-04 3.09186e-04 2.85436e-04 2.66751e-04 2.49448e-04 2.26323e-04 2.01474e-04 1.85667e-04 1.78196e-04 1.74063e-04 1.70961e-04 1.68150e-04 1.64878e-04 1.59392e-04 1.49770e-04 1.36004e-04 1.19173e-04 9.98180e-05 7.84770e-05 5.64767e-05 3.55704e-05 1.70651e-05 4.39232e-06 3.27934e-07 3.13090e-09
17.506679 3.07976e-04 3.79688e-03 8.29588e-03 9.97750e-03 9.25739e-03 7.76272e-03 6.84275e-03 7.08088e-03 8.12346e-03 8.80684e-03 8.65207e-03 8.32091e-03 8.27378e-03 8.50564e-03 8.87171e-03 9.29381e-03 9.73070e-03 1.00144e-02 1.01830e-02 1.03576e-02 1.05032e-02 1.03320e-02 9.84931e-03 9.26110e-03 8.69025e-03 8.27358e-03 8.12184e-03 8.24899e-03 8.43673e-03 8.55585e-03 8.71073e-03 8.81570e-03 8.81575e-03 8.75055e-03 8.71205e-03 8.68568e-03 8.63233e-03 8.51922e-03 8.37766e-03 8.20043e-03 7.93547e-03 7.62227e-03 7.32900e-03 7.08781e-03 6.89651e-03 6.71925e-03 6.55205e-03 6.41846e-03 6.34355e-03 6.31647e-03 6.30077e-03 6.27442e-03 6.19749e-03 6.04431e-03 5.84670e-03 5.65834e-03 5.51187e-03 5.41152e-03 5.36801e-03 5.37010e-03 5.35517e-03 5.33732e-03 5.35795e-03 5.40509e-03 5.46453e-03 5.53347e-03 5.60160e-03 5.64059e-03 5.62757e-03 5.58408e-03 5.54376e-03 5.51241e-03 5.48256e-03 5.44705e-03 5.23489e-03 4.71347e-03 4.19855e-03 3.80376e-03 3.47465e-03 3.19024e-03 2.94142e-03 2.72295e-03 2.52937e-03 2.35433e-03 2.19142e-03 2.03490e-03 1.88058e-03 1.72640e-03 1.57241e-03 1.42010e-03 1.27011e-03 1.12465e-03 9.91311e-04 8.72313e-04 7.71607e-04 6.88742e-04 6.11403e-04 5.32047e-04 4.54920e-04 3.87820e-04 3.33378e-04 2.90089e-04 2.54797e-04 2.24310e-04 1.97040e-04 1.73227e-04 1.53611e-04 1.38182e-04 1.25955e-04 1.15498e-04 1.05456e-04 9.47868e-05 8.37588e-05 7.57244e-05 7.28933e-05 7.21876e-05 7.10070e-05 6.85299e-05 6.47533e-05 5.97975e-05 5.30335e-05 4.36435e-05 3.18734e-05 1.94482e-05 8.80896e-06 2.21264e-06 1.74201e-07 1.96912e-09
17.756774 3.09922e-04 5.25134e-03 1.02529e-02 1.07229e-02 9.48138e-03 8.72507e-03 8.53834e-03 8.19034e-03 7.99602e-03 8.05995e-03 8.28293e-03 8.71304e-03 9.13028e-03 9.33007e-03 9.27910e-03 9.24880e-03 9.22942e-03 9.14992e-03 8.97824e-03 8.82869e-03 8.91041e-03 9.05763e-03 8.86334e-03 8.60770e-03 8.51078e-03 8.50494e-03 8.56735e-03 8.70971e-03 8.88584e-03 9.05580e-03 9.29250e-03 9.46147e-03 9.27699e-03 8.86391e-03 8.53005e-03 8.27958e-03 8.09507e-03 8.01056e-03 7.96353e-03 7.87837e-03 7.77360e-03 7.80285e-03 7.78628e-03 7.56788e-03 7.36104e-03 7.23172e-03 7.14888e-03 7.07880e-03 7.01000e-03 6.92594e-03 6.79155e-03 6.57631e-03 6.29878e-03 6.01817e-03 5.77469e-03 5.57745e-03 5.42024e-03 5.29135e-03 5.18979e-03 5.12841e-03 5.10956e-03 5.11164e-03 5.11266e-03 5.11116e-03 5.11642e-03 5.13141e-03 5.13389e-03 5.11899e-03 5.12314e-03 5.16902e-03 5.25595e-03 5.34134e-03 5.38637e-03 5.42386e-03 5.35867e-03 4.95420e-03 4.41023e-03 3.96877e-03 3.59580e-03 3.26565e-03 2.97149e-03 2.70528e-03 2.46001e-03 2.23287e-03 2.02280e-03 1.82624e-03 1.63749e-03 1.45795e-03 1.29776e-03 1.16015e-03 1.03885e-03 9.25682e-04 8.19824e-04 7.27535e-04 6.51624e-04 5.87269e-04 5.28846e-04 4.72205e-04 4.17677e-04 3.69411e-04 3.28900e-04 2.94317e-04 2.63461e-04 2.34706e-04 2.06585e-04 1.77610e-04 1.47084e-04 1.17519e-04 9.31129e-05 7.51207e-05 6.25993e-05 5.41502e-05 4.80090e-05 4.27263e-05 3.80631e-05 3.38096e-05 2.98066e-05 2.61367e-05 2.28449e-05 1.99761e-05 1.76460e-05 1.57224e-05 1.33177e-05 9.41540e-06 4.69347e-06 1.25433e-06 1.04617e-07 1.24335e-09
18.006870 3.62107e-04 5.61358e-03 9.23291e-03 9.25062e-03 9.54787e-03 9.13649e-03 8.60003e-03 8.60960e-03 8.84528e-03 8.70246e-03 8.56297e-03 9.01580e-03 9.68638e-03 1.01454e-02 1.04560e-02 1.09120e-02 1.14432e-02 1.14447e-02 1.06922e-02 9.72759e-03 9.03632e-03 8.58771e-03 8.17840e-03 7.88989e-03 7.75572e-03 7.69063e-03 7.76276e-03 7.99386e-03 8.26604e-03 8.41567e-03 8.35377e-03 8.21859e-03 8.12184e-03 8.02491e-03 7.91596e-03 7.82930e-03 7.78310e-03 7.79387e-03 7.99087e-03 8.31437e-03 8.42697e-03 8.29423e-03 8.04922e-03 7.83303e-03 7.68276e-03 7.61533e-03 7.51703e-03 7.26733e-03 6.95096e-03 6.64037e-03 6.35911e-03 6.11790e-03 5.91432e-03 5.74247e-03 5.60516e-03 5.50990e-03 5.45658e-03 5.43400e-03 5.42039e-03 5.39130e-03 5.33708e-03 5.27428e-03 5.22608e-03 5.19427e-03 5.16909e-03 5.14647e-03 5.11996e-03 5.07785e-03 5.02456e-03 5.00458e-03 5.04976e-03 5.12809e-03 5.18798e-03 5.22707e-03 5.29653e-03 5.36705e-03 5.15111e-03 4.58992e-03 4.04451e-03 3.62085e-03 3.26440e-03 2.91650e-03 2.58575e-03 2.28501e-03 1.96267e-03 1.64812e-03 1.38858e-03 1.18984e-03 1.04074e-03 9.23444e-04 8.25879e-04 7.39880e-04 6.60123e-04 5.85723e-04 5.16408e-04 4.54501e-04 4.00082e-04 3.50580e-04 3.05033e-04 2.63941e-04 2.27459e-04 1.93990e-04 1.61562e-04 1.29628e-04 1.01603e-04 8.36723e-05 7.21894e-05 6.13573e-05 5.21151e-05 4.62944e-05 4.28527e-05 4.05199e-05 3.85602e-05 3.64224e-05 3.37131e-05 3.02696e-05 2.61923e-05 2.17706e-05 1.73205e-05 1.30505e-05 9.05035e-06 5.42139e-06 2.53233e-06 9.27069e-07 4.02853e-07 1.55486e-07 1.83746e-08 2.94737e-10
18.256965 3.70583e-04 3.73902e-03 8.08023e-03 1.02845e-02 1.04965e-02 1.04142e-02 1.04574e-02 1.04114e-02 1.02787e-02 1.00500e-02 9.71094e-03 9.57200e-03 9.99764e-03 1.09809e-02 1.16472e-02 1.12986e-02 1.03462e-02 9.40756e-03 8.88993e-03 8.78081e-03 8.70539e-03 8.52267e-03 8.33278e-03 8.21128e-03 8.10689e-03 7.93363e-03 7.73022e-03 7.60680e-03 7.63518e-03 7.74126e-03 7.71787e-03 7.66318e-03 7.71660e-03 7.82341e-03 7.91195e-03 8.00697e-03 8.14111e-03 8.25850e-03 8.33154e-03 8.40996e-03 8.44809e-03 8.39115e-03 8.20041e-03 7.94498e-03 7.69246e-03 7.45772e-03 7.23937e-03 7.02405e-03 6.80278e-03 6.59340e-03 6.40369e-03 6.23449e-03 6.11367e-03 6.06068e-03 6.04879e-03 6.00450e-03 5.87335e-03 5.68518e-03 5.51476e-03 5.39757e-03 5.32388e-03 5.28272e-03 5.26663e-03 5.26136e-03 5.25743e-03 5.25644e-03 5.26071e-03 5.26555e-03 5.26137e-03 5.24231e-03 5.21859e-03 5.21167e-03 5.22057e-03 5.22143e-03 5.21146e-03 5.22165e-03 5.26732e-03 5.22825e-03 4.90742e-03 4.33663e-03 3.75935e-03 3.23734e-03 2.61340e-03 2.00780e-03 1.64624e-03 1.40646e-03 1.21096e-03 1.04369e-03 9.03106e-04 7.89987e-04 6.99054e-04 6.21778e-04 5.51319e-04 4.83107e-04 4.20563e-04 3.68646e-04 3.25775e-04 2.88554e-04 2.54780e-04 2.24241e-04 1.97834e-04 1.75723e-04 1.56691e-04 1.40094e-04 1.25304e-04 1.11473e-04 9.90391e-05 8.84522e-05 7.98846e-05 7.33548e-05 6.85056e-05 6.46721e-05 6.12837e-05 5.79502e-05 5.43391e-05 5.01842e-05 4.54034e-05 4.01301e-05 3.45943e-05 2.89857e-05 2.34133e-05 1.79322e-05 1.25665e-05 7.41286e-06 3.07483e-06 6.42557e-07 3.70035e-08 1.99461e-10
18.507061 3.50410e-04 4.50898e-03 9.22271e-03 9.69557e-03 9.31190e-03 9.73340e-03 1.00894e-02 1.00411e-02 9.69395e-03 9.37122e-03 9.43620e-03 9.84662e-03 1.01542e-02 1.02389e-02 1.01773e-02 1.00176e-02 9.73431e-03 9.36632e-03 8.97521e-03 8.62813e-03 8.42362e-03 8.35040e-03 8.22561e-03 7.98419e-03 7.79991e-03 7.67680e-03 7.55540e-03 7.50033e-03 7.53353e-03 7.62292e-03 7.77902e-03 8.12187e-03 8.71151e-03 9.83990e-03 1.12378e-02 1.13886e-02 1.04207e-02 9.32829e-03 8.75361e-03 8.51571e-03 8.39891e-03 8.27869e-03 8.06760e-03 7.80811e-03 7.54850e-03 7.33620e-03 7.20739e-03 7.16646e-03 7.16538e-03 7.13951e-03 7.05923e-03 6.91282e-03 6.69894e-03 6.46913e-03 6.28963e-03 6.17859e-03 6.11578e-03 6.07427e-03 6.03865e-03 6.00344e-03 5.96521e-03 5.92088e-03 5.87024e-03 5.81394e-03 5.75163e-03 5.68510e-03 5.61929e-03 5.56003e-03 5.51205e-03 5.47855e-03 5.46144e-03 5.45486e-03 5.44224e-03 5.42646e-03 5.44275e-03 5.50919e-03 5.53428e-03 5.16529e-03 4.36814e-03 3.53043e-03 2.71240e-03 2.09502e-03 1.71451e-03 1.44915e-03 1.24292e-03 1.07575e-03 9.35249e-04 8.12086e-04 7.01165e-04 6.01870e-04 5.14861e-04 4.39823e-04 3.75373e-04 3.19364e-04 2.73218e-04 2.39647e-04 2.17192e-04 2.01011e-04 1.88333e-04 1.77931e-04 1.68472e-04 1.59645e-04 1.51443e-04 1.43652e-04 1.36171e-04 1.28825e-04 1.21252e-04 1.13507e-04 1.06388e-04 1.00679e-04 9.63400e-05 9.27600e-05 8.93591e-05 8.57611e-05 8.16744e-05 7.68242e-05 7.10003e-05 6.40984e-05 5.61156e-05 4.71428e-05 3.73965e-05 2.73169e-05 1.76826e-05 9.53820e-06 3.77705e-06 8.10608e-07 5.00941e-08 3.24699e-10
18.757156 3.55329e-04 4.54872e-03 8.77173e-03 8.93317e-03 7.91312e-03 7.37313e-03 7.59014e-03 8.17920e-03 8.74757e-03 9.08711e-03 9.22876e-03 9.45208e-03 9.54824e-03 9.18721e-03 8.77668e-03 8.58409e-03 8.52672e-03 8.53302e-03 8.52191e-03 8.46467e-03 8.42611e-03 8.41067e-03 8.40123e-03 8.35507e-03 8.22584e-03 8.05398e-03 7.90175e-03 7.76185e-03 7.63219e-03 7.62107e-03 7.84432e-03 8.21866e-03 8.41526e-03 8.28873e-03 8.94935e-03 1.12393e-02 1.22921e-02 1.13936e-02 1.00484e-02 9.23925e-03 9.15625e-03 9.32639e-03 9.36613e-03 9.18047e-03 8.88694e-03 8.61245e-03 8.36378e-03 8.11154e-03 7.83793e-03 7.55141e-03 7.27732e-03 7.04375e-03 6.86168e-03 6.72567e-03 6.62269e-03 6.52731e-03 6.41293e-03 6.26632e-03 6.09050e-03 5.89633e-03 5.69221e-03 5.48604e-03 5.29306e-03 5.13144e-03 5.01173e-03 4.94500e-03 4.94829e-03 5.00639e-03 5.09070e-03 5.19368e-03 5.28045e-03 5.31538e-03 5.32744e-03 5.38394e-03 5.48202e-03 5.44742e-03 5.01089e-03 4.14688e-03 3.22813e-03 2.60480e-03 2.18536e-03 1.84272e-03 1.55752e-03 1.32973e-03 1.14715e-03 9.92322e-04 8.56695e-04 7.40746e-04 6.44802e-04 5.65839e-04 4.98046e-04 4.34516e-04 3.70545e-04 3.07319e-04 2.53281e-04 2.16578e-04 1.94403e-04 1.78070e-04 1.65994e-04 1.57244e-04 1.50066e-04 1.43705e-04 1.37622e-04 1.31319e-04 1.24796e-04 1.18683e-04 1.13476e-04 1.09136e-04 1.05471e-04 1.02428e-04 1.00018e-04 9.81047e-05 9.63149e-05 9.41320e-05 9.10591e-05 8.67273e-05 8.09079e-05 7.34895e-05 6.44484e-05 5.38476e-05 4.19962e-05 2.97184e-05 1.83651e-05 9.37411e-06 3.52626e-06 7.26888e-07 4.32540e-08 2.69091e-10
19.007252 3.71438e-04 4.50813e-03 8.08933e-03 7.73320e-03 7.19183e-03 7.13719e-03 7.36112e-03 7.95636e-03 8.47000e-03 8.68458e-03 8.68394e-03 8.40925e-03 8.14893e-03 8.02539e-03 7.93399e-03 7.92222e-03 7.99641e-03 8.09570e-03 8.18253e-03 8.28117e-03 8.36557e-03 8.39519e-03 8.45118e-03 8.56010e-03 8.69408e-03 8.78485e-03 8.77522e-03 8.70349e-03 8.52679e-03 8.26997e-03 8.15736e-03 8.24126e-03 8.25307e-03 7.96391e-03 8.56002e-03 1.00096e-02 1.02851e-02 9.52264e-03 8.92712e-03 8.75960e-03 8.67350e-03 8.80531e-03 9.08828e-03 9.35168e-03 9.50236e-03 9.40600e-03 9.11899e-03 8.77177e-03 8.43201e-03 8.13359e-03 7.89930e-03 7.70692e-03 7.49314e-03 7.21319e-03 6.89229e-03 6.56426e-03 6.22660e-03 5.89737e-03 5.60264e-03 5.34628e-03 5.13435e-03 4.96912e-03 4.83898e-03 4.75860e-03 4.72714e-03 4.71250e-03 4.70781e-03 4.71096e-03 4.70344e-03 4.65661e-03 4.56244e-03 4.46054e-03 4.39952e-03 4.37566e-03 4.33840e-03 4.17150e-03 3.71100e-03 3.08115e-03 2.55706e-03 2.17784e-03 1.89480e-03 1.67328e-03 1.48883e-03 1.32573e-03 1.17538e-03 1.03632e-03 9.12793e-04 8.07725e-04 7.17158e-04 6.32379e-04 5.48409e-04 4.67161e-04 3.96349e-04 3.41618e-04 3.01450e-04 2.68237e-04 2.37091e-04 2.11690e-04 1.93476e-04 1.79052e-04 1.65385e-04 1.52208e-04 1.40766e-04 1.32191e-04 1.26711e-04 1.23421e-04 1.21027e-04 1.18600e-04 1.15802e-04 1.12709e-04 1.09518e-04 1.06320e-04 1.03015e-04 9.93141e-05 9.48019e-05 8.90358e-05 8.16942e-05 7.27386e-05 6.23827e-05 5.09098e-05 3.87441e-05 2.67376e-05 1.61187e-05 8.04855e-06 2.99495e-06 6.21783e-07 3.77612e-08 2.45264e-10
19.257347 3.94091e-04 3.63570e-03 6.94813e-03 7.28028e-03 6.83933e-03 6.83327e-03 7.13473e-03 7.51046e-03 7.83616e-03 7.91585e-03 7.77915e-03 7.76392e-03 7.92323e-03 8.14190e-03 8.32432e-03 8.43999e-03 8.50552e-03 8.55616e-03 8.56080e-03 8.49518e-03 8.38922e-03 8.26966e-03 8.17948e-03 8.13084e-03 8.04313e-03 7.86258e-03 7.72813e-03 7.78657e-03 8.01449e-03 8.29855e-03 8.40201e-03 8.23095e-03 8.16009e-03 8.50837e-03 8.93937e-03 8.99159e-03 8.84902e-03 8.76444e-03 8.84277e-03 9.07587e-03 9.27629e-03 9.20168e-03 8.91666e-03 8.66307e-03 8.49793e-03 8.38434e-03 8.33712e-03 8.41011e-03 8.60929e-03 8.85329e-03 9.00860e-03 8.93643e-03 8.59347e-03 8.10302e-03 7.59722e-03 7.15572e-03 6.79906e-03 6.52132e-03 6.28491e-03 6.04558e-03 5.81476e-03 5.61602e-03 5.43722e-03 5.26782e-03 5.10606e-03 4.95269e-03 4.81641e-03 4.70147e-03 4.59747e-03 4.49249e-03 4.37547e-03 4.19647e-03 3.89307e-03 3.49307e-03 3.11923e-03 2.83345e-03 2.59521e-03 2.35844e-03 2.12471e-03 1.90606e-03 1.70038e-03 1.50259e-03 1.31868e-03 1.15676e-03 1.01672e-03 8.92598e-04 7.84031e-04 6.90865e-04 6.09789e-04 5.40855e-04 4.83909e-04 4.37271e-04 4.00314e-04 3.71923e-04 3.47989e-04 3.25312e-04 3.02436e-04 2.77708e-04 2.51432e-04 2.24755e-04 1.99548e-04 1.77496e-04 1.58875e-04 1.43183e-04 1.29840e-04 1.18472e-04 1.08698e-04 1.00124e-04 9.25991e-05 8.63861e-05 8.19766e-05 7.95805e-05 7.88387e-05 7.91031e-05 7.96004e-05 7.91208e-05 7.62700e-05 7.03932e-05 6.17400e-05 5.08443e-05 3.84321e-05 2.58715e-05 1.49547e-05 7.05529e-06 2.45274e-06 4.76181e-07 2.77014e-08 1.80989e-10
19.507442 3.95030e-04 3.27642e-03 6.24014e-03 6.54219e-03 6.06433e-03 6.09574e-03 6.49482e-03 6.85106e-03 7.04831e-03 7.11252e-03 7.24491e-03 7.46738e-03 7.59068e-03 7.61755e-03 7.66546e-03 7.72610e-03 7.79764e-03 7.87818e-03 7.97993e-03 8.04663e-03 8.00043e-03 7.87338e-03 7.76031e-03 7.71905e-03 7.72094e-03 7.69881e-03 7.62759e-03 7.59130e-03 7.60390e-03 7.62700e-03 7.65584e-03 7.69598e-03 7.80486e-03 8.12208e-03 8.51443e-03 8.59158e-03 8.48149e-03 8.46256e-03 8.46267e-03 8.44782e-03 8.49031e-03 8.61295e-03 8.73809e-03 8.83469e-03 8.94311e-03 9.06280e-03 9.12521e-03 9.18577e-03 9.30573e-03 9.44151e-03 9.55875e-03 9.62878e-03 9.49629e-03 9.17052e-03 8.83609e-03 8.50845e-03 8.22665e-03 7.99440e-03 7.79765e-03 7.56432e-03 7.26716e-03 6.90207e-03 6.49836e-03 6.09388e-03 5.72490e-03 5.41878e-03 5.16351e-03 4.89617e-03 4.55596e-03 4.15660e-03 3.76629e-03 3.42677e-03 3.14626e-03 2.91499e-03 2.71112e-03 2.51136e-03 2.29837e-03 2.06519e-03 1.81788e-03 1.57653e-03 1.36780e-03 1.20140e-03 1.06389e-03 9.41569e-04 8.31881e-04 7.40246e-04 6.67549e-04 6.08250e-04 5.57616e-04 5.15622e-04 4.84558e-04 4.62268e-04 4.42198e-04 4.19998e-04 3.96462e-04 3.73664e-04 3.51488e-04 3.28840e-04 3.05083e-04 2.79959e-04 2.53620e-04 2.27338e-04 2.02845e-04 1.81072e-04 1.62106e-04 1.45711e-04 1.31565e-04 1.19200e-04 1.07936e-04 9.70935e-05 8.64116e-05 7.62566e-05 6.72881e-05 5.99267e-05 5.42121e-05 4.99530e-05 4.63340e-05 4.18876e-05 3.60399e-05 2.93762e-05 2.26029e-05 1.61529e-05 1.02994e-05 5.43585e-06 2.06909e-06 4.20655e-07 2.49472e-08 1.72597e-10
19.757538 3.65056e-04 2.67021e-03 5.14478e-03 5.73697e-03 5.56560e-03 5.57135e-03 5.79905e-03 6.07493e-03 6.23599e-03 6.28200e-03 6.37062e-03 6.61907e-03 7.04380e-03 7.46277e-03 7.71443e-03 7.79497e-03 7.82608e-03 7.85460e-03 7.85109e-03 7.81416e-03 7.77221e-03 7.73682e-03 7.71052e-03 7.68994e-03 7.64217e-03 7.56593e-03 7.56104e-03 7.61122e-03 7.61880e-03 7.60747e-03 7.63118e-03 7.66473e-03 7.63151e-03 7.56048e-03 7.52914e-03 7.50687e-03 7.45374e-03 7.50519e-03 7.79948e-03 8.15287e-03 8.33057e-03 8.51936e-03 8.87632e-03 9.35765e-03 9.87719e-03 1.02866e-02 1.04656e-02 1.04704e-02 1.04376e-02 1.04715e-02 1.05831e-02 1.06841e-02 1.06398e-02 1.02527e-02 9.63214e-03 9.05123e-03 8.55590e-03 8.07293e-03 7.58636e-03 7.18370e-03 6.82450e-03 6.47297e-03 6.16197e-03 5.89707e-03 5.63757e-03 5.34230e-03 4.99773e-03 4.60989e-03 4.21974e-03 3.87573e-03 3.59998e-03 3.37687e-03 3.16877e-03 2.95834e-03 2.74011e-03 2.50361e-03 2.25465e-03 2.04100e-03 1.89245e-03 1.78108e-03 1.67770e-03 1.57896e-03 1.47866e-03 1.36319e-03 1.23039e-03 1.09984e-03 9.98017e-04 9.31574e-04 8.84357e-04 8.39576e-04 7.90841e-04 7.36762e-04 6.77832e-04 6.15211e-04 5.51179e-04 4.87531e-04 4.25324e-04 3.67282e-04 3.16243e-04 2.72508e-04 2.35070e-04 2.03119e-04 1.76122e-04 1.53512e-04 1.34531e-04 1.18336e-04 1.04375e-04 9.25695e-05 8.28614e-05 7.46806e-05 6.71684e-05 5.98045e-05 5.26663e-05 4.61098e-05 4.02563e-05 3.48817e-05 2.97235e-05 2.47038e-05 1.98384e-05 1.51418e-05 1.07276e-05 6.83304e-06 3.72992e-06 1.62945e-06 5.30289e-07 1.04845e-07 6.30380e-09 3.87430e-11
20.007633 3.26785e-04 2.33536e-03 4.46847e-03 5.13000e-03 5.28310e-03 5.36190e-03 5.48674e-03 5.70469e-03 5.89806e-03 6.06570e-03 6.30567e-03 6.63257e-03 6.98150e-03 7.36050e-03 7.67064e-03 7.85366e-03 7.93486e-03 7.96449e-03 7.98788e-03 8.04166e-03 8.12007e-03 8.18692e-03 8.23893e-03 8.24984e-03 8.12166e-03 7.84470e-03 7.57309e-03 7.37303e-03 7.18409e-03 7.05584e-03 7.04033e-03 7.08335e-03 7.12558e-03 7.07571e-03 7.03382e-03 7.02086e-03 6.93038e-03 6.90624e-03 7.17248e-03 7.76655e-03 8.45114e-03 8.99823e-03 9.59429e-03 1.05227e-02 1.13178e-02 1.13212e-02 1.09014e-02 1.06181e-02 1.05407e-02 1.06113e-02 1.07971e-02 1.09836e-02 1.08752e-02 1.02907e-02 9.65428e-03 9.18920e-03 8.69565e-03 8.15046e-03 7.58425e-03 7.02741e-03 6.45983e-03 5.95040e-03 5.57149e-03 5.22514e-03 4.85414e-03 4.52673e-03 4.23478e-03 3.96081e-03 3.71225e-03 3.48789e-03 3.26998e-03 3.04693e-03 2.82334e-03 2.61133e-03 2.42449e-03 2.27809e-03 2.17920e-03 2.12177e-03 2.09262e-03 2.06191e-03 1.99672e-03 1.90398e-03 1.81651e-03 1.74141e-03 1.66412e-03 1.57719e-03 1.49269e-03 1.43608e-03 1.41621e-03 1.34832e-03 1.15857e-03 9.65814e-04 8.36773e-04 7.48730e-04 6.80067e-04 6.14589e-04 5.50064e-04 4.91522e-04 4.38998e-04 3.90100e-04 3.42905e-04 2.97821e-04 2.56731e-04 2.21051e-04 1.90916e-04 1.65453e-04 1.43376e-04 1.23674e-04 1.05977e-04 8.99852e-05 7.53784e-05 6.22989e-05 5.11822e-05 4.21841e-05 3.49755e-05 2.89807e-05 2.36907e-05 1.88184e-05 1.42973e-05 1.02143e-05 6.72971e-06 3.98636e-06 2.04235e-06 8.47708e-07 2.53493e-07 4.34824e-08 2.84028e-09 3.31105e-11
20.257729 3.00742e-04 2.02205e-03 4.01782e-03 4.97361e-03 5.29926e-03 5.49442e-03 5.78792e-03 6.15549e-03 6.53400e-03 6.86766e-03 7.10894e-03 7.29953e-03 7.42040e-03 7.46741e-03 7.54052e-03 7.80999e-03 8.30856e-03 8.86297e-03 9.24904e-03 9.34508e-03 9.15578e-03 8.75562e-03 8.26340e-03 7.85154e-03 7.64913e-03 7.58837e-03 7.50583e-03 7.30801e-03 7.05016e-03 6.88231e-03 6.89065e-03 7.04614e-03 7.20231e-03 7.20115e-03 7.18166e-03 7.31298e-03 7.46877e-03 7.58415e-03 7.73993e-03 7.97006e-03 8.42670e-03 9.28181e-03 1.05018e-02 1.17153e-02 1.24274e-02 1.23895e-02 1.18970e-02 1.16793e-02 1.17068e-02 1.12341e-02 1.02750e-02 9.44693e-03 8.89125e-03 8.57487e-03 8.37981e-03 8.17653e-03 7.86709e-03 7.41804e-03 6.91871e-03 6.47691e-03 6.11846e-03 5.85321e-03 5.66562e-03 5.47795e-03 5.21260e-03 4.86975e-03 4.49867e-03 4.20676e-03 3.95848e-03 3.60080e-03 3.29206e-03 3.07017e-03 2.87622e-03 2.67972e-03 2.48503e-03 2.32122e-03 2.20227e-03 2.10869e-03 2.01298e-03 1.90846e-03 1.78726e-03 1.65176e-03 1.52974e-03 1.44781e-03 1.41122e-03 1.39783e-03 1.37937e-03 1.35100e-03 1.32691e-03 1.28082e-03 1.12383e-03 9.12063e-04 8.09906e-04 7.71367e-04 7.29520e-04 6.75821e-04 6.14715e-04 5.57241e-04 5.10304e-04 4.64507e-04 4.04948e-04 3.37186e-04 2.84406e-04 2.49371e-04 2.20717e-04 1.94330e-04 1.70382e-04 1.49192e-04 1.30699e-04 1.14526e-04 1.00075e-04 8.68313e-05 7.45764e-05 6.33045e-05 5.30407e-05 4.37390e-05 3.52662e-05 2.75089e-05 2.05118e-05 1.44426e-05 9.45841e-06 5.61408e-06 2.86925e-06 1.14902e-06 3.13717e-07 4.89143e-08 3.15166e-09 3.36895e-11
20.507824 2.95205e-04 2.00288e-03 4.11463e-03 5.23731e-03 5.78972e-03 6.29041e-03 6.79417e-03 7.15294e-03 7.34412e-03 7.50980e-03 7.70504e-03 7.97639e-03 8.44695e-03 8.89693e-03 8.86066e-03 8.48404e-03 8.22203e-03 8.14866e-03 8.21414e-03 8.36140e-03 8.49141e-03 8.58242e-03 8.53256e-03 8.27770e-03 7.91556e-03 7.64618e-03 7.50561e-03 7.41519e-03 7.31231e-03 7.25091e-03 7.35246e-03 7.60121e-03 7.83036e-03 7.89690e-03 7.96351e-03 8.12370e-03 8.29271e-03 8.48010e-03 8.73303e-03 9.08636e-03 9.59496e-03 1.03849e-02 1.15194e-02 1.24841e-02 1.26007e-02 1.23092e-02 1.20450e-02 1.13952e-02 1.03586e-02 9.38520e-03 8.73413e-03 8.33958e-03 8.08048e-03 7.92430e-03 7.82414e-03 7.66578e-03 7.38890e-03 7.02106e-03 6.59273e-03 6.15257e-03 5.78200e-03 5.49305e-03 5.24518e-03 5.01271e-03 4.79806e-03 4.60659e-03 4.40384e-03 4.15959e-03 3.89515e-03 3.64744e-03 3.42462e-03 3.19992e-03 2.95811e-03 2.72471e-03 2.53131e-03 2.36923e-03 2.21036e-03 2.04885e-03 1.88926e-03 1.73644e-03 1.59804e-03 1.48524e-03 1.40458e-03 1.34639e-03 1.29424e-03 1.25860e-03 1.27052e-03 1.33756e-03 1.47816e-03 1.60863e-03 1.43795e-03 1.04874e-03 7.86630e-04 6.75439e-04 6.04247e-04 5.09989e-04 4.07183e-04 3.31566e-04 2.88329e-04 2.63103e-04 2.44307e-04 2.27466e-04 2.10852e-04 1.93605e-04 1.75754e-04 1.58439e-04 1.43379e-04 1.31479e-04 1.22193e-04 1.14208e-04 1.06402e-04 9.82689e-05 8.97514e-05 8.09108e-05 7.17921e-05 6.24616e-05 5.31331e-05 4.42863e-05 3.64268e-05 2.94434e-05 2.26822e-05 1.59403e-05 9.75653e-06 4.83872e-06 1.68643e-06 3.14181e-07 1.80269e-08 1.06026e-10
20.757919 2.77998e-04 2.17198e-03 4.56289e-03 6.23071e-03 7.71459e-03 8.78879e-03 9.29794e-03 9.62241e-03 9.69066e-03 9.29449e-03 8.67299e-03 8.05216e-03 7.60711e-03 7.44757e-03 7.45530e-03 7.46625e-03 7.45762e-03 7.51599e-03 7.74764e-03 8.13654e-03 8.51224e-03 8.74489e-03 8.81283e-03 8.69297e-03 8.48599e-03 8.23580e-03 7.97225e-03 7.76180e-03 7.64193e-03 7.64489e-03 7.74126e-03 7.90091e-03 8.07767e-03 8.22409e-03 8.31666e-03 8.43918e-03 8.68781e-03 9.10904e-03 9.80227e-03 1.06747e-02 1.10325e-02 1.07104e-02 1.04105e-02 1.02310e-02 9.96174e-03 9.58719e-03 9.23625e-03 9.02161e-03 8.94773e-03 8.93294e-03 8.79301e-03 8.42262e-03 7.97811e-03 7.63626e-03 7.39822e-03 7.18123e-03 6.95885e-03 6.70949e-03 6.41450e-03 6.07033e-03 5.68410e-03 5.28390e-03 4.91890e-03 4.63213e-03 4.46482e-03 4.36468e-03 4.17736e-03 3.89334e-03 3.63403e-03 3.45387e-03 3.32486e-03 3.19132e-03 3.03043e-03 2.86165e-03 2.69576e-03 2.52537e-03 2.34995e-03 2.17748e-03 2.01280e-03 1.85671e-03 1.71671e-03 1.60791e-03 1.52854e-03 1.44867e-03 1.34270e-03 1.22665e-03 1.15414e-03 1.15444e-03 1.22016e-03 1.26298e-03 1.10062e-03 8.02569e-04 5.89399e-04 4.83119e-04 4.23675e-04 3.85294e-04 3.56998e-04 3.33094e-04 3.11021e-04 2.90119e-04 2.70622e-04 2.52414e-04 2.34578e-04 2.15896e-04 1.95634e-04 1.74088e-04 1.52615e-04 1.32857e-04 1.15778e-04 1.01387e-04 8.91142e-05 7.83218e-05 6.85704e-05 5.95765e-05 5.11137e-05 4.30826e-05 3.56211e-05 2.90155e-05 2.34672e-05 1.89958e-05 1.54339e-05 1.23141e-05 9.06816e-06 5.62054e-06 2.56739e-06 6.44742e-07 4.78075e-08 4.07540e-10
21.008015 2.60700e-04 3.12754e-03 7.94502e-03 1.21650e-02 1.37952e-02 1.27318e-02 1.09010e-02 9.47253e-03 8.62106e-03 8.23463e-03 8.17239e-03 8.25910e-03 8.41887e-03 8.64502e-03 8.81736e-03 8.80222e-03 8.60044e-03 8.34556e-03 8.17683e-03 8.13172e-03 8.19706e-03 8.35077e-03 8.50645e-03 8.51223e-03 8.34393e-03 8.14935e-03 8.03561e-03 8.04475e-03 8.14830e-03 8.29174e-03 8.48123e-03 8.70409e-03 8.92692e-03 9.18018e-03 9.50134e-03 9.82921e-03 1.01234e-02 1.04698e-02 1.05104e-02 9.94532e-03 9.47757e-03 9.24692e-03 8.97762e-03 8.63566e-03 8.26281e-03 7.84114e-03 7.45448e-03 7.22455e-03 7.15349e-03 7.19983e-03 7.33846e-03 7.55435e-03 7.79524e-03 7.97789e-03 7.99624e-03 7.82493e-03 7.50795e-03 7.08887e-03 6.61294e-03 6.14100e-03 5.72008e-03 5.35252e-03 5.01434e-03 4.68348e-03 4.35356e-03 4.04028e-03 3.76836e-03 3.54727e-03 3.35888e-03 3.17944e-03 3.00312e-03 2.83513e-03 2.67762e-03 2.52783e-03 2.38127e-03 2.23193e-03 2.07352e-03 1.90479e-03 1.73473e-03 1.57889e-03 1.44567e-03 1.33132e-03 1.22984e-03 1.13959e-03 1.05662e-03 9.68297e-04 8.75409e-04 8.22847e-04 7.98071e-04 6.83663e-04 5.51388e-04 5.10712e-04 5.06234e-04 5.01782e-04 4.87818e-04 4.63169e-04 4.32255e-04 3.99541e-04 3.67382e-04 3.36164e-04 3.05750e-04 2.76402e-04 2.48477e-04 2.21941e-04 1.96609e-04 1.72584e-04 1.50347e-04 1.30443e-04 1.13010e-04 9.76327e-05 8.36659e-05 7.06793e-05 5.86738e-05 4.79059e-05 3.84718e-05 3.01954e-05 2.29624e-05 1.69760e-05 1.25289e-05 9.53263e-06 7.43276e-06 5.61592e-06 3.78473e-06 2.05354e-06 7.83842e-07 1.66490e-07 1.18432e-08 1.03102e-10
21.258110 2.62436e-04 6.42620e-03 1.41538e-02 1.53270e-02 1.37134e-02 1.23350e-02 1.13088e-02 1.05393e-02 1.00422e-02 9.88235e-03 9.95832e-03 9.96022e-03 9.71796e-03 9.32780e-03 8.98354e-03 8.75368e-03 8.61142e-03 8.55488e-03 8.58372e-03 8.64275e-03 8.65839e-03 8.63421e-03 8.67462e-03 8.85084e-03 9.10727e-03 9.29076e-03 9.29935e-03 9.25842e-03 9.23898e-03 9.15610e-03 9.01213e-03 8.88123e-03 8.81226e-03 8.83381e-03 8.93882e-03 9.02153e-03 9.12008e-03 9.28969e-03 9.02462e-03 8.36425e-03 7.84666e-03 7.35828e-03 6.95980e-03 6.77643e-03 6.69837e-03 6.65280e-03 6.66851e-03 6.75583e-03 6.90786e-03 7.08547e-03 7.28219e-03 7.49763e-03 7.70855e-03 7.87539e-03 7.94644e-03 7.83700e-03 7.50945e-03 7.06417e-03 6.62335e-03 6.23375e-03 5.90386e-03 5.61715e-03 5.33589e-03 5.03460e-03 4.70141e-03 4.33244e-03 3.95236e-03 3.60153e-03 3.30511e-03 3.06860e-03 2.87490e-03 2.70103e-03 2.53865e-03 2.39277e-03 2.26324e-03 2.13459e-03 1.98853e-03 1.82265e-03 1.64802e-03 1.47780e-03 1.31921e-03 1.16975e-03 1.02374e-03 8.83963e-04 7.61745e-04 6.68195e-04 6.05596e-04 5.61548e-04 5.19626e-04 4.81410e-04 4.59951e-04 4.53423e-04 4.47386e-04 4.36405e-04 4.20331e-04 3.98850e-04 3.73517e-04 3.46164e-04 3.17661e-04 2.88886e-04 2.61221e-04 2.35740e-04 2.12608e-04 1.91363e-04 1.71533e-04 1.52940e-04 1.35628e-04 1.19725e-04 1.05345e-04 9.24651e-05 8.08347e-05 6.99887e-05 5.94711e-05 4.92819e-05 3.98583e-05 3.13215e-05 2.33642e-05 1.60814e-05 1.01808e-05 6.20589e-06 3.95308e-06 2.68911e-06 1.77727e-06 9.89673e-07 3.93694e-07 8.66546e-08 6.53234e-09 5.73523e-11
21.508206 2.91485e-04 6.23869e-03 1.32426e-02 1.46553e-02 1.40348e-02 1.36007e-02 1.33475e-02 1.29751e-02 1.22842e-02 1.13809e-02 1.03990e-02 9.54406e-03 9.00717e-03 8.80087e-03 8.86212e-03 9.08952e-03 9.35117e-03 9.55845e-03 9.73713e-03 9.91545e-03 1.00833e-02 1.02417e-02 1.03777e-02 1.04547e-02 1.03962e-02 1.01252e-02 9.63714e-03 9.13213e-03 8.73766e-03 8.52243e-03 8.45772e-03 8.41168e-03 8.32689e-03 8.18737e-03 8.01233e-03 7.86224e-03 7.80306e-03 7.89231e-03 8.01778e-03 7.89203e-03 7.48200e-03 7.11461e-03 6.84650e-03 6.62438e-03 6.62247e-03 6.82593e-03 7.05257e-03 7.14465e-03 7.14653e-03 7.11079e-03 7.10182e-03 7.16959e-03 7.31096e-03 7.50584e-03 7.70253e-03 7.79207e-03 7.65289e-03 7.28361e-03 6.81257e-03 6.35346e-03 5.93863e-03 5.56824e-03 5.23543e-03 4.92378e-03 4.61238e-03 4.27824e-03 3.92161e-03 3.58054e-03 3.28811e-03 3.04561e-03 2.86461e-03 2.75290e-03 2.66454e-03 2.54422e-03 2.38391e-03 2.20721e-03 2.01227e-03 1.79062e-03 1.55908e-03 1.34510e-03 1.16101e-03 1.00689e-03 8.81736e-04 7.85337e-04 7.15971e-04 6.67320e-04 6.24960e-04 5.69788e-04 4.99631e-04 4.34848e-04 3.87412e-04 3.53642e-04 3.29798e-04 3.12034e-04 2.94999e-04 2.75541e-04 2.54187e-04 2.33059e-04 2.13279e-04 1.94709e-04 1.77042e-04 1.60294e-04 1.44646e-04 1.30248e-04 1.17144e-04 1.05273e-04 9.45125e-05 8.47386e-05 7.58597e-05 6.78059e-05 6.04928e-05 5.37865e-05 4.75121e-05 4.15026e-05 3.56095e-05 2.97080e-05 2.38887e-05 1.85087e-05 1.37067e-05 9.35353e-06 5.68527e-06 3.10408e-06 1.53734e-06 6.47151e-07 1.98836e-07 3.49505e-08 2.35787e-09 1.90112e-11
21.758301 3.16342e-04 5.33164e-03 1.23168e-02 1.64722e-02 1.78349e-02 1.68973e-02 1.48536e-02 1.27598e-02 1.11630e-02 1.02490e-02 9.86248e-03 9.74302e-03 9.72016e-03 9.64636e-03 9.50247e-03 9.45462e-03 9.60218e-03 9.90106e-03 1.02888e-02 1.06778e-02 1.09325e-02 1.09510e-02 1.07474e-02 1.03910e-02 9.94640e-03 9.49608e-03 9.21474e-03 9.06575e-03 8.87676e-03 8.57740e-03 8.26569e-03 8.03855e-03 7.84000e-03 7.66747e-03 7.62546e-03 7.74488e-03 7.88073e-03 7.93041e-03 7.88244e-03 7.71823e-03 7.43012e-03 7.17940e-03 7.14246e-03 7.12360e-03 7.07776e-03 7.15198e-03 7.20473e-03 7.19157e-03 7.19709e-03 7.22452e-03 7.26041e-03 7.30190e-03 7.35582e-03 7.42947e-03 7.50177e-03 7.49139e-03 7.29092e-03 6.88257e-03 6.37866e-03 5.90118e-03 5.49529e-03 5.16641e-03 4.90197e-03 4.66297e-03 4.41039e-03 4.13684e-03 3.86481e-03 3.62507e-03 3.42090e-03 3.23580e-03 3.04889e-03 2.87157e-03 2.72677e-03 2.57626e-03 2.39512e-03 2.18836e-03 1.96239e-03 1.73542e-03 1.53232e-03 1.36675e-03 1.23674e-03 1.13095e-03 1.03835e-03 9.52557e-04 8.69286e-04 7.87351e-04 7.09826e-04 6.28672e-04 5.26607e-04 4.22631e-04 3.50752e-04 3.07776e-04 2.77360e-04 2.52252e-04 2.30884e-04 2.12676e-04 1.96717e-04 1.81839e-04 1.67073e-04 1.52028e-04 1.36850e-04 1.21979e-04 1.07953e-04 9.52502e-05 8.41741e-05 7.47852e-05 6.69041e-05 6.01917e-05 5.42833e-05 4.89076e-05 4.39269e-05 3.92875e-05 3.49374e-05 3.07851e-05 2.67276e-05 2.27051e-05 1.87372e-05 1.49286e-05 1.14339e-05 8.38544e-06 5.82375e-06 3.72285e-06 2.09829e-06 9.86108e-07 3.44915e-07 6.77513e-08 4.20627e-09 2.32526e-11
22.008397 3.28386e-04 6.21772e-03 1.46390e-02 1.82983e-02 1.80438e-02 1.62698e-02 1.44043e-02 1.27634e-02 1.13641e-02 1.03839e-02 9.81246e-03 9.45574e-03 9.20042e-03 9.07270e-03 9.11090e-03 9.25125e-03 9.43380e-03 9.67657e-03 9.91382e-03 1.00195e-02 9.91404e-03 9.71644e-03 9.62434e-03 9.59336e-03 9.33777e-03 8.88912e-03 8.55067e-03 8.48060e-03 8.62604e-03 8.78604e-03 8.85414e-03 8.87128e-03 8.87790e-03 8.88880e-03 8.90095e-03 8.85118e-03 8.65092e-03 8.38604e-03 8.28286e-03 8.16161e-03 7.81908e-03 7.47770e-03 7.28475e-03 7.22189e-03 7.19624e-03 7.26274e-03 7.35409e-03 7.34932e-03 7.27896e-03 7.21660e-03 7.16748e-03 7.12634e-03 7.10240e-03 7.09672e-03 7.08057e-03 6.99484e-03 6.78361e-03 6.45261e-03 6.08253e-03 5.74361e-03 5.44703e-03 5.18197e-03 4.93229e-03 4.67600e-03 4.41341e-03 4.16398e-03 3.93132e-03 3.70559e-03 3.48897e-03 3.27988e-03 3.04879e-03 2.77337e-03 2.52641e-03 2.32778e-03 2.12619e-03 1.92083e-03 1.72533e-03 1.55080e-03 1.40126e-03 1.27292e-03 1.15968e-03 1.05806e-03 9.63763e-04 8.70907e-04 7.82256e-04 7.07147e-04 6.44980e-04 5.82417e-04 5.10252e-04 4.37535e-04 3.77747e-04 3.32139e-04 2.95814e-04 2.65992e-04 2.41297e-04 2.20454e-04 2.02293e-04 1.85791e-04 1.70363e-04 1.55808e-04 1.41932e-04 1.28436e-04 1.15026e-04 1.01600e-04 8.83435e-05 7.56803e-05 6.40824e-05 5.38893e-05 4.52220e-05 3.79988e-05 3.20100e-05 2.70079e-05 2.27761e-05 1.91538e-05 1.60208e-05 1.32771e-05 1.08419e-05 8.66445e-06 6.72745e-06 5.03859e-06 3.61076e-06 2.44098e-06 1.51099e-06 8.03451e-07 3.17947e-07 6.95166e-08 4.86691e-09 3.85877e-11
22.258492 3.26158e-04 6.42028e-03 1.44706e-02 1.77456e-02 1.69983e-02 1.48322e-02 1.28738e-02 1.14182e-02 1.04975e-02 9.93824e-03 9.51161e-03 9.22071e-03 9.08236e-03 9.02470e-03 8.96138e-03 8.89234e-03 8.83742e-03 8.81284e-03 8.89538e-03 9.06794e-03 9.27437e-03 9.48205e-03 9.45419e-03 9.07159e-03 8.76900e-03 8.82534e-03 8.99718e-03 9.05414e-03 9.00182e-03 8.92495e-03 8.98091e-03 9.25739e-03 9.62040e-03 9.93385e-03 1.00870e-02 1.00061e-02 9.75399e-03 9.39877e-03 8.86842e-03 8.30910e-03 7.89483e-03 7.64623e-03 7.56159e-03 7.50614e-03 7.47112e-03 7.46911e-03 7.47680e-03 7.45781e-03 7.41481e-03 7.35480e-03 7.28708e-03 7.24846e-03 7.26159e-03 7.30863e-03 7.33206e-03 7.26384e-03 7.07182e-03 6.79050e-03 6.48646e-03 6.19430e-03 5.91554e-03 5.64150e-03 5.35997e-03 5.06840e-03 4.77913e-03 4.48760e-03 4.16775e-03 3.81245e-03 3.45144e-03 3.11613e-03 2.80417e-03 2.50498e-03 2.23778e-03 2.02803e-03 1.84074e-03 1.66048e-03 1.49666e-03 1.35804e-03 1.24520e-03 1.14984e-03 1.06241e-03 9.79148e-04 8.99856e-04 8.23984e-04 7.53020e-04 6.90392e-04 6.35972e-04 5.84613e-04 5.33161e-04 4.83627e-04 4.38164e-04 3.97289e-04 3.60857e-04 3.28372e-04 2.98941e-04 2.71667e-04 2.46265e-04 2.22960e-04 2.01812e-04 1.82550e-04 1.64842e-04 1.48447e-04 1.33180e-04 1.18809e-04 1.05055e-04 9.17511e-05 7.90256e-05 6.72260e-05 5.66614e-05 4.74378e-05 3.94680e-05 3.25772e-05 2.66076e-05 2.14523e-05 1.70361e-05 1.32898e-05 1.01436e-05 7.53060e-06 5.39292e-06 3.68311e-06 2.36257e-06 1.39492e-06 7.31755e-07 3.13864e-07 9.43170e-08 1.62689e-08 1.15968e-09 1.05756e-11
22.508587 3.29369e-04 6.41925e-03 1.38681e-02 1.56096e-02 1.41731e-02 1.24357e-02 1.11737e-02 1.03130e-02 9.75547e-03 9.45618e-03 9.33792e-03 9.30633e-03 9.29403e-03 9.25016e-03 9.23167e-03 9.10778e-03 8.83667e-03 8.66496e-03 8.67703e-03 8.76363e-03 8.88921e-03 8.87459e-03 8.62065e-03 8.55948e-03 8.80291e-03 8.74193e-03 8.40818e-03 8.21666e-03 8.22285e-03 8.41820e-03 8.72129e-03 8.99784e-03 9.20433e-03 9.42369e-03 9.70418e-03 9.94978e-03 1.00298e-02 9.93346e-03 9.65446e-03 9.16887e-03 8.55068e-03 8.03266e-03 7.83035e-03 7.72967e-03 7.52508e-03 7.31489e-03 7.21050e-03 7.22502e-03 7.22258e-03 7.13838e-03 7.08011e-03 7.10582e-03 7.19471e-03 7.31655e-03 7.43575e-03 7.48380e-03 7.39916e-03 7.21340e-03 6.99710e-03 6.76298e-03 6.50135e-03 6.21013e-03 5.88256e-03 5.51491e-03 5.12644e-03 4.75284e-03 4.39923e-03 4.02158e-03 3.59309e-03 3.14861e-03 2.72215e-03 2.35521e-03 2.08577e-03 1.88273e-03 1.70823e-03 1.55440e-03 1.41941e-03 1.29992e-03 1.19421e-03 1.09925e-03 1.01365e-03 9.38968e-04 8.75118e-04 8.17465e-04 7.57162e-04 6.89182e-04 6.22112e-04 5.68290e-04 5.29547e-04 4.98552e-04 4.67419e-04 4.32713e-04 3.95848e-04 3.60157e-04 3.27918e-04 2.99336e-04 2.73130e-04 2.47990e-04 2.23487e-04 1.99889e-04 1.77596e-04 1.56887e-04 1.37980e-04 1.21104e-04 1.06414e-04 9.38346e-05 8.30316e-05 7.36616e-05 6.55992e-05 5.87678e-05 5.28749e-05 4.74440e-05 4.20425e-05 3.64513e-05 3.06820e-05 2.49028e-05 1.93623e-05 1.43272e-05 1.00206e-05 6.56994e-06 3.99210e-06 2.21113e-06 1.08929e-06 4.56548e-07 1.43155e-07 2.39280e-08 1.18908e-09 7.50326e-12
22.758683 3.53769e-04 6.23625e-03 1.23629e-02 1.27415e-02 1.14349e-02 1.05144e-02 9.92828e-03 9.52203e-03 9.25580e-03 9.16030e-03 9.23801e-03 9.39506e-03 9.49054e-03 9.44490e-03 9.30254e-03 9.05597e-03 8.72504e-03 8.42323e-03 8.29554e-03 8.38482e-03 8.47540e-03 8.54734e-03 8.62371e-03 8.54785e-03 8.38294e-03 8.36668e-03 8.50270e-03 8.65480e-03 8.74607e-03 8.79082e-03 8.81176e-03 8.82009e-03 8.84750e-03 8.93617e-03 9.11144e-03 9.35679e-03 9.59871e-03 9.81309e-03 9.93772e-03 9.86914e-03 9.61939e-03 9.19929e-03 8.57779e-03 7.96186e-03 7.75284e-03 7.75342e-03 7.52153e-03 7.13448e-03 6.93647e-03 6.98249e-03 7.03407e-03 6.98414e-03 6.93430e-03 6.97078e-03 7.08128e-03 7.19442e-03 7.22235e-03 7.12531e-03 6.96801e-03 6.79510e-03 6.58076e-03 6.31850e-03 6.03622e-03 5.74802e-03 5.43778e-03 5.08429e-03 4.67918e-03 4.23774e-03 3.80351e-03 3.38876e-03 2.96194e-03 2.57000e-03 2.26671e-03 2.03496e-03 1.83745e-03 1.65613e-03 1.49443e-03 1.35621e-03 1.23709e-03 1.13094e-03 1.03240e-03 9.36977e-04 8.42963e-04 7.54116e-04 6.77701e-04 6.17114e-04 5.69138e-04 5.27758e-04 4.88436e-04 4.49359e-04 4.10600e-04 3.73290e-04 3.39178e-04 3.09530e-04 2.84075e-04 2.61713e-04 2.41525e-04 2.22910e-04 2.05407e-04 1.88508e-04 1.71660e-04 1.54536e-04 1.37315e-04 1.20576e-04 1.04898e-04 9.07113e-05 7.83733e-05 6.80495e-05 5.95278e-05 5.24020e-05 4.63791e-05 4.12783e-05 3.68610e-05 3.27803e-05 2.86736e-05 2.43234e-05 1.97688e-05 1.52648e-05 1.11286e-05 7.60292e-06 4.80704e-06 2.75520e-06 1.38978e-06 5.90371e-07 1.86769e-07 3.10229e-08 1.40506e-09 8.52739e-12
23.008778 3.95714e-04 4.98019e-03 9.28005e-03 1.00756e-02 1.01506e-02 1.00749e-02 9.83990e-03 9.68240e-03 9.59356e-03 9.59107e-03 9.83139e-03 1.00135e-02 9.97247e-03 9.77868e-03 9.41252e-03 8.99101e-03 8.67176e-03 8.42089e-03 8.40842e-03 8.79492e-03 9.18534e-03 9.22555e-03 9.09249e-03 9.07865e-03 9.20188e-03 9.32138e-03 9.33096e-03 9.25338e-03 9.14032e-03 9.03156e-03 8.97272e-03 8.97032e-03 9.01715e-03 9.10551e-03 9.18229e-03 9.21128e-03 9.20983e-03 9.19813e-03 9.20875e-03 9.28585e-03 9.39719e-03 9.46654e-03 9.44909e-03 9.31117e-03 8.94707e-03 8.30871e-03 7.67494e-03 7.31921e-03 7.14311e-03 7.10508e-03 7.23101e-03 7.17311e-03 6.85242e-03 6.66349e-03 6.67599e-03 6.78211e-03 6.90323e-03 6.96432e-03 6.89419e-03 6.70544e-03 6.50087e-03 6.32726e-03 6.14298e-03 5.89967e-03 5.59180e-03 5.22815e-03 4.79909e-03 4.31023e-03 3.81003e-03 3.34881e-03 2.95827e-03 2.64710e-03 2.38210e-03 2.11991e-03 1.85808e-03 1.63001e-03 1.45336e-03 1.31701e-03 1.20556e-03 1.10930e-03 1.02164e-03 9.38336e-04 8.57876e-04 7.80500e-04 7.07357e-04 6.40339e-04 5.81431e-04 5.31868e-04 4.91335e-04 4.57341e-04 4.25464e-04 3.90748e-04 3.50305e-04 3.06807e-04 2.67729e-04 2.37585e-04 2.15012e-04 1.96920e-04 1.81137e-04 1.66513e-04 1.52399e-04 1.38309e-04 1.23882e-04 1.09041e-04 9.41784e-05 8.01234e-05 6.76518e-05 5.69242e-05 4.76461e-05 3.96559e-05 3.30014e-05 2.76300e-05 2.33091e-05 1.97890e-05 1.68736e-05 1.43376e-05 1.19343e-05 9.56517e-06 7.33718e-06 5.40345e-06 3.81373e-06 2.52584e-06 1.50025e-06 7.44757e-07 2.71809e-07 5.57789e-08 4.12582e-09 5.00479e-11
23.258874 4.22521e-04 3.64939e-03 7.13515e-03 9.40276e-03 1.04995e-02 1.07536e-02 1.05117e-02 1.01145e-02 9.88346e-03 9.89822e-03 9.98001e-03 9.81971e-03 9.44727e-03 9.23453e-03 9.26352e-03 9.33319e-03 9.47216e-03 9.84453e-03 1.02718e-02 1.04319e-02 1.03538e-02 1.01950e-02 9.93995e-03 9.62001e-03 9.34808e-03 9.16709e-03 9.04869e-03 8.95173e-03 8.83913e-03 8.74781e-03 8.78041e-03 8.96043e-03 9.18135e-03 9.33340e-03 9.35256e-03 9.17597e-03 8.91373e-03 8.71565e-03 8.57345e-03 8.47874e-03 8.44684e-03 8.49250e-03 8.62161e-03 8.78478e-03 8.89585e-03 8.86816e-03 8.66746e-03 8.31139e-03 7.80133e-03 7.28672e-03 6.97352e-03 6.93393e-03 7.15580e-03 7.21174e-03 7.16215e-03 7.22122e-03 7.25204e-03 7.21128e-03 7.13109e-03 6.99501e-03 6.74127e-03 6.37826e-03 5.98903e-03 5.62220e-03 5.26548e-03 4.88421e-03 4.45521e-03 3.98757e-03 3.52718e-03 3.12641e-03 2.81218e-03 2.58005e-03 2.38671e-03 2.16883e-03 1.91318e-03 1.67054e-03 1.48240e-03 1.34154e-03 1.22406e-03 1.11888e-03 1.02389e-03 9.36161e-04 8.52648e-04 7.73795e-04 7.02287e-04 6.39429e-04 5.83867e-04 5.32796e-04 4.83749e-04 4.35791e-04 3.89500e-04 3.45787e-04 3.04854e-04 2.66606e-04 2.32132e-04 2.03918e-04 1.83251e-04 1.67918e-04 1.54522e-04 1.41392e-04 1.28448e-04 1.15968e-04 1.03999e-04 9.23780e-05 8.09551e-05 6.97821e-05 5.91247e-05 4.93383e-05 4.07280e-05 3.34536e-05 2.74990e-05 2.27158e-05 1.88887e-05 1.57840e-05 1.31813e-05 1.09172e-05 8.92387e-06 7.20445e-06 5.76561e-06 4.57330e-06 3.55432e-06 2.62724e-06 1.74865e-06 9.60004e-07 3.79061e-07 8.57493e-08 7.61922e-09 1.16286e-10
23.508969 4.04210e-04 3.21811e-03 7.35048e-03 1.03921e-02 1.12945e-02 1.12034e-02 1.08988e-02 1.06260e-02 1.03774e-02 9.97359e-03 9.56180e-03 9.42771e-03 9.42736e-03 9.44959e-03 9.51822e-03 9.68674e-03 9.98545e-03 1.01938e-02 1.00932e-02 9.78429e-03 9.44341e-03 9.15782e-03 8.95169e-03 8.78809e-03 8.65657e-03 8.62475e-03 8.72868e-03 8.89363e-03 9.00149e-03 9.02844e-03 9.07388e-03 9.24017e-03 9.53489e-03 9.88725e-03 1.01268e-02 1.00355e-02 9.59423e-03 9.10171e-03 8.78968e-03 8.58546e-03 8.41734e-03 8.32612e-03 8.34356e-03 8.46716e-03 8.64579e-03 8.79360e-03 8.84418e-03 8.76369e-03 8.55586e-03 8.35624e-03 8.30333e-03 8.30586e-03 8.22005e-03 7.87130e-03 7.71229e-03 7.68082e-03 7.60683e-03 7.44591e-03 7.18712e-03 6.83352e-03 6.43096e-03 6.05565e-03 5.70663e-03 5.33550e-03 4.94050e-03 4.55426e-03 4.19127e-03 3.84373e-03 3.51331e-03 3.22507e-03 3.00571e-03 2.83302e-03 2.61214e-03 2.31001e-03 2.04232e-03 1.88162e-03 1.75555e-03 1.58976e-03 1.40101e-03 1.22996e-03 1.08540e-03 9.60361e-04 8.50173e-04 7.53339e-04 6.69139e-04 5.96539e-04 5.33943e-04 4.79428e-04 4.31105e-04 3.87569e-04 3.48210e-04 3.12895e-04 2.81321e-04 2.53155e-04 2.28591e-04 2.07583e-04 1.89430e-04 1.74021e-04 1.61081e-04 1.49003e-04 1.36621e-04 1.24193e-04 1.12311e-04 1.01242e-04 9.09306e-05 8.11174e-05 7.14790e-05 6.18126e-05 5.21891e-05 4.29566e-05 3.45589e-05 2.73163e-05 2.13441e-05 1.66175e-05 1.30379e-05 1.04140e-05 8.45378e-06 6.85757e-06 5.43784e-06 4.14872e-06 3.02033e-06 2.07503e-06 1.29622e-06 6.66757e-07 2.35506e-07 4.72882e-08 4.82081e-09 9.63949e-11
23.759064 3.70861e-04 3.67454e-03 8.30029e-03 1.05881e-02 1.12808e-02 1.15290e-02 1.12600e-02 1.03651e-02 9.46451e-03 9.12370e-03 9.20306e-03 9.39171e-03 9.54307e-03 9.59328e-03 9.49954e-03 9.19753e-03 8.83796e-03 8.64302e-03 8.62813e-03 8.66637e-03 8.63818e-03 8.48897e-03 8.26771e-03 8.11617e-03 8.12030e-03 8.24741e-03 8.44080e-03 8.64332e-03 8.78347e-03 8.87687e-03 9.02659e-03 9.25657e-03 9.45807e-03 9.54694e-03 9.57531e-03 9.56249e-03 9.44575e-03 9.28038e-03 9.20711e-03 9.23021e-03 9.28195e-03 9.24923e-03 9.08413e-03 8.87744e-03 8.71390e-03 8.66311e-03 8.78267e-03 8.97379e-03 9.16166e-03 9.42744e-03 9.68004e-03 9.50168e-03 9.13397e-03 8.78577e-03 8.50953e-03 8.31670e-03 8.13259e-03 7.83810e-03 7.44183e-03 6.95214e-03 6.46086e-03 6.00175e-03 5.56342e-03 5.15173e-03 4.75773e-03 4.37588e-03 4.00386e-03 3.64767e-03 3.37019e-03 3.16170e-03 2.83537e-03 2.44883e-03 2.26101e-03 2.23497e-03 2.17255e-03 1.98111e-03 1.71415e-03 1.48166e-03 1.31861e-03 1.19602e-03 1.09358e-03 1.00577e-03 9.29011e-04 8.59405e-04 7.93837e-04 7.30808e-04 6.70455e-04 6.13838e-04 5.61988e-04 5.15318e-04 4.73782e-04 4.37342e-04 4.06161e-04 3.80310e-04 3.59236e-04 3.41496e-04 3.24692e-04 3.06249e-04 2.85771e-04 2.66056e-04 2.49164e-04 2.33847e-04 2.18564e-04 2.03150e-04 1.87811e-04 1.72588e-04 1.57433e-04 1.42265e-04 1.27006e-04 1.11638e-04 9.62393e-05 8.09746e-05 6.61161e-05 5.20727e-05 3.93472e-05 2.84044e-05 1.95294e-05 1.27609e-05 7.91845e-06 4.67937e-06 2.66583e-06 1.50920e-06 8.72197e-07 4.78099e-07 1.94932e-07 4.23562e-08 3.48501e-09 4.50474e-11
24.009160 3.33867e-04 3.13584e-03 7.00352e-03 9.23013e-03 1.05477e-02 1.08839e-02 1.00643e-02 9.24643e-03 9.07533e-03 9.35278e-03 9.60199e-03 9.54685e-03 9.26591e-03 8.95707e-03 8.74603e-03 8.63776e-03 8.57383e-03 8.51964e-03 8.40619e-03 8.17149e-03 7.90510e-03 7.76800e-03 7.81516e-03 7.97845e-03 8.16909e-03 8.35857e-03 8.56819e-03 8.80578e-03 9.03196e-03 9.22481e-03 9.42892e-03 9.68858e-03 9.92259e-03 1.00233e-02 9.95373e-03 9.77722e-03 9.61196e-03 9.52002e-03 9.53146e-03 9.63249e-03 9.82342e-03 1.01401e-02 1.04911e-02 1.06489e-02 1.05493e-02 1.03209e-02 1.00468e-02 9.73245e-03 9.42910e-03 9.15773e-03 8.93708e-03 8.79805e-03 8.67729e-03 8.47786e-03 8.21519e-03 8.05600e-03 8.06060e-03 8.06333e-03 7.86145e-03 7.42708e-03 6.84254e-03 6.20779e-03 5.64420e-03 5.17368e-03 4.75419e-03 4.35619e-03 3.99443e-03 3.66204e-03 3.28760e-03 2.89386e-03 2.56228e-03 2.30052e-03 2.06119e-03 1.82666e-03 1.62763e-03 1.47594e-03 1.35541e-03 1.25433e-03 1.16872e-03 1.09630e-03 1.03547e-03 9.84868e-04 9.42810e-04 9.07235e-04 8.76407e-04 8.49528e-04 8.26521e-04 8.07005e-04 7.89303e-04 7.70565e-04 7.48400e-04 7.22813e-04 6.95864e-04 6.69218e-04 6.42742e-04 6.15401e-04 5.86684e-04 5.56431e-04 5.23830e-04 4.87988e-04 4.50645e-04 4.16536e-04 3.88239e-04 3.63789e-04 3.40531e-04 3.17561e-04 2.94792e-04 2.72074e-04 2.49154e-04 2.25840e-04 2.02086e-04 1.78021e-04 1.53900e-04 1.30023e-04 1.06696e-04 8.42992e-05 6.34157e-05 4.48551e-05 2.94397e-05 1.76701e-05 9.53688e-06 4.55159e-06 1.89511e-06 6.70149e-07 1.81200e-07 2.90804e-08 1.96977e-09 1.68645e-11
24.259255 3.21338e-04 2.76217e-03 6.25886e-03 8.84632e-03 1.00086e-02 1.00404e-02 9.82266e-03 9.97718e-03 1.01098e-02 9.90043e-03 9.81778e-03 9.80949e-03 9.52754e-03 9.09141e-03 8.81736e-03 8.77655e-03 8.80417e-03 8.76917e-03 8.68245e-03 8.58745e-03 8.52441e-03 8.53080e-03 8.59870e-03 8.70205e-03 8.83986e-03 9.00283e-03 9.13518e-03 9.15632e-03 9.07921e-03 9.02147e-03 9.02791e-03 9.03984e-03 9.07224e-03 9.15768e-03 9.24958e-03 9.31540e-03 9.45717e-03 9.80736e-03 1.02224e-02 1.04957e-02 1.06417e-02 1.07023e-02 1.06921e-02 1.06202e-02 1.04927e-02 1.02626e-02 9.92048e-03 9.61678e-03 9.37432e-03 9.11355e-03 8.85433e-03 8.57079e-03 8.30208e-03 8.09323e-03 7.94268e-03 7.78674e-03 7.52146e-03 7.16478e-03 6.77735e-03 6.39251e-03 6.02338e-03 5.66196e-03 5.28856e-03 4.89009e-03 4.48437e-03 4.11269e-03 3.79589e-03 3.52296e-03 3.27123e-03 3.02485e-03 2.78184e-03 2.55006e-03 2.33159e-03 2.12229e-03 1.92273e-03 1.74233e-03 1.59049e-03 1.46773e-03 1.36394e-03 1.26995e-03 1.18450e-03 1.10917e-03 1.04458e-03 9.90346e-04 9.45518e-04 9.08437e-04 8.76458e-04 8.46228e-04 8.14931e-04 7.81794e-04 7.48444e-04 7.17612e-04 6.91318e-04 6.69947e-04 6.52486e-04 6.37272e-04 6.22569e-04 6.06794e-04 5.88698e-04 5.67622e-04 5.43351e-04 5.14760e-04 4.80543e-04 4.43733e-04 4.09555e-04 3.79238e-04 3.51515e-04 3.25442e-04 3.00640e-04 2.76999e-04 2.54149e-04 2.31390e-04 2.07950e-04 1.83313e-04 1.57441e-04 1.30753e-04 1.03974e-04 7.80699e-05 5.43156e-05 3.42162e-05 1.90255e-05 9.11889e-06 3.71484e-06 1.26377e-06 3.22726e-07 4.57226e-08 2.25595e-09 1.25805e-11
24.509351 3.00378e-04 3.32535e-03 7.54076e-03 9.70735e-03 1.10785e-02 1.17832e-02 1.09488e-02 9.80555e-03 9.03957e-03 8.74254e-03 8.85763e-03 9.12794e-03 9.38493e-03 9.50629e-03 9.44564e-03 9.21597e-03 8.93221e-03 8.70884e-03 8.55313e-03 8.48293e-03 8.49884e-03 8.55274e-03 8.60760e-03 8.65606e-03 8.67155e-03 8.63956e-03 8.60215e-03 8.59515e-03 8.63838e-03 8.75204e-03 8.92440e-03 9.09895e-03 9.30205e-03 9.47896e-03 9.37846e-03 9.05588e-03 8.76458e-03 8.59866e-03 8.55047e-03 8.59130e-03 8.72466e-03 9.01075e-03 9.48407e-03 1.00107e-02 1.03298e-02 1.02630e-02 9.91862e-03 9.58770e-03 9.37220e-03 9.16801e-03 8.90177e-03 8.59506e-03 8.29867e-03 8.01850e-03 7.73405e-03 7.51117e-03 7.32633e-03 7.07025e-03 6.69131e-03 6.20969e-03 5.71212e-03 5.30909e-03 5.01708e-03 4.77906e-03 4.55671e-03 4.34445e-03 4.14608e-03 3.96089e-03 3.78811e-03 3.63258e-03 3.50351e-03 3.40968e-03 3.35061e-03 3.29792e-03 3.16263e-03 2.79594e-03 2.19938e-03 1.70401e-03 1.44070e-03 1.28468e-03 1.17188e-03 1.08259e-03 1.00777e-03 9.42275e-04 8.83506e-04 8.30821e-04 7.84466e-04 7.44423e-04 7.10064e-04 6.80348e-04 6.54057e-04 6.30013e-04 6.07254e-04 5.85069e-04 5.62935e-04 5.40476e-04 5.17471e-04 4.93802e-04 4.69357e-04 4.44070e-04 4.18218e-04 3.92607e-04 3.68108e-04 3.44758e-04 3.21762e-04 2.98674e-04 2.75740e-04 2.53217e-04 2.30996e-04 2.08650e-04 1.86082e-04 1.64054e-04 1.43472e-04 1.24642e-04 1.07208e-04 9.04939e-05 7.41028e-05 5.81135e-05 4.29057e-05 2.90844e-05 1.74985e-05 8.99792e-06 3.85085e-06 1.36591e-06 3.82217e-07 6.48551e-08 3.74200e-09 2.24376e-11
24.759446 2.44477e-04 4.49795e-03 9.21391e-03 9.78511e-03 9.17332e-03 8.61965e-03 8.34291e-03 8.22349e-03 8.21853e-03 8.41226e-03 8.59926e-03 8.59379e-03 8.43845e-03 8.32064e-03 8.31169e-03 8.30238e-03 8.26290e-03 8.24437e-03 8.25798e-03 8.27750e-03 8.31671e-03 8.40163e-03 8.52713e-03 8.67877e-03 8.85739e-03 9.09214e-03 9.33994e-03 9.47080e-03 9.49544e-03 9.46093e-03 9.41343e-03 9.44252e-03 9.54974e-03 9.60183e-03 9.51149e-03 9.36809e-03 9.20127e-03 8.94700e-03 8.65546e-03 8.49781e-03 8.53031e-03 8.61716e-03 8.75297e-03 8.97701e-03 9.27765e-03 9.63788e-03 1.00139e-02 1.02873e-02 1.02740e-02 9.89991e-03 9.31203e-03 8.74846e-03 8.35740e-03 8.14548e-03 8.04197e-03 7.94849e-03 7.80302e-03 7.59096e-03 7.30133e-03 6.94674e-03 6.58266e-03 6.26659e-03 6.01582e-03 5.82925e-03 5.71953e-03 5.71217e-03 5.81203e-03 5.97218e-03 6.09443e-03 6.04389e-03 5.70711e-03 5.07155e-03 4.22726e-03 3.30642e-03 2.42960e-03 1.75965e-03 1.43547e-03 1.26869e-03 1.13940e-03 1.03371e-03 9.45154e-04 8.70216e-04 8.07067e-04 7.53911e-04 7.08898e-04 6.70467e-04 6.37415e-04 6.08714e-04 5.83432e-04 5.60834e-04 5.40331e-04 5.21379e-04 5.03492e-04 4.86340e-04 4.69805e-04 4.53882e-04 4.38395e-04 4.22778e-04 4.06160e-04 3.87587e-04 3.66195e-04 3.41501e-04 3.13836e-04 2.84440e-04 2.54922e-04 2.26586e-04 2.00279e-04 1.76549e-04 1.55589e-04 1.37034e-04 1.20064e-04 1.03925e-04 8.84095e-05 7.37886e-05 6.04125e-05 4.84569e-05 3.79181e-05 2.87165e-05 2.07752e-05 1.40686e-05 8.65377e-06 4.64145e-06 2.06818e-06 7.33842e-07 1.98950e-07 3.44518e-08 2.21317e-09 1.34376e-11
25.009542 2.06355e-04 3.76060e-03 7.30516e-03 8.13048e-03 7.99351e-03 7.54163e-03 7.29392e-03 7.37584e-03 7.65212e-03 7.94280e-03 8.02009e-03 7.90371e-03 7.82860e-03 7.84533e-03 7.92121e-03 8.05099e-03 8.22235e-03 8.41931e-03 8.56857e-03 8.59274e-03 8.59453e-03 8.65643e-03 8.77083e-03 8.92441e-03 9.02212e-03 9.09220e-03 9.25915e-03 9.35999e-03 9.35719e-03 9.36353e-03 9.32314e-03 9.16110e-03 8.99860e-03 9.03828e-03 9.30794e-03 9.57601e-03 9.69004e-03 9.64228e-03 9.55471e-03 9.56111e-03 9.58744e-03 9.52415e-03 9.39681e-03 9.31372e-03 9.42335e-03 9.77108e-03 1.01900e-02 1.04859e-02 1.06071e-02 1.05992e-02 1.05378e-02 1.04665e-02 1.03396e-02 1.01149e-02 9.84060e-03 9.57919e-03 9.33927e-03 9.09484e-03 8.83789e-03 8.60471e-03 8.44640e-03 8.38939e-03 8.38673e-03 8.30373e-03 8.01126e-03 7.51150e-03 6.86137e-03 6.12717e-03 5.37011e-03 4.60391e-03 3.81268e-03 3.01073e-03 2.26202e-03 1.74645e-03 1.51272e-03 1.37458e-03 1.25958e-03 1.15883e-03 1.07038e-03 9.93204e-04 9.25934e-04 8.67046e-04 8.14965e-04 7.68095e-04 7.25015e-04 6.84719e-04 6.46594e-04 6.10105e-04 5.74818e-04 5.40855e-04 5.09022e-04 4.80294e-04 4.55091e-04 4.33086e-04 4.13601e-04 3.96038e-04 3.80020e-04 3.65368e-04 3.52147e-04 3.40724e-04 3.31481e-04 3.24147e-04 3.17384e-04 3.09395e-04 2.99079e-04 2.86181e-04 2.70244e-04 2.49895e-04 2.23897e-04 1.93300e-04 1.61894e-04 1.33795e-04 1.10880e-04 9.25734e-05 7.73568e-05 6.40718e-05 5.22891e-05 4.19671e-05 3.29339e-05 2.48134e-05 1.73507e-05 1.07028e-05 5.42551e-06 2.04410e-06 4.95174e-07 6.22237e-08 2.82200e-09 1.88778e-11
25.259637 2.01029e-04 2.83637e-03 6.18770e-03 7.81756e-03 7.90320e-03 7.58534e-03 7.53548e-03 7.65815e-03 7.72876e-03 7.61294e-03 7.38066e-03 7.15455e-03 7.00332e-03 7.05722e-03 7.30897e-03 7.61482e-03 7.87867e-03 8.09575e-03 8.30082e-03 8.51469e-03 8.72547e-03 8.86852e-03 8.87607e-03 8.80323e-03 8.78626e-03 8.80514e-03 8.75396e-03 8.65218e-03 8.51585e-03 8.39220e-03 8.32987e-03 8.30432e-03 8.43076e-03 8.80580e-03 9.39688e-03 1.00432e-02 1.04136e-02 1.03543e-02 1.01524e-02 1.00158e-02 9.95424e-03 9.97060e-03 1.00779e-02 1.02993e-02 1.06486e-02 1.10880e-02 1.15321e-02 1.18723e-02 1.20088e-02 1.19670e-02 1.18807e-02 1.18294e-02 1.18363e-02 1.18994e-02 1.20297e-02 1.22334e-02 1.24280e-02 1.24615e-02 1.21461e-02 1.13214e-02 1.00500e-02 8.71661e-03 7.66429e-03 6.90356e-03 6.37038e-03 5.96866e-03 5.46147e-03 4.70421e-03 3.81392e-03 3.05966e-03 2.58374e-03 2.25976e-03 1.98363e-03 1.74134e-03 1.53411e-03 1.35752e-03 1.20744e-03 1.08163e-03 9.76373e-04 8.87312e-04 8.12257e-04 7.51416e-04 7.05281e-04 6.72687e-04 6.50695e-04 6.35771e-04 6.24785e-04 6.15244e-04 6.05060e-04 5.92258e-04 5.75283e-04 5.54161e-04 5.31034e-04 5.08762e-04 4.89031e-04 4.71922e-04 4.56690e-04 4.42509e-04 4.28780e-04 4.15087e-04 4.00887e-04 3.85479e-04 3.68704e-04 3.51360e-04 3.34053e-04 3.16251e-04 2.96927e-04 2.75368e-04 2.51521e-04 2.26483e-04 2.02673e-04 1.82814e-04 1.67889e-04 1.55262e-04 1.40587e-04 1.23192e-04 1.06105e-04 9.08637e-05 7.66344e-05 6.28703e-05 4.97414e-05 3.69710e-05 2.41306e-05 1.23837e-05 4.21285e-06 7.00121e-07 3.15406e-08 1.34533e-10
25.509732 1.74441e-04 2.89823e-03 6.31084e-03 7.54832e-03 7.67859e-03 7.52373e-03 7.12911e-03 6.69541e-03 6.40502e-03 6.27905e-03 6.35012e-03 6.62704e-03 6.96243e-03 7.27524e-03 7.64982e-03 8.02749e-03 8.31429e-03 8.48583e-03 8.56519e-03 8.63210e-03 8.79884e-03 9.04001e-03 9.05919e-03 8.81784e-03 8.62091e-03 8.56371e-03 8.51036e-03 8.44415e-03 8.51585e-03 8.86147e-03 9.45231e-03 1.01037e-02 1.05985e-02 1.08164e-02 1.08258e-02 1.07823e-02 1.08026e-02 1.09216e-02 1.11101e-02 1.13178e-02 1.15250e-02 1.17547e-02 1.20335e-02 1.23557e-02 1.26933e-02 1.30394e-02 1.34050e-02 1.37832e-02 1.41639e-02 1.45459e-02 1.48631e-02 1.49658e-02 1.47019e-02 1.39371e-02 1.27665e-02 1.16057e-02 1.06993e-02 9.93869e-03 9.14875e-03 8.30452e-03 7.49523e-03 6.72856e-03 5.93742e-03 5.12147e-03 4.45844e-03 4.01236e-03 3.62317e-03 3.22938e-03 2.89004e-03 2.62241e-03 2.39155e-03 2.18857e-03 2.02115e-03 1.88250e-03 1.75427e-03 1.62599e-03 1.49867e-03 1.37697e-03 1.26472e-03 1.16459e-03 1.07814e-03 1.00530e-03 9.44248e-04 8.92554e-04 8.48387e-04 8.10862e-04 7.79612e-04 7.54243e-04 7.33653e-04 7.15670e-04 6.97561e-04 6.76458e-04 6.49457e-04 6.17280e-04 5.85985e-04 5.59264e-04 5.35622e-04 5.14307e-04 4.96261e-04 4.82006e-04 4.71066e-04 4.62369e-04 4.54338e-04 4.44454e-04 4.29194e-04 4.05301e-04 3.71702e-04 3.30286e-04 2.85253e-04 2.41746e-04 2.03161e-04 1.69488e-04 1.39854e-04 1.14223e-04 9.28963e-05 7.61592e-05 6.41296e-05 5.63410e-05 5.13306e-05 4.73141e-05 4.37309e-05 4.00231e-05 3.34835e-05 2.22039e-05 9.61342e-06 1.99601e-06 1.12755e-07 6.62763e-10
25.759828 1.44381e-04 2.76904e-03 5.79920e-03 7.17420e-03 7.59715e-03 7.05139e-03 6.30805e-03 6.09761e-03 6.39519e-03 6.73335e-03 6.76218e-03 6.61027e-03 6.55545e-03 6.69425e-03 7.03487e-03 7.53045e-03 8.02603e-03 8.36634e-03 8.56273e-03 8.68003e-03 8.71225e-03 8.68560e-03 8.62115e-03 8.48069e-03 8.37016e-03 8.44175e-03 8.75059e-03 9.27372e-03 9.92121e-03 1.05339e-02 1.09417e-02 1.11486e-02 1.13406e-02 1.15872e-02 1.18243e-02 1.20755e-02 1.24162e-02 1.28373e-02 1.32510e-02 1.36002e-02 1.39187e-02 1.42653e-02 1.46893e-02 1.52350e-02 1.58875e-02 1.64793e-02 1.67040e-02 1.63156e-02 1.54303e-02 1.44564e-02 1.35845e-02 1.28164e-02 1.21574e-02 1.16007e-02 1.10796e-02 1.04555e-02 9.57115e-03 8.33674e-03 7.01021e-03 6.09665e-03 5.59085e-03 5.24389e-03 4.92685e-03 4.54359e-03 4.03111e-03 3.43693e-03 2.90146e-03 2.52029e-03 2.27365e-03 2.09306e-03 1.93408e-03 1.79836e-03 1.70472e-03 1.64699e-03 1.60345e-03 1.55900e-03 1.50530e-03 1.43793e-03 1.35677e-03 1.26555e-03 1.17018e-03 1.07682e-03 9.90235e-04 9.13407e-04 8.47792e-04 7.93532e-04 7.49522e-04 7.13528e-04 6.82670e-04 6.54412e-04 6.27187e-04 6.00311e-04 5.74128e-04 5.50378e-04 5.31462e-04 5.18295e-04 5.08421e-04 4.97434e-04 4.83617e-04 4.69811e-04 4.58556e-04 4.48455e-04 4.36497e-04 4.20746e-04 4.00695e-04 3.76627e-04 3.49036e-04 3.18508e-04 2.85876e-04 2.52586e-04 2.20492e-04 1.90917e-04 1.64513e-04 1.41516e-04 1.21483e-04 1.03086e-04 8.45469e-05 6.48826e-05 4.50896e-05 2.76432e-05 1.48110e-05 7.38065e-06 4.12356e-06 2.71723e-06 1.53352e-06 4.56654e-07 3.62842e-08 2.94004e-10
26.009923 1.61851e-04 2.30327e-03 5.21349e-03 6.96313e-03 7.59926e-03 7.35590e-03 6.86171e-03 6.46512e-03 6.21877e-03 6.15423e-03 6.21540e-03 6.33068e-03 6.47612e-03 6.64643e-03 6.82264e-03 7.00463e-03 7.25123e-03 7.61430e-03 8.02719e-03 8.28123e-03 8.31909e-03 8.32051e-03 8.44751e-03 8.75932e-03 9.21756e-03 9.74196e-03 1.02499e-02 1.06800e-02 1.10193e-02 1.13013e-02 1.15730e-02 1.18859e-02 1.23074e-02 1.28920e-02 1.36439e-02 1.45312e-02 1.55274e-02 1.66695e-02 1.79207e-02 1.85686e-02 1.78613e-02 1.65766e-02 1.55378e-02 1.47487e-02 1.41128e-02 1.36062e-02 1.32301e-02 1.29650e-02 1.27777e-02 1.26472e-02 1.25246e-02 1.22530e-02 1.15714e-02 1.03917e-02 9.09034e-03 8.01986e-03 7.14440e-03 6.40462e-03 5.81050e-03 5.35448e-03 5.00957e-03 4.73948e-03 4.49399e-03 4.21821e-03 3.86788e-03 3.43873e-03 3.00308e-03 2.63072e-03 2.32636e-03 2.07208e-03 1.85325e-03 1.68844e-03 1.57453e-03 1.48471e-03 1.41144e-03 1.35551e-03 1.31457e-03 1.28222e-03 1.25021e-03 1.21233e-03 1.16554e-03 1.10883e-03 1.04249e-03 9.68856e-04 8.92445e-04 8.17583e-04 7.46145e-04 6.79038e-04 6.19075e-04 5.70565e-04 5.36429e-04 5.16009e-04 5.05737e-04 5.01547e-04 4.99929e-04 4.97886e-04 4.93314e-04 4.85434e-04 4.74666e-04 4.62055e-04 4.48467e-04 4.33918e-04 4.17562e-04 3.98477e-04 3.76690e-04 3.53429e-04 3.30291e-04 3.08147e-04 2.86893e-04 2.66050e-04 2.45523e-04 2.25760e-04 2.07213e-04 1.89405e-04 1.70778e-04 1.51384e-04 1.32060e-04 1.12077e-04 8.94583e-05 6.26467e-05 3.56632e-05 1.62123e-05 6.17505e-06 2.11097e-06 6.26713e-07 1.19955e-07 8.51197e-09 7.99878e-11
26.260019 2.14272e-04 2.14069e-03 5.28622e-03 7.97028e-03 8.97707e-03 8.60495e-03 7.99465e-03 7.20210e-03 6.31672e-03 5.77620e-03 5.64683e-03 5.72359e-03 5.93324e-03 6.29561e-03 6.76231e-03 7.27120e-03 7.65161e-03 7.75666e-03 7.83642e-03 8.11304e-03 8.60126e-03 9.20982e-03 9.79416e-03 1.03078e-02 1.08362e-02 1.14551e-02 1.21277e-02 1.27899e-02 1.34914e-02 1.43350e-02 1.54565e-02 1.67709e-02 1.69738e-02 1.59258e-02 1.50933e-02 1.46520e-02 1.44027e-02 1.42477e-02 1.41632e-02 1.41277e-02 1.40594e-02 1.38697e-02 1.35798e-02 1.32376e-02 1.28374e-02 1.24201e-02 1.20623e-02 1.17888e-02 1.15285e-02 1.11071e-02 1.04261e-02 9.62856e-03 8.85492e-03 8.15720e-03 7.53189e-03 6.95253e-03 6.41332e-03 5.92231e-03 5.48647e-03 5.10631e-03 4.77439e-03 4.47940e-03 4.21286e-03 3.96358e-03 3.71227e-03 3.43780e-03 3.12819e-03 2.79680e-03 2.48324e-03 2.21703e-03 1.99835e-03 1.81387e-03 1.66135e-03 1.54786e-03 1.45960e-03 1.37680e-03 1.29700e-03 1.22644e-03 1.16764e-03 1.11777e-03 1.07267e-03 1.02898e-03 9.85008e-04 9.41823e-04 9.00343e-04 8.56134e-04 8.02819e-04 7.42432e-04 6.84459e-04 6.34007e-04 5.89855e-04 5.51231e-04 5.20083e-04 4.98705e-04 4.87389e-04 4.83814e-04 4.84047e-04 4.84493e-04 4.83341e-04 4.80010e-04 4.73445e-04 4.61678e-04 4.43052e-04 4.17464e-04 3.86541e-04 3.52956e-04 3.19695e-04 2.89651e-04 2.65251e-04 2.47801e-04 2.36368e-04 2.27430e-04 2.16805e-04 2.02089e-04 1.83082e-04 1.60845e-04 1.36919e-04 1.12931e-04 9.05388e-05 7.05836e-05 5.23988e-05 3.42443e-05 1.76661e-05 6.92821e-06 1.96542e-06 3.21130e-07 1.77813e-08 1.41071e-10
26.510114 2.97385e-04 2.99753e-03 7.74989e-03 1.08283e-02 1.10018e-02 9.79712e-03 7.98268e-03 6.19311e-03 5.20377e-03 5.01955e-03 5.23592e-03 5.70285e-03 6.22852e-03 6.51824e-03 6.77404e-03 7.19423e-03 7.69312e-03 8.16563e-03 8.58536e-03 9.01645e-03 9.55576e-03 1.02808e-02 1.12653e-02 1.25549e-02 1.41373e-02 1.55902e-02 1.61261e-02 1.56275e-02 1.47788e-02 1.42081e-02 1.38559e-02 1.34912e-02 1.31193e-02 1.28282e-02 1.26151e-02 1.24683e-02 1.23883e-02 1.23683e-02 1.23973e-02 1.24652e-02 1.25548e-02 1.26518e-02 1.27473e-02 1.27795e-02 1.26544e-02 1.23297e-02 1.18434e-02 1.12663e-02 1.06521e-02 1.00477e-02 9.47634e-03 8.93728e-03 8.41504e-03 7.88975e-03 7.35313e-03 6.82312e-03 6.32175e-03 5.86119e-03 5.44842e-03 5.08415e-03 4.76204e-03 4.47303e-03 4.20985e-03 3.96615e-03 3.73395e-03 3.50410e-03 3.26741e-03 3.01652e-03 2.75153e-03 2.48503e-03 2.23765e-03 2.02535e-03 1.84700e-03 1.69058e-03 1.55215e-03 1.43769e-03 1.34620e-03 1.26522e-03 1.18674e-03 1.11234e-03 1.04527e-03 9.85029e-04 9.29925e-04 8.79007e-04 8.28768e-04 7.76675e-04 7.27516e-04 6.85899e-04 6.49973e-04 6.16033e-04 5.81774e-04 5.45972e-04 5.08322e-04 4.69852e-04 4.33068e-04 4.01512e-04 3.79118e-04 3.69375e-04 3.73335e-04 3.87659e-04 4.06039e-04 4.22839e-04 4.34689e-04 4.39288e-04 4.33825e-04 4.15942e-04 3.86492e-04 3.49460e-04 3.09546e-04 2.71818e-04 2.42016e-04 2.24747e-04 2.19536e-04 2.17232e-04 2.08195e-04 1.92006e-04 1.69792e-04 1.41698e-04 1.11184e-04 8.24750e-05 5.80718e-05 3.88597e-05 2.43514e-05 1.32855e-05 5.20896e-06 1.03818e-06 6.06070e-08 4.77078e-10
26.760209 4.26955e-04 4.97061e-03 1.08928e-02 1.22491e-02 1.07798e-02 8.35045e-03 6.04845e-03 4.96014e-03 4.78270e-03 4.94808e-03 5.31069e-03 5.76501e-03 6.20498e-03 6.56586e-03 6.85249e-03 7.15010e-03 7.53648e-03 8.02927e-03 8.64677e-03 9.40905e-03 1.02753e-02 1.11468e-02 1.20032e-02 1.28537e-02 1.34458e-02 1.35945e-02 1.35533e-02 1.35143e-02 1.34213e-02 1.33085e-02 1.32609e-02 1.32387e-02 1.32045e-02 1.31477e-02 1.30526e-02 1.29264e-02 1.27928e-02 1.26677e-02 1.25661e-02 1.25012e-02 1.24720e-02 1.24506e-02 1.23801e-02 1.22370e-02 1.20719e-02 1.18748e-02 1.15667e-02 1.11242e-02 1.05707e-02 9.97246e-03 9.39163e-03 8.85831e-03 8.36928e-03 7.90168e-03 7.43440e-03 6.95876e-03 6.47562e-03 6.00780e-03 5.57029e-03 5.15949e-03 4.77397e-03 4.41751e-03 4.09606e-03 3.81230e-03 3.56301e-03 3.34056e-03 3.13437e-03 2.93143e-03 2.72073e-03 2.50384e-03 2.29774e-03 2.11533e-03 1.95881e-03 1.82313e-03 1.69753e-03 1.57493e-03 1.45755e-03 1.35087e-03 1.25805e-03 1.18060e-03 1.11549e-03 1.05655e-03 1.00005e-03 9.45651e-04 8.93897e-04 8.45991e-04 8.02638e-04 7.61686e-04 7.20600e-04 6.78454e-04 6.35319e-04 5.91614e-04 5.47860e-04 5.04535e-04 4.62018e-04 4.20594e-04 3.80461e-04 3.41958e-04 3.06399e-04 2.77169e-04 2.59863e-04 2.60805e-04 2.83292e-04 3.20525e-04 3.55164e-04 3.74063e-04 3.77685e-04 3.72469e-04 3.62752e-04 3.49163e-04 3.32160e-04 3.14797e-04 2.99746e-04 2.86207e-04 2.69398e-04 2.44371e-04 2.11865e-04 1.76013e-04 1.39574e-04 1.04926e-04 7.46464e-05 5.02327e-05 3.16741e-05 1.77492e-05 7.43436e-06 1.61043e-06 9.89597e-08 7.64996e-10
27.010305 5.92288e-04 5.49948e-03 1.12506e-02 1.24409e-02 9.96388e-03 6.94162e-03 5.40830e-03 4.98542e-03 5.03636e-03 5.27676e-03 5.56142e-03 5.85477e-03 6.18801e-03 6.57164e-03 6.98906e-03 7.48882e-03 8.12235e-03 8.80980e-03 9.41499e-03 9.96163e-03 1.06590e-02 1.15892e-02 1.24434e-02 1.28230e-02 1.28074e-02 1.27109e-02 1.25979e-02 1.24052e-02 1.21947e-02 1.20659e-02 1.20481e-02 1.21222e-02 1.22732e-02 1.24895e-02 1.26977e-02 1.27750e-02 1.27036e-02 1.25715e-02 1.24362e-02 1.22878e-02 1.21029e-02 1.18988e-02 1.17029e-02 1.15023e-02 1.12882e-02 1.11257e-02 1.10513e-02 1.09367e-02 1.06012e-02 1.00484e-02 9.44637e-03 8.88320e-03 8.35591e-03 7.85786e-03 7.37781e-03 6.89670e-03 6.41073e-03 5.93155e-03 5.47275e-03 5.03746e-03 4.63012e-03 4.27221e-03 3.97117e-03 3.71807e-03 3.49966e-03 3.30266e-03 3.11461e-03 2.92771e-03 2.73859e-03 2.55022e-03 2.37040e-03 2.20452e-03 2.05979e-03 1.94086e-03 1.84152e-03 1.75076e-03 1.66094e-03 1.57123e-03 1.48847e-03 1.41883e-03 1.35857e-03 1.29970e-03 1.23838e-03 1.17506e-03 1.11275e-03 1.05426e-03 9.98726e-04 9.43448e-04 8.87147e-04 8.30017e-04 7.72709e-04 7.16044e-04 6.60918e-04 6.08007e-04 5.57518e-04 5.09237e-04 4.62784e-04 4.17884e-04 3.74759e-04 3.34592e-04 2.99256e-04 2.69897e-04 2.46547e-04 2.29507e-04 2.19882e-04 2.20114e-04 2.31513e-04 2.50382e-04 2.74303e-04 3.06072e-04 3.43868e-04 3.79389e-04 4.08543e-04 4.32544e-04 4.49999e-04 4.52290e-04 4.26174e-04 3.65442e-04 2.78388e-04 1.85290e-04 1.08281e-04 5.72111e-05 2.91533e-05 1.59990e-05 7.55423e-06 1.76664e-06 1.10372e-07 8.32056e-10
27.260400 7.04387e-04 5.46676e-03 1.12246e-02 1.15362e-02 8.10549e-03 5.72812e-03 4.97631e-03 4.92755e-03 5.07529e-03 5.24517e-03 5.50920e-03 5.94971e-03 6.52948e-03 7.18121e-03 7.83402e-03 8.37582e-03 8.73268e-03 8.94181e-03 9.18735e-03 9.84704e-03 1.10513e-02 1.21417e-02 1.24558e-02 1.21366e-02 1.16681e-02 1.13959e-02 1.13175e-02 1.13000e-02 1.13033e-02 1.13313e-02 1.14111e-02 1.15792e-02 1.18304e-02 1.21030e-02 1.23155e-02 1.24323e-02 1.24612e-02 1.23945e-02 1.22285e-02 1.20091e-02 1.17934e-02 1.15976e-02 1.14058e-02 1.12099e-02 1.10119e-02 1.08031e-02 1.05759e-02 1.03370e-02 1.00847e-02 9.80056e-03 9.46013e-03 9.08076e-03 8.72381e-03 8.37624e-03 7.91768e-03 7.35449e-03 6.78261e-03 6.23919e-03 5.73589e-03 5.27981e-03 4.87404e-03 4.52162e-03 4.22180e-03 3.97025e-03 3.76169e-03 3.59045e-03 3.44963e-03 3.33158e-03 3.22197e-03 3.09604e-03 2.94047e-03 2.76764e-03 2.60023e-03 2.45739e-03 2.33695e-03 2.22708e-03 2.12293e-03 2.02256e-03 1.92492e-03 1.83279e-03 1.74875e-03 1.66764e-03 1.58106e-03 1.49030e-03 1.40318e-03 1.32303e-03 1.24914e-03 1.18072e-03 1.11752e-03 1.05906e-03 1.00427e-03 9.51526e-04 8.98984e-04 8.44820e-04 7.87565e-04 7.26779e-04 6.63820e-04 6.01607e-04 5.42871e-04 4.88551e-04 4.38005e-04 3.90199e-04 3.44768e-04 3.02228e-04 2.63715e-04 2.31241e-04 2.06936e-04 1.91426e-04 1.84006e-04 1.84512e-04 1.93626e-04 2.10802e-04 2.33582e-04 2.60601e-04 2.92263e-04 3.26870e-04 3.59866e-04 3.84175e-04 3.88661e-04 3.62017e-04 3.00559e-04 2.09565e-04 1.07120e-04 3.13308e-05 3.88405e-06 4.64784e-07 4.90546e-08 5.30718e-10
27.510496 7.47999e-04 5.25767e-03 1.01092e-02 9.31025e-03 6.23073e-03 4.82967e-03 4.58449e-03 4.62858e-03 4.81702e-03 5.21504e-03 5.79443e-03 6.45998e-03 7.08868e-03 7.55939e-03 7.83636e-03 7.99753e-03 8.13438e-03 8.31572e-03 8.72380e-03 9.50534e-03 1.04487e-02 1.11301e-02 1.13083e-02 1.11595e-02 1.10023e-02 1.09749e-02 1.10338e-02 1.10845e-02 1.10941e-02 1.11120e-02 1.12020e-02 1.13869e-02 1.16744e-02 1.20624e-02 1.24715e-02 1.27793e-02 1.29417e-02 1.29743e-02 1.28898e-02 1.26982e-02 1.24197e-02 1.20913e-02 1.17413e-02 1.13830e-02 1.10309e-02 1.06974e-02 1.03888e-02 1.01068e-02 9.84487e-03 9.58532e-03 9.31499e-03 9.01702e-03 8.65736e-03 8.23626e-03 7.78491e-03 7.32931e-03 6.90253e-03 6.54368e-03 6.26844e-03 5.97750e-03 5.55888e-03 5.09925e-03 4.69155e-03 4.34507e-03 4.05088e-03 3.80712e-03 3.61652e-03 3.47268e-03 3.35945e-03 3.24382e-03 3.08233e-03 2.87930e-03 2.68337e-03 2.51681e-03 2.37115e-03 2.24408e-03 2.14108e-03 2.05177e-03 1.96564e-03 1.89437e-03 1.84919e-03 1.81729e-03 1.77786e-03 1.72328e-03 1.65495e-03 1.57657e-03 1.49507e-03 1.41826e-03 1.34994e-03 1.28929e-03 1.23340e-03 1.17953e-03 1.12599e-03 1.07195e-03 1.01708e-03 9.61626e-04 9.06586e-04 8.53172e-04 8.01661e-04 7.51470e-04 7.02663e-04 6.56565e-04 6.13956e-04 5.73217e-04 5.31571e-04 4.88040e-04 4.43775e-04 3.99896e-04 3.56847e-04 3.15096e-04 2.75616e-04 2.40016e-04 2.09860e-04 1.86167e-04 1.70122e-04 1.62969e-04 1.66352e-04 1.83162e-04 2.12497e-04 2.44606e-04 2.68431e-04 2.73181e-04 2.44075e-04 1.75822e-04 8.63950e-05 2.04089e-05 1.35355e-06 1.35280e-08
27.760591 7.06643e-04 4.21649e-03 7.58458e-03 7.10312e-03 5.28708e-03 4.39746e-03 4.23099e-03 4.44998e-03 4.89961e-03 5.47889e-03 6.11757e-03 6.72519e-03 7.18185e-03 7.44841e-03 7.63141e-03 7.81510e-03 7.94837e-03 8.03382e-03 8.22513e-03 8.65304e-03 9.30344e-03 1.00290e-02 1.05667e-02 1.07357e-02 1.06856e-02 1.06693e-02 1.07602e-02 1.09143e-02 1.10383e-02 1.11026e-02 1.11983e-02 1.13956e-02 1.16808e-02 1.20530e-02 1.25498e-02 1.30954e-02 1.35077e-02 1.36851e-02 1.36444e-02 1.34408e-02 1.31322e-02 1.27813e-02 1.24255e-02 1.20760e-02 1.17284e-02 1.13748e-02 1.10156e-02 1.06711e-02 1.03660e-02 1.00803e-02 9.77235e-03 9.41851e-03 8.98955e-03 8.48455e-03 7.93566e-03 7.37782e-03 6.84940e-03 6.37758e-03 5.96922e-03 5.61342e-03 5.29284e-03 4.99278e-03 4.70970e-03 4.45607e-03 4.25704e-03 4.10413e-03 3.91099e-03 3.67875e-03 3.47706e-03 3.29901e-03 3.11321e-03 2.91932e-03 2.72555e-03 2.52795e-03 2.35141e-03 2.21780e-03 2.12604e-03 2.05363e-03 1.97729e-03 1.90401e-03 1.84749e-03 1.80105e-03 1.75313e-03 1.69990e-03 1.64135e-03 1.57864e-03 1.51289e-03 1.44410e-03 1.37152e-03 1.29462e-03 1.21428e-03 1.13388e-03 1.05818e-03 9.90375e-04 9.31395e-04 8.81523e-04 8.41563e-04 8.11827e-04 7.90565e-04 7.74150e-04 7.59045e-04 7.43290e-04 7.25804e-04 7.05665e-04 6.82859e-04 6.57203e-04 6.26742e-04 5.90099e-04 5.48775e-04 5.05562e-04 4.61585e-04 4.15833e-04 3.67620e-04 3.18484e-04 2.71842e-04 2.31313e-04 1.99122e-04 1.75266e-04 1.57366e-04 1.41174e-04 1.23014e-04 1.04052e-04 8.71179e-05 6.84548e-05 4.28546e-05 1.47011e-05 1.42660e-06 2.06027e-08
28.010686 5.99405e-04 3.18931e-03 5.56050e-03 5.59755e-03 4.79982e-03 4.47340e-03 4.55661e-03 4.82934e-03 5.19487e-03 5.63493e-03 6.16607e-03 6.76412e-03 7.31592e-03 7.70609e-03 7.92245e-03 8.00165e-03 8.02211e-03 8.07499e-03 8.20012e-03 8.41122e-03 8.75806e-03 9.32201e-03 1.00323e-02 1.05589e-02 1.06897e-02 1.06497e-02 1.07081e-02 1.08723e-02 1.10682e-02 1.12673e-02 1.15036e-02 1.18103e-02 1.21626e-02 1.25621e-02 1.30371e-02 1.34953e-02 1.37307e-02 1.36681e-02 1.34222e-02 1.31233e-02 1.28281e-02 1.25577e-02 1.23288e-02 1.21263e-02 1.19074e-02 1.16431e-02 1.13466e-02 1.10360e-02 1.07145e-02 1.03967e-02 1.00641e-02 9.64028e-03 9.09746e-03 8.50031e-03 7.91037e-03 7.35615e-03 6.85001e-03 6.39170e-03 5.97350e-03 5.59283e-03 5.25265e-03 4.95022e-03 4.67574e-03 4.42159e-03 4.18662e-03 3.97097e-03 3.77119e-03 3.58197e-03 3.40106e-03 3.23417e-03 3.08756e-03 2.94803e-03 2.77594e-03 2.57242e-03 2.41045e-03 2.31016e-03 2.24323e-03 2.18249e-03 2.11273e-03 2.03615e-03 1.95985e-03 1.88086e-03 1.79812e-03 1.71945e-03 1.64960e-03 1.58484e-03 1.51951e-03 1.44961e-03 1.37300e-03 1.28992e-03 1.20275e-03 1.11479e-03 1.02944e-03 9.50072e-04 8.79632e-04 8.18243e-04 7.61997e-04 7.06341e-04 6.49039e-04 5.93095e-04 5.47403e-04 5.17160e-04 5.01108e-04 4.95470e-04 4.95373e-04 4.97800e-04 5.02481e-04 5.10553e-04 5.21746e-04 5.29597e-04 5.21554e-04 4.89319e-04 4.37226e-04 3.78389e-04 3.24912e-04 2.81775e-04 2.49731e-04 2.29319e-04 2.19021e-04 2.12802e-04 2.01400e-04 1.76262e-04 1.34351e-04 8.21797e-05 3.48603e-05 7.61735e-06 4.92959e-07 4.59020e-09
28.260782 4.45278e-04 2.36410e-03 3.99565e-03 4.34111e-03 4.24686e-03 4.31642e-03 4.62002e-03 5.00839e-03 5.38650e-03 5.81208e-03 6.38955e-03 7.11067e-03 7.83032e-03 8.39377e-03 8.67242e-03 8.66025e-03 8.53565e-03 8.47880e-03 8.53052e-03 8.66611e-03 8.89713e-03 9.24351e-03 9.72481e-03 1.03472e-02 1.09770e-02 1.13585e-02 1.14717e-02 1.15318e-02 1.16525e-02 1.18696e-02 1.21639e-02 1.24734e-02 1.27670e-02 1.30467e-02 1.32776e-02 1.34280e-02 1.34893e-02 1.34320e-02 1.32690e-02 1.30729e-02 1.28737e-02 1.26595e-02 1.24393e-02 1.22225e-02 1.20043e-02 1.17685e-02 1.14867e-02 1.11343e-02 1.07179e-02 1.02728e-02 9.80564e-03 9.31564e-03 8.82914e-03 8.34633e-03 7.85595e-03 7.36670e-03 6.89312e-03 6.44192e-03 6.01488e-03 5.61435e-03 5.25121e-03 4.93429e-03 4.65892e-03 4.41409e-03 4.18754e-03 3.96898e-03 3.75418e-03 3.54639e-03 3.35393e-03 3.18006e-03 3.01333e-03 2.83336e-03 2.63279e-03 2.44918e-03 2.33188e-03 2.26586e-03 2.21865e-03 2.17458e-03 2.11657e-03 2.03055e-03 1.93662e-03 1.84727e-03 1.73080e-03 1.60570e-03 1.51909e-03 1.45675e-03 1.39989e-03 1.34802e-03 1.29916e-03 1.25089e-03 1.20262e-03 1.15454e-03 1.10641e-03 1.05714e-03 1.00441e-03 9.43835e-04 8.71329e-04 7.88578e-04 7.00570e-04 6.14853e-04 5.43548e-04 4.87187e-04 4.42624e-04 4.07339e-04 3.78503e-04 3.54394e-04 3.34601e-04 3.19252e-04 3.07971e-04 3.00283e-04 2.95588e-04 2.93795e-04 2.93680e-04 2.91351e-04 2.81679e-04 2.63043e-04 2.41211e-04 2.23780e-04 2.12682e-04 2.06486e-04 2.01195e-04 1.87256e-04 1.53756e-04 1.00763e-04 4.53213e-05 1.01139e-05 6.20952e-07 4.58254e-09
28.510877 3.05596e-04 1.78152e-03 3.14222e-03 3.66693e-03 3.73027e-03 3.76096e-03 4.03208e-03 4.59852e-03 5.38392e-03 6.23404e-03 6.97199e-03 7.51837e-03 7.91847e-03 8.22230e-03 8.44439e-03 8.58753e-03 8.69045e-03 8.85139e-03 9.10934e-03 9.39869e-03 9.67609e-03 1.00099e-02 1.04412e-02 1.09750e-02 1.14914e-02 1.19131e-02 1.22724e-02 1.25075e-02 1.25901e-02 1.25702e-02 1.24660e-02 1.23152e-02 1.22075e-02 1.21815e-02 1.22448e-02 1.24063e-02 1.26277e-02 1.28450e-02 1.30274e-02 1.31780e-02 1.32764e-02 1.32738e-02 1.31632e-02 1.29816e-02 1.27508e-02 1.24443e-02 1.20062e-02 1.14165e-02 1.07604e-02 1.01533e-02 9.62186e-03 9.15614e-03 8.72712e-03 8.30650e-03 7.88004e-03 7.44083e-03 6.99232e-03 6.54980e-03 6.12999e-03 5.73550e-03 5.36725e-03 5.02416e-03 4.70515e-03 4.41951e-03 4.16476e-03 3.92141e-03 3.67884e-03 3.44065e-03 3.21215e-03 2.99252e-03 2.77301e-03 2.54371e-03 2.31340e-03 2.13523e-03 2.03433e-03 1.96548e-03 1.89590e-03 1.82231e-03 1.74537e-03 1.66928e-03 1.61092e-03 1.57697e-03 1.51394e-03 1.39826e-03 1.31500e-03 1.26655e-03 1.21559e-03 1.16664e-03 1.12759e-03 1.09789e-03 1.07494e-03 1.05645e-03 1.03979e-03 1.02102e-03 9.95589e-04 9.60371e-04 9.14813e-04 8.59433e-04 7.92583e-04 7.07547e-04 6.03878e-04 5.01363e-04 4.24483e-04 3.73351e-04 3.33477e-04 2.98149e-04 2.68850e-04 2.47301e-04 2.32302e-04 2.21190e-04 2.11966e-04 2.04212e-04 1.98963e-04 1.97107e-04 1.97515e-04 1.98315e-04 1.98474e-04 1.95607e-04 1.87545e-04 1.76914e-04 1.66741e-04 1.55248e-04 1.33894e-04 9.34307e-05 4.38790e-05 1.01503e-05 6.54732e-07 5.70546e-09
28.760973 2.35344e-04 1.63845e-03 3.19153e-03 3.94567e-03 4.18627e-03 4.35644e-03 4.52791e-03 4.71181e-03 5.06774e-03 5.65576e-03 6.31750e-03 6.87343e-03 7.30284e-03 7.69883e-03 8.11849e-03 8.53845e-03 8.92884e-03 9.31555e-03 9.71519e-03 1.01150e-02 1.05218e-02 1.10024e-02 1.15651e-02 1.19891e-02 1.23050e-02 1.27337e-02 1.32334e-02 1.35661e-02 1.34515e-02 1.28528e-02 1.21075e-02 1.15865e-02 1.13359e-02 1.12423e-02 1.12949e-02 1.15336e-02 1.19393e-02 1.24260e-02 1.29033e-02 1.33289e-02 1.36907e-02 1.39368e-02 1.39970e-02 1.38509e-02 1.35159e-02 1.30235e-02 1.24298e-02 1.17894e-02 1.11109e-02 1.04436e-02 9.85875e-03 9.34746e-03 8.88175e-03 8.42688e-03 7.96031e-03 7.50074e-03 7.06527e-03 6.64092e-03 6.20802e-03 5.78675e-03 5.41681e-03 5.07129e-03 4.72634e-03 4.40412e-03 4.09639e-03 3.78854e-03 3.48666e-03 3.19685e-03 2.92068e-03 2.65937e-03 2.40661e-03 2.14585e-03 1.90087e-03 1.74939e-03 1.67709e-03 1.61875e-03 1.55816e-03 1.49684e-03 1.43716e-03 1.39174e-03 1.37229e-03 1.34596e-03 1.26603e-03 1.18212e-03 1.13201e-03 1.08758e-03 1.04049e-03 9.97046e-04 9.60299e-04 9.29290e-04 9.00275e-04 8.69369e-04 8.34521e-04 7.95672e-04 7.54087e-04 7.11698e-04 6.70562e-04 6.31841e-04 5.95392e-04 5.61394e-04 5.27853e-04 4.88219e-04 4.38442e-04 3.73518e-04 3.05647e-04 2.60632e-04 2.35928e-04 2.20105e-04 2.08801e-04 1.99190e-04 1.89267e-04 1.78559e-04 1.67549e-04 1.57323e-04 1.49267e-04 1.43530e-04 1.38609e-04 1.32543e-04 1.23624e-04 1.11095e-04 9.60103e-05 8.05389e-05 6.55424e-05 4.91270e-05 2.87777e-05 8.44315e-06 6.26603e-07 5.70474e-09
29.011068 2.11464e-04 2.07616e-03 4.21151e-03 5.57061e-03 5.96475e-03 5.69286e-03 5.38590e-03 5.36398e-03 5.57662e-03 5.88778e-03 6.25236e-03 6.62921e-03 6.98500e-03 7.34309e-03 7.71949e-03 8.13401e-03 8.60648e-03 9.11905e-03 9.63919e-03 1.01736e-02 1.07594e-02 1.13997e-02 1.20032e-02 1.25521e-02 1.31202e-02 1.34471e-02 1.34126e-02 1.31991e-02 1.28837e-02 1.23746e-02 1.18705e-02 1.15963e-02 1.14454e-02 1.13529e-02 1.13727e-02 1.15432e-02 1.18815e-02 1.23576e-02 1.28761e-02 1.33250e-02 1.36307e-02 1.37735e-02 1.37472e-02 1.35643e-02 1.32703e-02 1.29214e-02 1.25119e-02 1.19450e-02 1.12602e-02 1.05920e-02 9.97993e-03 9.42927e-03 8.92836e-03 8.45557e-03 7.99652e-03 7.54150e-03 7.08209e-03 6.61109e-03 6.13961e-03 5.71047e-03 5.34021e-03 4.98540e-03 4.65193e-03 4.32354e-03 3.98233e-03 3.63409e-03 3.28489e-03 2.94164e-03 2.61808e-03 2.32658e-03 2.05543e-03 1.78118e-03 1.54934e-03 1.43592e-03 1.39674e-03 1.36778e-03 1.33448e-03 1.29595e-03 1.25985e-03 1.24353e-03 1.21755e-03 1.14892e-03 1.08927e-03 1.05311e-03 1.01432e-03 9.69937e-04 9.22697e-04 8.73773e-04 8.26059e-04 7.82528e-04 7.43797e-04 7.08350e-04 6.74215e-04 6.40168e-04 6.05873e-04 5.71918e-04 5.39954e-04 5.12117e-04 4.90094e-04 4.74426e-04 4.63776e-04 4.54891e-04 4.44781e-04 4.30162e-04 4.01003e-04 3.55203e-04 3.10522e-04 2.77932e-04 2.53539e-04 2.32874e-04 2.15357e-04 1.98489e-04 1.79089e-04 1.57019e-04 1.33788e-04 1.10652e-04 8.89227e-05 7.01988e-05 5.52717e-05 4.34284e-05 3.32167e-05 2.37872e-05 1.54012e-05 8.81324e-06 4.24759e-06 1.33119e-06 1.34632e-07 1.79909e-09
29.261164 2.06987e-04 2.77304e-03 5.80055e-03 7.40959e-03 7.70215e-03 7.15140e-03 6.55983e-03 6.25920e-03 6.17016e-03 6.22555e-03 6.39322e-03 6.58023e-03 6.72023e-03 6.85102e-03 7.04659e-03 7.35509e-03 7.77134e-03 8.27773e-03 8.88987e-03 9.62740e-03 1.04328e-02 1.11345e-02 1.15578e-02 1.16683e-02 1.17343e-02 1.20326e-02 1.24550e-02 1.26557e-02 1.24438e-02 1.19649e-02 1.15559e-02 1.14046e-02 1.15303e-02 1.19858e-02 1.26761e-02 1.31727e-02 1.32620e-02 1.32298e-02 1.32785e-02 1.33283e-02 1.32849e-02 1.31745e-02 1.30801e-02 1.29893e-02 1.28119e-02 1.25347e-02 1.21382e-02 1.15886e-02 1.10027e-02 1.04708e-02 9.97826e-03 9.50800e-03 9.05009e-03 8.58631e-03 8.10670e-03 7.61942e-03 7.13514e-03 6.65601e-03 6.17917e-03 5.72883e-03 5.34445e-03 4.99952e-03 4.66790e-03 4.32827e-03 3.97196e-03 3.60848e-03 3.24858e-03 2.89998e-03 2.56718e-03 2.24988e-03 1.93941e-03 1.63758e-03 1.39445e-03 1.26833e-03 1.22616e-03 1.20631e-03 1.18940e-03 1.17018e-03 1.13502e-03 1.09094e-03 1.05537e-03 1.02426e-03 9.91453e-04 9.58428e-04 9.26276e-04 8.93540e-04 8.58055e-04 8.18646e-04 7.75998e-04 7.32554e-04 6.91219e-04 6.53966e-04 6.21512e-04 5.93660e-04 5.69622e-04 5.48507e-04 5.29935e-04 5.13437e-04 4.97361e-04 4.79692e-04 4.59877e-04 4.39246e-04 4.20161e-04 4.05025e-04 3.95483e-04 3.88579e-04 3.77677e-04 3.61117e-04 3.16317e-04 2.54827e-04 2.14223e-04 1.88996e-04 1.69885e-04 1.54785e-04 1.39069e-04 1.20196e-04 9.91399e-05 7.77713e-05 5.79458e-05 4.10080e-05 2.73928e-05 1.67757e-05 8.81174e-06 3.58633e-06 1.00876e-06 1.88555e-07 2.30955e-08 5.64361e-10
29.511259 2.64707e-04 2.66851e-03 5.79531e-03 7.78326e-03 8.30990e-03 7.80294e-03 7.10721e-03 6.57083e-03 6.22428e-03 6.05781e-03 6.03158e-03 6.08162e-03 6.20624e-03 6.44611e-03 6.78470e-03 7.16749e-03 7.58229e-03 8.07480e-03 8.69188e-03 9.38312e-03 9.99797e-03 1.04233e-02 1.06324e-02 1.06433e-02 1.06310e-02 1.08176e-02 1.12922e-02 1.18557e-02 1.21417e-02 1.21622e-02 1.21527e-02 1.21447e-02 1.21680e-02 1.23099e-02 1.25782e-02 1.29719e-02 1.35347e-02 1.42553e-02 1.48188e-02 1.47969e-02 1.43381e-02 1.38675e-02 1.34870e-02 1.31366e-02 1.28325e-02 1.25446e-02 1.21232e-02 1.15335e-02 1.09304e-02 1.04564e-02 1.00851e-02 9.74258e-03 9.38978e-03 9.00820e-03 8.58044e-03 8.10530e-03 7.59745e-03 7.08630e-03 6.59627e-03 6.11745e-03 5.64259e-03 5.21117e-03 4.84204e-03 4.48708e-03 4.10125e-03 3.68910e-03 3.27009e-03 2.86919e-03 2.51165e-03 2.20540e-03 1.92222e-03 1.63169e-03 1.36470e-03 1.18461e-03 1.09992e-03 1.06140e-03 1.03064e-03 1.00286e-03 9.80681e-04 9.56308e-04 9.25374e-04 8.91861e-04 8.59301e-04 8.27950e-04 7.97197e-04 7.66928e-04 7.37274e-04 7.08026e-04 6.78504e-04 6.47978e-04 6.16139e-04 5.83347e-04 5.50771e-04 5.20156e-04 4.92865e-04 4.69156e-04 4.48879e-04 4.32212e-04 4.19203e-04 4.09390e-04 4.02042e-04 3.96176e-04 3.90195e-04 3.82298e-04 3.71654e-04 3.59354e-04 3.47885e-04 3.38192e-04 3.25941e-04 3.08351e-04 2.85106e-04 2.38531e-04 1.87283e-04 1.55315e-04 1.38877e-04 1.25636e-04 1.09547e-04 9.24561e-05 7.52587e-05 5.85187e-05 4.37141e-05 3.11719e-05 2.00023e-05 1.04296e-05 3.74407e-06 6.75242e-07 3.78413e-08 4.36066e-10
29.761354 3.20365e-04 2.42601e-03 5.84911e-03 8.05027e-03 8.04106e-03 7.18017e-03 6.45603e-03 5.95565e-03 5.64161e-03 5.47924e-03 5.43836e-03 5.55051e-03 5.80984e-03 6.15070e-03 6.51138e-03 6.85957e-03 7.21284e-03 7.61887e-03 8.12073e-03 8.75023e-03 9.46194e-03 1.00829e-02 1.04633e-02 1.06756e-02 1.08656e-02 1.10611e-02 1.12858e-02 1.15674e-02 1.18597e-02 1.20563e-02 1.22144e-02 1.23838e-02 1.25178e-02 1.26731e-02 1.29301e-02 1.32426e-02 1.36014e-02 1.40440e-02 1.45688e-02 1.51117e-02 1.55833e-02 1.57621e-02 1.54286e-02 1.47250e-02 1.39671e-02 1.32711e-02 1.25782e-02 1.19199e-02 1.12692e-02 1.06588e-02 1.02343e-02 9.97945e-03 9.77933e-03 9.54196e-03 9.19967e-03 8.74766e-03 8.23539e-03 7.72587e-03 7.24255e-03 6.76555e-03 6.26768e-03 5.73804e-03 5.19976e-03 4.69968e-03 4.25990e-03 3.85103e-03 3.42801e-03 2.99153e-03 2.58621e-03 2.24278e-03 1.95889e-03 1.70820e-03 1.46642e-03 1.25561e-03 1.11004e-03 1.02333e-03 9.67726e-04 9.22898e-04 8.79788e-04 8.38842e-04 8.01602e-04 7.68013e-04 7.37518e-04 7.09580e-04 6.83687e-04 6.59243e-04 6.35688e-04 6.12726e-04 5.90347e-04 5.68584e-04 5.47309e-04 5.26289e-04 5.05288e-04 4.84001e-04 4.61981e-04 4.38897e-04 4.15063e-04 3.91482e-04 3.69127e-04 3.48448e-04 3.29617e-04 3.12998e-04 2.99262e-04 2.89021e-04 2.82323e-04 2.78221e-04 2.74749e-04 2.70086e-04 2.63643e-04 2.54817e-04 2.41395e-04 2.21922e-04 1.98528e-04 1.74249e-04 1.51158e-04 1.31048e-04 1.14907e-04 1.00125e-04 8.25886e-05 6.46616e-05 4.89202e-05 3.56206e-05 2.41729e-05 1.38009e-05 5.62191e-06 1.19352e-06 6.91006e-08 4.13315e-10
30.011450 3.06573e-04 2.67955e-03 6.05405e-03 7.24024e-03 6.66824e-03 6.03604e-03 5.66558e-03 5.41366e-03 5.23242e-03 5.10146e-03 5.07521e-03 5.23233e-03 5.55019e-03 5.94897e-03 6.35218e-03 6.71819e-03 7.06228e-03 7.41903e-03 7.79944e-03 8.24739e-03 8.90778e-03 9.83442e-03 1.08387e-02 1.16629e-02 1.21636e-02 1.23744e-02 1.23920e-02 1.23710e-02 1.24457e-02 1.26068e-02 1.28038e-02 1.30073e-02 1.31753e-02 1.33243e-02 1.35297e-02 1.37709e-02 1.40302e-02 1.43524e-02 1.47516e-02 1.51578e-02 1.54569e-02 1.56076e-02 1.56225e-02 1.54648e-02 1.50082e-02 1.41090e-02 1.29618e-02 1.20655e-02 1.15114e-02 1.10276e-02 1.05259e-02 1.01103e-02 9.86892e-03 9.67903e-03 9.40452e-03 9.04018e-03 8.63169e-03 8.18885e-03 7.68183e-03 7.10600e-03 6.49550e-03 5.88276e-03 5.29455e-03 4.74910e-03 4.24792e-03 3.80022e-03 3.42726e-03 3.10326e-03 2.78188e-03 2.45250e-03 2.13404e-03 1.84972e-03 1.60851e-03 1.39714e-03 1.21845e-03 1.08809e-03 1.00056e-03 9.36557e-04 8.84238e-04 8.38539e-04 7.97406e-04 7.60005e-04 7.25686e-04 6.93860e-04 6.64177e-04 6.36491e-04 6.10683e-04 5.86520e-04 5.63608e-04 5.41510e-04 5.19905e-04 4.98676e-04 4.77836e-04 4.57400e-04 4.37259e-04 4.17104e-04 3.96511e-04 3.75176e-04 3.53061e-04 3.30334e-04 3.07306e-04 2.84454e-04 2.62439e-04 2.41974e-04 2.23613e-04 2.07683e-04 1.94264e-04 1.82885e-04 1.72368e-04 1.61561e-04 1.50228e-04 1.39073e-04 1.29137e-04 1.21024e-04 1.14189e-04 1.06917e-04 9.78063e-05 8.69152e-05 7.45670e-05 6.15870e-05 4.87044e-05 3.60849e-05 2.45567e-05 1.44791e-05 6.35970e-06 1.49573e-06 9.90601e-08 7.42079e-10
30.261545 2.69481e-04 2.30224e-03 4.87695e-03 5.66732e-03 5.45625e-03 5.26374e-03 5.12678e-03 4.96967e-03 4.81027e-03 4.73101e-03 4.81083e-03 5.05096e-03 5.41052e-03 5.84372e-03 6.29459e-03 6.71839e-03 7.10187e-03 7.45880e-03 7.80416e-03 8.16381e-03 8.64813e-03 9.41146e-03 1.04975e-02 1.17172e-02 1.27528e-02 1.34308e-02 1.37266e-02 1.37552e-02 1.37555e-02 1.39005e-02 1.41579e-02 1.44012e-02 1.45741e-02 1.46832e-02 1.47763e-02 1.48716e-02 1.49897e-02 1.51983e-02 1.54735e-02 1.56752e-02 1.56986e-02 1.55466e-02 1.52260e-02 1.47182e-02 1.40651e-02 1.33565e-02 1.26923e-02 1.21242e-02 1.16197e-02 1.12323e-02 1.09524e-02 1.06497e-02 1.02939e-02 9.91529e-03 9.51751e-03 9.11588e-03 8.70970e-03 8.26559e-03 7.72865e-03 7.07816e-03 6.39289e-03 5.75165e-03 5.16237e-03 4.62028e-03 4.12362e-03 3.68127e-03 3.30845e-03 2.97525e-03 2.67553e-03 2.42615e-03 2.20250e-03 1.97042e-03 1.73859e-03 1.52703e-03 1.34163e-03 1.19246e-03 1.09590e-03 1.03833e-03 9.92726e-04 9.46828e-04 8.97351e-04 8.45935e-04 7.96392e-04 7.51391e-04 7.10916e-04 6.73403e-04 6.37800e-04 6.04218e-04 5.73108e-04 5.44520e-04 5.18073e-04 4.93235e-04 4.69521e-04 4.46588e-04 4.24236e-04 4.02344e-04 3.80734e-04 3.59047e-04 3.36726e-04 3.13234e-04 2.88500e-04 2.63251e-04 2.38794e-04 2.16252e-04 1.95923e-04 1.77479e-04 1.60697e-04 1.45763e-04 1.32965e-04 1.22007e-04 1.11920e-04 1.02001e-04 9.26187e-05 8.47769e-05 7.87265e-05 7.36216e-05 6.87227e-05 6.37267e-05 5.80096e-05 5.08731e-05 4.23470e-05 3.30464e-05 2.35793e-05 1.45721e-05 6.87428e-06 1.86118e-06 1.66483e-07 2.19279e-09
30.511641 2.40589e-04 1.67311e-03 3.56610e-03 4.47911e-03 4.65999e-03 4.66516e-03 4.60989e-03 4.55312e-03 4.54927e-03 4.63829e-03 4.82231e-03 5.08738e-03 5.43120e-03 5.82701e-03 6.20438e-03 6.51686e-03 6.79840e-03 7.11902e-03 7.52658e-03 8.06271e-03 8.74623e-03 9.52072e-03 1.03927e-02 1.14803e-02 1.27519e-02 1.39364e-02 1.47660e-02 1.51431e-02 1.51613e-02 1.50773e-02 1.51345e-02 1.53400e-02 1.55918e-02 1.58473e-02 1.61090e-02 1.63805e-02 1.65921e-02 1.66462e-02 1.64678e-02 1.61026e-02 1.56921e-02 1.52598e-02 1.47020e-02 1.39884e-02 1.32245e-02 1.25462e-02 1.20680e-02 1.18870e-02 1.18841e-02 1.17396e-02 1.14348e-02 1.10880e-02 1.06566e-02 1.01581e-02 9.68560e-03 9.26583e-03 8.88060e-03 8.48861e-03 7.96453e-03 7.23967e-03 6.48605e-03 5.81181e-03 5.19180e-03 4.61216e-03 4.08965e-03 3.63536e-03 3.24241e-03 2.89597e-03 2.58665e-03 2.31382e-03 2.08735e-03 1.90927e-03 1.75143e-03 1.58827e-03 1.42480e-03 1.27215e-03 1.14946e-03 1.07677e-03 1.02673e-03 9.78448e-04 9.29939e-04 8.81659e-04 8.34338e-04 7.88878e-04 7.46029e-04 7.06168e-04 6.68507e-04 6.31663e-04 5.95064e-04 5.59134e-04 5.24681e-04 4.92357e-04 4.62449e-04 4.34906e-04 4.09494e-04 3.85962e-04 3.64097e-04 3.43631e-04 3.24032e-04 3.04279e-04 2.82928e-04 2.58937e-04 2.33272e-04 2.09412e-04 1.90399e-04 1.75578e-04 1.62617e-04 1.50830e-04 1.40206e-04 1.29865e-04 1.19378e-04 1.09417e-04 1.00542e-04 9.24166e-05 8.42055e-05 7.53574e-05 6.58505e-05 5.59460e-05 4.60401e-05 3.66381e-05 2.81606e-05 2.07625e-05 1.43991e-05 8.98871e-06 4.50828e-06 1.33062e-06 1.37496e-07 2.24568e-09
30.761736 2.17506e-04 1.34515e-03 2.90185e-03 3.92558e-03 4.26666e-03 4.33066e-03 4.36853e-03 4.43249e-03 4.53450e-03 4.70414e-03 4.93965e-03 5.23300e-03 5.59498e-03 5.98396e-03 6.28730e-03 6.48433e-03 6.68974e-03 7.00516e-03 7.48970e-03 8.15540e-03 8.90915e-03 9.79005e-03 1.09121e-02 1.21021e-02 1.29619e-02 1.35223e-02 1.41462e-02 1.47409e-02 1.50851e-02 1.52114e-02 1.53439e-02 1.56071e-02 1.60184e-02 1.65335e-02 1.70340e-02 1.73838e-02 1.74640e-02 1.72087e-02 1.67074e-02 1.61206e-02 1.55351e-02 1.49582e-02 1.43812e-02 1.37933e-02 1.31977e-02 1.26519e-02 1.22403e-02 1.20422e-02 1.21028e-02 1.22324e-02 1.20834e-02 1.16295e-02 1.10677e-02 1.05069e-02 9.99320e-03 9.55165e-03 9.16206e-03 8.72936e-03 8.11838e-03 7.38822e-03 6.65669e-03 5.97510e-03 5.34495e-03 4.75750e-03 4.22728e-03 3.77312e-03 3.38137e-03 3.01185e-03 2.66306e-03 2.35197e-03 2.08362e-03 1.86541e-03 1.69986e-03 1.56572e-03 1.43591e-03 1.30141e-03 1.16442e-03 1.05127e-03 9.74389e-04 9.12795e-04 8.59789e-04 8.12946e-04 7.70062e-04 7.30224e-04 6.93186e-04 6.58709e-04 6.26219e-04 5.94623e-04 5.63484e-04 5.33254e-04 5.04344e-04 4.76645e-04 4.49833e-04 4.23735e-04 3.98406e-04 3.74000e-04 3.50645e-04 3.28389e-04 3.07179e-04 2.86786e-04 2.66688e-04 2.46090e-04 2.24539e-04 2.03384e-04 1.86103e-04 1.74520e-04 1.66362e-04 1.59524e-04 1.54678e-04 1.52840e-04 1.51588e-04 1.46771e-04 1.37448e-04 1.25319e-04 1.12058e-04 9.84989e-05 8.47499e-05 7.05122e-05 5.57556e-05 4.12790e-05 2.84108e-05 1.81385e-05 1.06265e-05 5.52879e-06 2.34828e-06 6.18971e-07 5.99282e-08 9.09648e-10
