# tg_mhd (CUDA FP64)  tgc_noslip_cond_n256_re500  N=256 Re=500 h=1.23199712e-02 delta=4.47213595e-02 delta/h=3.629989 layers=128
# layer k: the nodes k cells from the nearest wall, i.e. the slab [(k-1/2)h, (k+1/2)h] ([0, h/2] for k = 0)
# row 'vol': each layer's share of the volume; then per probe: t and each layer's share of eps
# vol 1.171863e-02 2.316189e-02 2.279714e-02 2.243529e-02 2.207634e-02 2.172027e-02 2.136711e-02 2.101683e-02 2.066946e-02 2.032497e-02 1.998338e-02 1.964469e-02 1.930889e-02 1.897599e-02 1.864598e-02 1.831887e-02 1.799465e-02 1.767332e-02 1.735489e-02 1.703936e-02 1.672672e-02 1.641697e-02 1.611012e-02 1.580617e-02 1.550511e-02 1.520694e-02 1.491167e-02 1.461929e-02 1.432981e-02 1.404323e-02 1.375953e-02 1.347874e-02 1.320084e-02 1.292583e-02 1.265372e-02 1.238450e-02 1.211817e-02 1.185475e-02 1.159421e-02 1.133657e-02 1.108183e-02 1.082998e-02 1.058103e-02 1.033497e-02 1.009180e-02 9.851535e-03 9.614160e-03 9.379681e-03 9.148095e-03 8.919405e-03 8.693610e-03 8.470709e-03 8.250703e-03 8.033592e-03 7.819376e-03 7.608054e-03 7.399628e-03 7.194096e-03 6.991459e-03 6.791717e-03 6.594869e-03 6.400917e-03 6.209859e-03 6.021696e-03 5.836428e-03 5.654055e-03 5.474576e-03 5.297992e-03 5.124304e-03 4.953510e-03 4.785610e-03 4.620606e-03 4.458496e-03 4.299282e-03 4.142962e-03 3.989536e-03 3.839006e-03 3.691371e-03 3.546630e-03 3.404784e-03 3.265833e-03 3.129777e-03 2.996615e-03 2.866349e-03 2.738977e-03 2.614500e-03 2.492918e-03 2.374230e-03 2.258438e-03 2.145540e-03 2.035537e-03 1.928429e-03 1.824215e-03 1.722897e-03 1.624473e-03 1.528944e-03 1.436310e-03 1.346571e-03 1.259727e-03 1.175777e-03 1.094722e-03 1.016562e-03 9.412971e-04 8.689267e-04 7.994512e-04 7.328705e-04 6.691846e-04 6.083935e-04 5.504972e-04 4.954957e-04 4.433890e-04 3.941772e-04 3.478602e-04 3.044380e-04 2.639106e-04 2.262780e-04 1.915402e-04 1.596973e-04 1.307491e-04 1.046958e-04 8.153727e-05 6.127357e-05 4.390468e-05 2.943061e-05 1.785135e-05 9.166912e-06 3.377283e-06 4.824690e-07
0.000000 7.77364e-01 1.73313e-01 7.93849e-04 7.95562e-04 7.97780e-04 8.00398e-04 8.03311e-04 8.06417e-04 8.09617e-04 8.12815e-04 8.15916e-04 8.18834e-04 8.21485e-04 8.23793e-04 8.25687e-04 8.27105e-04 8.27989e-04 8.28291e-04 8.27971e-04 8.26996e-04 8.25342e-04 8.22991e-04 8.19937e-04 8.16177e-04 8.11718e-04 8.06573e-04 8.00763e-04 7.94312e-04 7.87251e-04 7.79616e-04 7.71446e-04 7.62781e-04 7.53667e-04 7.44149e-04 7.34272e-04 7.24082e-04 7.13625e-04 7.02943e-04 6.92076e-04 6.81064e-04 6.69940e-04 6.58734e-04 6.47475e-04 6.36182e-04 6.24874e-04 6.13564e-04 6.02259e-04 5.90964e-04 5.79678e-04 5.68396e-04 5.57110e-04 5.45810e-04 5.34481e-04 5.23107e-04 5.11672e-04 5.00157e-04 4.88544e-04 4.76816e-04 4.64954e-04 4.52945e-04 4.40774e-04 4.28432e-04 4.15912e-04 4.03209e-04 3.90324e-04 3.77262e-04 3.64029e-04 3.50640e-04 3.37110e-04 3.23462e-04 3.09719e-04 2.95910e-04 2.82068e-04 2.68227e-04 2.54424e-04 2.40700e-04 2.27094e-04 2.13649e-04 2.00406e-04 1.87408e-04 1.74694e-04 1.62305e-04 1.50278e-04 1.38647e-04 1.27445e-04 1.16699e-04 1.06436e-04 9.66765e-05 8.74363e-05 7.87285e-05 7.05610e-05 6.29376e-05 5.58577e-05 4.93164e-05 4.33051e-05 3.78112e-05 3.28190e-05 2.83094e-05 2.42610e-05 2.06497e-05 1.74500e-05 1.46347e-05 1.21757e-05 1.00444e-05 8.21197e-06 6.64995e-06 5.33036e-06 4.22622e-06 3.31171e-06 2.56244e-06 1.95568e-06 1.47045e-06 1.08762e-06 7.90020e-07 5.62375e-07 3.91318e-07 2.65314e-07 1.74553e-07 1.10838e-07 6.74325e-08 3.89075e-08 2.09769e-08 1.03322e-08 4.48272e-09 1.60670e-09 4.18878e-10 5.83975e-11 1.48326e-12
0.049896 3.97558e-01 3.63928e-01 9.59534e-02 9.92429e-03 2.28070e-03 2.22510e-03 2.22677e-03 2.23461e-03 2.24389e-03 2.25288e-03 2.26163e-03 2.26990e-03 2.27746e-03 2.28407e-03 2.28956e-03 2.29374e-03 2.29644e-03 2.29754e-03 2.29691e-03 2.29447e-03 2.29013e-03 2.28386e-03 2.27562e-03 2.26542e-03 2.25327e-03 2.23919e-03 2.22326e-03 2.20554e-03 2.18611e-03 2.16507e-03 2.14254e-03 2.11863e-03 2.09347e-03 2.06718e-03 2.03990e-03 2.01176e-03 1.98287e-03 1.95337e-03 1.92337e-03 1.89297e-03 1.86226e-03 1.83134e-03 1.80027e-03 1.76912e-03 1.73792e-03 1.70672e-03 1.67554e-03 1.64438e-03 1.61324e-03 1.58209e-03 1.55090e-03 1.51965e-03 1.48828e-03 1.45676e-03 1.42502e-03 1.39303e-03 1.36072e-03 1.32805e-03 1.29498e-03 1.26145e-03 1.22743e-03 1.19291e-03 1.15785e-03 1.12227e-03 1.08616e-03 1.04954e-03 1.01244e-03 9.74896e-04 9.36967e-04 8.98713e-04 8.60211e-04 8.21544e-04 7.82806e-04 7.44097e-04 7.05525e-04 6.67201e-04 6.29240e-04 5.91760e-04 5.54876e-04 5.18705e-04 4.83359e-04 4.48945e-04 4.15565e-04 3.83313e-04 3.52274e-04 3.22524e-04 2.94129e-04 2.67144e-04 2.41611e-04 2.17561e-04 1.95013e-04 1.73974e-04 1.54441e-04 1.36396e-04 1.19815e-04 1.04660e-04 9.08868e-05 7.84422e-05 6.72660e-05 5.72922e-05 4.84499e-05 4.06647e-05 3.38595e-05 2.79562e-05 2.28760e-05 1.85411e-05 1.48751e-05 1.18042e-05 9.25783e-06 7.16919e-06 5.47585e-06 4.12016e-06 3.04945e-06 2.21627e-06 1.57836e-06 1.09865e-06 7.45047e-07 4.90224e-07 3.11276e-07 1.89349e-07 1.09225e-07 5.88692e-08 2.89851e-08 1.25703e-08 4.50374e-09 1.17376e-09 1.63599e-10 4.15471e-12
0.099792 2.89715e-01 3.44737e-01 1.50437e-01 3.74245e-02 6.85189e-03 3.06671e-03 2.91804e-03 2.93243e-03 2.94383e-03 2.95612e-03 2.96840e-03 2.98000e-03 2.99063e-03 3.00000e-03 3.00782e-03 3.01386e-03 3.01789e-03 3.01972e-03 3.01919e-03 3.01616e-03 3.01055e-03 3.00229e-03 2.99134e-03 2.97769e-03 2.96137e-03 2.94244e-03 2.92096e-03 2.89705e-03 2.87083e-03 2.84242e-03 2.81200e-03 2.77972e-03 2.74576e-03 2.71030e-03 2.67352e-03 2.63561e-03 2.59674e-03 2.55708e-03 2.51679e-03 2.47601e-03 2.43489e-03 2.39353e-03 2.35204e-03 2.31051e-03 2.26898e-03 2.22752e-03 2.18614e-03 2.14485e-03 2.10365e-03 2.06251e-03 2.02140e-03 1.98026e-03 1.93904e-03 1.89767e-03 1.85608e-03 1.81421e-03 1.77197e-03 1.72931e-03 1.68614e-03 1.64243e-03 1.59812e-03 1.55317e-03 1.50756e-03 1.46127e-03 1.41433e-03 1.36674e-03 1.31854e-03 1.26978e-03 1.22053e-03 1.17087e-03 1.12090e-03 1.07072e-03 1.02046e-03 9.70241e-04 9.20204e-04 8.70492e-04 8.21252e-04 7.72633e-04 7.24784e-04 6.77854e-04 6.31985e-04 5.87314e-04 5.43971e-04 5.02076e-04 4.61739e-04 4.23056e-04 3.86113e-04 3.50979e-04 3.17711e-04 2.86348e-04 2.56918e-04 2.29430e-04 2.03881e-04 1.80253e-04 1.58514e-04 1.38620e-04 1.20516e-04 1.04135e-04 8.94032e-05 7.62371e-05 6.45472e-05 5.42392e-05 4.52152e-05 3.73751e-05 3.06179e-05 2.48433e-05 1.99525e-05 1.58497e-05 1.24429e-05 9.64458e-06 7.37294e-06 5.55200e-06 4.11218e-06 2.99056e-06 2.13098e-06 1.48402e-06 1.00677e-06 6.62625e-07 4.20830e-07 2.56021e-07 1.47690e-07 7.95988e-08 3.91886e-08 1.69936e-08 6.08779e-09 1.58642e-09 2.21095e-10 5.61458e-12
0.149688 2.33033e-01 3.14123e-01 1.71135e-01 6.25363e-02 1.66852e-02 5.22318e-03 3.55156e-03 3.44325e-03 3.46041e-03 3.47724e-03 3.49295e-03 3.50808e-03 3.52212e-03 3.53462e-03 3.54522e-03 3.55361e-03 3.55949e-03 3.56263e-03 3.56281e-03 3.55987e-03 3.55368e-03 3.54415e-03 3.53125e-03 3.51497e-03 3.49535e-03 3.47246e-03 3.44640e-03 3.41731e-03 3.38536e-03 3.35073e-03 3.31362e-03 3.27425e-03 3.23287e-03 3.18969e-03 3.14496e-03 3.09892e-03 3.05179e-03 3.00378e-03 2.95512e-03 2.90597e-03 2.85651e-03 2.80688e-03 2.75721e-03 2.70760e-03 2.65812e-03 2.60882e-03 2.55972e-03 2.51083e-03 2.46214e-03 2.41360e-03 2.36516e-03 2.31676e-03 2.26831e-03 2.21972e-03 2.17091e-03 2.12179e-03 2.07225e-03 2.02221e-03 1.97159e-03 1.92033e-03 1.86836e-03 1.81564e-03 1.76215e-03 1.70788e-03 1.65284e-03 1.59705e-03 1.54057e-03 1.48347e-03 1.42582e-03 1.36773e-03 1.30932e-03 1.25071e-03 1.19205e-03 1.13350e-03 1.07520e-03 1.01733e-03 9.60049e-04 9.03534e-04 8.47950e-04 7.93461e-04 7.40227e-04 6.88397e-04 6.38115e-04 5.89511e-04 5.42705e-04 4.97801e-04 4.54892e-04 4.14054e-04 3.75346e-04 3.38814e-04 3.04487e-04 2.72378e-04 2.42482e-04 2.14783e-04 1.89247e-04 1.65828e-04 1.44467e-04 1.25093e-04 1.07625e-04 9.19720e-05 7.80371e-05 6.57158e-05 5.48992e-05 4.54753e-05 3.73302e-05 3.03501e-05 2.44220e-05 1.94357e-05 1.52843e-05 1.18660e-05 9.08442e-06 6.84975e-06 5.07917e-06 3.69734e-06 2.63663e-06 1.83717e-06 1.24679e-06 8.20711e-07 5.21194e-07 3.16998e-07 1.82788e-07 9.84607e-08 4.84439e-08 2.09930e-08 7.51574e-09 1.95746e-09 2.72696e-10 6.92335e-12
0.199584 1.97358e-01 2.85738e-01 1.76786e-01 8.02725e-02 2.80378e-02 9.30158e-03 4.69583e-03 3.93145e-03 3.87003e-03 3.88971e-03 3.91154e-03 3.93139e-03 3.94976e-03 3.96641e-03 3.98090e-03 3.99281e-03 4.00177e-03 4.00749e-03 4.00968e-03 4.00815e-03 4.00273e-03 3.99332e-03 3.97984e-03 3.96231e-03 3.94076e-03 3.91528e-03 3.88599e-03 3.85307e-03 3.81671e-03 3.77715e-03 3.73464e-03 3.68946e-03 3.64189e-03 3.59222e-03 3.54074e-03 3.48776e-03 3.43355e-03 3.37839e-03 3.32252e-03 3.26618e-03 3.20957e-03 3.15287e-03 3.09624e-03 3.03979e-03 2.98362e-03 2.92777e-03 2.87228e-03 2.81715e-03 2.76235e-03 2.70782e-03 2.65349e-03 2.59928e-03 2.54507e-03 2.49075e-03 2.43621e-03 2.38131e-03 2.32595e-03 2.27001e-03 2.21339e-03 2.15600e-03 2.09777e-03 2.03866e-03 1.97862e-03 1.91765e-03 1.85578e-03 1.79303e-03 1.72947e-03 1.66519e-03 1.60028e-03 1.53488e-03 1.46912e-03 1.40316e-03 1.33718e-03 1.27134e-03 1.20584e-03 1.14087e-03 1.07661e-03 1.01327e-03 9.51021e-04 8.90051e-04 8.30531e-04 7.72627e-04 7.16488e-04 6.62254e-04 6.10049e-04 5.59982e-04 5.12145e-04 4.66617e-04 4.23455e-04 3.82704e-04 3.44389e-04 3.08521e-04 2.75092e-04 2.44081e-04 2.15451e-04 1.89151e-04 1.65119e-04 1.43277e-04 1.23541e-04 1.05813e-04 8.99905e-05 7.59621e-05 6.36120e-05 5.28203e-05 4.34649e-05 3.54226e-05 2.85712e-05 2.27901e-05 1.79620e-05 1.39743e-05 1.07197e-05 8.09751e-06 6.01429e-06 4.38439e-06 3.13040e-06 2.18337e-06 1.48282e-06 9.76540e-07 6.20285e-07 3.77254e-07 2.17477e-07 1.17094e-07 5.75784e-08 2.49352e-08 8.92134e-09 2.32222e-09 3.23374e-10 8.20794e-12
0.249479 1.74495e-01 2.63046e-01 1.75173e-01 9.07643e-02 3.78052e-02 1.42731e-02 6.54077e-03 4.61617e-03 4.26703e-03 4.24268e-03 4.26658e-03 4.29300e-03 4.31708e-03 4.33869e-03 4.35759e-03 4.37336e-03 4.38556e-03 4.39382e-03 4.39781e-03 4.39727e-03 4.39203e-03 4.38195e-03 4.36700e-03 4.34717e-03 4.32254e-03 4.29323e-03 4.25943e-03 4.22136e-03 4.17927e-03 4.13348e-03 4.08430e-03 4.03209e-03 3.97719e-03 3.91999e-03 3.86084e-03 3.80012e-03 3.73816e-03 3.67529e-03 3.61183e-03 3.54806e-03 3.48422e-03 3.42053e-03 3.35716e-03 3.29425e-03 3.23191e-03 3.17019e-03 3.10912e-03 3.04868e-03 2.98884e-03 2.92951e-03 2.87059e-03 2.81196e-03 2.75349e-03 2.69502e-03 2.63639e-03 2.57745e-03 2.51805e-03 2.45804e-03 2.39730e-03 2.33571e-03 2.27318e-03 2.20965e-03 2.14509e-03 2.07947e-03 2.01283e-03 1.94520e-03 1.87666e-03 1.80731e-03 1.73728e-03 1.66670e-03 1.59575e-03 1.52460e-03 1.45344e-03 1.38248e-03 1.31191e-03 1.24195e-03 1.17279e-03 1.10465e-03 1.03771e-03 9.72160e-04 9.08183e-04 8.45941e-04 7.85584e-04 7.27250e-04 6.71061e-04 6.17123e-04 5.65529e-04 5.16352e-04 4.69653e-04 4.25474e-04 3.83844e-04 3.44773e-04 3.08259e-04 2.74286e-04 2.42820e-04 2.13817e-04 1.87219e-04 1.62956e-04 1.40946e-04 1.21098e-04 1.03310e-04 8.74752e-05 7.34765e-05 6.11934e-05 5.05011e-05 4.12722e-05 3.33785e-05 2.66920e-05 2.10869e-05 1.64410e-05 1.26365e-05 9.56177e-06 7.11210e-06 5.19068e-06 3.70923e-06 2.58845e-06 1.75826e-06 1.15777e-06 7.35046e-07 4.46700e-07 2.57240e-07 1.38329e-07 6.79263e-08 2.93751e-08 1.04959e-08 2.72900e-09 3.79704e-10 9.63313e-12
0.299375 1.55914e-01 2.42850e-01 1.71552e-01 9.76173e-02 4.59828e-02 1.94933e-02 8.97829e-03 5.63445e-03 4.77494e-03 4.61298e-03 4.61272e-03 4.64175e-03 4.67268e-03 4.70083e-03 4.72542e-03 4.74608e-03 4.76235e-03 4.77382e-03 4.78011e-03 4.78092e-03 4.77605e-03 4.76536e-03 4.74882e-03 4.72646e-03 4.69840e-03 4.66481e-03 4.62595e-03 4.58209e-03 4.53360e-03 4.48086e-03 4.42427e-03 4.36427e-03 4.30131e-03 4.23584e-03 4.16831e-03 4.09917e-03 4.02882e-03 3.95767e-03 3.88609e-03 3.81441e-03 3.74292e-03 3.67189e-03 3.60152e-03 3.53198e-03 3.46337e-03 3.39576e-03 3.32918e-03 3.26361e-03 3.19897e-03 3.13516e-03 3.07206e-03 3.00950e-03 2.94730e-03 2.88526e-03 2.82317e-03 2.76083e-03 2.69804e-03 2.63461e-03 2.57037e-03 2.50517e-03 2.43889e-03 2.37145e-03 2.30279e-03 2.23289e-03 2.16177e-03 2.08949e-03 2.01614e-03 1.94182e-03 1.86670e-03 1.79094e-03 1.71474e-03 1.63831e-03 1.56188e-03 1.48567e-03 1.40992e-03 1.33486e-03 1.26072e-03 1.18772e-03 1.11607e-03 1.04598e-03 9.77617e-04 9.11160e-04 8.46757e-04 7.84545e-04 7.24640e-04 6.67144e-04 6.12141e-04 5.59699e-04 5.09871e-04 4.62693e-04 4.18187e-04 3.76360e-04 3.37208e-04 3.00710e-04 2.66834e-04 2.35534e-04 2.06756e-04 1.80430e-04 1.56476e-04 1.34807e-04 1.15324e-04 9.79193e-05 8.24787e-05 6.88816e-05 5.70022e-05 4.67109e-05 3.78761e-05 3.03653e-05 2.40469e-05 1.87915e-05 1.44736e-05 1.09729e-05 8.17559e-06 5.97558e-06 4.27522e-06 2.98613e-06 2.02962e-06 1.33685e-06 8.48726e-07 5.15622e-07 2.96755e-07 1.59449e-07 7.82211e-08 3.37919e-08 1.20618e-08 3.13339e-09 4.35685e-10 1.10492e-11
0.349271 1.41504e-01 2.25425e-01 1.66017e-01 1.01527e-01 5.25304e-02 2.44723e-02 1.17321e-02 6.95150e-03 5.43287e-03 5.03262e-03 4.96414e-03 4.98133e-03 5.01614e-03 5.05143e-03 5.08302e-03 5.10970e-03 5.13091e-03 5.14617e-03 5.15510e-03 5.15738e-03 5.15280e-03 5.14125e-03 5.12272e-03 5.09729e-03 5.06513e-03 5.02651e-03 4.98175e-03 4.93125e-03 4.87545e-03 4.81482e-03 4.74990e-03 4.68122e-03 4.60932e-03 4.53475e-03 4.45807e-03 4.37979e-03 4.30043e-03 4.22046e-03 4.14032e-03 4.06040e-03 3.98106e-03 3.90260e-03 3.82525e-03 3.74921e-03 3.67460e-03 3.60150e-03 3.52992e-03 3.45980e-03 3.39107e-03 3.32358e-03 3.25713e-03 3.19152e-03 3.12649e-03 3.06178e-03 2.99711e-03 2.93220e-03 2.86679e-03 2.80063e-03 2.73348e-03 2.66515e-03 2.59549e-03 2.52438e-03 2.45174e-03 2.37757e-03 2.30188e-03 2.22476e-03 2.14631e-03 2.06669e-03 1.98610e-03 1.90476e-03 1.82290e-03 1.74081e-03 1.65874e-03 1.57698e-03 1.49580e-03 1.41547e-03 1.33626e-03 1.25841e-03 1.18214e-03 1.10767e-03 1.03519e-03 9.64863e-04 8.96833e-04 8.31226e-04 7.68146e-04 7.07678e-04 6.49888e-04 5.94827e-04 5.42530e-04 4.93015e-04 4.46292e-04 4.02353e-04 3.61182e-04 3.22752e-04 2.87024e-04 2.53949e-04 2.23469e-04 1.95516e-04 1.70012e-04 1.46870e-04 1.25996e-04 1.07286e-04 9.06285e-05 7.59063e-05 6.29958e-05 5.17689e-05 4.20941e-05 3.38378e-05 2.68660e-05 2.10457e-05 1.62467e-05 1.23427e-05 9.21317e-06 6.74462e-06 4.83167e-06 3.37809e-06 2.29749e-06 1.51370e-06 9.60931e-07 5.83539e-07 3.35593e-07 1.80134e-07 8.82628e-08 3.80809e-08 1.35758e-08 3.52283e-09 4.89435e-10 1.24064e-11
0.399167 1.34110e-01 2.12025e-01 1.59172e-01 1.02285e-01 5.67704e-02 2.85248e-02 1.43491e-02 8.36625e-03 6.18033e-03 5.48670e-03 5.31106e-03 5.29733e-03 5.32831e-03 5.36808e-03 5.40586e-03 5.43824e-03 5.46389e-03 5.48213e-03 5.49253e-03 5.49481e-03 5.48878e-03 5.47443e-03 5.45181e-03 5.42113e-03 5.38266e-03 5.33679e-03 5.28397e-03 5.22472e-03 5.15962e-03 5.08928e-03 5.01433e-03 4.93541e-03 4.85318e-03 4.76830e-03 4.68138e-03 4.59305e-03 4.50387e-03 4.41440e-03 4.32513e-03 4.23652e-03 4.14896e-03 4.06279e-03 3.97830e-03 3.89571e-03 3.81516e-03 3.73673e-03 3.66044e-03 3.58623e-03 3.51400e-03 3.44356e-03 3.37468e-03 3.30710e-03 3.24051e-03 3.17456e-03 3.10891e-03 3.04319e-03 2.97707e-03 2.91021e-03 2.84231e-03 2.77310e-03 2.70238e-03 2.62999e-03 2.55581e-03 2.47980e-03 2.40199e-03 2.32244e-03 2.24128e-03 2.15870e-03 2.07492e-03 1.99019e-03 1.90480e-03 1.81907e-03 1.73331e-03 1.64784e-03 1.56298e-03 1.47904e-03 1.39632e-03 1.31507e-03 1.23556e-03 1.15801e-03 1.08260e-03 1.00951e-03 9.38873e-04 8.70815e-04 8.05425e-04 7.42775e-04 6.82917e-04 6.25887e-04 5.71703e-04 5.20375e-04 4.71897e-04 4.26255e-04 3.83424e-04 3.43374e-04 3.06062e-04 2.71441e-04 2.39453e-04 2.10036e-04 1.83115e-04 1.58611e-04 1.36435e-04 1.16490e-04 9.86702e-05 8.28644e-05 6.89534e-05 5.68125e-05 4.63121e-05 3.73192e-05 2.96989e-05 2.33157e-05 1.80353e-05 1.37264e-05 1.02624e-05 7.52285e-06 5.39494e-06 3.77480e-06 2.56843e-06 1.69239e-06 1.07411e-06 6.51892e-07 3.74572e-07 2.00828e-07 9.82726e-08 4.23405e-08 1.50739e-08 3.90702e-09 5.42338e-10 1.37405e-11
0.449063 1.26048e-01 2.00062e-01 1.52702e-01 1.02200e-01 6.01065e-02 3.21935e-02 1.69894e-02 9.92931e-03 7.05247e-03 6.01245e-03 5.69084e-03 5.62552e-03 5.64343e-03 5.68405e-03 5.72689e-03 5.76486e-03 5.79526e-03 5.81687e-03 5.82906e-03 5.83154e-03 5.82419e-03 5.80708e-03 5.78041e-03 5.74451e-03 5.69979e-03 5.64679e-03 5.58611e-03 5.51839e-03 5.44434e-03 5.36469e-03 5.28019e-03 5.19157e-03 5.09959e-03 5.00497e-03 4.90842e-03 4.81061e-03 4.71219e-03 4.61375e-03 4.51587e-03 4.41903e-03 4.32371e-03 4.23030e-03 4.13912e-03 4.05044e-03 3.96445e-03 3.88125e-03 3.80087e-03 3.72327e-03 3.64830e-03 3.57577e-03 3.50539e-03 3.43683e-03 3.36970e-03 3.30356e-03 3.23797e-03 3.17245e-03 3.10654e-03 3.03982e-03 2.97188e-03 2.90236e-03 2.83098e-03 2.75750e-03 2.68178e-03 2.60374e-03 2.52340e-03 2.44082e-03 2.35618e-03 2.26968e-03 2.18160e-03 2.09226e-03 2.00203e-03 1.91126e-03 1.82037e-03 1.72974e-03 1.63976e-03 1.55079e-03 1.46319e-03 1.37727e-03 1.29331e-03 1.21155e-03 1.13222e-03 1.05548e-03 9.81475e-04 9.10314e-04 8.42074e-04 7.76810e-04 7.14551e-04 6.55311e-04 5.99087e-04 5.45861e-04 4.95610e-04 4.48298e-04 4.03885e-04 3.62324e-04 3.23564e-04 2.87547e-04 2.54213e-04 2.23494e-04 1.95316e-04 1.69602e-04 1.46264e-04 1.25210e-04 1.06340e-04 8.95463e-05 7.47144e-05 6.17237e-05 5.04478e-05 4.07558e-05 3.25135e-05 2.55847e-05 1.98333e-05 1.51246e-05 1.13274e-05 8.31575e-06 5.97051e-06 4.18098e-06 2.84610e-06 1.87546e-06 1.18989e-06 7.21618e-07 4.14170e-07 2.21738e-07 1.08324e-07 4.65883e-08 1.65577e-08 4.28515e-09 5.94160e-10 1.50436e-11
0.498959 1.17893e-01 1.88265e-01 1.46693e-01 1.01558e-01 6.26153e-02 3.53805e-02 1.95158e-02 1.15667e-02 8.04098e-03 6.63658e-03 6.14346e-03 6.00953e-03 6.00582e-03 6.04351e-03 6.08964e-03 6.13210e-03 6.16628e-03 6.19024e-03 6.20309e-03 6.20447e-03 6.19431e-03 6.17281e-03 6.14032e-03 6.09737e-03 6.04458e-03 5.98266e-03 5.91240e-03 5.83460e-03 5.75011e-03 5.65978e-03 5.56447e-03 5.46500e-03 5.36218e-03 5.25681e-03 5.14963e-03 5.04137e-03 4.93270e-03 4.82426e-03 4.71667e-03 4.61049e-03 4.50623e-03 4.40435e-03 4.30525e-03 4.20927e-03 4.11666e-03 4.02759e-03 3.94213e-03 3.86027e-03 3.78189e-03 3.70678e-03 3.63461e-03 3.56500e-03 3.49746e-03 3.43147e-03 3.36645e-03 3.30181e-03 3.23695e-03 3.17130e-03 3.10433e-03 3.03555e-03 2.96456e-03 2.89105e-03 2.81479e-03 2.73565e-03 2.65362e-03 2.56877e-03 2.48126e-03 2.39135e-03 2.29934e-03 2.20564e-03 2.11065e-03 2.01485e-03 1.91869e-03 1.82267e-03 1.72723e-03 1.63284e-03 1.53989e-03 1.44877e-03 1.35981e-03 1.27329e-03 1.18945e-03 1.10849e-03 1.03054e-03 9.55729e-04 8.84114e-04 8.15738e-04 7.50614e-04 6.88731e-04 6.30065e-04 5.74576e-04 5.22216e-04 4.72930e-04 4.26657e-04 3.83335e-04 3.42899e-04 3.05283e-04 2.70416e-04 2.38227e-04 2.08642e-04 1.81580e-04 1.56957e-04 1.34683e-04 1.14661e-04 9.67879e-05 8.09532e-05 6.70395e-05 5.49228e-05 4.44737e-05 3.55584e-05 2.80397e-05 2.17790e-05 1.66380e-05 1.24804e-05 9.17433e-06 6.59379e-06 4.62075e-06 3.14660e-06 2.07344e-06 1.31495e-06 7.96817e-07 4.56787e-07 2.44186e-07 1.19082e-07 5.11205e-08 1.81357e-08 4.68616e-09 6.48997e-10 1.64207e-11
0.548855 1.10848e-01 1.78745e-01 1.40919e-01 1.00093e-01 6.41064e-02 3.78715e-02 2.17485e-02 1.31512e-02 9.06862e-03 7.31608e-03 6.64303e-03 6.43002e-03 6.39787e-03 6.42887e-03 6.47585e-03 6.52054e-03 6.55599e-03 6.57949e-03 6.59000e-03 6.58716e-03 6.57105e-03 6.54202e-03 6.50066e-03 6.44771e-03 6.38406e-03 6.31065e-03 6.22847e-03 6.13854e-03 6.04185e-03 5.93936e-03 5.83200e-03 5.72067e-03 5.60621e-03 5.48941e-03 5.37102e-03 5.25177e-03 5.13235e-03 5.01340e-03 4.89556e-03 4.77944e-03 4.66560e-03 4.55460e-03 4.44692e-03 4.34299e-03 4.24316e-03 4.14771e-03 4.05678e-03 3.97042e-03 3.88853e-03 3.81092e-03 3.73722e-03 3.66698e-03 3.59962e-03 3.53450e-03 3.47090e-03 3.40807e-03 3.34525e-03 3.28170e-03 3.21673e-03 3.14972e-03 3.08014e-03 3.00757e-03 2.93170e-03 2.85234e-03 2.76945e-03 2.68307e-03 2.59340e-03 2.50071e-03 2.40537e-03 2.30782e-03 2.20857e-03 2.10816e-03 2.00714e-03 1.90608e-03 1.80553e-03 1.70601e-03 1.60801e-03 1.51197e-03 1.41828e-03 1.32726e-03 1.23919e-03 1.15428e-03 1.07269e-03 9.94521e-04 9.19842e-04 8.48678e-04 7.81022e-04 7.16841e-04 6.56085e-04 5.98689e-04 5.44578e-04 4.93674e-04 4.45894e-04 4.01157e-04 3.59381e-04 3.20486e-04 2.84393e-04 2.51023e-04 2.20296e-04 1.92132e-04 1.66448e-04 1.43155e-04 1.22160e-04 1.03364e-04 8.66607e-05 7.19378e-05 5.90753e-05 4.79470e-05 3.84212e-05 3.03617e-05 2.36295e-05 1.80845e-05 1.35873e-05 1.00016e-05 7.19601e-06 5.04648e-06 3.43777e-06 2.26522e-06 1.43590e-06 8.69323e-07 4.97695e-07 2.65606e-07 1.29275e-07 5.53801e-08 1.96067e-08 5.05713e-09 6.99425e-10 1.76826e-11
0.598751 1.04573e-01 1.69649e-01 1.35479e-01 9.83235e-02 6.50197e-02 3.99289e-02 2.37869e-02 1.47057e-02 1.01316e-02 8.03817e-03 7.17284e-03 6.86765e-03 6.79849e-03 6.81833e-03 6.86398e-03 6.90957e-03 6.94507e-03 6.96679e-03 6.97358e-03 6.96528e-03 6.94220e-03 6.90493e-03 6.85430e-03 6.79131e-03 6.71706e-03 6.63275e-03 6.53956e-03 6.43865e-03 6.33112e-03 6.21801e-03 6.10027e-03 5.97876e-03 5.85427e-03 5.72755e-03 5.59927e-03 5.47008e-03 5.34063e-03 5.21154e-03 5.08347e-03 4.95707e-03 4.83301e-03 4.71196e-03 4.59456e-03 4.48143e-03 4.37310e-03 4.27002e-03 4.17249e-03 4.08069e-03 3.99459e-03 3.91402e-03 3.83861e-03 3.76782e-03 3.70095e-03 3.63719e-03 3.57564e-03 3.51534e-03 3.45531e-03 3.39460e-03 3.33231e-03 3.26766e-03 3.19995e-03 3.12863e-03 3.05330e-03 2.97371e-03 2.88977e-03 2.80154e-03 2.70923e-03 2.61315e-03 2.51375e-03 2.41154e-03 2.30713e-03 2.20116e-03 2.09429e-03 1.98720e-03 1.88054e-03 1.77494e-03 1.67098e-03 1.56917e-03 1.46998e-03 1.37378e-03 1.28090e-03 1.19156e-03 1.10595e-03 1.02416e-03 9.46266e-04 8.72261e-04 8.02117e-04 7.35771e-04 6.73140e-04 6.14123e-04 5.58610e-04 5.06489e-04 4.57644e-04 4.11966e-04 3.69347e-04 3.29684e-04 2.92881e-04 2.58843e-04 2.27481e-04 1.98706e-04 1.72429e-04 1.48561e-04 1.27007e-04 1.07671e-04 9.04499e-05 7.52331e-05 6.19052e-05 5.03438e-05 4.04204e-05 3.20017e-05 2.49502e-05 1.91268e-05 1.43917e-05 1.06071e-05 7.63952e-06 5.36143e-06 3.65377e-06 2.40762e-06 1.52560e-06 9.22904e-07 5.27743e-07 2.81204e-07 1.36615e-07 5.84084e-08 2.06381e-08 5.31388e-09 7.33965e-10 1.85414e-11
0.648646 9.75181e-02 1.59995e-01 1.30125e-01 9.67596e-02 6.58037e-02 4.17230e-02 2.56565e-02 1.62297e-02 1.12526e-02 8.85274e-03 7.79969e-03 7.39672e-03 7.28411e-03 7.28795e-03 7.32869e-03 7.37203e-03 7.40417e-03 7.42023e-03 7.41898e-03 7.40061e-03 7.36590e-03 7.31591e-03 7.25182e-03 7.17499e-03 7.08681e-03 6.98872e-03 6.88208e-03 6.76818e-03 6.64820e-03 6.52315e-03 6.39394e-03 6.26132e-03 6.12594e-03 5.98839e-03 5.84918e-03 5.70883e-03 5.56789e-03 5.42695e-03 5.28666e-03 5.14776e-03 5.01106e-03 4.87744e-03 4.74779e-03 4.62300e-03 4.50387e-03 4.39110e-03 4.28524e-03 4.18660e-03 4.09528e-03 4.01112e-03 3.93368e-03 3.86232e-03 3.79616e-03 3.73417e-03 3.67521e-03 3.61804e-03 3.56143e-03 3.50420e-03 3.44523e-03 3.38353e-03 3.31826e-03 3.24875e-03 3.17451e-03 3.09524e-03 3.01083e-03 2.92133e-03 2.82698e-03 2.72814e-03 2.62531e-03 2.51909e-03 2.41016e-03 2.29924e-03 2.18709e-03 2.07449e-03 1.96218e-03 1.85088e-03 1.74125e-03 1.63390e-03 1.52934e-03 1.42801e-03 1.33029e-03 1.23643e-03 1.14664e-03 1.06103e-03 9.79654e-04 9.02521e-04 8.29576e-04 7.60736e-04 6.95890e-04 6.34908e-04 5.77649e-04 5.23971e-04 4.73731e-04 4.26788e-04 3.83013e-04 3.42280e-04 3.04476e-04 2.69492e-04 2.37227e-04 2.07586e-04 1.80474e-04 1.55801e-04 1.33473e-04 1.13394e-04 9.54639e-05 7.95779e-05 6.56240e-05 5.34837e-05 4.30321e-05 3.41384e-05 2.66669e-05 2.04786e-05 1.54328e-05 1.13894e-05 8.21139e-06 5.76676e-06 3.93121e-06 2.59011e-06 1.64027e-06 9.91203e-07 5.65913e-07 3.00940e-07 1.45861e-07 6.22033e-08 2.19239e-08 5.63235e-09 7.76636e-10 1.95999e-11
0.698542 1.01377e-01 1.55561e-01 1.23173e-01 9.28112e-02 6.47731e-02 4.23003e-02 2.67801e-02 1.73238e-02 1.21232e-02 9.49998e-03 8.28672e-03 7.78834e-03 7.62654e-03 7.60778e-03 7.63833e-03 7.67549e-03 7.70133e-03 7.70936e-03 7.69814e-03 7.66824e-03 7.62102e-03 7.55809e-03 7.48115e-03 7.39194e-03 7.29216e-03 7.18339e-03 7.06712e-03 6.94465e-03 6.81706e-03 6.68525e-03 6.54988e-03 6.41146e-03 6.27037e-03 6.12686e-03 5.98119e-03 5.83365e-03 5.68462e-03 5.53459e-03 5.38425e-03 5.23446e-03 5.08627e-03 4.94085e-03 4.79947e-03 4.66341e-03 4.53390e-03 4.41200e-03 4.29855e-03 4.19410e-03 4.09884e-03 4.01262e-03 3.93495e-03 3.86499e-03 3.80165e-03 3.74361e-03 3.68941e-03 3.63755e-03 3.58651e-03 3.53484e-03 3.48122e-03 3.42448e-03 3.36365e-03 3.29796e-03 3.22686e-03 3.15001e-03 3.06730e-03 2.97879e-03 2.88475e-03 2.78557e-03 2.68180e-03 2.57409e-03 2.46319e-03 2.34988e-03 2.23501e-03 2.11939e-03 2.00387e-03 1.88923e-03 1.77620e-03 1.66545e-03 1.55756e-03 1.45304e-03 1.35228e-03 1.25560e-03 1.16322e-03 1.07529e-03 9.91861e-04 9.12940e-04 8.38470e-04 7.68353e-04 7.02457e-04 6.40632e-04 5.82709e-04 5.28519e-04 4.77891e-04 4.30660e-04 3.86670e-04 3.45775e-04 3.07840e-04 2.72741e-04 2.40364e-04 2.10604e-04 1.83360e-04 1.58537e-04 1.36040e-04 1.15774e-04 9.76424e-05 8.15429e-05 6.73688e-05 5.50071e-05 4.43381e-05 3.52363e-05 2.75703e-05 2.12049e-05 1.60021e-05 1.18233e-05 8.53196e-06 5.99552e-06 4.08820e-06 2.69314e-06 1.70450e-06 1.02893e-06 5.86546e-07 3.11294e-07 1.50527e-07 6.40294e-08 2.25100e-08 5.76977e-09 7.94200e-10 2.00225e-11
0.748438 9.27775e-02 1.48252e-01 1.19155e-01 9.06320e-02 6.47134e-02 4.34770e-02 2.83076e-02 1.87306e-02 1.32573e-02 1.03750e-02 8.97254e-03 8.35592e-03 8.12879e-03 8.07739e-03 8.09231e-03 8.12078e-03 8.13938e-03 8.13919e-03 8.11803e-03 8.07668e-03 8.01706e-03 7.94145e-03 7.85213e-03 7.75132e-03 7.64101e-03 7.52301e-03 7.39880e-03 7.26960e-03 7.13630e-03 6.99949e-03 6.85949e-03 6.71638e-03 6.57009e-03 6.42047e-03 6.26738e-03 6.11080e-03 5.95089e-03 5.78811e-03 5.62324e-03 5.45740e-03 5.29204e-03 5.12886e-03 4.96977e-03 4.81667e-03 4.67141e-03 4.53560e-03 4.41051e-03 4.29695e-03 4.19523e-03 4.10516e-03 4.02604e-03 3.95674e-03 3.89577e-03 3.84140e-03 3.79174e-03 3.74487e-03 3.69889e-03 3.65205e-03 3.60277e-03 3.54969e-03 3.49170e-03 3.42796e-03 3.35788e-03 3.28113e-03 3.19760e-03 3.10741e-03 3.01088e-03 2.90847e-03 2.80081e-03 2.68863e-03 2.57274e-03 2.45403e-03 2.33341e-03 2.21181e-03 2.09013e-03 1.96924e-03 1.84997e-03 1.73305e-03 1.61915e-03 1.50882e-03 1.40253e-03 1.30063e-03 1.20340e-03 1.11098e-03 1.02347e-03 9.40857e-04 8.63093e-04 7.90061e-04 7.21609e-04 6.57558e-04 5.97712e-04 5.41867e-04 4.89818e-04 4.41367e-04 3.96325e-04 3.54517e-04 3.15780e-04 2.79969e-04 2.46949e-04 2.16598e-04 1.88803e-04 1.63459e-04 1.40466e-04 1.19725e-04 1.01138e-04 8.46037e-05 7.00168e-05 5.72670e-05 4.62376e-05 3.68058e-05 2.88429e-05 2.22151e-05 1.67855e-05 1.24151e-05 8.96613e-06 6.30368e-06 4.29887e-06 2.83113e-06 1.79052e-06 1.07952e-06 6.14327e-07 3.25321e-07 1.56903e-07 6.65533e-08 2.33311e-08 5.96502e-09 8.19476e-10 2.06359e-11
0.798334 8.74281e-02 1.40409e-01 1.14444e-01 8.83665e-02 6.42439e-02 4.42278e-02 2.95560e-02 2.00009e-02 1.43589e-02 1.12765e-02 9.70779e-03 8.97479e-03 8.67493e-03 8.58116e-03 8.57137e-03 8.58352e-03 8.58860e-03 8.57490e-03 8.53931e-03 8.48266e-03 8.40742e-03 8.31654e-03 8.21299e-03 8.09944e-03 7.97825e-03 7.85132e-03 7.72008e-03 7.58549e-03 7.44807e-03 7.30792e-03 7.16479e-03 7.01816e-03 6.86734e-03 6.71161e-03 6.55035e-03 6.38316e-03 6.21004e-03 6.03145e-03 5.84844e-03 5.66256e-03 5.47594e-03 5.29107e-03 5.11069e-03 4.93761e-03 4.77444e-03 4.62342e-03 4.48623e-03 4.36390e-03 4.25672e-03 4.16426e-03 4.08544e-03 4.01864e-03 3.96184e-03 3.91274e-03 3.86895e-03 3.82810e-03 3.78793e-03 3.74641e-03 3.70176e-03 3.65252e-03 3.59752e-03 3.53590e-03 3.46710e-03 3.39085e-03 3.30710e-03 3.21604e-03 3.11805e-03 3.01365e-03 2.90353e-03 2.78847e-03 2.66934e-03 2.54704e-03 2.42255e-03 2.29682e-03 2.17081e-03 2.04542e-03 1.92152e-03 1.79990e-03 1.68127e-03 1.56623e-03 1.45531e-03 1.34891e-03 1.24733e-03 1.15077e-03 1.05936e-03 9.73126e-04 8.92015e-04 8.15929e-04 7.44717e-04 6.78193e-04 6.16148e-04 5.58357e-04 5.04596e-04 4.54640e-04 4.08275e-04 3.65300e-04 3.25529e-04 2.88791e-04 2.54932e-04 2.23814e-04 1.95311e-04 1.69305e-04 1.45689e-04 1.24360e-04 1.05216e-04 8.81567e-05 7.30766e-05 5.98675e-05 4.84151e-05 3.85990e-05 3.02922e-05 2.33625e-05 1.76728e-05 1.30837e-05 9.45543e-06 6.65014e-06 4.53516e-06 2.98552e-06 1.88650e-06 1.13582e-06 6.45140e-07 3.40821e-07 1.63916e-07 6.93141e-08 2.42237e-08 6.17586e-09 8.46608e-10 2.12917e-11
0.848230 8.54179e-02 1.34685e-01 1.09166e-01 8.52951e-02 6.31361e-02 4.44265e-02 3.04249e-02 2.10645e-02 1.53645e-02 1.21365e-02 1.04191e-02 9.56697e-03 9.18338e-03 9.03521e-03 8.99091e-03 8.98008e-03 8.96782e-03 8.93908e-03 8.88928e-03 8.81893e-03 8.73079e-03 8.62834e-03 8.51502e-03 8.39393e-03 8.26756e-03 8.13778e-03 8.00573e-03 7.87196e-03 7.73635e-03 7.59831e-03 7.45677e-03 7.31042e-03 7.15777e-03 6.99739e-03 6.82811e-03 6.64918e-03 6.46051e-03 6.26278e-03 6.05751e-03 5.84708e-03 5.63464e-03 5.42385e-03 5.21869e-03 5.02308e-03 4.84059e-03 4.67413e-03 4.52575e-03 4.39650e-03 4.28640e-03 4.19451e-03 4.11908e-03 4.05773e-03 4.00769e-03 3.96598e-03 3.92960e-03 3.89572e-03 3.86176e-03 3.82547e-03 3.78496e-03 3.73876e-03 3.68573e-03 3.62513e-03 3.55650e-03 3.47968e-03 3.39476e-03 3.30203e-03 3.20197e-03 3.09519e-03 2.98245e-03 2.86457e-03 2.74246e-03 2.61707e-03 2.48937e-03 2.36034e-03 2.23095e-03 2.10211e-03 1.97471e-03 1.84955e-03 1.72735e-03 1.60876e-03 1.49431e-03 1.38444e-03 1.27950e-03 1.17971e-03 1.08523e-03 9.96104e-04 9.12325e-04 8.33803e-04 7.60396e-04 6.91921e-04 6.28164e-04 5.68891e-04 5.13860e-04 4.62826e-04 4.15553e-04 3.71814e-04 3.31400e-04 2.94116e-04 2.59787e-04 2.28255e-04 1.99377e-04 1.73024e-04 1.49080e-04 1.27433e-04 1.07978e-04 9.06141e-05 7.52362e-05 6.17383e-05 5.00094e-05 3.99328e-05 3.13854e-05 2.42381e-05 1.83564e-05 1.36025e-05 9.83666e-06 6.92040e-06 4.71907e-06 3.10494e-06 1.95994e-06 1.17819e-06 6.67783e-07 3.51842e-07 1.68686e-07 7.10857e-08 2.47562e-08 6.29159e-09 8.60349e-10 2.16055e-11
0.898126 8.04211e-02 1.28270e-01 1.04966e-01 8.26920e-02 6.21500e-02 4.46205e-02 3.12525e-02 2.21207e-02 1.64136e-02 1.30727e-02 1.12165e-02 1.02400e-02 9.76080e-03 9.54539e-03 9.45591e-03 9.41450e-03 9.38029e-03 9.33432e-03 9.26996e-03 9.18698e-03 9.08810e-03 8.97709e-03 8.85772e-03 8.73327e-03 8.60621e-03 8.47814e-03 8.34976e-03 8.22091e-03 8.09069e-03 7.95753e-03 7.81940e-03 7.67394e-03 7.51874e-03 7.35155e-03 7.17063e-03 6.97495e-03 6.76450e-03 6.54046e-03 6.30527e-03 6.06258e-03 5.81705e-03 5.57402e-03 5.33906e-03 5.11750e-03 4.91394e-03 4.73191e-03 4.57361e-03 4.43975e-03 4.32971e-03 4.24162e-03 4.17269e-03 4.11950e-03 4.07829e-03 4.04528e-03 4.01685e-03 3.98973e-03 3.96107e-03 3.92852e-03 3.89024e-03 3.84482e-03 3.79133e-03 3.72919e-03 3.65815e-03 3.57825e-03 3.48975e-03 3.39312e-03 3.28895e-03 3.17798e-03 3.06104e-03 2.93902e-03 2.81287e-03 2.68356e-03 2.55207e-03 2.41938e-03 2.28644e-03 2.15417e-03 2.02341e-03 1.89496e-03 1.76953e-03 1.64775e-03 1.53017e-03 1.41721e-03 1.30924e-03 1.20651e-03 1.10920e-03 1.01738e-03 9.31063e-04 8.50189e-04 7.74634e-04 7.04227e-04 6.38760e-04 5.77997e-04 5.21688e-04 4.69575e-04 4.21403e-04 3.76923e-04 3.35903e-04 2.98126e-04 2.63392e-04 2.31524e-04 2.02359e-04 1.75754e-04 1.51578e-04 1.29712e-04 1.10044e-04 9.24691e-05 7.68816e-05 6.31764e-05 5.12450e-05 4.09737e-05 3.22431e-05 2.49276e-05 1.88956e-05 1.40112e-05 1.01360e-05 7.13116e-06 4.86103e-06 3.19577e-06 2.01470e-06 1.20894e-06 6.83624e-07 3.59173e-07 1.71640e-07 7.20738e-08 2.50103e-08 6.33536e-09 8.64127e-10 2.16672e-11
0.948022 7.93994e-02 1.23489e-01 1.00099e-01 7.96158e-02 6.07097e-02 4.43742e-02 3.17325e-02 2.29449e-02 1.73310e-02 1.39442e-02 1.19827e-02 1.08912e-02 1.03120e-02 1.00196e-02 9.87472e-03 9.79448e-03 9.73277e-03 9.66669e-03 9.58720e-03 9.49287e-03 9.38599e-03 9.27024e-03 9.14936e-03 9.02648e-03 8.90374e-03 8.78220e-03 8.66181e-03 8.54155e-03 8.41945e-03 8.29288e-03 8.15862e-03 8.01325e-03 7.85333e-03 7.67587e-03 7.47864e-03 7.26057e-03 7.02207e-03 6.76527e-03 6.49402e-03 6.21377e-03 5.93121e-03 5.65370e-03 5.38862e-03 5.14272e-03 4.92146e-03 4.72861e-03 4.56598e-03 4.43349e-03 4.32928e-03 4.25015e-03 4.19196e-03 4.15004e-03 4.11965e-03 4.09624e-03 4.07573e-03 4.05460e-03 4.02998e-03 3.99962e-03 3.96189e-03 3.91566e-03 3.86026e-03 3.79541e-03 3.72112e-03 3.63767e-03 3.54552e-03 3.44528e-03 3.33768e-03 3.22354e-03 3.10374e-03 2.97921e-03 2.85089e-03 2.71975e-03 2.58674e-03 2.45278e-03 2.31878e-03 2.18557e-03 2.05396e-03 1.92466e-03 1.79834e-03 1.67557e-03 1.55687e-03 1.44265e-03 1.33326e-03 1.22898e-03 1.13000e-03 1.03643e-03 9.48325e-04 8.65664e-04 7.88369e-04 7.16308e-04 6.49306e-04 5.87149e-04 5.29602e-04 4.76412e-04 4.27320e-04 3.82069e-04 3.40411e-04 3.02110e-04 2.66950e-04 2.34730e-04 2.05272e-04 1.78414e-04 1.54012e-04 1.31935e-04 1.12065e-04 9.42904e-05 7.85041e-05 6.46008e-05 5.24738e-05 4.20126e-05 3.31014e-05 2.56185e-05 1.94359e-05 1.44201e-05 1.04341e-05 7.33974e-06 5.00015e-06 3.28362e-06 2.06671e-06 1.23747e-06 6.97866e-07 3.65477e-07 1.74016e-07 7.27844e-08 2.51568e-08 6.34944e-09 8.63599e-10 2.16171e-11
0.997918 7.73573e-02 1.19335e-01 9.59378e-02 7.64410e-02 5.90277e-02 4.38971e-02 3.20351e-02 2.36610e-02 1.81966e-02 1.47977e-02 1.27438e-02 1.15346e-02 1.08444e-02 1.04620e-02 1.02508e-02 1.01249e-02 1.00332e-02 9.94823e-03 9.85774e-03 9.75819e-03 9.65073e-03 9.53834e-03 9.42432e-03 9.31130e-03 9.20085e-03 9.09330e-03 8.98774e-03 8.88211e-03 8.77334e-03 8.65755e-03 8.53032e-03 8.38697e-03 8.22306e-03 8.03476e-03 7.81945e-03 7.57614e-03 7.30596e-03 7.01230e-03 6.70087e-03 6.37936e-03 6.05688e-03 5.74312e-03 5.44746e-03 5.17806e-03 4.94109e-03 4.74026e-03 4.57668e-03 4.44902e-03 4.35391e-03 4.28650e-03 4.24110e-03 4.21176e-03 4.19272e-03 4.17878e-03 4.16549e-03 4.14921e-03 4.12717e-03 4.09735e-03 4.05839e-03 4.00952e-03 3.95039e-03 3.88103e-03 3.80174e-03 3.71304e-03 3.61559e-03 3.51017e-03 3.39764e-03 3.27891e-03 3.15493e-03 3.02668e-03 2.89511e-03 2.76118e-03 2.62582e-03 2.48992e-03 2.35432e-03 2.21980e-03 2.08708e-03 1.95681e-03 1.82957e-03 1.70587e-03 1.58616e-03 1.47081e-03 1.36015e-03 1.25443e-03 1.15385e-03 1.05855e-03 9.68612e-04 8.84072e-04 8.04894e-04 7.30995e-04 6.62243e-04 5.98460e-04 5.39435e-04 4.84932e-04 4.34697e-04 3.88469e-04 3.45989e-04 3.07005e-04 2.71281e-04 2.38596e-04 2.08749e-04 1.81561e-04 1.56870e-04 1.34531e-04 1.14415e-04 9.64031e-05 8.03838e-05 6.62508e-05 5.38980e-05 4.32178e-05 3.40982e-05 2.64216e-05 2.00638e-05 1.48947e-05 1.07795e-05 7.58021e-06 5.15944e-06 3.38320e-06 2.12490e-06 1.26882e-06 7.13158e-07 3.72039e-07 1.76377e-07 7.34347e-08 2.52656e-08 6.35030e-09 8.60897e-10 2.15069e-11
1.047814 7.15115e-02 1.12641e-01 9.19111e-02 7.38905e-02 5.77469e-02 4.36595e-02 3.24875e-02 2.44983e-02 1.91870e-02 1.57838e-02 1.36386e-02 1.23057e-02 1.14936e-02 1.10088e-02 1.07203e-02 1.05406e-02 1.04143e-02 1.03093e-02 1.02093e-02 1.01078e-02 1.00042e-02 9.90015e-03 9.79796e-03 9.69945e-03 9.60534e-03 9.51504e-03 9.42659e-03 9.33679e-03 9.24128e-03 9.13484e-03 9.01166e-03 8.86581e-03 8.69178e-03 8.48508e-03 8.24294e-03 7.96490e-03 7.65327e-03 7.31338e-03 6.95338e-03 6.58375e-03 6.21641e-03 5.86361e-03 5.53668e-03 5.24496e-03 4.99489e-03 4.78964e-03 4.62906e-03 4.51007e-03 4.42733e-03 4.37410e-03 4.34300e-03 4.32675e-03 4.31869e-03 4.31308e-03 4.30530e-03 4.29178e-03 4.27001e-03 4.23831e-03 4.19575e-03 4.14192e-03 4.07689e-03 4.00100e-03 3.91486e-03 3.81921e-03 3.71491e-03 3.60291e-03 3.48417e-03 3.35970e-03 3.23050e-03 3.09758e-03 2.96191e-03 2.82444e-03 2.68608e-03 2.54766e-03 2.40998e-03 2.27373e-03 2.13956e-03 2.00802e-03 1.87959e-03 1.75471e-03 1.63371e-03 1.51693e-03 1.40462e-03 1.29700e-03 1.19428e-03 1.09661e-03 1.00411e-03 9.16867e-04 8.34903e-04 7.58205e-04 6.86706e-04 6.20287e-04 5.58785e-04 5.01997e-04 4.49692e-04 4.01617e-04 3.57509e-04 3.17106e-04 2.80151e-04 2.46402e-04 2.15634e-04 1.87643e-04 1.62245e-04 1.39276e-04 1.18590e-04 1.00056e-04 8.35539e-05 6.89719e-05 5.62018e-05 4.51357e-05 3.56632e-05 2.76689e-05 2.10313e-05 1.56220e-05 1.13068e-05 7.94700e-06 5.40272e-06 3.53596e-06 2.21493e-06 1.31810e-06 7.37868e-07 3.83177e-07 1.80764e-07 7.48786e-08 2.56339e-08 6.41386e-09 8.66449e-10 2.15994e-11
1.097709 7.13656e-02 1.09032e-01 8.76476e-02 7.06626e-02 5.57574e-02 4.27764e-02 3.24417e-02 2.49753e-02 1.99186e-02 1.65800e-02 1.43865e-02 1.29528e-02 1.20283e-02 1.14426e-02 1.10748e-02 1.08391e-02 1.06775e-02 1.05537e-02 1.04473e-02 1.03487e-02 1.02544e-02 1.01645e-02 1.00798e-02 1.00010e-02 9.92781e-03 9.85852e-03 9.79006e-03 9.71795e-03 9.63643e-03 9.53882e-03 9.41788e-03 9.26642e-03 9.07803e-03 8.84786e-03 8.57350e-03 8.25562e-03 7.89848e-03 7.50995e-03 7.10113e-03 6.68557e-03 6.27798e-03 5.89284e-03 5.54291e-03 5.23800e-03 4.98414e-03 4.78321e-03 4.63321e-03 4.52894e-03 4.46290e-03 4.42641e-03 4.41055e-03 4.40697e-03 4.40840e-03 4.40891e-03 4.40399e-03 4.39044e-03 4.36618e-03 4.33006e-03 4.28164e-03 4.22099e-03 4.14855e-03 4.06504e-03 3.97133e-03 3.86837e-03 3.75721e-03 3.63890e-03 3.51453e-03 3.38514e-03 3.25179e-03 3.11549e-03 2.97723e-03 2.83793e-03 2.69846e-03 2.55960e-03 2.42206e-03 2.28647e-03 2.15336e-03 2.02316e-03 1.89624e-03 1.77291e-03 1.65339e-03 1.53789e-03 1.42658e-03 1.31963e-03 1.21718e-03 1.11937e-03 1.02635e-03 9.38212e-04 8.55062e-04 7.76952e-04 7.03891e-04 6.35838e-04 5.72701e-04 5.14338e-04 4.60560e-04 4.11146e-04 3.65851e-04 3.24413e-04 2.86572e-04 2.52071e-04 2.20667e-04 1.92136e-04 1.66272e-04 1.42893e-04 1.21837e-04 1.02960e-04 8.61320e-05 7.12362e-05 5.81619e-05 4.68023e-05 3.70497e-05 2.87931e-05 2.19159e-05 1.62943e-05 1.17974e-05 8.28874e-06 5.62808e-06 3.67537e-06 2.29490e-06 1.36003e-06 7.57551e-07 3.91203e-07 1.83457e-07 7.55395e-08 2.57115e-08 6.40026e-09 8.61149e-10 2.14151e-11
1.147605 6.55581e-02 1.03346e-01 8.42297e-02 6.81023e-02 5.41924e-02 4.21535e-02 3.25522e-02 2.55698e-02 2.07565e-02 1.74784e-02 1.52340e-02 1.36966e-02 1.26557e-02 1.19646e-02 1.15138e-02 1.12203e-02 1.10241e-02 1.08845e-02 1.07768e-02 1.06872e-02 1.06093e-02 1.05406e-02 1.04803e-02 1.04276e-02 1.03810e-02 1.03376e-02 1.02929e-02 1.02409e-02 1.01741e-02 1.00840e-02 9.96183e-03 9.79902e-03 9.58845e-03 9.32540e-03 9.00848e-03 8.64037e-03 8.22809e-03 7.78281e-03 7.31908e-03 6.85367e-03 6.40400e-03 5.98643e-03 5.61469e-03 5.29856e-03 5.04315e-03 4.84872e-03 4.71116e-03 4.62293e-03 4.57429e-03 4.55459e-03 4.55340e-03 4.56135e-03 4.57063e-03 4.57523e-03 4.57084e-03 4.55468e-03 4.52520e-03 4.48181e-03 4.42460e-03 4.35414e-03 4.27130e-03 4.17712e-03 4.07276e-03 3.95941e-03 3.83829e-03 3.71059e-03 3.57749e-03 3.44014e-03 3.29964e-03 3.15705e-03 3.01338e-03 2.86955e-03 2.72641e-03 2.58474e-03 2.44518e-03 2.30828e-03 2.17449e-03 2.04413e-03 1.91746e-03 1.79464e-03 1.67578e-03 1.56095e-03 1.45020e-03 1.34360e-03 1.24123e-03 1.14316e-03 1.04953e-03 9.60456e-04 8.76066e-04 7.96475e-04 7.21764e-04 6.51969e-04 5.87074e-04 5.27000e-04 4.71614e-04 4.20733e-04 3.74133e-04 3.31564e-04 2.92759e-04 2.57451e-04 2.25377e-04 1.96291e-04 1.69965e-04 1.46195e-04 1.24798e-04 1.05613e-04 8.84992e-05 7.33296e-05 5.99893e-05 4.83702e-05 3.83662e-05 2.98700e-05 2.27698e-05 1.69469e-05 1.22751e-05 8.62090e-06 5.84538e-06 3.80748e-06 2.36833e-06 1.39649e-06 7.73170e-07 3.96591e-07 1.84693e-07 7.55342e-08 2.55493e-08 6.32549e-09 8.47550e-10 2.10239e-11
1.197501 6.26422e-02 9.76892e-02 7.99833e-02 6.54070e-02 5.25200e-02 4.13668e-02 3.25025e-02 2.60297e-02 2.14919e-02 1.83042e-02 1.60323e-02 1.44083e-02 1.32626e-02 1.24738e-02 1.19447e-02 1.15964e-02 1.13677e-02 1.12145e-02 1.11078e-02 1.10301e-02 1.09716e-02 1.09272e-02 1.08941e-02 1.08698e-02 1.08512e-02 1.08339e-02 1.08116e-02 1.07764e-02 1.07186e-02 1.06280e-02 1.04940e-02 1.03074e-02 1.00612e-02 9.75203e-03 9.38104e-03 8.95425e-03 8.48250e-03 7.98072e-03 7.46679e-03 6.95998e-03 6.47924e-03 6.04142e-03 5.65986e-03 5.34320e-03 5.09485e-03 4.91305e-03 4.79153e-03 4.72066e-03 4.68884e-03 4.68391e-03 4.69438e-03 4.71028e-03 4.72364e-03 4.72861e-03 4.72130e-03 4.69948e-03 4.66222e-03 4.60952e-03 4.54200e-03 4.46069e-03 4.36683e-03 4.26177e-03 4.14688e-03 4.02354e-03 3.89309e-03 3.75681e-03 3.61595e-03 3.47169e-03 3.32517e-03 3.17747e-03 3.02959e-03 2.88247e-03 2.73694e-03 2.59370e-03 2.45338e-03 2.31644e-03 2.18325e-03 2.05402e-03 1.92889e-03 1.80789e-03 1.69099e-03 1.57814e-03 1.46926e-03 1.36429e-03 1.26320e-03 1.16601e-03 1.07279e-03 9.83659e-04 8.98763e-04 8.18265e-04 7.42319e-04 6.71047e-04 6.04522e-04 5.42754e-04 4.85688e-04 4.33202e-04 3.85116e-04 3.41209e-04 3.01227e-04 2.64899e-04 2.31953e-04 2.02124e-04 1.75164e-04 1.50845e-04 1.28965e-04 1.09343e-04 9.18227e-05 7.62680e-05 6.25569e-05 5.05787e-05 4.02286e-05 3.14030e-05 2.39955e-05 1.78937e-05 1.29772e-05 9.11693e-06 6.17621e-06 4.01344e-06 2.48634e-06 1.45763e-06 8.01142e-07 4.07514e-07 1.88127e-07 7.62932e-08 2.56110e-08 6.30024e-09 8.40062e-10 2.07767e-11
1.247397 6.45778e-02 9.60482e-02 7.60882e-02 6.19479e-02 5.01474e-02 3.99921e-02 3.19540e-02 2.60700e-02 2.18700e-02 1.88243e-02 1.65699e-02 1.48965e-02 1.36750e-02 1.28092e-02 1.22157e-02 1.18212e-02 1.15653e-02 1.14020e-02 1.12993e-02 1.12363e-02 1.12001e-02 1.11833e-02 1.11808e-02 1.11884e-02 1.12012e-02 1.12127e-02 1.12146e-02 1.11965e-02 1.11466e-02 1.10526e-02 1.09030e-02 1.06884e-02 1.04033e-02 1.00471e-02 9.62450e-03 9.14562e-03 8.62512e-03 8.08108e-03 7.53344e-03 7.00237e-03 6.50665e-03 6.06222e-03 5.68101e-03 5.37010e-03 5.13135e-03 4.96160e-03 4.85327e-03 4.79557e-03 4.77585e-03 4.78108e-03 4.79910e-03 4.81955e-03 4.83434e-03 4.83777e-03 4.82628e-03 4.79811e-03 4.75285e-03 4.69100e-03 4.61366e-03 4.52226e-03 4.41836e-03 4.30357e-03 4.17943e-03 4.04746e-03 3.90909e-03 3.76566e-03 3.61845e-03 3.46869e-03 3.31751e-03 3.16601e-03 3.01519e-03 2.86597e-03 2.71916e-03 2.57545e-03 2.43540e-03 2.29944e-03 2.16784e-03 2.04075e-03 1.91820e-03 1.80012e-03 1.68635e-03 1.57671e-03 1.47099e-03 1.36900e-03 1.27061e-03 1.17572e-03 1.08433e-03 9.96514e-04 9.12408e-04 8.32196e-04 7.56086e-04 6.84275e-04 6.16928e-04 5.54150e-04 4.95975e-04 4.42361e-04 3.93191e-04 3.48287e-04 3.07421e-04 2.70336e-04 2.36755e-04 2.06404e-04 1.79015e-04 1.54342e-04 1.32160e-04 1.12271e-04 9.45010e-05 7.87018e-05 6.47435e-05 5.25119e-05 4.19025e-05 3.28157e-05 2.51516e-05 1.88059e-05 1.36662e-05 9.61101e-06 6.50898e-06 4.22105e-06 2.60416e-06 1.51692e-06 8.26580e-07 4.16183e-07 1.90061e-07 7.62861e-08 2.53795e-08 6.19789e-09 8.21952e-10 2.02626e-11
1.297293 5.89909e-02 9.05869e-02 7.29258e-02 5.94375e-02 4.83963e-02 3.90568e-02 3.17228e-02 2.63417e-02 2.24266e-02 1.94955e-02 1.72488e-02 1.55262e-02 1.42328e-02 1.32941e-02 1.26386e-02 1.21988e-02 1.19153e-02 1.17413e-02 1.16422e-02 1.15944e-02 1.15824e-02 1.15959e-02 1.16277e-02 1.16712e-02 1.17191e-02 1.17623e-02 1.17894e-02 1.17871e-02 1.17409e-02 1.16367e-02 1.14624e-02 1.12101e-02 1.08772e-02 1.04671e-02 9.98928e-03 9.45818e-03 8.89197e-03 8.31087e-03 7.73551e-03 7.18549e-03 6.67815e-03 6.22762e-03 5.84407e-03 5.53323e-03 5.29611e-03 5.12908e-03 5.02438e-03 4.97101e-03 4.95596e-03 4.96566e-03 4.98731e-03 5.00991e-03 5.02487e-03 5.02623e-03 5.01042e-03 4.97583e-03 4.92240e-03 4.85102e-03 4.76320e-03 4.66073e-03 4.54551e-03 4.41940e-03 4.28417e-03 4.14146e-03 3.99282e-03 3.83969e-03 3.68341e-03 3.52525e-03 3.36640e-03 3.20799e-03 3.05106e-03 2.89655e-03 2.74529e-03 2.59795e-03 2.45510e-03 2.31712e-03 2.18425e-03 2.05658e-03 1.93405e-03 1.81651e-03 1.70370e-03 1.59531e-03 1.49102e-03 1.39050e-03 1.29347e-03 1.19974e-03 1.10918e-03 1.02180e-03 9.37682e-04 8.57005e-04 7.80004e-04 7.06939e-04 6.38053e-04 5.73547e-04 5.13551e-04 4.58108e-04 4.07176e-04 3.60629e-04 3.18277e-04 2.79876e-04 2.45152e-04 2.13821e-04 1.85595e-04 1.60206e-04 1.37403e-04 1.16965e-04 9.86985e-05 8.24365e-05 6.80375e-05 5.53800e-05 4.43572e-05 3.48712e-05 2.68271e-05 2.01276e-05 1.46684e-05 1.03353e-05 7.00292e-06 4.53476e-06 2.78665e-06 1.61208e-06 8.69791e-07 4.32578e-07 1.94914e-07 7.72387e-08 2.54201e-08 6.15620e-09 8.11576e-10 1.99361e-11
1.347189 5.57515e-02 8.56594e-02 6.91654e-02 5.67160e-02 4.65316e-02 3.80207e-02 3.13898e-02 2.64975e-02 2.28584e-02 2.00477e-02 1.78270e-02 1.60804e-02 1.47414e-02 1.37525e-02 1.30523e-02 1.25782e-02 1.22735e-02 1.20916e-02 1.19975e-02 1.19656e-02 1.19786e-02 1.20240e-02 1.20920e-02 1.21732e-02 1.22569e-02 1.23301e-02 1.23773e-02 1.23814e-02 1.23252e-02 1.21935e-02 1.19759e-02 1.16681e-02 1.12730e-02 1.08000e-02 1.02644e-02 9.68521e-03 9.08306e-03 8.47879e-03 7.89184e-03 7.33931e-03 6.83540e-03 6.39110e-03 6.01396e-03 5.70799e-03 5.47345e-03 5.30684e-03 5.20103e-03 5.14582e-03 5.12883e-03 5.13676e-03 5.15666e-03 5.17714e-03 5.18914e-03 5.18631e-03 5.16484e-03 5.12318e-03 5.06140e-03 4.98069e-03 4.88291e-03 4.77016e-03 4.64462e-03 4.50837e-03 4.36336e-03 4.21134e-03 4.05394e-03 3.89264e-03 3.72882e-03 3.56377e-03 3.39872e-03 3.23480e-03 3.07307e-03 2.91446e-03 2.75980e-03 2.60978e-03 2.46494e-03 2.32564e-03 2.19208e-03 2.06431e-03 1.94224e-03 1.82565e-03 1.71420e-03 1.60751e-03 1.50514e-03 1.40666e-03 1.31166e-03 1.21981e-03 1.13087e-03 1.04474e-03 9.61412e-04 8.81033e-04 8.03827e-04 7.30084e-04 6.60117e-04 5.94214e-04 5.32607e-04 4.75442e-04 4.22768e-04 3.74537e-04 3.30612e-04 2.90785e-04 2.54798e-04 2.22366e-04 1.93191e-04 1.66984e-04 1.43472e-04 1.22409e-04 1.03579e-04 8.67947e-05 7.19008e-05 5.87655e-05 4.72775e-05 3.73392e-05 2.88603e-05 2.17508e-05 1.59159e-05 1.12506e-05 7.63732e-06 4.94480e-06 3.02965e-06 1.74126e-06 9.29653e-07 4.55838e-07 2.02070e-07 7.88060e-08 2.55922e-08 6.13699e-09 8.03606e-10 1.96623e-11
1.397085 5.47293e-02 8.24847e-02 6.57048e-02 5.37669e-02 4.43842e-02 3.67075e-02 3.07938e-02 2.63980e-02 2.30436e-02 2.03744e-02 1.82126e-02 1.64799e-02 1.51313e-02 1.41221e-02 1.33987e-02 1.29045e-02 1.25867e-02 1.24017e-02 1.23153e-02 1.23018e-02 1.23427e-02 1.24233e-02 1.25311e-02 1.26528e-02 1.27730e-02 1.28736e-02 1.29339e-02 1.29330e-02 1.28519e-02 1.26770e-02 1.24021e-02 1.20294e-02 1.15693e-02 1.10380e-02 1.04558e-02 9.84454e-03 9.22528e-03 8.61716e-03 8.03650e-03 7.49651e-03 7.00743e-03 6.57674e-03 6.20942e-03 5.90802e-03 5.67258e-03 5.50040e-03 5.38589e-03 5.32066e-03 5.29392e-03 5.29337e-03 5.30643e-03 5.32143e-03 5.32867e-03 5.32107e-03 5.29425e-03 5.24628e-03 5.17714e-03 5.08816e-03 4.98140e-03 4.85927e-03 4.72420e-03 4.57851e-03 4.42431e-03 4.26347e-03 4.09771e-03 3.92857e-03 3.75747e-03 3.58574e-03 3.41463e-03 3.24529e-03 3.07880e-03 2.91611e-03 2.75805e-03 2.60531e-03 2.45841e-03 2.31770e-03 2.18335e-03 2.05540e-03 1.93371e-03 1.81801e-03 1.70793e-03 1.60302e-03 1.50276e-03 1.40663e-03 1.31411e-03 1.22474e-03 1.13817e-03 1.05416e-03 9.72612e-04 8.93586e-04 8.17265e-04 7.43935e-04 6.73940e-04 6.07633e-04 5.45329e-04 4.87265e-04 4.33582e-04 3.84310e-04 3.39375e-04 2.98615e-04 2.61797e-04 2.28645e-04 1.98860e-04 1.72138e-04 1.48190e-04 1.26747e-04 1.07573e-04 9.04633e-05 7.52463e-05 6.17808e-05 4.99507e-05 3.96591e-05 3.08206e-05 2.33545e-05 1.71772e-05 1.21965e-05 8.30645e-06 5.38513e-06 3.29427e-06 1.88290e-06 9.94882e-07 4.80376e-07 2.08951e-07 7.99282e-08 2.55374e-08 6.05297e-09 7.86604e-10 1.91622e-11
1.446981 4.96606e-02 7.70798e-02 6.26170e-02 5.14028e-02 4.26463e-02 3.56850e-02 3.03858e-02 2.64068e-02 2.32911e-02 2.07460e-02 1.86454e-02 1.69402e-02 1.56002e-02 1.45878e-02 1.38548e-02 1.33495e-02 1.30245e-02 1.28402e-02 1.27646e-02 1.27732e-02 1.28465e-02 1.29677e-02 1.31202e-02 1.32853e-02 1.34410e-02 1.35617e-02 1.36210e-02 1.35946e-02 1.34646e-02 1.32222e-02 1.28696e-02 1.24182e-02 1.18869e-02 1.12984e-02 1.06765e-02 1.00435e-02 9.41855e-03 8.81739e-03 8.25199e-03 7.73113e-03 7.26100e-03 6.84578e-03 6.48808e-03 6.18917e-03 5.94892e-03 5.76559e-03 5.63541e-03 5.55228e-03 5.50773e-03 5.49128e-03 5.49135e-03 5.49637e-03 5.49605e-03 5.48234e-03 5.44987e-03 5.39591e-03 5.32003e-03 5.22339e-03 5.10816e-03 4.97695e-03 4.83245e-03 4.67721e-03 4.51351e-03 4.34341e-03 4.16871e-03 3.99102e-03 3.81183e-03 3.63251e-03 3.45435e-03 3.27855e-03 3.10619e-03 2.93826e-03 2.77559e-03 2.61887e-03 2.46861e-03 2.32515e-03 2.18866e-03 2.05915e-03 1.93645e-03 1.82030e-03 1.71029e-03 1.60591e-03 1.50662e-03 1.41180e-03 1.32086e-03 1.23324e-03 1.14844e-03 1.06611e-03 9.86037e-04 9.08169e-04 8.32621e-04 7.59645e-04 6.89589e-04 6.22846e-04 5.59798e-04 5.00769e-04 4.45986e-04 3.95563e-04 3.49495e-04 3.07670e-04 2.69891e-04 2.35896e-04 2.05385e-04 1.78047e-04 1.53575e-04 1.31678e-04 1.12099e-04 9.46118e-05 7.90283e-05 6.51944e-05 5.29866e-05 4.23065e-05 3.30724e-05 2.52118e-05 1.86526e-05 1.33158e-05 9.10889e-06 5.92118e-06 3.62182e-06 2.06142e-06 1.07869e-06 5.12598e-07 2.18287e-07 8.16132e-08 2.55713e-08 5.97968e-09 7.70674e-10 1.86873e-11
1.496876 4.94404e-02 7.36854e-02 5.88616e-02 4.86859e-02 4.07302e-02 3.44644e-02 2.97521e-02 2.61688e-02 2.32874e-02 2.08824e-02 1.88730e-02 1.72310e-02 1.59343e-02 1.49482e-02 1.42280e-02 1.37276e-02 1.34062e-02 1.32298e-02 1.31706e-02 1.32059e-02 1.33160e-02 1.34811e-02 1.36791e-02 1.38837e-02 1.40635e-02 1.41852e-02 1.42172e-02 1.41359e-02 1.39291e-02 1.35984e-02 1.31570e-02 1.26270e-02 1.20344e-02 1.14058e-02 1.07650e-02 1.01317e-02 9.52111e-03 8.94403e-03 8.40770e-03 7.91666e-03 7.47361e-03 7.08000e-03 6.73648e-03 6.44311e-03 6.19946e-03 6.00440e-03 5.85575e-03 5.74982e-03 5.68095e-03 5.64137e-03 5.62155e-03 5.61096e-03 5.59934e-03 5.57781e-03 5.53980e-03 5.48142e-03 5.40128e-03 5.30002e-03 5.17958e-03 5.04262e-03 4.89198e-03 4.73039e-03 4.56032e-03 4.38395e-03 4.20318e-03 4.01971e-03 3.83507e-03 3.65066e-03 3.46781e-03 3.28773e-03 3.11153e-03 2.94020e-03 2.77457e-03 2.61532e-03 2.46296e-03 2.31782e-03 2.18007e-03 2.04970e-03 1.92657e-03 1.81041e-03 1.70081e-03 1.59728e-03 1.49924e-03 1.40605e-03 1.31707e-03 1.23164e-03 1.14918e-03 1.06920e-03 9.91375e-04 9.15519e-04 8.41647e-04 7.69940e-04 7.00713e-04 6.34366e-04 5.71323e-04 5.11978e-04 4.56640e-04 4.05510e-04 3.58663e-04 3.16050e-04 2.77522e-04 2.42847e-04 2.11739e-04 1.83886e-04 1.58970e-04 1.36688e-04 1.16761e-04 9.89454e-05 8.30348e-05 6.88620e-05 5.62957e-05 4.52345e-05 3.56004e-05 2.73293e-05 2.03620e-05 1.46351e-05 1.00722e-05 6.57759e-06 4.03161e-06 2.29002e-06 1.18877e-06 5.56162e-07 2.31427e-07 8.42235e-08 2.57591e-08 5.92428e-09 7.56142e-10 1.82381e-11
1.546772 4.76419e-02 7.10854e-02 5.60332e-02 4.59712e-02 3.87487e-02 3.31872e-02 2.90065e-02 2.57786e-02 2.31227e-02 2.08713e-02 1.89781e-02 1.74280e-02 1.62006e-02 1.52616e-02 1.45694e-02 1.40846e-02 1.37742e-02 1.36116e-02 1.35745e-02 1.36429e-02 1.37965e-02 1.40114e-02 1.42579e-02 1.44989e-02 1.46924e-02 1.47974e-02 1.47811e-02 1.46253e-02 1.43292e-02 1.39076e-02 1.33858e-02 1.27939e-02 1.21619e-02 1.15161e-02 1.08773e-02 1.02605e-02 9.67595e-03 9.12960e-03 8.62482e-03 8.16314e-03 7.74500e-03 7.37014e-03 7.03795e-03 6.74762e-03 6.49826e-03 6.28892e-03 6.11842e-03 5.98498e-03 5.88566e-03 5.81586e-03 5.76900e-03 5.73670e-03 5.70959e-03 5.67841e-03 5.63529e-03 5.57461e-03 5.49336e-03 5.39094e-03 5.26859e-03 5.12869e-03 4.97411e-03 4.80776e-03 4.63233e-03 4.45023e-03 4.26352e-03 4.07403e-03 3.88341e-03 3.69315e-03 3.50463e-03 3.31913e-03 3.13781e-03 2.96168e-03 2.79161e-03 2.62830e-03 2.47225e-03 2.32382e-03 2.18318e-03 2.05036e-03 1.92522e-03 1.80750e-03 1.69684e-03 1.59274e-03 1.49463e-03 1.40187e-03 1.31376e-03 1.22959e-03 1.14870e-03 1.07047e-03 9.94449e-04 9.20326e-04 8.47993e-04 7.77536e-04 7.09211e-04 6.43399e-04 5.80541e-04 5.21078e-04 4.65390e-04 4.13750e-04 3.66307e-04 3.23077e-04 2.83956e-04 2.48744e-04 2.17170e-04 1.88924e-04 1.63681e-04 1.41122e-04 1.20950e-04 1.02902e-04 8.67541e-05 7.23247e-05 5.94724e-05 4.80923e-05 3.81080e-05 2.94637e-05 2.21128e-05 1.60080e-05 1.10908e-05 7.28281e-06 4.47868e-06 2.54277e-06 1.31153e-06 6.04612e-07 2.45598e-07 8.67081e-08 2.57739e-08 5.81384e-09 7.34286e-10 1.76155e-11
1.596668 4.28589e-02 6.55611e-02 5.28584e-02 4.37597e-02 3.71559e-02 3.22074e-02 2.84811e-02 2.55335e-02 2.30561e-02 2.09385e-02 1.91593e-02 1.77080e-02 1.65609e-02 1.56806e-02 1.50272e-02 1.45678e-02 1.42779e-02 1.41385e-02 1.41331e-02 1.42444e-02 1.44502e-02 1.47197e-02 1.50111e-02 1.52737e-02 1.54542e-02 1.55075e-02 1.54063e-02 1.51455e-02 1.47407e-02 1.42213e-02 1.36228e-02 1.29799e-02 1.23221e-02 1.16720e-02 1.10452e-02 1.04512e-02 9.89506e-03 9.37895e-03 8.90337e-03 8.46791e-03 8.07164e-03 7.71334e-03 7.39159e-03 7.10486e-03 6.85164e-03 6.63057e-03 6.44055e-03 6.28061e-03 6.14962e-03 6.04566e-03 5.96544e-03 5.90375e-03 5.85356e-03 5.80662e-03 5.75459e-03 5.69030e-03 5.60871e-03 5.50729e-03 5.38583e-03 5.24586e-03 5.08992e-03 4.92094e-03 4.74180e-03 4.55515e-03 4.36330e-03 4.16824e-03 3.97178e-03 3.77553e-03 3.58096e-03 3.38943e-03 3.20216e-03 3.02021e-03 2.84451e-03 2.67577e-03 2.51456e-03 2.36125e-03 2.21605e-03 2.07901e-03 1.95005e-03 1.82896e-03 1.71539e-03 1.60892e-03 1.50898e-03 1.41497e-03 1.32616e-03 1.24181e-03 1.16119e-03 1.08358e-03 1.00839e-03 9.35181e-04 8.63699e-04 7.93907e-04 7.25972e-04 6.60223e-04 5.97095e-04 5.37059e-04 4.80553e-04 4.27927e-04 3.79405e-04 3.35076e-04 2.94890e-04 2.58689e-04 2.26224e-04 1.97192e-04 1.71261e-04 1.48099e-04 1.27387e-04 1.08843e-04 9.22186e-05 7.73153e-05 6.39779e-05 5.20939e-05 4.15867e-05 3.24069e-05 2.45207e-05 1.78979e-05 1.24998e-05 8.26731e-06 5.11195e-06 2.90859e-06 1.49493e-06 6.80730e-07 2.70065e-07 9.22220e-08 2.64970e-08 5.83596e-09 7.27928e-10 1.73557e-11
1.646564 4.19976e-02 6.27010e-02 4.98193e-02 4.13146e-02 3.53925e-02 3.10329e-02 2.77325e-02 2.50541e-02 2.27582e-02 2.07893e-02 1.91462e-02 1.78179e-02 1.67739e-02 1.59726e-02 1.53764e-02 1.49594e-02 1.47060e-02 1.46056e-02 1.46476e-02 1.48162e-02 1.50844e-02 1.54095e-02 1.57330e-02 1.59884e-02 1.61149e-02 1.60719e-02 1.58481e-02 1.54590e-02 1.49391e-02 1.43305e-02 1.36735e-02 1.30020e-02 1.23407e-02 1.17054e-02 1.11051e-02 1.05436e-02 1.00221e-02 9.53971e-03 9.09535e-03 8.68752e-03 8.31467e-03 7.97514e-03 7.66713e-03 7.38867e-03 7.13773e-03 6.91235e-03 6.71092e-03 6.53228e-03 6.37578e-03 6.24094e-03 6.12695e-03 6.03189e-03 5.95210e-03 5.88204e-03 5.81470e-03 5.74265e-03 5.65935e-03 5.56010e-03 5.44258e-03 5.30669e-03 5.15398e-03 4.98698e-03 4.80852e-03 4.62141e-03 4.42815e-03 4.23097e-03 4.03182e-03 3.83243e-03 3.63439e-03 3.43912e-03 3.24792e-03 3.06191e-03 2.88207e-03 2.70918e-03 2.54384e-03 2.38649e-03 2.23737e-03 2.09660e-03 1.96415e-03 1.83987e-03 1.72350e-03 1.61465e-03 1.51283e-03 1.41747e-03 1.32788e-03 1.24331e-03 1.16299e-03 1.08613e-03 1.01202e-03 9.40101e-04 8.69969e-04 8.01452e-04 7.34598e-04 6.69656e-04 6.07022e-04 5.47165e-04 4.90560e-04 4.37612e-04 3.88616e-04 3.43725e-04 3.02952e-04 2.66179e-04 2.33189e-04 2.03691e-04 1.77356e-04 1.53843e-04 1.32819e-04 1.13979e-04 9.70610e-05 8.18451e-05 6.81632e-05 5.58946e-05 4.49616e-05 3.53209e-05 2.69517e-05 1.98427e-05 1.39771e-05 9.31917e-06 5.80145e-06 3.31434e-06 1.70180e-06 7.67602e-07 2.97962e-07 9.82931e-08 2.71728e-08 5.81812e-09 7.15452e-10 1.69461e-11
1.696460 3.88705e-02 5.89895e-02 4.71581e-02 3.91792e-02 3.38368e-02 2.99818e-02 2.70336e-02 2.45845e-02 2.24583e-02 2.06398e-02 1.91403e-02 1.79452e-02 1.70158e-02 1.63061e-02 1.57811e-02 1.54227e-02 1.52239e-02 1.51821e-02 1.52917e-02 1.55351e-02 1.58749e-02 1.62499e-02 1.65811e-02 1.67887e-02 1.68138e-02 1.66333e-02 1.62608e-02 1.57358e-02 1.51083e-02 1.44267e-02 1.37301e-02 1.30465e-02 1.23930e-02 1.17782e-02 1.12051e-02 1.06737e-02 1.01819e-02 9.72780e-03 9.30910e-03 8.92390e-03 8.57042e-03 8.24684e-03 7.95118e-03 7.68125e-03 7.43466e-03 7.20895e-03 7.00185e-03 6.81150e-03 6.63675e-03 6.47722e-03 6.33310e-03 6.20467e-03 6.09144e-03 5.99137e-03 5.90044e-03 5.81287e-03 5.72202e-03 5.62168e-03 5.50722e-03 5.37622e-03 5.22842e-03 5.06525e-03 4.88912e-03 4.70278e-03 4.50894e-03 4.31004e-03 4.10826e-03 3.90552e-03 3.70355e-03 3.50390e-03 3.30796e-03 3.11697e-03 2.93197e-03 2.75383e-03 2.58323e-03 2.42068e-03 2.26650e-03 2.12088e-03 1.98384e-03 1.85531e-03 1.73509e-03 1.62285e-03 1.51819e-03 1.42055e-03 1.32929e-03 1.24368e-03 1.16289e-03 1.08609e-03 1.01249e-03 9.41385e-04 8.72252e-04 8.04782e-04 7.38905e-04 6.74782e-04 6.12754e-04 5.53275e-04 4.96832e-04 4.43869e-04 3.94726e-04 3.49609e-04 3.08575e-04 2.71543e-04 2.38317e-04 2.08619e-04 1.82119e-04 1.58468e-04 1.37322e-04 1.18359e-04 1.01297e-04 8.59025e-05 7.19937e-05 5.94421e-05 4.81685e-05 3.81356e-05 2.93359e-05 2.17775e-05 1.54673e-05 1.03948e-05 6.51620e-06 3.74063e-06 1.92179e-06 8.60705e-07 3.27740e-07 1.04519e-07 2.77234e-08 5.74958e-09 6.96079e-10 1.63769e-11
1.746356 3.61427e-02 5.49773e-02 4.44152e-02 3.72630e-02 3.24744e-02 2.90671e-02 2.64142e-02 2.41535e-02 2.21765e-02 2.05016e-02 1.91453e-02 1.80854e-02 1.72739e-02 1.66615e-02 1.62174e-02 1.59313e-02 1.58057e-02 1.58453e-02 1.60459e-02 1.63818e-02 1.67955e-02 1.71986e-02 1.74904e-02 1.75879e-02 1.74512e-02 1.70895e-02 1.65483e-02 1.58882e-02 1.51679e-02 1.44335e-02 1.37167e-02 1.30359e-02 1.23997e-02 1.18099e-02 1.12651e-02 1.07622e-02 1.02980e-02 9.86946e-03 9.47400e-03 9.10953e-03 8.77417e-03 8.46603e-03 8.18310e-03 7.92309e-03 7.68349e-03 7.46158e-03 7.25465e-03 7.06019e-03 6.87624e-03 6.70165e-03 6.53625e-03 6.38078e-03 6.23646e-03 6.10412e-03 5.98335e-03 5.87173e-03 5.76485e-03 5.65694e-03 5.54217e-03 5.41584e-03 5.27524e-03 5.11974e-03 4.95045e-03 4.76949e-03 4.57942e-03 4.38280e-03 4.18198e-03 3.97905e-03 3.77590e-03 3.57418e-03 3.37540e-03 3.18090e-03 2.99182e-03 2.80915e-03 2.63369e-03 2.46604e-03 2.30665e-03 2.15579e-03 2.01362e-03 1.88015e-03 1.75528e-03 1.63879e-03 1.53035e-03 1.42950e-03 1.33566e-03 1.24812e-03 1.16607e-03 1.08865e-03 1.01499e-03 9.44260e-04 8.75807e-04 8.09173e-04 7.44150e-04 6.80783e-04 6.19339e-04 5.60233e-04 5.03953e-04 4.50969e-04 4.01666e-04 3.56300e-04 3.14975e-04 2.77647e-04 2.44147e-04 2.14211e-04 1.87511e-04 1.63691e-04 1.42395e-04 1.23285e-04 1.06059e-04 9.04671e-05 7.63110e-05 6.34523e-05 5.18085e-05 4.13468e-05 3.20724e-05 2.40139e-05 1.72040e-05 1.16607e-05 7.36747e-06 4.25580e-06 2.19247e-06 9.77883e-07 3.66389e-07 1.13069e-07 2.86733e-08 5.72819e-09 6.81017e-10 1.59071e-11
1.796252 3.60376e-02 5.28290e-02 4.18423e-02 3.52711e-02 3.10481e-02 2.80247e-02 2.56295e-02 2.35517e-02 2.17320e-02 2.02124e-02 1.90106e-02 1.80956e-02 1.74107e-02 1.69056e-02 1.65554e-02 1.63588e-02 1.63268e-02 1.64696e-02 1.67791e-02 1.72119e-02 1.76803e-02 1.80661e-02 1.82575e-02 1.81882e-02 1.78555e-02 1.73080e-02 1.66184e-02 1.58576e-02 1.50812e-02 1.43261e-02 1.36128e-02 1.29499e-02 1.23391e-02 1.17778e-02 1.12619e-02 1.07870e-02 1.03491e-02 9.94485e-03 9.57166e-03 9.22730e-03 8.90986e-03 8.61742e-03 8.34798e-03 8.09929e-03 7.86885e-03 7.65392e-03 7.45165e-03 7.25923e-03 7.07409e-03 6.89418e-03 6.71833e-03 6.54644e-03 6.37958e-03 6.21965e-03 6.06873e-03 5.92801e-03 5.79694e-03 5.67270e-03 5.55067e-03 5.42539e-03 5.29193e-03 5.14695e-03 4.98910e-03 4.81885e-03 4.63786e-03 4.44839e-03 4.25283e-03 4.05344e-03 3.85226e-03 3.65110e-03 3.45159e-03 3.25519e-03 3.06319e-03 2.87671e-03 2.69669e-03 2.52391e-03 2.35897e-03 2.20232e-03 2.05426e-03 1.91495e-03 1.78443e-03 1.66262e-03 1.54930e-03 1.44413e-03 1.34663e-03 1.25615e-03 1.17193e-03 1.09308e-03 1.01866e-03 9.47770e-04 8.79594e-04 8.13516e-04 7.49170e-04 6.86463e-04 6.25562e-04 5.66826e-04 5.10725e-04 4.57749e-04 4.08322e-04 3.62745e-04 3.21167e-04 2.83584e-04 2.49852e-04 2.19718e-04 1.92859e-04 1.68913e-04 1.47509e-04 1.28293e-04 1.10945e-04 9.51925e-05 8.08226e-05 6.76836e-05 5.56870e-05 4.48024e-05 3.50469e-05 2.64697e-05 1.91314e-05 1.30817e-05 8.33520e-06 4.85007e-06 2.51009e-06 1.11814e-06 4.13771e-07 1.23912e-07 2.99905e-08 5.73995e-09 6.68023e-10 1.54796e-11
1.846148 3.30226e-02 4.94529e-02 3.95876e-02 3.35227e-02 2.98120e-02 2.71474e-02 2.49631e-02 2.30389e-02 2.13641e-02 1.99930e-02 1.89396e-02 1.81638e-02 1.76028e-02 1.72078e-02 1.69607e-02 1.68695e-02 1.69534e-02 1.72238e-02 1.76600e-02 1.81880e-02 1.86808e-02 1.89951e-02 1.90261e-02 1.87465e-02 1.82028e-02 1.74811e-02 1.66698e-02 1.58380e-02 1.50302e-02 1.42702e-02 1.35676e-02 1.29237e-02 1.23352e-02 1.17971e-02 1.13039e-02 1.08507e-02 1.04331e-02 1.00479e-02 9.69217e-03 9.36377e-03 9.06073e-03 8.78112e-03 8.52293e-03 8.28393e-03 8.06169e-03 7.85354e-03 7.65671e-03 7.46835e-03 7.28569e-03 7.10620e-03 6.92786e-03 6.74938e-03 6.57057e-03 6.39252e-03 6.21749e-03 6.04842e-03 5.88801e-03 5.73761e-03 5.59636e-03 5.46109e-03 5.32697e-03 5.18886e-03 5.04257e-03 4.88568e-03 4.71766e-03 4.53947e-03 4.35294e-03 4.16023e-03 3.96352e-03 3.76480e-03 3.56588e-03 3.36835e-03 3.17367e-03 2.98313e-03 2.79783e-03 2.61878e-03 2.44678e-03 2.28252e-03 2.12650e-03 1.97913e-03 1.84064e-03 1.71113e-03 1.59057e-03 1.47878e-03 1.37539e-03 1.27989e-03 1.19155e-03 1.10952e-03 1.03282e-03 9.60431e-04 8.91396e-04 8.24912e-04 7.60421e-04 6.97663e-04 6.36675e-04 5.77738e-04 5.21296e-04 4.67853e-04 4.17870e-04 3.71700e-04 3.29539e-04 2.91416e-04 2.57212e-04 2.26684e-04 1.99505e-04 1.75299e-04 1.53678e-04 1.34264e-04 1.16714e-04 1.00732e-04 8.60843e-05 7.26022e-05 6.01883e-05 4.88123e-05 3.85023e-05 2.93287e-05 2.13826e-05 1.47486e-05 9.47722e-06 5.55702e-06 2.89195e-06 1.28906e-06 4.72477e-07 1.37653e-07 3.17488e-08 5.78673e-09 6.57045e-10 1.51007e-11
1.896044 3.06521e-02 4.63301e-02 3.73858e-02 3.19612e-02 2.87098e-02 2.63695e-02 2.43798e-02 2.25909e-02 2.10466e-02 1.98152e-02 1.89046e-02 1.82636e-02 1.78250e-02 1.75439e-02 1.74116e-02 1.74463e-02 1.76738e-02 1.80993e-02 1.86738e-02 1.92756e-02 1.97342e-02 1.98972e-02 1.96971e-02 1.91678e-02 1.84087e-02 1.75316e-02 1.66254e-02 1.57462e-02 1.49224e-02 1.41650e-02 1.34748e-02 1.28479e-02 1.22784e-02 1.17597e-02 1.12858e-02 1.08513e-02 1.04518e-02 1.00837e-02 9.74421e-03 9.43096e-03 9.14189e-03 8.87501e-03 8.62821e-03 8.39925e-03 8.18571e-03 7.98503e-03 7.79457e-03 7.61166e-03 7.43368e-03 7.25812e-03 7.08271e-03 6.90553e-03 6.72529e-03 6.54160e-03 6.35531e-03 6.16863e-03 5.98490e-03 5.80787e-03 5.64059e-03 5.48424e-03 5.33744e-03 5.19647e-03 5.05624e-03 4.91179e-03 4.75947e-03 4.59748e-03 4.42584e-03 4.24575e-03 4.05910e-03 3.86793e-03 3.67421e-03 3.47973e-03 3.28607e-03 3.09465e-03 2.90674e-03 2.72350e-03 2.54594e-03 2.37500e-03 2.21145e-03 2.05598e-03 1.90909e-03 1.77117e-03 1.64242e-03 1.52289e-03 1.41242e-03 1.31064e-03 1.21699e-03 1.13067e-03 1.05070e-03 9.76023e-04 9.05525e-04 8.38214e-04 7.73314e-04 7.10350e-04 6.49182e-04 5.89978e-04 5.33126e-04 4.79133e-04 4.28498e-04 3.81629e-04 3.38777e-04 3.00019e-04 2.65261e-04 2.34273e-04 2.06723e-04 1.82223e-04 1.60362e-04 1.40738e-04 1.22980e-04 1.06766e-04 9.18381e-05 7.80076e-05 6.51641e-05 5.32743e-05 4.23747e-05 3.25572e-05 2.39449e-05 1.66623e-05 1.08009e-05 6.38581e-06 3.34590e-06 1.49580e-06 5.45083e-07 1.55196e-07 3.41547e-08 5.89687e-09 6.50173e-10 1.48054e-11
1.945939 2.95376e-02 4.42514e-02 3.55421e-02 3.05052e-02 2.76398e-02 2.55765e-02 2.37685e-02 2.21199e-02 2.07105e-02 1.96183e-02 1.88462e-02 1.83358e-02 1.80188e-02 1.78575e-02 1.78543e-02 1.80383e-02 1.84375e-02 1.90382e-02 1.97438e-02 2.03720e-02 2.07185e-02 2.06534e-02 2.01772e-02 1.93953e-02 1.84487e-02 1.74554e-02 1.64899e-02 1.55882e-02 1.47631e-02 1.40149e-02 1.33390e-02 1.27286e-02 1.21763e-02 1.16751e-02 1.12184e-02 1.08006e-02 1.04171e-02 1.00644e-02 9.73947e-03 9.44001e-03 9.16384e-03 8.90882e-03 8.67277e-03 8.45337e-03 8.24819e-03 8.05473e-03 7.87048e-03 7.69299e-03 7.51989e-03 7.34895e-03 7.17808e-03 7.00539e-03 6.82922e-03 6.64830e-03 6.46207e-03 6.27099e-03 6.07687e-03 5.88296e-03 5.69353e-03 5.51287e-03 5.34403e-03 5.18765e-03 5.04151e-03 4.90106e-03 4.76084e-03 4.61593e-03 4.46310e-03 4.30108e-03 4.13027e-03 3.95215e-03 3.76863e-03 3.58166e-03 3.39302e-03 3.20431e-03 3.01692e-03 2.83211e-03 2.65105e-03 2.47489e-03 2.30466e-03 2.14137e-03 1.98589e-03 1.83896e-03 1.70114e-03 1.57280e-03 1.45404e-03 1.34476e-03 1.24456e-03 1.15278e-03 1.06853e-03 9.90687e-04 9.18057e-04 8.49459e-04 7.83878e-04 7.20592e-04 6.59241e-04 5.99832e-04 5.42667e-04 4.88232e-04 4.37059e-04 3.89610e-04 3.46195e-04 3.06939e-04 2.71775e-04 2.40482e-04 2.12723e-04 1.88091e-04 1.66149e-04 1.46466e-04 1.28643e-04 1.12330e-04 9.72425e-05 8.31715e-05 6.99923e-05 5.76661e-05 4.62364e-05 3.58153e-05 2.65591e-05 1.86345e-05 1.21785e-05 7.25689e-06 3.82811e-06 1.71788e-06 6.23871e-07 1.74300e-07 3.67058e-08 5.98155e-09 6.37597e-10 1.43774e-11
1.995835 2.67835e-02 4.10787e-02 3.37722e-02 2.93579e-02 2.68236e-02 2.49801e-02 2.33193e-02 2.17937e-02 2.05104e-02 1.95509e-02 1.89108e-02 1.85261e-02 1.83310e-02 1.82984e-02 1.84441e-02 1.88071e-02 1.94082e-02 2.01929e-02 2.09929e-02 2.15623e-02 2.16931e-02 2.13227e-02 2.05443e-02 1.95283e-02 1.84327e-02 1.73604e-02 1.63609e-02 1.54497e-02 1.46269e-02 1.38868e-02 1.32218e-02 1.26239e-02 1.20851e-02 1.15976e-02 1.11546e-02 1.07503e-02 1.03801e-02 1.00402e-02 9.72756e-03 9.43978e-03 9.17452e-03 8.92950e-03 8.70241e-03 8.49085e-03 8.29236e-03 8.10450e-03 7.92486e-03 7.75116e-03 7.58133e-03 7.41345e-03 7.24583e-03 7.07694e-03 6.90537e-03 6.72980e-03 6.54910e-03 6.36251e-03 6.17002e-03 5.97277e-03 5.77345e-03 5.57618e-03 5.38592e-03 5.20719e-03 5.04265e-03 4.89199e-03 4.75181e-03 4.61662e-03 4.48046e-03 4.33850e-03 4.18796e-03 4.02816e-03 3.86001e-03 3.68524e-03 3.50583e-03 3.32361e-03 3.14018e-03 2.95691e-03 2.77503e-03 2.59574e-03 2.42028e-03 2.24989e-03 2.08582e-03 1.92924e-03 1.78118e-03 1.64246e-03 1.51361e-03 1.39488e-03 1.28615e-03 1.18699e-03 1.09663e-03 1.01402e-03 9.37886e-04 8.66900e-04 7.99803e-04 7.35582e-04 6.73595e-04 6.13620e-04 5.55815e-04 5.00613e-04 4.48561e-04 4.00186e-04 3.55870e-04 3.15800e-04 2.79953e-04 2.48123e-04 2.19966e-04 1.95051e-04 1.72912e-04 1.53081e-04 1.35122e-04 1.18652e-04 1.03356e-04 8.89994e-05 7.54382e-05 6.26249e-05 5.06067e-05 3.95146e-05 2.95393e-05 2.08933e-05 1.37647e-05 8.26677e-06 4.39222e-06 1.98099e-06 7.18926e-07 1.98027e-07 4.00851e-08 6.14961e-09 6.30013e-10 1.40466e-11
2.045731 2.67140e-02 3.96066e-02 3.21584e-02 2.82208e-02 2.60376e-02 2.43952e-02 2.28682e-02 2.14622e-02 2.03038e-02 1.94738e-02 1.89606e-02 1.86967e-02 1.86230e-02 1.87267e-02 1.90397e-02 1.96075e-02 2.04274e-02 2.13765e-02 2.21972e-02 2.25994e-02 2.24213e-02 2.17073e-02 2.06456e-02 1.94446e-02 1.82512e-02 1.71379e-02 1.61270e-02 1.52179e-02 1.44030e-02 1.36737e-02 1.30214e-02 1.24373e-02 1.19127e-02 1.14395e-02 1.10107e-02 1.06201e-02 1.02630e-02 9.93569e-03 9.63511e-03 9.35860e-03 9.10372e-03 8.86807e-03 8.64921e-03 8.44471e-03 8.25212e-03 8.06905e-03 7.89324e-03 7.72259e-03 7.55526e-03 7.38964e-03 7.22445e-03 7.05863e-03 6.89127e-03 6.72155e-03 6.54860e-03 6.37146e-03 6.18922e-03 6.00133e-03 5.80803e-03 5.61094e-03 5.41334e-03 5.22004e-03 5.03641e-03 4.86689e-03 4.71340e-03 4.57446e-03 4.44537e-03 4.31967e-03 4.19108e-03 4.05501e-03 3.90932e-03 3.75407e-03 3.59069e-03 3.42118e-03 3.24747e-03 3.07123e-03 2.89379e-03 2.71633e-03 2.54005e-03 2.36623e-03 2.19631e-03 2.03182e-03 1.87430e-03 1.72513e-03 1.58545e-03 1.45605e-03 1.33729e-03 1.22911e-03 1.13102e-03 1.04212e-03 9.61188e-04 8.86813e-04 8.17523e-04 7.52001e-04 6.89257e-04 6.28746e-04 5.70384e-04 5.14471e-04 4.61532e-04 4.12145e-04 3.66782e-04 3.25724e-04 2.89016e-04 2.56490e-04 2.27807e-04 2.02519e-04 1.80125e-04 1.60118e-04 1.42017e-04 1.25398e-04 1.09909e-04 9.52830e-05 8.13516e-05 6.80527e-05 5.54324e-05 4.36377e-05 3.28929e-05 2.34604e-05 1.55862e-05 9.43941e-06 5.05570e-06 2.29523e-06 8.34621e-07 2.27613e-07 4.44581e-08 6.39539e-09 6.24342e-10 1.37336e-11
2.095627 2.55986e-02 3.80122e-02 3.08052e-02 2.71840e-02 2.53126e-02 2.38574e-02 2.24550e-02 2.11643e-02 2.01264e-02 1.94189e-02 1.90246e-02 1.88766e-02 1.89255e-02 1.91744e-02 1.96705e-02 2.04569e-02 2.14866e-02 2.25473e-02 2.32992e-02 2.34518e-02 2.29357e-02 2.19117e-02 2.06347e-02 1.93166e-02 1.80737e-02 1.69462e-02 1.59357e-02 1.50322e-02 1.42253e-02 1.35056e-02 1.28642e-02 1.22920e-02 1.17798e-02 1.13192e-02 1.09026e-02 1.05238e-02 1.01782e-02 9.86170e-03 9.57124e-03 9.30403e-03 9.05745e-03 8.82900e-03 8.61617e-03 8.41650e-03 8.22762e-03 8.04722e-03 7.87315e-03 7.70347e-03 7.53652e-03 7.37094e-03 7.20572e-03 7.04023e-03 6.87408e-03 6.70705e-03 6.53890e-03 6.36920e-03 6.19721e-03 6.02188e-03 5.84207e-03 5.65699e-03 5.46690e-03 5.27374e-03 5.08145e-03 4.89553e-03 4.72181e-03 4.56457e-03 4.42482e-03 4.29962e-03 4.18278e-03 4.06682e-03 3.94522e-03 3.81390e-03 3.67162e-03 3.51933e-03 3.35909e-03 3.19310e-03 3.02321e-03 2.85079e-03 2.67699e-03 2.50289e-03 2.32980e-03 2.15929e-03 1.99318e-03 1.83340e-03 1.68179e-03 1.53989e-03 1.40880e-03 1.28907e-03 1.18066e-03 1.08298e-03 9.94987e-04 9.15251e-04 8.42159e-04 7.74111e-04 7.09744e-04 6.48116e-04 5.88803e-04 5.31873e-04 4.77755e-04 4.27042e-04 3.80294e-04 3.37899e-04 2.99995e-04 2.66473e-04 2.37013e-04 2.11153e-04 1.88354e-04 1.68059e-04 1.49737e-04 1.32910e-04 1.17181e-04 1.02244e-04 8.79021e-05 7.40725e-05 6.07973e-05 4.82366e-05 3.66489e-05 2.63488e-05 1.76462e-05 1.07735e-05 5.81618e-06 2.65901e-06 9.70386e-07 2.62991e-07 4.98370e-08 6.71804e-09 6.19529e-10 1.34080e-11
2.145523 2.37278e-02 3.58368e-02 2.95142e-02 2.63057e-02 2.47188e-02 2.34573e-02 2.21782e-02 2.09933e-02 2.00660e-02 1.94726e-02 1.91906e-02 1.91554e-02 1.93308e-02 1.97396e-02 2.04433e-02 2.14678e-02 2.26906e-02 2.37872e-02 2.43567e-02 2.41663e-02 2.32823e-02 2.19766e-02 2.05367e-02 1.91475e-02 1.78841e-02 1.67564e-02 1.57516e-02 1.48554e-02 1.40568e-02 1.33465e-02 1.27158e-02 1.21550e-02 1.16546e-02 1.12056e-02 1.08003e-02 1.04324e-02 1.00970e-02 9.79010e-03 9.50839e-03 9.24892e-03 9.00893e-03 8.78582e-03 8.57707e-03 8.38030e-03 8.19320e-03 8.01360e-03 7.83950e-03 7.66910e-03 7.50085e-03 7.33361e-03 7.16661e-03 6.99950e-03 6.83233e-03 6.66538e-03 6.49904e-03 6.33357e-03 6.16890e-03 6.00443e-03 5.83902e-03 5.67104e-03 5.49883e-03 5.32131e-03 5.13879e-03 4.95372e-03 4.77078e-03 4.59618e-03 4.43599e-03 4.29392e-03 4.16970e-03 4.05867e-03 3.95319e-03 3.84511e-03 3.72818e-03 3.59933e-03 3.45858e-03 3.30788e-03 3.14976e-03 2.98642e-03 2.81943e-03 2.64986e-03 2.47862e-03 2.30687e-03 2.13616e-03 1.96850e-03 1.80620e-03 1.65158e-03 1.50671e-03 1.37310e-03 1.25156e-03 1.14216e-03 1.04423e-03 9.56542e-04 8.77460e-04 8.05173e-04 7.37955e-04 6.74409e-04 6.13651e-04 5.55376e-04 4.99785e-04 4.47399e-04 3.98837e-04 3.54606e-04 3.14977e-04 2.79942e-04 2.49234e-04 2.22398e-04 1.98865e-04 1.78025e-04 1.59281e-04 1.42093e-04 1.26000e-04 1.10645e-04 9.57893e-05 8.13215e-05 6.72715e-05 5.38083e-05 4.12239e-05 2.98903e-05 2.01914e-05 1.24368e-05 6.77474e-06 3.12406e-06 1.14730e-06 3.10387e-07 5.74027e-08 7.24503e-09 6.23142e-10 1.32014e-11
2.195419 2.27844e-02 3.44575e-02 2.84224e-02 2.55118e-02 2.41713e-02 2.30871e-02 2.19359e-02 2.08615e-02 2.00444e-02 1.95624e-02 1.93905e-02 1.94696e-02 1.97802e-02 2.03678e-02 2.13015e-02 2.25643e-02 2.39232e-02 2.49392e-02 2.52045e-02 2.46103e-02 2.33762e-02 2.18512e-02 2.03121e-02 1.88963e-02 1.76366e-02 1.65205e-02 1.55275e-02 1.46423e-02 1.38549e-02 1.31567e-02 1.25388e-02 1.19913e-02 1.15041e-02 1.10680e-02 1.06751e-02 1.03190e-02 9.99450e-03 9.69758e-03 9.42468e-03 9.17269e-03 8.93873e-03 8.72018e-03 8.51459e-03 8.31971e-03 8.13340e-03 7.95366e-03 7.77863e-03 7.60662e-03 7.43626e-03 7.26654e-03 7.09692e-03 6.92731e-03 6.75806e-03 6.58982e-03 6.42340e-03 6.25955e-03 6.09881e-03 5.94123e-03 5.78630e-03 5.63283e-03 5.47898e-03 5.32255e-03 5.16146e-03 4.99453e-03 4.82239e-03 4.64809e-03 4.47708e-03 4.31609e-03 4.17101e-03 4.04456e-03 3.93480e-03 3.83534e-03 3.73745e-03 3.63300e-03 3.51679e-03 3.38737e-03 3.24618e-03 3.09602e-03 2.93955e-03 2.77867e-03 2.61443e-03 2.44754e-03 2.27880e-03 2.10955e-03 1.94177e-03 1.77805e-03 1.62117e-03 1.47377e-03 1.33789e-03 1.21472e-03 1.10446e-03 1.00641e-03 9.19144e-04 8.40806e-04 7.69388e-04 7.03063e-04 6.40433e-04 5.80702e-04 5.23691e-04 4.69717e-04 4.19358e-04 3.73210e-04 3.31684e-04 2.94908e-04 2.62711e-04 2.34676e-04 2.10227e-04 1.88708e-04 1.69457e-04 1.51861e-04 1.35387e-04 1.19615e-04 1.04251e-04 8.91474e-05 7.43127e-05 5.99184e-05 4.62862e-05 3.38466e-05 2.30637e-05 1.43344e-05 7.88211e-06 3.66951e-06 1.35887e-06 3.68578e-07 6.70573e-08 7.96778e-09 6.32248e-10 1.30196e-11
2.245315 2.13256e-02 3.28144e-02 2.74727e-02 2.48496e-02 2.36995e-02 2.27746e-02 2.17524e-02 2.07915e-02 2.00840e-02 1.97091e-02 1.96432e-02 1.98368e-02 2.02917e-02 2.10757e-02 2.22527e-02 2.37299e-02 2.51384e-02 2.59520e-02 2.58276e-02 2.48262e-02 2.33010e-02 2.16292e-02 2.00456e-02 1.86342e-02 1.73934e-02 1.62963e-02 1.53195e-02 1.44487e-02 1.36752e-02 1.29912e-02 1.23878e-02 1.18547e-02 1.13817e-02 1.09593e-02 1.05793e-02 1.02353e-02 9.92190e-03 9.63483e-03 9.37035e-03 9.12516e-03 8.89635e-03 8.68134e-03 8.47788e-03 8.28391e-03 8.09748e-03 7.91674e-03 7.73992e-03 7.56547e-03 7.39212e-03 7.21904e-03 7.04589e-03 6.87284e-03 6.70046e-03 6.52966e-03 6.36146e-03 6.19689e-03 6.03678e-03 5.88168e-03 5.73169e-03 5.58638e-03 5.44468e-03 5.30480e-03 5.16429e-03 5.02032e-03 4.87038e-03 4.71322e-03 4.54990e-03 4.38435e-03 4.22303e-03 4.07323e-03 3.94049e-03 3.82615e-03 3.72633e-03 3.63297e-03 3.53679e-03 3.43051e-03 3.31070e-03 3.17783e-03 3.03463e-03 2.88427e-03 2.72908e-03 2.57028e-03 2.40833e-03 2.24363e-03 2.07707e-03 1.91041e-03 1.74629e-03 1.58791e-03 1.43848e-03 1.30066e-03 1.17609e-03 1.06520e-03 9.67249e-04 8.80614e-04 8.03180e-04 7.32752e-04 6.67427e-04 6.05855e-04 5.47368e-04 4.91930e-04 4.39953e-04 3.92028e-04 3.48670e-04 3.10142e-04 2.76392e-04 2.47075e-04 2.21630e-04 1.99374e-04 1.79589e-04 1.61586e-04 1.44759e-04 1.28614e-04 1.12795e-04 9.71072e-05 8.15305e-05 6.62327e-05 5.15612e-05 3.80038e-05 2.61076e-05 1.63635e-05 9.07810e-06 4.26585e-06 1.59388e-06 4.34604e-07 7.83071e-08 8.82621e-09 6.40349e-10 1.27121e-11
2.295211 2.08332e-02 3.16586e-02 2.65603e-02 2.42732e-02 2.33158e-02 2.25296e-02 2.16272e-02 2.07775e-02 2.01787e-02 1.99107e-02 1.99514e-02 2.02648e-02 2.08786e-02 2.18818e-02 2.33091e-02 2.49484e-02 2.62809e-02 2.67521e-02 2.61662e-02 2.47759e-02 2.30256e-02 2.12719e-02 1.96865e-02 1.83022e-02 1.70917e-02 1.60205e-02 1.50652e-02 1.42138e-02 1.34589e-02 1.27932e-02 1.22079e-02 1.16925e-02 1.12365e-02 1.08303e-02 1.04654e-02 1.01353e-02 9.83430e-03 9.55792e-03 9.30218e-03 9.06370e-03 8.83967e-03 8.62776e-03 8.42599e-03 8.23259e-03 8.04582e-03 7.86394e-03 7.68528e-03 7.50841e-03 7.33221e-03 7.15609e-03 6.97996e-03 6.80419e-03 6.62957e-03 6.45709e-03 6.28784e-03 6.12287e-03 5.96314e-03 5.80940e-03 5.66222e-03 5.52181e-03 5.38786e-03 5.25936e-03 5.13437e-03 5.01004e-03 4.88285e-03 4.74927e-03 4.60667e-03 4.45450e-03 4.29517e-03 4.13423e-03 3.97936e-03 3.83811e-03 3.71503e-03 3.60949e-03 3.51554e-03 3.42395e-03 3.32577e-03 3.21537e-03 3.09146e-03 2.95617e-03 2.81292e-03 2.66461e-03 2.51279e-03 2.35787e-03 2.19977e-03 2.03875e-03 1.87602e-03 1.71396e-03 1.55593e-03 1.40566e-03 1.26648e-03 1.14067e-03 1.02907e-03 9.31042e-04 8.44867e-04 7.68220e-04 6.98735e-04 6.34446e-04 5.74059e-04 5.17021e-04 4.63407e-04 4.13676e-04 3.68371e-04 3.27882e-04 2.92299e-04 2.61386e-04 2.34641e-04 2.11383e-04 1.90854e-04 1.72297e-04 1.55026e-04 1.38462e-04 1.22171e-04 1.05892e-04 8.95598e-05 7.33236e-05 5.75478e-05 4.27755e-05 2.96439e-05 1.87516e-05 1.05063e-05 4.99026e-06 1.88556e-06 5.18888e-07 9.32570e-08 1.00542e-08 6.59927e-10 1.24631e-11
2.345107 2.08615e-02 3.09275e-02 2.56946e-02 2.36567e-02 2.29077e-02 2.22566e-02 2.14697e-02 2.07313e-02 2.02403e-02 2.00756e-02 2.02193e-02 2.06528e-02 2.14314e-02 2.26561e-02 2.43012e-02 2.60074e-02 2.71360e-02 2.71878e-02 2.61639e-02 2.44756e-02 2.25959e-02 2.08268e-02 1.92768e-02 1.79394e-02 1.67715e-02 1.57353e-02 1.48094e-02 1.39836e-02 1.32522e-02 1.26088e-02 1.20446e-02 1.15494e-02 1.11126e-02 1.07245e-02 1.03766e-02 1.00618e-02 9.77419e-03 9.50902e-03 9.26218e-03 9.03036e-03 8.81101e-03 8.60221e-03 8.40234e-03 8.20990e-03 8.02329e-03 7.84083e-03 7.66091e-03 7.48220e-03 7.30380e-03 7.12536e-03 6.94704e-03 6.76943e-03 6.59340e-03 6.41996e-03 6.25016e-03 6.08506e-03 5.92567e-03 5.77294e-03 5.62767e-03 5.49032e-03 5.36087e-03 5.23855e-03 5.12179e-03 5.00819e-03 4.89468e-03 4.77782e-03 4.65425e-03 4.52130e-03 4.37771e-03 4.22450e-03 4.06552e-03 3.90729e-03 3.75770e-03 3.62352e-03 3.50759e-03 3.40725e-03 3.31497e-03 3.22132e-03 3.11857e-03 3.00318e-03 2.87585e-03 2.73975e-03 2.59830e-03 2.45363e-03 2.30636e-03 2.15608e-03 2.00235e-03 1.84555e-03 1.68741e-03 1.53108e-03 1.38062e-03 1.24005e-03 1.11246e-03 9.99337e-04 9.00410e-04 8.13983e-04 7.37586e-04 6.68682e-04 6.05220e-04 5.45933e-04 4.90353e-04 4.38625e-04 3.91200e-04 3.48524e-04 3.10817e-04 2.77977e-04 2.49589e-04 2.25007e-04 2.03457e-04 1.84133e-04 1.66270e-04 1.49201e-04 1.32398e-04 1.15515e-04 9.84185e-05 8.12189e-05 6.42826e-05 4.82033e-05 3.37130e-05 2.15332e-05 1.21922e-05 5.85909e-06 2.24241e-06 6.24736e-07 1.12711e-07 1.17408e-08 6.92459e-10 1.22347e-11
2.395002 1.99171e-02 2.99145e-02 2.49295e-02 2.30260e-02 2.24792e-02 2.19860e-02 2.13191e-02 2.06886e-02 2.03010e-02 2.02347e-02 2.04777e-02 2.10308e-02 2.19765e-02 2.34112e-02 2.52177e-02 2.68821e-02 2.77044e-02 2.73166e-02 2.59224e-02 2.40341e-02 2.21027e-02 2.03636e-02 1.88718e-02 1.75933e-02 1.64760e-02 1.54814e-02 1.45900e-02 1.37941e-02 1.30893e-02 1.24702e-02 1.19286e-02 1.14549e-02 1.10388e-02 1.06702e-02 1.03403e-02 1.00416e-02 9.76784e-03 9.51392e-03 9.27577e-03 9.05035e-03 8.83558e-03 8.63001e-03 8.43242e-03 8.24146e-03 8.05555e-03 7.87298e-03 7.69219e-03 7.51199e-03 7.33173e-03 7.15136e-03 6.97126e-03 6.79216e-03 6.61500e-03 6.44082e-03 6.27072e-03 6.10585e-03 5.94733e-03 5.79609e-03 5.65275e-03 5.51746e-03 5.38985e-03 5.26896e-03 5.15335e-03 5.04122e-03 4.93047e-03 4.81891e-03 4.70435e-03 4.58460e-03 4.45764e-03 4.32186e-03 4.17669e-03 4.02347e-03 3.86613e-03 3.71106e-03 3.56563e-03 3.43559e-03 3.32238e-03 3.22208e-03 3.12670e-03 3.02760e-03 2.91884e-03 2.79888e-03 2.66976e-03 2.53493e-03 2.39715e-03 2.25752e-03 2.11563e-03 1.97046e-03 1.82138e-03 1.66912e-03 1.51615e-03 1.36643e-03 1.22455e-03 1.09453e-03 9.78789e-04 8.77745e-04 7.89986e-04 7.13014e-04 6.44123e-04 5.81130e-04 5.22732e-04 4.68494e-04 4.18572e-04 3.73357e-04 3.33146e-04 2.97962e-04 2.67495e-04 2.41162e-04 2.18201e-04 1.97777e-04 1.79064e-04 1.61309e-04 1.43886e-04 1.26338e-04 1.08438e-04 9.02255e-05 7.20462e-05 5.45318e-05 3.85141e-05 2.48559e-05 1.42332e-05 6.92721e-06 2.68961e-06 7.60752e-07 1.38572e-07 1.41001e-08 7.45936e-10 1.20780e-11
2.444898 1.87764e-02 2.87344e-02 2.42425e-02 2.25089e-02 2.21065e-02 2.17694e-02 2.12331e-02 2.07129e-02 2.04261e-02 2.04549e-02 2.07959e-02 2.14743e-02 2.25994e-02 2.42416e-02 2.61525e-02 2.76619e-02 2.80767e-02 2.72279e-02 2.55123e-02 2.34893e-02 2.15533e-02 1.98693e-02 1.84472e-02 1.72331e-02 1.61695e-02 1.52193e-02 1.43654e-02 1.36022e-02 1.29267e-02 1.23340e-02 1.18169e-02 1.13665e-02 1.09725e-02 1.06248e-02 1.03140e-02 1.00320e-02 9.77202e-03 9.52899e-03 9.29909e-03 9.07983e-03 8.86976e-03 8.66794e-03 8.47336e-03 8.28464e-03 8.10004e-03 7.91777e-03 7.73632e-03 7.55477e-03 7.37282e-03 7.19073e-03 7.00914e-03 6.82896e-03 6.65130e-03 6.47738e-03 6.30849e-03 6.14580e-03 5.99017e-03 5.84203e-03 5.70132e-03 5.56755e-03 5.43993e-03 5.31745e-03 5.19901e-03 5.08344e-03 4.96958e-03 4.85639e-03 4.74289e-03 4.62810e-03 4.51082e-03 4.38946e-03 4.26212e-03 4.12693e-03 3.98299e-03 3.83130e-03 3.67562e-03 3.52211e-03 3.37778e-03 3.24771e-03 3.13260e-03 3.02815e-03 2.92692e-03 2.82169e-03 2.70837e-03 2.58687e-03 2.45970e-03 2.32975e-03 2.19869e-03 2.06641e-03 1.93162e-03 1.79282e-03 1.64949e-03 1.50295e-03 1.35650e-03 1.21489e-03 1.08295e-03 9.64307e-04 8.60428e-04 7.70569e-04 6.92435e-04 6.23228e-04 5.60587e-04 5.03093e-04 4.50259e-04 4.02192e-04 3.59163e-04 3.21281e-04 2.88350e-04 2.59865e-04 2.35099e-04 2.13216e-04 1.93357e-04 1.74707e-04 1.56544e-04 1.38295e-04 1.19601e-04 1.00390e-04 8.09446e-05 6.19071e-05 4.42042e-05 2.88603e-05 1.67350e-05 8.26070e-06 3.25996e-06 9.38839e-07 1.73582e-07 1.74477e-08 8.31874e-10 1.20537e-11
2.494794 1.81228e-02 2.78334e-02 2.35736e-02 2.19950e-02 2.17138e-02 2.15120e-02 2.11108e-02 2.07099e-02 2.05267e-02 2.06478e-02 2.10832e-02 2.18860e-02 2.31847e-02 2.49948e-02 2.69148e-02 2.81586e-02 2.81246e-02 2.68691e-02 2.49279e-02 2.28497e-02 2.09560e-02 1.93504e-02 1.80096e-02 1.68672e-02 1.58635e-02 1.49631e-02 1.41517e-02 1.34255e-02 1.27824e-02 1.22185e-02 1.17278e-02 1.13021e-02 1.09319e-02 1.06065e-02 1.03158e-02 1.00509e-02 9.80489e-03 9.57282e-03 9.35150e-03 9.13921e-03 8.93512e-03 8.73859e-03 8.54847e-03 8.36301e-03 8.18014e-03 7.99800e-03 7.81533e-03 7.63165e-03 7.44714e-03 7.26249e-03 7.07876e-03 6.89722e-03 6.71933e-03 6.54653e-03 6.38002e-03 6.22052e-03 6.06819e-03 5.92264e-03 5.78314e-03 5.64885e-03 5.51897e-03 5.39275e-03 5.26955e-03 5.14873e-03 5.02974e-03 4.91213e-03 4.79558e-03 4.67982e-03 4.56445e-03 4.44867e-03 4.33108e-03 4.20968e-03 4.08207e-03 3.94606e-03 3.80057e-03 3.64675e-03 3.48851e-03 3.33215e-03 3.18451e-03 3.05023e-03 2.92964e-03 2.81859e-03 2.71063e-03 2.60021e-03 2.48485e-03 2.36518e-03 2.24337e-03 2.12114e-03 1.99869e-03 1.87472e-03 1.74718e-03 1.61452e-03 1.47676e-03 1.33622e-03 1.19729e-03 1.06530e-03 9.44922e-04 8.38840e-04 7.47212e-04 6.68171e-04 5.98955e-04 5.37068e-04 4.80957e-04 4.30041e-04 3.84315e-04 3.43866e-04 3.08562e-04 2.77955e-04 2.51353e-04 2.27928e-04 2.06820e-04 1.87195e-04 1.68281e-04 1.49409e-04 1.30086e-04 1.10098e-04 8.96146e-05 6.92448e-05 4.99812e-05 3.30038e-05 1.93712e-05 9.69238e-06 3.88568e-06 1.13956e-06 2.14393e-07 2.15016e-08 9.39029e-10 1.19836e-11
2.544690 1.72570e-02 2.66618e-02 2.28901e-02 2.15378e-02 2.13749e-02 2.12984e-02 2.10285e-02 2.07477e-02 2.06679e-02 2.08794e-02 2.14093e-02 2.23423e-02 2.38145e-02 2.57513e-02 2.75799e-02 2.84536e-02 2.79417e-02 2.63305e-02 2.42379e-02 2.21601e-02 2.03398e-02 1.88280e-02 1.75762e-02 1.65096e-02 1.55684e-02 1.47206e-02 1.39547e-02 1.32681e-02 1.26594e-02 1.21257e-02 1.16621e-02 1.12619e-02 1.09159e-02 1.06129e-02 1.03420e-02 1.00936e-02 9.86088e-03 9.63954e-03 9.42728e-03 9.22308e-03 9.02641e-03 8.83632e-03 8.65102e-03 8.46814e-03 8.28540e-03 8.10123e-03 7.91503e-03 7.72712e-03 7.53842e-03 7.35025e-03 7.16423e-03 6.98208e-03 6.80547e-03 6.63568e-03 6.47335e-03 6.31837e-03 6.17002e-03 6.02720e-03 5.88878e-03 5.75378e-03 5.62149e-03 5.49141e-03 5.36323e-03 5.23669e-03 5.11163e-03 4.98798e-03 4.86580e-03 4.74523e-03 4.62637e-03 4.50904e-03 4.39264e-03 4.27596e-03 4.15718e-03 4.03397e-03 3.90378e-03 3.76446e-03 3.61513e-03 3.45713e-03 3.29458e-03 3.13375e-03 2.98124e-03 2.84142e-03 2.71465e-03 2.59751e-03 2.48498e-03 2.37304e-03 2.26013e-03 2.14676e-03 2.03390e-03 1.92171e-03 1.80891e-03 1.69320e-03 1.57229e-03 1.44504e-03 1.31257e-03 1.17849e-03 1.04816e-03 9.27099e-04 8.19209e-04 7.25803e-04 6.45721e-04 5.76423e-04 5.15330e-04 4.60717e-04 4.11838e-04 3.68502e-04 3.30559e-04 2.97602e-04 2.68946e-04 2.43749e-04 2.21143e-04 2.00300e-04 1.80444e-04 1.60856e-04 1.40923e-04 1.20261e-04 9.88681e-05 7.72544e-05 5.64332e-05 3.77334e-05 2.24421e-05 1.13934e-05 4.64472e-06 1.38888e-06 2.66537e-07 2.68702e-08 1.09215e-09 1.20946e-11
2.594586 1.76757e-02 2.64214e-02 2.23107e-02 2.10610e-02 2.10183e-02 2.10570e-02 2.09111e-02 2.07481e-02 2.07683e-02 2.10644e-02 2.16835e-02 2.27413e-02 2.43623e-02 2.63510e-02 2.79776e-02 2.84149e-02 2.74564e-02 2.55798e-02 2.34196e-02 2.13938e-02 1.96731e-02 1.82673e-02 1.71105e-02 1.61232e-02 1.52481e-02 1.44569e-02 1.37406e-02 1.30974e-02 1.25261e-02 1.20246e-02 1.15896e-02 1.12157e-02 1.08941e-02 1.06136e-02 1.03622e-02 1.01300e-02 9.91094e-03 9.70154e-03 9.50017e-03 9.30599e-03 9.11794e-03 8.93417e-03 8.75200e-03 8.56877e-03 8.38269e-03 8.19329e-03 8.00122e-03 7.80793e-03 7.61520e-03 7.42507e-03 7.23967e-03 7.06099e-03 6.89054e-03 6.72893e-03 6.57574e-03 6.42964e-03 6.28877e-03 6.15118e-03 6.01522e-03 5.87981e-03 5.74440e-03 5.60891e-03 5.47351e-03 5.33853e-03 5.20433e-03 5.07132e-03 4.93993e-03 4.81064e-03 4.68385e-03 4.55977e-03 4.43825e-03 4.31872e-03 4.20009e-03 4.08084e-03 3.95905e-03 3.83250e-03 3.69891e-03 3.55647e-03 3.40458e-03 3.24468e-03 3.08069e-03 2.91845e-03 2.76403e-03 2.62154e-03 2.49172e-03 2.37228e-03 2.25965e-03 2.15095e-03 2.04484e-03 1.94091e-03 1.83865e-03 1.73662e-03 1.63244e-03 1.52338e-03 1.40750e-03 1.28474e-03 1.15763e-03 1.03103e-03 9.10803e-04 8.01914e-04 7.06945e-04 6.25730e-04 5.56205e-04 4.95826e-04 4.42684e-04 3.95796e-04 3.54723e-04 3.19036e-04 2.88050e-04 2.60865e-04 2.36546e-04 2.14245e-04 1.93210e-04 1.72737e-04 1.52147e-04 1.30891e-04 1.08745e-04 8.60289e-05 6.37005e-05 4.32052e-05 2.60838e-05 1.34575e-05 5.58679e-06 1.70577e-06 3.34582e-07 3.41002e-08 1.31174e-09 1.24930e-11
2.644482 1.78683e-02 2.62060e-02 2.17683e-02 2.05321e-02 2.06011e-02 2.07528e-02 2.07256e-02 2.06752e-02 2.07889e-02 2.11592e-02 2.18542e-02 2.30140e-02 2.47311e-02 2.66835e-02 2.80369e-02 2.80566e-02 2.67565e-02 2.47325e-02 2.25842e-02 2.06492e-02 1.90427e-02 1.77475e-02 1.66871e-02 1.57808e-02 1.49742e-02 1.42426e-02 1.35786e-02 1.29806e-02 1.24476e-02 1.19782e-02 1.15705e-02 1.12210e-02 1.09223e-02 1.06628e-02 1.04303e-02 1.02148e-02 1.00109e-02 9.81554e-03 9.62697e-03 9.44345e-03 9.26273e-03 9.08189e-03 8.89804e-03 8.70934e-03 8.51573e-03 8.31864e-03 8.12034e-03 7.92331e-03 7.73015e-03 7.54350e-03 7.36582e-03 7.19878e-03 7.04268e-03 6.89623e-03 6.75683e-03 6.62126e-03 6.48642e-03 6.34993e-03 6.21044e-03 6.06760e-03 5.92182e-03 5.77396e-03 5.62507e-03 5.47617e-03 5.32814e-03 5.18177e-03 5.03773e-03 4.89664e-03 4.75902e-03 4.62518e-03 4.49511e-03 4.36839e-03 4.24420e-03 4.12140e-03 3.99862e-03 3.87430e-03 3.74681e-03 3.61449e-03 3.47576e-03 3.32953e-03 3.17573e-03 3.01596e-03 2.85384e-03 2.69448e-03 2.54306e-03 2.40310e-03 2.27545e-03 2.15866e-03 2.05026e-03 1.94802e-03 1.85031e-03 1.75564e-03 1.66212e-03 1.56718e-03 1.46801e-03 1.36224e-03 1.24903e-03 1.12989e-03 1.00881e-03 8.91387e-04 7.83111e-04 6.87599e-04 6.05757e-04 5.36220e-04 4.76672e-04 4.25092e-04 3.80243e-04 3.41388e-04 3.07786e-04 2.78471e-04 2.52369e-04 2.28515e-04 2.06143e-04 1.84607e-04 1.63257e-04 1.41444e-04 1.18714e-04 9.51204e-05 7.14589e-05 4.92209e-05 3.01960e-05 1.58448e-05 6.70110e-06 2.08931e-06 4.19002e-07 4.33206e-08 1.60355e-09 1.31723e-11
2.694378 1.69693e-02 2.55603e-02 2.13681e-02 2.00793e-02 2.02272e-02 2.05071e-02 2.06052e-02 2.06651e-02 2.08660e-02 2.13045e-02 2.20712e-02 2.33244e-02 2.51045e-02 2.69549e-02 2.79789e-02 2.75863e-02 2.60020e-02 2.38906e-02 2.17897e-02 1.99600e-02 1.84709e-02 1.72844e-02 1.63164e-02 1.54868e-02 1.47453e-02 1.40710e-02 1.34580e-02 1.29046e-02 1.24089e-02 1.19702e-02 1.15879e-02 1.12604e-02 1.09819e-02 1.07416e-02 1.05268e-02 1.03283e-02 1.01404e-02 9.95970e-03 9.78267e-03 9.60593e-03 9.42607e-03 9.24023e-03 9.04710e-03 8.84768e-03 8.64486e-03 8.44222e-03 8.24314e-03 8.05074e-03 7.86804e-03 7.69752e-03 7.54024e-03 7.39505e-03 7.25880e-03 7.12709e-03 6.99546e-03 6.86034e-03 6.71949e-03 6.57211e-03 6.41854e-03 6.25988e-03 6.09764e-03 5.93345e-03 5.76880e-03 5.60499e-03 5.44310e-03 5.28397e-03 5.12830e-03 4.97671e-03 4.82969e-03 4.68754e-03 4.55022e-03 4.41733e-03 4.28801e-03 4.16109e-03 4.03522e-03 3.90902e-03 3.78120e-03 3.65063e-03 3.51639e-03 3.37770e-03 3.23398e-03 3.08504e-03 2.93147e-03 2.77511e-03 2.61917e-03 2.46784e-03 2.32508e-03 2.19346e-03 2.07351e-03 1.96413e-03 1.86337e-03 1.76913e-03 1.67928e-03 1.59146e-03 1.50301e-03 1.41116e-03 1.31353e-03 1.20893e-03 1.09802e-03 9.83743e-04 8.70905e-04 7.64866e-04 6.69871e-04 5.87852e-04 5.18359e-04 4.59533e-04 4.09356e-04 3.66343e-04 3.29425e-04 2.97530e-04 2.69427e-04 2.43919e-04 2.20078e-04 1.97266e-04 1.74932e-04 1.52446e-04 1.29181e-04 1.04872e-04 8.00292e-05 5.60782e-05 3.50247e-05 1.87235e-05 8.07742e-06 2.57387e-06 5.28102e-07 5.55335e-08 2.00679e-09 1.43815e-11
2.744274 1.56453e-02 2.43446e-02 2.08625e-02 1.97193e-02 1.99083e-02 2.02966e-02 2.05236e-02 2.06953e-02 2.09795e-02 2.14804e-02 2.23141e-02 2.36469e-02 2.54460e-02 2.71248e-02 2.77772e-02 2.69992e-02 2.51986e-02 2.30577e-02 2.10351e-02 1.93228e-02 1.79541e-02 1.68747e-02 1.59957e-02 1.52391e-02 1.45601e-02 1.39416e-02 1.33788e-02 1.28690e-02 1.24098e-02 1.20004e-02 1.16415e-02 1.13337e-02 1.10736e-02 1.08515e-02 1.06553e-02 1.04752e-02 1.03044e-02 1.01366e-02 9.96590e-03 9.78754e-03 9.59880e-03 9.39975e-03 9.19359e-03 8.98570e-03 8.78161e-03 8.58562e-03 8.40089e-03 8.22988e-03 8.07375e-03 7.93126e-03 7.79846e-03 7.66978e-03 7.53970e-03 7.40405e-03 7.26050e-03 7.10835e-03 6.94805e-03 6.78075e-03 6.60796e-03 6.43137e-03 6.25264e-03 6.07336e-03 5.89494e-03 5.71858e-03 5.54526e-03 5.37578e-03 5.21078e-03 5.05082e-03 4.89636e-03 4.74769e-03 4.60480e-03 4.46726e-03 4.33420e-03 4.20435e-03 4.07622e-03 3.94828e-03 3.81917e-03 3.68782e-03 3.55356e-03 3.41610e-03 3.27540e-03 3.13157e-03 2.98485e-03 2.83575e-03 2.68533e-03 2.53554e-03 2.38918e-03 2.24939e-03 2.11882e-03 1.99888e-03 1.88948e-03 1.78937e-03 1.69664e-03 1.60902e-03 1.52403e-03 1.43905e-03 1.35156e-03 1.25949e-03 1.16167e-03 1.05833e-03 9.51444e-04 8.44712e-04 7.42766e-04 6.49882e-04 5.68723e-04 4.99798e-04 4.41913e-04 3.93217e-04 3.52026e-04 3.16923e-04 2.86491e-04 2.59265e-04 2.33997e-04 2.09878e-04 1.86419e-04 1.63128e-04 1.39346e-04 1.14527e-04 8.87962e-05 6.33594e-05 4.03395e-05 2.19957e-05 9.68685e-06 3.15534e-06 6.62280e-07 7.09317e-08 2.53366e-09 1.62104e-11
2.794169 1.53355e-02 2.37502e-02 2.03498e-02 1.93173e-02 1.95728e-02 2.00544e-02 2.04041e-02 2.06870e-02 2.10504e-02 2.16058e-02 2.24928e-02 2.38730e-02 2.56282e-02 2.70692e-02 2.73405e-02 2.62383e-02 2.43033e-02 2.21909e-02 2.02758e-02 1.86929e-02 1.74484e-02 1.64762e-02 1.56849e-02 1.50006e-02 1.43843e-02 1.38223e-02 1.33104e-02 1.28448e-02 1.24225e-02 1.20420e-02 1.17055e-02 1.14163e-02 1.11743e-02 1.09719e-02 1.07965e-02 1.06362e-02 1.04805e-02 1.03190e-02 1.01441e-02 9.95259e-03 9.74701e-03 9.53449e-03 9.32447e-03 9.12514e-03 8.94127e-03 8.77456e-03 8.62478e-03 8.48944e-03 8.36313e-03 8.23850e-03 8.10861e-03 7.96901e-03 7.81826e-03 7.65708e-03 7.48720e-03 7.31046e-03 7.12844e-03 6.94246e-03 6.75369e-03 6.56328e-03 6.37241e-03 6.18225e-03 5.99393e-03 5.80845e-03 5.62669e-03 5.44937e-03 5.27713e-03 5.11051e-03 4.95001e-03 4.79599e-03 4.64853e-03 4.50729e-03 4.37138e-03 4.23947e-03 4.10994e-03 3.98104e-03 3.85123e-03 3.71932e-03 3.58463e-03 3.44704e-03 3.30682e-03 3.16451e-03 3.02070e-03 2.87592e-03 2.73073e-03 2.58588e-03 2.44261e-03 2.30274e-03 2.16851e-03 2.04202e-03 1.92467e-03 1.81675e-03 1.71752e-03 1.62541e-03 1.53837e-03 1.45408e-03 1.37025e-03 1.28478e-03 1.19609e-03 1.10330e-03 1.00652e-03 9.07021e-04 8.07405e-04 7.11243e-04 6.22321e-04 5.43602e-04 4.76394e-04 4.20224e-04 3.73523e-04 3.34468e-04 3.01298e-04 2.72266e-04 2.45743e-04 2.20555e-04 1.96097e-04 1.72020e-04 1.47798e-04 1.22743e-04 9.65842e-05 7.01587e-05 4.55448e-05 2.53366e-05 1.13896e-05 3.78984e-06 8.12824e-07 8.86578e-08 3.15845e-09 1.85629e-11
2.844065 1.57393e-02 2.36856e-02 2.00019e-02 1.89768e-02 1.92857e-02 1.98565e-02 2.03205e-02 2.07091e-02 2.11470e-02 2.17523e-02 2.26856e-02 2.40898e-02 2.57489e-02 2.68965e-02 2.67771e-02 2.53929e-02 2.33757e-02 2.13248e-02 1.95324e-02 1.80843e-02 1.69639e-02 1.60951e-02 1.53862e-02 1.47694e-02 1.42122e-02 1.37043e-02 1.32411e-02 1.28181e-02 1.24307e-02 1.20777e-02 1.17624e-02 1.14917e-02 1.12691e-02 1.10879e-02 1.09335e-02 1.07889e-02 1.06377e-02 1.04673e-02 1.02729e-02 1.00600e-02 9.84201e-03 9.63429e-03 9.44825e-03 9.28768e-03 9.14999e-03 9.02899e-03 8.91600e-03 8.80080e-03 8.67406e-03 8.53030e-03 8.36899e-03 8.19327e-03 8.00772e-03 7.81656e-03 7.62269e-03 7.42761e-03 7.23182e-03 7.03538e-03 6.83836e-03 6.64109e-03 6.44416e-03 6.24842e-03 6.05477e-03 5.86409e-03 5.67719e-03 5.49482e-03 5.31763e-03 5.14629e-03 4.98140e-03 4.82350e-03 4.67281e-03 4.52911e-03 4.39155e-03 4.25874e-03 4.12887e-03 4.00004e-03 3.87048e-03 3.73887e-03 3.60452e-03 3.46738e-03 3.32795e-03 3.18708e-03 3.04563e-03 2.90436e-03 2.76378e-03 2.62426e-03 2.48620e-03 2.35031e-03 2.21776e-03 2.09004e-03 1.96873e-03 1.85495e-03 1.74907e-03 1.65063e-03 1.55845e-03 1.47087e-03 1.38603e-03 1.30209e-03 1.21750e-03 1.13114e-03 1.04243e-03 9.51402e-04 8.58844e-04 7.66409e-04 6.76609e-04 5.92504e-04 5.17047e-04 4.52143e-04 3.98012e-04 3.53412e-04 3.16417e-04 2.84941e-04 2.56948e-04 2.30760e-04 2.05396e-04 1.80487e-04 1.55717e-04 1.30445e-04 1.04080e-04 7.69848e-05 5.10136e-05 2.89968e-05 1.33236e-05 4.53284e-06 9.93720e-07 1.10445e-07 3.94787e-09 2.18164e-11
2.893961 1.66145e-02 2.40904e-02 1.97589e-02 1.86221e-02 1.89650e-02 1.96103e-02 2.01749e-02 2.06573e-02 2.11587e-02 2.18000e-02 2.27537e-02 2.41320e-02 2.56350e-02 2.64727e-02 2.60232e-02 2.44553e-02 2.24326e-02 2.04817e-02 1.88248e-02 1.75122e-02 1.65116e-02 1.57411e-02 1.51110e-02 1.45602e-02 1.40620e-02 1.36079e-02 1.31930e-02 1.28116e-02 1.24585e-02 1.21325e-02 1.18387e-02 1.15873e-02 1.13850e-02 1.12246e-02 1.10862e-02 1.09458e-02 1.07831e-02 1.05894e-02 1.03722e-02 1.01523e-02 9.95308e-03 9.78960e-03 9.66284e-03 9.56256e-03 9.47337e-03 9.37923e-03 9.26640e-03 9.12653e-03 8.95833e-03 8.76672e-03 8.55987e-03 8.34615e-03 8.13202e-03 7.92112e-03 7.71454e-03 7.51164e-03 7.31102e-03 7.11134e-03 6.91174e-03 6.71197e-03 6.51235e-03 6.31355e-03 6.11643e-03 5.92190e-03 5.73085e-03 5.54410e-03 5.36245e-03 5.18665e-03 5.01745e-03 4.85554e-03 4.70131e-03 4.55470e-03 4.41495e-03 4.28065e-03 4.14986e-03 4.02050e-03 3.89063e-03 3.75881e-03 3.62428e-03 3.48710e-03 3.34797e-03 3.20800e-03 3.06838e-03 2.93008e-03 2.79367e-03 2.65932e-03 2.52696e-03 2.39653e-03 2.26824e-03 2.14274e-03 2.02105e-03 1.90430e-03 1.79336e-03 1.68863e-03 1.58989e-03 1.49639e-03 1.40701e-03 1.32049e-03 1.23560e-03 1.15127e-03 1.06670e-03 9.81377e-04 8.95214e-04 8.08622e-04 7.22645e-04 6.38992e-04 5.60013e-04 4.88413e-04 4.26400e-04 3.74699e-04 3.32349e-04 2.97333e-04 2.67272e-04 2.39941e-04 2.13774e-04 1.88097e-04 1.62709e-04 1.37168e-04 1.10742e-04 8.33142e-05 5.63449e-05 3.27373e-05 1.53821e-05 5.35102e-06 1.19861e-06 1.35717e-07 4.88749e-09 2.59660e-11
2.943857 1.60757e-02 2.37976e-02 1.95694e-02 1.83118e-02 1.86670e-02 1.93901e-02 2.00497e-02 2.06160e-02 2.11716e-02 2.18396e-02 2.27947e-02 2.41105e-02 2.54204e-02 2.59522e-02 2.52293e-02 2.35472e-02 2.15630e-02 1.97281e-02 1.82080e-02 1.70259e-02 1.61374e-02 1.54572e-02 1.48996e-02 1.44105e-02 1.39679e-02 1.35648e-02 1.31956e-02 1.28537e-02 1.25337e-02 1.22348e-02 1.19634e-02 1.17321e-02 1.15483e-02 1.14019e-02 1.12660e-02 1.11115e-02 1.09227e-02 1.07067e-02 1.04905e-02 1.03064e-02 1.01731e-02 1.00873e-02 1.00284e-02 9.97020e-03 9.88938e-03 9.77096e-03 9.60992e-03 9.41051e-03 9.18341e-03 8.94187e-03 8.69798e-03 8.46013e-03 8.23230e-03 8.01487e-03 7.80597e-03 7.60282e-03 7.40266e-03 7.20330e-03 7.00343e-03 6.80262e-03 6.60118e-03 6.39993e-03 6.19989e-03 6.00215e-03 5.80761e-03 5.61703e-03 5.43106e-03 5.25040e-03 5.07584e-03 4.90828e-03 4.74850e-03 4.59682e-03 4.45282e-03 4.31522e-03 4.18204e-03 4.05100e-03 3.91998e-03 3.78734e-03 3.65222e-03 3.51464e-03 3.37546e-03 3.23600e-03 3.09778e-03 2.96203e-03 2.82949e-03 2.70028e-03 2.57400e-03 2.44999e-03 2.32765e-03 2.20674e-03 2.08750e-03 1.97057e-03 1.85683e-03 1.74706e-03 1.64177e-03 1.54109e-03 1.44481e-03 1.35251e-03 1.26358e-03 1.17737e-03 1.09315e-03 1.01015e-03 9.27696e-04 8.45385e-04 7.63379e-04 6.82449e-04 6.03891e-04 5.29522e-04 4.61670e-04 4.02560e-04 3.53197e-04 3.12817e-04 2.79312e-04 2.50073e-04 2.22831e-04 1.96295e-04 1.70104e-04 1.44030e-04 1.17400e-04 8.97085e-05 6.19046e-05 3.67878e-05 1.76920e-05 6.29785e-06 1.44187e-06 1.66367e-07 6.05361e-09 3.14509e-11
2.993753 1.52047e-02 2.32225e-02 1.93654e-02 1.80902e-02 1.84428e-02 1.92419e-02 2.00015e-02 2.06503e-02 2.12538e-02 2.19385e-02 2.28777e-02 2.41010e-02 2.51876e-02 2.54105e-02 2.44440e-02 2.26838e-02 2.07579e-02 1.90435e-02 1.76575e-02 1.66005e-02 1.58168e-02 1.52190e-02 1.47266e-02 1.42933e-02 1.39016e-02 1.35453e-02 1.32181e-02 1.29131e-02 1.26252e-02 1.23540e-02 1.21061e-02 1.18934e-02 1.17208e-02 1.15723e-02 1.14173e-02 1.12335e-02 1.10248e-02 1.08220e-02 1.06627e-02 1.05671e-02 1.05258e-02 1.05071e-02 1.04744e-02 1.03990e-02 1.02668e-02 1.00775e-02 9.84142e-03 9.57538e-03 9.29791e-03 9.02452e-03 8.76479e-03 8.52218e-03 8.29576e-03 8.08226e-03 7.87765e-03 7.67809e-03 7.48041e-03 7.28239e-03 7.08292e-03 6.88194e-03 6.68018e-03 6.47871e-03 6.27852e-03 6.08028e-03 5.88426e-03 5.69066e-03 5.49989e-03 5.31278e-03 5.13060e-03 4.95492e-03 4.78723e-03 4.62848e-03 4.47869e-03 4.33677e-03 4.20068e-03 4.06790e-03 3.93602e-03 3.80316e-03 3.66828e-03 3.53130e-03 3.39304e-03 3.25499e-03 3.11885e-03 2.98614e-03 2.85785e-03 2.73421e-03 2.61471e-03 2.49829e-03 2.38368e-03 2.26979e-03 2.15598e-03 2.04219e-03 1.92888e-03 1.81682e-03 1.70690e-03 1.59993e-03 1.49654e-03 1.39713e-03 1.30192e-03 1.21091e-03 1.12384e-03 1.04009e-03 9.58740e-04 8.78759e-04 7.99459e-04 7.20867e-04 6.43770e-04 5.69385e-04 4.99192e-04 4.35066e-04 3.78970e-04 3.31937e-04 2.93291e-04 2.60850e-04 2.31898e-04 2.04338e-04 1.77270e-04 1.50491e-04 1.23517e-04 9.56370e-05 6.72530e-05 4.08669e-05 2.01213e-05 7.33127e-06 1.71560e-06 2.01719e-07 7.43184e-09 3.83100e-11
3.043649 1.45329e-02 2.25774e-02 1.90793e-02 1.78826e-02 1.82378e-02 1.90963e-02 1.99485e-02 2.06760e-02 2.13214e-02 2.20105e-02 2.29089e-02 2.40038e-02 2.48458e-02 2.47830e-02 2.36304e-02 2.18440e-02 2.00027e-02 1.84160e-02 1.71627e-02 1.62253e-02 1.55392e-02 1.50170e-02 1.45851e-02 1.42043e-02 1.38613e-02 1.35501e-02 1.32640e-02 1.29964e-02 1.27424e-02 1.25007e-02 1.22749e-02 1.20726e-02 1.18944e-02 1.17239e-02 1.15409e-02 1.13465e-02 1.11691e-02 1.10455e-02 1.09928e-02 1.09950e-02 1.10116e-02 1.09982e-02 1.09229e-02 1.07726e-02 1.05513e-02 1.02756e-02 9.96925e-03 9.65641e-03 9.35547e-03 9.07629e-03 8.82108e-03 8.58718e-03 8.36967e-03 8.16321e-03 7.96301e-03 7.76538e-03 7.56788e-03 7.36935e-03 7.16966e-03 6.96925e-03 6.76862e-03 6.56790e-03 6.36691e-03 6.16545e-03 5.96365e-03 5.76212e-03 5.56195e-03 5.36467e-03 5.17217e-03 4.98652e-03 4.80966e-03 4.64295e-03 4.48668e-03 4.33988e-03 4.20045e-03 4.06567e-03 3.93287e-03 3.79999e-03 3.66580e-03 3.53009e-03 3.39360e-03 3.25779e-03 3.12445e-03 2.99527e-03 2.87145e-03 2.75340e-03 2.64066e-03 2.53201e-03 2.42577e-03 2.32015e-03 2.21372e-03 2.10561e-03 1.99566e-03 1.88434e-03 1.77259e-03 1.66162e-03 1.55267e-03 1.44687e-03 1.34516e-03 1.24819e-03 1.15624e-03 1.06914e-03 9.86195e-04 9.06292e-04 8.28206e-04 7.51144e-04 6.75205e-04 6.01335e-04 5.30797e-04 4.64828e-04 4.04805e-04 3.52209e-04 3.07845e-04 2.70964e-04 2.39343e-04 2.10402e-04 1.82481e-04 1.55049e-04 1.27755e-04 9.98700e-05 7.13393e-05 4.42205e-05 2.22489e-05 8.28332e-06 1.97788e-06 2.36647e-07 8.83499e-09 4.57822e-11
3.093545 1.48081e-02 2.25094e-02 1.88702e-02 1.76906e-02 1.80673e-02 1.89833e-02 1.99207e-02 2.07190e-02 2.13964e-02 2.20757e-02 2.29100e-02 2.38478e-02 2.44304e-02 2.40986e-02 2.27974e-02 2.10157e-02 1.92728e-02 1.78163e-02 1.66933e-02 1.58703e-02 1.52750e-02 1.48215e-02 1.44443e-02 1.41121e-02 1.38150e-02 1.35473e-02 1.33023e-02 1.30731e-02 1.28535e-02 1.26379e-02 1.24235e-02 1.22134e-02 1.20111e-02 1.18165e-02 1.16368e-02 1.14954e-02 1.14187e-02 1.14129e-02 1.14540e-02 1.14967e-02 1.14939e-02 1.14125e-02 1.12398e-02 1.09835e-02 1.06671e-02 1.03223e-02 9.97832e-03 9.65520e-03 9.36162e-03 9.09789e-03 8.85962e-03 8.64049e-03 8.43390e-03 8.23404e-03 8.03665e-03 7.83925e-03 7.64090e-03 7.44150e-03 7.24092e-03 7.03877e-03 6.83464e-03 6.62865e-03 6.42135e-03 6.21338e-03 6.00519e-03 5.79717e-03 5.59004e-03 5.38512e-03 5.18440e-03 4.99035e-03 4.80542e-03 4.63146e-03 4.46917e-03 4.31781e-03 4.17533e-03 4.03893e-03 3.90580e-03 3.77371e-03 3.64133e-03 3.50830e-03 3.37517e-03 3.24322e-03 3.11414e-03 2.98963e-03 2.87098e-03 2.75878e-03 2.65273e-03 2.55166e-03 2.45375e-03 2.35681e-03 2.25879e-03 2.15809e-03 2.05386e-03 1.94610e-03 1.83557e-03 1.72360e-03 1.61178e-03 1.50175e-03 1.39496e-03 1.29256e-03 1.19527e-03 1.10335e-03 1.01654e-03 9.34067e-04 8.54813e-04 7.77675e-04 7.02066e-04 6.28293e-04 5.57415e-04 4.90639e-04 4.28900e-04 3.73039e-04 3.23982e-04 2.82178e-04 2.46751e-04 2.15568e-04 1.86471e-04 1.58327e-04 1.30669e-04 1.02817e-04 7.43919e-05 4.69415e-05 2.41013e-05 9.15863e-06 2.22912e-06 2.71167e-07 1.02651e-08 5.39557e-11
3.143441 1.56645e-02 2.29592e-02 1.87910e-02 1.75331e-02 1.79164e-02 1.88768e-02 1.98846e-02 2.07417e-02 2.14397e-02 2.20933e-02 2.28396e-02 2.35959e-02 2.39183e-02 2.33529e-02 2.19518e-02 2.02081e-02 1.85757e-02 1.72496e-02 1.62516e-02 1.55348e-02 1.50211e-02 1.46285e-02 1.43005e-02 1.40136e-02 1.37607e-02 1.35365e-02 1.33337e-02 1.31436e-02 1.29546e-02 1.27529e-02 1.25312e-02 1.22992e-02 1.20820e-02 1.19089e-02 1.18043e-02 1.17783e-02 1.18192e-02 1.18933e-02 1.19541e-02 1.19562e-02 1.18665e-02 1.16719e-02 1.13826e-02 1.10292e-02 1.06510e-02 1.02822e-02 9.94313e-03 9.64035e-03 9.37197e-03 9.13222e-03 8.91400e-03 8.70987e-03 8.51277e-03 8.31681e-03 8.11798e-03 7.91436e-03 7.70582e-03 7.49364e-03 7.28014e-03 7.06788e-03 6.85836e-03 6.65128e-03 6.44500e-03 6.23769e-03 6.02818e-03 5.81638e-03 5.60331e-03 5.39095e-03 5.18203e-03 4.97967e-03 4.78689e-03 4.60595e-03 4.43788e-03 4.28213e-03 4.13679e-03 3.99905e-03 3.86604e-03 3.73542e-03 3.60577e-03 3.47659e-03 3.34817e-03 3.22149e-03 3.09796e-03 2.97907e-03 2.86609e-03 2.75970e-03 2.65980e-03 2.56544e-03 2.47488e-03 2.38586e-03 2.29598e-03 2.20316e-03 2.10595e-03 2.00385e-03 1.89726e-03 1.78738e-03 1.67586e-03 1.56448e-03 1.45496e-03 1.34870e-03 1.24676e-03 1.14973e-03 1.05776e-03 9.70514e-04 8.87343e-04 8.07435e-04 7.30126e-04 6.55241e-04 5.83290e-04 5.15268e-04 4.52114e-04 3.94348e-04 3.42277e-04 2.96297e-04 2.56507e-04 2.21966e-04 1.90851e-04 1.61585e-04 1.33328e-04 1.05346e-04 7.70284e-05 4.94065e-05 2.58697e-05 1.00321e-05 2.48866e-06 3.07800e-07 1.18247e-08 6.34452e-11
3.193337 1.66369e-02 2.38191e-02 1.88591e-02 1.73382e-02 1.77191e-02 1.87196e-02 1.97805e-02 2.06796e-02 2.13834e-02 2.19921e-02 2.26252e-02 2.31862e-02 2.32729e-02 2.25358e-02 2.10981e-02 1.94280e-02 1.79164e-02 1.67178e-02 1.58366e-02 1.52159e-02 1.47751e-02 1.44376e-02 1.41564e-02 1.39146e-02 1.37074e-02 1.35295e-02 1.33711e-02 1.32174e-02 1.30483e-02 1.28451e-02 1.26090e-02 1.23753e-02 1.21978e-02 1.21159e-02 1.21321e-02 1.22159e-02 1.23206e-02 1.23985e-02 1.24065e-02 1.23123e-02 1.21019e-02 1.17871e-02 1.14039e-02 1.09989e-02 1.06109e-02 1.02607e-02 9.95295e-03 9.68363e-03 9.44610e-03 9.23232e-03 9.03258e-03 8.83648e-03 8.63514e-03 8.42320e-03 8.19988e-03 7.96900e-03 7.73769e-03 7.51300e-03 7.29810e-03 7.09134e-03 6.88846e-03 6.68529e-03 6.47903e-03 6.26841e-03 6.05333e-03 5.83466e-03 5.61400e-03 5.39370e-03 5.17674e-03 4.96649e-03 4.76623e-03 4.57849e-03 4.40456e-03 4.24418e-03 4.09562e-03 3.95622e-03 3.82312e-03 3.69393e-03 3.56716e-03 3.44214e-03 3.31895e-03 3.19819e-03 3.08086e-03 2.96811e-03 2.86100e-03 2.76016e-03 2.66562e-03 2.57663e-03 2.49170e-03 2.40873e-03 2.32534e-03 2.23925e-03 2.14877e-03 2.05300e-03 1.95205e-03 1.84677e-03 1.73854e-03 1.62894e-03 1.51955e-03 1.41179e-03 1.30683e-03 1.20552e-03 1.10832e-03 1.01535e-03 9.26445e-04 8.41338e-04 7.59779e-04 6.81698e-04 6.07338e-04 5.37290e-04 4.72286e-04 4.12810e-04 3.58882e-04 3.10314e-04 2.67058e-04 2.28934e-04 1.95077e-04 1.64162e-04 1.35077e-04 1.06881e-04 7.87390e-05 5.11984e-05 2.72831e-05 1.07796e-05 2.72176e-06 3.41903e-07 1.33342e-08 7.35199e-11
3.243232 1.58948e-02 2.36822e-02 1.90222e-02 1.72926e-02 1.76047e-02 1.86519e-02 1.97717e-02 2.07051e-02 2.14023e-02 2.19531e-02 2.24617e-02 2.28274e-02 2.26981e-02 2.18197e-02 2.03664e-02 1.87736e-02 1.73749e-02 1.62920e-02 1.55145e-02 1.49772e-02 1.45980e-02 1.43074e-02 1.40679e-02 1.38688e-02 1.37069e-02 1.35741e-02 1.34540e-02 1.33230e-02 1.31565e-02 1.29460e-02 1.27209e-02 1.25430e-02 1.24681e-02 1.25072e-02 1.26225e-02 1.27550e-02 1.28498e-02 1.28632e-02 1.27638e-02 1.25391e-02 1.22032e-02 1.17963e-02 1.13706e-02 1.09690e-02 1.06131e-02 1.03058e-02 1.00418e-02 9.81296e-03 9.60713e-03 9.40715e-03 9.19693e-03 8.96818e-03 8.72219e-03 8.46779e-03 8.21752e-03 7.98150e-03 7.76181e-03 7.55298e-03 7.34770e-03 7.14124e-03 6.93192e-03 6.71967e-03 6.50468e-03 6.28689e-03 6.06611e-03 5.84250e-03 5.61697e-03 5.39141e-03 5.16864e-03 4.95214e-03 4.74544e-03 4.55143e-03 4.37179e-03 4.20664e-03 4.05464e-03 3.91338e-03 3.78013e-03 3.65247e-03 3.52879e-03 3.40829e-03 3.29080e-03 3.17656e-03 3.06612e-03 2.96017e-03 2.85938e-03 2.76420e-03 2.67459e-03 2.58997e-03 2.50911e-03 2.43024e-03 2.35128e-03 2.27022e-03 2.18541e-03 2.09594e-03 2.00165e-03 1.90299e-03 1.80081e-03 1.69610e-03 1.58993e-03 1.48344e-03 1.37772e-03 1.27372e-03 1.17214e-03 1.07348e-03 9.78062e-04 8.86212e-04 7.98253e-04 7.14548e-04 6.35513e-04 5.61633e-04 4.93415e-04 4.31220e-04 3.75028e-04 3.24369e-04 2.78642e-04 2.37483e-04 2.00601e-04 1.67391e-04 1.36965e-04 1.08252e-04 8.01514e-05 5.27244e-05 2.85546e-05 1.14847e-05 2.94972e-06 3.76231e-07 1.49089e-08 8.49750e-11
3.293128 1.46949e-02 2.27725e-02 1.89098e-02 1.73125e-02 1.75779e-02 1.86482e-02 1.98240e-02 2.07875e-02 2.14665e-02 2.19438e-02 2.23158e-02 2.24873e-02 2.21621e-02 2.11710e-02 1.97213e-02 1.82094e-02 1.69178e-02 1.59408e-02 1.52561e-02 1.47916e-02 1.44659e-02 1.42176e-02 1.40189e-02 1.38638e-02 1.37476e-02 1.36553e-02 1.35614e-02 1.34389e-02 1.32745e-02 1.30876e-02 1.29316e-02 1.28644e-02 1.29087e-02 1.30370e-02 1.31895e-02 1.33022e-02 1.33238e-02 1.32210e-02 1.29844e-02 1.26325e-02 1.22094e-02 1.17708e-02 1.13627e-02 1.10082e-02 1.07097e-02 1.04601e-02 1.02454e-02 1.00408e-02 9.81867e-03 9.56581e-03 9.28776e-03 9.00051e-03 8.72315e-03 8.47082e-03 8.24633e-03 8.03950e-03 7.83615e-03 7.62676e-03 7.40880e-03 7.18469e-03 6.95848e-03 6.73321e-03 6.50981e-03 6.28741e-03 6.06432e-03 5.83913e-03 5.61155e-03 5.38282e-03 5.15562e-03 4.93363e-03 4.72077e-03 4.52044e-03 4.33482e-03 4.16456e-03 4.00879e-03 3.86546e-03 3.73198e-03 3.60587e-03 3.48535e-03 3.36944e-03 3.25777e-03 3.15025e-03 3.04699e-03 2.94819e-03 2.85407e-03 2.76469e-03 2.67982e-03 2.59886e-03 2.52077e-03 2.44418e-03 2.36754e-03 2.28939e-03 2.20862e-03 2.12456e-03 2.03703e-03 1.94606e-03 1.85179e-03 1.75442e-03 1.65433e-03 1.55210e-03 1.44854e-03 1.34443e-03 1.24054e-03 1.13759e-03 1.03637e-03 9.37748e-04 8.42659e-04 7.51994e-04 6.66563e-04 5.87062e-04 5.14046e-04 4.47849e-04 3.88452e-04 3.35352e-04 2.87647e-04 2.44437e-04 2.05220e-04 1.69796e-04 1.37831e-04 1.08472e-04 8.04585e-05 5.33768e-05 2.92992e-05 1.19684e-05 3.12097e-06 4.03676e-07 1.62680e-08 9.66530e-11
3.343024 1.43421e-02 2.22868e-02 1.86617e-02 1.72424e-02 1.75495e-02 1.86467e-02 1.98632e-02 2.08442e-02 2.14916e-02 2.18809e-02 2.21059e-02 2.20880e-02 2.15919e-02 2.05210e-02 1.90974e-02 1.76738e-02 1.64869e-02 1.56090e-02 1.50083e-02 1.46085e-02 1.43311e-02 1.41243e-02 1.39689e-02 1.38603e-02 1.37874e-02 1.37259e-02 1.36482e-02 1.35398e-02 1.34127e-02 1.33048e-02 1.32616e-02 1.33077e-02 1.34320e-02 1.35898e-02 1.37166e-02 1.37507e-02 1.36517e-02 1.34111e-02 1.30528e-02 1.26249e-02 1.21848e-02 1.17807e-02 1.14380e-02 1.11597e-02 1.09324e-02 1.07245e-02 1.04937e-02 1.02163e-02 9.90301e-03 9.57906e-03 9.26750e-03 8.98642e-03 8.74306e-03 8.52870e-03 8.32577e-03 8.11922e-03 7.90153e-03 7.67231e-03 7.43545e-03 7.19593e-03 6.95795e-03 6.72412e-03 6.49510e-03 6.26973e-03 6.04563e-03 5.82024e-03 5.59207e-03 5.36146e-03 5.13074e-03 4.90374e-03 4.68487e-03 4.47812e-03 4.28636e-03 4.11085e-03 3.95129e-03 3.80599e-03 3.67250e-03 3.54824e-03 3.43116e-03 3.32003e-03 3.21424e-03 3.11348e-03 3.01747e-03 2.92595e-03 2.83862e-03 2.75511e-03 2.67485e-03 2.59710e-03 2.52090e-03 2.44528e-03 2.36933e-03 2.29238e-03 2.21409e-03 2.13435e-03 2.05305e-03 1.96990e-03 1.88432e-03 1.79573e-03 1.70379e-03 1.60852e-03 1.51016e-03 1.40913e-03 1.30590e-03 1.20121e-03 1.09613e-03 9.92017e-04 8.90362e-04 7.92600e-04 7.00020e-04 6.13711e-04 5.34519e-04 4.62977e-04 3.99203e-04 3.42796e-04 2.92811e-04 2.48001e-04 2.07334e-04 1.70399e-04 1.37171e-04 1.07241e-04 7.94413e-05 5.29873e-05 2.93976e-05 1.21674e-05 3.21522e-06 4.21239e-07 1.72897e-08 1.08085e-10
3.392920 1.57276e-02 2.31704e-02 1.87119e-02 1.71711e-02 1.75090e-02 1.86424e-02 1.98883e-02 2.08680e-02 2.14656e-02 2.17531e-02 2.18272e-02 2.16310e-02 2.09875e-02 1.98601e-02 1.84747e-02 1.71408e-02 1.60542e-02 1.52682e-02 1.47432e-02 1.44010e-02 1.41689e-02 1.40050e-02 1.38951e-02 1.38302e-02 1.37904e-02 1.37498e-02 1.36947e-02 1.36337e-02 1.35909e-02 1.35914e-02 1.36507e-02 1.37665e-02 1.39135e-02 1.40400e-02 1.40819e-02 1.39904e-02 1.37542e-02 1.34009e-02 1.29822e-02 1.25562e-02 1.21715e-02 1.18552e-02 1.16075e-02 1.13971e-02 1.11669e-02 1.08737e-02 1.05273e-02 1.01676e-02 9.82324e-03 9.50918e-03 9.23475e-03 8.99716e-03 8.78110e-03 8.56950e-03 8.35137e-03 8.12308e-03 7.88635e-03 7.64472e-03 7.40106e-03 7.15745e-03 6.91580e-03 6.67792e-03 6.44500e-03 6.21687e-03 5.99175e-03 5.76685e-03 5.53969e-03 5.30940e-03 5.07745e-03 4.84744e-03 4.62409e-03 4.41207e-03 4.21502e-03 4.03501e-03 3.87236e-03 3.72584e-03 3.59314e-03 3.47153e-03 3.35867e-03 3.25297e-03 3.15356e-03 3.05992e-03 2.97149e-03 2.88759e-03 2.80744e-03 2.73018e-03 2.65486e-03 2.58048e-03 2.50615e-03 2.43121e-03 2.35540e-03 2.27893e-03 2.20230e-03 2.12603e-03 2.05019e-03 1.97425e-03 1.89715e-03 1.81780e-03 1.73534e-03 1.64921e-03 1.55903e-03 1.46446e-03 1.36543e-03 1.26235e-03 1.15630e-03 1.04895e-03 9.42220e-04 8.38061e-04 7.38283e-04 6.44488e-04 5.58000e-04 4.79762e-04 4.10226e-04 3.49242e-04 2.96009e-04 2.49188e-04 2.07325e-04 1.69477e-04 1.35454e-04 1.05136e-04 7.76330e-05 5.19611e-05 2.90982e-05 1.21932e-05 3.26398e-06 4.33290e-07 1.81600e-08 1.20379e-10
3.442816 1.71494e-02 2.43503e-02 1.89778e-02 1.71485e-02 1.74479e-02 1.85925e-02 1.98465e-02 2.08061e-02 2.13415e-02 2.15228e-02 2.14538e-02 2.11062e-02 2.03578e-02 1.92134e-02 1.78877e-02 1.66468e-02 1.56539e-02 1.49489e-02 1.44892e-02 1.41989e-02 1.40126e-02 1.38948e-02 1.38301e-02 1.38023e-02 1.37901e-02 1.37810e-02 1.37818e-02 1.38070e-02 1.38643e-02 1.39531e-02 1.40706e-02 1.42054e-02 1.43237e-02 1.43702e-02 1.42935e-02 1.40764e-02 1.37447e-02 1.33517e-02 1.29559e-02 1.26053e-02 1.23257e-02 1.21052e-02 1.18865e-02 1.16002e-02 1.12324e-02 1.08346e-02 1.04556e-02 1.01091e-02 9.79790e-03 9.52393e-03 9.27929e-03 9.04873e-03 8.81945e-03 8.58508e-03 8.34500e-03 8.10193e-03 7.85848e-03 7.61539e-03 7.37214e-03 7.12842e-03 6.88495e-03 6.64337e-03 6.40555e-03 6.17248e-03 5.94358e-03 5.71664e-03 5.48887e-03 5.25835e-03 5.02538e-03 4.79278e-03 4.56520e-03 4.34784e-03 4.14522e-03 3.96031e-03 3.79418e-03 3.64606e-03 3.51380e-03 3.39456e-03 3.28564e-03 3.18504e-03 3.09158e-03 3.00449e-03 2.92302e-03 2.84615e-03 2.77265e-03 2.70117e-03 2.63033e-03 2.55891e-03 2.48602e-03 2.41130e-03 2.33511e-03 2.25841e-03 2.18246e-03 2.10829e-03 2.03617e-03 1.96549e-03 1.89514e-03 1.82391e-03 1.75077e-03 1.67470e-03 1.59453e-03 1.50899e-03 1.41712e-03 1.31875e-03 1.21473e-03 1.10675e-03 9.96985e-04 8.87756e-04 7.81364e-04 6.79984e-04 5.85545e-04 4.99574e-04 4.23036e-04 3.56190e-04 2.98523e-04 2.48802e-04 2.05375e-04 1.66798e-04 1.32405e-04 1.02022e-04 7.49795e-05 5.02466e-05 2.83428e-05 1.20055e-05 3.25233e-06 4.37444e-07 1.87791e-08 1.33161e-10
3.492712 1.67307e-02 2.45352e-02 1.92783e-02 1.72064e-02 1.74362e-02 1.85891e-02 1.98429e-02 2.07686e-02 2.12313e-02 2.13047e-02 2.11034e-02 2.06286e-02 1.98043e-02 1.86625e-02 1.74002e-02 1.62447e-02 1.53337e-02 1.46982e-02 1.42956e-02 1.40546e-02 1.39153e-02 1.38436e-02 1.38194e-02 1.38249e-02 1.38498e-02 1.38991e-02 1.39830e-02 1.40986e-02 1.42307e-02 1.43675e-02 1.45018e-02 1.46136e-02 1.46616e-02 1.45999e-02 1.44090e-02 1.41110e-02 1.37584e-02 1.34097e-02 1.31098e-02 1.28725e-02 1.26627e-02 1.24055e-02 1.20479e-02 1.16201e-02 1.11973e-02 1.08160e-02 1.04709e-02 1.01563e-02 9.87130e-03 9.60801e-03 9.35446e-03 9.10268e-03 8.85018e-03 8.59807e-03 8.34880e-03 8.10368e-03 7.86173e-03 7.62065e-03 7.37824e-03 7.13355e-03 6.88715e-03 6.64089e-03 6.39701e-03 6.15723e-03 5.92186e-03 5.68961e-03 5.45809e-03 5.22513e-03 4.99010e-03 4.75481e-03 4.52327e-03 4.30072e-03 4.09233e-03 3.90201e-03 3.73169e-03 3.58115e-03 3.44845e-03 3.33073e-03 3.22498e-03 3.12877e-03 3.04049e-03 2.95913e-03 2.88371e-03 2.81297e-03 2.74527e-03 2.67881e-03 2.61181e-03 2.54284e-03 2.47103e-03 2.39632e-03 2.31955e-03 2.24226e-03 2.16621e-03 2.09270e-03 2.02217e-03 1.95424e-03 1.88816e-03 1.82313e-03 1.75821e-03 1.69201e-03 1.62253e-03 1.54744e-03 1.46473e-03 1.37349e-03 1.27412e-03 1.16809e-03 1.05752e-03 9.44866e-04 8.32783e-04 7.23996e-04 6.21112e-04 5.26389e-04 4.41486e-04 3.67253e-04 3.03623e-04 2.49628e-04 2.03612e-04 1.63782e-04 1.28930e-04 9.85561e-05 7.20095e-05 4.82308e-05 2.73584e-05 1.17010e-05 3.20644e-06 4.37231e-07 1.92982e-08 1.47417e-10
3.542608 1.54830e-02 2.37731e-02 1.93241e-02 1.73418e-02 1.75133e-02 1.86671e-02 1.99211e-02 2.08043e-02 2.11830e-02 2.11442e-02 2.08181e-02 2.02323e-02 1.93473e-02 1.82133e-02 1.70086e-02 1.59282e-02 1.50886e-02 1.45147e-02 1.41653e-02 1.39733e-02 1.38811e-02 1.38526e-02 1.38665e-02 1.39130e-02 1.39958e-02 1.41221e-02 1.42850e-02 1.44617e-02 1.46299e-02 1.47781e-02 1.48926e-02 1.49441e-02 1.48956e-02 1.47300e-02 1.44691e-02 1.41663e-02 1.38802e-02 1.36451e-02 1.34477e-02 1.32262e-02 1.29117e-02 1.24925e-02 1.20318e-02 1.16028e-02 1.12223e-02 1.08728e-02 1.05459e-02 1.02410e-02 9.95246e-03 9.67236e-03 9.39667e-03 9.12581e-03 8.86185e-03 8.60643e-03 8.35953e-03 8.11895e-03 7.88107e-03 7.64214e-03 7.39958e-03 7.15255e-03 6.90202e-03 6.65019e-03 6.39968e-03 6.15254e-03 5.90957e-03 5.67010e-03 5.43236e-03 5.19459e-03 4.95610e-03 4.71807e-03 4.48372e-03 4.25768e-03 4.04511e-03 3.85045e-03 3.67641e-03 3.52344e-03 3.38998e-03 3.27325e-03 3.17011e-03 3.07777e-03 2.99418e-03 2.91795e-03 2.84791e-03 2.78257e-03 2.72000e-03 2.65801e-03 2.59452e-03 2.52792e-03 2.45740e-03 2.38315e-03 2.30632e-03 2.22876e-03 2.15240e-03 2.07863e-03 2.00808e-03 1.94087e-03 1.87700e-03 1.81633e-03 1.75823e-03 1.70108e-03 1.64211e-03 1.57793e-03 1.50557e-03 1.42340e-03 1.33127e-03 1.23011e-03 1.12162e-03 1.00805e-03 8.92154e-04 7.77042e-04 6.65972e-04 5.62006e-04 4.67661e-04 3.84592e-04 3.13390e-04 2.53536e-04 2.03556e-04 1.61487e-04 1.25643e-04 9.50579e-05 6.89120e-05 4.60430e-05 2.62224e-05 1.13134e-05 3.13566e-06 4.33981e-07 1.97823e-08 1.63697e-10
3.592504 1.49126e-02 2.32259e-02 1.91891e-02 1.74019e-02 1.75918e-02 1.87349e-02 1.99706e-02 2.08005e-02 2.10891e-02 2.09404e-02 2.05032e-02 1.98290e-02 1.89065e-02 1.77940e-02 1.66496e-02 1.56402e-02 1.48669e-02 1.43517e-02 1.40559e-02 1.39149e-02 1.38704e-02 1.38857e-02 1.39455e-02 1.40504e-02 1.42045e-02 1.43996e-02 1.46119e-02 1.48142e-02 1.49879e-02 1.51186e-02 1.51847e-02 1.51584e-02 1.50253e-02 1.48075e-02 1.45619e-02 1.43468e-02 1.41783e-02 1.40095e-02 1.37638e-02 1.34007e-02 1.29480e-02 1.24778e-02 1.20471e-02 1.16600e-02 1.12967e-02 1.09492e-02 1.06187e-02 1.03023e-02 9.99525e-03 9.69628e-03 9.40753e-03 9.13147e-03 8.86897e-03 8.61907e-03 8.37897e-03 8.14443e-03 7.91053e-03 7.67295e-03 7.42898e-03 7.17804e-03 6.92161e-03 6.66248e-03 6.40376e-03 6.14787e-03 5.89592e-03 5.64757e-03 5.40153e-03 5.15654e-03 4.91237e-03 4.67035e-03 4.43335e-03 4.20532e-03 3.99070e-03 3.79371e-03 3.61735e-03 3.46264e-03 3.32850e-03 3.21242e-03 3.11130e-03 3.02216e-03 2.94259e-03 2.87084e-03 2.80542e-03 2.74461e-03 2.68625e-03 2.62787e-03 2.56718e-03 2.50250e-03 2.43314e-03 2.35947e-03 2.28287e-03 2.20524e-03 2.12846e-03 2.05388e-03 1.98241e-03 1.91480e-03 1.85189e-03 1.79428e-03 1.74170e-03 1.69233e-03 1.64267e-03 1.58851e-03 1.52632e-03 1.45407e-03 1.37107e-03 1.27753e-03 1.17439e-03 1.06335e-03 9.46915e-04 8.28305e-04 7.11194e-04 5.99346e-04 4.96158e-04 4.04212e-04 3.24941e-04 2.58470e-04 2.03704e-04 1.58716e-04 1.21491e-04 9.05895e-05 6.49000e-05 4.30824e-05 2.45397e-05 1.06438e-05 2.97636e-06 4.17886e-07 1.97631e-08 1.78317e-10
3.642399 1.55450e-02 2.35229e-02 1.91734e-02 1.74323e-02 1.76691e-02 1.88155e-02 2.00189e-02 2.07777e-02 2.09661e-02 2.07077e-02 2.01699e-02 1.94242e-02 1.84787e-02 1.73938e-02 1.63081e-02 1.53657e-02 1.46565e-02 1.42009e-02 1.39612e-02 1.38726e-02 1.38768e-02 1.39418e-02 1.40596e-02 1.42298e-02 1.44422e-02 1.46743e-02 1.49005e-02 1.50993e-02 1.52523e-02 1.53400e-02 1.53425e-02 1.52509e-02 1.50872e-02 1.49070e-02 1.47614e-02 1.46449e-02 1.44897e-02 1.42249e-02 1.38395e-02 1.33813e-02 1.29138e-02 1.24777e-02 1.20749e-02 1.16901e-02 1.13179e-02 1.09606e-02 1.06174e-02 1.02860e-02 9.96658e-03 9.66207e-03 9.37482e-03 9.10510e-03 8.85131e-03 8.61059e-03 8.37888e-03 8.15102e-03 7.92145e-03 7.68536e-03 7.43985e-03 7.18463e-03 6.92173e-03 6.65466e-03 6.38715e-03 6.12211e-03 5.86100e-03 5.60380e-03 5.34962e-03 5.09762e-03 4.84800e-03 4.60241e-03 4.36378e-03 4.13569e-03 3.92175e-03 3.72524e-03 3.54877e-03 3.39358e-03 3.25920e-03 3.14363e-03 3.04407e-03 2.95762e-03 2.88164e-03 2.81399e-03 2.75281e-03 2.69609e-03 2.64146e-03 2.58628e-03 2.52816e-03 2.46542e-03 2.39748e-03 2.32485e-03 2.24896e-03 2.17162e-03 2.09456e-03 2.01913e-03 1.94658e-03 1.87834e-03 1.81600e-03 1.76086e-03 1.71291e-03 1.66997e-03 1.62788e-03 1.58208e-03 1.52909e-03 1.46683e-03 1.39408e-03 1.31020e-03 1.21520e-03 1.10998e-03 9.96486e-04 8.77666e-04 7.57289e-04 6.39578e-04 5.28707e-04 4.28227e-04 3.40571e-04 2.66735e-04 2.06231e-04 1.57390e-04 1.18050e-04 8.63570e-05 6.08467e-05 3.99467e-05 2.26721e-05 9.86002e-06 2.77766e-06 3.95782e-07 1.95028e-08 1.91983e-10
3.692295 1.68556e-02 2.45412e-02 1.94112e-02 1.74957e-02 1.77305e-02 1.88661e-02 2.00204e-02 2.06941e-02 2.07793e-02 2.04209e-02 1.98017e-02 1.90066e-02 1.80556e-02 1.70065e-02 1.59802e-02 1.51035e-02 1.44584e-02 1.40637e-02 1.38812e-02 1.38457e-02 1.39024e-02 1.40243e-02 1.42012e-02 1.44196e-02 1.46573e-02 1.48926e-02 1.51082e-02 1.52845e-02 1.53999e-02 1.54386e-02 1.54003e-02 1.53079e-02 1.52046e-02 1.51204e-02 1.50349e-02 1.48868e-02 1.46243e-02 1.42490e-02 1.38053e-02 1.33430e-02 1.28953e-02 1.24691e-02 1.20580e-02 1.16600e-02 1.12777e-02 1.09111e-02 1.05590e-02 1.02225e-02 9.90440e-03 9.60675e-03 9.32945e-03 9.07057e-03 8.82729e-03 8.59622e-03 8.37295e-03 8.15189e-03 7.92684e-03 7.69242e-03 7.44547e-03 7.18584e-03 6.91619e-03 6.64080e-03 6.36413e-03 6.08967e-03 5.81934e-03 5.55356e-03 5.29190e-03 5.03394e-03 4.78009e-03 4.53204e-03 4.29265e-03 4.06527e-03 3.85299e-03 3.65823e-03 3.48272e-03 3.32750e-03 3.19255e-03 3.07664e-03 2.97762e-03 2.89284e-03 2.81963e-03 2.75546e-03 2.69800e-03 2.64487e-03 2.59348e-03 2.54110e-03 2.48531e-03 2.42449e-03 2.35810e-03 2.28672e-03 2.21171e-03 2.13475e-03 2.05743e-03 1.98116e-03 1.90754e-03 1.83862e-03 1.77677e-03 1.72383e-03 1.67974e-03 1.64164e-03 1.60493e-03 1.56535e-03 1.52001e-03 1.46697e-03 1.40452e-03 1.33121e-03 1.24611e-03 1.14922e-03 1.04167e-03 9.25806e-04 8.05107e-04 6.83913e-04 5.66927e-04 4.58585e-04 3.62400e-04 2.80438e-04 2.13086e-04 1.59196e-04 1.16684e-04 8.33933e-05 5.74878e-05 3.71185e-05 2.08965e-05 9.08608e-06 2.57529e-06 3.72615e-07 1.91930e-08 2.05297e-10
3.742191 1.76696e-02 2.54945e-02 1.97717e-02 1.75799e-02 1.77643e-02 1.88693e-02 1.99578e-02 2.05374e-02 2.05237e-02 2.00813e-02 1.94035e-02 1.85840e-02 1.76479e-02 1.66467e-02 1.56845e-02 1.48746e-02 1.42938e-02 1.39596e-02 1.38337e-02 1.38530e-02 1.39656e-02 1.41421e-02 1.43604e-02 1.45964e-02 1.48301e-02 1.50511e-02 1.52465e-02 1.53944e-02 1.54775e-02 1.55013e-02 1.54922e-02 1.54742e-02 1.54468e-02 1.53846e-02 1.52517e-02 1.50173e-02 1.46770e-02 1.42584e-02 1.38000e-02 1.33354e-02 1.28811e-02 1.24406e-02 1.20164e-02 1.16115e-02 1.12255e-02 1.08565e-02 1.05054e-02 1.01748e-02 9.86651e-03 9.58046e-03 9.31472e-03 9.06649e-03 8.83282e-03 8.61038e-03 8.39471e-03 8.17979e-03 7.95873e-03 7.72541e-03 7.47622e-03 7.21117e-03 6.93356e-03 6.64860e-03 6.36163e-03 6.07684e-03 5.79670e-03 5.52213e-03 5.25316e-03 4.98974e-03 4.73240e-03 4.48259e-03 4.24266e-03 4.01554e-03 3.80401e-03 3.61009e-03 3.43489e-03 3.27895e-03 3.14241e-03 3.02478e-03 2.92473e-03 2.84014e-03 2.76840e-03 2.70665e-03 2.65199e-03 2.60156e-03 2.55252e-03 2.50207e-03 2.44782e-03 2.38823e-03 2.32282e-03 2.25217e-03 2.17759e-03 2.10058e-03 2.02262e-03 1.94523e-03 1.87037e-03 1.80079e-03 1.73961e-03 1.68894e-03 1.64799e-03 1.61300e-03 1.57939e-03 1.54384e-03 1.50431e-03 1.45897e-03 1.40576e-03 1.34259e-03 1.26779e-03 1.18048e-03 1.08089e-03 9.70543e-04 8.52310e-04 7.30260e-04 6.09274e-04 4.94416e-04 3.90188e-04 2.99815e-04 2.24770e-04 1.64710e-04 1.17907e-04 8.20945e-05 5.51000e-05 3.47647e-05 1.92901e-05 8.34647e-06 2.37357e-06 3.48571e-07 1.88094e-08 2.17593e-10
3.792087 1.67951e-02 2.52902e-02 2.00989e-02 1.77952e-02 1.78873e-02 1.89552e-02 1.99770e-02 2.04577e-02 2.03435e-02 1.98224e-02 1.90965e-02 1.82620e-02 1.73446e-02 1.63889e-02 1.54863e-02 1.47405e-02 1.42237e-02 1.39511e-02 1.38838e-02 1.39595e-02 1.41241e-02 1.43379e-02 1.45685e-02 1.47939e-02 1.50074e-02 1.52074e-02 1.53805e-02 1.55090e-02 1.55974e-02 1.56699e-02 1.57332e-02 1.57612e-02 1.57259e-02 1.56171e-02 1.54224e-02 1.51261e-02 1.47342e-02 1.42763e-02 1.37905e-02 1.33044e-02 1.28316e-02 1.23800e-02 1.19542e-02 1.15525e-02 1.11708e-02 1.08084e-02 1.04672e-02 1.01490e-02 9.85390e-03 9.58040e-03 9.32589e-03 9.08752e-03 8.86258e-03 8.64797e-03 8.43915e-03 8.22963e-03 8.01169e-03 7.77835e-03 7.52555e-03 7.25348e-03 6.96628e-03 6.67030e-03 6.37200e-03 6.07642e-03 5.78661e-03 5.50390e-03 5.22866e-03 4.96105e-03 4.70156e-03 4.45128e-03 4.21182e-03 3.98531e-03 3.77403e-03 3.57990e-03 3.40397e-03 3.24661e-03 3.10790e-03 2.98781e-03 2.88574e-03 2.80025e-03 2.72892e-03 2.66864e-03 2.61599e-03 2.56756e-03 2.52018e-03 2.47099e-03 2.41770e-03 2.35887e-03 2.29411e-03 2.22397e-03 2.14962e-03 2.07241e-03 1.99366e-03 1.91502e-03 1.83897e-03 1.76910e-03 1.70919e-03 1.66093e-03 1.62228e-03 1.58874e-03 1.55647e-03 1.52340e-03 1.48816e-03 1.44898e-03 1.40357e-03 1.34948e-03 1.28451e-03 1.20706e-03 1.11650e-03 1.01343e-03 8.99884e-04 7.79342e-04 6.56482e-04 5.36659e-04 4.25139e-04 3.26260e-04 2.42726e-04 1.75265e-04 1.22823e-04 8.32881e-05 5.42640e-05 3.32686e-05 1.80750e-05 7.74120e-06 2.20185e-06 3.27911e-07 1.85481e-08 2.30522e-10
3.841983 1.56851e-02 2.44087e-02 2.00622e-02 1.80135e-02 1.80785e-02 1.90907e-02 2.00365e-02 2.04149e-02 2.01999e-02 1.96048e-02 1.88387e-02 1.79977e-02 1.71046e-02 1.61966e-02 1.53548e-02 1.46753e-02 1.42255e-02 1.40176e-02 1.40104e-02 1.41385e-02 1.43394e-02 1.45639e-02 1.47806e-02 1.49814e-02 1.51733e-02 1.53586e-02 1.55297e-02 1.56856e-02 1.58350e-02 1.59688e-02 1.60510e-02 1.60531e-02 1.59775e-02 1.58271e-02 1.55786e-02 1.52155e-02 1.47576e-02 1.42483e-02 1.37272e-02 1.32186e-02 1.27372e-02 1.22903e-02 1.18754e-02 1.14851e-02 1.11154e-02 1.07668e-02 1.04408e-02 1.01378e-02 9.85685e-03 9.59580e-03 9.35209e-03 9.12312e-03 8.90649e-03 8.69926e-03 8.49677e-03 8.29194e-03 8.07609e-03 7.84128e-03 7.58298e-03 7.30176e-03 7.00286e-03 6.69416e-03 6.38351e-03 6.07692e-03 5.77803e-03 5.48843e-03 5.20854e-03 4.93840e-03 4.67827e-03 4.42876e-03 4.19079e-03 3.96560e-03 3.75475e-03 3.55991e-03 3.38240e-03 3.22290e-03 3.08172e-03 2.95901e-03 2.85465e-03 2.76765e-03 2.69588e-03 2.63608e-03 2.58438e-03 2.53688e-03 2.49008e-03 2.44109e-03 2.38775e-03 2.32882e-03 2.26402e-03 2.19389e-03 2.11941e-03 2.04168e-03 1.96194e-03 1.88211e-03 1.80542e-03 1.73639e-03 1.67888e-03 1.63330e-03 1.59607e-03 1.56269e-03 1.53069e-03 1.49914e-03 1.46700e-03 1.43248e-03 1.39322e-03 1.34664e-03 1.29029e-03 1.22209e-03 1.14072e-03 1.04594e-03 9.38894e-04 8.22286e-04 7.00275e-04 5.78108e-04 4.61437e-04 3.55443e-04 2.63973e-04 1.88944e-04 1.30245e-04 8.62356e-05 5.45148e-05 3.23445e-05 1.70860e-05 7.18991e-06 2.03401e-06 3.06372e-07 1.81776e-08 2.42047e-10
3.891879 1.52889e-02 2.39559e-02 1.99427e-02 1.81291e-02 1.82517e-02 1.92200e-02 2.00765e-02 2.03470e-02 2.00352e-02 1.93749e-02 1.85797e-02 1.77421e-02 1.68809e-02 1.60262e-02 1.52504e-02 1.46421e-02 1.42635e-02 1.41216e-02 1.41698e-02 1.43354e-02 1.45476e-02 1.47574e-02 1.49466e-02 1.51242e-02 1.53086e-02 1.55117e-02 1.57322e-02 1.59540e-02 1.61486e-02 1.62832e-02 1.63332e-02 1.62985e-02 1.61902e-02 1.59889e-02 1.56603e-02 1.52086e-02 1.46793e-02 1.41234e-02 1.35768e-02 1.30626e-02 1.25930e-02 1.21661e-02 1.17712e-02 1.13991e-02 1.10475e-02 1.07171e-02 1.04088e-02 1.01219e-02 9.85525e-03 9.60664e-03 9.37371e-03 9.15415e-03 8.94579e-03 8.74584e-03 8.54945e-03 8.34883e-03 8.13422e-03 7.89665e-03 7.63125e-03 7.33921e-03 7.02727e-03 6.70510e-03 6.38214e-03 6.06547e-03 5.75921e-03 5.46499e-03 5.18294e-03 4.91268e-03 4.65394e-03 4.40675e-03 4.17140e-03 3.94841e-03 3.73864e-03 3.54342e-03 3.36423e-03 3.20233e-03 3.05854e-03 2.93333e-03 2.82676e-03 2.73809e-03 2.66529e-03 2.60505e-03 2.55322e-03 2.50552e-03 2.45818e-03 2.40834e-03 2.35403e-03 2.29424e-03 2.22884e-03 2.15828e-03 2.08330e-03 2.00477e-03 1.92397e-03 1.84329e-03 1.76701e-03 1.70028e-03 1.64618e-03 1.60304e-03 1.56621e-03 1.53220e-03 1.50004e-03 1.46949e-03 1.43957e-03 1.40848e-03 1.37393e-03 1.33338e-03 1.28428e-03 1.22431e-03 1.15166e-03 1.06545e-03 9.66000e-04 8.55199e-04 7.36503e-04 6.14740e-04 4.95556e-04 3.84601e-04 2.86615e-04 2.04641e-04 1.39652e-04 9.07592e-05 5.58366e-05 3.20414e-05 1.63818e-05 6.72961e-06 1.88274e-06 2.85874e-07 1.77731e-08 2.52597e-10
3.941775 1.66138e-02 2.48067e-02 2.00561e-02 1.82257e-02 1.83933e-02 1.93221e-02 2.00802e-02 2.02341e-02 1.98251e-02 1.91061e-02 1.82910e-02 1.74662e-02 1.66449e-02 1.58502e-02 1.51466e-02 1.46153e-02 1.43107e-02 1.42311e-02 1.43212e-02 1.45011e-02 1.46998e-02 1.48798e-02 1.50427e-02 1.52171e-02 1.54356e-02 1.57035e-02 1.59853e-02 1.62326e-02 1.64159e-02 1.65177e-02 1.65279e-02 1.64543e-02 1.62910e-02 1.59994e-02 1.55630e-02 1.50227e-02 1.44388e-02 1.38569e-02 1.33091e-02 1.28144e-02 1.23752e-02 1.19787e-02 1.16096e-02 1.12605e-02 1.09307e-02 1.06210e-02 1.03317e-02 1.00620e-02 9.81042e-03 9.57517e-03 9.35398e-03 9.14480e-03 8.94572e-03 8.75400e-03 8.56443e-03 8.36835e-03 8.15484e-03 7.91411e-03 7.64132e-03 7.33869e-03 7.01470e-03 6.68088e-03 6.34822e-03 6.02472e-03 5.71477e-03 5.41978e-03 5.13935e-03 4.87240e-03 4.61795e-03 4.37539e-03 4.14443e-03 3.92510e-03 3.71781e-03 3.52358e-03 3.34392e-03 3.18051e-03 3.03475e-03 2.90752e-03 2.79907e-03 2.70869e-03 2.63439e-03 2.57285e-03 2.51981e-03 2.47082e-03 2.42203e-03 2.37064e-03 2.31489e-03 2.25402e-03 2.18792e-03 2.11691e-03 2.04146e-03 1.96226e-03 1.88073e-03 1.80006e-03 1.72551e-03 1.66231e-03 1.61177e-03 1.57023e-03 1.53298e-03 1.49810e-03 1.46572e-03 1.43583e-03 1.40746e-03 1.37888e-03 1.34796e-03 1.31229e-03 1.26933e-03 1.21664e-03 1.15212e-03 1.07437e-03 9.83053e-04 8.79267e-04 7.65702e-04 6.46570e-04 5.27210e-04 4.13395e-04 3.10452e-04 2.22384e-04 1.51273e-04 9.71815e-05 5.85331e-05 3.25931e-05 1.61178e-05 6.44048e-06 1.77454e-06 2.70741e-07 1.75767e-08 2.64931e-10
3.991671 1.83160e-02 2.62965e-02 2.04909e-02 1.83529e-02 1.84841e-02 1.93513e-02 1.99993e-02 2.00377e-02 1.95433e-02 1.87819e-02 1.79638e-02 1.71679e-02 1.64007e-02 1.56774e-02 1.50538e-02 1.46018e-02 1.43662e-02 1.43356e-02 1.44479e-02 1.46221e-02 1.47961e-02 1.49522e-02 1.51177e-02 1.53383e-02 1.56292e-02 1.59512e-02 1.62462e-02 1.64805e-02 1.66391e-02 1.67037e-02 1.66666e-02 1.65337e-02 1.62808e-02 1.58747e-02 1.53379e-02 1.47356e-02 1.41244e-02 1.35432e-02 1.30183e-02 1.25595e-02 1.21577e-02 1.17927e-02 1.14495e-02 1.11233e-02 1.08146e-02 1.05242e-02 1.02524e-02 9.99855e-03 9.76135e-03 9.53897e-03 9.32943e-03 9.13095e-03 8.94180e-03 8.75907e-03 8.57681e-03 8.38520e-03 8.17217e-03 7.92739e-03 7.64648e-03 7.33304e-03 6.99743e-03 6.65301e-03 6.31216e-03 5.98362e-03 5.67188e-03 5.37796e-03 5.10076e-03 4.83841e-03 4.58914e-03 4.35171e-03 4.12534e-03 3.90976e-03 3.70518e-03 3.51249e-03 3.33319e-03 3.16914e-03 3.02209e-03 2.89323e-03 2.78292e-03 2.69045e-03 2.61381e-03 2.54967e-03 2.49382e-03 2.44192e-03 2.39019e-03 2.33600e-03 2.27782e-03 2.21503e-03 2.14750e-03 2.07535e-03 1.99879e-03 1.91840e-03 1.83606e-03 1.75599e-03 1.68430e-03 1.62531e-03 1.57787e-03 1.53687e-03 1.49864e-03 1.46282e-03 1.43009e-03 1.40040e-03 1.37280e-03 1.34576e-03 1.31734e-03 1.28529e-03 1.24717e-03 1.20050e-03 1.14300e-03 1.07293e-03 9.89457e-04 8.93031e-04 7.85624e-04 6.70769e-04 5.53307e-04 4.38833e-04 3.32919e-04 2.40237e-04 1.63834e-04 1.04776e-04 6.22404e-05 3.38338e-05 1.62246e-05 6.29748e-06 1.70285e-06 2.60081e-07 1.75535e-08 2.78959e-10
4.041567 1.80828e-02 2.67471e-02 2.10151e-02 1.86119e-02 1.86361e-02 1.94309e-02 1.99677e-02 1.98894e-02 1.93122e-02 1.85145e-02 1.77012e-02 1.69422e-02 1.62356e-02 1.55881e-02 1.50458e-02 1.46700e-02 1.44947e-02 1.45000e-02 1.46202e-02 1.47795e-02 1.49347e-02 1.50982e-02 1.53151e-02 1.56068e-02 1.59429e-02 1.62711e-02 1.65533e-02 1.67687e-02 1.68933e-02 1.69019e-02 1.67940e-02 1.65696e-02 1.61988e-02 1.56784e-02 1.50655e-02 1.44288e-02 1.38158e-02 1.32576e-02 1.27709e-02 1.23543e-02 1.19887e-02 1.16519e-02 1.13315e-02 1.10253e-02 1.07344e-02 1.04601e-02 1.02028e-02 9.96221e-03 9.73709e-03 9.52593e-03 9.32716e-03 9.13932e-03 8.96062e-03 8.78743e-03 8.61251e-03 8.42459e-03 8.21061e-03 7.96018e-03 7.66987e-03 7.34498e-03 6.99775e-03 6.64321e-03 6.29486e-03 5.96201e-03 5.64912e-03 5.35670e-03 5.08293e-03 4.82514e-03 4.58082e-03 4.34814e-03 4.12594e-03 3.91376e-03 3.71178e-03 3.52091e-03 3.34268e-03 3.17899e-03 3.03163e-03 2.90181e-03 2.78982e-03 2.69481e-03 2.61472e-03 2.54641e-03 2.48597e-03 2.42940e-03 2.37323e-03 2.31504e-03 2.25347e-03 2.18790e-03 2.11808e-03 2.04386e-03 1.96522e-03 1.88286e-03 1.79944e-03 1.72042e-03 1.65218e-03 1.59709e-03 1.55144e-03 1.50987e-03 1.47031e-03 1.43347e-03 1.40009e-03 1.37001e-03 1.34240e-03 1.31596e-03 1.28899e-03 1.25941e-03 1.22486e-03 1.18288e-03 1.13109e-03 1.06752e-03 9.90979e-04 9.01397e-04 8.00143e-04 6.90112e-04 5.75584e-04 4.61806e-04 3.54338e-04 2.58243e-04 1.77322e-04 1.13578e-04 6.70428e-05 3.58543e-05 1.67691e-05 6.33579e-06 1.67967e-06 2.56108e-07 1.78761e-08 2.97468e-10
4.091462 1.63030e-02 2.56375e-02 2.11842e-02 1.89834e-02 1.89125e-02 1.96130e-02 2.00373e-02 1.98419e-02 1.91807e-02 1.83479e-02 1.75430e-02 1.68246e-02 1.61803e-02 1.56079e-02 1.51439e-02 1.48390e-02 1.47168e-02 1.47493e-02 1.48701e-02 1.50194e-02 1.51862e-02 1.54000e-02 1.56792e-02 1.60057e-02 1.63443e-02 1.66609e-02 1.69259e-02 1.71084e-02 1.71715e-02 1.70953e-02 1.68878e-02 1.65423e-02 1.60438e-02 1.54277e-02 1.47662e-02 1.41205e-02 1.35287e-02 1.30105e-02 1.25707e-02 1.21968e-02 1.18638e-02 1.15509e-02 1.12497e-02 1.09600e-02 1.06835e-02 1.04220e-02 1.01761e-02 9.94554e-03 9.72973e-03 9.52791e-03 9.33926e-03 9.16261e-03 8.99545e-03 8.83257e-03 8.66486e-03 8.47960e-03 8.26318e-03 8.00572e-03 7.70524e-03 7.36893e-03 7.01077e-03 6.64705e-03 6.29212e-03 5.95562e-03 5.64192e-03 5.35106e-03 5.08053e-03 4.82695e-03 4.58721e-03 4.35895e-03 4.14073e-03 3.93196e-03 3.73286e-03 3.54441e-03 3.36821e-03 3.20615e-03 3.05988e-03 2.93032e-03 2.81732e-03 2.71972e-03 2.63545e-03 2.56171e-03 2.49523e-03 2.43266e-03 2.37102e-03 2.30810e-03 2.24254e-03 2.17360e-03 2.10075e-03 2.02356e-03 1.94194e-03 1.85697e-03 1.77240e-03 1.69484e-03 1.63001e-03 1.57768e-03 1.53232e-03 1.48941e-03 1.44842e-03 1.41047e-03 1.37610e-03 1.34510e-03 1.31684e-03 1.29025e-03 1.26387e-03 1.23580e-03 1.20377e-03 1.16534e-03 1.11807e-03 1.05985e-03 9.89214e-04 9.05717e-04 8.10231e-04 7.05091e-04 5.94029e-04 4.81868e-04 3.73985e-04 2.75602e-04 1.91042e-04 1.23102e-04 7.26677e-05 3.85323e-05 1.77090e-05 6.54579e-06 1.70447e-06 2.59223e-07 1.86258e-08 3.22309e-10
4.141358 1.57772e-02 2.49524e-02 2.10090e-02 1.92046e-02 1.91807e-02 1.97830e-02 2.00791e-02 1.97649e-02 1.90243e-02 1.81641e-02 1.73773e-02 1.67089e-02 1.61347e-02 1.56423e-02 1.52592e-02 1.50263e-02 1.49557e-02 1.50121e-02 1.51391e-02 1.53063e-02 1.55177e-02 1.57785e-02 1.60799e-02 1.64066e-02 1.67364e-02 1.70375e-02 1.72714e-02 1.73941e-02 1.73670e-02 1.71834e-02 1.68551e-02 1.63788e-02 1.57710e-02 1.50918e-02 1.44125e-02 1.37845e-02 1.32335e-02 1.27666e-02 1.23769e-02 1.20431e-02 1.17385e-02 1.14463e-02 1.11617e-02 1.08859e-02 1.06215e-02 1.03701e-02 1.01325e-02 9.90911e-03 9.70025e-03 9.50669e-03 9.32871e-03 9.16488e-03 9.01101e-03 8.85944e-03 8.69897e-03 8.51576e-03 8.29628e-03 8.03171e-03 7.72185e-03 7.37572e-03 7.00872e-03 6.63797e-03 6.27828e-03 5.93948e-03 5.62584e-03 5.33700e-03 5.06993e-03 4.82069e-03 4.58569e-03 4.36219e-03 4.14850e-03 3.94395e-03 3.74878e-03 3.56406e-03 3.39145e-03 3.23276e-03 3.08937e-03 2.96167e-03 2.84890e-03 2.74938e-03 2.66098e-03 2.58138e-03 2.50820e-03 2.43897e-03 2.37132e-03 2.30325e-03 2.23331e-03 2.16043e-03 2.08378e-03 2.00273e-03 1.91729e-03 1.82933e-03 1.74400e-03 1.66855e-03 1.60695e-03 1.55610e-03 1.50984e-03 1.46525e-03 1.42290e-03 1.38380e-03 1.34823e-03 1.31602e-03 1.28672e-03 1.25950e-03 1.23311e-03 1.20579e-03 1.17540e-03 1.13954e-03 1.09577e-03 1.04192e-03 9.76359e-04 8.98406e-04 8.08565e-04 7.08713e-04 6.02080e-04 4.93024e-04 3.86595e-04 2.87940e-04 2.01625e-04 1.30995e-04 7.76559e-05 4.10827e-05 1.86878e-05 6.79920e-06 1.74538e-06 2.65107e-07 1.95690e-08 3.50305e-10
4.191254 1.67856e-02 2.56101e-02 2.11252e-02 1.93576e-02 1.93972e-02 1.99280e-02 2.00878e-02 1.96483e-02 1.88327e-02 1.79557e-02 1.71983e-02 1.65891e-02 1.60904e-02 1.56824e-02 1.53854e-02 1.52286e-02 1.52103e-02 1.52957e-02 1.54495e-02 1.56521e-02 1.58902e-02 1.61572e-02 1.64536e-02 1.67718e-02 1.70851e-02 1.73530e-02 1.75273e-02 1.75579e-02 1.74153e-02 1.71068e-02 1.66470e-02 1.60514e-02 1.53659e-02 1.46578e-02 1.39902e-02 1.34025e-02 1.29061e-02 1.24958e-02 1.21550e-02 1.18569e-02 1.15766e-02 1.13021e-02 1.10317e-02 1.07679e-02 1.05131e-02 1.02692e-02 1.00371e-02 9.81823e-03 9.61507e-03 9.43027e-03 9.26474e-03 9.11578e-03 8.97647e-03 8.83642e-03 8.68264e-03 8.50091e-03 8.27849e-03 8.00811e-03 7.69140e-03 7.33897e-03 6.96709e-03 6.59315e-03 6.23195e-03 5.89335e-03 5.58153e-03 5.29594e-03 5.03325e-03 4.78921e-03 4.55993e-03 4.34243e-03 4.13480e-03 3.93627e-03 3.74705e-03 3.56826e-03 3.40150e-03 3.24837e-03 3.10983e-03 2.98565e-03 2.87442e-03 2.77401e-03 2.68229e-03 2.59746e-03 2.51806e-03 2.44258e-03 2.36930e-03 2.29643e-03 2.22229e-03 2.14545e-03 2.06472e-03 1.97938e-03 1.88983e-03 1.79907e-03 1.71367e-03 1.64065e-03 1.58136e-03 1.53048e-03 1.48251e-03 1.43619e-03 1.39252e-03 1.35215e-03 1.31523e-03 1.28166e-03 1.25116e-03 1.22310e-03 1.19638e-03 1.16940e-03 1.14011e-03 1.10619e-03 1.06524e-03 1.01508e-03 9.54020e-04 8.81217e-04 7.96907e-04 7.02594e-04 6.01057e-04 4.96191e-04 3.92655e-04 2.95374e-04 2.08947e-04 1.37044e-04 8.18281e-05 4.34069e-05 1.96745e-05 7.09540e-06 1.80568e-06 2.74749e-07 2.07934e-08 3.82696e-10
4.241150 1.84658e-02 2.70697e-02 2.16058e-02 1.95847e-02 1.95824e-02 2.00228e-02 2.00430e-02 1.94807e-02 1.86016e-02 1.77240e-02 1.70113e-02 1.64719e-02 1.60572e-02 1.57428e-02 1.55408e-02 1.54642e-02 1.55021e-02 1.56277e-02 1.58093e-02 1.60186e-02 1.62461e-02 1.65015e-02 1.67889e-02 1.70910e-02 1.73716e-02 1.75836e-02 1.76725e-02 1.75900e-02 1.73221e-02 1.68861e-02 1.63058e-02 1.56221e-02 1.48952e-02 1.41891e-02 1.35563e-02 1.30219e-02 1.25844e-02 1.22291e-02 1.19318e-02 1.16630e-02 1.14021e-02 1.11421e-02 1.08832e-02 1.06283e-02 1.03798e-02 1.01394e-02 9.90919e-03 9.69278e-03 9.49518e-03 9.32050e-03 9.16902e-03 9.03561e-03 8.91041e-03 8.78071e-03 8.63267e-03 8.45254e-03 8.22880e-03 7.95560e-03 7.63590e-03 7.28126e-03 6.90828e-03 6.53419e-03 6.17353e-03 5.83619e-03 5.52650e-03 5.24401e-03 4.98540e-03 4.74640e-03 4.52299e-03 4.31201e-03 4.11138e-03 3.92014e-03 3.73844e-03 3.56727e-03 3.40801e-03 3.26185e-03 3.12912e-03 3.00902e-03 2.89969e-03 2.79886e-03 2.70456e-03 2.61549e-03 2.53087e-03 2.45000e-03 2.37172e-03 2.29444e-03 2.21624e-03 2.13527e-03 2.05006e-03 1.95992e-03 1.86589e-03 1.77245e-03 1.68725e-03 1.61611e-03 1.55748e-03 1.50501e-03 1.45468e-03 1.40642e-03 1.36113e-03 1.31915e-03 1.28057e-03 1.24542e-03 1.21355e-03 1.18446e-03 1.15718e-03 1.13018e-03 1.10153e-03 1.06897e-03 1.03017e-03 9.83004e-04 9.25778e-04 8.57553e-04 7.78378e-04 6.89457e-04 5.93186e-04 4.93031e-04 3.93247e-04 2.98464e-04 2.13174e-04 1.41186e-04 8.50446e-05 4.53887e-05 2.06080e-05 7.41370e-06 1.88161e-06 2.87998e-07 2.23348e-08 4.20546e-10
4.291046 1.87642e-02 2.78404e-02 2.21874e-02 1.99113e-02 1.97911e-02 2.01111e-02 1.99853e-02 1.93069e-02 1.83789e-02 1.75172e-02 1.68627e-02 1.64043e-02 1.60863e-02 1.58792e-02 1.57808e-02 1.57883e-02 1.58845e-02 1.60368e-02 1.62111e-02 1.63961e-02 1.66050e-02 1.68501e-02 1.71235e-02 1.73974e-02 1.76302e-02 1.77700e-02 1.77591e-02 1.75584e-02 1.71692e-02 1.66170e-02 1.59415e-02 1.52020e-02 1.44622e-02 1.37788e-02 1.31918e-02 1.27131e-02 1.23317e-02 1.20254e-02 1.17636e-02 1.15175e-02 1.12714e-02 1.10219e-02 1.07708e-02 1.05207e-02 1.02735e-02 1.00319e-02 9.80010e-03 9.58492e-03 9.39347e-03 9.22991e-03 9.09256e-03 8.97341e-03 8.86006e-03 8.73847e-03 8.59493e-03 8.41687e-03 8.19406e-03 7.92145e-03 7.60232e-03 7.24836e-03 6.87610e-03 6.50242e-03 6.14172e-03 5.80404e-03 5.49422e-03 5.21232e-03 4.95541e-03 4.71941e-03 4.50035e-03 4.29494e-03 4.10091e-03 3.91709e-03 3.74342e-03 3.58055e-03 3.42941e-03 3.29047e-03 3.16338e-03 3.04683e-03 2.93890e-03 2.83755e-03 2.74116e-03 2.64880e-03 2.56009e-03 2.47472e-03 2.39197e-03 2.31036e-03 2.22780e-03 2.14206e-03 2.05146e-03 1.95551e-03 1.85625e-03 1.75979e-03 1.67431e-03 1.60355e-03 1.54350e-03 1.48796e-03 1.43452e-03 1.38368e-03 1.33602e-03 1.29172e-03 1.25094e-03 1.21379e-03 1.18022e-03 1.14981e-03 1.12163e-03 1.09421e-03 1.06566e-03 1.03382e-03 9.96425e-04 9.51421e-04 8.97152e-04 8.32644e-04 7.57816e-04 6.73643e-04 5.82202e-04 4.86589e-04 3.90687e-04 2.98816e-04 2.15292e-04 1.43933e-04 8.75167e-05 4.70894e-05 2.14976e-05 7.75453e-06 1.97365e-06 3.05232e-07 2.42702e-08 4.65927e-10
4.340942 1.81229e-02 2.77557e-02 2.26222e-02 2.03299e-02 2.00846e-02 2.02640e-02 1.99845e-02 1.91900e-02 1.82201e-02 1.73848e-02 1.67996e-02 1.64364e-02 1.62322e-02 1.61464e-02 1.61574e-02 1.62430e-02 1.63706e-02 1.65075e-02 1.66455e-02 1.68020e-02 1.69951e-02 1.72248e-02 1.74717e-02 1.77021e-02 1.78708e-02 1.79205e-02 1.77953e-02 1.74710e-02 1.69630e-02 1.63066e-02 1.55580e-02 1.47867e-02 1.40544e-02 1.34078e-02 1.28729e-02 1.24504e-02 1.21223e-02 1.18590e-02 1.16256e-02 1.13959e-02 1.11599e-02 1.09172e-02 1.06698e-02 1.04197e-02 1.01693e-02 9.92313e-03 9.68928e-03 9.47726e-03 9.29474e-03 9.14406e-03 9.02065e-03 8.91382e-03 8.80940e-03 8.69300e-03 8.55195e-03 8.37557e-03 8.15520e-03 7.88618e-03 7.57124e-03 7.22137e-03 6.85249e-03 6.48102e-03 6.12103e-03 5.78277e-03 5.47174e-03 5.18885e-03 4.93189e-03 4.69732e-03 4.48138e-03 4.28083e-03 4.09325e-03 3.91726e-03 3.75242e-03 3.59884e-03 3.45661e-03 3.32534e-03 3.20396e-03 3.09090e-03 2.98445e-03 2.88312e-03 2.78578e-03 2.69175e-03 2.60070e-03 2.51241e-03 2.42626e-03 2.34086e-03 2.25397e-03 2.16319e-03 2.06673e-03 1.96448e-03 1.85977e-03 1.76023e-03 1.67378e-03 1.60176e-03 1.53860e-03 1.47908e-03 1.42202e-03 1.36795e-03 1.31721e-03 1.26998e-03 1.22651e-03 1.18702e-03 1.15150e-03 1.11953e-03 1.09019e-03 1.06203e-03 1.03320e-03 1.00157e-03 9.65008e-04 9.21513e-04 8.69497e-04 8.07983e-04 7.36800e-04 6.56743e-04 5.69623e-04 4.78219e-04 3.86085e-04 2.97247e-04 2.15815e-04 1.45547e-04 8.93302e-05 4.85097e-05 2.23248e-05 8.10701e-06 2.07923e-06 3.26396e-07 2.66547e-08 5.20771e-10
4.390838 1.71833e-02 2.71007e-02 2.27841e-02 2.07451e-02 2.04286e-02 2.04485e-02 2.00071e-02 1.91047e-02 1.81077e-02 1.73149e-02 1.68182e-02 1.65737e-02 1.65055e-02 1.65508e-02 1.66594e-02 1.67855e-02 1.68964e-02 1.69900e-02 1.70903e-02 1.72234e-02 1.73974e-02 1.76011e-02 1.78090e-02 1.79841e-02 1.80758e-02 1.80226e-02 1.77766e-02 1.73318e-02 1.67153e-02 1.59735e-02 1.51754e-02 1.43937e-02 1.36847e-02 1.30830e-02 1.26016e-02 1.22331e-02 1.19532e-02 1.17256e-02 1.15131e-02 1.12946e-02 1.10650e-02 1.08255e-02 1.05775e-02 1.03228e-02 1.00657e-02 9.81482e-03 9.58171e-03 9.37690e-03 9.20640e-03 9.06956e-03 8.95892e-03 8.86173e-03 8.76292e-03 8.64841e-03 8.50723e-03 8.33106e-03 8.11300e-03 7.84864e-03 7.53963e-03 7.19569e-03 6.83182e-03 6.46374e-03 6.10510e-03 5.76622e-03 5.45324e-03 5.16804e-03 4.90939e-03 4.67449e-03 4.46013e-03 4.26326e-03 4.08148e-03 3.91319e-03 3.75742e-03 3.61347e-03 3.48044e-03 3.35695e-03 3.24132e-03 3.13194e-03 3.02752e-03 2.92717e-03 2.83023e-03 2.73616e-03 2.64452e-03 2.55488e-03 2.46646e-03 2.37779e-03 2.28656e-03 2.19034e-03 2.08746e-03 1.97858e-03 1.86861e-03 1.76640e-03 1.67872e-03 1.60438e-03 1.53722e-03 1.47333e-03 1.41229e-03 1.35448e-03 1.30014e-03 1.24957e-03 1.20313e-03 1.16112e-03 1.12350e-03 1.08982e-03 1.05912e-03 1.02992e-03 1.00040e-03 9.68500e-04 9.32173e-04 8.89543e-04 8.39112e-04 7.79940e-04 7.11823e-04 6.35426e-04 5.52353e-04 4.65112e-04 3.76960e-04 2.91634e-04 2.13003e-04 1.44676e-04 8.95232e-05 4.90428e-05 2.27691e-05 8.34173e-06 2.16353e-06 3.46394e-07 2.91761e-08 5.80685e-10
4.440734 1.71485e-02 2.69936e-02 2.28631e-02 2.10552e-02 2.07459e-02 2.06134e-02 2.00023e-02 1.89993e-02 1.79939e-02 1.72682e-02 1.68905e-02 1.67958e-02 1.68801e-02 1.70436e-02 1.72053e-02 1.73185e-02 1.73828e-02 1.74307e-02 1.74985e-02 1.76060e-02 1.77518e-02 1.79186e-02 1.80779e-02 1.81882e-02 1.81917e-02 1.80270e-02 1.76608e-02 1.71045e-02 1.63951e-02 1.55900e-02 1.47652e-02 1.39922e-02 1.33192e-02 1.27679e-02 1.23410e-02 1.20245e-02 1.17880e-02 1.15888e-02 1.13916e-02 1.11814e-02 1.09563e-02 1.07174e-02 1.04654e-02 1.02037e-02 9.94090e-03 9.68977e-03 9.46307e-03 9.26987e-03 9.11316e-03 8.98945e-03 8.88923e-03 8.79867e-03 8.70250e-03 8.58750e-03 8.44461e-03 8.26795e-03 8.05241e-03 7.79367e-03 7.49207e-03 7.15569e-03 6.79842e-03 6.43524e-03 6.07926e-03 5.74070e-03 5.42614e-03 5.13840e-03 4.87730e-03 4.64106e-03 4.42719e-03 4.23315e-03 4.05666e-03 3.89585e-03 3.74910e-03 3.61474e-03 3.49079e-03 3.37504e-03 3.26545e-03 3.16050e-03 3.05933e-03 2.96149e-03 2.86662e-03 2.77422e-03 2.68364e-03 2.59411e-03 2.50454e-03 2.41319e-03 2.31776e-03 2.21593e-03 2.10647e-03 1.99120e-03 1.87684e-03 1.77279e-03 1.68384e-03 1.60660e-03 1.53519e-03 1.46699e-03 1.40185e-03 1.34004e-03 1.28186e-03 1.22781e-03 1.17835e-03 1.13378e-03 1.09403e-03 1.05856e-03 1.02634e-03 9.95872e-04 9.65344e-04 9.32792e-04 8.96278e-04 8.54063e-04 8.04765e-04 7.47516e-04 6.82110e-04 6.09127e-04 5.30002e-04 4.47013e-04 3.63142e-04 2.81845e-04 2.06725e-04 1.41175e-04 8.79456e-05 4.85587e-05 2.27426e-05 8.41616e-06 2.21339e-06 3.62964e-07 3.16586e-08 6.42761e-10
4.490629 1.84435e-02 2.80300e-02 2.32225e-02 2.13497e-02 2.10089e-02 2.07278e-02 1.99493e-02 1.88582e-02 1.78700e-02 1.72474e-02 1.70269e-02 1.71039e-02 1.73263e-02 1.75565e-02 1.77107e-02 1.77757e-02 1.77875e-02 1.77933e-02 1.78271e-02 1.79015e-02 1.80096e-02 1.81315e-02 1.82348e-02 1.82712e-02 1.81774e-02 1.78979e-02 1.74184e-02 1.67640e-02 1.59806e-02 1.51347e-02 1.43045e-02 1.35566e-02 1.29288e-02 1.24320e-02 1.20607e-02 1.17942e-02 1.15947e-02 1.14170e-02 1.12313e-02 1.10284e-02 1.08071e-02 1.05670e-02 1.03100e-02 1.00440e-02 9.78170e-03 9.53731e-03 9.32211e-03 9.14220e-03 8.99803e-03 8.88445e-03 8.79121e-03 8.70429e-03 8.60887e-03 8.49282e-03 8.34881e-03 8.17302e-03 7.96182e-03 7.71088e-03 7.41902e-03 7.09245e-03 6.74383e-03 6.38753e-03 6.03620e-03 5.69980e-03 5.38513e-03 5.09571e-03 4.83244e-03 4.59461e-03 4.38073e-03 4.18892e-03 4.01716e-03 3.86330e-03 3.72498e-03 3.59957e-03 3.48421e-03 3.37616e-03 3.27324e-03 3.17408e-03 3.07801e-03 2.98474e-03 2.89392e-03 2.80498e-03 2.71707e-03 2.62907e-03 2.53948e-03 2.44629e-03 2.34717e-03 2.24010e-03 2.12457e-03 2.00389e-03 1.88635e-03 1.78107e-03 1.69059e-03 1.61016e-03 1.53469e-03 1.46237e-03 1.39313e-03 1.32721e-03 1.26515e-03 1.20761e-03 1.15512e-03 1.10795e-03 1.06596e-03 1.02854e-03 9.94580e-04 9.62588e-04 9.30797e-04 8.97331e-04 8.60378e-04 8.18327e-04 7.69911e-04 7.14329e-04 6.51379e-04 5.81568e-04 5.06184e-04 4.27296e-04 3.47646e-04 2.70427e-04 1.98989e-04 1.36497e-04 8.55347e-05 4.75803e-05 2.24869e-05 8.41658e-06 2.24996e-06 3.79070e-07 3.42992e-08 7.10556e-10
4.540525 2.03002e-02 2.97876e-02 2.38952e-02 2.16692e-02 2.11963e-02 2.07446e-02 1.98073e-02 1.86546e-02 1.77240e-02 1.72510e-02 1.72188e-02 1.74587e-02 1.77690e-02 1.80047e-02 1.81158e-02 1.81267e-02 1.80907e-02 1.80562e-02 1.80529e-02 1.80893e-02 1.81560e-02 1.82305e-02 1.82760e-02 1.82374e-02 1.80493e-02 1.76681e-02 1.70956e-02 1.63663e-02 1.55337e-02 1.46698e-02 1.38511e-02 1.31369e-02 1.25562e-02 1.21126e-02 1.17936e-02 1.15708e-02 1.13998e-02 1.12379e-02 1.10632e-02 1.08691e-02 1.06521e-02 1.04115e-02 1.01532e-02 9.88920e-03 9.63386e-03 9.39990e-03 9.19589e-03 9.02586e-03 8.88930e-03 8.78095e-03 8.69074e-03 8.60510e-03 8.50984e-03 8.39377e-03 8.25069e-03 8.07807e-03 7.87337e-03 7.63216e-03 7.35158e-03 7.03568e-03 6.69583e-03 6.34612e-03 5.99920e-03 5.66493e-03 5.35021e-03 5.05902e-03 4.79308e-03 4.55275e-03 4.33758e-03 4.14645e-03 3.97762e-03 3.82871e-03 3.69671e-03 3.57826e-03 3.46995e-03 3.36882e-03 3.27272e-03 3.18031e-03 3.09084e-03 3.00377e-03 2.91851e-03 2.83427e-03 2.74998e-03 2.66423e-03 2.57508e-03 2.48023e-03 2.37735e-03 2.26487e-03 2.14340e-03 2.01806e-03 1.89837e-03 1.79238e-03 1.70028e-03 1.61666e-03 1.53729e-03 1.46089e-03 1.38741e-03 1.31730e-03 1.25134e-03 1.19031e-03 1.13479e-03 1.08495e-03 1.04056e-03 1.00092e-03 9.64891e-04 9.31002e-04 8.97552e-04 8.62781e-04 8.25005e-04 7.82747e-04 7.34848e-04 6.80578e-04 6.19745e-04 5.52795e-04 4.80892e-04 4.05923e-04 3.30410e-04 2.57306e-04 1.89713e-04 1.30551e-04 8.21977e-05 4.60255e-05 2.19425e-05 8.31099e-06 2.26208e-06 3.92564e-07 3.69096e-08 7.80610e-10
4.590421 2.03690e-02 3.05810e-02 2.47009e-02 2.21501e-02 2.14451e-02 2.07923e-02 1.97001e-02 1.85129e-02 1.76846e-02 1.74004e-02 1.75584e-02 1.79161e-02 1.82522e-02 1.84536e-02 1.85112e-02 1.84702e-02 1.83876e-02 1.83110e-02 1.82678e-02 1.82638e-02 1.82873e-02 1.83130e-02 1.82993e-02 1.81851e-02 1.79073e-02 1.74359e-02 1.67851e-02 1.59961e-02 1.51297e-02 1.42605e-02 1.34606e-02 1.27817e-02 1.22469e-02 1.18542e-02 1.15830e-02 1.13953e-02 1.12439e-02 1.10942e-02 1.09312e-02 1.07462e-02 1.05336e-02 1.02953e-02 1.00409e-02 9.78416e-03 9.53817e-03 9.31307e-03 9.11563e-03 8.94953e-03 8.81478e-03 8.70680e-03 8.61611e-03 8.52973e-03 8.43418e-03 8.31887e-03 8.17817e-03 8.01018e-03 7.81302e-03 7.58218e-03 7.31323e-03 7.00781e-03 6.67574e-03 6.33101e-03 5.98680e-03 5.65335e-03 5.33774e-03 5.04423e-03 4.77508e-03 4.53143e-03 4.31368e-03 4.12142e-03 3.95317e-03 3.80637e-03 3.67764e-03 3.56325e-03 3.45970e-03 3.36416e-03 3.27455e-03 3.18942e-03 3.10763e-03 3.02805e-03 2.94957e-03 2.87100e-03 2.79103e-03 2.70789e-03 2.61927e-03 2.52255e-03 2.41548e-03 2.29718e-03 2.16984e-03 2.04057e-03 1.91957e-03 1.81311e-03 1.71924e-03 1.63237e-03 1.54906e-03 1.46836e-03 1.39041e-03 1.31596e-03 1.24603e-03 1.18148e-03 1.12281e-03 1.07009e-03 1.02299e-03 9.80719e-04 9.42146e-04 9.05835e-04 8.70194e-04 8.33589e-04 7.94473e-04 7.51491e-04 7.03584e-04 6.50082e-04 5.90800e-04 5.26134e-04 4.57140e-04 3.85552e-04 3.13702e-04 2.44332e-04 1.80319e-04 1.24350e-04 7.85869e-05 4.42586e-05 2.12773e-05 8.15848e-06 2.26400e-06 4.05498e-07 3.96460e-08 8.56024e-10
4.640317 1.87504e-02 2.97472e-02 2.51431e-02 2.27546e-02 2.18287e-02 2.09337e-02 1.96875e-02 1.85035e-02 1.78270e-02 1.77513e-02 1.80661e-02 1.84804e-02 1.87963e-02 1.89469e-02 1.89493e-02 1.88557e-02 1.87243e-02 1.86029e-02 1.85172e-02 1.84703e-02 1.84484e-02 1.84230e-02 1.83466e-02 1.81542e-02 1.77889e-02 1.72337e-02 1.65116e-02 1.56710e-02 1.47790e-02 1.39109e-02 1.31334e-02 1.24917e-02 1.20041e-02 1.16618e-02 1.14332e-02 1.12711e-02 1.11324e-02 1.09942e-02 1.08431e-02 1.06667e-02 1.04602e-02 1.02282e-02 9.98207e-03 9.73421e-03 9.49528e-03 9.27381e-03 9.07663e-03 8.90845e-03 8.77046e-03 8.65895e-03 8.56510e-03 8.47651e-03 8.38027e-03 8.26622e-03 8.12885e-03 7.96645e-03 7.77744e-03 7.55727e-03 7.30016e-03 7.00529e-03 6.68050e-03 6.33950e-03 5.99635e-03 5.66227e-03 5.34491e-03 5.04885e-03 4.77663e-03 4.52977e-03 4.30912e-03 4.11462e-03 3.94498e-03 3.79761e-03 3.66910e-03 3.55585e-03 3.45468e-03 3.36313e-03 3.27927e-03 3.20143e-03 3.12783e-03 3.05658e-03 2.98582e-03 2.91384e-03 2.83886e-03 2.75873e-03 2.67068e-03 2.57186e-03 2.46026e-03 2.33606e-03 2.20340e-03 2.07131e-03 1.94992e-03 1.84326e-03 1.74763e-03 1.65757e-03 1.57028e-03 1.48514e-03 1.40264e-03 1.32388e-03 1.25005e-03 1.18201e-03 1.12013e-03 1.06436e-03 1.01423e-03 9.68919e-04 9.27302e-04 8.88036e-04 8.49654e-04 8.10669e-04 7.69668e-04 7.25417e-04 6.76941e-04 6.23623e-04 5.65284e-04 5.02277e-04 4.35568e-04 3.66761e-04 2.98027e-04 2.31930e-04 1.71144e-04 1.18140e-04 7.48587e-05 4.23633e-05 2.05262e-05 7.96946e-06 2.25776e-06 4.18174e-07 4.25447e-08 9.37776e-10
4.690213 1.81398e-02 2.91298e-02 2.51954e-02 2.31890e-02 2.21719e-02 2.10378e-02 1.96601e-02 1.85390e-02 1.80589e-02 1.81774e-02 1.85903e-02 1.90077e-02 1.92811e-02 1.93790e-02 1.93289e-02 1.91841e-02 1.90048e-02 1.88386e-02 1.87097e-02 1.86189e-02 1.85505e-02 1.84728e-02 1.83330e-02 1.80651e-02 1.76208e-02 1.69933e-02 1.62122e-02 1.53324e-02 1.44264e-02 1.35687e-02 1.28206e-02 1.22221e-02 1.17858e-02 1.14929e-02 1.12986e-02 1.11533e-02 1.10262e-02 1.09021e-02 1.07644e-02 1.05992e-02 1.04033e-02 1.01825e-02 9.94647e-03 9.70541e-03 9.46853e-03 9.24472e-03 9.04224e-03 8.86734e-03 8.72242e-03 8.60471e-03 8.50610e-03 8.41475e-03 8.31811e-03 8.20619e-03 8.07343e-03 7.91797e-03 7.73830e-03 7.52985e-03 7.28573e-03 7.00265e-03 6.68604e-03 6.34887e-03 6.00615e-03 5.67057e-03 5.35097e-03 5.05256e-03 4.77807e-03 4.52901e-03 4.30613e-03 4.10933e-03 3.93731e-03 3.78764e-03 3.65724e-03 3.54304e-03 3.44250e-03 3.35361e-03 3.27460e-03 3.20348e-03 3.13787e-03 3.07510e-03 3.01256e-03 2.94787e-03 2.87862e-03 2.80196e-03 2.71461e-03 2.61356e-03 2.49739e-03 2.36777e-03 2.23111e-03 2.09800e-03 1.97768e-03 1.87165e-03 1.77482e-03 1.68205e-03 1.59112e-03 1.50187e-03 1.41525e-03 1.33270e-03 1.25550e-03 1.18440e-03 1.11964e-03 1.06098e-03 1.00784e-03 9.59382e-04 9.14516e-04 8.72024e-04 8.30597e-04 7.88910e-04 7.45700e-04 6.99854e-04 6.50490e-04 5.97045e-04 5.39355e-04 4.77744e-04 4.13102e-04 3.46917e-04 2.81219e-04 2.18394e-04 1.60917e-04 1.11031e-04 7.04389e-05 4.00037e-05 1.95176e-05 7.67220e-06 2.22146e-06 4.26315e-07 4.51645e-08 1.01616e-09
4.740109 1.95327e-02 3.02180e-02 2.55661e-02 2.35013e-02 2.23917e-02 2.10590e-02 1.96044e-02 1.86074e-02 1.83375e-02 1.86032e-02 1.90522e-02 1.94371e-02 1.96588e-02 1.97041e-02 1.96022e-02 1.94071e-02 1.91802e-02 1.89689e-02 1.87955e-02 1.86591e-02 1.85424e-02 1.84100e-02 1.82052e-02 1.78644e-02 1.73484e-02 1.66583e-02 1.58295e-02 1.49232e-02 1.40159e-02 1.31806e-02 1.24738e-02 1.19292e-02 1.15489e-02 1.12996e-02 1.11282e-02 1.09950e-02 1.08826e-02 1.07749e-02 1.06516e-02 1.04997e-02 1.03168e-02 1.01073e-02 9.87875e-03 9.63981e-03 9.40024e-03 9.17044e-03 8.96011e-03 8.77658e-03 8.62323e-03 8.49829e-03 8.39454e-03 8.30071e-03 8.20452e-03 8.09599e-03 7.96943e-03 7.82280e-03 7.65455e-03 7.46007e-03 7.23163e-03 6.96363e-03 6.65871e-03 6.32838e-03 5.98819e-03 5.65254e-03 5.33191e-03 5.03259e-03 4.75766e-03 4.50837e-03 4.28500e-03 4.08701e-03 3.91295e-03 3.76063e-03 3.62763e-03 3.51176e-03 3.41125e-03 3.32451e-03 3.24978e-03 3.18474e-03 3.12651e-03 3.07187e-03 3.01773e-03 2.96105e-03 2.89859e-03 2.82656e-03 2.74094e-03 2.63864e-03 2.51909e-03 2.38583e-03 2.24746e-03 2.11554e-03 1.99779e-03 1.89333e-03 1.79616e-03 1.70152e-03 1.60775e-03 1.51520e-03 1.42535e-03 1.33988e-03 1.26007e-03 1.18654e-03 1.11932e-03 1.05804e-03 1.00204e-03 9.50457e-04 9.02314e-04 8.56535e-04 8.11983e-04 7.67506e-04 7.21993e-04 6.74454e-04 6.24099e-04 5.70422e-04 5.13276e-04 4.52961e-04 3.90299e-04 3.26672e-04 2.63968e-04 2.04403e-04 1.50254e-04 1.03534e-04 6.57036e-05 3.74199e-05 1.83773e-05 7.31620e-06 2.16741e-06 4.31334e-07 4.75248e-08 1.09014e-09
4.790005 2.13619e-02 3.20006e-02 2.63519e-02 2.38925e-02 2.25492e-02 2.10330e-02 1.95690e-02 1.87353e-02 1.86472e-02 1.89953e-02 1.94327e-02 1.97700e-02 1.99419e-02 1.99406e-02 1.97928e-02 1.95523e-02 1.92811e-02 1.90263e-02 1.88091e-02 1.86278e-02 1.84632e-02 1.82767e-02 1.80102e-02 1.76046e-02 1.70282e-02 1.62879e-02 1.54238e-02 1.45036e-02 1.36065e-02 1.28044e-02 1.21487e-02 1.16628e-02 1.13328e-02 1.11121e-02 1.09534e-02 1.08341e-02 1.07402e-02 1.06494e-02 1.05405e-02 1.04015e-02 1.02295e-02 1.00269e-02 9.80009e-03 9.55833e-03 9.31297e-03 9.07563e-03 8.85656e-03 8.66350e-03 8.50071e-03 8.36775e-03 8.25861e-03 8.16267e-03 8.06768e-03 7.96349e-03 7.84425e-03 7.70774e-03 7.55239e-03 7.37362e-03 7.16309e-03 6.91309e-03 6.62316e-03 6.30255e-03 5.96672e-03 5.63162e-03 5.30981e-03 5.00915e-03 4.73343e-03 4.48382e-03 4.26001e-03 4.06082e-03 3.88451e-03 3.72915e-03 3.59306e-03 3.47504e-03 3.37413e-03 3.28909e-03 3.21799e-03 3.15807e-03 3.10597e-03 3.05827e-03 3.01168e-03 2.96278e-03 2.90747e-03 2.84084e-03 2.75794e-03 2.65554e-03 2.53403e-03 2.39890e-03 2.26074e-03 2.13143e-03 2.01695e-03 1.91441e-03 1.81736e-03 1.72142e-03 1.62542e-03 1.53026e-03 1.43786e-03 1.35008e-03 1.26812e-03 1.19244e-03 1.12289e-03 1.05898e-03 1.00003e-03 9.45209e-04 8.93665e-04 8.44474e-04 7.96672e-04 7.49265e-04 7.01289e-04 6.51869e-04 6.00306e-04 5.46151e-04 4.89277e-04 4.29969e-04 3.68990e-04 3.07627e-04 2.47635e-04 1.91073e-04 1.40023e-04 9.62826e-05 6.10784e-05 3.48648e-05 1.72319e-05 6.95042e-06 2.10855e-06 4.35183e-07 4.97620e-08 1.16187e-09
4.839901 2.18705e-02 3.31912e-02 2.72865e-02 2.43958e-02 2.27317e-02 2.10437e-02 1.96187e-02 1.89497e-02 1.89886e-02 1.93607e-02 1.97610e-02 2.00516e-02 2.01840e-02 2.01466e-02 1.99613e-02 1.96815e-02 1.93698e-02 1.90740e-02 1.88147e-02 1.85899e-02 1.83787e-02 1.81405e-02 1.78180e-02 1.73572e-02 1.67318e-02 1.59522e-02 1.50636e-02 1.41391e-02 1.32612e-02 1.25006e-02 1.19014e-02 1.14704e-02 1.11750e-02 1.09675e-02 1.08192e-02 1.07185e-02 1.06442e-02 1.05687e-02 1.04717e-02 1.03418e-02 1.01750e-02 9.97304e-03 9.74283e-03 9.49544e-03 9.24344e-03 8.99856e-03 8.77061e-03 8.56735e-03 8.39405e-03 8.25198e-03 8.13675e-03 8.03848e-03 7.94481e-03 7.84520e-03 7.73348e-03 7.60737e-03 7.46538e-03 7.30310e-03 7.11186e-03 6.88211e-03 6.61005e-03 6.30185e-03 5.97186e-03 5.63718e-03 5.31258e-03 5.00802e-03 4.72863e-03 4.47600e-03 4.24956e-03 4.04763e-03 3.86811e-03 3.70913e-03 3.56957e-03 3.44903e-03 3.34724e-03 3.26325e-03 3.19490e-03 3.13891e-03 3.09153e-03 3.04919e-03 3.00864e-03 2.96627e-03 2.91737e-03 2.85598e-03 2.77627e-03 2.67479e-03 2.55277e-03 2.41738e-03 2.28074e-03 2.15458e-03 2.04314e-03 1.94218e-03 1.84514e-03 1.74804e-03 1.65010e-03 1.55271e-03 1.45812e-03 1.36825e-03 1.28420e-03 1.20622e-03 1.13407e-03 1.06719e-03 1.00491e-03 9.46512e-04 8.91263e-04 8.38393e-04 7.87084e-04 7.36484e-04 6.85751e-04 6.34117e-04 5.80969e-04 5.25913e-04 4.68855e-04 4.10073e-04 3.50289e-04 2.90707e-04 2.32969e-04 1.78985e-04 1.30660e-04 8.95841e-05 5.67620e-05 3.24532e-05 1.61371e-05 6.59580e-06 2.05023e-06 4.38651e-07 5.19293e-08 1.23210e-09
4.889797 2.09252e-02 3.30887e-02 2.80275e-02 2.50300e-02 2.30371e-02 2.11924e-02 1.98284e-02 1.92952e-02 1.94012e-02 1.97564e-02 2.01113e-02 2.03639e-02 2.04667e-02 2.03990e-02 2.01784e-02 1.98593e-02 1.95067e-02 1.91690e-02 1.88667e-02 1.85966e-02 1.83363e-02 1.80444e-02 1.76654e-02 1.71501e-02 1.64764e-02 1.56589e-02 1.47490e-02 1.38262e-02 1.29766e-02 1.22677e-02 1.17291e-02 1.13438e-02 1.10673e-02 1.08669e-02 1.07342e-02 1.06545e-02 1.05963e-02 1.05307e-02 1.04390e-02 1.03105e-02 1.01410e-02 9.93328e-03 9.69638e-03 9.44278e-03 9.18510e-03 8.93410e-03 8.69849e-03 8.48575e-03 8.30208e-03 8.15058e-03 8.02860e-03 7.92720e-03 7.83405e-03 7.73817e-03 7.63314e-03 7.51670e-03 7.38762e-03 7.24179e-03 7.07046e-03 6.86263e-03 6.61132e-03 6.31894e-03 5.99760e-03 5.66455e-03 5.33649e-03 5.02584e-03 4.73973e-03 4.48092e-03 4.24928e-03 4.04303e-03 3.85985e-03 3.69772e-03 3.55557e-03 3.43325e-03 3.33083e-03 3.24749e-03 3.18094e-03 3.12761e-03 3.08354e-03 3.04517e-03 3.00925e-03 2.97206e-03 2.92843e-03 2.87180e-03 2.79582e-03 2.69697e-03 2.57693e-03 2.44382e-03 2.31040e-03 2.18781e-03 2.07899e-03 1.97918e-03 1.88212e-03 1.78420e-03 1.68491e-03 1.58588e-03 1.48953e-03 1.39777e-03 1.31152e-03 1.23095e-03 1.15573e-03 1.08534e-03 1.01921e-03 9.56777e-04 8.97440e-04 8.40564e-04 7.85452e-04 7.31358e-04 6.77539e-04 6.23315e-04 5.68144e-04 5.11690e-04 4.53891e-04 3.95026e-04 3.35789e-04 2.77323e-04 2.21175e-04 1.69129e-04 1.22935e-04 8.40019e-05 5.31363e-05 3.04182e-05 1.52162e-05 6.30505e-06 2.00905e-06 4.45167e-07 5.44049e-08 1.30936e-09
4.939692 2.01812e-02 3.26461e-02 2.83975e-02 2.55973e-02 2.33995e-02 2.14297e-02 2.01232e-02 1.96793e-02 1.97999e-02 2.01167e-02 2.04332e-02 2.06630e-02 2.07475e-02 2.06548e-02 2.04010e-02 2.00439e-02 1.96513e-02 1.92721e-02 1.89260e-02 1.86088e-02 1.82971e-02 1.79497e-02 1.75142e-02 1.69454e-02 1.62254e-02 1.53739e-02 1.44495e-02 1.35393e-02 1.27318e-02 1.20848e-02 1.16039e-02 1.12498e-02 1.09828e-02 1.07944e-02 1.06827e-02 1.06210e-02 1.05725e-02 1.05098e-02 1.04159e-02 1.02809e-02 1.01026e-02 9.88599e-03 9.64208e-03 9.38377e-03 9.12268e-03 8.86790e-03 8.62682e-03 8.40654e-03 8.21401e-03 8.05383e-03 7.92500e-03 7.81963e-03 7.72570e-03 7.63211e-03 7.53234e-03 7.42432e-03 7.30718e-03 7.17717e-03 7.02555e-03 6.84019e-03 6.61121e-03 6.33707e-03 6.02673e-03 5.69659e-03 5.36474e-03 5.04620e-03 4.75075e-03 4.48307e-03 4.24412e-03 4.03253e-03 3.84596e-03 3.68212e-03 3.53950e-03 3.41756e-03 3.31599e-03 3.23376e-03 3.16842e-03 3.11643e-03 3.07406e-03 3.03803e-03 3.00520e-03 2.97160e-03 2.93161e-03 2.87837e-03 2.80558e-03 2.71006e-03 2.59392e-03 2.46559e-03 2.33751e-03 2.21963e-03 2.11372e-03 2.01509e-03 1.91822e-03 1.82001e-03 1.72020e-03 1.62049e-03 1.52324e-03 1.43017e-03 1.34207e-03 1.25897e-03 1.18059e-03 1.10653e-03 1.03641e-03 9.69830e-04 9.06357e-04 8.45470e-04 7.86564e-04 7.28974e-04 6.72031e-04 6.15129e-04 5.57793e-04 4.99745e-04 4.40961e-04 3.81739e-04 3.22761e-04 2.65123e-04 2.10293e-04 1.59937e-04 1.15659e-04 7.86904e-05 4.96459e-05 2.84303e-05 1.42988e-05 6.00606e-06 1.96213e-06 4.49877e-07 5.66270e-08 1.38035e-09
4.989588 2.07759e-02 3.32481e-02 2.88068e-02 2.60153e-02 2.37247e-02 2.16913e-02 2.04223e-02 2.00114e-02 2.01082e-02 2.03840e-02 2.06787e-02 2.09013e-02 2.09749e-02 2.08595e-02 2.05738e-02 2.01805e-02 1.97497e-02 1.93300e-02 1.89398e-02 1.85736e-02 1.82084e-02 1.78045e-02 1.73125e-02 1.66915e-02 1.59281e-02 1.50487e-02 1.41211e-02 1.32401e-02 1.24915e-02 1.19128e-02 1.14800e-02 1.11455e-02 1.08900e-02 1.07219e-02 1.06305e-02 1.05792e-02 1.05324e-02 1.04652e-02 1.03619e-02 1.02150e-02 1.00249e-02 9.79947e-03 9.55067e-03 9.29066e-03 9.02926e-03 8.77376e-03 8.53035e-03 8.30574e-03 8.10726e-03 7.94040e-03 7.80532e-03 7.69523e-03 7.59894e-03 7.50583e-03 7.40974e-03 7.30896e-03 7.20301e-03 7.08845e-03 6.95641e-03 6.79371e-03 6.58780e-03 6.33324e-03 6.03539e-03 5.70910e-03 5.37349e-03 5.04635e-03 4.74058e-03 4.46326e-03 4.21673e-03 4.00026e-03 3.81162e-03 3.64825e-03 3.50802e-03 3.38944e-03 3.29126e-03 3.21163e-03 3.14772e-03 3.09616e-03 3.05390e-03 3.01838e-03 2.98685e-03 2.95516e-03 2.91731e-03 2.86628e-03 2.79612e-03 2.70432e-03 2.59357e-03 2.47233e-03 2.35199e-03 2.24058e-03 2.13870e-03 2.04200e-03 1.94602e-03 1.84841e-03 1.74921e-03 1.65009e-03 1.55311e-03 1.45968e-03 1.37034e-03 1.28511e-03 1.20380e-03 1.12625e-03 1.05230e-03 9.81783e-04 9.14413e-04 8.49782e-04 7.87358e-04 7.26536e-04 6.66703e-04 6.07312e-04 5.47950e-04 4.88389e-04 4.28652e-04 3.69063e-04 3.10301e-04 2.53430e-04 1.99841e-04 1.51093e-04 1.08643e-04 7.35491e-05 4.62452e-05 2.64721e-05 1.33782e-05 5.69481e-06 1.90672e-06 4.51584e-07 5.83779e-08 1.43901e-09
5.039484 2.20915e-02 3.47181e-02 2.95989e-02 2.64823e-02 2.40410e-02 2.19651e-02 2.07038e-02 2.02755e-02 2.03292e-02 2.05782e-02 2.08719e-02 2.10983e-02 2.11630e-02 2.10239e-02 2.07057e-02 2.02765e-02 1.98082e-02 1.93476e-02 1.89113e-02 1.84935e-02 1.80720e-02 1.76096e-02 1.70605e-02 1.63878e-02 1.55839e-02 1.46843e-02 1.37683e-02 1.29357e-02 1.22597e-02 1.17458e-02 1.13474e-02 1.10277e-02 1.07913e-02 1.06459e-02 1.05669e-02 1.05165e-02 1.04633e-02 1.03849e-02 1.02673e-02 1.01058e-02 9.90429e-03 9.67240e-03 9.42199e-03 9.16356e-03 8.90487e-03 8.65158e-03 8.40898e-03 8.18344e-03 7.98217e-03 7.81082e-03 7.67014e-03 7.55451e-03 7.45415e-03 7.35976e-03 7.26604e-03 7.17186e-03 7.07706e-03 6.97834e-03 6.86645e-03 6.72687e-03 6.54441e-03 6.30977e-03 6.02466e-03 5.70224e-03 5.36276e-03 5.02708e-03 4.71143e-03 4.42535e-03 4.17239e-03 3.95232e-03 3.76304e-03 3.60186e-03 3.46607e-03 3.35313e-03 3.26043e-03 3.18492e-03 3.12304e-03 3.07152e-03 3.02807e-03 2.99120e-03 2.95891e-03 2.92729e-03 2.89020e-03 2.84064e-03 2.77304e-03 2.68552e-03 2.58131e-03 2.46873e-03 2.35777e-03 2.25436e-03 2.15785e-03 2.06426e-03 1.97016e-03 1.87409e-03 1.77652e-03 1.67902e-03 1.58322e-03 1.49008e-03 1.39992e-03 1.31278e-03 1.22867e-03 1.14769e-03 1.06997e-03 9.95587e-04 9.24417e-04 8.56159e-04 7.90348e-04 7.26425e-04 6.63816e-04 6.02020e-04 5.40665e-04 4.79573e-04 4.18803e-04 3.58706e-04 2.99969e-04 2.43625e-04 1.91006e-04 1.43570e-04 1.02643e-04 6.91303e-05 4.33060e-05 2.47692e-05 1.25728e-05 5.42153e-06 1.85850e-06 4.53487e-07 6.00086e-08 1.49332e-09
5.089380 2.34691e-02 3.63763e-02 3.05601e-02 2.70328e-02 2.43729e-02 2.22145e-02 2.09130e-02 2.04312e-02 2.04429e-02 2.06879e-02 2.10001e-02 2.12396e-02 2.12995e-02 2.11406e-02 2.07950e-02 2.03352e-02 1.98331e-02 1.93332e-02 1.88508e-02 1.83808e-02 1.79033e-02 1.73845e-02 1.67821e-02 1.60636e-02 1.52283e-02 1.43225e-02 1.34368e-02 1.26695e-02 1.20680e-02 1.16049e-02 1.12288e-02 1.09261e-02 1.07127e-02 1.05833e-02 1.05067e-02 1.04497e-02 1.03851e-02 1.02925e-02 1.01602e-02 9.98635e-03 9.77695e-03 9.54259e-03 9.29414e-03 9.04018e-03 8.78652e-03 8.53757e-03 8.29803e-03 8.07388e-03 7.87186e-03 7.69720e-03 7.55088e-03 7.42849e-03 7.32219e-03 7.22459e-03 7.13178e-03 7.04337e-03 6.95947e-03 6.87662e-03 6.78474e-03 6.66757e-03 6.50700e-03 6.29002e-03 6.01517e-03 5.69457e-03 5.35013e-03 5.00591e-03 4.68125e-03 4.38761e-03 4.12937e-03 3.90653e-03 3.71711e-03 3.55848e-03 3.42757e-03 3.32091e-03 3.23453e-03 3.16401e-03 3.10486e-03 3.05354e-03 3.00833e-03 2.96872e-03 2.93369e-03 2.89996e-03 2.86173e-03 2.81224e-03 2.74633e-03 2.66263e-03 2.56486e-03 2.46117e-03 2.36015e-03 2.26569e-03 2.17584e-03 2.08661e-03 1.99534e-03 1.90149e-03 1.80609e-03 1.71072e-03 1.61653e-03 1.52398e-03 1.43318e-03 1.34418e-03 1.25725e-03 1.17281e-03 1.09129e-03 1.01298e-03 9.37948e-04 8.66014e-04 7.96779e-04 7.29724e-04 6.64308e-04 6.00054e-04 5.36627e-04 4.73878e-04 4.11904e-04 3.51081e-04 2.92102e-04 2.35984e-04 1.84004e-04 1.37532e-04 9.77786e-05 6.55164e-05 4.08813e-05 2.33521e-05 1.18977e-05 5.19219e-06 1.81922e-06 4.55945e-07 6.15591e-08 1.54413e-09
5.139276 2.39005e-02 3.75870e-02 3.16500e-02 2.77228e-02 2.47931e-02 2.24948e-02 2.10996e-02 2.05471e-02 2.05352e-02 2.08017e-02 2.11471e-02 2.14036e-02 2.14585e-02 2.12794e-02 2.09062e-02 2.04153e-02 1.98779e-02 1.93363e-02 1.88048e-02 1.82796e-02 1.77439e-02 1.71674e-02 1.65113e-02 1.57482e-02 1.48865e-02 1.39867e-02 1.31485e-02 1.24566e-02 1.19219e-02 1.14942e-02 1.11359e-02 1.08546e-02 1.06618e-02 1.05394e-02 1.04573e-02 1.03881e-02 1.03083e-02 1.02001e-02 1.00539e-02 9.86992e-03 9.65556e-03 9.42140e-03 9.17708e-03 8.92928e-03 8.68211e-03 8.43897e-03 8.20416e-03 7.98325e-03 7.78223e-03 7.60554e-03 7.45400e-03 7.32428e-03 7.21070e-03 7.10833e-03 7.01519e-03 6.93192e-03 6.85877e-03 6.79151e-03 6.71846e-03 6.62088e-03 6.47758e-03 6.27272e-03 6.00324e-03 5.68170e-03 5.33212e-03 4.98122e-03 4.65036e-03 4.35198e-03 4.09078e-03 3.86677e-03 3.67813e-03 3.52235e-03 3.39622e-03 3.29558e-03 3.21535e-03 3.14995e-03 3.09401e-03 3.04358e-03 2.99702e-03 2.95443e-03 2.91560e-03 2.87805e-03 2.83668e-03 2.78541e-03 2.71966e-03 2.63866e-03 2.54658e-03 2.45132e-03 2.36022e-03 2.27535e-03 2.19345e-03 2.11008e-03 2.02292e-03 1.93218e-03 1.83957e-03 1.74672e-03 1.65443e-03 1.56271e-03 1.47142e-03 1.38071e-03 1.29106e-03 1.20321e-03 1.11786e-03 1.03556e-03 9.56566e-04 8.80819e-04 8.08012e-04 7.37677e-04 6.69299e-04 6.02423e-04 5.36730e-04 4.72100e-04 4.08653e-04 3.46791e-04 2.87217e-04 2.30937e-04 1.79182e-04 1.33250e-04 9.42527e-05 6.28499e-05 3.90648e-05 2.22769e-05 1.13824e-05 5.01996e-06 1.79349e-06 4.60102e-07 6.31819e-08 1.59523e-09
5.189172 2.28965e-02 3.74602e-02 3.24976e-02 2.85642e-02 2.53534e-02 2.28446e-02 2.13143e-02 2.06961e-02 2.06906e-02 2.10041e-02 2.13932e-02 2.16674e-02 2.17136e-02 2.15090e-02 2.11022e-02 2.05739e-02 1.99946e-02 1.94048e-02 1.88179e-02 1.82320e-02 1.76334e-02 1.69946e-02 1.62804e-02 1.54702e-02 1.45861e-02 1.37054e-02 1.29297e-02 1.23139e-02 1.18309e-02 1.14269e-02 1.10877e-02 1.08295e-02 1.06506e-02 1.05275e-02 1.04346e-02 1.03495e-02 1.02524e-02 1.01280e-02 9.96915e-03 9.77701e-03 9.55948e-03 9.32680e-03 9.08744e-03 8.84639e-03 8.60630e-03 8.36973e-03 8.14057e-03 7.92396e-03 7.72506e-03 7.54733e-03 7.39121e-03 7.25425e-03 7.13294e-03 7.02508e-03 6.93107e-03 6.85279e-03 6.79026e-03 6.73757e-03 6.68021e-03 6.59610e-03 6.46136e-03 6.25915e-03 5.98754e-03 5.66142e-03 5.30704e-03 4.95238e-03 4.61909e-03 4.31956e-03 4.05835e-03 3.83546e-03 3.64914e-03 3.49693e-03 3.37553e-03 3.28024e-03 3.20520e-03 3.14409e-03 3.09110e-03 3.04198e-03 2.99493e-03 2.95010e-03 2.90755e-03 2.86533e-03 2.81916e-03 2.76395e-03 2.69617e-03 2.61595e-03 2.52796e-03 2.43991e-03 2.35800e-03 2.28274e-03 2.20956e-03 2.13331e-03 2.05156e-03 1.96500e-03 1.87584e-03 1.78590e-03 1.69573e-03 1.60503e-03 1.51350e-03 1.42136e-03 1.32930e-03 1.23829e-03 1.14930e-03 1.06310e-03 9.80129e-04 9.00500e-04 8.24008e-04 7.50253e-04 6.78755e-04 6.09075e-04 5.40908e-04 4.74151e-04 4.08947e-04 3.45720e-04 2.85190e-04 2.28357e-04 1.76423e-04 1.30622e-04 9.19842e-05 6.10733e-05 3.78205e-05 2.15244e-05 1.10182e-05 4.90151e-06 1.78046e-06 4.65837e-07 6.48711e-08 1.64656e-09
5.239068 2.24407e-02 3.73086e-02 3.29682e-02 2.92608e-02 2.58867e-02 2.31441e-02 2.14626e-02 2.08031e-02 2.08385e-02 2.12199e-02 2.16594e-02 2.19505e-02 2.19847e-02 2.17501e-02 2.13049e-02 2.07342e-02 2.01084e-02 1.94661e-02 1.88205e-02 1.81716e-02 1.75083e-02 1.68058e-02 1.60332e-02 1.51802e-02 1.42875e-02 1.34470e-02 1.27465e-02 1.21988e-02 1.17523e-02 1.13682e-02 1.10517e-02 1.08142e-02 1.06426e-02 1.05140e-02 1.04079e-02 1.03062e-02 1.01923e-02 1.00541e-02 9.88552e-03 9.68835e-03 9.47023e-03 9.24087e-03 9.00775e-03 8.77454e-03 8.54264e-03 8.31380e-03 8.09141e-03 7.88007e-03 7.68413e-03 7.50615e-03 7.34628e-03 7.20293e-03 7.07471e-03 6.96219e-03 6.86816e-03 6.79550e-03 6.74334e-03 6.70291e-03 6.65572e-03 6.57620e-03 6.43923e-03 6.22989e-03 5.95000e-03 5.61783e-03 5.26091e-03 4.90662e-03 4.57539e-03 4.27872e-03 4.02094e-03 3.80208e-03 3.62037e-03 3.47326e-03 3.35714e-03 3.26680e-03 3.19581e-03 3.13763e-03 3.08660e-03 3.03865e-03 2.99184e-03 2.94594e-03 2.90063e-03 2.85394e-03 2.80215e-03 2.74136e-03 2.66949e-03 2.58795e-03 2.50222e-03 2.41984e-03 2.34600e-03 2.27980e-03 2.21546e-03 2.14705e-03 2.07184e-03 1.99066e-03 1.90593e-03 1.81952e-03 1.73189e-03 1.64263e-03 1.55142e-03 1.45851e-03 1.36477e-03 1.27135e-03 1.17940e-03 1.08987e-03 1.00339e-03 9.20240e-04 8.40344e-04 7.63393e-04 6.88956e-04 6.16619e-04 5.46092e-04 4.77285e-04 4.10363e-04 3.45772e-04 2.84251e-04 2.26798e-04 1.74585e-04 1.28790e-04 9.03624e-05 5.97810e-05 3.68993e-05 2.09548e-05 1.07344e-05 4.80554e-06 1.76849e-06 4.70007e-07 6.61779e-08 1.68662e-09
5.288964 2.36769e-02 3.85430e-02 3.36131e-02 2.97858e-02 2.62647e-02 2.33135e-02 2.15026e-02 2.08391e-02 2.09473e-02 2.14103e-02 2.18996e-02 2.22006e-02 2.22138e-02 2.19400e-02 2.14482e-02 2.08284e-02 2.01511e-02 1.94530e-02 1.87466e-02 1.80332e-02 1.73037e-02 1.65362e-02 1.57065e-02 1.48206e-02 1.39414e-02 1.31651e-02 1.25449e-02 1.20516e-02 1.16317e-02 1.12699e-02 1.09788e-02 1.07577e-02 1.05884e-02 1.04517e-02 1.03318e-02 1.02141e-02 1.00857e-02 9.93658e-03 9.76179e-03 9.56288e-03 9.34696e-03 9.12306e-03 8.89789e-03 8.67417e-03 8.45228e-03 8.23307e-03 8.01923e-03 7.81468e-03 7.62300e-03 7.44609e-03 7.28407e-03 7.13643e-03 7.00389e-03 6.88956e-03 6.79810e-03 6.73256e-03 6.68995e-03 6.65752e-03 6.61260e-03 6.52760e-03 6.37915e-03 6.15700e-03 5.86796e-03 5.53278e-03 5.17844e-03 4.83002e-03 4.50582e-03 4.21628e-03 3.96559e-03 3.75395e-03 3.57957e-03 3.43958e-03 3.32984e-03 3.24452e-03 3.17674e-03 3.12014e-03 3.06986e-03 3.02261e-03 2.97661e-03 2.93097e-03 2.88443e-03 2.83440e-03 2.77744e-03 2.71078e-03 2.63396e-03 2.54993e-03 2.46507e-03 2.38694e-03 2.31990e-03 2.26187e-03 2.20611e-03 2.14602e-03 2.07856e-03 2.00429e-03 1.92543e-03 1.84371e-03 1.75955e-03 1.67260e-03 1.58263e-03 1.49002e-03 1.39572e-03 1.30097e-03 1.20705e-03 1.11504e-03 1.02576e-03 9.39642e-04 8.56776e-04 7.76973e-04 6.99878e-04 6.25116e-04 5.52415e-04 4.81700e-04 4.13151e-04 3.47236e-04 2.84709e-04 2.26569e-04 1.73963e-04 1.28014e-04 8.96018e-05 5.91366e-05 3.64163e-05 2.06411e-05 1.05715e-05 4.75037e-06 1.76398e-06 4.74147e-07 6.73030e-08 1.72042e-09
5.338860 2.58959e-02 4.08548e-02 3.46801e-02 3.02959e-02 2.64845e-02 2.33290e-02 2.14301e-02 2.08014e-02 2.10040e-02 2.15529e-02 2.20875e-02 2.23913e-02 2.23764e-02 2.20579e-02 2.15156e-02 2.08446e-02 2.01151e-02 1.93618e-02 1.85964e-02 1.78209e-02 1.70277e-02 1.61987e-02 1.53209e-02 1.44223e-02 1.35838e-02 1.28858e-02 1.23352e-02 1.18796e-02 1.14824e-02 1.11460e-02 1.08782e-02 1.06679e-02 1.04972e-02 1.03515e-02 1.02186e-02 1.00875e-02 9.94824e-03 9.79224e-03 9.61498e-03 9.41757e-03 9.20633e-03 8.98957e-03 8.77351e-03 8.56037e-03 8.34975e-03 8.14154e-03 7.93746e-03 7.74066e-03 7.55409e-03 7.37936e-03 7.21697e-03 7.06768e-03 6.93420e-03 6.82161e-03 6.73537e-03 6.67735e-03 6.64118e-03 6.60980e-03 6.55771e-03 6.45820e-03 6.29253e-03 6.05633e-03 5.76033e-03 5.42589e-03 5.07785e-03 4.73845e-03 4.42382e-03 4.14353e-03 3.90177e-03 3.69904e-03 3.53359e-03 3.40209e-03 3.29963e-03 3.21956e-03 3.15442e-03 3.09815e-03 3.04720e-03 2.99975e-03 2.95452e-03 2.90990e-03 2.86323e-03 2.81089e-03 2.74937e-03 2.67691e-03 2.59464e-03 2.50708e-03 2.42165e-03 2.34609e-03 2.28410e-03 2.23263e-03 2.18422e-03 2.13193e-03 2.07249e-03 2.00604e-03 1.93422e-03 1.85827e-03 1.77848e-03 1.69466e-03 1.60682e-03 1.51548e-03 1.42167e-03 1.32668e-03 1.23183e-03 1.13828e-03 1.04697e-03 9.58510e-04 8.73155e-04 7.90867e-04 7.11399e-04 6.34437e-04 5.59737e-04 4.87241e-04 4.17148e-04 3.49946e-04 2.86404e-04 2.27524e-04 1.74427e-04 1.28188e-04 8.96227e-05 5.90857e-05 3.63380e-05 2.05650e-05 1.05204e-05 4.73198e-06 1.76535e-06 4.77803e-07 6.81784e-08 1.74622e-09
5.388755 2.68719e-02 4.26637e-02 3.59580e-02 3.09252e-02 2.66805e-02 2.32961e-02 2.13432e-02 2.07807e-02 2.10896e-02 2.17231e-02 2.22970e-02 2.25971e-02 2.25486e-02 2.21808e-02 2.15847e-02 2.08602e-02 2.00777e-02 1.92697e-02 1.84466e-02 1.76104e-02 1.67552e-02 1.58691e-02 1.49555e-02 1.40660e-02 1.32870e-02 1.26634e-02 1.21618e-02 1.17310e-02 1.13561e-02 1.10450e-02 1.07955e-02 1.05914e-02 1.04175e-02 1.02629e-02 1.01191e-02 9.97797e-03 9.83129e-03 9.67165e-03 9.49457e-03 9.30056e-03 9.09502e-03 8.88560e-03 8.67832e-03 8.47534e-03 8.27582e-03 8.07865e-03 7.88444e-03 7.69547e-03 7.51424e-03 7.34243e-03 7.18123e-03 7.03280e-03 6.90149e-03 6.79343e-03 6.71355e-03 6.66112e-03 6.62570e-03 6.58682e-03 6.51870e-03 6.39848e-03 6.21340e-03 5.96409e-03 5.66323e-03 5.33105e-03 4.98982e-03 4.65919e-03 4.35367e-03 4.08221e-03 3.84908e-03 3.65513e-03 3.49871e-03 3.37609e-03 3.28145e-03 3.20700e-03 3.14443e-03 3.08771e-03 3.03480e-03 2.98599e-03 2.94097e-03 2.89739e-03 2.85092e-03 2.79664e-03 2.73082e-03 2.65254e-03 2.56434e-03 2.47225e-03 2.38479e-03 2.30994e-03 2.25083e-03 2.20363e-03 2.16047e-03 2.11442e-03 2.06222e-03 2.00358e-03 1.93926e-03 1.86971e-03 1.79491e-03 1.71476e-03 1.62955e-03 1.54005e-03 1.44739e-03 1.35288e-03 1.25782e-03 1.16339e-03 1.07059e-03 9.80165e-04 8.92556e-04 8.07894e-04 7.26068e-04 6.46850e-04 5.70046e-04 4.95623e-04 4.23803e-04 3.55095e-04 2.90294e-04 2.30405e-04 1.76533e-04 1.29710e-04 9.06983e-05 5.98056e-05 3.67732e-05 2.07889e-05 1.06139e-05 4.76544e-06 1.77829e-06 4.82518e-07 6.90250e-08 1.76970e-09
5.438651 2.57486e-02 4.26589e-02 3.69551e-02 3.16935e-02 2.69804e-02 2.33443e-02 2.13653e-02 2.08984e-02 2.13247e-02 2.20410e-02 2.26464e-02 2.29323e-02 2.28384e-02 2.24095e-02 2.17484e-02 2.09607e-02 2.01168e-02 1.92472e-02 1.83603e-02 1.74575e-02 1.65352e-02 1.55914e-02 1.46525e-02 1.37910e-02 1.30787e-02 1.25140e-02 1.20424e-02 1.16298e-02 1.12773e-02 1.09887e-02 1.07527e-02 1.05515e-02 1.03733e-02 1.02106e-02 1.00578e-02 9.90883e-03 9.75681e-03 9.59491e-03 9.41865e-03 9.22798e-03 9.02753e-03 8.82433e-03 8.62438e-03 8.43008e-03 8.24041e-03 8.05339e-03 7.86850e-03 7.68710e-03 7.51139e-03 7.34339e-03 7.18522e-03 7.04038e-03 6.91429e-03 6.81290e-03 6.73918e-03 6.68870e-03 6.64717e-03 6.59262e-03 6.50192e-03 6.35786e-03 6.15347e-03 5.89262e-03 5.58811e-03 5.25824e-03 4.92283e-03 4.59959e-03 4.30191e-03 4.03829e-03 3.81303e-03 3.62723e-03 3.47941e-03 3.36560e-03 3.27913e-03 3.21100e-03 3.15167e-03 3.09472e-03 3.03941e-03 2.98840e-03 2.94287e-03 2.89987e-03 2.85340e-03 2.79721e-03 2.72736e-03 2.64356e-03 2.54950e-03 2.45248e-03 2.36189e-03 2.28590e-03 2.22727e-03 2.18175e-03 2.14148e-03 2.09987e-03 2.05378e-03 2.00245e-03 1.94570e-03 1.88302e-03 1.81384e-03 1.73797e-03 1.65595e-03 1.56880e-03 1.47782e-03 1.38434e-03 1.28962e-03 1.19479e-03 1.10088e-03 1.00871e-03 9.18886e-04 8.31735e-04 7.47311e-04 6.65508e-04 5.86201e-04 5.09399e-04 4.35354e-04 3.64609e-04 2.97987e-04 2.36517e-04 1.81301e-04 1.33343e-04 9.33703e-05 6.16611e-05 3.79518e-05 2.14464e-05 1.09217e-05 4.88265e-06 1.81483e-06 4.91583e-07 7.03176e-08 1.80311e-09
5.488547 2.50274e-02 4.21758e-02 3.72985e-02 3.22388e-02 2.72378e-02 2.33927e-02 2.14236e-02 2.10776e-02 2.16266e-02 2.24185e-02 2.30440e-02 2.33044e-02 2.31550e-02 2.26565e-02 2.19232e-02 2.10662e-02 2.01561e-02 1.92212e-02 1.82677e-02 1.72958e-02 1.63063e-02 1.53134e-02 1.43698e-02 1.35563e-02 1.29086e-02 1.23844e-02 1.19316e-02 1.15375e-02 1.12084e-02 1.09399e-02 1.07143e-02 1.05153e-02 1.03338e-02 1.01654e-02 1.00066e-02 9.85302e-03 9.69840e-03 9.53625e-03 9.36203e-03 9.17520e-03 8.97968e-03 8.78206e-03 8.58841e-03 8.40158e-03 8.22065e-03 8.04304e-03 7.86719e-03 7.69368e-03 7.52451e-03 7.36223e-03 7.20993e-03 7.07201e-03 6.95391e-03 6.86012e-03 6.79044e-03 6.73647e-03 6.68142e-03 6.60450e-03 6.48743e-03 6.31906e-03 6.09684e-03 5.82614e-03 5.51878e-03 5.19096e-03 4.86047e-03 4.54363e-03 4.25307e-03 3.99692e-03 3.77938e-03 3.60159e-03 3.46219e-03 3.35714e-03 3.27922e-03 3.21830e-03 3.16354e-03 3.10766e-03 3.05063e-03 2.99739e-03 2.95079e-03 2.90758e-03 2.86031e-03 2.80171e-03 2.72774e-03 2.63869e-03 2.53918e-03 2.43740e-03 2.34329e-03 2.26495e-03 2.20478e-03 2.15851e-03 2.11876e-03 2.07960e-03 2.03810e-03 1.99304e-03 1.94332e-03 1.88752e-03 1.82440e-03 1.75354e-03 1.67551e-03 1.59157e-03 1.50316e-03 1.41166e-03 1.31830e-03 1.22411e-03 1.13005e-03 1.03700e-03 9.45673e-04 8.56556e-04 7.69894e-04 6.85732e-04 6.04050e-04 5.24919e-04 4.48633e-04 3.75779e-04 3.07221e-04 2.44016e-04 1.87276e-04 1.37989e-04 9.68510e-05 6.41217e-05 3.95435e-05 2.23505e-05 1.13495e-05 5.04187e-06 1.85955e-06 5.00809e-07 7.14553e-08 1.83107e-09
5.538443 2.62487e-02 4.32872e-02 3.76705e-02 3.24193e-02 2.72741e-02 2.33426e-02 2.14386e-02 2.12319e-02 2.19001e-02 2.27533e-02 2.33831e-02 2.36050e-02 2.33910e-02 2.28167e-02 2.20069e-02 2.10777e-02 2.01003e-02 1.91006e-02 1.80820e-02 1.70443e-02 1.59960e-02 1.49740e-02 1.40536e-02 1.33020e-02 1.27079e-02 1.22097e-02 1.17736e-02 1.14015e-02 1.10967e-02 1.08464e-02 1.06303e-02 1.04342e-02 1.02519e-02 1.00810e-02 9.91997e-03 9.76510e-03 9.61078e-03 9.45068e-03 9.28011e-03 9.09807e-03 8.90787e-03 8.71575e-03 8.52800e-03 8.34795e-03 8.17503e-03 8.00640e-03 7.83983e-03 7.67532e-03 7.51485e-03 7.36145e-03 7.21882e-03 7.09134e-03 6.98331e-03 6.89657e-03 6.82721e-03 6.76371e-03 6.68910e-03 6.58626e-03 6.44271e-03 6.25242e-03 6.01556e-03 5.73772e-03 5.42927e-03 5.10444e-03 4.77938e-03 4.46936e-03 4.18645e-03 3.93851e-03 3.72943e-03 3.56017e-03 3.42936e-03 3.33303e-03 3.26380e-03 3.21086e-03 3.16223e-03 3.10953e-03 3.05269e-03 2.99815e-03 2.95036e-03 2.90614e-03 2.85718e-03 2.79564e-03 2.71766e-03 2.62410e-03 2.52022e-03 2.41472e-03 2.31753e-03 2.23632e-03 2.17320e-03 2.12428e-03 2.08315e-03 2.04478e-03 2.00644e-03 1.96641e-03 1.92281e-03 1.87345e-03 1.81657e-03 1.75143e-03 1.67849e-03 1.59901e-03 1.51452e-03 1.42642e-03 1.33587e-03 1.24383e-03 1.15116e-03 1.05867e-03 9.67128e-04 8.77165e-04 7.89198e-04 7.03445e-04 6.20021e-04 5.39086e-04 4.60998e-04 3.86394e-04 3.16184e-04 2.51461e-04 1.93349e-04 1.42824e-04 1.00558e-04 6.67986e-05 4.13064e-05 2.33635e-05 1.18274e-05 5.21238e-06 1.90135e-06 5.07273e-07 7.20272e-08 1.84313e-09
5.588339 2.77506e-02 4.50280e-02 3.84337e-02 3.25895e-02 2.72045e-02 2.32588e-02 2.14708e-02 2.14111e-02 2.21861e-02 2.30839e-02 2.37031e-02 2.38755e-02 2.35891e-02 2.29330e-02 2.20416e-02 2.10363e-02 1.99889e-02 1.89235e-02 1.78404e-02 1.67404e-02 1.56452e-02 1.46178e-02 1.37428e-02 1.30518e-02 1.24942e-02 1.20130e-02 1.15950e-02 1.12467e-02 1.09647e-02 1.07300e-02 1.05225e-02 1.03301e-02 1.01488e-02 9.97794e-03 9.81710e-03 9.66334e-03 9.51133e-03 9.35482e-03 9.18889e-03 9.01206e-03 8.82709e-03 8.64000e-03 8.45728e-03 8.28286e-03 8.11670e-03 7.95610e-03 7.79862e-03 7.64403e-03 7.49432e-03 7.35264e-03 7.22250e-03 7.10724e-03 7.00904e-03 6.92663e-03 6.85286e-03 6.77484e-03 6.67779e-03 6.54947e-03 6.38252e-03 6.17441e-03 5.92660e-03 5.64417e-03 5.33602e-03 5.01472e-03 4.69507e-03 4.39156e-03 4.11593e-03 3.87579e-03 3.67477e-03 3.51349e-03 3.39045e-03 3.30184e-03 3.24049e-03 3.19554e-03 3.15430e-03 3.10717e-03 3.05301e-03 2.99856e-03 2.94954e-03 2.90348e-03 2.85202e-03 2.78731e-03 2.70579e-03 2.60872e-03 2.50170e-03 2.39343e-03 2.29334e-03 2.20850e-03 2.14095e-03 2.08767e-03 2.04352e-03 2.00443e-03 1.96778e-03 1.93130e-03 1.89240e-03 1.84843e-03 1.79730e-03 1.73806e-03 1.67093e-03 1.59695e-03 1.51752e-03 1.43399e-03 1.34744e-03 1.25874e-03 1.16864e-03 1.07786e-03 9.87150e-04 8.97211e-04 8.08620e-04 7.21778e-04 6.36963e-04 5.54458e-04 4.74704e-04 3.98404e-04 3.26524e-04 2.60203e-04 2.00588e-04 1.48657e-04 1.05072e-04 7.00836e-05 4.34864e-05 2.46265e-05 1.24275e-05 5.42644e-06 1.95225e-06 5.14273e-07 7.25122e-08 1.85167e-09
5.638235 2.86467e-02 4.63674e-02 3.92015e-02 3.28079e-02 2.71432e-02 2.31964e-02 2.15388e-02 2.16138e-02 2.24726e-02 2.33965e-02 2.39962e-02 2.41180e-02 2.37616e-02 2.30263e-02 2.20545e-02 2.09734e-02 1.98569e-02 1.87278e-02 1.75835e-02 1.64285e-02 1.53040e-02 1.42953e-02 1.34754e-02 1.28317e-02 1.22960e-02 1.18291e-02 1.14312e-02 1.11065e-02 1.08446e-02 1.06236e-02 1.04243e-02 1.02367e-02 1.00582e-02 9.88964e-03 9.73130e-03 9.58082e-03 9.43315e-03 9.28197e-03 9.12197e-03 8.95105e-03 8.77139e-03 8.58880e-03 8.41006e-03 8.23980e-03 8.07875e-03 7.92482e-03 7.77583e-03 7.63155e-03 7.49380e-03 7.36518e-03 7.24809e-03 7.14414e-03 7.05315e-03 6.97107e-03 6.88869e-03 6.79370e-03 6.67470e-03 6.52398e-03 6.33782e-03 6.11574e-03 5.85960e-03 5.57378e-03 5.26591e-03 4.94722e-03 4.63143e-03 4.33248e-03 4.06197e-03 3.82753e-03 3.63260e-03 3.47745e-03 3.36033e-03 3.27755e-03 3.22246e-03 3.18470e-03 3.15147e-03 3.11199e-03 3.06313e-03 3.01040e-03 2.96015e-03 2.91137e-03 2.85665e-03 2.78861e-03 2.70394e-03 2.60409e-03 2.49466e-03 2.38389e-03 2.28045e-03 2.19083e-03 2.11733e-03 2.05805e-03 2.00933e-03 1.96794e-03 1.93126e-03 1.89639e-03 1.86017e-03 1.81970e-03 1.77293e-03 1.71887e-03 1.65749e-03 1.58947e-03 1.51585e-03 1.43772e-03 1.35603e-03 1.27154e-03 1.18490e-03 1.09671e-03 1.00764e-03 9.18428e-04 8.29740e-04 7.42155e-04 6.56137e-04 5.72125e-04 4.90677e-04 4.12578e-04 3.38864e-04 2.70733e-04 2.09368e-04 1.55764e-04 1.10587e-04 7.41049e-05 4.61623e-05 2.61833e-05 1.31713e-05 5.69306e-06 2.01541e-06 5.22642e-07 7.30289e-08 1.85976e-09
5.688131 2.89147e-02 4.71975e-02 3.98663e-02 3.30416e-02 2.71306e-02 2.32024e-02 2.16790e-02 2.18734e-02 2.27940e-02 2.37276e-02 2.43000e-02 2.43687e-02 2.39414e-02 2.31245e-02 2.20686e-02 2.09079e-02 1.97198e-02 1.85256e-02 1.73208e-02 1.61185e-02 1.49837e-02 1.40123e-02 1.32456e-02 1.26335e-02 1.21117e-02 1.16601e-02 1.12835e-02 1.09809e-02 1.07365e-02 1.05275e-02 1.03362e-02 1.01538e-02 9.97926e-03 9.81427e-03 9.65987e-03 9.51416e-03 9.37221e-03 9.22750e-03 9.07424e-03 8.90964e-03 8.73532e-03 8.55686e-03 8.38130e-03 8.21399e-03 8.05664e-03 7.90818e-03 7.76707e-03 7.63323e-03 7.50784e-03 7.39227e-03 7.28720e-03 7.19241e-03 7.10559e-03 7.02052e-03 6.92726e-03 6.81527e-03 6.67664e-03 6.50707e-03 6.30532e-03 6.07206e-03 5.80928e-03 5.52074e-03 5.21310e-03 4.89646e-03 4.58357e-03 4.28788e-03 4.02097e-03 3.79057e-03 3.60010e-03 3.44954e-03 3.33679e-03 3.25822e-03 3.20777e-03 3.17600e-03 3.15071e-03 3.12042e-03 3.07948e-03 3.03059e-03 2.97972e-03 2.92785e-03 2.86966e-03 2.79870e-03 2.71180e-03 2.61026e-03 2.49923e-03 2.38623e-03 2.27905e-03 2.18375e-03 2.10319e-03 2.03683e-03 1.98242e-03 1.93746e-03 1.89912e-03 1.86391e-03 1.82822e-03 1.78915e-03 1.74496e-03 1.69487e-03 1.63875e-03 1.57685e-03 1.50964e-03 1.43775e-03 1.36184e-03 1.28250e-03 1.20023e-03 1.11555e-03 1.02901e-03 9.41291e-04 8.53115e-04 7.65199e-04 6.78200e-04 5.92747e-04 5.09549e-04 4.29503e-04 3.53735e-04 2.83514e-04 2.20079e-04 1.64458e-04 1.17342e-04 7.90351e-05 4.94489e-05 2.81026e-05 1.40943e-05 6.02727e-06 2.09584e-06 5.33596e-07 7.37423e-08 1.87158e-09
5.738027 2.81761e-02 4.69715e-02 4.02376e-02 3.33139e-02 2.72223e-02 2.33247e-02 2.19337e-02 2.22347e-02 2.32015e-02 2.41338e-02 2.46729e-02 2.46843e-02 2.41799e-02 2.32731e-02 2.21240e-02 2.08758e-02 1.96101e-02 1.83464e-02 1.70807e-02 1.58411e-02 1.47151e-02 1.37903e-02 1.30652e-02 1.24706e-02 1.19592e-02 1.15241e-02 1.11685e-02 1.08858e-02 1.06564e-02 1.04577e-02 1.02732e-02 1.00957e-02 9.92509e-03 9.76408e-03 9.61434e-03 9.47425e-03 9.33882e-03 9.20116e-03 9.05489e-03 8.89659e-03 8.72736e-03 8.55261e-03 8.37962e-03 8.21439e-03 8.05973e-03 7.91576e-03 7.78186e-03 7.65793e-03 7.54411e-03 7.43999e-03 7.34451e-03 7.25587e-03 7.16998e-03 7.07914e-03 6.97369e-03 6.84532e-03 6.68901e-03 6.50293e-03 6.28746e-03 6.04404e-03 5.77473e-03 5.48295e-03 5.17469e-03 4.85918e-03 4.54833e-03 4.25504e-03 3.99079e-03 3.76345e-03 3.57645e-03 3.42954e-03 3.32032e-03 3.24503e-03 3.19806e-03 3.17101e-03 3.15280e-03 3.13194e-03 3.10047e-03 3.05737e-03 3.00697e-03 2.95218e-03 2.89053e-03 2.81709e-03 2.72876e-03 2.62635e-03 2.51428e-03 2.39915e-03 2.28796e-03 2.18659e-03 2.09857e-03 2.02473e-03 1.96408e-03 1.91460e-03 1.87319e-03 1.83576e-03 1.79841e-03 1.75845e-03 1.71466e-03 1.66674e-03 1.61467e-03 1.55836e-03 1.49768e-03 1.43261e-03 1.36328e-03 1.28997e-03 1.21301e-03 1.13278e-03 1.04971e-03 9.64373e-04 8.77476e-04 7.89817e-04 7.02224e-04 6.15537e-04 5.30652e-04 4.48617e-04 3.70669e-04 2.98167e-04 2.32423e-04 1.74515e-04 1.25177e-04 8.47678e-05 5.32805e-05 3.03473e-05 1.51779e-05 6.42102e-06 2.19067e-06 5.46386e-07 7.45474e-08 1.88448e-09
5.787922 2.75711e-02 4.64506e-02 4.01593e-02 3.34214e-02 2.73411e-02 2.35162e-02 2.22490e-02 2.26382e-02 2.36353e-02 2.45567e-02 2.50583e-02 2.50093e-02 2.44237e-02 2.34212e-02 2.21737e-02 2.08345e-02 1.94892e-02 1.81558e-02 1.68350e-02 1.55761e-02 1.44790e-02 1.36021e-02 1.29052e-02 1.23209e-02 1.18213e-02 1.14048e-02 1.10702e-02 1.08057e-02 1.05896e-02 1.04000e-02 1.02217e-02 1.00487e-02 9.88224e-03 9.72590e-03 9.58193e-03 9.44880e-03 9.32122e-03 9.19175e-03 9.05335e-03 8.90201e-03 8.73840e-03 8.56777e-03 8.39758e-03 8.23446e-03 8.08232e-03 7.94257e-03 7.81542e-03 7.70049e-03 7.59645e-03 7.50108e-03 7.41195e-03 7.32603e-03 7.23779e-03 7.13882e-03 7.02045e-03 6.87651e-03 6.70414e-03 6.50324e-03 6.27532e-03 6.02232e-03 5.74641e-03 5.45084e-03 5.14122e-03 4.82616e-03 4.51683e-03 4.22559e-03 3.96368e-03 3.73904e-03 3.55511e-03 3.41151e-03 3.30553e-03 3.23320e-03 3.18915e-03 3.16590e-03 3.15365e-03 3.14148e-03 3.11977e-03 3.08371e-03 3.03507e-03 2.97801e-03 2.91324e-03 2.83774e-03 2.74861e-03 2.64593e-03 2.53319e-03 2.41608e-03 2.30097e-03 2.19373e-03 2.09860e-03 2.01760e-03 1.95073e-03 1.89623e-03 1.85059e-03 1.80927e-03 1.76821e-03 1.72511e-03 1.67944e-03 1.63157e-03 1.58179e-03 1.52990e-03 1.47526e-03 1.41714e-03 1.35498e-03 1.28856e-03 1.21789e-03 1.14316e-03 1.06466e-03 9.82831e-04 8.98287e-04 8.11840e-04 7.24442e-04 6.37134e-04 5.51030e-04 4.67359e-04 3.87498e-04 3.12907e-04 2.44977e-04 1.84844e-04 1.33294e-04 9.07489e-05 5.73004e-05 3.27095e-05 1.63161e-05 6.82939e-06 2.28499e-06 5.57465e-07 7.49783e-08 1.88685e-09
5.837818 2.84767e-02 4.71382e-02 4.01588e-02 3.33286e-02 2.73675e-02 2.36941e-02 2.25530e-02 2.30085e-02 2.40171e-02 2.49167e-02 2.53743e-02 2.52598e-02 2.45877e-02 2.34853e-02 2.21372e-02 2.07071e-02 1.92830e-02 1.78829e-02 1.65199e-02 1.52660e-02 1.42159e-02 1.33841e-02 1.27072e-02 1.21339e-02 1.16507e-02 1.12557e-02 1.09426e-02 1.06955e-02 1.04916e-02 1.03100e-02 1.01371e-02 9.96833e-03 9.80613e-03 9.65518e-03 9.51809e-03 9.39321e-03 9.27473e-03 9.15459e-03 9.02513e-03 8.88188e-03 8.72519e-03 8.56010e-03 8.39408e-03 8.23425e-03 8.08555e-03 7.95060e-03 7.83017e-03 7.72321e-03 7.62682e-03 7.53736e-03 7.45154e-03 7.36539e-03 7.27232e-03 7.16403e-03 7.03327e-03 6.87565e-03 6.68988e-03 6.47708e-03 6.23948e-03 5.97930e-03 5.69872e-03 5.40090e-03 5.09120e-03 4.77772e-03 4.47098e-03 4.18274e-03 3.92394e-03 3.70246e-03 3.52180e-03 3.38151e-03 3.27870e-03 3.20919e-03 3.16773e-03 3.14761e-03 3.14037e-03 3.13600e-03 3.12393e-03 3.09603e-03 3.05099e-03 2.99334e-03 2.92672e-03 2.85040e-03 2.76179e-03 2.66015e-03 2.54790e-03 2.42981e-03 2.31177e-03 2.19971e-03 2.09853e-03 2.01124e-03 1.93851e-03 1.87872e-03 1.82803e-03 1.78154e-03 1.73526e-03 1.68735e-03 1.63803e-03 1.58838e-03 1.53919e-03 1.49037e-03 1.44100e-03 1.38972e-03 1.33521e-03 1.27655e-03 1.21327e-03 1.14524e-03 1.07257e-03 9.95515e-04 9.14576e-04 8.30499e-04 7.44298e-04 6.57183e-04 5.70491e-04 4.85667e-04 4.04252e-04 3.27830e-04 2.57876e-04 1.95596e-04 1.41838e-04 9.71059e-05 6.16069e-05 3.52547e-05 1.75452e-05 7.26845e-06 2.38421e-06 5.68145e-07 7.52116e-08 1.88314e-09
5.887714 3.03121e-02 4.87740e-02 4.05043e-02 3.32464e-02 2.73376e-02 2.38310e-02 2.28045e-02 2.32972e-02 2.42961e-02 2.51653e-02 2.55785e-02 2.54011e-02 2.46467e-02 2.34501e-02 2.20083e-02 2.04939e-02 1.89969e-02 1.75397e-02 1.61553e-02 1.49319e-02 1.39371e-02 1.31422e-02 1.24810e-02 1.19222e-02 1.14592e-02 1.10871e-02 1.07950e-02 1.05638e-02 1.03709e-02 1.01963e-02 1.00281e-02 9.86325e-03 9.70557e-03 9.56061e-03 9.43127e-03 9.31563e-03 9.20730e-03 9.09765e-03 8.97853e-03 8.84507e-03 8.69722e-03 8.53956e-03 8.37939e-03 8.22418e-03 8.07985e-03 7.95006e-03 7.83584e-03 7.73523e-03 7.64401e-03 7.55766e-03 7.47235e-03 7.38332e-03 7.28356e-03 7.16550e-03 7.02330e-03 6.85400e-03 6.65750e-03 6.43573e-03 6.19130e-03 5.92642e-03 5.64314e-03 5.34449e-03 5.03561e-03 4.72421e-03 4.42030e-03 4.13509e-03 3.87925e-03 3.66058e-03 3.48269e-03 3.34516e-03 3.24500e-03 3.17786e-03 3.13856e-03 3.12097e-03 3.11779e-03 3.12002e-03 3.11680e-03 3.09764e-03 3.05811e-03 3.00198e-03 2.93509e-03 2.85905e-03 2.77196e-03 2.67237e-03 2.56162e-03 2.44367e-03 2.32396e-03 2.20846e-03 2.10255e-03 2.00990e-03 1.93169e-03 1.86630e-03 1.80969e-03 1.75688e-03 1.70401e-03 1.64977e-03 1.59509e-03 1.54177e-03 1.49119e-03 1.44360e-03 1.39805e-03 1.35276e-03 1.30571e-03 1.25517e-03 1.20002e-03 1.13964e-03 1.07385e-03 1.00269e-03 9.26492e-04 8.45879e-04 7.61856e-04 6.75749e-04 5.89107e-04 5.03608e-04 4.20996e-04 3.42997e-04 2.71184e-04 2.06837e-04 1.50876e-04 1.03898e-04 6.62479e-05 3.80160e-05 1.88839e-05 7.74618e-06 2.49085e-06 5.78977e-07 7.53149e-08 1.87498e-09
5.937610 3.10208e-02 4.99213e-02 4.10557e-02 3.33450e-02 2.74013e-02 2.40206e-02 2.30777e-02 2.35805e-02 2.45539e-02 2.53885e-02 2.57589e-02 2.55224e-02 2.46899e-02 2.34041e-02 2.18733e-02 2.02776e-02 1.87103e-02 1.72050e-02 1.58190e-02 1.46414e-02 1.36979e-02 1.29293e-02 1.22816e-02 1.17392e-02 1.12971e-02 1.09466e-02 1.06729e-02 1.04551e-02 1.02708e-02 1.01016e-02 9.93684e-03 9.77524e-03 9.62178e-03 9.48281e-03 9.36137e-03 9.25522e-03 9.15750e-03 9.05906e-03 8.95139e-03 8.82916e-03 8.69170e-03 8.54292e-03 8.38968e-03 8.23978e-03 8.10010e-03 7.97515e-03 7.86601e-03 7.76983e-03 7.68137e-03 7.59558e-03 7.50818e-03 7.41381e-03 7.30555e-03 7.17690e-03 7.02337e-03 6.84321e-03 6.63729e-03 6.40807e-03 6.15818e-03 5.88961e-03 5.60412e-03 5.30452e-03 4.99577e-03 4.68534e-03 4.38291e-03 4.09939e-03 3.84522e-03 3.62820e-03 3.45197e-03 3.31621e-03 3.21787e-03 3.15250e-03 3.11491e-03 3.09941e-03 3.09944e-03 3.10684e-03 3.11098e-03 3.10020e-03 3.06750e-03 3.01497e-03 2.94933e-03 2.87428e-03 2.78895e-03 2.69161e-03 2.58281e-03 2.46580e-03 2.34561e-03 2.22809e-03 2.11882e-03 2.02179e-03 1.93841e-03 1.86705e-03 1.80363e-03 1.74327e-03 1.68246e-03 1.62040e-03 1.55863e-03 1.49966e-03 1.44551e-03 1.39694e-03 1.35318e-03 1.31227e-03 1.27164e-03 1.22881e-03 1.18187e-03 1.12959e-03 1.07132e-03 1.00680e-03 9.36124e-04 8.59770e-04 7.78660e-04 6.94172e-04 6.08027e-04 5.22151e-04 4.38522e-04 3.59044e-04 2.85404e-04 2.18960e-04 1.60706e-04 1.11345e-04 7.13724e-05 4.10833e-05 2.03781e-05 8.28138e-06 2.61077e-06 5.91267e-07 7.54526e-08 1.86642e-09
5.987506 2.97554e-02 4.93575e-02 4.13667e-02 3.36550e-02 2.76657e-02 2.43630e-02 2.34786e-02 2.39791e-02 2.49219e-02 2.57198e-02 2.60441e-02 2.57421e-02 2.48236e-02 2.34407e-02 2.18135e-02 2.01286e-02 1.84846e-02 1.69352e-02 1.55609e-02 1.44334e-02 1.35305e-02 1.27796e-02 1.21443e-02 1.16185e-02 1.11958e-02 1.08642e-02 1.06055e-02 1.03975e-02 1.02185e-02 1.00515e-02 9.88785e-03 9.72772e-03 9.57737e-03 9.44368e-03 9.32965e-03 9.23260e-03 9.14516e-03 9.05782e-03 8.96175e-03 8.85115e-03 8.72457e-03 8.58500e-03 8.43885e-03 8.29423e-03 8.15893e-03 8.03820e-03 7.93295e-03 7.83950e-03 7.75182e-03 7.66445e-03 7.57257e-03 7.47041e-03 7.35159e-03 7.21084e-03 7.04503e-03 6.85364e-03 6.63836e-03 6.40194e-03 6.14678e-03 5.87443e-03 5.58626e-03 5.28486e-03 4.97505e-03 4.66420e-03 4.36188e-03 4.07884e-03 3.82541e-03 3.60927e-03 3.43404e-03 3.29940e-03 3.20230e-03 3.13823e-03 3.10206e-03 3.08835e-03 3.09095e-03 3.10215e-03 3.11180e-03 3.10827e-03 3.08312e-03 3.03613e-03 2.97343e-03 2.90008e-03 2.81655e-03 2.72140e-03 2.61482e-03 2.49953e-03 2.38015e-03 2.26222e-03 2.15115e-03 2.05088e-03 1.96278e-03 1.88521e-03 1.81428e-03 1.74543e-03 1.67562e-03 1.60455e-03 1.53431e-03 1.46798e-03 1.40828e-03 1.35656e-03 1.31241e-03 1.27389e-03 1.23807e-03 1.20188e-03 1.16266e-03 1.11846e-03 1.06801e-03 1.01061e-03 9.46032e-04 8.74537e-04 7.96907e-04 7.14489e-04 6.29128e-04 5.42981e-04 4.58298e-04 3.77208e-04 3.01550e-04 2.32774e-04 1.71957e-04 1.19911e-04 7.72993e-05 4.46535e-05 2.21311e-05 8.91730e-06 2.75748e-06 6.07934e-07 7.59812e-08 1.86612e-09
6.037402 2.85443e-02 4.81074e-02 4.10785e-02 3.38618e-02 2.80042e-02 2.47725e-02 2.39222e-02 2.44091e-02 2.53171e-02 2.60757e-02 2.63509e-02 2.59801e-02 2.49732e-02 2.34918e-02 2.17664e-02 1.99890e-02 1.82688e-02 1.66876e-02 1.53409e-02 1.42645e-02 1.33938e-02 1.26582e-02 1.20376e-02 1.15296e-02 1.11257e-02 1.08111e-02 1.05647e-02 1.03636e-02 1.01873e-02 1.00206e-02 9.85659e-03 9.69727e-03 9.54992e-03 9.42170e-03 9.31531e-03 9.22755e-03 9.15066e-03 9.07489e-03 8.99112e-03 8.89292e-03 8.77789e-03 8.64798e-03 8.50916e-03 8.36996e-03 8.23906e-03 8.12231e-03 8.02034e-03 7.92864e-03 7.84053e-03 7.75005e-03 7.65180e-03 7.53989e-03 7.40877e-03 7.25450e-03 7.07546e-03 6.87235e-03 6.64757e-03 6.40388e-03 6.14323e-03 5.86663e-03 5.57511e-03 5.27109e-03 4.95938e-03 4.64737e-03 4.34461e-03 4.06181e-03 3.80910e-03 3.59396e-03 3.41982e-03 3.28628e-03 3.19026e-03 3.12732e-03 3.09246e-03 3.08042e-03 3.08510e-03 3.09885e-03 3.11204e-03 3.11400e-03 3.09605e-03 3.05580e-03 2.99756e-03 2.92668e-03 2.84500e-03 2.75195e-03 2.64783e-03 2.53509e-03 2.41793e-03 2.30143e-03 2.19047e-03 2.08857e-03 1.99674e-03 1.91330e-03 1.83467e-03 1.75689e-03 1.67753e-03 1.59680e-03 1.51723e-03 1.44246e-03 1.37583e-03 1.31930e-03 1.27291e-03 1.23481e-03 1.20194e-03 1.17086e-03 1.13833e-03 1.10173e-03 1.05909e-03 1.00916e-03 9.51262e-04 8.85360e-04 8.12020e-04 7.32481e-04 6.48615e-04 5.62763e-04 4.77449e-04 3.95066e-04 3.17637e-04 2.46718e-04 1.83459e-04 1.28775e-04 8.34997e-05 4.84210e-05 2.39911e-05 9.59269e-06 2.91221e-06 6.24963e-07 7.64129e-08 1.86225e-09
6.087298 2.90411e-02 4.81856e-02 4.07607e-02 3.38038e-02 2.82316e-02 2.51277e-02 2.43038e-02 2.47655e-02 2.56319e-02 2.63451e-02 2.65650e-02 2.61215e-02 2.50264e-02 2.34503e-02 2.16312e-02 1.97656e-02 1.79811e-02 1.63912e-02 1.50900e-02 1.40652e-02 1.32240e-02 1.25078e-02 1.19071e-02 1.14197e-02 1.10354e-02 1.07365e-02 1.05001e-02 1.03038e-02 1.01282e-02 9.96042e-03 9.79566e-03 9.63749e-03 9.49391e-03 9.37195e-03 9.27377e-03 9.19567e-03 9.12967e-03 9.06593e-03 8.99505e-03 8.90988e-03 8.80687e-03 8.68698e-03 8.55583e-03 8.42251e-03 8.29654e-03 8.18415e-03 8.08556e-03 7.99545e-03 7.90649e-03 7.81216e-03 7.70652e-03 7.58386e-03 7.43968e-03 7.27155e-03 7.07939e-03 6.86513e-03 6.63166e-03 6.38148e-03 6.11596e-03 5.83559e-03 5.54120e-03 5.23526e-03 4.92263e-03 4.61074e-03 4.30906e-03 4.02810e-03 3.77768e-03 3.56486e-03 3.39279e-03 3.26091e-03 3.16621e-03 3.10442e-03 3.07083e-03 3.06027e-03 3.06649e-03 3.08158e-03 3.09651e-03 3.10210e-03 3.09047e-03 3.05762e-03 3.00528e-03 2.93810e-03 2.85904e-03 2.76880e-03 2.66814e-03 2.55940e-03 2.44636e-03 2.33349e-03 2.22496e-03 2.12349e-03 2.02953e-03 1.94128e-03 1.85555e-03 1.76914e-03 1.68037e-03 1.58999e-03 1.50095e-03 1.41738e-03 1.34319e-03 1.28093e-03 1.23103e-03 1.19181e-03 1.16019e-03 1.13255e-03 1.10538e-03 1.07552e-03 1.04039e-03 9.98090e-04 9.47431e-04 8.87954e-04 8.19933e-04 7.44398e-04 6.63141e-04 5.78593e-04 4.93512e-04 4.10571e-04 3.32009e-04 2.59502e-04 1.94265e-04 1.37289e-04 8.95715e-05 5.21653e-05 2.58554e-05 1.02687e-05 3.06361e-06 6.39950e-07 7.64541e-08 1.84761e-09
6.137194 3.05470e-02 4.93993e-02 4.08958e-02 3.37487e-02 2.83720e-02 2.54165e-02 2.46187e-02 2.50446e-02 2.58614e-02 2.65226e-02 2.66816e-02 2.61632e-02 2.49824e-02 2.33176e-02 2.14107e-02 1.94648e-02 1.76335e-02 1.60588e-02 1.48142e-02 1.38379e-02 1.30263e-02 1.23347e-02 1.17583e-02 1.12933e-02 1.09278e-02 1.06422e-02 1.04129e-02 1.02185e-02 1.00418e-02 9.87203e-03 9.70657e-03 9.55030e-03 9.41139e-03 9.29633e-03 9.20655e-03 9.13798e-03 9.08264e-03 9.03075e-03 8.97265e-03 8.90034e-03 8.80912e-03 8.69901e-03 8.57551e-03 8.44830e-03 8.32764e-03 8.21991e-03 8.12481e-03 8.03625e-03 7.94626e-03 7.84769e-03 7.73425e-03 7.60063e-03 7.44352e-03 7.26207e-03 7.05776e-03 6.83355e-03 6.59253e-03 6.33676e-03 6.06698e-03 5.78337e-03 5.48681e-03 5.18001e-03 4.86798e-03 4.55803e-03 4.25932e-03 3.98192e-03 3.73513e-03 3.52553e-03 3.35597e-03 3.22584e-03 3.13228e-03 3.07135e-03 3.03868e-03 3.02918e-03 3.03620e-03 3.05145e-03 3.06652e-03 3.07406e-03 3.06758e-03 3.04211e-03 2.99669e-03 2.93449e-03 2.85920e-03 2.77291e-03 2.67705e-03 2.57389e-03 2.46675e-03 2.35942e-03 2.25523e-03 2.15599e-03 2.06145e-03 1.96963e-03 1.87774e-03 1.78340e-03 1.68569e-03 1.58593e-03 1.48752e-03 1.39504e-03 1.31299e-03 1.24442e-03 1.19010e-03 1.14846e-03 1.11650e-03 1.09061e-03 1.06716e-03 1.04273e-03 1.01427e-03 9.79287e-04 9.36009e-04 8.83481e-04 8.21577e-04 7.51013e-04 6.73378e-04 5.91076e-04 5.07029e-04 4.24187e-04 3.45043e-04 2.71427e-04 2.04614e-04 1.45651e-04 9.56713e-05 5.59998e-05 2.77922e-05 1.09765e-05 3.22166e-06 6.54945e-07 7.63347e-08 1.82758e-09
6.187090 3.13991e-02 5.04327e-02 4.12873e-02 3.38533e-02 2.85424e-02 2.56889e-02 2.49000e-02 2.52770e-02 2.60353e-02 2.66410e-02 2.67413e-02 2.61558e-02 2.49013e-02 2.31597e-02 2.11740e-02 1.91583e-02 1.72987e-02 1.57555e-02 1.45668e-02 1.36323e-02 1.28503e-02 1.21863e-02 1.16355e-02 1.11916e-02 1.08420e-02 1.05657e-02 1.03401e-02 1.01452e-02 9.96607e-03 9.79427e-03 9.62894e-03 9.47566e-03 9.34225e-03 9.23437e-03 9.15282e-03 9.09337e-03 9.04826e-03 9.00787e-03 8.96222e-03 8.90239e-03 8.82249e-03 8.72174e-03 8.60563e-03 8.48437e-03 8.36886e-03 8.26556e-03 8.17371e-03 8.08650e-03 7.99527e-03 7.89225e-03 7.77092e-03 7.62652e-03 7.45692e-03 7.26282e-03 7.04710e-03 6.81348e-03 6.56504e-03 6.30332e-03 6.02859e-03 5.74096e-03 5.44172e-03 5.13399e-03 4.82288e-03 4.51534e-03 4.21991e-03 3.94601e-03 3.70236e-03 3.49516e-03 3.32708e-03 3.19764e-03 3.10423e-03 3.04332e-03 3.01091e-03 3.00184e-03 3.00882e-03 3.02310e-03 3.03695e-03 3.04487e-03 3.04199e-03 3.02300e-03 2.98460e-03 2.92807e-03 2.85738e-03 2.77590e-03 2.68584e-03 2.58938e-03 2.48931e-03 2.38866e-03 2.28987e-03 2.19383e-03 2.09964e-03 2.00511e-03 1.90782e-03 1.80608e-03 1.69971e-03 1.59063e-03 1.48271e-03 1.38109e-03 1.29084e-03 1.21548e-03 1.15595e-03 1.11078e-03 1.07699e-03 1.05109e-03 1.02953e-03 1.00878e-03 9.85543e-04 9.56862e-04 9.20434e-04 8.74771e-04 8.19262e-04 7.54200e-04 6.80850e-04 6.01456e-04 5.19008e-04 4.36704e-04 3.57330e-04 2.82911e-04 2.14796e-04 1.54060e-04 1.01939e-04 6.00167e-05 2.98540e-05 1.17394e-05 3.39364e-06 6.71459e-07 7.62292e-08 1.80629e-09
6.236985 3.05367e-02 5.01162e-02 4.15684e-02 3.41459e-02 2.88493e-02 2.60483e-02 2.52539e-02 2.55777e-02 2.62734e-02 2.68199e-02 2.68598e-02 2.62079e-02 2.48810e-02 2.30617e-02 2.09942e-02 1.89107e-02 1.70335e-02 1.55271e-02 1.43863e-02 1.34857e-02 1.27322e-02 1.20962e-02 1.15695e-02 1.11441e-02 1.08059e-02 1.05345e-02 1.03086e-02 1.01106e-02 9.92766e-03 9.75350e-03 9.58864e-03 9.43883e-03 9.31114e-03 9.21025e-03 9.13633e-03 9.08515e-03 9.04924e-03 9.01914e-03 8.98450e-03 8.93553e-03 8.86531e-03 8.77252e-03 8.66274e-03 8.54677e-03 8.43590e-03 8.33659e-03 8.24754e-03 8.16126e-03 8.06838e-03 7.96058e-03 7.83124e-03 7.67622e-03 7.49451e-03 7.28825e-03 7.06147e-03 6.81838e-03 6.56187e-03 6.29300e-03 6.01187e-03 5.71899e-03 5.41632e-03 5.10748e-03 4.79746e-03 4.49252e-03 4.20029e-03 3.92934e-03 3.68787e-03 3.48184e-03 3.31395e-03 3.18393e-03 3.08958e-03 3.02782e-03 2.99495e-03 2.98558e-03 2.99161e-03 3.00385e-03 3.01532e-03 3.02227e-03 3.02138e-03 3.00750e-03 2.97571e-03 2.92539e-03 2.86020e-03 2.78449e-03 2.70126e-03 2.61261e-03 2.52067e-03 2.42760e-03 2.33487e-03 2.24257e-03 2.14928e-03 2.05272e-03 1.95077e-03 1.84232e-03 1.72778e-03 1.60957e-03 1.49208e-03 1.38107e-03 1.28225e-03 1.19953e-03 1.13402e-03 1.08421e-03 1.04719e-03 1.01961e-03 9.98076e-04 9.79150e-04 9.59410e-04 9.35640e-04 9.05115e-04 8.65836e-04 8.16651e-04 7.57321e-04 6.88642e-04 6.12547e-04 5.31970e-04 4.50313e-04 3.70693e-04 2.95411e-04 2.25934e-04 1.63354e-04 1.08969e-04 6.46019e-05 3.22537e-05 1.26482e-05 3.60663e-06 6.94608e-07 7.66687e-08 1.79575e-09
6.286881 2.94868e-02 4.91072e-02 4.14266e-02 3.44161e-02 2.92278e-02 2.64601e-02 2.56513e-02 2.59234e-02 2.65548e-02 2.70368e-02 2.70107e-02 2.62885e-02 2.48863e-02 2.29852e-02 2.08332e-02 1.86887e-02 1.68082e-02 1.53429e-02 1.42433e-02 1.33729e-02 1.26488e-02 1.20415e-02 1.15382e-02 1.11287e-02 1.07984e-02 1.05280e-02 1.02988e-02 1.00958e-02 9.90845e-03 9.73225e-03 9.56862e-03 9.42299e-03 9.30140e-03 9.20741e-03 9.14066e-03 9.09697e-03 9.06915e-03 9.04782e-03 9.02224e-03 8.98186e-03 8.91909e-03 8.83241e-03 8.72772e-03 8.61634e-03 8.50978e-03 8.41421e-03 8.32771e-03 8.24202e-03 8.14716e-03 8.03438e-03 7.89713e-03 7.73188e-03 7.53876e-03 7.32110e-03 7.08379e-03 6.83120e-03 6.56590e-03 6.28872e-03 6.00005e-03 5.70122e-03 5.39509e-03 5.08566e-03 4.77750e-03 4.47586e-03 4.18726e-03 3.91941e-03 3.68002e-03 3.47488e-03 3.30682e-03 3.17590e-03 3.08035e-03 3.01753e-03 2.98396e-03 2.97381e-03 2.97807e-03 2.98718e-03 2.99511e-03 2.99967e-03 2.99886e-03 2.98801e-03 2.96150e-03 2.91723e-03 2.85812e-03 2.78904e-03 2.71357e-03 2.63376e-03 2.55103e-03 2.46651e-03 2.38064e-03 2.29270e-03 2.20091e-03 2.10306e-03 1.99743e-03 1.88338e-03 1.76180e-03 1.63545e-03 1.50920e-03 1.38942e-03 1.28243e-03 1.19251e-03 1.12081e-03 1.06578e-03 1.02455e-03 9.93937e-04 9.70777e-04 9.51819e-04 9.33710e-04 9.13160e-04 8.87212e-04 8.53485e-04 8.10315e-04 7.56867e-04 6.93334e-04 6.21164e-04 5.43062e-04 4.62527e-04 3.83006e-04 3.07142e-04 2.36585e-04 1.72443e-04 1.16016e-04 6.93151e-05 3.47766e-05 1.36218e-05 3.83851e-06 7.20347e-07 7.72263e-08 1.78615e-09
6.336777 2.93084e-02 4.86437e-02 4.11060e-02 3.44858e-02 2.95403e-02 2.68398e-02 2.60133e-02 2.62316e-02 2.67961e-02 2.72083e-02 2.71120e-02 2.63187e-02 2.48426e-02 2.28625e-02 2.06338e-02 1.84469e-02 1.65827e-02 1.51631e-02 1.41012e-02 1.32616e-02 1.25697e-02 1.19927e-02 1.15126e-02 1.11169e-02 1.07914e-02 1.05191e-02 1.02849e-02 1.00765e-02 9.88545e-03 9.70868e-03 9.54785e-03 9.40759e-03 9.29267e-03 9.20567e-03 9.14580e-03 9.10897e-03 9.08820e-03 9.07409e-03 9.05550e-03 9.02136e-03 8.96379e-03 8.88144e-03 8.78075e-03 8.67345e-03 8.57104e-03 8.47919e-03 8.39514e-03 8.30991e-03 8.21298e-03 8.09533e-03 7.95061e-03 7.77597e-03 7.57258e-03 7.34471e-03 7.09769e-03 6.83577e-03 6.56123e-03 6.27504e-03 5.97839e-03 5.67381e-03 5.36498e-03 5.05595e-03 4.75059e-03 4.45300e-03 4.16860e-03 3.90433e-03 3.66744e-03 3.46359e-03 3.29575e-03 3.16431e-03 3.06795e-03 3.00445e-03 2.97037e-03 2.95918e-03 2.96091e-03 2.96586e-03 2.96909e-03 2.96991e-03 2.96726e-03 2.95703e-03 2.93373e-03 2.89459e-03 2.84171e-03 2.77984e-03 2.71287e-03 2.64275e-03 2.57017e-03 2.49513e-03 2.41694e-03 2.33406e-03 2.24441e-03 2.14601e-03 2.03763e-03 1.91921e-03 1.79203e-03 1.65918e-03 1.52587e-03 1.39894e-03 1.28518e-03 1.18907e-03 1.11175e-03 1.05158e-03 1.00574e-03 9.71236e-04 9.45167e-04 9.24545e-04 9.06234e-04 8.87064e-04 8.64068e-04 8.34683e-04 7.96861e-04 7.49203e-04 6.91223e-04 6.23720e-04 5.48972e-04 4.70407e-04 3.91728e-04 3.15954e-04 2.44981e-04 1.79951e-04 1.22109e-04 7.35565e-05 3.71190e-05 1.45430e-05 4.05766e-06 7.43239e-07 7.73776e-08 1.76597e-09
6.386673 2.98781e-02 4.90110e-02 4.10449e-02 3.44928e-02 2.97642e-02 2.71673e-02 2.63342e-02 2.64971e-02 2.69907e-02 2.73281e-02 2.71573e-02 2.62903e-02 2.47396e-02 2.26815e-02 2.03850e-02 1.81759e-02 1.63447e-02 1.49728e-02 1.39468e-02 1.31398e-02 1.24823e-02 1.19360e-02 1.14778e-02 1.10936e-02 1.07700e-02 1.04940e-02 1.02541e-02 1.00409e-02 9.84781e-03 9.67241e-03 9.51594e-03 9.38188e-03 9.27379e-03 9.19339e-03 9.13966e-03 9.10856e-03 9.09322e-03 9.08409e-03 9.06976e-03 9.03892e-03 8.98386e-03 8.90380e-03 8.80585e-03 8.70204e-03 8.60355e-03 8.51525e-03 8.43345e-03 8.34846e-03 8.24933e-03 8.12702e-03 7.97553e-03 7.79280e-03 7.58088e-03 7.34468e-03 7.08952e-03 6.81935e-03 6.53632e-03 6.24200e-03 5.93880e-03 5.63038e-03 5.32091e-03 5.01408e-03 4.71287e-03 4.42035e-03 4.14100e-03 3.88107e-03 3.64738e-03 3.44546e-03 3.27839e-03 3.14693e-03 3.05020e-03 2.98635e-03 2.95181e-03 2.93921e-03 2.93763e-03 2.93749e-03 2.93514e-03 2.93119e-03 2.92525e-03 2.91382e-03 2.89207e-03 2.85727e-03 2.81077e-03 2.75677e-03 2.69906e-03 2.63939e-03 2.57773e-03 2.51296e-03 2.44325e-03 2.36624e-03 2.27957e-03 2.18152e-03 2.07144e-03 1.94990e-03 1.81867e-03 1.68113e-03 1.54274e-03 1.41058e-03 1.29164e-03 1.19046e-03 1.10811e-03 1.04295e-03 9.92246e-04 9.53207e-04 9.23185e-04 8.99498e-04 8.79326e-04 8.59781e-04 8.38079e-04 8.11669e-04 7.78291e-04 7.36067e-04 6.83813e-04 6.21547e-04 5.50907e-04 4.75047e-04 3.97818e-04 3.22625e-04 2.51702e-04 1.86281e-04 1.27518e-04 7.75094e-05 3.93948e-05 1.54673e-05 4.28235e-06 7.66838e-07 7.74800e-08 1.74306e-09
6.436569 3.07127e-02 4.96713e-02 4.11692e-02 3.45527e-02 2.99486e-02 2.74357e-02 2.65949e-02 2.66976e-02 2.71148e-02 2.73761e-02 2.71347e-02 2.62019e-02 2.45852e-02 2.24591e-02 2.01116e-02 1.79024e-02 1.61152e-02 1.47884e-02 1.37958e-02 1.30217e-02 1.23984e-02 1.18812e-02 1.14426e-02 1.10669e-02 1.07431e-02 1.04625e-02 1.02177e-02 1.00018e-02 9.80930e-03 9.63760e-03 9.48694e-03 9.35955e-03 9.25796e-03 9.18340e-03 9.13475e-03 9.10810e-03 9.09656e-03 9.09046e-03 9.07819e-03 9.04851e-03 8.99415e-03 8.91508e-03 8.81903e-03 8.71814e-03 8.62312e-03 8.53797e-03 8.45809e-03 8.37313e-03 8.27186e-03 8.14533e-03 7.98801e-03 7.79863e-03 7.57998e-03 7.33720e-03 7.07537e-03 6.79808e-03 6.50769e-03 6.20674e-03 5.89891e-03 5.58864e-03 5.28004e-03 4.97619e-03 4.67927e-03 4.39161e-03 4.11701e-03 3.86114e-03 3.63044e-03 3.43024e-03 3.26380e-03 3.13223e-03 3.03511e-03 2.97088e-03 2.93567e-03 2.92112e-03 2.91545e-03 2.90942e-03 2.90072e-03 2.89104e-03 2.88054e-03 2.86630e-03 2.84450e-03 2.81300e-03 2.77265e-03 2.72675e-03 2.67862e-03 2.62967e-03 2.57919e-03 2.52502e-03 2.46421e-03 2.39366e-03 2.31069e-03 2.21379e-03 2.10286e-03 1.97911e-03 1.84491e-03 1.70406e-03 1.56223e-03 1.42659e-03 1.30401e-03 1.19889e-03 1.11214e-03 1.04218e-03 9.86442e-04 9.42351e-04 9.07502e-04 8.79514e-04 8.55936e-04 8.34279e-04 8.12110e-04 7.87081e-04 7.56901e-04 7.19357e-04 6.72620e-04 6.15854e-04 5.49871e-04 4.77318e-04 4.02024e-04 3.27758e-04 2.57177e-04 1.91698e-04 1.32394e-04 8.12622e-05 4.16589e-05 1.64239e-05 4.52293e-06 7.93228e-07 7.77407e-08 1.72194e-09
6.486465 3.13052e-02 5.03763e-02 4.14365e-02 3.46605e-02 3.01245e-02 2.76730e-02 2.68172e-02 2.68540e-02 2.71897e-02 2.73738e-02 2.70660e-02 2.60749e-02 2.44008e-02 2.22175e-02 1.98374e-02 1.76472e-02 1.59094e-02 1.46238e-02 1.36621e-02 1.29201e-02 1.23289e-02 1.18379e-02 1.14154e-02 1.10453e-02 1.07196e-02 1.04344e-02 1.01861e-02 9.96992e-03 9.78061e-03 9.61454e-03 9.47059e-03 9.34978e-03 9.25395e-03 9.18416e-03 9.13938e-03 9.11580e-03 9.10650e-03 9.10165e-03 9.08958e-03 9.05929e-03 9.00414e-03 8.92490e-03 8.82986e-03 8.73115e-03 8.63892e-03 8.55629e-03 8.47780e-03 8.39253e-03 8.28905e-03 8.15857e-03 7.99614e-03 7.80126e-03 7.57725e-03 7.32920e-03 7.06182e-03 6.77852e-03 6.48221e-03 6.17651e-03 5.86609e-03 5.55563e-03 5.24877e-03 4.94793e-03 4.65479e-03 4.37127e-03 4.10075e-03 3.84842e-03 3.62030e-03 3.42155e-03 3.25555e-03 3.12380e-03 3.02631e-03 2.96171e-03 2.92567e-03 2.90871e-03 2.89826e-03 2.88564e-03 2.86986e-03 2.85355e-03 2.83728e-03 2.81878e-03 2.79538e-03 2.76586e-03 2.73093e-03 2.69293e-03 2.65433e-03 2.61598e-03 2.57651e-03 2.53280e-03 2.48094e-03 2.41711e-03 2.33840e-03 2.24339e-03 2.13244e-03 2.00734e-03 1.87110e-03 1.72804e-03 1.58415e-03 1.44660e-03 1.32197e-03 1.21421e-03 1.12398e-03 1.04968e-03 9.88958e-04 9.39517e-04 8.99195e-04 8.65897e-04 8.37553e-04 8.12152e-04 7.87740e-04 7.62349e-04 7.33845e-04 6.99868e-04 6.58066e-04 6.06762e-04 5.45811e-04 4.77116e-04 4.04261e-04 3.31282e-04 2.61311e-04 1.96068e-04 1.36588e-04 8.46975e-05 4.38498e-05 1.73931e-05 4.77598e-06 8.22161e-07 7.81551e-08 1.70262e-09
6.536361 3.04615e-02 4.99720e-02 4.16599e-02 3.49381e-02 3.04104e-02 2.79906e-02 2.71190e-02 2.70928e-02 2.73467e-02 2.74517e-02 2.70740e-02 2.60187e-02 2.42790e-02 2.20341e-02 1.96271e-02 1.74632e-02 1.57721e-02 1.45212e-02 1.35866e-02 1.28730e-02 1.23090e-02 1.18386e-02 1.14271e-02 1.10587e-02 1.07289e-02 1.04387e-02 1.01880e-02 9.97328e-03 9.78869e-03 9.62896e-03 9.49145e-03 9.37623e-03 9.28480e-03 9.21827e-03 9.17580e-03 9.15365e-03 9.14477e-03 9.13913e-03 9.12499e-03 9.09175e-03 9.03358e-03 8.95219e-03 8.85652e-03 8.75868e-03 8.66814e-03 8.58701e-03 8.50891e-03 8.42235e-03 8.31577e-03 8.18072e-03 8.01292e-03 7.81264e-03 7.58353e-03 7.33048e-03 7.05783e-03 6.76909e-03 6.46791e-03 6.15893e-03 5.84730e-03 5.53744e-03 5.23233e-03 4.93389e-03 4.64361e-03 4.36332e-03 4.09617e-03 3.84692e-03 3.62112e-03 3.42373e-03 3.25821e-03 3.12644e-03 3.02882e-03 2.96404e-03 2.92710e-03 2.90731e-03 2.89149e-03 2.87173e-03 2.84837e-03 2.82477e-03 2.80183e-03 2.77793e-03 2.75159e-03 2.72266e-03 2.69205e-03 2.66126e-03 2.63167e-03 2.60334e-03 2.57418e-03 2.54025e-03 2.49685e-03 2.43959e-03 2.36536e-03 2.27285e-03 2.16274e-03 2.03727e-03 1.89999e-03 1.75573e-03 1.61086e-03 1.47260e-03 1.34719e-03 1.23801e-03 1.14526e-03 1.06724e-03 1.00176e-03 9.46802e-04 9.00509e-04 8.61079e-04 8.26823e-04 7.96220e-04 7.67872e-04 7.40318e-04 7.11766e-04 6.79901e-04 6.42034e-04 5.95737e-04 5.39856e-04 4.75348e-04 4.05300e-04 3.33842e-04 2.64591e-04 1.99693e-04 1.40246e-04 8.78701e-05 4.59892e-05 1.83875e-05 5.04784e-06 8.55394e-07 7.89487e-08 1.69055e-09
6.586257 2.90656e-02 4.86155e-02 4.14114e-02 3.51937e-02 3.07770e-02 2.83723e-02 2.74765e-02 2.73897e-02 2.75646e-02 2.75906e-02 2.71408e-02 2.60158e-02 2.42038e-02 2.18967e-02 1.94717e-02 1.73412e-02 1.56941e-02 1.44734e-02 1.35632e-02 1.28742e-02 1.23321e-02 1.18766e-02 1.14712e-02 1.11011e-02 1.07660e-02 1.04715e-02 1.02205e-02 1.00096e-02 9.83138e-03 9.67866e-03 9.54730e-03 9.43674e-03 9.34849e-03 9.28392e-03 9.24247e-03 9.22040e-03 9.21050e-03 9.20244e-03 9.18445e-03 9.14636e-03 9.08325e-03 8.99797e-03 8.90016e-03 8.80195e-03 8.71207e-03 8.63152e-03 8.55289e-03 8.46410e-03 8.35360e-03 8.21331e-03 8.03973e-03 7.83380e-03 7.59936e-03 7.34106e-03 7.06307e-03 6.76928e-03 6.46419e-03 6.15308e-03 5.84109e-03 5.53202e-03 5.22824e-03 4.93142e-03 4.64310e-03 4.36524e-03 4.10086e-03 3.85431e-03 3.63067e-03 3.43464e-03 3.26981e-03 3.13835e-03 3.04101e-03 2.97636e-03 2.93851e-03 2.91550e-03 2.89379e-03 2.86647e-03 2.83518e-03 2.80383e-03 2.77354e-03 2.74339e-03 2.71301e-03 2.68335e-03 2.65570e-03 2.63098e-03 2.60945e-03 2.59012e-03 2.57009e-03 2.54473e-03 2.50869e-03 2.45726e-03 2.38721e-03 2.29743e-03 2.18886e-03 2.06408e-03 1.92699e-03 1.78282e-03 1.63822e-03 1.50048e-03 1.37554e-03 1.26623e-03 1.17223e-03 1.09152e-03 1.02194e-03 9.61712e-04 9.09290e-04 8.63243e-04 8.22289e-04 7.85387e-04 7.51696e-04 7.20326e-04 6.89966e-04 6.58558e-04 6.23303e-04 5.81213e-04 5.30188e-04 4.70132e-04 4.03382e-04 3.33927e-04 2.65766e-04 2.01541e-04 1.42534e-04 9.01718e-05 4.77175e-05 1.92539e-05 5.29706e-06 8.86773e-07 7.96878e-08 1.67809e-09
6.636152 2.90924e-02 4.82290e-02 4.10200e-02 3.51980e-02 3.10364e-02 2.86954e-02 2.77771e-02 2.76289e-02 2.77263e-02 2.76742e-02 2.71507e-02 2.59526e-02 2.40667e-02 2.17057e-02 1.92813e-02 1.71979e-02 1.55990e-02 1.44109e-02 1.35267e-02 1.28612e-02 1.23373e-02 1.18925e-02 1.14900e-02 1.11170e-02 1.07779e-02 1.04822e-02 1.02345e-02 1.00307e-02 9.86098e-03 9.71611e-03 9.59081e-03 9.48426e-03 9.39825e-03 9.33457e-03 9.29291e-03 9.26963e-03 9.25730e-03 9.24534e-03 9.22196e-03 9.17750e-03 9.10810e-03 9.01779e-03 8.91697e-03 8.81768e-03 8.72784e-03 8.64720e-03 8.56733e-03 8.47566e-03 8.36076e-03 8.21510e-03 8.03596e-03 7.82487e-03 7.58579e-03 7.32319e-03 7.04137e-03 6.74479e-03 6.43858e-03 6.12816e-03 5.81807e-03 5.51140e-03 5.21010e-03 4.91583e-03 4.63037e-03 4.35586e-03 4.09521e-03 3.85236e-03 3.63189e-03 3.43822e-03 3.27501e-03 3.14477e-03 3.04846e-03 2.98440e-03 2.94565e-03 2.91911e-03 2.89116e-03 2.85617e-03 2.81695e-03 2.77778e-03 2.73996e-03 2.70325e-03 2.66837e-03 2.63720e-03 2.61148e-03 2.59175e-03 2.57723e-03 2.56579e-03 2.55367e-03 2.53559e-03 2.50586e-03 2.45958e-03 2.39365e-03 2.30717e-03 2.20136e-03 2.07901e-03 1.94418e-03 1.80222e-03 1.65987e-03 1.52434e-03 1.40132e-03 1.29322e-03 1.19927e-03 1.11714e-03 1.04450e-03 9.79643e-04 9.21327e-04 8.68564e-04 8.20559e-04 7.76763e-04 7.36845e-04 7.00464e-04 6.66859e-04 6.34404e-04 6.00445e-04 5.61686e-04 5.15238e-04 4.59931e-04 3.97147e-04 3.30447e-04 2.64023e-04 2.01017e-04 1.43004e-04 9.12812e-05 4.88448e-05 1.99129e-05 5.50305e-06 9.13405e-07 8.01739e-08 1.66168e-09
6.686048 3.06811e-02 4.93967e-02 4.10810e-02 3.51147e-02 3.11325e-02 2.88872e-02 2.79579e-02 2.77487e-02 2.77709e-02 2.76447e-02 2.70500e-02 2.57804e-02 2.38265e-02 2.14290e-02 1.90287e-02 1.70068e-02 1.54617e-02 1.43099e-02 1.34534e-02 1.28095e-02 1.23000e-02 1.18623e-02 1.14605e-02 1.10852e-02 1.07449e-02 1.04522e-02 1.02121e-02 1.00184e-02 9.85886e-03 9.72233e-03 9.60279e-03 9.49953e-03 9.41477e-03 9.35079e-03 9.30763e-03 9.28178e-03 9.26571e-03 9.24867e-03 9.21894e-03 9.16743e-03 9.09134e-03 8.99579e-03 8.89178e-03 8.79111e-03 8.70076e-03 8.61928e-03 8.53731e-03 8.44203e-03 8.32228e-03 8.17121e-03 7.98691e-03 7.77144e-03 7.52893e-03 7.26393e-03 6.98105e-03 6.68522e-03 6.38171e-03 6.07539e-03 5.76992e-03 5.46775e-03 5.17072e-03 4.88067e-03 4.59969e-03 4.33008e-03 4.07464e-03 3.83687e-03 3.62086e-03 3.43073e-03 3.27022e-03 3.14213e-03 3.04756e-03 2.98444e-03 2.94473e-03 2.91433e-03 2.87997e-03 2.83738e-03 2.79044e-03 2.74362e-03 2.69839e-03 2.65522e-03 2.61577e-03 2.58272e-03 2.55813e-03 2.54231e-03 2.53360e-03 2.52879e-03 2.52319e-03 2.51105e-03 2.48648e-03 2.44465e-03 2.38271e-03 2.30011e-03 2.19830e-03 2.08020e-03 1.94984e-03 1.81243e-03 1.67450e-03 1.54298e-03 1.42323e-03 1.31743e-03 1.22457e-03 1.14208e-03 1.06741e-03 9.98744e-04 9.35030e-04 8.75729e-04 8.20623e-04 7.69704e-04 7.23107e-04 6.80949e-04 6.42988e-04 6.08140e-04 5.74127e-04 5.37642e-04 4.95242e-04 4.44762e-04 3.86503e-04 3.23323e-04 2.59358e-04 1.98158e-04 1.41680e-04 9.11812e-05 4.93380e-05 2.03443e-05 5.66049e-06 9.34840e-07 8.04254e-08 1.64236e-09
6.735944 3.13924e-02 5.03098e-02 4.14760e-02 3.52116e-02 3.12394e-02 2.90485e-02 2.81050e-02 2.78355e-02 2.77871e-02 2.75941e-02 2.69352e-02 2.55997e-02 2.35872e-02 2.11703e-02 1.88092e-02 1.68518e-02 1.53574e-02 1.42393e-02 1.34067e-02 1.27786e-02 1.22772e-02 1.18413e-02 1.14376e-02 1.10600e-02 1.07207e-02 1.04341e-02 1.02040e-02 1.00220e-02 9.87298e-03 9.74440e-03 9.62984e-03 9.52888e-03 9.44426e-03 9.37879e-03 9.33297e-03 9.30354e-03 9.28301e-03 9.26055e-03 9.22451e-03 9.16632e-03 9.08404e-03 8.98362e-03 8.87642e-03 8.77391e-03 8.68216e-03 8.59868e-03 8.51340e-03 8.41338e-03 8.28784e-03 8.13066e-03 7.94068e-03 7.72058e-03 7.47480e-03 7.20824e-03 6.92587e-03 6.63276e-03 6.33371e-03 6.03259e-03 5.73218e-03 5.43454e-03 5.14167e-03 4.85576e-03 4.57918e-03 4.31433e-03 4.06386e-03 3.83092e-03 3.61913e-03 3.43240e-03 3.27455e-03 3.14863e-03 3.05585e-03 2.99356e-03 2.95253e-03 2.91781e-03 2.87665e-03 2.82627e-03 2.77149e-03 2.71693e-03 2.66425e-03 2.61460e-03 2.57049e-03 2.53518e-03 2.51094e-03 2.49785e-03 2.49357e-03 2.49387e-03 2.49320e-03 2.48536e-03 2.46440e-03 2.42577e-03 2.36703e-03 2.28805e-03 2.19054e-03 2.07750e-03 1.95280e-03 1.82134e-03 1.68922e-03 1.56287e-03 1.44725e-03 1.34427e-03 1.25286e-03 1.17040e-03 1.09417e-03 1.02219e-03 9.53434e-04 8.87736e-04 8.25471e-04 7.67237e-04 7.13635e-04 6.65141e-04 6.21918e-04 5.83407e-04 5.47866e-04 5.12250e-04 4.72859e-04 4.26715e-04 3.73026e-04 3.13752e-04 2.52709e-04 1.93696e-04 1.39071e-04 9.01515e-05 4.93057e-05 2.05753e-05 5.77441e-06 9.52248e-07 8.06406e-08 1.62556e-09
6.785840 3.03314e-02 4.97798e-02 4.17112e-02 3.54981e-02 3.14935e-02 2.93090e-02 2.83420e-02 2.80153e-02 2.79014e-02 2.76449e-02 2.69196e-02 2.55109e-02 2.34337e-02 2.09982e-02 1.86772e-02 1.67784e-02 1.53279e-02 1.42382e-02 1.34232e-02 1.28031e-02 1.23020e-02 1.18617e-02 1.14523e-02 1.10718e-02 1.07350e-02 1.04565e-02 1.02380e-02 1.00677e-02 9.92852e-03 9.80660e-03 9.69558e-03 9.59550e-03 9.50965e-03 9.44141e-03 9.39175e-03 9.35773e-03 9.33191e-03 9.30341e-03 9.26071e-03 9.19571e-03 9.10725e-03 9.00195e-03 8.89133e-03 8.78636e-03 8.69215e-03 8.60522e-03 8.51492e-03 8.40837e-03 8.27532e-03 8.11045e-03 7.91353e-03 7.68794e-03 7.43866e-03 7.17103e-03 6.89018e-03 6.60083e-03 6.30681e-03 6.01085e-03 5.71498e-03 5.42122e-03 5.13193e-03 4.84977e-03 4.57729e-03 4.31688e-03 4.07100e-03 3.84247e-03 3.63454e-03 3.45092e-03 3.29550e-03 3.17159e-03 3.08040e-03 3.01861e-03 2.97579e-03 2.93628e-03 2.88808e-03 2.82984e-03 2.76722e-03 2.70497e-03 2.64496e-03 2.58896e-03 2.54019e-03 2.50233e-03 2.47772e-03 2.46619e-03 2.46485e-03 2.46865e-03 2.47128e-03 2.46613e-03 2.44735e-03 2.41075e-03 2.35443e-03 2.27871e-03 2.18558e-03 2.07804e-03 1.95974e-03 1.83513e-03 1.70973e-03 1.58930e-03 1.47828e-03 1.37832e-03 1.28832e-03 1.20574e-03 1.12785e-03 1.05259e-03 9.78907e-04 9.06866e-04 8.37352e-04 7.71580e-04 7.10649e-04 6.55358e-04 6.06146e-04 5.62883e-04 5.24402e-04 4.88140e-04 4.50442e-04 4.07764e-04 3.58294e-04 3.02973e-04 2.45062e-04 1.88421e-04 1.35769e-04 8.85736e-05 4.89397e-05 2.06774e-05 5.86391e-06 9.69120e-07 8.11865e-08 1.61961e-09
6.835736 2.93621e-02 4.87759e-02 4.15368e-02 3.57221e-02 3.17880e-02 2.96000e-02 2.86048e-02 2.82294e-02 2.80594e-02 2.77425e-02 2.69457e-02 2.54540e-02 2.33073e-02 2.08579e-02 1.85810e-02 1.67394e-02 1.53309e-02 1.42675e-02 1.34662e-02 1.28484e-02 1.23412e-02 1.18913e-02 1.14740e-02 1.10913e-02 1.07596e-02 1.04919e-02 1.02865e-02 1.01282e-02 9.99795e-03 9.88141e-03 9.77264e-03 9.67227e-03 9.58419e-03 9.51228e-03 9.45800e-03 9.41865e-03 9.38685e-03 9.35171e-03 9.30191e-03 9.22995e-03 9.13543e-03 9.02553e-03 8.91167e-03 8.80410e-03 8.70679e-03 8.61524e-03 8.51836e-03 8.40358e-03 8.26142e-03 8.08766e-03 7.88310e-03 7.65194e-03 7.39978e-03 7.13223e-03 6.85423e-03 6.56962e-03 6.28101e-03 5.99008e-03 5.69847e-03 5.40843e-03 5.12291e-03 4.84497e-03 4.57725e-03 4.32192e-03 4.08118e-03 3.85754e-03 3.65393e-03 3.47389e-03 3.32138e-03 3.19984e-03 3.11040e-03 3.04901e-03 3.00410e-03 2.95956e-03 2.90432e-03 2.83848e-03 2.76838e-03 2.69883e-03 2.63194e-03 2.57005e-03 2.51690e-03 2.47645e-03 2.45096e-03 2.43993e-03 2.44002e-03 2.44558e-03 2.44976e-03 2.44571e-03 2.42774e-03 2.39216e-03 2.33763e-03 2.26494e-03 2.17635e-03 2.07481e-03 1.96368e-03 1.84690e-03 1.72926e-03 1.61578e-03 1.51023e-03 1.41391e-03 1.32566e-03 1.24305e-03 1.16350e-03 1.08503e-03 1.00667e-03 9.28668e-04 8.52256e-04 7.79160e-04 7.10976e-04 6.48830e-04 5.93369e-04 5.44749e-04 5.02316e-04 4.64114e-04 4.26826e-04 3.86657e-04 3.40968e-04 2.89656e-04 2.35231e-04 1.81382e-04 1.31076e-04 8.59645e-05 4.79389e-05 2.05043e-05 5.88387e-06 9.78333e-07 8.16008e-08 1.61732e-09
6.885632 2.93089e-02 4.84492e-02 4.12745e-02 3.57590e-02 3.19962e-02 2.98351e-02 2.88138e-02 2.83994e-02 2.81856e-02 2.78134e-02 2.69414e-02 2.53613e-02 2.31486e-02 2.06982e-02 1.84751e-02 1.66937e-02 1.53289e-02 1.42926e-02 1.35030e-02 1.28834e-02 1.23656e-02 1.19030e-02 1.14773e-02 1.10946e-02 1.07714e-02 1.05174e-02 1.03263e-02 1.01798e-02 1.00574e-02 9.94506e-03 9.83744e-03 9.73592e-03 9.64496e-03 9.56893e-03 9.50965e-03 9.46462e-03 9.42648e-03 9.38438e-03 9.32739e-03 9.24871e-03 9.14875e-03 9.03505e-03 8.91867e-03 8.80880e-03 8.70809e-03 8.61101e-03 8.50623e-03 8.38179e-03 8.22938e-03 8.04609e-03 7.83393e-03 7.59794e-03 7.34416e-03 7.07817e-03 6.80423e-03 6.52498e-03 6.24181e-03 5.95567e-03 5.66816e-03 5.38207e-03 5.10096e-03 4.82825e-03 4.56644e-03 4.31735e-03 4.08279e-03 3.86498e-03 3.66664e-03 3.49115e-03 3.34246e-03 3.22406e-03 3.13685e-03 3.07597e-03 3.02880e-03 2.97907e-03 2.91690e-03 2.84383e-03 2.76677e-03 2.69055e-03 2.61750e-03 2.55043e-03 2.49349e-03 2.45070e-03 2.42409e-03 2.41276e-03 2.41293e-03 2.41857e-03 2.42254e-03 2.41794e-03 2.39942e-03 2.36385e-03 2.31050e-03 2.24061e-03 2.15663e-03 2.06144e-03 1.95804e-03 1.84986e-03 1.74092e-03 1.63541e-03 1.53633e-03 1.44448e-03 1.35860e-03 1.27634e-03 1.19534e-03 1.11388e-03 1.03127e-03 9.47963e-04 8.65464e-04 7.85816e-04 7.10994e-04 6.42444e-04 5.81002e-04 5.27005e-04 4.80176e-04 4.39164e-04 4.01196e-04 3.62573e-04 3.20119e-04 2.72794e-04 2.22245e-04 1.71762e-04 1.24382e-04 8.19004e-05 4.60314e-05 1.99152e-05 5.78706e-06 9.71735e-07 8.12966e-08 1.60888e-09
6.935528 2.98182e-02 4.88058e-02 4.12613e-02 3.57623e-02 3.21297e-02 3.00173e-02 2.89810e-02 2.85377e-02 2.82912e-02 2.78671e-02 2.69132e-02 2.52365e-02 2.29601e-02 2.05190e-02 1.83562e-02 1.66372e-02 1.53174e-02 1.43081e-02 1.35279e-02 1.29024e-02 1.23698e-02 1.18920e-02 1.14584e-02 1.10786e-02 1.07673e-02 1.05291e-02 1.03529e-02 1.02172e-02 1.01010e-02 9.99109e-03 9.88318e-03 9.77944e-03 9.68486e-03 9.60421e-03 9.53956e-03 9.48846e-03 9.44354e-03 9.39415e-03 9.32991e-03 9.24493e-03 9.14040e-03 9.02400e-03 8.90604e-03 8.79429e-03 8.68985e-03 8.58618e-03 8.47202e-03 8.33645e-03 8.17277e-03 7.97973e-03 7.76059e-03 7.52115e-03 7.26757e-03 7.00492e-03 6.73631e-03 6.46304e-03 6.18544e-03 5.90413e-03 5.62100e-03 5.33949e-03 5.06382e-03 4.79761e-03 4.54307e-03 4.30152e-03 4.07431e-03 3.86343e-03 3.67143e-03 3.50157e-03 3.35769e-03 3.24318e-03 3.15857e-03 3.09820e-03 3.04860e-03 2.99369e-03 2.92498e-03 2.84534e-03 2.76210e-03 2.68003e-03 2.60171e-03 2.53032e-03 2.47026e-03 2.42545e-03 2.39756e-03 2.38524e-03 2.38432e-03 2.38856e-03 2.39082e-03 2.38443e-03 2.36446e-03 2.32840e-03 2.27604e-03 2.20901e-03 2.12983e-03 2.04124e-03 1.94590e-03 1.84667e-03 1.74686e-03 1.64976e-03 1.55761e-03 1.47068e-03 1.38753e-03 1.30588e-03 1.22364e-03 1.13944e-03 1.05298e-03 9.65035e-04 8.77316e-04 7.92034e-04 7.11363e-04 6.36996e-04 5.69970e-04 5.10776e-04 4.59395e-04 4.14990e-04 3.75424e-04 3.37365e-04 2.97411e-04 2.53761e-04 2.07177e-04 1.60384e-04 1.16312e-04 7.68255e-05 4.34771e-05 1.90188e-05 5.60180e-06 9.53421e-07 8.05729e-08 1.59983e-09
6.985424 3.04840e-02 4.94012e-02 4.14236e-02 3.58061e-02 3.22167e-02 3.01358e-02 2.90898e-02 2.86283e-02 2.83604e-02 2.78905e-02 2.68552e-02 2.50843e-02 2.27557e-02 2.03374e-02 1.82398e-02 1.65828e-02 1.53071e-02 1.43223e-02 1.35475e-02 1.29119e-02 1.23614e-02 1.18678e-02 1.14282e-02 1.10545e-02 1.07577e-02 1.05363e-02 1.03741e-02 1.02477e-02 1.01362e-02 1.00274e-02 9.91837e-03 9.81191e-03 9.71351e-03 9.62821e-03 9.55820e-03 9.50104e-03 9.44943e-03 9.39309e-03 9.32240e-03 9.23243e-03 9.12496e-03 9.00743e-03 8.88900e-03 8.77574e-03 8.66710e-03 8.55574e-03 8.43084e-03 8.28304e-03 8.10762e-03 7.90517e-03 7.68020e-03 7.43897e-03 7.18736e-03 6.92943e-03 6.66685e-03 6.39963e-03 6.12734e-03 5.85058e-03 5.57177e-03 5.29505e-03 5.02519e-03 4.76594e-03 4.51917e-03 4.28557e-03 4.06605e-03 3.86239e-03 3.67707e-03 3.51324e-03 3.37454e-03 3.26412e-03 3.18207e-03 3.12194e-03 3.06971e-03 3.00971e-03 2.93488e-03 2.84926e-03 2.76045e-03 2.67321e-03 2.59031e-03 2.51526e-03 2.45253e-03 2.40581e-03 2.37633e-03 2.36230e-03 2.35923e-03 2.36082e-03 2.36015e-03 2.35099e-03 2.32899e-03 2.29215e-03 2.24075e-03 2.17659e-03 2.10221e-03 2.02011e-03 1.93262e-03 1.84207e-03 1.75108e-03 1.66213e-03 1.57670e-03 1.49458e-03 1.41412e-03 1.33314e-03 1.24980e-03 1.16312e-03 1.07321e-03 9.81220e-04 8.89065e-04 7.99025e-04 7.13316e-04 6.33751e-04 5.61553e-04 4.97381e-04 4.41423e-04 3.93234e-04 3.51294e-04 3.12808e-04 2.74443e-04 2.33869e-04 1.91026e-04 1.47979e-04 1.07390e-04 7.10979e-05 4.04831e-05 1.79009e-05 5.34992e-06 9.26352e-07 7.96285e-08 1.59374e-09
7.035320 3.06078e-02 4.97296e-02 4.16590e-02 3.59114e-02 3.23052e-02 3.02334e-02 2.91820e-02 2.87149e-02 2.84361e-02 2.79242e-02 2.68059e-02 2.49421e-02 2.25706e-02 2.01832e-02 1.81507e-02 1.65526e-02 1.53173e-02 1.43530e-02 1.35791e-02 1.29292e-02 1.23582e-02 1.18486e-02 1.14048e-02 1.10394e-02 1.07583e-02 1.05534e-02 1.04038e-02 1.02848e-02 1.01762e-02 1.00673e-02 9.95619e-03 9.84658e-03 9.74424e-03 9.65432e-03 9.57901e-03 9.51586e-03 9.45775e-03 9.39492e-03 9.31871e-03 9.22507e-03 9.11616e-03 8.99882e-03 8.88072e-03 8.76601e-03 8.65255e-03 8.53244e-03 8.39576e-03 8.23508e-03 8.04796e-03 7.83687e-03 7.60734e-03 7.36575e-03 7.11724e-03 6.86452e-03 6.60779e-03 6.34594e-03 6.07817e-03 5.80529e-03 5.53034e-03 5.25815e-03 4.99395e-03 4.74155e-03 4.50242e-03 4.27665e-03 4.06465e-03 3.86804e-03 3.68931e-03 3.53153e-03 3.39809e-03 3.29173e-03 3.21200e-03 3.15181e-03 3.09677e-03 3.03188e-03 2.95139e-03 2.86034e-03 2.76652e-03 2.67470e-03 2.58783e-03 2.50961e-03 2.44449e-03 2.39582e-03 2.36437e-03 2.34793e-03 2.34177e-03 2.33968e-03 2.33516e-03 2.32257e-03 2.29818e-03 2.26048e-03 2.21003e-03 2.14871e-03 2.07891e-03 2.00289e-03 1.92261e-03 1.83995e-03 1.75692e-03 1.67527e-03 1.59582e-03 1.51793e-03 1.43981e-03 1.35938e-03 1.27505e-03 1.18621e-03 1.09335e-03 9.97928e-04 9.02058e-04 8.08047e-04 7.18063e-04 6.33915e-04 5.56945e-04 4.88002e-04 4.27476e-04 3.75233e-04 3.30279e-04 2.90425e-04 2.52635e-04 2.14315e-04 1.74714e-04 1.35205e-04 9.80715e-05 6.50180e-05 3.72228e-05 1.66355e-05 5.05081e-06 8.93173e-07 7.86322e-08 1.59350e-09
7.085215 2.98419e-02 4.92472e-02 4.17723e-02 3.61114e-02 3.24702e-02 3.03853e-02 2.93360e-02 2.88802e-02 2.85994e-02 2.80408e-02 2.68260e-02 2.48587e-02 2.24425e-02 2.00847e-02 1.81123e-02 1.65676e-02 1.53681e-02 1.44194e-02 1.36414e-02 1.29728e-02 1.23785e-02 1.18524e-02 1.14055e-02 1.10496e-02 1.07842e-02 1.05945e-02 1.04553e-02 1.03411e-02 1.02330e-02 1.01220e-02 1.00074e-02 9.89359e-03 9.78667e-03 9.69178e-03 9.61093e-03 9.54154e-03 9.47671e-03 9.40738e-03 9.32590e-03 9.22914e-03 9.11941e-03 9.00271e-03 8.88498e-03 8.76834e-03 8.64913e-03 8.51920e-03 8.36988e-03 8.19603e-03 7.99764e-03 7.77886e-03 7.54593e-03 7.30490e-03 7.05979e-03 6.81180e-03 6.55981e-03 6.30196e-03 6.03738e-03 5.76736e-03 5.49562e-03 5.22758e-03 4.96882e-03 4.72311e-03 4.49150e-03 4.27341e-03 4.06879e-03 3.87913e-03 3.70700e-03 3.55541e-03 3.42742e-03 3.32523e-03 3.24773e-03 3.18725e-03 3.12932e-03 3.05977e-03 2.97417e-03 2.87837e-03 2.78026e-03 2.68459e-03 2.59445e-03 2.51364e-03 2.44644e-03 2.39583e-03 2.36209e-03 2.34265e-03 2.33267e-03 2.32618e-03 2.31721e-03 2.30082e-03 2.27391e-03 2.23539e-03 2.18595e-03 2.12737e-03 2.06181e-03 1.99123e-03 1.91726e-03 1.84138e-03 1.76506e-03 1.68948e-03 1.61491e-03 1.54040e-03 1.46411e-03 1.38409e-03 1.29900e-03 1.20849e-03 1.11334e-03 1.01524e-03 9.16434e-04 8.19243e-04 7.25757e-04 6.37701e-04 5.56446e-04 4.83005e-04 4.17996e-04 3.61560e-04 3.13132e-04 2.71105e-04 2.32897e-04 1.95896e-04 1.58849e-04 1.22480e-04 8.86171e-05 5.87414e-05 3.37788e-05 1.52549e-05 4.71153e-06 8.54478e-07 7.75897e-08 1.59897e-09
7.135111 2.89904e-02 4.83515e-02 4.15671e-02 3.62457e-02 3.26580e-02 3.05605e-02 2.95186e-02 2.90898e-02 2.88157e-02 2.82047e-02 2.68807e-02 2.48041e-02 2.23466e-02 2.00207e-02 1.81058e-02 1.66114e-02 1.54446e-02 1.45079e-02 1.37221e-02 1.30320e-02 1.24136e-02 1.18721e-02 1.14239e-02 1.10784e-02 1.08284e-02 1.06521e-02 1.05210e-02 1.04091e-02 1.02992e-02 1.01843e-02 1.00649e-02 9.94617e-03 9.83431e-03 9.73430e-03 9.64785e-03 9.57221e-03 9.50073e-03 9.42516e-03 9.33889e-03 9.23956e-03 9.12949e-03 9.01359e-03 8.89598e-03 8.77679e-03 8.65104e-03 8.51069e-03 8.34872e-03 8.16246e-03 7.95413e-03 7.72922e-03 7.49419e-03 7.25432e-03 7.01232e-03 6.76794e-03 6.51905e-03 6.26344e-03 6.00052e-03 5.73224e-03 5.46300e-03 5.19876e-03 4.94528e-03 4.70613e-03 4.48184e-03 4.27124e-03 4.07382e-03 3.89097e-03 3.72539e-03 3.58009e-03 3.45775e-03 3.35987e-03 3.28456e-03 3.22362e-03 3.16269e-03 3.08862e-03 2.99837e-03 2.89850e-03 2.79687e-03 2.69816e-03 2.60551e-03 2.52274e-03 2.45387e-03 2.40143e-03 2.36524e-03 2.34241e-03 2.32815e-03 2.31683e-03 2.30312e-03 2.28281e-03 2.25339e-03 2.21411e-03 2.16564e-03 2.10957e-03 2.04774e-03 1.98176e-03 1.91297e-03 1.84253e-03 1.77149e-03 1.70057e-03 1.62965e-03 1.55759e-03 1.48261e-03 1.40293e-03 1.31743e-03 1.22596e-03 1.12944e-03 1.02967e-03 9.28943e-04 8.29597e-04 7.33634e-04 6.42652e-04 5.57958e-04 4.80659e-04 4.11591e-04 3.51170e-04 2.99186e-04 2.54540e-04 2.15164e-04 1.78644e-04 1.43455e-04 1.09780e-04 7.89690e-05 5.22005e-05 3.00945e-05 1.37231e-05 4.31625e-06 8.06373e-07 7.60724e-08 1.60092e-09
7.185007 2.89214e-02 4.80615e-02 4.13164e-02 3.62211e-02 3.27637e-02 3.06933e-02 2.96741e-02 2.92857e-02 2.90239e-02 2.83535e-02 2.69092e-02 2.47216e-02 2.22308e-02 1.99422e-02 1.80861e-02 1.66418e-02 1.55065e-02 1.45799e-02 1.37843e-02 1.30723e-02 1.24318e-02 1.18782e-02 1.14319e-02 1.10985e-02 1.08635e-02 1.06988e-02 1.05732e-02 1.04612e-02 1.03476e-02 1.02272e-02 1.01021e-02 9.97796e-03 9.86101e-03 9.75590e-03 9.66390e-03 9.58208e-03 9.50413e-03 9.42267e-03 9.33218e-03 9.23092e-03 9.12093e-03 9.00590e-03 8.88805e-03 8.76568e-03 8.63288e-03 8.48219e-03 8.30861e-03 8.11190e-03 7.89616e-03 7.66763e-03 7.43244e-03 7.19480e-03 6.95601e-03 6.71462e-03 6.46788e-03 6.21366e-03 5.95193e-03 5.68536e-03 5.41899e-03 5.15912e-03 4.91153e-03 4.67944e-03 4.46286e-03 4.26003e-03 4.07004e-03 3.89422e-03 3.73542e-03 3.59667e-03 3.48023e-03 3.38681e-03 3.31372e-03 3.25230e-03 3.18856e-03 3.11060e-03 3.01666e-03 2.91381e-03 2.80980e-03 2.70915e-03 2.61501e-03 2.53107e-03 2.46101e-03 2.40690e-03 2.36815e-03 2.34172e-03 2.32300e-03 2.30685e-03 2.28860e-03 2.26473e-03 2.23322e-03 2.19350e-03 2.14616e-03 2.09246e-03 2.03385e-03 1.97165e-03 1.90692e-03 1.84056e-03 1.77336e-03 1.70573e-03 1.63733e-03 1.56698e-03 1.49301e-03 1.41385e-03 1.32855e-03 1.23706e-03 1.14032e-03 1.04009e-03 9.38644e-04 8.38284e-04 7.40951e-04 6.48115e-04 5.60964e-04 4.80604e-04 4.08047e-04 3.43987e-04 2.88551e-04 2.41073e-04 1.99994e-04 1.63234e-04 1.29202e-04 9.76795e-05 6.95694e-05 4.57065e-05 2.63629e-05 1.21323e-05 3.89243e-06 7.52498e-07 7.41781e-08 1.59839e-09
7.234903 2.97287e-02 4.86233e-02 4.13079e-02 3.61379e-02 3.27591e-02 3.07387e-02 2.97639e-02 2.94287e-02 2.91824e-02 2.84467e-02 2.68769e-02 2.45851e-02 2.20737e-02 1.98299e-02 1.80347e-02 1.66406e-02 1.55357e-02 1.46176e-02 1.38118e-02 1.30798e-02 1.24213e-02 1.18605e-02 1.14193e-02 1.10988e-02 1.08776e-02 1.07222e-02 1.05997e-02 1.04855e-02 1.03666e-02 1.02398e-02 1.01086e-02 9.97896e-03 9.85704e-03 9.74699e-03 9.64958e-03 9.56178e-03 9.47779e-03 9.39117e-03 9.29737e-03 9.19504e-03 9.08566e-03 8.97150e-03 8.85298e-03 8.72687e-03 8.58686e-03 8.42663e-03 8.24341e-03 8.03917e-03 7.81925e-03 7.58999e-03 7.35670e-03 7.12234e-03 6.88693e-03 6.64821e-03 6.40324e-03 6.15029e-03 5.89003e-03 5.62582e-03 5.36319e-03 5.10859e-03 4.86761e-03 4.64310e-03 4.43455e-03 4.23972e-03 4.05733e-03 3.88863e-03 3.73666e-03 3.60447e-03 3.49392e-03 3.40489e-03 3.33390e-03 3.27202e-03 3.20587e-03 3.12485e-03 3.02835e-03 2.92375e-03 2.81854e-03 2.71708e-03 2.62243e-03 2.53806e-03 2.46725e-03 2.41160e-03 2.37024e-03 2.34015e-03 2.31703e-03 2.29635e-03 2.27408e-03 2.24727e-03 2.21423e-03 2.17444e-03 2.12826e-03 2.07660e-03 2.02056e-03 1.96113e-03 1.89919e-03 1.83552e-03 1.77075e-03 1.70515e-03 1.63832e-03 1.56913e-03 1.49606e-03 1.41774e-03 1.33332e-03 1.24277e-03 1.14691e-03 1.04738e-03 9.46337e-04 8.46017e-04 7.48313e-04 6.54600e-04 5.65919e-04 4.83300e-04 4.07846e-04 3.40511e-04 2.81758e-04 2.31321e-04 1.88112e-04 1.50450e-04 1.16840e-04 8.68186e-05 6.09079e-05 3.95973e-05 2.27880e-05 1.05793e-05 3.46951e-06 6.97148e-07 7.20954e-08 1.59258e-09
7.284799 3.04157e-02 4.93095e-02 4.14916e-02 3.60996e-02 3.27113e-02 3.07315e-02 2.98134e-02 2.95395e-02 2.93083e-02 2.85036e-02 2.68115e-02 2.44297e-02 2.19117e-02 1.97173e-02 1.79819e-02 1.66355e-02 1.55584e-02 1.46469e-02 1.38310e-02 1.30818e-02 1.24098e-02 1.18456e-02 1.14111e-02 1.11023e-02 1.08920e-02 1.07430e-02 1.06211e-02 1.05030e-02 1.03778e-02 1.02443e-02 1.01069e-02 9.97191e-03 9.84522e-03 9.73041e-03 9.62781e-03 9.53443e-03 9.44507e-03 9.35429e-03 9.25826e-03 9.15572e-03 9.04731e-03 8.93382e-03 8.81404e-03 8.68367e-03 8.53659e-03 8.36806e-03 8.17753e-03 7.96867e-03 7.74739e-03 7.51950e-03 7.28921e-03 7.05819e-03 6.82552e-03 6.58850e-03 6.34442e-03 6.09218e-03 5.83318e-03 5.57137e-03 5.31260e-03 5.06331e-03 4.82881e-03 4.61152e-03 4.41054e-03 4.22317e-03 4.04784e-03 3.88571e-03 3.73995e-03 3.61368e-03 3.50842e-03 3.42324e-03 3.35390e-03 3.29129e-03 3.22282e-03 3.13920e-03 3.04080e-03 2.93515e-03 2.82949e-03 2.72794e-03 2.63341e-03 2.54910e-03 2.47783e-03 2.42076e-03 2.37684e-03 2.34318e-03 2.31593e-03 2.29115e-03 2.26540e-03 2.23616e-03 2.20190e-03 2.16199e-03 2.11656e-03 2.06616e-03 2.01154e-03 1.95349e-03 1.89281e-03 1.83024e-03 1.76645e-03 1.70169e-03 1.63556e-03 1.56703e-03 1.49474e-03 1.41743e-03 1.33431e-03 1.24530e-03 1.15107e-03 1.05305e-03 9.53223e-04 8.53736e-04 7.56424e-04 6.62594e-04 5.73160e-04 4.89020e-04 4.11271e-04 3.41053e-04 2.79153e-04 2.25689e-04 1.80006e-04 1.40839e-04 1.06908e-04 7.76572e-05 5.33309e-05 3.41024e-05 1.94994e-05 9.12084e-06 3.06323e-06 6.42278e-07 6.98574e-08 1.58233e-09
7.334695 2.97863e-02 4.90880e-02 4.16639e-02 3.61933e-02 3.27471e-02 3.07933e-02 2.99425e-02 2.97366e-02 2.95146e-02 2.86280e-02 2.68054e-02 2.43347e-02 2.18108e-02 1.96607e-02 1.79782e-02 1.66730e-02 1.56178e-02 1.47083e-02 1.38803e-02 1.31149e-02 1.24322e-02 1.18667e-02 1.14387e-02 1.11393e-02 1.09366e-02 1.07903e-02 1.06660e-02 1.05417e-02 1.04086e-02 1.02671e-02 1.01227e-02 9.98190e-03 9.85001e-03 9.73005e-03 9.62197e-03 9.52289e-03 9.42829e-03 9.33360e-03 9.23556e-03 9.13271e-03 9.02473e-03 8.91092e-03 8.78869e-03 8.65316e-03 8.49891e-03 8.32313e-03 8.12729e-03 7.91620e-03 7.69564e-03 7.47040e-03 7.24337e-03 7.01509e-03 6.78394e-03 6.54722e-03 6.30274e-03 6.05019e-03 5.79176e-03 5.53191e-03 5.27665e-03 5.03228e-03 4.80375e-03 4.59306e-03 4.39890e-03 4.21827e-03 4.04927e-03 3.89295e-03 3.75258e-03 3.63139e-03 3.53055e-03 3.44847e-03 3.38015e-03 3.31647e-03 3.24569e-03 3.15981e-03 3.06004e-03 2.95392e-03 2.84836e-03 2.74725e-03 2.65332e-03 2.56941e-03 2.49788e-03 2.43954e-03 2.39323e-03 2.35631e-03 2.32540e-03 2.29713e-03 2.26853e-03 2.23732e-03 2.20196e-03 2.16167e-03 2.11626e-03 2.06599e-03 2.01139e-03 1.95316e-03 1.89212e-03 1.82918e-03 1.76507e-03 1.70011e-03 1.63399e-03 1.56575e-03 1.49412e-03 1.41788e-03 1.33626e-03 1.24905e-03 1.15676e-03 1.06062e-03 9.62422e-04 8.64162e-04 7.67620e-04 6.74055e-04 5.84292e-04 4.99087e-04 4.19450e-04 3.46604e-04 2.81606e-04 2.24947e-04 1.76388e-04 1.35079e-04 1.00024e-04 7.07136e-05 4.72269e-05 2.94815e-05 1.66481e-05 7.82730e-06 2.69604e-06 5.91764e-07 6.77490e-08 1.57247e-09
7.384591 2.85178e-02 4.79236e-02 4.14718e-02 3.63077e-02 3.28646e-02 3.09319e-02 3.01574e-02 3.00270e-02 2.98071e-02 2.88221e-02 2.68585e-02 2.42981e-02 2.17673e-02 1.96565e-02 1.80205e-02 1.67502e-02 1.57111e-02 1.47995e-02 1.39581e-02 1.31782e-02 1.24878e-02 1.19231e-02 1.15014e-02 1.12092e-02 1.10105e-02 1.08634e-02 1.07338e-02 1.06010e-02 1.04582e-02 1.03076e-02 1.01554e-02 1.00081e-02 9.87049e-03 9.74497e-03 9.63108e-03 9.52611e-03 9.42623e-03 9.32763e-03 9.22743e-03 9.12378e-03 9.01529e-03 8.89991e-03 8.77395e-03 8.63241e-03 8.47113e-03 8.28937e-03 8.09032e-03 7.87928e-03 7.66124e-03 7.43962e-03 7.21593e-03 6.98969e-03 6.75890e-03 6.52117e-03 6.27510e-03 6.02130e-03 5.76274e-03 5.50434e-03 5.25220e-03 5.01239e-03 4.78941e-03 4.58481e-03 4.39692e-03 4.22241e-03 4.05913e-03 3.90798e-03 3.77228e-03 3.65532e-03 3.55806e-03 3.47825e-03 3.41035e-03 3.34524e-03 3.27212e-03 3.18424e-03 3.08352e-03 2.97742e-03 2.87248e-03 2.77230e-03 2.67938e-03 2.59621e-03 2.52474e-03 2.46548e-03 2.41724e-03 2.37767e-03 2.34385e-03 2.31285e-03 2.28202e-03 2.24916e-03 2.21263e-03 2.17141e-03 2.12505e-03 2.07362e-03 2.01757e-03 1.95766e-03 1.89490e-03 1.83039e-03 1.76503e-03 1.69925e-03 1.63276e-03 1.56464e-03 1.49365e-03 1.41856e-03 1.33852e-03 1.25324e-03 1.16306e-03 1.06902e-03 9.72712e-04 8.75998e-04 7.80573e-04 6.87654e-04 5.97994e-04 5.12226e-04 4.31227e-04 3.56197e-04 2.88359e-04 2.28532e-04 1.76876e-04 1.32954e-04 9.61076e-05 6.59828e-05 4.26194e-05 2.57564e-05 1.42448e-05 6.70090e-06 2.36722e-06 5.44927e-07 6.56234e-08 1.55883e-09
7.434487 2.81898e-02 4.72788e-02 4.10497e-02 3.62218e-02 3.29187e-02 3.10442e-02 3.03540e-02 3.02998e-02 3.00723e-02 2.89770e-02 2.68722e-02 2.42330e-02 2.17042e-02 1.96355e-02 1.80460e-02 1.68092e-02 1.57845e-02 1.48703e-02 1.40179e-02 1.32288e-02 1.25364e-02 1.19765e-02 1.15620e-02 1.12752e-02 1.10776e-02 1.09268e-02 1.07892e-02 1.06462e-02 1.04926e-02 1.03323e-02 1.01720e-02 1.00181e-02 9.87479e-03 9.74374e-03 9.62411e-03 9.51346e-03 9.40858e-03 9.30636e-03 9.20408e-03 9.09936e-03 8.98974e-03 8.87192e-03 8.74149e-03 8.59385e-03 8.42650e-03 8.24079e-03 8.04114e-03 7.83267e-03 7.61911e-03 7.40229e-03 7.18238e-03 6.95808e-03 6.72731e-03 6.48822e-03 6.24035e-03 5.98530e-03 5.72680e-03 5.47015e-03 5.22149e-03 4.98655e-03 4.76937e-03 4.57102e-03 4.38945e-03 4.22105e-03 4.06344e-03 3.91733e-03 3.78604e-03 3.67289e-03 3.57865e-03 3.50058e-03 3.43264e-03 3.36589e-03 3.29049e-03 3.20094e-03 3.09981e-03 2.99438e-03 2.89073e-03 2.79218e-03 2.70095e-03 2.61918e-03 2.54846e-03 2.48904e-03 2.43977e-03 2.39852e-03 2.36277e-03 2.32988e-03 2.29738e-03 2.26303e-03 2.22503e-03 2.18216e-03 2.13380e-03 2.07998e-03 2.02123e-03 1.95854e-03 1.89317e-03 1.82649e-03 1.75955e-03 1.69282e-03 1.62603e-03 1.55822e-03 1.48812e-03 1.41446e-03 1.33629e-03 1.25321e-03 1.16545e-03 1.07386e-03 9.79877e-04 8.85234e-04 7.91530e-04 6.99919e-04 6.11084e-04 5.25540e-04 4.44022e-04 3.67626e-04 2.97623e-04 2.35061e-04 1.80458e-04 1.33780e-04 9.47445e-05 6.32487e-05 3.94118e-05 2.28904e-05 1.22759e-05 5.73557e-06 2.07322e-06 5.00219e-07 6.31872e-08 1.53321e-09
7.484382 2.88918e-02 4.76820e-02 4.08852e-02 3.60315e-02 3.28643e-02 3.10954e-02 3.05042e-02 3.05211e-02 3.02719e-02 2.90554e-02 2.68137e-02 2.41094e-02 2.15930e-02 1.95710e-02 1.80292e-02 1.68252e-02 1.58141e-02 1.48984e-02 1.40393e-02 1.32475e-02 1.25597e-02 1.20089e-02 1.16027e-02 1.13197e-02 1.11203e-02 1.09627e-02 1.08149e-02 1.06599e-02 1.04947e-02 1.03242e-02 1.01559e-02 9.99561e-03 9.84684e-03 9.71043e-03 9.58527e-03 9.46921e-03 9.35971e-03 9.25417e-03 9.14992e-03 9.04394e-03 8.93266e-03 8.81176e-03 8.67647e-03 8.52313e-03 8.35117e-03 8.16379e-03 7.96610e-03 7.76243e-03 7.55498e-03 7.34401e-03 7.12850e-03 6.90656e-03 6.67625e-03 6.43640e-03 6.18754e-03 5.93220e-03 5.67475e-03 5.42083e-03 5.17650e-03 4.94718e-03 4.73641e-03 4.54479e-03 4.36992e-03 4.20795e-03 4.05628e-03 3.91543e-03 3.78860e-03 3.67908e-03 3.58749e-03 3.51072e-03 3.44245e-03 3.37400e-03 3.29656e-03 3.20587e-03 3.10501e-03 3.00099e-03 2.89944e-03 2.80331e-03 2.71459e-03 2.63508e-03 2.56601e-03 2.50743e-03 2.45820e-03 2.41638e-03 2.37966e-03 2.34561e-03 2.31176e-03 2.27580e-03 2.23581e-03 2.19043e-03 2.13906e-03 2.08182e-03 2.01949e-03 1.95337e-03 1.88505e-03 1.81610e-03 1.74768e-03 1.68026e-03 1.61348e-03 1.54634e-03 1.47750e-03 1.40562e-03 1.32967e-03 1.24911e-03 1.16404e-03 1.07520e-03 9.83894e-04 8.91751e-04 8.00294e-04 7.10603e-04 6.23266e-04 5.38679e-04 4.57425e-04 3.80464e-04 3.09021e-04 2.44261e-04 1.86980e-04 1.37520e-04 9.59901e-05 6.26163e-05 3.77146e-05 2.09716e-05 1.07994e-05 4.96095e-06 1.82431e-06 4.59503e-07 6.05706e-08 1.49740e-09
7.534278 2.94333e-02 4.81743e-02 4.09550e-02 3.59166e-02 3.27839e-02 3.11192e-02 3.06347e-02 3.07145e-02 3.04307e-02 2.90907e-02 2.67254e-02 2.39726e-02 2.14765e-02 1.95018e-02 1.80053e-02 1.68313e-02 1.58320e-02 1.49160e-02 1.40545e-02 1.32658e-02 1.25874e-02 1.20476e-02 1.16486e-02 1.13665e-02 1.11621e-02 1.09949e-02 1.08349e-02 1.06671e-02 1.04900e-02 1.03098e-02 1.01338e-02 9.96746e-03 9.81348e-03 9.67192e-03 9.54147e-03 9.42032e-03 9.30658e-03 9.19809e-03 9.09202e-03 8.98462e-03 8.87126e-03 8.74679e-03 8.60652e-03 8.44808e-03 8.27290e-03 8.08565e-03 7.89153e-03 7.69376e-03 7.49298e-03 7.28805e-03 7.07696e-03 6.85750e-03 6.62794e-03 6.38784e-03 6.13858e-03 5.88349e-03 5.62748e-03 5.37644e-03 5.13637e-03 4.91242e-03 4.70769e-03 4.52239e-03 4.35384e-03 4.19799e-03 4.05199e-03 3.91607e-03 3.79327e-03 3.68677e-03 3.59709e-03 3.52089e-03 3.45172e-03 3.38127e-03 3.30176e-03 3.21002e-03 3.10959e-03 3.00721e-03 2.90803e-03 2.81473e-03 2.72902e-03 2.65239e-03 2.58572e-03 2.52884e-03 2.48055e-03 2.43899e-03 2.40193e-03 2.36697e-03 2.33159e-03 2.29341e-03 2.25045e-03 2.20142e-03 2.14587e-03 2.08418e-03 2.01748e-03 1.94744e-03 1.87596e-03 1.80475e-03 1.73497e-03 1.66700e-03 1.60040e-03 1.53407e-03 1.46661e-03 1.39659e-03 1.32287e-03 1.24482e-03 1.16237e-03 1.07619e-03 9.87499e-04 8.97882e-04 8.08815e-04 7.21303e-04 6.35821e-04 5.52616e-04 4.72115e-04 3.95131e-04 3.22792e-04 2.56281e-04 1.96570e-04 1.44308e-04 9.99885e-05 6.42239e-05 3.76384e-05 2.00732e-05 9.85570e-06 4.39609e-06 1.62744e-06 4.24453e-07 5.79736e-08 1.45590e-09
7.584174 2.88964e-02 4.78784e-02 4.09612e-02 3.59022e-02 3.27767e-02 3.11994e-02 3.08205e-02 3.09536e-02 3.06206e-02 2.91526e-02 2.66721e-02 2.38792e-02 2.14039e-02 1.94719e-02 1.80146e-02 1.68651e-02 1.58744e-02 1.49581e-02 1.40971e-02 1.33152e-02 1.26485e-02 1.21196e-02 1.17256e-02 1.14410e-02 1.12280e-02 1.10484e-02 1.08743e-02 1.06927e-02 1.05035e-02 1.03133e-02 1.01297e-02 9.95742e-03 9.79820e-03 9.65144e-03 9.51569e-03 9.38954e-03 9.27167e-03 9.16028e-03 9.05224e-03 8.94300e-03 8.82691e-03 8.69826e-03 8.55281e-03 8.38972e-03 8.21230e-03 8.02621e-03 7.83631e-03 7.64456e-03 7.45019e-03 7.25087e-03 7.04388e-03 6.82676e-03 6.59807e-03 6.35798e-03 6.10861e-03 5.85387e-03 5.59914e-03 5.35050e-03 5.11396e-03 4.89447e-03 4.69483e-03 4.51495e-03 4.35193e-03 4.20154e-03 4.06062e-03 3.92908e-03 3.80964e-03 3.70538e-03 3.61673e-03 3.54027e-03 3.46956e-03 3.39675e-03 3.31500e-03 3.22213e-03 3.12204e-03 3.02121e-03 2.92445e-03 2.83415e-03 2.75179e-03 2.67852e-03 2.61487e-03 2.56039e-03 2.51371e-03 2.47294e-03 2.43579e-03 2.39976e-03 2.36226e-03 2.32089e-03 2.27379e-03 2.21990e-03 2.15907e-03 2.09207e-03 2.02043e-03 1.94619e-03 1.87145e-03 1.79800e-03 1.72692e-03 1.65845e-03 1.59201e-03 1.52642e-03 1.46022e-03 1.39190e-03 1.32022e-03 1.24437e-03 1.16421e-03 1.08029e-03 9.93837e-04 9.06437e-04 8.19557e-04 7.34143e-04 6.50546e-04 5.68840e-04 4.89272e-04 4.12501e-04 3.39542e-04 2.71537e-04 2.09532e-04 1.54393e-04 1.06954e-04 6.82440e-05 3.93020e-05 2.02606e-05 9.47386e-06 4.05256e-06 1.48736e-06 3.96616e-07 5.56375e-08 1.41489e-09
7.634070 2.81606e-02 4.71774e-02 4.07647e-02 3.58837e-02 3.28181e-02 3.13334e-02 3.10607e-02 3.12371e-02 3.08370e-02 2.92307e-02 2.66376e-02 2.38095e-02 2.13551e-02 1.94626e-02 1.80403e-02 1.69109e-02 1.59263e-02 1.50100e-02 1.41523e-02 1.33809e-02 1.27284e-02 1.22109e-02 1.18205e-02 1.15309e-02 1.13061e-02 1.11112e-02 1.09209e-02 1.07240e-02 1.05218e-02 1.03214e-02 1.01301e-02 9.95182e-03 9.78730e-03 9.63529e-03 9.49424e-03 9.36314e-03 9.24123e-03 9.12685e-03 9.01652e-03 8.90480e-03 8.78521e-03 8.65174e-03 8.50096e-03 8.33375e-03 8.15498e-03 7.97085e-03 7.78553e-03 7.59970e-03 7.41136e-03 7.21728e-03 7.01420e-03 6.79957e-03 6.57220e-03 6.33277e-03 6.08393e-03 5.83006e-03 5.57686e-03 5.33062e-03 5.09739e-03 4.88197e-03 4.68698e-03 4.51210e-03 4.35426e-03 4.20903e-03 4.07299e-03 3.94565e-03 3.82936e-03 3.72698e-03 3.63890e-03 3.56173e-03 3.48915e-03 3.41383e-03 3.32988e-03 3.23597e-03 3.13631e-03 3.03719e-03 2.94310e-03 2.85623e-03 2.77778e-03 2.70854e-03 2.64861e-03 2.59720e-03 2.55270e-03 2.51305e-03 2.47581e-03 2.43834e-03 2.39800e-03 2.35251e-03 2.30031e-03 2.24070e-03 2.17396e-03 2.10131e-03 2.02467e-03 1.94637e-03 1.86865e-03 1.79326e-03 1.72111e-03 1.65227e-03 1.58604e-03 1.52119e-03 1.45620e-03 1.38947e-03 1.31964e-03 1.24578e-03 1.16760e-03 1.08566e-03 1.00117e-03 9.15772e-04 8.30949e-04 7.47611e-04 6.65988e-04 5.85969e-04 5.07594e-04 4.31349e-04 3.58127e-04 2.89000e-04 2.25009e-04 1.67133e-04 1.16465e-04 7.44392e-05 4.25888e-05 2.14792e-05 9.62575e-06 3.91647e-06 1.39928e-06 3.75111e-07 5.34894e-08 1.37286e-09
7.683966 2.76953e-02 4.65361e-02 4.04376e-02 3.57952e-02 3.28545e-02 3.14795e-02 3.13094e-02 3.15152e-02 3.10328e-02 2.92858e-02 2.65906e-02 2.37376e-02 2.13083e-02 1.94553e-02 1.80657e-02 1.69540e-02 1.59747e-02 1.50605e-02 1.42100e-02 1.34530e-02 1.28175e-02 1.23121e-02 1.19245e-02 1.16277e-02 1.13885e-02 1.11758e-02 1.09673e-02 1.07540e-02 1.05383e-02 1.03276e-02 1.01287e-02 9.94452e-03 9.77483e-03 9.61775e-03 9.47165e-03 9.33589e-03 9.21014e-03 9.09278e-03 8.97986e-03 8.86512e-03 8.74139e-03 8.60272e-03 8.44677e-03 8.27608e-03 8.09676e-03 7.91507e-03 7.73426e-03 7.55387e-03 7.37091e-03 7.18152e-03 6.98207e-03 6.76998e-03 6.54432e-03 6.30611e-03 6.05838e-03 5.80585e-03 5.55448e-03 5.31072e-03 5.08068e-03 4.86912e-03 4.67849e-03 4.50832e-03 4.35539e-03 4.21510e-03 4.08375e-03 3.96047e-03 3.84722e-03 3.74658e-03 3.65887e-03 3.58070e-03 3.50601e-03 3.42803e-03 3.34178e-03 3.24679e-03 3.14761e-03 3.05038e-03 2.95936e-03 2.87647e-03 2.80259e-03 2.73807e-03 2.68251e-03 2.63467e-03 2.59264e-03 2.55409e-03 2.51640e-03 2.47682e-03 2.43277e-03 2.38228e-03 2.32419e-03 2.25832e-03 2.18541e-03 2.10711e-03 2.02573e-03 1.94380e-03 1.86359e-03 1.78668e-03 1.71380e-03 1.64482e-03 1.57894e-03 1.51486e-03 1.45101e-03 1.38575e-03 1.31758e-03 1.24546e-03 1.16904e-03 1.08886e-03 1.00620e-03 9.22738e-04 8.39987e-04 7.58825e-04 6.79378e-04 6.01352e-04 5.24572e-04 4.49330e-04 3.76383e-04 3.06715e-04 2.41317e-04 1.81179e-04 1.27542e-04 8.21804e-05 4.71494e-05 2.35622e-05 1.02420e-05 3.96208e-06 1.35525e-06 3.58217e-07 5.13237e-08 1.32479e-09
7.733862 2.74674e-02 4.61472e-02 4.01344e-02 3.56647e-02 3.28825e-02 3.16380e-02 3.15652e-02 3.17822e-02 3.12016e-02 2.93126e-02 2.65252e-02 2.36563e-02 2.12557e-02 1.94422e-02 1.80833e-02 1.69873e-02 1.60129e-02 1.51031e-02 1.42638e-02 1.35251e-02 1.29088e-02 1.24161e-02 1.20302e-02 1.17242e-02 1.14683e-02 1.12354e-02 1.10070e-02 1.07764e-02 1.05469e-02 1.03259e-02 1.01196e-02 9.92979e-03 9.75520e-03 9.59334e-03 9.44253e-03 9.30247e-03 9.17313e-03 9.05281e-03 8.93700e-03 8.81870e-03 8.69029e-03 8.54619e-03 8.38536e-03 8.21187e-03 8.03266e-03 7.85363e-03 7.67708e-03 7.50157e-03 7.32341e-03 7.13830e-03 6.94239e-03 6.73313e-03 6.50975e-03 6.27353e-03 6.02773e-03 5.77728e-03 5.52831e-03 5.28740e-03 5.06073e-03 4.85302e-03 4.66663e-03 4.50099e-03 4.35278e-03 4.21727e-03 4.09051e-03 3.97124e-03 3.86100e-03 3.76208e-03 3.67463e-03 3.59537e-03 3.51851e-03 3.43794e-03 3.34957e-03 3.25376e-03 3.15537e-03 3.06049e-03 2.97311e-03 2.89488e-03 2.82627e-03 2.76706e-03 2.71626e-03 2.67214e-03 2.63242e-03 2.59451e-03 2.55564e-03 2.51307e-03 2.46450e-03 2.40838e-03 2.34407e-03 2.27184e-03 2.19292e-03 2.10936e-03 2.02378e-03 1.93882e-03 1.85667e-03 1.77871e-03 1.70544e-03 1.63654e-03 1.57111e-03 1.50781e-03 1.44505e-03 1.38109e-03 1.31437e-03 1.24375e-03 1.16888e-03 1.09030e-03 1.00936e-03 9.27774e-04 8.47077e-04 7.68120e-04 6.90942e-04 6.15095e-04 5.40192e-04 4.66315e-04 3.94067e-04 3.24334e-04 2.58035e-04 1.96111e-04 1.39838e-04 9.12327e-05 5.28536e-05 2.64493e-05 1.12990e-05 4.18265e-06 1.35482e-06 3.46405e-07 4.92595e-08 1.27403e-09
7.783758 2.76818e-02 4.61271e-02 3.99199e-02 3.55148e-02 3.28813e-02 3.17778e-02 3.17955e-02 3.20043e-02 3.13127e-02 2.92867e-02 2.64215e-02 2.35478e-02 2.11810e-02 1.94075e-02 1.80780e-02 1.69968e-02 1.60290e-02 1.51275e-02 1.43043e-02 1.35874e-02 1.29919e-02 1.25118e-02 1.21264e-02 1.18096e-02 1.15352e-02 1.12808e-02 1.10317e-02 1.07836e-02 1.05407e-02 1.03103e-02 1.00972e-02 9.90244e-03 9.72354e-03 9.55750e-03 9.40264e-03 9.25894e-03 9.12650e-03 9.00345e-03 8.88467e-03 8.76255e-03 8.62927e-03 8.47992e-03 8.31484e-03 8.13938e-03 7.96083e-03 7.78456e-03 7.61197e-03 7.44092e-03 7.26725e-03 7.08638e-03 6.89431e-03 6.68852e-03 6.46833e-03 6.23514e-03 5.99232e-03 5.74491e-03 5.49911e-03 5.26159e-03 5.03853e-03 4.83465e-03 4.65232e-03 4.49093e-03 4.34716e-03 4.21620e-03 4.09390e-03 3.97859e-03 3.87133e-03 3.77406e-03 3.68682e-03 3.60643e-03 3.52751e-03 3.44460e-03 3.35454e-03 3.25841e-03 3.16137e-03 3.06942e-03 2.98636e-03 2.91348e-03 2.85071e-03 2.79717e-03 2.75119e-03 2.71048e-03 2.67242e-03 2.63424e-03 2.59317e-03 2.54672e-03 2.49304e-03 2.43107e-03 2.36061e-03 2.28234e-03 2.19788e-03 2.10965e-03 2.02048e-03 1.93308e-03 1.84949e-03 1.77086e-03 1.69744e-03 1.62877e-03 1.56385e-03 1.50131e-03 1.43951e-03 1.37665e-03 1.31112e-03 1.24177e-03 1.16826e-03 1.09116e-03 1.01185e-03 9.32066e-04 8.53350e-04 7.76533e-04 7.01595e-04 6.27966e-04 5.55070e-04 4.82772e-04 4.11496e-04 3.42017e-04 2.75181e-04 2.11846e-04 1.53239e-04 1.01506e-04 5.96514e-05 3.01187e-05 1.27877e-05 4.57521e-06 1.39813e-06 3.40267e-07 4.74418e-08 1.22476e-09
7.833654 2.82005e-02 4.64616e-02 3.98266e-02 3.53508e-02 3.28339e-02 3.18694e-02 3.19661e-02 3.21480e-02 3.13400e-02 2.91922e-02 2.62714e-02 2.34078e-02 2.10808e-02 1.93485e-02 1.80478e-02 1.69820e-02 1.60241e-02 1.51359e-02 1.43334e-02 1.36413e-02 1.30675e-02 1.25995e-02 1.22136e-02 1.18849e-02 1.15909e-02 1.13144e-02 1.10447e-02 1.07799e-02 1.05247e-02 1.02857e-02 1.00669e-02 9.86786e-03 9.68542e-03 9.51606e-03 9.35804e-03 9.21149e-03 9.07658e-03 8.95111e-03 8.82945e-03 8.70351e-03 8.56553e-03 8.41145e-03 8.24288e-03 8.06611e-03 7.88845e-03 7.71469e-03 7.54557e-03 7.37851e-03 7.20906e-03 7.03242e-03 6.84450e-03 6.64272e-03 6.42645e-03 6.19711e-03 5.95807e-03 5.71439e-03 5.47229e-03 5.23840e-03 5.01893e-03 4.81863e-03 4.63990e-03 4.48224e-03 4.34240e-03 4.21559e-03 4.09744e-03 3.98585e-03 3.88141e-03 3.78564e-03 3.69846e-03 3.61688e-03 3.53595e-03 3.45094e-03 3.35955e-03 3.26354e-03 3.16835e-03 3.07992e-03 3.00179e-03 2.93483e-03 2.87831e-03 2.83051e-03 2.78900e-03 2.75095e-03 2.71346e-03 2.67373e-03 2.62929e-03 2.57815e-03 2.51898e-03 2.45118e-03 2.37484e-03 2.29093e-03 2.20140e-03 2.10901e-03 2.01677e-03 1.92738e-03 1.84271e-03 1.76365e-03 1.69025e-03 1.62187e-03 1.55746e-03 1.49558e-03 1.43451e-03 1.37246e-03 1.30781e-03 1.23946e-03 1.16709e-03 1.09134e-03 1.01358e-03 9.35528e-04 8.58714e-04 7.83942e-04 7.11162e-04 6.39723e-04 5.68890e-04 4.98320e-04 4.28236e-04 3.59286e-04 2.92237e-04 2.27858e-04 1.67270e-04 1.12635e-04 6.73110e-05 3.44516e-05 1.46586e-05 5.12335e-06 1.48135e-06 3.39373e-07 4.58666e-08 1.17739e-09
7.883550 2.76887e-02 4.61922e-02 3.98105e-02 3.53100e-02 3.28591e-02 3.20209e-02 3.21887e-02 3.23283e-02 3.13939e-02 2.91269e-02 2.61568e-02 2.33053e-02 2.10159e-02 1.93204e-02 1.80442e-02 1.69913e-02 1.60430e-02 1.51696e-02 1.43890e-02 1.37218e-02 1.31686e-02 1.27108e-02 1.23226e-02 1.19801e-02 1.16652e-02 1.13653e-02 1.10742e-02 1.07923e-02 1.05247e-02 1.02772e-02 1.00527e-02 9.84955e-03 9.66372e-03 9.49130e-03 9.33045e-03 9.18134e-03 9.04398e-03 8.91587e-03 8.79088e-03 8.66062e-03 8.51762e-03 8.35875e-03 8.18680e-03 8.00864e-03 7.83143e-03 7.65940e-03 7.49286e-03 7.32893e-03 7.16299e-03 6.99006e-03 6.80595e-03 6.60802e-03 6.39561e-03 6.17013e-03 5.93493e-03 5.69503e-03 5.45659e-03 5.22620e-03 5.01001e-03 4.81281e-03 4.63708e-03 4.48248e-03 4.34591e-03 4.22262e-03 4.10808e-03 3.99980e-03 3.89781e-03 3.80327e-03 3.71598e-03 3.63313e-03 3.55026e-03 3.46338e-03 3.37102e-03 3.27559e-03 3.18277e-03 3.09842e-03 3.02577e-03 2.96514e-03 2.91496e-03 2.87256e-03 2.83470e-03 2.79806e-03 2.75960e-03 2.71685e-03 2.66792e-03 2.61152e-03 2.54685e-03 2.47350e-03 2.39169e-03 2.30257e-03 2.20838e-03 2.11220e-03 2.01720e-03 1.92605e-03 1.84044e-03 1.76101e-03 1.68761e-03 1.61948e-03 1.55541e-03 1.49390e-03 1.43319e-03 1.37151e-03 1.30729e-03 1.23952e-03 1.16798e-03 1.09330e-03 1.01685e-03 9.40304e-04 8.65132e-04 7.92125e-04 7.21223e-04 6.51730e-04 5.82792e-04 5.13872e-04 4.44987e-04 3.76633e-04 3.09493e-04 2.44255e-04 1.81907e-04 1.24542e-04 7.57640e-05 3.94096e-05 1.68976e-05 5.82412e-06 1.60496e-06 3.44303e-07 4.46642e-08 1.13571e-09
7.933445 2.64524e-02 4.50184e-02 3.95183e-02 3.53354e-02 3.29894e-02 3.22595e-02 3.24846e-02 3.25681e-02 3.14982e-02 2.91116e-02 2.60941e-02 2.32540e-02 2.09989e-02 1.93356e-02 1.80793e-02 1.70362e-02 1.60969e-02 1.52388e-02 1.44806e-02 1.38375e-02 1.33031e-02 1.28536e-02 1.24609e-02 1.21028e-02 1.17651e-02 1.14406e-02 1.11271e-02 1.08274e-02 1.05471e-02 1.02909e-02 1.00605e-02 9.85304e-03 9.66380e-03 9.48841e-03 9.32488e-03 9.17323e-03 9.03325e-03 8.90204e-03 8.77307e-03 8.63784e-03 8.48933e-03 8.32545e-03 8.14995e-03 7.97006e-03 7.79263e-03 7.62148e-03 7.45660e-03 7.29495e-03 7.13174e-03 6.96184e-03 6.78094e-03 6.58634e-03 6.37736e-03 6.15538e-03 5.92374e-03 5.68738e-03 5.45237e-03 5.22519e-03 5.01194e-03 4.81739e-03 4.64413e-03 4.49197e-03 4.35802e-03 4.23761e-03 4.12607e-03 4.02051e-03 3.92053e-03 3.82690e-03 3.73931e-03 3.65517e-03 3.57051e-03 3.48207e-03 3.38920e-03 3.29492e-03 3.20510e-03 3.12547e-03 3.05886e-03 3.00483e-03 2.96081e-03 2.92306e-03 2.88754e-03 2.85058e-03 2.80937e-03 2.76213e-03 2.70790e-03 2.64612e-03 2.57629e-03 2.49792e-03 2.41113e-03 2.31720e-03 2.21870e-03 2.11900e-03 2.02148e-03 1.92873e-03 1.84227e-03 1.76252e-03 1.68912e-03 1.62112e-03 1.55720e-03 1.49574e-03 1.43496e-03 1.37316e-03 1.30890e-03 1.24132e-03 1.17026e-03 1.09639e-03 1.02101e-03 9.45724e-04 8.71936e-04 8.00411e-04 7.31095e-04 6.63283e-04 5.96038e-04 5.28659e-04 4.60957e-04 3.93258e-04 3.26155e-04 2.60262e-04 1.96434e-04 1.36631e-04 8.45891e-05 4.47534e-05 1.93995e-05 6.64351e-06 1.76145e-06 3.54076e-07 4.37705e-08 1.09863e-09
7.983341 2.60484e-02 4.42890e-02 3.90414e-02 3.52197e-02 3.30887e-02 3.24799e-02 3.27441e-02 3.27556e-02 3.15473e-02 2.90505e-02 2.59980e-02 2.31781e-02 2.09615e-02 1.93314e-02 1.80947e-02 1.70624e-02 1.61345e-02 1.52950e-02 1.45618e-02 1.39440e-02 1.34282e-02 1.29860e-02 1.25879e-02 1.22136e-02 1.18529e-02 1.15037e-02 1.11681e-02 1.08512e-02 1.05587e-02 1.02945e-02 1.00587e-02 9.84749e-03 9.65541e-03 9.47768e-03 9.31205e-03 9.15828e-03 9.01585e-03 8.88145e-03 8.74832e-03 8.60799e-03 8.45409e-03 8.28553e-03 8.10684e-03 7.92536e-03 7.74762e-03 7.57712e-03 7.41366e-03 7.25406e-03 7.09341e-03 6.92643e-03 6.74869e-03 6.55746e-03 6.35204e-03 6.13382e-03 5.90607e-03 5.67365e-03 5.44247e-03 5.21887e-03 5.00883e-03 4.81707e-03 4.64627e-03 4.49643e-03 4.36488e-03 4.24705e-03 4.13817e-03 4.03505e-03 3.93684e-03 3.84401e-03 3.75622e-03 3.67108e-03 3.58513e-03 3.49582e-03 3.40331e-03 3.31118e-03 3.22541e-03 3.15150e-03 3.09165e-03 3.04450e-03 3.00625e-03 2.97207e-03 2.93722e-03 2.89801e-03 2.85234e-03 2.79958e-03 2.73991e-03 2.67333e-03 2.59921e-03 2.51668e-03 2.42562e-03 2.32748e-03 2.22520e-03 2.12251e-03 2.02292e-03 1.92899e-03 1.84202e-03 1.76224e-03 1.68904e-03 1.62128e-03 1.55747e-03 1.49589e-03 1.43479e-03 1.37260e-03 1.30808e-03 1.24052e-03 1.16988e-03 1.09680e-03 1.02251e-03 9.48496e-04 8.76077e-04 8.05989e-04 7.38193e-04 6.72002e-04 6.06440e-04 5.40668e-04 4.74308e-04 4.07508e-04 3.40750e-04 2.74586e-04 2.09749e-04 1.48027e-04 9.31742e-05 5.01260e-05 2.19999e-05 7.52522e-06 1.93753e-06 3.66711e-07 4.30184e-08 1.06264e-09
8.033237 2.65009e-02 4.44421e-02 3.87979e-02 3.50413e-02 3.31156e-02 3.26469e-02 3.29385e-02 3.28614e-02 3.15126e-02 2.89169e-02 2.58431e-02 2.30532e-02 2.08806e-02 1.92855e-02 1.80695e-02 1.70498e-02 1.61369e-02 1.53199e-02 1.46145e-02 1.40230e-02 1.35254e-02 1.30896e-02 1.26855e-02 1.22949e-02 1.19118e-02 1.15389e-02 1.11824e-02 1.08495e-02 1.05460e-02 1.02748e-02 1.00345e-02 9.82030e-03 9.62612e-03 9.44680e-03 9.27975e-03 9.12436e-03 8.97974e-03 8.84227e-03 8.70501e-03 8.55976e-03 8.40087e-03 8.22823e-03 8.04689e-03 7.86415e-03 7.68630e-03 7.51656e-03 7.35463e-03 7.19722e-03 7.03927e-03 6.87536e-03 6.70103e-03 6.51352e-03 6.31214e-03 6.09825e-03 5.87506e-03 5.64729e-03 5.42065e-03 5.20127e-03 4.99495e-03 4.80635e-03 4.63822e-03 4.49076e-03 4.36153e-03 4.24612e-03 4.13973e-03 4.03888e-03 3.94239e-03 3.85043e-03 3.76268e-03 3.67704e-03 3.59054e-03 3.50135e-03 3.41038e-03 3.32167e-03 3.24123e-03 3.17409e-03 3.12166e-03 3.08139e-03 3.04815e-03 3.01603e-03 2.97984e-03 2.93641e-03 2.88491e-03 2.82629e-03 2.76179e-03 2.69152e-03 2.61425e-03 2.52846e-03 2.43386e-03 2.33212e-03 2.22666e-03 2.12156e-03 2.02044e-03 1.92580e-03 1.83875e-03 1.75926e-03 1.68649e-03 1.61908e-03 1.55535e-03 1.49352e-03 1.43193e-03 1.36920e-03 1.30433e-03 1.23679e-03 1.16661e-03 1.09440e-03 1.02127e-03 9.48582e-04 8.77553e-04 8.08886e-04 7.42573e-04 6.77968e-04 6.14081e-04 5.49974e-04 4.85089e-04 4.19394e-04 3.53252e-04 2.87150e-04 2.21721e-04 1.58565e-04 1.01361e-04 5.54139e-05 2.46392e-05 8.44776e-06 2.12861e-06 3.81861e-07 4.24325e-08 1.02897e-09
8.083133 2.68619e-02 4.46597e-02 3.87352e-02 3.49350e-02 3.31314e-02 3.27832e-02 3.30875e-02 3.29102e-02 3.14261e-02 2.87480e-02 2.56676e-02 2.29156e-02 2.07891e-02 1.92287e-02 1.80329e-02 1.70274e-02 1.61325e-02 1.53408e-02 1.46643e-02 1.40986e-02 1.36179e-02 1.31871e-02 1.27764e-02 1.23698e-02 1.19654e-02 1.15703e-02 1.11945e-02 1.08470e-02 1.05336e-02 1.02560e-02 1.00116e-02 9.79488e-03 9.59901e-03 9.41853e-03 9.25045e-03 9.09371e-03 8.94702e-03 8.80654e-03 8.66530e-03 8.51543e-03 8.35205e-03 8.17578e-03 7.99203e-03 7.80803e-03 7.62988e-03 7.46071e-03 7.30012e-03 7.14470e-03 6.98926e-03 6.82830e-03 6.65730e-03 6.47350e-03 6.27621e-03 6.06675e-03 5.84821e-03 5.62513e-03 5.40301e-03 5.18772e-03 4.98491e-03 4.79915e-03 4.63329e-03 4.48772e-03 4.36028e-03 4.24675e-03 4.14231e-03 4.04329e-03 3.94815e-03 3.85689e-03 3.76921e-03 3.68333e-03 3.59679e-03 3.50847e-03 3.41996e-03 3.33569e-03 3.26154e-03 3.20189e-03 3.15707e-03 3.12315e-03 3.09357e-03 3.06144e-03 3.02161e-03 2.97201e-03 2.91376e-03 2.84949e-03 2.78111e-03 2.70822e-03 2.62856e-03 2.53993e-03 2.44198e-03 2.33682e-03 2.22838e-03 2.12108e-03 2.01868e-03 1.92353e-03 1.83657e-03 1.75748e-03 1.68516e-03 1.61797e-03 1.55408e-03 1.49170e-03 1.42933e-03 1.36582e-03 1.30042e-03 1.23277e-03 1.16295e-03 1.09151e-03 1.01945e-03 9.47967e-04 8.78189e-04 8.10785e-04 7.45783e-04 6.82590e-04 6.20230e-04 5.57686e-04 4.94245e-04 4.29694e-04 3.64267e-04 2.98388e-04 2.32611e-04 1.68352e-04 1.09156e-04 6.05841e-05 2.72897e-05 9.39942e-06 2.33241e-06 3.99543e-07 4.20722e-08 9.99648e-10
8.133029 2.63387e-02 4.42974e-02 3.86443e-02 3.49092e-02 3.32063e-02 3.29551e-02 3.32577e-02 3.29718e-02 3.13544e-02 2.86023e-02 2.55216e-02 2.28086e-02 2.07258e-02 1.91964e-02 1.80186e-02 1.70271e-02 1.61511e-02 1.53854e-02 1.47372e-02 1.41953e-02 1.37290e-02 1.33013e-02 1.28828e-02 1.24601e-02 1.20351e-02 1.16190e-02 1.12250e-02 1.08637e-02 1.05408e-02 1.02570e-02 1.00085e-02 9.78893e-03 9.59127e-03 9.40961e-03 9.24044e-03 9.08224e-03 8.93334e-03 8.78974e-03 8.64454e-03 8.49024e-03 8.32260e-03 8.14285e-03 7.95661e-03 7.77108e-03 7.59228e-03 7.42330e-03 7.26365e-03 7.10981e-03 6.95645e-03 6.79804e-03 6.63002e-03 6.44965e-03 6.25619e-03 6.05088e-03 5.83667e-03 5.61791e-03 5.39983e-03 5.18811e-03 4.98817e-03 4.80458e-03 4.64024e-03 4.49578e-03 4.36933e-03 4.25690e-03 4.15370e-03 4.05587e-03 3.96160e-03 3.87075e-03 3.78309e-03 3.69719e-03 3.61109e-03 3.52435e-03 3.43918e-03 3.36029e-03 3.29322e-03 3.24147e-03 3.20405e-03 3.17543e-03 3.14759e-03 3.11298e-03 3.06712e-03 3.00988e-03 2.94467e-03 2.87562e-03 2.80456e-03 2.72995e-03 2.64831e-03 2.55686e-03 2.45543e-03 2.34673e-03 2.23524e-03 2.12575e-03 2.02207e-03 1.92644e-03 1.83954e-03 1.76076e-03 1.68868e-03 1.62139e-03 1.55693e-03 1.49358e-03 1.43004e-03 1.36543e-03 1.29924e-03 1.23125e-03 1.16156e-03 1.09066e-03 1.01939e-03 9.48829e-04 8.80004e-04 8.13558e-04 7.49559e-04 6.87478e-04 6.26362e-04 5.65140e-04 5.02957e-04 4.39424e-04 3.74642e-04 3.08972e-04 2.42904e-04 1.77694e-04 1.16715e-04 6.56995e-05 2.99700e-05 1.03849e-05 2.55032e-06 4.20232e-07 4.20220e-08 9.77065e-10
8.182925 2.55093e-02 4.35059e-02 3.84097e-02 3.49063e-02 3.33280e-02 3.31651e-02 3.34569e-02 3.30558e-02 3.13035e-02 2.84792e-02 2.53994e-02 2.27250e-02 2.06835e-02 1.91822e-02 1.80200e-02 1.70419e-02 1.61855e-02 1.54461e-02 1.48254e-02 1.43055e-02 1.38512e-02 1.34242e-02 1.29965e-02 1.25575e-02 1.21126e-02 1.16767e-02 1.12656e-02 1.08913e-02 1.05593e-02 1.02693e-02 1.00165e-02 9.79393e-03 9.59420e-03 9.41107e-03 9.24056e-03 9.08063e-03 8.92934e-03 8.78254e-03 8.63339e-03 8.47477e-03 8.30303e-03 8.11987e-03 7.93111e-03 7.74397e-03 7.56446e-03 7.39555e-03 7.23665e-03 7.08408e-03 6.93248e-03 6.77628e-03 6.61100e-03 6.43384e-03 6.24405e-03 6.04274e-03 5.83270e-03 5.61803e-03 5.40375e-03 5.19528e-03 4.99788e-03 4.81605e-03 4.65276e-03 4.50888e-03 4.38281e-03 4.27083e-03 4.16826e-03 4.07112e-03 3.97741e-03 3.88685e-03 3.79936e-03 3.71385e-03 3.62892e-03 3.54474e-03 3.46406e-03 3.39170e-03 3.33259e-03 3.28907e-03 3.25852e-03 3.23364e-03 3.20511e-03 3.16533e-03 3.11138e-03 3.04581e-03 2.97439e-03 2.90206e-03 2.82975e-03 2.75428e-03 2.67094e-03 2.57665e-03 2.47167e-03 2.35943e-03 2.24500e-03 2.13347e-03 2.02869e-03 1.93273e-03 1.84596e-03 1.76745e-03 1.69542e-03 1.62774e-03 1.56237e-03 1.49773e-03 1.43277e-03 1.36688e-03 1.29975e-03 1.23126e-03 1.16153e-03 1.09095e-03 1.02024e-03 9.50362e-04 8.82235e-04 8.16489e-04 7.53238e-04 6.92020e-04 6.31918e-04 5.71818e-04 5.10743e-04 4.48140e-04 3.83969e-04 3.18529e-04 2.52266e-04 1.86295e-04 1.23800e-04 7.05983e-05 3.25954e-05 1.13725e-05 2.77486e-06 4.42959e-07 4.22234e-08 9.60283e-10
8.232821 2.50698e-02 4.28634e-02 3.80719e-02 3.48518e-02 3.34386e-02 3.33566e-02 3.36241e-02 3.31041e-02 3.12232e-02 2.83366e-02 2.52659e-02 2.26345e-02 2.06355e-02 1.91614e-02 1.80144e-02 1.70506e-02 1.62155e-02 1.55039e-02 1.49109e-02 1.44121e-02 1.39682e-02 1.35405e-02 1.31028e-02 1.26477e-02 1.21842e-02 1.17302e-02 1.13039e-02 1.09179e-02 1.05776e-02 1.02817e-02 1.00245e-02 9.79884e-03 9.59684e-03 9.41199e-03 9.23987e-03 9.07806e-03 8.92437e-03 8.77455e-03 8.62175e-03 8.45916e-03 8.28365e-03 8.09734e-03 7.90627e-03 7.71775e-03 7.53771e-03 7.36897e-03 7.21076e-03 7.05930e-03 6.90923e-03 6.75508e-03 6.59239e-03 6.41837e-03 6.23218e-03 6.03479e-03 5.82881e-03 5.61811e-03 5.40745e-03 5.20204e-03 5.00697e-03 4.82664e-03 4.66409e-03 4.52038e-03 4.39422e-03 4.28218e-03 4.17973e-03 4.08288e-03 3.98947e-03 3.89918e-03 3.81209e-03 3.72753e-03 3.64465e-03 3.56418e-03 3.48929e-03 3.42467e-03 3.37441e-03 3.33924e-03 3.31455e-03 3.29118e-03 3.25891e-03 3.21108e-03 3.14747e-03 3.07379e-03 2.99774e-03 2.92402e-03 2.85179e-03 2.77599e-03 2.69092e-03 2.59358e-03 2.48496e-03 2.36927e-03 2.25218e-03 2.13900e-03 2.03354e-03 1.93761e-03 1.85124e-03 1.77308e-03 1.70102e-03 1.63274e-03 1.56624e-03 1.50015e-03 1.43368e-03 1.36648e-03 1.29839e-03 1.22938e-03 1.15953e-03 1.08917e-03 1.01892e-03 9.49605e-04 8.82071e-04 8.16928e-04 7.54329e-04 6.93880e-04 6.34705e-04 5.75670e-04 5.15696e-04 4.54081e-04 3.90656e-04 3.25652e-04 2.59486e-04 1.93161e-04 1.29659e-04 7.47901e-05 3.49113e-05 1.22663e-05 2.98244e-06 4.64414e-07 4.24402e-08 9.44813e-10
8.282717 2.49667e-02 4.25847e-02 3.78109e-02 3.47705e-02 3.35325e-02 3.35294e-02 3.37577e-02 3.31121e-02 3.11078e-02 2.81683e-02 2.51142e-02 2.25296e-02 2.05739e-02 1.91263e-02 1.79942e-02 1.70460e-02 1.62342e-02 1.55519e-02 1.49870e-02 1.45081e-02 1.40729e-02 1.36426e-02 1.31940e-02 1.27233e-02 1.22428e-02 1.17730e-02 1.13335e-02 1.09375e-02 1.05898e-02 1.02883e-02 1.00269e-02 9.79788e-03 9.59331e-03 9.40638e-03 9.23235e-03 9.06855e-03 8.91263e-03 8.76012e-03 8.60409e-03 8.43796e-03 8.25908e-03 8.07000e-03 7.87704e-03 7.68755e-03 7.50733e-03 7.33896e-03 7.18145e-03 7.03101e-03 6.88239e-03 6.73022e-03 6.57012e-03 6.39928e-03 6.21673e-03 6.02330e-03 5.82137e-03 5.61459e-03 5.40748e-03 5.20502e-03 5.01214e-03 4.83313e-03 4.67108e-03 4.52721e-03 4.40055e-03 4.28801e-03 4.18529e-03 4.08846e-03 3.99528e-03 3.90542e-03 3.81920e-03 3.73638e-03 3.65666e-03 3.58124e-03 3.51354e-03 3.45788e-03 3.41708e-03 3.38983e-03 3.36921e-03 3.34432e-03 3.30498e-03 3.24678e-03 3.17314e-03 3.09286e-03 3.01451e-03 2.94135e-03 2.87019e-03 2.79418e-03 2.70713e-03 2.60653e-03 2.49427e-03 2.37541e-03 2.25610e-03 2.14180e-03 2.03616e-03 1.94067e-03 1.85492e-03 1.77716e-03 1.70495e-03 1.63590e-03 1.56813e-03 1.50053e-03 1.43259e-03 1.36414e-03 1.29516e-03 1.22562e-03 1.15561e-03 1.08540e-03 1.01550e-03 9.46660e-04 8.79635e-04 8.15019e-04 7.53001e-04 6.93251e-04 6.34940e-04 5.76923e-04 5.18045e-04 4.57472e-04 3.94909e-04 3.30523e-04 2.64708e-04 1.98382e-04 1.34327e-04 7.82699e-05 3.69011e-05 1.30558e-05 3.16994e-06 4.84241e-07 4.26728e-08 9.31116e-10
8.332613 2.51217e-02 4.25521e-02 3.76574e-02 3.46993e-02 3.36030e-02 3.36692e-02 3.38464e-02 3.30708e-02 3.09505e-02 2.79695e-02 2.49405e-02 2.24068e-02 2.04947e-02 1.90729e-02 1.79562e-02 1.70255e-02 1.62393e-02 1.55875e-02 1.50503e-02 1.45901e-02 1.41617e-02 1.37277e-02 1.32681e-02 1.27830e-02 1.22879e-02 1.18052e-02 1.13553e-02 1.09513e-02 1.05973e-02 1.02907e-02 1.00250e-02 9.79239e-03 9.58491e-03 9.39557e-03 9.21947e-03 9.05382e-03 8.89608e-03 8.74148e-03 8.58289e-03 8.41389e-03 8.23228e-03 8.04105e-03 7.84677e-03 7.65681e-03 7.47672e-03 7.30881e-03 7.15197e-03 7.00251e-03 6.85532e-03 6.70522e-03 6.54784e-03 6.38033e-03 6.20158e-03 6.01221e-03 5.81437e-03 5.61147e-03 5.40780e-03 5.20810e-03 5.01713e-03 4.83908e-03 4.67707e-03 4.53254e-03 4.40486e-03 4.29133e-03 4.18795e-03 4.09091e-03 3.99796e-03 3.90882e-03 3.82406e-03 3.74391e-03 3.66852e-03 3.59947e-03 3.54016e-03 3.49424e-03 3.46286e-03 3.44222e-03 3.42295e-03 3.39309e-03 3.34380e-03 3.27418e-03 3.19167e-03 3.10729e-03 3.02907e-03 2.95789e-03 2.88810e-03 2.81158e-03 2.72212e-03 2.61806e-03 2.50226e-03 2.38054e-03 2.25945e-03 2.14446e-03 2.03901e-03 1.94419e-03 1.85911e-03 1.78161e-03 1.70902e-03 1.63897e-03 1.56980e-03 1.50067e-03 1.43129e-03 1.36165e-03 1.29175e-03 1.22162e-03 1.15133e-03 1.08112e-03 1.01142e-03 9.42889e-04 8.76225e-04 8.12001e-04 7.50439e-04 6.91268e-04 6.33709e-04 5.76619e-04 5.18775e-04 4.59228e-04 3.97562e-04 3.33876e-04 2.68553e-04 2.02442e-04 1.38134e-04 8.12258e-05 3.86491e-05 1.37686e-05 3.34353e-06 5.03320e-07 4.29981e-08 9.20937e-10
8.382508 2.51726e-02 4.25146e-02 3.75464e-02 3.46388e-02 3.36520e-02 3.37709e-02 3.38886e-02 3.29846e-02 3.07599e-02 2.77512e-02 2.47562e-02 2.22762e-02 2.04072e-02 1.90103e-02 1.79096e-02 1.69983e-02 1.62397e-02 1.56190e-02 1.51088e-02 1.46656e-02 1.42425e-02 1.38042e-02 1.33344e-02 1.28371e-02 1.23305e-02 1.18381e-02 1.13805e-02 1.09701e-02 1.06106e-02 1.02989e-02 1.00286e-02 9.79195e-03 9.58102e-03 9.38888e-03 9.21060e-03 9.04334e-03 8.88435e-03 8.72842e-03 8.56811e-03 8.39708e-03 8.21353e-03 8.02083e-03 7.82578e-03 7.63564e-03 7.45572e-03 7.28813e-03 7.13177e-03 6.98312e-03 6.83732e-03 6.68930e-03 6.53472e-03 6.37061e-03 6.19568e-03 6.01031e-03 5.81641e-03 5.61712e-03 5.41649e-03 5.21905e-03 5.02938e-03 4.85161e-03 4.68891e-03 4.54298e-03 4.41355e-03 4.29838e-03 4.19384e-03 4.09629e-03 4.00356e-03 3.91543e-03 3.83275e-03 3.75614e-03 3.68613e-03 3.62447e-03 3.57433e-03 3.53835e-03 3.51552e-03 3.49924e-03 3.47797e-03 3.43978e-03 3.37861e-03 3.29797e-03 3.20884e-03 3.12311e-03 3.04692e-03 2.97830e-03 2.90952e-03 2.83176e-03 2.73934e-03 2.63156e-03 2.51227e-03 2.38792e-03 2.26533e-03 2.14994e-03 2.04485e-03 1.95070e-03 1.86612e-03 1.78858e-03 1.71527e-03 1.64394e-03 1.57320e-03 1.50246e-03 1.43161e-03 1.36069e-03 1.28975e-03 1.21884e-03 1.14804e-03 1.07757e-03 1.00782e-03 9.39368e-04 8.72849e-04 8.08820e-04 7.47531e-04 6.88768e-04 6.31801e-04 5.75493e-04 5.18569e-04 4.59972e-04 3.99172e-04 3.36198e-04 2.71422e-04 2.05643e-04 1.41279e-04 8.37660e-05 4.02000e-05 1.44181e-05 3.50589e-06 5.22001e-07 4.34467e-08 9.15000e-10
8.432404 2.46927e-02 4.21415e-02 3.74404e-02 3.46268e-02 3.37304e-02 3.38898e-02 3.39435e-02 3.29117e-02 3.05865e-02 2.75536e-02 2.45933e-02 2.21651e-02 2.03357e-02 1.89607e-02 1.78749e-02 1.69837e-02 1.62532e-02 1.56634e-02 1.51787e-02 1.47502e-02 1.43302e-02 1.38859e-02 1.34054e-02 1.28967e-02 1.23803e-02 1.18805e-02 1.14171e-02 1.10016e-02 1.06369e-02 1.03200e-02 1.00444e-02 9.80274e-03 9.58749e-03 9.39180e-03 9.21091e-03 9.04204e-03 8.88213e-03 8.72535e-03 8.56381e-03 8.39122e-03 8.20614e-03 8.01237e-03 7.81681e-03 7.62658e-03 7.44671e-03 7.27920e-03 7.12306e-03 6.97502e-03 6.83043e-03 6.68433e-03 6.53238e-03 6.37148e-03 6.20013e-03 6.01847e-03 5.82814e-03 5.63201e-03 5.43390e-03 5.23813e-03 5.04913e-03 4.87097e-03 4.70693e-03 4.55892e-03 4.42712e-03 4.30976e-03 4.20365e-03 4.10541e-03 4.01302e-03 3.92637e-03 3.84654e-03 3.77444e-03 3.71086e-03 3.65752e-03 3.61711e-03 3.59078e-03 3.57494e-03 3.56005e-03 3.53313e-03 3.48375e-03 3.40999e-03 3.31994e-03 3.22708e-03 3.14253e-03 3.06961e-03 3.00352e-03 2.93504e-03 2.85532e-03 2.75949e-03 2.64792e-03 2.52531e-03 2.39865e-03 2.27492e-03 2.15938e-03 2.05478e-03 1.96125e-03 1.87694e-03 1.79901e-03 1.72465e-03 1.65181e-03 1.57937e-03 1.50697e-03 1.43457e-03 1.36226e-03 1.29008e-03 1.21813e-03 1.14654e-03 1.07551e-03 1.00543e-03 9.36775e-04 8.70149e-04 8.06082e-04 7.44850e-04 6.86289e-04 6.29718e-04 5.74014e-04 5.17857e-04 4.60095e-04 4.00084e-04 3.37785e-04 2.73557e-04 2.08171e-04 1.43884e-04 8.59543e-05 4.15796e-05 1.50116e-05 3.65848e-06 5.40498e-07 4.40418e-08 9.13901e-10
8.482300 2.40391e-02 4.14649e-02 3.72305e-02 3.46371e-02 3.38359e-02 3.40204e-02 3.40046e-02 3.28481e-02 3.04282e-02 2.73751e-02 2.44503e-02 2.20719e-02 2.02787e-02 1.89229e-02 1.78513e-02 1.69807e-02 1.62793e-02 1.57203e-02 1.52598e-02 1.48437e-02 1.44244e-02 1.39723e-02 1.34806e-02 1.29610e-02 1.24364e-02 1.19310e-02 1.14634e-02 1.10438e-02 1.06744e-02 1.03518e-02 1.00703e-02 9.82281e-03 9.60230e-03 9.40227e-03 9.21834e-03 9.04787e-03 8.88735e-03 8.73013e-03 8.56772e-03 8.39388e-03 8.20758e-03 8.01300e-03 7.81711e-03 7.62681e-03 7.44690e-03 7.27934e-03 7.12330e-03 6.97573e-03 6.83219e-03 6.68782e-03 6.53826e-03 6.38027e-03 6.21216e-03 6.03379e-03 5.84653e-03 5.65303e-03 5.45685e-03 5.26213e-03 5.07317e-03 4.89402e-03 4.72805e-03 4.57745e-03 4.44281e-03 4.32285e-03 4.21490e-03 4.11597e-03 4.02423e-03 3.93971e-03 3.86363e-03 3.79708e-03 3.74094e-03 3.69673e-03 3.66628e-03 3.64875e-03 3.63752e-03 3.62034e-03 3.58399e-03 3.52121e-03 3.43520e-03 3.33825e-03 3.24470e-03 3.16343e-03 3.09441e-03 3.03038e-03 2.96132e-03 2.87890e-03 2.77931e-03 2.66397e-03 2.53837e-03 2.40985e-03 2.28545e-03 2.17016e-03 2.06627e-03 1.97335e-03 1.88913e-03 1.81056e-03 1.73494e-03 1.66047e-03 1.58632e-03 1.51225e-03 1.43827e-03 1.36444e-03 1.29085e-03 1.21764e-03 1.14502e-03 1.07322e-03 1.00258e-03 9.33536e-04 8.66633e-04 8.02377e-04 7.41061e-04 6.82566e-04 6.26259e-04 5.71037e-04 5.15551e-04 4.58568e-04 3.99345e-04 3.37774e-04 2.74205e-04 2.09392e-04 1.45455e-04 8.74538e-05 4.26023e-05 1.54750e-05 3.78233e-06 5.56181e-07 4.46173e-08 9.14871e-10
8.532196 2.36413e-02 4.09253e-02 3.69592e-02 3.46108e-02 3.39321e-02 3.41313e-02 3.40370e-02 3.27594e-02 3.02545e-02 2.71894e-02 2.43040e-02 2.19753e-02 2.02164e-02 1.88784e-02 1.78213e-02 1.69733e-02 1.63027e-02 1.57749e-02 1.53374e-02 1.49317e-02 1.45109e-02 1.40498e-02 1.35466e-02 1.30174e-02 1.24865e-02 1.19777e-02 1.15079e-02 1.10856e-02 1.07120e-02 1.03838e-02 1.00959e-02 9.84201e-03 9.61557e-03 9.41071e-03 9.22364e-03 9.05191e-03 8.89135e-03 8.73424e-03 8.57145e-03 8.39679e-03 8.20971e-03 8.01473e-03 7.81882e-03 7.62866e-03 7.44887e-03 7.28140e-03 7.12558e-03 6.97856e-03 6.83610e-03 6.69342e-03 6.54614e-03 6.39091e-03 6.22581e-03 6.05045e-03 5.86594e-03 5.67464e-03 5.47993e-03 5.28577e-03 5.09638e-03 4.91580e-03 4.74751e-03 4.59398e-03 4.45620e-03 4.33348e-03 4.22370e-03 4.12434e-03 4.03385e-03 3.95234e-03 3.88103e-03 3.82108e-03 3.77331e-03 3.73878e-03 3.71796e-03 3.70749e-03 3.69756e-03 3.67400e-03 3.62501e-03 3.54800e-03 3.45165e-03 3.35112e-03 3.25987e-03 3.18338e-03 3.11824e-03 3.05546e-03 2.98495e-03 2.89929e-03 2.79585e-03 2.67706e-03 2.54900e-03 2.41927e-03 2.29480e-03 2.18024e-03 2.07729e-03 1.98502e-03 1.90075e-03 1.82137e-03 1.74438e-03 1.66830e-03 1.59251e-03 1.51683e-03 1.44125e-03 1.36582e-03 1.29068e-03 1.21608e-03 1.14228e-03 1.06956e-03 9.98238e-04 9.28702e-04 8.61435e-04 7.96919e-04 7.35454e-04 6.76960e-04 6.20850e-04 5.66049e-04 5.11195e-04 4.54994e-04 3.96613e-04 3.35879e-04 2.73136e-04 2.09129e-04 1.45859e-04 8.81712e-05 4.32135e-05 1.57845e-05 3.87083e-06 5.68043e-07 4.51009e-08 9.16625e-10
8.582092 2.36626e-02 4.07608e-02 3.67603e-02 3.45567e-02 3.40003e-02 3.42101e-02 3.40282e-02 3.26303e-02 3.00487e-02 2.69796e-02 2.41375e-02 2.18584e-02 2.01323e-02 1.88119e-02 1.77715e-02 1.69489e-02 1.63111e-02 1.58145e-02 1.53983e-02 1.50007e-02 1.45765e-02 1.41056e-02 1.35916e-02 1.30544e-02 1.25197e-02 1.20102e-02 1.15405e-02 1.11171e-02 1.07402e-02 1.04067e-02 1.01124e-02 9.85174e-03 9.61901e-03 9.40921e-03 9.21933e-03 9.04699e-03 8.88713e-03 8.73080e-03 8.56818e-03 8.39324e-03 8.20591e-03 8.01106e-03 7.81562e-03 7.62604e-03 7.44676e-03 7.27974e-03 7.12442e-03 6.97817e-03 6.83689e-03 6.69595e-03 6.55096e-03 6.39845e-03 6.23629e-03 6.06382e-03 5.88187e-03 5.69256e-03 5.49906e-03 5.30521e-03 5.11515e-03 4.93293e-03 4.76216e-03 4.60559e-03 4.46467e-03 4.33930e-03 4.22800e-03 4.12882e-03 4.04045e-03 3.96298e-03 3.89753e-03 3.84514e-03 3.80633e-03 3.78135e-03 3.76885e-03 3.76265e-03 3.75017e-03 3.71668e-03 3.65348e-03 3.56355e-03 3.46023e-03 3.35979e-03 3.27317e-03 3.20201e-03 3.14012e-03 3.07762e-03 3.00500e-03 2.91599e-03 2.80908e-03 2.68751e-03 2.55781e-03 2.42765e-03 2.30374e-03 2.19029e-03 2.08844e-03 1.99674e-03 1.91227e-03 1.83197e-03 1.75361e-03 1.67600e-03 1.59867e-03 1.52143e-03 1.44421e-03 1.36708e-03 1.29027e-03 1.21414e-03 1.13904e-03 1.06529e-03 9.93179e-04 9.23055e-04 8.55344e-04 7.90495e-04 7.28812e-04 6.70248e-04 6.14266e-04 5.59826e-04 5.05562e-04 4.50130e-04 3.92619e-04 3.32790e-04 2.70975e-04 2.07918e-04 1.45515e-04 8.83866e-05 4.35618e-05 1.59972e-05 3.93793e-06 5.77899e-07 4.55957e-08 9.20767e-10
8.631988 2.41139e-02 4.09614e-02 3.66628e-02 3.44783e-02 3.40067e-02 3.42176e-02 3.39441e-02 3.24327e-02 2.97896e-02 2.67301e-02 2.39385e-02 2.17107e-02 2.00176e-02 1.87165e-02 1.76962e-02 1.69027e-02 1.62995e-02 1.58339e-02 1.54375e-02 1.50463e-02 1.46181e-02 1.41381e-02 1.36154e-02 1.30734e-02 1.25383e-02 1.20311e-02 1.15639e-02 1.11411e-02 1.07619e-02 1.04237e-02 1.01229e-02 9.85538e-03 9.61623e-03 9.40166e-03 9.20950e-03 9.03732e-03 8.87895e-03 8.72409e-03 8.56232e-03 8.38777e-03 8.20088e-03 8.00679e-03 7.81236e-03 7.62382e-03 7.44545e-03 7.27918e-03 7.12456e-03 6.97914e-03 6.83905e-03 6.69979e-03 6.55700e-03 6.40710e-03 6.24771e-03 6.07792e-03 5.89825e-03 5.71060e-03 5.51796e-03 5.32406e-03 5.13299e-03 4.94885e-03 4.77540e-03 4.61568e-03 4.47162e-03 4.34379e-03 4.23143e-03 4.13310e-03 4.04769e-03 3.97518e-03 3.91640e-03 3.87207e-03 3.84214e-03 3.82563e-03 3.81903e-03 3.81350e-03 3.79468e-03 3.74886e-03 3.67165e-03 3.57151e-03 3.46499e-03 3.36762e-03 3.28681e-03 3.22059e-03 3.16085e-03 3.09762e-03 3.02237e-03 2.93003e-03 2.82011e-03 2.69647e-03 2.56588e-03 2.43597e-03 2.31312e-03 2.20103e-03 2.10030e-03 2.00902e-03 1.92414e-03 1.84279e-03 1.76304e-03 1.68396e-03 1.60512e-03 1.52627e-03 1.44731e-03 1.36833e-03 1.28969e-03 1.21187e-03 1.13534e-03 1.06043e-03 9.87439e-04 9.16640e-04 8.48412e-04 7.83167e-04 7.21204e-04 6.62510e-04 6.06595e-04 5.52460e-04 4.98749e-04 4.44081e-04 3.87470e-04 3.28615e-04 2.67827e-04 2.05852e-04 1.44490e-04 8.81384e-05 4.36628e-05 1.61171e-05 3.98401e-06 5.85667e-07 4.60811e-08 9.26750e-10
8.681884 2.38937e-02 4.08811e-02 3.66463e-02 3.44522e-02 3.40207e-02 3.42214e-02 3.38576e-02 3.22390e-02 2.95423e-02 2.64974e-02 2.37558e-02 2.15758e-02 1.99124e-02 1.86301e-02 1.76317e-02 1.68692e-02 1.63009e-02 1.58645e-02 1.54852e-02 1.50980e-02 1.46643e-02 1.41753e-02 1.36454e-02 1.31004e-02 1.25667e-02 1.20634e-02 1.16000e-02 1.11785e-02 1.07975e-02 1.04544e-02 1.01469e-02 9.87184e-03 9.62587e-03 9.40640e-03 9.21215e-03 9.04045e-03 8.88383e-03 8.73062e-03 8.56981e-03 8.39582e-03 8.20958e-03 8.01649e-03 7.82331e-03 7.63603e-03 7.45871e-03 7.29320e-03 7.13915e-03 6.99432e-03 6.85509e-03 6.71713e-03 6.57610e-03 6.42831e-03 6.27115e-03 6.10341e-03 5.92536e-03 5.73867e-03 5.54618e-03 5.35155e-03 5.15886e-03 4.97227e-03 4.79573e-03 4.63261e-03 4.48538e-03 4.35529e-03 4.24228e-03 4.14540e-03 4.06366e-03 3.99677e-03 3.94511e-03 3.90882e-03 3.88697e-03 3.87698e-03 3.87316e-03 3.86458e-03 3.83638e-03 3.77722e-03 3.68757e-03 3.58050e-03 3.47405e-03 3.38159e-03 3.30670e-03 3.24441e-03 3.18555e-03 3.12069e-03 3.04245e-03 2.94693e-03 2.83445e-03 2.70931e-03 2.57839e-03 2.44916e-03 2.32758e-03 2.21683e-03 2.11696e-03 2.02575e-03 1.94013e-03 1.85749e-03 1.77624e-03 1.69560e-03 1.61511e-03 1.53444e-03 1.45343e-03 1.37228e-03 1.29150e-03 1.21171e-03 1.13348e-03 1.05718e-03 9.83070e-04 9.11387e-04 8.42447e-04 7.76622e-04 7.14205e-04 6.55210e-04 5.99194e-04 5.45205e-04 4.91905e-04 4.37884e-04 3.82089e-04 3.24152e-04 2.64358e-04 2.03454e-04 1.43161e-04 8.76603e-05 4.36329e-05 1.61866e-05 4.01930e-06 5.92756e-07 4.66553e-08 9.36409e-10
8.731780 2.29846e-02 4.01248e-02 3.65127e-02 3.44931e-02 3.40913e-02 3.42673e-02 3.38146e-02 3.20935e-02 2.93447e-02 2.63115e-02 2.36138e-02 2.14746e-02 1.98360e-02 1.85710e-02 1.75956e-02 1.68651e-02 1.63309e-02 1.59212e-02 1.55553e-02 1.51685e-02 1.47271e-02 1.42282e-02 1.36910e-02 1.31438e-02 1.26124e-02 1.21137e-02 1.16544e-02 1.12344e-02 1.08513e-02 1.05031e-02 1.01883e-02 9.90534e-03 9.65212e-03 9.42763e-03 9.23144e-03 9.06035e-03 8.90537e-03 8.75344e-03 8.59317e-03 8.41941e-03 8.23370e-03 8.04167e-03 7.84993e-03 7.66412e-03 7.48796e-03 7.32319e-03 7.16954e-03 7.02501e-03 6.88623e-03 6.74908e-03 6.60925e-03 6.46294e-03 6.30731e-03 6.14087e-03 5.96364e-03 5.77711e-03 5.58402e-03 5.38797e-03 5.19306e-03 5.00356e-03 4.82362e-03 4.65700e-03 4.50675e-03 4.37479e-03 4.26170e-03 4.16694e-03 4.08950e-03 4.02875e-03 3.98440e-03 3.95574e-03 3.94059e-03 3.93462e-03 3.93021e-03 3.91523e-03 3.87563e-03 3.80340e-03 3.70371e-03 3.59295e-03 3.48909e-03 3.40245e-03 3.33296e-03 3.27343e-03 3.21440e-03 3.14733e-03 3.06605e-03 2.96769e-03 2.85323e-03 2.72722e-03 2.59651e-03 2.46828e-03 2.34807e-03 2.23850e-03 2.13918e-03 2.04766e-03 1.96099e-03 1.87689e-03 1.79404e-03 1.71173e-03 1.62941e-03 1.54662e-03 1.46323e-03 1.37957e-03 1.29632e-03 1.21426e-03 1.13405e-03 1.05609e-03 9.80609e-04 9.07805e-04 8.37928e-04 7.71308e-04 7.08227e-04 6.48723e-04 5.92401e-04 5.38361e-04 4.85289e-04 4.31755e-04 3.76649e-04 3.19534e-04 2.60666e-04 2.00793e-04 1.41568e-04 8.69695e-05 4.34766e-05 1.62063e-05 4.04371e-06 5.99184e-07 4.73288e-08 9.50104e-10
8.781675 2.26333e-02 3.95687e-02 3.62303e-02 3.44627e-02 3.41337e-02 3.42747e-02 3.37310e-02 3.19178e-02 2.91285e-02 2.61133e-02 2.34604e-02 2.13603e-02 1.97458e-02 1.85002e-02 1.75511e-02 1.68552e-02 1.63553e-02 1.59702e-02 1.56147e-02 1.52261e-02 1.47759e-02 1.42675e-02 1.37246e-02 1.31768e-02 1.26494e-02 1.21566e-02 1.17023e-02 1.12846e-02 1.09002e-02 1.05473e-02 1.02257e-02 9.93492e-03 9.67480e-03 9.44585e-03 9.24833e-03 9.07827e-03 8.92492e-03 8.77397e-03 8.61394e-03 8.44036e-03 8.25546e-03 8.06505e-03 7.87544e-03 7.69172e-03 7.51724e-03 7.35354e-03 7.20045e-03 7.05624e-03 6.91783e-03 6.78129e-03 6.64238e-03 6.49718e-03 6.34264e-03 6.17701e-03 6.00010e-03 5.81327e-03 5.61916e-03 5.42136e-03 5.22402e-03 5.03154e-03 4.84835e-03 4.67864e-03 4.52600e-03 4.39299e-03 4.28073e-03 4.18896e-03 4.11657e-03 4.06240e-03 4.02530e-03 4.00337e-03 3.99293e-03 3.98799e-03 3.97954e-03 3.95537e-03 3.90338e-03 3.81938e-03 3.71256e-03 3.60119e-03 3.50185e-03 3.42140e-03 3.35659e-03 3.29880e-03 3.23884e-03 3.16930e-03 3.08522e-03 2.98462e-03 2.86895e-03 2.74289e-03 2.61313e-03 2.48646e-03 2.36791e-03 2.25958e-03 2.16071e-03 2.06875e-03 1.98100e-03 1.89551e-03 1.81119e-03 1.72729e-03 1.64311e-03 1.55811e-03 1.47220e-03 1.38589e-03 1.30007e-03 1.21567e-03 1.13344e-03 1.05379e-03 9.76929e-04 9.02990e-04 8.32164e-04 7.64736e-04 7.00973e-04 6.40931e-04 5.84266e-04 5.30133e-04 4.77254e-04 4.24197e-04 3.69808e-04 3.13589e-04 2.55764e-04 1.97078e-04 1.39125e-04 8.56837e-05 4.29888e-05 1.60944e-05 4.03600e-06 6.01836e-07 4.78773e-08 9.63672e-10
8.831571 2.28039e-02 3.95826e-02 3.60822e-02 3.43852e-02 3.41261e-02 3.42326e-02 3.35940e-02 3.16954e-02 2.88767e-02 2.58866e-02 2.32799e-02 2.12180e-02 1.96284e-02 1.84058e-02 1.74877e-02 1.68291e-02 1.63633e-02 1.60001e-02 1.56518e-02 1.52590e-02 1.47994e-02 1.42826e-02 1.37357e-02 1.31897e-02 1.26680e-02 1.21825e-02 1.17343e-02 1.13197e-02 1.09348e-02 1.05781e-02 1.02503e-02 9.95254e-03 9.68635e-03 9.45387e-03 9.25583e-03 9.08708e-03 8.93512e-03 8.78465e-03 8.62449e-03 8.45115e-03 8.26756e-03 8.07952e-03 7.89285e-03 7.71197e-03 7.53973e-03 7.37750e-03 7.22522e-03 7.08142e-03 6.94334e-03 6.80725e-03 6.66899e-03 6.52454e-03 6.37068e-03 6.20544e-03 6.02848e-03 5.84102e-03 5.64568e-03 5.44603e-03 5.24632e-03 5.05114e-03 4.86522e-03 4.69319e-03 4.53918e-03 4.40625e-03 4.29592e-03 4.20807e-03 4.14136e-03 4.09391e-03 4.06346e-03 4.04666e-03 4.03830e-03 4.03104e-03 4.01544e-03 3.98035e-03 3.91641e-03 3.82313e-03 3.71252e-03 3.60326e-03 3.50965e-03 3.43515e-03 3.37406e-03 3.31707e-03 3.25574e-03 3.18384e-03 3.09751e-03 2.99551e-03 2.87962e-03 2.75447e-03 2.62645e-03 2.50190e-03 2.38531e-03 2.27830e-03 2.17982e-03 2.08742e-03 1.99869e-03 1.91203e-03 1.82647e-03 1.74114e-03 1.65516e-03 1.56791e-03 1.47943e-03 1.39044e-03 1.30205e-03 1.21535e-03 1.13114e-03 1.04987e-03 9.71687e-04 8.96669e-04 8.24944e-04 7.56749e-04 6.92333e-04 6.31772e-04 5.74771e-04 5.20543e-04 4.67859e-04 4.15302e-04 3.61685e-04 3.06456e-04 2.49802e-04 1.92458e-04 1.35963e-04 8.38970e-05 4.22223e-05 1.58715e-05 4.00105e-06 6.01224e-07 4.83074e-08 9.76830e-10
8.881467 2.29550e-02 3.96386e-02 3.60474e-02 3.43471e-02 3.41032e-02 3.41639e-02 3.34292e-02 3.14509e-02 2.86113e-02 2.56510e-02 2.30899e-02 2.10646e-02 1.95007e-02 1.83048e-02 1.74217e-02 1.68018e-02 1.63682e-02 1.60233e-02 1.56788e-02 1.52800e-02 1.48113e-02 1.42877e-02 1.37393e-02 1.31970e-02 1.26827e-02 1.22053e-02 1.17638e-02 1.13529e-02 1.09681e-02 1.06083e-02 1.02752e-02 9.97122e-03 9.69978e-03 9.46452e-03 9.26633e-03 9.09872e-03 8.94750e-03 8.79684e-03 8.63625e-03 8.46333e-03 8.28157e-03 8.09659e-03 7.91346e-03 7.73587e-03 7.56614e-03 7.40550e-03 7.25402e-03 7.11049e-03 6.97248e-03 6.83649e-03 6.69842e-03 6.55422e-03 6.40049e-03 6.23513e-03 6.05763e-03 5.86914e-03 5.67224e-03 5.47055e-03 5.26843e-03 5.07072e-03 4.88250e-03 4.70885e-03 4.55433e-03 4.42237e-03 4.31473e-03 4.23129e-03 4.17030e-03 4.12901e-03 4.10380e-03 4.08981e-03 4.08045e-03 4.06773e-03 4.04274e-03 3.99638e-03 3.92228e-03 3.82280e-03 3.71143e-03 3.60605e-03 3.51832e-03 3.44887e-03 3.39030e-03 3.33329e-03 3.27033e-03 3.19634e-03 3.10842e-03 3.00586e-03 2.89060e-03 2.76710e-03 2.64134e-03 2.51913e-03 2.40447e-03 2.29857e-03 2.20027e-03 2.10730e-03 2.01763e-03 1.92994e-03 1.84325e-03 1.75650e-03 1.66860e-03 1.57892e-03 1.48768e-03 1.39584e-03 1.30475e-03 1.21565e-03 1.12941e-03 1.04645e-03 9.66886e-04 8.90725e-04 8.18033e-04 7.48997e-04 6.83849e-04 6.22684e-04 5.65256e-04 5.10845e-04 4.58275e-04 4.06151e-04 3.53263e-04 2.99009e-04 2.43533e-04 1.87550e-04 1.32548e-04 8.19167e-05 4.13404e-05 1.56013e-05 3.95474e-06 5.99501e-07 4.87512e-08 9.91722e-10
8.931363 2.27412e-02 3.94208e-02 3.59535e-02 3.43142e-02 3.40771e-02 3.40813e-02 3.32528e-02 3.12030e-02 2.83505e-02 2.54227e-02 2.29056e-02 2.09148e-02 1.93780e-02 1.82125e-02 1.73671e-02 1.67857e-02 1.63811e-02 1.60505e-02 1.57069e-02 1.53012e-02 1.48245e-02 1.42963e-02 1.37487e-02 1.32121e-02 1.27062e-02 1.22375e-02 1.18031e-02 1.13962e-02 1.10120e-02 1.06499e-02 1.03121e-02 1.00027e-02 9.72674e-03 9.48913e-03 9.29071e-03 9.12357e-03 8.97223e-03 8.82070e-03 8.65951e-03 8.48732e-03 8.30796e-03 8.12658e-03 7.94740e-03 7.77331e-03 7.60618e-03 7.44708e-03 7.29622e-03 7.15269e-03 7.01438e-03 6.87801e-03 6.73961e-03 6.59509e-03 6.44094e-03 6.27490e-03 6.09636e-03 5.90639e-03 5.70753e-03 5.50350e-03 5.29883e-03 5.09864e-03 4.90842e-03 4.73361e-03 4.57911e-03 4.44861e-03 4.34395e-03 4.26483e-03 4.20897e-03 4.17256e-03 4.15056e-03 4.13666e-03 4.12334e-03 4.10267e-03 4.06723e-03 4.01043e-03 3.92860e-03 3.82587e-03 3.71592e-03 3.61512e-03 3.53268e-03 3.46702e-03 3.40984e-03 3.35218e-03 3.28753e-03 3.21184e-03 3.12297e-03 3.02059e-03 2.90662e-03 2.78522e-03 2.66191e-03 2.54198e-03 2.42895e-03 2.32377e-03 2.22531e-03 2.13159e-03 2.04097e-03 1.95229e-03 1.86445e-03 1.77612e-03 1.68602e-03 1.59358e-03 1.49923e-03 1.40424e-03 1.31020e-03 1.21849e-03 1.13001e-03 1.04519e-03 9.64070e-04 8.86593e-04 8.12757e-04 7.42703e-04 6.76647e-04 6.14704e-04 5.56679e-04 5.01919e-04 4.49309e-04 3.97479e-04 3.45204e-04 2.91830e-04 2.37450e-04 1.82756e-04 1.29180e-04 7.99395e-05 4.04471e-05 1.53241e-05 3.90716e-06 5.98054e-07 4.92968e-08 1.00983e-09
8.981259 2.24311e-02 3.91503e-02 3.58357e-02 3.42577e-02 3.40339e-02 3.39864e-02 3.30706e-02 3.09565e-02 2.80947e-02 2.51985e-02 2.27221e-02 2.07643e-02 1.92564e-02 1.81252e-02 1.73201e-02 1.67762e-02 1.63972e-02 1.60765e-02 1.57306e-02 1.53171e-02 1.48330e-02 1.43020e-02 1.37571e-02 1.32276e-02 1.27308e-02 1.22711e-02 1.18437e-02 1.14410e-02 1.10581e-02 1.06945e-02 1.03531e-02 1.00393e-02 9.75967e-03 9.52026e-03 9.32151e-03 9.15412e-03 9.00162e-03 8.84846e-03 8.68643e-03 8.51519e-03 8.33868e-03 8.16134e-03 7.98646e-03 7.81612e-03 7.65173e-03 7.49423e-03 7.34395e-03 7.20027e-03 7.06136e-03 6.92423e-03 6.78504e-03 6.63971e-03 6.48467e-03 6.31754e-03 6.13761e-03 5.94588e-03 5.74491e-03 5.53853e-03 5.33148e-03 5.12923e-03 4.93759e-03 4.76235e-03 4.60859e-03 4.48010e-03 4.37863e-03 4.30358e-03 4.25197e-03 4.21886e-03 4.19784e-03 4.18138e-03 4.16157e-03 4.13134e-03 4.08539e-03 4.01976e-03 3.93282e-03 3.82938e-03 3.72237e-03 3.62634e-03 3.54838e-03 3.48543e-03 3.42885e-03 3.37030e-03 3.30421e-03 3.22745e-03 3.13843e-03 3.03705e-03 2.92508e-03 2.80628e-03 2.68565e-03 2.56797e-03 2.45638e-03 2.35170e-03 2.25294e-03 2.15852e-03 2.06710e-03 1.97760e-03 1.88868e-03 1.79868e-03 1.70618e-03 1.61072e-03 1.51303e-03 1.41470e-03 1.31756e-03 1.22312e-03 1.13232e-03 1.04554e-03 9.62758e-04 8.83849e-04 8.08742e-04 7.37534e-04 6.70427e-04 6.07561e-04 5.48795e-04 4.93546e-04 4.40762e-04 3.89110e-04 3.37352e-04 2.84784e-04 2.31445e-04 1.77992e-04 1.25804e-04 7.79336e-05 3.95276e-05 1.50343e-05 3.85696e-06 5.96657e-07 4.99228e-08 1.03066e-09
9.031155 2.21922e-02 3.88816e-02 3.57323e-02 3.42104e-02 3.39739e-02 3.38686e-02 3.28732e-02 3.07051e-02 2.78400e-02 2.49756e-02 2.25376e-02 2.06123e-02 1.91363e-02 1.80432e-02 1.72802e-02 1.67723e-02 1.64148e-02 1.60999e-02 1.57490e-02 1.53270e-02 1.48367e-02 1.43045e-02 1.37639e-02 1.32424e-02 1.27550e-02 1.23040e-02 1.18834e-02 1.14850e-02 1.11037e-02 1.07393e-02 1.03955e-02 1.00783e-02 9.79605e-03 9.55543e-03 9.35621e-03 9.18773e-03 9.03302e-03 8.87744e-03 8.71432e-03 8.54420e-03 8.37084e-03 8.19782e-03 8.02743e-03 7.86099e-03 7.69945e-03 7.54362e-03 7.39392e-03 7.24996e-03 7.11022e-03 6.97199e-03 6.83158e-03 6.68498e-03 6.52857e-03 6.35991e-03 6.17820e-03 5.98443e-03 5.78122e-03 5.57252e-03 5.36337e-03 5.15956e-03 4.96722e-03 4.79233e-03 4.64007e-03 4.51411e-03 4.41598e-03 4.34458e-03 4.29611e-03 4.26451e-03 4.24212e-03 4.22061e-03 4.19224e-03 4.15149e-03 4.09553e-03 4.02282e-03 3.93297e-03 3.83062e-03 3.72737e-03 3.63594e-03 3.56168e-03 3.50057e-03 3.44407e-03 3.38458e-03 3.31741e-03 3.24017e-03 3.15169e-03 3.05197e-03 2.94254e-03 2.82670e-03 2.70892e-03 2.59349e-03 2.48325e-03 2.37901e-03 2.28003e-03 2.18513e-03 2.09322e-03 2.00315e-03 1.91324e-03 1.82151e-03 1.72646e-03 1.62781e-03 1.52666e-03 1.42495e-03 1.32472e-03 1.22760e-03 1.13452e-03 1.04581e-03 9.61395e-04 8.81053e-04 8.04654e-04 7.32254e-04 6.64048e-04 6.00201e-04 5.40628e-04 4.84819e-04 4.31794e-04 3.80261e-04 3.28983e-04 2.77217e-04 2.24944e-04 1.72781e-04 1.22051e-04 7.56465e-05 3.84397e-05 1.46730e-05 3.78819e-06 5.92936e-07 5.04600e-08 1.05114e-09
9.081051 2.18640e-02 3.85313e-02 3.55999e-02 3.41788e-02 3.39265e-02 3.37480e-02 3.26722e-02 3.04578e-02 2.75949e-02 2.47624e-02 2.23606e-02 2.04676e-02 1.90262e-02 1.79747e-02 1.72544e-02 1.67797e-02 1.64390e-02 1.61257e-02 1.57676e-02 1.53367e-02 1.48412e-02 1.43095e-02 1.37744e-02 1.32613e-02 1.27831e-02 1.23404e-02 1.19260e-02 1.15315e-02 1.11521e-02 1.07876e-02 1.04420e-02 1.01226e-02 9.83869e-03 9.59736e-03 9.39740e-03 9.22688e-03 9.06887e-03 8.91017e-03 8.74574e-03 8.57684e-03 8.40679e-03 8.23818e-03 8.07230e-03 7.90975e-03 7.75106e-03 7.59687e-03 7.44766e-03 7.30326e-03 7.16244e-03 7.02274e-03 6.88069e-03 6.73235e-03 6.57410e-03 6.40347e-03 6.21962e-03 6.02354e-03 5.81794e-03 5.60701e-03 5.39607e-03 5.19121e-03 4.99881e-03 4.82495e-03 4.67474e-03 4.55160e-03 4.45664e-03 4.38811e-03 4.34134e-03 4.30920e-03 4.28306e-03 4.25425e-03 4.21584e-03 4.16433e-03 4.09943e-03 4.02150e-03 3.93062e-03 3.83058e-03 3.73143e-03 3.64416e-03 3.57280e-03 3.51284e-03 3.45609e-03 3.39572e-03 3.32788e-03 3.25073e-03 3.16340e-03 3.06585e-03 2.95933e-03 2.84666e-03 2.73177e-03 2.61852e-03 2.50955e-03 2.40575e-03 2.30671e-03 2.21162e-03 2.11954e-03 2.02910e-03 1.93823e-03 1.84465e-03 1.74684e-03 1.64485e-03 1.54015e-03 1.43504e-03 1.33176e-03 1.23202e-03 1.13674e-03 1.04617e-03 9.60147e-04 8.78374e-04 8.00659e-04 7.27024e-04 6.57663e-04 5.92772e-04 5.32326e-04 4.75886e-04 4.22546e-04 3.71067e-04 3.20224e-04 2.69241e-04 2.18046e-04 1.67207e-04 1.17987e-04 7.31218e-05 3.72059e-05 1.42482e-05 3.70251e-06 5.87007e-07 5.09008e-08 1.07092e-09
9.130947 2.18308e-02 3.83774e-02 3.54638e-02 3.41177e-02 3.38640e-02 3.36102e-02 3.24505e-02 3.01932e-02 2.73365e-02 2.45367e-02 2.21711e-02 2.03128e-02 1.89107e-02 1.79044e-02 1.72271e-02 1.67822e-02 1.64537e-02 1.61383e-02 1.57714e-02 1.53322e-02 1.48333e-02 1.43040e-02 1.37759e-02 1.32722e-02 1.28036e-02 1.23689e-02 1.19607e-02 1.15705e-02 1.11934e-02 1.08297e-02 1.04837e-02 1.01634e-02 9.87909e-03 9.63765e-03 9.43667e-03 9.26327e-03 9.10114e-03 8.93897e-03 8.77335e-03 8.60594e-03 8.43942e-03 8.27532e-03 8.11400e-03 7.95537e-03 7.79958e-03 7.64708e-03 7.49838e-03 7.35349e-03 7.21146e-03 7.07014e-03 6.92625e-03 6.77597e-03 6.61572e-03 6.44301e-03 6.25702e-03 6.05877e-03 5.85111e-03 5.63844e-03 5.42636e-03 5.22123e-03 5.02956e-03 4.85738e-03 4.70960e-03 4.58925e-03 4.49688e-03 4.43003e-03 4.38319e-03 4.34835e-03 4.31633e-03 4.27863e-03 4.22962e-03 4.16803e-03 4.09590e-03 4.01482e-03 3.92466e-03 3.82789e-03 3.73291e-03 3.64927e-03 3.58008e-03 3.52075e-03 3.46364e-03 3.40273e-03 3.33481e-03 3.25846e-03 3.17298e-03 3.07820e-03 2.97503e-03 2.86580e-03 2.75390e-03 2.64286e-03 2.53519e-03 2.43197e-03 2.33317e-03 2.23826e-03 2.14634e-03 2.05572e-03 1.96390e-03 1.86835e-03 1.76768e-03 1.66226e-03 1.55401e-03 1.44554e-03 1.33931e-03 1.23705e-03 1.13964e-03 1.04727e-03 9.59655e-04 8.76437e-04 7.97364e-04 7.22430e-04 6.51836e-04 5.85815e-04 5.24405e-04 4.67246e-04 4.13507e-04 3.62007e-04 3.11538e-04 2.61296e-04 2.11154e-04 1.61623e-04 1.13900e-04 7.05669e-05 3.59468e-05 1.38104e-05 3.61324e-06 5.80697e-07 5.13485e-08 1.09145e-09
9.180843 2.22584e-02 3.85882e-02 3.53881e-02 3.40045e-02 3.37337e-02 3.34094e-02 3.21717e-02 2.98797e-02 2.70375e-02 2.42758e-02 2.19508e-02 2.01329e-02 1.87764e-02 1.78191e-02 1.71839e-02 1.67650e-02 1.64445e-02 1.61249e-02 1.57497e-02 1.53047e-02 1.48057e-02 1.42819e-02 1.37631e-02 1.32702e-02 1.28117e-02 1.23857e-02 1.19842e-02 1.15989e-02 1.12254e-02 1.08638e-02 1.05189e-02 1.01994e-02 9.91580e-03 9.67467e-03 9.47230e-03 9.29536e-03 9.12873e-03 8.96319e-03 8.79677e-03 8.63126e-03 8.46850e-03 8.30901e-03 8.15228e-03 7.99764e-03 7.84484e-03 7.69415e-03 7.54605e-03 7.40074e-03 7.25754e-03 7.11460e-03 6.96888e-03 6.81668e-03 6.65451e-03 6.47988e-03 6.29198e-03 6.09192e-03 5.88269e-03 5.66889e-03 5.45636e-03 5.25161e-03 5.06118e-03 4.89096e-03 4.74552e-03 4.62741e-03 4.53656e-03 4.46981e-03 4.42094e-03 4.38137e-03 4.34178e-03 4.29429e-03 4.23487e-03 4.16445e-03 4.08690e-03 4.00446e-03 3.91622e-03 3.82315e-03 3.73210e-03 3.65141e-03 3.58371e-03 3.52461e-03 3.46717e-03 3.40607e-03 3.33864e-03 3.26372e-03 3.18067e-03 3.08914e-03 2.98965e-03 2.88404e-03 2.77524e-03 2.66647e-03 2.56022e-03 2.45780e-03 2.35957e-03 2.26522e-03 2.17373e-03 2.08302e-03 1.99018e-03 1.89253e-03 1.78885e-03 1.67995e-03 1.56816e-03 1.45641e-03 1.34732e-03 1.24264e-03 1.14321e-03 1.04908e-03 9.59912e-04 8.75240e-04 7.94769e-04 7.18476e-04 6.46573e-04 5.79341e-04 5.16886e-04 4.58927e-04 4.04715e-04 3.53127e-04 3.02980e-04 2.53443e-04 2.04331e-04 1.56090e-04 1.09845e-04 6.80236e-05 3.46870e-05 1.33696e-05 3.52276e-06 5.74228e-07 5.17984e-08 1.11236e-09
9.230738 2.21334e-02 3.85832e-02 3.53808e-02 3.39215e-02 3.36002e-02 3.32064e-02 3.18988e-02 2.95771e-02 2.67503e-02 2.40257e-02 2.17414e-02 1.99669e-02 1.86593e-02 1.77516e-02 1.71556e-02 1.67578e-02 1.64413e-02 1.61155e-02 1.57324e-02 1.52834e-02 1.47862e-02 1.42696e-02 1.37608e-02 1.32787e-02 1.28302e-02 1.24124e-02 1.20173e-02 1.16370e-02 1.12673e-02 1.09085e-02 1.05655e-02 1.02475e-02 9.96524e-03 9.72437e-03 9.51995e-03 9.33864e-03 9.16699e-03 8.99796e-03 8.83075e-03 8.66701e-03 8.50774e-03 8.35249e-03 8.19998e-03 8.04899e-03 7.89892e-03 7.74983e-03 7.60217e-03 7.45628e-03 7.31177e-03 7.16704e-03 7.01929e-03 6.86499e-03 6.70072e-03 6.52404e-03 6.33421e-03 6.13241e-03 5.92179e-03 5.70714e-03 5.49445e-03 5.29030e-03 5.10115e-03 4.93268e-03 4.78902e-03 4.67220e-03 4.58151e-03 4.51315e-03 4.46037e-03 4.41434e-03 4.36595e-03 4.30829e-03 4.23903e-03 4.16105e-03 4.07960e-03 3.99699e-03 3.91126e-03 3.82186e-03 3.73424e-03 3.65583e-03 3.58900e-03 3.52983e-03 3.47208e-03 3.41110e-03 3.34457e-03 3.27152e-03 3.19125e-03 3.10320e-03 3.00752e-03 2.90555e-03 2.79981e-03 2.69327e-03 2.58849e-03 2.48705e-03 2.38961e-03 2.29602e-03 2.20504e-03 2.11413e-03 2.02002e-03 1.91997e-03 1.81304e-03 1.70047e-03 1.58503e-03 1.46995e-03 1.35797e-03 1.25085e-03 1.14934e-03 1.05339e-03 9.62545e-04 8.76278e-04 7.94241e-04 7.16402e-04 6.42997e-04 5.74359e-04 5.10669e-04 4.51733e-04 3.96880e-04 3.45051e-04 2.95086e-04 2.46132e-04 1.97942e-04 1.50890e-04 1.06021e-04 6.56181e-05 3.34917e-05 1.29511e-05 3.43760e-06 5.68601e-07 5.23317e-08 1.13526e-09
9.280634 2.15075e-02 3.80937e-02 3.52919e-02 3.38816e-02 3.35002e-02 3.30321e-02 3.16604e-02 2.93120e-02 2.64980e-02 2.38062e-02 2.15610e-02 1.98312e-02 1.85742e-02 1.77149e-02 1.71541e-02 1.67724e-02 1.64557e-02 1.61219e-02 1.57308e-02 1.52786e-02 1.47842e-02 1.42750e-02 1.37761e-02 1.33042e-02 1.28646e-02 1.24540e-02 1.20646e-02 1.16887e-02 1.13224e-02 1.09663e-02 1.06256e-02 1.03098e-02 1.00293e-02 9.78858e-03 9.58150e-03 9.39508e-03 9.21791e-03 9.04509e-03 8.87682e-03 8.71446e-03 8.55813e-03 8.40649e-03 8.25759e-03 8.10974e-03 7.96197e-03 7.81415e-03 7.66671e-03 7.52008e-03 7.37409e-03 7.22740e-03 7.07742e-03 6.92076e-03 6.75413e-03 6.57521e-03 6.38333e-03 6.17981e-03 5.96793e-03 5.75263e-03 5.53999e-03 5.33655e-03 5.14864e-03 4.98160e-03 4.83911e-03 4.72260e-03 4.63075e-03 4.55922e-03 4.50094e-03 4.44707e-03 4.38905e-03 4.32118e-03 4.24281e-03 4.15850e-03 4.07432e-03 3.99229e-03 3.90927e-03 3.82331e-03 3.73865e-03 3.66199e-03 3.59567e-03 3.53629e-03 3.47836e-03 3.41778e-03 3.35252e-03 3.28166e-03 3.20442e-03 3.12000e-03 3.02816e-03 2.92982e-03 2.82712e-03 2.72286e-03 2.61966e-03 2.51940e-03 2.42301e-03 2.33033e-03 2.23985e-03 2.14858e-03 2.05295e-03 1.95025e-03 1.83987e-03 1.72352e-03 1.60440e-03 1.48599e-03 1.37114e-03 1.26158e-03 1.15796e-03 1.06012e-03 9.67508e-04 8.79509e-04 7.95741e-04 7.16168e-04 6.41063e-04 5.70820e-04 5.05700e-04 4.45598e-04 3.89926e-04 3.37690e-04 2.87757e-04 2.39257e-04 1.91879e-04 1.45923e-04 1.02347e-04 6.32912e-05 3.23272e-05 1.25407e-05 3.35395e-06 5.63278e-07 5.29154e-08 1.15964e-09
9.330530 2.13784e-02 3.78201e-02 3.51200e-02 3.37924e-02 3.33716e-02 3.28250e-02 3.13940e-02 2.90275e-02 2.62316e-02 2.35757e-02 2.13734e-02 1.96930e-02 1.84894e-02 1.76779e-02 1.71484e-02 1.67782e-02 1.64585e-02 1.61160e-02 1.57179e-02 1.52642e-02 1.47741e-02 1.42733e-02 1.37848e-02 1.33230e-02 1.28921e-02 1.24885e-02 1.21044e-02 1.17328e-02 1.13702e-02 1.10172e-02 1.06796e-02 1.03670e-02 1.00892e-02 9.84892e-03 9.63905e-03 9.44733e-03 9.26466e-03 9.08821e-03 8.91894e-03 8.75779e-03 8.60407e-03 8.45564e-03 8.30998e-03 8.16497e-03 8.01935e-03 7.87280e-03 7.72568e-03 7.57852e-03 7.43129e-03 7.28284e-03 7.13076e-03 6.97185e-03 6.80297e-03 6.62194e-03 6.42827e-03 6.22341e-03 6.01076e-03 5.79532e-03 5.58318e-03 5.38078e-03 5.19420e-03 5.02839e-03 4.88654e-03 4.76949e-03 4.67534e-03 4.59934e-03 4.53426e-03 4.47156e-03 4.40350e-03 4.32572e-03 4.23918e-03 4.14974e-03 4.06385e-03 3.98292e-03 3.90265e-03 3.81988e-03 3.73788e-03 3.66273e-03 3.59681e-03 3.53728e-03 3.47940e-03 3.41956e-03 3.35594e-03 3.28761e-03 3.21365e-03 3.13302e-03 3.04514e-03 2.95053e-03 2.85102e-03 2.74926e-03 2.64798e-03 2.54928e-03 2.45430e-03 2.36280e-03 2.27292e-03 2.18125e-03 2.08400e-03 1.97860e-03 1.86484e-03 1.74488e-03 1.62233e-03 1.50088e-03 1.38345e-03 1.27172e-03 1.16621e-03 1.06666e-03 9.72393e-04 8.82731e-04 7.97263e-04 7.15960e-04 6.39137e-04 5.67258e-04 5.00670e-04 4.39359e-04 3.82825e-04 3.30140e-04 2.80208e-04 2.32145e-04 1.85587e-04 1.40751e-04 9.85043e-05 6.08381e-05 3.10841e-05 1.20943e-05 3.25980e-06 5.56267e-07 5.33712e-08 1.18169e-09
9.380426 2.14499e-02 3.78436e-02 3.50413e-02 3.36909e-02 3.32264e-02 3.26002e-02 3.11087e-02 2.87273e-02 2.59531e-02 2.33363e-02 2.11810e-02 1.95542e-02 1.84061e-02 1.76404e-02 1.71379e-02 1.67750e-02 1.64500e-02 1.60985e-02 1.56945e-02 1.52408e-02 1.47561e-02 1.42644e-02 1.37863e-02 1.33344e-02 1.29119e-02 1.25148e-02 1.21358e-02 1.17685e-02 1.14095e-02 1.10602e-02 1.07263e-02 1.04178e-02 1.01433e-02 9.90374e-03 9.69099e-03 9.49399e-03 9.30604e-03 9.12621e-03 8.95595e-03 8.79578e-03 8.64423e-03 8.49851e-03 8.35562e-03 8.21309e-03 8.06940e-03 7.92406e-03 7.77737e-03 7.62989e-03 7.48167e-03 7.33168e-03 7.17767e-03 7.01662e-03 6.84561e-03 6.66271e-03 6.46757e-03 6.26182e-03 6.04891e-03 5.83386e-03 5.62264e-03 5.42152e-03 5.23626e-03 5.07138e-03 4.92954e-03 4.81103e-03 4.71349e-03 4.63188e-03 4.55904e-03 4.48695e-03 4.40888e-03 4.32187e-03 4.22830e-03 4.13491e-03 4.04817e-03 3.96869e-03 3.89112e-03 3.81134e-03 3.73177e-03 3.65801e-03 3.59249e-03 3.53298e-03 3.47542e-03 3.41668e-03 3.35506e-03 3.28957e-03 3.21913e-03 3.14247e-03 3.05870e-03 2.96800e-03 2.87189e-03 2.77292e-03 2.67392e-03 2.57717e-03 2.48392e-03 2.39379e-03 2.30454e-03 2.21242e-03 2.11351e-03 2.00545e-03 1.88845e-03 1.76513e-03 1.63944e-03 1.51527e-03 1.39555e-03 1.28189e-03 1.17470e-03 1.07358e-03 9.77750e-04 8.86472e-04 7.99311e-04 7.16259e-04 6.37678e-04 5.64108e-04 4.95989e-04 4.33404e-04 3.75940e-04 3.22744e-04 2.72757e-04 2.25092e-04 1.79326e-04 1.35597e-04 9.46675e-05 5.83821e-05 2.98334e-05 1.16418e-05 3.16303e-06 5.48673e-07 5.37657e-08 1.20242e-09
9.430322 2.16621e-02 3.79329e-02 3.50011e-02 3.35958e-02 3.30665e-02 3.23579e-02 3.08055e-02 2.84108e-02 2.56617e-02 2.30884e-02 2.09854e-02 1.94165e-02 1.83246e-02 1.76022e-02 1.71223e-02 1.67634e-02 1.64320e-02 1.60724e-02 1.56643e-02 1.52122e-02 1.47343e-02 1.42523e-02 1.37849e-02 1.33428e-02 1.29286e-02 1.25380e-02 1.21641e-02 1.18011e-02 1.14462e-02 1.11008e-02 1.07714e-02 1.04676e-02 1.01967e-02 9.95782e-03 9.74215e-03 9.54010e-03 9.34730e-03 9.16438e-03 8.99310e-03 8.83354e-03 8.68361e-03 8.54002e-03 8.39936e-03 8.25889e-03 8.11688e-03 7.97269e-03 7.82654e-03 7.67894e-03 7.52996e-03 7.37862e-03 7.22282e-03 7.05975e-03 6.88678e-03 6.70221e-03 6.50595e-03 6.29970e-03 6.08695e-03 5.87260e-03 5.66248e-03 5.46256e-03 5.27825e-03 5.11365e-03 4.97092e-03 4.84990e-03 4.74784e-03 4.65962e-03 4.57831e-03 4.49660e-03 4.40888e-03 4.31351e-03 4.21400e-03 4.11762e-03 4.03057e-03 3.95265e-03 3.87760e-03 3.80053e-03 3.72315e-03 3.65062e-03 3.58547e-03 3.52609e-03 3.46909e-03 3.41171e-03 3.35235e-03 3.28993e-03 3.22319e-03 3.15063e-03 3.07108e-03 2.98441e-03 2.89189e-03 2.79597e-03 2.69953e-03 2.60501e-03 2.51368e-03 2.42498e-03 2.33630e-03 2.24361e-03 2.14296e-03 2.03225e-03 1.91214e-03 1.78566e-03 1.65707e-03 1.53040e-03 1.40859e-03 1.29317e-03 1.18441e-03 1.08178e-03 9.84406e-04 8.91491e-04 8.02586e-04 7.17706e-04 6.37271e-04 5.61904e-04 4.92142e-04 4.28170e-04 3.69669e-04 3.15860e-04 2.65729e-04 2.18381e-04 1.73341e-04 1.30658e-04 9.09893e-05 5.60265e-05 2.86327e-05 1.12068e-05 3.06994e-06 5.41412e-07 5.41604e-08 1.22289e-09
9.480218 2.16790e-02 3.79517e-02 3.49491e-02 3.34835e-02 3.28894e-02 3.21027e-02 3.04939e-02 2.80888e-02 2.53678e-02 2.28422e-02 2.07962e-02 1.92883e-02 1.82520e-02 1.75688e-02 1.71074e-02 1.67501e-02 1.64121e-02 1.60459e-02 1.56357e-02 1.51870e-02 1.47168e-02 1.42451e-02 1.37883e-02 1.33560e-02 1.29498e-02 1.25656e-02 1.21971e-02 1.18386e-02 1.14879e-02 1.11469e-02 1.08223e-02 1.05235e-02 1.02563e-02 1.00179e-02 9.79933e-03 9.59266e-03 9.39553e-03 9.20974e-03 9.03727e-03 8.87783e-03 8.72888e-03 8.58676e-03 8.44778e-03 8.30897e-03 8.16842e-03 8.02536e-03 7.87987e-03 7.73236e-03 7.58284e-03 7.43035e-03 7.27289e-03 7.10793e-03 6.93313e-03 6.74712e-03 6.54999e-03 6.34350e-03 6.13109e-03 5.91750e-03 5.70829e-03 5.50914e-03 5.32509e-03 5.15982e-03 5.01510e-03 4.89040e-03 4.78275e-03 4.68706e-03 4.59679e-03 4.50545e-03 4.40854e-03 4.30562e-03 4.20107e-03 4.10236e-03 4.01524e-03 3.93874e-03 3.86591e-03 3.79120e-03 3.71573e-03 3.64423e-03 3.57939e-03 3.52019e-03 3.46388e-03 3.40804e-03 3.35110e-03 3.29187e-03 3.22889e-03 3.16047e-03 3.08517e-03 3.00259e-03 2.91376e-03 2.82103e-03 2.72731e-03 2.63516e-03 2.54579e-03 2.45842e-03 2.37014e-03 2.27669e-03 2.17417e-03 2.06079e-03 1.93761e-03 1.80809e-03 1.67672e-03 1.54767e-03 1.42386e-03 1.30672e-03 1.19640e-03 1.09222e-03 9.93226e-04 8.98571e-04 8.07794e-04 7.20937e-04 6.38485e-04 5.61151e-04 4.89575e-04 4.24048e-04 3.64351e-04 3.09783e-04 2.59371e-04 2.12220e-04 1.67800e-04 1.26066e-04 8.75636e-05 5.38318e-05 2.75143e-05 1.08023e-05 2.98405e-06 5.35039e-07 5.46006e-08 1.24399e-09
9.530114 2.13068e-02 3.77162e-02 3.48873e-02 3.33849e-02 3.27197e-02 3.18616e-02 3.02033e-02 2.77891e-02 2.50950e-02 2.26175e-02 2.06303e-02 1.91838e-02 1.82005e-02 1.75522e-02 1.71049e-02 1.67468e-02 1.64019e-02 1.60298e-02 1.56183e-02 1.51734e-02 1.47110e-02 1.42490e-02 1.38022e-02 1.33788e-02 1.29801e-02 1.26019e-02 1.22382e-02 1.18840e-02 1.15373e-02 1.12005e-02 1.08808e-02 1.05869e-02 1.03230e-02 1.00849e-02 9.86356e-03 9.65268e-03 9.45163e-03 9.26312e-03 9.08917e-03 8.92925e-03 8.78055e-03 8.63917e-03 8.50122e-03 8.36357e-03 8.22418e-03 8.08211e-03 7.93731e-03 7.79001e-03 7.64008e-03 7.48650e-03 7.32743e-03 7.16060e-03 6.98404e-03 6.79669e-03 6.59884e-03 6.39227e-03 6.18029e-03 5.96741e-03 5.75890e-03 5.56010e-03 5.37567e-03 5.20894e-03 5.06133e-03 4.93203e-03 4.81800e-03 4.71428e-03 4.61483e-03 4.51403e-03 4.40849e-03 4.29881e-03 4.18996e-03 4.08939e-03 4.00231e-03 3.92707e-03 3.85618e-03 3.78360e-03 3.70986e-03 3.63934e-03 3.57487e-03 3.51599e-03 3.46054e-03 3.40640e-03 3.35203e-03 3.29608e-03 3.23693e-03 3.17269e-03 3.10169e-03 3.02326e-03 2.93822e-03 2.84881e-03 2.75796e-03 2.66824e-03 2.58081e-03 2.49468e-03 2.40663e-03 2.31229e-03 2.20786e-03 2.09187e-03 1.96576e-03 1.83334e-03 1.69933e-03 1.56798e-03 1.44222e-03 1.32335e-03 1.21140e-03 1.10559e-03 1.00487e-03 9.08325e-04 8.15504e-04 7.26481e-04 6.41806e-04 5.62287e-04 4.88674e-04 4.21374e-04 3.60273e-04 3.04748e-04 2.53878e-04 2.06763e-04 1.62818e-04 1.21904e-04 8.44483e-05 5.18351e-05 2.64989e-05 1.04373e-05 2.90806e-06 5.30075e-07 5.51413e-08 1.26698e-09
9.580010 2.11528e-02 3.75066e-02 3.47816e-02 3.32818e-02 3.25402e-02 3.16070e-02 2.99053e-02 2.74883e-02 2.48251e-02 2.23993e-02 2.04740e-02 1.90896e-02 1.81569e-02 1.75392e-02 1.71025e-02 1.67419e-02 1.63900e-02 1.60128e-02 1.56008e-02 1.51602e-02 1.47055e-02 1.42528e-02 1.38154e-02 1.34004e-02 1.30087e-02 1.26362e-02 1.22771e-02 1.19269e-02 1.15839e-02 1.12513e-02 1.09365e-02 1.06475e-02 1.03868e-02 1.01489e-02 9.92510e-03 9.71065e-03 9.50633e-03 9.31540e-03 9.13990e-03 8.97914e-03 8.83016e-03 8.68896e-03 8.55155e-03 8.41471e-03 8.27627e-03 8.13517e-03 7.99114e-03 7.84421e-03 7.69402e-03 7.53949e-03 7.37888e-03 7.21026e-03 7.03204e-03 6.84352e-03 6.64513e-03 6.43866e-03 6.22725e-03 6.01514e-03 5.80726e-03 5.60858e-03 5.42340e-03 5.25471e-03 5.10364e-03 4.96918e-03 4.84829e-03 4.73624e-03 4.62759e-03 4.51761e-03 4.40401e-03 4.28826e-03 4.17575e-03 4.07371e-03 3.98677e-03 3.91265e-03 3.84346e-03 3.77281e-03 3.70075e-03 3.63129e-03 3.56738e-03 3.50905e-03 3.45466e-03 3.40237e-03 3.35068e-03 3.29807e-03 3.24276e-03 3.18267e-03 3.11595e-03 3.04169e-03 2.96053e-03 2.87458e-03 2.78674e-03 2.69957e-03 2.61413e-03 2.52919e-03 2.44132e-03 2.34607e-03 2.23983e-03 2.12143e-03 1.99270e-03 1.85772e-03 1.72141e-03 1.58809e-03 1.46062e-03 1.34024e-03 1.22682e-03 1.11949e-03 1.01710e-03 9.18706e-04 8.23853e-04 7.32652e-04 6.45723e-04 5.63970e-04 4.88258e-04 4.19111e-04 3.56525e-04 2.99965e-04 2.48562e-04 2.01419e-04 1.57904e-04 1.17780e-04 8.13505e-05 4.98427e-05 2.54806e-05 1.00682e-05 2.82984e-06 5.24490e-07 5.56003e-08 1.28798e-09
9.629905 2.11692e-02 3.74859e-02 3.47043e-02 3.31700e-02 3.23558e-02 3.13419e-02 2.95960e-02 2.71809e-02 2.45544e-02 2.21855e-02 2.03255e-02 1.90033e-02 1.81182e-02 1.75270e-02 1.70978e-02 1.67334e-02 1.63749e-02 1.59934e-02 1.55816e-02 1.51455e-02 1.46981e-02 1.42542e-02 1.38256e-02 1.34186e-02 1.30335e-02 1.26663e-02 1.23116e-02 1.19651e-02 1.16258e-02 1.12972e-02 1.09872e-02 1.07029e-02 1.04451e-02 1.02073e-02 9.98149e-03 9.76420e-03 9.55730e-03 9.36436e-03 9.18736e-03 9.02550e-03 8.87581e-03 8.73431e-03 8.59701e-03 8.46066e-03 8.32298e-03 8.18277e-03 8.03954e-03 7.89303e-03 7.74263e-03 7.58716e-03 7.42504e-03 7.25466e-03 7.07487e-03 6.88527e-03 6.68649e-03 6.48026e-03 6.26952e-03 6.05821e-03 5.85090e-03 5.65216e-03 5.46596e-03 5.29494e-03 5.13999e-03 4.99999e-03 4.87192e-03 4.75141e-03 4.63367e-03 4.51489e-03 4.39380e-03 4.27263e-03 4.15703e-03 4.05389e-03 3.96716e-03 3.89405e-03 3.82638e-03 3.75753e-03 3.68713e-03 3.61888e-03 3.55575e-03 3.49822e-03 3.44509e-03 3.39482e-03 3.34586e-03 3.29661e-03 3.24509e-03 3.18909e-03 3.12656e-03 3.05645e-03 2.97919e-03 2.89679e-03 2.81209e-03 2.72758e-03 2.64415e-03 2.56037e-03 2.47265e-03 2.37654e-03 2.26864e-03 2.14811e-03 2.01712e-03 1.88000e-03 1.74182e-03 1.60690e-03 1.47807e-03 1.35644e-03 1.24178e-03 1.13309e-03 1.02916e-03 9.29027e-04 8.32220e-04 7.38898e-04 6.49754e-04 5.65787e-04 4.87978e-04 4.16971e-04 3.52872e-04 2.95243e-04 2.43270e-04 1.96071e-04 1.52967e-04 1.13626e-04 7.82248e-05 4.78271e-05 2.44451e-05 9.68916e-06 2.74763e-06 5.17889e-07 5.59270e-08 1.30571e-09
9.679801 2.12245e-02 3.75199e-02 3.46743e-02 3.30714e-02 3.21755e-02 3.10794e-02 2.92864e-02 2.68734e-02 2.42870e-02 2.19791e-02 2.01869e-02 1.89261e-02 1.80849e-02 1.75163e-02 1.70920e-02 1.67233e-02 1.63585e-02 1.59735e-02 1.55622e-02 1.51305e-02 1.46901e-02 1.42545e-02 1.38342e-02 1.34347e-02 1.30559e-02 1.26939e-02 1.23434e-02 1.20005e-02 1.16646e-02 1.13400e-02 1.10345e-02 1.07545e-02 1.04992e-02 1.02615e-02 1.00340e-02 9.81467e-03 9.60590e-03 9.41139e-03 9.23295e-03 9.06978e-03 8.91902e-03 8.77680e-03 8.63923e-03 8.50305e-03 8.36595e-03 8.22653e-03 8.08407e-03 7.93796e-03 7.78733e-03 7.63091e-03 7.46727e-03 7.29519e-03 7.11392e-03 6.92341e-03 6.72438e-03 6.51853e-03 6.30855e-03 6.09807e-03 5.89124e-03 5.69229e-03 5.50478e-03 5.33110e-03 5.17191e-03 5.02605e-03 4.89064e-03 4.76168e-03 4.63511e-03 4.50805e-03 4.38013e-03 4.25422e-03 4.13605e-03 4.03208e-03 3.94562e-03 3.87341e-03 3.80712e-03 3.73998e-03 3.67128e-03 3.60435e-03 3.54223e-03 3.48572e-03 3.43407e-03 3.38592e-03 3.33978e-03 3.29389e-03 3.24614e-03 3.19416e-03 3.13579e-03 3.06979e-03 2.99647e-03 2.91769e-03 2.83620e-03 2.75437e-03 2.67294e-03 2.59028e-03 2.50270e-03 2.40582e-03 2.29646e-03 2.17412e-03 2.04124e-03 1.90236e-03 1.76263e-03 1.62639e-03 1.49638e-03 1.37364e-03 1.25782e-03 1.14782e-03 1.04239e-03 9.40510e-04 8.41736e-04 7.46261e-04 6.54852e-04 5.68603e-04 4.88611e-04 4.15643e-04 3.49926e-04 2.91118e-04 2.38471e-04 1.91120e-04 1.48342e-04 1.09712e-04 7.52733e-05 4.59242e-05 2.34688e-05 9.33235e-06 2.67044e-06 5.11765e-07 5.62503e-08 1.32283e-09
9.729697 2.13706e-02 3.75560e-02 3.46119e-02 3.29551e-02 3.19791e-02 3.08027e-02 2.89649e-02 2.65570e-02 2.40155e-02 2.17737e-02 2.00516e-02 1.88509e-02 1.80503e-02 1.75009e-02 1.70802e-02 1.67073e-02 1.63373e-02 1.59499e-02 1.55401e-02 1.51131e-02 1.46800e-02 1.42526e-02 1.38405e-02 1.34485e-02 1.30762e-02 1.27197e-02 1.23738e-02 1.20347e-02 1.17024e-02 1.13818e-02 1.10807e-02 1.08046e-02 1.05514e-02 1.03139e-02 1.00854e-02 9.86482e-03 9.65498e-03 9.45936e-03 9.27966e-03 9.11512e-03 8.96305e-03 8.81984e-03 8.68177e-03 8.54561e-03 8.40900e-03 8.27038e-03 8.12870e-03 7.98304e-03 7.83223e-03 7.67493e-03 7.50991e-03 7.33631e-03 7.15377e-03 6.96254e-03 6.76344e-03 6.55808e-03 6.34891e-03 6.13918e-03 5.93268e-03 5.73322e-03 5.54404e-03 5.36726e-03 5.20342e-03 5.05134e-03 4.90837e-03 4.77099e-03 4.63585e-03 4.50096e-03 4.36676e-03 4.23660e-03 4.11618e-03 4.01148e-03 3.92520e-03 3.85372e-03 3.78865e-03 3.72309e-03 3.65601e-03 3.59044e-03 3.52943e-03 3.47408e-03 3.42399e-03 3.37803e-03 3.33468e-03 3.29210e-03 3.24802e-03 3.19996e-03 3.14564e-03 3.08368e-03 3.01426e-03 2.93909e-03 2.86079e-03 2.78160e-03 2.70209e-03 2.62047e-03 2.53301e-03 2.43544e-03 2.32483e-03 2.20095e-03 2.06648e-03 1.92611e-03 1.78505e-03 1.64763e-03 1.51655e-03 1.39272e-03 1.27573e-03 1.16441e-03 1.05742e-03 9.53742e-04 8.52930e-04 7.55220e-04 6.61445e-04 5.72799e-04 4.90493e-04 4.15423e-04 3.47940e-04 2.87807e-04 2.34347e-04 1.86716e-04 1.44152e-04 1.06132e-04 7.25650e-05 4.41795e-05 2.25766e-05 9.00821e-06 2.60124e-06 5.06630e-07 5.66167e-08 1.34034e-09
9.779593 2.13727e-02 3.75996e-02 3.45617e-02 3.28168e-02 3.17686e-02 3.05215e-02 2.86445e-02 2.62450e-02 2.37514e-02 2.15782e-02 1.99267e-02 1.87837e-02 1.80201e-02 1.74871e-02 1.70685e-02 1.66916e-02 1.63173e-02 1.59282e-02 1.55201e-02 1.50980e-02 1.46718e-02 1.42523e-02 1.38482e-02 1.34636e-02 1.30979e-02 1.27469e-02 1.24057e-02 1.20704e-02 1.17417e-02 1.14248e-02 1.11277e-02 1.08548e-02 1.06034e-02 1.03659e-02 1.01370e-02 9.91601e-03 9.70579e-03 9.50955e-03 9.32882e-03 9.16289e-03 9.00936e-03 8.86490e-03 8.72604e-03 8.58966e-03 8.45335e-03 8.31535e-03 8.17432e-03 8.02896e-03 7.87786e-03 7.71963e-03 7.55323e-03 7.37817e-03 7.19447e-03 7.00262e-03 6.80354e-03 6.59872e-03 6.39035e-03 6.18134e-03 5.97504e-03 5.77490e-03 5.58381e-03 5.40366e-03 5.23488e-03 5.07636e-03 4.92572e-03 4.77999e-03 4.63656e-03 4.49425e-03 4.35424e-03 4.22023e-03 4.09780e-03 3.99241e-03 3.90623e-03 3.83532e-03 3.77131e-03 3.70722e-03 3.64173e-03 3.57758e-03 3.51780e-03 3.46375e-03 3.41532e-03 3.37155e-03 3.33096e-03 3.29158e-03 3.25104e-03 3.20675e-03 3.15633e-03 3.09830e-03 3.03270e-03 2.96109e-03 2.88596e-03 2.80936e-03 2.73170e-03 2.65107e-03 2.56374e-03 2.46560e-03 2.35396e-03 2.22883e-03 2.09308e-03 1.95150e-03 1.80932e-03 1.67086e-03 1.53875e-03 1.41385e-03 1.29568e-03 1.18298e-03 1.07438e-03 9.68840e-04 8.65915e-04 7.65879e-04 6.69633e-04 5.78465e-04 4.93706e-04 4.16382e-04 3.46974e-04 2.85357e-04 2.30932e-04 1.82881e-04 1.40406e-04 1.02888e-04 7.00988e-05 4.25907e-05 2.17671e-05 8.71628e-06 2.54005e-06 5.02534e-07 5.70374e-08 1.35853e-09
9.829489 2.11641e-02 3.74956e-02 3.45398e-02 3.27068e-02 3.15645e-02 3.02502e-02 2.83410e-02 2.59535e-02 2.35096e-02 2.14056e-02 1.98234e-02 1.87349e-02 1.80041e-02 1.74843e-02 1.70664e-02 1.66851e-02 1.63066e-02 1.59157e-02 1.55091e-02 1.50912e-02 1.46711e-02 1.42588e-02 1.38620e-02 1.34843e-02 1.31247e-02 1.27790e-02 1.24419e-02 1.21101e-02 1.17843e-02 1.14706e-02 1.11768e-02 1.09064e-02 1.06560e-02 1.04186e-02 1.01895e-02 9.96865e-03 9.75862e-03 9.56224e-03 9.38077e-03 9.21355e-03 9.05845e-03 8.91250e-03 8.77252e-03 8.63556e-03 8.49918e-03 8.36145e-03 8.22069e-03 8.07527e-03 7.92353e-03 7.76408e-03 7.59611e-03 7.41946e-03 7.23452e-03 7.04199e-03 6.84287e-03 6.63856e-03 6.43098e-03 6.22266e-03 6.01656e-03 5.81570e-03 5.62263e-03 5.43901e-03 5.26517e-03 5.10012e-03 4.94182e-03 4.78788e-03 4.63642e-03 4.48708e-03 4.34165e-03 4.20410e-03 4.07985e-03 3.97385e-03 3.88771e-03 3.81727e-03 3.75419e-03 3.69150e-03 3.62760e-03 3.56497e-03 3.50658e-03 3.45400e-03 3.40733e-03 3.36578e-03 3.32786e-03 3.29154e-03 3.25434e-03 3.21359e-03 3.16684e-03 3.11254e-03 3.05061e-03 2.98248e-03 2.91043e-03 2.83635e-03 2.76047e-03 2.68080e-03 2.59364e-03 2.49507e-03 2.38264e-03 2.25657e-03 2.11986e-03 1.97738e-03 1.83434e-03 1.69502e-03 1.56202e-03 1.43613e-03 1.31681e-03 1.20275e-03 1.09254e-03 9.85121e-04 8.80060e-04 7.77666e-04 6.78903e-04 5.85151e-04 4.97857e-04 4.18181e-04 3.46736e-04 2.83516e-04 2.28007e-04 1.79424e-04 1.36941e-04 9.98465e-05 6.77692e-05 4.10857e-05 2.09998e-05 8.43977e-06 2.48224e-06 4.98735e-07 5.74504e-08 1.37614e-09
9.879385 2.10049e-02 3.73141e-02 3.44665e-02 3.26139e-02 3.13736e-02 2.99826e-02 2.80444e-02 2.56753e-02 2.32857e-02 2.12527e-02 1.97385e-02 1.87009e-02 1.79990e-02 1.74893e-02 1.70705e-02 1.66843e-02 1.63013e-02 1.59085e-02 1.55030e-02 1.50888e-02 1.46742e-02 1.42684e-02 1.38784e-02 1.35072e-02 1.31533e-02 1.28124e-02 1.24791e-02 1.21501e-02 1.18268e-02 1.15157e-02 1.12244e-02 1.09558e-02 1.07060e-02 1.04686e-02 1.02398e-02 1.00195e-02 9.81035e-03 9.61443e-03 9.43268e-03 9.26445e-03 9.10786e-03 8.96033e-03 8.81903e-03 8.68121e-03 8.54444e-03 8.40663e-03 8.26577e-03 8.11990e-03 7.96717e-03 7.80623e-03 7.63648e-03 7.45812e-03 7.27185e-03 7.07861e-03 6.87945e-03 6.67566e-03 6.46893e-03 6.26139e-03 6.05558e-03 5.85407e-03 5.65907e-03 5.47196e-03 5.29303e-03 5.12143e-03 4.95551e-03 4.79350e-03 4.63428e-03 4.47826e-03 4.32776e-03 4.18698e-03 4.06110e-03 3.95456e-03 3.86846e-03 3.79840e-03 3.73615e-03 3.67477e-03 3.61246e-03 3.55145e-03 3.49464e-03 3.44369e-03 3.39889e-03 3.35954e-03 3.32418e-03 3.29072e-03 3.25661e-03 3.21910e-03 3.17572e-03 3.12487e-03 3.06639e-03 3.00158e-03 2.93251e-03 2.86086e-03 2.78669e-03 2.70793e-03 2.62100e-03 2.52213e-03 2.40914e-03 2.28244e-03 2.14514e-03 2.00210e-03 1.85852e-03 1.71861e-03 1.58492e-03 1.45819e-03 1.33783e-03 1.22250e-03 1.11076e-03 1.00153e-03 8.94398e-04 7.89700e-04 6.88465e-04 5.92159e-04 5.02344e-04 4.20309e-04 3.46800e-04 2.81933e-04 2.25284e-04 1.76112e-04 1.33571e-04 9.68617e-05 6.54712e-05 3.95957e-05 2.02372e-05 8.16305e-06 2.42332e-06 4.94412e-07 5.77720e-08 1.39125e-09
9.929281 2.09802e-02 3.72663e-02 3.43877e-02 3.25071e-02 3.11908e-02 2.97211e-02 2.77512e-02 2.54034e-02 2.30721e-02 2.11119e-02 1.96644e-02 1.86743e-02 1.79973e-02 1.74952e-02 1.70741e-02 1.66824e-02 1.62948e-02 1.58999e-02 1.54951e-02 1.50840e-02 1.46745e-02 1.42748e-02 1.38913e-02 1.35262e-02 1.31778e-02 1.28414e-02 1.25114e-02 1.21847e-02 1.18635e-02 1.15545e-02 1.12651e-02 1.09976e-02 1.07481e-02 1.05108e-02 1.02826e-02 1.00637e-02 9.85604e-03 9.66124e-03 9.47979e-03 9.31094e-03 9.15306e-03 9.00395e-03 8.86117e-03 8.72224e-03 8.58479e-03 8.44653e-03 8.30520e-03 8.15850e-03 8.00447e-03 7.84179e-03 7.67014e-03 7.49004e-03 7.30249e-03 7.10865e-03 6.90962e-03 6.70658e-03 6.50095e-03 6.29449e-03 6.08925e-03 5.88736e-03 5.69063e-03 5.50020e-03 5.31630e-03 5.13828e-03 4.96496e-03 4.79522e-03 4.62869e-03 4.46647e-03 4.31138e-03 4.16774e-03 4.04047e-03 3.93353e-03 3.84748e-03 3.77777e-03 3.71629e-03 3.65621e-03 3.59555e-03 3.53629e-03 3.48124e-03 3.43210e-03 3.38927e-03 3.35213e-03 3.31924e-03 3.28848e-03 3.25722e-03 3.22271e-03 3.18245e-03 3.13486e-03 3.07968e-03 3.01808e-03 2.95192e-03 2.88266e-03 2.81018e-03 2.73240e-03 2.64581e-03 2.54691e-03 2.43370e-03 2.30677e-03 2.16928e-03 2.02607e-03 1.88226e-03 1.74202e-03 1.60782e-03 1.48039e-03 1.35909e-03 1.24257e-03 1.12937e-03 1.01840e-03 9.09254e-04 8.02303e-04 6.98629e-04 5.99787e-04 5.07445e-04 4.23022e-04 3.47400e-04 2.80817e-04 2.22949e-04 1.73107e-04 1.30432e-04 9.40442e-05 6.32885e-05 3.81780e-05 1.95121e-05 7.90027e-06 2.36740e-06 4.90284e-07 5.80684e-08 1.40530e-09
9.979177 2.13844e-02 3.75132e-02 3.43587e-02 3.23719e-02 3.09779e-02 2.94377e-02 2.74384e-02 2.51155e-02 2.28472e-02 2.09627e-02 1.95815e-02 1.86362e-02 1.79817e-02 1.74855e-02 1.70618e-02 1.66651e-02 1.62734e-02 1.58769e-02 1.54732e-02 1.50657e-02 1.46614e-02 1.42681e-02 1.38912e-02 1.35326e-02 1.31900e-02 1.28582e-02 1.25316e-02 1.22074e-02 1.18882e-02 1.15811e-02 1.12934e-02 1.10267e-02 1.07775e-02 1.05407e-02 1.03139e-02 1.00971e-02 9.89180e-03 9.69891e-03 9.51843e-03 9.34949e-03 9.19064e-03 9.04009e-03 8.89581e-03 8.75563e-03 8.61726e-03 8.47829e-03 8.33619e-03 8.18844e-03 8.03293e-03 7.86848e-03 7.69501e-03 7.51336e-03 7.32480e-03 7.13067e-03 6.93211e-03 6.73020e-03 6.52607e-03 6.32107e-03 6.11677e-03 5.91481e-03 5.71660e-03 5.52305e-03 5.33438e-03 5.15019e-03 4.96979e-03 4.79274e-03 4.61940e-03 4.45149e-03 4.29227e-03 4.14610e-03 4.01766e-03 3.91037e-03 3.82437e-03 3.75496e-03 3.69421e-03 3.63539e-03 3.57640e-03 3.51897e-03 3.46579e-03 3.41857e-03 3.37776e-03 3.34280e-03 3.31227e-03 3.28401e-03 3.25539e-03 3.22363e-03 3.18628e-03 3.14175e-03 3.08975e-03 3.03127e-03 2.96798e-03 2.90108e-03 2.83032e-03 2.75360e-03 2.66757e-03 2.56891e-03 2.45586e-03 2.32913e-03 2.19188e-03 2.04889e-03 1.90520e-03 1.76488e-03 1.63039e-03 1.50240e-03 1.38030e-03 1.26270e-03 1.14814e-03 1.03552e-03 9.24450e-04 8.15324e-04 7.09277e-04 6.07939e-04 5.13090e-04 4.26273e-04 3.48506e-04 2.80157e-04 2.21005e-04 1.70419e-04 1.27538e-04 9.14086e-05 6.12344e-05 3.68430e-05 1.88309e-05 7.65435e-06 2.31527e-06 4.86455e-07 5.83443e-08 1.41830e-09
10.000121 2.15552e-02 3.76454e-02 3.43626e-02 3.23137e-02 3.08822e-02 2.93144e-02 2.73047e-02 2.49934e-02 2.27526e-02 2.09002e-02 1.95463e-02 1.86189e-02 1.79730e-02 1.74790e-02 1.70542e-02 1.66555e-02 1.62624e-02 1.58655e-02 1.54624e-02 1.50564e-02 1.46545e-02 1.42639e-02 1.38900e-02 1.35342e-02 1.31940e-02 1.28642e-02 1.25391e-02 1.22160e-02 1.18976e-02 1.15913e-02 1.13041e-02 1.10377e-02 1.07886e-02 1.05522e-02 1.03260e-02 1.01104e-02 9.90630e-03 9.71441e-03 9.53451e-03 9.36566e-03 9.20648e-03 9.05535e-03 8.91042e-03 8.76964e-03 8.63079e-03 8.49143e-03 8.34891e-03 8.20062e-03 8.04445e-03 7.87924e-03 7.70503e-03 7.52277e-03 7.33385e-03 7.13966e-03 6.94138e-03 6.74001e-03 6.53657e-03 6.33224e-03 6.12838e-03 5.92642e-03 5.72762e-03 5.53277e-03 5.34210e-03 5.15534e-03 4.97202e-03 4.79197e-03 4.61586e-03 4.44566e-03 4.28476e-03 4.13757e-03 4.00863e-03 3.90118e-03 3.81515e-03 3.74583e-03 3.68535e-03 3.62703e-03 3.56871e-03 3.51204e-03 3.45964e-03 3.41323e-03 3.37326e-03 3.33918e-03 3.30958e-03 3.28230e-03 3.25470e-03 3.22402e-03 3.18781e-03 3.14449e-03 3.09376e-03 3.03655e-03 2.97441e-03 2.90848e-03 2.83844e-03 2.76217e-03 2.67640e-03 2.57791e-03 2.46501e-03 2.33844e-03 2.20138e-03 2.05856e-03 1.91497e-03 1.77467e-03 1.64007e-03 1.51188e-03 1.38944e-03 1.27139e-03 1.15627e-03 1.04297e-03 9.31094e-04 8.21058e-04 7.14013e-04 6.11622e-04 5.15709e-04 4.27870e-04 3.49182e-04 2.80066e-04 2.20345e-04 1.69417e-04 1.26421e-04 9.03737e-05 6.04218e-05 3.63138e-05 1.85613e-05 7.55740e-06 2.29490e-06 4.85018e-07 5.84639e-08 1.42369e-09
